state,action,next_state,reward
"0.0,0.0,0.0,2.8652207e-07,0.005789075,0.993462,0.03491228,-0.06403509,0.2237676","-0.8851595,-0.40259242,0.95933294","-0.084526315,-0.0553544,0.10306178,0.02427875,-0.0006036277,0.981659,0.03491228,-0.06403509,0.2237676",0.0
"-0.084526315,-0.0553544,0.10306178,0.02427875,-0.0006036277,0.981659,0.03491228,-0.06403509,0.2237676","-0.73519933,-0.18059742,0.9594977","-0.15473253,-0.080185644,0.20614128,0.099089295,-0.04581114,0.9407524,0.03491228,-0.06403509,0.2237676",0.0
"-0.15473253,-0.080185644,0.20614128,0.099089295,-0.04581114,0.9407524,0.03491228,-0.06403509,0.2237676","-0.5673591,-0.1617521,0.9586301","-0.20891123,-0.10242575,0.30912754,0.1532535,-0.110731214,0.8691803,0.03491228,-0.06403509,0.2237676",0.0
"-0.20891123,-0.10242575,0.30912754,0.1532535,-0.110731214,0.8691803,0.03491228,-0.06403509,0.2237676","-0.34182703,-0.24434894,0.9462197","-0.24155325,-0.13602251,0.4107806,0.17176889,-0.15490828,0.7791135,0.03491228,-0.06403509,0.2237676",0.0
"-0.24155325,-0.13602251,0.4107806,0.17176889,-0.15490828,0.7791135,0.03491228,-0.06403509,0.2237676","-0.0395419,-0.45954543,0.9338951","-0.24532923,-0.19920766,0.51110965,0.15515216,-0.14259523,0.68859375,0.03491228,-0.06403509,0.2237676",0.0
"-0.24532923,-0.19920766,0.51110965,0.15515216,-0.14259523,0.68859375,0.03491228,-0.06403509,0.2237676","-0.14622146,-0.4604023,0.9286356","-0.25929233,-0.26251063,0.6108736,0.13118726,-0.13064262,0.58324224,0.03491228,-0.06403509,0.2237676",0.0
"-0.25929233,-0.26251063,0.6108736,0.13118726,-0.13064262,0.58324224,0.03491228,-0.06403509,0.2237676","-0.2722007,-0.5507103,0.9156437","-0.28528553,-0.3382305,0.7092418,0.092484236,-0.10638219,0.4709433,0.03491228,-0.06403509,0.2237676",0.0
"-0.28528553,-0.3382305,0.7092418,0.092484236,-0.10638219,0.4709433,0.03491228,-0.06403509,0.2237676","-0.3507501,-0.52988577,0.8874972","-0.3187796,-0.41108707,0.80458623,0.059699457,-0.08253945,0.34925866,0.03491228,-0.06403509,0.2237676",0.0
"-0.3187796,-0.41108707,0.80458623,0.059699457,-0.08253945,0.34925866,0.03491228,-0.06403509,0.2237676","-0.4412316,-0.42532194,0.69508433","-0.36091402,-0.4695667,0.87925965,0.036080096,-0.06356894,0.24703212,0.03491228,-0.06403509,0.2237676",0.0
"-0.36091402,-0.4695667,0.87925965,0.036080096,-0.06356894,0.24703212,0.03491228,-0.06403509,0.2237676","-0.28116024,-0.04750967,0.14313209","-0.38776278,-0.47609907,0.8946365,0.029968427,-0.06467622,0.22436672,0.03491228,-0.06403509,0.2237676",0.0
"0.0,0.0,0.0,2.8652207e-07,0.005789075,0.993462,0.08456141,-0.14,0.62760717","-0.7952573,-0.036363363,0.9364134","-0.0759413,-0.0049997848,0.100599505,0.12572534,-0.024619743,0.97317564,0.08456141,-0.14,0.62760717",0.0
"-0.0759413,-0.0049997848,0.100599505,0.12572534,-0.024619743,0.97317564,0.08456141,-0.14,0.62760717","-0.66584426,-0.24286956,0.9228115","-0.13952461,-0.038393117,0.19973777,0.17166716,-0.07407409,0.9298975,0.08456141,-0.14,0.62760717",0.0
"-0.13952461,-0.038393117,0.19973777,0.17166716,-0.07407409,0.9298975,0.08456141,-0.14,0.62760717","-0.40076816,-0.36761922,0.90750337","-0.17779508,-0.08893889,0.2972315,0.17410003,-0.10197663,0.87381196,0.08456141,-0.14,0.62760717",0.0
"-0.17779508,-0.08893889,0.2972315,0.17410003,-0.10197663,0.87381196,0.08456141,-0.14,0.62760717","-0.47499657,-0.35581303,0.8720963","-0.22315383,-0.13786137,0.39092144,0.16349393,-0.13042954,0.8027754,0.08456141,-0.14,0.62760717",0.0
"-0.22315383,-0.13786137,0.39092144,0.16349393,-0.13042954,0.8027754,0.08456141,-0.14,0.62760717","-0.6219744,-0.40826428,0.8372841","-0.2825479,-0.19399564,0.48087144,0.12738653,-0.14734727,0.7245663,0.08456141,-0.14,0.62760717",0.0
"-0.2825479,-0.19399564,0.48087144,0.12738653,-0.14734727,0.7245663,0.08456141,-0.14,0.62760717","-0.5314383,-0.3557012,0.6237314","-0.3332964,-0.24290274,0.54787934,0.09049035,-0.14511655,0.66072816,0.08456141,-0.14,0.62760717",0.0
"-0.3332964,-0.24290274,0.54787934,0.09049035,-0.14511655,0.66072816,0.08456141,-0.14,0.62760717","-0.10324764,-0.119927466,0.25762773","-0.3431558,-0.25939217,0.5755565,0.08388245,-0.14399323,0.6306918,0.08456141,-0.14,0.62760717",0.0
"0.0,0.0,0.0,2.8652207e-07,0.005789075,0.993462,0.4269006,-0.0057894737,0.7237781","-0.14394295,0.46362782,0.95403385","-0.013745504,0.06374644,0.10249247,0.2747992,-0.006079257,0.9383307,0.4269006,-0.0057894737,0.7237781",0.0
"-0.013745504,0.06374644,0.10249247,0.2747992,-0.006079257,0.9383307,0.4269006,-0.0057894737,0.7237781","0.123242974,0.13377571,0.8981706","-0.001976692,0.08213991,0.19898352,0.4233668,0.0031601724,0.8403458,0.4269006,-0.0057894737,0.7237781",0.0
"-0.001976692,0.08213991,0.19898352,0.4233668,0.0031601724,0.8403458,0.4269006,-0.0057894737,0.7237781","-0.14619988,-0.28255844,0.8654233","-0.015937718,0.043289572,0.2919565,0.4410144,-0.01630333,0.7752047,0.4269006,-0.0057894737,0.7237781",0.0
"-0.015937718,0.043289572,0.2919565,0.4410144,-0.01630333,0.7752047,0.4269006,-0.0057894737,0.7237781","0.024528027,-0.23816252,0.5009937","-0.01359547,0.010543443,0.34577864,0.42884886,-0.012533395,0.7417002,0.4269006,-0.0057894737,0.7237781",0.0
"0.0,0.0,0.0,2.8652207e-07,0.005789075,0.993462,-0.06853802,-0.060643274,0.51554936","0.90307665,-0.64857924,0.9436848","0.08623725,-0.08917633,0.10138068,-0.05101204,-0.008160533,0.9808485,-0.06853802,-0.060643274,0.51554936",0.0
"0.08623725,-0.08917633,0.10138068,-0.05101204,-0.008160533,0.9808485,-0.06853802,-0.060643274,0.51554936","0.8172673,-0.64027,0.94291425","0.16428033,-0.1772102,0.2026786,-0.08735975,-0.042911764,0.9437148,-0.06853802,-0.060643274,0.51554936",0.0
"0.16428033,-0.1772102,0.2026786,-0.08735975,-0.042911764,0.9437148,-0.06853802,-0.060643274,0.51554936","0.42951262,-0.5665262,0.9417274","0.20529565,-0.2551047,0.30384904,-0.097127855,-0.06582273,0.88642716,-0.06853802,-0.060643274,0.51554936",0.0
"0.20529565,-0.2551047,0.30384904,-0.097127855,-0.06582273,0.88642716,-0.06853802,-0.060643274,0.51554936","0.08185327,-0.5423974,0.9405482","0.21311204,-0.32968158,0.4048928,-0.10213613,-0.073453784,0.80996716,-0.06853802,-0.060643274,0.51554936",0.0
"0.21311204,-0.32968158,0.4048928,-0.10213613,-0.073453784,0.80996716,-0.06853802,-0.060643274,0.51554936","0.044579268,-0.542107,0.93897367","0.21736905,-0.40421855,0.5057674,-0.10337215,-0.076625064,0.7153729,-0.06853802,-0.060643274,0.51554936",0.0
"0.21736905,-0.40421855,0.5057674,-0.10337215,-0.076625064,0.7153729,-0.06853802,-0.060643274,0.51554936","0.2525189,-0.4751848,0.9209286","0.24148276,-0.46955407,0.6047034,-0.08675998,-0.074260585,0.60921395,-0.06853802,-0.060643274,0.51554936",0.0
"0.24148276,-0.46955407,0.6047034,-0.08675998,-0.074260585,0.60921395,-0.06853802,-0.060643274,0.51554936","0.04922259,-0.29133433,0.6659025","0.24618316,-0.5096111,0.6762418,-0.07033448,-0.06057696,0.5255038,-0.06853802,-0.060643274,0.51554936",0.0
"0.0,0.0,0.0,2.8652207e-07,0.005789075,0.993462,-0.030350879,-0.29637426,0.5737357","-0.9358555,0.3162068,0.9121399","-0.08936741,0.043476805,0.09799177,0.21963544,-0.05731196,0.95345235,-0.030350879,-0.29637426,0.5737357",0.0
"-0.08936741,0.043476805,0.09799177,0.21963544,-0.05731196,0.95345235,-0.030350879,-0.29637426,0.5737357","-0.91160065,-0.11692816,0.9081794","-0.17641865,0.027399778,0.19555809,0.27026895,-0.16047463,0.89297724,-0.030350879,-0.29637426,0.5737357",0.0
"-0.17641865,0.027399778,0.19555809,0.27026895,-0.16047463,0.89297724,-0.030350879,-0.29637426,0.5737357","-0.92349285,-0.27989656,0.8514972","-0.26460552,-0.011084569,0.28703502,0.23257005,-0.24636641,0.832743,-0.030350879,-0.29637426,0.5737357",0.0
"-0.26460552,-0.011084569,0.28703502,0.23257005,-0.24636641,0.832743,-0.030350879,-0.29637426,0.5737357","-0.91378903,-0.32386255,0.8314483","-0.35186574,-0.055614017,0.3763581,0.15814884,-0.3020359,0.76475966,-0.030350879,-0.29637426,0.5737357",0.0
"-0.35186574,-0.055614017,0.3763581,0.15814884,-0.3020359,0.76475966,-0.030350879,-0.29637426,0.5737357","-0.8813988,-0.3012584,0.8155241","-0.43603295,-0.09703551,0.46397045,0.0731507,-0.33009732,0.6836762,-0.030350879,-0.29637426,0.5737357",0.0
"-0.43603295,-0.09703551,0.46397045,0.0731507,-0.33009732,0.6836762,-0.030350879,-0.29637426,0.5737357","-0.7590685,-0.3099972,0.69804096","-0.50851846,-0.13965856,0.5389615,-0.0027182163,-0.31786153,0.6114099,-0.030350879,-0.29637426,0.5737357",0.0
"-0.50851846,-0.13965856,0.5389615,-0.0027182163,-0.31786153,0.6114099,-0.030350879,-0.29637426,0.5737357","-0.3320768,-0.13521278,0.29682136","-0.5402294,-0.15824963,0.57084924,-0.032961354,-0.30533257,0.57876444,-0.030350879,-0.29637426,0.5737357",0.0
"0.0,0.0,0.0,2.8652207e-07,0.005789075,0.993462,-0.026783627,0.030409357,0.52215254","-0.7954539,-0.7077348,0.9560548","-0.075960085,-0.09730992,0.10270961,-0.06365345,0.021443088,0.97950643,-0.026783627,0.030409357,0.52215254",0.0
"-0.075960085,-0.09730992,0.10270961,-0.06365345,0.021443088,0.97950643,-0.026783627,0.030409357,0.52215254","-0.7115556,-0.48936856,0.95509696","-0.1439085,-0.1645956,0.20531632,-0.058085732,0.034644973,0.9454414,-0.026783627,0.030409357,0.52215254",0.0
"-0.1439085,-0.1645956,0.20531632,-0.058085732,0.034644973,0.9454414,-0.026783627,0.030409357,0.52215254","-0.4248793,-0.40522242,0.9512627","-0.18448143,-0.22031164,0.30751115,-0.033603057,0.028913964,0.89138794,-0.026783627,0.030409357,0.52215254",0.0
"-0.18448143,-0.22031164,0.30751115,-0.033603057,0.028913964,0.89138794,-0.026783627,0.030409357,0.52215254","-0.32262874,-0.49589092,0.94986296","-0.21529013,-0.28849414,0.4095556,-0.03145862,0.032673843,0.81529325,-0.026783627,0.030409357,0.52215254",0.0
"-0.21529013,-0.28849414,0.4095556,-0.03145862,0.032673843,0.81529325,-0.026783627,0.030409357,0.52215254","0.030676246,-0.531997,0.94307995","-0.21236077,-0.36164105,0.51087135,-0.038120728,0.037394237,0.7204143,-0.026783627,0.030409357,0.52215254",0.0
"-0.21236077,-0.36164105,0.51087135,-0.038120728,0.037394237,0.7204143,-0.026783627,0.030409357,0.52215254","0.11720753,-0.51502246,0.91214633","-0.2011683,-0.43245402,0.60886383,-0.042440474,0.038248617,0.6127123,-0.026783627,0.030409357,0.52215254",0.0
"-0.2011683,-0.43245402,0.60886383,-0.042440474,0.038248617,0.6127123,-0.026783627,0.030409357,0.52215254","0.011651397,-0.2952816,0.657547","-0.20005567,-0.47305375,0.6795046,-0.031799242,0.030268824,0.52784824,-0.026783627,0.030409357,0.52215254",0.0
"0.0,0.0,0.0,2.8652207e-07,0.005789075,0.993462,0.2928655,0.05473684,0.5737357","0.47622943,0.09971893,0.96816874","0.045476455,0.013710832,0.104011,0.16965856,0.030253861,0.9647742,0.2928655,0.05473684,0.5737357",0.0
"0.045476455,0.013710832,0.104011,0.16965856,0.030253861,0.9647742,0.2928655,0.05473684,0.5737357","0.39175892,-0.1465078,0.9620478","0.08288659,-0.00643325,0.20736444,0.2505018,0.07273637,0.9065272,0.2928655,0.05473684,0.5737357",0.0
"0.08288659,-0.00643325,0.20736444,0.2505018,0.07273637,0.9065272,0.2928655,0.05473684,0.5737357","0.06702125,-0.13550168,0.94789886","0.08928663,-0.025064047,0.30919787,0.3200175,0.098221235,0.8195783,0.2928655,0.05473684,0.5737357",0.0
"0.08928663,-0.025064047,0.30919787,0.3200175,0.098221235,0.8195783,0.2928655,0.05473684,0.5737357","-0.09950721,-0.31514645,0.93671703","0.07978441,-0.06839508,0.40983,0.333723,0.09142055,0.73260486,0.2928655,0.05473684,0.5737357",0.0
"0.07978441,-0.06839508,0.40983,0.333723,0.09142055,0.73260486,0.2928655,0.05473684,0.5737357","-0.0837965,-0.45191634,0.91182995","0.07178245,-0.13053128,0.50778854,0.3047968,0.075864084,0.6491053,0.2928655,0.05473684,0.5737357",0.0
"0.07178245,-0.13053128,0.50778854,0.3047968,0.075864084,0.6491053,0.2928655,0.05473684,0.5737357","-0.07320166,-0.30596423,0.61919045","0.06479221,-0.1725998,0.57430863,0.28190333,0.064098746,0.5840939,0.2928655,0.05473684,0.5737357",0.0
"0.0,0.0,0.0,2.8652207e-07,0.005789075,0.993462,-0.31099418,-0.0057894737,0.5664788","-0.09814334,-0.96185094,0.8054229","-0.009371989,-0.13224958,0.086527124,-0.16383322,0.010616656,0.9700066,-0.31099418,-0.0057894737,0.5664788",0.0
"-0.009371989,-0.13224958,0.086527124,-0.16383322,0.010616656,0.9700066,-0.31099418,-0.0057894737,0.5664788","-0.18865424,-0.86799383,0.92988706","-0.027387109,-0.25159433,0.18642552,-0.2705205,0.029143637,0.91206735,-0.31099418,-0.0057894737,0.5664788",0.0
"-0.027387109,-0.25159433,0.18642552,-0.2705205,0.029143637,0.91206735,-0.31099418,-0.0057894737,0.5664788","-0.024048507,-0.76795167,0.91936255","-0.029683571,-0.35718375,0.2851933,-0.33675244,0.037309203,0.8339337,-0.31099418,-0.0057894737,0.5664788",0.0
"-0.029683571,-0.35718375,0.2851933,-0.33675244,0.037309203,0.8339337,-0.31099418,-0.0057894737,0.5664788","0.1175729,-0.6693506,0.91810036","-0.018456217,-0.44921607,0.38382548,-0.36370376,0.026910936,0.74632794,-0.31099418,-0.0057894737,0.5664788",0.0
"-0.018456217,-0.44921607,0.38382548,-0.36370376,0.026910936,0.74632794,-0.31099418,-0.0057894737,0.5664788","0.22768462,-0.58216345,0.89319694","0.0032860097,-0.52926064,0.47978228,-0.36007473,0.0020720582,0.654727,-0.31099418,-0.0057894737,0.5664788",0.0
"0.0032860097,-0.52926064,0.47978228,-0.36007473,0.0020720582,0.654727,-0.31099418,-0.0057894737,0.5664788","0.11973071,-0.31685954,0.7108182","0.014719422,-0.5728272,0.5561459,-0.3195642,-0.008992568,0.5897994,-0.31099418,-0.0057894737,0.5664788",0.0
"0.014719422,-0.5728272,0.5561459,-0.3195642,-0.008992568,0.5897994,-0.31099418,-0.0057894737,0.5664788","0.01595974,-0.11386293,0.20995665","0.01624346,-0.5884828,0.57870173,-0.31088632,-0.010081589,0.5667616,-0.31099418,-0.0057894737,0.5664788",0.0
"0.0,0.0,0.0,2.8652207e-07,0.005789075,0.993462,-0.10643275,0.12415204,0.62760717","-0.7911309,-0.95255864,0.92543304","-0.07554728,-0.13097192,0.0994199,-0.13798694,0.039334822,0.9710397,-0.10643275,0.12415204,0.62760717",0.0
"-0.07554728,-0.13097192,0.0994199,-0.13798694,0.039334822,0.9710397,-0.10643275,0.12415204,0.62760717","-0.7713445,-0.8758814,0.9326731","-0.14920509,-0.25140116,0.19961761,-0.22328976,0.11955962,0.9123914,-0.10643275,0.12415204,0.62760717",0.0
"-0.14920509,-0.25140116,0.19961761,-0.22328976,0.11955962,0.9123914,-0.10643275,0.12415204,0.62760717","-0.6042572,-0.52182233,0.9442868","-0.20690727,-0.32314909,0.301063,-0.1976199,0.15750976,0.8566036,-0.10643275,0.12415204,0.62760717",0.0
"-0.20690727,-0.32314909,0.301063,-0.1976199,0.15750976,0.8566036,-0.10643275,0.12415204,0.62760717","-0.21799403,-0.49778748,0.94108176","-0.22772412,-0.39159235,0.40216407,-0.17734352,0.16177987,0.7837387,-0.10643275,0.12415204,0.62760717",0.0
"-0.22772412,-0.39159235,0.40216407,-0.17734352,0.16177987,0.7837387,-0.10643275,0.12415204,0.62760717","0.04232514,-0.42828608,0.913072","-0.22368239,-0.45047954,0.50025606,-0.15652384,0.14015424,0.70017225,-0.10643275,0.12415204,0.62760717",0.0
"-0.22368239,-0.45047954,0.50025606,-0.15652384,0.14015424,0.70017225,-0.10643275,0.12415204,0.62760717","-0.19555247,-0.17866957,0.6149123","-0.24235623,-0.4750457,0.56631655,-0.11624167,0.1187867,0.64137864,-0.10643275,0.12415204,0.62760717",0.0
"0.0,0.0,0.0,2.8652207e-07,0.005789075,0.993462,-0.044619884,0.057660818,0.2237676","-0.83424354,-0.7930665,0.94361806","-0.07966421,-0.109042585,0.10137351,-0.08952822,0.028861696,0.97732997,-0.044619884,0.057660818,0.2237676",0.0
"-0.07966421,-0.109042585,0.10137351,-0.08952822,0.028861696,0.97732997,-0.044619884,0.057660818,0.2237676","-0.7833481,-0.7228377,0.9574412","-0.15446827,-0.20842907,0.20423207,-0.13830942,0.07948049,0.9335852,-0.044619884,0.057660818,0.2237676",0.0
"-0.15446827,-0.20842907,0.20423207,-0.13830942,0.07948049,0.9335852,-0.044619884,0.057660818,0.2237676","-0.5415268,-0.607272,0.95802367","-0.20618016,-0.2919259,0.30715322,-0.1435606,0.11588291,0.87156695,-0.044619884,0.057660818,0.2237676",0.0
"-0.20618016,-0.2919259,0.30715322,-0.1435606,0.11588291,0.87156695,-0.044619884,0.057660818,0.2237676","-0.26470363,-0.53240514,0.95280194","-0.23145744,-0.3651289,0.40951344,-0.13312633,0.12620372,0.7939292,-0.044619884,0.057660818,0.2237676",0.0
"-0.23145744,-0.3651289,0.40951344,-0.13312633,0.12620372,0.7939292,-0.044619884,0.057660818,0.2237676","-0.1760993,-0.51505697,0.944587","-0.24827364,-0.43594667,0.5109911,-0.11912578,0.12598433,0.69975466,-0.044619884,0.057660818,0.2237676",0.0
"-0.24827364,-0.43594667,0.5109911,-0.11912578,0.12598433,0.69975466,-0.044619884,0.057660818,0.2237676","0.050574183,-0.6181054,0.9404669","-0.24344419,-0.52093303,0.61202604,-0.12402773,0.1270451,0.5842921,-0.044619884,0.057660818,0.2237676",0.0
"-0.24344419,-0.52093303,0.61202604,-0.12402773,0.1270451,0.5842921,-0.044619884,0.057660818,0.2237676","0.00032234192,-0.49909115,0.9406713","-0.2434134,-0.5895555,0.71308297,-0.10444927,0.108237065,0.46281773,-0.044619884,0.057660818,0.2237676",0.0
"-0.2434134,-0.5895555,0.71308297,-0.10444927,0.108237065,0.46281773,-0.044619884,0.057660818,0.2237676","-0.043312192,-0.45257342,0.9364698","-0.2475494,-0.6517821,0.8136886,-0.07647265,0.08342952,0.33274382,-0.044619884,0.057660818,0.2237676",0.0
"-0.2475494,-0.6517821,0.8136886,-0.07647265,0.08342952,0.33274382,-0.044619884,0.057660818,0.2237676","-0.0870949,-0.2885393,0.7294862","-0.25586632,-0.6914548,0.89205784,-0.04946517,0.059665594,0.22658469,-0.044619884,0.057660818,0.2237676",0.0
"0.0,0.0,0.0,2.8652207e-07,0.005789075,0.993462,-0.024912281,-0.026725145,0.3823091","0.33871257,-0.68952113,0.9568393","0.03234458,-0.09480563,0.10279388,-0.061706457,-0.0004727829,0.9798883,-0.024912281,-0.026725145,0.3823091",0.0
"0.03234458,-0.09480563,0.10279388,-0.061706457,-0.0004727829,0.9798883,-0.024912281,-0.026725145,0.3823091","0.34479594,-0.47014523,0.9483713","0.06527007,-0.15944822,0.20467806,-0.05753921,-0.0060538426,0.94644237,-0.024912281,-0.026725145,0.3823091",0.0
"0.06527007,-0.15944822,0.20467806,-0.05753921,-0.0060538426,0.94644237,-0.024912281,-0.026725145,0.3823091","0.17612362,-0.35187423,0.95345163","0.08208859,-0.20782915,0.30710804,-0.02068507,0.00053116976,0.89259964,-0.024912281,-0.026725145,0.3823091",0.0
"0.08208859,-0.20782915,0.30710804,-0.02068507,0.00053116976,0.89259964,-0.024912281,-0.026725145,0.3823091","0.38522696,-0.5353098,0.94960535","0.11887496,-0.28143153,0.40912482,-0.032498926,-0.006516796,0.8162966,-0.024912281,-0.026725145,0.3823091",0.0
"0.11887496,-0.28143153,0.40912482,-0.032498926,-0.006516796,0.8162966,-0.024912281,-0.026725145,0.3823091","0.47874582,-0.5307225,0.9471326","0.16459171,-0.3544032,0.51087594,-0.038702365,-0.015349952,0.7212425,-0.024912281,-0.026725145,0.3823091",0.0
"0.16459171,-0.3544032,0.51087594,-0.038702365,-0.015349952,0.7212425,-0.024912281,-0.026725145,0.3823091","0.471421,-0.52759415,0.9441979","0.209609,-0.42694473,0.6123118,-0.03955572,-0.02328536,0.6096631,-0.024912281,-0.026725145,0.3823091",0.0
"0.209609,-0.42694473,0.6123118,-0.03955572,-0.02328536,0.6096631,-0.024912281,-0.026725145,0.3823091","0.42485452,-0.57320243,0.9343102","0.25017953,-0.50575715,0.7126854,-0.042040918,-0.03389671,0.48417047,-0.024912281,-0.026725145,0.3823091",0.0
"0.25017953,-0.50575715,0.7126854,-0.042040918,-0.03389671,0.48417047,-0.024912281,-0.026725145,0.3823091","0.49084342,-0.36190915,0.7111473","0.29705152,-0.55551785,0.7890845,-0.031017384,-0.032145135,0.38201985,-0.024912281,-0.026725145,0.3823091",0.0
"0.0,0.0,0.0,2.8652207e-07,0.005789075,0.993462,-0.06678363,-0.0057894737,0.37832105","-0.1374259,-0.73720974,0.9595034","-0.01312319,-0.10136256,0.103080094,-0.074777186,0.0088786455,0.9787638,-0.06678363,-0.0057894737,0.37832105",0.0
"-0.01312319,-0.10136256,0.103080094,-0.074777186,0.0088786455,0.9787638,-0.06678363,-0.0057894737,0.37832105","-0.03766811,-0.5777962,0.9497931","-0.016720233,-0.1808066,0.20511702,-0.10081035,0.0110974545,0.9421675,-0.06678363,-0.0057894737,0.37832105",0.0
"-0.016720233,-0.1808066,0.20511702,-0.10081035,0.0110974545,0.9421675,-0.06678363,-0.0057894737,0.37832105","-0.022363067,-0.43399704,0.94943774","-0.018855756,-0.24047902,0.3071158,-0.0836549,0.01076062,0.88845164,-0.06678363,-0.0057894737,0.37832105",0.0
"-0.018855756,-0.24047902,0.3071158,-0.0836549,0.01076062,0.88845164,-0.06678363,-0.0057894737,0.37832105","0.12469518,-0.47145706,0.95363116","-0.0069482788,-0.305302,0.40956503,-0.075406805,0.0074367207,0.81281495,-0.06678363,-0.0057894737,0.37832105",0.0
"-0.0069482788,-0.305302,0.40956503,-0.075406805,0.0074367207,0.81281495,-0.06678363,-0.0057894737,0.37832105","0.27490473,-0.6370214,0.9481348","0.01930312,-0.3928892,0.5114238,-0.10356309,-0.00048820474,0.71395767,-0.06678363,-0.0057894737,0.37832105",0.0
"0.01930312,-0.3928892,0.5114238,-0.10356309,-0.00048820474,0.71395767,-0.06678363,-0.0057894737,0.37832105","0.38441396,-0.64448154,0.9441235","0.05601186,-0.48150215,0.6128516,-0.12104072,-0.015641632,0.5979518,-0.06678363,-0.0057894737,0.37832105",0.0
"0.05601186,-0.48150215,0.6128516,-0.12104072,-0.015641632,0.5979518,-0.06678363,-0.0057894737,0.37832105","0.30601454,-0.5132451,0.9292799","0.08523402,-0.5520708,0.7126848,-0.105444916,-0.02292667,0.47504395,-0.06678363,-0.0057894737,0.37832105",0.0
"0.08523402,-0.5520708,0.7126848,-0.105444916,-0.02292667,0.47504395,-0.06678363,-0.0057894737,0.37832105","-0.15996826,-0.23885798,0.7018949","0.06995822,-0.5849126,0.78808993,-0.07319017,-0.010417885,0.37905872,-0.06678363,-0.0057894737,0.37832105",0.0
"0.0,0.0,0.0,2.8652207e-07,0.005789075,0.993462,-0.040994152,-0.42497075,0.7237781","-0.94911915,0.4815899,0.791769","-0.09063399,0.06621613,0.085060254,0.24879439,-0.066787146,0.9474139,-0.040994152,-0.42497075,0.7237781",0.0
"-0.09063399,0.06621613,0.085060254,0.24879439,-0.066787146,0.9474139,-0.040994152,-0.42497075,0.7237781","-0.9678001,0.019191742,0.6509477","-0.18305187,0.0688549,0.154992,0.2962187,-0.18509597,0.89488894,-0.040994152,-0.42497075,0.7237781",0.0
"-0.18305187,0.0688549,0.154992,0.2962187,-0.18509597,0.89488894,-0.040994152,-0.42497075,0.7237781","-0.9649426,-0.1462996,0.5374409","-0.27519688,0.048739452,0.21272965,0.24758242,-0.2813256,0.8587513,-0.040994152,-0.42497075,0.7237781",0.0
"-0.27519688,0.048739452,0.21272965,0.24758242,-0.2813256,0.8587513,-0.040994152,-0.42497075,0.7237781","-0.9444483,-0.17190629,0.53294957","-0.36538482,0.025103213,0.26998478,0.1648258,-0.3521251,0.81959295,-0.040994152,-0.42497075,0.7237781",0.0
"-0.36538482,0.025103213,0.26998478,0.1648258,-0.3521251,0.81959295,-0.040994152,-0.42497075,0.7237781","-0.88470125,-0.0832113,0.4487208","-0.4498674,0.013662078,0.31819123,0.07034185,-0.40602353,0.7736073,-0.040994152,-0.42497075,0.7237781",0.0
"-0.4498674,0.013662078,0.31819123,0.07034185,-0.40602353,0.7736073,-0.040994152,-0.42497075,0.7237781","-0.65310705,-0.075739324,0.39309382","-0.5122344,0.0032483018,0.36042157,-0.010657694,-0.42776993,0.73007786,-0.040994152,-0.42497075,0.7237781",0.0
"-0.5122344,0.0032483018,0.36042157,-0.010657694,-0.42776993,0.73007786,-0.040994152,-0.42497075,0.7237781","-0.2019164,-0.038246393,0.061062574","-0.5315159,-0.0020103909,0.3669816,-0.03615182,-0.42248935,0.7268321,-0.040994152,-0.42497075,0.7237781",0.0
"0.0,0.0,0.0,2.8652207e-07,0.005789075,0.993462,-0.33725148,0.50561404,0.6657879","-0.7418083,-0.957101,0.07723117","-0.07083732,-0.13159648,0.008297015,-0.26245126,0.06532559,0.9514847,-0.33725148,0.50561404,0.6657879",0.0
"-0.07083732,-0.13159648,0.008297015,-0.26245126,0.06532559,0.9514847,-0.33725148,0.50561404,0.6657879","-0.766004,-0.8592171,0.6965561","-0.14398515,-0.24973442,0.08312852,-0.36621213,0.18439688,0.88634086,-0.33725148,0.50561404,0.6657879",0.0
"-0.14398515,-0.24973442,0.08312852,-0.36621213,0.18439688,0.88634086,-0.33725148,0.50561404,0.6657879","-0.6973685,-0.76793087,0.6384245","-0.2105788,-0.35532102,0.15171492,-0.40521914,0.32283998,0.8013907,-0.33725148,0.50561404,0.6657879",0.0
"-0.2105788,-0.35532102,0.15171492,-0.40521914,0.32283998,0.8013907,-0.33725148,0.50561404,0.6657879","-0.59164584,-0.66874516,0.6583302","-0.26707667,-0.4472701,0.2224398,-0.38519025,0.43757284,0.7158184,-0.33725148,0.50561404,0.6657879",0.0
"-0.26707667,-0.4472701,0.2224398,-0.38519025,0.43757284,0.7158184,-0.33725148,0.50561404,0.6657879","-0.34063232,-0.27317643,0.38830554","-0.2996046,-0.4848305,0.26415578,-0.34148836,0.47862715,0.68371665,-0.33725148,0.50561404,0.6657879",0.0
"-0.2996046,-0.4848305,0.26415578,-0.34148836,0.47862715,0.68371665,-0.33725148,0.50561404,0.6657879","-0.13938767,-0.1060949,0.115428686","-0.31291512,-0.49941808,0.2765564,-0.32460228,0.49761897,0.6687517,-0.33725148,0.50561404,0.6657879",0.0
"0.0,0.0,0.0,2.8652207e-07,0.005789075,0.993462,-0.38169593,-0.19999999,0.47972226","-0.292682,-0.97116345,0.7256553","-0.027949018,-0.13352999,0.07795764,-0.17753896,0.021440348,0.9686653,-0.38169593,-0.19999999,0.47972226",0.0
"-0.027949018,-0.13352999,0.07795764,-0.17753896,0.021440348,0.9686653,-0.38169593,-0.19999999,0.47972226","0.22978318,-0.9496037,0.75836587","-0.006006401,-0.26409563,0.15942942,-0.33440226,0.012100945,0.899464,-0.38169593,-0.19999999,0.47972226",0.0
"-0.006006401,-0.26409563,0.15942942,-0.33440226,0.012100945,0.899464,-0.38169593,-0.19999999,0.47972226","0.5112169,-0.90823585,0.78444314","0.042811096,-0.38897344,0.2437027,-0.4511796,-0.055208076,0.79827577,-0.38169593,-0.19999999,0.47972226",0.0
"0.042811096,-0.38897344,0.2437027,-0.4511796,-0.055208076,0.79827577,-0.38169593,-0.19999999,0.47972226","0.34995556,-0.774296,0.83965087","0.076229304,-0.4954352,0.33390698,-0.49687254,-0.115360916,0.69476205,-0.38169593,-0.19999999,0.47972226",0.0
"0.076229304,-0.4954352,0.33390698,-0.49687254,-0.115360916,0.69476205,-0.38169593,-0.19999999,0.47972226","0.28681695,-0.61445475,0.8675072","0.10361824,-0.57991964,0.42710385,-0.48275837,-0.15683745,0.6056873,-0.38169593,-0.19999999,0.47972226",0.0
"0.10361824,-0.57991964,0.42710385,-0.48275837,-0.15683745,0.6056873,-0.38169593,-0.19999999,0.47972226","0.3139764,-0.48673165,0.86305237","0.13360071,-0.6468428,0.5198221,-0.42951906,-0.18532763,0.5282805,-0.38169593,-0.19999999,0.47972226",0.0
"0.13360071,-0.6468428,0.5198221,-0.42951906,-0.18532763,0.5282805,-0.38169593,-0.19999999,0.47972226","0.205585,-0.2576074,0.5828235","0.15323259,-0.6822625,0.58243525,-0.3783081,-0.19109112,0.48106018,-0.38169593,-0.19999999,0.47972226",0.0
"0.0,0.0,0.0,2.8652207e-07,0.005789075,0.993462,-0.404269,0.07333333,0.62924165","-0.30789024,-0.9606479,0.26176918","-0.029401291,-0.13208416,0.028122053,-0.24293748,0.028317206,0.9584373,-0.404269,0.07333333,0.62924165",0.0
"-0.029401291,-0.13208416,0.028122053,-0.24293748,0.028317206,0.9584373,-0.404269,0.07333333,0.62924165","-0.35746562,-0.9079946,0.871238","-0.063536674,-0.2569288,0.12171975,-0.36364886,0.0794728,0.895348,-0.404269,0.07333333,0.62924165",0.0
"-0.063536674,-0.2569288,0.12171975,-0.36364886,0.0794728,0.895348,-0.404269,0.07333333,0.62924165","-0.17784941,-0.7383145,0.9166186","-0.08052001,-0.3584433,0.2201927,-0.41628972,0.113589965,0.8251514,-0.404269,0.07333333,0.62924165",0.0
"-0.08052001,-0.3584433,0.2201927,-0.41628972,0.113589965,0.8251514,-0.404269,0.07333333,0.62924165","0.13046813,-0.6521095,0.8960309","-0.068061255,-0.44810507,0.31645393,-0.44507694,0.10256814,0.7473184,-0.404269,0.07333333,0.62924165",0.0
"-0.068061255,-0.44810507,0.31645393,-0.44507694,0.10256814,0.7473184,-0.404269,0.07333333,0.62924165","0.16361988,-0.48821473,0.83439374","-0.052436754,-0.51523215,0.40609345,-0.4338514,0.0779929,0.6795986,-0.404269,0.07333333,0.62924165",0.0
"-0.052436754,-0.51523215,0.40609345,-0.4338514,0.0779929,0.6795986,-0.404269,0.07333333,0.62924165","0.03158748,-0.25155604,0.5132816","-0.04942038,-0.5498198,0.4612356,-0.41048598,0.07010845,0.6392,-0.404269,0.07333333,0.62924165",0.0
"0.0,0.0,0.0,2.8652207e-07,0.005789075,0.993462,-0.04912281,-0.045555554,0.37832105","0.6492529,-0.55574274,0.9530444","0.061998922,-0.07641178,0.10238619,-0.023245018,0.0013150438,0.9818361,-0.04912281,-0.045555554,0.37832105",0.0
"0.061998922,-0.07641178,0.10238619,-0.023245018,0.0013150438,0.9818361,-0.04912281,-0.045555554,0.37832105","0.57508886,-0.42980766,0.9471264","0.11691572,-0.13550815,0.20413664,-0.01001711,0.0023486407,0.94858015,-0.04912281,-0.045555554,0.37832105",0.0
"0.11691572,-0.13550815,0.20413664,-0.01001711,0.0023486407,0.94858015,-0.04912281,-0.045555554,0.37832105","0.2201376,-0.624648,0.9468223","0.13793725,-0.22139406,0.30585444,-0.046209157,-0.015000994,0.89221245,-0.04912281,-0.045555554,0.37832105",0.0
"0.13793725,-0.22139406,0.30585444,-0.046209157,-0.015000994,0.89221245,-0.04912281,-0.045555554,0.37832105","0.11946118,-0.58354235,0.94708467","0.14934492,-0.30162817,0.4076004,-0.066216946,-0.027077382,0.814886,-0.04912281,-0.045555554,0.37832105",0.0
"0.14934492,-0.30162817,0.4076004,-0.066216946,-0.027077382,0.814886,-0.04912281,-0.045555554,0.37832105","0.3227365,-0.58611107,0.9471135","0.18016392,-0.3822155,0.50934947,-0.0777608,-0.04254608,0.71822906,-0.04912281,-0.045555554,0.37832105",0.0
"0.18016392,-0.3822155,0.50934947,-0.0777608,-0.04254608,0.71822906,-0.04912281,-0.045555554,0.37832105","0.27024615,-0.60097754,0.9463453","0.20597045,-0.4648469,0.611016,-0.08369973,-0.055987805,0.60426474,-0.04912281,-0.045555554,0.37832105",0.0
"0.20597045,-0.4648469,0.611016,-0.08369973,-0.055987805,0.60426474,-0.04912281,-0.045555554,0.37832105","0.34248412,-0.5828382,0.93932176","0.2386752,-0.54498416,0.71192795,-0.07732784,-0.064101756,0.47768328,-0.04912281,-0.045555554,0.37832105",0.0
"0.2386752,-0.54498416,0.71192795,-0.07732784,-0.064101756,0.47768328,-0.04912281,-0.045555554,0.37832105","0.16313648,-0.27332914,0.70163023","0.25425357,-0.58256555,0.7873046,-0.054430507,-0.047606304,0.38045582,-0.04912281,-0.045555554,0.37832105",0.0
"0.0,0.0,0.0,2.8652207e-07,0.005789075,0.993462,0.2060234,-0.21520467,0.5737357","-0.8967159,0.36462164,0.95733833","-0.085629866,0.050133593,0.102847464,0.23973437,-0.06008905,0.9467746,0.2060234,-0.21520467,0.5737357",0.0
"-0.085629866,0.050133593,0.102847464,0.23973437,-0.06008905,0.9467746,0.2060234,-0.21520467,0.5737357","-0.79025483,-0.14139241,0.9399419","-0.16109347,0.03069286,0.20382605,0.2915453,-0.1549666,0.8828799,0.2060234,-0.21520467,0.5737357",0.0
"-0.16109347,0.03069286,0.20382605,0.2915453,-0.1549666,0.8828799,0.2060234,-0.21520467,0.5737357","-0.5180089,-0.24885142,0.91863203","-0.21055956,-0.0035229388,0.3025153,0.2935809,-0.2212164,0.8087745,0.2060234,-0.21520467,0.5737357",0.0
"-0.21055956,-0.0035229388,0.3025153,0.2935809,-0.2212164,0.8087745,0.2060234,-0.21520467,0.5737357","-0.29657376,-0.30292928,0.89260674","-0.2388802,-0.04517417,0.39840862,0.27883148,-0.2520856,0.72720814,0.2060234,-0.21520467,0.5737357",0.0
"-0.2388802,-0.04517417,0.39840862,0.27883148,-0.2520856,0.72720814,0.2060234,-0.21520467,0.5737357","-0.23335475,-0.4497211,0.8645191","-0.2611639,-0.107008524,0.49128455,0.2358398,-0.24450196,0.65371567,0.2060234,-0.21520467,0.5737357",0.0
"-0.2611639,-0.107008524,0.49128455,0.2358398,-0.24450196,0.65371567,0.2060234,-0.21520467,0.5737357","-0.07997227,-0.35858756,0.6545315","-0.26880068,-0.1563125,0.56160134,0.20721444,-0.22454484,0.59096056,0.2060234,-0.21520467,0.5737357",0.0
"-0.26880068,-0.1563125,0.56160134,0.20721444,-0.22454484,0.59096056,0.2060234,-0.21520467,0.5737357","0.021250248,-0.05652404,0.1371224","-0.26677144,-0.16408429,0.57633257,0.20600758,-0.22029196,0.57497275,0.2060234,-0.21520467,0.5737357",0.0
"0.0,0.0,0.0,2.8652207e-07,0.005789075,0.993462,0.24111111,-0.5353216,0.5930222","-0.83491147,0.88144827,0.84877574","-0.07972798,0.12119461,0.09118451,0.36685336,-0.08788246,0.9006316,0.24111111,-0.5353216,0.5930222",0.0
"-0.07972798,0.12119461,0.09118451,0.36685336,-0.08788246,0.9006316,0.24111111,-0.5353216,0.5930222","-0.95165396,0.6368928,0.77263427","-0.17060404,0.2087641,0.17418909,0.53750396,-0.31252444,0.7069645,0.24111111,-0.5353216,0.5930222",0.0
"-0.17060404,0.2087641,0.17418909,0.53750396,-0.31252444,0.7069645,0.24111111,-0.5353216,0.5930222","-0.89583445,0.013084412,0.5017973","-0.2561497,0.21056315,0.22809751,0.46446708,-0.47442147,0.6325446,0.24111111,-0.5353216,0.5930222",0.0
"-0.2561497,0.21056315,0.22809751,0.46446708,-0.47442147,0.6325446,0.24111111,-0.5353216,0.5930222","-0.8300235,-0.2814901,0.4032426","-0.33541095,0.17185973,0.27141812,0.3183475,-0.5480924,0.63311416,0.24111111,-0.5353216,0.5930222",0.0
"-0.33541095,0.17185973,0.27141812,0.3183475,-0.5480924,0.63311416,0.24111111,-0.5353216,0.5930222","-0.39365745,-0.29940104,0.5002196","-0.37300235,0.13069363,0.32515708,0.23988613,-0.5541106,0.61828077,0.24111111,-0.5353216,0.5930222",0.0
"-0.37300235,0.13069363,0.32515708,0.23988613,-0.5541106,0.61828077,0.24111111,-0.5353216,0.5930222","0.015122414,-0.11818761,0.24951196","-0.37155828,0.11444344,0.35196236,0.23847269,-0.5438235,0.6028309,0.24111111,-0.5353216,0.5930222",0.0
"0.0,0.0,0.0,2.8652207e-07,0.005789075,0.993462,0.045730997,0.15701754,0.62760717","0.8670256,-0.08663237,0.9385066","0.08279466,-0.011911515,0.10082438,0.10824494,0.03479855,0.9751206,0.045730997,0.15701754,0.62760717",0.0
"0.08279466,-0.011911515,0.10082438,0.10824494,0.03479855,0.9751206,0.045730997,0.15701754,0.62760717","0.8436729,-0.16808367,0.9255681","0.1633593,-0.035022173,0.2002588,0.16652262,0.100494176,0.9279555,0.045730997,0.15701754,0.62760717",0.0
"0.1633593,-0.035022173,0.2002588,0.16652262,0.100494176,0.9279555,0.045730997,0.15701754,0.62760717","0.84995806,-0.34514403,0.92305946","0.2445241,-0.082477726,0.2994237,0.15174928,0.15466624,0.8684555,0.045730997,0.15701754,0.62760717",0.0
"0.2445241,-0.082477726,0.2994237,0.15174928,0.15466624,0.8684555,0.045730997,0.15701754,0.62760717","0.8381789,-0.48617876,0.9204545","0.3245641,-0.14932482,0.39830878,0.09758227,0.16980731,0.80025494,0.045730997,0.15701754,0.62760717",0.0
"0.3245641,-0.14932482,0.39830878,0.09758227,0.16980731,0.80025494,0.045730997,0.15701754,0.62760717","0.6233934,-0.4423741,0.91726255","0.38409364,-0.21014902,0.49685097,0.059323676,0.17191052,0.7120735,0.045730997,0.15701754,0.62760717",0.0
"0.38409364,-0.21014902,0.49685097,0.059323676,0.17191052,0.7120735,0.045730997,0.15701754,0.62760717","0.30674636,-0.3168739,0.67849636","0.4133857,-0.25371757,0.5697423,0.040314794,0.16602479,0.6361812,0.045730997,0.15701754,0.62760717",0.0
"0.0,0.0,0.0,2.8652207e-07,0.005789075,0.993462,-0.4597661,-0.3651462,0.5930222","0.07583904,-0.9397474,0.54575646","0.0072420673,-0.12921044,0.05863099,-0.1965165,0.001318683,0.96775264,-0.4597661,-0.3651462,0.5930222",0.0
"0.0072420673,-0.12921044,0.05863099,-0.1965165,0.001318683,0.96775264,-0.4597661,-0.3651462,0.5930222","0.5636866,-0.89640504,0.6519866","0.06107004,-0.25246158,0.12867437,-0.34843183,-0.061784346,0.90152526,-0.4597661,-0.3651462,0.5930222",0.0
"0.06107004,-0.25246158,0.12867437,-0.34843183,-0.061784346,0.90152526,-0.4597661,-0.3651462,0.5930222","0.6781943,-0.8532294,0.65954244","0.12583266,-0.36977628,0.1995295,-0.44552577,-0.1796372,0.80587417,-0.4597661,-0.3651462,0.5930222",0.0
"0.12583266,-0.36977628,0.1995295,-0.44552577,-0.1796372,0.80587417,-0.4597661,-0.3651462,0.5930222","0.6880331,-0.7859036,0.7229638","0.19153483,-0.47783405,0.27719802,-0.46446705,-0.31191453,0.6994137,-0.4597661,-0.3651462,0.5930222",0.0
"0.19153483,-0.47783405,0.27719802,-0.46446705,-0.31191453,0.6994137,-0.4597661,-0.3651462,0.5930222","0.34880424,-0.5972626,0.67754805","0.2248431,-0.55995464,0.34998748,-0.44905266,-0.3755355,0.6133329,-0.4597661,-0.3651462,0.5930222",0.0
"0.2248431,-0.55995464,0.34998748,-0.44905266,-0.3755355,0.6133329,-0.4597661,-0.3651462,0.5930222","-0.0046010017,-0.14237958,0.17433727","0.22440372,-0.57953113,0.3687167,-0.45119718,-0.37629944,0.5922652,-0.4597661,-0.3651462,0.5930222",0.0
"0.0,0.0,0.0,2.8652207e-07,0.005789075,0.993462,0.062748544,0.1574269,0.49515146","0.8916296,-0.12801331,0.9575834","0.08514414,-0.017601183,0.10287381,0.09894755,0.03311971,0.97583324,0.062748544,0.1574269,0.49515146",0.0
"0.08514414,-0.017601183,0.10287381,0.09894755,0.03311971,0.97583324,0.062748544,0.1574269,0.49515146","0.8248415,-0.09257579,0.942858","0.16391051,-0.030329894,0.20416567,0.17884532,0.10785387,0.92275983,0.062748544,0.1574269,0.49515146",0.0
"0.16391051,-0.030329894,0.20416567,0.17884532,0.10785387,0.92275983,0.062748544,0.1574269,0.49515146","0.7957196,-0.32216907,0.94661045","0.23989597,-0.074626505,0.30586067,0.17006622,0.16753796,0.857827,0.062748544,0.1574269,0.49515146",0.0
"0.23989597,-0.074626505,0.30586067,0.17006622,0.16753796,0.857827,0.062748544,0.1574269,0.49515146","0.6708827,-0.5076153,0.9532863","0.30396038,-0.14442103,0.4082729,0.11896656,0.17812482,0.7865843,0.062748544,0.1574269,0.49515146",0.0
"0.30396038,-0.14442103,0.4082729,0.11896656,0.17812482,0.7865843,0.062748544,0.1574269,0.49515146","0.47951627,-0.4638772,0.9521723","0.3497507,-0.20820178,0.5105654,0.08397187,0.17721869,0.69376135,0.062748544,0.1574269,0.49515146",0.0
"0.3497507,-0.20820178,0.5105654,0.08397187,0.17721869,0.69376135,0.062748544,0.1574269,0.49515146","0.4037472,-0.42058176,0.93638325","0.38830563,-0.26602963,0.61116177,0.056575257,0.17140049,0.584404,0.062748544,0.1574269,0.49515146",0.0
"0.38830563,-0.26602963,0.61116177,0.056575257,0.17140049,0.584404,0.062748544,0.1574269,0.49515146","0.035410285,-0.26971066,0.6821486","0.39168707,-0.3031135,0.68444544,0.05160633,0.16310887,0.4942868,0.062748544,0.1574269,0.49515146",0.0
"0.0,0.0,0.0,2.8652207e-07,0.005789075,0.993462,-0.32596493,0.48830408,0.5930222","-0.6892483,-0.9705149,0.16138768","-0.06581822,-0.13344082,0.017338004,-0.2552606,0.05946174,0.9538241,-0.32596493,0.48830408,0.5930222",0.0
"-0.06581822,-0.13344082,0.017338004,-0.2552606,0.05946174,0.9538241,-0.32596493,0.48830408,0.5930222","-0.6898228,-0.9058861,0.64904904","-0.1316913,-0.25799555,0.08706579,-0.38305396,0.17450723,0.8798808,-0.32596493,0.48830408,0.5930222",0.0
"-0.1316913,-0.25799555,0.08706579,-0.38305396,0.17450723,0.8798808,-0.32596493,0.48830408,0.5930222","-0.6319302,-0.8189348,0.61930966","-0.19203605,-0.37059492,0.15359868,-0.443645,0.31269833,0.7826789,-0.32596493,0.48830408,0.5930222",0.0
"-0.19203605,-0.37059492,0.15359868,-0.443645,0.31269833,0.7826789,-0.32596493,0.48830408,0.5930222","-0.5784747,-0.7027186,0.67531395","-0.24727617,-0.46721512,0.22614813,-0.4309809,0.4317866,0.68889487,-0.32596493,0.48830408,0.5930222",0.0
"-0.24727617,-0.46721512,0.22614813,-0.4309809,0.4317866,0.68889487,-0.32596493,0.48830408,0.5930222","-0.369084,-0.37851906,0.7117717","-0.28252104,-0.5192596,0.30261427,-0.36767545,0.46085176,0.652228,-0.32596493,0.48830408,0.5930222",0.0
"-0.28252104,-0.5192596,0.30261427,-0.36767545,0.46085176,0.652228,-0.32596493,0.48830408,0.5930222","-0.13274574,-0.17696357,0.36027694","-0.29519728,-0.5435912,0.34131908,-0.33938962,0.46226,0.63326246,-0.32596493,0.48830408,0.5930222",0.0
"-0.29519728,-0.5435912,0.34131908,-0.33938962,0.46226,0.63326246,-0.32596493,0.48830408,0.5930222","-0.086628735,-0.09855288,0.12718415","-0.3034697,-0.5571417,0.35498264,-0.32789904,0.47181964,0.61912304,-0.32596493,0.48830408,0.5930222",0.0
"-0.3034697,-0.5571417,0.35498264,-0.32789904,0.47181964,0.61912304,-0.32596493,0.48830408,0.5930222","-0.0115242,-0.043258667,0.036983132","-0.30457017,-0.5630896,0.35895583,-0.32805684,0.47549123,0.61214983,-0.32596493,0.48830408,0.5930222",0.0
"-0.30457017,-0.5630896,0.35895583,-0.32805684,0.47549123,0.61214983,-0.32596493,0.48830408,0.5930222","-0.007502973,-0.017623663,0.015618205","-0.30528665,-0.56551284,0.3606338,-0.3276537,0.47718063,0.6093204,-0.32596493,0.48830408,0.5930222",0.0
"-0.30528665,-0.56551284,0.3606338,-0.3276537,0.47718063,0.6093204,-0.32596493,0.48830408,0.5930222","-0.00179106,-0.0075511336,0.0064730644","-0.3054577,-0.56655115,0.36132926,-0.32769945,0.4777878,0.6080979,-0.32596493,0.48830408,0.5930222",0.0
"0.0,0.0,0.0,2.8652207e-07,0.005789075,0.993462,0.04789474,-0.21269006,0.47566882","-0.8635549,0.12002468,0.96203935","-0.08246322,0.016502768,0.10335251,0.17283075,-0.039815027,0.9639098,0.04789474,-0.21269006,0.47566882",0.0
"-0.08246322,0.016502768,0.10335251,0.17283075,-0.039815027,0.9639098,0.04789474,-0.21269006,0.47566882","-0.8170491,-0.12889534,0.9520831","-0.16048549,-0.0012196905,0.20563543,0.23846899,-0.12496192,0.90460974,0.04789474,-0.21269006,0.47566882",0.0
"-0.16048549,-0.0012196905,0.20563543,0.23846899,-0.12496192,0.90460974,0.04789474,-0.21269006,0.47566882","-0.6178087,-0.18808281,0.93327975","-0.21948174,-0.027080126,0.3058983,0.25659576,-0.20406903,0.8249089,0.04789474,-0.21269006,0.47566882",0.0
"-0.21948174,-0.027080126,0.3058983,0.25659576,-0.20406903,0.8249089,0.04789474,-0.21269006,0.47566882","-0.6743078,-0.41217577,0.91707337","-0.28387323,-0.083752185,0.40442014,0.2029024,-0.24221687,0.75197434,0.04789474,-0.21269006,0.47566882",0.0
"-0.28387323,-0.083752185,0.40442014,0.2029024,-0.24221687,0.75197434,0.04789474,-0.21269006,0.47566882","-0.6119756,-0.41983306,0.90037894","-0.34231246,-0.1414771,0.5011485,0.14455019,-0.2553442,0.6665081,0.04789474,-0.21269006,0.47566882",0.0
"-0.34231246,-0.1414771,0.5011485,0.14455019,-0.2553442,0.6665081,0.04789474,-0.21269006,0.47566882","-0.5938888,-0.43615294,0.8795506","-0.39902452,-0.2014459,0.5956393,0.086578675,-0.2451519,0.5720726,0.04789474,-0.21269006,0.47566882",0.0
"-0.39902452,-0.2014459,0.5956393,0.086578675,-0.2451519,0.5720726,0.04789474,-0.21269006,0.47566882","-0.38213235,-0.37457526,0.6882148","-0.4355154,-0.2529481,0.6695747,0.050941348,-0.21923739,0.49233052,0.04789474,-0.21269006,0.47566882",0.0
"0.0,0.0,0.0,2.8652207e-07,0.005789075,0.993462,0.4828655,0.26789472,0.5050889","0.7011961,0.8610803,0.96977615","0.06695914,0.118394114,0.10418366,0.3775179,0.08652632,0.89291257,0.4828655,0.26789472,0.5050889",0.0
"0.06695914,0.118394114,0.10418366,0.3775179,0.08652632,0.89291257,0.4828655,0.26789472,0.5050889","0.7028408,0.5418267,0.90077233","0.13407534,0.1928925,0.2009542,0.5613466,0.25784138,0.69668967,0.4828655,0.26789472,0.5050889",0.0
"0.13407534,0.1928925,0.2009542,0.5613466,0.25784138,0.69668967,0.4828655,0.26789472,0.5050889","0.2313981,-0.28176618,0.9079313","0.15617219,0.15415113,0.29849386,0.5471699,0.29886085,0.6216723,0.4828655,0.26789472,0.5050889",0.0
"0.15617219,0.15415113,0.29849386,0.5471699,0.29886085,0.6216723,0.4828655,0.26789472,0.5050889","-0.028149366,-0.36519992,0.8346565","0.15348412,0.10393802,0.38816157,0.5238487,0.2807124,0.56407833,0.4828655,0.26789472,0.5050889",0.0
"0.15348412,0.10393802,0.38816157,0.5238487,0.2807124,0.56407833,0.4828655,0.26789472,0.5050889","-0.019097924,-0.27250588,0.55701613","0.15166041,0.06646987,0.44800222,0.49835572,0.26372343,0.5258499,0.4828655,0.26789472,0.5050889",0.0
"0.15166041,0.06646987,0.44800222,0.49835572,0.26372343,0.5258499,0.4828655,0.26789472,0.5050889","0.032829285,-0.07102704,0.16370642","0.15479536,0.05670402,0.46558934,0.48847723,0.26478243,0.5120863,0.4828655,0.26789472,0.5050889",0.0
"0.0,0.0,0.0,2.8652207e-07,0.005789075,0.993462,0.40561405,0.1331579,0.7237781","0.30803704,0.81114197,0.9168612","0.029415308,0.111527845,0.09849898,0.36471155,0.03961366,0.903743,0.40561405,0.1331579,0.7237781",0.0
"0.029415308,0.111527845,0.09849898,0.36471155,0.03961366,0.903743,0.40561405,0.1331579,0.7237781","0.5288081,-0.045291483,0.9032774","0.07991265,0.1053005,0.19553864,0.4467373,0.120548785,0.8190003,0.40561405,0.1331579,0.7237781",0.0
"0.07991265,0.1053005,0.19553864,0.4467373,0.120548785,0.8190003,0.40561405,0.1331579,0.7237781","0.020462275,-0.4647451,0.8468137","0.081866644,0.041400436,0.2865124,0.41752112,0.11580126,0.78387684,0.40561405,0.1331579,0.7237781",0.0
"0.081866644,0.041400436,0.2865124,0.41752112,0.11580126,0.78387684,0.40561405,0.1331579,0.7237781","0.06595135,-0.2382927,0.53329444","0.08816452,0.00863641,0.34380463,0.40650523,0.12158176,0.74625003,0.40561405,0.1331579,0.7237781",0.0
"0.08816452,0.00863641,0.34380463,0.40650523,0.12158176,0.74625003,0.40561405,0.1331579,0.7237781","0.043617845,-0.059427083,0.18640983","0.09232971,0.00046548224,0.3638308,0.40633014,0.12732339,0.72845405,0.40561405,0.1331579,0.7237781",0.0
"0.0,0.0,0.0,2.8652207e-07,0.005789075,0.993462,0.10824562,0.12614034,0.3483126","0.89428616,0.09138501,0.9690201","0.08539783,0.012564961,0.10410246,0.1623232,0.0506288,0.9652075,0.10824562,0.12614034,0.3483126",0.0
"0.08539783,0.012564961,0.10410246,0.1623232,0.0506288,0.9652075,0.10824562,0.12614034,0.3483126","0.76622295,-0.3588063,0.959973","0.15856656,-0.036769077,0.20723303,0.17243586,0.10037891,0.9236652,0.10824562,0.12614034,0.3483126",0.0
"0.15856656,-0.036769077,0.20723303,0.17243586,0.10037891,0.9236652,0.10824562,0.12614034,0.3483126","0.59973073,-0.3750434,0.95892644","0.21583647,-0.08833564,0.31025115,0.16556899,0.14079553,0.86112773,0.10824562,0.12614034,0.3483126",0.0
"0.21583647,-0.08833564,0.31025115,0.16556899,0.14079553,0.86112773,0.10824562,0.12614034,0.3483126","0.39946842,-0.38286012,0.95883346","0.25398278,-0.14097697,0.4132593,0.15284309,0.1650086,0.7789668,0.10824562,0.12614034,0.3483126",0.0
"0.25398278,-0.14097697,0.4132593,0.15284309,0.1650086,0.7789668,0.10824562,0.12614034,0.3483126","0.16171443,-0.40875077,0.9560375","0.26942533,-0.19717811,0.5159671,0.1397819,0.1667123,0.6811469,0.10824562,0.12614034,0.3483126",0.0
"0.26942533,-0.19717811,0.5159671,0.1397819,0.1667123,0.6811469,0.10824562,0.12614034,0.3483126","0.019798398,-0.40649092,0.9477494","0.27131593,-0.25306857,0.61778444,0.12843846,0.15570074,0.5689273,0.10824562,0.12614034,0.3483126",0.0
"0.27131593,-0.25306857,0.61778444,0.12843846,0.15570074,0.5689273,0.10824562,0.12614034,0.3483126","-0.010317981,-0.37213314,0.9300175","0.27033064,-0.30423495,0.71769685,0.11608486,0.14071362,0.4448432,0.10824562,0.12614034,0.3483126",0.0
"0.27033064,-0.30423495,0.71769685,0.11608486,0.14071362,0.4448432,0.10824562,0.12614034,0.3483126","-0.013240337,-0.23810893,0.68713784","0.26906627,-0.33697376,0.79151666,0.10597669,0.12822416,0.34519607,0.10824562,0.12614034,0.3483126",0.0
"0.0,0.0,0.0,2.8652207e-07,0.005789075,0.993462,0.068771936,0.08327485,0.7507792","0.8975892,-0.25627017,0.92828393","0.085713245,-0.035235845,0.09972615,0.058386736,0.022119168,0.980509,0.068771936,0.08327485,0.7507792",0.0
"0.085713245,-0.035235845,0.09972615,0.058386736,0.022119168,0.980509,0.068771936,0.08327485,0.7507792","0.8062862,-0.14215767,0.91125894","0.1627077,-0.054781817,0.19762333,0.12849298,0.078707345,0.9380884,0.068771936,0.08327485,0.7507792",0.0
"0.1627077,-0.054781817,0.19762333,0.12849298,0.078707345,0.9380884,0.068771936,0.08327485,0.7507792","0.55616355,-0.38404477,0.89853835","0.21581727,-0.10758602,0.29415393,0.12243314,0.10603806,0.88483894,0.068771936,0.08327485,0.7507792",0.0
"0.21581727,-0.10758602,0.29415393,0.12243314,0.10603806,0.88483894,0.068771936,0.08327485,0.7507792","0.39627266,-0.454405,0.873695","0.2536584,-0.17006439,0.3880156,0.09907089,0.10965801,0.8198916,0.068771936,0.08327485,0.7507792",0.0
"0.2536584,-0.17006439,0.3880156,0.09907089,0.10965801,0.8198916,0.068771936,0.08327485,0.7507792","0.28680658,-0.40410697,0.6383486","0.28104636,-0.22562706,0.45659387,0.07111212,0.095656164,0.7651859,0.068771936,0.08327485,0.7507792",0.0
"0.28104636,-0.22562706,0.45659387,0.07111212,0.095656164,0.7651859,0.068771936,0.08327485,0.7507792","-0.04345262,-0.13195598,0.18356395","0.27689692,-0.24377035,0.47631434,0.064868614,0.08585127,0.74832,0.068771936,0.08327485,0.7507792",0.0
"0.0,0.0,0.0,2.8652207e-07,0.005789075,0.993462,0.27222222,-0.09959064,0.43591902","-0.4612404,0.08274746,0.976161","-0.044045113,0.011377341,0.104869604,0.1676323,-0.017499944,0.9653233,0.27222222,-0.09959064,0.43591902",0.0
"-0.044045113,0.011377341,0.104869604,0.1676323,-0.017499944,0.9653233,0.27222222,-0.09959064,0.43591902","-0.25609863,-0.12314415,0.9718933","-0.068500675,-0.0055543585,0.20928076,0.25992227,-0.050889507,0.90435284,0.27222222,-0.09959064,0.43591902",0.0
"-0.068500675,-0.0055543585,0.20928076,0.25992227,-0.050889507,0.90435284,0.27222222,-0.09959064,0.43591902","-0.066917,-0.18501115,0.96073556","-0.07489077,-0.030992456,0.31249323,0.3193702,-0.07060491,0.82064843,0.27222222,-0.09959064,0.43591902",0.0
"-0.07489077,-0.030992456,0.31249323,0.3193702,-0.07060491,0.82064843,0.27222222,-0.09959064,0.43591902","-0.093976915,-0.17964059,0.94264483","-0.08386488,-0.05569213,0.41376218,0.35850376,-0.09070685,0.7163024,0.27222222,-0.09959064,0.43591902",0.0
"-0.08386488,-0.05569213,0.41376218,0.35850376,-0.09070685,0.7163024,0.27222222,-0.09959064,0.43591902","-0.054997742,-0.25517297,0.9136996","-0.08911677,-0.090777114,0.5119215,0.36128217,-0.09785234,0.6097354,0.27222222,-0.09959064,0.43591902",0.0
"-0.08911677,-0.090777114,0.5119215,0.36128217,-0.09785234,0.6097354,0.27222222,-0.09959064,0.43591902","-0.11765474,-0.43861067,0.8738779","-0.10035195,-0.15108383,0.60580283,0.31475464,-0.09656577,0.5205722,0.27222222,-0.09959064,0.43591902",0.0
"-0.10035195,-0.15108383,0.60580283,0.31475464,-0.09656577,0.5205722,0.27222222,-0.09959064,0.43591902","-0.16214359,-0.2951361,0.61220574","-0.115835495,-0.19166353,0.6715725,0.2787676,-0.099979624,0.4502492,0.27222222,-0.09959064,0.43591902",0.0
"0.0,0.0,0.0,2.8652207e-07,0.005789075,0.993462,-0.57040936,-0.08929824,0.47593033","-0.09595966,-0.9849952,-0.31136274","-0.009163459,-0.13543177,-0.03344988,-0.33318862,0.015385684,0.9277752,-0.57040936,-0.08929824,0.47593033",0.0
"-0.009163459,-0.13543177,-0.03344988,-0.33318862,0.015385684,0.9277752,-0.57040936,-0.08929824,0.47593033","0.2968104,-0.95919234,0.67710614","0.019179774,-0.2673158,0.039292093,-0.49960902,-0.024340764,0.84062,-0.57040936,-0.08929824,0.47593033",0.0
"0.019179774,-0.2673158,0.039292093,-0.49960902,-0.024340764,0.84062,-0.57040936,-0.08929824,0.47593033","0.12778282,-0.8762273,0.7954788","0.031382103,-0.3877926,0.124750935,-0.6063224,-0.054154124,0.73939824,-0.57040936,-0.08929824,0.47593033",0.0
"0.031382103,-0.3877926,0.124750935,-0.6063224,-0.054154124,0.73939824,-0.57040936,-0.08929824,0.47593033","0.08428979,-0.7131184,0.8393456","0.039431162,-0.48584273,0.21492241,-0.6487265,-0.074941896,0.6529866,-0.57040936,-0.08929824,0.47593033",0.0
"0.039431162,-0.48584273,0.21492241,-0.6487265,-0.074941896,0.6529866,-0.57040936,-0.08929824,0.47593033","0.097839594,-0.54659665,0.8528334","0.048774134,-0.560997,0.3065429,-0.63795435,-0.09266757,0.59133816,-0.57040936,-0.08929824,0.47593033",0.0
"0.048774134,-0.560997,0.3065429,-0.63795435,-0.09266757,0.59133816,-0.57040936,-0.08929824,0.47593033","0.055445433,-0.47852886,0.83307314","0.05406877,-0.6267923,0.3960405,-0.6054767,-0.09797462,0.5334776,-0.57040936,-0.08929824,0.47593033",0.0
"0.05406877,-0.6267923,0.3960405,-0.6054767,-0.09797462,0.5334776,-0.57040936,-0.08929824,0.47593033","0.02591741,-0.31965292,0.5995008","0.056543693,-0.670743,0.46044528,-0.57159436,-0.09673639,0.49138102,-0.57040936,-0.08929824,0.47593033",0.0
"0.0,0.0,0.0,2.8652207e-07,0.005789075,0.993462,-0.30309942,-0.32070175,0.60727465","0.2598635,-0.9126408,0.8699925","0.024815062,-0.12548342,0.093463875,-0.1400332,-0.005132282,0.9728394,-0.30309942,-0.32070175,0.60727465",0.0
"0.024815062,-0.12548342,0.093463875,-0.1400332,-0.005132282,0.9728394,-0.30309942,-0.32070175,0.60727465","0.7452611,-0.86863244,0.8408743","0.09598208,-0.24491598,0.18379956,-0.2521235,-0.072353125,0.9163178,-0.30309942,-0.32070175,0.60727465",0.0
"0.09598208,-0.24491598,0.18379956,-0.2521235,-0.072353125,0.9163178,-0.30309942,-0.32070175,0.60727465","0.82179797,-0.83363426,0.80647576","0.17445782,-0.35953644,0.27043983,-0.31346765,-0.18457752,0.8317774,-0.30309942,-0.32070175,0.60727465",0.0
"0.17445782,-0.35953644,0.27043983,-0.31346765,-0.18457752,0.8317774,-0.30309942,-0.32070175,0.60727465","0.7602489,-0.74856085,0.8382454","0.24705607,-0.46245977,0.36049315,-0.30334088,-0.28966963,0.7352889,-0.30309942,-0.32070175,0.60727465",0.0
"0.24705607,-0.46245977,0.36049315,-0.30334088,-0.28966963,0.7352889,-0.30309942,-0.32070175,0.60727465","0.40922618,-0.5897451,0.78012705","0.2861342,-0.54354674,0.44430277,-0.27259126,-0.33344585,0.64757013,-0.30309942,-0.32070175,0.60727465",0.0
"0.2861342,-0.54354674,0.44430277,-0.27259126,-0.33344585,0.64757013,-0.30309942,-0.32070175,0.60727465","-0.16229719,-0.23407471,0.23613226","0.27063602,-0.5757308,0.46967065,-0.2961366,-0.3284844,0.61111313,-0.30309942,-0.32070175,0.60727465",0.0
"0.0,0.0,0.0,2.8652207e-07,0.005789075,0.993462,0.0028070176,0.036432747,0.3823091","0.8604686,-0.58501995,0.94884","0.082168505,-0.08043724,0.10193451,-0.03224099,-0.0025252218,0.98164934,0.0028070176,0.036432747,0.3823091",0.0
"0.082168505,-0.08043724,0.10193451,-0.03224099,-0.0025252218,0.98164934,0.0028070176,0.036432747,0.3823091","0.7234144,-0.27937025,0.951875","0.1512493,-0.11884924,0.2041951,0.020689957,0.017154848,0.94819343,0.0028070176,0.036432747,0.3823091",0.0
"0.1512493,-0.11884924,0.2041951,0.020689957,0.017154848,0.94819343,0.0028070176,0.036432747,0.3823091","0.5358412,-0.32332093,0.9575136","0.20241824,-0.16330424,0.30706143,0.051148072,0.044954002,0.8900237,0.0028070176,0.036432747,0.3823091",0.0
"0.20241824,-0.16330424,0.30706143,0.051148072,0.044954002,0.8900237,0.0028070176,0.036432747,0.3823091","0.60833955,-0.2785126,0.9634683","0.26051024,-0.20159833,0.41056752,0.0738305,0.08734625,0.8070239,0.0028070176,0.036432747,0.3823091",0.0
"0.26051024,-0.20159833,0.41056752,0.0738305,0.08734625,0.8070239,0.0028070176,0.036432747,0.3823091","0.61140966,-0.38620305,0.96057975","0.3188954,-0.2546993,0.51376325,0.06211165,0.10787154,0.7079525,0.0028070176,0.036432747,0.3823091",0.0
"0.3188954,-0.2546993,0.51376325,0.06211165,0.10787154,0.7079525,0.0028070176,0.036432747,0.3823091","0.49029207,-0.51718485,0.95893717","0.36571473,-0.32580957,0.61678255,0.036227312,0.09485628,0.5972695,0.0028070176,0.036432747,0.3823091",0.0
"0.36571473,-0.32580957,0.61678255,0.036227312,0.09485628,0.5972695,0.0028070176,0.036432747,0.3823091","0.43707323,-0.590695,0.9428494","0.40745205,-0.40702716,0.71807355,0.013380972,0.0649137,0.4755527,0.0028070176,0.036432747,0.3823091",0.0
"0.40745205,-0.40702716,0.71807355,0.013380972,0.0649137,0.4755527,0.0028070176,0.036432747,0.3823091","0.2135123,-0.50525665,0.7117032","0.42784092,-0.47649738,0.79453236,0.002460854,0.036426947,0.37526736,0.0028070176,0.036432747,0.3823091",0.0
"0.0,0.0,0.0,2.8652207e-07,0.005789075,0.993462,-0.042222224,-0.43923974,0.60727465","-0.96691227,0.58504796,0.8409008","-0.0923331,0.08044108,0.0903385,0.28309956,-0.07846162,0.93460333,-0.042222224,-0.43923974,0.60727465",0.0
"-0.0923331,0.08044108,0.0903385,0.28309956,-0.07846162,0.93460333,-0.042222224,-0.43923974,0.60727465","-0.95625305,-0.015486658,0.77878475","-0.18364833,0.07831175,0.17400385,0.3294482,-0.20750324,0.8691301,-0.042222224,-0.43923974,0.60727465",0.0
"-0.18364833,0.07831175,0.17400385,0.3294482,-0.20750324,0.8691301,-0.042222224,-0.43923974,0.60727465","-0.9558687,-0.14253294,0.66831875","-0.27492687,0.058714196,0.24580179,0.28167713,-0.32073745,0.8135407,-0.042222224,-0.43923974,0.60727465",0.0
"-0.27492687,0.058714196,0.24580179,0.28167713,-0.32073745,0.8135407,-0.042222224,-0.43923974,0.60727465","-0.9426268,-0.16266316,0.67298484","-0.36494085,0.036348842,0.31810102,0.19090933,-0.40854815,0.7498388,-0.042222224,-0.43923974,0.60727465",0.0
"-0.36494085,0.036348842,0.31810102,0.19090933,-0.40854815,0.7498388,-0.042222224,-0.43923974,0.60727465","-0.8954847,-0.25405777,0.703843","-0.45045316,0.0014172001,0.39371535,0.075125195,-0.44139692,0.6867625,-0.042222224,-0.43923974,0.60727465",0.0
"-0.45045316,0.0014172001,0.39371535,0.075125195,-0.44139692,0.6867625,-0.042222224,-0.43923974,0.60727465","-0.6600095,-0.18663734,0.5765072","-0.51347923,-0.024244482,0.4556499,-0.012985709,-0.44318423,0.62606,-0.042222224,-0.43923974,0.60727465",0.0
"-0.51347923,-0.024244482,0.4556499,-0.012985709,-0.44318423,0.62606,-0.042222224,-0.43923974,0.60727465","-0.18982184,-0.042600334,0.13375556","-0.53160584,-0.030101817,0.4700194,-0.038012777,-0.4399602,0.6112193,-0.042222224,-0.43923974,0.60727465",0.0
"0.0,0.0,0.0,2.8652207e-07,0.005789075,0.993462,-0.070701756,0.017660819,0.2237676","-0.7970942,-0.71226454,0.9520558","-0.076116726,-0.097932726,0.10227999,-0.065519914,0.021931965,0.9794523,-0.070701756,0.017660819,0.2237676",0.0
"-0.076116726,-0.097932726,0.10227999,-0.065519914,0.021931965,0.9794523,-0.070701756,0.017660819,0.2237676","-0.53157485,-0.7790549,0.9544941","-0.12687828,-0.2050488,0.20482194,-0.13752006,0.06419725,0.93475735,-0.070701756,0.017660819,0.2237676",0.0
"-0.12687828,-0.2050488,0.20482194,-0.13752006,0.06419725,0.93475735,-0.070701756,0.017660819,0.2237676","-0.1371234,-0.690074,0.9546788","-0.13997257,-0.29993048,0.30738378,-0.17807312,0.09017403,0.8677432,-0.070701756,0.017660819,0.2237676",0.0
"-0.13997257,-0.29993048,0.30738378,-0.17807312,0.09017403,0.8677432,-0.070701756,0.017660819,0.2237676","-0.019681573,-0.48783255,0.95325947","-0.14185202,-0.367005,0.40979308,-0.16562535,0.08553355,0.7929357,-0.070701756,0.017660819,0.2237676",0.0
"-0.14185202,-0.367005,0.40979308,-0.16562535,0.08553355,0.7929357,-0.070701756,0.017660819,0.2237676","-0.005641222,-0.39244652,0.95569205","-0.14239073,-0.42096442,0.51246375,-0.1304797,0.06902151,0.7045264,-0.070701756,0.017660819,0.2237676",0.0
"-0.14239073,-0.42096442,0.51246375,-0.1304797,0.06902151,0.7045264,-0.070701756,0.017660819,0.2237676","0.24699163,-0.6204518,0.951313","-0.11880482,-0.50627345,0.61466396,-0.14152019,0.061635423,0.58792466,-0.070701756,0.017660819,0.2237676",0.0
"-0.11880482,-0.50627345,0.61466396,-0.14152019,0.061635423,0.58792466,-0.070701756,0.017660819,0.2237676","0.41073608,-0.62239766,0.94463444","-0.079582505,-0.5918499,0.71614665,-0.14355798,0.042633828,0.45887303,-0.070701756,0.017660819,0.2237676",0.0
"-0.079582505,-0.5918499,0.71614665,-0.14355798,0.042633828,0.45887303,-0.070701756,0.017660819,0.2237676","0.4143355,-0.5522113,0.9325967","-0.040016472,-0.66777617,0.81633615,-0.12279077,0.02135395,0.32504228,-0.070701756,0.017660819,0.2237676",0.0
"-0.040016472,-0.66777617,0.81633615,-0.12279077,0.02135395,0.32504228,-0.070701756,0.017660819,0.2237676","0.00047838688,-0.22779,0.7294786","-0.03997079,-0.6990962,0.8947045,-0.07896603,0.015803639,0.22168972,-0.070701756,0.017660819,0.2237676",0.0
"0.0,0.0,0.0,2.8652207e-07,0.005789075,0.993462,0.27982458,-0.10216374,0.5737357","-0.54552346,0.042051554,0.9684812","-0.052093532,0.005781864,0.104044564,0.15436807,-0.019623905,0.9679274,0.27982458,-0.10216374,0.5737357",0.0
"-0.052093532,0.005781864,0.104044564,0.15436807,-0.019623905,0.9679274,0.27982458,-0.10216374,0.5737357","-0.3454125,0.048962593,0.9562199","-0.08507792,0.012513957,0.2067719,0.28871092,-0.073056184,0.894129,0.27982458,-0.10216374,0.5737357",0.0
"-0.08507792,0.012513957,0.2067719,0.28871092,-0.073056184,0.894129,0.27982458,-0.10216374,0.5737357","-0.07526404,-0.15883648,0.9393772","-0.09226509,-0.009325254,0.30768982,0.348451,-0.09788776,0.8079329,0.27982458,-0.10216374,0.5737357",0.0
"-0.09226509,-0.009325254,0.30768982,0.348451,-0.09788776,0.8079329,0.27982458,-0.10216374,0.5737357","-0.053359687,-0.2842734,0.9115479","-0.09736055,-0.048411395,0.405618,0.36009255,-0.107638046,0.7205837,0.27982458,-0.10216374,0.5737357",0.0
"-0.09736055,-0.048411395,0.405618,0.36009255,-0.107638046,0.7205837,0.27982458,-0.10216374,0.5737357","-0.14026177,-0.4720161,0.8625231","-0.11075454,-0.1133112,0.49827945,0.31620556,-0.10853038,0.6489689,0.27982458,-0.10216374,0.5737357",0.0
"-0.11075454,-0.1133112,0.49827945,0.31620556,-0.10853038,0.6489689,0.27982458,-0.10216374,0.5737357","-0.09250069,-0.32023823,0.61402917","-0.11958769,-0.15734233,0.5642451,0.2861336,-0.10663659,0.58783865,0.27982458,-0.10216374,0.5737357",0.0
"0.0,0.0,0.0,2.8652207e-07,0.005789075,0.993462,0.053450294,-0.5748538,0.47593033","-0.93495446,0.8870981,0.8253025","-0.08928136,0.12197143,0.088662766,0.3625936,-0.09843171,0.90186185,0.053450294,-0.5748538,0.47593033",0.0
"-0.08928136,0.12197143,0.088662766,0.3625936,-0.09843171,0.90186185,0.053450294,-0.5748538,0.47593033","-0.9219396,0.4840727,0.8029736","-0.17731991,0.18852894,0.17492674,0.5031769,-0.30659488,0.7359378,0.053450294,-0.5748538,0.47593033",0.0
"-0.17731991,0.18852894,0.17492674,0.5031769,-0.30659488,0.7359378,0.053450294,-0.5748538,0.47593033","-0.9626211,0.10334468,0.60415566","-0.26924324,0.20273831,0.23983157,0.4418698,-0.4900786,0.6288196,0.053450294,-0.5748538,0.47593033",0.0
"-0.26924324,0.20273831,0.23983157,0.4418698,-0.4900786,0.6288196,0.053450294,-0.5748538,0.47593033","-0.96266913,-0.18625957,0.6401912","-0.3611712,0.1771286,0.30860773,0.28426263,-0.5962035,0.57091427,0.053450294,-0.5748538,0.47593033",0.0
"-0.3611712,0.1771286,0.30860773,0.28426263,-0.5962035,0.57091427,0.053450294,-0.5748538,0.47593033","-0.84171987,-0.38841128,0.68712354","-0.4415493,0.12372407,0.38242587,0.118587285,-0.6068307,0.54349625,0.053450294,-0.5748538,0.47593033",0.0
"-0.4415493,0.12372407,0.38242587,0.118587285,-0.6068307,0.54349625,0.053450294,-0.5748538,0.47593033","-0.40344018,-0.29262328,0.6245183","-0.48007488,0.08348988,0.44951832,0.04237635,-0.58357394,0.49965942,0.053450294,-0.5748538,0.47593033",0.0
"-0.48007488,0.08348988,0.44951832,0.04237635,-0.58357394,0.49965942,0.053450294,-0.5748538,0.47593033","-0.0056734085,-0.07484454,0.19409788","-0.48061666,0.073199145,0.4703704,0.040843055,-0.57478917,0.48190516,0.053450294,-0.5748538,0.47593033",0.0
"0.0,0.0,0.0,2.8652207e-07,0.005789075,0.993462,-0.16216375,-0.02116959,0.62760717","0.46222627,-0.79279536,0.954021","0.04413924,-0.1090053,0.10249111,-0.092163675,-0.0070173987,0.97725683,-0.16216375,-0.02116959,0.62760717",0.0
"0.04413924,-0.1090053,0.10249111,-0.092163675,-0.0070173987,0.97725683,-0.16216375,-0.02116959,0.62760717","0.09204912,-0.6299227,0.95046437","0.052929252,-0.19561647,0.20460016,-0.13168219,-0.016230445,0.93807364,-0.16216375,-0.02116959,0.62760717",0.0
"0.052929252,-0.19561647,0.20460016,-0.13168219,-0.016230445,0.93807364,-0.16216375,-0.02116959,0.62760717","-0.054749846,-0.62512326,0.94525695","0.047701027,-0.28156772,0.30614978,-0.16472223,-0.019016443,0.8763487,-0.16216375,-0.02116959,0.62760717",0.0
"0.047701027,-0.28156772,0.30614978,-0.16472223,-0.019016443,0.8763487,-0.16216375,-0.02116959,0.62760717","0.050163984,-0.6240423,0.93305373","0.05249132,-0.3673704,0.4063884,-0.18980497,-0.02571828,0.79453164,-0.16216375,-0.02116959,0.62760717",0.0
"0.05249132,-0.3673704,0.4063884,-0.18980497,-0.02571828,0.79453164,-0.16216375,-0.02116959,0.62760717","0.13713527,-0.5093333,0.8921163","0.06558674,-0.43740118,0.5022291,-0.18380864,-0.03250416,0.7052117,-0.16216375,-0.02116959,0.62760717",0.0
"0.06558674,-0.43740118,0.5022291,-0.18380864,-0.03250416,0.7052117,-0.16216375,-0.02116959,0.62760717","-0.057218015,-0.2507692,0.6051698","0.06012283,-0.47188067,0.567243,-0.1585398,-0.024412367,0.6418831,-0.16216375,-0.02116959,0.62760717",0.0
"0.0,0.0,0.0,2.8652207e-07,0.005789075,0.993462,0.054795325,0.07327485,0.51554936","0.8494843,-0.32756865,0.9658116","0.081119575,-0.045039017,0.103757784,0.043703724,0.017367588,0.98058146,0.054795325,0.07327485,0.51554936",0.0
"0.081119575,-0.045039017,0.103757784,0.043703724,0.017367588,0.98058146,0.054795325,0.07327485,0.51554936","0.82562566,-0.07419008,0.959497","0.15996082,-0.055239793,0.20683719,0.13851975,0.08273567,0.93207586,0.054795325,0.07327485,0.51554936",0.0
"0.15996082,-0.055239793,0.20683719,0.13851975,0.08273567,0.93207586,0.054795325,0.07327485,0.51554936","0.59753656,-0.4817921,0.9509835","0.2170212,-0.12148375,0.309002,0.1143463,0.10026303,0.87722033,0.054795325,0.07327485,0.51554936",0.0
"0.2170212,-0.12148375,0.309002,0.1143463,0.10026303,0.87722033,0.054795325,0.07327485,0.51554936","0.38043344,-0.47701317,0.94999146","0.2533498,-0.18707064,0.41106027,0.09443778,0.10472163,0.8019941,0.054795325,0.07327485,0.51554936",0.0
"0.2533498,-0.18707064,0.41106027,0.09443778,0.10472163,0.8019941,0.054795325,0.07327485,0.51554936","0.18693423,-0.5140922,0.9493365","0.2712007,-0.2577557,0.5130482,0.073849425,0.093197435,0.7097153,0.054795325,0.07327485,0.51554936",0.0
"0.2712007,-0.2577557,0.5130482,0.073849425,0.093197435,0.7097153,0.054795325,0.07327485,0.51554936","0.13871574,-0.47318947,0.9291458","0.284447,-0.32281682,0.612867,0.059810128,0.083629355,0.6016984,0.054795325,0.07327485,0.51554936",0.0
"0.284447,-0.32281682,0.612867,0.059810128,0.083629355,0.6016984,0.054795325,0.07327485,0.51554936","0.050184608,-0.30998385,0.66376925","0.2892393,-0.36543804,0.68417615,0.05383463,0.07847843,0.5149252,0.054795325,0.07327485,0.51554936",0.0
"0.0,0.0,0.0,2.8652207e-07,0.005789075,0.993462,0.29456142,0.328538,0.60727465","0.91872835,0.8247874,0.9245101","0.0877319,0.11340402,0.09932071,0.35594383,0.10668292,0.9014144,0.29456142,0.328538,0.60727465",0.0
"0.0877319,0.11340402,0.09932071,0.35594383,0.10668292,0.9014144,0.29456142,0.328538,0.60727465","0.83966184,0.17859447,0.900761","0.16791351,0.13795985,0.19609004,0.44785514,0.26761392,0.77914804,0.29456142,0.328538,0.60727465",0.0
"0.16791351,0.13795985,0.19609004,0.44785514,0.26761392,0.77914804,0.29456142,0.328538,0.60727465","0.6542444,-0.50654894,0.91625607","0.2303891,0.06831199,0.29452404,0.36051354,0.32634637,0.74365175,0.29456142,0.328538,0.60727465",0.0
"0.2303891,0.06831199,0.29452404,0.36051354,0.32634637,0.74365175,0.29456142,0.328538,0.60727465","0.2867918,-0.4257971,0.8972964","0.25777563,0.009767072,0.39092118,0.31236887,0.336411,0.6814307,0.29456142,0.328538,0.60727465",0.0
"0.25777563,0.009767072,0.39092118,0.31236887,0.336411,0.6814307,0.29456142,0.328538,0.60727465","0.078407645,-0.25908554,0.6085814","0.265263,-0.025855863,0.45630148,0.2924511,0.33054444,0.62684417,0.29456142,0.328538,0.60727465",0.0
"0.265263,-0.025855863,0.45630148,0.2924511,0.33054444,0.62684417,0.29456142,0.328538,0.60727465","0.004485011,-0.020555198,0.1266191","0.26569128,-0.028682109,0.46990427,0.29349628,0.33258253,0.6098571,0.29456142,0.328538,0.60727465",0.0
"0.0,0.0,0.0,2.8652207e-07,0.005789075,0.993462,-0.010818714,0.039005846,0.52215254","-0.85068977,-0.68683755,0.95253265","-0.081234716,-0.094436646,0.10233122,-0.057842955,0.021073837,0.98000115,-0.010818714,0.039005846,0.52215254",0.0
"-0.081234716,-0.094436646,0.10233122,-0.057842955,0.021073837,0.98000115,-0.010818714,0.039005846,0.52215254","-0.8376908,-0.47642618,0.95747256","-0.16122812,-0.15994284,0.20519315,-0.047815178,0.033147924,0.9461941,-0.010818714,0.039005846,0.52215254",0.0
"-0.16122812,-0.15994284,0.20519315,-0.047815178,0.033147924,0.9461941,-0.010818714,0.039005846,0.52215254","-0.6841026,-0.42441517,0.9548116","-0.22655496,-0.21829776,0.30776924,-0.02624202,0.030280588,0.8914439,-0.010818714,0.039005846,0.52215254",0.0
"-0.22655496,-0.21829776,0.30776924,-0.02624202,0.030280588,0.8914439,-0.010818714,0.039005846,0.52215254","-0.536867,-0.46645677,0.9505321","-0.27782187,-0.2824332,0.40988556,-0.017123347,0.029420529,0.8156173,-0.010818714,0.039005846,0.52215254",0.0
"-0.27782187,-0.2824332,0.40988556,-0.017123347,0.029420529,0.8156173,-0.010818714,0.039005846,0.52215254","-0.417125,-0.54576397,0.9465542","-0.31765428,-0.35747302,0.51157457,-0.019786539,0.04135738,0.72025704,-0.010818714,0.039005846,0.52215254",0.0
"-0.31765428,-0.35747302,0.51157457,-0.019786539,0.04135738,0.72025704,-0.010818714,0.039005846,0.52215254","-0.16017133,-0.5204407,0.9138653","-0.33294946,-0.42903098,0.60975176,-0.020574015,0.047090884,0.61220646,-0.010818714,0.039005846,0.52215254",0.0
"-0.33294946,-0.42903098,0.60975176,-0.020574015,0.047090884,0.61220646,-0.010818714,0.039005846,0.52215254","-0.097952545,-0.29824638,0.636873","-0.34230325,-0.47003835,0.6781714,-0.014358832,0.03875021,0.529745,-0.010818714,0.039005846,0.52215254",0.0
"0.0,0.0,0.0,2.8652207e-07,0.005789075,0.993462,0.0011695907,-0.0057894737,0.23331277","-0.91115195,-0.90941775,0.9505174","-0.08700841,-0.12504028,0.10211473,-0.12070862,0.03985463,0.9729866,0.0011695907,-0.0057894737,0.23331277",0.0
"-0.08700841,-0.12504028,0.10211473,-0.12070862,0.03985463,0.9729866,0.0011695907,-0.0057894737,0.23331277","-0.84272385,-0.7996942,0.9502481","-0.16748244,-0.23499416,0.20420054,-0.18186975,0.11231983,0.9214979,0.0011695907,-0.0057894737,0.23331277",0.0
"-0.16748244,-0.23499416,0.20420054,-0.18186975,0.11231983,0.9214979,0.0011695907,-0.0057894737,0.23331277","-0.79721254,-0.49054158,0.94929147","-0.24361044,-0.30244115,0.30618358,-0.14453973,0.14687857,0.86687267,0.0011695907,-0.0057894737,0.23331277",0.0
"-0.24361044,-0.30244115,0.30618358,-0.14453973,0.14687857,0.86687267,0.0011695907,-0.0057894737,0.23331277","-0.749125,-0.22658098,0.9436927","-0.31514645,-0.33359492,0.40756515,-0.066113874,0.111302465,0.8070842,0.0011695907,-0.0057894737,0.23331277",0.0
"-0.31514645,-0.33359492,0.40756515,-0.066113874,0.111302465,0.8070842,0.0011695907,-0.0057894737,0.23331277","-0.78628737,-0.3114699,0.9394338","-0.39023116,-0.37642047,0.5084892,-0.021588001,0.07722583,0.72017056,0.0011695907,-0.0057894737,0.23331277",0.0
"-0.39023116,-0.37642047,0.5084892,-0.021588001,0.07722583,0.72017056,0.0011695907,-0.0057894737,0.23331277","-0.83201814,-0.36218458,0.9327251","-0.46968284,-0.42621905,0.60869247,0.0011875589,0.04844674,0.6136953,0.0011695907,-0.0057894737,0.23331277",0.0
"-0.46968284,-0.42621905,0.60869247,0.0011875589,0.04844674,0.6136953,0.0011695907,-0.0057894737,0.23331277","-0.88517374,-0.34839523,0.9215052","-0.55421054,-0.47412166,0.7076904,0.009177,0.0192038,0.4932129,0.0011695907,-0.0057894737,0.23331277",0.0
"-0.55421054,-0.47412166,0.7076904,0.009177,0.0192038,0.4932129,0.0011695907,-0.0057894737,0.23331277","-0.77515644,-0.4339674,0.88923573","-0.62823236,-0.53379,0.80322164,0.010569727,0.010034956,0.3645708,0.0011695907,-0.0057894737,0.23331277",0.0
"-0.62823236,-0.53379,0.80322164,0.010569727,0.010034956,0.3645708,0.0011695907,-0.0057894737,0.23331277","-0.68402296,-0.29312062,0.7019365","-0.6935516,-0.5740926,0.87863123,0.0065534436,-0.00071891566,0.256913,0.0011695907,-0.0057894737,0.23331277",0.0
"-0.6935516,-0.5740926,0.87863123,0.0065534436,-0.00071891566,0.256913,0.0011695907,-0.0057894737,0.23331277","-0.3548128,-0.01421231,0.12857938","-0.7274336,-0.57604676,0.8924447,0.002986646,-0.0053923554,0.23667684,0.0011695907,-0.0057894737,0.23331277",0.0
"0.0,0.0,0.0,2.8652207e-07,0.005789075,0.993462,-0.2251462,-0.1825731,0.43591902","-0.25019652,-0.9071181,0.9079299","-0.023891965,-0.12472409,0.097539514,-0.13189262,0.015723675,0.97313166,-0.2251462,-0.1825731,0.43591902",0.0
"-0.023891965,-0.12472409,0.097539514,-0.13189262,0.015723675,0.97313166,-0.2251462,-0.1825731,0.43591902","0.12490034,-0.84436995,0.870559","-0.011964899,-0.24082066,0.19106427,-0.24342623,0.014947466,0.91891915,-0.2251462,-0.1825731,0.43591902",0.0
"-0.011964899,-0.24082066,0.19106427,-0.24342623,0.014947466,0.91891915,-0.2251462,-0.1825731,0.43591902","0.5457041,-0.79044545,0.9000926","0.04014588,-0.3495029,0.28776187,-0.31904283,-0.034617484,0.83999664,-0.2251462,-0.1825731,0.43591902",0.0
"0.04014588,-0.3495029,0.28776187,-0.31904283,-0.034617484,0.83999664,-0.2251462,-0.1825731,0.43591902","0.691962,-0.7430793,0.9232091","0.10622323,-0.45167252,0.38694286,-0.34624594,-0.1139081,0.7436899,-0.2251462,-0.1825731,0.43591902",0.0
"0.10622323,-0.45167252,0.38694286,-0.34624594,-0.1139081,0.7436899,-0.2251462,-0.1825731,0.43591902","0.6500428,-0.68346465,0.92798185","0.16829759,-0.5456454,0.48663658,-0.32676497,-0.18419257,0.63815457,-0.2251462,-0.1825731,0.43591902",0.0
"0.16829759,-0.5456454,0.48663658,-0.32676497,-0.18419257,0.63815457,-0.2251462,-0.1825731,0.43591902","0.49456,-0.5744554,0.9183445","0.21552448,-0.62463015,0.58529496,-0.27594408,-0.2143933,0.5345708,-0.2251462,-0.1825731,0.43591902",0.0
"0.21552448,-0.62463015,0.58529496,-0.27594408,-0.2143933,0.5345708,-0.2251462,-0.1825731,0.43591902","0.14775085,-0.36738288,0.77819896","0.22963361,-0.6751434,0.6688974,-0.2286969,-0.19344653,0.45190653,-0.2251462,-0.1825731,0.43591902",0.0
"0.22963361,-0.6751434,0.6688974,-0.2286969,-0.19344653,0.45190653,-0.2251462,-0.1825731,0.43591902","-0.02666372,-0.075074494,0.19837368","0.22708742,-0.6854658,0.69020885,-0.2181571,-0.18115608,0.43120688,-0.2251462,-0.1825731,0.43591902",0.0
"0.0,0.0,0.0,2.8652207e-07,0.005789075,0.993462,-0.057602342,0.07111111,0.51554936","-0.7247009,-0.86998856,0.94343114","-0.0692037,-0.119618975,0.10135344,-0.11250625,0.030781498,0.9746171,-0.057602342,0.07111111,0.51554936",0.0
"-0.0692037,-0.119618975,0.10135344,-0.11250625,0.030781498,0.9746171,-0.057602342,0.07111111,0.51554936","-0.7319039,-0.66356474,0.9500468","-0.13909522,-0.21085574,0.2034176,-0.1475195,0.07529562,0.9327655,-0.057602342,0.07111111,0.51554936",0.0
"-0.13909522,-0.21085574,0.2034176,-0.1475195,0.07529562,0.9327655,-0.057602342,0.07111111,0.51554936","-0.62595904,-0.45984733,0.95553946","-0.19886975,-0.27408242,0.30607188,-0.11931127,0.09317678,0.87927246,-0.057602342,0.07111111,0.51554936",0.0
"-0.19886975,-0.27408242,0.30607188,-0.11931127,0.09317678,0.87927246,-0.057602342,0.07111111,0.51554936","-0.39666736,-0.5303758,0.9563949","-0.2367486,-0.3470064,0.40881807,-0.10783702,0.10707928,0.80172735,-0.057602342,0.07111111,0.51554936",0.0
"-0.2367486,-0.3470064,0.40881807,-0.10783702,0.10707928,0.80172735,-0.057602342,0.07111111,0.51554936","-0.037558317,-0.51037395,0.9492235","-0.24033515,-0.41718024,0.5107938,-0.10049426,0.10251951,0.70715153,-0.057602342,0.07111111,0.51554936",0.0
"-0.24033515,-0.41718024,0.5107938,-0.10049426,0.10251951,0.70715153,-0.057602342,0.07111111,0.51554936","0.067771554,-0.44233835,0.9233029","-0.23386346,-0.47799954,0.6099849,-0.085284054,0.08484993,0.6017317,-0.057602342,0.07111111,0.51554936",0.0
"-0.23386346,-0.47799954,0.6099849,-0.085284054,0.08484993,0.6017317,-0.057602342,0.07111111,0.51554936","-0.038948417,-0.2532934,0.65639806","-0.23758276,-0.51282614,0.6805022,-0.06392729,0.06701061,0.52010626,-0.057602342,0.07111111,0.51554936",0.0
"0.0,0.0,0.0,2.8652207e-07,0.005789075,0.993462,-0.16479532,-0.021637427,0.3483126","0.06799197,-0.87570006,0.92109144","0.0064927265,-0.120404266,0.09895346,-0.121614985,0.0033093877,0.97445595,-0.16479532,-0.021637427,0.3483126",0.0
"0.0064927265,-0.120404266,0.09895346,-0.121614985,0.0033093877,0.97445595,-0.16479532,-0.021637427,0.3483126","-0.11803478,-0.82553643,0.9322102","-0.0047787484,-0.2339113,0.19910146,-0.21848015,0.009070017,0.922479,-0.16479532,-0.021637427,0.3483126",0.0
"-0.0047787484,-0.2339113,0.19910146,-0.21848015,0.009070017,0.922479,-0.16479532,-0.021637427,0.3483126","-0.09962642,-0.6911995,0.9361427","-0.014292356,-0.32894772,0.29967192,-0.26505375,0.017704127,0.85321444,-0.16479532,-0.021637427,0.3483126",0.0
"-0.014292356,-0.32894772,0.29967192,-0.26505375,0.017704127,0.85321444,-0.16479532,-0.021637427,0.3483126","-0.0044703484,-0.56158954,0.94283915","-0.014719246,-0.40616345,0.4009618,-0.26657522,0.018131066,0.7751922,-0.16479532,-0.021637427,0.3483126",0.0
"-0.014719246,-0.40616345,0.4009618,-0.26657522,0.018131066,0.7751922,-0.16479532,-0.021637427,0.3483126","0.06614351,-0.5291167,0.9503238","-0.008403025,-0.47891435,0.50305575,-0.2510878,0.012421001,0.6825173,-0.16479532,-0.021637427,0.3483126",0.0
"-0.008403025,-0.47891435,0.50305575,-0.2510878,0.012421001,0.6825173,-0.16479532,-0.021637427,0.3483126","0.25656128,-0.6872346,0.9456351","0.016096713,-0.57340556,0.60464597,-0.25730458,-0.0072261677,0.56201726,-0.16479532,-0.021637427,0.3483126",0.0
"0.016096713,-0.57340556,0.60464597,-0.25730458,-0.0072261677,0.56201726,-0.16479532,-0.021637427,0.3483126","0.26905298,-0.5343081,0.93108344","0.04178932,-0.64687026,0.7046729,-0.22265635,-0.023561027,0.4443869,-0.16479532,-0.021637427,0.3483126",0.0
"0.04178932,-0.64687026,0.7046729,-0.22265635,-0.023561027,0.4443869,-0.16479532,-0.021637427,0.3483126","0.082093954,-0.25001884,0.73912215","0.049628697,-0.6812466,0.7840773,-0.16793966,-0.02053804,0.35500515,-0.16479532,-0.021637427,0.3483126",0.0
"0.0,0.0,0.0,2.8652207e-07,0.005789075,0.993462,0.05380117,-0.049181286,0.2237676","-0.8330109,-0.40210867,0.96667624","-0.0795465,-0.05528789,0.10385067,0.025475638,-0.00052767975,0.9814489,0.05380117,-0.049181286,0.2237676",0.0
"-0.0795465,-0.05528789,0.10385067,0.025475638,-0.00052767975,0.9814489,0.05380117,-0.049181286,0.2237676","-0.62003946,-0.17539215,0.9662355","-0.13875578,-0.07940343,0.20765403,0.104487956,-0.042284064,0.93961346,0.05380117,-0.049181286,0.2237676",0.0
"-0.13875578,-0.07940343,0.20765403,0.104487956,-0.042284064,0.93961346,0.05380117,-0.049181286,0.2237676","-0.37104237,-0.3104639,0.9586804","-0.17418765,-0.122090645,0.3106457,0.13340047,-0.07450134,0.8759983,0.05380117,-0.049181286,0.2237676",0.0
"-0.17418765,-0.122090645,0.3106457,0.13340047,-0.07450134,0.8759983,0.05380117,-0.049181286,0.2237676","-0.088998795,-0.32887506,0.9434817","-0.18268642,-0.1673093,0.4120046,0.15192461,-0.091329075,0.7933084,0.05380117,-0.049181286,0.2237676",0.0
"-0.18268642,-0.1673093,0.4120046,0.15192461,-0.091329075,0.7933084,0.05380117,-0.049181286,0.2237676","-0.01733303,-0.2513156,0.9349432","-0.18434161,-0.20186393,0.5124462,0.17682339,-0.1087116,0.6882022,0.05380117,-0.049181286,0.2237676",0.0
"-0.18434161,-0.20186393,0.5124462,0.17682339,-0.1087116,0.6882022,0.05380117,-0.049181286,0.2237676","-0.029635012,-0.4191364,0.92201614","-0.18717155,-0.25949305,0.6114991,0.16091774,-0.10032414,0.5809776,0.05380117,-0.049181286,0.2237676",0.0
"-0.18717155,-0.25949305,0.6114991,0.16091774,-0.10032414,0.5809776,0.05380117,-0.049181286,0.2237676","-0.20370704,-0.501484,0.9040444","-0.20662409,-0.32844454,0.70862114,0.12442166,-0.08714775,0.4683707,0.05380117,-0.049181286,0.2237676",0.0
"-0.20662409,-0.32844454,0.70862114,0.12442166,-0.08714775,0.4683707,0.05380117,-0.049181286,0.2237676","-0.32092154,-0.5573517,0.87613225","-0.23726976,-0.40507755,0.80274475,0.08228416,-0.06807394,0.3505389,0.05380117,-0.049181286,0.2237676",0.0
"-0.23726976,-0.40507755,0.80274475,0.08228416,-0.06807394,0.3505389,0.05380117,-0.049181286,0.2237676","-0.3572117,-0.46503472,0.6942961","-0.27138087,-0.4690175,0.8773335,0.05231584,-0.05106456,0.24991067,0.05380117,-0.049181286,0.2237676",0.0
"-0.27138087,-0.4690175,0.8773335,0.05231584,-0.05106456,0.24991067,0.05380117,-0.049181286,0.2237676","-0.055844128,-0.09229028,0.17315412","-0.2767136,-0.48170698,0.8959356,0.04799278,-0.047837924,0.22329992,0.05380117,-0.049181286,0.2237676",0.0
"0.0,0.0,0.0,2.8652207e-07,0.005789075,0.993462,-0.02374269,-0.21672514,0.47566882","-0.8706279,0.24159169,0.9426305","-0.083138645,0.03321761,0.101267405,0.20408623,-0.04855881,0.9571055,-0.02374269,-0.21672514,0.47566882",0.0
"-0.083138645,0.03321761,0.101267405,0.20408623,-0.04855881,0.9571055,-0.02374269,-0.21672514,0.47566882","-0.8708561,-0.1026687,0.94202614","-0.16629909,0.01910118,0.2024699,0.26791477,-0.14758845,0.893104,-0.02374269,-0.21672514,0.47566882",0.0
"-0.16629909,0.01910118,0.2024699,0.26791477,-0.14758845,0.893104,-0.02374269,-0.21672514,0.47566882","-0.86148846,-0.3651002,0.9207864","-0.24856497,-0.031098234,0.30139062,0.22846735,-0.21826676,0.8330344,-0.02374269,-0.21672514,0.47566882",0.0
"-0.24856497,-0.031098234,0.30139062,0.22846735,-0.21826676,0.8330344,-0.02374269,-0.21672514,0.47566882","-0.8338586,-0.39389145,0.8964428","-0.3281924,-0.0852563,0.3976961,0.16314074,-0.26105085,0.76156706,-0.02374269,-0.21672514,0.47566882",0.0
"-0.3281924,-0.0852563,0.3976961,0.16314074,-0.26105085,0.76156706,-0.02374269,-0.21672514,0.47566882","-0.7912992,-0.37811852,0.8769593","-0.40375575,-0.13724567,0.49190846,0.09302066,-0.27877635,0.6762151,-0.02374269,-0.21672514,0.47566882",0.0
"-0.40375575,-0.13724567,0.49190846,0.09302066,-0.27877635,0.6762151,-0.02374269,-0.21672514,0.47566882","-0.75363564,-0.40686345,0.86188483","-0.47572246,-0.19318733,0.5845013,0.026020937,-0.26453972,0.58308816,-0.02374269,-0.21672514,0.47566882",0.0
"-0.47572246,-0.19318733,0.5845013,0.026020937,-0.26453972,0.58308816,-0.02374269,-0.21672514,0.47566882","-0.57331395,-0.40895313,0.72535634","-0.5304698,-0.2494163,0.6624269,-0.015903955,-0.22619963,0.50116986,-0.02374269,-0.21672514,0.47566882",0.0
"-0.5304698,-0.2494163,0.6624269,-0.015903955,-0.22619963,0.50116986,-0.02374269,-0.21672514,0.47566882","-0.16739517,-0.06884313,0.18604207","-0.54645485,-0.25888193,0.6824135,-0.026603231,-0.22079457,0.47610894,-0.02374269,-0.21672514,0.47566882",0.0
"0.0,0.0,0.0,2.8652207e-07,0.005789075,0.993462,0.049707603,0.12777777,0.36001524","0.91228926,0.0855397,0.9601631","0.087117,0.011761261,0.10315094,0.1591951,0.05070393,0.96599925,0.049707603,0.12777777,0.36001524",0.0
"0.087117,0.011761261,0.10315094,0.1591951,0.05070393,0.96599925,0.049707603,0.12777777,0.36001524","0.7626877,-0.36193448,0.95333266","0.15994814,-0.038002886,0.20556813,0.16800548,0.09893205,0.92549264,0.049707603,0.12777777,0.36001524",0.0
"0.15994814,-0.038002886,0.20556813,0.16800548,0.09893205,0.92549264,0.049707603,0.12777777,0.36001524","0.74605024,-0.3934213,0.9574392","0.23119052,-0.092096314,0.30842647,0.15170829,0.14250433,0.8648405,0.049707603,0.12777777,0.36001524",0.0
"0.23119052,-0.092096314,0.30842647,0.15170829,0.14250433,0.8648405,0.049707603,0.12777777,0.36001524","0.6828699,-0.43564475,0.961447","0.29639962,-0.15199524,0.41171542,0.11713652,0.16714789,0.7865124,0.049707603,0.12777777,0.36001524",0.0
"0.29639962,-0.15199524,0.41171542,0.11713652,0.16714789,0.7865124,0.049707603,0.12777777,0.36001524","0.46191573,-0.4946674,0.961216","0.3405092,-0.22000949,0.51497954,0.081782825,0.16138059,0.6935251,0.049707603,0.12777777,0.36001524",0.0
"0.3405092,-0.22000949,0.51497954,0.081782825,0.16138059,0.6935251,0.049707603,0.12777777,0.36001524","0.33595288,-0.45836884,0.9565749","0.37259027,-0.28303286,0.61774504,0.057466652,0.1506771,0.58225095,0.049707603,0.12777777,0.36001524",0.0
"0.37259027,-0.28303286,0.61774504,0.057466652,0.1506771,0.58225095,0.049707603,0.12777777,0.36001524","0.20105398,-0.3967737,0.9436519","0.39178947,-0.33758724,0.71912223,0.043167982,0.13941564,0.456049,0.049707603,0.12777777,0.36001524",0.0
"0.39178947,-0.33758724,0.71912223,0.043167982,0.13941564,0.456049,0.049707603,0.12777777,0.36001524","0.020336509,-0.26717806,0.71249163","0.39373147,-0.37432286,0.79566574,0.038099997,0.1275186,0.35240644,0.049707603,0.12777777,0.36001524",0.0
"0.0,0.0,0.0,2.8652207e-07,0.005789075,0.993462,0.047192983,0.16274853,0.49515146","0.8525828,-0.16116774,0.9538305","0.08141547,-0.022159748,0.10247063,0.089379676,0.029356694,0.9770862,0.047192983,0.16274853,0.49515146",0.0
"0.08141547,-0.022159748,0.10247063,0.089379676,0.029356694,0.9770862,0.047192983,0.16274853,0.49515146","0.81671715,-0.108891845,0.9429256","0.15940604,-0.037131835,0.20376976,0.16778654,0.0984337,0.926399,0.047192983,0.16274853,0.49515146",0.0
"0.15940604,-0.037131835,0.20376976,0.16778654,0.0984337,0.926399,0.047192983,0.16274853,0.49515146","0.8232782,-0.32302678,0.9467938","0.23802312,-0.08154637,0.30548447,0.16106692,0.15727642,0.86211103,0.047192983,0.16274853,0.49515146",0.0
"0.23802312,-0.08154637,0.30548447,0.16106692,0.15727642,0.86211103,0.047192983,0.16274853,0.49515146","0.7638972,-0.45716584,0.9497689","0.3109697,-0.14440435,0.40751883,0.11463191,0.18013267,0.7874393,0.047192983,0.16274853,0.49515146",0.0
"0.3109697,-0.14440435,0.40751883,0.11463191,0.18013267,0.7874393,0.047192983,0.16274853,0.49515146","0.64534557,-0.45781446,0.9492229","0.37259555,-0.2073515,0.50949454,0.07124399,0.18324775,0.6947341,0.047192983,0.16274853,0.49515146",0.0
"0.37259555,-0.2073515,0.50949454,0.07124399,0.18324775,0.6947341,0.047192983,0.16274853,0.49515146","0.4696163,-0.4143337,0.9352901","0.4174405,-0.26432028,0.60997343,0.041090414,0.17743103,0.5853232,0.047192983,0.16274853,0.49515146",0.0
"0.4174405,-0.26432028,0.60997343,0.041090414,0.17743103,0.5853232,0.047192983,0.16274853,0.49515146","0.104026556,-0.26809013,0.68284655","0.42737424,-0.30118132,0.6833321,0.033445325,0.16963199,0.4951261,0.047192983,0.16274853,0.49515146",0.0
"0.0,0.0,0.0,2.8652207e-07,0.005789075,0.993462,0.27222222,-0.09959064,0.43591902","-0.4612404,0.08274746,0.976161","-0.044045113,0.011377341,0.104869604,0.1676323,-0.017499944,0.9653233,0.27222222,-0.09959064,0.43591902",0.0
"-0.044045113,0.011377341,0.104869604,0.1676323,-0.017499944,0.9653233,0.27222222,-0.09959064,0.43591902","-0.25609863,-0.12314415,0.9718933","-0.068500675,-0.0055543585,0.20928076,0.25992227,-0.050889507,0.90435284,0.27222222,-0.09959064,0.43591902",0.0
"-0.068500675,-0.0055543585,0.20928076,0.25992227,-0.050889507,0.90435284,0.27222222,-0.09959064,0.43591902","-0.066917,-0.18501115,0.96073556","-0.07489077,-0.030992456,0.31249323,0.3193702,-0.07060491,0.82064843,0.27222222,-0.09959064,0.43591902",0.0
"-0.07489077,-0.030992456,0.31249323,0.3193702,-0.07060491,0.82064843,0.27222222,-0.09959064,0.43591902","-0.093976915,-0.17964059,0.94264483","-0.08386488,-0.05569213,0.41376218,0.35850376,-0.09070685,0.7163024,0.27222222,-0.09959064,0.43591902",0.0
"-0.08386488,-0.05569213,0.41376218,0.35850376,-0.09070685,0.7163024,0.27222222,-0.09959064,0.43591902","-0.054997742,-0.25517297,0.9136996","-0.08911677,-0.090777114,0.5119215,0.36128217,-0.09785234,0.6097354,0.27222222,-0.09959064,0.43591902",0.0
"-0.08911677,-0.090777114,0.5119215,0.36128217,-0.09785234,0.6097354,0.27222222,-0.09959064,0.43591902","-0.11765474,-0.43861067,0.8738779","-0.10035195,-0.15108383,0.60580283,0.31475464,-0.09656577,0.5205722,0.27222222,-0.09959064,0.43591902",0.0
"-0.10035195,-0.15108383,0.60580283,0.31475464,-0.09656577,0.5205722,0.27222222,-0.09959064,0.43591902","-0.16214359,-0.2951361,0.61220574","-0.115835495,-0.19166353,0.6715725,0.2787676,-0.099979624,0.4502492,0.27222222,-0.09959064,0.43591902",0.0
"0.0,0.0,0.0,2.8652207e-07,0.005789075,0.993462,0.16777779,0.39690056,0.47972226","0.94628143,0.80814314,0.9208574","0.09036302,0.111115515,0.09892829,0.35021812,0.108211674,0.9037796,0.16777779,0.39690056,0.47972226",0.0
"0.09036302,0.111115515,0.09892829,0.35021812,0.108211674,0.9037796,0.16777779,0.39690056,0.47972226","0.9519267,0.19362116,0.9018612","0.18126512,0.13773744,0.19581583,0.43569767,0.28581202,0.7797521,0.16777779,0.39690056,0.47972226",0.0
"0.18126512,0.13773744,0.19581583,0.43569767,0.28581202,0.7797521,0.16777779,0.39690056,0.47972226","0.9205947,-0.3721043,0.893651","0.26917523,0.086575024,0.29182136,0.33694464,0.3889282,0.724879,0.16777779,0.39690056,0.47972226",0.0
"0.26917523,0.086575024,0.29182136,0.33694464,0.3889282,0.724879,0.16777779,0.39690056,0.47972226","0.800215,-0.39941984,0.9103949","0.34558997,0.03165685,0.3896257,0.22425833,0.43787307,0.6578712,0.16777779,0.39690056,0.47972226",0.0
"0.34558997,0.03165685,0.3896257,0.22425833,0.43787307,0.6578712,0.16777779,0.39690056,0.47972226","0.43546307,-0.42031157,0.9248842","0.38717353,-0.026133832,0.4889866,0.15239792,0.42847487,0.5785407,0.16777779,0.39690056,0.47972226",0.0
"0.38717353,-0.026133832,0.4889866,0.15239792,0.42847487,0.5785407,0.16777779,0.39690056,0.47972226","-0.029700875,-0.24597818,0.72549117","0.3843373,-0.059954572,0.5669266,0.14814317,0.4058862,0.49582723,0.16777779,0.39690056,0.47972226",0.0
"0.3843373,-0.059954572,0.5669266,0.14814317,0.4058862,0.49582723,0.16777779,0.39690056,0.47972226","-0.09861034,0.003651619,0.08544612","0.37492073,-0.0594525,0.57610613,0.16082618,0.4031178,0.48104787,0.16777779,0.39690056,0.47972226",0.0
"0.0,0.0,0.0,2.8652207e-07,0.005789075,0.993462,-0.007426901,0.0056725144,0.64963955","-0.027031183,-0.6962167,0.9477103","-0.0025812963,-0.09572624,0.101813145,-0.06472456,0.0063143373,0.97986573,-0.007426901,0.0056725144,0.64963955",0.0
"-0.0025812963,-0.09572624,0.101813145,-0.06472456,0.0063143373,0.97986573,-0.007426901,0.0056725144,0.64963955","0.13139951,-0.5033975,0.9462621","0.009966389,-0.16494083,0.20347072,-0.07076737,0.0035754328,0.9459875,-0.007426901,0.0056725144,0.64963955",0.0
"0.009966389,-0.16494083,0.20347072,-0.07076737,0.0035754328,0.9459875,-0.007426901,0.0056725144,0.64963955","0.16155934,-0.41080582,0.9413879","0.025394121,-0.22142456,0.30460468,-0.050226938,0.0017920944,0.89291286,-0.007426901,0.0056725144,0.64963955",0.0
"0.025394121,-0.22142456,0.30460468,-0.050226938,0.0017920944,0.89291286,-0.007426901,0.0056725144,0.64963955","0.18490505,-0.3670516,0.9278374","0.0430512,-0.27189234,0.4042829,-0.021615557,0.0029010251,0.8207556,-0.007426901,0.0056725144,0.64963955",0.0
"0.0430512,-0.27189234,0.4042829,-0.021615557,0.0029010251,0.8207556,-0.007426901,0.0056725144,0.64963955","0.022664785,-0.44126904,0.89147615","0.045215514,-0.3325646,0.50005484,-0.017767875,0.0033070077,0.73318344,-0.007426901,0.0056725144,0.64963955",0.0
"0.045215514,-0.3325646,0.50005484,-0.017767875,0.0033070077,0.73318344,-0.007426901,0.0056725144,0.64963955","-0.22362995,-0.29492235,0.6573154","0.02386047,-0.37311497,0.57067066,-0.0082514575,0.0051857694,0.65888715,-0.007426901,0.0056725144,0.64963955",0.0
"0.0,0.0,0.0,2.8652207e-07,0.005789075,0.993462,-0.2897661,-0.0057894737,0.43591902","-0.22919697,-0.9530147,0.85607874","-0.02188666,-0.13103463,0.09196911,-0.15313974,0.01634925,0.9708004,-0.2897661,-0.0057894737,0.43591902",0.0
"-0.02188666,-0.13103463,0.09196911,-0.15313974,0.01634925,0.9708004,-0.2897661,-0.0057894737,0.43591902","-0.24904561,-0.93699294,0.9032557","-0.045668714,-0.2598664,0.18900649,-0.2812516,0.046480317,0.9065835,-0.2897661,-0.0057894737,0.43591902",0.0
"-0.045668714,-0.2598664,0.18900649,-0.2812516,0.046480317,0.9065835,-0.2897661,-0.0057894737,0.43591902","-0.069863796,-0.88463557,0.9136081","-0.052340206,-0.3814993,0.28715605,-0.3746172,0.06802864,0.8126126,-0.2897661,-0.0057894737,0.43591902",0.0
"-0.052340206,-0.3814993,0.28715605,-0.3746172,0.06802864,0.8126126,-0.2897661,-0.0057894737,0.43591902","0.09543514,-0.7763835,0.9099692","-0.04322685,-0.48824805,0.3849147,-0.422849,0.06362179,0.7085054,-0.2897661,-0.0057894737,0.43591902",0.0
"-0.04322685,-0.48824805,0.3849147,-0.422849,0.06362179,0.7085054,-0.2897661,-0.0057894737,0.43591902","0.21520984,-0.6159933,0.9167893","-0.022675872,-0.57294405,0.48340598,-0.41766444,0.035608236,0.61237895,-0.2897661,-0.0057894737,0.43591902",0.0
"-0.022675872,-0.57294405,0.48340598,-0.41766444,0.035608236,0.61237895,-0.2897661,-0.0057894737,0.43591902","0.21237683,-0.40693003,0.9047029","-0.0023954264,-0.62889487,0.58059883,-0.3611005,0.008506855,0.53276193,-0.2897661,-0.0057894737,0.43591902",0.0
"-0.0023954264,-0.62889487,0.58059883,-0.3611005,0.008506855,0.53276193,-0.2897661,-0.0057894737,0.43591902","0.14325297,-0.28468692,0.75735605","0.011284191,-0.6680379,0.6619621,-0.30047762,-0.0048635015,0.46125048,-0.2897661,-0.0057894737,0.43591902",0.0
"0.011284191,-0.6680379,0.6619621,-0.30047762,-0.0048635015,0.46125048,-0.2897661,-0.0057894737,0.43591902","0.012493372,-0.1018973,0.21924627","0.012477215,-0.6820483,0.6855159,-0.28579274,-0.005414629,0.43662673,-0.2897661,-0.0057894737,0.43591902",0.0
"0.0,0.0,0.0,2.8652207e-07,0.005789075,0.993462,-0.42409357,0.07660819,0.47972226","-0.3085069,-0.9795948,0.2998525","-0.02946018,-0.13468926,0.032213368,-0.24281415,0.028351253,0.95819527,-0.42409357,0.07660819,0.47972226",0.0
"-0.02946018,-0.13468926,0.032213368,-0.24281415,0.028351253,0.95819527,-0.42409357,0.07660819,0.47972226","-0.41023213,-0.92798203,0.8235402","-0.06863438,-0.26228207,0.12068687,-0.37401634,0.08784586,0.8900456,-0.42409357,0.07660819,0.47972226",0.0
"-0.06863438,-0.26228207,0.12068687,-0.37401634,0.08784586,0.8900456,-0.42409357,0.07660819,0.47972226","-0.20388699,-0.8350515,0.8887769","-0.088104114,-0.3770974,0.21616879,-0.45142308,0.13425826,0.80341184,-0.42409357,0.07660819,0.47972226",0.0
"-0.088104114,-0.3770974,0.21616879,-0.45142308,0.13425826,0.80341184,-0.42409357,0.07660819,0.47972226","-0.012579322,-0.77593774,0.9124658","-0.08930535,-0.48378488,0.31419563,-0.49673986,0.14916638,0.7043753,-0.42409357,0.07660819,0.47972226",0.0
"-0.08930535,-0.48378488,0.31419563,-0.49673986,0.14916638,0.7043753,-0.42409357,0.07660819,0.47972226","0.19153082,-0.68239486,0.9064261","-0.071015544,-0.57761073,0.41157356,-0.51157683,0.12200208,0.60637534,-0.42409357,0.07660819,0.47972226",0.0
"-0.071015544,-0.57761073,0.41157356,-0.51157683,0.12200208,0.60637534,-0.42409357,0.07660819,0.47972226","0.2341466,-0.49303097,0.8868654","-0.048656244,-0.6454,0.5068501,-0.4775182,0.07942416,0.53043526,-0.42409357,0.07660819,0.47972226",0.0
"-0.048656244,-0.6454,0.5068501,-0.4775182,0.07942416,0.53043526,-0.42409357,0.07660819,0.47972226","-0.0075158477,-0.21924478,0.60905147","-0.04937395,-0.6755451,0.57228094,-0.42387918,0.07214116,0.49012482,-0.42409357,0.07660819,0.47972226",0.0
"0.0,0.0,0.0,2.8652207e-07,0.005789075,0.993462,0.015438597,0.0374269,0.52215254","0.940779,0.05049956,0.9624729","0.08983756,0.0069434205,0.1033991,0.14927608,0.049313698,0.96778584,0.015438597,0.0374269,0.52215254",0.0
"0.08983756,0.0069434205,0.1033991,0.14927608,0.049313698,0.96778584,0.015438597,0.0374269,0.52215254","0.8322748,-0.5993581,0.9531847","0.16931376,-0.075465254,0.20580038,0.09904028,0.06500158,0.93965316,0.015438597,0.0374269,0.52215254",0.0
"0.16931376,-0.075465254,0.20580038,0.09904028,0.06500158,0.93965316,0.015438597,0.0374269,0.52215254","0.73429465,-0.55463755,0.95465064","0.23943354,-0.15172508,0.30835915,0.06334502,0.06720164,0.8867648,0.015438597,0.0374269,0.52215254",0.0
"0.23943354,-0.15172508,0.30835915,0.06334502,0.06720164,0.8867648,0.015438597,0.0374269,0.52215254","0.5768436,-0.482049,0.95441484","0.2945179,-0.21800438,0.41089264,0.046450302,0.07129396,0.8106859,0.015438597,0.0374269,0.52215254",0.0
"0.2945179,-0.21800438,0.41089264,0.046450302,0.07129396,0.8106859,0.015438597,0.0374269,0.52215254","0.33644533,-0.57026196,0.95103765","0.32664597,-0.2964125,0.5130633,0.024055991,0.05088984,0.7179422,0.015438597,0.0374269,0.52215254",0.0
"0.32664597,-0.2964125,0.5130633,0.024055991,0.05088984,0.7179422,0.015438597,0.0374269,0.52215254","0.29263806,-0.5212617,0.93342733","0.3545908,-0.36808333,0.61334205,0.0120441755,0.037630517,0.60892254,0.015438597,0.0374269,0.52215254",0.0
"0.3545908,-0.36808333,0.61334205,0.0120441755,0.037630517,0.60892254,0.015438597,0.0374269,0.52215254","0.10933423,-0.30136693,0.6776998","0.36503142,-0.4095198,0.6861478,0.011850441,0.04032428,0.5195766,0.015438597,0.0374269,0.52215254",0.0
"0.0,0.0,0.0,2.8652207e-07,0.005789075,0.993462,-0.110409364,0.41239765,0.7237781","0.9648442,0.500437,0.8990996","0.09213562,0.06880751,0.09659085,0.2645203,0.08481905,0.9386979,-0.110409364,0.41239765,0.7237781",0.0
"0.09213562,0.06880751,0.09659085,0.2645203,0.08481905,0.9386979,-0.110409364,0.41239765,0.7237781","0.9815661,-0.4267543,0.74931526","0.18586805,0.010130984,0.17709029,0.21197475,0.14700943,0.9203739,-0.110409364,0.41239765,0.7237781",0.0
"0.18586805,0.010130984,0.17709029,0.21197475,0.14700943,0.9203739,-0.110409364,0.41239765,0.7237781","0.97296035,-0.14696127,0.7133076","0.27877873,-0.010075449,0.25372142,0.1915514,0.23878649,0.86669034,-0.110409364,0.41239765,0.7237781",0.0
"0.27877873,-0.010075449,0.25372142,0.1915514,0.23878649,0.86669034,-0.110409364,0.41239765,0.7237781","0.97034717,-0.06865239,0.6445906","0.37143984,-0.019514814,0.32297027,0.13523494,0.331162,0.79897046,-0.110409364,0.41239765,0.7237781",0.0
"0.37143984,-0.019514814,0.32297027,0.13523494,0.331162,0.79897046,-0.110409364,0.41239765,0.7237781","0.94004416,0.058830738,0.31058943","0.46120724,-0.011425903,0.35633713,0.042900298,0.39790097,0.75023574,-0.110409364,0.41239765,0.7237781",0.0
"0.46120724,-0.011425903,0.35633713,0.042900298,0.39790097,0.75023574,-0.110409364,0.41239765,0.7237781","0.797763,0.061739326,0.13573337","0.53738785,-0.0029370745,0.3709191,-0.055593647,0.42171478,0.7225391,-0.110409364,0.41239765,0.7237781",0.0
"0.53738785,-0.0029370745,0.3709191,-0.055593647,0.42171478,0.7225391,-0.110409364,0.41239765,0.7237781","0.38363433,-0.042569995,0.019832611","0.5740221,-0.008790241,0.37304977,-0.101792276,0.4046804,0.7257096,-0.110409364,0.41239765,0.7237781",0.0
"0.0,0.0,0.0,2.8652207e-07,0.005789075,0.993462,-0.029824562,0.42988303,0.47972226","0.94736433,0.8528123,0.9180082","0.09046643,0.11725731,0.098622195,0.36155355,0.11164692,0.8984394,-0.029824562,0.42988303,0.47972226",0.0
"0.09046643,0.11725731,0.098622195,0.36155355,0.11164692,0.8984394,-0.029824562,0.42988303,0.47972226","0.95313454,-0.43388414,0.8747947","0.18148386,0.05760047,0.19260198,0.30825397,0.20452292,0.8705057,-0.029824562,0.42988303,0.47972226",0.0
"0.18148386,0.05760047,0.19260198,0.30825397,0.20452292,0.8705057,-0.029824562,0.42988303,0.47972226","0.94518065,-0.3446629,0.8623762","0.27174175,0.010211087,0.28524762,0.24286291,0.28734156,0.8161688,-0.029824562,0.42988303,0.47972226",0.0
"0.27174175,0.010211087,0.28524762,0.24286291,0.28734156,0.8161688,-0.029824562,0.42988303,0.47972226","0.9253547,-0.23028898,0.853907","0.36010644,-0.021452475,0.37698343,0.1646129,0.36373255,0.73310506,-0.029824562,0.42988303,0.47972226",0.0
"0.36010644,-0.021452475,0.37698343,0.1646129,0.36373255,0.73310506,-0.029824562,0.42988303,0.47972226","0.8680706,-0.19042182,0.864259","0.44300085,-0.0476345,0.46983138,0.06843261,0.4105763,0.6298399,-0.029824562,0.42988303,0.47972226",0.0
"0.44300085,-0.0476345,0.46983138,0.06843261,0.4105763,0.6298399,-0.029824562,0.42988303,0.47972226","0.70080185,-0.13450539,0.8405411","0.5099224,-0.066128306,0.56013125,-0.018979985,0.4228792,0.5127792,-0.029824562,0.42988303,0.47972226",0.0
"0.5099224,-0.066128306,0.56013125,-0.018979985,0.4228792,0.5127792,-0.029824562,0.42988303,0.47972226","0.16301692,0.0064195395,0.17026865","0.52548933,-0.065245666,0.5784234,-0.03996847,0.42566255,0.4835339,-0.029824562,0.42988303,0.47972226",0.0
"0.0,0.0,0.0,2.8652207e-07,0.005789075,0.993462,-0.061169595,0.0397076,0.2237676","-0.7568443,-0.7388957,0.9493679","-0.07227315,-0.10159438,0.10199122,-0.073810816,0.022994636,0.978831,-0.061169595,0.0397076,0.2237676",0.0
"-0.07227315,-0.10159438,0.10199122,-0.073810816,0.022994636,0.978831,-0.061169595,0.0397076,0.2237676","-0.57198375,-0.721547,0.9572185","-0.12689345,-0.20080341,0.20482588,-0.1294675,0.06081358,0.93628216,-0.061169595,0.0397076,0.2237676",0.0
"-0.12689345,-0.20080341,0.20482588,-0.1294675,0.06081358,0.93628216,-0.061169595,0.0397076,0.2237676","-0.496081,-0.62840414,0.95734143","-0.1742656,-0.2872058,0.30767372,-0.14604318,0.09581299,0.8734513,-0.061169595,0.0397076,0.2237676",0.0
"-0.1742656,-0.2872058,0.30767372,-0.14604318,0.09581299,0.8734513,-0.061169595,0.0397076,0.2237676","-0.27040094,-0.5173409,0.955323","-0.20008692,-0.35833755,0.41030475,-0.1342701,0.10476642,0.796428,-0.061169595,0.0397076,0.2237676",0.0
"-0.20008692,-0.35833755,0.41030475,-0.1342701,0.10476642,0.796428,-0.061169595,0.0397076,0.2237676","-0.07192999,-0.5273117,0.9537029","-0.20695573,-0.43084025,0.5127617,-0.12619899,0.10324441,0.700563,-0.061169595,0.0397076,0.2237676",0.0
"-0.20695573,-0.43084025,0.5127617,-0.12619899,0.10324441,0.700563,-0.061169595,0.0397076,0.2237676","0.18738902,-0.5782827,0.9508209","-0.18906143,-0.5103512,0.61490905,-0.12901005,0.094105996,0.58614534,-0.061169595,0.0397076,0.2237676",0.0
"-0.18906143,-0.5103512,0.61490905,-0.12901005,0.094105996,0.58614534,-0.061169595,0.0397076,0.2237676","0.25762844,-0.5609119,0.9433491","-0.1644598,-0.58747375,0.7162537,-0.12286297,0.07646237,0.46033427,-0.061169595,0.0397076,0.2237676",0.0
"-0.1644598,-0.58747375,0.7162537,-0.12286297,0.07646237,0.46033427,-0.061169595,0.0397076,0.2237676","0.29689312,-0.5553265,0.9313065","-0.13610865,-0.6638283,0.8163047,-0.10780587,0.055491205,0.32626098,-0.061169595,0.0397076,0.2237676",0.0
"-0.13610865,-0.6638283,0.8163047,-0.10780587,0.055491205,0.32626098,-0.061169595,0.0397076,0.2237676","0.0624367,-0.2381711,0.71863484","-0.13014641,-0.6965757,0.89350814,-0.07072451,0.036953364,0.22372627,-0.061169595,0.0397076,0.2237676",0.0
"0.0,0.0,0.0,2.8652207e-07,0.005789075,0.993462,-0.34596494,-0.18064328,0.8230218","0.66520894,-0.92769027,0.49687123","0.063522615,-0.12755266,0.05337922,-0.19737476,-0.034013472,0.967543,-0.34596494,-0.18064328,0.8230218",0.0
"0.063522615,-0.12755266,0.05337922,-0.19737476,-0.034013472,0.967543,-0.34596494,-0.18064328,0.8230218","0.6864872,-0.8504598,0.790408","0.12907715,-0.24448654,0.13829331,-0.30059788,-0.12274727,0.910656,-0.34596494,-0.18064328,0.8230218",0.0
"0.12907715,-0.24448654,0.13829331,-0.30059788,-0.12274727,0.910656,-0.34596494,-0.18064328,0.8230218","0.39538884,-0.64371383,0.7341064","0.16683392,-0.33299392,0.21715888,-0.33898008,-0.18926139,0.8499212,-0.34596494,-0.18064328,0.8230218",0.0
"0.16683392,-0.33299392,0.21715888,-0.33898008,-0.18926139,0.8499212,-0.34596494,-0.18064328,0.8230218","-0.022768915,-0.27746034,0.4561782","0.16465965,-0.37114337,0.26616648,-0.34277278,-0.18836859,0.82077205,-0.34596494,-0.18064328,0.8230218",0.0
"0.0,0.0,0.0,2.8652207e-07,0.005789075,0.993462,0.1634503,-0.0057894737,0.62760717","0.116979,-0.17250597,0.95952857","0.011170639,-0.023718696,0.10308278,0.09113877,0.008992387,0.977214,0.1634503,-0.0057894737,0.62760717",0.0
"0.011170639,-0.023718696,0.10308278,0.09113877,0.008992387,0.977214,0.1634503,-0.0057894737,0.62760717","0.09057927,-0.19249058,0.94801307","0.019820292,-0.050185177,0.20492847,0.16852236,0.016307382,0.93136114,0.1634503,-0.0057894737,0.62760717",0.0
"0.019820292,-0.050185177,0.20492847,0.16852236,0.016307382,0.93136114,0.1634503,-0.0057894737,0.62760717","-0.057147145,-0.24111545,0.9326637","0.014363145,-0.08333734,0.30512518,0.22073734,0.015762059,0.8634353,0.1634503,-0.0057894737,0.62760717",0.0
"0.014363145,-0.08333734,0.30512518,0.22073734,0.015762059,0.8634353,0.1634503,-0.0057894737,0.62760717","-0.16893959,-0.3492862,0.91083646","-0.0017693696,-0.13136242,0.402977,0.23221177,0.004498357,0.7855865,0.1634503,-0.0057894737,0.62760717",0.0
"-0.0017693696,-0.13136242,0.402977,0.23221177,0.004498357,0.7855865,0.1634503,-0.0057894737,0.62760717","-0.11562115,-0.4832204,0.8766936","-0.01281036,-0.19780277,0.49716085,0.20201774,-0.002340822,0.7059036,0.1634503,-0.0057894737,0.62760717",0.0
"-0.01281036,-0.19780277,0.49716085,0.20201774,-0.002340822,0.7059036,0.1634503,-0.0057894737,0.62760717","-0.101302445,-0.38876927,0.6304743","-0.022484018,-0.25125656,0.5648932,0.17090291,-0.006288329,0.6416579,0.1634503,-0.0057894737,0.62760717",0.0
"0.0,0.0,0.0,2.8652207e-07,0.005789075,0.993462,0.009181287,0.0016374269,0.64963955","-0.8374205,-0.6737034,0.9464097","-0.079967596,-0.09263077,0.101673424,-0.055064164,0.020108875,0.9803475,0.009181287,0.0016374269,0.64963955",0.0
"-0.079967596,-0.09263077,0.101673424,-0.055064164,0.020108875,0.9803475,0.009181287,0.0016374269,0.64963955","-0.76161563,-0.40731454,0.94057035","-0.15269637,-0.14863445,0.20271955,-0.030809965,0.022554418,0.94840443,0.009181287,0.0016374269,0.64963955",0.0
"-0.15269637,-0.14863445,0.20271955,-0.030809965,0.022554418,0.94840443,0.009181287,0.0016374269,0.64963955","-0.7604823,-0.38450795,0.9346099","-0.22531694,-0.20150235,0.30312535,-0.0057179006,0.012513206,0.89530146,0.009181287,0.0016374269,0.64963955",0.0
"-0.22531694,-0.20150235,0.30312535,-0.0057179006,0.012513206,0.89530146,0.009181287,0.0016374269,0.64963955","-0.72357523,-0.42754114,0.9210763","-0.29441315,-0.26028708,0.40207726,0.0031945957,0.005379733,0.8228728,0.009181287,0.0016374269,0.64963955",0.0
"-0.29441315,-0.26028708,0.40207726,0.0031945957,0.005379733,0.8228728,0.009181287,0.0016374269,0.64963955","-0.52967626,-0.42414552,0.8774626","-0.34499338,-0.31860495,0.49634367,0.006097181,0.00085645076,0.73708594,0.009181287,0.0016374269,0.64963955",0.0
"-0.34499338,-0.31860495,0.49634367,0.006097181,0.00085645076,0.73708594,0.009181287,0.0016374269,0.64963955","-0.3432958,-0.31819272,0.64272165","-0.37777564,-0.36235484,0.5653918,0.006609946,-0.00090589473,0.6647648,0.009181287,0.0016374269,0.64963955",0.0
"0.0,0.0,0.0,2.8652207e-07,0.005789075,0.993462,-0.3866667,-0.13888888,0.62924165","0.34908986,-0.9716615,0.58051145","0.033335537,-0.13359848,0.06236474,-0.2000572,-0.015207266,0.966313,-0.3866667,-0.13888888,0.62924165",0.0
"0.033335537,-0.13359848,0.06236474,-0.2000572,-0.015207266,0.966313,-0.3866667,-0.13888888,0.62924165","0.48256087,-0.94932556,0.88191533","0.07941659,-0.2641259,0.15710951,-0.32881024,-0.07780812,0.8989541,-0.3866667,-0.13888888,0.62924165",0.0
"0.07941659,-0.2641259,0.15710951,-0.32881024,-0.07780812,0.8989541,-0.3866667,-0.13888888,0.62924165","0.27675223,-0.8654767,0.91158783","0.105844416,-0.38312456,0.25504202,-0.40676093,-0.13434765,0.8071478,-0.3866667,-0.13888888,0.62924165",0.0
"0.105844416,-0.38312456,0.25504202,-0.40676093,-0.13434765,0.8071478,-0.3866667,-0.13888888,0.62924165","0.1256423,-0.6710074,0.8958974","0.11784235,-0.47538468,0.35128888,-0.42495015,-0.15871692,0.7211051,-0.3866667,-0.13888888,0.62924165",0.0
"0.11784235,-0.47538468,0.35128888,-0.42495015,-0.15871692,0.7211051,-0.3866667,-0.13888888,0.62924165","0.03789699,-0.39769113,0.7452216","0.121461235,-0.53006524,0.4313486,-0.3997158,-0.15414767,0.66273403,-0.3866667,-0.13888888,0.62924165",0.0
"0.121461235,-0.53006524,0.4313486,-0.3997158,-0.15414767,0.66273403,-0.3866667,-0.13888888,0.62924165","-0.03296238,-0.17648894,0.34567356","0.118313566,-0.5543316,0.46848458,-0.38685858,-0.14458893,0.63357943,-0.3866667,-0.13888888,0.62924165",0.0
"0.0,0.0,0.0,2.8652207e-07,0.005789075,0.993462,-0.40187135,-0.4280117,0.5930222","0.21051419,-0.8778144,0.7625593","0.020102566,-0.12069498,0.081922255,-0.1459929,-0.0034317095,0.97408235,-0.40187135,-0.4280117,0.5930222",0.0
"0.020102566,-0.12069498,0.081922255,-0.1459929,-0.0034317095,0.97408235,-0.40187135,-0.4280117,0.5930222","0.67075527,-0.86635363,0.7883141","0.08415482,-0.23981419,0.1666114,-0.2678307,-0.06650917,0.91860545,-0.40187135,-0.4280117,0.5930222",0.0
"0.08415482,-0.23981419,0.1666114,-0.2678307,-0.06650917,0.91860545,-0.40187135,-0.4280117,0.5930222","0.8356302,-0.85327375,0.7475903","0.16395144,-0.35713497,0.24692555,-0.34403098,-0.18808085,0.83180934,-0.40187135,-0.4280117,0.5930222",0.0
"0.16395144,-0.35713497,0.24692555,-0.34403098,-0.18808085,0.83180934,-0.40187135,-0.4280117,0.5930222","0.83834136,-0.8325559,0.7162026","0.24400695,-0.47160718,0.3238677,-0.3537323,-0.33262077,0.72156715,-0.40187135,-0.4280117,0.5930222",0.0
"0.24400695,-0.47160718,0.3238677,-0.3537323,-0.33262077,0.72156715,-0.40187135,-0.4280117,0.5930222","0.5526025,-0.7040268,0.5687612","0.2967765,-0.56840724,0.38497016,-0.3321862,-0.43789938,0.61273324,-0.40187135,-0.4280117,0.5930222",0.0
"0.2967765,-0.56840724,0.38497016,-0.3321862,-0.43789938,0.61273324,-0.40187135,-0.4280117,0.5930222","-0.2835759,-0.14219445,-0.16072702","0.26969704,-0.58795834,0.36770317,-0.40184635,-0.44618887,0.5796704,-0.40187135,-0.4280117,0.5930222",0.0
"0.26969704,-0.58795834,0.36770317,-0.40184635,-0.44618887,0.5796704,-0.40187135,-0.4280117,0.5930222","-0.067210436,0.06548405,-0.024199307","0.26327896,-0.57895464,0.36510345,-0.4047705,-0.43148378,0.5917575,-0.40187135,-0.4280117,0.5930222",0.0
"0.0,0.0,0.0,2.8652207e-07,0.005789075,0.993462,-0.06614035,-0.06327485,0.51554936","0.9024285,-0.6218052,0.9441414","0.08617537,-0.085495025,0.10142973,-0.04333946,-0.0060206093,0.98126656,-0.06614035,-0.06327485,0.51554936",0.0
"0.08617537,-0.085495025,0.10142973,-0.04333946,-0.0060206093,0.98126656,-0.06614035,-0.06327485,0.51554936","0.82139313,-0.63783634,0.94326735","0.16461243,-0.17319427,0.20276558,-0.0799748,-0.03882809,0.94460034,-0.06614035,-0.06327485,0.51554936",0.0
"0.16461243,-0.17319427,0.20276558,-0.0799748,-0.03882809,0.94460034,-0.06614035,-0.06327485,0.51554936","0.44259667,-0.5657799,0.9422722","0.20687719,-0.25098616,0.30399457,-0.0902143,-0.061299242,0.8874966,-0.06614035,-0.06327485,0.51554936",0.0
"0.20687719,-0.25098616,0.30399457,-0.0902143,-0.061299242,0.8874966,-0.06614035,-0.06327485,0.51554936","0.12012589,-0.5543152,0.9416473","0.21834832,-0.3272017,0.40515637,-0.09717696,-0.07206505,0.81054723,-0.06614035,-0.06327485,0.51554936",0.0
"0.21834832,-0.3272017,0.40515637,-0.09717696,-0.07206505,0.81054723,-0.06614035,-0.06327485,0.51554936","0.046812534,-0.5442716,0.9402971","0.22281858,-0.40203628,0.50617313,-0.098957084,-0.075782195,0.7157243,-0.06614035,-0.06327485,0.51554936",0.0
"0.22281858,-0.40203628,0.50617313,-0.098957084,-0.075782195,0.7157243,-0.06614035,-0.06327485,0.51554936","0.26534176,-0.48058063,0.9229586","0.24815679,-0.46811372,0.60532725,-0.08324347,-0.07414504,0.60900784,-0.06614035,-0.06327485,0.51554936",0.0
"0.24815679,-0.46811372,0.60532725,-0.08324347,-0.07414504,0.60900784,-0.06614035,-0.06327485,0.51554936","0.1024549,-0.30709648,0.6679771","0.25794047,-0.510338,0.67708844,-0.068096854,-0.06318287,0.52441305,-0.06614035,-0.06327485,0.51554936",0.0
"0.0,0.0,0.0,2.8652207e-07,0.005789075,0.993462,-0.03251462,0.024152046,0.52215254","-0.73211443,-0.6925274,0.95896244","-0.06991163,-0.09521897,0.10302197,-0.059253417,0.019159032,0.9797976,-0.03251462,0.024152046,0.52215254",0.0
"-0.06991163,-0.09521897,0.10302197,-0.059253417,0.019159032,0.9797976,-0.03251462,0.024152046,0.52215254","-0.5508261,-0.5173534,0.95493793","-0.122511536,-0.16635244,0.2056116,-0.063286915,0.031882714,0.94504845,-0.03251462,0.024152046,0.52215254",0.0
"-0.122511536,-0.16635244,0.2056116,-0.063286915,0.031882714,0.94504845,-0.03251462,0.024152046,0.52215254","-0.25416398,-0.4209352,0.9498806","-0.14678235,-0.2242289,0.30765796,-0.043522485,0.02808881,0.8908486,-0.03251462,0.024152046,0.52215254",0.0
"-0.14678235,-0.2242289,0.30765796,-0.043522485,0.02808881,0.8908486,-0.03251462,0.024152046,0.52215254","-0.13357615,-0.49108845,0.94741535","-0.15953791,-0.2917511,0.40943944,-0.04199704,0.029609958,0.81500036,-0.03251462,0.024152046,0.52215254",0.0
"-0.15953791,-0.2917511,0.40943944,-0.04199704,0.029609958,0.81500036,-0.03251462,0.024152046,0.52215254","0.14056826,-0.5114656,0.94132996","-0.14611468,-0.36207503,0.5105672,-0.045967802,0.029176991,0.7206397,-0.03251462,0.024152046,0.52215254",0.0
"-0.14611468,-0.36207503,0.5105672,-0.045967802,0.029176991,0.7206397,-0.03251462,0.024152046,0.52215254","0.1307509,-0.5200285,0.91184306","-0.13362892,-0.43357632,0.6085271,-0.05131805,0.029245144,0.61291414,-0.03251462,0.024152046,0.52215254",0.0
"-0.13362892,-0.43357632,0.6085271,-0.05131805,0.029245144,0.61291414,-0.03251462,0.024152046,0.52215254","0.0004056692,-0.29291236,0.66420245","-0.13359018,-0.47385034,0.6798828,-0.037986808,0.023288999,0.52731377,-0.03251462,0.024152046,0.52215254",0.0
"0.0,0.0,0.0,2.8652207e-07,0.005789075,0.993462,-0.5441521,-0.19292398,0.47593033","0.27325642,-0.9866495,-0.068669915","0.026093999,-0.13565923,-0.007377233,-0.2992734,-0.018779848,0.9416569,-0.5441521,-0.19292398,0.47593033",0.0
"0.026093999,-0.13565923,-0.007377233,-0.2992734,-0.018779848,0.9416569,-0.5441521,-0.19292398,0.47593033","0.5029433,-0.968336,0.6531036","0.07412143,-0.26880047,0.06278614,-0.4618863,-0.10359203,0.8545528,-0.5441521,-0.19292398,0.47593033",0.0
"0.07412143,-0.26880047,0.06278614,-0.4618863,-0.10359203,0.8545528,-0.5441521,-0.19292398,0.47593033","0.093720675,-0.8917721,0.762141","0.08307107,-0.39141458,0.14466348,-0.57157785,-0.14665757,0.74828595,-0.5441521,-0.19292398,0.47593033",0.0
"0.08307107,-0.39141458,0.14466348,-0.57157785,-0.14665757,0.74828595,-0.5441521,-0.19292398,0.47593033","0.029503345,-0.74100274,0.8120749","0.08588842,-0.49329868,0.23190525,-0.6211065,-0.16577393,0.6525965,-0.5441521,-0.19292398,0.47593033",0.0
"0.08588842,-0.49329868,0.23190525,-0.6211065,-0.16577393,0.6525965,-0.5441521,-0.19292398,0.47593033","0.1086483,-0.5591092,0.83554876","0.09626355,-0.5701733,0.32166883,-0.6102781,-0.18433714,0.58523756,-0.5441521,-0.19292398,0.47593033",0.0
"0.09626355,-0.5701733,0.32166883,-0.6102781,-0.18433714,0.58523756,-0.5441521,-0.19292398,0.47593033","0.1749512,-0.45103633,0.8066646","0.112970114,-0.63218856,0.40832937,-0.5679441,-0.20430557,0.5302214,-0.5441521,-0.19292398,0.47593033",0.0
"0.112970114,-0.63218856,0.40832937,-0.5679441,-0.20430557,0.5302214,-0.5441521,-0.19292398,0.47593033","0.031274557,-0.3114667,0.56201124","0.11595661,-0.6750137,0.46870664,-0.53782487,-0.19888069,0.48756704,-0.5441521,-0.19292398,0.47593033",0.0
"0.0,0.0,0.0,2.8652207e-07,0.005789075,0.993462,-0.18888889,0.10883041,0.47566882","-0.5310183,-0.9686151,0.89017344","-0.05070841,-0.1331796,0.09563192,-0.15048541,0.030041384,0.9701472,-0.18888889,0.10883041,0.47566882",0.0
"-0.05070841,-0.1331796,0.09563192,-0.15048541,0.030041384,0.9701472,-0.18888889,0.10883041,0.47566882","-0.32295382,-0.9343877,0.91495156","-0.08154817,-0.26165316,0.19392581,-0.2710525,0.07698603,0.90561163,-0.18888889,0.10883041,0.47566882",0.0
"-0.08154817,-0.26165316,0.19392581,-0.2710525,0.07698603,0.90561163,-0.18888889,0.10883041,0.47566882","-0.24503344,-0.83215183,0.92165494","-0.10494709,-0.37606978,0.29293984,-0.3413257,0.1229173,0.8176848,-0.18888889,0.10883041,0.47566882",0.0
"-0.10494709,-0.37606978,0.29293984,-0.3413257,0.1229173,0.8176848,-0.18888889,0.10883041,0.47566882","-0.14502877,-0.63302314,0.9300604","-0.11879628,-0.46310726,0.39285693,-0.3473886,0.14224087,0.7325349,-0.18888889,0.10883041,0.47566882",0.0
"-0.11879628,-0.46310726,0.39285693,-0.3473886,0.14224087,0.7325349,-0.18888889,0.10883041,0.47566882","-0.16881573,-0.4079529,0.926589","-0.13491696,-0.5191987,0.49240103,-0.2962294,0.14001104,0.6589905,-0.18888889,0.10883041,0.47566882",0.0
"-0.13491696,-0.5191987,0.49240103,-0.2962294,0.14001104,0.6589905,-0.18888889,0.10883041,0.47566882","-0.1223799,-0.37209117,0.9148512","-0.14660335,-0.5703594,0.5906841,-0.24023853,0.1256587,0.5728902,-0.18888889,0.10883041,0.47566882",0.0
"-0.14660335,-0.5703594,0.5906841,-0.24023853,0.1256587,0.5728902,-0.18888889,0.10883041,0.47566882","-0.051928103,-0.2473293,0.7209246","-0.15156211,-0.60436594,0.6681335,-0.19147411,0.10526145,0.49724567,-0.18888889,0.10883041,0.47566882",0.0
"-0.15156211,-0.60436594,0.6681335,-0.19147411,0.10526145,0.49724567,-0.18888889,0.10883041,0.47566882","-0.081251204,-0.0891695,0.14965284","-0.159321,-0.6166263,0.68421084,-0.18483451,0.10769974,0.47753215,-0.18888889,0.10883041,0.47566882",0.0
"0.0,0.0,0.0,2.8652207e-07,0.005789075,0.993462,0.2591813,0.1468421,0.5737357","0.78193486,0.2698959,0.9576627","0.0746691,0.037109293,0.10288231,0.21259657,0.056758475,0.954174,0.2591813,0.1468421,0.5737357",0.0
"0.0746691,0.037109293,0.10288231,0.21259657,0.056758475,0.954174,0.2591813,0.1468421,0.5737357","0.6234418,-0.0429886,0.9419372","0.13420327,0.031198574,0.20407525,0.29999912,0.14089684,0.8822405,0.2591813,0.1468421,0.5737357",0.0
"0.13420327,0.031198574,0.20407525,0.29999912,0.14089684,0.8822405,0.2591813,0.1468421,0.5737357","0.29142964,-0.33733022,0.9431219","0.1620327,-0.015182608,0.30539548,0.3020178,0.17518623,0.81565326,0.2591813,0.1468421,0.5737357",0.0
"0.1620327,-0.015182608,0.30539548,0.3020178,0.17518623,0.81565326,0.2591813,0.1468421,0.5737357","-0.06653416,-0.34341776,0.9355662","0.15567915,-0.062400803,0.405904,0.30884492,0.17092808,0.7326396,0.2591813,0.1468421,0.5737357",0.0
"0.15567915,-0.062400803,0.405904,0.30884492,0.17092808,0.7326396,0.2591813,0.1468421,0.5737357","-6.8604946e-05,-0.38096172,0.90468836","0.15567258,-0.11478109,0.5030953,0.2928515,0.16240829,0.6433092,0.2591813,0.1468421,0.5737357",0.0
"0.15567258,-0.11478109,0.5030953,0.2928515,0.16240829,0.6433092,0.2591813,0.1468421,0.5737357","0.02960217,-0.33498043,0.61031365","0.15849937,-0.1608392,0.5686618,0.26303163,0.14958207,0.5839224,0.2591813,0.1468421,0.5737357",0.0
"0.0,0.0,0.0,2.8652207e-07,0.005789075,0.993462,-0.036081873,-0.0057894737,0.3823091","-0.06315261,-0.8324567,0.9609654","-0.00603063,-0.11445853,0.103237145,-0.10272954,0.0077367006,0.9759086,-0.036081873,-0.0057894737,0.3823091",0.0
"-0.00603063,-0.11445853,0.103237145,-0.10272954,0.0077367006,0.9759086,-0.036081873,-0.0057894737,0.3823091","0.17241788,-0.56452334,0.9532044","0.010434013,-0.19207762,0.20564055,-0.12394218,0.0017279792,0.9389376,-0.036081873,-0.0057894737,0.3823091",0.0
"0.010434013,-0.19207762,0.20564055,-0.12394218,0.0017279792,0.9389376,-0.036081873,-0.0057894737,0.3823091","0.12285268,-0.42165768,0.95128286","0.022165544,-0.25005344,0.30783755,-0.10212872,-0.0013200577,0.88592,-0.036081873,-0.0057894737,0.3823091",0.0
"0.022165544,-0.25005344,0.30783755,-0.10212872,-0.0013200577,0.88592,-0.036081873,-0.0057894737,0.3823091","0.021694064,-0.34688544,0.9566238","0.02423716,-0.29774848,0.41060832,-0.060803685,0.001167164,0.81330615,-0.036081873,-0.0057894737,0.3823091",0.0
"0.02423716,-0.29774848,0.41060832,-0.060803685,0.001167164,0.81330615,-0.036081873,-0.0057894737,0.3823091","0.099975824,-0.5477071,0.9500854","0.033784118,-0.37305543,0.51267666,-0.06990574,-0.0016255707,0.7170501,-0.036081873,-0.0057894737,0.3823091",0.0
"0.033784118,-0.37305543,0.51267666,-0.06990574,-0.0016255707,0.7170501,-0.036081873,-0.0057894737,0.3823091","0.38440788,-0.5072959,0.9435015","0.070492275,-0.44280604,0.6140377,-0.06591041,-0.008905705,0.60563743,-0.036081873,-0.0057894737,0.3823091",0.0
"0.070492275,-0.44280604,0.6140377,-0.06591041,-0.008905705,0.60563743,-0.036081873,-0.0057894737,0.3823091","0.38951313,-0.46769965,0.92461336","0.10768796,-0.5071124,0.71336955,-0.053501986,-0.012686992,0.48316422,-0.036081873,-0.0057894737,0.3823091",0.0
"0.10768796,-0.5071124,0.71336955,-0.053501986,-0.012686992,0.48316422,-0.036081873,-0.0057894737,0.3823091","0.19476163,-0.33876336,0.6992364","0.12628628,-0.5536907,0.788489,-0.041862678,-0.011261744,0.38299266,-0.036081873,-0.0057894737,0.3823091",0.0
"0.0,0.0,0.0,2.8652207e-07,0.005789075,0.993462,0.024561405,0.027017543,0.3823091","0.868237,-0.4836198,0.9597161","0.08291032,-0.066495255,0.10310293,-0.0017531816,0.005524006,0.98196596,0.024561405,0.027017543,0.3823091",0.0
"0.08291032,-0.066495255,0.10310293,-0.0017531816,0.005524006,0.98196596,0.024561405,0.027017543,0.3823091","0.42344368,-0.21502525,0.96220493","0.123346105,-0.09606014,0.20647326,0.06872011,0.034300108,0.94415206,0.024561405,0.027017543,0.3823091",0.0
"0.123346105,-0.09606014,0.20647326,0.06872011,0.034300108,0.94415206,0.024561405,0.027017543,0.3823091","0.29295743,-0.3996386,0.9650856","0.15132141,-0.15100841,0.31015307,0.08246549,0.048961535,0.88517696,0.024561405,0.027017543,0.3823091",0.0
"0.15132141,-0.15100841,0.31015307,0.08246549,0.048961535,0.88517696,0.024561405,0.027017543,0.3823091","0.38352585,-0.40805346,0.96292436","0.18794532,-0.20711371,0.41360068,0.08607621,0.06465781,0.8054477,0.024561405,0.027017543,0.3823091",0.0
"0.18794532,-0.20711371,0.41360068,0.08607621,0.06465781,0.8054477,0.024561405,0.027017543,0.3823091","0.28918338,-0.52722436,0.95819366","0.21556024,-0.27960438,0.5165401,0.06390341,0.058809955,0.7110893,0.024561405,0.027017543,0.3823091",0.0
"0.21556024,-0.27960438,0.5165401,0.06390341,0.058809955,0.7110893,0.024561405,0.027017543,0.3823091","0.1127826,-0.55537426,0.94868326","0.22633016,-0.3559655,0.61845785,0.042027276,0.043840185,0.60104924,0.024561405,0.027017543,0.3823091",0.0
"0.22633016,-0.3559655,0.61845785,0.042027276,0.043840185,0.60104924,0.024561405,0.027017543,0.3823091","0.09967685,-0.52373105,0.9274628","0.23584858,-0.4279759,0.71809584,0.02687014,0.032427587,0.47827497,0.024561405,0.027017543,0.3823091",0.0
"0.23584858,-0.4279759,0.71809584,0.02687014,0.032427587,0.47827497,0.024561405,0.027017543,0.3823091","-0.09536183,-0.37433589,0.7072524","0.22674221,-0.4794452,0.79407644,0.021163585,0.025925932,0.37617204,0.024561405,0.027017543,0.3823091",0.0
"0.0,0.0,0.0,2.8652207e-07,0.005789075,0.993462,-0.07198831,-0.14976607,0.3483126","-0.8161729,0.101570964,0.9477706","-0.07793859,0.013965477,0.10181961,0.16620578,-0.035561968,0.9657361,-0.07198831,-0.14976607,0.3483126",0.0
"-0.07793859,0.013965477,0.10181961,0.16620578,-0.035561968,0.9657361,-0.07198831,-0.14976607,0.3483126","-0.86888874,-0.11373192,0.9542403","-0.16091116,-0.0016720891,0.20433429,0.23617232,-0.12410204,0.9060003,-0.07198831,-0.14976607,0.3483126",0.0
"-0.16091116,-0.0016720891,0.20433429,0.23617232,-0.12410204,0.9060003,-0.07198831,-0.14976607,0.3483126","-0.83141655,-0.3938632,0.9485693","-0.24030541,-0.05582627,0.30623975,0.20399408,-0.18398365,0.84566844,-0.07198831,-0.14976607,0.3483126",0.0
"-0.24030541,-0.05582627,0.30623975,0.20399408,-0.18398365,0.84566844,-0.07198831,-0.14976607,0.3483126","-0.8109106,-0.43126464,0.9364475","-0.31774148,-0.11512296,0.40684298,0.14796102,-0.21884914,0.77117485,-0.07198831,-0.14976607,0.3483126",0.0
"-0.31774148,-0.11512296,0.40684298,0.14796102,-0.21884914,0.77117485,-0.07198831,-0.14976607,0.3483126","-0.80095994,-0.36130178,0.9145601","-0.39422736,-0.16480012,0.5050948,0.09030483,-0.24393977,0.6768463,-0.07198831,-0.14976607,0.3483126",0.0
"-0.39422736,-0.16480012,0.5050948,0.09030483,-0.24393977,0.6768463,-0.07198831,-0.14976607,0.3483126","-0.8348162,-0.353953,0.8877499","-0.47394624,-0.21346687,0.60046643,0.02588715,-0.24476832,0.5724215,-0.07198831,-0.14976607,0.3483126",0.0
"-0.47394624,-0.21346687,0.60046643,0.02588715,-0.24476832,0.5724215,-0.07198831,-0.14976607,0.3483126","-0.753456,-0.49105614,0.86725235","-0.5458958,-0.28098458,0.69363594,-0.023081878,-0.19925916,0.4704831,-0.07198831,-0.14976607,0.3483126",0.0
"-0.5458958,-0.28098458,0.69363594,-0.023081878,-0.19925916,0.4704831,-0.07198831,-0.14976607,0.3483126","-0.63180304,-0.4172076,0.73018837","-0.6062284,-0.3383485,0.77208066,-0.047465447,-0.15458056,0.37584642,-0.07198831,-0.14976607,0.3483126",0.0
"-0.6062284,-0.3383485,0.77208066,-0.047465447,-0.15458056,0.37584642,-0.07198831,-0.14976607,0.3483126","-0.39424598,-0.031924903,0.17752218","-0.643876,-0.34273803,0.79115206,-0.065099254,-0.14733385,0.34806257,-0.07198831,-0.14976607,0.3483126",0.0
"0.0,0.0,0.0,2.8652207e-07,0.005789075,0.993462,0.00023391814,0.07292397,0.2237676","0.90874946,-0.13141763,0.9556503","0.086778976,-0.01806926,0.10266613,0.09754298,0.03328267,0.9760309,0.00023391814,0.07292397,0.2237676",0.0
"0.086778976,-0.01806926,0.10266613,0.09754298,0.03328267,0.9760309,0.00023391814,0.07292397,0.2237676","0.8732898,-0.12866855,0.9536718","0.17017181,-0.03576054,0.20511974,0.16819495,0.10632084,0.92474717,0.00023391814,0.07292397,0.2237676",0.0
"0.17017181,-0.03576054,0.20511974,0.16819495,0.10632084,0.92474717,0.00023391814,0.07292397,0.2237676","0.84897053,-0.46161926,0.9622469","0.2512423,-0.09923083,0.30849457,0.13283376,0.14209445,0.86827826,0.00023391814,0.07292397,0.2237676",0.0
"0.2512423,-0.09923083,0.30849457,0.13283376,0.14209445,0.86827826,0.00023391814,0.07292397,0.2237676","0.7976427,-0.37123227,0.96666026","0.3274114,-0.15027338,0.4123436,0.102197796,0.18086295,0.7849304,0.00023391814,0.07292397,0.2237676",0.0
"0.3274114,-0.15027338,0.4123436,0.102197796,0.18086295,0.7849304,0.00023391814,0.07292397,0.2237676","0.65931594,-0.2682041,0.9686568","0.3903713,-0.18715009,0.5164071,0.0733496,0.22163257,0.67504627,0.00023391814,0.07292397,0.2237676",0.0
"0.3903713,-0.18715009,0.5164071,0.0733496,0.22163257,0.67504627,0.00023391814,0.07292397,0.2237676","0.4037571,-0.4876715,0.967455","0.42892718,-0.25420243,0.6203415,0.038997788,0.19789232,0.5658018,0.00023391814,0.07292397,0.2237676",0.0
"0.42892718,-0.25420243,0.6203415,0.038997788,0.19789232,0.5658018,0.00023391814,0.07292397,0.2237676","0.24751925,-0.5670198,0.9621434","0.4525635,-0.33216476,0.7237052,0.017090587,0.15282622,0.44720656,0.00023391814,0.07292397,0.2237676",0.0
"0.4525635,-0.33216476,0.7237052,0.017090587,0.15282622,0.44720656,0.00023391814,0.07292397,0.2237676","0.17132974,-0.65010226,0.94616413","0.46892422,-0.4215505,0.82535225,0.0038208328,0.09840986,0.3200669,0.00023391814,0.07292397,0.2237676",0.0
"0.46892422,-0.4215505,0.82535225,0.0038208328,0.09840986,0.3200669,0.00023391814,0.07292397,0.2237676","0.2384752,-0.40392458,0.71296394","0.4916969,-0.4770881,0.9019465,-0.003924369,0.071564406,0.21318743,0.00023391814,0.07292397,0.2237676",0.0
"0.0,0.0,0.0,2.8652207e-07,0.005789075,0.993462,0.032222223,-0.017192982,0.3823091","-0.70706654,-0.60831344,0.95507026","-0.06751974,-0.08363998,0.10260383,-0.0356949,0.013609054,0.98126656,0.032222223,-0.017192982,0.3823091",0.0
"-0.06751974,-0.08363998,0.10260383,-0.0356949,0.013609054,0.98126656,0.032222223,-0.017192982,0.3823091","-0.5419638,-0.35675597,0.95757127","-0.11927337,-0.13269211,0.20547637,0.0013301466,0.005697585,0.9480358,0.032222223,-0.017192982,0.3823091",0.0
"-0.11927337,-0.13269211,0.20547637,0.0013301466,0.005697585,0.9480358,0.032222223,-0.017192982,0.3823091","-0.30956703,-0.2785288,0.95454335","-0.14883478,-0.17098843,0.3080236,0.050734196,-0.019131634,0.8904525,0.032222223,-0.017192982,0.3823091",0.0
"-0.14883478,-0.17098843,0.3080236,0.050734196,-0.019131634,0.8904525,0.032222223,-0.017192982,0.3823091","-0.21481764,-0.35565722,0.9440229","-0.16934834,-0.2198895,0.40944064,0.07177766,-0.035533365,0.8124679,0.032222223,-0.017192982,0.3823091",0.0
"-0.16934834,-0.2198895,0.40944064,0.07177766,-0.035533365,0.8124679,0.032222223,-0.017192982,0.3823091","-0.21618819,-0.4434986,0.93385935","-0.18999274,-0.28086832,0.5097658,0.06789604,-0.039140526,0.7190857,0.032222223,-0.017192982,0.3823091",0.0
"-0.18999274,-0.28086832,0.5097658,0.06789604,-0.039140526,0.7190857,0.032222223,-0.017192982,0.3823091","-0.3392794,-0.473413,0.92275167","-0.22239147,-0.3459602,0.6088977,0.054880787,-0.038539633,0.6116174,0.032222223,-0.017192982,0.3823091",0.0
"-0.22239147,-0.3459602,0.6088977,0.054880787,-0.038539633,0.6116174,0.032222223,-0.017192982,0.3823091","-0.25079954,-0.4932642,0.89244163","-0.24634099,-0.41378155,0.7047733,0.039451566,-0.030460037,0.4949226,0.032222223,-0.017192982,0.3823091",0.0
"-0.24634099,-0.41378155,0.7047733,0.039451566,-0.030460037,0.4949226,0.032222223,-0.017192982,0.3823091","-0.044338822,-0.41289324,0.69076","-0.25057504,-0.47055227,0.77898216,0.02760804,-0.019505812,0.39705375,0.032222223,-0.017192982,0.3823091",0.0
"0.0,0.0,0.0,2.8652207e-07,0.005789075,0.993462,-0.3277778,0.24777777,0.62924165","-0.8121321,-0.9448358,0.29522765","-0.07755273,-0.12991007,0.031716518,-0.22668712,0.062314644,0.9608364,-0.3277778,0.24777777,0.62924165",0.0
"-0.07755273,-0.12991007,0.031716518,-0.22668712,0.062314644,0.9608364,-0.3277778,0.24777777,0.62924165","-0.48226273,-0.9650453,0.77251315","-0.12360533,-0.26259887,0.114708155,-0.361431,0.15411276,0.88749105,-0.3277778,0.24777777,0.62924165",0.0
"-0.12360533,-0.26259887,0.114708155,-0.361431,0.15411276,0.88749105,-0.3277778,0.24777777,0.62924165","-0.22197396,-0.84322083,0.79999876","-0.14480223,-0.37853745,0.20065258,-0.4417001,0.2224915,0.7959035,-0.3277778,0.24777777,0.62924165",0.0
"-0.14480223,-0.37853745,0.20065258,-0.4417001,0.2224915,0.7959035,-0.3277778,0.24777777,0.62924165","-0.23442876,-0.557086,0.82964385","-0.16718848,-0.45513394,0.2897818,-0.4343321,0.2584035,0.73330593,-0.3277778,0.24777777,0.62924165",0.0
"-0.16718848,-0.45513394,0.2897818,-0.4343321,0.2584035,0.73330593,-0.3277778,0.24777777,0.62924165","-0.1420539,-0.40163577,0.84553444","-0.1807536,-0.5103569,0.38061816,-0.39203778,0.25696608,0.6841946,-0.3277778,0.24777777,0.62924165",0.0
"-0.1807536,-0.5103569,0.38061816,-0.39203778,0.25696608,0.6841946,-0.3277778,0.24777777,0.62924165","-0.11186278,-0.17850786,0.589272","-0.1914357,-0.53490084,0.44392413,-0.3415308,0.24138476,0.65655893,-0.3277778,0.24777777,0.62924165",0.0
"-0.1914357,-0.53490084,0.44392413,-0.3415308,0.24138476,0.65655893,-0.3277778,0.24777777,0.62924165","-0.06968969,-0.08991307,0.228683","-0.19809057,-0.5472635,0.46849173,-0.32369176,0.23934732,0.64060813,-0.3277778,0.24777777,0.62924165",0.0
"0.0,0.0,0.0,2.8652207e-07,0.005789075,0.993462,-0.27982458,-0.10216374,0.5737357","0.24545777,-0.9767297,0.8946731","0.023439422,-0.13429533,0.09611532,-0.1550454,-0.005632967,0.96974546,-0.27982458,-0.10216374,0.5737357",0.0
"0.023439422,-0.13429533,0.09611532,-0.1550454,-0.005632967,0.96974546,-0.27982458,-0.10216374,0.5737357","0.29368865,-0.93419206,0.929317","0.05148455,-0.26274195,0.19595249,-0.27832383,-0.039548125,0.90495217,-0.27982458,-0.10216374,0.5737357",0.0
"0.05148455,-0.26274195,0.19595249,-0.27832383,-0.039548125,0.90495217,-0.27982458,-0.10216374,0.5737357","0.30053627,-0.8665721,0.93751645","0.08018358,-0.38189122,0.29667056,-0.3579541,-0.086149506,0.8125168,-0.27982458,-0.10216374,0.5737357",0.0
"0.08018358,-0.38189122,0.29667056,-0.3579541,-0.086149506,0.8125168,-0.27982458,-0.10216374,0.5737357","0.21083224,-0.68434215,0.93180895","0.100316525,-0.47598478,0.39677548,-0.37363404,-0.11572306,0.72001946,-0.27982458,-0.10216374,0.5737357",0.0
"0.100316525,-0.47598478,0.39677548,-0.37363404,-0.11572306,0.72001946,-0.27982458,-0.10216374,0.5737357","0.2503823,-0.4847231,0.91327953","0.12422622,-0.5426318,0.4948897,-0.3344663,-0.1313293,0.63850707,-0.27982458,-0.10216374,0.5737357",0.0
"0.12422622,-0.5426318,0.4948897,-0.3344663,-0.1313293,0.63850707,-0.27982458,-0.10216374,0.5737357","-0.004854679,-0.2076788,0.6621499","0.12376264,-0.5711866,0.5660249,-0.2837627,-0.10999214,0.58621496,-0.27982458,-0.10216374,0.5737357",0.0
"0.0,0.0,0.0,2.8652207e-07,0.005789075,0.993462,0.040935673,0.053040933,0.37832105","0.74850345,-0.21568453,0.96972096","0.07147664,-0.029655524,0.10417776,0.07688915,0.023499757,0.9780649,0.040935673,0.053040933,0.37832105",0.0
"0.07147664,-0.029655524,0.10417776,0.07688915,0.023499757,0.9780649,0.040935673,0.053040933,0.37832105","0.6705488,-0.26686192,0.96362543","0.13550918,-0.06634769,0.2077007,0.124683626,0.062893644,0.93556917,0.040935673,0.053040933,0.37832105",0.0
"0.13550918,-0.06634769,0.2077007,0.124683626,0.062893644,0.93556917,0.040935673,0.053040933,0.37832105","0.5117328,-0.53412724,0.9641721","0.18437593,-0.13978745,0.31128237,0.09642127,0.06998417,0.8813159,0.040935673,0.053040933,0.37832105",0.0
"0.18437593,-0.13978745,0.31128237,0.09642127,0.06998417,0.8813159,0.040935673,0.053040933,0.37832105","0.5131513,-0.49751204,0.9647958","0.23337814,-0.20819283,0.41493106,0.07561154,0.07589146,0.8043862,0.040935673,0.053040933,0.37832105",0.0
"0.23337814,-0.20819283,0.41493106,0.07561154,0.07589146,0.8043862,0.040935673,0.053040933,0.37832105","0.2436291,-0.44617677,0.9618422","0.25664294,-0.26953986,0.51826245,0.06814973,0.0794189,0.70673037,0.040935673,0.053040933,0.37832105",0.0
"0.25664294,-0.26953986,0.51826245,0.06814973,0.0794189,0.70673037,0.040935673,0.053040933,0.37832105","0.046002507,-0.517389,0.95098853","0.26103583,-0.34067822,0.6204278,0.052650597,0.064920604,0.5958305,0.040935673,0.053040933,0.37832105",0.0
"0.26103583,-0.34067822,0.6204278,0.052650597,0.064920604,0.5958305,0.040935673,0.053040933,0.37832105","0.1975429,-0.40944326,0.92593455","0.27989975,-0.39697456,0.71990156,0.04573435,0.06432672,0.4711963,0.040935673,0.053040933,0.37832105",0.0
"0.27989975,-0.39697456,0.71990156,0.04573435,0.06432672,0.4711963,0.040935673,0.053040933,0.37832105","0.11556113,-0.33508164,0.6864642","0.290935,-0.4430466,0.79364896,0.03677379,0.05717879,0.37232438,0.040935673,0.053040933,0.37832105",0.0
"0.0,0.0,0.0,2.8652207e-07,0.005789075,0.993462,-0.029473685,0.42590642,0.7237781","0.96684587,0.41014254,0.881341","0.09232676,0.056392483,0.09468303,0.23748016,0.076922424,0.94785225,-0.029473685,0.42590642,0.7237781",0.0
"0.09232676,0.056392483,0.09468303,0.23748016,0.076922424,0.94785225,-0.029473685,0.42590642,0.7237781","0.9631717,-0.1297642,0.7912457","0.18430266,0.03855057,0.1796871,0.2629891,0.17884485,0.8982824,-0.029473685,0.42590642,0.7237781",0.0
"0.18430266,0.03855057,0.1796871,0.2629891,0.17884485,0.8982824,-0.029473685,0.42590642,0.7237781","0.95803654,-0.18206954,0.74085534","0.2757882,0.013516935,0.25927767,0.22655985,0.2755424,0.8418954,-0.029473685,0.42590642,0.7237781",0.0
"0.2757882,0.013516935,0.25927767,0.22655985,0.2755424,0.8418954,-0.029473685,0.42590642,0.7237781","0.93738294,-0.08425003,0.6403196","0.36530146,0.0019329782,0.3280677,0.15897687,0.36708546,0.77296394,-0.029473685,0.42590642,0.7237781",0.0
"0.36530146,0.0019329782,0.3280677,0.15897687,0.36708546,0.77296394,-0.029473685,0.42590642,0.7237781","0.86618745,-0.022039533,0.32897854","0.44801608,-0.0010973547,0.36341012,0.06304122,0.41819206,0.730629,-0.029473685,0.42590642,0.7237781",0.0
"0.44801608,-0.0010973547,0.36341012,0.06304122,0.41819206,0.730629,-0.029473685,0.42590642,0.7237781","0.5757098,-0.041257083,0.08019066","0.50299215,-0.0067700017,0.37202507,-0.009736894,0.41975358,0.72501284,-0.029473685,0.42590642,0.7237781",0.0
"0.50299215,-0.0067700017,0.37202507,-0.009736894,0.41975358,0.72501284,-0.029473685,0.42590642,0.7237781","0.17790723,0.00533092,-0.011925817","0.519981,-0.0060370388,0.37074393,-0.032132696,0.41891083,0.72596943,-0.029473685,0.42590642,0.7237781",0.0
"0.0,0.0,0.0,2.8652207e-07,0.005789075,0.993462,0.031988304,0.01760234,0.3823091","0.81269526,-0.58213115,0.9650487","0.077606484,-0.08004005,0.10367582,-0.029102266,-0.0012737551,0.98137504,0.031988304,0.01760234,0.3823091",0.0
"0.077606484,-0.08004005,0.10367582,-0.029102266,-0.0012737551,0.98137504,0.031988304,0.01760234,0.3823091","0.34447527,-0.25033253,0.96984017","0.11050136,-0.11445952,0.2078664,0.03586582,0.019132629,0.94603044,0.031988304,0.01760234,0.3823091",0.0
"0.11050136,-0.11445952,0.2078664,0.03586582,0.019132629,0.94603044,0.031988304,0.01760234,0.3823091","0.04708314,-0.4579423,0.9665861","0.11499745,-0.17742427,0.3117074,0.040803283,0.02160658,0.8885535,0.031988304,0.01760234,0.3823091",0.0
"0.11499745,-0.17742427,0.3117074,0.040803283,0.02160658,0.8885535,0.031988304,0.01760234,0.3823091","0.055111647,-0.55761486,0.96221936","0.120260194,-0.25409347,0.41507933,0.020281345,0.014277538,0.81158996,0.031988304,0.01760234,0.3823091",0.0
"0.120260194,-0.25409347,0.41507933,0.020281345,0.014277538,0.81158996,0.031988304,0.01760234,0.3823091","0.20188737,-0.5127639,0.95638514","0.13953897,-0.3245959,0.5178245,0.011018891,0.011559462,0.7152467,0.031988304,0.01760234,0.3823091",0.0
"0.13953897,-0.3245959,0.5178245,0.011018891,0.011559462,0.7152467,0.031988304,0.01760234,0.3823091","0.24988937,-0.4395635,0.94479704","0.16340159,-0.3850337,0.6193247,0.014869099,0.015028287,0.6028373,0.031988304,0.01760234,0.3823091",0.0
"0.16340159,-0.3850337,0.6193247,0.014869099,0.015028287,0.6028373,0.031988304,0.01760234,0.3823091","0.15070677,-0.3965131,0.9237797","0.177793,-0.43955225,0.71856695,0.021151401,0.020045063,0.47862583,0.031988304,0.01760234,0.3823091",0.0
"0.177793,-0.43955225,0.71856695,0.021151401,0.020045063,0.47862583,0.031988304,0.01760234,0.3823091","-0.17293161,-0.2837242,0.68161356","0.16127929,-0.47856292,0.79179317,0.025668519,0.020867119,0.37938225,0.031988304,0.01760234,0.3823091",0.0
"0.0,0.0,0.0,2.8652207e-07,0.005789075,0.993462,0.030350879,-0.29637426,0.5737357","-0.9120252,0.34386826,0.9283984","-0.08709179,0.047280114,0.099738434,0.22987019,-0.058499333,0.950301,0.030350879,-0.29637426,0.5737357",0.0
"-0.08709179,0.047280114,0.099738434,0.22987019,-0.058499333,0.950301,0.030350879,-0.29637426,0.5737357","-0.8845032,-0.039032638,0.9094497","-0.17155541,0.04191332,0.19744122,0.2989359,-0.17202252,0.87959075,0.030350879,-0.29637426,0.5737357",0.0
"-0.17155541,0.04191332,0.19744122,0.2989359,-0.17202252,0.87959075,0.030350879,-0.29637426,0.5737357","-0.8792693,-0.27420145,0.8732408","-0.25551924,0.0042120204,0.29125407,0.2618926,-0.26280382,0.81477654,0.030350879,-0.29637426,0.5737357",0.0
"-0.25551924,0.0042120204,0.29125407,0.2618926,-0.26280382,0.81477654,0.030350879,-0.29637426,0.5737357","-0.8502381,-0.36750913,0.86111593","-0.3367108,-0.046318606,0.38376436,0.1830785,-0.31322294,0.74737746,0.030350879,-0.29637426,0.5737357",0.0
"-0.3367108,-0.046318606,0.38376436,0.1830785,-0.31322294,0.74737746,0.030350879,-0.29637426,0.5737357","-0.7756547,-0.34237695,0.8463584","-0.4107802,-0.09339369,0.47468922,0.10250685,-0.3351625,0.6656857,0.030350879,-0.29637426,0.5737357",0.0
"-0.4107802,-0.09339369,0.47468922,0.10250685,-0.3351625,0.6656857,0.030350879,-0.29637426,0.5737357","-0.54029936,-0.38038397,0.71111286","-0.46237487,-0.14569455,0.5510846,0.04292692,-0.312387,0.5983615,0.030350879,-0.29637426,0.5737357",0.0
"-0.46237487,-0.14569455,0.5510846,0.04292692,-0.312387,0.5983615,0.030350879,-0.29637426,0.5737357","-0.18182659,-0.12001455,0.21802568","-0.479738,-0.16219597,0.5745073,0.025070531,-0.30232507,0.57628435,0.030350879,-0.29637426,0.5737357",0.0
"0.0,0.0,0.0,2.8652207e-07,0.005789075,0.993462,-0.039766084,0.0075438595,0.52215254","-0.3189453,-0.72636867,0.9600409","-0.030456975,-0.09987198,0.10313783,-0.07092667,0.012623005,0.97902477,-0.039766084,0.0075438595,0.52215254",0.0
"-0.030456975,-0.09987198,0.10313783,-0.07092667,0.012623005,0.97902477,-0.039766084,0.0075438595,0.52215254","-0.15409666,-0.50289524,0.9539261","-0.045172103,-0.16901752,0.20561875,-0.074560836,0.01650048,0.944569,-0.039766084,0.0075438595,0.52215254",0.0
"-0.045172103,-0.16901752,0.20561875,-0.074560836,0.01650048,0.944569,-0.039766084,0.0075438595,0.52215254","-0.033796847,-0.41092014,0.9470408","-0.048399467,-0.22551697,0.30736002,-0.052894555,0.013961969,0.8908494,-0.039766084,0.0075438595,0.52215254",0.0
"-0.048399467,-0.22551697,0.30736002,-0.052894555,0.013961969,0.8908494,-0.039766084,0.0075438595,0.52215254","0.08358002,-0.4817785,0.94230235","-0.04041819,-0.2917591,0.40859225,-0.050955553,0.012341329,0.8156397,-0.039766084,0.0075438595,0.52215254",0.0
"-0.04041819,-0.2917591,0.40859225,-0.050955553,0.012341329,0.8156397,-0.039766084,0.0075438595,0.52215254","0.20124221,-0.5162676,0.9371269","-0.021201026,-0.3627433,0.50926846,-0.05618216,0.009549688,0.721749,-0.039766084,0.0075438595,0.52215254",0.0
"-0.021201026,-0.3627433,0.50926846,-0.05618216,0.009549688,0.721749,-0.039766084,0.0075438595,0.52215254","0.20638883,-0.5248472,0.9130466","-0.0014923954,-0.4349071,0.6073577,-0.06184818,0.006079257,0.613963,-0.039766084,0.0075438595,0.52215254",0.0
"-0.0014923954,-0.4349071,0.6073577,-0.06184818,0.006079257,0.613963,-0.039766084,0.0075438595,0.52215254","-0.029840708,-0.29320693,0.67436075","-0.0043419707,-0.47522157,0.6798047,-0.045894362,0.006415882,0.52725554,-0.039766084,0.0075438595,0.52215254",0.0
"0.0,0.0,0.0,2.8652207e-07,0.005789075,0.993462,-0.1634503,-0.0057894737,0.62760717","0.30893683,-0.8032368,0.9507973","0.02950121,-0.11044094,0.102144785,-0.09592481,-0.0031019174,0.9769526,-0.1634503,-0.0057894737,0.62760717",0.0
"0.02950121,-0.11044094,0.102144785,-0.09592481,-0.0031019174,0.9769526,-0.1634503,-0.0057894737,0.62760717","-0.08296907,-0.64322567,0.9535787","0.021578256,-0.1988812,0.2045884,-0.13936591,-0.0036597447,0.9369937,-0.1634503,-0.0057894737,0.62760717",0.0
"0.021578256,-0.1988812,0.2045884,-0.13936591,-0.0036597447,0.9369937,-0.1634503,-0.0057894737,0.62760717","-0.026006639,-0.5948455,0.9461248","0.0190948,-0.28066945,0.30623126,-0.16391347,-0.0040450506,0.8766795,-0.1634503,-0.0057894737,0.62760717",0.0
"0.0190948,-0.28066945,0.30623126,-0.16391347,-0.0040450506,0.8766795,-0.1634503,-0.0057894737,0.62760717","0.074124455,-0.6257411,0.93271923","0.02617314,-0.3667057,0.4064339,-0.19004062,-0.009852687,0.7948178,-0.1634503,-0.0057894737,0.62760717",0.0
"0.02617314,-0.3667057,0.4064339,-0.19004062,-0.009852687,0.7948178,-0.1634503,-0.0057894737,0.62760717","0.118294,-0.52172244,0.89292943","0.037469357,-0.43843988,0.502362,-0.18744989,-0.016338378,0.7046473,-0.1634503,-0.0057894737,0.62760717",0.0
"0.037469357,-0.43843988,0.502362,-0.18744989,-0.016338378,0.7046473,-0.1634503,-0.0057894737,0.62760717","-0.10377306,-0.26224756,0.6149714","0.027559778,-0.47449762,0.5684288,-0.16266173,-0.008307798,0.6398794,-0.1634503,-0.0057894737,0.62760717",0.0
"0.0,0.0,0.0,2.8652207e-07,0.005789075,0.993462,0.06614035,-0.06327485,0.51554936","-0.7080081,-0.065442204,0.9445783","-0.06760964,-0.008997977,0.101476654,0.11915532,-0.019774362,0.974027,0.06614035,-0.06327485,0.51554936",0.0
"-0.06760964,-0.008997977,0.101476654,0.11915532,-0.019774362,0.974027,0.06614035,-0.06327485,0.51554936","-0.60393244,-0.32631302,0.94215083","-0.12528081,-0.05386436,0.20269257,0.1489355,-0.055576723,0.93436897,0.06614035,-0.06327485,0.51554936",0.0
"-0.12528081,-0.05386436,0.20269257,0.1489355,-0.055576723,0.93436897,0.06614035,-0.06327485,0.51554936","-0.35219312,-0.42921263,0.93412936","-0.1589127,-0.11287891,0.30304673,0.14484966,-0.0723949,0.87916744,0.06614035,-0.06327485,0.51554936",0.0
"-0.1589127,-0.11287891,0.30304673,0.14484966,-0.0723949,0.87916744,0.06614035,-0.06327485,0.51554936","-0.18646991,-0.4422853,0.92451024","-0.17671925,-0.17369089,0.40236753,0.13564737,-0.07732371,0.8063203,0.06614035,-0.06327485,0.51554936",0.0
"-0.17671925,-0.17369089,0.40236753,0.13564737,-0.07732371,0.8063203,0.06614035,-0.06327485,0.51554936","-0.21601325,-0.49346548,0.9079964","-0.19734697,-0.24153988,0.49991423,0.11185765,-0.07274068,0.72039616,0.06614035,-0.06327485,0.51554936",0.0
"-0.19734697,-0.24153988,0.49991423,0.11185765,-0.07274068,0.72039616,0.06614035,-0.06327485,0.51554936","-0.24678242,-0.48354113,0.8783903","-0.2209129,-0.30802432,0.59428036,0.087986305,-0.06568337,0.6222389,0.06614035,-0.06327485,0.51554936",0.0
"-0.2209129,-0.30802432,0.59428036,0.087986305,-0.06568337,0.6222389,0.06614035,-0.06327485,0.51554936","-0.2190193,-0.35143852,0.6472845","-0.24182765,-0.35634533,0.6638186,0.071726635,-0.060150262,0.54107666,0.06614035,-0.06327485,0.51554936",0.0
"-0.24182765,-0.35634533,0.6638186,0.071726635,-0.060150262,0.54107666,0.06614035,-0.06327485,0.51554936","-0.080549896,-0.08368093,0.16488075","-0.24951959,-0.36785105,0.6815319,0.0680707,-0.05969088,0.5191619,0.06614035,-0.06327485,0.51554936",0.0
"0.0,0.0,0.0,2.8652207e-07,0.005789075,0.993462,0.019766083,-0.16830409,0.49515146","-0.83652604,0.092439055,0.9501524","-0.07988217,0.012709887,0.10207549,0.16374196,-0.036000907,0.96612936,0.019766083,-0.16830409,0.49515146",0.0
"-0.07988217,0.012709887,0.10207549,0.16374196,-0.036000907,0.96612936,0.019766083,-0.16830409,0.49515146","-0.76159084,-0.12707162,0.9415002","-0.15260856,-0.00476182,0.20322149,0.2326756,-0.11444165,0.9089081,0.019766083,-0.16830409,0.49515146",0.0
"-0.15260856,-0.00476182,0.20322149,0.2326756,-0.11444165,0.9089081,0.019766083,-0.16830409,0.49515146","-0.7087693,-0.40184277,0.9324068","-0.22029088,-0.06001315,0.3033906,0.20677821,-0.16386181,0.8513665,0.019766083,-0.16830409,0.49515146",0.0
"-0.22029088,-0.06001315,0.3033906,0.20677821,-0.16386181,0.8513665,0.019766083,-0.16830409,0.49515146","-0.6945886,-0.42577207,0.91336095","-0.28661907,-0.118554644,0.40151364,0.161933,-0.19492802,0.779719,0.019766083,-0.16830409,0.49515146",0.0
"-0.28661907,-0.118554644,0.40151364,0.161933,-0.19492802,0.779719,0.019766083,-0.16830409,0.49515146","-0.68333375,-0.43576312,0.8951292","-0.35187247,-0.17846985,0.49767798,0.109835625,-0.20583606,0.69497085,0.019766083,-0.16830409,0.49515146",0.0
"-0.35187247,-0.17846985,0.49767798,0.109835625,-0.20583606,0.69497085,0.019766083,-0.16830409,0.49515146","-0.6913743,-0.44456875,0.8736155","-0.41789368,-0.23959579,0.5915311,0.0579645,-0.19701798,0.59965646,0.019766083,-0.16830409,0.49515146",0.0
"-0.41789368,-0.23959579,0.5915311,0.0579645,-0.19701798,0.59965646,0.019766083,-0.16830409,0.49515146","-0.5453047,-0.38308394,0.6876402","-0.46996632,-0.2922679,0.66540474,0.022291228,-0.17410769,0.5177666,0.019766083,-0.16830409,0.49515146",0.0
"-0.46996632,-0.2922679,0.66540474,0.022291228,-0.17410769,0.5177666,0.019766083,-0.16830409,0.49515146","-0.14428544,-0.047419608,0.15198815","-0.4837445,-0.29878786,0.68173295,0.014712518,-0.17444326,0.49648088,0.019766083,-0.16830409,0.49515146",0.0
"0.0,0.0,0.0,2.8652207e-07,0.005789075,0.993462,0.1677193,0.3968421,0.30614382","0.9107425,0.7334893,0.93512535","0.08696931,0.100851,0.1004611,0.3333656,0.099431455,0.91155547,0.1677193,0.3968421,0.30614382",0.0
"0.08696931,0.100851,0.1004611,0.3333656,0.099431455,0.91155547,0.1677193,0.3968421,0.30614382","0.93139553,0.33831632,0.91861033","0.17591083,0.14736776,0.19914801,0.45724988,0.28880852,0.76332945,0.1677193,0.3968421,0.30614382",0.0
"0.17591083,0.14736776,0.19914801,0.45724988,0.28880852,0.76332945,0.1677193,0.3968421,0.30614382","0.89808965,-0.4457546,0.92528844","0.26167187,0.08607881,0.29855236,0.3488535,0.3839292,0.71659184,0.1677193,0.3968421,0.30614382",0.0
"0.26167187,0.08607881,0.29855236,0.3488535,0.3839292,0.71659184,0.1677193,0.3968421,0.30614382","0.737973,-0.39890397,0.93033445","0.33214295,0.031231567,0.3984988,0.2446672,0.43164584,0.6456364,0.1677193,0.3968421,0.30614382",0.0
"0.33214295,0.031231567,0.3984988,0.2446672,0.43164584,0.6456364,0.1677193,0.3968421,0.30614382","0.3943993,-0.29120398,0.92032063","0.3698052,-0.008807482,0.49736947,0.18575785,0.4431006,0.5460388,0.1677193,0.3968421,0.30614382",0.0
"0.3698052,-0.008807482,0.49736947,0.18575785,0.4431006,0.5460388,0.1677193,0.3968421,0.30614382","0.17121422,-0.30329603,0.91131854","0.38615492,-0.050509125,0.595273,0.15055849,0.41939622,0.44158313,0.1677193,0.3968421,0.30614382",0.0
"0.38615492,-0.050509125,0.595273,0.15055849,0.41939622,0.44158313,0.1677193,0.3968421,0.30614382","-0.019495964,-0.2372176,0.82634556","0.3842932,-0.08312533,0.6840479,0.13845648,0.38025358,0.33744705,0.1677193,0.3968421,0.30614382",0.0
"0.3842932,-0.08312533,0.6840479,0.13845648,0.38025358,0.33744705,0.1677193,0.3968421,0.30614382","-0.16533512,0.05910349,0.120461464","0.3685049,-0.07499891,0.6969892,0.15861584,0.3762901,0.30953375,0.1677193,0.3968421,0.30614382",0.0
"0.3685049,-0.07499891,0.6969892,0.15861584,0.3762901,0.30953375,0.1677193,0.3968421,0.30614382","-0.06671548,0.045886874,-0.039517105","0.36213407,-0.0686897,0.69274384,0.16885015,0.3789559,0.3096767,0.1677193,0.3968421,0.30614382",0.0
"0.36213407,-0.0686897,0.69274384,0.16885015,0.3789559,0.3096767,0.1677193,0.3968421,0.30614382","0.016977072,-0.0015257597,-0.0028036237","0.36375526,-0.06889948,0.6924427,0.16688207,0.3797326,0.3103483,0.1677193,0.3968421,0.30614382",0.0
"0.0,0.0,0.0,2.8652207e-07,0.005789075,0.993462,-0.28362575,0.09122807,0.5737357","-0.5385293,-0.96747917,0.7697463","-0.05142565,-0.13302343,0.08269437,-0.16790289,0.033230152,0.96937245,-0.28362575,0.09122807,0.5737357",0.0
"-0.05142565,-0.13302343,0.08269437,-0.16790289,0.033230152,0.96937245,-0.28362575,0.09122807,0.5737357","-0.43702918,-0.8911095,0.91048694","-0.093158774,-0.25554645,0.1805086,-0.27428624,0.08869413,0.9089891,-0.28362575,0.09122807,0.5737357",0.0
"-0.093158774,-0.25554645,0.1805086,-0.27428624,0.08869413,0.9089891,-0.28362575,0.09122807,0.5737357","-0.036771,-0.7645494,0.90485585","-0.09667014,-0.3606681,0.27771792,-0.3376567,0.11188621,0.83101535,-0.28362575,0.09122807,0.5737357",0.0
"-0.09667014,-0.3606681,0.27771792,-0.3376567,0.11188621,0.83101535,-0.28362575,0.09122807,0.5737357","0.044509053,-0.6206128,0.9134052","-0.09241985,-0.4459992,0.3758457,-0.3531582,0.111561984,0.75025743,-0.28362575,0.09122807,0.5737357",0.0
"-0.09241985,-0.4459992,0.3758457,-0.3531582,0.111561984,0.75025743,-0.28362575,0.09122807,0.5737357","0.08591962,-0.4835055,0.8988669","-0.08421516,-0.51247877,0.47241163,-0.33105022,0.095686436,0.6713572,-0.28362575,0.09122807,0.5737357",0.0
"-0.08421516,-0.51247877,0.47241163,-0.33105022,0.095686436,0.6713572,-0.28362575,0.09122807,0.5737357","0.013897419,-0.30299258,0.7393569","-0.08288805,-0.5541387,0.55184126,-0.28765643,0.082637444,0.606006,-0.28362575,0.09122807,0.5737357",0.0
"-0.08288805,-0.5541387,0.55184126,-0.28765643,0.082637444,0.606006,-0.28362575,0.09122807,0.5737357","-0.055613816,-0.14942253,0.25937712","-0.088198766,-0.5746836,0.5797064,-0.27841854,0.08520127,0.5763603,-0.28362575,0.09122807,0.5737357",0.0
"0.0,0.0,0.0,2.8652207e-07,0.005789075,0.993462,-0.07672515,0.27947366,0.43591902","0.94450665,0.82467985,0.9460374","0.09019354,0.11338923,0.10163339,0.3577583,0.11020388,0.899609,-0.07672515,0.27947366,0.43591902",0.0
"0.09019354,0.11338923,0.10163339,0.3577583,0.11020388,0.899609,-0.07672515,0.27947366,0.43591902","0.98550117,-0.7403848,0.9187318","0.18430175,0.011590125,0.20033336,0.2382906,0.16269721,0.90042037,-0.07672515,0.27947366,0.43591902",0.0
"0.18430175,0.011590125,0.20033336,0.2382906,0.16269721,0.90042037,-0.07672515,0.27947366,0.43591902","0.9757607,-0.5328443,0.9325924","0.2774798,-0.061673243,0.3005224,0.16132675,0.20089352,0.855342,-0.07672515,0.27947366,0.43591902",0.0
"0.2774798,-0.061673243,0.3005224,0.16132675,0.20089352,0.855342,-0.07672515,0.27947366,0.43591902","0.9539739,-0.4737118,0.9396894","0.3685774,-0.1268062,0.40147388,0.09052041,0.22107103,0.784719,-0.07672515,0.27947366,0.43591902",0.0
"0.3685774,-0.1268062,0.40147388,0.09052041,0.22107103,0.784719,-0.07672515,0.27947366,0.43591902","0.9056902,-0.36334944,0.9351872","0.45506424,-0.17676489,0.50194174,0.027909998,0.23754099,0.6883592,-0.07672515,0.27947366,0.43591902",0.0
"0.45506424,-0.17676489,0.50194174,0.027909998,0.23754099,0.6883592,-0.07672515,0.27947366,0.43591902","0.8310312,-0.18288106,0.9201679","0.5344217,-0.20191012,0.600796,-0.034002118,0.25955397,0.5647802,-0.07672515,0.27947366,0.43591902",0.0
"0.5344217,-0.20191012,0.600796,-0.034002118,0.25955397,0.5647802,-0.07672515,0.27947366,0.43591902","0.58297,-0.16590154,0.81316614","0.59009105,-0.22472076,0.688155,-0.078852706,0.25038853,0.44708645,-0.07672515,0.27947366,0.43591902",0.0
"0.59009105,-0.22472076,0.688155,-0.078852706,0.25038853,0.44708645,-0.07672515,0.27947366,0.43591902","-0.04414022,0.13574708,-0.043745577","0.585876,-0.20605627,0.6834554,-0.08077297,0.27036956,0.44196796,-0.07672515,0.27947366,0.43591902",0.0
"0.0,0.0,0.0,2.8652207e-07,0.005789075,0.993462,-0.07754386,0.04853801,0.51554936","-0.7549767,-0.8860171,0.94996095","-0.072094806,-0.12182281,0.102054946,-0.115845345,0.032637056,0.97395813,-0.07754386,0.04853801,0.51554936",0.0
"-0.072094806,-0.12182281,0.102054946,-0.115845345,0.032637056,0.97395813,-0.07754386,0.04853801,0.51554936","-0.65801305,-0.6718537,0.95369494","-0.13493028,-0.21419927,0.20451103,-0.15335305,0.07555251,0.93121326,-0.07754386,0.04853801,0.51554936",0.0
"-0.13493028,-0.21419927,0.20451103,-0.15335305,0.07555251,0.93121326,-0.07754386,0.04853801,0.51554936","-0.43288302,-0.52715695,0.95631623","-0.17626747,-0.2866807,0.30724877,-0.14506437,0.09649879,0.87382746,-0.07754386,0.04853801,0.51554936",0.0
"-0.17626747,-0.2866807,0.30724877,-0.14506437,0.09649879,0.87382746,-0.07754386,0.04853801,0.51554936","-0.08611429,-0.5373633,0.95322084","-0.18449076,-0.36056542,0.40965396,-0.14327711,0.10070705,0.79584825,-0.07754386,0.04853801,0.51554936",0.0
"-0.18449076,-0.36056542,0.40965396,-0.14327711,0.10070705,0.79584825,-0.07754386,0.04853801,0.51554936","0.14812708,-0.5271518,0.9462875","-0.1703457,-0.43304613,0.51131433,-0.14178123,0.09078751,0.70073,-0.07754386,0.04853801,0.51554936",0.0
"-0.1703457,-0.43304613,0.51131433,-0.14178123,0.09078751,0.70073,-0.07754386,0.04853801,0.51554936","0.21460378,-0.45297182,0.9237466","-0.14985259,-0.49532747,0.610553,-0.12550138,0.07036889,0.5956219,-0.07754386,0.04853801,0.51554936",0.0
"-0.14985259,-0.49532747,0.610553,-0.12550138,0.07036889,0.5956219,-0.07754386,0.04853801,0.51554936","-0.021529973,-0.15014261,0.6333641","-0.15190855,-0.51597136,0.6785958,-0.08461646,0.050272882,0.5214576,-0.07754386,0.04853801,0.51554936",0.0
"0.0,0.0,0.0,2.8652207e-07,0.005789075,0.993462,-0.25760236,-0.13280702,0.43591902","-0.17949277,-0.9563033,0.8627578","-0.01714027,-0.1314868,0.092686646,-0.15332562,0.014061779,0.9706628,-0.25760236,-0.13280702,0.43591902",0.0
"-0.01714027,-0.1314868,0.092686646,-0.15332562,0.014061779,0.9706628,-0.25760236,-0.13280702,0.43591902","0.22179615,-0.93531513,0.8538842","0.0040396447,-0.26008785,0.18442002,-0.2918975,0.0020849013,0.90609956,-0.25760236,-0.13280702,0.43591902",0.0
"0.0040396447,-0.26008785,0.18442002,-0.2918975,0.0020849013,0.90609956,-0.25760236,-0.13280702,0.43591902","0.48074555,-0.87969697,0.91870844","0.049947355,-0.3810417,0.2831175,-0.38167247,-0.054525163,0.81281555,-0.25760236,-0.13280702,0.43591902",0.0
"0.049947355,-0.3810417,0.2831175,-0.38167247,-0.054525163,0.81281555,-0.25760236,-0.13280702,0.43591902","0.35035467,-0.7558182,0.9397235","0.083403684,-0.48496288,0.3840727,-0.41048244,-0.10409225,0.7119308,-0.25760236,-0.13280702,0.43591902",0.0
"0.083403684,-0.48496288,0.3840727,-0.41048244,-0.10409225,0.7119308,-0.25760236,-0.13280702,0.43591902","0.14485872,-0.6167238,0.94013596","0.09723664,-0.56975925,0.48507214,-0.39493144,-0.11847106,0.6153344,-0.25760236,-0.13280702,0.43591902",0.0
"0.09723664,-0.56975925,0.48507214,-0.39493144,-0.11847106,0.6153344,-0.25760236,-0.13280702,0.43591902","0.27254152,-0.5003921,0.9254358","0.12326238,-0.63856065,0.5844923,-0.3429926,-0.13363162,0.5226964,-0.25760236,-0.13280702,0.43591902",0.0
"0.12326238,-0.63856065,0.5844923,-0.3429926,-0.13363162,0.5226964,-0.25760236,-0.13280702,0.43591902","0.2705164,-0.30845737,0.8003316","0.14909473,-0.680972,0.67047244,-0.27378395,-0.13203293,0.44668087,-0.25760236,-0.13280702,0.43591902",0.0
"0.14909473,-0.680972,0.67047244,-0.27378395,-0.13203293,0.44668087,-0.25760236,-0.13280702,0.43591902","0.08791292,-0.029299617,0.18624365","0.15748978,-0.6850006,0.6904807,-0.25151518,-0.12912221,0.4313503,-0.25760236,-0.13280702,0.43591902",0.0
"0.0,0.0,0.0,2.8652207e-07,0.005789075,0.993462,0.13608187,-0.5610526,0.47593033","-0.8969778,0.90941334,0.8710313","-0.08565486,0.12503965,0.09357544,0.37528485,-0.09749152,0.8951689,0.13608187,-0.5610526,0.47593033",0.0
"-0.08565486,0.12503965,0.09357544,0.37528485,-0.09749152,0.8951689,0.13608187,-0.5610526,0.47593033","-0.9308703,0.62603664,0.82751966","-0.17454621,0.21111648,0.1824764,0.5424914,-0.3245935,0.6927994,0.13608187,-0.5610526,0.47593033",0.0
"-0.17454621,0.21111648,0.1824764,0.5424914,-0.3245935,0.6927994,0.13608187,-0.5610526,0.47593033","-0.949509,0.06979942,0.6784953","-0.26521742,0.22071356,0.2553676,0.47095636,-0.5096786,0.5769651,0.13608187,-0.5610526,0.47593033",0.0
"-0.26521742,0.22071356,0.2553676,0.47095636,-0.5096786,0.5769651,0.13608187,-0.5610526,0.47593033","-0.9463014,-0.4009956,0.6402614","-0.35558236,0.16557874,0.3241513,0.2908357,-0.5832237,0.56631833,0.13608187,-0.5610526,0.47593033",0.0
"-0.35558236,0.16557874,0.3241513,0.2908357,-0.5832237,0.56631833,0.13608187,-0.5610526,0.47593033","-0.6641101,-0.4297775,0.752601","-0.41900006,0.10648655,0.40500376,0.15741007,-0.58218175,0.53478414,0.13608187,-0.5610526,0.47593033",0.0
"-0.41900006,0.10648655,0.40500376,0.15741007,-0.58218175,0.53478414,0.13608187,-0.5610526,0.47593033","-0.053156614,-0.21817434,0.526165","-0.4240761,0.07648871,0.46153006,0.14237002,-0.56102616,0.49099243,0.13608187,-0.5610526,0.47593033",0.0
"0.0,0.0,0.0,2.8652207e-07,0.005789075,0.993462,0.04789474,-0.21269006,0.47566882","-0.8635549,0.12002468,0.96203935","-0.08246322,0.016502768,0.10335251,0.17283075,-0.039815027,0.9639098,0.04789474,-0.21269006,0.47566882",0.0
"-0.08246322,0.016502768,0.10335251,0.17283075,-0.039815027,0.9639098,0.04789474,-0.21269006,0.47566882","-0.8170491,-0.12889534,0.9520831","-0.16048549,-0.0012196905,0.20563543,0.23846899,-0.12496192,0.90460974,0.04789474,-0.21269006,0.47566882",0.0
"-0.16048549,-0.0012196905,0.20563543,0.23846899,-0.12496192,0.90460974,0.04789474,-0.21269006,0.47566882","-0.6178087,-0.18808281,0.93327975","-0.21948174,-0.027080126,0.3058983,0.25659576,-0.20406903,0.8249089,0.04789474,-0.21269006,0.47566882",0.0
"-0.21948174,-0.027080126,0.3058983,0.25659576,-0.20406903,0.8249089,0.04789474,-0.21269006,0.47566882","-0.6743078,-0.41217577,0.91707337","-0.28387323,-0.083752185,0.40442014,0.2029024,-0.24221687,0.75197434,0.04789474,-0.21269006,0.47566882",0.0
"-0.28387323,-0.083752185,0.40442014,0.2029024,-0.24221687,0.75197434,0.04789474,-0.21269006,0.47566882","-0.6119756,-0.41983306,0.90037894","-0.34231246,-0.1414771,0.5011485,0.14455019,-0.2553442,0.6665081,0.04789474,-0.21269006,0.47566882",0.0
"-0.34231246,-0.1414771,0.5011485,0.14455019,-0.2553442,0.6665081,0.04789474,-0.21269006,0.47566882","-0.5938888,-0.43615294,0.8795506","-0.39902452,-0.2014459,0.5956393,0.086578675,-0.2451519,0.5720726,0.04789474,-0.21269006,0.47566882",0.0
"-0.39902452,-0.2014459,0.5956393,0.086578675,-0.2451519,0.5720726,0.04789474,-0.21269006,0.47566882","-0.38213235,-0.37457526,0.6882148","-0.4355154,-0.2529481,0.6695747,0.050941348,-0.21923739,0.49233052,0.04789474,-0.21269006,0.47566882",0.0
"0.0,0.0,0.0,2.8652207e-07,0.005789075,0.993462,0.044619884,0.057660818,0.2237676","0.88290024,-0.44967246,0.9671726","0.084310554,-0.061827663,0.103903994,0.008959964,0.008428585,0.98172,0.044619884,0.057660818,0.2237676",0.0
"0.084310554,-0.061827663,0.103903994,0.008959964,0.008428585,0.98172,0.044619884,0.057660818,0.2237676","0.793748,-0.30496144,0.9578707","0.16010772,-0.10375832,0.2068087,0.050705176,0.034505386,0.9452604,0.044619884,0.057660818,0.2237676",0.0
"0.16010772,-0.10375832,0.2068087,0.050705176,0.034505386,0.9452604,0.044619884,0.057660818,0.2237676","0.5221468,-0.401622,0.9581299","0.20996894,-0.15897931,0.30974126,0.05936264,0.05336315,0.8872052,0.044619884,0.057660818,0.2237676",0.0
"0.20996894,-0.15897931,0.30974126,0.05936264,0.05336315,0.8872052,0.044619884,0.057660818,0.2237676","0.558198,-0.3789512,0.9629775","0.26327276,-0.21108319,0.4131946,0.06337732,0.07744724,0.80685925,0.044619884,0.057660818,0.2237676",0.0
"0.26327276,-0.21108319,0.4131946,0.06337732,0.07744724,0.80685925,0.044619884,0.057660818,0.2237676","0.29548144,-0.27232432,0.9678266","0.2914891,-0.2485264,0.5171689,0.07901957,0.11236457,0.70185065,0.044619884,0.057660818,0.2237676",0.0
"0.2914891,-0.2485264,0.5171689,0.07901957,0.11236457,0.70185065,0.044619884,0.057660818,0.2237676","-0.18778014,-0.51673996,0.965261","0.27355745,-0.3195755,0.62086755,0.06939006,0.08937115,0.59019274,0.044619884,0.057660818,0.2237676",0.0
"0.27355745,-0.3195755,0.62086755,0.06939006,0.08937115,0.59019274,0.044619884,0.057660818,0.2237676","-0.045981586,-0.49232876,0.94962955","0.26916656,-0.3872682,0.7228869,0.05634711,0.07230537,0.46491078,0.044619884,0.057660818,0.2237676",0.0
"0.26916656,-0.3872682,0.7228869,0.05634711,0.07230537,0.46491078,0.044619884,0.057660818,0.2237676","0.10230768,-0.36284077,0.9282905","0.27893618,-0.43715698,0.82261384,0.049355477,0.06830219,0.327723,0.044619884,0.057660818,0.2237676",0.0
"0.27893618,-0.43715698,0.82261384,0.049355477,0.06830219,0.327723,0.044619884,0.057660818,0.2237676","0.12657249,-0.2785197,0.6934289","0.29102293,-0.47545204,0.8971094,0.03926614,0.060444087,0.22041585,0.044619884,0.057660818,0.2237676",0.0
"0.0,0.0,0.0,2.8652207e-07,0.005789075,0.993462,-0.13853802,-0.5705263,0.5930222","-0.9644512,0.5404403,0.77397966","-0.09209809,0.07430776,0.08314913,0.262212,-0.07201728,0.9433185,-0.13853802,-0.5705263,0.5930222",0.0
"-0.09209809,0.07430776,0.08314913,0.262212,-0.07201728,0.9433185,-0.13853802,-0.5705263,0.5930222","-0.9665012,0.083366156,0.66338825","-0.18439193,0.08577018,0.15441737,0.32266706,-0.20415406,0.88031244,-0.13853802,-0.5705263,0.5930222",0.0
"-0.18439193,0.08577018,0.15441737,0.32266706,-0.20415406,0.88031244,-0.13853802,-0.5705263,0.5930222","-0.97313637,0.002990365,0.47192454","-0.2773194,0.08618134,0.20511656,0.2858947,-0.3307315,0.829594,-0.13853802,-0.5705263,0.5930222",0.0
"-0.2773194,0.08618134,0.20511656,0.2858947,-0.3307315,0.829594,-0.13853802,-0.5705263,0.5930222","-0.95980114,0.025436401,0.4191227","-0.36897343,0.08967871,0.25014323,0.19972697,-0.44302174,0.7739431,-0.13853802,-0.5705263,0.5930222",0.0
"-0.36897343,0.08967871,0.25014323,0.19972697,-0.44302174,0.7739431,-0.13853802,-0.5705263,0.5930222","-0.9248115,0.039978385,0.47039962","-0.4572862,0.095175534,0.30067858,0.07730103,-0.52933866,0.7020487,-0.13853802,-0.5705263,0.5930222",0.0
"-0.4572862,0.095175534,0.30067858,0.07730103,-0.52933866,0.7020487,-0.13853802,-0.5705263,0.5930222","-0.8118986,-0.004468024,0.34321356","-0.5348166,0.094561204,0.33755028,-0.055093996,-0.5546975,0.65164554,-0.13853802,-0.5705263,0.5930222",0.0
"-0.5348166,0.094561204,0.33755028,-0.055093996,-0.5546975,0.65164554,-0.13853802,-0.5705263,0.5930222","-0.43553853,0.010050774,0.3469789","-0.57640743,0.09594313,0.3748265,-0.13182446,-0.5629272,0.5954718,-0.13853802,-0.5705263,0.5930222",0.0
"0.0,0.0,0.0,2.8652207e-07,0.005789075,0.993462,0.03140351,0.08596491,0.51554936","0.9044299,-0.20307428,0.9628346","0.08636649,-0.02792168,0.103437945,0.07830943,0.027793752,0.9779801,0.03140351,0.08596491,0.51554936",0.0
"0.08636649,-0.02792168,0.103437945,0.07830943,0.027793752,0.9779801,0.03140351,0.08596491,0.51554936","0.78217876,-0.38667047,0.9560369","0.16105886,-0.081086904,0.20614564,0.09092358,0.056998663,0.9409873,0.03140351,0.08596491,0.51554936",0.0
"0.16105886,-0.081086904,0.20614564,0.09092358,0.056998663,0.9409873,0.03140351,0.08596491,0.51554936","0.7296978,-0.35587502,0.9513798","0.23073968,-0.1300179,0.30835304,0.096925676,0.093586296,0.8807647,0.03140351,0.08596491,0.51554936",0.0
"0.23073968,-0.1300179,0.30835304,0.096925676,0.093586296,0.8807647,0.03140351,0.08596491,0.51554936","0.66948354,-0.45478433,0.9497142","0.2946705,-0.19254844,0.41038153,0.073741965,0.10763265,0.80451506,0.03140351,0.08596491,0.51554936",0.0
"0.2946705,-0.19254844,0.41038153,0.073741965,0.10763265,0.80451506,0.03140351,0.08596491,0.51554936","0.49562347,-0.47992843,0.94948673","0.3419989,-0.25853616,0.51238555,0.050586324,0.105557315,0.7107292,0.03140351,0.08596491,0.51554936",0.0
"0.3419989,-0.25853616,0.51238555,0.050586324,0.105557315,0.7107292,0.03140351,0.08596491,0.51554936","0.32013488,-0.4700656,0.9331343","0.37256947,-0.32316777,0.6126328,0.034414478,0.09617716,0.602095,0.03140351,0.08596491,0.51554936",0.0
"0.37256947,-0.32316777,0.6126328,0.034414478,0.09617716,0.602095,0.03140351,0.08596491,0.51554936","0.14310241,-0.33577532,0.6770786","0.38623473,-0.3693352,0.6853718,0.026385238,0.08720273,0.5141366,0.03140351,0.08596491,0.51554936",0.0
"0.0,0.0,0.0,2.8652207e-07,0.005789075,0.993462,0.16479532,-0.021637427,0.3483126","0.040990353,-0.22302842,0.97054195","0.0039142733,-0.030665271,0.10426595,0.078074165,0.0067495806,0.97822934,0.16479532,-0.021637427,0.3483126",0.0
"0.0039142733,-0.030665271,0.10426595,0.078074165,0.0067495806,0.97822934,0.16479532,-0.021637427,0.3483126","0.043073773,-0.23904085,0.96699953","0.008027495,-0.06353218,0.20815137,0.14569142,0.009465931,0.93429005,0.16479532,-0.021637427,0.3483126",0.0
"0.008027495,-0.06353218,0.20815137,0.14569142,0.009465931,0.93429005,0.16479532,-0.021637427,0.3483126","0.0068711042,-0.27168715,0.9621742","0.008683625,-0.10088779,0.3115184,0.19437902,0.011095312,0.8662178,0.16479532,-0.021637427,0.3483126",0.0
"0.008683625,-0.10088779,0.3115184,0.19437902,0.011095312,0.8662178,0.16479532,-0.021637427,0.3483126","0.008816361,-0.27798504,0.9547888","0.009525512,-0.13910933,0.41409203,0.22860284,0.0126347225,0.77695704,0.16479532,-0.021637427,0.3483126",0.0
"0.009525512,-0.13910933,0.41409203,0.22860284,0.0126347225,0.77695704,0.16479532,-0.021637427,0.3483126","-0.023637116,-0.34649098,0.94565177","0.00726833,-0.18675007,0.5156841,0.23329255,0.011118638,0.67578787,0.16479532,-0.021637427,0.3483126",0.0
"0.00726833,-0.18675007,0.5156841,0.23329255,0.011118638,0.67578787,0.16479532,-0.021637427,0.3483126","-0.12111807,-0.3300184,0.9282143","-0.004297575,-0.23212594,0.6154028,0.22851174,0.0027044388,0.56139255,0.16479532,-0.021637427,0.3483126",0.0
"-0.004297575,-0.23212594,0.6154028,0.22851174,0.0027044388,0.56139255,0.16479532,-0.021637427,0.3483126","-0.21122777,-0.3745203,0.89048994","-0.0244683,-0.28362057,0.71106875,0.20283097,-0.009815919,0.44525954,0.16479532,-0.021637427,0.3483126",0.0
"-0.0244683,-0.28362057,0.71106875,0.20283097,-0.009815919,0.44525954,0.16479532,-0.021637427,0.3483126","-0.21601146,-0.34218705,0.61388564","-0.04509584,-0.33066955,0.7770189,0.16898282,-0.018253865,0.36510605,0.16479532,-0.021637427,0.3483126",0.0
"0.0,0.0,0.0,2.8652207e-07,0.005789075,0.993462,0.1583041,-0.060467836,0.49515146","-0.4759956,-0.07104862,0.9635289","-0.04545413,-0.00976883,0.10351253,0.12133142,-0.011595978,0.9734202,0.1583041,-0.060467836,0.49515146",0.0
"-0.04545413,-0.00976883,0.10351253,0.12133142,-0.011595978,0.9734202,0.1583041,-0.060467836,0.49515146","-0.2084539,-0.2820747,0.96273136","-0.06535997,-0.048552666,0.20693943,0.17256013,-0.030025708,0.9292614,0.1583041,-0.060467836,0.49515146",0.0
"-0.06535997,-0.048552666,0.20693943,0.17256013,-0.030025708,0.9292614,0.1583041,-0.060467836,0.49515146","-0.09468031,-0.28694093,0.953171","-0.07440126,-0.088005595,0.30933926,0.21234065,-0.044605177,0.8618397,0.1583041,-0.060467836,0.49515146",0.0
"-0.07440126,-0.088005595,0.30933926,0.21234065,-0.044605177,0.8618397,0.1583041,-0.060467836,0.49515146","-0.067882895,-0.34193027,0.93838954","-0.08088359,-0.13501927,0.41015112,0.22640006,-0.052818924,0.7792848,0.1583041,-0.060467836,0.49515146",0.0
"-0.08088359,-0.13501927,0.41015112,0.22640006,-0.052818924,0.7792848,0.1583041,-0.060467836,0.49515146","-0.12853879,-0.33867157,0.91606927","-0.093158126,-0.1815849,0.5085651,0.2280068,-0.062656164,0.6823449,0.1583041,-0.060467836,0.49515146",0.0
"-0.093158126,-0.1815849,0.5085651,0.2280068,-0.062656164,0.6823449,0.1583041,-0.060467836,0.49515146","-0.17218173,-0.46650845,0.88702595","-0.10960024,-0.24572742,0.60385895,0.19396043,-0.063404836,0.5852359,0.1583041,-0.060467836,0.49515146",0.0
"-0.10960024,-0.24572742,0.60385895,0.19396043,-0.063404836,0.5852359,0.1583041,-0.060467836,0.49515146","-0.19542003,-0.3689199,0.62800014","-0.12826145,-0.29645205,0.67132545,0.16148707,-0.06254375,0.5108528,0.1583041,-0.060467836,0.49515146",0.0
"0.0,0.0,0.0,2.8652207e-07,0.005789075,0.993462,0.047192983,0.16274853,0.49515146","0.8525828,-0.16116774,0.9538305","0.08141547,-0.022159748,0.10247063,0.089379676,0.029356694,0.9770862,0.047192983,0.16274853,0.49515146",0.0
"0.08141547,-0.022159748,0.10247063,0.089379676,0.029356694,0.9770862,0.047192983,0.16274853,0.49515146","0.81671715,-0.108891845,0.9429256","0.15940604,-0.037131835,0.20376976,0.16778654,0.0984337,0.926399,0.047192983,0.16274853,0.49515146",0.0
"0.15940604,-0.037131835,0.20376976,0.16778654,0.0984337,0.926399,0.047192983,0.16274853,0.49515146","0.8232782,-0.32302678,0.9467938","0.23802312,-0.08154637,0.30548447,0.16106692,0.15727642,0.86211103,0.047192983,0.16274853,0.49515146",0.0
"0.23802312,-0.08154637,0.30548447,0.16106692,0.15727642,0.86211103,0.047192983,0.16274853,0.49515146","0.7638972,-0.45716584,0.9497689","0.3109697,-0.14440435,0.40751883,0.11463191,0.18013267,0.7874393,0.047192983,0.16274853,0.49515146",0.0
"0.3109697,-0.14440435,0.40751883,0.11463191,0.18013267,0.7874393,0.047192983,0.16274853,0.49515146","0.64534557,-0.45781446,0.9492229","0.37259555,-0.2073515,0.50949454,0.07124399,0.18324775,0.6947341,0.047192983,0.16274853,0.49515146",0.0
"0.37259555,-0.2073515,0.50949454,0.07124399,0.18324775,0.6947341,0.047192983,0.16274853,0.49515146","0.4696163,-0.4143337,0.9352901","0.4174405,-0.26432028,0.60997343,0.041090414,0.17743103,0.5853232,0.047192983,0.16274853,0.49515146",0.0
"0.4174405,-0.26432028,0.60997343,0.041090414,0.17743103,0.5853232,0.047192983,0.16274853,0.49515146","0.104026556,-0.26809013,0.68284655","0.42737424,-0.30118132,0.6833321,0.033445325,0.16963199,0.4951261,0.047192983,0.16274853,0.49515146",0.0
"0.0,0.0,0.0,2.8652207e-07,0.005789075,0.993462,0.10456141,-0.088713445,0.36001524","-0.76105976,0.099600434,0.95878744","-0.07267568,0.01369454,0.10300315,0.16774295,-0.033034936,0.9652741,0.10456141,-0.088713445,0.36001524",0.0
"-0.07267568,0.01369454,0.10300315,0.16774295,-0.033034936,0.9652741,0.10456141,-0.088713445,0.36001524","-0.47904074,-0.31541026,0.96923625","-0.1184206,-0.02967276,0.20712887,0.20119973,-0.07229394,0.9201682,0.10456141,-0.088713445,0.36001524",0.0
"-0.1184206,-0.02967276,0.20712887,0.20119973,-0.07229394,0.9201682,0.10456141,-0.088713445,0.36001524","-0.12702101,-0.36054653,0.95802903","-0.13055019,-0.079246074,0.31005058,0.21724297,-0.08814314,0.85631835,0.10456141,-0.088713445,0.36001524",0.0
"-0.13055019,-0.079246074,0.31005058,0.21724297,-0.08814314,0.85631835,0.10456141,-0.088713445,0.36001524","-0.07952863,-0.38876498,0.94639254","-0.13814461,-0.13269928,0.4117222,0.21828118,-0.0947848,0.7761026,0.10456141,-0.088713445,0.36001524",0.0
"-0.13814461,-0.13269928,0.4117222,0.21828118,-0.0947848,0.7761026,0.10456141,-0.088713445,0.36001524","-0.076296926,-0.372384,0.9272405","-0.14543042,-0.18390019,0.5113363,0.21325722,-0.09838071,0.67997724,0.10456141,-0.088713445,0.36001524",0.0
"-0.14543042,-0.18390019,0.5113363,0.21325722,-0.09838071,0.67997724,0.10456141,-0.088713445,0.36001524","-0.16169208,-0.40443003,0.90013766","-0.16087084,-0.23950727,0.6080387,0.19072834,-0.09891826,0.5760704,0.10456141,-0.088713445,0.36001524",0.0
"-0.16087084,-0.23950727,0.6080387,0.19072834,-0.09891826,0.5760704,0.10456141,-0.088713445,0.36001524","-0.34394968,-0.494766,0.8733666","-0.19371553,-0.30753508,0.70186514,0.14526553,-0.094165094,0.4701779,0.10456141,-0.088713445,0.36001524",0.0
"-0.19371553,-0.30753508,0.70186514,0.14526553,-0.094165094,0.4701779,0.10456141,-0.088713445,0.36001524","-0.35544056,-0.3736422,0.6326573","-0.22765753,-0.35890898,0.76983196,0.11024703,-0.08809508,0.38689113,0.10456141,-0.088713445,0.36001524",0.0
"-0.22765753,-0.35890898,0.76983196,0.11024703,-0.08809508,0.38689113,0.10456141,-0.088713445,0.36001524","-0.15858316,-0.07011068,0.17974842","-0.24280107,-0.3685489,0.78914255,0.10288189,-0.09032253,0.36054552,0.10456141,-0.088713445,0.36001524",0.0
"0.0,0.0,0.0,2.8652207e-07,0.005789075,0.993462,-0.23649123,-0.3725146,0.60727465","-0.8997187,-0.3744012,0.7925006","-0.085916616,-0.05147825,0.08513887,0.008448321,0.003669206,0.9855897,-0.23649123,-0.3725146,0.60727465",0.0
"-0.085916616,-0.05147825,0.08513887,0.008448321,0.003669206,0.9855897,-0.23649123,-0.3725146,0.60727465","-0.87266606,-0.2299667,0.75290406","-0.1692499,-0.08309752,0.16602387,0.046190098,-0.020453705,0.9622789,-0.23649123,-0.3725146,0.60727465",0.0
"-0.1692499,-0.08309752,0.16602387,0.046190098,-0.020453705,0.9622789,-0.23649123,-0.3725146,0.60727465","-0.8853873,-0.15539181,0.67234135","-0.25379798,-0.104463115,0.23825397,0.074097104,-0.06760019,0.92655027,-0.23649123,-0.3725146,0.60727465",0.0
"-0.25379798,-0.104463115,0.23825397,0.074097104,-0.06760019,0.92655027,-0.23649123,-0.3725146,0.60727465","-0.8792896,-0.12616527,0.5385413","-0.33776376,-0.12181021,0.29610986,0.07153838,-0.11612487,0.88835394,-0.23649123,-0.3725146,0.60727465",0.0
"-0.33776376,-0.12181021,0.29610986,0.07153838,-0.11612487,0.88835394,-0.23649123,-0.3725146,0.60727465","-0.8501245,0.014641881,0.410079","-0.41894445,-0.11979706,0.34016496,0.05346357,-0.18241647,0.8473522,-0.23649123,-0.3725146,0.60727465",0.0
"-0.41894445,-0.11979706,0.34016496,0.05346357,-0.18241647,0.8473522,-0.23649123,-0.3725146,0.60727465","-0.8390225,0.08831978,0.3376336","-0.499065,-0.10765357,0.37643725,0.006520673,-0.24928802,0.8021644,-0.23649123,-0.3725146,0.60727465",0.0
"-0.499065,-0.10765357,0.37643725,0.006520673,-0.24928802,0.8021644,-0.23649123,-0.3725146,0.60727465","-0.8459681,0.1892649,0.34269154","-0.5798488,-0.08163064,0.41325286,-0.07545393,-0.31777057,0.7390078,-0.23649123,-0.3725146,0.60727465",0.0
"-0.5798488,-0.08163064,0.41325286,-0.07545393,-0.31777057,0.7390078,-0.23649123,-0.3725146,0.60727465","-0.77339375,0.22388756,0.28365278","-0.6537024,-0.05084727,0.4437259,-0.17925803,-0.35438743,0.6705087,-0.23649123,-0.3725146,0.60727465",0.0
"-0.6537024,-0.05084727,0.4437259,-0.17925803,-0.35438743,0.6705087,-0.23649123,-0.3725146,0.60727465","-0.33739418,0.101588964,0.26705658","-0.6859211,-0.036879323,0.472416,-0.23392855,-0.36438102,0.6149066,-0.23649123,-0.3725146,0.60727465",0.0
"0.0,0.0,0.0,2.8652207e-07,0.005789075,0.993462,-0.044970762,0.05736842,0.2237676","-0.83294415,-0.79197496,0.9436779","-0.07954013,-0.1088925,0.101379946,-0.08922017,0.028745214,0.97736377,-0.044970762,0.05736842,0.2237676",0.0
"-0.07954013,-0.1088925,0.101379946,-0.08922017,0.028745214,0.97736377,-0.044970762,0.05736842,0.2237676","-0.780414,-0.72295284,0.95743644","-0.15406401,-0.20829484,0.204238,-0.13815886,0.07917256,0.9336364,-0.044970762,0.05736842,0.2237676",0.0
"-0.15406401,-0.20829484,0.204238,-0.13815886,0.07917256,0.9336364,-0.044970762,0.05736842,0.2237676","-0.53747797,-0.6077547,0.9580016","-0.20538926,-0.29185805,0.3071568,-0.14373977,0.115444295,0.87159634,-0.044970762,0.05736842,0.2237676",0.0
"-0.20538926,-0.29185805,0.3071568,-0.14373977,0.115444295,0.87159634,-0.044970762,0.05736842,0.2237676","-0.26369715,-0.5304139,0.95296013","-0.23057042,-0.36478728,0.40953395,-0.13300186,0.12541156,0.7940708,-0.044970762,0.05736842,0.2237676",0.0
"-0.23057042,-0.36478728,0.40953395,-0.13300186,0.12541156,0.7940708,-0.044970762,0.05736842,0.2237676","-0.17721677,-0.51526785,0.94471395","-0.24749334,-0.43563402,0.51102525,-0.1190486,0.12531215,0.69986206,-0.044970762,0.05736842,0.2237676",0.0
"-0.24749334,-0.43563402,0.51102525,-0.1190486,0.12531215,0.69986206,-0.044970762,0.05736842,0.2237676","0.050136924,-0.6178523,0.9406767","-0.24270563,-0.5205856,0.6120827,-0.12392939,0.12638228,0.5843941,-0.044970762,0.05736842,0.2237676",0.0
"-0.24270563,-0.5205856,0.6120827,-0.12392939,0.12638228,0.5843941,-0.044970762,0.05736842,0.2237676","-0.00015813112,-0.49902266,0.94088674","-0.24272074,-0.5891987,0.71316284,-0.10433065,0.10767143,0.46286744,-0.044970762,0.05736842,0.2237676",0.0
"-0.24272074,-0.5891987,0.71316284,-0.10433065,0.10767143,0.46286744,-0.044970762,0.05736842,0.2237676","-0.04391569,-0.4567337,0.9364376","-0.24691437,-0.65199727,0.813765,-0.076723896,0.08335997,0.3325948,-0.044970762,0.05736842,0.2237676",0.0
"-0.24691437,-0.65199727,0.813765,-0.076723896,0.08335997,0.3325948,-0.044970762,0.05736842,0.2237676","-0.07507247,-0.28936458,0.7288792","-0.25408325,-0.6917835,0.892069,-0.04994679,0.059539676,0.22650823,-0.044970762,0.05736842,0.2237676",0.0
"0.0,0.0,0.0,2.8652207e-07,0.005789075,0.993462,-0.29339182,-0.31017542,0.7237781","0.6204479,-0.8877762,0.7583425","0.059248257,-0.12206468,0.081469245,-0.14795823,-0.021971717,0.97356296,-0.29339182,-0.31017542,0.7237781",0.0
"0.059248257,-0.12206468,0.081469245,-0.14795823,-0.021971717,0.97356296,-0.29339182,-0.31017542,0.7237781","0.77956474,-0.86099684,0.79176545","0.13369103,-0.24044736,0.16652916,-0.2555595,-0.107786775,0.9181707,-0.29339182,-0.31017542,0.7237781",0.0
"0.13369103,-0.24044736,0.16652916,-0.2555595,-0.107786775,0.9181707,-0.29339182,-0.31017542,0.7237781","0.8403518,-0.8173502,0.8172556","0.21393852,-0.35282886,0.2543275,-0.2960558,-0.22817117,0.83669305,-0.29339182,-0.31017542,0.7237781",0.0
"0.21393852,-0.35282886,0.2543275,-0.2960558,-0.22817117,0.83669305,-0.29339182,-0.31017542,0.7237781","0.5731021,-0.621091,0.7657567","0.2686656,-0.43822572,0.3365933,-0.2779656,-0.30392674,0.7595159,-0.29339182,-0.31017542,0.7237781",0.0
"0.2686656,-0.43822572,0.3365933,-0.2779656,-0.30392674,0.7595159,-0.29339182,-0.31017542,0.7237781","-0.0036337972,-0.2767768,0.33092523","0.26831862,-0.47628114,0.37214488,-0.28769088,-0.31416625,0.7210589,-0.29339182,-0.31017542,0.7237781",0.0
"0.0,0.0,0.0,2.8652207e-07,0.005789075,0.993462,-0.017076025,-0.036725145,0.52215254","-0.9441309,-0.44310492,0.94851804","-0.09015766,-0.06092466,0.10189992,0.011245525,0.0027561833,0.9821751,-0.017076025,-0.036725145,0.52215254",0.0
"-0.09015766,-0.06092466,0.10189992,0.011245525,0.0027561833,0.9821751,-0.017076025,-0.036725145,0.52215254","-0.9482112,-0.25909102,0.93642354","-0.18070497,-0.09654836,0.20250055,0.062456038,-0.032964,0.94642913,-0.017076025,-0.036725145,0.52215254",0.0
"-0.18070497,-0.09654836,0.20250055,0.062456038,-0.032964,0.94642913,-0.017076025,-0.036725145,0.52215254","-0.9596135,-0.373029,0.9325578","-0.2723411,-0.14783795,0.3026859,0.06532887,-0.066381365,0.8903362,-0.017076025,-0.036725145,0.52215254",0.0
"-0.2723411,-0.14783795,0.3026859,0.06532887,-0.066381365,0.8903362,-0.017076025,-0.036725145,0.52215254","-0.96537435,-0.45304894,0.92828774","-0.36452737,-0.21012989,0.40241247,0.042399216,-0.07951191,0.81721145,-0.017076025,-0.036725145,0.52215254",0.0
"-0.36452737,-0.21012989,0.40241247,0.042399216,-0.07951191,0.81721145,-0.017076025,-0.036725145,0.52215254","-0.9677497,-0.48752642,0.90611935","-0.45694044,-0.27716228,0.49975753,0.015786136,-0.07305877,0.7296107,-0.017076025,-0.036725145,0.52215254",0.0
"-0.45694044,-0.27716228,0.49975753,0.015786136,-0.07305877,0.7296107,-0.017076025,-0.036725145,0.52215254","-0.940396,-0.48030663,0.87055504","-0.5467414,-0.343202,0.5932819,-0.0027154128,-0.057924375,0.6306888,-0.017076025,-0.036725145,0.52215254",0.0
"-0.5467414,-0.343202,0.5932819,-0.0027154128,-0.057924375,0.6306888,-0.017076025,-0.036725145,0.52215254","-0.8486099,-0.3772565,0.68303394","-0.6277775,-0.39507285,0.66666067,-0.012450076,-0.044146918,0.5438182,-0.017076025,-0.036725145,0.52215254",0.0
"-0.6277775,-0.39507285,0.66666067,-0.012450076,-0.044146918,0.5438182,-0.017076025,-0.036725145,0.52215254","-0.49499148,-0.09504163,0.15616262","-0.6750456,-0.40814063,0.6834374,-0.016685113,-0.038296025,0.5230426,-0.017076025,-0.036725145,0.52215254",0.0
"0.0,0.0,0.0,2.8652207e-07,0.005789075,0.993462,0.034444448,-0.012046783,0.3823091","-0.6350968,-0.6390785,0.9576645","-0.06064715,-0.08787003,0.10288253,-0.044508733,0.01448009,0.98078877,0.034444448,-0.012046783,0.3823091",0.0
"-0.06064715,-0.08787003,0.10288253,-0.044508733,0.01448009,0.98078877,0.034444448,-0.012046783,0.3823091","-0.5124015,-0.3687117,0.96065867","-0.1095778,-0.13856602,0.20608674,-0.009574461,0.00958267,0.94767994,0.034444448,-0.012046783,0.3823091",0.0
"-0.1095778,-0.13856602,0.20608674,-0.009574461,0.00958267,0.94767994,0.034444448,-0.012046783,0.3823091","-0.25733292,-0.3053121,0.95512414","-0.13415124,-0.1805449,0.30869636,0.03515573,-0.009416475,0.89101696,0.034444448,-0.012046783,0.3823091",0.0
"-0.13415124,-0.1805449,0.30869636,0.03515573,-0.009416475,0.89101696,0.034444448,-0.012046783,0.3823091","-0.092344105,-0.3266269,0.9460809","-0.14296943,-0.22545445,0.4103345,0.06625767,-0.025510307,0.8126361,0.034444448,-0.012046783,0.3823091",0.0
"-0.14296943,-0.22545445,0.4103345,0.06625767,-0.025510307,0.8126361,0.034444448,-0.012046783,0.3823091","-0.1751489,-0.43600488,0.9353893","-0.15969488,-0.2854029,0.510824,0.06571093,-0.029439913,0.7187217,0.034444448,-0.012046783,0.3823091",0.0
"-0.15969488,-0.2854029,0.510824,0.06571093,-0.029439913,0.7187217,0.034444448,-0.012046783,0.3823091","-0.2720313,-0.47926354,0.92490816","-0.18567188,-0.3512992,0.6101876,0.053495336,-0.028365558,0.6108172,0.034444448,-0.012046783,0.3823091",0.0
"-0.18567188,-0.3512992,0.6101876,0.053495336,-0.028365558,0.6108172,0.034444448,-0.012046783,0.3823091","-0.22925043,-0.49651873,0.8964962","-0.20756364,-0.41956803,0.7064988,0.038300935,-0.021958804,0.49322927,0.034444448,-0.012046783,0.3823091",0.0
"-0.20756364,-0.41956803,0.7064988,0.038300935,-0.021958804,0.49322927,0.034444448,-0.012046783,0.3823091","-0.06486791,-0.36595583,0.6804054","-0.21375805,-0.4698851,0.77959526,0.030472811,-0.01682376,0.39612505,0.034444448,-0.012046783,0.3823091",0.0
"0.0,0.0,0.0,2.8652207e-07,0.005789075,0.993462,-0.06035088,-0.12309941,0.36001524","-0.8372312,0.042034864,0.94767773","-0.0799495,0.005779569,0.10180963,0.14917006,-0.032298498,0.9689594,-0.06035088,-0.12309941,0.36001524",0.0
"-0.0799495,0.005779569,0.10180963,0.14917006,-0.032298498,0.9689594,-0.06035088,-0.12309941,0.36001524","-0.8690702,-0.16701812,0.95483446","-0.1629394,-0.017184576,0.20438814,0.208278,-0.11037924,0.9154621,-0.06035088,-0.12309941,0.36001524",0.0
"-0.1629394,-0.017184576,0.20438814,0.208278,-0.11037924,0.9154621,-0.06035088,-0.12309941,0.36001524","-0.83376145,-0.3758517,0.94957614","-0.24255757,-0.06886226,0.30640176,0.1849974,-0.16854091,0.8538468,-0.06035088,-0.12309941,0.36001524",0.0
"-0.24255757,-0.06886226,0.30640176,0.1849974,-0.16854091,0.8538468,-0.06035088,-0.12309941,0.36001524","-0.79822683,-0.41557205,0.93855906","-0.31878245,-0.12600131,0.40723184,0.13722037,-0.20366876,0.77747107,-0.06035088,-0.12309941,0.36001524",0.0
"-0.31878245,-0.12600131,0.40723184,0.13722037,-0.20366876,0.77747107,-0.06035088,-0.12309941,0.36001524","-0.8155643,-0.37894356,0.9176359","-0.39666292,-0.17810412,0.5058141,0.08198586,-0.22545883,0.6839913,-0.06035088,-0.12309941,0.36001524",0.0
"-0.39666292,-0.17810412,0.5058141,0.08198586,-0.22545883,0.6839913,-0.06035088,-0.12309941,0.36001524","-0.8332588,-0.4124298,0.8959825","-0.47623307,-0.23481113,0.60207015,0.022029348,-0.21689089,0.582178,-0.06035088,-0.12309941,0.36001524",0.0
"-0.47623307,-0.23481113,0.60207015,0.022029348,-0.21689089,0.582178,-0.06035088,-0.12309941,0.36001524","-0.7443285,-0.5283689,0.87480426","-0.547311,-0.30745918,0.69605094,-0.019566054,-0.16976047,0.47884327,-0.06035088,-0.12309941,0.36001524",0.0
"-0.547311,-0.30745918,0.69605094,-0.019566054,-0.16976047,0.47884327,-0.06035088,-0.12309941,0.36001524","-0.6279148,-0.4154669,0.7226112","-0.6072723,-0.36458373,0.7736816,-0.039681062,-0.13076079,0.38292858,-0.06035088,-0.12309941,0.36001524",0.0
"-0.6072723,-0.36458373,0.7736816,-0.039681062,-0.13076079,0.38292858,-0.06035088,-0.12309941,0.36001524","-0.38715315,-0.031280875,0.14562857","-0.64424264,-0.36888474,0.7893266,-0.05456077,-0.1252686,0.36037436,-0.06035088,-0.12309941,0.36001524",0.0
"0.0,0.0,0.0,2.8652207e-07,0.005789075,0.993462,-0.23052633,0.5399415,0.5930222","0.9113219,0.06928313,0.90053344","0.08702462,0.0095260665,0.09674488,0.1464275,0.047073435,0.9698507,-0.23052633,0.5399415,0.5930222",0.0
"0.08702462,0.0095260665,0.09674488,0.1464275,0.047073435,0.9698507,-0.23052633,0.5399415,0.5930222","0.93978786,-0.1523869,0.81641555","0.17676754,-0.011426362,0.18445295,0.18648957,0.12252353,0.9274764,-0.23052633,0.5399415,0.5930222",0.0
"0.17676754,-0.011426362,0.18445295,0.18648957,0.12252353,0.9274764,-0.23052633,0.5399415,0.5930222","0.95194316,-0.06136298,0.69758046","0.2676712,-0.019863471,0.2593945,0.19130763,0.22250472,0.8682523,-0.23052633,0.5399415,0.5930222",0.0
"0.2676712,-0.019863471,0.2593945,0.19130763,0.22250472,0.8682523,-0.23052633,0.5399415,0.5930222","0.95970297,-0.0020360947,0.5497657","0.35931587,-0.02014344,0.31845623,0.14549024,0.32100213,0.8048193,-0.23052633,0.5399415,0.5930222",0.0
"0.35931587,-0.02014344,0.31845623,0.14549024,0.32100213,0.8048193,-0.23052633,0.5399415,0.5930222","0.94217956,0.24086356,0.39971042","0.4492872,0.01297405,0.36139742,0.06481,0.43984574,0.7184267,-0.23052633,0.5399415,0.5930222",0.0
"0.4492872,0.01297405,0.36139742,0.06481,0.43984574,0.7184267,-0.23052633,0.5399415,0.5930222","0.90370345,0.20662582,0.38109827","0.53558433,0.04138403,0.40233907,-0.062989205,0.5091907,0.6275584,-0.23052633,0.5399415,0.5930222",0.0
"0.53558433,0.04138403,0.40233907,-0.062989205,0.5091907,0.6275584,-0.23052633,0.5399415,0.5930222","0.67260647,0.24570036,0.057618618","0.59981334,0.07516656,0.4085291,-0.1792028,0.5338549,0.5739948,-0.23052633,0.5399415,0.5930222",0.0
"0.59981334,0.07516656,0.4085291,-0.1792028,0.5338549,0.5739948,-0.23052633,0.5399415,0.5930222","0.23608887,0.09376836,-0.19534612","0.62235814,0.088059224,0.38754296,-0.22007754,0.5285974,0.5876065,-0.23052633,0.5399415,0.5930222",0.0
"0.0,0.0,0.0,2.8652207e-07,0.005789075,0.993462,-0.008245614,0.16929825,0.49515146","0.8368794,-0.119290054,0.9443121","0.0799159,-0.016401779,0.10144807,0.10008937,0.031646993,0.9760742,-0.008245614,0.16929825,0.49515146",0.0
"0.0799159,-0.016401779,0.10144807,0.10008937,0.031646993,0.9760742,-0.008245614,0.16929825,0.49515146","0.86806357,-0.27478606,0.9430388","0.16280964,-0.054183472,0.20275937,0.13519843,0.08252655,0.93444735,-0.008245614,0.16929825,0.49515146",0.0
"0.16280964,-0.054183472,0.20275937,0.13519843,0.08252655,0.93444735,-0.008245614,0.16929825,0.49515146","0.89143276,-0.41271138,0.9501765","0.24793498,-0.11092918,0.3048375,0.11526523,0.12191398,0.8767947,-0.008245614,0.16929825,0.49515146",0.0
"0.24793498,-0.11092918,0.3048375,0.11526523,0.12191398,0.8767947,-0.008245614,0.16929825,0.49515146","0.88590646,-0.46563363,0.95231414","0.33253264,-0.17495143,0.40714526,0.07466077,0.14009732,0.8017209,-0.008245614,0.16929825,0.49515146",0.0
"0.33253264,-0.17495143,0.40714526,0.07466077,0.14009732,0.8017209,-0.008245614,0.16929825,0.49515146","0.8627138,-0.33852327,0.9402671","0.41491553,-0.22149667,0.5081588,0.04008276,0.16828462,0.70280755,-0.008245614,0.16929825,0.49515146",0.0
"0.41491553,-0.22149667,0.5081588,0.04008276,0.16828462,0.70280755,-0.008245614,0.16929825,0.49515146","0.79170394,-0.35198832,0.9242103","0.4905175,-0.26989326,0.6074474,-0.0006399981,0.1729023,0.5912791,-0.008245614,0.16929825,0.49515146",0.0
"0.4905175,-0.26989326,0.6074474,-0.0006399981,0.1729023,0.5912791,-0.008245614,0.16929825,0.49515146","0.3722484,-0.22313428,0.69592476","0.5260645,-0.3005731,0.68221104,-0.019923616,0.17198259,0.4965303,-0.008245614,0.16929825,0.49515146",0.0
"0.0,0.0,0.0,2.8652207e-07,0.005789075,0.993462,-0.16619883,0.39327484,0.7237781","0.94419765,0.14586067,0.85408473","0.09016403,0.020055085,0.09175487,0.16100143,0.052894592,0.9679698,-0.16619883,0.39327484,0.7237781",0.0
"0.09016403,0.020055085,0.09175487,0.16100143,0.052894592,0.9679698,-0.16619883,0.39327484,0.7237781","0.9195812,-0.3953048,0.7217629","0.17797735,-0.034297306,0.16929436,0.12985675,0.08808611,0.948242,-0.16619883,0.39327484,0.7237781",0.0
"0.17797735,-0.034297306,0.16929436,0.12985675,0.08808611,0.948242,-0.16619883,0.39327484,0.7237781","0.93412685,-0.08228505,0.64851964","0.26717967,-0.045611095,0.23896527,0.1424959,0.16743957,0.9030192,-0.16619883,0.39327484,0.7237781",0.0
"0.26717967,-0.045611095,0.23896527,0.1424959,0.16743957,0.9030192,-0.16619883,0.39327484,0.7237781","0.958195,0.03451073,0.5628282","0.35868037,-0.040866066,0.2994303,0.12178906,0.26953343,0.84243023,-0.16619883,0.39327484,0.7237781",0.0
"0.35868037,-0.040866066,0.2994303,0.12178906,0.26953343,0.84243023,-0.16619883,0.39327484,0.7237781","0.9511751,0.06313157,0.3930862","0.4495107,-0.03218582,0.34165987,0.049869414,0.34841886,0.7876096,-0.16619883,0.39327484,0.7237781",0.0
"0.4495107,-0.03218582,0.34165987,0.049869414,0.34841886,0.7876096,-0.16619883,0.39327484,0.7237781","0.9068968,0.1561315,0.1670587","0.5361128,-0.010718553,0.35960716,-0.0514808,0.40066826,0.74531573,-0.16619883,0.39327484,0.7237781",0.0
"0.5361128,-0.010718553,0.35960716,-0.0514808,0.40066826,0.74531573,-0.16619883,0.39327484,0.7237781","0.6890327,0.0023720264,0.14342558","0.60191035,-0.010392423,0.37501547,-0.13643195,0.39307433,0.72471744,-0.16619883,0.39327484,0.7237781",0.0
"0.60191035,-0.010392423,0.37501547,-0.13643195,0.39307433,0.72471744,-0.16619883,0.39327484,0.7237781","0.20543885,0.024180055,-0.026309192","0.6215283,-0.007067801,0.3721891,-0.16165674,0.38709643,0.72509897,-0.16619883,0.39327484,0.7237781",0.0
"0.0,0.0,0.0,2.8652207e-07,0.005789075,0.993462,0.0029824562,-0.0050877193,0.23331277","-0.89458984,-0.9126405,0.95072913","-0.085426845,-0.1254834,0.102137476,-0.121784024,0.039496012,0.9728485,0.0029824562,-0.0050877193,0.23331277",0.0
"-0.085426845,-0.1254834,0.102137476,-0.121784024,0.039496012,0.9728485,0.0029824562,-0.0050877193,0.23331277","-0.81528777,-0.80042136,0.9507301","-0.16328092,-0.23553726,0.20427506,-0.18420568,0.11039911,0.9212076,0.0029824562,-0.0050877193,0.23331277",0.0
"-0.16328092,-0.23553726,0.20427506,-0.18420568,0.11039911,0.9212076,0.0029824562,-0.0050877193,0.23331277","-0.7428012,-0.502693,0.9481957","-0.23421305,-0.30465502,0.3061404,-0.15200908,0.14544205,0.86576164,0.0029824562,-0.0050877193,0.23331277",0.0
"-0.23421305,-0.30465502,0.3061404,-0.15200908,0.14544205,0.86576164,0.0029824562,-0.0050877193,0.23331277","-0.66867757,-0.22352195,0.9422693","-0.29806688,-0.33538818,0.40736902,-0.074055456,0.11040589,0.80663234,0.0029824562,-0.0050877193,0.23331277",0.0
"-0.29806688,-0.33538818,0.40736902,-0.074055456,0.11040589,0.80663234,0.0029824562,-0.0050877193,0.23331277","-0.73969924,-0.30628234,0.9375026","-0.3687028,-0.3775005,0.5080856,-0.027653018,0.07763613,0.7203111,0.0029824562,-0.0050877193,0.23331277",0.0
"-0.3687028,-0.3775005,0.5080856,-0.027653018,0.07763613,0.7203111,0.0029824562,-0.0050877193,0.23331277","-0.78044546,-0.38028347,0.93014324","-0.44322968,-0.42978758,0.60801154,-0.0038639398,0.05406896,0.6139874,0.0029824562,-0.0050877193,0.23331277",0.0
"-0.44322968,-0.42978758,0.60801154,-0.0038639398,0.05406896,0.6139874,0.0029824562,-0.0050877193,0.23331277","-0.8555795,-0.34056473,0.92318","-0.5249313,-0.47661352,0.70718944,0.0076392745,0.023342494,0.49370897,0.0029824562,-0.0050877193,0.23331277",0.0
"-0.5249313,-0.47661352,0.70718944,0.0076392745,0.023342494,0.49370897,0.0029824562,-0.0050877193,0.23331277","-0.7802131,-0.4203503,0.89209986","-0.599436,-0.5344096,0.80302835,0.009838538,0.0116258245,0.36481565,0.0029824562,-0.0050877193,0.23331277",0.0
"-0.599436,-0.5344096,0.80302835,0.009838538,0.0116258245,0.36481565,0.0029824562,-0.0050877193,0.23331277","-0.64951646,-0.30145395,0.7059338","-0.6614601,-0.575858,0.8788673,0.0071614743,0.00096827047,0.2565536,0.0029824562,-0.0050877193,0.23331277",0.0
"-0.6614601,-0.575858,0.8788673,0.0071614743,0.00096827047,0.2565536,0.0029824562,-0.0050877193,0.23331277","-0.4146384,-0.004508257,0.11888635","-0.70105505,-0.5764779,0.8916395,0.0038188235,-0.00458517,0.23786496,0.0029824562,-0.0050877193,0.23331277",0.0
"0.0,0.0,0.0,2.8652207e-07,0.005789075,0.993462,0.061169595,0.0397076,0.2237676","0.8297442,-0.6762351,0.97427726","0.07923454,-0.092978865,0.104667254,-0.054649174,-0.007918372,0.9798998,0.061169595,0.0397076,0.2237676",0.0
"0.07923454,-0.092978865,0.104667254,-0.054649174,-0.007918372,0.9798998,0.061169595,0.0397076,0.2237676","0.7275971,-0.41216838,0.9689255","0.14871477,-0.14964993,0.20875959,-0.030892082,-0.009099594,0.9459941,0.061169595,0.0397076,0.2237676",0.0
"0.14871477,-0.14964993,0.20875959,-0.030892082,-0.009099594,0.9459941,0.061169595,0.0397076,0.2237676","0.14714074,-0.47507858,0.96606505","0.16276562,-0.21497084,0.31254464,-0.026331374,-0.008137075,0.8888563,0.061169595,0.0397076,0.2237676",0.0
"0.16276562,-0.21497084,0.31254464,-0.026331374,-0.008137075,0.8888563,0.061169595,0.0397076,0.2237676","-0.064016104,-0.429177,0.96306324","0.15665254,-0.27398053,0.41600722,-0.012321148,-3.7100406e-05,0.8111121,0.061169595,0.0397076,0.2237676",0.0
"0.15665254,-0.27398053,0.41600722,-0.012321148,-3.7100406e-05,0.8111121,0.061169595,0.0397076,0.2237676","0.16472161,-0.30428928,0.9603369","0.17238227,-0.31581876,0.5191769,0.023171611,0.020694675,0.7133225,0.061169595,0.0397076,0.2237676",0.0
"0.17238227,-0.31581876,0.5191769,0.023171611,0.020694675,0.7133225,0.061169595,0.0397076,0.2237676","0.21204495,-0.24138117,0.95513713","0.19263102,-0.34900746,0.6217879,0.05660958,0.04619911,0.5956519,0.061169595,0.0397076,0.2237676",0.0
"0.19263102,-0.34900746,0.6217879,0.05660958,0.04619911,0.5956519,0.061169595,0.0397076,0.2237676","0.14555645,-0.2908975,0.9412637","0.2065306,-0.38900438,0.7229085,0.067831375,0.05870685,0.46526307,0.061169595,0.0397076,0.2237676",0.0
"0.2065306,-0.38900438,0.7229085,0.067831375,0.05870685,0.46526307,0.061169595,0.0397076,0.2237676","-0.029569745,-0.35314512,0.9236896","0.20370692,-0.43756008,0.8221411,0.06357485,0.054548346,0.32852417,0.061169595,0.0397076,0.2237676",0.0
"0.20370692,-0.43756008,0.8221411,0.06357485,0.054548346,0.32852417,0.061169595,0.0397076,0.2237676","-0.12744617,-0.3004884,0.69087267","0.19153672,-0.47887573,0.89636207,0.053987898,0.04409537,0.22216575,0.061169595,0.0397076,0.2237676",0.0
"0.0,0.0,0.0,2.8652207e-07,0.005789075,0.993462,-0.114970766,-0.11631579,0.62760717","0.9316038,-0.8384421,0.943326","0.08896139,-0.115281485,0.101342134,-0.10469394,-0.024023464,0.97580147,-0.114970766,-0.11631579,0.62760717",0.0
"0.08896139,-0.115281485,0.101342134,-0.10469394,-0.024023464,0.97580147,-0.114970766,-0.11631579,0.62760717","0.82044816,-0.74829054,0.94490194","0.16730823,-0.21816762,0.20285359,-0.15971439,-0.08594856,0.9297596,-0.114970766,-0.11631579,0.62760717",0.0
"0.16730823,-0.21816762,0.20285359,-0.15971439,-0.08594856,0.9297596,-0.114970766,-0.11631579,0.62760717","0.39926064,-0.625594,0.9456247","0.20543472,-0.30418363,0.30444273,-0.17262098,-0.122730285,0.8665003,-0.114970766,-0.11631579,0.62760717",0.0
"0.20543472,-0.30418363,0.30444273,-0.17262098,-0.122730285,0.8665003,-0.114970766,-0.11631579,0.62760717","0.37006462,-0.51636684,0.9369074","0.2407732,-0.37518144,0.40509537,-0.15456192,-0.13789208,0.79137576,-0.114970766,-0.11631579,0.62760717",0.0
"0.2407732,-0.37518144,0.40509537,-0.15456192,-0.13789208,0.79137576,-0.114970766,-0.11631579,0.62760717","0.22575235,-0.43609524,0.9055519","0.26233092,-0.43514234,0.5023795,-0.12837152,-0.13020043,0.7061269,-0.114970766,-0.11631579,0.62760717",0.0
"0.26233092,-0.43514234,0.5023795,-0.12837152,-0.13020043,0.7061269,-0.114970766,-0.11631579,0.62760717","-0.011197627,-0.28487408,0.62344956","0.26126164,-0.47431114,0.5693571,-0.11424924,-0.1141411,0.6391914,-0.114970766,-0.11631579,0.62760717",0.0
"0.0,0.0,0.0,2.8652207e-07,0.005789075,0.993462,-0.042280704,-0.4401754,0.46932715","-0.95711094,0.6408324,0.8888955","-0.09139714,0.08811116,0.095494606,0.30461174,-0.08391348,0.92544806,-0.042280704,-0.4401754,0.46932715",0.0
"-0.09139714,0.08811116,0.095494606,0.30461174,-0.08391348,0.92544806,-0.042280704,-0.4401754,0.46932715","-0.9310483,0.07205129,0.8772261","-0.1803055,0.09801784,0.18973558,0.37724167,-0.2330529,0.8332872,-0.042280704,-0.4401754,0.46932715",0.0
"-0.1803055,0.09801784,0.18973558,0.37724167,-0.2330529,0.8332872,-0.042280704,-0.4401754,0.46932715","-0.9370101,-0.114822865,0.779389","-0.26978314,0.082230285,0.27346584,0.3305304,-0.36565277,0.75390536,-0.042280704,-0.4401754,0.46932715",0.0
"-0.26978314,0.082230285,0.27346584,0.3305304,-0.36565277,0.75390536,-0.042280704,-0.4401754,0.46932715","-0.933962,-0.28096735,0.76983285","-0.35896972,0.043598723,0.35616952,0.21537559,-0.44037625,0.69063705,-0.042280704,-0.4401754,0.46932715",0.0
"-0.35896972,0.043598723,0.35616952,0.21537559,-0.44037625,0.69063705,-0.042280704,-0.4401754,0.46932715","-0.86829877,-0.25258952,0.8175256","-0.44188595,0.008868961,0.44399688,0.09383557,-0.47636712,0.60574234,-0.042280704,-0.4401754,0.46932715",0.0
"-0.44188595,0.008868961,0.44399688,0.09383557,-0.47636712,0.60574234,-0.042280704,-0.4401754,0.46932715","-0.689515,-0.35345483,0.81160104","-0.5077296,-0.039729264,0.5311877,-0.0051320554,-0.4496641,0.5292561,-0.042280704,-0.4401754,0.46932715",0.0
"-0.5077296,-0.039729264,0.5311877,-0.0051320554,-0.4496641,0.5292561,-0.042280704,-0.4401754,0.46932715","-0.25729525,-0.16893274,0.48003864","-0.53229946,-0.06295665,0.5827586,-0.037871223,-0.4290736,0.4743976,-0.042280704,-0.4401754,0.46932715",0.0
"0.0,0.0,0.0,2.8652207e-07,0.005789075,0.993462,0.29783627,-0.0057894737,0.5737357","0.23009396,0.03791368,0.9690708","0.0219723,0.005212927,0.10410791,0.15361418,0.016423495,0.968113,0.29783627,-0.0057894737,0.5737357",0.0
"0.0219723,0.005212927,0.10410791,0.15361418,0.016423495,0.968113,0.29783627,-0.0057894737,0.5737357","0.07332969,-0.050547123,0.958007","0.02897475,-0.0017370555,0.20702724,0.2681217,0.030287024,0.9037723,0.29783627,-0.0057894737,0.5737357",0.0
"0.02897475,-0.0017370555,0.20702724,0.2681217,0.030287024,0.9037723,0.29783627,-0.0057894737,0.5737357","-0.112410724,-0.07538009,0.9366138","0.01824034,-0.0121014435,0.3076483,0.35591364,0.02621616,0.81041443,0.29783627,-0.0057894737,0.5737357",0.0
"0.01824034,-0.0121014435,0.3076483,0.35591364,0.02621616,0.81041443,0.29783627,-0.0057894737,0.5737357","-0.15938056,-0.22139502,0.9184792","0.0030206498,-0.04254213,0.40632114,0.38578993,0.009450669,0.71418774,0.29783627,-0.0057894737,0.5737357",0.0
"0.0030206498,-0.04254213,0.40632114,0.38578993,0.009450669,0.71418774,0.29783627,-0.0057894737,0.5737357","-0.10852045,-0.48708022,0.86329544","-0.0073422715,-0.10951317,0.49906555,0.34042326,-0.0020628958,0.6447242,0.29783627,-0.0057894737,0.5737357",0.0
"-0.0073422715,-0.10951317,0.49906555,0.34042326,-0.0020628958,0.6447242,0.29783627,-0.0057894737,0.5737357","-0.037752986,-0.32816905,0.5972047","-0.010947415,-0.15463474,0.56322366,0.3085772,-0.004824059,0.58731633,0.29783627,-0.0057894737,0.5737357",0.0
"0.0,0.0,0.0,2.8652207e-07,0.005789075,0.993462,-0.07187135,-0.006140351,0.75542104","0.6523317,-0.8635955,0.9467343","0.06229293,-0.118739955,0.1017083,-0.11307452,-0.0165138,0.97485125,-0.07187135,-0.006140351,0.75542104",0.0
"0.06229293,-0.118739955,0.1017083,-0.11307452,-0.0165138,0.97485125,-0.07187135,-0.006140351,0.75542104","0.44446683,-0.6063826,0.9382341","0.104736276,-0.20211448,0.20250343,-0.14272095,-0.04261512,0.93628234,-0.07187135,-0.006140351,0.75542104",0.0
"0.104736276,-0.20211448,0.20250343,-0.14272095,-0.04261512,0.93628234,-0.07187135,-0.006140351,0.75542104","0.012915969,-0.36029345,0.9134879","0.105969645,-0.25165302,0.30064008,-0.11029943,-0.03201426,0.88884145,-0.07187135,-0.006140351,0.75542104",0.0
"0.105969645,-0.25165302,0.30064008,-0.11029943,-0.03201426,0.88884145,-0.07187135,-0.006140351,0.75542104","-0.065119326,-0.39476514,0.8701134","0.099751204,-0.30593124,0.39411697,-0.09317667,-0.02410895,0.8232864,-0.07187135,-0.006140351,0.75542104",0.0
"0.099751204,-0.30593124,0.39411697,-0.09317667,-0.02410895,0.8232864,-0.07187135,-0.006140351,0.75542104","-0.19637442,-0.2709883,0.60485697","0.08099886,-0.34319082,0.4590972,-0.081055716,-0.015101259,0.7680831,-0.07187135,-0.006140351,0.75542104",0.0
"0.0,0.0,0.0,2.8652207e-07,0.005789075,0.993462,0.63309944,0.34918126,0.53209","0.53028345,0.9127275,0.98765564","0.050638225,0.12549534,0.10610446,0.3974757,0.06963459,0.884472,0.63309944,0.34918126,0.53209",0.0
"0.050638225,0.12549534,0.10610446,0.3974757,0.06963459,0.884472,0.63309944,0.34918126,0.53209","0.8043642,0.81836057,0.9113642","0.12744917,0.23801573,0.2040129,0.63163614,0.27363142,0.62064344,0.63309944,0.34918126,0.53209",0.0
"0.12744917,0.23801573,0.2040129,0.63163614,0.27363142,0.62064344,0.63309944,0.34918126,0.53209","0.25614452,0.07907224,0.457927","0.15190911,0.24888779,0.2532083,0.6456564,0.34038898,0.53119403,0.63309944,0.34918126,0.53209",0.0
"0.0,0.0,0.0,2.8652207e-07,0.005789075,0.993462,-0.019766083,-0.030701753,0.3823091","-0.6642653,-0.6587933,0.954059","-0.06343252,-0.0905807,0.102495186,-0.050605282,0.016126145,0.98051614,-0.019766083,-0.030701753,0.3823091",0.0
"-0.06343252,-0.0905807,0.102495186,-0.050605282,0.016126145,0.98051614,-0.019766083,-0.030701753,0.3823091","-0.7827244,-0.34501088,0.94475365","-0.13817704,-0.13801794,0.20399073,-0.010199738,0.0111094555,0.9485726,-0.019766083,-0.030701753,0.3823091",0.0
"-0.13817704,-0.13801794,0.20399073,-0.010199738,0.0111094555,0.9485726,-0.019766083,-0.030701753,0.3823091","-0.8802257,-0.26910663,0.9457829","-0.22223222,-0.17501876,0.30559683,0.03663291,-0.023183312,0.8926756,-0.019766083,-0.030701753,0.3823091",0.0
"-0.22223222,-0.17501876,0.30559683,0.03663291,-0.023183312,0.8926756,-0.019766083,-0.030701753,0.3823091","-0.92460966,-0.42044818,0.9420824","-0.31052577,-0.23282824,0.4068054,0.03472912,-0.040959995,0.8170469,-0.019766083,-0.030701753,0.3823091",0.0
"-0.31052577,-0.23282824,0.4068054,0.03472912,-0.040959995,0.8170469,-0.019766083,-0.030701753,0.3823091","-0.9081707,-0.43374515,0.93392324","-0.3972495,-0.29246598,0.5071375,0.023439126,-0.05182275,0.723919,-0.019766083,-0.030701753,0.3823091",0.0
"-0.3972495,-0.29246598,0.5071375,0.023439126,-0.05182275,0.723919,-0.019766083,-0.030701753,0.3823091","-0.92359746,-0.42545736,0.92006254","-0.48544633,-0.35096422,0.6059804,0.008399612,-0.056923915,0.6160411,-0.019766083,-0.030701753,0.3823091",0.0
"-0.48544633,-0.35096422,0.6059804,0.008399612,-0.056923915,0.6160411,-0.019766083,-0.030701753,0.3823091","-0.9238925,-0.43033636,0.87791824","-0.57367134,-0.4101333,0.70029575,-0.00602918,-0.05082082,0.50058323,-0.019766083,-0.030701753,0.3823091",0.0
"-0.57367134,-0.4101333,0.70029575,-0.00602918,-0.05082082,0.50058323,-0.019766083,-0.030701753,0.3823091","-0.8896456,-0.38183618,0.69171786","-0.6586261,-0.46263388,0.7746075,-0.013468269,-0.036863357,0.4025938,-0.019766083,-0.030701753,0.3823091",0.0
"-0.6586261,-0.46263388,0.7746075,-0.013468269,-0.036863357,0.4025938,-0.019766083,-0.030701753,0.3823091","-0.64548635,-0.08554244,0.13064957","-0.7202654,-0.4743956,0.7886433,-0.017813554,-0.030569496,0.3835605,-0.019766083,-0.030701753,0.3823091",0.0
"0.0,0.0,0.0,2.8652207e-07,0.005789075,0.993462,0.033274855,-0.33146197,0.404603","-0.8862556,0.5439191,0.9444839","-0.08463098,0.074786074,0.10146651,0.28730524,-0.07224014,0.9313184,0.033274855,-0.33146197,0.404603",0.0
"-0.08463098,0.074786074,0.10146651,0.28730524,-0.07224014,0.9313184,0.033274855,-0.33146197,0.404603","-0.90049976,0.124732256,0.9406843","-0.17062217,0.09193611,0.20252484,0.38566604,-0.22236767,0.8261987,0.033274855,-0.33146197,0.404603",0.0
"-0.17062217,0.09193611,0.20252484,0.38566604,-0.22236767,0.8261987,0.033274855,-0.33146197,0.404603","-0.8816921,-0.20806277,0.91458726","-0.25481737,0.06332856,0.30077955,0.34032804,-0.34247547,0.74146056,0.033274855,-0.33146197,0.404603",0.0
"-0.25481737,0.06332856,0.30077955,0.34032804,-0.34247547,0.74146056,0.033274855,-0.33146197,0.404603","-0.8776509,-0.4234773,0.91083956","-0.33862668,0.005102603,0.39863163,0.2266984,-0.3962598,0.675813,0.033274855,-0.33146197,0.404603",0.0
"-0.33862668,0.005102603,0.39863163,0.2266984,-0.3962598,0.675813,0.033274855,-0.33146197,0.404603","-0.7397614,-0.33931285,0.9070393","-0.40926853,-0.041551173,0.49607548,0.12824526,-0.4170827,0.5846287,0.033274855,-0.33146197,0.404603",0.0
"-0.40926853,-0.041551173,0.49607548,0.12824526,-0.4170827,0.5846287,0.033274855,-0.33146197,0.404603","-0.47287214,-0.47024584,0.90657973","-0.4544244,-0.106207564,0.59347,0.06012925,-0.37651724,0.5006292,0.033274855,-0.33146197,0.404603",0.0
"-0.4544244,-0.106207564,0.59347,0.06012925,-0.37651724,0.5006292,0.033274855,-0.33146197,0.404603","-0.16900623,-0.35938752,0.7215338","-0.47056326,-0.15562151,0.6709848,0.03670705,-0.33311465,0.42340496,0.033274855,-0.33146197,0.404603",0.0
"0.0,0.0,0.0,2.8652207e-07,0.005789075,0.993462,-0.21526317,0.12304093,0.7141676","-0.70488083,-0.9392059,0.8447962","-0.06731102,-0.129136,0.09075702,-0.1469661,0.03747074,0.97145355,-0.21526317,0.12304093,0.7141676",0.0
"-0.06731102,-0.129136,0.09075702,-0.1469661,0.03747074,0.97145355,-0.21526317,0.12304093,0.7141676","-0.4223218,-0.88135135,0.90767074","-0.1076397,-0.25031734,0.18826872,-0.24984829,0.09400049,0.9129769,-0.21526317,0.12304093,0.7141676",0.0
"-0.1076397,-0.25031734,0.18826872,-0.24984829,0.09400049,0.9129769,-0.21526317,0.12304093,0.7141676","-0.21975732,-0.639458,0.92242336","-0.12862495,-0.33823958,0.28736532,-0.27380356,0.123380266,0.8485623,-0.21526317,0.12304093,0.7141676",0.0
"-0.12862495,-0.33823958,0.28736532,-0.27380356,0.123380266,0.8485623,-0.21526317,0.12304093,0.7141676","-0.106551945,-0.41883874,0.88826394","-0.13879989,-0.39582777,0.38279215,-0.24567953,0.120865665,0.78818285,-0.21526317,0.12304093,0.7141676",0.0
"-0.13879989,-0.39582777,0.38279215,-0.24567953,0.120865665,0.78818285,-0.21526317,0.12304093,0.7141676","-0.07358229,-0.29674542,0.6621045","-0.14582646,-0.43662882,0.4539225,-0.21974096,0.114813454,0.73367393,-0.21526317,0.12304093,0.7141676",0.0
"-0.14582646,-0.43662882,0.4539225,-0.21974096,0.114813454,0.73367393,-0.21526317,0.12304093,0.7141676","-0.053701222,-0.11776006,0.20507133","-0.15095454,-0.45282027,0.47595355,-0.2156074,0.117180645,0.7128551,-0.21526317,0.12304093,0.7141676",0.0
"0.0,0.0,0.0,2.8652207e-07,0.005789075,0.993462,-0.22713451,-0.50333333,0.5050889","-0.9736652,0.058285832,0.8800864","-0.09297796,0.008013994,0.09454825,0.14296205,-0.036943473,0.97137403,-0.22713451,-0.50333333,0.5050889",0.0
"-0.09297796,0.008013994,0.09454825,0.14296205,-0.036943473,0.97137403,-0.22713451,-0.50333333,0.5050889","-0.92633,-0.046773195,0.8406465","-0.18143575,0.0015829084,0.18485945,0.21360396,-0.1300366,0.9196629,-0.22713451,-0.50333333,0.5050889",0.0
"-0.18143575,0.0015829084,0.18485945,0.21360396,-0.1300366,0.9196629,-0.22713451,-0.50333333,0.5050889","-0.92662716,0.034244537,0.6702975","-0.26992193,0.0062913434,0.25686997,0.22964905,-0.25160632,0.8505808,-0.22713451,-0.50333333,0.5050889",0.0
"-0.26992193,0.0062913434,0.25686997,0.22964905,-0.25160632,0.8505808,-0.22713451,-0.50333333,0.5050889","-0.9350982,-0.0025376678,0.51466525","-0.35921702,0.0059424154,0.31216085,0.17354865,-0.35294315,0.78857225,-0.22713451,-0.50333333,0.5050889",0.0
"-0.35921702,0.0059424154,0.31216085,0.17354865,-0.35294315,0.78857225,-0.22713451,-0.50333333,0.5050889","-0.93767506,0.075230956,0.45491016","-0.4487582,0.016286276,0.36103216,0.07779322,-0.44295365,0.7153062,-0.22713451,-0.50333333,0.5050889",0.0
"-0.4487582,0.016286276,0.36103216,0.07779322,-0.44295365,0.7153062,-0.22713451,-0.50333333,0.5050889","-0.91078055,0.10872674,0.5082402","-0.53573114,0.031235637,0.41563275,-0.05078368,-0.50216866,0.6206591,-0.22713451,-0.50333333,0.5050889",0.0
"-0.53573114,0.031235637,0.41563275,-0.05078368,-0.50216866,0.6206591,-0.22713451,-0.50333333,0.5050889","-0.7786609,0.07801509,0.40571952","-0.6100876,0.04196231,0.4592195,-0.17609596,-0.5057742,0.5415034,-0.22713451,-0.50333333,0.5050889",0.0
"-0.6100876,0.04196231,0.4592195,-0.17609596,-0.5057742,0.5415034,-0.22713451,-0.50333333,0.5050889","-0.32781136,0.046155334,0.19033098","-0.6413912,0.048308432,0.47966692,-0.23027968,-0.49733502,0.50161713,-0.22713451,-0.50333333,0.5050889",0.0
"0.0,0.0,0.0,2.8652207e-07,0.005789075,0.993462,-0.034502927,-0.06421053,0.2237676","-0.93497145,-0.7876525,0.9393332","-0.089283,-0.10829818,0.10091319,-0.08770295,0.03129059,0.97753215,-0.034502927,-0.06421053,0.2237676",0.0
"-0.089283,-0.10829818,0.10091319,-0.08770295,0.03129059,0.97753215,-0.034502927,-0.06421053,0.2237676","-0.7968771,-0.5231338,0.93342304","-0.165379,-0.18022643,0.20119147,-0.08866197,0.05738123,0.9433713,-0.034502927,-0.06421053,0.2237676",0.0
"-0.165379,-0.18022643,0.20119147,-0.08866197,0.05738123,0.9433713,-0.034502927,-0.06421053,0.2237676","-0.7706389,-0.17572618,0.9336834","-0.23896945,-0.20438792,0.30149773,-0.010879785,0.018068293,0.8961787,-0.034502927,-0.06421053,0.2237676",0.0
"-0.23896945,-0.20438792,0.30149773,-0.010879785,0.018068293,0.8961787,-0.034502927,-0.06421053,0.2237676","-0.8517824,0.058911562,0.9464588","-0.32030848,-0.19628793,0.4031765,0.066931166,-0.094872676,0.81298393,-0.034502927,-0.06421053,0.2237676",0.0
"-0.32030848,-0.19628793,0.4031765,0.066931166,-0.094872676,0.81298393,-0.034502927,-0.06421053,0.2237676","-0.8777021,-0.3006506,0.94703436","-0.40412268,-0.23762584,0.5049171,0.048287258,-0.1359226,0.71305186,-0.034502927,-0.06421053,0.2237676",0.0
"-0.40412268,-0.23762584,0.5049171,0.048287258,-0.1359226,0.71305186,-0.034502927,-0.06421053,0.2237676","-0.9060178,-0.41117465,0.94370735","-0.4906408,-0.29416028,0.6063002,0.009849169,-0.13796662,0.60206544,-0.034502927,-0.06421053,0.2237676",0.0
"-0.4906408,-0.29416028,0.6063002,0.009849169,-0.13796662,0.60206544,-0.034502927,-0.06421053,0.2237676","-0.8614195,-0.488477,0.9329779","-0.5729001,-0.36132336,0.70653063,-0.019953026,-0.11109248,0.48205286,-0.034502927,-0.06421053,0.2237676",0.0
"-0.5729001,-0.36132336,0.70653063,-0.019953026,-0.11109248,0.48205286,-0.034502927,-0.06421053,0.2237676","-0.7338812,-0.44856513,0.8977952","-0.64298046,-0.42299882,0.8029814,-0.03397674,-0.08381509,0.35448337,-0.034502927,-0.06421053,0.2237676",0.0
"-0.64298046,-0.42299882,0.8029814,-0.03397674,-0.08381509,0.35448337,-0.034502927,-0.06421053,0.2237676","-0.3260494,-0.422311,0.74405646","-0.6741158,-0.4810644,0.882916,-0.029106032,-0.058924362,0.24332584,-0.034502927,-0.06421053,0.2237676",0.0
"-0.6741158,-0.4810644,0.882916,-0.029106032,-0.058924362,0.24332584,-0.034502927,-0.06421053,0.2237676","-0.17828172,-0.016798139,0.11260569","-0.69114035,-0.48337415,0.89501333,-0.032654133,-0.057926152,0.22500074,-0.034502927,-0.06421053,0.2237676",0.0
"0.0,0.0,0.0,2.8652207e-07,0.005789075,0.993462,0.008187135,0.0045029237,0.64963955","-0.83830017,-0.6896508,0.9472883","-0.08005159,-0.09482345,0.10176781,-0.05948282,0.021260032,0.9800116,0.008187135,0.0045029237,0.64963955",0.0
"-0.08005159,-0.09482345,0.10176781,-0.05948282,0.021260032,0.9800116,0.008187135,0.0045029237,0.64963955","-0.6408047,-0.44214332,0.943117","-0.1412438,-0.15561591,0.20308751,-0.044267476,0.027452277,0.94750875,0.008187135,0.0045029237,0.64963955",0.0
"-0.1412438,-0.15561591,0.20308751,-0.044267476,0.027452277,0.94750875,0.008187135,0.0045029237,0.64963955","-0.71069455,-0.386958,0.9370719","-0.20911,-0.20882069,0.3037578,-0.017159639,0.020544391,0.8945725,0.008187135,0.0045029237,0.64963955",0.0
"-0.20911,-0.20882069,0.3037578,-0.017159639,0.020544391,0.8945725,0.008187135,0.0045029237,0.64963955","-0.74256456,-0.40709388,0.9240724","-0.28001955,-0.26479405,0.40303156,-0.0016007442,0.011018044,0.8220274,0.008187135,0.0045029237,0.64963955",0.0
"-0.28001955,-0.26479405,0.40303156,-0.0016007442,0.011018044,0.8220274,0.008187135,0.0045029237,0.64963955","-0.64771533,-0.41595495,0.8796506","-0.34187165,-0.32198578,0.49753305,0.0040124757,0.004745645,0.73590535,0.008187135,0.0045029237,0.64963955",0.0
"-0.34187165,-0.32198578,0.49753305,0.0040124757,0.004745645,0.73590535,0.008187135,0.0045029237,0.64963955","-0.41895592,-0.30490458,0.63978016","-0.38187888,-0.36390865,0.5662651,0.0060492693,0.0004181867,0.6638083,0.008187135,0.0045029237,0.64963955",0.0
"0.0,0.0,0.0,2.8652207e-07,0.005789075,0.993462,0.5836842,-0.6255555,0.2833269","-0.9367065,0.9953443,0.892215","-0.08944866,0.13685472,0.09585121,0.39899686,-0.10914497,0.8817638,0.5836842,-0.6255555,0.2833269",0.0
"-0.08944866,0.13685472,0.09585121,0.39899686,-0.10914497,0.8817638,0.5836842,-0.6255555,0.2833269","-0.96273816,0.9710362,0.8478224","-0.18138316,0.27036723,0.18693331,0.61202455,-0.38526848,0.5887045,0.5836842,-0.6255555,0.2833269",0.0
"-0.18138316,0.27036723,0.18693331,0.61202455,-0.38526848,0.5887045,0.5836842,-0.6255555,0.2833269","-0.758993,0.816622,0.7338078","-0.2538615,0.38264856,0.26576674,0.609212,-0.6158889,0.24936703,0.5836842,-0.6255555,0.2833269",0.0
"-0.2538615,0.38264856,0.26576674,0.609212,-0.6158889,0.24936703,0.5836842,-0.6255555,0.2833269","-0.1634255,-0.12328327,0.08098698","-0.26946744,0.36569777,0.27446723,0.5700037,-0.63563037,0.271348,0.5836842,-0.6255555,0.2833269",0.0
"-0.26946744,0.36569777,0.27446723,0.5700037,-0.63563037,0.271348,0.5836842,-0.6255555,0.2833269","0.03691709,-0.099998236,0.10732317","-0.26594213,0.35194856,0.28599703,0.56996316,-0.6214902,0.28180927,0.5836842,-0.6255555,0.2833269",0.0
"0.0,0.0,0.0,2.8652207e-07,0.005789075,0.993462,-0.120000005,-0.49748537,0.66238827","-0.9639323,0.38101816,0.787624","-0.09204853,0.052388035,0.08461495,0.22026859,-0.059494216,0.9558538,-0.120000005,-0.49748537,0.66238827",0.0
"-0.09204853,0.052388035,0.08461495,0.22026859,-0.059494216,0.9558538,-0.120000005,-0.49748537,0.66238827","-0.9627667,0.019843936,0.66778827","-0.18398578,0.055116467,0.15635589,0.27415603,-0.17192733,0.9050142,-0.120000005,-0.49748537,0.66238827",0.0
"-0.18398578,0.055116467,0.15635589,0.27415603,-0.17192733,0.9050142,-0.120000005,-0.49748537,0.66238827","-0.9650738,-0.066881776,0.47998416","-0.27614334,0.045920562,0.20792091,0.23990932,-0.27399874,0.86607313,-0.120000005,-0.49748537,0.66238827",0.0
"-0.27614334,0.045920562,0.20792091,0.23990932,-0.27399874,0.86607313,-0.120000005,-0.49748537,0.66238827","-0.95213,0.0017483234,0.43821812","-0.36706486,0.04616094,0.254999,0.17271757,-0.37496892,0.8159613,-0.120000005,-0.49748537,0.66238827",0.0
"-0.36706486,0.04616094,0.254999,0.17271757,-0.37496892,0.8159613,-0.120000005,-0.49748537,0.66238827","-0.93263644,0.025882125,0.41043067","-0.45612484,0.049719594,0.29909185,0.068713546,-0.45322615,0.75924236,-0.120000005,-0.49748537,0.66238827",0.0
"-0.45612484,0.049719594,0.29909185,0.068713546,-0.45322615,0.75924236,-0.120000005,-0.49748537,0.66238827","-0.8432063,0.06468761,0.3225193","-0.53664494,0.058613807,0.33374035,-0.051590145,-0.49652857,0.7033083,-0.120000005,-0.49748537,0.66238827",0.0
"-0.53664494,0.058613807,0.33374035,-0.051590145,-0.49652857,0.7033083,-0.120000005,-0.49748537,0.66238827","-0.38552582,-0.072873116,0.31014812","-0.5734598,0.04859413,0.3670598,-0.10981548,-0.49266642,0.66934663,-0.120000005,-0.49748537,0.66238827",0.0
"0.0,0.0,0.0,2.8652207e-07,0.005789075,0.993462,0.5589474,0.4277193,0.62845707","0.909302,0.91743946,0.98161674","0.086831756,0.1261432,0.105455704,0.3874943,0.11441864,0.88438034,0.5589474,0.4277193,0.62845707",0.0
"0.086831756,0.1261432,0.105455704,0.3874943,0.11441864,0.88438034,0.5589474,0.4277193,0.62845707","0.8097558,0.78932476,0.8763156","0.16415755,0.23467132,0.19959885,0.58919674,0.34066385,0.63230145,0.5589474,0.4277193,0.62845707",0.0
"0.16415755,0.23467132,0.19959885,0.58919674,0.34066385,0.63230145,0.5589474,0.4277193,0.62845707","0.30013084,0.18349576,-0.034374177","0.19281788,0.25990105,0.19590601,0.58383596,0.41141948,0.5944889,0.5589474,0.4277193,0.62845707",0.0
"0.19281788,0.25990105,0.19590601,0.58383596,0.41141948,0.5944889,0.5589474,0.4277193,0.62845707","0.06847274,-0.05176431,-0.037063897","0.19935654,0.25278378,0.1919242,0.565104,0.41597548,0.61232126,0.5589474,0.4277193,0.62845707",0.0
"0.19935654,0.25278378,0.1919242,0.565104,0.41597548,0.61232126,0.5589474,0.4277193,0.62845707","-0.0011306405,-0.016791046,-0.008673608","0.19924857,0.2504751,0.19099239,0.5620751,0.413492,0.61754733,0.5589474,0.4277193,0.62845707",0.0
"0.0,0.0,0.0,2.8652207e-07,0.005789075,0.993462,0.34040937,0.25760233,0.7237781","0.8663275,0.8363532,0.89527273","0.082728,0.114994265,0.09617971,0.3569625,0.100911096,0.9024194,0.34040937,0.25760233,0.7237781",0.0
"0.082728,0.114994265,0.09617971,0.3569625,0.100911096,0.9024194,0.34040937,0.25760233,0.7237781","0.70085144,0.041532874,0.8855386","0.14965422,0.12070483,0.19131368,0.4310806,0.22555119,0.80583555,0.34040937,0.25760233,0.7237781",0.0
"0.14965422,0.12070483,0.19131368,0.4310806,0.22555119,0.80583555,0.34040937,0.25760233,0.7237781","0.35960305,-0.49332643,0.81878924","0.18399371,0.05287498,0.27927676,0.37127092,0.2491153,0.7803536,0.34040937,0.25760233,0.7237781",0.0
"0.18399371,0.05287498,0.27927676,0.37127092,0.2491153,0.7803536,0.34040937,0.25760233,0.7237781","0.10176122,-0.27969325,0.55276644","0.19371116,0.014418593,0.33866087,0.34949455,0.25057727,0.7468852,0.34040937,0.25760233,0.7237781",0.0
"0.19371116,0.014418593,0.33866087,0.34949455,0.25057727,0.7468852,0.34040937,0.25760233,0.7237781","0.05811739,-0.10732764,0.22318232","0.19926095,-0.0003384149,0.36263752,0.33985454,0.25285953,0.73086816,0.34040937,0.25760233,0.7237781",0.0
"0.0,0.0,0.0,2.8652207e-07,0.005789075,0.993462,0.33935675,-0.0057894737,0.7721578","-0.2017672,0.18305206,0.9541743","-0.019267304,0.02516871,0.102507554,0.194411,-0.005982424,0.96041226,0.33935675,-0.0057894737,0.7721578",0.0
"-0.019267304,0.02516871,0.102507554,0.194411,-0.005982424,0.96041226,0.33935675,-0.0057894737,0.7721578","0.08066857,0.042276025,0.9102175","-0.011564041,0.03098144,0.20029283,0.32669833,-0.0060809534,0.8859047,0.33935675,-0.0057894737,0.7721578",0.0
"-0.011564041,0.03098144,0.20029283,0.32669833,-0.0060809534,0.8859047,0.33935675,-0.0057894737,0.7721578","-0.05116719,-0.26464963,0.8557303","-0.016450137,-0.005406534,0.29222453,0.3541491,-0.012521668,0.8221844,0.33935675,-0.0057894737,0.7721578",0.0
"-0.016450137,-0.005406534,0.29222453,0.3541491,-0.012521668,0.8221844,0.33935675,-0.0057894737,0.7721578","-0.019643426,-0.27110457,0.51725125","-0.018325947,-0.042682033,0.34779322,0.3385776,-0.013715675,0.78906715,0.33935675,-0.0057894737,0.7721578",0.0
"0.0,0.0,0.0,2.8652207e-07,0.005789075,0.993462,-0.25929826,-0.20918128,0.404603","-0.28171694,-0.9114329,0.90886664","-0.026901936,-0.12531735,0.09764014,-0.13285697,0.01706504,0.97293884,-0.25929826,-0.20918128,0.404603",0.0
"-0.026901936,-0.12531735,0.09764014,-0.13285697,0.01706504,0.97293884,-0.25929826,-0.20918128,0.404603","0.023896575,-0.8571618,0.845875","-0.024619997,-0.24317275,0.18851309,-0.2509335,0.025253953,0.91750443,-0.25929826,-0.20918128,0.404603",0.0
"-0.024619997,-0.24317275,0.18851309,-0.2509335,0.025253953,0.91750443,-0.25929826,-0.20918128,0.404603","0.43234646,-0.7879583,0.83954585","0.016665947,-0.351513,0.2787061,-0.3370993,-0.011868744,0.8387529,-0.25929826,-0.20918128,0.404603",0.0
"0.016665947,-0.351513,0.2787061,-0.3370993,-0.011868744,0.8387529,-0.25929826,-0.20918128,0.404603","0.7040305,-0.76835424,0.88334453","0.08389575,-0.45715782,0.37360445,-0.38020065,-0.09659888,0.7400926,-0.25929826,-0.20918128,0.404603",0.0
"0.08389575,-0.45715782,0.37360445,-0.38020065,-0.09659888,0.7400926,-0.25929826,-0.20918128,0.404603","0.70138144,-0.7286355,0.92125213","0.15087259,-0.55734146,0.47257516,-0.3689354,-0.18275158,0.6299072,-0.25929826,-0.20918128,0.404603",0.0
"0.15087259,-0.55734146,0.47257516,-0.3689354,-0.18275158,0.6299072,-0.25929826,-0.20918128,0.404603","0.5095962,-0.6166224,0.9170232","0.19953534,-0.64212394,0.57109153,-0.31988877,-0.22455227,0.5238881,-0.25929826,-0.20918128,0.404603",0.0
"0.19953534,-0.64212394,0.57109153,-0.31988877,-0.22455227,0.5238881,-0.25929826,-0.20918128,0.404603","0.30354452,-0.48616827,0.84775627","0.22852165,-0.70896965,0.6621666,-0.26380417,-0.2227201,0.42888772,-0.25929826,-0.20918128,0.404603",0.0
"0.22852165,-0.70896965,0.6621666,-0.26380417,-0.2227201,0.42888772,-0.25929826,-0.20918128,0.404603","-0.044794917,-0.15329814,0.3058858","0.22424406,-0.7300474,0.6950281,-0.25026426,-0.20512272,0.3953114,-0.25929826,-0.20918128,0.404603",0.0
"0.0,0.0,0.0,2.8652207e-07,0.005789075,0.993462,0.4831579,0.36871344,0.6657879","0.9053832,0.8917661,0.96641994","0.086457536,0.12261325,0.1038231,0.3791038,0.111589044,0.8891823,0.4831579,0.36871344,0.6657879",0.0
"0.086457536,0.12261325,0.1038231,0.3791038,0.111589044,0.8891823,0.4831579,0.36871344,0.6657879","0.7636256,0.7104757,0.796605","0.15937825,0.2203,0.1894029,0.56899893,0.3179641,0.6693794,0.4831579,0.36871344,0.6657879",0.0
"0.15937825,0.2203,0.1894029,0.56899893,0.3179641,0.6693794,0.4831579,0.36871344,0.6657879","0.40102816,-0.28166395,0.323164","0.19767353,0.18157268,0.22412063,0.49865416,0.3638733,0.68327504,0.4831579,0.36871344,0.6657879",0.0
"0.19767353,0.18157268,0.22412063,0.49865416,0.3638733,0.68327504,0.4831579,0.36871344,0.6657879","0.07262528,-0.17297399,0.26543665","0.20460871,0.15778966,0.25263667,0.47713488,0.36456054,0.68030745,0.4831579,0.36871344,0.6657879",0.0
"0.0,0.0,0.0,2.8652207e-07,0.005789075,0.993462,0.22988304,-0.24116959,0.404603","-0.8771865,0.5812441,0.96694624","-0.08376494,0.07991808,0.10387966,0.30054379,-0.074972056,0.9258688,0.22988304,-0.24116959,0.404603",0.0
"-0.08376494,0.07991808,0.10387966,0.30054379,-0.074972056,0.9258688,0.22988304,-0.24116959,0.404603","-0.75184816,-0.24979824,0.9618585","-0.15556099,0.0455721,0.20721275,0.32296166,-0.16517255,0.8670765,0.22988304,-0.24116959,0.404603",0.0
"-0.15556099,0.0455721,0.20721275,0.32296166,-0.16517255,0.8670765,0.22988304,-0.24116959,0.404603","-0.56981736,-0.14304733,0.9462626","-0.2099744,0.025903821,0.30887038,0.33971983,-0.25614434,0.77266747,0.22988304,-0.24116959,0.404603",0.0
"-0.2099744,0.025903821,0.30887038,0.33971983,-0.25614434,0.77266747,0.22988304,-0.24116959,0.404603","-0.30199957,-0.15173674,0.9221842","-0.23881318,0.0050407937,0.40794122,0.34179926,-0.31066784,0.6626953,0.22988304,-0.24116959,0.404603",0.0
"-0.23881318,0.0050407937,0.40794122,0.34179926,-0.31066784,0.6626953,0.22988304,-0.24116959,0.404603","-0.10709798,-0.35014927,0.90116465","-0.24904026,-0.043102935,0.50475395,0.3142914,-0.30423987,0.5732118,0.22988304,-0.24116959,0.404603",0.0
"-0.24904026,-0.043102935,0.50475395,0.3142914,-0.30423987,0.5732118,0.22988304,-0.24116959,0.404603","-0.14996779,-0.48293138,0.8823925","-0.2633611,-0.10950352,0.59955,0.2604165,-0.27469763,0.4942858,0.22988304,-0.24116959,0.404603",0.0
"-0.2633611,-0.10950352,0.59955,0.2604165,-0.27469763,0.4942858,0.22988304,-0.24116959,0.404603","-0.108668506,-0.35939538,0.6772704","-0.27373818,-0.15891854,0.67230964,0.22078513,-0.24756852,0.4240195,0.22988304,-0.24116959,0.404603",0.0
"-0.27373818,-0.15891854,0.67230964,0.22078513,-0.24756852,0.4240195,0.22988304,-0.24116959,0.404603","0.06639433,-0.038262248,0.13388789","-0.26739797,-0.16417941,0.6866933,0.2223659,-0.239433,0.4058003,0.22988304,-0.24116959,0.404603",0.0
"0.0,0.0,0.0,2.8652207e-07,0.005789075,0.993462,-0.3640351,-0.19040935,0.62924165","0.103488445,-0.96157056,0.6116395","0.009882384,-0.13221101,0.065708846,-0.19305949,-0.00020382674,0.9675578,-0.3640351,-0.19040935,0.62924165",0.0
"0.009882384,-0.13221101,0.065708846,-0.19305949,-0.00020382674,0.9675578,-0.3640351,-0.19040935,0.62924165","0.6359303,-0.9409133,0.8337182","0.0706091,-0.2615818,0.15527576,-0.32838142,-0.068127595,0.9006512,-0.3640351,-0.19040935,0.62924165",0.0
"0.0706091,-0.2615818,0.15527576,-0.32838142,-0.068127595,0.9006512,-0.3640351,-0.19040935,0.62924165","0.5111098,-0.8544264,0.8719666","0.11941636,-0.3790611,0.24895175,-0.4016745,-0.15196116,0.8101872,-0.3640351,-0.19040935,0.62924165",0.0
"0.11941636,-0.3790611,0.24895175,-0.4016745,-0.15196116,0.8101872,-0.3640351,-0.19040935,0.62924165","0.2242502,-0.6812993,0.8870083","0.14083064,-0.47273627,0.34424368,-0.41733718,-0.19131011,0.72335845,-0.3640351,-0.19040935,0.62924165",0.0
"0.14083064,-0.47273627,0.34424368,-0.41733718,-0.19131011,0.72335845,-0.3640351,-0.19040935,0.62924165","0.15165818,-0.4577272,0.79919636","0.15531288,-0.5356714,0.4301019,-0.39014834,-0.20051065,0.65688396,-0.3640351,-0.19040935,0.62924165",0.0
"0.15531288,-0.5356714,0.4301019,-0.39014834,-0.20051065,0.65688396,-0.3640351,-0.19040935,0.62924165","0.01600027,-0.17105901,0.40366626","0.15684079,-0.5591912,0.47346804,-0.36672696,-0.1903252,0.62790346,-0.3640351,-0.19040935,0.62924165",0.0
"0.0,0.0,0.0,2.8652207e-07,0.005789075,0.993462,0.38701755,-0.602924,0.42493555","-0.8847314,0.9656851,0.8699093","-0.08448542,0.13277674,0.093454905,0.39021093,-0.100072905,0.88780624,0.38701755,-0.602924,0.42493555",0.0
"-0.08448542,0.13277674,0.093454905,0.39021093,-0.100072905,0.88780624,0.38701755,-0.602924,0.42493555","-0.9399308,0.86184,0.7839588","-0.17424199,0.25127533,0.1776761,0.59207934,-0.3541112,0.6343462,0.38701755,-0.602924,0.42493555",0.0
"-0.17424199,0.25127533,0.1776761,0.59207934,-0.3541112,0.6343462,0.38701755,-0.602924,0.42493555","-0.875479,0.3363459,0.68789077","-0.25784388,0.29752117,0.25157663,0.546646,-0.5658789,0.44360775,0.38701755,-0.602924,0.42493555",0.0
"-0.25784388,0.29752117,0.25157663,0.546646,-0.5658789,0.44360775,0.38701755,-0.602924,0.42493555","-0.68451893,-0.4093051,0.47316766","-0.32321048,0.24124387,0.30240935,0.39421108,-0.62427324,0.47072437,0.38701755,-0.602924,0.42493555",0.0
"-0.32321048,0.24124387,0.30240935,0.39421108,-0.62427324,0.47072437,0.38701755,-0.602924,0.42493555","0.030088544,-0.25678837,0.43896556","-0.32033724,0.2059368,0.3495677,0.38435715,-0.5962507,0.46057525,0.38701755,-0.602924,0.42493555",0.0
"-0.32033724,0.2059368,0.3495677,0.38435715,-0.5962507,0.46057525,0.38701755,-0.602924,0.42493555","0.06668782,-0.047122717,0.24131417","-0.31396905,0.19945769,0.37549227,0.39458716,-0.5859923,0.43157667,0.38701755,-0.602924,0.42493555",0.0
"-0.31396905,0.19945769,0.37549227,0.39458716,-0.5859923,0.43157667,0.38701755,-0.602924,0.42493555","-0.020911574,0.017107844,0.029569268","-0.31596595,0.20180994,0.37866893,0.39246446,-0.59084857,0.42257234,0.38701755,-0.602924,0.42493555",0.0
"0.0,0.0,0.0,2.8652207e-07,0.005789075,0.993462,-0.049707603,0.12777777,0.36001524","0.73058677,0.39634085,0.9449357","0.06976574,0.05449482,0.10151505,0.24707817,0.060968604,0.94491595,-0.049707603,0.12777777,0.36001524",0.0
"0.06976574,0.05449482,0.10151505,0.24707817,0.060968604,0.94491595,-0.049707603,0.12777777,0.36001524","0.72182524,-0.5908921,0.9569504","0.1386948,-0.026749808,0.20432086,0.19357741,0.096508875,0.9207862,-0.049707603,0.12777777,0.36001524",0.0
"0.1386948,-0.026749808,0.20432086,0.19357741,0.096508875,0.9207862,-0.049707603,0.12777777,0.36001524","0.7465532,-0.52281755,0.96146655","0.2099852,-0.098634556,0.30761188,0.15021402,0.123833336,0.868823,-0.049707603,0.12777777,0.36001524",0.0
"0.2099852,-0.098634556,0.30761188,0.15021402,0.123833336,0.868823,-0.049707603,0.12777777,0.36001524","0.8183081,-0.29333568,0.9669912","0.28812766,-0.13896672,0.41149643,0.13546486,0.1819102,0.77991986,-0.049707603,0.12777777,0.36001524",0.0
"0.28812766,-0.13896672,0.41149643,0.13546486,0.1819102,0.77991986,-0.049707603,0.12777777,0.36001524","0.87046957,-0.4258368,0.96333456","0.37125117,-0.19751713,0.5149881,0.07976989,0.20105559,0.6826195,-0.049707603,0.12777777,0.36001524",0.0
"0.37125117,-0.19751713,0.5149881,0.07976989,0.20105559,0.6826195,-0.049707603,0.12777777,0.36001524","0.90171385,-0.4644605,0.94842243","0.4573583,-0.26137808,0.61687785,0.019648423,0.189142,0.5741974,-0.049707603,0.12777777,0.36001524",0.0
"0.4573583,-0.26137808,0.61687785,0.019648423,0.189142,0.5741974,-0.049707603,0.12777777,0.36001524","0.8744935,-0.5253247,0.9218496","0.5408661,-0.33360755,0.71591276,-0.024816442,0.14701323,0.45940503,-0.049707603,0.12777777,0.36001524",0.0
"0.5408661,-0.33360755,0.71591276,-0.024816442,0.14701323,0.45940503,-0.049707603,0.12777777,0.36001524","0.57627714,-0.29016727,0.70757556","0.59589636,-0.37350407,0.7919282,-0.044945564,0.125135,0.35789138,-0.049707603,0.12777777,0.36001524",0.0
"0.0,0.0,0.0,2.8652207e-07,0.005789075,0.993462,0.5689474,0.43549708,0.42493555","0.9135879,0.94331765,0.9851539","0.087241024,0.12970132,0.105835706,0.39446342,0.116917625,0.8805199,0.5689474,0.43549708,0.42493555",0.0
"0.087241024,0.12970132,0.105835706,0.39446342,0.116917625,0.8805199,0.5689474,0.43549708,0.42493555","0.75487447,0.86302733,0.90117836","0.15932606,0.24836315,0.20264988,0.6133032,0.3420767,0.604988,0.5689474,0.43549708,0.42493555",0.0
"0.15932606,0.24836315,0.20264988,0.6133032,0.3420767,0.604988,0.5689474,0.43549708,0.42493555","0.35794187,0.082436085,0.8398881","0.19350691,0.2596977,0.29287958,0.61774474,0.4368976,0.4516753,0.5689474,0.43549708,0.42493555",0.0
"0.19350691,0.2596977,0.29287958,0.61774474,0.4368976,0.4516753,0.5689474,0.43549708,0.42493555","-0.008798897,-0.20995688,0.3107623","0.19266668,0.23082973,0.326265,0.5990004,0.42149922,0.45276046,0.5689474,0.43549708,0.42493555",0.0
"0.19266668,0.23082973,0.326265,0.5990004,0.42149922,0.45276046,0.5689474,0.43549708,0.42493555","0.04836166,-0.08706814,0.18443537","0.19728486,0.21885832,0.34607905,0.5852308,0.42472804,0.4433949,0.5689474,0.43549708,0.42493555",0.0
"0.19728486,0.21885832,0.34607905,0.5852308,0.42472804,0.4433949,0.5689474,0.43549708,0.42493555","0.029716969,-0.037419558,0.08338034","0.20012261,0.21371333,0.35503668,0.5780923,0.427508,0.43856174,0.5689474,0.43549708,0.42493555",0.0
"0.0,0.0,0.0,2.8652207e-07,0.005789075,0.993462,0.295731,-0.6597661,0.53209","-0.7806181,0.9642155,0.7832167","-0.07454336,0.13257468,0.08414146,0.38189277,-0.08515349,0.8954447,0.295731,-0.6597661,0.53209",0.0
"-0.07454336,0.13257468,0.08414146,0.38189277,-0.08515349,0.8954447,0.295731,-0.6597661,0.53209","-0.9548522,0.88394237,0.6618835","-0.16572481,0.25411224,0.155248,0.5907115,-0.33204815,0.6593721,0.295731,-0.6597661,0.53209",0.0
"-0.16572481,0.25411224,0.155248,0.5907115,-0.33204815,0.6593721,0.295731,-0.6597661,0.53209","-0.9179663,0.44033337,0.3813237","-0.25338393,0.3146558,0.19621384,0.5534336,-0.557054,0.49379173,0.295731,-0.6597661,0.53209",0.0
"-0.25338393,0.3146558,0.19621384,0.5534336,-0.557054,0.49379173,0.295731,-0.6597661,0.53209","-0.8442411,-0.1312877,-0.06928909","-0.33400282,0.29660445,0.18877007,0.3832078,-0.6553537,0.53864735,0.295731,-0.6597661,0.53209",0.0
"-0.33400282,0.29660445,0.18877007,0.3832078,-0.6553537,0.53864735,0.295731,-0.6597661,0.53209","-0.37093484,-0.28300732,0.37172925","-0.3694244,0.25769243,0.22870521,0.29628405,-0.66677684,0.5515062,0.295731,-0.6597661,0.53209",0.0
"-0.3694244,0.25769243,0.22870521,0.29628405,-0.66677684,0.5515062,0.295731,-0.6597661,0.53209","0.01604414,-0.13067329,0.27160907","-0.36789232,0.23972557,0.25788435,0.2957139,-0.6567737,0.5404799,0.295731,-0.6597661,0.53209",0.0
"0.0,0.0,0.0,2.8652207e-07,0.005789075,0.993462,0.075614035,0.051520467,0.51554936","0.8339164,-0.6442913,0.9691427","0.07963296,-0.088586755,0.10411564,-0.046261523,-0.0058459314,0.9805222,0.075614035,0.051520467,0.51554936",0.0
"0.07963296,-0.088586755,0.10411564,-0.046261523,-0.0058459314,0.9805222,0.075614035,0.051520467,0.51554936","0.74502766,-0.27242088,0.9677534","0.15077768,-0.12604326,0.20808205,0.012005078,0.012659277,0.946726,0.075614035,0.051520467,0.51554936",0.0
"0.15077768,-0.12604326,0.20808205,0.012005078,0.012659277,0.946726,0.075614035,0.051520467,0.51554936","0.42061198,-0.41689467,0.96138954","0.19094305,-0.18336415,0.31136477,0.024554871,0.023807615,0.88937485,0.075614035,0.051520467,0.51554936",0.0
"0.19094305,-0.18336415,0.31136477,0.024554871,0.023807615,0.88937485,0.075614035,0.051520467,0.51554936","0.18173885,-0.31537342,0.95594","0.20829777,-0.22672643,0.41406208,0.054058712,0.048767645,0.80930156,0.075614035,0.051520467,0.51554936",0.0
"0.20829777,-0.22672643,0.41406208,0.054058712,0.048767645,0.80930156,0.075614035,0.051520467,0.51554936","-0.07628238,-0.36662948,0.94723654","0.20101336,-0.27713612,0.5158244,0.06920558,0.057790723,0.71138513,0.075614035,0.051520467,0.51554936",0.0
"0.20101336,-0.27713612,0.5158244,0.06920558,0.057790723,0.71138513,0.075614035,0.051520467,0.51554936","-0.14605194,-0.39951682,0.92601335","0.18706645,-0.33206764,0.6153067,0.072945565,0.05555351,0.6006838,0.075614035,0.051520467,0.51554936",0.0
"0.18706645,-0.33206764,0.6153067,0.072945565,0.05555351,0.6006838,0.075614035,0.051520467,0.51554936","-0.034930825,-0.32302773,0.65356374","0.18373081,-0.3764823,0.68551946,0.06571534,0.049701415,0.51544017,0.075614035,0.051520467,0.51554936",0.0
"0.0,0.0,0.0,2.8652207e-07,0.005789075,0.993462,0.1677193,0.3968421,0.30614382","0.9107425,0.7334893,0.93512535","0.08696931,0.100851,0.1004611,0.3333656,0.099431455,0.91155547,0.1677193,0.3968421,0.30614382",0.0
"0.08696931,0.100851,0.1004611,0.3333656,0.099431455,0.91155547,0.1677193,0.3968421,0.30614382","0.93139553,0.33831632,0.91861033","0.17591083,0.14736776,0.19914801,0.45724988,0.28880852,0.76332945,0.1677193,0.3968421,0.30614382",0.0
"0.17591083,0.14736776,0.19914801,0.45724988,0.28880852,0.76332945,0.1677193,0.3968421,0.30614382","0.89808965,-0.4457546,0.92528844","0.26167187,0.08607881,0.29855236,0.3488535,0.3839292,0.71659184,0.1677193,0.3968421,0.30614382",0.0
"0.26167187,0.08607881,0.29855236,0.3488535,0.3839292,0.71659184,0.1677193,0.3968421,0.30614382","0.737973,-0.39890397,0.93033445","0.33214295,0.031231567,0.3984988,0.2446672,0.43164584,0.6456364,0.1677193,0.3968421,0.30614382",0.0
"0.33214295,0.031231567,0.3984988,0.2446672,0.43164584,0.6456364,0.1677193,0.3968421,0.30614382","0.3943993,-0.29120398,0.92032063","0.3698052,-0.008807482,0.49736947,0.18575785,0.4431006,0.5460388,0.1677193,0.3968421,0.30614382",0.0
"0.3698052,-0.008807482,0.49736947,0.18575785,0.4431006,0.5460388,0.1677193,0.3968421,0.30614382","0.17121422,-0.30329603,0.91131854","0.38615492,-0.050509125,0.595273,0.15055849,0.41939622,0.44158313,0.1677193,0.3968421,0.30614382",0.0
"0.38615492,-0.050509125,0.595273,0.15055849,0.41939622,0.44158313,0.1677193,0.3968421,0.30614382","-0.019495964,-0.2372176,0.82634556","0.3842932,-0.08312533,0.6840479,0.13845648,0.38025358,0.33744705,0.1677193,0.3968421,0.30614382",0.0
"0.3842932,-0.08312533,0.6840479,0.13845648,0.38025358,0.33744705,0.1677193,0.3968421,0.30614382","-0.16533512,0.05910349,0.120461464","0.3685049,-0.07499891,0.6969892,0.15861584,0.3762901,0.30953375,0.1677193,0.3968421,0.30614382",0.0
"0.3685049,-0.07499891,0.6969892,0.15861584,0.3762901,0.30953375,0.1677193,0.3968421,0.30614382","-0.06671548,0.045886874,-0.039517105","0.36213407,-0.0686897,0.69274384,0.16885015,0.3789559,0.3096767,0.1677193,0.3968421,0.30614382",0.0
"0.36213407,-0.0686897,0.69274384,0.16885015,0.3789559,0.3096767,0.1677193,0.3968421,0.30614382","0.016977072,-0.0015257597,-0.0028036237","0.36375526,-0.06889948,0.6924427,0.16688207,0.3797326,0.3103483,0.1677193,0.3968421,0.30614382",0.0
"0.0,0.0,0.0,2.8652207e-07,0.005789075,0.993462,0.27222222,-0.09959064,0.43591902","-0.4612404,0.08274746,0.976161","-0.044045113,0.011377341,0.104869604,0.1676323,-0.017499944,0.9653233,0.27222222,-0.09959064,0.43591902",0.0
"-0.044045113,0.011377341,0.104869604,0.1676323,-0.017499944,0.9653233,0.27222222,-0.09959064,0.43591902","-0.25609863,-0.12314415,0.9718933","-0.068500675,-0.0055543585,0.20928076,0.25992227,-0.050889507,0.90435284,0.27222222,-0.09959064,0.43591902",0.0
"-0.068500675,-0.0055543585,0.20928076,0.25992227,-0.050889507,0.90435284,0.27222222,-0.09959064,0.43591902","-0.066917,-0.18501115,0.96073556","-0.07489077,-0.030992456,0.31249323,0.3193702,-0.07060491,0.82064843,0.27222222,-0.09959064,0.43591902",0.0
"-0.07489077,-0.030992456,0.31249323,0.3193702,-0.07060491,0.82064843,0.27222222,-0.09959064,0.43591902","-0.093976915,-0.17964059,0.94264483","-0.08386488,-0.05569213,0.41376218,0.35850376,-0.09070685,0.7163024,0.27222222,-0.09959064,0.43591902",0.0
"-0.08386488,-0.05569213,0.41376218,0.35850376,-0.09070685,0.7163024,0.27222222,-0.09959064,0.43591902","-0.054997742,-0.25517297,0.9136996","-0.08911677,-0.090777114,0.5119215,0.36128217,-0.09785234,0.6097354,0.27222222,-0.09959064,0.43591902",0.0
"-0.08911677,-0.090777114,0.5119215,0.36128217,-0.09785234,0.6097354,0.27222222,-0.09959064,0.43591902","-0.11765474,-0.43861067,0.8738779","-0.10035195,-0.15108383,0.60580283,0.31475464,-0.09656577,0.5205722,0.27222222,-0.09959064,0.43591902",0.0
"-0.10035195,-0.15108383,0.60580283,0.31475464,-0.09656577,0.5205722,0.27222222,-0.09959064,0.43591902","-0.16214359,-0.2951361,0.61220574","-0.115835495,-0.19166353,0.6715725,0.2787676,-0.099979624,0.4502492,0.27222222,-0.09959064,0.43591902",0.0
"0.0,0.0,0.0,2.8652207e-07,0.005789075,0.993462,0.068771936,0.08327485,0.7507792","0.8975892,-0.25627017,0.92828393","0.085713245,-0.035235845,0.09972615,0.058386736,0.022119168,0.980509,0.068771936,0.08327485,0.7507792",0.0
"0.085713245,-0.035235845,0.09972615,0.058386736,0.022119168,0.980509,0.068771936,0.08327485,0.7507792","0.8062862,-0.14215767,0.91125894","0.1627077,-0.054781817,0.19762333,0.12849298,0.078707345,0.9380884,0.068771936,0.08327485,0.7507792",0.0
"0.1627077,-0.054781817,0.19762333,0.12849298,0.078707345,0.9380884,0.068771936,0.08327485,0.7507792","0.55616355,-0.38404477,0.89853835","0.21581727,-0.10758602,0.29415393,0.12243314,0.10603806,0.88483894,0.068771936,0.08327485,0.7507792",0.0
"0.21581727,-0.10758602,0.29415393,0.12243314,0.10603806,0.88483894,0.068771936,0.08327485,0.7507792","0.39627266,-0.454405,0.873695","0.2536584,-0.17006439,0.3880156,0.09907089,0.10965801,0.8198916,0.068771936,0.08327485,0.7507792",0.0
"0.2536584,-0.17006439,0.3880156,0.09907089,0.10965801,0.8198916,0.068771936,0.08327485,0.7507792","0.28680658,-0.40410697,0.6383486","0.28104636,-0.22562706,0.45659387,0.07111212,0.095656164,0.7651859,0.068771936,0.08327485,0.7507792",0.0
"0.28104636,-0.22562706,0.45659387,0.07111212,0.095656164,0.7651859,0.068771936,0.08327485,0.7507792","-0.04345262,-0.13195598,0.18356395","0.27689692,-0.24377035,0.47631434,0.064868614,0.08585127,0.74832,0.068771936,0.08327485,0.7507792",0.0
"0.0,0.0,0.0,2.8652207e-07,0.005789075,0.993462,0.10795322,0.2605263,0.7005036","0.9514408,0.48799157,0.8889282","0.090855695,0.06709632,0.09549812,0.26013142,0.082367346,0.94053686,0.10795322,0.2605263,0.7005036",0.0
"0.090855695,0.06709632,0.09549812,0.26013142,0.082367346,0.94053686,0.10795322,0.2605263,0.7005036","0.9366541,-0.13769823,0.86595905","0.18029937,0.048163522,0.18852869,0.28972855,0.19111085,0.882593,0.10795322,0.2605263,0.7005036",0.0
"0.18029937,0.048163522,0.18852869,0.28972855,0.19111085,0.882593,0.10795322,0.2605263,0.7005036","0.9094157,-0.4169705,0.8622229","0.26714197,-0.009167785,0.28115788,0.22043468,0.25422108,0.83755904,0.10795322,0.2605263,0.7005036",0.0
"0.26714197,-0.009167785,0.28115788,0.22043468,0.25422108,0.83755904,0.10795322,0.2605263,0.7005036","0.7551973,-0.4657215,0.889467","0.3392578,-0.0732021,0.376714,0.1452257,0.27467933,0.7782987,0.10795322,0.2605263,0.7005036",0.0
"0.3392578,-0.0732021,0.376714,0.1452257,0.27467933,0.7782987,0.10795322,0.2605263,0.7005036","0.38834548,-0.3371073,0.67821825","0.37634197,-0.11955265,0.44957548,0.10517994,0.27227125,0.7203523,0.10795322,0.2605263,0.7005036",0.0
"0.37634197,-0.11955265,0.44957548,0.10517994,0.27227125,0.7203523,0.10795322,0.2605263,0.7005036","0.05618465,-0.10790366,0.19055545","0.3817072,-0.13438888,0.47004703,0.09739481,0.26584318,0.7037467,0.10795322,0.2605263,0.7005036",0.0
"0.0,0.0,0.0,2.8652207e-07,0.005789075,0.993462,0.091345035,-0.0057894737,0.51554936","0.19575858,-0.46659547,0.9649148","0.01869351,-0.0641545,0.10366143,0.0051760427,0.006103379,0.9818239,0.091345035,-0.0057894737,0.51554936",0.0
"0.01869351,-0.0641545,0.10366143,0.0051760427,0.006103379,0.9818239,0.091345035,-0.0057894737,0.51554936","0.05125916,-0.38961947,0.9624586","0.02358837,-0.11772519,0.20705903,0.031866416,0.008170877,0.94672334,0.091345035,-0.0057894737,0.51554936",0.0
"0.02358837,-0.11772519,0.20705903,0.031866416,0.008170877,0.94672334,0.091345035,-0.0057894737,0.51554936","0.030873299,-0.35201883,0.95719886","0.026536532,-0.16612601,0.30989155,0.06505611,0.011245434,0.88835764,0.091345035,-0.0057894737,0.51554936",0.0
"0.026536532,-0.16612601,0.30989155,0.06505611,0.011245434,0.88835764,0.091345035,-0.0057894737,0.51554936","-0.11356002,-0.3297689,0.9465418","0.015692363,-0.21146758,0.4115792,0.09706962,0.01058541,0.80855805,0.091345035,-0.0057894737,0.51554936",0.0
"0.015692363,-0.21146758,0.4115792,0.09706962,0.01058541,0.80855805,0.091345035,-0.0057894737,0.51554936","-0.2564851,-0.3468398,0.9326904","-0.008800114,-0.2591563,0.5117788,0.11547273,0.0025982375,0.71162575,0.091345035,-0.0057894737,0.51554936",0.0
"-0.008800114,-0.2591563,0.5117788,0.11547273,0.0025982375,0.71162575,0.091345035,-0.0057894737,0.51554936","-0.25555843,-0.40348577,0.9002218","-0.033204097,-0.31463352,0.6084902,0.110925086,-0.0057923556,0.60535204,0.091345035,-0.0057894737,0.51554936",0.0
"-0.033204097,-0.31463352,0.6084902,0.110925086,-0.0057923556,0.60535204,0.091345035,-0.0057894737,0.51554936","-0.104965806,-0.34001857,0.6448618","-0.043227572,-0.36138436,0.6777682,0.0959417,-0.0072669256,0.52293396,0.091345035,-0.0057894737,0.51554936",0.0
"0.0,0.0,0.0,2.8652207e-07,0.005789075,0.993462,0.06643275,0.23888889,0.7141676","0.9409857,0.29991937,0.8882133","0.0898573,0.041237365,0.09542133,0.20859595,0.06652912,0.95609254,0.06643275,0.23888889,0.7141676",0.0
"0.0898573,0.041237365,0.09542133,0.20859595,0.06652912,0.95609254,0.06643275,0.23888889,0.7141676","0.9464928,-0.1384821,0.86538553","0.1802405,0.022196783,0.18839027,0.24638745,0.16348365,0.90307444,0.06643275,0.23888889,0.7141676",0.0
"0.1802405,0.022196783,0.18839027,0.24638745,0.16348365,0.90307444,0.06643275,0.23888889,0.7141676","0.9253218,-0.37136048,0.8542174","0.268602,-0.028863387,0.28015944,0.1939607,0.22677882,0.8538638,0.06643275,0.23888889,0.7141676",0.0
"0.268602,-0.028863387,0.28015944,0.1939607,0.22677882,0.8538638,0.06643275,0.23888889,0.7141676","0.85682416,-0.4648975,0.87751555","0.3504225,-0.09278442,0.37443158,0.118913904,0.24693584,0.794983,0.06643275,0.23888889,0.7141676",0.0
"0.3504225,-0.09278442,0.37443158,0.118913904,0.24693584,0.794983,0.06643275,0.23888889,0.7141676","0.59164095,-0.35681581,0.6947166","0.4069199,-0.14184478,0.4490655,0.06785042,0.24546397,0.7358686,0.06643275,0.23888889,0.7141676",0.0
"0.4069199,-0.14184478,0.4490655,0.06785042,0.24546397,0.7358686,0.06643275,0.23888889,0.7141676","0.15108919,-0.10986978,0.20244288","0.4213478,-0.15695134,0.47081417,0.054836866,0.24106503,0.71733505,0.06643275,0.23888889,0.7141676",0.0
"0.0,0.0,0.0,2.8652207e-07,0.005789075,0.993462,0.049707603,0.12777777,0.36001524","0.91228926,0.0855397,0.9601631","0.087117,0.011761261,0.10315094,0.1591951,0.05070393,0.96599925,0.049707603,0.12777777,0.36001524",0.0
"0.087117,0.011761261,0.10315094,0.1591951,0.05070393,0.96599925,0.049707603,0.12777777,0.36001524","0.7626877,-0.36193448,0.95333266","0.15994814,-0.038002886,0.20556813,0.16800548,0.09893205,0.92549264,0.049707603,0.12777777,0.36001524",0.0
"0.15994814,-0.038002886,0.20556813,0.16800548,0.09893205,0.92549264,0.049707603,0.12777777,0.36001524","0.74605024,-0.3934213,0.9574392","0.23119052,-0.092096314,0.30842647,0.15170829,0.14250433,0.8648405,0.049707603,0.12777777,0.36001524",0.0
"0.23119052,-0.092096314,0.30842647,0.15170829,0.14250433,0.8648405,0.049707603,0.12777777,0.36001524","0.6828699,-0.43564475,0.961447","0.29639962,-0.15199524,0.41171542,0.11713652,0.16714789,0.7865124,0.049707603,0.12777777,0.36001524",0.0
"0.29639962,-0.15199524,0.41171542,0.11713652,0.16714789,0.7865124,0.049707603,0.12777777,0.36001524","0.46191573,-0.4946674,0.961216","0.3405092,-0.22000949,0.51497954,0.081782825,0.16138059,0.6935251,0.049707603,0.12777777,0.36001524",0.0
"0.3405092,-0.22000949,0.51497954,0.081782825,0.16138059,0.6935251,0.049707603,0.12777777,0.36001524","0.33595288,-0.45836884,0.9565749","0.37259027,-0.28303286,0.61774504,0.057466652,0.1506771,0.58225095,0.049707603,0.12777777,0.36001524",0.0
"0.37259027,-0.28303286,0.61774504,0.057466652,0.1506771,0.58225095,0.049707603,0.12777777,0.36001524","0.20105398,-0.3967737,0.9436519","0.39178947,-0.33758724,0.71912223,0.043167982,0.13941564,0.456049,0.049707603,0.12777777,0.36001524",0.0
"0.39178947,-0.33758724,0.71912223,0.043167982,0.13941564,0.456049,0.049707603,0.12777777,0.36001524","0.020336509,-0.26717806,0.71249163","0.39373147,-0.37432286,0.79566574,0.038099997,0.1275186,0.35240644,0.049707603,0.12777777,0.36001524",0.0
"0.0,0.0,0.0,2.8652207e-07,0.005789075,0.993462,0.12748538,-0.1065497,0.3483126","-0.7707399,0.16765773,0.96357083","-0.07360007,0.023052068,0.10351703,0.18752553,-0.03820214,0.96088207,0.12748538,-0.1065497,0.3483126",0.0
"-0.07360007,0.023052068,0.10351703,0.18752553,-0.03820214,0.96088207,0.12748538,-0.1065497,0.3483126","-0.4108134,-0.29660535,0.97045636","-0.11282977,-0.017729655,0.2077738,0.22578554,-0.07738983,0.9130722,0.12748538,-0.1065497,0.3483126",0.0
"-0.11282977,-0.017729655,0.2077738,0.22578554,-0.07738983,0.9130722,0.12748538,-0.1065497,0.3483126","-0.2127536,-0.34408677,0.96104014","-0.1331462,-0.06503983,0.311019,0.24201906,-0.10124821,0.8467271,0.12748538,-0.1065497,0.3483126",0.0
"-0.1331462,-0.06503983,0.311019,0.24201906,-0.10124821,0.8467271,0.12748538,-0.1065497,0.3483126","-0.112791896,-0.35175252,0.94724417","-0.14391701,-0.11340402,0.4127821,0.24743684,-0.11374043,0.76281667,0.12748538,-0.1065497,0.3483126",0.0
"-0.14391701,-0.11340402,0.4127821,0.24743684,-0.11374043,0.76281667,0.12748538,-0.1065497,0.3483126","-0.06791484,-0.35430336,0.9267936","-0.1504024,-0.16211893,0.5123482,0.24224883,-0.117316574,0.6652171,0.12748538,-0.1065497,0.3483126",0.0
"-0.1504024,-0.16211893,0.5123482,0.24224883,-0.117316574,0.6652171,0.12748538,-0.1065497,0.3483126","-0.11509699,-0.39327675,0.89980865","-0.16139333,-0.21619247,0.6090153,0.21831934,-0.114647396,0.5615276,0.12748538,-0.1065497,0.3483126",0.0
"-0.16139333,-0.21619247,0.6090153,0.21831934,-0.114647396,0.5615276,0.12748538,-0.1065497,0.3483126","-0.25811744,-0.48353124,0.87487185","-0.18604168,-0.28267556,0.70300335,0.17136477,-0.10642888,0.45709467,0.12748538,-0.1065497,0.3483126",0.0
"-0.18604168,-0.28267556,0.70300335,0.17136477,-0.10642888,0.45709467,0.12748538,-0.1065497,0.3483126","-0.33945858,-0.35678542,0.6331663","-0.2184575,-0.33173174,0.7710248,0.13344201,-0.101824656,0.37481874,0.12748538,-0.1065497,0.3483126",0.0
"-0.2184575,-0.33173174,0.7710248,0.13344201,-0.101824656,0.37481874,0.12748538,-0.1065497,0.3483126","-0.15933514,-0.050308585,0.17581272","-0.23367286,-0.33864892,0.78991264,0.12601347,-0.10590921,0.3483631,0.12748538,-0.1065497,0.3483126",0.0
"0.0,0.0,0.0,2.8652207e-07,0.005789075,0.993462,0.11432749,0.2750877,0.5737357","0.95145524,0.48564732,0.9263543","0.090857066,0.066774,0.099518836,0.26441506,0.08362563,0.9382035,0.11432749,0.2750877,0.5737357",0.0
"0.090857066,0.066774,0.099518836,0.26441506,0.08362563,0.9382035,0.11432749,0.2750877,0.5737357","0.9318063,-0.02320975,0.90932584","0.17983781,0.06358278,0.19720832,0.3232418,0.2117594,0.86048603,0.11432749,0.2750877,0.5737357",0.0
"0.17983781,0.06358278,0.19720832,0.3232418,0.2117594,0.86048603,0.11432749,0.2750877,0.5737357","0.8985896,-0.4325794,0.9112462","0.2656466,0.004105333,0.29510412,0.24713227,0.28132778,0.8104479,0.11432749,0.2750877,0.5737357",0.0
"0.2656466,0.004105333,0.29510412,0.24713227,0.28132778,0.8104479,0.11432749,0.2750877,0.5737357","0.7879157,-0.4756477,0.92666817","0.34088686,-0.061293792,0.3946567,0.16080038,0.30651462,0.7463036,0.11432749,0.2750877,0.5737357",0.0
"0.34088686,-0.061293792,0.3946567,0.16080038,0.30651462,0.7463036,0.11432749,0.2750877,0.5737357","0.48009443,-0.44676512,0.9338467","0.38673237,-0.122721724,0.49498048,0.10539073,0.30018592,0.6611127,0.11432749,0.2750877,0.5737357",0.0
"0.38673237,-0.122721724,0.49498048,0.10539073,0.30018592,0.6611127,0.11432749,0.2750877,0.5737357","0.07060015,-0.24292642,0.68928075","0.39347416,-0.15612288,0.5690304,0.096068345,0.29389274,0.5798592,0.11432749,0.2750877,0.5737357",0.0
"0.39347416,-0.15612288,0.5690304,0.096068345,0.29389274,0.5798592,0.11432749,0.2750877,0.5737357","-0.13184595,-0.053314924,0.074050784","0.38088384,-0.16345344,0.5769858,0.10525639,0.2838588,0.5735392,0.11432749,0.2750877,0.5737357",0.0
"0.0,0.0,0.0,2.8652207e-07,0.005789075,0.993462,0.72298247,-0.0057894737,0.53209","-0.1773135,0.9257965,0.9378028","-0.016932148,0.12729226,0.10074875,0.40043163,-0.01552318,0.88718307,0.72298247,-0.0057894737,0.53209",0.0
"-0.016932148,0.12729226,0.10074875,0.40043163,-0.01552318,0.88718307,0.72298247,-0.0057894737,0.53209","0.18877041,0.7832618,0.85108733","0.0010940591,0.23498675,0.1921816,0.6759395,0.008112506,0.64187586,0.72298247,-0.0057894737,0.53209",0.0
"0.0010940591,0.23498675,0.1921816,0.6759395,0.008112506,0.64187586,0.72298247,-0.0057894737,0.53209","0.07159698,0.020918846,0.6846323","0.007931055,0.23786302,0.26573208,0.7209398,0.023757663,0.5321217,0.72298247,-0.0057894737,0.53209",0.0
"0.007931055,0.23786302,0.26573208,0.7209398,0.023757663,0.5321217,0.72298247,-0.0057894737,0.53209","-0.11925769,-0.046409607,-0.005266249","-0.0034571865,0.23148197,0.26516634,0.7129116,-0.0019537916,0.54412216,0.72298247,-0.0057894737,0.53209",0.0
"0.0,0.0,0.0,2.8652207e-07,0.005789075,0.993462,0.6675439,0.22304092,0.62845707","0.052669764,0.9434662,0.9762143","0.005029585,0.12972176,0.10487532,0.41015851,0.012271311,0.88131744,0.6675439,0.22304092,0.62845707",0.0
"0.005029585,0.12972176,0.10487532,0.41015851,0.012271311,0.88131744,0.6675439,0.22304092,0.62845707","0.70270133,0.7875576,0.8766892","0.07213247,0.2380069,0.19905859,0.666259,0.15956128,0.62748593,0.6675439,0.22304092,0.62845707",0.0
"0.07213247,0.2380069,0.19905859,0.666259,0.15956128,0.62748593,0.6675439,0.22304092,0.62845707","0.30250287,0.17895317,-0.14985633","0.10101929,0.26261207,0.18295942,0.6725481,0.22700162,0.60778093,0.6675439,0.22304092,0.62845707",0.0
"0.10101929,0.26261207,0.18295942,0.6725481,0.22700162,0.60778093,0.6675439,0.22304092,0.62845707","-0.06643468,-0.038249016,-0.0827747","0.09467527,0.25735304,0.1740669,0.6639689,0.20957766,0.6289473,0.6675439,0.22304092,0.62845707",0.0
"0.0,0.0,0.0,2.8652207e-07,0.005789075,0.993462,-0.00023391814,0.06701754,0.37832105","0.82474005,-0.37889302,0.9532323","0.078756675,-0.052095853,0.102406375,0.027355522,0.012880782,0.9816201,-0.00023391814,0.06701754,0.37832105",0.0
"0.078756675,-0.052095853,0.102406375,0.027355522,0.012880782,0.9816201,-0.00023391814,0.06701754,0.37832105","0.7599597,-0.2716961,0.95172954","0.1513273,-0.08945269,0.20465134,0.07551244,0.045384288,0.94385916,-0.00023391814,0.06701754,0.37832105",0.0
"0.1513273,-0.08945269,0.20465134,0.07551244,0.045384288,0.94385916,-0.00023391814,0.06701754,0.37832105","0.7152052,-0.41502368,0.95534396","0.21962418,-0.14651634,0.3072846,0.07428207,0.06881001,0.8863912,-0.00023391814,0.06701754,0.37832105",0.0
"0.21962418,-0.14651634,0.3072846,0.07428207,0.06881001,0.8863912,-0.00023391814,0.06701754,0.37832105","0.74293923,-0.3301909,0.96035504","0.29056948,-0.1919159,0.4104562,0.07586658,0.107636176,0.80423546,-0.00023391814,0.06701754,0.37832105",0.0
"0.29056948,-0.1919159,0.4104562,0.07586658,0.107636176,0.80423546,-0.00023391814,0.06701754,0.37832105","0.72979474,-0.3912182,0.95836496","0.36025956,-0.24570641,0.513414,0.05363106,0.1278347,0.70549244,-0.00023391814,0.06701754,0.37832105",0.0
"0.36025956,-0.24570641,0.513414,0.05363106,0.1278347,0.70549244,-0.00023391814,0.06701754,0.37832105","0.53239715,-0.53942734,0.95357776","0.4110996,-0.31987494,0.61585754,0.024476595,0.10634955,0.59697497,-0.00023391814,0.06701754,0.37832105",0.0
"0.4110996,-0.31987494,0.61585754,0.024476595,0.10634955,0.59697497,-0.00023391814,0.06701754,0.37832105","0.4541787,-0.5445938,0.93562746","0.4544704,-0.39475378,0.71637267,0.005563451,0.079244286,0.47577757,-0.00023391814,0.06701754,0.37832105",0.0
"0.4544704,-0.39475378,0.71637267,0.005563451,0.079244286,0.47577757,-0.00023391814,0.06701754,0.37832105","0.28966868,-0.36853993,0.71944845","0.48213163,-0.44542617,0.79366356,-0.0021074426,0.06568646,0.37268937,-0.00023391814,0.06701754,0.37832105",0.0
"0.0,0.0,0.0,2.8652207e-07,0.005789075,0.993462,-0.042280704,-0.4401754,0.46932715","-0.95711094,0.6408324,0.8888955","-0.09139714,0.08811116,0.095494606,0.30461174,-0.08391348,0.92544806,-0.042280704,-0.4401754,0.46932715",0.0
"-0.09139714,0.08811116,0.095494606,0.30461174,-0.08391348,0.92544806,-0.042280704,-0.4401754,0.46932715","-0.9310483,0.07205129,0.8772261","-0.1803055,0.09801784,0.18973558,0.37724167,-0.2330529,0.8332872,-0.042280704,-0.4401754,0.46932715",0.0
"-0.1803055,0.09801784,0.18973558,0.37724167,-0.2330529,0.8332872,-0.042280704,-0.4401754,0.46932715","-0.9370101,-0.114822865,0.779389","-0.26978314,0.082230285,0.27346584,0.3305304,-0.36565277,0.75390536,-0.042280704,-0.4401754,0.46932715",0.0
"-0.26978314,0.082230285,0.27346584,0.3305304,-0.36565277,0.75390536,-0.042280704,-0.4401754,0.46932715","-0.933962,-0.28096735,0.76983285","-0.35896972,0.043598723,0.35616952,0.21537559,-0.44037625,0.69063705,-0.042280704,-0.4401754,0.46932715",0.0
"-0.35896972,0.043598723,0.35616952,0.21537559,-0.44037625,0.69063705,-0.042280704,-0.4401754,0.46932715","-0.86829877,-0.25258952,0.8175256","-0.44188595,0.008868961,0.44399688,0.09383557,-0.47636712,0.60574234,-0.042280704,-0.4401754,0.46932715",0.0
"-0.44188595,0.008868961,0.44399688,0.09383557,-0.47636712,0.60574234,-0.042280704,-0.4401754,0.46932715","-0.689515,-0.35345483,0.81160104","-0.5077296,-0.039729264,0.5311877,-0.0051320554,-0.4496641,0.5292561,-0.042280704,-0.4401754,0.46932715",0.0
"-0.5077296,-0.039729264,0.5311877,-0.0051320554,-0.4496641,0.5292561,-0.042280704,-0.4401754,0.46932715","-0.25729525,-0.16893274,0.48003864","-0.53229946,-0.06295665,0.5827586,-0.037871223,-0.4290736,0.4743976,-0.042280704,-0.4401754,0.46932715",0.0
"0.0,0.0,0.0,2.8652207e-07,0.005789075,0.993462,0.29608187,-0.3130994,0.47972226","-0.88921833,0.71870184,0.9621136","-0.08491389,0.0988178,0.103360474,0.33653572,-0.08596656,0.9110999,0.29608187,-0.3130994,0.47972226",0.0
"-0.08491389,0.0988178,0.103360474,0.33653572,-0.08596656,0.9110999,0.29608187,-0.3130994,0.47972226","-0.84674567,0.019199133,0.94126844","-0.16577195,0.10145759,0.20448156,0.40581238,-0.22610408,0.81348825,0.29608187,-0.3130994,0.47972226",0.0
"-0.16577195,0.10145759,0.20448156,0.40581238,-0.22610408,0.81348825,0.29608187,-0.3130994,0.47972226","-0.6725073,-0.08831,0.91154754","-0.22999151,0.08931542,0.3024097,0.39894298,-0.34397998,0.70730174,0.29608187,-0.3130994,0.47972226",0.0
"-0.22999151,0.08931542,0.3024097,0.39894298,-0.34397998,0.70730174,0.29608187,-0.3130994,0.47972226","-0.29089296,-0.3194152,0.89887583","-0.25776967,0.04539747,0.39897656,0.3608978,-0.37056726,0.6274324,0.29608187,-0.3130994,0.47972226",0.0
"-0.25776967,0.04539747,0.39897656,0.3608978,-0.37056726,0.6274324,0.29608187,-0.3130994,0.47972226","-0.11425239,-0.46070778,0.8821218","-0.26867995,-0.01794748,0.49374348,0.31484333,-0.34543607,0.5621331,0.29608187,-0.3130994,0.47972226",0.0
"-0.26867995,-0.01794748,0.49374348,0.31484333,-0.34543607,0.5621331,0.29608187,-0.3130994,0.47972226","-0.06857729,-0.29697287,0.6519402","-0.2752286,-0.058779724,0.56378186,0.2853247,-0.32563797,0.49946055,0.29608187,-0.3130994,0.47972226",0.0
"-0.2752286,-0.058779724,0.56378186,0.2853247,-0.32563797,0.49946055,0.29608187,-0.3130994,0.47972226","0.089729786,-0.033395827,0.14077997","-0.26666003,-0.06337149,0.57890594,0.2918707,-0.31549108,0.48082402,0.29608187,-0.3130994,0.47972226",0.0
"0.0,0.0,0.0,2.8652207e-07,0.005789075,0.993462,0.16362573,0.1862573,0.7141676","0.8402691,0.320526,0.9201158","0.0802396,0.044070676,0.09884863,0.2205827,0.06279129,0.95263785,0.16362573,0.1862573,0.7141676",0.0
"0.0802396,0.044070676,0.09884863,0.2205827,0.06279129,0.95263785,0.16362573,0.1862573,0.7141676","0.79317117,-0.20380473,0.91755676","0.15598169,0.016048564,0.19742237,0.25663146,0.14345609,0.8997645,0.16362573,0.1862573,0.7141676",0.0
"0.15598169,0.016048564,0.19742237,0.25663146,0.14345609,0.8997645,0.16362573,0.1862573,0.7141676","0.63054585,-0.44064337,0.9140911","0.21619424,-0.04453765,0.2956238,0.21801974,0.18345429,0.8490264,0.16362573,0.1862573,0.7141676",0.0
"0.21619424,-0.04453765,0.2956238,0.21801974,0.18345429,0.8490264,0.16362573,0.1862573,0.7141676","0.45330834,-0.41705942,0.8964784","0.2594819,-0.10188119,0.3919331,0.18362322,0.20334487,0.7804014,0.16362573,0.1862573,0.7141676",0.0
"0.2594819,-0.10188119,0.3919331,0.18362322,0.20334487,0.7804014,0.16362573,0.1862573,0.7141676","0.2597413,-0.33947635,0.6106633","0.2842853,-0.14855747,0.45753717,0.15245785,0.19865906,0.72925335,0.16362573,0.1862573,0.7141676",0.0
"0.2842853,-0.14855747,0.45753717,0.15245785,0.19865906,0.72925335,0.16362573,0.1862573,0.7141676","-0.0443604,-0.062585115,0.1481365","0.28004923,-0.15716262,0.47345164,0.15414858,0.19547674,0.71405333,0.16362573,0.1862573,0.7141676",0.0
"0.0,0.0,0.0,2.8652207e-07,0.005789075,0.993462,0.28251463,0.65842104,0.42487016","0.91965723,0.949661,0.9655354","0.087820604,0.13057351,0.10372808,0.39351222,0.11742679,0.881439,0.28251463,0.65842104,0.42487016",0.0
"0.087820604,0.13057351,0.10372808,0.39351222,0.11742679,0.881439,0.28251463,0.65842104,0.42487016","0.93276525,0.8226856,0.8512068","0.1768929,0.24368855,0.19517379,0.5837426,0.3693262,0.623289,0.28251463,0.65842104,0.42487016",0.0
"0.1768929,0.24368855,0.19517379,0.5837426,0.3693262,0.623289,0.28251463,0.65842104,0.42487016","0.94092774,0.12615395,0.67790914","0.26674467,0.2610341,0.268002,0.4977916,0.5617826,0.48711142,0.28251463,0.65842104,0.42487016",0.0
"0.26674467,0.2610341,0.268002,0.4977916,0.5617826,0.48711142,0.28251463,0.65842104,0.42487016","0.82852674,-0.38432544,0.55553496","0.34586298,0.20819135,0.32768348,0.3238732,0.6281602,0.4903242,0.28251463,0.65842104,0.42487016",0.0
"0.34586298,0.20819135,0.32768348,0.3238732,0.6281602,0.4903242,0.28251463,0.65842104,0.42487016","0.29470968,-0.0764513,0.4341278","0.3740056,0.19767971,0.37432212,0.26624015,0.6521434,0.4364552,0.28251463,0.65842104,0.42487016",0.0
"0.3740056,0.19767971,0.37432212,0.26624015,0.6521434,0.4364552,0.28251463,0.65842104,0.42487016","-0.03734666,0.07030225,-0.053986907","0.37043926,0.20734593,0.36852235,0.2773485,0.65797687,0.42874804,0.28251463,0.65842104,0.42487016",0.0
"0.0,0.0,0.0,2.8652207e-07,0.005789075,0.993462,0.5436258,-0.0848538,0.34138253","-0.33903754,0.742337,0.967003","-0.03237562,0.102067515,0.10388574,0.3532069,-0.030230135,0.9079194,0.5436258,-0.0848538,0.34138253",0.0
"-0.03237562,0.102067515,0.10388574,0.3532069,-0.030230135,0.9079194,0.5436258,-0.0848538,0.34138253","0.012109399,0.54016304,0.9422569","-0.031219255,0.17633717,0.205113,0.5920648,-0.05243846,0.7158111,0.5436258,-0.0848538,0.34138253",0.0
"-0.031219255,0.17633717,0.205113,0.5920648,-0.05243846,0.7158111,0.5436258,-0.0848538,0.34138253","-0.058865905,0.104090095,0.91179717","-0.03684052,0.19064903,0.30306795,0.6722193,-0.07232239,0.55709386,0.5436258,-0.0848538,0.34138253",0.0
"-0.03684052,0.19064903,0.30306795,0.6722193,-0.07232239,0.55709386,0.5436258,-0.0848538,0.34138253","-0.12485653,-0.23846084,0.888276","-0.04876341,0.15786192,0.398496,0.6567505,-0.09554772,0.46537334,0.5436258,-0.0848538,0.34138253",0.0
"-0.04876341,0.15786192,0.398496,0.6567505,-0.09554772,0.46537334,0.5436258,-0.0848538,0.34138253","-0.09607625,-0.3847924,0.8316705","-0.05793799,0.10495495,0.48784292,0.60300654,-0.105099924,0.408597,0.5436258,-0.0848538,0.34138253",0.0
"-0.05793799,0.10495495,0.48784292,0.60300654,-0.105099924,0.408597,0.5436258,-0.0848538,0.34138253","-0.0316689,-0.3810109,0.65453315","-0.06096214,0.052567925,0.5581599,0.54490095,-0.09975623,0.3736207,0.5436258,-0.0848538,0.34138253",0.0
"-0.06096214,0.052567925,0.5581599,0.54490095,-0.09975623,0.3736207,0.5436258,-0.0848538,0.34138253","0.02960229,-0.09280312,0.24218309","-0.058135338,0.039807983,0.5841778,0.52955914,-0.09192016,0.350315,0.5436258,-0.0848538,0.34138253",0.0
"-0.058135338,0.039807983,0.5841778,0.52955914,-0.09192016,0.350315,0.5436258,-0.0848538,0.34138253","-0.00072175264,0.011499763,0.029324055","-0.05820426,0.04138915,0.58732814,0.5302884,-0.092173286,0.34338108,0.5436258,-0.0848538,0.34138253",0.0
"0.0,0.0,0.0,2.8652207e-07,0.005789075,0.993462,-0.048830412,-0.0057894737,0.8480616","0.04133439,-0.8552388,0.9353235","0.0039471206,-0.11759096,0.10048242,-0.113450594,0.0043826085,0.9752169,-0.048830412,-0.0057894737,0.8480616",0.0
"0.0039471206,-0.11759096,0.10048242,-0.113450594,0.0043826085,0.9752169,-0.048830412,-0.0057894737,0.8480616","0.11894739,-0.54719317,0.9212903","0.015305719,-0.19282724,0.19945727,-0.13403137,-0.0006540041,0.94010353,-0.048830412,-0.0057894737,0.8480616",0.0
"0.015305719,-0.19282724,0.19945727,-0.13403137,-0.0006540041,0.94010353,-0.048830412,-0.0057894737,0.8480616","-0.05723512,-0.325248,0.84257245","0.00984017,-0.23754722,0.28997543,-0.10126554,0.0026603963,0.897331,-0.048830412,-0.0057894737,0.8480616",0.0
"0.00984017,-0.23754722,0.28997543,-0.10126554,0.0026603963,0.897331,-0.048830412,-0.0057894737,0.8480616","-0.12516493,-0.17517835,0.54799867","-0.0021121828,-0.2616334,0.34884736,-0.07074962,0.0062587457,0.86101925,-0.048830412,-0.0057894737,0.8480616",0.0
"-0.0021121828,-0.2616334,0.34884736,-0.07074962,0.0062587457,0.86101925,-0.048830412,-0.0057894737,0.8480616","-0.1142838,-0.06259006,0.22181165","-0.013025465,-0.27023923,0.3726768,-0.056530036,0.00810855,0.8442712,-0.048830412,-0.0057894737,0.8480616",0.0
"0.0,0.0,0.0,2.8652207e-07,0.005789075,0.993462,0.24350879,0.046491228,0.7141676","0.21964824,0.075966954,0.951856","0.020974811,0.0104450565,0.10225851,0.16226774,0.016509747,0.96695536,0.24350879,0.046491228,0.7141676",0.0
"0.020974811,0.0104450565,0.10225851,0.16226774,0.016509747,0.96695536,0.24350879,0.046491228,0.7141676","0.3011825,-0.09165728,0.93594337","0.049735554,-0.0021573608,0.20280753,0.25984225,0.046794347,0.9075891,0.24350879,0.046491228,0.7141676",0.0
"0.049735554,-0.0021573608,0.20280753,0.25984225,0.046794347,0.9075891,0.24350879,0.046491228,0.7141676","0.046134114,-0.34827542,0.92740667","0.05414102,-0.050043456,0.30243948,0.2765395,0.05336919,0.84572065,0.24350879,0.046491228,0.7141676",0.0
"0.05414102,-0.050043456,0.30243948,0.2765395,0.05336919,0.84572065,0.24350879,0.046491228,0.7141676","-0.013346732,-0.46052444,0.88587034","0.052866492,-0.11336322,0.39760914,0.2543866,0.04851264,0.7811051,0.24350879,0.046491228,0.7141676",0.0
"0.052866492,-0.11336322,0.39760914,0.2543866,0.04851264,0.7811051,0.24350879,0.046491228,0.7141676","-0.04633236,-0.3201726,0.58037066","0.048442077,-0.15738533,0.45995882,0.2340833,0.041758653,0.73143965,0.24350879,0.046491228,0.7141676",0.0
"0.048442077,-0.15738533,0.45995882,0.2340833,0.041758653,0.73143965,0.24350879,0.046491228,0.7141676","-0.022849321,-0.024484992,0.124088764","0.046260122,-0.16075191,0.47328988,0.23951384,0.040906582,0.71641517,0.24350879,0.046491228,0.7141676",0.0
"0.0,0.0,0.0,2.8652207e-07,0.005789075,0.993462,0.0034502926,0.0047953217,0.23331277","-0.317051,-0.93547904,0.9513233","-0.030276082,-0.12862356,0.102201305,-0.13333277,0.018535726,0.9718429,0.0034502926,0.0047953217,0.23331277",0.0
"-0.030276082,-0.12862356,0.102201305,-0.13333277,0.018535726,0.9718429,0.0034502926,0.0047953217,0.23331277","-0.10459399,-0.83983797,0.94967437","-0.040264063,-0.24409701,0.20422547,-0.22948346,0.035019584,0.91654724,0.0034502926,0.0047953217,0.23331277",0.0
"-0.040264063,-0.24409701,0.20422547,-0.22948346,0.035019584,0.91654724,0.0034502926,0.0047953217,0.23331277","-0.02758193,-0.5364673,0.9428874","-0.042897947,-0.31785855,0.30552053,-0.2334932,0.037501372,0.85873574,0.0034502926,0.0047953217,0.23331277",0.0
"-0.042897947,-0.31785855,0.30552053,-0.2334932,0.037501372,0.85873574,0.0034502926,0.0047953217,0.23331277","-0.043041646,-0.3688709,0.9336616","-0.047008116,-0.36857644,0.40582445,-0.19137697,0.03432274,0.79425055,0.0034502926,0.0047953217,0.23331277",0.0
"-0.047008116,-0.36857644,0.40582445,-0.19137697,0.03432274,0.79425055,0.0034502926,0.0047953217,0.23331277","-0.0298872,-0.40638095,0.92986715","-0.04986213,-0.42445177,0.50572073,-0.15849432,0.03089368,0.7082529,0.0034502926,0.0047953217,0.23331277",0.0
"-0.04986213,-0.42445177,0.50572073,-0.15849432,0.03089368,0.7082529,0.0034502926,0.0047953217,0.23331277","-0.08413696,-0.448048,0.9281163","-0.057896607,-0.48605615,0.6054289,-0.1332762,0.030398594,0.6034862,0.0034502926,0.0047953217,0.23331277",0.0
"-0.057896607,-0.48605615,0.6054289,-0.1332762,0.030398594,0.6034862,0.0034502926,0.0047953217,0.23331277","-0.16608244,-0.51293105,0.9210732","-0.07375628,-0.55658156,0.7043804,-0.11676708,0.03349935,0.48279893,0.0034502926,0.0047953217,0.23331277",0.0
"-0.07375628,-0.55658156,0.7043804,-0.11676708,0.03349935,0.48279893,0.0034502926,0.0047953217,0.23331277","-0.35591143,-0.20333183,0.91712856","-0.10774324,-0.5845387,0.8029081,-0.05583975,0.025795173,0.36036596,0.0034502926,0.0047953217,0.23331277",0.0
"-0.10774324,-0.5845387,0.8029081,-0.05583975,0.025795173,0.36036596,0.0034502926,0.0047953217,0.23331277","-0.36255372,-0.08561146,0.7702749","-0.14236449,-0.59630984,0.88565934,-0.011472361,0.011923852,0.24623416,0.0034502926,0.0047953217,0.23331277",0.0
"-0.14236449,-0.59630984,0.88565934,-0.011472361,0.011923852,0.24623416,0.0034502926,0.0047953217,0.23331277","-0.60885674,0.040635943,0.103203416","-0.20050588,-0.5907227,0.89674664,-0.0013701792,0.008163283,0.2302899,0.0034502926,0.0047953217,0.23331277",0.0
"0.0,0.0,0.0,2.8652207e-07,0.005789075,0.993462,-0.048479535,0.6553801,0.51169205","0.9399483,0.8794751,0.95464873","0.089758255,0.1209233,0.102558516,0.3732894,0.11417054,0.89183944,-0.048479535,0.6553801,0.51169205",0.0
"0.089758255,0.1209233,0.102558516,0.3732894,0.11417054,0.89183944,-0.048479535,0.6553801,0.51169205","0.9680445,0.060246587,0.8752345","0.18219948,0.1292069,0.1965855,0.42282757,0.27933848,0.78955203,-0.048479535,0.6553801,0.51169205",0.0
"0.18219948,0.1292069,0.1965855,0.42282757,0.27933848,0.78955203,-0.048479535,0.6553801,0.51169205","0.9699931,0.08294177,0.51396906","0.27482677,0.14061096,0.25180158,0.36773747,0.4390009,0.7060061,-0.048479535,0.6553801,0.51169205",0.0
"0.27482677,0.14061096,0.25180158,0.36773747,0.4390009,0.7060061,-0.048479535,0.6553801,0.51169205","0.9502163,-0.0124185085,0.40402305","0.36556557,0.13890348,0.29520607,0.24030197,0.5488689,0.6490928,-0.048479535,0.6553801,0.51169205",0.0
"0.36556557,0.13890348,0.29520607,0.24030197,0.5488689,0.6490928,-0.048479535,0.6553801,0.51169205","0.910825,-0.07525557,0.6634836","0.45254272,0.12855625,0.36648458,0.08623314,0.6130874,0.5603128,-0.048479535,0.6553801,0.51169205",0.0
"0.45254272,0.12855625,0.36648458,0.08623314,0.6130874,0.5603128,-0.048479535,0.6553801,0.51169205","0.7459165,0.15191352,0.21345282","0.5237723,0.1494436,0.389416,-0.054432325,0.64986694,0.49292672,-0.048479535,0.6553801,0.51169205",0.0
"0.5237723,0.1494436,0.389416,-0.054432325,0.64986694,0.49292672,-0.048479535,0.6553801,0.51169205","-0.04889834,0.077046156,-0.13689154","0.5191029,0.16003707,0.3747097,-0.045451015,0.65986973,0.4985941,-0.048479535,0.6553801,0.51169205",0.0
"0.0,0.0,0.0,2.8652207e-07,0.005789075,0.993462,-0.053508773,-0.049532164,0.2237676","0.19363236,-0.6638818,0.94621885","0.018490471,-0.09128035,0.10165292,-0.055710442,0.0025590756,0.98053753,-0.053508773,-0.049532164,0.2237676",0.0
"0.018490471,-0.09128035,0.10165292,-0.055710442,0.0025590756,0.98053753,-0.053508773,-0.049532164,0.2237676","0.0033948421,-0.517621,0.9381511","0.01881464,-0.1624506,0.20243914,-0.06708232,0.0018294083,0.9467399,-0.053508773,-0.049532164,0.2237676",0.0
"0.01881464,-0.1624506,0.20243914,-0.06708232,0.0018294083,0.9467399,-0.053508773,-0.049532164,0.2237676","-0.07555181,-0.4751929,0.94049215","0.011599979,-0.22778721,0.30347687,-0.064118765,0.003455321,0.89264756,-0.053508773,-0.049532164,0.2237676",0.0
"0.011599979,-0.22778721,0.30347687,-0.064118765,0.003455321,0.89264756,-0.053508773,-0.049532164,0.2237676","0.1540407,-0.40442765,0.9488226","0.02630974,-0.28339398,0.40540954,-0.04105772,0.0024076365,0.8190084,-0.053508773,-0.049532164,0.2237676",0.0
"0.02630974,-0.28339398,0.40540954,-0.04105772,0.0024076365,0.8190084,-0.053508773,-0.049532164,0.2237676","0.4279214,-0.6716502,0.94748676","0.06717312,-0.37574247,0.50719875,-0.07978687,-0.011171578,0.72143656,-0.053508773,-0.049532164,0.2237676",0.0
"0.06717312,-0.37574247,0.50719875,-0.07978687,-0.011171578,0.72143656,-0.053508773,-0.049532164,0.2237676","0.5084212,-0.66235965,0.9482255","0.11572366,-0.46681356,0.60906726,-0.10057972,-0.032073393,0.60570055,-0.053508773,-0.049532164,0.2237676",0.0
"0.11572366,-0.46681356,0.60906726,-0.10057972,-0.032073393,0.60570055,-0.053508773,-0.049532164,0.2237676","0.56169105,-0.6316644,0.9460839","0.16936108,-0.5536642,0.7107057,-0.099077195,-0.05160825,0.476793,-0.053508773,-0.049532164,0.2237676",0.0
"0.16936108,-0.5536642,0.7107057,-0.099077195,-0.05160825,0.476793,-0.053508773,-0.049532164,0.2237676","0.63637316,-0.5987093,0.93821406","0.2301301,-0.63598365,0.8114987,-0.079571806,-0.06248928,0.3394689,-0.053508773,-0.049532164,0.2237676",0.0
"0.2301301,-0.63598365,0.8114987,-0.079571806,-0.06248928,0.3394689,-0.053508773,-0.049532164,0.2237676","0.34532952,-0.3649996,0.7584319","0.26310655,-0.6861693,0.8929776,-0.05372838,-0.049799398,0.22635387,-0.053508773,-0.049532164,0.2237676",0.0
"0.0,0.0,0.0,2.8652207e-07,0.005789075,0.993462,-0.6004094,-0.09432748,0.6657879","0.057917953,-0.95963854,-0.65616137","0.0055307383,-0.13194537,-0.07049182,-0.37333795,-0.0006975181,0.9063294,-0.6004094,-0.09432748,0.6657879",0.0
"0.0055307383,-0.13194537,-0.07049182,-0.37333795,-0.0006975181,0.9063294,-0.6004094,-0.09432748,0.6657879","0.4471078,-0.8755932,0.62686574","0.048226282,-0.25233492,-0.003147215,-0.5187211,-0.073340826,0.8266345,-0.6004094,-0.09432748,0.6657879",0.0
"0.048226282,-0.25233492,-0.003147215,-0.5187211,-0.073340826,0.8266345,-0.6004094,-0.09432748,0.6657879","0.1191597,-0.6815473,0.79440284","0.059605166,-0.34604424,0.082196034,-0.5802454,-0.10404998,0.76791275,-0.6004094,-0.09432748,0.6657879",0.0
"0.059605166,-0.34604424,0.082196034,-0.5802454,-0.10404998,0.76791275,-0.6004094,-0.09432748,0.6657879","-0.012068689,-0.5105293,0.78676","0.05845269,-0.41623944,0.1667182,-0.5946518,-0.10455462,0.7269958,-0.6004094,-0.09432748,0.6657879",0.0
"0.05845269,-0.41623944,0.1667182,-0.5946518,-0.10455462,0.7269958,-0.6004094,-0.09432748,0.6657879","-0.010563016,-0.31909627,0.56089723","0.05744399,-0.4601136,0.22697581,-0.5890413,-0.101586364,0.69983345,-0.6004094,-0.09432748,0.6657879",0.0
"0.05744399,-0.4601136,0.22697581,-0.5890413,-0.101586364,0.69983345,-0.6004094,-0.09432748,0.6657879","0.0013602972,-0.20183253,0.30049753","0.05757388,-0.48786458,0.2592585,-0.5903957,-0.10208185,0.6768443,-0.6004094,-0.09432748,0.6657879",0.0
"0.0,0.0,0.0,2.8652207e-07,0.005789075,0.993462,-0.16216375,-0.02116959,0.62760717","0.46222627,-0.79279536,0.954021","0.04413924,-0.1090053,0.10249111,-0.092163675,-0.0070173987,0.97725683,-0.16216375,-0.02116959,0.62760717",0.0
"0.04413924,-0.1090053,0.10249111,-0.092163675,-0.0070173987,0.97725683,-0.16216375,-0.02116959,0.62760717","0.09204912,-0.6299227,0.95046437","0.052929252,-0.19561647,0.20460016,-0.13168219,-0.016230445,0.93807364,-0.16216375,-0.02116959,0.62760717",0.0
"0.052929252,-0.19561647,0.20460016,-0.13168219,-0.016230445,0.93807364,-0.16216375,-0.02116959,0.62760717","-0.054749846,-0.62512326,0.94525695","0.047701027,-0.28156772,0.30614978,-0.16472223,-0.019016443,0.8763487,-0.16216375,-0.02116959,0.62760717",0.0
"0.047701027,-0.28156772,0.30614978,-0.16472223,-0.019016443,0.8763487,-0.16216375,-0.02116959,0.62760717","0.050163984,-0.6240423,0.93305373","0.05249132,-0.3673704,0.4063884,-0.18980497,-0.02571828,0.79453164,-0.16216375,-0.02116959,0.62760717",0.0
"0.05249132,-0.3673704,0.4063884,-0.18980497,-0.02571828,0.79453164,-0.16216375,-0.02116959,0.62760717","0.13713527,-0.5093333,0.8921163","0.06558674,-0.43740118,0.5022291,-0.18380864,-0.03250416,0.7052117,-0.16216375,-0.02116959,0.62760717",0.0
"0.06558674,-0.43740118,0.5022291,-0.18380864,-0.03250416,0.7052117,-0.16216375,-0.02116959,0.62760717","-0.057218015,-0.2507692,0.6051698","0.06012283,-0.47188067,0.567243,-0.1585398,-0.024412367,0.6418831,-0.16216375,-0.02116959,0.62760717",0.0
"0.0,0.0,0.0,2.8652207e-07,0.005789075,0.993462,0.16935673,-0.0057894737,0.49515146","0.21913195,-0.313554,0.9706241","0.020925501,-0.043112073,0.10427479,0.05101766,0.00916027,0.98019475,0.16935673,-0.0057894737,0.49515146",0.0
"0.020925501,-0.043112073,0.10427479,0.05101766,0.00916027,0.98019475,0.16935673,-0.0057894737,0.49515146","0.17683673,-0.3053069,0.9676188","0.03781211,-0.08509023,0.20822674,0.10016134,0.017784705,0.9407494,0.16935673,-0.0057894737,0.49515146",0.0
"0.03781211,-0.08509023,0.20822674,0.10016134,0.017784705,0.9407494,0.16935673,-0.0057894737,0.49515146","0.123164296,-0.25841725,0.9611794","0.04957339,-0.120621294,0.3114869,0.15370813,0.029993962,0.87469864,0.16935673,-0.0057894737,0.49515146",0.0
"0.04957339,-0.120621294,0.3114869,0.15370813,0.029993962,0.87469864,0.16935673,-0.0057894737,0.49515146","0.019500732,-0.23292935,0.95006144","0.051435564,-0.15264791,0.41355267,0.20102644,0.038635127,0.7847411,0.16935673,-0.0057894737,0.49515146",0.0
"0.051435564,-0.15264791,0.41355267,0.20102644,0.038635127,0.7847411,0.16935673,-0.0057894737,0.49515146","-0.20300746,-0.27917826,0.9310744","0.032049816,-0.1910335,0.51357865,0.22357893,0.028406657,0.6809939,0.16935673,-0.0057894737,0.49515146",0.0
"0.032049816,-0.1910335,0.51357865,0.22357893,0.028406657,0.6809939,0.16935673,-0.0057894737,0.49515146","-0.2614448,-0.37871468,0.8919301","0.0070837243,-0.24310483,0.6093993,0.2104573,0.01047492,0.5759786,0.16935673,-0.0057894737,0.49515146",0.0
"0.0070837243,-0.24310483,0.6093993,0.2104573,0.01047492,0.5759786,0.16935673,-0.0057894737,0.49515146","-0.21609622,-0.37121797,0.6021111","-0.013551904,-0.2941454,0.67408454,0.17725636,-0.001756703,0.5058021,0.16935673,-0.0057894737,0.49515146",0.0
"0.0,0.0,0.0,2.8652207e-07,0.005789075,0.993462,-0.00023391814,0.06701754,0.37832105","0.82474005,-0.37889302,0.9532323","0.078756675,-0.052095853,0.102406375,0.027355522,0.012880782,0.9816201,-0.00023391814,0.06701754,0.37832105",0.0
"0.078756675,-0.052095853,0.102406375,0.027355522,0.012880782,0.9816201,-0.00023391814,0.06701754,0.37832105","0.7599597,-0.2716961,0.95172954","0.1513273,-0.08945269,0.20465134,0.07551244,0.045384288,0.94385916,-0.00023391814,0.06701754,0.37832105",0.0
"0.1513273,-0.08945269,0.20465134,0.07551244,0.045384288,0.94385916,-0.00023391814,0.06701754,0.37832105","0.7152052,-0.41502368,0.95534396","0.21962418,-0.14651634,0.3072846,0.07428207,0.06881001,0.8863912,-0.00023391814,0.06701754,0.37832105",0.0
"0.21962418,-0.14651634,0.3072846,0.07428207,0.06881001,0.8863912,-0.00023391814,0.06701754,0.37832105","0.74293923,-0.3301909,0.96035504","0.29056948,-0.1919159,0.4104562,0.07586658,0.107636176,0.80423546,-0.00023391814,0.06701754,0.37832105",0.0
"0.29056948,-0.1919159,0.4104562,0.07586658,0.107636176,0.80423546,-0.00023391814,0.06701754,0.37832105","0.72979474,-0.3912182,0.95836496","0.36025956,-0.24570641,0.513414,0.05363106,0.1278347,0.70549244,-0.00023391814,0.06701754,0.37832105",0.0
"0.36025956,-0.24570641,0.513414,0.05363106,0.1278347,0.70549244,-0.00023391814,0.06701754,0.37832105","0.53239715,-0.53942734,0.95357776","0.4110996,-0.31987494,0.61585754,0.024476595,0.10634955,0.59697497,-0.00023391814,0.06701754,0.37832105",0.0
"0.4110996,-0.31987494,0.61585754,0.024476595,0.10634955,0.59697497,-0.00023391814,0.06701754,0.37832105","0.4541787,-0.5445938,0.93562746","0.4544704,-0.39475378,0.71637267,0.005563451,0.079244286,0.47577757,-0.00023391814,0.06701754,0.37832105",0.0
"0.4544704,-0.39475378,0.71637267,0.005563451,0.079244286,0.47577757,-0.00023391814,0.06701754,0.37832105","0.28966868,-0.36853993,0.71944845","0.48213163,-0.44542617,0.79366356,-0.0021074426,0.06568646,0.37268937,-0.00023391814,0.06701754,0.37832105",0.0
"0.0,0.0,0.0,2.8652207e-07,0.005789075,0.993462,-0.13853802,-0.5705263,0.5930222","-0.9644512,0.5404403,0.77397966","-0.09209809,0.07430776,0.08314913,0.262212,-0.07201728,0.9433185,-0.13853802,-0.5705263,0.5930222",0.0
"-0.09209809,0.07430776,0.08314913,0.262212,-0.07201728,0.9433185,-0.13853802,-0.5705263,0.5930222","-0.9665012,0.083366156,0.66338825","-0.18439193,0.08577018,0.15441737,0.32266706,-0.20415406,0.88031244,-0.13853802,-0.5705263,0.5930222",0.0
"-0.18439193,0.08577018,0.15441737,0.32266706,-0.20415406,0.88031244,-0.13853802,-0.5705263,0.5930222","-0.97313637,0.002990365,0.47192454","-0.2773194,0.08618134,0.20511656,0.2858947,-0.3307315,0.829594,-0.13853802,-0.5705263,0.5930222",0.0
"-0.2773194,0.08618134,0.20511656,0.2858947,-0.3307315,0.829594,-0.13853802,-0.5705263,0.5930222","-0.95980114,0.025436401,0.4191227","-0.36897343,0.08967871,0.25014323,0.19972697,-0.44302174,0.7739431,-0.13853802,-0.5705263,0.5930222",0.0
"-0.36897343,0.08967871,0.25014323,0.19972697,-0.44302174,0.7739431,-0.13853802,-0.5705263,0.5930222","-0.9248115,0.039978385,0.47039962","-0.4572862,0.095175534,0.30067858,0.07730103,-0.52933866,0.7020487,-0.13853802,-0.5705263,0.5930222",0.0
"-0.4572862,0.095175534,0.30067858,0.07730103,-0.52933866,0.7020487,-0.13853802,-0.5705263,0.5930222","-0.8118986,-0.004468024,0.34321356","-0.5348166,0.094561204,0.33755028,-0.055093996,-0.5546975,0.65164554,-0.13853802,-0.5705263,0.5930222",0.0
"-0.5348166,0.094561204,0.33755028,-0.055093996,-0.5546975,0.65164554,-0.13853802,-0.5705263,0.5930222","-0.43553853,0.010050774,0.3469789","-0.57640743,0.09594313,0.3748265,-0.13182446,-0.5629272,0.5954718,-0.13853802,-0.5705263,0.5930222",0.0
"0.0,0.0,0.0,2.8652207e-07,0.005789075,0.993462,0.123216376,-0.060116958,0.36001524","-0.61409223,-0.036669254,0.96396196","-0.05864136,-0.0050418437,0.10355906,0.13069974,-0.018465819,0.97193843,0.123216376,-0.060116958,0.36001524",0.0
"-0.05864136,-0.0050418437,0.10355906,0.13069974,-0.018465819,0.97193843,0.123216376,-0.060116958,0.36001524","-0.17094147,-0.18878669,0.9632659","-0.07496503,-0.030999055,0.20704338,0.2064517,-0.04358711,0.9209203,0.123216376,-0.060116958,0.36001524",0.0
"-0.07496503,-0.030999055,0.20704338,0.2064517,-0.04358711,0.9209203,0.123216376,-0.060116958,0.36001524","-0.07937467,-0.37040997,0.95971155","-0.08254475,-0.081928544,0.31014583,0.22318555,-0.053220946,0.85774094,0.123216376,-0.060116958,0.36001524",0.0
"-0.08254475,-0.081928544,0.31014583,0.22318555,-0.053220946,0.85774094,0.123216376,-0.060116958,0.36001524","-0.024207473,-0.4173982,0.95099163","-0.08485639,-0.13931866,0.41231152,0.22038308,-0.054182045,0.7791617,0.123216376,-0.060116958,0.36001524",0.0
"-0.08485639,-0.13931866,0.41231152,0.22038308,-0.054182045,0.7791617,0.123216376,-0.060116958,0.36001524","-0.09670025,-0.40731084,0.93768716","-0.09409058,-0.19532183,0.51304793,0.21043201,-0.058028206,0.6840161,0.123216376,-0.060116958,0.36001524",0.0
"-0.09409058,-0.19532183,0.51304793,0.21043201,-0.058028206,0.6840161,0.123216376,-0.060116958,0.36001524","-0.19845629,-0.41297668,0.91904116","-0.11304172,-0.252104,0.6117812,0.18930213,-0.06402902,0.5770672,0.123216376,-0.060116958,0.36001524",0.0
"-0.11304172,-0.252104,0.6117812,0.18930213,-0.06402902,0.5770672,0.123216376,-0.060116958,0.36001524","-0.21558946,-0.45273018,0.88905597","-0.13362896,-0.31435212,0.7072931,0.15516536,-0.06291717,0.46486884,0.123216376,-0.060116958,0.36001524",0.0
"-0.13362896,-0.31435212,0.7072931,0.15516536,-0.06291717,0.46486884,0.123216376,-0.060116958,0.36001524","-0.17965949,-0.35445267,0.63691914","-0.15078515,-0.36308756,0.77571774,0.1259364,-0.05805408,0.3793122,0.123216376,-0.060116958,0.36001524",0.0
"-0.15078515,-0.36308756,0.77571774,0.1259364,-0.05805408,0.3793122,0.123216376,-0.060116958,0.36001524","-0.047813714,-0.065090775,0.14084625","-0.15535103,-0.37203726,0.7908491,0.121015996,-0.057691213,0.3590729,0.123216376,-0.060116958,0.36001524",0.0
"0.0,0.0,0.0,2.8652207e-07,0.005789075,0.993462,0.023450293,0.06900585,0.2237676","0.9347234,-0.2867061,0.9623294","0.0892593,-0.039420627,0.10338368,0.05432562,0.021670401,0.97997713,0.023450293,0.06900585,0.2237676",0.0
"0.0892593,-0.039420627,0.10338368,0.05432562,0.021670401,0.97997713,0.023450293,0.06900585,0.2237676","0.8649732,-0.17371845,0.9567578","0.17185794,-0.06330605,0.20616883,0.12040721,0.078909904,0.9355286,0.023450293,0.06900585,0.2237676",0.0
"0.17185794,-0.06330605,0.20616883,0.12040721,0.078909904,0.9355286,0.023450293,0.06900585,0.2237676","0.8077861,-0.39557344,0.96233165","0.24899563,-0.11769538,0.3095528,0.109378956,0.116852514,0.87529176,0.023450293,0.06900585,0.2237676",0.0
"0.24899563,-0.11769538,0.3095528,0.109378956,0.116852514,0.87529176,0.023450293,0.06900585,0.2237676","0.7154236,-0.40623182,0.96550703","0.31731337,-0.17355019,0.4132779,0.085984185,0.14365831,0.7945322,0.023450293,0.06900585,0.2237676",0.0
"0.31731337,-0.17355019,0.4132779,0.085984185,0.14365831,0.7945322,0.023450293,0.06900585,0.2237676","0.48440528,-0.2865981,0.9707639","0.36357057,-0.21295597,0.5175677,0.07536044,0.17885694,0.6869693,0.023450293,0.06900585,0.2237676",0.0
"0.36357057,-0.21295597,0.5175677,0.07536044,0.17885694,0.6869693,0.023450293,0.06900585,0.2237676","0.17871106,-0.48192805,0.9699334","0.3806362,-0.2792186,0.62176836,0.056440745,0.15919694,0.5750705,0.023450293,0.06900585,0.2237676",0.0
"0.3806362,-0.2792186,0.62176836,0.056440745,0.15919694,0.5750705,0.023450293,0.06900585,0.2237676","0.12572467,-0.50645816,0.96505904","0.392642,-0.34885404,0.7254453,0.039508443,0.1301601,0.45049882,0.023450293,0.06900585,0.2237676",0.0
"0.392642,-0.34885404,0.7254453,0.039508443,0.1301601,0.45049882,0.023450293,0.06900585,0.2237676","0.16530728,-0.5055873,0.9474523","0.40842763,-0.4183697,0.82723075,0.023244295,0.09896213,0.3164066,0.023450293,0.06900585,0.2237676",0.0
"0.40842763,-0.4183697,0.82723075,0.023244295,0.09896213,0.3164066,0.023450293,0.06900585,0.2237676","0.061917543,-0.43339276,0.71034443","0.41434032,-0.47795904,0.9035436,0.013317284,0.07006222,0.21085633,0.023450293,0.06900585,0.2237676",0.0
"0.0,0.0,0.0,2.8652207e-07,0.005789075,0.993462,-0.28678364,-0.041988302,0.43591902","-0.18039346,-0.9460029,0.8755071","-0.017226279,-0.13007055,0.09405631,-0.14840764,0.013836928,0.97123843,-0.28678364,-0.041988302,0.43591902",0.0
"-0.017226279,-0.13007055,0.09405631,-0.14840764,0.013836928,0.97123843,-0.28678364,-0.041988302,0.43591902","-0.07632077,-0.9397519,0.90008867","-0.02451437,-0.25928167,0.19075346,-0.28012112,0.027422318,0.9070858,-0.28678364,-0.041988302,0.43591902",0.0
"-0.02451437,-0.25928167,0.19075346,-0.28012112,0.027422318,0.9070858,-0.28678364,-0.041988302,0.43591902","0.07046437,-0.88305616,0.91356754","-0.017785538,-0.38069737,0.28889868,-0.37589914,0.026823362,0.81342727,-0.28678364,-0.041988302,0.43591902",0.0
"-0.017785538,-0.38069737,0.28889868,-0.37589914,0.026823362,0.81342727,-0.28678364,-0.041988302,0.43591902","0.21390212,-0.7714652,0.9138646","0.002640559,-0.4867699,0.38707578,-0.4221994,0.0022868763,0.70998937,-0.28678364,-0.041988302,0.43591902",0.0
"0.002640559,-0.4867699,0.38707578,-0.4221994,0.0022868763,0.70998937,-0.28678364,-0.041988302,0.43591902","0.22984278,-0.6458913,0.9220288","0.024588875,-0.5755767,0.48612994,-0.41829705,-0.026570601,0.60925996,-0.28678364,-0.041988302,0.43591902",0.0
"0.024588875,-0.5755767,0.48612994,-0.41829705,-0.026570601,0.60925996,-0.28678364,-0.041988302,0.43591902","0.19947982,-0.40646225,0.9103792","0.04363775,-0.6314632,0.5839326,-0.35731253,-0.04344976,0.52921075,-0.28678364,-0.041988302,0.43591902",0.0
"0.04363775,-0.6314632,0.5839326,-0.35731253,-0.04344976,0.52921075,-0.28678364,-0.041988302,0.43591902","0.13458443,-0.289941,0.7604065","0.056489583,-0.67132866,0.66562355,-0.29576185,-0.047164608,0.45665666,-0.28678364,-0.041988302,0.43591902",0.0
"0.056489583,-0.67132866,0.66562355,-0.29576185,-0.047164608,0.45665666,-0.28678364,-0.041988302,0.43591902","-0.01215595,-0.08349067,0.19185257","0.055328775,-0.6828082,0.6862345,-0.28238982,-0.04370776,0.43563336,-0.28678364,-0.041988302,0.43591902",0.0
"0.0,0.0,0.0,2.8652207e-07,0.005789075,0.993462,0.2851462,0.66444445,0.53209","0.93025994,0.9317926,0.96705604","0.08883308,0.1281167,0.10389144,0.38870925,0.11740918,0.8837478,0.2851462,0.66444445,0.53209",0.0
"0.08883308,0.1281167,0.10389144,0.38870925,0.11740918,0.8837478,0.2851462,0.66444445,0.53209","0.93841386,0.77471733,0.84661674","0.1784448,0.23463635,0.19484404,0.5705391,0.3650134,0.6388435,0.2851462,0.66444445,0.53209",0.0
"0.1784448,0.23463635,0.19484404,0.5705391,0.3650134,0.6388435,0.2851462,0.66444445,0.53209","0.955919,-0.00080794096,0.513605","0.26972812,0.23452528,0.25002095,0.46548742,0.5358314,0.5611035,0.2851462,0.66444445,0.53209",0.0
"0.26972812,0.23452528,0.25002095,0.46548742,0.5358314,0.5611035,0.2851462,0.66444445,0.53209","0.8135034,-0.19111878,0.22796726","0.34741178,0.20824744,0.27451167,0.31153375,0.61187786,0.5700209,0.2851462,0.66444445,0.53209",0.0
"0.34741178,0.20824744,0.27451167,0.31153375,0.61187786,0.5700209,0.2851462,0.66444445,0.53209","0.26624727,0.055685043,0.1343739","0.37283647,0.21590386,0.28894755,0.26809427,0.6498832,0.5356648,0.2851462,0.66444445,0.53209",0.0
"0.37283647,0.21590386,0.28894755,0.26809427,0.6498832,0.5356648,0.2851462,0.66444445,0.53209","-0.087221205,0.105442524,-0.08722204","0.3645075,0.2304017,0.27957726,0.29103258,0.6559403,0.52456087,0.2851462,0.66444445,0.53209",0.0
"0.0,0.0,0.0,2.8652207e-07,0.005789075,0.993462,-0.29783627,-0.0057894737,0.5737357","-0.05632305,-0.9589158,0.83511543","-0.005378455,-0.13184601,0.08971701,-0.1586472,0.008470708,0.9703746,-0.29783627,-0.0057894737,0.5737357",0.0
"-0.005378455,-0.13184601,0.08971701,-0.1586472,0.008470708,0.9703746,-0.29783627,-0.0057894737,0.5737357","-0.19304955,-0.86304975,0.9315531","-0.023813294,-0.25051096,0.1897944,-0.26396868,0.025590187,0.91289526,-0.29783627,-0.0057894737,0.5737357",0.0
"-0.023813294,-0.25051096,0.1897944,-0.26396868,0.025590187,0.91289526,-0.29783627,-0.0057894737,0.5737357","-0.04533571,-0.75061643,0.92030513","-0.02814253,-0.35371688,0.28866342,-0.32567963,0.034681268,0.83661157,-0.29783627,-0.0057894737,0.5737357",0.0
"-0.02814253,-0.35371688,0.28866342,-0.32567963,0.034681268,0.83661157,-0.29783627,-0.0057894737,0.5737357","0.10501194,-0.64271456,0.9204054","-0.018114656,-0.44208688,0.38754323,-0.34653273,0.025540756,0.7519134,-0.29783627,-0.0057894737,0.5737357",0.0
"-0.018114656,-0.44208688,0.38754323,-0.34653273,0.025540756,0.7519134,-0.29783627,-0.0057894737,0.5737357","0.23189223,-0.58020365,0.8904449","0.0040293653,-0.5218619,0.48320436,-0.3441987,0.0014323452,0.6600315,-0.29783627,-0.0057894737,0.5737357",0.0
"0.0040293653,-0.5218619,0.48320436,-0.3441987,0.0014323452,0.6600315,-0.29783627,-0.0057894737,0.5737357","0.10625112,-0.30627358,0.69933677","0.014175574,-0.563973,0.5583346,-0.30440935,-0.007770461,0.5954776,-0.29783627,-0.0057894737,0.5737357",0.0
"0.014175574,-0.563973,0.5583346,-0.30440935,-0.007770461,0.5954776,-0.29783627,-0.0057894737,0.5737357","0.007980108,-0.110907555,0.19667387","0.014937614,-0.5792223,0.5794634,-0.2975042,-0.008176027,0.57323515,-0.29783627,-0.0057894737,0.5737357",0.0
"0.0,0.0,0.0,2.8652207e-07,0.005789075,0.993462,-0.24426901,-0.0057894737,0.8102732","0.32668197,-0.8621846,0.772527","0.031195747,-0.11854596,0.08299309,-0.13973695,-0.007921737,0.9748829,-0.24426901,-0.0057894737,0.8102732",0.0
"0.031195747,-0.11854596,0.08299309,-0.13973695,-0.007921737,0.9748829,-0.24426901,-0.0057894737,0.8102732","0.032606363,-0.56074965,0.860935","0.034309406,-0.19564618,0.17548393,-0.17265537,-0.012859419,0.9427724,-0.24426901,-0.0057894737,0.8102732",0.0
"0.034309406,-0.19564618,0.17548393,-0.17265537,-0.012859419,0.9427724,-0.24426901,-0.0057894737,0.8102732","0.01428926,-0.5066112,0.82313025","0.03567392,-0.2653027,0.2639134,-0.19105415,-0.015676392,0.89648813,-0.24426901,-0.0057894737,0.8102732",0.0
"0.03567392,-0.2653027,0.2639134,-0.19105415,-0.015676392,0.89648813,-0.24426901,-0.0057894737,0.8102732","0.005580306,-0.5170227,0.61560714","0.03620679,-0.3363907,0.33004853,-0.23682041,-0.021227723,0.84140265,-0.24426901,-0.0057894737,0.8102732",0.0
"0.03620679,-0.3363907,0.33004853,-0.23682041,-0.021227723,0.84140265,-0.24426901,-0.0057894737,0.8102732","-0.07739967,-0.24488086,0.36802816","0.02881568,-0.37006062,0.3695861,-0.24517535,-0.016442938,0.8089086,-0.24426901,-0.0057894737,0.8102732",0.0
"0.0,0.0,0.0,2.8652207e-07,0.005789075,0.993462,0.06491228,0.016725145,0.37832105","0.35527635,-0.7157913,0.9762465","0.033926297,-0.09841764,0.104878806,-0.06650998,-0.0012936108,0.9790683,0.06491228,0.016725145,0.37832105",0.0
"0.033926297,-0.09841764,0.104878806,-0.06650998,-0.0012936108,0.9790683,0.06491228,0.016725145,0.37832105","0.3419521,-0.5600081,0.9747541","0.06658022,-0.1754159,0.20959732,-0.08333066,-0.011770701,0.94206154,0.06491228,0.016725145,0.37832105",0.0
"0.06658022,-0.1754159,0.20959732,-0.08333066,-0.011770701,0.94206154,0.06491228,0.016725145,0.37832105","0.23234844,-0.43644166,0.97151685","0.088767804,-0.23542444,0.31396806,-0.064310074,-0.012392437,0.885725,0.06491228,0.016725145,0.37832105",0.0
"0.088767804,-0.23542444,0.31396806,-0.064310074,-0.012392437,0.885725,0.06491228,0.016725145,0.37832105","0.03624785,-0.33785868,0.96691775","0.0922292,-0.28187832,0.4178447,-0.023701323,-0.0010252042,0.80926716,0.06491228,0.016725145,0.37832105",0.0
"0.0922292,-0.28187832,0.4178447,-0.023701323,-0.0010252042,0.80926716,0.06491228,0.016725145,0.37832105","-0.061116874,-0.29382187,0.9591899","0.08639298,-0.32227737,0.52089113,0.019445324,0.01142028,0.71189874,0.06491228,0.016725145,0.37832105",0.0
"0.08639298,-0.32227737,0.52089113,0.019445324,0.01142028,0.71189874,0.06491228,0.016725145,0.37832105","0.035079837,-0.30053127,0.94398046","0.08974283,-0.36359888,0.62230366,0.049206022,0.020279735,0.5972307,0.06491228,0.016725145,0.37832105",0.0
"0.08974283,-0.36359888,0.62230366,0.049206022,0.020279735,0.5972307,0.06491228,0.016725145,0.37832105","-0.09977335,-0.378363,0.92506146","0.08021519,-0.41562188,0.7216837,0.055043668,0.020150617,0.4718014,0.06491228,0.016725145,0.37832105",0.0
"0.08021519,-0.41562188,0.7216837,0.055043668,0.020150617,0.4718014,0.06491228,0.016725145,0.37832105","-0.23914707,-0.24901748,0.66853285","0.05737838,-0.44986057,0.79350466,0.059113763,0.01665735,0.37360862,0.06491228,0.016725145,0.37832105",0.0
"0.0,0.0,0.0,2.8652207e-07,0.005789075,0.993462,-0.4220468,-0.064561404,0.7237781","0.044330597,-0.938904,0.29068327","0.00423324,-0.12909448,0.031228311,-0.23403263,0.0026770066,0.96115524,-0.4220468,-0.064561404,0.7237781",0.0
"0.00423324,-0.12909448,0.031228311,-0.23403263,0.0026770066,0.96115524,-0.4220468,-0.064561404,0.7237781","0.3420955,-0.84576994,0.80225515","0.03690087,-0.24538355,0.11741513,-0.35341272,-0.035326503,0.90416217,-0.4220468,-0.064561404,0.7237781",0.0
"0.03690087,-0.24538355,0.11741513,-0.35341272,-0.035326503,0.90416217,-0.4220468,-0.064561404,0.7237781","0.16585815,-0.6487278,0.8566055","0.052739117,-0.33458033,0.20944086,-0.39731783,-0.06056929,0.8467994,-0.4220468,-0.064561404,0.7237781",0.0
"0.052739117,-0.33458033,0.20944086,-0.39731783,-0.06056929,0.8467994,-0.4220468,-0.064561404,0.7237781","0.10429227,-0.5869526,0.78625834","0.06269827,-0.41528332,0.29390916,-0.42436957,-0.07878398,0.7797385,-0.4220468,-0.064561404,0.7237781",0.0
"0.06269827,-0.41528332,0.29390916,-0.42436957,-0.07878398,0.7797385,-0.4220468,-0.064561404,0.7237781","-0.041880965,-0.30001092,0.50652206","0.058698934,-0.45653334,0.3483252,-0.4203082,-0.07251005,0.741158,-0.4220468,-0.064561404,0.7237781",0.0
"0.058698934,-0.45653334,0.3483252,-0.4203082,-0.07251005,0.741158,-0.4220468,-0.064561404,0.7237781","0.004075885,-0.119211674,0.17503786","0.059088144,-0.47292438,0.36712968,-0.42116883,-0.073202215,0.72452664,-0.4220468,-0.064561404,0.7237781",0.0
"0.0,0.0,0.0,2.8652207e-07,0.005789075,0.993462,0.15362574,-0.24578947,0.43591902","-0.8879548,0.45535576,0.95999765","-0.08479323,0.06260907,0.103133164,0.26516068,-0.06635398,0.9386786,0.15362574,-0.24578947,0.43591902",0.0
"-0.08479323,0.06260907,0.103133164,0.26516068,-0.06635398,0.9386786,0.15362574,-0.24578947,0.43591902","-0.73134446,-0.25085425,0.95215046","-0.15463132,0.028117891,0.20542333,0.29176903,-0.14750504,0.88346314,0.15362574,-0.24578947,0.43591902",0.0
"-0.15463132,0.028117891,0.20542333,0.29176903,-0.14750504,0.88346314,0.15362574,-0.24578947,0.43591902","-0.5942087,-0.18666726,0.9375787","-0.21137394,0.0024520932,0.30614805,0.3041202,-0.23065871,0.7990593,0.15362574,-0.24578947,0.43591902",0.0
"-0.21137394,0.0024520932,0.30614805,0.3041202,-0.23065871,0.7990593,0.15362574,-0.24578947,0.43591902","-0.42452848,-0.22408158,0.9168787","-0.25191334,-0.02835798,0.40464893,0.29058915,-0.2858682,0.7027316,0.15362574,-0.24578947,0.43591902",0.0
"-0.25191334,-0.02835798,0.40464893,0.29058915,-0.2858682,0.7027316,0.15362574,-0.24578947,0.43591902","-0.37253833,-0.36083114,0.89113283","-0.28748804,-0.077970415,0.5003839,0.244216,-0.30041325,0.6148137,0.15362574,-0.24578947,0.43591902",0.0
"-0.28748804,-0.077970415,0.5003839,0.244216,-0.30041325,0.6148137,0.15362574,-0.24578947,0.43591902","-0.2672614,-0.42998517,0.86746216","-0.31300956,-0.13709117,0.59357595,0.19500664,-0.28241777,0.5277626,0.15362574,-0.24578947,0.43591902",0.0
"-0.31300956,-0.13709117,0.59357595,0.19500664,-0.28241777,0.5277626,0.15362574,-0.24578947,0.43591902","-0.1683513,-0.3877743,0.6708611","-0.32908592,-0.19040816,0.665647,0.15663953,-0.2518187,0.4585245,0.15362574,-0.24578947,0.43591902",0.0
"-0.32908592,-0.19040816,0.665647,0.15663953,-0.2518187,0.4585245,0.15362574,-0.24578947,0.43591902","-0.019174814,-0.064138174,0.16580117","-0.33091697,-0.19922686,0.68345916,0.15166534,-0.24671917,0.4372002,0.15362574,-0.24578947,0.43591902",0.0
"0.0,0.0,0.0,2.8652207e-07,0.005789075,0.993462,0.0016959065,0.0056725144,0.23331277","0.13807595,-0.9347366,0.9517571","0.013185238,-0.12852149,0.1022479,-0.13433273,0.00022637619,0.9718758,0.0016959065,0.0056725144,0.23331277",0.0
"0.013185238,-0.12852149,0.1022479,-0.13433273,0.00022637619,0.9718758,0.0016959065,0.0056725144,0.23331277","0.123977184,-0.7904427,0.9487809","0.02502415,-0.23720334,0.20417608,-0.2179734,-0.011364449,0.9203364,0.0016959065,0.0056725144,0.23331277",0.0
"0.02502415,-0.23720334,0.20417608,-0.2179734,-0.011364449,0.9203364,0.0016959065,0.0056725144,0.23331277","-0.0012908578,-0.41309702,0.94618666","0.024900874,-0.29400212,0.30582556,-0.19009414,-0.009094323,0.8710641,0.0016959065,0.0056725144,0.23331277",0.0
"0.024900874,-0.29400212,0.30582556,-0.19009414,-0.009094323,0.8710641,0.0016959065,0.0056725144,0.23331277","0.31378603,-0.2750746,0.9423158","0.054865155,-0.3318235,0.40705922,-0.12589034,-0.016040372,0.80795336,0.0016959065,0.0056725144,0.23331277",0.0
"0.054865155,-0.3318235,0.40705922,-0.12589034,-0.016040372,0.80795336,0.0016959065,0.0056725144,0.23331277","0.32694793,-0.23480988,0.9445423","0.086086296,-0.3641087,0.5085321,-0.059137728,-0.010387891,0.7222307,0.0016959065,0.0056725144,0.23331277",0.0
"0.086086296,-0.3641087,0.5085321,-0.059137728,-0.010387891,0.7222307,0.0016959065,0.0056725144,0.23331277","0.14354646,-0.26644498,0.9462565","0.09979393,-0.40074357,0.6101891,-0.011551337,0.002340811,0.6138338,0.0016959065,0.0056725144,0.23331277",0.0
"0.09979393,-0.40074357,0.6101891,-0.011551337,0.002340811,0.6138338,0.0016959065,0.0056725144,0.23331277","0.086212516,-0.3406157,0.9466053","0.1080266,-0.44757652,0.7118835,0.0115897665,0.010231141,0.48798656,0.0016959065,0.0056725144,0.23331277",0.0
"0.1080266,-0.44757652,0.7118835,0.0115897665,0.010231141,0.48798656,0.0016959065,0.0056725144,0.23331277","0.17102218,-0.5685759,0.9245074","0.124357976,-0.52575284,0.811204,-0.0029620416,0.005041189,0.35361502,0.0016959065,0.0056725144,0.23331277",0.0
"0.124357976,-0.52575284,0.811204,-0.0029620416,0.005041189,0.35361502,0.0016959065,0.0056725144,0.23331277","-0.25941503,-0.44826424,0.74674153","0.09958573,-0.5873869,0.891427,-0.007714292,0.0035892408,0.23811267,0.0016959065,0.0056725144,0.23331277",0.0
"0.0,0.0,0.0,2.8652207e-07,0.005789075,0.993462,0.07005848,-0.11783625,0.36001524","-0.77856255,0.11382961,0.9588604","-0.07434707,0.015650978,0.103011,0.17159967,-0.034874585,0.964445,0.07005848,-0.11783625,0.36001524",0.0
"-0.07434707,0.015650978,0.103011,0.17159967,-0.034874585,0.964445,0.07005848,-0.11783625,0.36001524","-0.7009392,-0.21563166,0.96445835","-0.14128168,-0.013997279,0.2066234,0.22351357,-0.09986882,0.91180116,0.07005848,-0.11783625,0.36001524",0.0
"-0.14128168,-0.013997279,0.2066234,0.22351357,-0.09986882,0.91180116,0.07005848,-0.11783625,0.36001524","-0.5045944,-0.34422386,0.9546164","-0.18946679,-0.061326306,0.3091785,0.22461879,-0.14511022,0.8462402,0.07005848,-0.11783625,0.36001524",0.0
"-0.18946679,-0.061326306,0.3091785,0.22461879,-0.14511022,0.8462402,0.07005848,-0.11783625,0.36001524","-0.27547586,-0.4067452,0.9393439","-0.21577272,-0.1172517,0.4100929,0.20870757,-0.16060746,0.7686112,0.07005848,-0.11783625,0.36001524",0.0
"-0.21577272,-0.1172517,0.4100929,0.20870757,-0.16060746,0.7686112,0.07005848,-0.11783625,0.36001524","-0.183783,-0.42045367,0.92666876","-0.23332267,-0.17506194,0.5096456,0.18767121,-0.16117883,0.6770481,0.07005848,-0.11783625,0.36001524",0.0
"-0.23332267,-0.17506194,0.5096456,0.18767121,-0.16117883,0.6770481,0.07005848,-0.11783625,0.36001524","-0.26034915,-0.47475755,0.90266275","-0.2581841,-0.24033867,0.60661924,0.15080576,-0.15036136,0.5785462,0.07005848,-0.11783625,0.36001524",0.0
"-0.2581841,-0.24033867,0.60661924,0.15080576,-0.15036136,0.5785462,0.07005848,-0.11783625,0.36001524","-0.34842342,-0.48438555,0.8741634","-0.291456,-0.30693918,0.7005312,0.11010898,-0.13379891,0.47192594,0.07005848,-0.11783625,0.36001524",0.0
"-0.291456,-0.30693918,0.7005312,0.11010898,-0.13379891,0.47192594,0.07005848,-0.11783625,0.36001524","-0.4516282,-0.37119448,0.6469884","-0.33458325,-0.35797656,0.77003765,0.0755304,-0.120359674,0.38625476,0.07005848,-0.11783625,0.36001524",0.0
"-0.33458325,-0.35797656,0.77003765,0.0755304,-0.120359674,0.38625476,0.07005848,-0.11783625,0.36001524","-0.18978226,-0.047004342,0.16620123","-0.35270607,-0.36443946,0.7878929,0.067823045,-0.122987196,0.36107978,0.07005848,-0.11783625,0.36001524",0.0
"0.0,0.0,0.0,2.8652207e-07,0.005789075,0.993462,0.16210528,0.049532164,0.49515146","0.7534044,-0.5436034,0.9769056","0.07194464,-0.07474268,0.104949616,-0.016322916,0.0021866353,0.981416,0.16210528,0.049532164,0.49515146",0.0
"0.07194464,-0.07474268,0.104949616,-0.016322916,0.0021866353,0.981416,0.16210528,0.049532164,0.49515146","0.6283101,-0.44412076,0.97583723","0.13194367,-0.13580702,0.2097845,-0.0037527008,0.00467337,0.9461238,0.16210528,0.049532164,0.49515146",0.0
"0.13194367,-0.13580702,0.2097845,-0.0037527008,0.00467337,0.9461238,0.16210528,0.049532164,0.49515146","0.43231988,-0.31336206,0.97056746","0.17322706,-0.17889273,0.3140532,0.03620481,0.028676651,0.8870105,0.16210528,0.049532164,0.49515146",0.0
"0.17322706,-0.17889273,0.3140532,0.03620481,0.028676651,0.8870105,0.16210528,0.049532164,0.49515146","0.1342262,-0.22715276,0.96265745","0.18604468,-0.21012512,0.41747218,0.08537506,0.06342445,0.8023155,0.16210528,0.049532164,0.49515146",0.0
"0.18604468,-0.21012512,0.41747218,0.08537506,0.06342445,0.8023155,0.16210528,0.049532164,0.49515146","-0.1456818,-0.19636226,0.9522834","0.17213309,-0.23712394,0.51977664,0.13215004,0.08610617,0.69451565,0.16210528,0.049532164,0.49515146",0.0
"0.17213309,-0.23712394,0.51977664,0.13215004,0.08610617,0.69451565,0.16210528,0.049532164,0.49515146","-0.31896615,-0.20237064,0.9282603","0.14167413,-0.26494887,0.61950034,0.16605799,0.0856247,0.5720984,0.16210528,0.049532164,0.49515146",0.0
"0.14167413,-0.26494887,0.61950034,0.16605799,0.0856247,0.5720984,0.16210528,0.049532164,0.49515146","-0.38036007,-0.28551626,0.5939553","0.1053525,-0.30420592,0.6833094,0.15810528,0.060448777,0.49642134,0.16210528,0.049532164,0.49515146",0.0
"0.0,0.0,0.0,2.8652207e-07,0.005789075,0.993462,-0.029707603,-0.2883041,0.43591902","-0.8981166,0.39044917,0.94071436","-0.08576362,0.05368475,0.101061545,0.24460274,-0.061541222,0.9456928,-0.029707603,-0.2883041,0.43591902",0.0
"-0.08576362,0.05368475,0.101061545,0.24460274,-0.061541222,0.9456928,-0.029707603,-0.2883041,0.43591902","-0.898469,-0.011370838,0.94150054","-0.17156088,0.05212131,0.20220758,0.3203851,-0.18485704,0.86612713,-0.029707603,-0.2883041,0.43591902",0.0
"-0.17156088,0.05212131,0.20220758,0.3203851,-0.18485704,0.86612713,-0.029707603,-0.2883041,0.43591902","-0.9012274,-0.26688087,0.9110744","-0.25762156,0.0154265575,0.30008492,0.27971372,-0.28505042,0.79391,-0.029707603,-0.2883041,0.43591902",0.0
"-0.25762156,0.0154265575,0.30008492,0.27971372,-0.28505042,0.79391,-0.029707603,-0.2883041,0.43591902","-0.90766346,-0.34406304,0.89065385","-0.3442968,-0.031880353,0.39576843,0.19106273,-0.3466161,0.7182196,-0.029707603,-0.2883041,0.43591902",0.0
"-0.3442968,-0.031880353,0.39576843,0.19106273,-0.3466161,0.7182196,-0.029707603,-0.2883041,0.43591902","-0.8543406,-0.33190584,0.8826387","-0.42588016,-0.07751571,0.4905909,0.09400987,-0.37132144,0.62870985,-0.029707603,-0.2883041,0.43591902",0.0
"-0.42588016,-0.07751571,0.4905909,0.09400987,-0.37132144,0.62870985,-0.029707603,-0.2883041,0.43591902","-0.72369707,-0.37493658,0.87097716","-0.49498796,-0.12906757,0.58416057,0.011305965,-0.35036233,0.5353275,-0.029707603,-0.2883041,0.43591902",0.0
"-0.49498796,-0.12906757,0.58416057,0.011305965,-0.35036233,0.5353275,-0.029707603,-0.2883041,0.43591902","-0.4284513,-0.41264713,0.73941565","-0.53590196,-0.18580443,0.66359645,-0.028162887,-0.30006298,0.45834324,-0.029707603,-0.2883041,0.43591902",0.0
"-0.53590196,-0.18580443,0.66359645,-0.028162887,-0.30006298,0.45834324,-0.029707603,-0.2883041,0.43591902","-0.07494724,-0.06904054,0.17145026","-0.5430589,-0.19529717,0.68201554,-0.03386195,-0.29171363,0.4366485,-0.029707603,-0.2883041,0.43591902",0.0
"0.0,0.0,0.0,2.8652207e-07,0.005789075,0.993462,0.30309942,-0.32070175,0.60727465","-0.91390294,0.6871674,0.9474764","-0.08727109,0.09448198,0.10178799,0.32562968,-0.08557072,0.9158878,0.30309942,-0.32070175,0.60727465",0.0
"-0.08727109,0.09448198,0.10178799,0.32562968,-0.08557072,0.9158878,0.30309942,-0.32070175,0.60727465","-0.87392867,0.07604635,0.9149177","-0.17072493,0.10493796,0.20007819,0.4039669,-0.23341441,0.814419,0.30309942,-0.32070175,0.60727465",0.0
"-0.17072493,0.10493796,0.20007819,0.4039669,-0.23341441,0.814419,0.30309942,-0.32070175,0.60727465","-0.6328112,-0.17791551,0.87679195","-0.2311538,0.080475494,0.2942725,0.38243836,-0.33189467,0.7292529,0.30309942,-0.32070175,0.60727465",0.0
"-0.2311538,0.080475494,0.2942725,0.38243836,-0.33189467,0.7292529,0.30309942,-0.32070175,0.60727465","-0.3304695,-0.42479336,0.82984924","-0.26271123,0.022068594,0.38342378,0.32549366,-0.3440525,0.6779512,0.30309942,-0.32070175,0.60727465",0.0
"-0.26271123,0.022068594,0.38342378,0.32549366,-0.3440525,0.6779512,0.30309942,-0.32070175,0.60727465","-0.06173265,-0.29515833,0.60352457","-0.26860625,-0.018514164,0.4482608,0.30212379,-0.33097246,0.6306435,0.30309942,-0.32070175,0.60727465",0.0
"-0.26860625,-0.018514164,0.4482608,0.30212379,-0.33097246,0.6306435,0.30309942,-0.32070175,0.60727465","0.04848075,-0.058133185,0.17548501","-0.2639767,-0.026507184,0.46711332,0.30507687,-0.3245467,0.6116308,0.30309942,-0.32070175,0.60727465",0.0
"0.0,0.0,0.0,2.8652207e-07,0.005789075,0.993462,-0.4520468,-0.35912278,0.47593033","-0.019272864,-0.9550752,0.79173017","-0.0018404311,-0.13131794,0.085056104,-0.1641118,0.006738094,0.9702695,-0.4520468,-0.35912278,0.47593033",0.0
"-0.0018404311,-0.13131794,0.085056104,-0.1641118,0.006738094,0.9702695,-0.4520468,-0.35912278,0.47593033","0.27022076,-0.9167727,0.763991","0.023963684,-0.25736952,0.1671322,-0.31004092,-0.017579889,0.9061106,-0.4520468,-0.35912278,0.47593033",0.0
"0.023963684,-0.25736952,0.1671322,-0.31004092,-0.017579889,0.9061106,-0.4520468,-0.35912278,0.47593033","0.52504086,-0.8741386,0.6648108","0.07410127,-0.37755913,0.23855329,-0.43050405,-0.09612051,0.8094407,-0.4520468,-0.35912278,0.47593033",0.0
"0.07410127,-0.37755913,0.23855329,-0.43050405,-0.09612051,0.8094407,-0.4520468,-0.35912278,0.47593033","0.6636418,-0.82824826,0.6882863","0.13747424,-0.49143904,0.31249636,-0.48662543,-0.21791574,0.69405836,-0.4520468,-0.35912278,0.47593033",0.0
"0.13747424,-0.49143904,0.31249636,-0.48662543,-0.21791574,0.69405836,-0.4520468,-0.35912278,0.47593033","0.5712297,-0.73192555,0.7613311","0.19202255,-0.5920751,0.39428666,-0.47257146,-0.31853873,0.5829865,-0.4520468,-0.35912278,0.47593033",0.0
"0.19202255,-0.5920751,0.39428666,-0.47257146,-0.31853873,0.5829865,-0.4520468,-0.35912278,0.47593033","0.34731197,-0.5924963,0.7067156","0.2251883,-0.67354035,0.4702096,-0.43664977,-0.36576515,0.4899953,-0.4520468,-0.35912278,0.47593033",0.0
"0.2251883,-0.67354035,0.4702096,-0.43664977,-0.36576515,0.4899953,-0.4520468,-0.35912278,0.47593033","-0.00435549,-0.11294943,0.089064","0.2247724,-0.6890704,0.47977784,-0.44089067,-0.3684037,0.47070444,-0.4520468,-0.35912278,0.47593033",0.0
"0.0,0.0,0.0,2.8652207e-07,0.005789075,0.993462,-0.21935673,-0.08140351,0.8857847","0.60374796,-0.8706931,0.79636955","0.057653535,-0.11971584,0.08555452,-0.13753396,-0.01930152,0.9745836,-0.21935673,-0.08140351,0.8857847",0.0
"0.057653535,-0.11971584,0.08555452,-0.13753396,-0.01930152,0.9745836,-0.21935673,-0.08140351,0.8857847","0.49210334,-0.6540241,0.8231405","0.104645826,-0.20964083,0.17398508,-0.19495842,-0.060390282,0.93644327,-0.21935673,-0.08140351,0.8857847",0.0
"0.104645826,-0.20964083,0.17398508,-0.19495842,-0.060390282,0.93644327,-0.21935673,-0.08140351,0.8857847","0.23836827,-0.45856297,0.6563238","0.12740825,-0.27269092,0.24449441,-0.21697079,-0.08551593,0.8963773,-0.21935673,-0.08140351,0.8857847",0.0
"0.0,0.0,0.0,2.8652207e-07,0.005789075,0.993462,-0.034619883,0.011637427,0.3823091","-0.5028661,-0.8030726,0.95831573","-0.04802008,-0.110418364,0.102952495,-0.092680275,0.019944413,0.9769005,-0.034619883,0.011637427,0.3823091",0.0
"-0.04802008,-0.110418364,0.102952495,-0.092680275,0.019944413,0.9769005,-0.034619883,0.011637427,0.3823091","-0.07842004,-0.6017796,0.95494294","-0.055508636,-0.19316,0.20554267,-0.12326827,0.027595133,0.9386312,-0.034619883,0.011637427,0.3823091",0.0
"-0.055508636,-0.19316,0.20554267,-0.12326827,0.027595133,0.9386312,-0.034619883,0.011637427,0.3823091","-0.066372275,-0.45968068,0.9530865","-0.061846714,-0.25636378,0.30793342,-0.110932246,0.02772961,0.884211,-0.034619883,0.011637427,0.3823091",0.0
"-0.061846714,-0.25636378,0.30793342,-0.110932246,0.02772961,0.884211,-0.034619883,0.011637427,0.3823091","-0.083302915,-0.36274928,0.9537108","-0.06980155,-0.30624,0.41039124,-0.073144935,0.022233259,0.8120485,-0.034619883,0.011637427,0.3823091",0.0
"-0.06980155,-0.30624,0.41039124,-0.073144935,0.022233259,0.8120485,-0.034619883,0.011637427,0.3823091","0.068920374,-0.4753636,0.9490588","-0.06322016,-0.3716001,0.5123493,-0.065211564,0.019030163,0.71759045,-0.034619883,0.011637427,0.3823091",0.0
"-0.06322016,-0.3716001,0.5123493,-0.065211564,0.019030163,0.71759045,-0.034619883,0.011637427,0.3823091","0.32579088,-0.5049166,0.94334567","-0.0321095,-0.44102356,0.6136936,-0.06318122,0.012213963,0.60628676,-0.034619883,0.011637427,0.3823091",0.0
"-0.0321095,-0.44102356,0.6136936,-0.06318122,0.012213963,0.60628676,-0.034619883,0.011637427,0.3823091","0.2984841,-0.48844087,0.9246111","-0.003606438,-0.50818175,0.7130252,-0.05617052,0.0064260364,0.4834352,-0.034619883,0.011637427,0.3823091",0.0
"-0.003606438,-0.50818175,0.7130252,-0.05617052,0.0064260364,0.4834352,-0.034619883,0.011637427,0.3823091","-0.089012265,-0.33252323,0.7013583","-0.012106467,-0.55390203,0.7883727,-0.043006513,0.0074299364,0.38312256,-0.034619883,0.011637427,0.3823091",0.0
"0.0,0.0,0.0,2.8652207e-07,0.005789075,0.993462,-0.19748539,0.22304092,0.5737357","-0.69513285,-0.97689056,0.832837","-0.06638016,-0.13431744,0.08947224,-0.15959722,0.039690692,0.9693854,-0.19748539,0.22304092,0.5737357",0.0
"-0.06638016,-0.13431744,0.08947224,-0.15959722,0.039690692,0.9693854,-0.19748539,0.22304092,0.5737357","-0.63310885,-0.9518244,0.8471205","-0.12683746,-0.26518843,0.18047898,-0.28117424,0.12465393,0.9019802,-0.19748539,0.22304092,0.5737357",0.0
"-0.12683746,-0.26518843,0.18047898,-0.28117424,0.12465393,0.9019802,-0.19748539,0.22304092,0.5737357","-0.5906483,-0.8372188,0.8892937","-0.1832401,-0.38030174,0.27601644,-0.32739937,0.2193812,0.8129662,-0.19748539,0.22304092,0.5737357",0.0
"-0.1832401,-0.38030174,0.27601644,-0.32739937,0.2193812,0.8129662,-0.19748539,0.22304092,0.5737357","-0.3386433,-0.5846009,0.91444707","-0.21557808,-0.46068144,0.37425613,-0.30592063,0.25343162,0.73665607,-0.19748539,0.22304092,0.5737357",0.0
"-0.21557808,-0.46068144,0.37425613,-0.30592063,0.25343162,0.73665607,-0.19748539,0.22304092,0.5737357","-0.1584109,-0.41269243,0.9041774","-0.23070517,-0.5174245,0.47139254,-0.26084426,0.23872766,0.6674532,-0.19748539,0.22304092,0.5737357",0.0
"-0.23070517,-0.5174245,0.47139254,-0.26084426,0.23872766,0.6674532,-0.19748539,0.22304092,0.5737357","-0.15371937,-0.2807086,0.743947","-0.24538426,-0.55602056,0.5513153,-0.21300726,0.21498926,0.60489005,-0.19748539,0.22304092,0.5737357",0.0
"-0.24538426,-0.55602056,0.5513153,-0.21300726,0.21498926,0.60489005,-0.19748539,0.22304092,0.5737357","-0.13784856,-0.11405295,0.24705458","-0.25854778,-0.5717023,0.57785654,-0.19491328,0.2140901,0.5795036,-0.19748539,0.22304092,0.5737357",0.0
"0.0,0.0,0.0,2.8652207e-07,0.005789075,0.993462,0.097602345,-0.04625731,0.7507792","-0.5828055,-0.23284316,0.9303274","-0.055653706,-0.032014746,0.09994568,0.069320455,-0.006366458,0.9799223,0.097602345,-0.04625731,0.7507792",0.0
"-0.055653706,-0.032014746,0.09994568,0.069320455,-0.006366458,0.9799223,0.097602345,-0.04625731,0.7507792","-0.41608286,-0.32150507,0.9122808","-0.09538661,-0.076220065,0.19795263,0.10361863,-0.025956023,0.944611,0.097602345,-0.04625731,0.7507792",0.0
"-0.09538661,-0.076220065,0.19795263,0.10361863,-0.025956023,0.944611,0.097602345,-0.04625731,0.7507792","-0.26305163,-0.35320514,0.8908274","-0.12050614,-0.12478397,0.29365483,0.12061664,-0.04174724,0.8913283,0.097602345,-0.04625731,0.7507792",0.0
"-0.12050614,-0.12478397,0.29365483,0.12061664,-0.04174724,0.8913283,0.097602345,-0.04625731,0.7507792","-0.16196954,-0.42548448,0.85146356","-0.13597307,-0.18328594,0.38512817,0.11186592,-0.044560973,0.8270958,0.097602345,-0.04625731,0.7507792",0.0
"-0.13597307,-0.18328594,0.38512817,0.11186592,-0.044560973,0.8270958,0.097602345,-0.04625731,0.7507792","-0.13968551,-0.31873345,0.61284065","-0.14931202,-0.22711018,0.45096612,0.101505354,-0.04495342,0.77173775,0.097602345,-0.04625731,0.7507792",0.0
"-0.14931202,-0.22711018,0.45096612,0.101505354,-0.04495342,0.77173775,0.097602345,-0.04625731,0.7507792","-0.029958487,-0.062069,0.1787163","-0.15217285,-0.23564437,0.4701658,0.10497679,-0.047874004,0.75298816,0.097602345,-0.04625731,0.7507792",0.0
"0.0,0.0,0.0,2.8652207e-07,0.005789075,0.993462,0.40023392,-0.3188304,0.66238827","-0.9238353,0.8274158,0.92762613","-0.08821955,0.11376542,0.09965546,0.360028,-0.096398816,0.9008243,0.40023392,-0.3188304,0.66238827",0.0
"-0.08821955,0.11376542,0.09965546,0.360028,-0.096398816,0.9008243,0.40023392,-0.3188304,0.66238827","-0.8267431,0.2708969,0.89030087","-0.16716751,0.15101236,0.19530104,0.47326314,-0.26754215,0.763123,0.40023392,-0.3188304,0.66238827",0.0
"-0.16716751,0.15101236,0.19530104,0.47326314,-0.26754215,0.763123,0.40023392,-0.3188304,0.66238827","-0.39903164,-0.25610358,0.77347016","-0.20527215,0.11579944,0.27839547,0.44478208,-0.32730383,0.7046755,0.40023392,-0.3188304,0.66238827",0.0
"-0.20527215,0.11579944,0.27839547,0.44478208,-0.32730383,0.7046755,0.40023392,-0.3188304,0.66238827","-0.14138353,-0.30096865,0.49429286","-0.21877326,0.07441781,0.33149767,0.40774196,-0.32718626,0.6866862,0.40023392,-0.3188304,0.66238827",0.0
"-0.21877326,0.07441781,0.33149767,0.40774196,-0.32718626,0.6866862,0.40023392,-0.3188304,0.66238827","-0.00085383654,-0.10788888,0.23589218","-0.2188548,0.059583645,0.35683978,0.4020637,-0.3226964,0.6700917,0.40023392,-0.3188304,0.66238827",0.0
"0.0,0.0,0.0,2.8652207e-07,0.005789075,0.993462,-0.007953216,-0.022748537,0.9189313","-0.5103037,-0.8004057,0.90926504","-0.04873031,-0.110051684,0.09768295,-0.09912712,0.021152781,0.97731405,-0.007953216,-0.022748537,0.9189313",0.0
"-0.04873031,-0.110051684,0.09768295,-0.09912712,0.021152781,0.97731405,-0.007953216,-0.022748537,0.9189313","-0.7147993,-0.34039068,0.8018515","-0.11698848,-0.15685369,0.18382642,-0.073234804,0.034400724,0.9532618,-0.007953216,-0.022748537,0.9189313",0.0
"-0.11698848,-0.15685369,0.18382642,-0.073234804,0.034400724,0.9532618,-0.007953216,-0.022748537,0.9189313","-0.85017705,-0.030679286,0.5019386","-0.19817424,-0.16107197,0.23775007,-0.009951988,0.0142699005,0.9326271,-0.007953216,-0.022748537,0.9189313",0.0
"-0.19817424,-0.16107197,0.23775007,-0.009951988,0.0142699005,0.9326271,-0.007953216,-0.022748537,0.9189313","-0.91974837,-0.08153516,0.24691796","-0.28600353,-0.17228268,0.26427668,0.0018547764,0.0069655823,0.91864353,-0.007953216,-0.022748537,0.9189313",0.0
"-0.28600353,-0.17228268,0.26427668,0.0018547764,0.0069655823,0.91864353,-0.007953216,-0.022748537,0.9189313","-0.97182703,-0.034585774,0.08924794","-0.37880597,-0.17703809,0.27386472,0.004850292,0.0034614133,0.9131945,-0.007953216,-0.022748537,0.9189313",0.0
"-0.37880597,-0.17703809,0.27386472,0.004850292,0.0034614133,0.9131945,-0.007953216,-0.022748537,0.9189313","-0.9716625,0.033802032,0.031255603","-0.4715927,-0.17239054,0.2772226,0.0068599153,-0.011707833,0.9111487,-0.007953216,-0.022748537,0.9189313",0.0
"-0.4715927,-0.17239054,0.2772226,0.0068599153,-0.011707833,0.9111487,-0.007953216,-0.022748537,0.9189313","-0.9641328,-0.011632621,0.043630004","-0.5636604,-0.17399,0.28190985,0.0026768772,-0.015934974,0.9083338,-0.007953216,-0.022748537,0.9189313",0.0
"0.0,0.0,0.0,2.8652207e-07,0.005789075,0.993462,-0.24789475,-0.0057894737,0.7141676","0.20214546,-0.9104203,0.8574362","0.019303411,-0.12517813,0.09211494,-0.14133218,-0.0027816175,0.97291374,-0.24789475,-0.0057894737,0.7141676",0.0
"0.019303411,-0.12517813,0.09211494,-0.14133218,-0.0027816175,0.97291374,-0.24789475,-0.0057894737,0.7141676","-0.12338865,-0.6800783,0.92049825","0.0075206794,-0.21868543,0.19100471,-0.19891945,0.0010899736,0.93087494,-0.24789475,-0.0057894737,0.7141676",0.0
"0.0075206794,-0.21868543,0.19100471,-0.19891945,0.0010899736,0.93087494,-0.24789475,-0.0057894737,0.7141676","-0.019196093,-0.53096324,0.9052582","0.0056875837,-0.2916902,0.28825724,-0.2099001,0.00203903,0.87738496,-0.24789475,-0.0057894737,0.7141676",0.0
"0.0056875837,-0.2916902,0.28825724,-0.2099001,0.00203903,0.87738496,-0.24789475,-0.0057894737,0.7141676","0.08330202,-0.5753981,0.8553629","0.013642317,-0.37080452,0.38014948,-0.232704,-0.0041850936,0.80457824,-0.24789475,-0.0057894737,0.7141676",0.0
"0.013642317,-0.37080452,0.38014948,-0.232704,-0.0041850936,0.80457824,-0.24789475,-0.0057894737,0.7141676","0.03383863,-0.444744,0.63566303","0.016873654,-0.4319546,0.4484392,-0.24731123,-0.00732491,0.7391274,-0.24789475,-0.0057894737,0.7141676",0.0
"0.016873654,-0.4319546,0.4484392,-0.24731123,-0.00732491,0.7391274,-0.24789475,-0.0057894737,0.7141676","-0.009749651,-0.1537351,0.23458171","0.01594263,-0.45309243,0.47364056,-0.24879158,-0.0066746254,0.7138869,-0.24789475,-0.0057894737,0.7141676",0.0
"0.0,0.0,0.0,2.8652207e-07,0.005789075,0.993462,0.39058483,-0.608421,0.53209","-0.91256946,0.9674461,0.8069806","-0.08714375,0.13301887,0.086694434,0.38203254,-0.10127002,0.89300984,0.39058483,-0.608421,0.53209",0.0
"-0.08714375,0.13301887,0.086694434,0.38203254,-0.10127002,0.89300984,0.39058483,-0.608421,0.53209","-0.9438953,0.85439825,0.7120154","-0.17727889,0.25049424,0.1631867,0.5787486,-0.35356337,0.65495986,0.39058483,-0.608421,0.53209",0.0
"-0.17727889,0.25049424,0.1631867,0.5787486,-0.35356337,0.65495986,0.39058483,-0.608421,0.53209","-0.8230682,0.352468,0.5233841","-0.25587595,0.2989568,0.21941416,0.54318815,-0.55528116,0.4893393,0.39058483,-0.608421,0.53209",0.0
"-0.25587595,0.2989568,0.21941416,0.54318815,-0.55528116,0.4893393,0.39058483,-0.608421,0.53209","-0.6472647,-0.27671874,0.040357232","-0.317685,0.26090944,0.2237498,0.40119553,-0.61145616,0.5529771,0.39058483,-0.608421,0.53209",0.0
"-0.317685,0.26090944,0.2237498,0.40119553,-0.61145616,0.5529771,0.39058483,-0.608421,0.53209","0.00596416,-0.20140433,0.28710365","-0.3171155,0.23321742,0.25459355,0.39085224,-0.59307176,0.5566788,0.39058483,-0.608421,0.53209",0.0
"-0.3171155,0.23321742,0.25459355,0.39085224,-0.59307176,0.5566788,0.39058483,-0.608421,0.53209","0.043958902,-0.049583375,0.19894195","-0.31291774,0.22639996,0.27596602,0.39907363,-0.58851796,0.536924,0.39058483,-0.608421,0.53209",0.0
"-0.31291774,0.22639996,0.27596602,0.39907363,-0.58851796,0.536924,0.39058483,-0.608421,0.53209","-0.016142428,-0.0036714673,0.054854512","-0.3144592,0.22589517,0.2818591,0.39719784,-0.5919285,0.5290089,0.39058483,-0.608421,0.53209",0.0
"-0.3144592,0.22589517,0.2818591,0.39719784,-0.5919285,0.5290089,0.39058483,-0.608421,0.53209","-0.006514013,-0.0048370957,0.014098525","-0.31508124,0.22523011,0.28337374,0.39591116,-0.5925066,0.527899,0.39058483,-0.608421,0.53209",0.0
"0.0,0.0,0.0,2.8652207e-07,0.005789075,0.993462,-0.046374273,0.15959063,0.3483126","0.88406503,0.70452285,0.94674516","0.084421806,0.09686826,0.10170943,0.327897,0.09506172,0.9139723,-0.046374273,0.15959063,0.3483126",0.0
"0.084421806,0.09686826,0.10170943,0.327897,0.09506172,0.9139723,-0.046374273,0.15959063,0.3483126","0.89017963,-0.5669113,0.9609678","0.1694275,0.018920876,0.20494683,0.26271117,0.16144869,0.89102304,-0.046374273,0.15959063,0.3483126",0.0
"0.1694275,0.018920876,0.20494683,0.26271117,0.16144869,0.89102304,-0.046374273,0.15959063,0.3483126","0.92436624,-0.5726479,0.9655087","0.25769776,-0.059815284,0.30867207,0.18182568,0.1992329,0.845778,-0.046374273,0.15959063,0.3483126",0.0
"0.25769776,-0.059815284,0.30867207,0.18182568,0.1992329,0.845778,-0.046374273,0.15959063,0.3483126","0.9468006,-0.40970075,0.9647124","0.34811038,-0.11614705,0.41231182,0.11754502,0.23995492,0.7651969,-0.046374273,0.15959063,0.3483126",0.0
"0.34811038,-0.11614705,0.41231182,0.11754502,0.23995492,0.7651969,-0.046374273,0.15959063,0.3483126","0.96203613,-0.32414603,0.9618372","0.43997782,-0.16071549,0.51564264,0.045559973,0.26963118,0.6597452,-0.046374273,0.15959063,0.3483126",0.0
"0.43997782,-0.16071549,0.51564264,0.045559973,0.26963118,0.6597452,-0.046374273,0.15959063,0.3483126","0.8816098,-0.46453905,0.9562957","0.52416515,-0.22458723,0.61837816,-0.023960654,0.23866683,0.5527181,-0.046374273,0.15959063,0.3483126",0.0
"0.52416515,-0.22458723,0.61837816,-0.023960654,0.23866683,0.5527181,-0.046374273,0.15959063,0.3483126","0.58132386,-0.5839702,0.9419179","0.57967734,-0.30488014,0.71956915,-0.050744686,0.17509745,0.44228354,-0.046374273,0.15959063,0.3483126",0.0
"0.57967734,-0.30488014,0.71956915,-0.050744686,0.17509745,0.44228354,-0.046374273,0.15959063,0.3483126","0.17746222,-0.2585603,0.68035376","0.5966237,-0.3404309,0.79266,-0.054332223,0.15408604,0.34480917,-0.046374273,0.15959063,0.3483126",0.0
"0.0,0.0,0.0,2.8652207e-07,0.005789075,0.993462,-0.11163743,0.07959064,0.36001524","-0.48908496,-0.8660221,0.9268005","-0.04670408,-0.1190736,0.09956679,-0.1157158,0.022953397,0.97482914,-0.11163743,0.07959064,0.36001524",0.0
"-0.04670408,-0.1190736,0.09956679,-0.1157158,0.022953397,0.97482914,-0.11163743,0.07959064,0.36001524","-0.452563,-0.85162485,0.9454498","-0.089920565,-0.23616767,0.20113711,-0.20998405,0.06697728,0.92112505,-0.11163743,0.07959064,0.36001524",0.0
"-0.089920565,-0.23616767,0.20113711,-0.20998405,0.06697728,0.92112505,-0.11163743,0.07959064,0.36001524","-0.5013699,-0.6689587,0.949371","-0.13779777,-0.3281461,0.30312872,-0.232927,0.11402276,0.853056,-0.11163743,0.07959064,0.36001524",0.0
"-0.13779777,-0.3281461,0.30312872,-0.232927,0.11402276,0.853056,-0.11163743,0.07959064,0.36001524","-0.25224036,-0.63430846,0.9475694","-0.16188489,-0.4153603,0.40492675,-0.23973548,0.14027885,0.7676759,-0.11163743,0.07959064,0.36001524",0.0
"-0.16188489,-0.4153603,0.40492675,-0.23973548,0.14027885,0.7676759,-0.11163743,0.07959064,0.36001524","-0.05923271,-0.48284906,0.947948","-0.16754119,-0.4817496,0.5067655,-0.21403438,0.13105379,0.67873037,-0.11163743,0.07959064,0.36001524",0.0
"-0.16754119,-0.4817496,0.5067655,-0.21403438,0.13105379,0.67873037,-0.11163743,0.07959064,0.36001524","0.1485951,-0.5411712,0.9399612","-0.15335144,-0.5561579,0.6077461,-0.20152272,0.111901276,0.57012844,-0.11163743,0.07959064,0.36001524",0.0
"-0.15335144,-0.5561579,0.6077461,-0.20152272,0.111901276,0.57012844,-0.11163743,0.07959064,0.36001524","0.15357375,-0.4801637,0.92200935","-0.13868625,-0.622178,0.7067982,-0.17341986,0.08711863,0.45513636,-0.11163743,0.07959064,0.36001524",0.0
"-0.13868625,-0.622178,0.7067982,-0.17341986,0.08711863,0.45513636,-0.11163743,0.07959064,0.36001524","-0.26227486,-0.15446943,0.70762014","-0.1637316,-0.6434168,0.7828184,-0.114578456,0.07140059,0.3703681,-0.11163743,0.07959064,0.36001524",0.0
"0.0,0.0,0.0,2.8652207e-07,0.005789075,0.993462,0.045730997,-0.018128654,0.8480616","0.025767207,-0.6444422,0.92709434","0.0024605673,-0.088607505,0.099598356,-0.052637532,0.005382341,0.9811613,0.045730997,-0.018128654,0.8480616",0.0
"0.0024605673,-0.088607505,0.099598356,-0.052637532,0.005382341,0.9811613,0.045730997,-0.018128654,0.8480616","-0.013429344,-0.2919619,0.88845086","0.0011781467,-0.12875079,0.19504525,-0.006672398,0.0057644183,0.95247763,0.045730997,-0.018128654,0.8480616",0.0
"0.0011781467,-0.12875079,0.19504525,-0.006672398,0.0057644183,0.95247763,0.045730997,-0.018128654,0.8480616","-0.3117839,-0.33712018,0.8612498","-0.028594969,-0.17510311,0.2875699,0.020531883,0.0039631077,0.9048252,0.045730997,-0.018128654,0.8480616",0.0
"-0.028594969,-0.17510311,0.2875699,0.020531883,0.0039631077,0.9048252,0.045730997,-0.018128654,0.8480616","-0.5170631,-0.23543066,0.6040623","-0.07797075,-0.20747367,0.35246477,0.037600815,-0.0034318594,0.8606845,0.045730997,-0.018128654,0.8480616",0.0
"-0.07797075,-0.20747367,0.35246477,0.037600815,-0.0034318594,0.8606845,0.045730997,-0.018128654,0.8480616","-0.49259412,-0.07630581,0.19392657","-0.12500992,-0.21796535,0.37329853,0.041243,-0.010818665,0.84472764,0.045730997,-0.018128654,0.8480616",0.0
"0.0,0.0,0.0,2.8652207e-07,0.005789075,0.993462,-0.05625731,0.036432747,0.37832105","-0.7333783,-0.786237,0.95205235","-0.07003232,-0.108103566,0.10227962,-0.08716814,0.025425851,0.97747415,-0.05625731,0.036432747,0.37832105",0.0
"-0.07003232,-0.108103566,0.10227962,-0.08716814,0.025425851,0.97747415,-0.05625731,0.036432747,0.37832105","-0.68803525,-0.63580525,0.95650744","-0.1357347,-0.19552355,0.20503786,-0.1175626,0.059767123,0.9380046,-0.05625731,0.036432747,0.37832105",0.0
"-0.1357347,-0.19552355,0.20503786,-0.1175626,0.059767123,0.9380046,-0.05625731,0.036432747,0.37832105","-0.5098958,-0.48646915,0.9546493","-0.18442608,-0.2624106,0.3075965,-0.10265689,0.07408678,0.8825882,-0.05625731,0.036432747,0.37832105",0.0
"-0.18442608,-0.2624106,0.3075965,-0.10265689,0.07408678,0.8825882,-0.05625731,0.036432747,0.37832105","-0.28134376,-0.52722263,0.95418715","-0.21129236,-0.33490103,0.41010553,-0.09759561,0.08368957,0.80508435,-0.05625731,0.036432747,0.37832105",0.0
"-0.21129236,-0.33490103,0.41010553,-0.09759561,0.08368957,0.80508435,-0.05625731,0.036432747,0.37832105","0.026002645,-0.55762815,0.95068645","-0.20880929,-0.41157207,0.51223844,-0.10159557,0.0855044,0.7079114,-0.05625731,0.036432747,0.37832105",0.0
"-0.20880929,-0.41157207,0.51223844,-0.10159557,0.0855044,0.7079114,-0.05625731,0.036432747,0.37832105","0.226856,-0.53332233,0.94414306","-0.18714617,-0.4849012,0.6136684,-0.10142476,0.07456445,0.59614533,-0.05625731,0.036432747,0.37832105",0.0
"-0.18714617,-0.4849012,0.6136684,-0.10142476,0.07456445,0.59614533,-0.05625731,0.036432747,0.37832105","0.30842543,-0.49019575,0.9265964","-0.15769379,-0.55230063,0.7132132,-0.09182134,0.056196883,0.47440004,-0.05625731,0.036432747,0.37832105",0.0
"-0.15769379,-0.55230063,0.7132132,-0.09182134,0.056196883,0.47440004,-0.05625731,0.036432747,0.37832105","0.13820016,-0.24122328,0.6817384","-0.14449668,-0.58546764,0.7864529,-0.06542394,0.038364466,0.3809931,-0.05625731,0.036432747,0.37832105",0.0
"0.0,0.0,0.0,2.8652207e-07,0.005789075,0.993462,0.5316959,0.29432747,0.6657879","0.5924599,0.8587079,0.9727645","0.05657563,0.11806793,0.104504704,0.37988177,0.07412116,0.89295894,0.5316959,0.29432747,0.6657879",0.0
"0.05657563,0.11806793,0.104504704,0.37988177,0.07412116,0.89295894,0.5316959,0.29432747,0.6657879","0.78617215,0.6816032,0.82781553","0.13164937,0.21178485,0.19343744,0.5852234,0.26318008,0.67749256,0.5316959,0.29432747,0.6657879",0.0
"0.13164937,0.21178485,0.19343744,0.5852234,0.26318008,0.67749256,0.5316959,0.29432747,0.6657879","0.22720754,-0.257537,0.29588568","0.15334605,0.17637487,0.22522464,0.53782165,0.287727,0.68958855,0.5316959,0.29432747,0.6657879",0.0
"0.15334605,0.17637487,0.22522464,0.53782165,0.287727,0.68958855,0.5316959,0.29432747,0.6657879","0.0064231157,-0.11294508,0.22767997","0.1539594,0.16084552,0.24968447,0.53126645,0.28561118,0.6798164,0.5316959,0.29432747,0.6657879",0.0
"0.0,0.0,0.0,2.8652207e-07,0.005789075,0.993462,-0.33935675,-0.0057894737,0.7721578","-0.027805388,-0.9131671,0.5288143","-0.002655224,-0.1255558,0.056810886,-0.19115607,0.0073838606,0.9691497,-0.33935675,-0.0057894737,0.7721578",0.0
"-0.002655224,-0.1255558,0.056810886,-0.19115607,0.0073838606,0.9691497,-0.33935675,-0.0057894737,0.7721578","-0.034392655,-0.6894542,0.8169768","-0.0059394822,-0.22035223,0.14457926,-0.26686546,0.010770204,0.92917395,-0.33935675,-0.0057894737,0.7721578",0.0
"-0.0059394822,-0.22035223,0.14457926,-0.26686546,0.010770204,0.92917395,-0.33935675,-0.0057894737,0.7721578","0.06775224,-0.51319593,0.83316076","0.00053035724,-0.2909141,0.2340863,-0.2835576,0.005316715,0.88575846,-0.33935675,-0.0057894737,0.7721578",0.0
"0.00053035724,-0.2909141,0.2340863,-0.2835576,0.005316715,0.88575846,-0.33935675,-0.0057894737,0.7721578","0.14538527,-0.55323684,0.7109337","0.014413589,-0.36698133,0.31046242,-0.32156107,-0.008775712,0.82439953,-0.33935675,-0.0057894737,0.7721578",0.0
"0.014413589,-0.36698133,0.31046242,-0.32156107,-0.008775712,0.82439953,-0.33935675,-0.0057894737,0.7721578","0.05757916,-0.36448097,0.4349575","0.019911975,-0.41709566,0.35719025,-0.34619635,-0.015884312,0.7779188,-0.33935675,-0.0057894737,0.7721578",0.0
"0.0,0.0,0.0,2.8652207e-07,0.005789075,0.993462,-0.22865498,-0.3605263,0.7237781","-0.8704961,-0.37099797,0.7007711","-0.083126076,-0.051010326,0.0752843,-0.0038186281,0.0070128087,0.98731065,-0.22865498,-0.3605263,0.7237781",0.0
"-0.083126076,-0.051010326,0.0752843,-0.0038186281,0.0070128087,0.98731065,-0.22865498,-0.3605263,0.7237781","-0.84879285,-0.16346002,0.6193299","-0.16417964,-0.07348526,0.14181936,0.03579558,-0.013640488,0.9709219,-0.22865498,-0.3605263,0.7237781",0.0
"-0.16417964,-0.07348526,0.14181936,0.03579558,-0.013640488,0.9709219,-0.22865498,-0.3605263,0.7237781","-0.85588115,-0.14088029,0.48136067","-0.24591011,-0.0928556,0.1935323,0.051514126,-0.042123284,0.9505655,-0.22865498,-0.3605263,0.7237781",0.0
"-0.24591011,-0.0928556,0.1935323,0.051514126,-0.042123284,0.9505655,-0.22865498,-0.3605263,0.7237781","-0.84242284,-0.033934772,0.3418628","-0.3263554,-0.097521484,0.2302589,0.059003413,-0.08605458,0.9300661,-0.22865498,-0.3605263,0.7237781",0.0
"-0.3263554,-0.097521484,0.2302589,0.059003413,-0.08605458,0.9300661,-0.22865498,-0.3605263,0.7237781","-0.8271916,0.083093524,0.22828841","-0.40534618,-0.08609658,0.25478414,0.051749766,-0.14911215,0.90884495,-0.22865498,-0.3605263,0.7237781",0.0
"-0.40534618,-0.08609658,0.25478414,0.051749766,-0.14911215,0.90884495,-0.22865498,-0.3605263,0.7237781","-0.82904226,0.16979742,0.17286813","-0.4845137,-0.062750325,0.2733555,0.016757172,-0.22513442,0.8821559,-0.22865498,-0.3605263,0.7237781",0.0
"-0.4845137,-0.062750325,0.2733555,0.016757172,-0.22513442,0.8821559,-0.22865498,-0.3605263,0.7237781","-0.84472185,0.19138587,0.23249269","-0.5651785,-0.036435775,0.29833242,-0.055921305,-0.29773843,0.8403641,-0.22865498,-0.3605263,0.7237781",0.0
"-0.5651785,-0.036435775,0.29833242,-0.055921305,-0.29773843,0.8403641,-0.22865498,-0.3605263,0.7237781","-0.8045459,0.24479961,0.27907908","-0.6420068,-0.0027771012,0.32831413,-0.16391315,-0.35612103,0.77720875,-0.22865498,-0.3605263,0.7237781",0.0
"-0.6420068,-0.0027771012,0.32831413,-0.16391315,-0.35612103,0.77720875,-0.22865498,-0.3605263,0.7237781","-0.4201005,0.017071247,0.3025639","-0.6821234,-0.0004299035,0.3608188,-0.22365712,-0.35797307,0.7333657,-0.22865498,-0.3605263,0.7237781",0.0
"0.0,0.0,0.0,2.8652207e-07,0.005789075,0.993462,-0.10783626,-0.0057894737,0.7507792","0.617136,-0.8317957,0.9478977","0.058931995,-0.11436764,0.10183327,-0.103899986,-0.013569287,0.9760119,-0.10783626,-0.0057894737,0.7507792",0.0
"0.058931995,-0.11436764,0.10183327,-0.103899986,-0.013569287,0.9760119,-0.10783626,-0.0057894737,0.7507792","0.2608441,-0.5657265,0.9412222","0.083840705,-0.19215216,0.2029494,-0.12479072,-0.027654994,0.9395481,-0.10783626,-0.0057894737,0.7507792",0.0
"0.083840705,-0.19215216,0.2029494,-0.12479072,-0.027654994,0.9395481,-0.10783626,-0.0057894737,0.7507792","-0.013466537,-0.5618839,0.92069054","0.082554735,-0.26940835,0.30185986,-0.14438993,-0.032321513,0.8826421,-0.10783626,-0.0057894737,0.7507792",0.0
"0.082554735,-0.26940835,0.30185986,-0.14438993,-0.032321513,0.8826421,-0.10783626,-0.0057894737,0.7507792","-0.16229749,-0.36135912,0.8598443","0.0670565,-0.3190934,0.39423355,-0.11861378,-0.01944395,0.8197426,-0.10783626,-0.0057894737,0.7507792",0.0
"0.0670565,-0.3190934,0.39423355,-0.11861378,-0.01944395,0.8197426,-0.10783626,-0.0057894737,0.7507792","-0.12054229,-0.28689736,0.5954515","0.055545576,-0.3585404,0.45820338,-0.10917249,-0.0133682275,0.76517427,-0.10783626,-0.0057894737,0.7507792",0.0
"0.0,0.0,0.0,2.8652207e-07,0.005789075,0.993462,0.5689474,0.43549708,0.42493555","0.9135879,0.94331765,0.9851539","0.087241024,0.12970132,0.105835706,0.39446342,0.116917625,0.8805199,0.5689474,0.43549708,0.42493555",0.0
"0.087241024,0.12970132,0.105835706,0.39446342,0.116917625,0.8805199,0.5689474,0.43549708,0.42493555","0.75487447,0.86302733,0.90117836","0.15932606,0.24836315,0.20264988,0.6133032,0.3420767,0.604988,0.5689474,0.43549708,0.42493555",0.0
"0.15932606,0.24836315,0.20264988,0.6133032,0.3420767,0.604988,0.5689474,0.43549708,0.42493555","0.35794187,0.082436085,0.8398881","0.19350691,0.2596977,0.29287958,0.61774474,0.4368976,0.4516753,0.5689474,0.43549708,0.42493555",0.0
"0.19350691,0.2596977,0.29287958,0.61774474,0.4368976,0.4516753,0.5689474,0.43549708,0.42493555","-0.008798897,-0.20995688,0.3107623","0.19266668,0.23082973,0.326265,0.5990004,0.42149922,0.45276046,0.5689474,0.43549708,0.42493555",0.0
"0.19266668,0.23082973,0.326265,0.5990004,0.42149922,0.45276046,0.5689474,0.43549708,0.42493555","0.04836166,-0.08706814,0.18443537","0.19728486,0.21885832,0.34607905,0.5852308,0.42472804,0.4433949,0.5689474,0.43549708,0.42493555",0.0
"0.19728486,0.21885832,0.34607905,0.5852308,0.42472804,0.4433949,0.5689474,0.43549708,0.42493555","0.029716969,-0.037419558,0.08338034","0.20012261,0.21371333,0.35503668,0.5780923,0.427508,0.43856174,0.5689474,0.43549708,0.42493555",0.0
"0.0,0.0,0.0,2.8652207e-07,0.005789075,0.993462,0.45280704,-0.23847952,0.66238827","-0.84497786,0.69315946,0.94132936","-0.080689244,0.09530586,0.10112761,0.32815117,-0.07903269,0.9156957,0.45280704,-0.23847952,0.66238827",0.0
"-0.080689244,0.09530586,0.10112761,0.32815117,-0.07903269,0.9156957,0.45280704,-0.23847952,0.66238827","-0.4663527,0.37619114,0.90685093","-0.12522255,0.14703022,0.1985512,0.50067025,-0.20152706,0.7644902,0.45280704,-0.23847952,0.66238827",0.0
"-0.12522255,0.14703022,0.1985512,0.50067025,-0.20152706,0.7644902,0.45280704,-0.23847952,0.66238827","-0.35588354,-0.2927481,0.8230617","-0.15920684,0.10677886,0.28697327,0.48001137,-0.25573626,0.7052403,0.45280704,-0.23847952,0.66238827",0.0
"-0.15920684,0.10677886,0.28697327,0.48001137,-0.25573626,0.7052403,0.45280704,-0.23847952,0.66238827","-0.054640472,-0.27314883,0.4891603","-0.16442461,0.0692223,0.3395241,0.45480695,-0.25167152,0.6821633,0.45280704,-0.23847952,0.66238827",0.0
"-0.16442461,0.0692223,0.3395241,0.45480695,-0.25167152,0.6821633,0.45280704,-0.23847952,0.66238827","0.02374053,-0.07926619,0.19613504","-0.16215757,0.05832361,0.36059505,0.4531413,-0.24650069,0.6663745,0.45280704,-0.23847952,0.66238827",0.0
"0.0,0.0,0.0,2.8652207e-07,0.005789075,0.993462,0.0055555557,0.13701753,0.36001524","0.92472863,0.16365492,0.9546728","0.08830487,0.022501703,0.10256111,0.18006416,0.05729452,0.9616312,0.0055555557,0.13701753,0.36001524",0.0
"0.08830487,0.022501703,0.10256111,0.18006416,0.05729452,0.9616312,0.0055555557,0.13701753,0.36001524","0.89506483,-0.224015,0.9494376","0.17377706,-0.008299219,0.20455982,0.21383959,0.1366877,0.9100201,0.0055555557,0.13701753,0.36001524",0.0
"0.17377706,-0.008299219,0.20455982,0.21383959,0.1366877,0.9100201,0.0055555557,0.13701753,0.36001524","0.9217197,-0.51545805,0.9581716","0.2617946,-0.07917207,0.30749685,0.15345404,0.1737779,0.858812,0.0055555557,0.13701753,0.36001524",0.0
"0.2617946,-0.07917207,0.30749685,0.15345404,0.1737779,0.858812,0.0055555557,0.13701753,0.36001524","0.8722534,-0.43972826,0.96248496","0.34508848,-0.13963246,0.41089728,0.10011688,0.20159438,0.7809858,0.0055555557,0.13701753,0.36001524",0.0
"0.34508848,-0.13963246,0.41089728,0.10011688,0.20159438,0.7809858,0.0055555557,0.13701753,0.36001524","0.7478714,-0.45531178,0.9615991","0.41650477,-0.2022355,0.51420254,0.048408132,0.20262226,0.6860946,0.0055555557,0.13701753,0.36001524",0.0
"0.41650477,-0.2022355,0.51420254,0.048408132,0.20262226,0.6860946,0.0055555557,0.13701753,0.36001524","0.5154793,-0.528772,0.95616186","0.4657293,-0.27493897,0.6169237,0.0126941055,0.1713275,0.58011633,0.0055555557,0.13701753,0.36001524",0.0
"0.4657293,-0.27493897,0.6169237,0.0126941055,0.1713275,0.58011633,0.0055555557,0.13701753,0.36001524","0.40863323,-0.42887664,0.9434625","0.5047508,-0.33390734,0.7182805,-0.008022053,0.14950675,0.4559797,0.0055555557,0.13701753,0.36001524",0.0
"0.5047508,-0.33390734,0.7182805,-0.008022053,0.14950675,0.4559797,0.0055555557,0.13701753,0.36001524","0.023465633,-0.250903,0.6984668","0.50699157,-0.36840522,0.7933174,-0.008816493,0.13771372,0.35406953,0.0055555557,0.13701753,0.36001524",0.0
"0.0,0.0,0.0,2.8652207e-07,0.005789075,0.993462,0.02391813,0.06888889,0.2237676","0.93473434,-0.29076165,0.96246135","0.08926034,-0.039978243,0.10339786,0.053195633,0.021345109,0.98005086,0.02391813,0.06888889,0.2237676",0.0
"0.08926034,-0.039978243,0.10339786,0.053195633,0.021345109,0.98005086,0.02391813,0.06888889,0.2237676","0.8643106,-0.174671,0.9566984","0.17179571,-0.06399463,0.20617662,0.1192164,0.078163765,0.9357639,0.02391813,0.06888889,0.2237676",0.0
"0.17179571,-0.06399463,0.20617662,0.1192164,0.078163765,0.9357639,0.02391813,0.06888889,0.2237676","0.8051523,-0.39184862,0.96230376","0.24868189,-0.11787183,0.30955756,0.10925504,0.116507694,0.8753563,0.02391813,0.06888889,0.2237676",0.0
"0.24868189,-0.11787183,0.30955756,0.10925504,0.116507694,0.8753563,0.02391813,0.06888889,0.2237676","0.71328044,-0.40747434,0.96550536","0.31679496,-0.17389748,0.41328248,0.085883915,0.14300308,0.79466856,0.02391813,0.06888889,0.2237676",0.0
"0.31679496,-0.17389748,0.41328248,0.085883915,0.14300308,0.79466856,0.02391813,0.06888889,0.2237676","0.4807148,-0.2887529,0.970796","0.36269972,-0.21359953,0.5175758,0.07542926,0.177737,0.6872626,0.02391813,0.06888889,0.2237676",0.0
"0.36269972,-0.21359953,0.5175758,0.07542926,0.177737,0.6872626,0.02391813,0.06888889,0.2237676","0.17697203,-0.48212105,0.96994936","0.37959927,-0.27988872,0.62177813,0.056626447,0.15817526,0.5753318,0.02391813,0.06888889,0.2237676",0.0
"0.37959927,-0.27988872,0.62177813,0.056626447,0.15817526,0.5753318,0.02391813,0.06888889,0.2237676","0.12215066,-0.50163937,0.96498597","0.39126378,-0.3488616,0.72544724,0.040069275,0.12998089,0.45049828,0.02391813,0.06888889,0.2237676",0.0
"0.39126378,-0.3488616,0.72544724,0.040069275,0.12998089,0.45049828,0.02391813,0.06888889,0.2237676","0.16347694,-0.5033213,0.9475188","0.40687463,-0.4180657,0.8272399,0.023801785,0.09909624,0.3163172,0.02391813,0.06888889,0.2237676",0.0
"0.40687463,-0.4180657,0.8272399,0.023801785,0.09909624,0.3163172,0.02391813,0.06888889,0.2237676","0.0558877,-0.43462217,0.7102263","0.4122115,-0.47782403,0.90354,0.013809057,0.07005446,0.21083857,0.02391813,0.06888889,0.2237676",0.0
"0.0,0.0,0.0,2.8652207e-07,0.005789075,0.993462,-0.44216377,-0.0057894737,0.46932715","-0.27754515,-0.98164034,0.3724221","-0.026503557,-0.13497052,0.040009566,-0.23301107,0.025255464,0.9603693,-0.44216377,-0.0057894737,0.46932715",0.0
"-0.026503557,-0.13497052,0.040009566,-0.23301107,0.025255464,0.9603693,-0.44216377,-0.0057894737,0.46932715","-0.2724719,-0.92256373,0.8228406","-0.052522656,-0.26181832,0.12840791,-0.36671212,0.06693338,0.89315027,-0.44216377,-0.0057894737,0.46932715",0.0
"-0.052522656,-0.26181832,0.12840791,-0.36671212,0.06693338,0.89315027,-0.44216377,-0.0057894737,0.46932715","-0.05554539,-0.84003514,0.87482893","-0.05782684,-0.37731886,0.22239138,-0.4541694,0.08931414,0.805191,-0.44216377,-0.0057894737,0.46932715",0.0
"-0.05782684,-0.37731886,0.22239138,-0.4541694,0.08931414,0.805191,-0.44216377,-0.0057894737,0.46932715","0.20110929,-0.7979163,0.90946674","-0.038622364,-0.48702833,0.32009602,-0.5112111,0.068166345,0.7018736,-0.44216377,-0.0057894737,0.46932715",0.0
"-0.038622364,-0.48702833,0.32009602,-0.5112111,0.068166345,0.7018736,-0.44216377,-0.0057894737,0.46932715","0.26703882,-0.6997526,0.9038253","-0.013122097,-0.58324075,0.41719458,-0.52532953,0.027462743,0.6001089,-0.44216377,-0.0057894737,0.46932715",0.0
"-0.013122097,-0.58324075,0.41719458,-0.52532953,0.027462743,0.6001089,-0.44216377,-0.0057894737,0.46932715","0.2501396,-0.51566994,0.88516736","0.010764418,-0.6541428,0.5122887,-0.4873424,-0.0106942495,0.5200315,-0.44216377,-0.0057894737,0.46932715",0.0
"0.010764418,-0.6541428,0.5122887,-0.4873424,-0.0106942495,0.5200315,-0.44216377,-0.0057894737,0.46932715","-0.0031099916,-0.24020195,0.5743691","0.010467436,-0.6871694,0.57399356,-0.44116387,-0.008720174,0.47746995,-0.44216377,-0.0057894737,0.46932715",0.0
"0.0,0.0,0.0,2.8652207e-07,0.005789075,0.993462,0.39058483,-0.608421,0.53209","-0.91256946,0.9674461,0.8069806","-0.08714375,0.13301887,0.086694434,0.38203254,-0.10127002,0.89300984,0.39058483,-0.608421,0.53209",0.0
"-0.08714375,0.13301887,0.086694434,0.38203254,-0.10127002,0.89300984,0.39058483,-0.608421,0.53209","-0.9438953,0.85439825,0.7120154","-0.17727889,0.25049424,0.1631867,0.5787486,-0.35356337,0.65495986,0.39058483,-0.608421,0.53209",0.0
"-0.17727889,0.25049424,0.1631867,0.5787486,-0.35356337,0.65495986,0.39058483,-0.608421,0.53209","-0.8230682,0.352468,0.5233841","-0.25587595,0.2989568,0.21941416,0.54318815,-0.55528116,0.4893393,0.39058483,-0.608421,0.53209",0.0
"-0.25587595,0.2989568,0.21941416,0.54318815,-0.55528116,0.4893393,0.39058483,-0.608421,0.53209","-0.6472647,-0.27671874,0.040357232","-0.317685,0.26090944,0.2237498,0.40119553,-0.61145616,0.5529771,0.39058483,-0.608421,0.53209",0.0
"-0.317685,0.26090944,0.2237498,0.40119553,-0.61145616,0.5529771,0.39058483,-0.608421,0.53209","0.00596416,-0.20140433,0.28710365","-0.3171155,0.23321742,0.25459355,0.39085224,-0.59307176,0.5566788,0.39058483,-0.608421,0.53209",0.0
"-0.3171155,0.23321742,0.25459355,0.39085224,-0.59307176,0.5566788,0.39058483,-0.608421,0.53209","0.043958902,-0.049583375,0.19894195","-0.31291774,0.22639996,0.27596602,0.39907363,-0.58851796,0.536924,0.39058483,-0.608421,0.53209",0.0
"-0.31291774,0.22639996,0.27596602,0.39907363,-0.58851796,0.536924,0.39058483,-0.608421,0.53209","-0.016142428,-0.0036714673,0.054854512","-0.3144592,0.22589517,0.2818591,0.39719784,-0.5919285,0.5290089,0.39058483,-0.608421,0.53209",0.0
"-0.3144592,0.22589517,0.2818591,0.39719784,-0.5919285,0.5290089,0.39058483,-0.608421,0.53209","-0.006514013,-0.0048370957,0.014098525","-0.31508124,0.22523011,0.28337374,0.39591116,-0.5925066,0.527899,0.39058483,-0.608421,0.53209",0.0
"0.0,0.0,0.0,2.8652207e-07,0.005789075,0.993462,0.39046785,0.12789473,0.62924165","0.39234233,0.7557268,0.94166577","0.03746585,0.103908546,0.101163745,0.3516879,0.047416214,0.9084047,0.39046785,0.12789473,0.62924165",0.0
"0.03746585,0.103908546,0.101163745,0.3516879,0.047416214,0.9084047,0.39046785,0.12789473,0.62924165","0.49324358,0.057943583,0.9273747","0.08456703,0.11187548,0.2007922,0.46142662,0.13155772,0.80561507,0.39046785,0.12789473,0.62924165",0.0
"0.08456703,0.11187548,0.2007922,0.46142662,0.13155772,0.80561507,0.39046785,0.12789473,0.62924165","0.02103281,-0.5100367,0.9357115","0.08657551,0.04174806,0.3013163,0.4285417,0.12552898,0.76524,0.39046785,0.12789473,0.62924165",0.0
"0.08657551,0.04174806,0.3013163,0.4285417,0.12552898,0.76524,0.39046785,0.12789473,0.62924165","0.006467581,-0.3927678,0.8879614","0.08719312,-0.012255494,0.39671057,0.41049567,0.12135822,0.6972172,0.39046785,0.12789473,0.62924165",0.0
"0.08719312,-0.012255494,0.39671057,0.41049567,0.12135822,0.6972172,0.39046785,0.12789473,0.62924165","0.05767846,-0.26329017,0.5719639","0.09270099,-0.04845655,0.45815706,0.39005935,0.12296483,0.6475899,0.39046785,0.12789473,0.62924165",0.0
"0.0,0.0,0.0,2.8652207e-07,0.005789075,0.993462,-0.5781287,0.10233918,0.5930222","-0.42671394,-0.94895035,-0.6903399","-0.040748086,-0.13047579,-0.074163646,-0.37107876,0.053601135,0.9049819,-0.5781287,0.10233918,0.5930222",0.0
"-0.040748086,-0.13047579,-0.074163646,-0.37107876,0.053601135,0.9049819,-0.5781287,0.10233918,0.5930222","-0.27976096,-0.8885138,0.6431422","-0.067463234,-0.2526419,-0.005070445,-0.5136821,0.116452396,0.8246406,-0.5781287,0.10233918,0.5930222",0.0
"-0.067463234,-0.2526419,-0.005070445,-0.5136821,0.116452396,0.8246406,-0.5781287,0.10233918,0.5930222","0.06640792,-0.78591233,0.8334112","-0.061121766,-0.36070082,0.08446349,-0.5994658,0.1224427,0.74825156,-0.5781287,0.10233918,0.5930222",0.0
"-0.061121766,-0.36070082,0.08446349,-0.5994658,0.1224427,0.74825156,-0.5781287,0.10233918,0.5930222","0.06523049,-0.58485603,0.8648263","-0.05489273,-0.44111556,0.17737238,-0.6203309,0.11392617,0.6968437,-0.5781287,0.10233918,0.5930222",0.0
"-0.05489273,-0.44111556,0.17737238,-0.6203309,0.11392617,0.6968437,-0.5781287,0.10233918,0.5930222","0.02990067,-0.5054014,0.86854315","-0.052037433,-0.5106057,0.27068058,-0.6096148,0.1064251,0.6491613,-0.5781287,0.10233918,0.5930222",0.0
"-0.052037433,-0.5106057,0.27068058,-0.6096148,0.1064251,0.6491613,-0.5781287,0.10233918,0.5930222","0.053700686,-0.36597538,0.6765375","-0.046909407,-0.5609255,0.3433615,-0.58838373,0.09319611,0.60932815,-0.5781287,0.10233918,0.5930222",0.0
"-0.046909407,-0.5609255,0.3433615,-0.58838373,0.09319611,0.60932815,-0.5781287,0.10233918,0.5930222","-0.02419722,-0.16119677,0.3149408","-0.049220063,-0.58308923,0.37719584,-0.5730592,0.09518417,0.5901718,-0.5781287,0.10233918,0.5930222",0.0
"0.0,0.0,0.0,2.8652207e-07,0.005789075,0.993462,-0.42532167,0.0768421,0.79987806","-0.3272915,-0.90002674,-0.009775519","-0.03125397,-0.123749055,-0.001050171,-0.2647401,0.03189501,0.9527544,-0.42532167,0.0768421,0.79987806",0.0
"-0.03125397,-0.123749055,-0.001050171,-0.2647401,0.03189501,0.9527544,-0.42532167,0.0768421,0.79987806","-0.26571697,-0.7410974,0.65859497","-0.056628022,-0.22564617,0.06970314,-0.37320995,0.07298634,0.9032627,-0.42532167,0.0768421,0.79987806",0.0
"-0.056628022,-0.22564617,0.06970314,-0.37320995,0.07298634,0.9032627,-0.42532167,0.0768421,0.79987806","-0.029919803,-0.41949213,0.77009463","-0.05948515,-0.28332424,0.15243495,-0.37432346,0.076670356,0.8808963,-0.42532167,0.0768421,0.79987806",0.0
"-0.05948515,-0.28332424,0.15243495,-0.37432346,0.076670356,0.8808963,-0.42532167,0.0768421,0.79987806","0.07499361,-0.46635497,0.5813699","-0.052323807,-0.3474457,0.21489194,-0.41183448,0.074182145,0.83521205,-0.42532167,0.0768421,0.79987806",0.0
"-0.052323807,-0.3474457,0.21489194,-0.41183448,0.074182145,0.83521205,-0.42532167,0.0768421,0.79987806","0.03908825,-0.25836313,0.36622834","-0.04859117,-0.38296935,0.25423616,-0.42329895,0.0709822,0.80715376,-0.42532167,0.0768421,0.79987806",0.0
"0.0,0.0,0.0,2.8652207e-07,0.005789075,0.993462,0.43076026,-0.0057894737,0.30614382","0.40721798,0.36621284,0.9764447","0.038886365,0.05035238,0.10490008,0.24760675,0.036232978,0.9453951,0.43076026,-0.0057894737,0.30614382",0.0
"0.038886365,0.05035238,0.10490008,0.24760675,0.036232978,0.9453951,0.43076026,-0.0057894737,0.30614382","0.17801178,0.19299042,0.9643644","0.0558852,0.07688757,0.20850238,0.415813,0.07964273,0.835724,0.43076026,-0.0057894737,0.30614382",0.0
"0.0558852,0.07688757,0.20850238,0.415813,0.07964273,0.835724,0.43076026,-0.0057894737,0.30614382","-0.16654646,0.0049256086,0.94794667","0.03998122,0.07756481,0.31034094,0.5086135,0.07005743,0.7115463,0.43076026,-0.0057894737,0.30614382",0.0
"0.03998122,0.07756481,0.31034094,0.5086135,0.07005743,0.7115463,0.43076026,-0.0057894737,0.30614382","-0.23243415,-0.07542431,0.92782557","0.017785447,0.067194365,0.41001785,0.55164003,0.036653206,0.58260703,0.43076026,-0.0057894737,0.30614382",0.0
"0.017785447,0.067194365,0.41001785,0.55164003,0.036653206,0.58260703,0.43076026,-0.0057894737,0.30614382","-0.10201681,-0.22709423,0.90494967","0.0080435835,0.035970077,0.5072372,0.53698725,0.01936338,0.47514027,0.43076026,-0.0057894737,0.30614382",0.0
"0.0080435835,0.035970077,0.5072372,0.53698725,0.01936338,0.47514027,0.43076026,-0.0057894737,0.30614382","-0.16423154,-0.34817225,0.8775611","-0.007639337,-0.011901811,0.60151416,0.4854488,-0.0058617643,0.3879724,0.43076026,-0.0057894737,0.30614382",0.0
"-0.007639337,-0.011901811,0.60151416,0.4854488,-0.0058617643,0.3879724,0.43076026,-0.0057894737,0.30614382","-0.086729705,-0.3265041,0.6535287","-0.015921397,-0.056794446,0.6717232,0.4304982,-0.01575421,0.32958114,0.43076026,-0.0057894737,0.30614382",0.0
"-0.015921397,-0.056794446,0.6717232,0.4304982,-0.01575421,0.32958114,0.43076026,-0.0057894737,0.30614382","0.03101945,-0.07543945,0.15140927","-0.012959267,-0.067166984,0.68798923,0.4173761,-0.011207795,0.3153913,0.43076026,-0.0057894737,0.30614382",0.0
"0.0,0.0,0.0,2.8652207e-07,0.005789075,0.993462,0.08853801,0.10467836,0.36001524","0.8717787,-0.008717656,0.9715527","0.08324854,-0.0011986422,0.10437454,0.1348369,0.042083833,0.9703027,0.08853801,0.10467836,0.36001524",0.0
"0.08324854,-0.0011986422,0.10437454,0.1348369,0.042083833,0.9703027,0.08853801,0.10467836,0.36001524","0.7791996,-0.32085365,0.96257865","0.15765645,-0.045314383,0.20778504,0.15800942,0.091937564,0.92724276,0.08853801,0.10467836,0.36001524",0.0
"0.15765645,-0.045314383,0.20778504,0.15800942,0.091937564,0.92724276,0.08853801,0.10467836,0.36001524","0.58973765,-0.42698896,0.9607487","0.21397208,-0.10402319,0.31099892,0.14349581,0.12160187,0.8681687,0.08853801,0.10467836,0.36001524",0.0
"0.21397208,-0.10402319,0.31099892,0.14349581,0.12160187,0.8681687,0.08853801,0.10467836,0.36001524","0.3623687,-0.4122485,0.96074843","0.24857563,-0.16070525,0.41421282,0.13161056,0.13858886,0.78788024,0.08853801,0.10467836,0.36001524",0.0
"0.24857563,-0.16070525,0.41421282,0.13161056,0.13858886,0.78788024,0.08853801,0.10467836,0.36001524","0.14540946,-0.40383565,0.9562516","0.26246116,-0.2162306,0.5169436,0.12362404,0.14223075,0.6893034,0.08853801,0.10467836,0.36001524",0.0
"0.26246116,-0.2162306,0.5169436,0.12362404,0.14223075,0.6893034,0.08853801,0.10467836,0.36001524","0.019326806,-0.43460035,0.94830596","0.26430672,-0.27598596,0.6188208,0.11136954,0.13044097,0.57788336,0.08853801,0.10467836,0.36001524",0.0
"0.26430672,-0.27598596,0.6188208,0.11136954,0.13044097,0.57788336,0.08853801,0.10467836,0.36001524","0.021750689,-0.4001631,0.92761064","0.26638377,-0.33100635,0.7184747,0.09813426,0.117438175,0.45461887,0.08853801,0.10467836,0.36001524",0.0
"0.26638377,-0.33100635,0.7184747,0.09813426,0.117438175,0.45461887,0.08853801,0.10467836,0.36001524","-0.054700375,-0.2964748,0.6962935","0.26116028,-0.37177014,0.793278,0.08765715,0.102520265,0.35524896,0.08853801,0.10467836,0.36001524",0.0
"0.0,0.0,0.0,2.8652207e-07,0.005789075,0.993462,-0.12847954,0.07608187,0.6313337","-0.6525259,-0.94063306,0.94499624","-0.062311504,-0.12933221,0.10152159,-0.13320497,0.03231597,0.97161144,-0.12847954,0.07608187,0.6313337",0.0
"-0.062311504,-0.12933221,0.10152159,-0.13320497,0.03231597,0.97161144,-0.12847954,0.07608187,0.6313337","-0.5086037,-0.83608603,0.9473994","-0.11087947,-0.2442898,0.20330136,-0.21773174,0.08522765,0.91648984,-0.12847954,0.07608187,0.6313337",0.0
"-0.11087947,-0.2442898,0.20330136,-0.21773174,0.08522765,0.91648984,-0.12847954,0.07608187,0.6313337","-0.30728215,-0.5499388,0.94517386","-0.1402227,-0.3199036,0.30484205,-0.21574603,0.10810712,0.8577094,-0.12847954,0.07608187,0.6313337",0.0
"-0.1402227,-0.3199036,0.30484205,-0.21574603,0.10810712,0.8577094,-0.12847954,0.07608187,0.6313337","0.021619678,-0.4955585,0.93740964","-0.13815819,-0.38804042,0.40554863,-0.20549536,0.10163144,0.7843251,-0.12847954,0.07608187,0.6313337",0.0
"-0.13815819,-0.38804042,0.40554863,-0.20549536,0.10163144,0.7843251,-0.12847954,0.07608187,0.6313337","-0.011185706,-0.35058546,0.90071845","-0.13922633,-0.43624416,0.50231344,-0.16477434,0.08343932,0.70567816,-0.12847954,0.07608187,0.6313337",0.0
"-0.13922633,-0.43624416,0.50231344,-0.16477434,0.08343932,0.70567816,-0.12847954,0.07608187,0.6313337","-0.098824024,-0.2157048,0.6102314","-0.14866331,-0.4659025,0.5678711,-0.1319416,0.073014975,0.6436285,-0.12847954,0.07608187,0.6313337",0.0
"0.0,0.0,0.0,2.8652207e-07,0.005789075,0.993462,-0.16695908,0.6356725,0.51169205","0.9316671,0.9529222,0.93555987","0.08896746,0.1310219,0.10050779,0.39029115,0.1180414,0.8837062,-0.16695908,0.6356725,0.51169205",0.0
"0.08896746,0.1310219,0.10050779,0.39029115,0.1180414,0.8837062,-0.16695908,0.6356725,0.51169205","0.96568584,0.76469576,0.5281718","0.18118344,0.23616366,0.15724961,0.5456531,0.35600808,0.6858911,-0.16695908,0.6356725,0.51169205",0.0
"0.18118344,0.23616366,0.15724961,0.5456531,0.35600808,0.6858911,-0.16695908,0.6356725,0.51169205","0.9375489,0.3055086,0.34903502","0.27071255,0.27816954,0.19474666,0.4827069,0.55877924,0.5637581,-0.16695908,0.6356725,0.51169205",0.0
"0.27071255,0.27816954,0.19474666,0.4827069,0.55877924,0.5637581,-0.16695908,0.6356725,0.51169205","0.8812201,-0.3160522,0.5028397","0.35486266,0.23471402,0.24876705,0.3071641,0.639467,0.5626072,-0.16695908,0.6356725,0.51169205",0.0
"0.35486266,0.23471402,0.24876705,0.3071641,0.639467,0.5626072,-0.16695908,0.6356725,0.51169205","0.8601643,-0.6350308,0.6871227","0.43700212,0.14740057,0.3225851,0.11744132,0.61508155,0.5969695,-0.16695908,0.6356725,0.51169205",0.0
"0.43700212,0.14740057,0.3225851,0.11744132,0.61508155,0.5969695,-0.16695908,0.6356725,0.51169205","0.83945036,-0.37242174,0.6546639","0.5171635,0.09619451,0.3929161,-0.037347805,0.58450985,0.56805354,-0.16695908,0.6356725,0.51169205",0.0
"0.5171635,0.09619451,0.3929161,-0.037347805,0.58450985,0.56805354,-0.16695908,0.6356725,0.51169205","0.5800357,0.15004718,0.30668116","0.57255274,0.11682524,0.4258631,-0.14587307,0.6032342,0.4872488,-0.16695908,0.6356725,0.51169205",0.0
"0.57255274,0.11682524,0.4258631,-0.14587307,0.6032342,0.4872488,-0.16695908,0.6356725,0.51169205","0.08607364,0.13005996,-0.20099235","0.5807721,0.13470782,0.4042704,-0.16569284,0.61582094,0.493191,-0.16695908,0.6356725,0.51169205",0.0
"0.5807721,0.13470782,0.4042704,-0.16569284,0.61582094,0.493191,-0.16695908,0.6356725,0.51169205","-0.03836626,0.046426058,-0.09506333","0.57710844,0.14109118,0.39405772,-0.1599002,0.6229736,0.4989687,-0.16695908,0.6356725,0.51169205",0.0
"0.57710844,0.14109118,0.39405772,-0.1599002,0.6229736,0.4989687,-0.16695908,0.6356725,0.51169205","0.026952744,-0.001585722,-0.018790245","0.57968223,0.14087316,0.39203912,-0.16475205,0.62095505,0.5024181,-0.16695908,0.6356725,0.51169205",0.0
"0.0,0.0,0.0,2.8652207e-07,0.005789075,0.993462,-0.13415205,0.028245613,0.36001524","-0.004033625,-0.8254947,0.9464307","-0.0003851958,-0.113501295,0.101675674,-0.10298529,0.005913642,0.9762401,-0.13415205,0.028245613,0.36001524",0.0
"-0.0003851958,-0.113501295,0.101675674,-0.10298529,0.005913642,0.9762401,-0.13415205,0.028245613,0.36001524","-0.27474815,-0.7822027,0.9467728","-0.026621662,-0.22105017,0.20338812,-0.18529147,0.021342307,0.9283935,-0.13415205,0.028245613,0.36001524",0.0
"-0.026621662,-0.22105017,0.20338812,-0.18529147,0.021342307,0.9283935,-0.13415205,0.028245613,0.36001524","-0.30509037,-0.6237265,0.94809055","-0.055755585,-0.30680943,0.30524215,-0.21135905,0.043284386,0.86490244,-0.13415205,0.028245613,0.36001524",0.0
"-0.055755585,-0.30680943,0.30524215,-0.21135905,0.043284386,0.86490244,-0.13415205,0.028245613,0.36001524","-0.14935589,-0.5295165,0.9508891","-0.07001799,-0.37961525,0.40739685,-0.205478,0.051874,0.78801113,-0.13415205,0.028245613,0.36001524",0.0
"-0.07001799,-0.37961525,0.40739685,-0.205478,0.051874,0.78801113,-0.13415205,0.028245613,0.36001524","0.018136382,-0.58811164,0.95183015","-0.068286106,-0.46047765,0.5096527,-0.20774359,0.051188152,0.6890718,-0.13415205,0.028245613,0.36001524",0.0
"-0.068286106,-0.46047765,0.5096527,-0.20774359,0.051188152,0.6890718,-0.13415205,0.028245613,0.36001524","0.16782856,-0.6880026,0.9423058","-0.0522597,-0.5550745,0.6108852,-0.22113845,0.042504285,0.56842774,-0.13415205,0.028245613,0.36001524",0.0
"-0.0522597,-0.5550745,0.6108852,-0.22113845,0.042504285,0.56842774,-0.13415205,0.028245613,0.36001524","0.093685865,-0.50316674,0.9240104","-0.043313377,-0.6242574,0.7101522,-0.1899241,0.031847466,0.45112014,-0.13415205,0.028245613,0.36001524",0.0
"-0.043313377,-0.6242574,0.7101522,-0.1899241,0.031847466,0.45112014,-0.13415205,0.028245613,0.36001524","-0.109695315,-0.18768996,0.69255376","-0.053788483,-0.6500639,0.78455377,-0.13650168,0.029161397,0.36624393,-0.13415205,0.028245613,0.36001524",0.0
"0.0,0.0,0.0,2.8652207e-07,0.005789075,0.993462,0.39058483,-0.608421,0.53209","-0.91256946,0.9674461,0.8069806","-0.08714375,0.13301887,0.086694434,0.38203254,-0.10127002,0.89300984,0.39058483,-0.608421,0.53209",0.0
"-0.08714375,0.13301887,0.086694434,0.38203254,-0.10127002,0.89300984,0.39058483,-0.608421,0.53209","-0.9438953,0.85439825,0.7120154","-0.17727889,0.25049424,0.1631867,0.5787486,-0.35356337,0.65495986,0.39058483,-0.608421,0.53209",0.0
"-0.17727889,0.25049424,0.1631867,0.5787486,-0.35356337,0.65495986,0.39058483,-0.608421,0.53209","-0.8230682,0.352468,0.5233841","-0.25587595,0.2989568,0.21941416,0.54318815,-0.55528116,0.4893393,0.39058483,-0.608421,0.53209",0.0
"-0.25587595,0.2989568,0.21941416,0.54318815,-0.55528116,0.4893393,0.39058483,-0.608421,0.53209","-0.6472647,-0.27671874,0.040357232","-0.317685,0.26090944,0.2237498,0.40119553,-0.61145616,0.5529771,0.39058483,-0.608421,0.53209",0.0
"-0.317685,0.26090944,0.2237498,0.40119553,-0.61145616,0.5529771,0.39058483,-0.608421,0.53209","0.00596416,-0.20140433,0.28710365","-0.3171155,0.23321742,0.25459355,0.39085224,-0.59307176,0.5566788,0.39058483,-0.608421,0.53209",0.0
"-0.3171155,0.23321742,0.25459355,0.39085224,-0.59307176,0.5566788,0.39058483,-0.608421,0.53209","0.043958902,-0.049583375,0.19894195","-0.31291774,0.22639996,0.27596602,0.39907363,-0.58851796,0.536924,0.39058483,-0.608421,0.53209",0.0
"-0.31291774,0.22639996,0.27596602,0.39907363,-0.58851796,0.536924,0.39058483,-0.608421,0.53209","-0.016142428,-0.0036714673,0.054854512","-0.3144592,0.22589517,0.2818591,0.39719784,-0.5919285,0.5290089,0.39058483,-0.608421,0.53209",0.0
"-0.3144592,0.22589517,0.2818591,0.39719784,-0.5919285,0.5290089,0.39058483,-0.608421,0.53209","-0.006514013,-0.0048370957,0.014098525","-0.31508124,0.22523011,0.28337374,0.39591116,-0.5925066,0.527899,0.39058483,-0.608421,0.53209",0.0
"0.0,0.0,0.0,2.8652207e-07,0.005789075,0.993462,0.28842106,0.32187134,0.79987806","0.9246259,0.79468226,0.8668016","0.08829507,0.10926472,0.093121044,0.3405423,0.10298117,0.90982383,0.28842106,0.32187134,0.79987806",0.0
"0.08829507,0.10926472,0.093121044,0.3405423,0.10298117,0.90982383,0.28842106,0.32187134,0.79987806","0.8328402,0.13078952,0.6885992","0.16782527,0.1272476,0.16709772,0.40685204,0.2435741,0.824505,0.28842106,0.32187134,0.79987806",0.0
"0.16782527,0.1272476,0.16709772,0.40685204,0.2435741,0.824505,0.28842106,0.32187134,0.79987806","0.64555836,-0.39090145,0.47929144","0.22947142,0.07350066,0.21858832,0.31713647,0.28636605,0.8283872,0.28842106,0.32187134,0.79987806",0.0
"0.22947142,0.07350066,0.21858832,0.31713647,0.28636605,0.8283872,0.28842106,0.32187134,0.79987806","0.25604582,-0.19665372,0.339512","0.25392193,0.046461783,0.25506234,0.28455257,0.29994345,0.8155865,0.28842106,0.32187134,0.79987806",0.0
"0.25392193,0.046461783,0.25506234,0.28455257,0.29994345,0.8155865,0.28842106,0.32187134,0.79987806","0.04662156,-0.06026417,0.16640925","0.25837395,0.03817576,0.27293983,0.28160605,0.3052389,0.803378,0.28842106,0.32187134,0.79987806",0.0
"0.25837395,0.03817576,0.27293983,0.28160605,0.3052389,0.803378,0.28842106,0.32187134,0.79987806","0.016432166,-0.021016717,0.065139055","0.2599431,0.035286065,0.27993783,0.28095514,0.30753568,0.79808795,0.28842106,0.32187134,0.79987806",0.0
"0.0,0.0,0.0,2.8652207e-07,0.005789075,0.993462,0.29567254,0.16660818,0.7721578","0.6495944,0.602141,0.9034326","0.062031556,0.08279129,0.09705633,0.30008253,0.06513203,0.92841786,0.29567254,0.16660818,0.7721578",0.0
"0.062031556,0.08279129,0.09705633,0.30008253,0.06513203,0.92841786,0.29567254,0.16660818,0.7721578","0.5842712,-0.14228708,0.8975971","0.11782521,0.06322756,0.1934858,0.3537313,0.14347377,0.8644901,0.29567254,0.16660818,0.7721578",0.0
"0.11782521,0.06322756,0.1934858,0.3537313,0.14347377,0.8644901,0.29567254,0.16660818,0.7721578","0.21934032,-0.45313704,0.8337047","0.13877062,0.0009235355,0.28305125,0.32118893,0.1560146,0.82694787,0.29567254,0.16660818,0.7721578",0.0
"0.13877062,0.0009235355,0.28305125,0.32118893,0.1560146,0.82694787,0.29567254,0.16660818,0.7721578","0.12530828,-0.28618097,0.5452529","0.15073664,-0.03842489,0.3416282,0.30068666,0.16059038,0.79291916,0.29567254,0.16660818,0.7721578",0.0
"0.15073664,-0.03842489,0.3416282,0.30068666,0.16059038,0.79291916,0.29567254,0.16660818,0.7721578","0.016371131,-0.09559554,0.2196815","0.15229996,-0.051568802,0.36522874,0.29778993,0.1609738,0.7752135,0.29567254,0.16660818,0.7721578",0.0
"0.0,0.0,0.0,2.8652207e-07,0.005789075,0.993462,0.4597661,-0.3651462,0.5930222","-0.93781185,0.91926765,0.92632306","-0.08955421,0.12639457,0.09951547,0.3834461,-0.104793325,0.8890733,0.4597661,-0.3651462,0.5930222",0.0
"-0.08955421,0.12639457,0.09951547,0.3834461,-0.104793325,0.8890733,0.4597661,-0.3651462,0.5930222","-0.8498044,0.53599405,0.88856184","-0.17070438,0.200091,0.19497423,0.5397753,-0.3141024,0.6935441,0.4597661,-0.3651462,0.5930222",0.0
"-0.17070438,0.200091,0.19497423,0.5397753,-0.3141024,0.6935441,0.4597661,-0.3651462,0.5930222","-0.40065867,-0.20959133,0.7651433","-0.20896436,0.1712733,0.27717406,0.5075824,-0.38377562,0.62585765,0.4597661,-0.3651462,0.5930222",0.0
"-0.20896436,0.1712733,0.27717406,0.5075824,-0.38377562,0.62585765,0.4597661,-0.3651462,0.5930222","-0.08427119,-0.32162344,0.47513175","-0.21701166,0.12705173,0.3282178,0.46961766,-0.37367737,0.6191869,0.4597661,-0.3651462,0.5930222",0.0
"-0.21701166,0.12705173,0.3282178,0.46961766,-0.37367737,0.6191869,0.4597661,-0.3651462,0.5930222","0.027886033,-0.11793959,0.26614857","-0.21434875,0.11083565,0.35681036,0.46555534,-0.36401376,0.6008982,0.4597661,-0.3651462,0.5930222",0.0
"0.0,0.0,0.0,2.8652207e-07,0.005789075,0.993462,0.123216376,-0.060116958,0.36001524","-0.61409223,-0.036669254,0.96396196","-0.05864136,-0.0050418437,0.10355906,0.13069974,-0.018465819,0.97193843,0.123216376,-0.060116958,0.36001524",0.0
"-0.05864136,-0.0050418437,0.10355906,0.13069974,-0.018465819,0.97193843,0.123216376,-0.060116958,0.36001524","-0.17094147,-0.18878669,0.9632659","-0.07496503,-0.030999055,0.20704338,0.2064517,-0.04358711,0.9209203,0.123216376,-0.060116958,0.36001524",0.0
"-0.07496503,-0.030999055,0.20704338,0.2064517,-0.04358711,0.9209203,0.123216376,-0.060116958,0.36001524","-0.07937467,-0.37040997,0.95971155","-0.08254475,-0.081928544,0.31014583,0.22318555,-0.053220946,0.85774094,0.123216376,-0.060116958,0.36001524",0.0
"-0.08254475,-0.081928544,0.31014583,0.22318555,-0.053220946,0.85774094,0.123216376,-0.060116958,0.36001524","-0.024207473,-0.4173982,0.95099163","-0.08485639,-0.13931866,0.41231152,0.22038308,-0.054182045,0.7791617,0.123216376,-0.060116958,0.36001524",0.0
"-0.08485639,-0.13931866,0.41231152,0.22038308,-0.054182045,0.7791617,0.123216376,-0.060116958,0.36001524","-0.09670025,-0.40731084,0.93768716","-0.09409058,-0.19532183,0.51304793,0.21043201,-0.058028206,0.6840161,0.123216376,-0.060116958,0.36001524",0.0
"-0.09409058,-0.19532183,0.51304793,0.21043201,-0.058028206,0.6840161,0.123216376,-0.060116958,0.36001524","-0.19845629,-0.41297668,0.91904116","-0.11304172,-0.252104,0.6117812,0.18930213,-0.06402902,0.5770672,0.123216376,-0.060116958,0.36001524",0.0
"-0.11304172,-0.252104,0.6117812,0.18930213,-0.06402902,0.5770672,0.123216376,-0.060116958,0.36001524","-0.21558946,-0.45273018,0.88905597","-0.13362896,-0.31435212,0.7072931,0.15516536,-0.06291717,0.46486884,0.123216376,-0.060116958,0.36001524",0.0
"-0.13362896,-0.31435212,0.7072931,0.15516536,-0.06291717,0.46486884,0.123216376,-0.060116958,0.36001524","-0.17965949,-0.35445267,0.63691914","-0.15078515,-0.36308756,0.77571774,0.1259364,-0.05805408,0.3793122,0.123216376,-0.060116958,0.36001524",0.0
"-0.15078515,-0.36308756,0.77571774,0.1259364,-0.05805408,0.3793122,0.123216376,-0.060116958,0.36001524","-0.047813714,-0.065090775,0.14084625","-0.15535103,-0.37203726,0.7908491,0.121015996,-0.057691213,0.3590729,0.123216376,-0.060116958,0.36001524",0.0
"0.0,0.0,0.0,2.8652207e-07,0.005789075,0.993462,-0.5104679,-0.26964912,0.47593033","-0.0483827,-0.9731476,0.36465144","-0.004620207,-0.1338028,0.03917476,-0.23288351,0.009170264,0.96079826,-0.5104679,-0.26964912,0.47593033",0.0
"-0.004620207,-0.1338028,0.03917476,-0.23288351,0.009170264,0.96079826,-0.5104679,-0.26964912,0.47593033","0.43784308,-0.95836127,0.5837263","0.037190624,-0.26557258,0.101884894,-0.4137607,-0.04273526,0.8791457,-0.5104679,-0.26964912,0.47593033",0.0
"0.037190624,-0.26557258,0.101884894,-0.4137607,-0.04273526,0.8791457,-0.5104679,-0.26964912,0.47593033","0.5784353,-0.9152567,0.63300943","0.09242699,-0.39141572,0.16988955,-0.536144,-0.15416524,0.7641516,-0.5104679,-0.26964912,0.47593033",0.0
"0.09242699,-0.39141572,0.16988955,-0.536144,-0.15416524,0.7641516,-0.5104679,-0.26964912,0.47593033","0.23893392,-0.7429539,0.7333679","0.11524346,-0.4935681,0.2486758,-0.58346266,-0.21479222,0.66250974,-0.5104679,-0.26964912,0.47593033",0.0
"0.11524346,-0.4935681,0.2486758,-0.58346266,-0.21479222,0.66250974,-0.5104679,-0.26964912,0.47593033","0.17922401,-0.55644345,0.7809428","0.13235804,-0.5700763,0.33257303,-0.5722049,-0.24633624,0.59090984,-0.5104679,-0.26964912,0.47593033",0.0
"0.13235804,-0.5700763,0.33257303,-0.5722049,-0.24633624,0.59090984,-0.5104679,-0.26964912,0.47593033","0.21926022,-0.43403625,0.74819684","0.15329581,-0.62975407,0.4129523,-0.52926886,-0.2700839,0.53542244,-0.5104679,-0.26964912,0.47593033",0.0
"0.15329581,-0.62975407,0.4129523,-0.52926886,-0.2700839,0.53542244,-0.5104679,-0.26964912,0.47593033","0.0809145,-0.282215,0.455935","0.16102254,-0.6685572,0.4619337,-0.5058231,-0.27358118,0.49485993,-0.5104679,-0.26964912,0.47593033",0.0
"0.16102254,-0.6685572,0.4619337,-0.5058231,-0.27358118,0.49485993,-0.5104679,-0.26964912,0.47593033","-0.0026260018,-0.088510156,0.078852415","0.16077179,-0.68072695,0.47040492,-0.50842094,-0.27449983,0.47998816,-0.5104679,-0.26964912,0.47593033",0.0
"0.0,0.0,0.0,2.8652207e-07,0.005789075,0.993462,0.00502924,0.0030409356,0.23331277","-0.29064524,-0.93455124,0.9526948","-0.027754525,-0.128496,0.10234865,-0.13300021,0.017437367,0.9718834,0.00502924,0.0030409356,0.23331277",0.0
"-0.027754525,-0.128496,0.10234865,-0.13300021,0.017437367,0.9718834,0.00502924,0.0030409356,0.23331277","-0.17242008,-0.8406863,0.950052","-0.0442194,-0.24408609,0.20441338,-0.22874884,0.03782907,0.9165424,0.00502924,0.0030409356,0.23331277",0.0
"-0.0442194,-0.24408609,0.20441338,-0.22874884,0.03782907,0.9165424,0.00502924,0.0030409356,0.23331277","-0.1176492,-0.6609945,0.9411937","-0.05545405,-0.33496946,0.3055265,-0.26377758,0.052302577,0.8481889,0.00502924,0.0030409356,0.23331277",0.0
"-0.05545405,-0.33496946,0.3055265,-0.26377758,0.052302577,0.8481889,0.00502924,0.0030409356,0.23331277","-0.10662246,-0.45864326,0.93324673","-0.065635726,-0.3980306,0.40578586,-0.23999211,0.056114517,0.7784298,0.00502924,0.0030409356,0.23331277",0.0
"-0.065635726,-0.3980306,0.40578586,-0.23999211,0.056114517,0.7784298,0.00502924,0.0030409356,0.23331277","-0.15431333,-0.3971374,0.927567","-0.08037153,-0.45263502,0.50543505,-0.19884436,0.057280865,0.6957878,0.00502924,0.0030409356,0.23331277",0.0
"-0.08037153,-0.45263502,0.50543505,-0.19884436,0.057280865,0.6957878,0.00502924,0.0030409356,0.23331277","-0.033994496,-0.35044813,0.92483854","-0.08361776,-0.50081986,0.60479105,-0.15110178,0.046627287,0.598754,0.00502924,0.0030409356,0.23331277",0.0
"-0.08361776,-0.50081986,0.60479105,-0.15110178,0.046627287,0.598754,0.00502924,0.0030409356,0.23331277","-0.060112596,-0.3344258,0.92019415","-0.08935808,-0.54680175,0.7036481,-0.104645416,0.036198683,0.4863548,0.00502924,0.0030409356,0.23331277",0.0
"-0.08935808,-0.54680175,0.7036481,-0.104645416,0.036198683,0.4863548,0.00502924,0.0030409356,0.23331277","-0.21937817,-0.1656574,0.9187466","-0.1103071,-0.5695789,0.8023497,-0.04286359,0.021633828,0.3630782,0.00502924,0.0030409356,0.23331277",0.0
"-0.1103071,-0.5695789,0.8023497,-0.04286359,0.021633828,0.3630782,0.00502924,0.0030409356,0.23331277","-0.42610943,-0.13847554,0.7692691","-0.15099746,-0.5886186,0.88499284,-0.006588915,0.009891251,0.24743861,0.00502924,0.0030409356,0.23331277",0.0
"-0.15099746,-0.5886186,0.88499284,-0.006588915,0.009891251,0.24743861,0.00502924,0.0030409356,0.23331277","-0.6320654,0.040869713,0.100669384","-0.21135512,-0.5829993,0.89580786,0.002698949,0.0052392134,0.23173329,0.00502924,0.0030409356,0.23331277",0.0
"0.0,0.0,0.0,2.8652207e-07,0.005789075,0.993462,-0.048011698,-0.5094737,0.66238827","-0.9634808,0.65434265,0.7531092","-0.09200541,0.08996875,0.080906995,0.29043397,-0.08032722,0.9337597,-0.048011698,-0.5094737,0.66238827",0.0
"-0.09200541,0.08996875,0.080906995,0.29043397,-0.08032722,0.9337597,-0.048011698,-0.5094737,0.66238827","-0.96363324,0.11528242,0.61759377","-0.18402539,0.1058195,0.1472555,0.34864324,-0.2205787,0.8674762,-0.048011698,-0.5094737,0.66238827",0.0
"-0.18402539,0.1058195,0.1472555,0.34864324,-0.2205787,0.8674762,-0.048011698,-0.5094737,0.66238827","-0.9651476,-0.0775395,0.47535634","-0.27618998,0.09515822,0.19832337,0.2933471,-0.33712456,0.82722956,-0.048011698,-0.5094737,0.66238827",0.0
"-0.27618998,0.09515822,0.19832337,0.2933471,-0.33712456,0.82722956,-0.048011698,-0.5094737,0.66238827","-0.94952255,-0.043067813,0.49585366","-0.36686248,0.08923662,0.25159326,0.202862,-0.44214082,0.7727006,-0.048011698,-0.5094737,0.66238827",0.0
"-0.36686248,0.08923662,0.25159326,0.202862,-0.44214082,0.7727006,-0.048011698,-0.5094737,0.66238827","-0.9167859,-0.074730515,0.44204235","-0.45440888,0.07896155,0.2990822,0.07816269,-0.5014353,0.72479767,-0.048011698,-0.5094737,0.66238827",0.0
"-0.45440888,0.07896155,0.2990822,0.07816269,-0.5014353,0.72479767,-0.048011698,-0.5094737,0.66238827","-0.62172735,-0.13870066,0.4727242","-0.51377934,0.05989093,0.34986728,-0.016363157,-0.51149356,0.6794891,-0.048011698,-0.5094737,0.66238827",0.0
"-0.51377934,0.05989093,0.34986728,-0.016363157,-0.51149356,0.6794891,-0.048011698,-0.5094737,0.66238827","-0.1710431,-0.054662585,0.12420452","-0.5301127,0.052375104,0.3632107,-0.042247448,-0.5065165,0.6701088,-0.048011698,-0.5094737,0.66238827",0.0
"0.0,0.0,0.0,2.8652207e-07,0.005789075,0.993462,-0.28760237,0.32093567,0.47972226","-0.63346606,-0.9728047,0.16473162","-0.06049142,-0.13375565,0.017697245,-0.2563885,0.055214282,0.9537576,-0.28760237,0.32093567,0.47972226",0.0
"-0.06049142,-0.13375565,0.017697245,-0.2563885,0.055214282,0.9537576,-0.28760237,0.32093567,0.47972226","-0.3972904,-0.94821495,0.713855","-0.09842978,-0.26413038,0.09438718,-0.40127647,0.13427538,0.8771202,-0.28760237,0.32093567,0.47972226",0.0
"-0.09842978,-0.26413038,0.09438718,-0.40127647,0.13427538,0.8771202,-0.28760237,0.32093567,0.47972226","-0.519203,-0.85393155,0.79264736","-0.1480099,-0.38154164,0.17954184,-0.46936855,0.24194776,0.7824715,-0.28760237,0.32093567,0.47972226",0.0
"-0.1480099,-0.38154164,0.17954184,-0.46936855,0.24194776,0.7824715,-0.28760237,0.32093567,0.47972226","-0.46119946,-0.64502215,0.8256997","-0.1920511,-0.47022888,0.26824734,-0.45727065,0.32211873,0.7060279,-0.28760237,0.32093567,0.47972226",0.0
"-0.1920511,-0.47022888,0.26824734,-0.45727065,0.32211873,0.7060279,-0.28760237,0.32093567,0.47972226","-0.28720737,-0.43132174,0.84743965","-0.21947731,-0.52953345,0.3592884,-0.4036001,0.34027642,0.65751284,-0.28760237,0.32093567,0.47972226",0.0
"-0.21947731,-0.52953345,0.3592884,-0.4036001,0.34027642,0.65751284,-0.28760237,0.32093567,0.47972226","-0.10387826,-0.43202025,0.83772135","-0.22939692,-0.5889341,0.44928536,-0.36381194,0.32722634,0.5965092,-0.28760237,0.32093567,0.47972226",0.0
"-0.22939692,-0.5889341,0.44928536,-0.36381194,0.32722634,0.5965092,-0.28760237,0.32093567,0.47972226","-0.09138298,-0.39752364,0.7949749","-0.23812334,-0.6435916,0.5346901,-0.32073164,0.30554724,0.5303942,-0.28760237,0.32093567,0.47972226",0.0
"-0.23812334,-0.6435916,0.5346901,-0.32073164,0.30554724,0.5303942,-0.28760237,0.32093567,0.47972226","-0.16376197,-0.19889253,0.3822453","-0.2537614,-0.6709383,0.57575494,-0.28906274,0.30426332,0.4941738,-0.28760237,0.32093567,0.47972226",0.0
"-0.2537614,-0.6709383,0.57575494,-0.28906274,0.30426332,0.4941738,-0.28760237,0.32093567,0.47972226","-0.06410766,-0.063480794,0.057212472","-0.25988322,-0.6796667,0.5819014,-0.28442204,0.31111073,0.48385233,-0.28760237,0.32093567,0.47972226",0.0
"0.0,0.0,0.0,2.8652207e-07,0.005789075,0.993462,0.5800585,-0.09093567,0.5930222","-0.4396367,0.81362045,0.9340267","-0.04198211,0.11186862,0.10034308,0.3672733,-0.04288292,0.90200293,0.5800585,-0.09093567,0.5930222",0.0
"-0.04198211,0.11186862,0.10034308,0.3672733,-0.04288292,0.90200293,0.5800585,-0.09093567,0.5930222","0.01086843,0.595675,0.8691156","-0.040944252,0.19377089,0.19371273,0.6090909,-0.07294496,0.7047134,0.5800585,-0.09093567,0.5930222",0.0
"-0.040944252,0.19377089,0.19371273,0.6090909,-0.07294496,0.7047134,0.5800585,-0.09093567,0.5930222","-0.1913234,-0.25630373,0.8331369","-0.05921424,0.15853044,0.28321716,0.6115335,-0.10920181,0.63682157,0.5800585,-0.09093567,0.5930222",0.0
"-0.05921424,0.15853044,0.28321716,0.6115335,-0.10920181,0.63682157,0.5800585,-0.09093567,0.5930222","0.0043667555,-0.2559502,0.5138335","-0.05879725,0.12333862,0.33841866,0.5907769,-0.10449557,0.60975754,0.5800585,-0.09093567,0.5930222",0.0
"-0.05879725,0.12333862,0.33841866,0.5907769,-0.10449557,0.60975754,0.5800585,-0.09093567,0.5930222","0.027797937,-0.095261514,0.1800425","-0.05614275,0.11024065,0.35776082,0.5823956,-0.09791977,0.60035294,0.5800585,-0.09093567,0.5930222",0.0
"0.0,0.0,0.0,2.8652207e-07,0.005789075,0.993462,0.5589474,0.4277193,0.62845707","0.909302,0.91743946,0.98161674","0.086831756,0.1261432,0.105455704,0.3874943,0.11441864,0.88438034,0.5589474,0.4277193,0.62845707",0.0
"0.086831756,0.1261432,0.105455704,0.3874943,0.11441864,0.88438034,0.5589474,0.4277193,0.62845707","0.8097558,0.78932476,0.8763156","0.16415755,0.23467132,0.19959885,0.58919674,0.34066385,0.63230145,0.5589474,0.4277193,0.62845707",0.0
"0.16415755,0.23467132,0.19959885,0.58919674,0.34066385,0.63230145,0.5589474,0.4277193,0.62845707","0.30013084,0.18349576,-0.034374177","0.19281788,0.25990105,0.19590601,0.58383596,0.41141948,0.5944889,0.5589474,0.4277193,0.62845707",0.0
"0.19281788,0.25990105,0.19590601,0.58383596,0.41141948,0.5944889,0.5589474,0.4277193,0.62845707","0.06847274,-0.05176431,-0.037063897","0.19935654,0.25278378,0.1919242,0.565104,0.41597548,0.61232126,0.5589474,0.4277193,0.62845707",0.0
"0.19935654,0.25278378,0.1919242,0.565104,0.41597548,0.61232126,0.5589474,0.4277193,0.62845707","-0.0011306405,-0.016791046,-0.008673608","0.19924857,0.2504751,0.19099239,0.5620751,0.413492,0.61754733,0.5589474,0.4277193,0.62845707",0.0
"0.0,0.0,0.0,2.8652207e-07,0.005789075,0.993462,0.24350879,0.046491228,0.7141676","0.21964824,0.075966954,0.951856","0.020974811,0.0104450565,0.10225851,0.16226774,0.016509747,0.96695536,0.24350879,0.046491228,0.7141676",0.0
"0.020974811,0.0104450565,0.10225851,0.16226774,0.016509747,0.96695536,0.24350879,0.046491228,0.7141676","0.3011825,-0.09165728,0.93594337","0.049735554,-0.0021573608,0.20280753,0.25984225,0.046794347,0.9075891,0.24350879,0.046491228,0.7141676",0.0
"0.049735554,-0.0021573608,0.20280753,0.25984225,0.046794347,0.9075891,0.24350879,0.046491228,0.7141676","0.046134114,-0.34827542,0.92740667","0.05414102,-0.050043456,0.30243948,0.2765395,0.05336919,0.84572065,0.24350879,0.046491228,0.7141676",0.0
"0.05414102,-0.050043456,0.30243948,0.2765395,0.05336919,0.84572065,0.24350879,0.046491228,0.7141676","-0.013346732,-0.46052444,0.88587034","0.052866492,-0.11336322,0.39760914,0.2543866,0.04851264,0.7811051,0.24350879,0.046491228,0.7141676",0.0
"0.052866492,-0.11336322,0.39760914,0.2543866,0.04851264,0.7811051,0.24350879,0.046491228,0.7141676","-0.04633236,-0.3201726,0.58037066","0.048442077,-0.15738533,0.45995882,0.2340833,0.041758653,0.73143965,0.24350879,0.046491228,0.7141676",0.0
"0.048442077,-0.15738533,0.45995882,0.2340833,0.041758653,0.73143965,0.24350879,0.046491228,0.7141676","-0.022849321,-0.024484992,0.124088764","0.046260122,-0.16075191,0.47328988,0.23951384,0.040906582,0.71641517,0.24350879,0.046491228,0.7141676",0.0
"0.0,0.0,0.0,2.8652207e-07,0.005789075,0.993462,0.5836842,-0.6255555,0.2833269","-0.9367065,0.9953443,0.892215","-0.08944866,0.13685472,0.09585121,0.39899686,-0.10914497,0.8817638,0.5836842,-0.6255555,0.2833269",0.0
"-0.08944866,0.13685472,0.09585121,0.39899686,-0.10914497,0.8817638,0.5836842,-0.6255555,0.2833269","-0.96273816,0.9710362,0.8478224","-0.18138316,0.27036723,0.18693331,0.61202455,-0.38526848,0.5887045,0.5836842,-0.6255555,0.2833269",0.0
"-0.18138316,0.27036723,0.18693331,0.61202455,-0.38526848,0.5887045,0.5836842,-0.6255555,0.2833269","-0.758993,0.816622,0.7338078","-0.2538615,0.38264856,0.26576674,0.609212,-0.6158889,0.24936703,0.5836842,-0.6255555,0.2833269",0.0
"-0.2538615,0.38264856,0.26576674,0.609212,-0.6158889,0.24936703,0.5836842,-0.6255555,0.2833269","-0.1634255,-0.12328327,0.08098698","-0.26946744,0.36569777,0.27446723,0.5700037,-0.63563037,0.271348,0.5836842,-0.6255555,0.2833269",0.0
"-0.26946744,0.36569777,0.27446723,0.5700037,-0.63563037,0.271348,0.5836842,-0.6255555,0.2833269","0.03691709,-0.099998236,0.10732317","-0.26594213,0.35194856,0.28599703,0.56996316,-0.6214902,0.28180927,0.5836842,-0.6255555,0.2833269",0.0
"0.0,0.0,0.0,2.8652207e-07,0.005789075,0.993462,0.29309943,-0.65380114,0.42487016","-0.74098897,0.96487856,0.84818554","-0.070759065,0.13266584,0.09112111,0.39123526,-0.082496315,0.88981086,0.29309943,-0.65380114,0.42487016",0.0
"-0.070759065,0.13266584,0.09112111,0.39123526,-0.082496315,0.88981086,0.29309943,-0.65380114,0.42487016","-0.9490809,0.8780465,0.74904084","-0.16138941,0.25339273,0.17159103,0.60484594,-0.32934168,0.6389692,0.29309943,-0.65380114,0.42487016",0.0
"-0.16138941,0.25339273,0.17159103,0.60484594,-0.32934168,0.6389692,0.29309943,-0.65380114,0.42487016","-0.9169099,0.40155137,0.6459241","-0.24894764,0.308604,0.24098307,0.5685148,-0.5566092,0.43835008,0.29309943,-0.65380114,0.42487016",0.0
"-0.24894764,0.308604,0.24098307,0.5685148,-0.5566092,0.43835008,0.29309943,-0.65380114,0.42487016","-0.88634413,-0.23050201,0.22199273","-0.33358705,0.27691117,0.2648319,0.3884307,-0.66243076,0.4625118,0.29309943,-0.65380114,0.42487016",0.0
"-0.33358705,0.27691117,0.2648319,0.3884307,-0.66243076,0.4625118,0.29309943,-0.65380114,0.42487016","-0.38043898,-0.35434633,0.5806134","-0.36991623,0.22819039,0.32720757,0.29527482,-0.66728354,0.45601386,0.29309943,-0.65380114,0.42487016",0.0
"-0.36991623,0.22819039,0.32720757,0.29527482,-0.66728354,0.45601386,0.29309943,-0.65380114,0.42487016","0.011504054,-0.15248233,0.33085072","-0.36881766,0.20722488,0.36275113,0.29093987,-0.6510795,0.43792468,0.29309943,-0.65380114,0.42487016",0.0
