state,action,next_state,reward
"0.0,0.0,0.0,2.8652207e-07,0.005789075,0.993462,-0.09380117,-0.15415204,-0.40556052","0.83111227,-0.8971932,-0.94632876","0.07936519,-0.12335945,-0.10166469,-0.38329312,-0.091624886,0.89024025,-0.09380117,-0.15415204,-0.40556052",0.0
"0.07936519,-0.12335945,-0.10166469,-0.38329312,-0.091624886,0.89024025,-0.09380117,-0.15415204,-0.40556052","0.65386915,-0.61445856,-0.9660489","0.14180495,-0.20784433,-0.20544794,-0.58401996,-0.27245986,0.66775113,-0.09380117,-0.15415204,-0.40556052",0.0
"0.14180495,-0.20784433,-0.20544794,-0.58401996,-0.27245986,0.66775113,-0.09380117,-0.15415204,-0.40556052","0.5807209,-0.55520856,-0.95613945","0.19725958,-0.28418267,-0.3081666,-0.6424792,-0.4512793,0.38198313,-0.09380117,-0.15415204,-0.40556052",0.0
"0.19725958,-0.28418267,-0.3081666,-0.6424792,-0.4512793,0.38198313,-0.09380117,-0.15415204,-0.40556052","0.51994324,-0.64486027,-0.9644407","0.24691038,-0.37284768,-0.41177705,-0.5902385,-0.570783,0.047671705,-0.09380117,-0.15415204,-0.40556052",0.0
"0.24691038,-0.37284768,-0.41177705,-0.5902385,-0.570783,0.047671705,-0.09380117,-0.15415204,-0.40556052","0.5281327,-0.6305878,-0.97073555","0.29734322,-0.45955032,-0.5160638,-0.44328606,-0.58980775,-0.24905579,-0.09380117,-0.15415204,-0.40556052",0.0
"0.29734322,-0.45955032,-0.5160638,-0.44328606,-0.58980775,-0.24905579,-0.09380117,-0.15415204,-0.40556052","0.032235503,-0.68082225,-0.964178","0.30042148,-0.5531599,-0.61964595,-0.33514634,-0.45271045,-0.4687156,-0.09380117,-0.15415204,-0.40556052",0.0
"0.30042148,-0.5531599,-0.61964595,-0.33514634,-0.45271045,-0.4687156,-0.09380117,-0.15415204,-0.40556052","0.047947288,-0.48488617,-0.953673","0.30500013,-0.6198293,-0.72209966,-0.21734548,-0.29918417,-0.54287726,-0.09380117,-0.15415204,-0.40556052",0.0
"0.30500013,-0.6198293,-0.72209966,-0.21734548,-0.29918417,-0.54287726,-0.09380117,-0.15415204,-0.40556052","0.0896014,0.18443036,-0.926086","0.3135564,-0.59447116,-0.82158965,-0.14765574,-0.21210632,-0.4720175,-0.09380117,-0.15415204,-0.40556052",0.0
"0.3135564,-0.59447116,-0.82158965,-0.14765574,-0.21210632,-0.4720175,-0.09380117,-0.15415204,-0.40556052","0.06965661,0.3037212,-0.6452933","0.32020813,-0.5527111,-0.8909139,-0.111585274,-0.16526951,-0.39674136,-0.09380117,-0.15415204,-0.40556052",0.0
"0.32020813,-0.5527111,-0.8909139,-0.111585274,-0.16526951,-0.39674136,-0.09380117,-0.15415204,-0.40556052","0.092556715,-0.093322754,-0.039583683","0.32904664,-0.5655426,-0.89516646,-0.10081191,-0.15798901,-0.3991982,-0.09380117,-0.15415204,-0.40556052",0.0
"0.0,0.0,0.0,2.8652207e-07,0.005789075,0.993462,-0.23198831,-0.032865494,-0.35214671","0.50300753,-0.8942175,-0.9657964","0.04803356,-0.12295031,-0.103756115,-0.3920994,-0.053766202,0.8889126,-0.23198831,-0.032865494,-0.35214671",0.0
"0.04803356,-0.12295031,-0.103756115,-0.3920994,-0.053766202,0.8889126,-0.23198831,-0.032865494,-0.35214671","0.59149575,-0.7673735,-0.966283","0.10451711,-0.22846022,-0.20756453,-0.64248896,-0.21276936,0.6316544,-0.23198831,-0.032865494,-0.35214671",0.0
"0.10451711,-0.22846022,-0.20756453,-0.64248896,-0.21276936,0.6316544,-0.23198831,-0.032865494,-0.35214671","0.46113992,-0.74564034,-0.96651894","0.14855263,-0.33098194,-0.31139824,-0.740748,-0.36671534,0.28486532,-0.23198831,-0.032865494,-0.35214671",0.0
"0.14855263,-0.33098194,-0.31139824,-0.740748,-0.36671534,0.28486532,-0.23198831,-0.032865494,-0.35214671","-0.20444745,-0.8495878,-0.9667121","0.12902938,-0.44779593,-0.41525272,-0.7665329,-0.32263786,-0.10857018,-0.23198831,-0.032865494,-0.35214671",0.0
"0.12902938,-0.44779593,-0.41525272,-0.7665329,-0.32263786,-0.10857018,-0.23198831,-0.032865494,-0.35214671","-0.17569554,-0.70999205,-0.9694745","0.112251736,-0.54541624,-0.5194039,-0.6579506,-0.23597912,-0.4029175,-0.23198831,-0.032865494,-0.35214671",0.0
"0.112251736,-0.54541624,-0.5194039,-0.6579506,-0.23597912,-0.4029175,-0.23198831,-0.032865494,-0.35214671","0.09109783,0.09487116,-0.9750734","0.120950915,-0.532372,-0.6241566,-0.5322068,-0.20632312,-0.4415009,-0.23198831,-0.032865494,-0.35214671",0.0
"0.120950915,-0.532372,-0.6241566,-0.5322068,-0.20632312,-0.4415009,-0.23198831,-0.032865494,-0.35214671","-0.0456478,-0.14497346,-0.9612317","0.11659188,-0.55230516,-0.7274223,-0.38873968,-0.14291771,-0.47686708,-0.23198831,-0.032865494,-0.35214671",0.0
"0.11659188,-0.55230516,-0.7274223,-0.38873968,-0.14291771,-0.47686708,-0.23198831,-0.032865494,-0.35214671","-0.31818998,0.17595994,-0.9031236","0.08620705,-0.52811164,-0.82444537,-0.28826985,-0.07402954,-0.42528018,-0.23198831,-0.032865494,-0.35214671",0.0
"0.08620705,-0.52811164,-0.82444537,-0.28826985,-0.07402954,-0.42528018,-0.23198831,-0.032865494,-0.35214671","-0.16828394,0.38680327,-0.6115363","0.07013715,-0.47492826,-0.89014316,-0.23505385,-0.046714228,-0.35554585,-0.23198831,-0.032865494,-0.35214671",0.0
"0.0,0.0,0.0,2.8652207e-07,0.005789075,0.993462,0.17695907,0.035380118,-0.40556052","0.13857818,0.91465545,0.9405596","0.013233216,0.12576042,0.10104491,0.39745006,0.02232698,0.8884304,0.17695907,0.035380118,-0.40556052",0.0
"0.013233216,0.12576042,0.10104491,0.39745006,0.02232698,0.8884304,0.17695907,0.035380118,-0.40556052","0.57384944,0.8879287,0.95000577","0.068031676,0.24784608,0.20310465,0.6845858,0.15450859,0.60523856,0.17695907,0.035380118,-0.40556052",0.0
"0.068031676,0.24784608,0.20310465,0.6845858,0.15450859,0.60523856,0.17695907,0.035380118,-0.40556052","0.00777936,0.81195366,0.9523064","0.06877454,0.35948557,0.30541152,0.8269965,0.1874429,0.23597448,0.17695907,0.035380118,-0.40556052",0.0
"0.06877454,0.35948557,0.30541152,0.8269965,0.1874429,0.23597448,0.17695907,0.035380118,-0.40556052","0.042860866,0.7577033,0.9575355","0.072867446,0.4636659,0.40828013,0.8137146,0.19554336,-0.1317245,0.17695907,0.035380118,-0.40556052",0.0
"0.072867446,0.4636659,0.40828013,0.8137146,0.19554336,-0.1317245,0.17695907,0.035380118,-0.40556052","-0.06285262,0.52558804,0.9494624","0.06686548,0.5359316,0.51028144,0.698124,0.15476637,-0.3794326,0.17695907,0.035380118,-0.40556052",0.0
"0.06686548,0.5359316,0.51028144,0.698124,0.15476637,-0.3794326,0.17695907,0.035380118,-0.40556052","0.038666368,0.4149562,0.93044305","0.07055784,0.59298605,0.61023945,0.53225124,0.12588674,-0.52012974,0.17695907,0.035380118,-0.40556052",0.0
"0.07055784,0.59298605,0.61023945,0.53225124,0.12588674,-0.52012974,0.17695907,0.035380118,-0.40556052","0.010361552,-0.06244999,0.92888784","0.07154729,0.5843995,0.71003044,0.40298012,0.098074645,-0.51218575,0.17695907,0.035380118,-0.40556052",0.0
"0.07154729,0.5843995,0.71003044,0.40298012,0.098074645,-0.51218575,0.17695907,0.035380118,-0.40556052","0.07611418,0.0040938854,0.9113517","0.07881565,0.5849625,0.8079375,0.27234027,0.074817784,-0.47444248,0.17695907,0.035380118,-0.40556052",0.0
"0.07881565,0.5849625,0.8079375,0.27234027,0.074817784,-0.47444248,0.17695907,0.035380118,-0.40556052","-0.24963409,-0.13129109,0.7874923","0.054977406,0.5669107,0.8925383,0.18580182,0.038291004,-0.40210965,0.17695907,0.035380118,-0.40556052",0.0
"0.0,0.0,0.0,2.8652207e-07,0.005789075,0.993462,-0.35818714,-0.38058478,-0.383332","0.76659584,-0.85158753,-0.9735732","0.07320434,-0.117088914,-0.104591586,-0.3763512,-0.08216577,0.8938104,-0.35818714,-0.38058478,-0.383332",0.0
"0.07320434,-0.117088914,-0.104591586,-0.3763512,-0.08216577,0.8938104,-0.35818714,-0.38058478,-0.383332","0.6987848,-0.8913574,-0.9589845","0.13993321,-0.23964599,-0.2076159,-0.62954605,-0.2896837,0.61289555,-0.35818714,-0.38058478,-0.383332",0.0
"0.13993321,-0.23964599,-0.2076159,-0.62954605,-0.2896837,0.61289555,-0.35818714,-0.38058478,-0.383332","0.73409724,-0.82206553,-0.966334","0.21003416,-0.3526758,-0.31142977,-0.6693181,-0.5119656,0.2406434,-0.35818714,-0.38058478,-0.383332",0.0
"0.21003416,-0.3526758,-0.31142977,-0.6693181,-0.5119656,0.2406434,-0.35818714,-0.38058478,-0.383332","0.6181747,-0.7795192,-0.9515662","0.26906535,-0.45985574,-0.4136571,-0.5569147,-0.6192458,-0.13096577,-0.35818714,-0.38058478,-0.383332",0.0
"0.26906535,-0.45985574,-0.4136571,-0.5569147,-0.6192458,-0.13096577,-0.35818714,-0.38058478,-0.383332","-0.14483446,-0.6928564,-0.9289483","0.25523472,-0.55511993,-0.51345456,-0.49144784,-0.49955982,-0.41504088,-0.35818714,-0.38058478,-0.383332",0.0
"0.25523472,-0.55511993,-0.51345456,-0.49144784,-0.49955982,-0.41504088,-0.35818714,-0.38058478,-0.383332","0.14232957,0.19407225,-0.84846157","0.26882616,-0.52843606,-0.6046052,-0.4024534,-0.44439796,-0.4277834,-0.35818714,-0.38058478,-0.383332",0.0
"0.26882616,-0.52843606,-0.6046052,-0.4024534,-0.44439796,-0.4277834,-0.35818714,-0.38058478,-0.383332","-0.019249141,0.33307314,-0.6408812","0.266988,-0.48264027,-0.6734555,-0.36028,-0.3922843,-0.3915017,-0.35818714,-0.38058478,-0.383332",0.0
"0.0,0.0,0.0,2.8652207e-07,0.005789075,0.993462,0.050935674,-0.046783626,-0.61392003","0.2792107,0.9658991,0.96987176","0.0266626,0.13280617,0.10419393,0.41357118,0.040532634,0.8787923,0.050935674,-0.046783626,-0.61392003",0.0
"0.0266626,0.13280617,0.10419393,0.41357118,0.040532634,0.8787923,0.050935674,-0.046783626,-0.61392003","-0.68604696,0.96459126,0.95309556","-0.038849905,0.26543254,0.20658559,0.7233501,-0.08289359,0.56964624,0.050935674,-0.046783626,-0.61392003",0.0
"-0.038849905,0.26543254,0.20658559,0.7233501,-0.08289359,0.56964624,0.050935674,-0.046783626,-0.61392003","-0.7139152,0.9204445,0.9553969","-0.10702363,0.39198893,0.30922446,0.8208344,-0.28074503,0.16201983,0.050935674,-0.046783626,-0.61392003",0.0
"-0.10702363,0.39198893,0.30922446,0.8208344,-0.28074503,0.16201983,0.050935674,-0.046783626,-0.61392003","-0.32904792,0.94973695,0.95172143","-0.13844532,0.5225729,0.41146848,0.7510495,-0.34256363,-0.255291,0.050935674,-0.046783626,-0.61392003",0.0
"-0.13844532,0.5225729,0.41146848,0.7510495,-0.34256363,-0.255291,0.050935674,-0.046783626,-0.61392003","-0.6466992,0.9486301,0.96420336","-0.20020041,0.6530047,0.5150534,0.5099085,-0.36380213,-0.57503027,0.050935674,-0.046783626,-0.61392003",0.0
"-0.20020041,0.6530047,0.5150534,0.5099085,-0.36380213,-0.57503027,0.050935674,-0.046783626,-0.61392003","-0.9295977,0.94049215,0.9546218","-0.28897023,0.7823176,0.6176089,0.21787778,-0.2696118,-0.72857934,0.050935674,-0.046783626,-0.61392003",0.0
"-0.28897023,0.7823176,0.6176089,0.21787778,-0.2696118,-0.72857934,0.050935674,-0.046783626,-0.61392003","-0.46003383,0.7401854,0.9407655","-0.33290014,0.88408935,0.7186758,0.058184907,-0.08891164,-0.70336676,0.050935674,-0.046783626,-0.61392003",0.0
"-0.33290014,0.88408935,0.7186758,0.058184907,-0.08891164,-0.70336676,0.050935674,-0.046783626,-0.61392003","0.2521553,-0.20818233,0.60668266","-0.30882114,0.8554654,0.783852,0.04816078,-0.060060553,-0.6203425,0.050935674,-0.046783626,-0.61392003",0.0
"0.0,0.0,0.0,2.8652207e-07,0.005789075,0.993462,-0.015672516,-0.034619883,-0.30644754","0.9040128,-0.9570416,-0.9486215","0.08632665,-0.1315883,-0.10191101,-0.39701438,-0.10438287,0.8819608,-0.015672516,-0.034619883,-0.30644754",0.0
"0.08632665,-0.1315883,-0.10191101,-0.39701438,-0.10438287,0.8819608,-0.015672516,-0.034619883,-0.30644754","0.71466494,-0.59179133,-0.9330006","0.15457197,-0.21295658,-0.20214386,-0.57743514,-0.29819742,0.6640977,-0.015672516,-0.034619883,-0.30644754",0.0
"0.15457197,-0.21295658,-0.20214386,-0.57743514,-0.29819742,0.6640977,-0.015672516,-0.034619883,-0.30644754","0.6348729,-0.39695656,-0.92644167","0.21519774,-0.26753607,-0.3016721,-0.6020143,-0.475498,0.42357087,-0.015672516,-0.034619883,-0.30644754",0.0
"0.21519774,-0.26753607,-0.3016721,-0.6020143,-0.475498,0.42357087,-0.015672516,-0.034619883,-0.30644754","0.79398346,-0.6590865,-0.9473483","0.2910174,-0.3581571,-0.40344632,-0.5050143,-0.6458926,0.08922387,-0.015672516,-0.034619883,-0.30644754",0.0
"0.2910174,-0.3581571,-0.40344632,-0.5050143,-0.6458926,0.08922387,-0.015672516,-0.034619883,-0.30644754","0.7347292,-0.8760621,-0.9384167","0.36117873,-0.47861117,-0.504261,-0.3200254,-0.6729768,-0.27175707,-0.015672516,-0.034619883,-0.30644754",0.0
"0.36117873,-0.47861117,-0.504261,-0.3200254,-0.6729768,-0.27175707,-0.015672516,-0.034619883,-0.30644754","0.52717566,-0.86828613,-0.9105609","0.41152018,-0.5979961,-0.6020831,-0.15764193,-0.5313487,-0.52496016,-0.015672516,-0.034619883,-0.30644754",0.0
"0.41152018,-0.5979961,-0.6020831,-0.15764193,-0.5313487,-0.52496016,-0.015672516,-0.034619883,-0.30644754","-0.03027159,-0.76999766,-0.9506204","0.40862945,-0.7038669,-0.70420885,-0.09541365,-0.30276936,-0.62163043,-0.015672516,-0.034619883,-0.30644754",0.0
"0.40862945,-0.7038669,-0.70420885,-0.09541365,-0.30276936,-0.62163043,-0.015672516,-0.034619883,-0.30644754","0.27279365,-0.33627963,-0.9649232","0.43467927,-0.75010365,-0.807871,-0.03661721,-0.14751549,-0.5629222,-0.015672516,-0.034619883,-0.30644754",0.0
"0.43467927,-0.75010365,-0.807871,-0.03661721,-0.14751549,-0.5629222,-0.015672516,-0.034619883,-0.30644754","0.006100416,0.21701837,-0.8905003","0.43526182,-0.7202648,-0.90353805,-0.02315142,-0.083596595,-0.44212335,-0.015672516,-0.034619883,-0.30644754",0.0
"0.43526182,-0.7202648,-0.90353805,-0.02315142,-0.083596595,-0.44212335,-0.015672516,-0.034619883,-0.30644754","-0.16459924,0.31406236,-0.7266396","0.41954377,-0.6770829,-0.98160136,-0.018549254,-0.048666872,-0.33141387,-0.015672516,-0.034619883,-0.30644754",0.0
"0.41954377,-0.6770829,-0.98160136,-0.018549254,-0.048666872,-0.33141387,-0.015672516,-0.034619883,-0.30644754","-0.27204478,0.055663347,-0.1987006","0.39356548,-0.66942954,-1.0,-0.019569358,-0.038686678,-0.30501246,-0.015672516,-0.034619883,-0.30644754",0.0
"0.0,0.0,0.0,2.8652207e-07,0.005789075,0.993462,0.450117,-0.23701754,-0.6336642","-0.60422325,0.9577105,0.9402082","-0.05769893,0.13168028,0.10100716,0.4039172,-0.06814366,0.88263077,0.450117,-0.23701754,-0.6336642",0.0
"-0.05769893,0.13168028,0.10100716,0.4039172,-0.06814366,0.88263077,0.450117,-0.23701754,-0.6336642","-0.0059047937,0.950125,0.80878055","-0.05826279,0.2623176,0.18789496,0.70171994,-0.12400765,0.6014598,0.450117,-0.23701754,-0.6336642",0.0
"-0.05826279,0.2623176,0.18789496,0.70171994,-0.12400765,0.6014598,0.450117,-0.23701754,-0.6336642","-0.31154466,0.94029915,0.91045713","-0.088013045,0.39160392,0.28570592,0.8395282,-0.23221515,0.19929947,0.450117,-0.23701754,-0.6336642",0.0
"-0.088013045,0.39160392,0.28570592,0.8395282,-0.23221515,0.19929947,0.450117,-0.23701754,-0.6336642","-0.3135625,0.9294671,0.93987966","-0.11795599,0.5194009,0.3866778,0.7925092,-0.30169377,-0.2187416,0.450117,-0.23701754,-0.6336642",0.0
"-0.11795599,0.5194009,0.3866778,0.7925092,-0.30169377,-0.2187416,0.450117,-0.23701754,-0.6336642","-0.5183521,0.9122405,0.9392706","-0.16745487,0.64482933,0.48758417,0.5821122,-0.33131307,-0.54838556,0.450117,-0.23701754,-0.6336642",0.0
"-0.16745487,0.64482933,0.48758417,0.5821122,-0.33131307,-0.54838556,0.450117,-0.23701754,-0.6336642","0.008123875,0.5026493,0.61286664","-0.16667908,0.71394104,0.5534248,0.44742298,-0.251658,-0.669324,0.450117,-0.23701754,-0.6336642",0.0
"-0.16667908,0.71394104,0.5534248,0.44742298,-0.251658,-0.669324,0.450117,-0.23701754,-0.6336642","0.061648607,-0.23159635,0.22619438","-0.16079208,0.6820978,0.57772493,0.45127407,-0.24293898,-0.6309569,0.450117,-0.23701754,-0.6336642",0.0
"0.0,0.0,0.0,2.8652207e-07,0.005789075,0.993462,-0.018654972,0.016666666,-0.46819258","0.7812146,0.9498379,0.9529724","0.07460033,0.13059783,0.10237842,0.39655417,0.100629754,0.8825563,-0.018654972,0.016666666,-0.46819258",0.0
"0.07460033,0.13059783,0.10237842,0.39655417,0.100629754,0.8825563,-0.018654972,0.016666666,-0.46819258","0.84691596,0.85529876,0.95429134","0.15547465,0.24819703,0.20489855,0.61842144,0.3351754,0.60212797,-0.018654972,0.016666666,-0.46819258",0.0
"0.15547465,0.24819703,0.20489855,0.61842144,0.3351754,0.60212797,-0.018654972,0.016666666,-0.46819258","0.35066783,0.85120773,0.95661116","0.18896088,0.36523375,0.30766788,0.7026606,0.48116738,0.22054705,-0.018654972,0.016666666,-0.46819258",0.0
"0.18896088,0.36523375,0.30766788,0.7026606,0.48116738,0.22054705,-0.018654972,0.016666666,-0.46819258","0.65474796,0.89429474,0.9653115","0.25148454,0.48819467,0.4113719,0.581751,0.59543115,-0.18562661,-0.018654972,0.016666666,-0.46819258",0.0
"0.25148454,0.48819467,0.4113719,0.581751,0.59543115,-0.18562661,-0.018654972,0.016666666,-0.46819258","0.4097774,0.8958349,0.9645692","0.29061532,0.6113674,0.5149961,0.39950284,0.5265684,-0.5095847,-0.018654972,0.016666666,-0.46819258",0.0
"0.29061532,0.6113674,0.5149961,0.39950284,0.5265684,-0.5095847,-0.018654972,0.016666666,-0.46819258","0.61806846,0.884146,0.93421423","0.34963638,0.732933,0.6153593,0.17976516,0.36454144,-0.6839925,-0.018654972,0.016666666,-0.46819258",0.0
"0.34963638,0.732933,0.6153593,0.17976516,0.36454144,-0.6839925,-0.018654972,0.016666666,-0.46819258","0.7035736,0.6295955,0.945135","0.41682255,0.81949914,0.7168957,0.041057725,0.17594258,-0.6825853,-0.018654972,0.016666666,-0.46819258",0.0
"0.41682255,0.81949914,0.7168957,0.041057725,0.17594258,-0.6825853,-0.018654972,0.016666666,-0.46819258","0.7446598,0.06330407,0.9639783","0.48793218,0.8282032,0.8204563,-0.003063801,0.07197743,-0.5694203,-0.018654972,0.016666666,-0.46819258",0.0
"0.48793218,0.8282032,0.8204563,-0.003063801,0.07197743,-0.5694203,-0.018654972,0.016666666,-0.46819258","0.69065356,-0.0053619742,0.67533183","0.55388457,0.827466,0.8930076,-0.009530102,0.021393305,-0.47087207,-0.018654972,0.016666666,-0.46819258",0.0
"0.0,0.0,0.0,2.8652207e-07,0.005789075,0.993462,-0.09719299,-0.20719297,-0.54978424","0.7784511,-0.90596926,-0.94889164","0.074336424,-0.124566115,-0.10194003,-0.38731876,-0.08618284,0.8888502,-0.09719299,-0.20719297,-0.54978424",0.0
"0.074336424,-0.124566115,-0.10194003,-0.38731876,-0.08618284,0.8888502,-0.09719299,-0.20719297,-0.54978424","0.7627548,-0.86398315,-0.95079446","0.14717397,-0.24335939,-0.20408449,-0.62553567,-0.30529454,0.61152166,-0.09719299,-0.20719297,-0.54978424",0.0
"0.14717397,-0.24335939,-0.20408449,-0.62553567,-0.30529454,0.61152166,-0.09719299,-0.20719297,-0.54978424","0.6535361,-0.76957846,-0.9488429","0.20958193,-0.34917247,-0.30601928,-0.66840374,-0.50974447,0.25626686,-0.09719299,-0.20719297,-0.54978424",0.0
"0.20958193,-0.34917247,-0.30601928,-0.66840374,-0.50974447,0.25626686,-0.09719299,-0.20719297,-0.54978424","0.6639323,-0.79327214,-0.96152073","0.27298266,-0.45824334,-0.40931603,-0.5514422,-0.62858427,-0.12201549,-0.09719299,-0.20719297,-0.54978424",0.0
"0.27298266,-0.45824334,-0.40931603,-0.5514422,-0.62858427,-0.12201549,-0.09719299,-0.20719297,-0.54978424","0.5903858,-0.7055677,-0.9704564","0.32936022,-0.55525535,-0.51357275,-0.3627829,-0.59929633,-0.4153602,-0.09719299,-0.20719297,-0.54978424",0.0
"0.32936022,-0.55525535,-0.51357275,-0.3627829,-0.59929633,-0.4153602,-0.09719299,-0.20719297,-0.54978424","0.020492196,-0.69756025,-0.9546269","0.33131707,-0.6511663,-0.61612886,-0.25203985,-0.41877782,-0.594379,-0.09719299,-0.20719297,-0.54978424",0.0
"0.33131707,-0.6511663,-0.61612886,-0.25203985,-0.41877782,-0.594379,-0.09719299,-0.20719297,-0.54978424","0.1414218,-0.39484823,-0.92206126","0.3448218,-0.70545596,-0.7151864,-0.1463887,-0.26374808,-0.61651045,-0.09719299,-0.20719297,-0.54978424",0.0
"0.3448218,-0.70545596,-0.7151864,-0.1463887,-0.26374808,-0.61651045,-0.09719299,-0.20719297,-0.54978424","0.10875726,0.3168521,-0.6228428","0.35520738,-0.6618905,-0.7820988,-0.11784428,-0.22777128,-0.5423006,-0.09719299,-0.20719297,-0.54978424",0.0
"0.35520738,-0.6618905,-0.7820988,-0.11784428,-0.22777128,-0.5423006,-0.09719299,-0.20719297,-0.54978424","0.077815056,-0.07637894,-0.083262324","0.36263815,-0.6723923,-0.79104376,-0.10430205,-0.21266693,-0.5417945,-0.09719299,-0.20719297,-0.54978424",0.0
"0.0,0.0,0.0,2.8652207e-07,0.005789075,0.993462,0.0061988304,0.00023391812,-0.7596475","0.8428558,0.98253834,0.9562242","0.08048662,0.13509397,0.10272777,0.4035015,0.110238805,0.8777223,0.0061988304,0.00023391812,-0.7596475",0.0
"0.08048662,0.13509397,0.10272777,0.4035015,0.110238805,0.8777223,0.0061988304,0.00023391812,-0.7596475","0.83064055,0.97713673,0.9420576","0.15980676,0.26944527,0.20393361,0.63883436,0.3573025,0.56629056,0.0061988304,0.00023391812,-0.7596475",0.0
"0.15980676,0.26944527,0.20393361,0.63883436,0.3573025,0.56629056,0.0061988304,0.00023391812,-0.7596475","-0.23561615,0.96425986,0.9059534","0.13730712,0.40202606,0.30126074,0.79200155,0.37090996,0.15298933,0.0061988304,0.00023391812,-0.7596475",0.0
"0.13730712,0.40202606,0.30126074,0.79200155,0.37090996,0.15298933,0.0061988304,0.00023391812,-0.7596475","-0.5530764,0.97169137,0.92906237","0.08449235,0.5356287,0.40107048,0.80070347,0.2236757,-0.26945138,0.0061988304,0.00023391812,-0.7596475",0.0
"0.08449235,0.5356287,0.40107048,0.80070347,0.2236757,-0.26945138,0.0061988304,0.00023391812,-0.7596475","-0.058386087,0.96826994,0.9576911","0.0789169,0.66876084,0.5039558,0.60632205,0.15945223,-0.5943817,0.0061988304,0.00023391812,-0.7596475",0.0
"0.0789169,0.66876084,0.5039558,0.60632205,0.15945223,-0.5943817,0.0061988304,0.00023391812,-0.7596475","-0.7251569,0.9626566,0.9445058","0.0096696755,0.80112123,0.6054246,0.33974698,0.016116338,-0.7498333,0.0061988304,0.00023391812,-0.7596475",0.0
"0.0096696755,0.80112123,0.6054246,0.33974698,0.016116338,-0.7498333,0.0061988304,0.00023391812,-0.7596475","-0.8235981,0.9282656,0.7293644","-0.068977974,0.92875296,0.68378067,0.08625484,-0.013061421,-0.7527847,0.0061988304,0.00023391812,-0.7596475",0.0
"-0.068977974,0.92875296,0.68378067,0.08625484,-0.013061421,-0.7527847,0.0061988304,0.00023391812,-0.7596475","-0.73505354,0.55539846,0.11223018","-0.13916741,0.999981,0.69584584,-0.00793832,0.0101010045,-0.7446976,0.0061988304,0.00023391812,-0.7596475",0.0
"-0.13916741,0.999981,0.69584584,-0.00793832,0.0101010045,-0.7446976,0.0061988304,0.00023391812,-0.7596475","-0.35477352,0.113892674,-0.084929466","-0.17304288,0.9999811,0.68673044,-0.0006700948,0.00716985,-0.75643855,0.0061988304,0.00023391812,-0.7596475",0.0
"0.0,0.0,0.0,2.8652207e-07,0.005789075,0.993462,-0.062397663,-0.6830409,-0.15444382","0.9592924,-0.8664582,-0.94153464","0.091605455,-0.119133554,-0.101149656,-0.37090808,-0.1037531,0.8946747,-0.062397663,-0.6830409,-0.15444382",0.0
"0.091605455,-0.119133554,-0.101149656,-0.37090808,-0.1037531,0.8946747,-0.062397663,-0.6830409,-0.15444382","0.9559891,-0.7747246,-0.9065421","0.18289548,-0.2256542,-0.19854005,-0.562614,-0.35737044,0.6485568,-0.062397663,-0.6830409,-0.15444382",0.0
"0.18289548,-0.2256542,-0.19854005,-0.562614,-0.35737044,0.6485568,-0.062397663,-0.6830409,-0.15444382","0.96891665,-0.6566493,-0.8898348","0.27541998,-0.31594014,-0.29413554,-0.531848,-0.6154545,0.3418956,-0.062397663,-0.6830409,-0.15444382",0.0
"0.27541998,-0.31594014,-0.29413554,-0.531848,-0.6154545,0.3418956,-0.062397663,-0.6830409,-0.15444382","0.95136666,-0.62739235,-0.8298577","0.3662686,-0.40220338,-0.3832877,-0.34992647,-0.7691211,0.029229883,-0.062397663,-0.6830409,-0.15444382",0.0
"0.3662686,-0.40220338,-0.3832877,-0.34992647,-0.7691211,0.029229883,-0.062397663,-0.6830409,-0.15444382","0.8178854,-0.54146755,-0.70306516","0.44437072,-0.47665244,-0.4588184,-0.14338234,-0.7787797,-0.21952075,-0.062397663,-0.6830409,-0.15444382",0.0
"0.44437072,-0.47665244,-0.4588184,-0.14338234,-0.7787797,-0.21952075,-0.062397663,-0.6830409,-0.15444382","0.1987822,0.28844,-0.7951475","0.46335298,-0.43699348,-0.54424155,-0.08763031,-0.707399,-0.23690301,-0.062397663,-0.6830409,-0.15444382",0.0
"0.46335298,-0.43699348,-0.54424155,-0.08763031,-0.707399,-0.23690301,-0.062397663,-0.6830409,-0.15444382","0.024972558,0.4482062,-0.53124005","0.46573767,-0.3753675,-0.601313,-0.07675778,-0.6564821,-0.1878908,-0.062397663,-0.6830409,-0.15444382",0.0
"0.46573767,-0.3753675,-0.601313,-0.07675778,-0.6564821,-0.1878908,-0.062397663,-0.6830409,-0.15444382","0.05892551,0.1361816,0.042503476","0.47136465,-0.3566433,-0.5967468,-0.06576248,-0.6646261,-0.15311345,-0.062397663,-0.6830409,-0.15444382",0.0
"0.47136465,-0.3566433,-0.5967468,-0.06576248,-0.6646261,-0.15311345,-0.062397663,-0.6830409,-0.15444382","0.009343147,-0.06078601,0.12801278","0.47225684,-0.3650011,-0.5829943,-0.065120324,-0.67878073,-0.1529269,-0.062397663,-0.6830409,-0.15444382",0.0
"0.0,0.0,0.0,2.8652207e-07,0.005789075,0.993462,0.023099417,-0.11491228,-0.44393736","0.94414926,-0.9430958,-0.90878934","0.090159394,-0.12967083,-0.09763181,-0.3872764,-0.10669526,0.88742894,0.023099417,-0.11491228,-0.44393736",0.0
"0.090159394,-0.12967083,-0.09763181,-0.3872764,-0.10669526,0.88742894,0.023099417,-0.11491228,-0.44393736","0.836645,-0.6043731,-0.9496653","0.17005293,-0.21276902,-0.19965497,-0.56045693,-0.3248533,0.66771626,0.023099417,-0.11491228,-0.44393736",0.0
"0.17005293,-0.21276902,-0.19965497,-0.56045693,-0.3248533,0.66771626,0.023099417,-0.11491228,-0.44393736","0.7145157,-0.6425595,-0.93009305","0.23828399,-0.30111766,-0.29957548,-0.5902878,-0.5404587,0.36259806,0.023099417,-0.11491228,-0.44393736",0.0
"0.23828399,-0.30111766,-0.29957548,-0.5902878,-0.5404587,0.36259806,0.023099417,-0.11491228,-0.44393736","0.52975416,-0.68341655,-0.9562612","0.28887168,-0.39508393,-0.4023072,-0.51729864,-0.6526378,0.016407989,0.023099417,-0.11491228,-0.44393736",0.0
"0.28887168,-0.39508393,-0.4023072,-0.51729864,-0.6526378,0.016407989,0.023099417,-0.11491228,-0.44393736","0.44582963,-0.8234244,-0.95683634","0.33144516,-0.5083006,-0.5051007,-0.37563348,-0.6303361,-0.32612792,0.023099417,-0.11491228,-0.44393736",0.0
"0.33144516,-0.5083006,-0.5051007,-0.37563348,-0.6303361,-0.32612792,0.023099417,-0.11491228,-0.44393736","0.7602304,-0.80219114,-0.95913965","0.40404162,-0.6185978,-0.60814166,-0.1625593,-0.50330704,-0.5533547,0.023099417,-0.11491228,-0.44393736",0.0
"0.40404162,-0.6185978,-0.60814166,-0.1625593,-0.50330704,-0.5533547,0.023099417,-0.11491228,-0.44393736","0.37702954,-0.798582,-0.9576628","0.4400452,-0.72839874,-0.7110239,-0.058893517,-0.2780535,-0.6355191,0.023099417,-0.11491228,-0.44393736",0.0
"0.4400452,-0.72839874,-0.7110239,-0.058893517,-0.2780535,-0.6355191,0.023099417,-0.11491228,-0.44393736","0.5051501,0.08723593,-0.95207465","0.4882834,-0.7164043,-0.8133059,-0.012219035,-0.17450252,-0.54387796,0.023099417,-0.11491228,-0.44393736",0.0
"0.4882834,-0.7164043,-0.8133059,-0.012219035,-0.17450252,-0.54387796,0.023099417,-0.11491228,-0.44393736","0.19979095,0.40650344,-0.7522254","0.50736195,-0.66051227,-0.894118,-0.0027212899,-0.13268185,-0.43743873,0.023099417,-0.11491228,-0.44393736",0.0
"0.50736195,-0.66051227,-0.894118,-0.0027212899,-0.13268185,-0.43743873,0.023099417,-0.11491228,-0.44393736","0.3171692,-0.072202265,-0.068656266","0.5376493,-0.6704398,-0.9014938,0.008341031,-0.1192493,-0.43209067,0.023099417,-0.11491228,-0.44393736",0.0
"0.5376493,-0.6704398,-0.9014938,0.008341031,-0.1192493,-0.43209067,0.023099417,-0.11491228,-0.44393736","0.29927468,-0.11790073,0.052294135","0.56622785,-0.6866506,-0.8958759,0.017981134,-0.11319734,-0.44329575,0.023099417,-0.11491228,-0.44393736",0.0
"0.0,0.0,0.0,2.8652207e-07,0.005789075,0.993462,0.18836258,0.13929825,-0.35214671","0.6721345,0.9158559,0.8960309","0.06418397,0.12592547,0.09626116,0.3835504,0.08431352,0.8921745,0.18836258,0.13929825,-0.35214671",0.0
"0.06418397,0.12592547,0.09626116,0.3835504,0.08431352,0.8921745,0.18836258,0.13929825,-0.35214671","0.6176505,0.76839125,0.954468","0.123165116,0.23157534,0.19880027,0.62335205,0.26025295,0.63851196,0.18836258,0.13929825,-0.35214671",0.0
"0.123165116,0.23157534,0.19880027,0.62335205,0.26025295,0.63851196,0.18836258,0.13929825,-0.35214671","0.3363614,0.7301791,0.95262337","0.1552852,0.33197123,0.30114117,0.7281961,0.39295048,0.29887944,0.18836258,0.13929825,-0.35214671",0.0
"0.1552852,0.33197123,0.30114117,0.7281961,0.39295048,0.29887944,0.18836258,0.13929825,-0.35214671","0.12254751,0.71337605,0.94625115","0.16698758,0.4300568,0.40279755,0.72343045,0.42533547,-0.055631485,0.18836258,0.13929825,-0.35214671",0.0
"0.16698758,0.4300568,0.40279755,0.72343045,0.42533547,-0.055631485,0.18836258,0.13929825,-0.35214671","-0.041895807,0.3272736,0.9409729","0.16298683,0.47505534,0.5038868,0.64802456,0.37085629,-0.26491445,0.18836258,0.13929825,-0.35214671",0.0
"0.16298683,0.47505534,0.5038868,0.64802456,0.37085629,-0.26491445,0.18836258,0.13929825,-0.35214671","0.10859954,0.09719443,0.9340496","0.1733573,0.48841912,0.6042324,0.5289141,0.32714573,-0.36793682,0.18836258,0.13929825,-0.35214671",0.0
"0.1733573,0.48841912,0.6042324,0.5289141,0.32714573,-0.36793682,0.18836258,0.13929825,-0.35214671","0.12614405,0.027637482,0.93609345","0.18540314,0.49221918,0.70479745,0.40106252,0.27110964,-0.4108669,0.18836258,0.13929825,-0.35214671",0.0
"0.18540314,0.49221918,0.70479745,0.40106252,0.27110964,-0.4108669,0.18836258,0.13929825,-0.35214671","0.18971086,-0.04347104,0.89851665","0.20351915,0.48624223,0.8013257,0.2798996,0.21534063,-0.40044063,0.18836258,0.13929825,-0.35214671",0.0
"0.20351915,0.48624223,0.8013257,0.2798996,0.21534063,-0.40044063,0.18836258,0.13929825,-0.35214671","-0.032601416,-0.12802154,0.772411","0.20040596,0.46863997,0.88430625,0.19874305,0.15194611,-0.35504586,0.18836258,0.13929825,-0.35214671",0.0
"0.0,0.0,0.0,2.8652207e-07,0.005789075,0.993462,-0.023333333,0.025146198,-0.6184311","0.7436093,0.9629822,0.9455266","0.0710093,0.1324051,0.10157851,0.40018773,0.09672201,0.8814228,-0.023333333,0.025146198,-0.6184311",0.0
"0.0710093,0.1324051,0.10157851,0.40018773,0.09672201,0.8814228,-0.023333333,0.025146198,-0.6184311","0.8141898,0.9099709,0.9500302","0.14875852,0.25752142,0.20364085,0.63625795,0.3275553,0.5877591,-0.023333333,0.025146198,-0.6184311",0.0
"0.14875852,0.25752142,0.20364085,0.63625795,0.3275553,0.5877591,-0.023333333,0.025146198,-0.6184311","-0.2534861,0.8952699,0.93423665","0.12455243,0.38061646,0.30400646,0.7945096,0.3340519,0.19408649,-0.023333333,0.025146198,-0.6184311",0.0
"0.12455243,0.38061646,0.30400646,0.7945096,0.3340519,0.19408649,-0.023333333,0.025146198,-0.6184311","0.43215787,0.9278519,0.953796","0.16582036,0.50819135,0.40647337,0.71988046,0.41975105,-0.22020762,-0.023333333,0.025146198,-0.6184311",0.0
"0.16582036,0.50819135,0.40647337,0.71988046,0.41975105,-0.22020762,-0.023333333,0.025146198,-0.6184311","-0.34877455,0.94029355,0.9650898","0.13251492,0.6374769,0.51015353,0.5887971,0.2666683,-0.54864776,-0.023333333,0.025146198,-0.6184311",0.0
"0.13251492,0.6374769,0.51015353,0.5887971,0.2666683,-0.54864776,-0.023333333,0.025146198,-0.6184311","-0.9167031,0.9238901,0.95156777","0.04497643,0.7645071,0.612381,0.37008715,0.05849125,-0.71503496,-0.023333333,0.025146198,-0.6184311",0.0
"0.04497643,0.7645071,0.612381,0.37008715,0.05849125,-0.71503496,-0.023333333,0.025146198,-0.6184311","-0.8713394,0.90861356,0.93405724","-0.038230162,0.88943684,0.7127273,0.10571546,-0.006926604,-0.71135646,-0.023333333,0.025146198,-0.6184311",0.0
"-0.038230162,0.88943684,0.7127273,0.10571546,-0.006926604,-0.71135646,-0.023333333,0.025146198,-0.6184311","-0.8706796,0.59942997,0.82034445","-0.12137375,0.9718554,0.80085737,-0.04182287,0.023005627,-0.60113496,-0.023333333,0.025146198,-0.6184311",0.0
"-0.12137375,0.9718554,0.80085737,-0.04182287,0.023005627,-0.60113496,-0.023333333,0.025146198,-0.6184311","-0.64422107,0.01064086,-0.12306702","-0.18289219,0.9733184,0.7876361,-0.032169163,0.02772473,-0.6201979,-0.023333333,0.025146198,-0.6184311",0.0
"0.0,0.0,0.0,2.8652207e-07,0.005789075,0.993462,0.02508772,-0.23292397,-0.35214671","0.9560596,-0.94071895,-0.88282406","0.09129674,-0.12934402,-0.094842345,-0.38309458,-0.10695821,0.8900282,0.02508772,-0.23292397,-0.35214671",0.0
"0.09129674,-0.12934402,-0.094842345,-0.38309458,-0.10695821,0.8900282,0.02508772,-0.23292397,-0.35214671","0.82835436,-0.5719669,-0.948454","0.17039858,-0.20798653,-0.19673537,-0.5518933,-0.32059222,0.6790826,0.02508772,-0.23292397,-0.35214671",0.0
"0.17039858,-0.20798653,-0.19673537,-0.5518933,-0.32059222,0.6790826,0.02508772,-0.23292397,-0.35214671","0.88163686,-0.66835207,-0.9261811","0.2545885,-0.29988152,-0.2962356,-0.5607575,-0.5688565,0.37020436,0.02508772,-0.23292397,-0.35214671",0.0
"0.2545885,-0.29988152,-0.2962356,-0.5607575,-0.5688565,0.37020436,0.02508772,-0.23292397,-0.35214671","0.75399876,-0.5834228,-0.91925275","0.32658988,-0.38009918,-0.3949915,-0.4361734,-0.708648,0.057409298,0.02508772,-0.23292397,-0.35214671",0.0
"0.32658988,-0.38009918,-0.3949915,-0.4361734,-0.708648,0.057409298,0.02508772,-0.23292397,-0.35214671","0.52016973,-0.6797875,-0.93767625","0.37626234,-0.4735665,-0.49572664,-0.29176357,-0.6970871,-0.25387403,0.02508772,-0.23292397,-0.35214671",0.0
"0.37626234,-0.4735665,-0.49572664,-0.29176357,-0.6970871,-0.25387403,0.02508772,-0.23292397,-0.35214671","0.62875223,-0.6143149,-0.96277016","0.43630362,-0.5580317,-0.5991576,-0.122506365,-0.57489043,-0.46834007,0.02508772,-0.23292397,-0.35214671",0.0
"0.43630362,-0.5580317,-0.5991576,-0.122506365,-0.57489043,-0.46834007,0.02508772,-0.23292397,-0.35214671","0.3119669,-0.3346861,-0.98064566","0.46609417,-0.6040493,-0.7045089,-0.0490082,-0.40390757,-0.53299433,0.02508772,-0.23292397,-0.35214671",0.0
"0.46609417,-0.6040493,-0.7045089,-0.0490082,-0.40390757,-0.53299433,0.02508772,-0.23292397,-0.35214671","0.048780322,0.41500008,-0.96255773","0.47075236,-0.546989,-0.8079171,-0.034008004,-0.30598888,-0.4471034,0.02508772,-0.23292397,-0.35214671",0.0
"0.47075236,-0.546989,-0.8079171,-0.034008004,-0.30598888,-0.4471034,0.02508772,-0.23292397,-0.35214671","0.21969116,0.43028152,-0.7955747","0.49173126,-0.4878276,-0.89338624,-0.011744129,-0.2291306,-0.36095732,0.02508772,-0.23292397,-0.35214671",0.0
"0.49173126,-0.4878276,-0.89338624,-0.011744129,-0.2291306,-0.36095732,0.02508772,-0.23292397,-0.35214671","0.27749562,0.008203864,-0.019942164","0.5182301,-0.48669964,-0.8955286,0.007223632,-0.22711782,-0.35896763,0.02508772,-0.23292397,-0.35214671",0.0
"0.5182301,-0.48669964,-0.8955286,0.007223632,-0.22711782,-0.35896763,0.02508772,-0.23292397,-0.35214671","0.15287781,-0.005984366,0.009163022","0.5328288,-0.4875225,-0.8945442,0.017717889,-0.22741021,-0.36005187,0.02508772,-0.23292397,-0.35214671",0.0
"0.0,0.0,0.0,2.8652207e-07,0.005789075,0.993462,0.025906434,-0.12596491,-0.7433683","0.96914005,-0.9434406,-0.96226865","0.09254583,-0.12971823,-0.10337712,-0.3930512,-0.11156635,0.88259053,0.025906434,-0.12596491,-0.7433683",0.0
"0.09254583,-0.12971823,-0.10337712,-0.3930512,-0.11156635,0.88259053,0.025906434,-0.12596491,-0.7433683","0.9453318,-0.9195436,-0.94115126","0.18281816,-0.25615075,-0.20448558,-0.60276306,-0.38315868,0.5889564,0.025906434,-0.12596491,-0.7433683",0.0
"0.18281816,-0.25615075,-0.20448558,-0.60276306,-0.38315868,0.5889564,0.025906434,-0.12596491,-0.7433683","0.82181406,-0.93759483,-0.92336065","0.26129544,-0.38506523,-0.30368277,-0.59351236,-0.6287115,0.18522097,0.025906434,-0.12596491,-0.7433683",0.0
"0.26129544,-0.38506523,-0.30368277,-0.59351236,-0.6287115,0.18522097,0.025906434,-0.12596491,-0.7433683","0.6539074,-0.9470263,-0.95906657","0.32373887,-0.51527655,-0.4067159,-0.44222233,-0.7042585,-0.23488867,0.025906434,-0.12596491,-0.7433683",0.0
"0.32373887,-0.51527655,-0.4067159,-0.44222233,-0.7042585,-0.23488867,0.025906434,-0.12596491,-0.7433683","0.68040276,-0.9611297,-0.94640815","0.3887124,-0.64742696,-0.50838906,-0.22472477,-0.59946585,-0.5634,0.025906434,-0.12596491,-0.7433683",0.0
"0.3887124,-0.64742696,-0.50838906,-0.22472477,-0.59946585,-0.5634,0.025906434,-0.12596491,-0.7433683","0.5315435,-0.9274288,-0.91818106","0.43947095,-0.7749437,-0.60702974,-0.075546145,-0.36185768,-0.7264979,0.025906434,-0.12596491,-0.7433683",0.0
"0.43947095,-0.7749437,-0.60702974,-0.075546145,-0.36185768,-0.7264979,0.025906434,-0.12596491,-0.7433683","0.47560203,-0.6514732,-0.8361472","0.4848875,-0.864518,-0.6968575,-0.012960029,-0.15078855,-0.72025156,0.025906434,-0.12596491,-0.7433683",0.0
"0.4848875,-0.864518,-0.6968575,-0.012960029,-0.15078855,-0.72025156,0.025906434,-0.12596491,-0.7433683","0.30970693,-0.15149105,-0.015511453","0.5144623,-0.88534725,-0.6985239,-0.00011115689,-0.12501533,-0.72555995,0.025906434,-0.12596491,-0.7433683",0.0
"0.5144623,-0.88534725,-0.6985239,-0.00011115689,-0.12501533,-0.72555995,0.025906434,-0.12596491,-0.7433683","0.35277843,-0.13267338,0.11998296","0.54815006,-0.9035892,-0.685634,0.011782601,-0.115714625,-0.7445325,0.025906434,-0.12596491,-0.7433683",0.0
"0.0,0.0,0.0,2.8652207e-07,0.005789075,0.993462,-0.024152048,-0.006491228,-0.46819258","0.39211798,-0.9667485,-0.9506118","0.037444416,-0.13292295,-0.102124825,-0.4111425,-0.04275976,0.880439,-0.024152048,-0.006491228,-0.46819258",0.0
"0.037444416,-0.13292295,-0.102124825,-0.4111425,-0.04275976,0.880439,-0.024152048,-0.006491228,-0.46819258","0.5114746,-0.8974014,-0.9333559","0.08628653,-0.25631103,-0.20239584,-0.68868923,-0.18539104,0.5916235,-0.024152048,-0.006491228,-0.46819258",0.0
"0.08628653,-0.25631103,-0.20239584,-0.68868923,-0.18539104,0.5916235,-0.024152048,-0.006491228,-0.46819258","0.42154503,-0.8691454,-0.90891534","0.12654102,-0.37581408,-0.30004117,-0.7946211,-0.3273808,0.2103291,-0.024152048,-0.006491228,-0.46819258",0.0
"0.12654102,-0.37581408,-0.30004117,-0.7946211,-0.3273808,0.2103291,-0.024152048,-0.006491228,-0.46819258","0.11835861,-0.8729504,-0.92217755","0.1378434,-0.49584034,-0.3991113,-0.76630944,-0.34789878,-0.1858219,-0.024152048,-0.006491228,-0.46819258",0.0
"0.1378434,-0.49584034,-0.3991113,-0.76630944,-0.34789878,-0.1858219,-0.024152048,-0.006491228,-0.46819258","0.2260642,-0.88810843,-0.9203917","0.15943089,-0.61795074,-0.49798948,-0.5974115,-0.32044095,-0.51033854,-0.024152048,-0.006491228,-0.46819258",0.0
"0.15943089,-0.61795074,-0.49798948,-0.5974115,-0.32044095,-0.51033854,-0.024152048,-0.006491228,-0.46819258","0.0924021,-0.7565353,-0.93744254","0.16825461,-0.72197044,-0.59869945,-0.38414076,-0.21764222,-0.6763036,-0.024152048,-0.006491228,-0.46819258",0.0
"0.16825461,-0.72197044,-0.59869945,-0.38414076,-0.21764222,-0.6763036,-0.024152048,-0.006491228,-0.46819258","0.09278095,-0.8083633,-0.9423207","0.17711453,-0.8331163,-0.6999335,-0.15954116,-0.09241302,-0.7044483,-0.024152048,-0.006491228,-0.46819258",0.0
"0.17711453,-0.8331163,-0.6999335,-0.15954116,-0.09241302,-0.7044483,-0.024152048,-0.006491228,-0.46819258","-0.1413436,-0.20758826,-0.9241781","0.16361724,-0.8616587,-0.7992184,-0.053515352,-0.023568507,-0.601963,-0.024152048,-0.006491228,-0.46819258",0.0
"0.16361724,-0.8616587,-0.7992184,-0.053515352,-0.023568507,-0.601963,-0.024152048,-0.006491228,-0.46819258","-0.23698813,0.5145645,-0.7220601","0.14098659,-0.79090875,-0.87678975,-0.055732097,-0.02002895,-0.48975012,-0.024152048,-0.006491228,-0.46819258",0.0
"0.14098659,-0.79090875,-0.87678975,-0.055732097,-0.02002895,-0.48975012,-0.024152048,-0.006491228,-0.46819258","-0.18811512,-0.04693508,-0.14332712","0.12302295,-0.79736215,-0.89218736,-0.04283737,-0.011182454,-0.46958122,-0.024152048,-0.006491228,-0.46819258",0.0
"0.12302295,-0.79736215,-0.89218736,-0.04283737,-0.011182454,-0.46958122,-0.024152048,-0.006491228,-0.46819258","-0.12516487,-0.112769365,-0.017734349","0.11107062,-0.8128674,-0.89409244,-0.032130666,-0.00552918,-0.4683551,-0.024152048,-0.006491228,-0.46819258",0.0
"0.0,0.0,0.0,2.8652207e-07,0.005789075,0.993462,0.0003508772,-0.025029238,-0.46819258","0.83448124,0.9426023,0.9597479","0.07968691,0.12960297,0.10310633,0.39384174,0.106684014,0.8829338,0.0003508772,-0.025029238,-0.46819258",0.0
"0.07968691,0.12960297,0.10310633,0.39384174,0.106684014,0.8829338,0.0003508772,-0.025029238,-0.46819258","0.9503195,0.8844116,0.95794845","0.17043553,0.25120503,0.20601933,0.6061976,0.36635676,0.595375,0.0003508772,-0.025029238,-0.46819258",0.0
"0.17043553,0.25120503,0.20601933,0.6061976,0.36635676,0.595375,0.0003508772,-0.025029238,-0.46819258","0.9122844,0.90271163,0.93897617","0.2575521,0.37532324,0.30689412,0.5880618,0.62504065,0.20070903,0.0003508772,-0.025029238,-0.46819258",0.0
"0.2575521,0.37532324,0.30689412,0.5880618,0.62504065,0.20070903,0.0003508772,-0.025029238,-0.46819258","0.87609196,0.89593434,0.94813585","0.34121248,0.49850965,0.40875292,0.3934816,0.73434913,-0.20332871,0.0003508772,-0.025029238,-0.46819258",0.0
"0.34121248,0.49850965,0.40875292,0.3934816,0.73434913,-0.20332871,0.0003508772,-0.025029238,-0.46819258","0.7890079,0.95666456,0.9567977","0.416557,0.6300461,0.51154226,0.1630307,0.62994814,-0.53759974,0.0003508772,-0.025029238,-0.46819258",0.0
"0.416557,0.6300461,0.51154226,0.1630307,0.62994814,-0.53759974,0.0003508772,-0.025029238,-0.46819258","0.8036201,0.9522214,0.96147704","0.4932969,0.7609717,0.61483425,0.0021154447,0.37544972,-0.7109048,0.0003508772,-0.025029238,-0.46819258",0.0
"0.4932969,0.7609717,0.61483425,0.0021154447,0.37544972,-0.7109048,0.0003508772,-0.025029238,-0.46819258","0.72032046,0.7689872,0.95166934","0.5620823,0.8667036,0.7170726,-0.03039298,0.123974144,-0.7001605,0.0003508772,-0.025029238,-0.46819258",0.0
"0.5620823,0.8667036,0.7170726,-0.03039298,0.123974144,-0.7001605,0.0003508772,-0.025029238,-0.46819258","0.4695995,0.040350795,0.95939875","0.6069256,0.8722517,0.8201413,-0.016325876,0.029194938,-0.57546765,0.0003508772,-0.025029238,-0.46819258",0.0
"0.6069256,0.8722517,0.8201413,-0.016325876,0.029194938,-0.57546765,0.0003508772,-0.025029238,-0.46819258","0.04264939,-0.014952064,0.6540055","0.61099833,0.8701959,0.8904014,-0.0035151297,-0.007275509,-0.47555813,0.0003508772,-0.025029238,-0.46819258",0.0
"0.61099833,0.8701959,0.8904014,-0.0035151297,-0.007275509,-0.47555813,0.0003508772,-0.025029238,-0.46819258","-0.02356857,0.092541695,0.051634908","0.6087477,0.88291997,0.8959485,0.00015402006,-0.017713346,-0.46695277,0.0003508772,-0.025029238,-0.46819258",0.0
"0.0,0.0,0.0,2.8652207e-07,0.005789075,0.993462,0.03871345,0.12929824,-0.59666026","0.6121986,0.9751531,0.9530177","0.05846053,0.13407853,0.102383286,0.40782127,0.08164191,0.8790499,0.03871345,0.12929824,-0.59666026",0.0
"0.05846053,0.13407853,0.102383286,0.40782127,0.08164191,0.8790499,0.03871345,0.12929824,-0.59666026","0.92628205,0.942435,0.96020555","0.14691374,0.2636585,0.20553876,0.6466328,0.32808375,0.5742838,0.03871345,0.12929824,-0.59666026",0.0
"0.14691374,0.2636585,0.20553876,0.6466328,0.32808375,0.5742838,0.03871345,0.12929824,-0.59666026","0.8544178,0.9227029,0.9381187","0.22850445,0.39052543,0.30632144,0.64942205,0.5748298,0.16960159,0.03871345,0.12929824,-0.59666026",0.0
"0.22850445,0.39052543,0.30632144,0.64942205,0.5748298,0.16960159,0.03871345,0.12929824,-0.59666026","0.41283584,0.92502546,0.9612856","0.2679273,0.5177117,0.40959293,0.5475584,0.6216833,-0.24326552,0.03871345,0.12929824,-0.59666026",0.0
"0.2679273,0.5177117,0.40959293,0.5475584,0.6216833,-0.24326552,0.03871345,0.12929824,-0.59666026","0.52596486,0.9394697,0.9643804","0.3181531,0.646884,0.5131969,0.33807442,0.53665954,-0.5647973,0.03871345,0.12929824,-0.59666026",0.0
"0.3181531,0.646884,0.5131969,0.33807442,0.53665954,-0.5647973,0.03871345,0.12929824,-0.59666026","0.66562366,0.87417316,0.9690423","0.38171536,0.76707834,0.61730164,0.12713031,0.34216723,-0.7154822,0.03871345,0.12929824,-0.59666026",0.0
"0.38171536,0.76707834,0.61730164,0.12713031,0.34216723,-0.7154822,0.03871345,0.12929824,-0.59666026","0.37835932,0.35999656,0.9708607","0.4178459,0.8165761,0.7216017,0.03997655,0.1741213,-0.6768489,0.03871345,0.12929824,-0.59666026",0.0
"0.4178459,0.8165761,0.7216017,0.03997655,0.1741213,-0.6768489,0.03871345,0.12929824,-0.59666026","-0.27731788,-0.27995414,0.5819855","0.39136407,0.77808386,0.7841247,0.04505286,0.14414105,-0.59848875,0.03871345,0.12929824,-0.59666026",0.0
"0.0,0.0,0.0,2.8652207e-07,0.005789075,0.993462,0.0053801173,0.1348538,-0.59666026","0.81014645,0.9737718,0.95209813","0.07736311,0.13388862,0.102284506,0.40178603,0.10558548,0.8793268,0.0053801173,0.1348538,-0.59666026",0.0
"0.07736311,0.13388862,0.102284506,0.40178603,0.10558548,0.8793268,0.0053801173,0.1348538,-0.59666026","0.93581283,0.9381664,0.9585397","0.16672644,0.26288167,0.20526102,0.6239252,0.36706576,0.57605165,0.0053801173,0.1348538,-0.59666026",0.0
"0.16672644,0.26288167,0.20526102,0.6239252,0.36706576,0.57605165,0.0053801173,0.1348538,-0.59666026","0.8925494,0.9193146,0.9503881","0.25195843,0.38928273,0.3073618,0.60471267,0.6204402,0.17062064,0.0053801173,0.1348538,-0.59666026",0.0
"0.25195843,0.38928273,0.3073618,0.60471267,0.6204402,0.17062064,0.0053801173,0.1348538,-0.59666026","0.61090994,0.930408,0.9669585","0.31029588,0.51720905,0.41124275,0.45944235,0.6877194,-0.24421348,0.0053801173,0.1348538,-0.59666026",0.0
"0.31029588,0.51720905,0.41124275,0.45944235,0.6877194,-0.24421348,0.0053801173,0.1348538,-0.59666026","0.6671109,0.9298222,0.96324897","0.37400013,0.6450549,0.51472515,0.23903716,0.58701754,-0.5626664,0.0053801173,0.1348538,-0.59666026",0.0
"0.37400013,0.6450549,0.51472515,0.23903716,0.58701754,-0.5626664,0.0053801173,0.1348538,-0.59666026","0.7031237,0.8826425,0.97737765","0.44114336,0.76641375,0.61972535,0.060950134,0.35736355,-0.7139251,0.0053801173,0.1348538,-0.59666026",0.0
"0.44114336,0.76641375,0.61972535,0.060950134,0.35736355,-0.7139251,0.0053801173,0.1348538,-0.59666026","0.35834217,0.3268386,0.9675262","0.47536245,0.8113524,0.7236672,0.008295642,0.1818452,-0.6725947,0.0053801173,0.1348538,-0.59666026",0.0
"0.47536245,0.8113524,0.7236672,0.008295642,0.1818452,-0.6725947,0.0053801173,0.1348538,-0.59666026","-0.06800574,-0.2527027,0.5319562","0.4688684,0.77660716,0.7808155,0.009442228,0.15553065,-0.6014177,0.0053801173,0.1348538,-0.59666026",0.0
"0.4688684,0.77660716,0.7808155,0.009442228,0.15553065,-0.6014177,0.0053801173,0.1348538,-0.59666026","0.0588156,0.0521394,0.048406363","0.47448486,0.7837761,0.78601575,0.0057305153,0.14364725,-0.5985117,0.0053801173,0.1348538,-0.59666026",0.0
"0.0,0.0,0.0,2.8652207e-07,0.005789075,0.993462,0.7346784,-0.0057894737,-0.42556617","0.17062628,0.9590696,0.94117916","0.016293576,0.13186714,0.10111147,0.40923813,0.026762951,0.8823562,0.7346784,-0.0057894737,-0.42556617",0.0
"0.016293576,0.13186714,0.10111147,0.40923813,0.026762951,0.8823562,0.7346784,-0.0057894737,-0.42556617","-0.23456168,0.9088677,0.91745234","-0.006105359,0.2568318,0.19967394,0.71223384,-0.007872345,0.5945446,0.7346784,-0.0057894737,-0.42556617",0.0
"-0.006105359,0.2568318,0.19967394,0.71223384,-0.007872345,0.5945446,0.7346784,-0.0057894737,-0.42556617","0.10106778,0.95542216,0.938452","0.0035458826,0.38819745,0.30049244,0.8668293,0.015446463,0.18355212,0.7346784,-0.0057894737,-0.42556617",0.0
"0.0035458826,0.38819745,0.30049244,0.8668293,0.015446463,0.18355212,0.7346784,-0.0057894737,-0.42556617","0.015997648,0.9328724,0.9399357","0.005073544,0.5164626,0.4014703,0.83572847,0.019112108,-0.23095053,0.7346784,-0.0057894737,-0.42556617",0.0
"0.005073544,0.5164626,0.4014703,0.83572847,0.019112108,-0.23095053,0.7346784,-0.0057894737,-0.42556617","-0.12699115,0.53538,0.47410154","-0.0070531885,0.59007466,0.45240328,0.75289774,-0.0108946,-0.42777413,0.7346784,-0.0057894737,-0.42556617",0.0
"-0.0070531885,0.59007466,0.45240328,0.75289774,-0.0108946,-0.42777413,0.7346784,-0.0057894737,-0.42556617","0.041879773,-0.06391388,0.14549994","-0.003053973,0.58128685,0.46803442,0.73999405,-0.0013101677,-0.42511347,0.7346784,-0.0057894737,-0.42556617",0.0
"0.0,0.0,0.0,2.8652207e-07,0.005789075,0.993462,0.0018128656,0.047953214,-0.4651852","0.8303542,0.9704912,0.9499848","0.079292804,0.13343754,0.102057464,0.4000299,0.10773714,0.87997663,0.0018128656,0.047953214,-0.4651852",0.0
"0.079292804,0.13343754,0.102057464,0.4000299,0.10773714,0.87997663,0.0018128656,0.047953214,-0.4651852","0.9101424,0.9041598,0.9582846","0.16620481,0.2577549,0.20500657,0.6183379,0.36248243,0.5854205,0.0018128656,0.047953214,-0.4651852",0.0
"0.16620481,0.2577549,0.20500657,0.6183379,0.36248243,0.5854205,0.0018128656,0.047953214,-0.4651852","0.81661487,0.842574,0.9576502","0.2441856,0.3736045,0.30788752,0.61290646,0.59895784,0.20276242,0.0018128656,0.047953214,-0.4651852",0.0
"0.2441856,0.3736045,0.30788752,0.61290646,0.59895784,0.20276242,0.0018128656,0.047953214,-0.4651852","0.8056929,0.89136577,0.9629289","0.32112345,0.49616274,0.41133556,0.4380431,0.7065286,-0.20175056,0.0018128656,0.047953214,-0.4651852",0.0
"0.32112345,0.49616274,0.41133556,0.4380431,0.7065286,-0.20175056,0.0018128656,0.047953214,-0.4651852","0.81351376,0.8783039,0.9657724","0.3988081,0.61692506,0.51508904,0.1997124,0.6254371,-0.51856655,0.0018128656,0.047953214,-0.4651852",0.0
"0.3988081,0.61692506,0.51508904,0.1997124,0.6254371,-0.51856655,0.0018128656,0.047953214,-0.4651852","0.7447393,0.9061887,0.97217464","0.46992528,0.7415214,0.6195304,0.03113649,0.38995007,-0.6911101,0.0018128656,0.047953214,-0.4651852",0.0
"0.46992528,0.7415214,0.6195304,0.03113649,0.38995007,-0.6911101,0.0018128656,0.047953214,-0.4651852","0.6275834,0.66816497,0.9679544","0.52985495,0.83339065,0.7235182,-0.02056631,0.15680815,-0.68187994,0.0018128656,0.047953214,-0.4651852",0.0
"0.52985495,0.83339065,0.7235182,-0.02056631,0.15680815,-0.68187994,0.0018128656,0.047953214,-0.4651852","-0.37306762,-0.36997807,0.96679306","0.4942297,0.78252065,0.8273813,-0.0038787266,0.105464906,-0.55095255,0.0018128656,0.047953214,-0.4651852",0.0
"0.4942297,0.78252065,0.8273813,-0.0038787266,0.105464906,-0.55095255,0.0018128656,0.047953214,-0.4651852","-0.16447556,-0.12272185,0.6358907","0.4785235,0.76564705,0.8956953,-0.0015295771,0.06324018,-0.46066585,0.0018128656,0.047953214,-0.4651852",0.0
"0.0,0.0,0.0,2.8652207e-07,0.005789075,0.993462,-0.099356726,-0.21216373,-0.35214671","0.8508277,-0.873802,-0.951509","0.08124786,-0.12014329,-0.102221206,-0.37725398,-0.09245781,0.89285505,-0.099356726,-0.21216373,-0.35214671",0.0
"0.08124786,-0.12014329,-0.102221206,-0.37725398,-0.09245781,0.89285505,-0.099356726,-0.21216373,-0.35214671","0.69244087,-0.57007277,-0.9640782","0.14737093,-0.19852535,-0.20579274,-0.5664924,-0.27630338,0.68178165,-0.099356726,-0.21216373,-0.35214671",0.0
"0.14737093,-0.19852535,-0.20579274,-0.5664924,-0.27630338,0.68178165,-0.099356726,-0.21216373,-0.35214671","0.6086488,-0.4948175,-0.95675296","0.20549248,-0.26656023,-0.3085773,-0.61645746,-0.4570961,0.41471806,-0.099356726,-0.21216373,-0.35214671",0.0
"0.20549248,-0.26656023,-0.3085773,-0.61645746,-0.4570961,0.41471806,-0.099356726,-0.21216373,-0.35214671","0.5740671,-0.6324565,-0.9636214","0.26031172,-0.35351977,-0.41209975,-0.5608154,-0.58991665,0.08574996,-0.099356726,-0.21216373,-0.35214671",0.0
"0.26031172,-0.35351977,-0.41209975,-0.5608154,-0.58991665,0.08574996,-0.099356726,-0.21216373,-0.35214671","0.52713823,-0.5920352,-0.9778404","0.3106496,-0.43492162,-0.51714975,-0.4205613,-0.61123335,-0.20571902,-0.099356726,-0.21216373,-0.35214671",0.0
"0.3106496,-0.43492162,-0.51714975,-0.4205613,-0.61123335,-0.20571902,-0.099356726,-0.21216373,-0.35214671","0.23623645,-0.67463595,-0.9746154","0.33320847,-0.52768064,-0.62185323,-0.29361695,-0.49653086,-0.43406123,-0.099356726,-0.21216373,-0.35214671",0.0
"0.33320847,-0.52768064,-0.62185323,-0.29361695,-0.49653086,-0.43406123,-0.099356726,-0.21216373,-0.35214671","0.07159901,-0.4713552,-0.9783418","0.34004566,-0.59248954,-0.7269571,-0.19053575,-0.3346822,-0.51616186,-0.099356726,-0.21216373,-0.35214671",0.0
"0.34004566,-0.59248954,-0.7269571,-0.19053575,-0.3346822,-0.51616186,-0.099356726,-0.21216373,-0.35214671","0.12701654,0.46863675,-0.9459663","0.35217485,-0.5280545,-0.8285828,-0.13601205,-0.2585843,-0.4232156,-0.099356726,-0.21216373,-0.35214671",0.0
"0.35217485,-0.5280545,-0.8285828,-0.13601205,-0.2585843,-0.4232156,-0.099356726,-0.21216373,-0.35214671","0.029768586,0.4132781,-0.6415709","0.35501754,-0.47123095,-0.8975072,-0.107142836,-0.20557612,-0.34908625,-0.099356726,-0.21216373,-0.35214671",0.0
"0.0,0.0,0.0,2.8652207e-07,0.005789075,0.993462,0.68590647,-0.0057894737,-0.15444382","-0.06867349,0.91582906,0.88077843","-0.006557815,0.12592179,0.09462258,0.39073366,-0.0022607665,0.8934959,0.68590647,-0.0057894737,-0.15444382",0.0
"-0.006557815,0.12592179,0.09462258,0.39073366,-0.0022607665,0.8934959,0.68590647,-0.0057894737,-0.15444382","-0.102621436,0.8712492,0.8635222","-0.016357413,0.24571408,0.18739131,0.6878393,-0.029581035,0.6305268,0.68590647,-0.0057894737,-0.15444382",0.0
"-0.016357413,0.24571408,0.18739131,0.6878393,-0.029581035,0.6305268,0.68590647,-0.0057894737,-0.15444382","-0.0050303936,0.8852619,0.89488626","-0.016837778,0.36743307,0.2835295,0.85405046,-0.039421663,0.2535865,0.68590647,-0.0057894737,-0.15444382",0.0
"-0.016837778,0.36743307,0.2835295,0.85405046,-0.039421663,0.2535865,0.68590647,-0.0057894737,-0.15444382","-0.24708962,0.646186,0.95171","-0.04043304,0.45628038,0.3857723,0.8467899,-0.10230841,-0.086400166,0.68590647,-0.0057894737,-0.15444382",0.0
"-0.04043304,0.45628038,0.3857723,0.8467899,-0.10230841,-0.086400166,0.68590647,-0.0057894737,-0.15444382","0.043792725,-0.102591574,0.8477764","-0.03625115,0.4421746,0.4768494,0.7758144,-0.08291147,-0.17421824,0.68590647,-0.0057894737,-0.15444382",0.0
"-0.03625115,0.4421746,0.4768494,0.7758144,-0.08291147,-0.17421824,0.68590647,-0.0057894737,-0.15444382","0.18344975,-0.34498549,0.7157438","-0.01873303,0.39474094,0.5537422,0.7089313,-0.035970565,-0.17311719,0.68590647,-0.0057894737,-0.15444382",0.0
"-0.01873303,0.39474094,0.5537422,0.7089313,-0.035970565,-0.17311719,0.68590647,-0.0057894737,-0.15444382","0.1244638,-0.15554965,0.23792624","-0.006847637,0.37335372,0.5793028,0.6850844,-0.008949276,-0.16308287,0.68590647,-0.0057894737,-0.15444382",0.0
"0.0,0.0,0.0,2.8652207e-07,0.005789075,0.993462,-0.68590647,-0.0057894737,-0.15444382","0.31883526,-0.9583419,-0.9591448","0.030446447,-0.13176708,-0.10304152,-0.41080958,-0.033598654,0.88082415,-0.68590647,-0.0057894737,-0.15444382",0.0
"0.030446447,-0.13176708,-0.10304152,-0.41080958,-0.033598654,0.88082415,-0.68590647,-0.0057894737,-0.15444382","-0.072862566,-0.9066589,-0.9460469","0.0234886,-0.25642803,-0.20467593,-0.71319044,-0.04691841,0.58820456,-0.68590647,-0.0057894737,-0.15444382",0.0
"0.0234886,-0.25642803,-0.20467593,-0.71319044,-0.04691841,0.58820456,-0.68590647,-0.0057894737,-0.15444382","-0.27241766,-0.86251724,-0.9079882","-0.002525312,-0.37501973,-0.30222166,-0.8585476,0.012600799,0.20860311,-0.68590647,-0.0057894737,-0.15444382",0.0
"-0.002525312,-0.37501973,-0.30222166,-0.8585476,0.012600799,0.20860311,-0.68590647,-0.0057894737,-0.15444382","0.042591453,-0.7374054,-0.9183695","0.0015418609,-0.4764092,-0.40088263,-0.8420315,0.0017105791,-0.14818898,-0.68590647,-0.0057894737,-0.15444382",0.0
"0.0015418609,-0.4764092,-0.40088263,-0.8420315,0.0017105791,-0.14818898,-0.68590647,-0.0057894737,-0.15444382","0.089096785,0.20751703,-0.8760217","0.010049955,-0.44787675,-0.4949942,-0.76181364,-0.018268254,-0.20552717,-0.68590647,-0.0057894737,-0.15444382",0.0
"0.010049955,-0.44787675,-0.4949942,-0.76181364,-0.018268254,-0.20552717,-0.68590647,-0.0057894737,-0.15444382","0.002326727,0.3618307,-0.59791744","0.010272138,-0.39812693,-0.55922884,-0.70349115,-0.016917612,-0.18461815,-0.68590647,-0.0057894737,-0.15444382",0.0
"0.010272138,-0.39812693,-0.55922884,-0.70349115,-0.016917612,-0.18461815,-0.68590647,-0.0057894737,-0.15444382","-0.0135630965,0.17030191,-0.19357347","0.008976958,-0.37471133,-0.58002454,-0.6841192,-0.013506745,-0.1660819,-0.68590647,-0.0057894737,-0.15444382",0.0
"0.0,0.0,0.0,2.8652207e-07,0.005789075,0.993462,0.11263158,0.03251462,-0.44393736","0.15859628,0.95206237,0.9589462","0.015144798,0.13090369,0.1030202,0.4096926,0.025303207,0.88170815,0.11263158,0.03251462,-0.44393736",0.0
"0.015144798,0.13090369,0.1030202,0.4096926,0.025303207,0.88170815,0.11263158,0.03251462,-0.44393736","0.65218496,0.92640185,0.9509547","0.07742373,0.2582792,0.20518185,0.69503605,0.17843616,0.5842552,0.11263158,0.03251462,-0.44393736",0.0
"0.07742373,0.2582792,0.20518185,0.69503605,0.17843616,0.5842552,0.11263158,0.03251462,-0.44393736","0.030876398,0.874882,0.94288397","0.08037221,0.37857097,0.30647644,0.8315124,0.2205121,0.19455056,0.11263158,0.03251462,-0.44393736",0.0
"0.08037221,0.37857097,0.30647644,0.8315124,0.2205121,0.19455056,0.11263158,0.03251462,-0.44393736","0.08314884,0.88358986,0.9628897","0.08831232,0.5000601,0.4099203,0.798442,0.23340519,-0.20791467,0.11263158,0.03251462,-0.44393736",0.0
"0.08831232,0.5000601,0.4099203,0.798442,0.23340519,-0.20791467,0.11263158,0.03251462,-0.44393736","-0.056628227,0.8197129,0.96135414","0.08290473,0.61276644,0.51319915,0.63838404,0.17612538,-0.5108269,0.11263158,0.03251462,-0.44393736",0.0
"0.08290473,0.61276644,0.51319915,0.63838404,0.17612538,-0.5108269,0.11263158,0.03251462,-0.44393736","0.22086084,0.63209057,0.937616","0.103995346,0.6996757,0.6139278,0.41869387,0.14798933,-0.64978826,0.11263158,0.03251462,-0.44393736",0.0
"0.103995346,0.6996757,0.6139278,0.41869387,0.14798933,-0.64978826,0.11263158,0.03251462,-0.44393736","-0.027379751,0.12120044,0.94742453","0.10138077,0.7163402,0.7157101,0.27384138,0.09638794,-0.6240438,0.11263158,0.03251462,-0.44393736",0.0
"0.10138077,0.7163402,0.7157101,0.27384138,0.09638794,-0.6240438,0.11263158,0.03251462,-0.44393736","-0.08439052,0.010048747,0.94618344","0.09332209,0.71772194,0.81735915,0.16051188,0.05450293,-0.540357,0.11263158,0.03251462,-0.44393736",0.0
"0.09332209,0.71772194,0.81735915,0.16051188,0.05450293,-0.540357,0.11263158,0.03251462,-0.44393736","-0.19795024,-0.3154794,0.7403314","0.074419275,0.6743452,0.8968934,0.116644636,0.033730324,-0.43856803,0.11263158,0.03251462,-0.44393736",0.0
"0.0,0.0,0.0,2.8652207e-07,0.005789075,0.993462,-0.06339181,-0.027719298,-0.61392003","0.48320186,-0.94765,-0.9636752","0.046142265,-0.130297,-0.10352823,-0.4063815,-0.053474955,0.88188523,-0.06339181,-0.027719298,-0.61392003",0.0
"0.046142265,-0.130297,-0.10352823,-0.4063815,-0.053474955,0.88188523,-0.06339181,-0.027719298,-0.61392003","0.5649023,-0.9145214,-0.9432267","0.10008633,-0.256039,-0.20485966,-0.68105286,-0.21540438,0.5886231,-0.06339181,-0.027719298,-0.61392003",0.0
"0.10008633,-0.256039,-0.20485966,-0.68105286,-0.21540438,0.5886231,-0.06339181,-0.027719298,-0.61392003","0.29946423,-0.90135336,-0.92912173","0.128683,-0.37997046,-0.3046758,-0.7942069,-0.33349347,0.1944056,-0.06339181,-0.027719298,-0.61392003",0.0
"0.128683,-0.37997046,-0.3046758,-0.7942069,-0.33349347,0.1944056,-0.06339181,-0.027719298,-0.61392003","0.16022468,-0.943395,-0.93969476","0.14398329,-0.5096825,-0.4056278,-0.7524135,-0.35919246,-0.22220714,-0.06339181,-0.027719298,-0.61392003",0.0
"0.14398329,-0.5096825,-0.4056278,-0.7524135,-0.35919246,-0.22220714,-0.06339181,-0.027719298,-0.61392003","0.59750354,-0.9457132,-0.9260482","0.20104054,-0.63971317,-0.50511366,-0.5289291,-0.37976512,-0.549632,-0.06339181,-0.027719298,-0.61392003",0.0
"0.20104054,-0.63971317,-0.50511366,-0.5289291,-0.37976512,-0.549632,-0.06339181,-0.027719298,-0.61392003","0.245947,-0.9184695,-0.934283","0.22452669,-0.76599807,-0.60548425,-0.29480392,-0.24342574,-0.7188501,-0.06339181,-0.027719298,-0.61392003",0.0
"0.22452669,-0.76599807,-0.60548425,-0.29480392,-0.24342574,-0.7188501,-0.06339181,-0.027719298,-0.61392003","0.08920944,-0.67478484,-0.90585524","0.23304555,-0.8587776,-0.70280075,-0.11658565,-0.09699957,-0.7122069,-0.06339181,-0.027719298,-0.61392003",0.0
"0.23304555,-0.8587776,-0.70280075,-0.11658565,-0.09699957,-0.7122069,-0.06339181,-0.027719298,-0.61392003","-0.43399894,0.3126732,-0.66273785","0.1916018,-0.81578666,-0.773999,-0.10613159,-0.065886565,-0.62221634,-0.06339181,-0.027719298,-0.61392003",0.0
"0.1916018,-0.81578666,-0.773999,-0.10613159,-0.065886565,-0.62221634,-0.06339181,-0.027719298,-0.61392003","-0.24921197,-0.08777356,-0.15551615","0.16780387,-0.8278551,-0.79070616,-0.087142795,-0.044028856,-0.6061335,-0.06339181,-0.027719298,-0.61392003",0.0
"0.16780387,-0.8278551,-0.79070616,-0.087142795,-0.044028856,-0.6061335,-0.06339181,-0.027719298,-0.61392003","-0.06804955,-0.13645476,-0.00037378073","0.16130562,-0.846617,-0.7907462,-0.07229741,-0.033511218,-0.61013407,-0.06339181,-0.027719298,-0.61392003",0.0
"0.0,0.0,0.0,2.8652207e-07,0.005789075,0.993462,0.03011696,-0.016491227,-0.6184311","0.41604936,0.97531414,0.966027","0.0397297,0.13410069,0.10378089,0.41357866,0.057724826,0.87783104,0.03011696,-0.016491227,-0.6184311",0.0
"0.0397297,0.13410069,0.10378089,0.41357866,0.057724826,0.87783104,0.03011696,-0.016491227,-0.6184311","-0.08070445,0.96522367,0.9462662","0.032023013,0.266814,0.20543884,0.7249997,0.07900311,0.56882906,0.03011696,-0.016491227,-0.6184311",0.0
"0.032023013,0.266814,0.20543884,0.7249997,0.07900311,0.56882906,0.03011696,-0.016491227,-0.6184311","-0.413202,0.93063736,0.94829035","-0.007434775,0.39477184,0.30731428,0.8693033,-0.014516985,0.15907349,0.03011696,-0.016491227,-0.6184311",0.0
"-0.007434775,0.39477184,0.30731428,0.8693033,-0.014516985,0.15907349,0.03011696,-0.016491227,-0.6184311","0.051726222,0.9464872,0.94800806","-0.002495295,0.524909,0.40915936,0.8269743,-0.0006934154,-0.25728384,0.03011696,-0.016491227,-0.6184311",0.0
"-0.002495295,0.524909,0.40915936,0.8269743,-0.0006934154,-0.25728384,0.03011696,-0.016491227,-0.6184311","-0.37714756,0.9603592,0.9654782","-0.03851015,0.6569535,0.5128812,0.6218584,-0.069771506,-0.5801327,0.03011696,-0.016491227,-0.6184311",0.0
"-0.03851015,0.6569535,0.5128812,0.6218584,-0.069771506,-0.5801327,0.03011696,-0.016491227,-0.6184311","-0.8680469,0.9455893,0.9604355","-0.12140232,0.78696716,0.61606133,0.32060283,-0.12233468,-0.7331882,0.03011696,-0.016491227,-0.6184311",0.0
"-0.12140232,0.78696716,0.61606133,0.32060283,-0.12233468,-0.7331882,0.03011696,-0.016491227,-0.6184311","-0.8447963,0.8564563,0.964592","-0.20207424,0.90472555,0.719688,0.06903928,-0.043660108,-0.7069351,0.03011696,-0.016491227,-0.6184311",0.0
"-0.20207424,0.90472555,0.719688,0.06903928,-0.043660108,-0.7069351,0.03011696,-0.016491227,-0.6184311","-0.4093973,-0.13292795,0.68467665","-0.24116871,0.88644874,0.79324317,0.032377046,-0.022659022,-0.61270076,0.03011696,-0.016491227,-0.6184311",0.0
"0.0,0.0,0.0,2.8652207e-07,0.005789075,0.993462,0.056900587,-0.115321636,-0.7433683","0.1663841,0.9601269,0.9267628","0.015888479,0.13201252,0.09956271,0.407735,0.026165305,0.88351154,0.056900587,-0.115321636,-0.7433683",0.0
"0.015888479,0.13201252,0.09956271,0.407735,0.026165305,0.88351154,0.056900587,-0.115321636,-0.7433683","-0.39661777,0.98175836,0.87621784","-0.021985637,0.26699924,0.19369534,0.72134435,-0.044099707,0.5851535,0.056900587,-0.115321636,-0.7433683",0.0
"-0.021985637,0.26699924,0.19369534,0.72134435,-0.044099707,0.5851535,0.056900587,-0.115321636,-0.7433683","-0.7037188,0.96455944,0.9050437","-0.08918567,0.39962125,0.29092473,0.8425666,-0.23642853,0.17411754,0.056900587,-0.115321636,-0.7433683",0.0
"-0.08918567,0.39962125,0.29092473,0.8425666,-0.23642853,0.17411754,0.056900587,-0.115321636,-0.7433683","-0.63763,0.92996013,0.91695","-0.1500747,0.527486,0.3894332,0.7544416,-0.37813237,-0.23883638,0.056900587,-0.115321636,-0.7433683",0.0
"-0.1500747,0.527486,0.3894332,0.7544416,-0.37813237,-0.23883638,0.056900587,-0.115321636,-0.7433683","-0.69037706,0.9202025,0.9318805","-0.21600069,0.6540091,0.48954564,0.5169122,-0.4093634,-0.5643466,0.056900587,-0.115321636,-0.7433683",0.0
"-0.21600069,0.6540091,0.48954564,0.5169122,-0.4093634,-0.5643466,0.056900587,-0.115321636,-0.7433683","-0.7930398,0.9032767,0.8909606","-0.29173025,0.77820504,0.58526206,0.24522284,-0.31020096,-0.736874,0.056900587,-0.115321636,-0.7433683",0.0
"-0.29173025,0.77820504,0.58526206,0.24522284,-0.31020096,-0.736874,0.056900587,-0.115321636,-0.7433683","-0.43056417,0.85362434,0.6378578","-0.332846,0.89557403,0.6537875,0.08544291,-0.13592142,-0.77351487,0.056900587,-0.115321636,-0.7433683",0.0
"-0.332846,0.89557403,0.6537875,0.08544291,-0.13592142,-0.77351487,0.056900587,-0.115321636,-0.7433683","-0.17997015,0.02982974,0.246678","-0.35003185,0.89967555,0.6802882,0.06258583,-0.11010736,-0.7489568,0.056900587,-0.115321636,-0.7433683",0.0
"0.0,0.0,0.0,2.8652207e-07,0.005789075,0.993462,0.3235088,-0.505731,-0.4906826","-0.5201956,0.9432839,0.96920824","-0.049674902,0.1296967,0.10412265,0.40529507,-0.057908006,0.8819815,0.3235088,-0.505731,-0.4906826",0.0
"-0.049674902,0.1296967,0.10412265,0.40529507,-0.057908006,0.8819815,0.3235088,-0.505731,-0.4906826","-0.7800207,0.78389406,0.89152527","-0.12416122,0.2374781,0.19989978,0.6356209,-0.2550639,0.6272142,0.3235088,-0.505731,-0.4906826",0.0
"-0.12416122,0.2374781,0.19989978,0.6356209,-0.2550639,0.6272142,0.3235088,-0.505731,-0.4906826","-0.6859711,0.83626604,0.888404","-0.18966648,0.3524604,0.29534158,0.70140535,-0.46860743,0.2661704,0.3235088,-0.505731,-0.4906826",0.0
"-0.18966648,0.3524604,0.29534158,0.70140535,-0.46860743,0.2661704,0.3235088,-0.505731,-0.4906826","-0.6622437,0.76887846,0.8784572","-0.25290594,0.4581773,0.38971478,0.5998985,-0.6026918,-0.09571297,0.3235088,-0.505731,-0.4906826",0.0
"-0.25290594,0.4581773,0.38971478,0.5998985,-0.6026918,-0.09571297,0.3235088,-0.505731,-0.4906826","-0.5383551,0.5627229,0.7280915","-0.30431494,0.53554887,0.46793404,0.44524604,-0.620596,-0.341068,0.3235088,-0.505731,-0.4906826",0.0
"-0.30431494,0.53554887,0.46793404,0.44524604,-0.620596,-0.341068,0.3235088,-0.505731,-0.4906826","-0.08995932,0.2936082,0.5149802","-0.3129054,0.5759185,0.5232586,0.37942922,-0.55898607,-0.45675758,0.3235088,-0.505731,-0.4906826",0.0
"-0.3129054,0.5759185,0.5232586,0.37942922,-0.55898607,-0.45675758,0.3235088,-0.505731,-0.4906826","-0.02515918,0.07802677,0.30303526","-0.31530792,0.58664685,0.55581385,0.34785137,-0.5201128,-0.49199712,0.3235088,-0.505731,-0.4906826",0.0
"-0.31530792,0.58664685,0.55581385,0.34785137,-0.5201128,-0.49199712,0.3235088,-0.505731,-0.4906826","-0.018643975,-0.04444468,0.16713655","-0.31708828,0.58053595,0.5737694,0.33430552,-0.5056319,-0.49085903,0.3235088,-0.505731,-0.4906826",0.0
"0.0,0.0,0.0,2.8652207e-07,0.005789075,0.993462,-0.1628655,-0.16842104,-0.35214671","0.8168676,-0.83916366,-0.95758","0.07800492,-0.11538069,-0.10287342,-0.36979988,-0.086514786,0.89679044,-0.1628655,-0.16842104,-0.35214671",0.0
"0.07800492,-0.11538069,-0.10287342,-0.36979988,-0.086514786,0.89679044,-0.1628655,-0.16842104,-0.35214671","0.727329,-0.65951455,-0.96723276","0.14745957,-0.20606056,-0.20678385,-0.57750213,-0.28199935,0.66876686,-0.1628655,-0.16842104,-0.35214671",0.0
"0.14745957,-0.20606056,-0.20678385,-0.57750213,-0.28199935,0.66876686,-0.1628655,-0.16842104,-0.35214671","0.6170635,-0.5671551,-0.9630836","0.20638464,-0.2840415,-0.31024855,-0.62937295,-0.46957985,0.37901616,-0.1628655,-0.16842104,-0.35214671",0.0
"0.20638464,-0.2840415,-0.31024855,-0.62937295,-0.46957985,0.37901616,-0.1628655,-0.16842104,-0.35214671","0.31275928,-0.69229996,-0.97433203","0.23625089,-0.37922922,-0.4149216,-0.60918736,-0.5508559,0.030375278,-0.1628655,-0.16842104,-0.35214671",0.0
"0.23625089,-0.37922922,-0.4149216,-0.60918736,-0.5508559,0.030375278,-0.1628655,-0.16842104,-0.35214671","0.020765662,-0.76395726,-0.98313314","0.23823386,-0.48426944,-0.52054024,-0.5354645,-0.4893735,-0.2974898,-0.1628655,-0.16842104,-0.35214671",0.0
"0.23823386,-0.48426944,-0.52054024,-0.5354645,-0.4893735,-0.2974898,-0.1628655,-0.16842104,-0.35214671","0.11097884,-0.64972264,-0.9821264","0.24883154,-0.57360303,-0.62605065,-0.3872058,-0.3762171,-0.49794546,-0.1628655,-0.16842104,-0.35214671",0.0
"0.24883154,-0.57360303,-0.62605065,-0.3872058,-0.3762171,-0.49794546,-0.1628655,-0.16842104,-0.35214671","0.09456813,-0.12193173,-0.97896725","0.25786212,-0.5903681,-0.73122174,-0.2667713,-0.27188948,-0.51295674,-0.1628655,-0.16842104,-0.35214671",0.0
"0.25786212,-0.5903681,-0.73122174,-0.2667713,-0.27188948,-0.51295674,-0.1628655,-0.16842104,-0.35214671","0.034931898,0.47607517,-0.9372325","0.26119787,-0.5249103,-0.8319091,-0.20166783,-0.20788969,-0.41932395,-0.1628655,-0.16842104,-0.35214671",0.0
"0.26119787,-0.5249103,-0.8319091,-0.20166783,-0.20788969,-0.41932395,-0.1628655,-0.16842104,-0.35214671","0.007371545,0.40901268,-0.60278916","0.26190177,-0.4686732,-0.8966671,-0.16339599,-0.16758452,-0.34813043,-0.1628655,-0.16842104,-0.35214671",0.0
"0.0,0.0,0.0,2.8652207e-07,0.005789075,0.993462,-0.6265497,0.20894736,-0.32808766","-0.43260252,-0.9483463,-0.94549","-0.041310403,-0.13039275,-0.101574585,-0.40355745,0.05850808,0.88343734,-0.6265497,0.20894736,-0.32808766",0.0
"-0.041310403,-0.13039275,-0.101574585,-0.40355745,0.05850808,0.88343734,-0.6265497,0.20894736,-0.32808766","-0.4340691,-0.92395645,-0.9036706","-0.082760856,-0.257432,-0.19865648,-0.6870311,0.18875667,0.5949294,-0.6265497,0.20894736,-0.32808766",0.0
"-0.082760856,-0.257432,-0.19865648,-0.6870311,0.18875667,0.5949294,-0.6265497,0.20894736,-0.32808766","-0.08238423,-0.8744607,-0.91283333","-0.09062795,-0.37766588,-0.29672274,-0.82469106,0.24739271,0.21160492,-0.6265497,0.20894736,-0.32808766",0.0
"-0.09062795,-0.37766588,-0.29672274,-0.82469106,0.24739271,0.21160492,-0.6265497,0.20894736,-0.32808766","0.0136832,-0.81678957,-0.91564983","-0.08932131,-0.4899703,-0.39509156,-0.8108016,0.23971154,-0.16861393,-0.6265497,0.20894736,-0.32808766",0.0
"-0.08932131,-0.4899703,-0.39509156,-0.8108016,0.23971154,-0.16861393,-0.6265497,0.20894736,-0.32808766","-0.16041207,-0.48763996,-0.8636289","-0.10463949,-0.55701834,-0.48787168,-0.6895023,0.2413147,-0.39816386,-0.6265497,0.20894736,-0.32808766",0.0
"-0.10463949,-0.55701834,-0.48787168,-0.6895023,0.2413147,-0.39816386,-0.6265497,0.20894736,-0.32808766","0.090044975,0.52969944,-0.7426759","-0.09604086,-0.48418745,-0.5676578,-0.6379277,0.20460162,-0.33674178,-0.6265497,0.20894736,-0.32808766",0.0
"0.0,0.0,0.0,2.8652207e-07,0.005789075,0.993462,0.03871345,0.12929824,-0.59666026","0.6121986,0.9751531,0.9530177","0.05846053,0.13407853,0.102383286,0.40782127,0.08164191,0.8790499,0.03871345,0.12929824,-0.59666026",0.0
"0.05846053,0.13407853,0.102383286,0.40782127,0.08164191,0.8790499,0.03871345,0.12929824,-0.59666026","0.92628205,0.942435,0.96020555","0.14691374,0.2636585,0.20553876,0.6466328,0.32808375,0.5742838,0.03871345,0.12929824,-0.59666026",0.0
"0.14691374,0.2636585,0.20553876,0.6466328,0.32808375,0.5742838,0.03871345,0.12929824,-0.59666026","0.8544178,0.9227029,0.9381187","0.22850445,0.39052543,0.30632144,0.64942205,0.5748298,0.16960159,0.03871345,0.12929824,-0.59666026",0.0
"0.22850445,0.39052543,0.30632144,0.64942205,0.5748298,0.16960159,0.03871345,0.12929824,-0.59666026","0.41283584,0.92502546,0.9612856","0.2679273,0.5177117,0.40959293,0.5475584,0.6216833,-0.24326552,0.03871345,0.12929824,-0.59666026",0.0
"0.2679273,0.5177117,0.40959293,0.5475584,0.6216833,-0.24326552,0.03871345,0.12929824,-0.59666026","0.52596486,0.9394697,0.9643804","0.3181531,0.646884,0.5131969,0.33807442,0.53665954,-0.5647973,0.03871345,0.12929824,-0.59666026",0.0
"0.3181531,0.646884,0.5131969,0.33807442,0.53665954,-0.5647973,0.03871345,0.12929824,-0.59666026","0.66562366,0.87417316,0.9690423","0.38171536,0.76707834,0.61730164,0.12713031,0.34216723,-0.7154822,0.03871345,0.12929824,-0.59666026",0.0
"0.38171536,0.76707834,0.61730164,0.12713031,0.34216723,-0.7154822,0.03871345,0.12929824,-0.59666026","0.37835932,0.35999656,0.9708607","0.4178459,0.8165761,0.7216017,0.03997655,0.1741213,-0.6768489,0.03871345,0.12929824,-0.59666026",0.0
"0.4178459,0.8165761,0.7216017,0.03997655,0.1741213,-0.6768489,0.03871345,0.12929824,-0.59666026","-0.27731788,-0.27995414,0.5819855","0.39136407,0.77808386,0.7841247,0.04505286,0.14414105,-0.59848875,0.03871345,0.12929824,-0.59666026",0.0
"0.0,0.0,0.0,2.8652207e-07,0.005789075,0.993462,-0.51643276,-0.080292396,-0.383332","-0.32707345,-0.9115406,-0.9715481","-0.031233147,-0.12533215,-0.10437402,-0.3986337,0.04505778,0.8860843,-0.51643276,-0.080292396,-0.383332",0.0
"-0.031233147,-0.12533215,-0.10437402,-0.3986337,0.04505778,0.8860843,-0.51643276,-0.080292396,-0.383332","0.29493403,-0.9003019,-0.95624274","-0.00306909,-0.24911903,-0.20710379,-0.7059378,0.012596224,0.59744793,-0.51643276,-0.080292396,-0.383332",0.0
"-0.00306909,-0.24911903,-0.20710379,-0.7059378,0.012596224,0.59744793,-0.51643276,-0.080292396,-0.383332","0.5592092,-0.8551085,-0.97315973","0.05033133,-0.36669207,-0.31165093,-0.8423178,-0.12844682,0.21132638,-0.51643276,-0.080292396,-0.383332",0.0
"0.05033133,-0.36669207,-0.31165093,-0.8423178,-0.12844682,0.21132638,-0.51643276,-0.080292396,-0.383332","0.50067043,-0.81183493,-0.9691646","0.09814172,-0.4783152,-0.41576886,-0.7925555,-0.24633577,-0.17110704,-0.51643276,-0.080292396,-0.383332",0.0
"0.09814172,-0.4783152,-0.41576886,-0.7925555,-0.24633577,-0.17110704,-0.51643276,-0.080292396,-0.383332","-0.36523557,-0.6601701,-0.9416232","0.06326438,-0.56908524,-0.51692796,-0.6755832,-0.13016361,-0.44118327,-0.51643276,-0.080292396,-0.383332",0.0
"0.06326438,-0.56908524,-0.51692796,-0.6755832,-0.13016361,-0.44118327,-0.51643276,-0.080292396,-0.383332","-0.04229492,0.27063978,-0.833436","0.059225522,-0.5318737,-0.60646445,-0.5857399,-0.10436839,-0.43363222,-0.51643276,-0.080292396,-0.383332",0.0
"0.059225522,-0.5318737,-0.60646445,-0.5857399,-0.10436839,-0.43363222,-0.51643276,-0.080292396,-0.383332","-0.01085341,0.30801225,-0.5429841","0.058189098,-0.4895237,-0.66479754,-0.5327368,-0.09259968,-0.39766228,-0.51643276,-0.080292396,-0.383332",0.0
"0.058189098,-0.4895237,-0.66479754,-0.5327368,-0.09259968,-0.39766228,-0.51643276,-0.080292396,-0.383332","-0.018926144,0.10808492,-0.15897453","0.05638178,-0.4746626,-0.6818763,-0.5180822,-0.08685765,-0.38388222,-0.51643276,-0.080292396,-0.383332",0.0
"0.0,0.0,0.0,2.8652207e-07,0.005789075,0.993462,0.069005854,-0.02982456,-0.29193363","-0.9272376,0.9555373,0.9546621","-0.08854445,0.13138147,0.10255995,0.3966221,-0.10724487,0.8816192,0.069005854,-0.02982456,-0.29193363",0.0
"-0.08854445,0.13138147,0.10255995,0.3966221,-0.10724487,0.8816192,0.069005854,-0.02982456,-0.29193363","0.10947454,0.92973566,0.9296713","-0.07809042,0.25921535,0.2024351,0.6971446,-0.16857775,0.5865014,0.069005854,-0.02982456,-0.29193363",0.0
"-0.07809042,0.25921535,0.2024351,0.6971446,-0.16857775,0.5865014,0.069005854,-0.02982456,-0.29193363","0.1266247,0.8100357,0.9387442","-0.06599868,0.3705911,0.30328497,0.8385005,-0.17047474,0.21620876,0.069005854,-0.02982456,-0.29193363",0.0
"-0.06599868,0.3705911,0.30328497,0.8385005,-0.17047474,0.21620876,0.069005854,-0.02982456,-0.29193363","-0.6034343,0.9379344,0.9707364","-0.123622276,0.4995523,0.4075718,0.77402484,-0.3104389,-0.20398985,0.069005854,-0.02982456,-0.29193363",0.0
"-0.123622276,0.4995523,0.4075718,0.77402484,-0.3104389,-0.20398985,0.069005854,-0.02982456,-0.29193363","-0.38819218,0.9670572,0.9626384","-0.16069181,0.63251776,0.5109886,0.57116884,-0.30900732,-0.54123354,0.069005854,-0.02982456,-0.29193363",0.0
"-0.16069181,0.63251776,0.5109886,0.57116884,-0.30900732,-0.54123354,0.069005854,-0.02982456,-0.29193363","-0.10080171,0.85693526,0.9735999","-0.17031765,0.75034195,0.615583,0.33550844,-0.19214137,-0.7007646,0.069005854,-0.02982456,-0.29193363",0.0
"-0.17031765,0.75034195,0.615583,0.33550844,-0.19214137,-0.7007646,0.069005854,-0.02982456,-0.29193363","0.04236996,-0.09601194,0.9772576","-0.16627163,0.7371409,0.72057027,0.23113853,-0.12638551,-0.63479406,0.069005854,-0.02982456,-0.29193363",0.0
"-0.16627163,0.7371409,0.72057027,0.23113853,-0.12638551,-0.63479406,0.069005854,-0.02982456,-0.29193363","-0.043484867,-0.39376903,0.9757223","-0.17042413,0.68299973,0.8253927,0.16511308,-0.091213435,-0.5172978,0.069005854,-0.02982456,-0.29193363",0.0
"-0.17042413,0.68299973,0.8253927,0.16511308,-0.091213435,-0.5172978,0.069005854,-0.02982456,-0.29193363","0.088121295,-0.19008046,0.95843565","-0.16200918,0.6568647,0.9283581,0.09261091,-0.0450474,-0.3965992,0.069005854,-0.02982456,-0.29193363",0.0
"-0.16200918,0.6568647,0.9283581,0.09261091,-0.0450474,-0.3965992,0.069005854,-0.02982456,-0.29193363","0.16082191,-0.44354105,0.72924554","-0.14665186,0.59588015,1.0,0.064512976,-0.025557369,-0.29493403,0.069005854,-0.02982456,-0.29193363",0.0
"0.0,0.0,0.0,2.8652207e-07,0.005789075,0.993462,-0.03023392,0.01619883,-0.6184311","-0.45999432,-0.97493386,-0.9542492","-0.043926124,-0.1340484,-0.10251559,-0.4112173,0.06295474,0.87896776,-0.03023392,0.01619883,-0.6184311",0.0
"-0.043926124,-0.1340484,-0.10251559,-0.4112173,0.06295474,0.87896776,-0.03023392,0.01619883,-0.6184311","0.27445436,-0.92654634,-0.94822013","-0.017717728,-0.26144376,-0.20438346,-0.71996915,0.045914542,0.5798336,-0.03023392,0.01619883,-0.6184311",0.0
"-0.017717728,-0.26144376,-0.20438346,-0.71996915,0.045914542,0.5798336,-0.03023392,0.01619883,-0.6184311","0.11970258,-0.9401695,-0.93690735","-0.006287004,-0.39071226,-0.305036,-0.86732584,0.022923367,0.17119496,-0.03023392,0.01619883,-0.6184311",0.0
"-0.006287004,-0.39071226,-0.305036,-0.86732584,0.022923367,0.17119496,-0.03023392,0.01619883,-0.6184311","0.13632596,-0.9821596,-0.96447325","0.0067311344,-0.5257542,-0.40864992,-0.8271282,-0.011702526,-0.25838953,-0.03023392,0.01619883,-0.6184311",0.0
"0.0067311344,-0.5257542,-0.40864992,-0.8271282,-0.011702526,-0.25838953,-0.03023392,0.01619883,-0.6184311","0.2508136,-0.92700946,-0.9552804","0.030682012,-0.6532133,-0.51127625,-0.6288629,-0.05498817,-0.5737006,-0.03023392,0.01619883,-0.6184311",0.0
"0.030682012,-0.6532133,-0.51127625,-0.6288629,-0.05498817,-0.5737006,-0.03023392,0.01619883,-0.6184311","-0.080399215,-0.9104209,-0.9462797","0.023004472,-0.77839154,-0.6129356,-0.3570254,-0.02004275,-0.72721773,-0.03023392,0.01619883,-0.6184311",0.0
"0.023004472,-0.77839154,-0.6129356,-0.3570254,-0.02004275,-0.72721773,-0.03023392,0.01619883,-0.6184311","0.06999314,-0.81665075,-0.94015396","0.02968831,-0.89067686,-0.7139369,-0.10325419,-0.0038434407,-0.7103277,-0.03023392,0.01619883,-0.6184311",0.0
"0.02968831,-0.89067686,-0.7139369,-0.10325419,-0.0038434407,-0.7103277,-0.03023392,0.01619883,-0.6184311","-0.28953683,0.21701026,-0.66197085","0.0020396467,-0.8608391,-0.7850527,-0.07052272,0.005337796,-0.6198145,-0.03023392,0.01619883,-0.6184311",0.0
"0.0020396467,-0.8608391,-0.7850527,-0.07052272,0.005337796,-0.6198145,-0.03023392,0.01619883,-0.6184311","-0.21160555,-0.111635625,-0.08528292","-0.018167146,-0.8761885,-0.79421467,-0.047831427,0.008531987,-0.610333,-0.03023392,0.01619883,-0.6184311",0.0
"-0.018167146,-0.8761885,-0.79421467,-0.047831427,0.008531987,-0.610333,-0.03023392,0.01619883,-0.6184311","-0.1861099,-0.1184234,0.01720345","-0.035939287,-0.89247113,-0.7923664,-0.033046637,0.009573813,-0.6143977,-0.03023392,0.01619883,-0.6184311",0.0
"0.0,0.0,0.0,2.8652207e-07,0.005789075,0.993462,0.23005849,0.044269003,-0.35214671","0.15163934,0.9395604,0.8931391","0.014480461,0.12918472,0.0959505,0.39803517,0.023915047,0.8892809,0.23005849,0.044269003,-0.35214671",0.0
"0.014480461,0.12918472,0.0959505,0.39803517,0.023915047,0.8892809,0.23005849,0.044269003,-0.35214671","0.5229883,0.79643583,0.95641065","0.064422056,0.23869058,0.1986983,0.6706679,0.1435291,0.62683773,0.23005849,0.044269003,-0.35214671",0.0
"0.064422056,0.23869058,0.1986983,0.6706679,0.1435291,0.62683773,0.23005849,0.044269003,-0.35214671","0.1189425,0.7380748,0.95506287","0.075780205,0.34017208,0.3013013,0.80908215,0.2022995,0.282011,0.23005849,0.044269003,-0.35214671",0.0
"0.075780205,0.34017208,0.3013013,0.80908215,0.2022995,0.282011,0.23005849,0.044269003,-0.35214671","-0.04439658,0.63959944,0.9545989","0.07154065,0.42811376,0.40385443,0.8158727,0.19245866,-0.05311012,0.23005849,0.044269003,-0.35214671",0.0
"0.07154065,0.42811376,0.40385443,0.8158727,0.19245866,-0.05311012,0.23005849,0.044269003,-0.35214671","-0.16932362,0.25141788,0.94146085","0.05537148,0.46268246,0.5049962,0.73643005,0.13529181,-0.24347612,0.23005849,0.044269003,-0.35214671",0.0
"0.05537148,0.46268246,0.5049962,0.73643005,0.13529181,-0.24347612,0.23005849,0.044269003,-0.35214671","0.03324592,0.17541635,0.9247668","0.058546223,0.48680136,0.6043444,0.6109665,0.119547635,-0.3655482,0.23005849,0.044269003,-0.35214671",0.0
"0.058546223,0.48680136,0.6043444,0.6109665,0.119547635,-0.3655482,0.23005849,0.044269003,-0.35214671","0.009892106,-0.12771302,0.91760874","0.059490852,0.46924156,0.7029237,0.4894031,0.09843977,-0.38293543,0.23005849,0.044269003,-0.35214671",0.0
"0.059490852,0.46924156,0.7029237,0.4894031,0.09843977,-0.38293543,0.23005849,0.044269003,-0.35214671","0.074476,-0.10708547,0.8884649","0.066602774,0.4545179,0.7983721,0.36448628,0.08331612,-0.372847,0.23005849,0.044269003,-0.35214671",0.0
"0.066602774,0.4545179,0.7983721,0.36448628,0.08331612,-0.372847,0.23005849,0.044269003,-0.35214671","-0.028529704,0.05648458,0.76923347","0.063878395,0.46228433,0.8810113,0.25105262,0.056976754,-0.35282144,0.23005849,0.044269003,-0.35214671",0.0
"0.063878395,0.46228433,0.8810113,0.25105262,0.056976754,-0.35282144,0.23005849,0.044269003,-0.35214671","-0.063007,0.058762312,0.09968352","0.057861693,0.4703639,0.8917204,0.23463969,0.04901487,-0.35197064,0.23005849,0.044269003,-0.35214671",0.0
"0.0,0.0,0.0,2.8652207e-07,0.005789075,0.993462,-0.24163744,-0.1954386,-0.48022214","0.58324575,-0.86897206,-0.94751275","0.05569573,-0.11947919,-0.101791896,-0.38165808,-0.06159108,0.89383096,-0.24163744,-0.1954386,-0.48022214",0.0
"0.05569573,-0.11947919,-0.101791896,-0.38165808,-0.06159108,0.89383096,-0.24163744,-0.1954386,-0.48022214","0.69879305,-0.85642487,-0.961219","0.1224254,-0.23723324,-0.20505626,-0.6397994,-0.25272602,0.6205134,-0.24163744,-0.1954386,-0.48022214",0.0
"0.1224254,-0.23723324,-0.20505626,-0.6397994,-0.25272602,0.6205134,-0.24163744,-0.1954386,-0.48022214","0.710372,-0.77099514,-0.9663808","0.19026077,-0.34324113,-0.30887514,-0.6943351,-0.46569932,0.2639424,-0.24163744,-0.1954386,-0.48022214",0.0
"0.19026077,-0.34324113,-0.30887514,-0.6943351,-0.46569932,0.2639424,-0.24163744,-0.1954386,-0.48022214","0.5820031,-0.7380854,-0.96915054","0.24583785,-0.4447241,-0.4129916,-0.6008796,-0.5772872,-0.099340774,-0.24163744,-0.1954386,-0.48022214",0.0
"0.24583785,-0.4447241,-0.4129916,-0.6008796,-0.5772872,-0.099340774,-0.24163744,-0.1954386,-0.48022214","-0.12739694,-0.864394,-0.9704278","0.23367237,-0.5635739,-0.51724523,-0.5169094,-0.45862862,-0.4321346,-0.24163744,-0.1954386,-0.48022214",0.0
"0.23367237,-0.5635739,-0.51724523,-0.5169094,-0.45862862,-0.4321346,-0.24163744,-0.1954386,-0.48022214","-0.04673648,-0.70561314,-0.96770775","0.22920938,-0.66059214,-0.62120664,-0.3592336,-0.30742434,-0.6052976,-0.24163744,-0.1954386,-0.48022214",0.0
"0.22920938,-0.66059214,-0.62120664,-0.3592336,-0.30742434,-0.6052976,-0.24163744,-0.1954386,-0.48022214","0.040258527,0.32064128,-0.92507005","0.23305379,-0.6165057,-0.72058743,-0.28244242,-0.24607988,-0.54037887,-0.24163744,-0.1954386,-0.48022214",0.0
"0.23305379,-0.6165057,-0.72058743,-0.28244242,-0.24607988,-0.54037887,-0.24163744,-0.1954386,-0.48022214","-0.086993456,0.3821987,-0.6238502","0.22474654,-0.5639553,-0.787608,-0.25003216,-0.2055958,-0.46948442,-0.24163744,-0.1954386,-0.48022214",0.0
"0.0,0.0,0.0,2.8652207e-07,0.005789075,0.993462,-0.05795322,0.037777778,-0.61392003","-0.5175826,-0.9805465,-0.95442545","-0.049425386,-0.1348201,-0.102534525,-0.4115732,0.070285186,0.8781671,-0.05795322,0.037777778,-0.61392003",0.0
"-0.049425386,-0.1348201,-0.102534525,-0.4115732,0.070285186,0.8781671,-0.05795322,0.037777778,-0.61392003","-0.24366158,-0.9398571,-0.94097555","-0.0726933,-0.26404563,-0.20362411,-0.7043812,0.16966124,0.5763236,-0.05795322,0.037777778,-0.61392003",0.0
"-0.0726933,-0.26404563,-0.20362411,-0.7043812,0.16966124,0.5763236,-0.05795322,0.037777778,-0.61392003","-0.07434827,-0.93680423,-0.9525467","-0.07979302,-0.3928514,-0.3059568,-0.840043,0.22108056,0.16524123,-0.05795322,0.037777778,-0.61392003",0.0
"-0.07979302,-0.3928514,-0.3059568,-0.840043,0.22108056,0.16524123,-0.05795322,0.037777778,-0.61392003","0.31355023,-0.9711135,-0.9708411","-0.049851254,-0.5263746,-0.4102548,-0.8145341,0.13448082,-0.26152247,-0.05795322,0.037777778,-0.61392003",0.0
"-0.049851254,-0.5263746,-0.4102548,-0.8145341,0.13448082,-0.26152247,-0.05795322,0.037777778,-0.61392003","-0.0055508614,-0.96129405,-0.9527331","-0.05038132,-0.6585476,-0.51260746,-0.615939,0.10417484,-0.5824476,-0.05795322,0.037777778,-0.61392003",0.0
"-0.05038132,-0.6585476,-0.51260746,-0.615939,0.10417484,-0.5824476,-0.05795322,0.037777778,-0.61392003","-0.15373725,-0.8889924,-0.9377394","-0.06506211,-0.78077954,-0.6133493,-0.34559304,0.07755194,-0.7291173,-0.05795322,0.037777778,-0.61392003",0.0
"-0.06506211,-0.78077954,-0.6133493,-0.34559304,0.07755194,-0.7291173,-0.05795322,0.037777778,-0.61392003","0.08831251,-0.7900868,-0.9439314","-0.056628905,-0.88941246,-0.7147564,-0.10115919,0.02407154,-0.70909524,-0.05795322,0.037777778,-0.61392003",0.0
"-0.056628905,-0.88941246,-0.7147564,-0.10115919,0.02407154,-0.70909524,-0.05795322,0.037777778,-0.61392003","-0.48052728,0.32500863,-0.5765871","-0.10251578,-0.84472555,-0.7766994,-0.08698791,0.035129663,-0.62680143,-0.05795322,0.037777778,-0.61392003",0.0
"-0.10251578,-0.84472555,-0.7766994,-0.08698791,0.035129663,-0.62680143,-0.05795322,0.037777778,-0.61392003","-0.30014694,-0.05130291,-0.118939996","-0.13117763,-0.85177946,-0.7894771,-0.066934206,0.03557818,-0.61268383,-0.05795322,0.037777778,-0.61392003",0.0
"0.0,0.0,0.0,2.8652207e-07,0.005789075,0.993462,0.03023392,0.01619883,-0.6184311","0.76348734,0.9783933,0.958632","0.0729075,0.13452406,0.10298644,0.40522736,0.100417845,0.8780812,0.03023392,0.01619883,-0.6184311",0.0
"0.0729075,0.13452406,0.10298644,0.40522736,0.100417845,0.8780812,0.03023392,0.01619883,-0.6184311","0.69025683,0.95602894,0.955456","0.13882202,0.26597315,0.20563167,0.6576368,0.31288064,0.57004815,0.03023392,0.01619883,-0.6184311",0.0
"0.13882202,0.26597315,0.20563167,0.6576368,0.31288064,0.57004815,0.03023392,0.01619883,-0.6184311","-0.22880477,0.9528222,0.93215084","0.11697283,0.3969813,0.30577323,0.81068784,0.3182929,0.15676266,0.03023392,0.01619883,-0.6184311",0.0
"0.11697283,0.3969813,0.30577323,0.81068784,0.3182929,0.15676266,0.03023392,0.01619883,-0.6184311","0.14887214,0.95929325,0.95087445","0.13118903,0.5288792,0.4079262,0.75541717,0.33657315,-0.26384506,0.03023392,0.01619883,-0.6184311",0.0
"0.13118903,0.5288792,0.4079262,0.75541717,0.33657315,-0.26384506,0.03023392,0.01619883,-0.6184311","-0.16742367,0.95825243,0.95485115","0.11520129,0.66063404,0.51050645,0.5830125,0.2269145,-0.58474237,0.03023392,0.01619883,-0.6184311",0.0
"0.11520129,0.66063404,0.51050645,0.5830125,0.2269145,-0.58474237,0.03023392,0.01619883,-0.6184311","-0.34808528,0.9379873,0.9357755","0.08196167,0.78960246,0.6110373,0.3337415,0.09387323,-0.7376605,0.03023392,0.01619883,-0.6184311",0.0
"0.08196167,0.78960246,0.6110373,0.3337415,0.09387323,-0.7376605,0.03023392,0.01619883,-0.6184311","0.23946702,0.8012533,0.9553422","0.104829036,0.89977074,0.71367025,0.08602119,0.03551852,-0.71280265,0.03023392,0.01619883,-0.6184311",0.0
"0.104829036,0.89977074,0.71367025,0.08602119,0.03551852,-0.71280265,0.03023392,0.01619883,-0.6184311","-0.0039004087,-0.06742406,0.7560364","0.10445657,0.8905003,0.79489166,0.030292612,0.016429659,-0.61087656,0.03023392,0.01619883,-0.6184311",0.0
"0.0,0.0,0.0,2.8652207e-07,0.005789075,0.993462,-0.07274854,0.01883041,-0.29193363","-0.66853833,-0.97732276,-0.95769304","-0.06384056,-0.13437685,-0.10288557,-0.40752667,0.08875541,0.87831765,-0.07274854,0.01883041,-0.29193363",0.0
"-0.06384056,-0.13437685,-0.10288557,-0.40752667,0.08875541,0.87831765,-0.07274854,0.01883041,-0.29193363","-0.35866958,-0.9037823,-0.9559934","-0.09809091,-0.2586423,-0.20558853,-0.68269473,0.22337888,0.5830434,-0.07274854,0.01883041,-0.29193363",0.0
"-0.09809091,-0.2586423,-0.20558853,-0.68269473,0.22337888,0.5830434,-0.07274854,0.01883041,-0.29193363","0.93708897,-0.6878841,-0.9709506","-0.008605713,-0.35322282,-0.30989835,-0.84271353,0.028580189,0.24190398,-0.07274854,0.01883041,-0.29193363",0.0
"-0.008605713,-0.35322282,-0.30989835,-0.84271353,0.028580189,0.24190398,-0.07274854,0.01883041,-0.29193363","0.7931254,-0.4822513,-0.9495433","0.067132,-0.41952994,-0.41190836,-0.8145648,-0.16846584,-0.046700984,-0.07274854,0.01883041,-0.29193363",0.0
"0.067132,-0.41952994,-0.41190836,-0.8145648,-0.16846584,-0.046700984,-0.07274854,0.01883041,-0.29193363","0.13309526,-0.6913599,-0.92384595","0.07984163,-0.5145884,-0.5111577,-0.702923,-0.17413099,-0.34269935,-0.07274854,0.01883041,-0.29193363",0.0
"0.07984163,-0.5145884,-0.5111577,-0.702923,-0.17413099,-0.34269935,-0.07274854,0.01883041,-0.29193363","-0.041007757,-0.37543845,-0.9612596","0.07592569,-0.5662093,-0.6144264,-0.5467205,-0.12698081,-0.48501614,-0.07274854,0.01883041,-0.29193363",0.0
"0.07592569,-0.5662093,-0.6144264,-0.5467205,-0.12698081,-0.48501614,-0.07274854,0.01883041,-0.29193363","0.048727036,-0.472481,-0.96604633","0.08057877,-0.6311731,-0.7182093,-0.35530162,-0.085934944,-0.5544598,-0.07274854,0.01883041,-0.29193363",0.0
"0.08057877,-0.6311731,-0.7182093,-0.35530162,-0.085934944,-0.5544598,-0.07274854,0.01883041,-0.29193363","-0.18622649,-0.29370034,-0.9793184","0.06279549,-0.6715554,-0.82341814,-0.19690047,-0.033451967,-0.5137157,-0.07274854,0.01883041,-0.29193363",0.0
"0.06279549,-0.6715554,-0.82341814,-0.19690047,-0.033451967,-0.5137157,-0.07274854,0.01883041,-0.29193363","-0.47384727,0.21443462,-0.92361444","0.017546518,-0.6420718,-0.9226426,-0.116258584,-0.0006167752,-0.3994099,-0.07274854,0.01883041,-0.29193363",0.0
"0.017546518,-0.6420718,-0.9226426,-0.116258584,-0.0006167752,-0.3994099,-0.07274854,0.01883041,-0.29193363","-0.42243308,0.3698622,-0.706216","-0.022792779,-0.5912177,-0.9985118,-0.07138432,0.010924634,-0.29601255,-0.07274854,0.01883041,-0.29193363",0.0
"0.0,0.0,0.0,2.8652207e-07,0.005789075,0.993462,0.018187135,0.017192982,-0.46819258","0.73824453,0.969895,0.95865273","0.070497,0.13335557,0.10298866,0.40376103,0.09684763,0.87926626,0.018187135,0.017192982,-0.46819258",0.0
"0.070497,0.13335557,0.10298866,0.40376103,0.09684763,0.87926626,0.018187135,0.017192982,-0.46819258","0.87113214,0.9245086,0.9555037","0.1536838,0.26047078,0.20563902,0.6357306,0.33978093,0.57976264,0.018187135,0.017192982,-0.46819258",0.0
"0.1536838,0.26047078,0.20563902,0.6357306,0.33978093,0.57976264,0.018187135,0.017192982,-0.46819258","0.16495907,0.90073717,0.9523845","0.1694362,0.38431752,0.30795425,0.7410155,0.44318545,0.18017906,0.018187135,0.017192982,-0.46819258",0.0
"0.1694362,0.38431752,0.30795425,0.7410155,0.44318545,0.18017906,0.018187135,0.017192982,-0.46819258","0.28578866,0.9350685,0.960171","0.19672693,0.5128847,0.41110602,0.6716439,0.4846084,-0.23532003,0.018187135,0.017192982,-0.46819258",0.0
"0.19672693,0.5128847,0.41110602,0.6716439,0.4846084,-0.23532003,0.018187135,0.017192982,-0.46819258","-0.07709473,0.9009894,0.96274686","0.18936495,0.6367661,0.5145345,0.5277445,0.3641094,-0.5496877,0.018187135,0.017192982,-0.46819258",0.0
"0.18936495,0.6367661,0.5145345,0.5277445,0.3641094,-0.5496877,0.018187135,0.017192982,-0.46819258","-0.07838839,0.77691185,0.9245672","0.18187943,0.74358755,0.61386126,0.33045718,0.21934514,-0.69485915,0.018187135,0.017192982,-0.46819258",0.0
"0.18187943,0.74358755,0.61386126,0.33045718,0.21934514,-0.69485915,0.018187135,0.017192982,-0.46819258","-0.022058964,0.5165329,0.94226027","0.17977297,0.8146082,0.71508884,0.15569541,0.10550586,-0.6820724,0.018187135,0.017192982,-0.46819258",0.0
"0.17977297,0.8146082,0.71508884,0.15569541,0.10550586,-0.6820724,0.018187135,0.017192982,-0.46819258","0.21325469,0.15493417,0.94828165","0.20013724,0.835911,0.81696326,0.051405784,0.044541046,-0.5751996,0.018187135,0.017192982,-0.46819258",0.0
"0.20013724,0.835911,0.81696326,0.051405784,0.044541046,-0.5751996,0.018187135,0.017192982,-0.46819258","0.070051074,-0.2878021,0.73491955","0.20682661,0.7963397,0.89591604,0.030096704,0.03013982,-0.4643038,0.018187135,0.017192982,-0.46819258",0.0
"0.20682661,0.7963397,0.89591604,0.030096704,0.03013982,-0.4643038,0.018187135,0.017192982,-0.46819258","-0.016961634,0.09900653,-0.0033064485","0.2052069,0.8099526,0.8955608,0.023051366,0.02457428,-0.46605283,0.018187135,0.017192982,-0.46819258",0.0
"0.0,0.0,0.0,2.8652207e-07,0.005789075,0.993462,0.13397661,-0.016491227,-0.59666026","0.070795536,0.97544146,0.9712548","0.006760465,0.13411818,0.10434251,0.41801885,0.0146700395,0.87733054,0.13397661,-0.016491227,-0.59666026",0.0
"0.006760465,0.13411818,0.10434251,0.41801885,0.0146700395,0.87733054,0.13397661,-0.016491227,-0.59666026","0.501791,0.96018505,0.94584703","0.05467787,0.2661387,0.20595545,0.7169405,0.13025466,0.5692919,0.13397661,-0.016491227,-0.59666026",0.0
"0.05467787,0.2661387,0.20595545,0.7169405,0.13025466,0.5692919,0.13397661,-0.016491227,-0.59666026","-0.4233191,0.9308753,0.94084096","0.01425397,0.3941293,0.3070306,0.86798453,0.044689693,0.16087401,0.13397661,-0.016491227,-0.59666026",0.0
"0.01425397,0.3941293,0.3070306,0.86798453,0.044689693,0.16087401,0.13397661,-0.016491227,-0.59666026","0.06245041,0.912403,0.9642267","0.020217534,0.51958007,0.41061807,0.82498854,0.058271386,-0.24825566,0.13397661,-0.016491227,-0.59666026",0.0
"0.020217534,0.51958007,0.41061807,0.82498854,0.058271386,-0.24825566,0.13397661,-0.016491227,-0.59666026","-0.11960149,0.90745485,0.95810556","0.00879646,0.64435047,0.5135479,0.6355723,0.023360131,-0.5610336,0.13397661,-0.016491227,-0.59666026",0.0
"0.00879646,0.64435047,0.5135479,0.6355723,0.023360131,-0.5610336,0.13397661,-0.016491227,-0.59666026","-0.41870666,0.82352304,0.95449364","-0.031186989,0.75758076,0.6160897,0.3763738,-0.031176884,-0.7073365,0.13397661,-0.016491227,-0.59666026",0.0
"-0.031186989,0.75758076,0.6160897,0.3763738,-0.031176884,-0.7073365,0.13397661,-0.016491227,-0.59666026","-0.26004732,0.53508556,0.96313953","-0.05601962,0.8311523,0.71956027,0.16324845,-0.023150152,-0.6849279,0.13397661,-0.016491227,-0.59666026",0.0
"-0.05601962,0.8311523,0.71956027,0.16324845,-0.023150152,-0.6849279,0.13397661,-0.016491227,-0.59666026","-0.08016211,-0.3756433,0.6554458","-0.06367452,0.77950335,0.78997517,0.14192371,-0.022867935,-0.5927373,0.13397661,-0.016491227,-0.59666026",0.0
"0.0,0.0,0.0,2.8652207e-07,0.005789075,0.993462,-0.2183041,0.32356724,-0.74957925","-0.72438794,-0.97106034,-0.94618547","-0.0691738,-0.13351579,-0.1016493,-0.4029337,0.09489756,0.88024443,-0.2183041,0.32356724,-0.74957925",0.0
"-0.0691738,-0.13351579,-0.1016493,-0.4029337,0.09489756,0.88024443,-0.2183041,0.32356724,-0.74957925","-0.85006434,-0.9531823,-0.9350458","-0.15034877,-0.26457345,-0.20210186,-0.6423946,0.33470514,0.5775531,-0.2183041,0.32356724,-0.74957925",0.0
"-0.15034877,-0.26457345,-0.20210186,-0.6423946,0.33470514,0.5775531,-0.2183041,0.32356724,-0.74957925","-0.70906043,-0.9488011,-0.9222895","-0.2180589,-0.39502874,-0.301184,-0.6706285,0.55541563,0.16800334,-0.2183041,0.32356724,-0.74957925",0.0
"-0.2180589,-0.39502874,-0.301184,-0.6706285,0.55541563,0.16800334,-0.2183041,0.32356724,-0.74957925","-0.3202849,-0.9505768,-0.90821326","-0.24864379,-0.5257282,-0.39875385,-0.5896747,0.5928262,-0.24655868,-0.2183041,0.32356724,-0.74957925",0.0
"-0.24864379,-0.5257282,-0.39875385,-0.5896747,0.5928262,-0.24655868,-0.2183041,0.32356724,-0.74957925","0.15508378,-0.9286928,-0.91692525","-0.23383442,-0.6534187,-0.49725968,-0.47825724,0.4397929,-0.56738997,-0.2183041,0.32356724,-0.74957925",0.0
"-0.23383442,-0.6534187,-0.49725968,-0.47825724,0.4397929,-0.56738997,-0.2183041,0.32356724,-0.74957925","-0.3525536,-0.90997994,-0.79198974","-0.26750073,-0.7785363,-0.5823435,-0.261881,0.30106422,-0.7380415,-0.2183041,0.32356724,-0.74957925",0.0
"-0.26750073,-0.7785363,-0.5823435,-0.261881,0.30106422,-0.7380415,-0.2183041,0.32356724,-0.74957925","-0.26302534,-0.2632835,0.050908566","-0.29261774,-0.8147365,-0.5768744,-0.21452366,0.29085803,-0.77345353,-0.2183041,0.32356724,-0.74957925",0.0
"-0.29261774,-0.8147365,-0.5768744,-0.21452366,0.29085803,-0.77345353,-0.2183041,0.32356724,-0.74957925","-0.07121611,0.07743275,0.044685364","-0.29941833,-0.80408996,-0.57207376,-0.22008584,0.3115876,-0.7655066,-0.2183041,0.32356724,-0.74957925",0.0
"-0.29941833,-0.80408996,-0.57207376,-0.22008584,0.3115876,-0.7655066,-0.2183041,0.32356724,-0.74957925","0.0014539957,0.052162647,-0.015993416","-0.2992795,-0.7969179,-0.5737919,-0.22415099,0.3168743,-0.7582293,-0.2183041,0.32356724,-0.74957925",0.0
"0.0,0.0,0.0,2.8652207e-07,0.005789075,0.993462,0.123391815,0.036257308,-0.7433683","0.33832455,0.9744878,0.9522412","0.032307543,0.13398705,0.10229988,0.4128717,0.04786884,0.87921387,0.123391815,0.036257308,-0.7433683",0.0
"0.032307543,0.13398705,0.10229988,0.4128717,0.04786884,0.87921387,0.123391815,0.036257308,-0.7433683","0.8060616,0.97371185,0.92786837","0.10928058,0.26786745,0.20198135,0.68424743,0.25074747,0.57188636,0.123391815,0.036257308,-0.7433683",0.0
"0.10928058,0.26786745,0.20198135,0.68424743,0.25074747,0.57188636,0.123391815,0.036257308,-0.7433683","-0.14878064,0.956331,0.89311147","0.09507311,0.39935806,0.29792887,0.83335483,0.26264077,0.16382846,0.123391815,0.036257308,-0.7433683",0.0
"0.09507311,0.39935806,0.29792887,0.83335483,0.26264077,0.16382846,0.123391815,0.036257308,-0.7433683","0.063960195,0.9501649,0.930444","0.10118084,0.53000087,0.39788696,0.7921263,0.26672554,-0.2542308,0.123391815,0.036257308,-0.7433683",0.0
"0.10118084,0.53000087,0.39788696,0.7921263,0.26672554,-0.2542308,0.123391815,0.036257308,-0.7433683","-0.014275074,0.941051,0.9477775","0.09981767,0.65939057,0.49970725,0.6081033,0.20328654,-0.57798517,0.123391815,0.036257308,-0.7433683",0.0
"0.09981767,0.65939057,0.49970725,0.6081033,0.20328654,-0.57798517,0.123391815,0.036257308,-0.7433683","-0.4579221,0.948452,0.9332304","0.05608943,0.7897979,0.59996474,0.354687,0.069035165,-0.74247766,0.123391815,0.036257308,-0.7433683",0.0
"0.05608943,0.7897979,0.59996474,0.354687,0.069035165,-0.74247766,0.123391815,0.036257308,-0.7433683","0.37605345,0.7562525,0.8100506","0.09199981,0.8937788,0.6869889,0.119815566,0.041667696,-0.74020684,0.123391815,0.036257308,-0.7433683",0.0
"0.0,0.0,0.0,2.8652207e-07,0.005789075,0.993462,0.6468421,-0.22818713,-0.15444382","-0.65542424,0.92413557,0.812886","-0.06258825,0.12706389,0.08732885,0.37789914,-0.06937483,0.8981725,0.6468421,-0.22818713,-0.15444382",0.0
"-0.06258825,0.12706389,0.08732885,0.37789914,-0.06937483,0.8981725,0.6468421,-0.22818713,-0.15444382","-0.72824746,0.910828,0.7101886","-0.13213061,0.25229806,0.16362485,0.6257018,-0.26942644,0.6513919,0.6468421,-0.22818713,-0.15444382",0.0
"-0.13213061,0.25229806,0.16362485,0.6257018,-0.26942644,0.6513919,0.6468421,-0.22818713,-0.15444382","-0.021381736,0.84052014,0.9224825","-0.13417241,0.36786526,0.2627277,0.7826173,-0.34457457,0.28515097,0.6468421,-0.22818713,-0.15444382",0.0
"-0.13417241,0.36786526,0.2627277,0.7826173,-0.34457457,0.28515097,0.6468421,-0.22818713,-0.15444382","-0.18378621,0.6664666,0.9536922","-0.15172265,0.45950103,0.36518344,0.77247214,-0.39235955,-0.06460335,0.6468421,-0.22818713,-0.15444382",0.0
"-0.15172265,0.45950103,0.36518344,0.77247214,-0.39235955,-0.06460335,0.6468421,-0.22818713,-0.15444382","0.10627711,0.0057116747,0.84189343","-0.14157397,0.4602864,0.45562857,0.7223937,-0.33789325,-0.18407609,0.6468421,-0.22818713,-0.15444382",0.0
"-0.14157397,0.4602864,0.45562857,0.7223937,-0.33789325,-0.18407609,0.6468421,-0.22818713,-0.15444382","0.245067,-0.3669392,0.7123728","-0.118171856,0.40983424,0.5321592,0.682592,-0.25952026,-0.1767229,0.6468421,-0.22818713,-0.15444382",0.0
"-0.118171856,0.40983424,0.5321592,0.682592,-0.25952026,-0.1767229,0.6468421,-0.22818713,-0.15444382","0.024099112,-0.17003757,0.34708917","-0.11587056,0.386455,0.5694472,0.6508275,-0.24176826,-0.17511187,0.6468421,-0.22818713,-0.15444382",0.0
"-0.11587056,0.386455,0.5694472,0.6508275,-0.24176826,-0.17511187,0.6468421,-0.22818713,-0.15444382","-0.010782003,-0.08144462,0.09158039","-0.11690016,0.37525684,0.5792858,0.6413663,-0.24053456,-0.16624606,0.6468421,-0.22818713,-0.15444382",0.0
"0.0,0.0,0.0,2.8652207e-07,0.005789075,0.993462,-0.083567254,-0.08222222,-0.44393736","0.82960045,-0.92261654,-0.94451576","0.07922082,-0.12685503,-0.10146992,-0.38976622,-0.093085565,0.8870128,-0.083567254,-0.08222222,-0.44393736",0.0
"0.07922082,-0.12685503,-0.10146992,-0.38976622,-0.093085565,0.8870128,-0.083567254,-0.08222222,-0.44393736","0.8215668,-0.7735864,-0.95601964","0.15767448,-0.23321919,-0.20417571,-0.60232854,-0.3188459,0.62843233,-0.083567254,-0.08222222,-0.44393736",0.0
"0.15767448,-0.23321919,-0.20417571,-0.60232854,-0.3188459,0.62843233,-0.083567254,-0.08222222,-0.44393736","0.52733517,-0.76242536,-0.95209795","0.20803116,-0.33804876,-0.3064602,-0.66422224,-0.501384,0.27827495,-0.083567254,-0.08222222,-0.44393736",0.0
"0.20803116,-0.33804876,-0.3064602,-0.66422224,-0.501384,0.27827495,-0.083567254,-0.08222222,-0.44393736","0.3638134,-0.78703856,-0.95350814","0.2427727,-0.44626257,-0.40889615,-0.6086103,-0.57357615,-0.09701949,-0.083567254,-0.08222222,-0.44393736",0.0
"0.2427727,-0.44626257,-0.40889615,-0.6086103,-0.57357615,-0.09701949,-0.083567254,-0.08222222,-0.44393736","0.11142993,-0.7813623,-0.95541847","0.25341344,-0.5536959,-0.5115373,-0.49651465,-0.49900436,-0.41116408,-0.083567254,-0.08222222,-0.44393736",0.0
"0.25341344,-0.5536959,-0.5115373,-0.49651465,-0.49900436,-0.41116408,-0.083567254,-0.08222222,-0.44393736","0.03945923,-0.74828947,-0.9605397","0.25718153,-0.65658194,-0.6147286,-0.33973855,-0.34704736,-0.60082287,-0.083567254,-0.08222222,-0.44393736",0.0
"0.25718153,-0.65658194,-0.6147286,-0.33973855,-0.34704736,-0.60082287,-0.083567254,-0.08222222,-0.44393736","0.2661085,-0.48961568,-0.9687988","0.28259295,-0.72390157,-0.7188072,-0.18046953,-0.21263184,-0.62726516,-0.083567254,-0.08222222,-0.44393736",0.0
"0.28259295,-0.72390157,-0.7188072,-0.18046953,-0.21263184,-0.62726516,-0.083567254,-0.08222222,-0.44393736","0.0073934793,0.3117311,-0.9165391","0.28329897,-0.6810402,-0.8172716,-0.12986203,-0.15113308,-0.52394205,-0.083567254,-0.08222222,-0.44393736",0.0
"0.28329897,-0.6810402,-0.8172716,-0.12986203,-0.15113308,-0.52394205,-0.083567254,-0.08222222,-0.44393736","-0.21640629,0.2916968,-0.6330632","0.26263374,-0.64093345,-0.885282,-0.10858149,-0.10902935,-0.44013062,-0.083567254,-0.08222222,-0.44393736",0.0
"0.26263374,-0.64093345,-0.885282,-0.10858149,-0.10902935,-0.44013062,-0.083567254,-0.08222222,-0.44393736","-0.048931003,-0.105379224,-0.07823098","0.25796118,-0.6554227,-0.8936863,-0.09804701,-0.09467847,-0.4362491,-0.083567254,-0.08222222,-0.44393736",0.0
"0.25796118,-0.6554227,-0.8936863,-0.09804701,-0.09467847,-0.4362491,-0.083567254,-0.08222222,-0.44393736","-0.033446908,-0.12481284,0.0016800165","0.25476724,-0.6725839,-0.8935058,-0.09162254,-0.086096294,-0.44193116,-0.083567254,-0.08222222,-0.44393736",0.0
"0.0,0.0,0.0,2.8652207e-07,0.005789075,0.993462,0.15438597,0.17625731,-0.35214671","0.7687187,0.9271424,0.9183347","0.07340706,0.12747732,0.09865728,0.38669902,0.09674046,0.8887265,0.15438597,0.17625731,-0.35214671",0.0
"0.07340706,0.12747732,0.09865728,0.38669902,0.09674046,0.8887265,0.15438597,0.17625731,-0.35214671","0.7104908,0.76470196,0.9530455","0.14125378,0.23261991,0.20104358,0.61032397,0.2965492,0.63372415,0.15438597,0.17625731,-0.35214671",0.0
"0.14125378,0.23261991,0.20104358,0.61032397,0.2965492,0.63372415,0.15438597,0.17625731,-0.35214671","0.43502402,0.68931234,0.952142","0.18279542,0.32739684,0.30333278,0.6884324,0.4523173,0.30466998,0.15438597,0.17625731,-0.35214671",0.0
"0.18279542,0.32739684,0.30333278,0.6884324,0.4523173,0.30466998,0.15438597,0.17625731,-0.35214671","0.19251323,0.71335983,0.941138","0.20117903,0.42548022,0.40443984,0.6723161,0.49945778,-0.048534386,0.15438597,0.17625731,-0.35214671",0.0
"0.20117903,0.42548022,0.40443984,0.6723161,0.49945778,-0.048534386,0.15438597,0.17625731,-0.35214671","0.16306329,0.47092724,0.9350538","0.21675038,0.49023035,0.50489324,0.5719023,0.47081903,-0.29343277,0.15438597,0.17625731,-0.35214671",0.0
"0.21675038,0.49023035,0.50489324,0.5719023,0.47081903,-0.29343277,0.15438597,0.17625731,-0.35214671","0.0338912,0.27534485,0.94168735","0.21998675,0.5280889,0.60605925,0.45693052,0.38548824,-0.42794433,0.15438597,0.17625731,-0.35214671",0.0
"0.21998675,0.5280889,0.60605925,0.45693052,0.38548824,-0.42794433,0.15438597,0.17625731,-0.35214671","0.18537104,0.12791705,0.94777715","0.23768833,0.5456769,0.7078795,0.3233829,0.30717662,-0.47175187,0.15438597,0.17625731,-0.35214671",0.0
"0.23768833,0.5456769,0.7078795,0.3233829,0.30717662,-0.47175187,0.15438597,0.17625731,-0.35214671","0.24831975,-0.078684926,0.92320466","0.26140106,0.53485817,0.8070599,0.21150737,0.23572652,-0.43825126,0.15438597,0.17625731,-0.35214671",0.0
"0.26140106,0.53485817,0.8070599,0.21150737,0.23572652,-0.43825126,0.15438597,0.17625731,-0.35214671","0.00022637844,-0.37213063,0.7662296","0.26142266,0.48369223,0.88937646,0.15685791,0.17703849,-0.36108848,0.15438597,0.17625731,-0.35214671",0.0
"0.0,0.0,0.0,2.8652207e-07,0.005789075,0.993462,0.66046786,-0.0057894737,-0.32808766","0.26418114,0.9400532,0.93620515","0.025227387,0.1292525,0.100577116,0.40260208,0.03778224,0.8854009,0.66046786,-0.0057894737,-0.32808766",0.0
"0.025227387,0.1292525,0.100577116,0.40260208,0.03778224,0.8854009,0.66046786,-0.0057894737,-0.32808766","-0.16110408,0.9106598,0.9021332","0.009843119,0.25446352,0.19749385,0.7070795,0.027663937,0.60169744,0.66046786,-0.0057894737,-0.32808766",0.0
"0.009843119,0.25446352,0.19749385,0.7070795,0.027663937,0.60169744,0.66046786,-0.0057894737,-0.32808766","0.022444844,0.91737795,0.94583225","0.011986442,0.38059828,0.2991052,0.8617144,0.03825756,0.20173585,0.66046786,-0.0057894737,-0.32808766",0.0
"0.011986442,0.38059828,0.2991052,0.8617144,0.03825756,0.20173585,0.66046786,-0.0057894737,-0.32808766","-0.23565197,0.8555436,0.9607718","-0.01051661,0.49823117,0.40232152,0.83831,-0.021913957,-0.1947631,0.66046786,-0.0057894737,-0.32808766",0.0
"-0.01051661,0.49823117,0.40232152,0.83831,-0.021913957,-0.1947631,0.66046786,-0.0057894737,-0.32808766","-0.0961166,0.20702314,0.83912826","-0.019695045,0.52669585,0.49246955,0.73919004,-0.039994434,-0.3477511,0.66046786,-0.0057894737,-0.32808766",0.0
"-0.019695045,0.52669585,0.49246955,0.73919004,-0.039994434,-0.3477511,0.66046786,-0.0057894737,-0.32808766","0.16737628,-0.25658387,0.6075932","-0.003711824,0.491417,0.55774367,0.6789229,-0.002127534,-0.3411357,0.66046786,-0.0057894737,-0.32808766",0.0
"-0.003711824,0.491417,0.55774367,0.6789229,-0.002127534,-0.3411357,0.66046786,-0.0057894737,-0.32808766","0.033696294,-0.11338997,0.13273978","-0.0004940705,0.4758265,0.572004,0.6680876,0.00475265,-0.32636842,0.66046786,-0.0057894737,-0.32808766",0.0
"0.0,0.0,0.0,2.8652207e-07,0.005789075,0.993462,0.23421054,-0.0057894737,-0.35214671","-0.1533829,0.9449892,0.93761563","-0.014646948,0.12993117,0.10072864,0.4056735,-0.012884807,0.8846039,0.23421054,-0.0057894737,-0.35214671",0.0
"-0.014646948,0.12993117,0.10072864,0.4056735,-0.012884807,0.8846039,0.23421054,-0.0057894737,-0.35214671","0.49387693,0.7943492,0.9596417","0.032514717,0.23915009,0.20382355,0.68565977,0.076102965,0.6189988,0.23421054,-0.0057894737,-0.35214671",0.0
"0.032514717,0.23915009,0.20382355,0.68565977,0.076102965,0.6189988,0.23421054,-0.0057894737,-0.35214671","-0.056902528,0.741215,0.9579129","0.027080942,0.34106335,0.30673274,0.8309843,0.076679036,0.27172083,0.23421054,-0.0057894737,-0.35214671",0.0
"0.027080942,0.34106335,0.30673274,0.8309843,0.076679036,0.27172083,0.23421054,-0.0057894737,-0.35214671","-0.1234656,0.6233902,0.9568316","0.015290876,0.42677635,0.40952575,0.83306295,0.04584556,-0.058161795,0.23421054,-0.0057894737,-0.35214671",0.0
"0.015290876,0.42677635,0.40952575,0.83306295,0.04584556,-0.058161795,0.23421054,-0.0057894737,-0.35214671","-0.11848092,0.25397968,0.9370333","0.00397681,0.4616973,0.51019186,0.74337184,0.015077603,-0.24700439,0.23421054,-0.0057894737,-0.35214671",0.0
"0.00397681,0.4616973,0.51019186,0.74337184,0.015077603,-0.24700439,0.23421054,-0.0057894737,-0.35214671","-0.036673546,0.30575597,0.91987085","0.00047475452,0.5037372,0.60901415,0.6077815,0.00669594,-0.39357856,0.23421054,-0.0057894737,-0.35214671",0.0
"0.00047475452,0.5037372,0.60901415,0.6077815,0.00669594,-0.39357856,0.23421054,-0.0057894737,-0.35214671","-0.07807219,-0.109014094,0.9198177","-0.0069805705,0.48874843,0.7078307,0.4818326,-0.004777385,-0.40724632,0.23421054,-0.0057894737,-0.35214671",0.0
"-0.0069805705,0.48874843,0.7078307,0.4818326,-0.004777385,-0.40724632,0.23421054,-0.0057894737,-0.35214671","0.034544945,-0.06105399,0.9039216","-0.0036817752,0.4803539,0.8049396,0.35137367,0.0017254231,-0.39450714,0.23421054,-0.0057894737,-0.35214671",0.0
"-0.0036817752,0.4803539,0.8049396,0.35137367,0.0017254231,-0.39450714,0.23421054,-0.0057894737,-0.35214671","-0.06013596,-0.035849035,0.7584882","-0.009424319,0.4754249,0.8864245,0.24424379,-0.001441459,-0.35796922,0.23421054,-0.0057894737,-0.35214671",0.0
"0.0,0.0,0.0,2.8652207e-07,0.005789075,0.993462,-0.04380117,0.59871346,-0.4906826","0.8032203,0.93646336,0.744406","0.07670171,0.12875889,0.079972,0.36626756,0.09596827,0.9022287,-0.04380117,0.59871346,-0.4906826",0.0
"0.07670171,0.12875889,0.079972,0.36626756,0.09596827,0.9022287,-0.04380117,0.59871346,-0.4906826","0.88927853,0.86355865,0.86129665","0.16162136,0.24749379,0.17250164,0.5918925,0.33595872,0.6476044,-0.04380117,0.59871346,-0.4906826",0.0
"0.16162136,0.24749379,0.17250164,0.5918925,0.33595872,0.6476044,-0.04380117,0.59871346,-0.4906826","0.84637284,0.7917793,0.90519035","0.24244383,0.3563594,0.2697468,0.60843664,0.5882159,0.29807773,-0.04380117,0.59871346,-0.4906826",0.0
"0.24244383,0.3563594,0.2697468,0.60843664,0.5882159,0.29807773,-0.04380117,0.59871346,-0.4906826","0.83401155,0.7742574,0.94537485","0.3220859,0.46281588,0.37130898,0.4526473,0.73461837,-0.08014644,-0.04380117,0.59871346,-0.4906826",0.0
"0.3220859,0.46281588,0.37130898,0.4526473,0.73461837,-0.08014644,-0.04380117,0.59871346,-0.4906826","0.8679216,0.7821014,0.95038223","0.4049661,0.5703509,0.4734091,0.21214469,0.70901537,-0.40990487,-0.04380117,0.59871346,-0.4906826",0.0
"0.4049661,0.5703509,0.4734091,0.21214469,0.70901537,-0.40990487,-0.04380117,0.59871346,-0.4906826","0.8270421,0.40511823,0.76770556","0.48394263,0.62605256,0.5558841,0.024195284,0.5940854,-0.55070764,-0.04380117,0.59871346,-0.4906826",0.0
"0.48394263,0.62605256,0.5558841,0.024195284,0.5940854,-0.55070764,-0.04380117,0.59871346,-0.4906826","0.39374542,-0.3474841,0.28291953","0.5215425,0.5782754,0.58627826,-0.045738097,0.5891434,-0.49253425,-0.04380117,0.59871346,-0.4906826",0.0
"0.0,0.0,0.0,2.8652207e-07,0.005789075,0.993462,0.07485381,-0.0066081868,-0.29193363","-0.81605464,0.9523301,0.95461273","-0.07792729,0.1309405,0.10255464,0.39913714,-0.09374827,0.88206506,0.07485381,-0.0066081868,-0.29193363",0.0
"-0.07792729,0.1309405,0.10255464,0.39913714,-0.09374827,0.88206506,0.07485381,-0.0066081868,-0.29193363","-0.9717846,0.90810513,0.9263606","-0.17072566,0.2558003,0.20207413,0.6152196,-0.35900113,0.59296435,0.07485381,-0.0066081868,-0.29193363",0.0
"-0.17072566,0.2558003,0.20207413,0.6152196,-0.35900113,0.59296435,0.07485381,-0.0066081868,-0.29193363","-0.9841458,0.8794702,0.89574146","-0.26470444,0.37672296,0.29830417,0.5837868,-0.6317864,0.2111237,0.07485381,-0.0066081868,-0.29193363",0.0
"-0.26470444,0.37672296,0.29830417,0.5837868,-0.6317864,0.2111237,0.07485381,-0.0066081868,-0.29193363","-0.9676167,0.9677706,0.8866801","-0.35710484,0.5097865,0.39356077,0.371506,-0.7578688,-0.20750919,0.07485381,-0.0066081868,-0.29193363",0.0
"-0.35710484,0.5097865,0.39356077,0.371506,-0.7578688,-0.20750919,0.07485381,-0.0066081868,-0.29193363","-0.9728914,0.96921134,0.9712486","-0.45000887,0.6430481,0.49790257,0.10859938,-0.6487885,-0.5511841,0.07485381,-0.0066081868,-0.29193363",0.0
"-0.45000887,0.6430481,0.49790257,0.10859938,-0.6487885,-0.5511841,0.07485381,-0.0066081868,-0.29193363","-0.98323107,0.99185085,0.9849534","-0.5439003,0.7794225,0.6037167,-0.044963893,-0.36605418,-0.7317843,0.07485381,-0.0066081868,-0.29193363",0.0
"-0.5439003,0.7794225,0.6037167,-0.044963893,-0.36605418,-0.7317843,0.07485381,-0.0066081868,-0.29193363","-0.93264645,0.9539325,0.9748571","-0.6329613,0.9105834,0.7084461,-0.02928181,-0.08024684,-0.72110856,0.07485381,-0.0066081868,-0.29193363",0.0
"-0.6329613,0.9105834,0.7084461,-0.02928181,-0.08024684,-0.72110856,0.07485381,-0.0066081868,-0.29193363","-0.9760356,0.27255046,0.96086323","-0.72616565,0.94805765,0.81167215,0.024385264,0.019463666,-0.58763474,0.07485381,-0.0066081868,-0.29193363",0.0
"-0.72616565,0.94805765,0.81167215,0.024385264,0.019463666,-0.58763474,0.07485381,-0.0066081868,-0.29193363","-0.98103195,0.29364085,0.9405868","-0.8198471,0.9884318,0.91271985,0.077588186,0.042431504,-0.42730966,0.07485381,-0.0066081868,-0.29193363",0.0
"-0.8198471,0.9884318,0.91271985,0.077588186,0.042431504,-0.42730966,0.07485381,-0.0066081868,-0.29193363","-0.9890926,0.30093813,0.8886868","-0.9142958,0.99998003,0.9999978,0.076932974,0.015223022,-0.2901532,0.07485381,-0.0066081868,-0.29193363",0.0
"-0.9142958,0.99998003,0.9999978,0.076932974,0.015223022,-0.2901532,0.07485381,-0.0066081868,-0.29193363","-0.99031603,0.5678153,0.56132746","-0.99999756,0.99998003,0.9999978,0.07820971,-0.005789559,-0.29014903,0.07485381,-0.0066081868,-0.29193363",0.0
"0.0,0.0,0.0,2.8652207e-07,0.005789075,0.993462,0.024678364,-0.22754386,-0.54978424","0.7730957,-0.9399263,-0.9211867","0.073825024,-0.12923503,-0.09896367,-0.39294377,-0.08685643,0.8867572,0.024678364,-0.22754386,-0.54978424",0.0
"0.073825024,-0.12923503,-0.09896367,-0.39294377,-0.08685643,0.8867572,0.024678364,-0.22754386,-0.54978424","0.7615297,-0.8107465,-0.93973714","0.14654559,-0.24070852,-0.19992024,-0.620333,-0.30118063,0.6217714,0.024678364,-0.22754386,-0.54978424",0.0
"0.14654559,-0.24070852,-0.19992024,-0.620333,-0.30118063,0.6217714,0.024678364,-0.22754386,-0.54978424","0.88010526,-0.8320963,-0.9196094","0.23058924,-0.3551175,-0.29871446,-0.6368999,-0.5558727,0.25543532,0.024678364,-0.22754386,-0.54978424",0.0
"0.23058924,-0.3551175,-0.29871446,-0.6368999,-0.5558727,0.25543532,0.024678364,-0.22754386,-0.54978424","0.8687322,-0.8341789,-0.9282585","0.31354687,-0.46981284,-0.39843783,-0.471501,-0.70023096,-0.131426,0.024678364,-0.22754386,-0.54978424",0.0
"0.31354687,-0.46981284,-0.39843783,-0.471501,-0.70023096,-0.131426,0.024678364,-0.22754386,-0.54978424","0.6138549,-0.8392976,-0.94689894","0.37216556,-0.585212,-0.50016373,-0.27837384,-0.6406769,-0.4567873,0.024678364,-0.22754386,-0.54978424",0.0
"0.37216556,-0.585212,-0.50016373,-0.27837384,-0.6406769,-0.4567873,0.024678364,-0.22754386,-0.54978424","0.559849,-0.7539037,-0.96110535","0.42562705,-0.68886995,-0.60341585,-0.11439892,-0.45567608,-0.63894,0.024678364,-0.22754386,-0.54978424",0.0
"0.42562705,-0.68886995,-0.60341585,-0.11439892,-0.45567608,-0.63894,0.024678364,-0.22754386,-0.54978424","0.3326279,-0.25019544,-0.95712453","0.4573906,-0.72327054,-0.7062403,-0.045166172,-0.29202065,-0.6349453,0.024678364,-0.22754386,-0.54978424",0.0
"0.4573906,-0.72327054,-0.7062403,-0.045166172,-0.29202065,-0.6349453,0.024678364,-0.22754386,-0.54978424","0.32405877,0.37706757,-0.7392967","0.48833588,-0.67142576,-0.78566337,-0.014727489,-0.24372062,-0.5454436,0.024678364,-0.22754386,-0.54978424",0.0
"0.48833588,-0.67142576,-0.78566337,-0.014727489,-0.24372062,-0.5454436,0.024678364,-0.22754386,-0.54978424","0.30436397,-0.0381307,-0.09773737","0.51740044,-0.6766686,-0.7961633,0.0066314377,-0.22713546,-0.54006237,0.024678364,-0.22754386,-0.54978424",0.0
"0.51740044,-0.6766686,-0.7961633,0.0066314377,-0.22713546,-0.54006237,0.024678364,-0.22754386,-0.54978424","0.19118965,-0.10431075,0.08497977","0.53565764,-0.69101083,-0.7870339,0.019502696,-0.22515048,-0.55557126,0.024678364,-0.22754386,-0.54978424",0.0
"0.0,0.0,0.0,2.8652207e-07,0.005789075,0.993462,-0.015438597,-0.11619883,-0.44393736","0.9616374,-0.93737274,-0.92193335","0.09182938,-0.12888393,-0.09904388,-0.38683626,-0.108762786,0.88703537,-0.015438597,-0.11619883,-0.44393736",0.0
"0.09182938,-0.12888393,-0.09904388,-0.38683626,-0.108762786,0.88703537,-0.015438597,-0.11619883,-0.44393736","0.8773105,-0.64558566,-0.9591944","0.17560616,-0.21764864,-0.20209076,-0.5625218,-0.33939242,0.65669066,-0.015438597,-0.11619883,-0.44393736",0.0
"0.17560616,-0.21764864,-0.20209076,-0.5625218,-0.33939242,0.65669066,-0.015438597,-0.11619883,-0.44393736","0.8661802,-0.68103707,-0.94268584","0.2583201,-0.31128776,-0.30336407,-0.5617328,-0.5834854,0.3367214,-0.015438597,-0.11619883,-0.44393736",0.0
"0.2583201,-0.31128776,-0.30336407,-0.5617328,-0.5834854,0.3367214,-0.015438597,-0.11619883,-0.44393736","0.4416139,-0.6269107,-0.957582","0.30049103,-0.39748478,-0.4062377,-0.49216977,-0.6697485,0.005940833,-0.015438597,-0.11619883,-0.44393736",0.0
"0.30049103,-0.39748478,-0.4062377,-0.49216977,-0.6697485,0.005940833,-0.015438597,-0.11619883,-0.44393736","0.17799783,-0.7749125,-0.95748174","0.31748852,-0.5040313,-0.50910056,-0.40136972,-0.6108931,-0.32213455,-0.015438597,-0.11619883,-0.44393736",0.0
"0.31748852,-0.5040313,-0.50910056,-0.40136972,-0.6108931,-0.32213455,-0.015438597,-0.11619883,-0.44393736","0.3006661,-0.75623596,-0.9619243","0.34619993,-0.6080099,-0.61244065,-0.2521811,-0.4682016,-0.5403221,-0.015438597,-0.11619883,-0.44393736",0.0
"0.34619993,-0.6080099,-0.61244065,-0.2521811,-0.4682016,-0.5403221,-0.015438597,-0.11619883,-0.44393736","0.42160082,-0.60553443,-0.9632726","0.38645974,-0.6912678,-0.7159256,-0.11516825,-0.29248455,-0.6054235,-0.015438597,-0.11619883,-0.44393736",0.0
"0.38645974,-0.6912678,-0.7159256,-0.11516825,-0.29248455,-0.6054235,-0.015438597,-0.11619883,-0.44393736","0.25710607,0.06371057,-0.9491077","0.41101152,-0.68250793,-0.8178888,-0.060011875,-0.18805997,-0.52408504,-0.015438597,-0.11619883,-0.44393736",0.0
"0.41101152,-0.68250793,-0.8178888,-0.060011875,-0.18805997,-0.52408504,-0.015438597,-0.11619883,-0.44393736","0.13839126,0.25633168,-0.7384031","0.42422688,-0.6472637,-0.89721584,-0.03809358,-0.13244018,-0.42964843,-0.015438597,-0.11619883,-0.44393736",0.0
"0.42422688,-0.6472637,-0.89721584,-0.03809358,-0.13244018,-0.42964843,-0.015438597,-0.11619883,-0.44393736","0.22547603,-0.14083403,-0.018959224","0.4457582,-0.6666277,-0.89925265,-0.026708292,-0.12107594,-0.43354452,-0.015438597,-0.11619883,-0.44393736",0.0
"0.0,0.0,0.0,2.8652207e-07,0.005789075,0.993462,0.04760234,-0.0057894737,-0.4651852","0.37338734,0.96670187,0.97324884","0.035655785,0.13291654,0.10455674,0.41289517,0.05227102,0.8783693,0.04760234,-0.0057894737,-0.4651852",0.0
"0.035655785,0.13291654,0.10455674,0.41289517,0.05227102,0.8783693,0.04760234,-0.0057894737,-0.4651852","0.42225266,0.9509907,0.95172334","0.075977854,0.2636729,0.20680097,0.70386946,0.17723094,0.57245916,0.04760234,-0.0057894737,-0.4651852",0.0
"0.075977854,0.2636729,0.20680097,0.70386946,0.17723094,0.57245916,0.04760234,-0.0057894737,-0.4651852","-0.59675384,0.91153,0.9521568","0.018992199,0.38900357,0.30909175,0.8639888,0.057411555,0.16853604,0.04760234,-0.0057894737,-0.4651852",0.0
"0.018992199,0.38900357,0.30909175,0.8639888,0.057411555,0.16853604,0.04760234,-0.0057894737,-0.4651852","0.0013277531,0.9559984,0.96608305","0.01911899,0.5204485,0.41287866,0.8228982,0.055286318,-0.25267297,0.04760234,-0.0057894737,-0.4651852",0.0
"0.01911899,0.5204485,0.41287866,0.8228982,0.055286318,-0.25267297,0.04760234,-0.0057894737,-0.4651852","-0.3325094,0.9650457,0.9700186","-0.012633244,0.6531374,0.5170883,0.62324476,-0.01895438,-0.5760968,0.04760234,-0.0057894737,-0.4651852",0.0
"-0.012633244,0.6531374,0.5170883,0.62324476,-0.01895438,-0.5760968,0.04760234,-0.0057894737,-0.4651852","0.0603956,0.9191079,0.96203923","-0.006865903,0.77951,0.6204407,0.3461869,-0.0016774301,-0.7249394,0.04760234,-0.0057894737,-0.4651852",0.0
"-0.006865903,0.77951,0.6204407,0.3461869,-0.0016774301,-0.7249394,0.04760234,-0.0057894737,-0.4651852","-0.20527905,0.6502397,0.96363986","-0.026468564,0.8689147,0.7239651,0.118139766,-0.004036818,-0.6933801,0.04760234,-0.0057894737,-0.4651852",0.0
"-0.026468564,0.8689147,0.7239651,0.118139766,-0.004036818,-0.6933801,0.04760234,-0.0057894737,-0.4651852","-0.42711008,-0.3458104,0.96000385","-0.067254476,0.8213676,0.8270988,0.07203997,-0.009530394,-0.55973315,0.04760234,-0.0057894737,-0.4651852",0.0
"-0.067254476,0.8213676,0.8270988,0.07203997,-0.009530394,-0.55973315,0.04760234,-0.0057894737,-0.4651852","0.16024637,-0.33483875,0.68186176","-0.05195211,0.7753291,0.9003515,0.05354567,-0.0029502164,-0.4557443,0.04760234,-0.0057894737,-0.4651852",0.0
"0.0,0.0,0.0,2.8652207e-07,0.005789075,0.993462,-0.22339182,0.0705848,-0.35214671","0.018781543,-0.91666305,-0.95853007","0.001793496,-0.12603645,-0.102975495,-0.4008864,0.0035305251,0.8865619,-0.22339182,0.0705848,-0.35214671",0.0
"0.001793496,-0.12603645,-0.102975495,-0.4008864,0.0035305251,0.8865619,-0.22339182,0.0705848,-0.35214671","-0.13677359,-0.81553316,-0.96392846","-0.011267393,-0.23816808,-0.20653094,-0.689534,0.030210475,0.61689746,-0.22339182,0.0705848,-0.35214671",0.0
"-0.011267393,-0.23816808,-0.20653094,-0.689534,0.030210475,0.61689746,-0.22339182,0.0705848,-0.35214671","-0.2746693,-0.81982344,-0.9479419","-0.037496317,-0.3508896,-0.30836892,-0.8351393,0.10466516,0.24908093,-0.22339182,0.0705848,-0.35214671",0.0
"-0.037496317,-0.3508896,-0.30836892,-0.8351393,0.10466516,0.24908093,-0.22339182,0.0705848,-0.35214671","0.010998011,-0.506419,-0.9039168","-0.03644609,-0.42051962,-0.40547726,-0.8299926,0.101278156,-0.039842486,-0.22339182,0.0705848,-0.35214671",0.0
"-0.03644609,-0.42051962,-0.40547726,-0.8299926,0.101278156,-0.039842486,-0.22339182,0.0705848,-0.35214671","-0.055279613,-0.5229502,-0.909015","-0.041724894,-0.49242267,-0.5031333,-0.7348095,0.10271572,-0.29570827,-0.22339182,0.0705848,-0.35214671",0.0
"-0.041724894,-0.49242267,-0.5031333,-0.7348095,0.10271572,-0.29570827,-0.22339182,0.0705848,-0.35214671","0.010412455,-0.15427834,-0.9083041","-0.04073058,-0.51363516,-0.60071295,-0.6075301,0.08400307,-0.40396622,-0.22339182,0.0705848,-0.35214671",0.0
"-0.04073058,-0.51363516,-0.60071295,-0.6075301,0.08400307,-0.40396622,-0.22339182,0.0705848,-0.35214671","-0.043692946,-0.06527841,-0.92476773","-0.04490294,-0.52261066,-0.70006126,-0.46674186,0.072129704,-0.44578806,-0.22339182,0.0705848,-0.35214671",0.0
"-0.04490294,-0.52261066,-0.70006126,-0.46674186,0.072129704,-0.44578806,-0.22339182,0.0705848,-0.35214671","-0.23275805,-0.097539365,-0.9390759","-0.06712965,-0.5360219,-0.8009468,-0.31574932,0.07351542,-0.44172257,-0.22339182,0.0705848,-0.35214671",0.0
"-0.06712965,-0.5360219,-0.8009468,-0.31574932,0.07351542,-0.44172257,-0.22339182,0.0705848,-0.35214671","-0.21532762,0.33995855,-0.79035","-0.08769187,-0.48927936,-0.8858545,-0.22775064,0.07039702,-0.36645678,-0.22339182,0.0705848,-0.35214671",0.0
"0.0,0.0,0.0,2.8652207e-07,0.005789075,0.993462,-0.32216376,-0.16777778,-0.6149007","0.2301544,-0.9307368,-0.94942045","0.02197807,-0.12797152,-0.10199683,-0.40293452,-0.022062456,0.8854793,-0.32216376,-0.16777778,-0.6149007",0.0
"0.02197807,-0.12797152,-0.10199683,-0.40293452,-0.022062456,0.8854793,-0.32216376,-0.16777778,-0.6149007","0.41489553,-0.9348592,-0.9549825","0.061597575,-0.25650984,-0.20459118,-0.7025428,-0.13177611,0.5881817,-0.32216376,-0.16777778,-0.6149007",0.0
"0.061597575,-0.25650984,-0.20459118,-0.7025428,-0.13177611,0.5881817,-0.32216376,-0.16777778,-0.6149007","0.6441095,-0.86822337,-0.966425","0.123105355,-0.3758861,-0.30841482,-0.797082,-0.31836694,0.19717118,-0.32216376,-0.16777778,-0.6149007",0.0
"0.123105355,-0.3758861,-0.30841482,-0.797082,-0.31836694,0.19717118,-0.32216376,-0.16777778,-0.6149007","0.5546433,-0.8318348,-0.9605178","0.17606977,-0.49025914,-0.41160384,-0.71093243,-0.43215042,-0.1901066,-0.32216376,-0.16777778,-0.6149007",0.0
"0.17606977,-0.49025914,-0.41160384,-0.71093243,-0.43215042,-0.1901066,-0.32216376,-0.16777778,-0.6149007","0.09686208,-0.8773708,-0.95616466","0.1853194,-0.6108932,-0.51432514,-0.55626976,-0.3592698,-0.5084395,-0.32216376,-0.16777778,-0.6149007",0.0
"0.1853194,-0.6108932,-0.51432514,-0.55626976,-0.3592698,-0.5084395,-0.32216376,-0.16777778,-0.6149007","-0.08387703,-0.74142283,-0.91188127","0.17730974,-0.7128351,-0.6122891,-0.37015292,-0.22372113,-0.66414124,-0.32216376,-0.16777778,-0.6149007",0.0
"0.17730974,-0.7128351,-0.6122891,-0.37015292,-0.22372113,-0.66414124,-0.32216376,-0.16777778,-0.6149007","-0.20936048,0.28899205,-0.58568805","0.15731733,-0.67310023,-0.6752098,-0.34263498,-0.17804597,-0.6080237,-0.32216376,-0.16777778,-0.6149007",0.0
"0.15731733,-0.67310023,-0.6752098,-0.34263498,-0.17804597,-0.6080237,-0.32216376,-0.16777778,-0.6149007","0.014449239,-0.05154425,-0.057017982","0.15869713,-0.6801873,-0.6813353,-0.32856417,-0.17229085,-0.6123985,-0.32216376,-0.16777778,-0.6149007",0.0
"0.0,0.0,0.0,2.8652207e-07,0.005789075,0.993462,-0.0049707606,-0.0034502924,-0.31108937","0.39569104,-0.9714931,-0.94438356","0.03778562,-0.1335753,-0.10145572,-0.41158026,-0.043258242,0.88034856,-0.0049707606,-0.0034502924,-0.31108937",0.0
"0.03778562,-0.1335753,-0.10145572,-0.41158026,-0.043258242,0.88034856,-0.0049707606,-0.0034502924,-0.31108937","0.37339783,-0.78254235,-0.9341624","0.07344239,-0.24117087,-0.20181338,-0.6744545,-0.15248893,0.6183771,-0.0049707606,-0.0034502924,-0.31108937",0.0
"0.07344239,-0.24117087,-0.20181338,-0.6744545,-0.15248893,0.6183771,-0.0049707606,-0.0034502924,-0.31108937","0.029720306,-0.7213434,-0.9507554","0.07628047,-0.34035188,-0.30395365,-0.8115866,-0.19234172,0.27750564,-0.0049707606,-0.0034502924,-0.31108937",0.0
"0.07628047,-0.34035188,-0.30395365,-0.8115866,-0.19234172,0.27750564,-0.0049707606,-0.0034502924,-0.31108937","0.43495643,-0.7928141,-0.9597736","0.11781565,-0.4493598,-0.40706268,-0.7830864,-0.29763687,-0.100896955,-0.0049707606,-0.0034502924,-0.31108937",0.0
"0.11781565,-0.4493598,-0.40706268,-0.7830864,-0.29763687,-0.100896955,-0.0049707606,-0.0034502924,-0.31108937","0.06834972,-0.81505144,-0.958736","0.12434255,-0.5614252,-0.51006025,-0.6505933,-0.26165116,-0.42330825,-0.0049707606,-0.0034502924,-0.31108937",0.0
"0.12434255,-0.5614252,-0.51006025,-0.6505933,-0.26165116,-0.42330825,-0.0049707606,-0.0034502924,-0.31108937","-0.09397793,-0.76595944,-0.96488154","0.115368344,-0.6667407,-0.61371803,-0.4483841,-0.16383201,-0.61278176,-0.0049707606,-0.0034502924,-0.31108937",0.0
"0.115368344,-0.6667407,-0.61371803,-0.4483841,-0.16383201,-0.61278176,-0.0049707606,-0.0034502924,-0.31108937","0.14283478,-0.70862603,-0.97866005","0.12900802,-0.7641732,-0.718856,-0.2207452,-0.088409565,-0.6526174,-0.0049707606,-0.0034502924,-0.31108937",0.0
"0.12900802,-0.7641732,-0.718856,-0.2207452,-0.088409565,-0.6526174,-0.0049707606,-0.0034502924,-0.31108937","0.14586067,-0.22490066,-0.97936","0.14293666,-0.795096,-0.82406914,-0.090428494,-0.037149373,-0.55806834,-0.0049707606,-0.0034502924,-0.31108937",0.0
"0.14293666,-0.795096,-0.82406914,-0.090428494,-0.037149373,-0.55806834,-0.0049707606,-0.0034502924,-0.31108937","-0.3758893,0.31061566,-0.9285752","0.10704196,-0.75238794,-0.92382646,-0.050973453,-0.011685312,-0.42061323,-0.0049707606,-0.0034502924,-0.31108937",0.0
"0.10704196,-0.75238794,-0.92382646,-0.050973453,-0.011685312,-0.42061323,-0.0049707606,-0.0034502924,-0.31108937","-0.30648363,0.16022968,-0.7433218","0.077775,-0.7303573,-1.0,-0.02120442,0.0006800463,-0.30972895,-0.0049707606,-0.0034502924,-0.31108937",0.0
"0.0,0.0,0.0,2.8652207e-07,0.005789075,0.993462,-0.13204679,0.027894735,-0.59666026","-0.22871381,-0.94047534,-0.97223467","-0.021840513,-0.12931053,-0.10444778,-0.40763807,0.033816367,0.8820913,-0.13204679,0.027894735,-0.59666026",0.0
"-0.021840513,-0.12931053,-0.10444778,-0.40763807,0.033816367,0.8820913,-0.13204679,0.027894735,-0.59666026","-0.19188154,-0.911766,-0.95353216","-0.040163815,-0.25467366,-0.20688635,-0.7071999,0.09554558,0.58813703,-0.13204679,0.027894735,-0.59666026",0.0
"-0.040163815,-0.25467366,-0.20688635,-0.7071999,0.09554558,0.58813703,-0.13204679,0.027894735,-0.59666026","-0.17818677,-0.8995443,-0.946007","-0.057179358,-0.3783564,-0.30851647,-0.8449125,0.1593133,0.19183724,-0.13204679,0.027894735,-0.59666026",0.0
"-0.057179358,-0.3783564,-0.30851647,-0.8449125,0.1593133,0.19183724,-0.13204679,0.027894735,-0.59666026","0.23313653,-0.9391479,-0.95795536","-0.034916513,-0.5074845,-0.4114302,-0.823477,0.09651862,-0.2247943,-0.13204679,0.027894735,-0.59666026",0.0
"-0.034916513,-0.5074845,-0.4114302,-0.823477,0.09651862,-0.2247943,-0.13204679,0.027894735,-0.59666026","0.3160789,-0.9662979,-0.95454574","-0.0047332738,-0.6403455,-0.5139776,-0.63868564,0.015288175,-0.5550081,-0.13204679,0.027894735,-0.59666026",0.0
"-0.0047332738,-0.6403455,-0.5139776,-0.63868564,0.015288175,-0.5550081,-0.13204679,0.027894735,-0.59666026","0.18480396,-0.9293027,-0.9394507","0.012914164,-0.7681199,-0.61490333,-0.36693302,-0.009100679,-0.717351,-0.13204679,0.027894735,-0.59666026",0.0
"0.012914164,-0.7681199,-0.61490333,-0.36693302,-0.009100679,-0.717351,-0.13204679,0.027894735,-0.59666026","-0.26514488,-0.5743302,-0.9448576","-0.012405246,-0.8470874,-0.71640986,-0.15004295,0.011644407,-0.69420004,-0.13204679,0.027894735,-0.59666026",0.0
"-0.012405246,-0.8470874,-0.71640986,-0.15004295,0.011644407,-0.69420004,-0.13204679,0.027894735,-0.59666026","-0.28089476,0.45361066,-0.51228005","-0.039228655,-0.7847183,-0.7714443,-0.15580504,0.02513309,-0.6142632,-0.13204679,0.027894735,-0.59666026",0.0
"-0.039228655,-0.7847183,-0.7714443,-0.15580504,0.02513309,-0.6142632,-0.13204679,0.027894735,-0.59666026","-0.08373284,0.016806722,-0.12137723","-0.047224533,-0.78240746,-0.78448385,-0.1440156,0.027378252,-0.599674,-0.13204679,0.027894735,-0.59666026",0.0
"0.0,0.0,0.0,2.8652207e-07,0.005789075,0.993462,-0.013567252,0.23385964,-0.35214671","0.82483566,0.9414536,0.93566084","0.078765824,0.12944503,0.10051863,0.3908943,0.104721874,0.88525975,-0.013567252,0.23385964,-0.35214671",0.0
"0.078765824,0.12944503,0.10051863,0.3908943,0.104721874,0.88525975,-0.013567252,0.23385964,-0.35214671","0.92939544,0.84768844,0.939934","0.16751634,0.24599785,0.20149633,0.6007748,0.35569483,0.61063576,-0.013567252,0.23385964,-0.35214671",0.0
"0.16751634,0.24599785,0.20149633,0.6007748,0.35569483,0.61063576,-0.013567252,0.23385964,-0.35214671","0.7502091,0.7681925,0.9368975","0.23915586,0.35162038,0.30214784,0.61180305,0.5793998,0.25727904,-0.013567252,0.23385964,-0.35214671",0.0
"0.23915586,0.35162038,0.30214784,0.61180305,0.5793998,0.25727904,-0.013567252,0.23385964,-0.35214671","0.44075203,0.80216515,0.94868517","0.2812445,0.461914,0.40406567,0.5284776,0.6530579,-0.12261439,-0.013567252,0.23385964,-0.35214671",0.0
"0.2812445,0.461914,0.40406567,0.5284776,0.6530579,-0.12261439,-0.013567252,0.23385964,-0.35214671","0.5603417,0.7322619,0.96386933","0.33475304,0.56259626,0.50761473,0.34401137,0.61370283,-0.42350316,-0.013567252,0.23385964,-0.35214671",0.0
"0.33475304,0.56259626,0.50761473,0.34401137,0.61370283,-0.42350316,-0.013567252,0.23385964,-0.35214671","0.65662086,0.5156071,0.9707283","0.3974556,0.63348967,0.6119006,0.15620089,0.4862658,-0.5726612,-0.013567252,0.23385964,-0.35214671",0.0
"0.3974556,0.63348967,0.6119006,0.15620089,0.4862658,-0.5726612,-0.013567252,0.23385964,-0.35214671","0.67953527,0.043305993,0.9817605","0.46234626,0.63944405,0.71737176,0.036679927,0.3576968,-0.5620965,-0.013567252,0.23385964,-0.35214671",0.0
"0.46234626,0.63944405,0.71737176,0.036679927,0.3576968,-0.5620965,-0.013567252,0.23385964,-0.35214671","0.46328032,-0.72776985,0.97219133","0.5065862,0.5393795,0.8218149,-0.011876089,0.2940074,-0.43471128,-0.013567252,0.23385964,-0.35214671",0.0
"0.5065862,0.5393795,0.8218149,-0.011876089,0.2940074,-0.43471128,-0.013567252,0.23385964,-0.35214671","-0.038737953,-0.4148438,0.6380322","0.502887,0.48234066,0.89035904,-0.007929072,0.23577257,-0.35971636,-0.013567252,0.23385964,-0.35214671",0.0
"0.0,0.0,0.0,2.8652207e-07,0.005789075,0.993462,0.60046786,0.33152047,-0.15444382","0.55947506,0.92953515,0.84457564","0.053425815,0.1278063,0.0907333,0.38330585,0.070817664,0.8948004,0.60046786,0.33152047,-0.15444382",0.0
"0.053425815,0.1278063,0.0907333,0.38330585,0.070817664,0.8948004,0.60046786,0.33152047,-0.15444382","0.7374996,0.9112389,0.86133385","0.12385167,0.253097,0.18326692,0.64213216,0.26952735,0.62367815,0.60046786,0.33152047,-0.15444382",0.0
"0.12385167,0.253097,0.18326692,0.64213216,0.26952735,0.62367815,0.60046786,0.33152047,-0.15444382","0.14292407,0.85407686,0.93632936","0.13749988,0.3705282,0.28385738,0.7759922,0.36411253,0.24661204,0.60046786,0.33152047,-0.15444382",0.0
"0.13749988,0.3705282,0.28385738,0.7759922,0.36411253,0.24661204,0.60046786,0.33152047,-0.15444382","-0.18977731,0.7285682,0.8875351","0.11937753,0.47070262,0.3792058,0.79622895,0.31967175,-0.10754403,0.60046786,0.33152047,-0.15444382",0.0
"0.11937753,0.47070262,0.3792058,0.79622895,0.31967175,-0.10754403,0.60046786,0.33152047,-0.15444382","0.24409723,-0.08730543,0.78309536","0.14268704,0.45869866,0.4633342,0.71002644,0.34788835,-0.19008422,0.60046786,0.33152047,-0.15444382",0.0
"0.14268704,0.45869866,0.4633342,0.71002644,0.34788835,-0.19008422,0.60046786,0.33152047,-0.15444382","0.23173273,-0.3415879,0.69586456","0.16481584,0.41173214,0.5380914,0.62618625,0.36335388,-0.18640703,0.60046786,0.33152047,-0.15444382",0.0
"0.16481584,0.41173214,0.5380914,0.62618625,0.36335388,-0.18640703,0.60046786,0.33152047,-0.15444382","0.02500832,-0.22151828,0.28045595","0.16720395,0.38127458,0.5682209,0.5993292,0.3540652,-0.16507106,0.60046786,0.33152047,-0.15444382",0.0
"0.16720395,0.38127458,0.5682209,0.5993292,0.3540652,-0.16507106,0.60046786,0.33152047,-0.15444382","-0.07577282,-0.063942194,0.021499872","0.1599682,0.3724829,0.57053065,0.60572904,0.3395308,-0.15256393,0.60046786,0.33152047,-0.15444382",0.0
"0.0,0.0,0.0,2.8652207e-07,0.005789075,0.993462,0.019883042,0.31011695,-0.48022214","0.83374417,0.95310783,0.9363383","0.07961653,0.13104743,0.10059141,0.39373362,0.10656324,0.8836107,0.019883042,0.31011695,-0.48022214",0.0
"0.07961653,0.13104743,0.10059141,0.39373362,0.10656324,0.8836107,0.019883042,0.31011695,-0.48022214","0.94112396,0.9197751,0.94649625","0.16948703,0.2575118,0.20227408,0.612879,0.36784378,0.5897039,0.019883042,0.31011695,-0.48022214",0.0
"0.16948703,0.2575118,0.20227408,0.612879,0.36784378,0.5897039,0.019883042,0.31011695,-0.48022214","0.8549416,0.87648845,0.9369024","0.25112775,0.37802446,0.3029261,0.60214037,0.614641,0.20120858,0.019883042,0.31011695,-0.48022214",0.0
"0.25112775,0.37802446,0.3029261,0.60214037,0.614641,0.20120858,0.019883042,0.31011695,-0.48022214","0.5109093,0.86229014,0.9598508","0.29991588,0.49658495,0.40604344,0.4867114,0.6793776,-0.19605044,0.019883042,0.31011695,-0.48022214",0.0
"0.29991588,0.49658495,0.40604344,0.4867114,0.6793776,-0.19605044,0.019883042,0.31011695,-0.48022214","0.47123075,0.81737864,0.9710336","0.34491503,0.6089704,0.51036215,0.30797789,0.5936636,-0.5030237,0.019883042,0.31011695,-0.48022214",0.0
"0.34491503,0.6089704,0.51036215,0.30797789,0.5936636,-0.5030237,0.019883042,0.31011695,-0.48022214","0.5701848,0.5825803,0.9827596","0.39936352,0.6890722,0.6159406,0.13507003,0.4315165,-0.63791376,0.019883042,0.31011695,-0.48022214",0.0
"0.39936352,0.6890722,0.6159406,0.13507003,0.4315165,-0.63791376,0.019883042,0.31011695,-0.48022214","0.5590265,-0.6619346,0.97611666","0.45274648,0.59805965,0.72080535,0.051832266,0.38573703,-0.52312875,0.019883042,0.31011695,-0.48022214",0.0
"0.45274648,0.59805965,0.72080535,0.051832266,0.38573703,-0.52312875,0.019883042,0.31011695,-0.48022214","0.19102621,-0.17887676,0.5803058","0.4709881,0.5734651,0.78314793,0.023632504,0.32219124,-0.47899252,0.019883042,0.31011695,-0.48022214",0.0
"0.0,0.0,0.0,2.8652207e-07,0.005789075,0.993462,-0.64339185,0.3547953,-0.42556617","-0.7337425,-0.9824956,-0.9427302","-0.070067085,-0.1350881,-0.1012781,-0.40522915,0.096601434,0.87896776,-0.64339185,0.3547953,-0.42556617",0.0
"-0.070067085,-0.1350881,-0.1012781,-0.40522915,0.096601434,0.87896776,-0.64339185,0.3547953,-0.42556617","-0.65363014,-0.9480477,-0.9258465","-0.13248402,-0.26543978,-0.20074236,-0.6605101,0.2982991,0.57795084,-0.64339185,0.3547953,-0.42556617",0.0
"-0.13248402,-0.26543978,-0.20074236,-0.6605101,0.2982991,0.57795084,-0.64339185,0.3547953,-0.42556617","-0.32367492,-0.89659125,-0.89283067","-0.16339262,-0.3887165,-0.2966597,-0.75315624,0.43121335,0.18840043,-0.64339185,0.3547953,-0.42556617",0.0
"-0.16339262,-0.3887165,-0.2966597,-0.75315624,0.43121335,0.18840043,-0.64339185,0.3547953,-0.42556617","0.0448972,-0.8399619,-0.86549103","-0.15910526,-0.504207,-0.38963994,-0.7415776,0.41157284,-0.19104528,-0.64339185,0.3547953,-0.42556617",0.0
"-0.15910526,-0.504207,-0.38963994,-0.7415776,0.41157284,-0.19104528,-0.64339185,0.3547953,-0.42556617","-0.08302295,-0.6917496,-0.44467008","-0.16703334,-0.59931904,-0.4374111,-0.6588094,0.38806665,-0.43163955,-0.64339185,0.3547953,-0.42556617",0.0
"-0.16703334,-0.59931904,-0.4374111,-0.6588094,0.38806665,-0.43163955,-0.64339185,0.3547953,-0.42556617","0.09333229,0.05616319,-0.17274964","-0.15812078,-0.59159696,-0.45596966,-0.65472025,0.3615046,-0.4336306,-0.64339185,0.3547953,-0.42556617",0.0
"0.0,0.0,0.0,2.8652207e-07,0.005789075,0.993462,-0.007777778,-0.023801168,-0.46819258","0.7753136,0.949651,0.95261645","0.07403683,0.13057213,0.102340184,0.3966392,0.09990548,0.8826141,-0.007777778,-0.023801168,-0.46819258",0.0
"0.07403683,0.13057213,0.102340184,0.3966392,0.09990548,0.8826141,-0.007777778,-0.023801168,-0.46819258","0.9230013,0.8880621,0.958163","0.16217676,0.25267613,0.20527624,0.61689246,0.3512862,0.5938767,-0.007777778,-0.023801168,-0.46819258",0.0
"0.16217676,0.25267613,0.20527624,0.61689246,0.3512862,0.5938767,-0.007777778,-0.023801168,-0.46819258","0.56578827,0.8806139,0.9421766","0.21620543,0.37375602,0.30649486,0.6633509,0.5430231,0.20460789,-0.007777778,-0.023801168,-0.46819258",0.0
"0.21620543,0.37375602,0.30649486,0.6633509,0.5430231,0.20460789,-0.007777778,-0.023801168,-0.46819258","0.7825271,0.87174916,0.9448508","0.2909311,0.4936171,0.40800074,0.50495684,0.6644173,-0.19244431,-0.007777778,-0.023801168,-0.46819258",0.0
"0.2909311,0.4936171,0.40800074,0.50495684,0.6644173,-0.19244431,-0.007777778,-0.023801168,-0.46819258","0.55228853,0.92010534,0.9517796","0.34367064,0.6201269,0.510251,0.3063177,0.58501595,-0.5210456,-0.007777778,-0.023801168,-0.46819258",0.0
"0.34367064,0.6201269,0.510251,0.3063177,0.58501595,-0.5210456,-0.007777778,-0.023801168,-0.46819258","0.5542091,0.92502546,0.9272704","0.3965936,0.7473132,0.60986817,0.12149516,0.37888443,-0.6996681,-0.007777778,-0.023801168,-0.46819258",0.0
"0.3965936,0.7473132,0.60986817,0.12149516,0.37888443,-0.6996681,-0.007777778,-0.023801168,-0.46819258","0.41977835,0.77698207,0.9189756","0.4366794,0.8541443,0.7085942,0.024103573,0.14886409,-0.70468867,-0.007777778,-0.023801168,-0.46819258",0.0
"0.4366794,0.8541443,0.7085942,0.024103573,0.14886409,-0.70468867,-0.007777778,-0.023801168,-0.46819258","0.7775235,0.16162717,0.95762324","0.51092726,0.8763672,0.8114722,-0.0069980747,0.035085503,-0.5875088,-0.007777778,-0.023801168,-0.46819258",0.0
"0.51092726,0.8763672,0.8114722,-0.0069980747,0.035085503,-0.5875088,-0.007777778,-0.023801168,-0.46819258","-0.03414768,-0.03837782,0.7252891","0.5076664,0.87109053,0.88939035,-0.0056479927,-0.0059455633,-0.47703984,-0.007777778,-0.023801168,-0.46819258",0.0
"0.5076664,0.87109053,0.88939035,-0.0056479927,-0.0059455633,-0.47703984,-0.007777778,-0.023801168,-0.46819258","0.17536366,0.09266651,0.06516302","0.52441233,0.88383174,0.89639074,-0.0044290437,-0.017925717,-0.4662515,-0.007777778,-0.023801168,-0.46819258",0.0
"0.0,0.0,0.0,2.8652207e-07,0.005789075,0.993462,0.05532164,-0.5977778,-0.4906826","0.8819653,-0.90573555,-0.96056205","0.08422127,-0.12453399,-0.10319378,-0.38582844,-0.0985393,0.8878446,0.05532164,-0.5977778,-0.4906826",0.0
"0.08422127,-0.12453399,-0.10319378,-0.38582844,-0.0985393,0.8878446,0.05532164,-0.5977778,-0.4906826","0.9381225,-0.7924031,-0.9401175","0.17380516,-0.23348534,-0.20419121,-0.5857442,-0.34915394,0.6279683,0.05532164,-0.5977778,-0.4906826",0.0
"0.17380516,-0.23348534,-0.20419121,-0.5857442,-0.34915394,0.6279683,0.05532164,-0.5977778,-0.4906826","0.952832,-0.81833875,-0.9156432","0.2647937,-0.34600273,-0.30255932,-0.5689374,-0.6158468,0.26815465,0.05532164,-0.5977778,-0.4906826",0.0
"0.2647937,-0.34600273,-0.30255932,-0.5689374,-0.6158468,0.26815465,0.05532164,-0.5977778,-0.4906826","0.9426676,-0.8009532,-0.8747895","0.3548116,-0.45612973,-0.3965385,-0.3776103,-0.7565061,-0.1006973,0.05532164,-0.5977778,-0.4906826",0.0
"0.3548116,-0.45612973,-0.3965385,-0.3776103,-0.7565061,-0.1006973,0.05532164,-0.5977778,-0.4906826","0.9110483,-0.7460802,-0.80304384","0.4418101,-0.55871195,-0.48280996,-0.13940226,-0.72220933,-0.39693466,0.05532164,-0.5977778,-0.4906826",0.0
"0.4418101,-0.55871195,-0.48280996,-0.13940226,-0.72220933,-0.39693466,0.05532164,-0.5977778,-0.4906826","0.67673206,-0.27331412,-0.7290389","0.50643307,-0.59629124,-0.561131,0.0065691695,-0.6113679,-0.50893414,0.05532164,-0.5977778,-0.4906826",0.0
"0.50643307,-0.59629124,-0.561131,0.0065691695,-0.6113679,-0.50893414,0.05532164,-0.5977778,-0.4906826","0.20850646,0.11703408,-0.21514106","0.52634394,-0.5801997,-0.58424366,0.043191142,-0.59068584,-0.49454507,0.05532164,-0.5977778,-0.4906826",0.0
"0.0,0.0,0.0,2.8652207e-07,0.005789075,0.993462,-0.4023392,0.44555554,-0.4906826","-0.8020324,-0.9615993,-0.9212434","-0.07658828,-0.13221495,-0.098969765,-0.3950895,0.10290107,0.883806,-0.4023392,0.44555554,-0.4906826",0.0
"-0.07658828,-0.13221495,-0.098969765,-0.3950895,0.10290107,0.883806,-0.4023392,0.44555554,-0.4906826","-0.5347577,-0.9402682,-0.87313986","-0.12765375,-0.26149702,-0.1927717,-0.65554166,0.2842482,0.5960938,-0.4023392,0.44555554,-0.4906826",0.0
"-0.12765375,-0.26149702,-0.1927717,-0.65554166,0.2842482,0.5960938,-0.4023392,0.44555554,-0.4906826","-0.4038198,-0.85348105,-0.9157457","-0.16621563,-0.3788463,-0.29115084,-0.7445229,0.43512514,0.2177966,-0.4023392,0.44555554,-0.4906826",0.0
"-0.16621563,-0.3788463,-0.29115084,-0.7445229,0.43512514,0.2177966,-0.4023392,0.44555554,-0.4906826","-0.29234624,-0.84873104,-0.90183926","-0.19413257,-0.4955425,-0.38803598,-0.693813,0.49186474,-0.17103612,-0.4023392,0.44555554,-0.4906826",0.0
"-0.19413257,-0.4955425,-0.38803598,-0.693813,0.49186474,-0.17103612,-0.4023392,0.44555554,-0.4906826","-0.40484262,-0.82190466,-0.82169014","-0.23279211,-0.60855025,-0.47631064,-0.5261821,0.47993895,-0.4798913,-0.4023392,0.44555554,-0.4906826",0.0
"-0.23279211,-0.60855025,-0.47631064,-0.5261821,0.47993895,-0.4798913,-0.4023392,0.44555554,-0.4906826","-0.3551517,-0.1373297,-0.64770365","-0.26670653,-0.62743247,-0.5458938,-0.40176767,0.4549758,-0.5490874,-0.4023392,0.44555554,-0.4906826",0.0
"-0.26670653,-0.62743247,-0.5458938,-0.40176767,0.4549758,-0.5490874,-0.4023392,0.44555554,-0.4906826","0.05391109,0.4200853,-0.3982361","-0.2615584,-0.56967294,-0.5886765,-0.4001429,0.438815,-0.481025,-0.4023392,0.44555554,-0.4906826",0.0
"0.0,0.0,0.0,2.8652207e-07,0.005789075,0.993462,0.3660819,0.5497076,-0.32808766","0.8721545,0.919703,0.9346304","0.08328443,0.12645444,0.100407936,0.38357714,0.10870944,0.88828117,0.3660819,0.5497076,-0.32808766",0.0
"0.08328443,0.12645444,0.100407936,0.38357714,0.10870944,0.88828117,0.3660819,0.5497076,-0.32808766","0.83812857,0.86300015,0.9106966","0.16331963,0.24511255,0.19824466,0.6024952,0.34610015,0.6166491,0.3660819,0.5497076,-0.32808766",0.0
"0.16331963,0.24511255,0.19824466,0.6024952,0.34610015,0.6166491,0.3660819,0.5497076,-0.32808766","0.77666557,0.860111,0.9132011","0.23748556,0.3633734,0.29635042,0.6212945,0.5821517,0.24203639,0.3660819,0.5497076,-0.32808766",0.0
"0.23748556,0.3633734,0.29635042,0.6212945,0.5821517,0.24203639,0.3660819,0.5497076,-0.32808766","0.5796459,0.8226652,0.94099617","0.29283753,0.4764857,0.39744222,0.5071183,0.6755056,-0.1438648,0.3660819,0.5497076,-0.32808766",0.0
"0.29283753,0.4764857,0.39744222,0.5071183,0.6755056,-0.1438648,0.3660819,0.5497076,-0.32808766","0.32739437,0.36579537,0.8694799","0.32410133,0.5267807,0.490851,0.3845759,0.6346448,-0.3464382,0.3660819,0.5497076,-0.32808766",0.0
"0.32410133,0.5267807,0.490851,0.3845759,0.6346448,-0.3464382,0.3660819,0.5497076,-0.32808766","-0.15963519,-0.19066095,0.53924596","0.30885732,0.5005659,0.5487825,0.38269603,0.56904256,-0.34948123,0.3660819,0.5497076,-0.32808766",0.0
"0.30885732,0.5005659,0.5487825,0.38269603,0.56904256,-0.34948123,0.3660819,0.5497076,-0.32808766","0.049655914,-0.13201344,0.19993758","0.31359908,0.48241472,0.57026196,0.36408296,0.5594603,-0.33579308,0.3660819,0.5497076,-0.32808766",0.0
"0.0,0.0,0.0,2.8652207e-07,0.005789075,0.993462,-0.028011696,0.038947366,-0.4651852","0.78596985,0.9356247,0.94428945","0.07505442,0.12864359,0.10144561,0.39162713,0.10004611,0.8852771,-0.028011696,0.038947366,-0.4651852",0.0
"0.07505442,0.12864359,0.10144561,0.39162713,0.10004611,0.8852771,-0.028011696,0.038947366,-0.4651852","0.8845624,0.82480025,0.9508587","0.15952371,0.24204941,0.20359698,0.6057502,0.33843634,0.6144199,-0.028011696,0.038947366,-0.4651852",0.0
"0.15952371,0.24204941,0.20359698,0.6057502,0.33843634,0.6144199,-0.028011696,0.038947366,-0.4651852","0.670835,0.7999375,0.9520526","0.22358358,0.3520367,0.30587658,0.6394537,0.5488291,0.250609,-0.028011696,0.038947366,-0.4651852",0.0
"0.22358358,0.3520367,0.30587658,0.6394537,0.5488291,0.250609,-0.028011696,0.038947366,-0.4651852","0.18679261,0.8782866,0.964265","0.24142091,0.47279665,0.40946817,0.6025174,0.57886183,-0.15188725,-0.028011696,0.038947366,-0.4651852",0.0
"0.24142091,0.47279665,0.40946817,0.6025174,0.57886183,-0.15188725,-0.028011696,0.038947366,-0.4651852","0.68407416,0.88233006,0.96912694","0.30674502,0.5941125,0.51358205,0.38060716,0.55805975,-0.48061687,-0.028011696,0.038947366,-0.4651852",0.0
"0.30674502,0.5941125,0.51358205,0.38060716,0.55805975,-0.48061687,-0.028011696,0.038947366,-0.4651852","0.7881659,0.8905288,0.94015515","0.38200915,0.71655566,0.61458343,0.14867255,0.39852655,-0.66756696,-0.028011696,0.038947366,-0.4651852",0.0
"0.38200915,0.71655566,0.61458343,0.14867255,0.39852655,-0.66756696,-0.028011696,0.038947366,-0.4651852","0.8652872,0.69146013,0.95285606","0.4646378,0.8116279,0.7169493,0.015217275,0.18863915,-0.6789857,-0.028011696,0.038947366,-0.4651852",0.0
"0.4646378,0.8116279,0.7169493,0.015217275,0.18863915,-0.6789857,-0.028011696,0.038947366,-0.4651852","0.75310624,0.011638284,0.96990347","0.536554,0.8132282,0.82114655,-0.015420766,0.083163686,-0.56569624,-0.028011696,0.038947366,-0.4651852",0.0
"0.536554,0.8132282,0.82114655,-0.015420766,0.083163686,-0.56569624,-0.028011696,0.038947366,-0.4651852","0.5270004,-0.13820171,0.69427204","0.58687866,0.7942262,0.8957325,-0.017367143,0.040564198,-0.46433678,-0.028011696,0.038947366,-0.4651852",0.0
"0.0,0.0,0.0,2.8652207e-07,0.005789075,0.993462,-0.025380118,0.028245613,-0.30644754","-0.7535191,-0.97576237,-0.9530939","-0.071955614,-0.1341623,-0.102391474,-0.40416235,0.09889194,0.8789581,-0.025380118,0.028245613,-0.30644754",0.0
"-0.071955614,-0.1341623,-0.102391474,-0.40416235,0.09889194,0.8789581,-0.025380118,0.028245613,-0.30644754","-0.04037857,-0.92783535,-0.94990975","-0.075811476,-0.26173493,-0.20444086,-0.700096,0.17592458,0.5792395,-0.025380118,0.028245613,-0.30644754",0.0
"-0.075811476,-0.26173493,-0.20444086,-0.700096,0.17592458,0.5792395,-0.025380118,0.028245613,-0.30644754","0.45921457,-0.8343362,-0.9728589","-0.03195982,-0.37645188,-0.3089557,-0.85364956,0.091818474,0.19514763,-0.025380118,0.028245613,-0.30644754",0.0
"-0.03195982,-0.37645188,-0.3089557,-0.85364956,0.091818474,0.19514763,-0.025380118,0.028245613,-0.30644754","-0.155738,-0.68846095,-0.9532602","-0.04683167,-0.4711118,-0.41136503,-0.8242519,0.12800446,-0.15089142,-0.025380118,0.028245613,-0.30644754",0.0
"-0.04683167,-0.4711118,-0.41136503,-0.8242519,0.12800446,-0.15089142,-0.025380118,0.028245613,-0.30644754","-0.038930297,-0.6464308,-0.9446207","-0.05054923,-0.55999273,-0.5128462,-0.6889273,0.11619768,-0.42290878,-0.025380118,0.028245613,-0.30644754",0.0
"-0.05054923,-0.55999273,-0.5128462,-0.6889273,0.11619768,-0.42290878,-0.025380118,0.028245613,-0.30644754","-0.103786886,-0.33655977,-0.96707326","-0.060460124,-0.606268,-0.61673945,-0.51665175,0.10522648,-0.53874636,-0.025380118,0.028245613,-0.30644754",0.0
"-0.060460124,-0.606268,-0.61673945,-0.51665175,0.10522648,-0.53874636,-0.025380118,0.028245613,-0.30644754","0.016527653,-0.6563425,-0.9599638","-0.058881853,-0.69651175,-0.7198689,-0.29791763,0.061636906,-0.60711247,-0.025380118,0.028245613,-0.30644754",0.0
"-0.058881853,-0.69651175,-0.7198689,-0.29791763,0.061636906,-0.60711247,-0.025380118,0.028245613,-0.30644754","-0.56843454,-0.38359034,-0.972019","-0.11316322,-0.7492535,-0.82429343,-0.1256618,0.052832663,-0.5447241,-0.025380118,0.028245613,-0.30644754",0.0
"-0.11316322,-0.7492535,-0.82429343,-0.1256618,0.052832663,-0.5447241,-0.025380118,0.028245613,-0.30644754","-0.66962886,0.24173546,-0.94146997","-0.17710792,-0.71601623,-0.9254361,-0.05813528,0.04297518,-0.4129362,-0.025380118,0.028245613,-0.30644754",0.0
"-0.17710792,-0.71601623,-0.9254361,-0.05813528,0.04297518,-0.4129362,-0.025380118,0.028245613,-0.30644754","-0.39579648,0.15898955,-0.78641105","-0.21490361,-0.69415605,-1.0,-0.022829883,0.025695475,-0.3073306,-0.025380118,0.028245613,-0.30644754",0.0
"0.0,0.0,0.0,2.8652207e-07,0.005789075,0.993462,0.7237427,0.12666667,-0.42556617","0.3495376,0.9684813,0.95680475","0.03337831,0.1331612,0.10279014,0.41167974,0.049149305,0.8796322,0.7237427,0.12666667,-0.42556617",0.0
"0.03337831,0.1331612,0.10279014,0.41167974,0.049149305,0.8796322,0.7237427,0.12666667,-0.42556617","0.0058597326,0.96223974,0.9325113","0.033937875,0.26546425,0.20297042,0.7213078,0.08302028,0.574743,0.7237427,0.12666667,-0.42556617",0.0
"0.033937875,0.26546425,0.20297042,0.7213078,0.08302028,0.574743,0.7237427,0.12666667,-0.42556617","0.38215637,0.9648011,0.95812345","0.07043103,0.39811945,0.3059022,0.8489774,0.19691044,0.15414485,0.7237427,0.12666667,-0.42556617",0.0
"0.07043103,0.39811945,0.3059022,0.8489774,0.19691044,0.15414485,0.7237427,0.12666667,-0.42556617","-0.036903203,0.93134,0.93043995","0.06690704,0.52617395,0.4058599,0.81016046,0.17876452,-0.25594682,0.7237427,0.12666667,-0.42556617",0.0
"0.06690704,0.52617395,0.4058599,0.81016046,0.17876452,-0.25594682,0.7237427,0.12666667,-0.42556617","-0.19327676,0.48047745,0.45631814","0.04845052,0.5922372,0.45488238,0.73921305,0.11925151,-0.43387163,0.7237427,0.12666667,-0.42556617",0.0
"0.04845052,0.5922372,0.45488238,0.73921305,0.11925151,-0.43387163,0.7237427,0.12666667,-0.42556617","0.030569077,-0.08384216,0.14103341","0.05136964,0.58070934,0.47003362,0.72744095,0.124292165,-0.42574102,0.7237427,0.12666667,-0.42556617",0.0
"0.0,0.0,0.0,2.8652207e-07,0.005789075,0.993462,0.018654972,0.016666666,-0.46819258","0.72817826,0.9699818,0.9589138","0.06953575,0.13336751,0.10301671,0.40410623,0.09563995,0.87923026,0.018654972,0.016666666,-0.46819258",0.0
"0.06953575,0.13336751,0.10301671,0.40410623,0.09563995,0.87923026,0.018654972,0.016666666,-0.46819258","0.87066007,0.92501736,0.9551959","0.15267746,0.26055264,0.205634,0.6368981,0.3378195,0.5796257,0.018654972,0.016666666,-0.46819258",0.0
"0.15267746,0.26055264,0.205634,0.6368981,0.3378195,0.5796257,0.018654972,0.016666666,-0.46819258","0.145033,0.90141845,0.9521686","0.16652706,0.38449305,0.30792606,0.7451278,0.4364481,0.17985298,0.018654972,0.016666666,-0.46819258",0.0
"0.16652706,0.38449305,0.30792606,0.7451278,0.4364481,0.17985298,0.018654972,0.016666666,-0.46819258","0.25313854,0.9359739,0.9601233","0.19069995,0.5131847,0.4110727,0.6806664,0.47178322,-0.2358862,0.018654972,0.016666666,-0.46819258",0.0
"0.19069995,0.5131847,0.4110727,0.6806664,0.47178322,-0.2358862,0.018654972,0.016666666,-0.46819258","-0.11873996,0.8973248,0.9626355","0.17936115,0.6365623,0.5144892,0.5391213,0.34746987,-0.549347,0.018654972,0.016666666,-0.46819258",0.0
"0.17936115,0.6365623,0.5144892,0.5391213,0.34746987,-0.549347,0.018654972,0.016666666,-0.46819258","-0.06293011,0.77427983,0.92354476","0.17335176,0.74302185,0.6137061,0.33694062,0.21085443,-0.694358,0.018654972,0.016666666,-0.46819258",0.0
"0.17335176,0.74302185,0.6137061,0.33694062,0.21085443,-0.694358,0.018654972,0.016666666,-0.46819258","-0.0347777,0.52081263,0.94243634","0.17003074,0.814631,0.7149526,0.15896182,0.10075731,-0.68220854,0.018654972,0.016666666,-0.46819258",0.0
"0.17003074,0.814631,0.7149526,0.15896182,0.10075731,-0.68220854,0.018654972,0.016666666,-0.46819258","0.21091688,0.165151,0.94876254","0.19017178,0.83733845,0.8168787,0.051776856,0.042231087,-0.57554185,0.018654972,0.016666666,-0.46819258",0.0
"0.19017178,0.83733845,0.8168787,0.051776856,0.042231087,-0.57554185,0.018654972,0.016666666,-0.46819258","0.0504359,-0.29678738,0.7377416","0.19498803,0.79653174,0.8961346,0.030976787,0.028845256,-0.46401963,0.018654972,0.016666666,-0.46819258",0.0
"0.19498803,0.79653174,0.8961346,0.030976787,0.028845256,-0.46401963,0.018654972,0.016666666,-0.46819258","-0.00780952,0.102886796,-0.0065677166","0.19424227,0.8106782,0.89542896,0.023544624,0.023528462,-0.46629697,0.018654972,0.016666666,-0.46819258",0.0
"0.0,0.0,0.0,2.8652207e-07,0.005789075,0.993462,-0.0048538013,0.12847953,-0.7433683","0.7669754,0.9728967,0.9589374","0.073240586,0.13376829,0.103019245,0.4037279,0.100515164,0.8788217,-0.0048538013,0.12847953,-0.7433683",0.0
"0.073240586,0.13376829,0.103019245,0.4037279,0.100515164,0.8788217,-0.0048538013,0.12847953,-0.7433683","0.94407475,0.96062446,0.94171655","0.16339289,0.26584923,0.20418844,0.63069236,0.3621788,0.5723267,-0.0048538013,0.12847953,-0.7433683",0.0
"0.16339289,0.26584923,0.20418844,0.63069236,0.3621788,0.5723267,-0.0048538013,0.12847953,-0.7433683","0.94017565,0.9480314,0.9301312","0.25317284,0.3961987,0.304113,0.6054651,0.6259299,0.16098893,-0.0048538013,0.12847953,-0.7433683",0.0
"0.25317284,0.3961987,0.304113,0.6054651,0.6259299,0.16098893,-0.0048538013,0.12847953,-0.7433683","0.67542195,0.9540907,0.9493238","0.31767073,0.52738124,0.4060994,0.4444875,0.6998858,-0.25867236,-0.0048538013,0.12847953,-0.7433683",0.0
"0.31767073,0.52738124,0.4060994,0.4444875,0.6998858,-0.25867236,-0.0048538013,0.12847953,-0.7433683","0.7257415,0.9415002,0.9463384","0.3869738,0.65683275,0.5077651,0.21453965,0.5952448,-0.57771575,-0.0048538013,0.12847953,-0.7433683",0.0
"0.3869738,0.65683275,0.5077651,0.21453965,0.5952448,-0.57771575,-0.0048538013,0.12847953,-0.7433683","0.73818016,0.9092239,0.9579139","0.45746464,0.7818464,0.6106743,0.041752793,0.35405654,-0.73116505,-0.0048538013,0.12847953,-0.7433683",0.0
"0.45746464,0.7818464,0.6106743,0.041752793,0.35405654,-0.73116505,-0.0048538013,0.12847953,-0.7433683","0.21498239,0.65563726,0.7509501","0.47799388,0.8719932,0.6913493,0.0044690743,0.14835833,-0.7284635,-0.0048538013,0.12847953,-0.7433683",0.0
"0.47799388,0.8719932,0.6913493,0.0044690743,0.14835833,-0.7284635,-0.0048538013,0.12847953,-0.7433683","0.12794387,0.13412964,-0.07236636","0.49021158,0.8904354,0.6835749,-0.0016556691,0.13449293,-0.7426503,-0.0048538013,0.12847953,-0.7433683",0.0
"0.0,0.0,0.0,2.8652207e-07,0.005789075,0.993462,-0.20871346,-0.106374264,-0.35214671","0.69526863,-0.8844521,-0.9520981","0.0663931,-0.12160761,-0.10228449,-0.3840546,-0.07537112,0.89141077,-0.20871346,-0.106374264,-0.35214671",0.0
"0.0663931,-0.12160761,-0.10228449,-0.3840546,-0.07537112,0.89141077,-0.20871346,-0.106374264,-0.35214671","0.68928146,-0.696332,-0.9707212","0.13221449,-0.21734968,-0.2065697,-0.60588473,-0.26088277,0.6511235,-0.20871346,-0.106374264,-0.35214671",0.0
"0.13221449,-0.21734968,-0.2065697,-0.60588473,-0.26088277,0.6511235,-0.20871346,-0.106374264,-0.35214671","0.62898016,-0.6680302,-0.96658164","0.19227752,-0.30920044,-0.31041017,-0.6686656,-0.4544202,0.32985064,-0.20871346,-0.106374264,-0.35214671",0.0
"0.19227752,-0.30920044,-0.31041017,-0.6686656,-0.4544202,0.32985064,-0.20871346,-0.106374264,-0.35214671","0.061486125,-0.79217124,-0.9729891","0.198149,-0.41811994,-0.414939,-0.6773348,-0.4789951,-0.048001103,-0.20871346,-0.106374264,-0.35214671",0.0
"0.198149,-0.41811994,-0.414939,-0.6773348,-0.4789951,-0.048001103,-0.20871346,-0.106374264,-0.35214671","-0.10533726,-0.80043036,-0.9805849","0.18809006,-0.528175,-0.5202839,-0.59034556,-0.3890706,-0.37403035,-0.20871346,-0.106374264,-0.35214671",0.0
"0.18809006,-0.528175,-0.5202839,-0.59034556,-0.3890706,-0.37403035,-0.20871346,-0.106374264,-0.35214671","0.016931176,-0.4042943,-0.98238796","0.18970685,-0.5837634,-0.62582237,-0.4439417,-0.29411042,-0.5111883,-0.20871346,-0.106374264,-0.35214671",0.0
"0.18970685,-0.5837634,-0.62582237,-0.4439417,-0.29411042,-0.5111883,-0.20871346,-0.106374264,-0.35214671","-0.035739183,-0.13624376,-0.9755942","0.18629402,-0.6024963,-0.73063105,-0.31344196,-0.20077704,-0.52428037,-0.20871346,-0.106374264,-0.35214671",0.0
"0.18629402,-0.6024963,-0.73063105,-0.31344196,-0.20077704,-0.52428037,-0.20871346,-0.106374264,-0.35214671","-0.184542,0.50014114,-0.9300727","0.16867161,-0.5337296,-0.8305493,-0.24981041,-0.13962433,-0.42621356,-0.20871346,-0.106374264,-0.35214671",0.0
"0.16867161,-0.5337296,-0.8305493,-0.24981041,-0.13962433,-0.42621356,-0.20871346,-0.106374264,-0.35214671","-0.07597798,0.42612934,-0.60724115","0.16141625,-0.47513902,-0.8957856,-0.20578374,-0.10770322,-0.35233095,-0.20871346,-0.106374264,-0.35214671",0.0
"0.0,0.0,0.0,2.8652207e-07,0.005789075,0.993462,0.0036257312,-0.037836257,-0.30644754","0.9083283,-0.9539405,-0.9403105","0.08673875,-0.13116193,-0.101018146,-0.395066,-0.10439025,0.88313866,0.0036257312,-0.037836257,-0.30644754",0.0
"0.08673875,-0.13116193,-0.101018146,-0.395066,-0.10439025,0.88313866,0.0036257312,-0.037836257,-0.30644754","0.86243224,-0.5668026,-0.93209076","0.16909477,-0.20909438,-0.20115325,-0.5575068,-0.32085818,0.6715092,0.0036257312,-0.037836257,-0.30644754",0.0
"0.16909477,-0.20909438,-0.20115325,-0.5575068,-0.32085818,0.6715092,0.0036257312,-0.037836257,-0.30644754","0.85776305,-0.581303,-0.9271835","0.2510049,-0.28902057,-0.30076116,-0.5601492,-0.55548567,0.38420284,0.0036257312,-0.037836257,-0.30644754",0.0
"0.2510049,-0.28902057,-0.30076116,-0.5601492,-0.55548567,0.38420284,0.0036257312,-0.037836257,-0.30644754","0.9335387,-0.8327794,-0.94841737","0.3401511,-0.40352347,-0.4026502,-0.40681562,-0.72880346,-0.0012432444,0.0036257312,-0.037836257,-0.30644754",0.0
"0.3401511,-0.40352347,-0.4026502,-0.40681562,-0.72880346,-0.0012432444,0.0036257312,-0.037836257,-0.30644754","0.8600855,-0.9407914,-0.9239852","0.42228302,-0.5328775,-0.5019145,-0.18122648,-0.7035106,-0.3670998,0.0036257312,-0.037836257,-0.30644754",0.0
"0.42228302,-0.5328775,-0.5019145,-0.18122648,-0.7035106,-0.3670998,0.0036257312,-0.037836257,-0.30644754","0.5423521,-0.8579487,-0.91315883","0.4740737,-0.6508411,-0.60001564,-0.04738666,-0.5093642,-0.5934006,0.0036257312,-0.037836257,-0.30644754",0.0
"0.4740737,-0.6508411,-0.60001564,-0.04738666,-0.5093642,-0.5934006,0.0036257312,-0.037836257,-0.30644754","-0.14495838,-0.6532235,-0.97388464","0.4602312,-0.740656,-0.7046406,-0.040597923,-0.2768015,-0.6481728,0.0036257312,-0.037836257,-0.30644754",0.0
"0.4602312,-0.740656,-0.7046406,-0.040597923,-0.2768015,-0.6481728,0.0036257312,-0.037836257,-0.30644754","0.4376061,-0.100214005,-0.9669282","0.50201946,-0.754435,-0.80851823,-0.0048534055,-0.14749335,-0.56380993,0.0036257312,-0.037836257,-0.30644754",0.0
"0.50201946,-0.754435,-0.80851823,-0.0048534055,-0.14749335,-0.56380993,0.0036257312,-0.037836257,-0.30644754","0.3169148,0.27601993,-0.9034819","0.5322825,-0.7164837,-0.90557986,0.0030767473,-0.08741258,-0.438726,0.0036257312,-0.037836257,-0.30644754",0.0
"0.5322825,-0.7164837,-0.90557986,0.0030767473,-0.08741258,-0.438726,0.0036257312,-0.037836257,-0.30644754","0.2898326,0.31191087,-0.8284953","0.5599594,-0.6735977,-0.9945856,0.0026990208,-0.045075387,-0.31302303,0.0036257312,-0.037836257,-0.30644754",0.0
"0.0,0.0,0.0,2.8652207e-07,0.005789075,0.993462,-0.021169592,-0.043040935,-0.4651852","0.96361256,-0.9566425,-0.9408515","0.092018,-0.13153343,-0.10107627,-0.39404136,-0.11115409,0.88271946,-0.021169592,-0.043040935,-0.4651852",0.0
"0.092018,-0.13153343,-0.10107627,-0.39404136,-0.11115409,0.88271946,-0.021169592,-0.043040935,-0.4651852","0.822567,-0.86457634,-0.93506277","0.17056718,-0.25040823,-0.20153065,-0.6086328,-0.35467762,0.6030431,-0.021169592,-0.043040935,-0.4651852",0.0
"0.17056718,-0.25040823,-0.20153065,-0.6086328,-0.35467762,0.6030431,-0.021169592,-0.043040935,-0.4651852","0.7713165,-0.76909465,-0.9433321","0.24422231,-0.3561548,-0.3028734,-0.6128644,-0.58296937,0.24681036,-0.021169592,-0.043040935,-0.4651852",0.0
"0.24422231,-0.3561548,-0.3028734,-0.6128644,-0.58296937,0.24681036,-0.021169592,-0.043040935,-0.4651852","0.63169837,-0.81104696,-0.93899965","0.30454493,-0.46766964,-0.4037507,-0.48883468,-0.6833868,-0.13399577,-0.021169592,-0.043040935,-0.4651852",0.0
"0.30454493,-0.46766964,-0.4037507,-0.48883468,-0.6833868,-0.13399577,-0.021169592,-0.043040935,-0.4651852","0.37116432,-0.89098626,-0.92489386","0.3399884,-0.5901757,-0.5031126,-0.33822244,-0.60315764,-0.46724007,-0.021169592,-0.043040935,-0.4651852",0.0
"0.3399884,-0.5901757,-0.5031126,-0.33822244,-0.60315764,-0.46724007,-0.021169592,-0.043040935,-0.4651852","0.15811014,-0.86399645,-0.89799106","0.35508677,-0.7089708,-0.5995843,-0.20492055,-0.40541866,-0.6619736,-0.021169592,-0.043040935,-0.4651852",0.0
"0.35508677,-0.7089708,-0.5995843,-0.20492055,-0.40541866,-0.6619736,-0.021169592,-0.043040935,-0.4651852","0.35257363,-0.7990105,-0.9516845","0.38875502,-0.81883067,-0.7018243,-0.073362924,-0.18439277,-0.6960709,-0.021169592,-0.043040935,-0.4651852",0.0
"0.38875502,-0.81883067,-0.7018243,-0.073362924,-0.18439277,-0.6960709,-0.021169592,-0.043040935,-0.4651852","0.16126943,0.057919502,-0.91564745","0.40415508,-0.81086713,-0.8001928,-0.03661727,-0.09839137,-0.59064615,-0.021169592,-0.043040935,-0.4651852",0.0
"0.40415508,-0.81086713,-0.8001928,-0.03661727,-0.09839137,-0.59064615,-0.021169592,-0.043040935,-0.4651852","-0.07050294,0.46612346,-0.72834307","0.39742258,-0.7467776,-0.87843907,-0.033765804,-0.08284735,-0.4796162,-0.021169592,-0.043040935,-0.4651852",0.0
"0.39742258,-0.7467776,-0.87843907,-0.033765804,-0.08284735,-0.4796162,-0.021169592,-0.043040935,-0.4651852","-0.16164374,-0.017583072,-0.16019809","0.38198677,-0.7491952,-0.8956492,-0.032203224,-0.06686447,-0.45797783,-0.021169592,-0.043040935,-0.4651852",0.0
"0.38198677,-0.7491952,-0.8956492,-0.032203224,-0.06686447,-0.45797783,-0.021169592,-0.043040935,-0.4651852","-0.0572623,-0.1350236,-0.005918741","0.37651864,-0.76776034,-0.8962849,-0.028493926,-0.054424968,-0.4601949,-0.021169592,-0.043040935,-0.4651852",0.0
"0.0,0.0,0.0,2.8652207e-07,0.005789075,0.993462,-0.016900586,-0.13391812,-0.59666026","0.9101411,-0.9380906,-0.9363626","0.08691186,-0.12898263,-0.10059403,-0.39042246,-0.10332056,0.8856528,-0.016900586,-0.13391812,-0.59666026",0.0
"0.08691186,-0.12898263,-0.10059403,-0.39042246,-0.10332056,0.8856528,-0.016900586,-0.13391812,-0.59666026","0.86005425,-0.86658263,-0.9482638","0.16904078,-0.2481333,-0.20246662,-0.6080641,-0.35042623,0.6056377,-0.016900586,-0.13391812,-0.59666026",0.0
"0.16904078,-0.2481333,-0.20246662,-0.6080641,-0.35042623,0.6056377,-0.016900586,-0.13391812,-0.59666026","0.88715315,-0.86810386,-0.9376848","0.25375748,-0.36749312,-0.30320266,-0.6005627,-0.60662776,0.22279498,-0.016900586,-0.13391812,-0.59666026",0.0
"0.25375748,-0.36749312,-0.30320266,-0.6005627,-0.60662776,0.22279498,-0.016900586,-0.13391812,-0.59666026","0.58745694,-0.84395677,-0.95906806","0.30985537,-0.4835329,-0.40623593,-0.4756775,-0.6889646,-0.16966005,-0.016900586,-0.13391812,-0.59666026",0.0
"0.30985537,-0.4835329,-0.40623593,-0.4756775,-0.6889646,-0.16966005,-0.016900586,-0.13391812,-0.59666026","0.22890735,-0.8762243,-0.95443296","0.33171433,-0.60400933,-0.5087712,-0.34521672,-0.5794957,-0.49393862,-0.016900586,-0.13391812,-0.59666026",0.0
"0.33171433,-0.60400933,-0.5087712,-0.34521672,-0.5794957,-0.49393862,-0.016900586,-0.13391812,-0.59666026","0.29789555,-0.83110464,-0.9545562","0.36016122,-0.7182819,-0.6113197,-0.18726555,-0.38487378,-0.6700509,-0.016900586,-0.13391812,-0.59666026",0.0
"0.36016122,-0.7182819,-0.6113197,-0.18726555,-0.38487378,-0.6700509,-0.016900586,-0.13391812,-0.59666026","0.42024302,-0.61102724,-0.95055354","0.40029138,-0.8022951,-0.7134382,-0.06817551,-0.19169125,-0.6776852,-0.016900586,-0.13391812,-0.59666026",0.0
"0.40029138,-0.8022951,-0.7134382,-0.06817551,-0.19169125,-0.6776852,-0.016900586,-0.13391812,-0.59666026","0.2859012,0.27899754,-0.70001525","0.42759287,-0.76393443,-0.7886412,-0.04157982,-0.15395585,-0.5883967,-0.016900586,-0.13391812,-0.59666026",0.0
"0.42759287,-0.76393443,-0.7886412,-0.04157982,-0.15395585,-0.5883967,-0.016900586,-0.13391812,-0.59666026","0.200086,-0.087875485,-0.06565523","0.44669962,-0.7760169,-0.7956945,-0.02922586,-0.13816792,-0.5853152,-0.016900586,-0.13391812,-0.59666026",0.0
"0.0,0.0,0.0,2.8652207e-07,0.005789075,0.993462,-0.03432749,0.00011695906,-0.6184311","-0.09931451,-0.96807754,-0.9582769","-0.009483821,-0.1331057,-0.102948286,-0.41428298,0.018138517,0.8795536,-0.03432749,0.00011695906,-0.6184311",0.0
"-0.009483821,-0.1331057,-0.102948286,-0.41428298,0.018138517,0.8795536,-0.03432749,0.00011695906,-0.6184311","0.22242904,-0.9130471,-0.9466974","0.011756534,-0.258645,-0.20465258,-0.717466,-0.020717973,0.5843645,-0.03432749,0.00011695906,-0.6184311",0.0
"0.011756534,-0.258645,-0.20465258,-0.717466,-0.020717973,0.5843645,-0.03432749,0.00011695906,-0.6184311","0.4394691,-0.93303156,-0.9278114","0.053722642,-0.38693205,-0.30432793,-0.85424286,-0.13968694,0.18028194,-0.03432749,0.00011695906,-0.6184311",0.0
"0.053722642,-0.38693205,-0.30432793,-0.85424286,-0.13968694,0.18028194,-0.03432749,0.00011695906,-0.6184311","0.13463068,-0.9780736,-0.95209146","0.066578895,-0.5214122,-0.4066117,-0.8132964,-0.16671889,-0.24719942,-0.03432749,0.00011695906,-0.6184311",0.0
"0.066578895,-0.5214122,-0.4066117,-0.8132964,-0.16671889,-0.24719942,-0.03432749,0.00011695906,-0.6184311","0.5552839,-0.95119953,-0.9491232","0.11960448,-0.65219724,-0.5085766,-0.5935155,-0.2279133,-0.5709116,-0.03432749,0.00011695906,-0.6184311",0.0
"0.11960448,-0.65219724,-0.5085766,-0.5935155,-0.2279133,-0.5709116,-0.03432749,0.00011695906,-0.6184311","0.5540831,-0.93253636,-0.9267555","0.17251539,-0.78041625,-0.6081385,-0.31275913,-0.1815594,-0.7309469,-0.03432749,0.00011695906,-0.6184311",0.0
"0.17251539,-0.78041625,-0.6081385,-0.31275913,-0.1815594,-0.7309469,-0.03432749,0.00011695906,-0.6184311","-0.17077327,-0.80574536,-0.89551175","0.15620779,-0.89120215,-0.7043438,-0.10155269,-0.047699552,-0.72102433,-0.03432749,0.00011695906,-0.6184311",0.0
"0.15620779,-0.89120215,-0.7043438,-0.10155269,-0.047699552,-0.72102433,-0.03432749,0.00011695906,-0.6184311","-0.44790423,0.23479712,-0.67643","0.11343618,-0.85891885,-0.777013,-0.0762674,-0.022214018,-0.6294146,-0.03432749,0.00011695906,-0.6184311",0.0
"0.11343618,-0.85891885,-0.777013,-0.0762674,-0.022214018,-0.6294146,-0.03432749,0.00011695906,-0.6184311","-0.26729554,-0.07152754,-0.11284429","0.0879114,-0.8687536,-0.7891359,-0.05874486,-0.01063213,-0.6159091,-0.03432749,0.00011695906,-0.6184311",0.0
"0.0879114,-0.8687536,-0.7891359,-0.05874486,-0.01063213,-0.6159091,-0.03432749,0.00011695906,-0.6184311","-0.11941689,-0.1052742,-0.0133469105","0.076507956,-0.8832283,-0.7905696,-0.04433405,-0.0049051526,-0.6158858,-0.03432749,0.00011695906,-0.6184311",0.0
"0.0,0.0,0.0,2.8652207e-07,0.005789075,0.993462,-0.01508772,-0.02,-0.46819258","0.6765592,-0.963116,-0.94533795","0.06460649,-0.13242349,-0.101558246,-0.40439785,-0.07731521,0.8814215,-0.01508772,-0.02,-0.46819258",0.0
"0.06460649,-0.13242349,-0.101558246,-0.40439785,-0.07731521,0.8814215,-0.01508772,-0.02,-0.46819258","0.7463497,-0.88034505,-0.9305653","0.13587748,-0.25346643,-0.20152944,-0.6475008,-0.28814998,0.5977742,-0.01508772,-0.02,-0.46819258",0.0
"0.13587748,-0.25346643,-0.20152944,-0.6475008,-0.28814998,0.5977742,-0.01508772,-0.02,-0.46819258","0.54608965,-0.7740891,-0.9211305","0.18802507,-0.35989973,-0.30048707,-0.7080751,-0.46784285,0.24279062,-0.01508772,-0.02,-0.46819258",0.0
"0.18802507,-0.35989973,-0.30048707,-0.7080751,-0.46784285,0.24279062,-0.01508772,-0.02,-0.46819258","0.46102965,-0.86660814,-0.93729275","0.23205005,-0.47905394,-0.40118098,-0.6315591,-0.556304,-0.15400647,-0.01508772,-0.02,-0.46819258",0.0
"0.23205005,-0.47905394,-0.40118098,-0.6315591,-0.556304,-0.15400647,-0.01508772,-0.02,-0.46819258","0.6163182,-0.93452764,-0.92004824","0.29090396,-0.60754675,-0.5000223,-0.4217288,-0.53741026,-0.49433586,-0.01508772,-0.02,-0.46819258",0.0
"0.29090396,-0.60754675,-0.5000223,-0.4217288,-0.53741026,-0.49433586,-0.01508772,-0.02,-0.46819258","0.65126073,-0.92251366,-0.9058743","0.35309464,-0.7343877,-0.5973409,-0.19651465,-0.382133,-0.68974537,-0.01508772,-0.02,-0.46819258",0.0
"0.35309464,-0.7343877,-0.5973409,-0.19651465,-0.382133,-0.68974537,-0.01508772,-0.02,-0.46819258","0.28061914,-0.87706655,-0.93927246","0.37989172,-0.8549799,-0.6982475,-0.06466145,-0.14744169,-0.7152522,-0.01508772,-0.02,-0.46819258",0.0
"0.37989172,-0.8549799,-0.6982475,-0.06466145,-0.14744169,-0.7152522,-0.01508772,-0.02,-0.46819258","0.0725826,-0.008916259,-0.90097266","0.38682285,-0.8562059,-0.7950394,-0.028652117,-0.060528398,-0.6064706,-0.01508772,-0.02,-0.46819258",0.0
"0.38682285,-0.8562059,-0.7950394,-0.028652117,-0.060528398,-0.6064706,-0.01508772,-0.02,-0.46819258","-0.015225112,0.46294427,-0.69336176","0.38536897,-0.7925535,-0.86952764,-0.027618209,-0.056917768,-0.4996786,-0.01508772,-0.02,-0.46819258",0.0
"0.38536897,-0.7925535,-0.86952764,-0.027618209,-0.056917768,-0.4996786,-0.01508772,-0.02,-0.46819258","-0.2539786,0.01316452,-0.1615333","0.36111584,-0.79074347,-0.8868812,-0.027223142,-0.044683244,-0.47609228,-0.01508772,-0.02,-0.46819258",0.0
"0.36111584,-0.79074347,-0.8868812,-0.027223142,-0.044683244,-0.47609228,-0.01508772,-0.02,-0.46819258","-0.19630647,-0.09077954,-0.013851762","0.34237003,-0.8032252,-0.8883692,-0.025194418,-0.03446523,-0.4754834,-0.01508772,-0.02,-0.46819258",0.0
"0.34237003,-0.8032252,-0.8883692,-0.025194418,-0.03446523,-0.4754834,-0.01508772,-0.02,-0.46819258","-0.05603707,-0.050829113,-0.0031906366","0.33701888,-0.81021404,-0.8887119,-0.023273993,-0.02959534,-0.47568446,-0.01508772,-0.02,-0.46819258",0.0
"0.0,0.0,0.0,2.8652207e-07,0.005789075,0.993462,0.42216375,-0.0057894737,-0.28866473","0.3031838,0.93730354,0.9154339","0.028951857,0.1288744,0.09834564,0.3987644,0.042183116,0.8876205,0.42216375,-0.0057894737,-0.28866473",0.0
"0.028951857,0.1288744,0.09834564,0.3987644,0.042183116,0.8876205,0.42216375,-0.0057894737,-0.28866473","-0.043097734,0.8941053,0.9093571","0.024836339,0.2518093,0.19603842,0.7003434,0.06056273,0.6082902,0.42216375,-0.0057894737,-0.28866473",0.0
"0.024836339,0.2518093,0.19603842,0.7003434,0.06056273,0.6082902,0.42216375,-0.0057894737,-0.28866473","-0.14088118,0.80020857,0.95636725","0.01138321,0.3618339,0.29878154,0.8493899,0.036181077,0.24144112,0.42216375,-0.0057894737,-0.28866473",0.0
"0.01138321,0.3618339,0.29878154,0.8493899,0.036181077,0.24144112,0.42216375,-0.0057894737,-0.28866473","-0.08294505,0.59871626,0.96084785","0.0034625623,0.44415438,0.40200603,0.8409392,0.014937961,-0.083442725,0.42216375,-0.0057894737,-0.28866473",0.0
"0.0034625623,0.44415438,0.40200603,0.8409392,0.014937961,-0.083442725,0.42216375,-0.0057894737,-0.28866473","-0.110676944,0.20947123,0.95995665","-0.0071062814,0.47295564,0.50513476,0.74582285,-0.01086219,-0.26234487,0.42216375,-0.0057894737,-0.28866473",0.0
"-0.0071062814,0.47295564,0.50513476,0.74582285,-0.01086219,-0.26234487,0.42216375,-0.0057894737,-0.28866473","0.04958105,-0.31522334,0.95404696","-0.002371648,0.4296141,0.60762864,0.6412754,0.0010117411,-0.27952,0.42216375,-0.0057894737,-0.28866473",0.0
"-0.002371648,0.4296141,0.60762864,0.6412754,0.0010117411,-0.27952,0.42216375,-0.0057894737,-0.28866473","0.06479716,-0.08904797,0.93083715","0.003816014,0.41737053,0.707629,0.5162924,0.01197986,-0.32011437,0.42216375,-0.0057894737,-0.28866473",0.0
"0.003816014,0.41737053,0.707629,0.5162924,0.01197986,-0.32011437,0.42216375,-0.0057894737,-0.28866473","-0.03164065,-0.31091356,0.75916505","0.0007945661,0.37462157,0.7891866,0.4204554,0.006839038,-0.2949546,0.42216375,-0.0057894737,-0.28866473",0.0
"0.0,0.0,0.0,2.8652207e-07,0.005789075,0.993462,0.27023393,0.63046783,-0.15444382","0.7507955,0.9177656,0.9115604","0.07169553,0.12618805,0.097929515,0.38389838,0.09390025,0.89056957,0.27023393,0.63046783,-0.15444382",0.0
"0.07169553,0.12618805,0.097929515,0.38389838,0.09390025,0.89056957,0.27023393,0.63046783,-0.15444382","0.9265332,0.8331821,0.88240886","0.16017272,0.24074632,0.19272727,0.59714246,0.33531314,0.6315753,0.27023393,0.63046783,-0.15444382",0.0
"0.16017272,0.24074632,0.19272727,0.59714246,0.33531314,0.6315753,0.27023393,0.63046783,-0.15444382","0.9320848,0.82492197,0.8899584","0.24918005,0.35416886,0.28833604,0.59493136,0.6000424,0.2735864,0.27023393,0.63046783,-0.15444382",0.0
"0.24918005,0.35416886,0.28833604,0.59493136,0.6000424,0.2735864,0.27023393,0.63046783,-0.15444382","0.7683091,0.5398642,0.94355226","0.32254797,0.42839745,0.38970244,0.4433313,0.72204274,-0.034015696,0.27023393,0.63046783,-0.15444382",0.0
"0.32254797,0.42839745,0.38970244,0.4433313,0.72204274,-0.034015696,0.27023393,0.63046783,-0.15444382","0.46361148,0.018706918,0.8673382","0.36681953,0.4309696,0.48288113,0.30988184,0.71116084,-0.16002169,0.27023393,0.63046783,-0.15444382",0.0
"0.36681953,0.4309696,0.48288113,0.30988184,0.71116084,-0.16002169,0.27023393,0.63046783,-0.15444382","0.09693217,-0.20819557,0.62680554","0.37607586,0.40234384,0.55021924,0.26511323,0.6614671,-0.18263726,0.27023393,0.63046783,-0.15444382",0.0
"0.37607586,0.40234384,0.55021924,0.26511323,0.6614671,-0.18263726,0.27023393,0.63046783,-0.15444382","-0.06302136,-0.14530253,0.23581028","0.3700578,0.38236552,0.57555246,0.26789328,0.6339606,-0.17438605,0.27023393,0.63046783,-0.15444382",0.0
"0.3700578,0.38236552,0.57555246,0.26789328,0.6339606,-0.17438605,0.27023393,0.63046783,-0.15444382","-0.005485177,-0.044706345,-0.0031459332","0.369534,0.3762187,0.5752145,0.26932323,0.6344101,-0.16371644,0.27023393,0.63046783,-0.15444382",0.0
"0.0,0.0,0.0,2.8652207e-07,0.005789075,0.993462,0.046315793,0.11994152,-0.7433683","0.6598197,0.979164,0.9496579","0.063008,0.13463002,0.10202235,0.4072517,0.08758774,0.8787982,0.046315793,0.11994152,-0.7433683",0.0
"0.063008,0.13463002,0.10202235,0.4072517,0.08758774,0.8787982,0.046315793,0.11994152,-0.7433683","0.9063877,0.967355,0.93808866","0.14956145,0.2676364,0.2028018,0.64726996,0.3351716,0.5711286,0.046315793,0.11994152,-0.7433683",0.0
"0.14956145,0.2676364,0.2028018,0.64726996,0.3351716,0.5711286,0.046315793,0.11994152,-0.7433683","0.8693991,0.9504678,0.90800095","0.23258275,0.39832082,0.30034888,0.64606816,0.58674484,0.16229445,0.046315793,0.11994152,-0.7433683",0.0
"0.23258275,0.39832082,0.30034888,0.64606816,0.58674484,0.16229445,0.046315793,0.11994152,-0.7433683","0.3824824,0.95407057,0.93245053","0.26910704,0.52950066,0.4005226,0.54866874,0.6275634,-0.2563597,0.046315793,0.11994152,-0.7433683",0.0
"0.26910704,0.52950066,0.4005226,0.54866874,0.6275634,-0.2563597,0.046315793,0.11994152,-0.7433683","0.50503445,0.9523668,0.93832445","0.31733418,0.6604463,0.50132734,0.34151945,0.5389832,-0.5803891,0.046315793,0.11994152,-0.7433683",0.0
"0.31733418,0.6604463,0.50132734,0.34151945,0.5389832,-0.5803891,0.046315793,0.11994152,-0.7433683","0.5708144,0.9256041,0.9345963","0.3718428,0.78771216,0.60173154,0.13629788,0.3348145,-0.73993737,0.046315793,0.11994152,-0.7433683",0.0
"0.3718428,0.78771216,0.60173154,0.13629788,0.3348145,-0.73993737,0.046315793,0.11994152,-0.7433683","0.38458872,0.67268634,0.8017417","0.4085682,0.8802031,0.6878631,0.03473804,0.13802928,-0.7348606,0.046315793,0.11994152,-0.7433683",0.0
"0.4085682,0.8802031,0.6878631,0.03473804,0.13802928,-0.7348606,0.046315793,0.11994152,-0.7433683","-0.38193196,0.097248435,-0.022981882","0.37209648,0.89357436,0.6853941,0.04498089,0.12065641,-0.74179316,0.046315793,0.11994152,-0.7433683",0.0
"0.0,0.0,0.0,2.8652207e-07,0.005789075,0.993462,0.0138011705,0.045906432,-0.4651852","0.76981354,0.9705794,0.95058584","0.073511615,0.13344967,0.10212203,0.4020172,0.1004768,0.87990946,0.0138011705,0.045906432,-0.4651852",0.0
"0.073511615,0.13344967,0.10212203,0.4020172,0.1004768,0.87990946,0.0138011705,0.045906432,-0.4651852","0.89828,0.93704295,0.9580008","0.15929084,0.26228827,0.20504063,0.63151115,0.35194558,0.57741225,0.0138011705,0.045906432,-0.4651852",0.0
"0.15929084,0.26228827,0.20504063,0.63151115,0.35194558,0.57741225,0.0138011705,0.045906432,-0.4651852","0.71662426,0.882144,0.9527379","0.22772326,0.38357854,0.30739385,0.64767414,0.570491,0.18260285,0.0138011705,0.045906432,-0.4651852",0.0
"0.22772326,0.38357854,0.30739385,0.64767414,0.570491,0.18260285,0.0138011705,0.045906432,-0.4651852","0.55078673,0.90932786,0.95834684","0.28031936,0.5086065,0.41034967,0.5238358,0.6435997,-0.22575867,0.0138011705,0.045906432,-0.4651852",0.0
"0.28031936,0.5086065,0.41034967,0.5238358,0.6435997,-0.22575867,0.0138011705,0.045906432,-0.4651852","0.47276974,0.8809149,0.9650123","0.32546547,0.6297278,0.5140215,0.33265606,0.55574095,-0.5383696,0.0138011705,0.045906432,-0.4651852",0.0
"0.32546547,0.6297278,0.5140215,0.33265606,0.55574095,-0.5383696,0.0138011705,0.045906432,-0.4651852","0.58412075,0.83930004,0.95023155","0.38124475,0.74512726,0.61610544,0.13740592,0.3669402,-0.6956444,0.0138011705,0.045906432,-0.4651852",0.0
"0.38124475,0.74512726,0.61610544,0.13740592,0.3669402,-0.6956444,0.0138011705,0.045906432,-0.4651852","0.6248903,0.60834384,0.9583436","0.44091725,0.8287715,0.7190608,0.025305696,0.16614017,-0.6844505,0.0138011705,0.045906432,-0.4651852",0.0
"0.44091725,0.8287715,0.7190608,0.025305696,0.16614017,-0.6844505,0.0138011705,0.045906432,-0.4651852","-0.0484097,-0.31689298,0.9726958","0.43629447,0.78520036,0.82355803,0.0155033,0.10555039,-0.5562215,0.0138011705,0.045906432,-0.4651852",0.0
"0.43629447,0.78520036,0.82355803,0.0155033,0.10555039,-0.5562215,0.0138011705,0.045906432,-0.4651852","-0.28522468,-0.11701429,0.6752385","0.4090576,0.7691116,0.89609927,0.011464232,0.059571557,-0.46064514,0.0138011705,0.045906432,-0.4651852",0.0
"0.0,0.0,0.0,2.8652207e-07,0.005789075,0.993462,-0.038654972,-0.17625731,-0.40556052","0.9636034,-0.92408276,-0.9336019","0.092017114,-0.12705663,-0.10029744,-0.38475886,-0.10839204,0.8877861,-0.038654972,-0.17625731,-0.40556052",0.0
"0.092017114,-0.12705663,-0.10029744,-0.38475886,-0.10839204,0.8877861,-0.038654972,-0.17625731,-0.40556052","0.83414245,-0.56534517,-0.9636725","0.17167166,-0.2047887,-0.20382541,-0.55087054,-0.32295486,0.67469287,-0.038654972,-0.17625731,-0.40556052",0.0
"0.17167166,-0.2047887,-0.20382541,-0.55087054,-0.32295486,0.67469287,-0.038654972,-0.17625731,-0.40556052","0.8715129,-0.64009553,-0.9488159","0.25489482,-0.29279855,-0.3057573,-0.55629075,-0.565354,0.36914566,-0.038654972,-0.17625731,-0.40556052",0.0
"0.25489482,-0.29279855,-0.3057573,-0.55629075,-0.565354,0.36914566,-0.038654972,-0.17625731,-0.40556052","0.6695838,-0.4887805,-0.96152264","0.31883523,-0.36000338,-0.40905428,-0.4456677,-0.68587285,0.07730421,-0.038654972,-0.17625731,-0.40556052",0.0
"0.31883523,-0.36000338,-0.40905428,-0.4456677,-0.68587285,0.07730421,-0.038654972,-0.17625731,-0.40556052","0.3902508,-0.69187486,-0.9639997","0.35610133,-0.45513266,-0.51261735,-0.32956678,-0.6654137,-0.23758374,-0.038654972,-0.17625731,-0.40556052",0.0
"0.35610133,-0.45513266,-0.51261735,-0.32956678,-0.6654137,-0.23758374,-0.038654972,-0.17625731,-0.40556052","-0.09696549,-0.69074655,-0.9554719","0.3468418,-0.5501068,-0.61526424,-0.2695283,-0.5037455,-0.46304035,-0.038654972,-0.17625731,-0.40556052",0.0
"0.3468418,-0.5501068,-0.61526424,-0.2695283,-0.5037455,-0.46304035,-0.038654972,-0.17625731,-0.40556052","0.3412423,-0.48932588,-0.9607288","0.37942797,-0.61738664,-0.71847594,-0.14468509,-0.34786955,-0.5418853,-0.038654972,-0.17625731,-0.40556052",0.0
"0.37942797,-0.61738664,-0.71847594,-0.14468509,-0.34786955,-0.5418853,-0.038654972,-0.17625731,-0.40556052","0.12582564,0.12964559,-0.94851315","0.3914434,-0.5995611,-0.8203753,-0.09120034,-0.23966146,-0.4760437,-0.038654972,-0.17625731,-0.40556052",0.0
"0.3914434,-0.5995611,-0.8203753,-0.09120034,-0.23966146,-0.4760437,-0.038654972,-0.17625731,-0.40556052","0.21212006,0.32697642,-0.6924422","0.41169935,-0.5546036,-0.89476484,-0.058627173,-0.18475416,-0.39445725,-0.038654972,-0.17625731,-0.40556052",0.0
"0.41169935,-0.5546036,-0.89476484,-0.058627173,-0.18475416,-0.39445725,-0.038654972,-0.17625731,-0.40556052","0.16444802,-0.108082056,-0.012856483","0.42740294,-0.5694643,-0.896146,-0.047249336,-0.17796214,-0.40011382,-0.038654972,-0.17625731,-0.40556052",0.0
"0.0,0.0,0.0,2.8652207e-07,0.005789075,0.993462,-0.038654972,-0.17625731,-0.40556052","0.9636034,-0.92408276,-0.9336019","0.092017114,-0.12705663,-0.10029744,-0.38475886,-0.10839204,0.8877861,-0.038654972,-0.17625731,-0.40556052",0.0
"0.092017114,-0.12705663,-0.10029744,-0.38475886,-0.10839204,0.8877861,-0.038654972,-0.17625731,-0.40556052","0.83414245,-0.56534517,-0.9636725","0.17167166,-0.2047887,-0.20382541,-0.55087054,-0.32295486,0.67469287,-0.038654972,-0.17625731,-0.40556052",0.0
"0.17167166,-0.2047887,-0.20382541,-0.55087054,-0.32295486,0.67469287,-0.038654972,-0.17625731,-0.40556052","0.8715129,-0.64009553,-0.9488159","0.25489482,-0.29279855,-0.3057573,-0.55629075,-0.565354,0.36914566,-0.038654972,-0.17625731,-0.40556052",0.0
"0.25489482,-0.29279855,-0.3057573,-0.55629075,-0.565354,0.36914566,-0.038654972,-0.17625731,-0.40556052","0.6695838,-0.4887805,-0.96152264","0.31883523,-0.36000338,-0.40905428,-0.4456677,-0.68587285,0.07730421,-0.038654972,-0.17625731,-0.40556052",0.0
"0.31883523,-0.36000338,-0.40905428,-0.4456677,-0.68587285,0.07730421,-0.038654972,-0.17625731,-0.40556052","0.3902508,-0.69187486,-0.9639997","0.35610133,-0.45513266,-0.51261735,-0.32956678,-0.6654137,-0.23758374,-0.038654972,-0.17625731,-0.40556052",0.0
"0.35610133,-0.45513266,-0.51261735,-0.32956678,-0.6654137,-0.23758374,-0.038654972,-0.17625731,-0.40556052","-0.09696549,-0.69074655,-0.9554719","0.3468418,-0.5501068,-0.61526424,-0.2695283,-0.5037455,-0.46304035,-0.038654972,-0.17625731,-0.40556052",0.0
"0.3468418,-0.5501068,-0.61526424,-0.2695283,-0.5037455,-0.46304035,-0.038654972,-0.17625731,-0.40556052","0.3412423,-0.48932588,-0.9607288","0.37942797,-0.61738664,-0.71847594,-0.14468509,-0.34786955,-0.5418853,-0.038654972,-0.17625731,-0.40556052",0.0
"0.37942797,-0.61738664,-0.71847594,-0.14468509,-0.34786955,-0.5418853,-0.038654972,-0.17625731,-0.40556052","0.12582564,0.12964559,-0.94851315","0.3914434,-0.5995611,-0.8203753,-0.09120034,-0.23966146,-0.4760437,-0.038654972,-0.17625731,-0.40556052",0.0
"0.3914434,-0.5995611,-0.8203753,-0.09120034,-0.23966146,-0.4760437,-0.038654972,-0.17625731,-0.40556052","0.21212006,0.32697642,-0.6924422","0.41169935,-0.5546036,-0.89476484,-0.058627173,-0.18475416,-0.39445725,-0.038654972,-0.17625731,-0.40556052",0.0
"0.41169935,-0.5546036,-0.89476484,-0.058627173,-0.18475416,-0.39445725,-0.038654972,-0.17625731,-0.40556052","0.16444802,-0.108082056,-0.012856483","0.42740294,-0.5694643,-0.896146,-0.047249336,-0.17796214,-0.40011382,-0.038654972,-0.17625731,-0.40556052",0.0
"0.0,0.0,0.0,2.8652207e-07,0.005789075,0.993462,-0.3122807,-0.33070174,-0.5093807","0.60467887,-0.9078844,-0.95959437","0.05774244,-0.12482944,-0.103089824,-0.39313152,-0.06622233,0.8876438,-0.3122807,-0.33070174,-0.5093807",0.0
"0.05774244,-0.12482944,-0.103089824,-0.39313152,-0.06622233,0.8876438,-0.3122807,-0.33070174,-0.5093807","0.6550931,-0.9032002,-0.9517558","0.12029907,-0.24901484,-0.20533757,-0.657203,-0.25469127,0.60010785,-0.3122807,-0.33070174,-0.5093807",0.0
"0.12029907,-0.24901484,-0.20533757,-0.657203,-0.25469127,0.60010785,-0.3122807,-0.33070174,-0.5093807","0.73295426,-0.8175043,-0.966698","0.19029088,-0.3614175,-0.3091905,-0.70491356,-0.47299832,0.2260936,-0.3122807,-0.33070174,-0.5093807",0.0
"0.19029088,-0.3614175,-0.3091905,-0.70491356,-0.47299832,0.2260936,-0.3122807,-0.33070174,-0.5093807","0.6307409,-0.7896528,-0.9564421","0.25052208,-0.46999073,-0.41194168,-0.5926637,-0.58641213,-0.14935128,-0.3122807,-0.33070174,-0.5093807",0.0
"0.25052208,-0.46999073,-0.41194168,-0.5926637,-0.58641213,-0.14935128,-0.3122807,-0.33070174,-0.5093807","0.103538394,-0.795434,-0.946344","0.26040924,-0.5793588,-0.513608,-0.47285783,-0.49637383,-0.45614076,-0.3122807,-0.33070174,-0.5093807",0.0
"0.26040924,-0.5793588,-0.513608,-0.47285783,-0.49637383,-0.45614076,-0.3122807,-0.33070174,-0.5093807","0.024095297,-0.33829093,-0.8709156","0.26271015,-0.62587214,-0.60717094,-0.35967714,-0.38107833,-0.5625639,-0.3122807,-0.33070174,-0.5093807",0.0
"0.26271015,-0.62587214,-0.60717094,-0.35967714,-0.38107833,-0.5625639,-0.3122807,-0.33070174,-0.5093807","0.03759563,0.36014557,-0.6034055","0.26630026,-0.576354,-0.6719951,-0.3217733,-0.34789923,-0.5066919,-0.3122807,-0.33070174,-0.5093807",0.0
"0.26630026,-0.576354,-0.6719951,-0.3217733,-0.34789923,-0.5066919,-0.3122807,-0.33070174,-0.5093807","0.0030728579,-0.002380252,-0.13740408","0.2665937,-0.5766814,-0.6867565,-0.3074937,-0.33270022,-0.5067517,-0.3122807,-0.33070174,-0.5093807",0.0
"0.0,0.0,0.0,2.8652207e-07,0.005789075,0.993462,0.6265497,0.20894736,-0.32808766","0.3245331,0.956285,0.86863625","0.030990561,0.13148427,0.09331814,0.39763802,0.04465346,0.88918346,0.6265497,0.20894736,-0.32808766",0.0
"0.030990561,0.13148427,0.09331814,0.39763802,0.04465346,0.88918346,0.6265497,0.20894736,-0.32808766","0.5132123,0.95823216,0.90435934","0.07999861,0.26323628,0.19047403,0.69156563,0.18353806,0.5962688,0.6265497,0.20894736,-0.32808766",0.0
"0.07999861,0.26323628,0.19047403,0.69156563,0.18353806,0.5962688,0.6265497,0.20894736,-0.32808766","0.37703538,0.9327985,0.95563793","0.11600275,0.3914913,0.2931388,0.8108126,0.3154995,0.18798526,0.6265497,0.20894736,-0.32808766",0.0
"0.11600275,0.3914913,0.2931388,0.8108126,0.3154995,0.18798526,0.6265497,0.20894736,-0.32808766","-0.24297583,0.90233934,0.9511075","0.09280032,0.51555836,0.39531687,0.8042659,0.24739839,-0.22155775,0.6265497,0.20894736,-0.32808766",0.0
"0.09280032,0.51555836,0.39531687,0.8042659,0.24739839,-0.22155775,0.6265497,0.20894736,-0.32808766","-0.009446263,0.11929762,0.88240933","0.09189827,0.5319612,0.49011463,0.70823824,0.21639018,-0.3551406,0.6265497,0.20894736,-0.32808766",0.0
"0.09189827,0.5319612,0.49011463,0.70823824,0.21639018,-0.3551406,0.6265497,0.20894736,-0.32808766","0.07446587,-0.29839122,0.7073802","0.09900922,0.490934,0.56610894,0.6349999,0.21022275,-0.3466102,0.6265497,0.20894736,-0.32808766",0.0
"0.09900922,0.490934,0.56610894,0.6349999,0.21022275,-0.3466102,0.6265497,0.20894736,-0.32808766","0.02630806,-0.104325294,0.098549604","0.101521455,0.4765899,0.57669616,0.62681025,0.21307783,-0.3311097,0.6265497,0.20894736,-0.32808766",0.0
"0.0,0.0,0.0,2.8652207e-07,0.005789075,0.993462,0.7346784,-0.0057894737,-0.42556617","0.17062628,0.9590696,0.94117916","0.016293576,0.13186714,0.10111147,0.40923813,0.026762951,0.8823562,0.7346784,-0.0057894737,-0.42556617",0.0
"0.016293576,0.13186714,0.10111147,0.40923813,0.026762951,0.8823562,0.7346784,-0.0057894737,-0.42556617","-0.23456168,0.9088677,0.91745234","-0.006105359,0.2568318,0.19967394,0.71223384,-0.007872345,0.5945446,0.7346784,-0.0057894737,-0.42556617",0.0
"-0.006105359,0.2568318,0.19967394,0.71223384,-0.007872345,0.5945446,0.7346784,-0.0057894737,-0.42556617","0.10106778,0.95542216,0.938452","0.0035458826,0.38819745,0.30049244,0.8668293,0.015446463,0.18355212,0.7346784,-0.0057894737,-0.42556617",0.0
"0.0035458826,0.38819745,0.30049244,0.8668293,0.015446463,0.18355212,0.7346784,-0.0057894737,-0.42556617","0.015997648,0.9328724,0.9399357","0.005073544,0.5164626,0.4014703,0.83572847,0.019112108,-0.23095053,0.7346784,-0.0057894737,-0.42556617",0.0
"0.005073544,0.5164626,0.4014703,0.83572847,0.019112108,-0.23095053,0.7346784,-0.0057894737,-0.42556617","-0.12699115,0.53538,0.47410154","-0.0070531885,0.59007466,0.45240328,0.75289774,-0.0108946,-0.42777413,0.7346784,-0.0057894737,-0.42556617",0.0
"-0.0070531885,0.59007466,0.45240328,0.75289774,-0.0108946,-0.42777413,0.7346784,-0.0057894737,-0.42556617","0.041879773,-0.06391388,0.14549994","-0.003053973,0.58128685,0.46803442,0.73999405,-0.0013101677,-0.42511347,0.7346784,-0.0057894737,-0.42556617",0.0
"0.0,0.0,0.0,2.8652207e-07,0.005789075,0.993462,0.048888892,0.12584795,-0.59666026","0.5698793,0.9757228,0.9528372","0.054419342,0.13415687,0.10236391,0.40895268,0.0764802,0.8789871,0.048888892,0.12584795,-0.59666026",0.0
"0.054419342,0.13415687,0.10236391,0.40895268,0.0764802,0.8789871,0.048888892,0.12584795,-0.59666026","0.9142232,0.9385642,0.960155","0.14172103,0.26320463,0.20551395,0.6513322,0.3172212,0.5751212,0.048888892,0.12584795,-0.59666026",0.0
"0.14172103,0.26320463,0.20551395,0.6513322,0.3172212,0.5751212,0.048888892,0.12584795,-0.59666026","0.8239435,0.9230509,0.93293786","0.22040164,0.39011937,0.30574006,0.66375095,0.55803794,0.17135984,0.048888892,0.12584795,-0.59666026",0.0
"0.22040164,0.39011937,0.30574006,0.66375095,0.55803794,0.17135984,0.048888892,0.12584795,-0.59666026","0.4103409,0.92621505,0.9576541","0.25958622,0.5174692,0.40862143,0.5642997,0.60780275,-0.2416166,0.048888892,0.12584795,-0.59666026",0.0
"0.25958622,0.5174692,0.40862143,0.5642997,0.60780275,-0.2416166,0.048888892,0.12584795,-0.59666026","0.4612949,0.94458175,0.9621501","0.30363652,0.6473444,0.5119858,0.3628919,0.5216798,-0.56495464,0.048888892,0.12584795,-0.59666026",0.0
"0.30363652,0.6473444,0.5119858,0.3628919,0.5216798,-0.56495464,0.048888892,0.12584795,-0.59666026","0.6314771,0.8849727,0.9677944","0.363938,0.76902366,0.6159565,0.14584298,0.3341224,-0.7177449,0.048888892,0.12584795,-0.59666026",0.0
"0.363938,0.76902366,0.6159565,0.14584298,0.3341224,-0.7177449,0.048888892,0.12584795,-0.59666026","0.35004354,0.36139774,0.97069514","0.39736462,0.818714,0.72023875,0.05082751,0.17040537,-0.6790749,0.048888892,0.12584795,-0.59666026",0.0
"0.39736462,0.818714,0.72023875,0.05082751,0.17040537,-0.6790749,0.048888892,0.12584795,-0.59666026","-0.3136177,-0.27967894,0.61222184","0.36741638,0.78025967,0.78601,0.054156408,0.13672346,-0.5972716,0.048888892,0.12584795,-0.59666026",0.0
"0.0,0.0,0.0,2.8652207e-07,0.005789075,0.993462,-0.68590647,-0.0057894737,-0.15444382","0.31883526,-0.9583419,-0.9591448","0.030446447,-0.13176708,-0.10304152,-0.41080958,-0.033598654,0.88082415,-0.68590647,-0.0057894737,-0.15444382",0.0
"0.030446447,-0.13176708,-0.10304152,-0.41080958,-0.033598654,0.88082415,-0.68590647,-0.0057894737,-0.15444382","-0.072862566,-0.9066589,-0.9460469","0.0234886,-0.25642803,-0.20467593,-0.71319044,-0.04691841,0.58820456,-0.68590647,-0.0057894737,-0.15444382",0.0
"0.0234886,-0.25642803,-0.20467593,-0.71319044,-0.04691841,0.58820456,-0.68590647,-0.0057894737,-0.15444382","-0.27241766,-0.86251724,-0.9079882","-0.002525312,-0.37501973,-0.30222166,-0.8585476,0.012600799,0.20860311,-0.68590647,-0.0057894737,-0.15444382",0.0
"-0.002525312,-0.37501973,-0.30222166,-0.8585476,0.012600799,0.20860311,-0.68590647,-0.0057894737,-0.15444382","0.042591453,-0.7374054,-0.9183695","0.0015418609,-0.4764092,-0.40088263,-0.8420315,0.0017105791,-0.14818898,-0.68590647,-0.0057894737,-0.15444382",0.0
"0.0015418609,-0.4764092,-0.40088263,-0.8420315,0.0017105791,-0.14818898,-0.68590647,-0.0057894737,-0.15444382","0.089096785,0.20751703,-0.8760217","0.010049955,-0.44787675,-0.4949942,-0.76181364,-0.018268254,-0.20552717,-0.68590647,-0.0057894737,-0.15444382",0.0
"0.010049955,-0.44787675,-0.4949942,-0.76181364,-0.018268254,-0.20552717,-0.68590647,-0.0057894737,-0.15444382","0.002326727,0.3618307,-0.59791744","0.010272138,-0.39812693,-0.55922884,-0.70349115,-0.016917612,-0.18461815,-0.68590647,-0.0057894737,-0.15444382",0.0
"0.010272138,-0.39812693,-0.55922884,-0.70349115,-0.016917612,-0.18461815,-0.68590647,-0.0057894737,-0.15444382","-0.0135630965,0.17030191,-0.19357347","0.008976958,-0.37471133,-0.58002454,-0.6841192,-0.013506745,-0.1660819,-0.68590647,-0.0057894737,-0.15444382",0.0
"0.0,0.0,0.0,2.8652207e-07,0.005789075,0.993462,0.2934503,-0.23573099,-0.391635","-0.40454185,0.9347682,0.91145587","-0.038630806,0.12852582,0.09791827,0.39751643,-0.042649716,0.88831234,0.2934503,-0.23573099,-0.391635",0.0
"-0.038630806,0.12852582,0.09791827,0.39751643,-0.042649716,0.88831234,0.2934503,-0.23573099,-0.391635","-0.6930264,0.8409625,0.9503422","-0.1048098,0.24415386,0.20001414,0.65913147,-0.21911362,0.615825,0.2934503,-0.23573099,-0.391635",0.0
"-0.1048098,0.24415386,0.20001414,0.65913147,-0.21911362,0.615825,0.2934503,-0.23573099,-0.391635","-0.5625078,0.93233216,0.978858","-0.15852521,0.37234473,0.3051735,0.7552539,-0.40407008,0.20961045,0.2934503,-0.23573099,-0.391635",0.0
"-0.15852521,0.37234473,0.3051735,0.7552539,-0.40407008,0.20961045,0.2934503,-0.23573099,-0.391635","-0.6929457,0.8950213,0.9746553","-0.2246965,0.49540558,0.4098813,0.63741857,-0.5357509,-0.19841722,0.2934503,-0.23573099,-0.391635",0.0
"-0.2246965,0.49540558,0.4098813,0.63741857,-0.5357509,-0.19841722,0.2934503,-0.23573099,-0.391635","-0.44483316,0.77966475,0.9728584","-0.26717484,0.6026056,0.514396,0.45068914,-0.4934851,-0.49503195,0.2934503,-0.23573099,-0.391635",0.0
"-0.26717484,0.6026056,0.514396,0.45068914,-0.4934851,-0.49503195,0.2934503,-0.23573099,-0.391635","0.17530262,-0.41094166,0.9683652","-0.25043473,0.54610324,0.61842805,0.4063588,-0.39927262,-0.4585624,0.2934503,-0.23573099,-0.391635",0.0
"-0.25043473,0.54610324,0.61842805,0.4063588,-0.39927262,-0.4585624,0.2934503,-0.23573099,-0.391635","0.12085891,-0.22681803,0.91830325","-0.23889355,0.51491696,0.7170819,0.33550903,-0.3049612,-0.43792647,0.2934503,-0.23573099,-0.391635",0.0
"-0.23889355,0.51491696,0.7170819,0.33550903,-0.3049612,-0.43792647,0.2934503,-0.23573099,-0.391635","0.12627602,-0.24980593,0.61659706","-0.22683512,0.48057002,0.78332335,0.29218704,-0.24482818,-0.3988843,0.2934503,-0.23573099,-0.391635",0.0
"0.0,0.0,0.0,2.8652207e-07,0.005789075,0.993462,0.11707603,-0.0057894737,-0.44393736","-0.14211547,0.9537208,0.969635","-0.013570992,0.13113171,0.104168504,0.41209483,-0.011785615,0.88050425,0.11707603,-0.0057894737,-0.44393736",0.0
"-0.013570992,0.13113171,0.104168504,0.41209483,-0.011785615,0.88050425,0.11707603,-0.0057894737,-0.44393736","0.53223395,0.9392961,0.94464684","0.03725349,0.2602801,0.2056525,0.7149559,0.08988826,0.5800783,0.11707603,-0.0057894737,-0.44393736",0.0
"0.03725349,0.2602801,0.2056525,0.7149559,0.08988826,0.5800783,0.11707603,-0.0057894737,-0.44393736","-0.16963542,0.8844,0.94877195","0.021054542,0.38188058,0.30757967,0.8597798,0.06275514,0.18588775,0.11707603,-0.0057894737,-0.44393736",0.0
"0.021054542,0.38188058,0.30757967,0.8597798,0.06275514,0.18588775,0.11707603,-0.0057894737,-0.44393736","0.036952853,0.9006407,0.96556854","0.024583273,0.5057141,0.41131127,0.82664233,0.06977599,-0.2210694,0.11707603,-0.0057894737,-0.44393736",0.0
"0.024583273,0.5057141,0.41131127,0.82664233,0.06977599,-0.2210694,0.11707603,-0.0057894737,-0.44393736","-0.34715462,0.92378163,0.9673271","-0.008567473,0.6327294,0.5152318,0.64351285,-0.011532917,-0.54370373,0.11707603,-0.0057894737,-0.44393736",0.0
"-0.008567473,0.6327294,0.5152318,0.64351285,-0.011532917,-0.54370373,0.11707603,-0.0057894737,-0.44393736","0.023978353,0.7692858,0.9603354","-0.0062777144,0.73850226,0.61840117,0.39610016,-0.0020220783,-0.688564,0.11707603,-0.0057894737,-0.44393736",0.0
"-0.0062777144,0.73850226,0.61840117,0.39610016,-0.0020220783,-0.688564,0.11707603,-0.0057894737,-0.44393736","-0.12127578,0.15486693,0.961275","-0.017858673,0.7597957,0.7216714,0.2388299,-0.0076148114,-0.6478424,0.11707603,-0.0057894737,-0.44393736",0.0
"-0.017858673,0.7597957,0.7216714,0.2388299,-0.0076148114,-0.6478424,0.11707603,-0.0057894737,-0.44393736","-0.14199364,-0.12593675,0.9576124","-0.031418037,0.74248016,0.8245482,0.14144905,-0.008189046,-0.54214776,0.11707603,-0.0057894737,-0.44393736",0.0
"-0.031418037,0.74248016,0.8245482,0.14144905,-0.008189046,-0.54214776,0.11707603,-0.0057894737,-0.44393736","-0.07034141,-0.47392553,0.67292","-0.03813513,0.67731786,0.8968404,0.119308025,-0.00853118,-0.43950263,0.11707603,-0.0057894737,-0.44393736",0.0
"0.0,0.0,0.0,2.8652207e-07,0.005789075,0.993462,-0.024210528,0.36239764,-0.6149007","0.8180783,0.94544506,0.896497","0.078120545,0.12999384,0.096311234,0.38731512,0.10297999,0.8881972,-0.024210528,0.36239764,-0.6149007",0.0
"0.078120545,0.12999384,0.096311234,0.38731512,0.10297999,0.8881972,-0.024210528,0.36239764,-0.6149007","0.9141135,0.9131366,0.9092119","0.16541176,0.25554544,0.19398843,0.6107177,0.35606542,0.604715,-0.024210528,0.36239764,-0.6149007",0.0
"0.16541176,0.25554544,0.19398843,0.6107177,0.35606542,0.604715,-0.024210528,0.36239764,-0.6149007","0.84067464,0.84739983,0.90910506","0.24569008,0.37205857,0.29165417,0.6106389,0.6024033,0.23125191,-0.024210528,0.36239764,-0.6149007",0.0
"0.24569008,0.37205857,0.29165417,0.6106389,0.6024033,0.23125191,-0.024210528,0.36239764,-0.6149007","0.8054259,0.8799012,0.94852614","0.3226024,0.49304047,0.39355493,0.4427377,0.72136444,-0.17297332,-0.024210528,0.36239764,-0.6149007",0.0
"0.3226024,0.49304047,0.39355493,0.4427377,0.72136444,-0.17297332,-0.024210528,0.36239764,-0.6149007","0.67768824,0.90134454,0.95844066","0.3873167,0.6169708,0.49652076,0.23047951,0.6403421,-0.50781024,-0.024210528,0.36239764,-0.6149007",0.0
"0.3873167,0.6169708,0.49652076,0.23047951,0.6403421,-0.50781024,-0.024210528,0.36239764,-0.6149007","0.67098415,0.5399661,0.96534944","0.4513908,0.69121337,0.6002288,0.06605087,0.46722692,-0.6418535,-0.024210528,0.36239764,-0.6149007",0.0
"0.4513908,0.69121337,0.6002288,0.06605087,0.46722692,-0.6418535,-0.024210528,0.36239764,-0.6149007","0.52650976,-0.102368176,0.73466825","0.5016687,0.6771383,0.6791546,-0.007766504,0.37681082,-0.610423,-0.024210528,0.36239764,-0.6149007",0.0
"0.5016687,0.6771383,0.6791546,-0.007766504,0.37681082,-0.610423,-0.024210528,0.36239764,-0.6149007","0.14013016,-0.0014723539,0.0946542","0.51505005,0.676936,0.6893233,-0.022953978,0.3625913,-0.60636926,-0.024210528,0.36239764,-0.6149007",0.0
"0.0,0.0,0.0,2.8652207e-07,0.005789075,0.993462,-0.13046785,0.4916374,-0.6336642","0.702489,0.9116123,0.70858","0.067082606,0.12534201,0.07612319,0.3577043,0.08244124,0.9081906,-0.13046785,0.4916374,-0.6336642",0.0
"0.067082606,0.12534201,0.07612319,0.3577043,0.08244124,0.9081906,-0.13046785,0.4916374,-0.6336642","0.7716346,0.8661586,0.8731015","0.14076811,0.24443436,0.16992104,0.6067431,0.29370815,0.6560809,-0.13046785,0.4916374,-0.6336642",0.0
"0.14076811,0.24443436,0.16992104,0.6067431,0.29370815,0.6560809,-0.13046785,0.4916374,-0.6336642","0.8735231,0.77921283,0.8687513","0.22418323,0.35157216,0.26325154,0.6377531,0.54946715,0.31805792,-0.13046785,0.4916374,-0.6336642",0.0
"0.22418323,0.35157216,0.26325154,0.6377531,0.54946715,0.31805792,-0.13046785,0.4916374,-0.6336642","0.88539577,0.81530297,0.92364657","0.3087321,0.4636722,0.36247945,0.48622218,0.7196025,-0.069632776,-0.13046785,0.4916374,-0.6336642",0.0
"0.3087321,0.4636722,0.36247945,0.48622218,0.7196025,-0.069632776,-0.13046785,0.4916374,-0.6336642","0.866135,0.83429193,0.9524591","0.3914417,0.578383,0.46480268,0.24388476,0.70448124,-0.41711342,-0.13046785,0.4916374,-0.6336642",0.0
"0.3914417,0.578383,0.46480268,0.24388476,0.70448124,-0.41711342,-0.13046785,0.4916374,-0.6336642","0.8265077,0.75166893,0.9095794","0.4703672,0.6817337,0.5625193,0.043876972,0.5322569,-0.6290299,-0.13046785,0.4916374,-0.6336642",0.0
"0.4703672,0.6817337,0.5625193,0.043876972,0.5322569,-0.6290299,-0.13046785,0.4916374,-0.6336642","0.6936308,-0.0030970573,0.48820794","0.5366039,0.681308,0.61496776,-0.058682658,0.45758262,-0.6293734,-0.13046785,0.4916374,-0.6336642",0.0
"0.5366039,0.681308,0.61496776,-0.058682658,0.45758262,-0.6293734,-0.13046785,0.4916374,-0.6336642","0.38508654,-0.05934608,-0.2846223","0.5733769,0.6731482,0.5843906,-0.122632466,0.49717698,-0.6201947,-0.13046785,0.4916374,-0.6336642",0.0
"0.0,0.0,0.0,2.8652207e-07,0.005789075,0.993462,-0.05187135,-0.22847952,-0.35214671","0.92641175,-0.9012478,-0.93343055","0.08846559,-0.12391693,-0.10027903,-0.37998793,-0.102393195,0.89083856,-0.05187135,-0.22847952,-0.35214671",0.0
"0.08846559,-0.12391693,-0.10027903,-0.37998793,-0.102393195,0.89083856,-0.05187135,-0.22847952,-0.35214671","0.75337076,-0.4988184,-0.9617952","0.16040704,-0.1925019,-0.20360531,-0.5449605,-0.2938924,0.6938302,-0.05187135,-0.22847952,-0.35214671",0.0
"0.16040704,-0.1925019,-0.20360531,-0.5449605,-0.2938924,0.6938302,-0.05187135,-0.22847952,-0.35214671","0.69641733,-0.55598676,-0.94666606","0.22690983,-0.26894724,-0.30530623,-0.5857626,-0.49874702,0.41530743,-0.05187135,-0.22847952,-0.35214671",0.0
"0.22690983,-0.26894724,-0.30530623,-0.5857626,-0.49874702,0.41530743,-0.05187135,-0.22847952,-0.35214671","0.7846695,-0.5403837,-0.9554793","0.30184007,-0.34324723,-0.40795395,-0.4778748,-0.65587246,0.11222825,-0.05187135,-0.22847952,-0.35214671",0.0
"0.30184007,-0.34324723,-0.40795395,-0.4778748,-0.65587246,0.11222825,-0.05187135,-0.22847952,-0.35214671","0.49207282,-0.634446,-0.9694782","0.34882948,-0.43048036,-0.5121056,-0.34705448,-0.66232824,-0.19222358,-0.05187135,-0.22847952,-0.35214671",0.0
"0.34882948,-0.43048036,-0.5121056,-0.34705448,-0.66232824,-0.19222358,-0.05187135,-0.22847952,-0.35214671","0.13085961,-0.6705781,-0.9676886","0.36132562,-0.5226815,-0.61606497,-0.25324085,-0.5303183,-0.42457503,-0.05187135,-0.22847952,-0.35214671",0.0
"0.36132562,-0.5226815,-0.61606497,-0.25324085,-0.5303183,-0.42457503,-0.05187135,-0.22847952,-0.35214671","0.1633985,-0.37442493,-0.9787153","0.376929,-0.574163,-0.721209,-0.15881668,-0.37473646,-0.4998254,-0.05187135,-0.22847952,-0.35214671",0.0
"0.376929,-0.574163,-0.721209,-0.15881668,-0.37473646,-0.4998254,-0.05187135,-0.22847952,-0.35214671","0.16231406,0.3345672,-0.95564246","0.39242882,-0.52816176,-0.8238742,-0.10436099,-0.27950493,-0.42559054,-0.05187135,-0.22847952,-0.35214671",0.0
"0.39242882,-0.52816176,-0.8238742,-0.10436099,-0.27950493,-0.42559054,-0.05187135,-0.22847952,-0.35214671","0.20173681,0.40815604,-0.6855198","0.41169322,-0.4720425,-0.89752007,-0.06893382,-0.220934,-0.34953687,-0.05187135,-0.22847952,-0.35214671",0.0
"0.41169322,-0.4720425,-0.89752007,-0.06893382,-0.220934,-0.34953687,-0.05187135,-0.22847952,-0.35214671","0.21020865,-0.049404085,0.02998674","0.4317666,-0.47883534,-0.89429855,-0.055094272,-0.22585423,-0.35532632,-0.05187135,-0.22847952,-0.35214671",0.0
"0.0,0.0,0.0,2.8652207e-07,0.005789075,0.993462,0.03432749,0.00011695906,-0.6184311","0.63889766,0.97762775,0.96367276","0.061010096,0.13441879,0.10352798,0.4091159,0.08528647,0.8777242,0.03432749,0.00011695906,-0.6184311",0.0
"0.061010096,0.13441879,0.10352798,0.4091159,0.08528647,0.8777242,0.03432749,0.00011695906,-0.6184311","0.2866255,0.9602841,0.9538827","0.088380754,0.2664529,0.20600417,0.69959146,0.20541672,0.5686635,0.03432749,0.00011695906,-0.6184311",0.0
"0.088380754,0.2664529,0.20600417,0.69959146,0.20541672,0.5686635,0.03432749,0.00011695906,-0.6184311","-0.407597,0.9508673,0.93802214","0.049458195,0.3971923,0.30677646,0.85942984,0.14048147,0.15476623,0.03432749,0.00011695906,-0.6184311",0.0
"0.049458195,0.3971923,0.30677646,0.85942984,0.14048147,0.15476623,0.03432749,0.00011695906,-0.6184311","0.09821129,0.94094443,0.9578825","0.058836658,0.52656734,0.40968236,0.81088084,0.1575044,-0.26124126,0.03432749,0.00011695906,-0.6184311",0.0
"0.058836658,0.52656734,0.40968236,0.81088084,0.1575044,-0.26124126,0.03432749,0.00011695906,-0.6184311","-0.14850134,0.95973074,0.9620664","0.044655856,0.6585254,0.5130377,0.6171603,0.09300126,-0.58259505,0.03432749,0.00011695906,-0.6184311",0.0
"0.044655856,0.6585254,0.5130377,0.6171603,0.09300126,-0.58259505,0.03432749,0.00011695906,-0.6184311","-0.4598993,0.94227064,0.9509704","0.0007388104,0.78808284,0.61520094,0.34289497,0.0065853824,-0.73451316,0.03432749,0.00011695906,-0.6184311",0.0
"0.0007388104,0.78808284,0.61520094,0.34289497,0.0065853824,-0.73451316,0.03432749,0.00011695906,-0.6184311","-0.07373321,0.8298273,0.95988715","-0.006302179,0.9021799,0.71832216,0.08578402,0.004092168,-0.70800006,0.03432749,0.00011695906,-0.6184311",0.0
"-0.006302179,0.9021799,0.71832216,0.08578402,0.004092168,-0.70800006,0.03432749,0.00011695906,-0.6184311","-0.4335624,-0.13916636,0.736266","-0.047704246,0.88304526,0.7974196,0.039680682,-0.0001365112,-0.60685533,0.03432749,0.00011695906,-0.6184311",0.0
"0.0,0.0,0.0,2.8652207e-07,0.005789075,0.993462,-0.24807018,0.04725146,-0.69426954","-0.46243238,-0.9470395,-0.96468925","-0.044158943,-0.13021307,-0.103637174,-0.40507033,0.062403556,0.8818767,-0.24807018,0.04725146,-0.69426954",0.0
"-0.044158943,-0.13021307,-0.103637174,-0.40507033,0.062403556,0.8818767,-0.24807018,0.04725146,-0.69426954","-0.13758755,-0.9283241,-0.95380807","-0.057297558,-0.25785288,-0.20610537,-0.7048798,0.13415506,0.58369356,-0.24807018,0.04725146,-0.69426954",0.0
"-0.057297558,-0.25785288,-0.20610537,-0.7048798,0.13415506,0.58369356,-0.24807018,0.04725146,-0.69426954","-0.23191422,-0.8987734,-0.95334977","-0.079443686,-0.38142958,-0.3085243,-0.833493,0.21842735,0.18537256,-0.24807018,0.04725146,-0.69426954",0.0
"-0.079443686,-0.38142958,-0.3085243,-0.833493,0.21842735,0.18537256,-0.24807018,0.04725146,-0.69426954","0.048570752,-0.88613635,-0.9517821","-0.074805535,-0.50326884,-0.41077486,-0.8063332,0.1990157,-0.21546574,-0.24807018,0.04725146,-0.69426954",0.0
"-0.074805535,-0.50326884,-0.41077486,-0.8063332,0.1990157,-0.21546574,-0.24807018,0.04725146,-0.69426954","0.28484738,-0.94874436,-0.9513295","-0.047604676,-0.63371634,-0.5129767,-0.63768315,0.10194076,-0.5441335,-0.24807018,0.04725146,-0.69426954",0.0
"-0.047604676,-0.63371634,-0.5129767,-0.63768315,0.10194076,-0.5441335,-0.24807018,0.04725146,-0.69426954","0.32655692,-0.9372448,-0.92528695","-0.01642086,-0.7625827,-0.6123808,-0.37607574,0.025215361,-0.71327066,-0.24807018,0.04725146,-0.69426954",0.0
"-0.01642086,-0.7625827,-0.6123808,-0.37607574,0.025215361,-0.71327066,-0.24807018,0.04725146,-0.69426954","-0.23872286,-0.2001794,-0.6324835","-0.039217163,-0.7901064,-0.6803289,-0.2538667,0.037270576,-0.6974873,-0.24807018,0.04725146,-0.69426954",0.0
"0.0,0.0,0.0,2.8652207e-07,0.005789075,0.993462,0.052339185,-0.1048538,-0.44393736","-0.7062584,0.9325584,0.9613664","-0.06744255,0.12822199,0.103280194,0.39764887,-0.07961507,0.8841577,0.052339185,-0.1048538,-0.44393736",0.0
"-0.06744255,0.12822199,0.103280194,0.39764887,-0.07961507,0.8841577,0.052339185,-0.1048538,-0.44393736","-0.6559758,0.9454098,0.9522164","-0.13008347,0.258211,0.20557739,0.6608898,-0.27989012,0.5838143,0.052339185,-0.1048538,-0.44393736",0.0
"-0.13008347,0.258211,0.20557739,0.6608898,-0.27989012,0.5838143,0.052339185,-0.1048538,-0.44393736","-0.530155,0.8345516,0.93247294","-0.18070942,0.37295756,0.30575353,0.72554624,-0.45585153,0.20742877,0.052339185,-0.1048538,-0.44393736",0.0
"-0.18070942,0.37295756,0.30575353,0.72554624,-0.45585153,0.20742877,0.052339185,-0.1048538,-0.44393736","-0.37137234,0.8997756,0.92845464","-0.21617278,0.4966721,0.405498,0.654265,-0.52069527,-0.19554801,0.052339185,-0.1048538,-0.44393736",0.0
"-0.21617278,0.4966721,0.405498,0.654265,-0.52069527,-0.19554801,0.052339185,-0.1048538,-0.44393736","-0.6965886,0.8729913,0.9321482","-0.28269193,0.616704,0.50563926,0.42654908,-0.5154045,-0.5128672,0.052339185,-0.1048538,-0.44393736",0.0
"-0.28269193,0.616704,0.50563926,0.42654908,-0.5154045,-0.5128672,0.052339185,-0.1048538,-0.44393736","-0.74348265,0.807001,0.9478097","-0.35368913,0.72766256,0.60746294,0.19289136,-0.37662205,-0.68061465,0.052339185,-0.1048538,-0.44393736",0.0
"-0.35368913,0.72766256,0.60746294,0.19289136,-0.37662205,-0.68061465,0.052339185,-0.1048538,-0.44393736","-0.11151451,-0.022304595,0.9756627","-0.36433795,0.72459584,0.71227896,0.1236711,-0.25838652,-0.632055,0.052339185,-0.1048538,-0.44393736",0.0
"-0.36433795,0.72459584,0.71227896,0.1236711,-0.25838652,-0.632055,0.052339185,-0.1048538,-0.44393736","-0.005141139,-0.124087214,0.9592848","-0.36482888,0.70753455,0.8153355,0.079420716,-0.16159439,-0.53803366,0.052339185,-0.1048538,-0.44393736",0.0
"-0.36482888,0.70753455,0.8153355,0.079420716,-0.16159439,-0.53803366,0.052339185,-0.1048538,-0.44393736","-0.02740115,-0.13154876,0.7086766","-0.36744547,0.68944734,0.8914691,0.052505717,-0.10439832,-0.44927636,0.052339185,-0.1048538,-0.44393736",0.0
"0.0,0.0,0.0,2.8652207e-07,0.005789075,0.993462,0.036081873,0.011871344,-0.30644754","-0.40646017,0.9479338,0.9583392","-0.03881399,0.13033602,0.10295498,0.40691355,-0.044033095,0.88233095,0.036081873,0.011871344,-0.30644754",0.0
"-0.03881399,0.13033602,0.10295498,0.40691355,-0.044033095,0.88233095,0.036081873,0.011871344,-0.30644754","-0.9278197,0.927804,0.935225","-0.12741405,0.25790432,0.20342678,0.6616563,-0.27367887,0.5873926,0.036081873,0.011871344,-0.30644754",0.0
"-0.12741405,0.25790432,0.20342678,0.6616563,-0.27367887,0.5873926,0.036081873,0.011871344,-0.30644754","-0.9557018,0.9110354,0.8952514","-0.21867663,0.383167,0.2996042,0.6717268,-0.54352653,0.19555119,0.036081873,0.011871344,-0.30644754",0.0
"-0.21867663,0.383167,0.2996042,0.6717268,-0.54352653,0.19555119,0.036081873,0.011871344,-0.30644754","-0.9398601,0.91889954,0.9413415","-0.30842644,0.509511,0.40073308,0.47921488,-0.68747586,-0.21585512,0.036081873,0.011871344,-0.30644754",0.0
"-0.30842644,0.509511,0.40073308,0.47921488,-0.68747586,-0.21585512,0.036081873,0.011871344,-0.30644754","-0.77491724,0.97221017,0.9688704","-0.38242543,0.64318496,0.5048194,0.23954785,-0.60273093,-0.5549858,0.036081873,0.011871344,-0.30644754",0.0
"-0.38242543,0.64318496,0.5048194,0.23954785,-0.60273093,-0.5549858,0.036081873,0.011871344,-0.30644754","-0.76273006,0.95292425,0.97079086","-0.4552606,0.7742072,0.609112,0.057238214,-0.36323196,-0.725043,0.036081873,0.011871344,-0.30644754",0.0
"-0.4552606,0.7742072,0.609112,0.057238214,-0.36323196,-0.725043,0.036081873,0.011871344,-0.30644754","-0.7853776,0.97334003,0.96669245","-0.5302585,0.9080364,0.7129643,-0.00220395,-0.084109455,-0.7153927,0.036081873,0.011871344,-0.30644754",0.0
"-0.5302585,0.9080364,0.7129643,-0.00220395,-0.084109455,-0.7153927,0.036081873,0.011871344,-0.30644754","-0.8591167,-0.02688402,0.9664564","-0.61229783,0.9043401,0.81679124,0.0032612956,-0.007898918,-0.5816236,0.036081873,0.011871344,-0.30644754",0.0
"-0.61229783,0.9043401,0.81679124,0.0032612956,-0.007898918,-0.5816236,0.036081873,0.011871344,-0.30644754","-0.9602628,-0.25842005,0.94361377","-0.70399594,0.8688087,0.91816413,0.014091637,0.009208643,-0.43407783,0.036081873,0.011871344,-0.30644754",0.0
"-0.70399594,0.8688087,0.91816413,0.014091637,0.009208643,-0.43407783,0.036081873,0.011871344,-0.30644754","-0.97914594,0.035759807,0.8509681","-0.79749733,0.87372553,0.99999994,0.030279497,0.015167295,-0.3074452,0.036081873,0.011871344,-0.30644754",0.0
"0.0,0.0,0.0,2.8652207e-07,0.005789075,0.993462,-0.11000001,0.07824561,-0.59666026","-0.6365086,-0.9789377,-0.95949674","-0.060781952,-0.1345989,-0.103079334,-0.40900648,0.084960334,0.8779256,-0.11000001,0.07824561,-0.59666026",0.0
"-0.060781952,-0.1345989,-0.103079334,-0.40900648,0.084960334,0.8779256,-0.11000001,0.07824561,-0.59666026","-0.5648463,-0.94031787,-0.94491386","-0.11472067,-0.2638878,-0.20459202,-0.6762359,0.26103732,0.5752262,-0.11000001,0.07824561,-0.59666026",0.0
"-0.11472067,-0.2638878,-0.20459202,-0.6762359,0.26103732,0.5752262,-0.11000001,0.07824561,-0.59666026","-0.4207884,-0.92628086,-0.960187","-0.1549029,-0.39124665,-0.3077455,-0.7639838,0.41076076,0.16587517,-0.11000001,0.07824561,-0.59666026",0.0
"-0.1549029,-0.39124665,-0.3077455,-0.7639838,0.41076076,0.16587517,-0.11000001,0.07824561,-0.59666026","0.07060182,-0.9284956,-0.9654894","-0.14816095,-0.51891005,-0.41146863,-0.7359017,0.37610048,-0.24791113,-0.11000001,0.07824561,-0.59666026",0.0
"-0.14816095,-0.51891005,-0.41146863,-0.7359017,0.37610048,-0.24791113,-0.11000001,0.07824561,-0.59666026","0.27705657,-0.9716737,-0.96016467","-0.12170406,-0.6525103,-0.5146197,-0.5799193,0.23944557,-0.5740872,-0.11000001,0.07824561,-0.59666026",0.0
"-0.12170406,-0.6525103,-0.5146197,-0.5799193,0.23944557,-0.5740872,-0.11000001,0.07824561,-0.59666026","-0.09480262,-0.9220063,-0.91147506","-0.13075702,-0.77928144,-0.61253995,-0.32500103,0.14787444,-0.7281574,-0.11000001,0.07824561,-0.59666026",0.0
"-0.13075702,-0.77928144,-0.61253995,-0.32500103,0.14787444,-0.7281574,-0.11000001,0.07824561,-0.59666026","-0.27775043,-0.55773365,-0.94140744","-0.15728016,-0.855967,-0.7136759,-0.12335415,0.07302463,-0.7001719,-0.11000001,0.07824561,-0.59666026",0.0
"-0.15728016,-0.855967,-0.7136759,-0.12335415,0.07302463,-0.7001719,-0.11000001,0.07824561,-0.59666026","-0.05535108,0.5077522,-0.5746285","-0.16256578,-0.7861538,-0.7754085,-0.12995735,0.079451494,-0.61067027,-0.11000001,0.07824561,-0.59666026",0.0
"-0.16256578,-0.7861538,-0.7754085,-0.12995735,0.079451494,-0.61067027,-0.11000001,0.07824561,-0.59666026","-0.07705492,-0.012148321,-0.09653056","-0.16992398,-0.78782415,-0.7857788,-0.11764361,0.07626177,-0.600169,-0.11000001,0.07824561,-0.59666026",0.0
"0.0,0.0,0.0,2.8652207e-07,0.005789075,0.993462,-0.03385965,-0.0057894737,-0.6184311","-0.019353509,-0.9651336,-0.9591884","-0.0018481247,-0.1327009,-0.103046216,-0.41392535,0.008192447,0.87987924,-0.03385965,-0.0057894737,-0.6184311",0.0
"-0.0018481247,-0.1327009,-0.103046216,-0.41392535,0.008192447,0.87987924,-0.03385965,-0.0057894737,-0.6184311","0.2819004,-0.91000515,-0.9464872","0.025071315,-0.25782195,-0.20472792,-0.7148909,-0.050616905,0.58569777,-0.03385965,-0.0057894737,-0.6184311",0.0
"0.025071315,-0.25782195,-0.20472792,-0.7148909,-0.050616905,0.58569777,-0.03385965,-0.0057894737,-0.6184311","0.48995638,-0.93105507,-0.9223707","0.07185859,-0.38583726,-0.3038188,-0.8443621,-0.18798046,0.18338151,-0.03385965,-0.0057894737,-0.6184311",0.0
"0.07185859,-0.38583726,-0.3038188,-0.8443621,-0.18798046,0.18338151,-0.03385965,-0.0057894737,-0.6184311","0.099909306,-0.9766062,-0.9485479","0.0813992,-0.5201156,-0.40572187,-0.8057413,-0.20467526,-0.2435097,-0.03385965,-0.0057894737,-0.6184311",0.0
"0.0813992,-0.5201156,-0.40572187,-0.8057413,-0.20467526,-0.2435097,-0.03385965,-0.0057894737,-0.6184311","0.6041012,-0.9535383,-0.94152325","0.13908648,-0.6512223,-0.50687027,-0.58130354,-0.2651164,-0.56860405,-0.03385965,-0.0057894737,-0.6184311",0.0
"0.13908648,-0.6512223,-0.50687027,-0.58130354,-0.2651164,-0.56860405,-0.03385965,-0.0057894737,-0.6184311","0.5284865,-0.93315786,-0.9177304","0.18955311,-0.77952677,-0.60546255,-0.30647224,-0.20065722,-0.7312097,-0.03385965,-0.0057894737,-0.6184311",0.0
"0.18955311,-0.77952677,-0.60546255,-0.30647224,-0.20065722,-0.7312097,-0.03385965,-0.0057894737,-0.6184311","0.053112864,-0.80605257,-0.8945632","0.194625,-0.8903549,-0.701566,-0.0981803,-0.061759207,-0.72379166,-0.03385965,-0.0057894737,-0.6184311",0.0
"0.194625,-0.8903549,-0.701566,-0.0981803,-0.061759207,-0.72379166,-0.03385965,-0.0057894737,-0.6184311","-0.44189715,0.2628398,-0.67813456","0.15242705,-0.8542158,-0.7744183,-0.0791724,-0.034580342,-0.6316223,-0.03385965,-0.0057894737,-0.6184311",0.0
"0.15242705,-0.8542158,-0.7744183,-0.0791724,-0.034580342,-0.6316223,-0.03385965,-0.0057894737,-0.6184311","-0.27910542,-0.0725674,-0.13519263","0.1257745,-0.86419356,-0.78894204,-0.061301053,-0.019293819,-0.61546916,-0.03385965,-0.0057894737,-0.6184311",0.0
"0.1257745,-0.86419356,-0.78894204,-0.061301053,-0.019293819,-0.61546916,-0.03385965,-0.0057894737,-0.6184311","-0.10736239,-0.12040484,-0.013240218","0.115522176,-0.8807486,-0.7903644,-0.045801304,-0.011199944,-0.61587834,-0.03385965,-0.0057894737,-0.6184311",0.0
"0.0,0.0,0.0,2.8652207e-07,0.005789075,0.993462,-0.38590646,-0.05853801,-0.74957925","-0.1429748,-0.95767504,-0.9647319","-0.0136530595,-0.13167539,-0.10364175,-0.41203734,0.0234786,0.8804061,-0.38590646,-0.05853801,-0.74957925",0.0
"-0.0136530595,-0.13167539,-0.10364175,-0.41203734,0.0234786,0.8804061,-0.38590646,-0.05853801,-0.74957925","0.15864265,-0.96195537,-0.93088317","0.0014961589,-0.26393932,-0.20364709,-0.7243915,0.0023844095,0.5764785,-0.38590646,-0.05853801,-0.74957925",0.0
"0.0014961589,-0.26393932,-0.20364709,-0.7243915,0.0023844095,0.5764785,-0.38590646,-0.05853801,-0.74957925","0.4920864,-0.93293655,-0.95165926","0.04848684,-0.3922133,-0.30588445,-0.8591132,-0.1260301,0.16670495,-0.38590646,-0.05853801,-0.74957925",0.0
"0.04848684,-0.3922133,-0.30588445,-0.8591132,-0.1260301,0.16670495,-0.38590646,-0.05853801,-0.74957925","0.47207022,-0.91329324,-0.9516283","0.09356611,-0.5177865,-0.4081185,-0.7958156,-0.2348577,-0.24165717,-0.38590646,-0.05853801,-0.74957925",0.0
"0.09356611,-0.5177865,-0.4081185,-0.7958156,-0.2348577,-0.24165717,-0.38590646,-0.05853801,-0.74957925","0.25934172,-0.9150313,-0.9312487","0.118331365,-0.6435987,-0.50816303,-0.60191095,-0.22845727,-0.5572962,-0.38590646,-0.05853801,-0.74957925",0.0
"0.118331365,-0.6435987,-0.50816303,-0.60191095,-0.22845727,-0.5572962,-0.38590646,-0.05853801,-0.74957925","-0.4569925,-0.8642259,-0.77579194","0.0746919,-0.7624253,-0.5915068,-0.39583266,-0.088673286,-0.71969,-0.38590646,-0.05853801,-0.74957925",0.0
"0.0746919,-0.7624253,-0.5915068,-0.39583266,-0.088673286,-0.71969,-0.38590646,-0.05853801,-0.74957925","-0.25889623,-0.22725958,0.11712897","0.049969185,-0.7936724,-0.5789235,-0.38129008,-0.054490995,-0.7535526,-0.38590646,-0.05853801,-0.74957925",0.0
"0.0,0.0,0.0,2.8652207e-07,0.005789075,0.993462,-0.15438597,0.17625731,-0.35214671","-0.5551528,-0.97111815,-0.9333291","-0.053013068,-0.13352375,-0.100268126,-0.40564844,0.074061036,0.8814056,-0.15438597,0.17625731,-0.35214671",0.0
"-0.053013068,-0.13352375,-0.100268126,-0.40564844,0.074061036,0.8814056,-0.15438597,0.17625731,-0.35214671","-0.6097777,-0.9073138,-0.9520739","-0.11124241,-0.25827473,-0.20255001,-0.67072433,0.2505994,0.58798397,-0.15438597,0.17625731,-0.35214671",0.0
"-0.11124241,-0.25827473,-0.20255001,-0.67072433,0.2505994,0.58798397,-0.15438597,0.17625731,-0.35214671","-0.37770724,-0.7420678,-0.93948865","-0.14731072,-0.36030528,-0.30347985,-0.7568356,0.38407764,0.23728725,-0.15438597,0.17625731,-0.35214671",0.0
"-0.14731072,-0.36030528,-0.30347985,-0.7568356,0.38407764,0.23728725,-0.15438597,0.17625731,-0.35214671","-0.58949494,0.076101065,-0.9054465","-0.20360321,-0.3498418,-0.4007525,-0.65246326,0.49263805,0.10981604,-0.15438597,0.17625731,-0.35214671",0.0
"-0.20360321,-0.3498418,-0.4007525,-0.65246326,0.49263805,0.10981604,-0.15438597,0.17625731,-0.35214671","-0.4015712,0.076976895,-0.91943187","-0.24195035,-0.33925793,-0.49952766,-0.5437469,0.5249081,-0.009070805,-0.15438597,0.17625731,-0.35214671",0.0
"-0.24195035,-0.33925793,-0.49952766,-0.5437469,0.5249081,-0.009070805,-0.15438597,0.17625731,-0.35214671","-0.17307246,0.04898143,-0.93555987","-0.2584775,-0.33252326,-0.6000354,-0.4534731,0.48671082,-0.11727019,-0.15438597,0.17625731,-0.35214671",0.0
"-0.2584775,-0.33252326,-0.6000354,-0.4534731,0.48671082,-0.11727019,-0.15438597,0.17625731,-0.35214671","-0.07674253,-0.25715888,-0.91870195","-0.26580587,-0.36788133,-0.69873214,-0.3610986,0.40749407,-0.25162902,-0.15438597,0.17625731,-0.35214671",0.0
"-0.26580587,-0.36788133,-0.69873214,-0.3610986,0.40749407,-0.25162902,-0.15438597,0.17625731,-0.35214671","-0.08768952,-0.5086345,-0.8698351","-0.27417958,-0.437816,-0.792179,-0.2500085,0.30008814,-0.35778326,-0.15438597,0.17625731,-0.35214671",0.0
"-0.27417958,-0.437816,-0.792179,-0.2500085,0.30008814,-0.35778326,-0.15438597,0.17625731,-0.35214671","0.1224556,-0.124678135,-0.7928231","-0.26248595,-0.45495865,-0.8773525,-0.17602462,0.19893467,-0.34991404,-0.15438597,0.17625731,-0.35214671",0.0
"-0.26248595,-0.45495865,-0.8773525,-0.17602462,0.19893467,-0.34991404,-0.15438597,0.17625731,-0.35214671","-0.039017856,-0.045177042,-0.16465259","-0.26621187,-0.46117032,-0.89504117,-0.15617636,0.18159305,-0.34472644,-0.15438597,0.17625731,-0.35214671",0.0
"0.0,0.0,0.0,2.8652207e-07,0.005789075,0.993462,-0.64339185,0.3547953,-0.42556617","-0.7337425,-0.9824956,-0.9427302","-0.070067085,-0.1350881,-0.1012781,-0.40522915,0.096601434,0.87896776,-0.64339185,0.3547953,-0.42556617",0.0
"-0.070067085,-0.1350881,-0.1012781,-0.40522915,0.096601434,0.87896776,-0.64339185,0.3547953,-0.42556617","-0.65363014,-0.9480477,-0.9258465","-0.13248402,-0.26543978,-0.20074236,-0.6605101,0.2982991,0.57795084,-0.64339185,0.3547953,-0.42556617",0.0
"-0.13248402,-0.26543978,-0.20074236,-0.6605101,0.2982991,0.57795084,-0.64339185,0.3547953,-0.42556617","-0.32367492,-0.89659125,-0.89283067","-0.16339262,-0.3887165,-0.2966597,-0.75315624,0.43121335,0.18840043,-0.64339185,0.3547953,-0.42556617",0.0
"-0.16339262,-0.3887165,-0.2966597,-0.75315624,0.43121335,0.18840043,-0.64339185,0.3547953,-0.42556617","0.0448972,-0.8399619,-0.86549103","-0.15910526,-0.504207,-0.38963994,-0.7415776,0.41157284,-0.19104528,-0.64339185,0.3547953,-0.42556617",0.0
"-0.15910526,-0.504207,-0.38963994,-0.7415776,0.41157284,-0.19104528,-0.64339185,0.3547953,-0.42556617","-0.08302295,-0.6917496,-0.44467008","-0.16703334,-0.59931904,-0.4374111,-0.6588094,0.38806665,-0.43163955,-0.64339185,0.3547953,-0.42556617",0.0
"-0.16703334,-0.59931904,-0.4374111,-0.6588094,0.38806665,-0.43163955,-0.64339185,0.3547953,-0.42556617","0.09333229,0.05616319,-0.17274964","-0.15812078,-0.59159696,-0.45596966,-0.65472025,0.3615046,-0.4336306,-0.64339185,0.3547953,-0.42556617",0.0
"0.0,0.0,0.0,2.8652207e-07,0.005789075,0.993462,0.05187135,-0.22847952,-0.35214671","0.869159,-0.93751746,-0.8718309","0.082998365,-0.12890384,-0.09366134,-0.38355288,-0.09634888,0.8914094,0.05187135,-0.22847952,-0.35214671",0.0
"0.082998365,-0.12890384,-0.09366134,-0.38355288,-0.09634888,0.8914094,0.05187135,-0.22847952,-0.35214671","0.71554744,-0.5073668,-0.94678056","0.15132795,-0.19866416,-0.1953746,-0.5561495,-0.27979025,0.6951953,0.05187135,-0.22847952,-0.35214671",0.0
"0.15132795,-0.19866416,-0.1953746,-0.5561495,-0.27979025,0.6951953,0.05187135,-0.22847952,-0.35214671","0.85029364,-0.5701661,-0.9307413","0.23252483,-0.2770591,-0.2953647,-0.5817568,-0.51337576,0.41539416,0.05187135,-0.22847952,-0.35214671",0.0
"0.23252483,-0.2770591,-0.2953647,-0.5817568,-0.51337576,0.41539416,0.05187135,-0.22847952,-0.35214671","0.85666907,-0.7535846,-0.89640903","0.31433052,-0.38067314,-0.39166647,-0.4641402,-0.6928499,0.06110493,0.05187135,-0.22847952,-0.35214671",0.0
"0.31433052,-0.38067314,-0.39166647,-0.4641402,-0.6928499,0.06110493,0.05187135,-0.22847952,-0.35214671","0.73444414,-0.71902764,-0.9343582","0.3844646,-0.47953576,-0.49204513,-0.2744978,-0.70645785,-0.26109296,0.05187135,-0.22847952,-0.35214671",0.0
"0.3844646,-0.47953576,-0.49204513,-0.2744978,-0.70645785,-0.26109296,0.05187135,-0.22847952,-0.35214671","0.8661547,-0.6798848,-0.9586831","0.4671761,-0.57301646,-0.59503704,-0.065750435,-0.57912886,-0.48820475,0.05187135,-0.22847952,-0.35214671",0.0
"0.4671761,-0.57301646,-0.59503704,-0.065750435,-0.57912886,-0.48820475,0.05187135,-0.22847952,-0.35214671","0.49411047,-0.39926428,-0.9837479","0.5143601,-0.6279133,-0.7007216,0.011903114,-0.39201072,-0.5572224,0.05187135,-0.22847952,-0.35214671",0.0
"0.5143601,-0.6279133,-0.7007216,0.011903114,-0.39201072,-0.5572224,0.05187135,-0.22847952,-0.35214671","0.07815039,0.51834416,-0.9598067","0.52182287,-0.55664366,-0.80383426,0.015253189,-0.30662945,-0.45630425,0.05187135,-0.22847952,-0.35214671",0.0
"0.52182287,-0.55664366,-0.80383426,0.015253189,-0.30662945,-0.45630425,0.05187135,-0.22847952,-0.35214671","0.10607946,0.4594903,-0.80718815","0.53195274,-0.4934662,-0.890551,0.017317086,-0.22969288,-0.36592188,0.05187135,-0.22847952,-0.35214671",0.0
"0.53195274,-0.4934662,-0.890551,0.017317086,-0.22969288,-0.36592188,0.05187135,-0.22847952,-0.35214671","0.27384448,0.040940285,-0.0768379","0.55810285,-0.48783714,-0.8988057,0.03468941,-0.21981552,-0.35747322,0.05187135,-0.22847952,-0.35214671",0.0
"0.55810285,-0.48783714,-0.8988057,0.03468941,-0.21981552,-0.35747322,0.05187135,-0.22847952,-0.35214671","0.16704965,-0.027739465,0.057645917","0.5740549,-0.49165127,-0.89261276,0.047054514,-0.22369894,-0.3635856,0.05187135,-0.22847952,-0.35214671",0.0
"0.0,0.0,0.0,2.8652207e-07,0.005789075,0.993462,-0.01508772,0.25204676,-0.69426954","0.8681942,0.96577287,0.9478283","0.08290625,0.1327888,0.10182579,0.39729756,0.11187589,0.8808276,-0.01508772,0.25204676,-0.69426954",0.0
"0.08290625,0.1327888,0.10182579,0.39729756,0.11187589,0.8808276,-0.01508772,0.25204676,-0.69426954","0.9267808,0.9356744,0.93655956","0.1714071,0.26143923,0.20244096,0.61536723,0.37435293,0.58259434,-0.01508772,0.25204676,-0.69426954",0.0
"0.1714071,0.26143923,0.20244096,0.61536723,0.37435293,0.58259434,-0.01508772,0.25204676,-0.69426954","0.8587537,0.88806915,0.932379","0.25341186,0.38354418,0.302607,0.6001106,0.62139386,0.19009566,-0.01508772,0.25204676,-0.69426954",0.0
"0.25341186,0.38354418,0.302607,0.6001106,0.62139386,0.19009566,-0.01508772,0.25204676,-0.69426954","0.8559618,0.914014,0.9624611","0.33515,0.5092164,0.40600482,0.4075915,0.7270657,-0.22171982,-0.01508772,0.25204676,-0.69426954",0.0
"0.33515,0.5092164,0.40600482,0.4075915,0.7270657,-0.22171982,-0.01508772,0.25204676,-0.69426954","0.7191845,0.9013059,0.96532726","0.4038269,0.6331414,0.5097105,0.18804707,0.62279826,-0.54156536,-0.01508772,0.25204676,-0.69426954",0.0
"0.4038269,0.6331414,0.5097105,0.18804707,0.62279826,-0.54156536,-0.01508772,0.25204676,-0.69426954","0.6520426,0.7461909,0.9639821","0.46609223,0.7357389,0.61327165,0.0374278,0.4044884,-0.68734443,-0.01508772,0.25204676,-0.69426954",0.0
"0.46609223,0.7357389,0.61327165,0.0374278,0.4044884,-0.68734443,-0.01508772,0.25204676,-0.69426954","0.22808814,0.3383665,0.60557663","0.48787302,0.78226256,0.67832905,0.0044159526,0.26788187,-0.69388676,-0.01508772,0.25204676,-0.69426954",0.0
"0.48787302,0.78226256,0.67832905,0.0044159526,0.26788187,-0.69388676,-0.01508772,0.25204676,-0.69426954","0.14606547,0.021569967,0.05768287","0.5018212,0.78522843,0.6845259,-0.0072598783,0.2567831,-0.6913925,-0.01508772,0.25204676,-0.69426954",0.0
"0.0,0.0,0.0,2.8652207e-07,0.005789075,0.993462,-0.2266082,-0.031929825,-0.54978424","0.12619197,-0.89733875,-0.96661264","0.012050413,-0.12337947,-0.1038438,-0.3966082,-0.009228387,0.88842535,-0.2266082,-0.031929825,-0.54978424",0.0
"0.012050413,-0.12337947,-0.1038438,-0.3966082,-0.009228387,0.88842535,-0.2266082,-0.031929825,-0.54978424","0.47998095,-0.87543195,-0.95514333","0.057885107,-0.24374688,-0.20645547,-0.68761003,-0.12055351,0.607557,-0.2266082,-0.031929825,-0.54978424",0.0
"0.057885107,-0.24374688,-0.20645547,-0.68761003,-0.12055351,0.607557,-0.2266082,-0.031929825,-0.54978424","0.45303428,-0.8655019,-0.9492146","0.10114659,-0.36274898,-0.30843017,-0.80912054,-0.26003152,0.224518,-0.2266082,-0.031929825,-0.54978424",0.0
"0.10114659,-0.36274898,-0.30843017,-0.80912054,-0.26003152,0.224518,-0.2266082,-0.031929825,-0.54978424","0.21469223,-0.87387896,-0.9519031","0.12164815,-0.48290285,-0.4106937,-0.7756502,-0.30551767,-0.17402226,-0.2266082,-0.031929825,-0.54978424",0.0
"0.12164815,-0.48290285,-0.4106937,-0.7756502,-0.30551767,-0.17402226,-0.2266082,-0.031929825,-0.54978424","-0.08729899,-0.93684953,-0.965079","0.11331173,-0.6117149,-0.5143727,-0.6220332,-0.22510763,-0.50979286,-0.2266082,-0.031929825,-0.54978424",0.0
"0.11331173,-0.6117149,-0.5143727,-0.6220332,-0.22510763,-0.50979286,-0.2266082,-0.031929825,-0.54978424","-0.100069225,-0.75895905,-0.9755519","0.10375584,-0.7160679,-0.6191768,-0.39925623,-0.12884371,-0.66603523,-0.2266082,-0.031929825,-0.54978424",0.0
"0.10375584,-0.7160679,-0.6191768,-0.39925623,-0.12884371,-0.66603523,-0.2266082,-0.031929825,-0.54978424","-0.14673162,-0.10985118,-0.9360991","0.08974404,-0.73117197,-0.7197424,-0.26133803,-0.06967045,-0.6314946,-0.2266082,-0.031929825,-0.54978424",0.0
"0.08974404,-0.73117197,-0.7197424,-0.26133803,-0.06967045,-0.6314946,-0.2266082,-0.031929825,-0.54978424","-0.25276762,0.39875126,-0.54529285","0.065606564,-0.67634577,-0.7783236,-0.24479888,-0.045267526,-0.55401963,-0.2266082,-0.031929825,-0.54978424",0.0
"0.065606564,-0.67634577,-0.7783236,-0.24479888,-0.045267526,-0.55401963,-0.2266082,-0.031929825,-0.54978424","-0.15846437,-0.034317136,-0.096200585","0.050474368,-0.68106425,-0.78865844,-0.23041837,-0.030983731,-0.5486739,-0.2266082,-0.031929825,-0.54978424",0.0
"0.0,0.0,0.0,2.8652207e-07,0.005789075,0.993462,0.011578948,0.022163741,-0.46819258","0.81451,0.97021055,0.9564061","0.0777798,0.13339897,0.102747306,0.40124807,0.1060117,0.87942797,0.011578948,0.022163741,-0.46819258",0.0
"0.0777798,0.13339897,0.102747306,0.40124807,0.1060117,0.87942797,0.011578948,0.022163741,-0.46819258","0.8864701,0.9122566,0.9593531","0.16243125,0.25882956,0.2058112,0.62428796,0.35607633,0.5823995,0.011578948,0.022163741,-0.46819258",0.0
"0.16243125,0.25882956,0.2058112,0.62428796,0.35607633,0.5823995,0.011578948,0.022163741,-0.46819258","0.3097868,0.8893409,0.95477223","0.19201364,0.3811094,0.30838296,0.7061294,0.49347472,0.1862645,0.011578948,0.022163741,-0.46819258",0.0
"0.19201364,0.3811094,0.30838296,0.7061294,0.49347472,0.1862645,0.011578948,0.022163741,-0.46819258","0.6180178,0.9222144,0.96187234","0.25102985,0.5079092,0.4117175,0.58000845,0.5919898,-0.22599998,0.011578948,0.022163741,-0.46819258",0.0
"0.25102985,0.5079092,0.4117175,0.58000845,0.5919898,-0.22599998,0.011578948,0.022163741,-0.46819258","0.40076303,0.88185024,0.96552944","0.28929982,0.6291591,0.5154449,0.3926491,0.5133288,-0.53819346,0.011578948,0.022163741,-0.46819258",0.0
"0.28929982,0.6291591,0.5154449,0.3926491,0.5133288,-0.53819346,0.011578948,0.022163741,-0.46819258","-0.10132986,0.83376956,0.93960106","0.27962354,0.74379814,0.6163867,0.24633981,0.30612862,-0.6942834,0.011578948,0.022163741,-0.46819258",0.0
"0.27962354,0.74379814,0.6163867,0.24633981,0.30612862,-0.6942834,0.011578948,0.022163741,-0.46819258","0.170187,0.5092455,0.9411285","0.29587516,0.81381685,0.71749264,0.10672148,0.15263522,-0.6794849,0.011578948,0.022163741,-0.46819258",0.0
"0.29587516,0.81381685,0.71749264,0.10672148,0.15263522,-0.6794849,0.011578948,0.022163741,-0.46819258","0.21396828,-0.0013585687,0.95587754","0.31630757,0.8136301,0.82018304,0.041435912,0.07426039,-0.5669803,0.011578948,0.022163741,-0.46819258",0.0
"0.31630757,0.8136301,0.82018304,0.041435912,0.07426039,-0.5669803,0.011578948,0.022163741,-0.46819258","0.15564406,-0.14161468,0.7171402","0.33117047,0.7941589,0.89722574,0.01667439,0.039877724,-0.46225816,0.011578948,0.022163741,-0.46819258",0.0
"0.33117047,0.7941589,0.89722574,0.01667439,0.039877724,-0.46225816,0.011578948,0.022163741,-0.46819258","-0.095312834,0.10798848,-0.012151659","0.32206878,0.80900675,0.8959202,0.012920536,0.03157181,-0.46546915,0.011578948,0.022163741,-0.46819258",0.0
"0.0,0.0,0.0,2.8652207e-07,0.005789075,0.993462,-0.25362575,0.37760234,-0.5093807","-0.7205572,-0.9556888,-0.9253188","-0.06880799,-0.13140228,-0.09940758,-0.3964388,0.09298417,0.88424844,-0.25362575,0.37760234,-0.5093807",0.0
"-0.06880799,-0.13140228,-0.09940758,-0.3964388,0.09298417,0.88424844,-0.25362575,0.37760234,-0.5093807","-0.64890003,-0.9261251,-0.9322891","-0.13077323,-0.25873974,-0.19956397,-0.6530379,0.29079533,0.5913787,-0.25362575,0.37760234,-0.5093807",0.0
"-0.13077323,-0.25873974,-0.19956397,-0.6530379,0.29079533,0.5913787,-0.25362575,0.37760234,-0.5093807","-0.5995041,-0.86780345,-0.9297414","-0.18802154,-0.37805828,-0.29944667,-0.7118049,0.48427323,0.2065447,-0.25362575,0.37760234,-0.5093807",0.0
"-0.18802154,-0.37805828,-0.29944667,-0.7118049,0.48427323,0.2065447,-0.25362575,0.37760234,-0.5093807","-0.3474121,-0.8905209,-0.92495906","-0.22119686,-0.5005004,-0.39881557,-0.64238733,0.5430492,-0.19501337,-0.25362575,0.37760234,-0.5093807",0.0
"-0.22119686,-0.5005004,-0.39881557,-0.64238733,0.5430492,-0.19501337,-0.25362575,0.37760234,-0.5093807","-0.30567187,-0.8787079,-0.91456044","-0.25038633,-0.6213182,-0.49706736,-0.47367105,0.48302135,-0.51534027,-0.25362575,0.37760234,-0.5093807",0.0
"-0.25038633,-0.6213182,-0.49706736,-0.47367105,0.48302135,-0.51534027,-0.25362575,0.37760234,-0.5093807","-0.53301185,-0.5262174,-0.8755653","-0.3012851,-0.69367045,-0.59112984,-0.2770458,0.39448327,-0.64517564,-0.25362575,0.37760234,-0.5093807",0.0
"-0.3012851,-0.69367045,-0.59112984,-0.2770458,0.39448327,-0.64517564,-0.25362575,0.37760234,-0.5093807","-0.0031279325,0.67299974,-0.7639794","-0.30158377,-0.6011365,-0.67320454,-0.25955346,0.37092772,-0.5346638,-0.25362575,0.37760234,-0.5093807",0.0
"-0.30158377,-0.6011365,-0.67320454,-0.25955346,0.37092772,-0.5346638,-0.25362575,0.37760234,-0.5093807","-0.040471494,0.16035962,-0.1431809","-0.3054485,-0.579088,-0.68858653,-0.25269595,0.37071943,-0.5092849,-0.25362575,0.37760234,-0.5093807",0.0
"0.0,0.0,0.0,2.8652207e-07,0.005789075,0.993462,-0.25064328,0.2808187,-0.391635","-0.692065,-0.9430126,-0.9304985","-0.066087194,-0.12965938,-0.09996403,-0.39452392,0.0890246,0.8855099,-0.25064328,0.2808187,-0.391635",0.0
"-0.066087194,-0.12965938,-0.09996403,-0.39452392,0.0890246,0.8855099,-0.25064328,0.2808187,-0.391635","-0.37063384,-0.9007817,-0.9378485","-0.10148003,-0.25351226,-0.20071769,-0.6707594,0.22749329,0.5988325,-0.25064328,0.2808187,-0.391635",0.0
"-0.10148003,-0.25351226,-0.20071769,-0.6707594,0.22749329,0.5988325,-0.25064328,0.2808187,-0.391635","-0.4605866,-0.8458078,-0.93809956","-0.1454627,-0.3698065,-0.3014983,-0.76500034,0.38260195,0.22062577,-0.25064328,0.2808187,-0.391635",0.0
"-0.1454627,-0.3698065,-0.3014983,-0.76500034,0.38260195,0.22062577,-0.25064328,0.2808187,-0.391635","-0.43825585,-0.62585133,-0.90645444","-0.18731296,-0.45585787,-0.3988793,-0.6986704,0.4732043,-0.10328082,-0.25064328,0.2808187,-0.391635",0.0
"-0.18731296,-0.45585787,-0.3988793,-0.6986704,0.4732043,-0.10328082,-0.25064328,0.2808187,-0.391635","-0.3642543,-0.2929982,-0.9012827","-0.2220966,-0.49614367,-0.49570462,-0.57006943,0.48551843,-0.29528657,-0.25064328,0.2808187,-0.391635",0.0
"-0.2220966,-0.49614367,-0.49570462,-0.57006943,0.48551843,-0.29528657,-0.25064328,0.2808187,-0.391635","-0.06791341,-0.23050869,-0.8992872","-0.22858185,-0.52783746,-0.59231555,-0.46020165,0.40978175,-0.4208973,-0.25064328,0.2808187,-0.391635",0.0
"-0.22858185,-0.52783746,-0.59231555,-0.46020165,0.40978175,-0.4208973,-0.25064328,0.2808187,-0.391635","-0.19377124,-0.0680393,-0.9066596","-0.2470856,-0.5371925,-0.68971854,-0.33638886,0.33839923,-0.4619485,-0.25064328,0.2808187,-0.391635",0.0
"-0.2470856,-0.5371925,-0.68971854,-0.33638886,0.33839923,-0.4619485,-0.25064328,0.2808187,-0.391635","-0.11470467,0.26963258,-0.80720073","-0.25803906,-0.5001195,-0.7764366,-0.25737962,0.27912334,-0.41816515,-0.25064328,0.2808187,-0.391635",0.0
"-0.25803906,-0.5001195,-0.7764366,-0.25737962,0.27912334,-0.41816515,-0.25064328,0.2808187,-0.391635","-0.014127731,0.16086984,-0.19573867","-0.25938815,-0.4780008,-0.79746497,-0.24473856,0.26805922,-0.39409983,-0.25064328,0.2808187,-0.391635",0.0
"0.0,0.0,0.0,2.8652207e-07,0.005789075,0.993462,-0.04777778,-0.5064327,-0.6336642","0.86707175,-0.92289704,-0.9584842","0.08279905,-0.1268936,-0.10297056,-0.39048117,-0.0979366,0.8857263,-0.04777778,-0.5064327,-0.6336642",0.0
"0.08279905,-0.1268936,-0.10297056,-0.39048117,-0.0979366,0.8857263,-0.04777778,-0.5064327,-0.6336642","0.9337301,-0.8741915,-0.9467208","0.1719635,-0.24709047,-0.20467737,-0.60473907,-0.35594544,0.60433406,-0.04777778,-0.5064327,-0.6336642",0.0
"0.1719635,-0.24709047,-0.20467737,-0.60473907,-0.35594544,0.60433406,-0.04777778,-0.5064327,-0.6336642","0.93693995,-0.860052,-0.92616385","0.26143447,-0.3653432,-0.30417573,-0.5847095,-0.6198067,0.22575314,-0.04777778,-0.5064327,-0.6336642",0.0
"0.26143447,-0.3653432,-0.30417573,-0.5847095,-0.6198067,0.22575314,-0.04777778,-0.5064327,-0.6336642","0.9123657,-0.79066813,-0.91074413","0.34855875,-0.47405604,-0.40201753,-0.39046153,-0.74518645,-0.14483286,-0.04777778,-0.5064327,-0.6336642",0.0
"0.34855875,-0.47405604,-0.40201753,-0.39046153,-0.74518645,-0.14483286,-0.04777778,-0.5064327,-0.6336642","0.85681295,-0.8488152,-0.8936994","0.43037817,-0.5907638,-0.49802816,-0.1569885,-0.6795947,-0.46474552,-0.04777778,-0.5064327,-0.6336642",0.0
"0.43037817,-0.5907638,-0.49802816,-0.1569885,-0.6795947,-0.46474552,-0.04777778,-0.5064327,-0.6336642","0.2849691,-0.61259437,-0.75951475","0.45759064,-0.6749924,-0.5796232,-0.074398704,-0.51153374,-0.6221695,-0.04777778,-0.5064327,-0.6336642",0.0
"0.45759064,-0.6749924,-0.5796232,-0.074398704,-0.51153374,-0.6221695,-0.04777778,-0.5064327,-0.6336642","0.10427773,-0.09068149,0.045818806","0.46754843,-0.68746066,-0.57470083,-0.057793967,-0.5080504,-0.6374717,-0.04777778,-0.5064327,-0.6336642",0.0
"0.0,0.0,0.0,2.8652207e-07,0.005789075,0.993462,-0.06865498,-0.030584794,-0.29193363","0.43824363,-0.96046776,-0.95105404","0.041849084,-0.13205938,-0.10217233,-0.4088977,-0.048231274,0.8812676,-0.06865498,-0.030584794,-0.29193363",0.0
"0.041849084,-0.13205938,-0.10217233,-0.4088977,-0.048231274,0.8812676,-0.06865498,-0.030584794,-0.29193363","0.33675218,-0.6639544,-0.9470783","0.07400647,-0.2233497,-0.20391755,-0.6501723,-0.14799869,0.6450156,-0.06865498,-0.030584794,-0.29193363",0.0
"0.07400647,-0.2233497,-0.20391755,-0.6501723,-0.14799869,0.6450156,-0.06865498,-0.030584794,-0.29193363","0.7367362,-0.51565605,-0.94906324","0.14435942,-0.29424977,-0.30587605,-0.71673495,-0.3428986,0.3661504,-0.06865498,-0.030584794,-0.29193363",0.0
"0.14435942,-0.29424977,-0.30587605,-0.71673495,-0.3428986,0.3661504,-0.06865498,-0.030584794,-0.29193363","0.617628,-0.6561142,-0.91718495","0.20333841,-0.38446212,-0.40440977,-0.6686816,-0.48941356,0.034916837,-0.06865498,-0.030584794,-0.29193363",0.0
"0.20333841,-0.38446212,-0.40440977,-0.6686816,-0.48941356,0.034916837,-0.06865498,-0.030584794,-0.29193363","0.13011372,-0.75711286,-0.9375089","0.21576333,-0.4885613,-0.5051269,-0.5808622,-0.46021846,-0.29064077,-0.06865498,-0.030584794,-0.29193363",0.0
"0.21576333,-0.4885613,-0.5051269,-0.5808622,-0.46021846,-0.29064077,-0.06865498,-0.030584794,-0.29193363","-0.07566023,-0.62725794,-0.95748335","0.20853834,-0.57480603,-0.6079899,-0.45061985,-0.338934,-0.49491507,-0.06865498,-0.030584794,-0.29193363",0.0
"0.20853834,-0.57480603,-0.6079899,-0.45061985,-0.338934,-0.49491507,-0.06865498,-0.030584794,-0.29193363","0.1867063,-0.5355656,-0.97343755","0.22636744,-0.64844364,-0.71256685,-0.27509513,-0.22936378,-0.57190144,-0.06865498,-0.030584794,-0.29193363",0.0
"0.22636744,-0.64844364,-0.71256685,-0.27509513,-0.22936378,-0.57190144,-0.06865498,-0.030584794,-0.29193363","0.088023424,-0.24246943,-0.9761176","0.23477302,-0.68178195,-0.8174318,-0.15073788,-0.12914245,-0.5241548,-0.06865498,-0.030584794,-0.29193363",0.0
"0.23477302,-0.68178195,-0.8174318,-0.15073788,-0.12914245,-0.5241548,-0.06865498,-0.030584794,-0.29193363","-0.14979249,0.31297874,-0.92282784","0.22046894,-0.63874906,-0.9165718,-0.098908596,-0.07454728,-0.40539038,-0.06865498,-0.030584794,-0.29193363",0.0
"0.22046894,-0.63874906,-0.9165718,-0.098908596,-0.07454728,-0.40539038,-0.06865498,-0.030584794,-0.29193363","-0.42447394,0.37515044,-0.6931283","0.17993477,-0.58716786,-0.991035,-0.07043059,-0.03782055,-0.30456153,-0.06865498,-0.030584794,-0.29193363",0.0
"0.0,0.0,0.0,2.8652207e-07,0.005789075,0.993462,-0.04649123,0.059064325,-0.29193363","-0.9309321,-0.9842666,-0.9538085","-0.088897265,-0.1353316,-0.10246825,-0.40060064,0.120904565,0.8777027,-0.04649123,0.059064325,-0.29193363",0.0
"-0.088897265,-0.1353316,-0.10246825,-0.40060064,0.120904565,0.8777027,-0.04649123,0.059064325,-0.29193363","-0.54416656,-0.94316113,-0.9528593","-0.14086123,-0.26501143,-0.20483452,-0.6540407,0.31633937,0.5728918,-0.04649123,0.059064325,-0.29193363",0.0
"-0.14086123,-0.26501143,-0.20483452,-0.6540407,0.31633937,0.5728918,-0.04649123,0.059064325,-0.29193363","0.8097236,-0.7704248,-0.96944475","-0.06353849,-0.3709409,-0.30898255,-0.8369928,0.17523551,0.2066241,-0.04649123,0.059064325,-0.29193363",0.0
"-0.06353849,-0.3709409,-0.30898255,-0.8369928,0.17523551,0.2066241,-0.04649123,0.059064325,-0.29193363","-0.22988993,-0.6044564,-0.9461398","-0.085491315,-0.4540506,-0.41062692,-0.803706,0.22720805,-0.11519193,-0.04649123,0.059064325,-0.29193363",0.0
"-0.085491315,-0.4540506,-0.41062692,-0.803706,0.22720805,-0.11519193,-0.04649123,0.059064325,-0.29193363","0.15429282,-0.51620334,-0.94279724","-0.07075747,-0.5250259,-0.5119122,-0.6995381,0.1640497,-0.3617095,-0.04649123,0.059064325,-0.29193363",0.0
"-0.07075747,-0.5250259,-0.5119122,-0.6995381,0.1640497,-0.3617095,-0.04649123,0.059064325,-0.29193363","-0.1753354,-0.4153859,-0.95634496","-0.08750072,-0.58213943,-0.61465293,-0.52699137,0.15464367,-0.5066534,-0.04649123,0.059064325,-0.29193363",0.0
"-0.08750072,-0.58213943,-0.61465293,-0.52699137,0.15464367,-0.5066534,-0.04649123,0.059064325,-0.29193363","-0.4676882,-0.611742,-0.9571309","-0.13216156,-0.6662508,-0.71747804,-0.30470228,0.14064783,-0.5847809,-0.04649123,0.059064325,-0.29193363",0.0
"-0.13216156,-0.6662508,-0.71747804,-0.30470228,0.14064783,-0.5847809,-0.04649123,0.059064325,-0.29193363","-0.56427616,-0.25084066,-0.974284","-0.18604584,-0.70074016,-0.822146,-0.1453258,0.1030885,-0.52837265,-0.04649123,0.059064325,-0.29193363",0.0
"-0.18604584,-0.70074016,-0.822146,-0.1453258,0.1030885,-0.52837265,-0.04649123,0.059064325,-0.29193363","-0.603194,0.44088483,-0.9443573","-0.24364649,-0.6401208,-0.9235988,-0.079841666,0.08474557,-0.39775035,-0.04649123,0.059064325,-0.29193363",0.0
"-0.24364649,-0.6401208,-0.9235988,-0.079841666,0.08474557,-0.39775035,-0.04649123,0.059064325,-0.29193363","-0.19004631,0.32979143,-0.7946346","-0.26179454,-0.5947763,-1.0,-0.043067187,0.054892093,-0.29474702,-0.04649123,0.059064325,-0.29193363",0.0
"0.0,0.0,0.0,2.8652207e-07,0.005789075,0.993462,0.059181288,-0.101169586,-0.44393736","-0.75529784,0.93771195,0.9613849","-0.07212546,0.12893058,0.10328218,0.39778712,-0.08576806,0.8834538,0.059181288,-0.101169586,-0.44393736",0.0
"-0.07212546,0.12893058,0.10328218,0.39778712,-0.08576806,0.8834538,0.059181288,-0.101169586,-0.44393736","-0.7029838,0.9519074,0.9495046","-0.1392553,0.25981295,0.20528804,0.6543824,-0.29967055,0.58141637,0.059181288,-0.101169586,-0.44393736",0.0
"-0.1392553,0.25981295,0.20528804,0.6543824,-0.29967055,0.58141637,0.059181288,-0.101169586,-0.44393736","-0.46355522,0.8520653,0.929652","-0.18352146,0.37696758,0.30516115,0.7236708,-0.46366096,0.19995469,0.059181288,-0.101169586,-0.44393736",0.0
"-0.18352146,0.37696758,0.30516115,0.7236708,-0.46366096,0.19995469,0.059181288,-0.101169586,-0.44393736","-0.3142956,0.90239286,0.92920446","-0.2135344,0.50104195,0.40498617,0.6583509,-0.51509,-0.20382324,0.059181288,-0.101169586,-0.44393736",0.0
"-0.2135344,0.50104195,0.40498617,0.6583509,-0.51509,-0.20382324,0.059181288,-0.101169586,-0.44393736","-0.7034591,0.86866903,0.9370116","-0.28070965,0.6204795,0.50564986,0.4278776,-0.5104638,-0.51902103,0.059181288,-0.101169586,-0.44393736",0.0
"-0.28070965,0.6204795,0.50564986,0.4278776,-0.5104638,-0.51902103,0.059181288,-0.101169586,-0.44393736","-0.70678866,0.8081753,0.95394826","-0.34820282,0.7315995,0.6081331,0.19693781,-0.36856565,-0.68449855,0.059181288,-0.101169586,-0.44393736",0.0
"-0.34820282,0.7315995,0.6081331,0.19693781,-0.36856565,-0.68449855,0.059181288,-0.101169586,-0.44393736","-0.032715023,-0.027145743,0.97709465","-0.35132688,0.7278672,0.7131029,0.13217585,-0.24924874,-0.63378334,0.059181288,-0.101169586,-0.44393736",0.0
"-0.35132688,0.7278672,0.7131029,0.13217585,-0.24924874,-0.63378334,0.059181288,-0.101169586,-0.44393736","0.060242295,-0.15015167,0.9591851","-0.34557417,0.70722216,0.81614876,0.08875194,-0.15594266,-0.5370987,0.059181288,-0.101169586,-0.44393736",0.0
"-0.34557417,0.70722216,0.81614876,0.08875194,-0.15594266,-0.5370987,0.059181288,-0.101169586,-0.44393736","-0.03044957,-0.15828937,0.7127497","-0.3484819,0.6854583,0.8927199,0.059277263,-0.10234532,-0.44666755,0.059181288,-0.101169586,-0.44393736",0.0
"0.0,0.0,0.0,2.8652207e-07,0.005789075,0.993462,0.18128656,-0.14842105,-0.35214671","-0.7023848,0.9349172,0.9318793","-0.067072645,0.12854631,0.10011238,0.39470723,-0.07850395,0.88648194,0.18128656,-0.14842105,-0.35214671",0.0
"-0.067072645,0.12854631,0.10011238,0.39470723,-0.07850395,0.88648194,0.18128656,-0.14842105,-0.35214671","-0.5088692,0.88235176,0.96990776","-0.11566596,0.24986516,0.2043102,0.66136575,-0.24529855,0.600086,0.18128656,-0.14842105,-0.35214671",0.0
"-0.11566596,0.24986516,0.2043102,0.66136575,-0.24529855,0.600086,0.18128656,-0.14842105,-0.35214671","-0.3514601,0.87696433,0.9660833","-0.14922784,0.37044325,0.3080971,0.7653005,-0.38111565,0.20903692,0.18128656,-0.14842105,-0.35214671",0.0
"-0.14922784,0.37044325,0.3080971,0.7653005,-0.38111565,0.20903692,0.18128656,-0.14842105,-0.35214671","-0.54091996,0.70008576,0.9541125","-0.20088176,0.4667015,0.41059798,0.67754817,-0.48797157,-0.1409256,0.18128656,-0.14842105,-0.35214671",0.0
"-0.20088176,0.4667015,0.41059798,0.67754817,-0.48797157,-0.1409256,0.18128656,-0.14842105,-0.35214671","-0.50829524,0.7248461,0.9573431","-0.24942029,0.56636417,0.5134459,0.4957313,-0.48575762,-0.43416372,0.18128656,-0.14842105,-0.35214671",0.0
"-0.24942029,0.56636417,0.5134459,0.4957313,-0.48575762,-0.43416372,0.18128656,-0.14842105,-0.35214671","-0.15455711,0.2675097,0.9690592","-0.26417935,0.6031454,0.61755246,0.36106628,-0.3861805,-0.53485054,0.18128656,-0.14842105,-0.35214671",0.0
"-0.26417935,0.6031454,0.61755246,0.36106628,-0.3861805,-0.53485054,0.18128656,-0.14842105,-0.35214671","0.049632072,-0.1566469,0.9664328","-0.25943986,0.58160734,0.72137696,0.27931735,-0.28795502,-0.5071278,0.18128656,-0.14842105,-0.35214671",0.0
"-0.25943986,0.58160734,0.72137696,0.27931735,-0.28795502,-0.5071278,0.18128656,-0.14842105,-0.35214671","0.116387844,-0.26549459,0.938015","-0.24832568,0.54510325,0.82214844,0.21034405,-0.19999847,-0.43861866,0.18128656,-0.14842105,-0.35214671",0.0
"-0.24832568,0.54510325,0.82214844,0.21034405,-0.19999847,-0.43861866,0.18128656,-0.14842105,-0.35214671","0.14057481,-0.42326897,0.68383","-0.2349018,0.486906,0.8956127,0.1718049,-0.14840858,-0.3590283,0.18128656,-0.14842105,-0.35214671",0.0
"0.0,0.0,0.0,2.8652207e-07,0.005789075,0.993462,-0.061754387,0.22035088,-0.54978424","0.8415513,0.93623924,0.91902554","0.08036205,0.12872809,0.098731495,0.38695636,0.10580171,0.88744545,-0.061754387,0.22035088,-0.54978424",0.0
"0.08036205,0.12872809,0.098731495,0.38695636,0.10580171,0.88744545,-0.061754387,0.22035088,-0.54978424","0.9214628,0.8457202,0.92566085","0.16835506,0.24501027,0.19817583,0.59677994,0.3554906,0.61691767,-0.061754387,0.22035088,-0.54978424",0.0
"0.16835506,0.24501027,0.19817583,0.59677994,0.3554906,0.61691767,-0.061754387,0.22035088,-0.54978424","0.78377354,0.7599094,0.92872846","0.24319974,0.34949392,0.2979497,0.6033878,0.5861616,0.26819572,-0.061754387,0.22035088,-0.54978424",0.0
"0.24319974,0.34949392,0.2979497,0.6033878,0.5861616,0.26819572,-0.061754387,0.22035088,-0.54978424","0.86918557,0.7740272,0.96001697","0.32620063,0.45591873,0.4010849,0.43240523,0.72278494,-0.10635781,-0.061754387,0.22035088,-0.54978424",0.0
"0.32620063,0.45591873,0.4010849,0.43240523,0.72278494,-0.10635781,-0.061754387,0.22035088,-0.54978424","0.7962488,0.7400377,0.95649886","0.40223664,0.5576702,0.5038421,0.20943645,0.6794869,-0.4121443,-0.061754387,0.22035088,-0.54978424",0.0
"0.40223664,0.5576702,0.5038421,0.20943645,0.6794869,-0.4121443,-0.061754387,0.22035088,-0.54978424","0.7865226,0.8487314,0.9707601","0.47734386,0.6743664,0.6081314,0.028196398,0.47691014,-0.62190473,-0.061754387,0.22035088,-0.54978424",0.0
"0.47734386,0.6743664,0.6081314,0.028196398,0.47691014,-0.62190473,-0.061754387,0.22035088,-0.54978424","0.6848862,0.43664634,0.97057414","0.54274553,0.73440313,0.7124008,-0.042736605,0.27307788,-0.63870543,-0.061754387,0.22035088,-0.54978424",0.0
"0.54274553,0.73440313,0.7124008,-0.042736605,0.27307788,-0.63870543,-0.061754387,0.22035088,-0.54978424","0.28692126,-0.4039477,0.6508485","0.5701444,0.67886245,0.7823218,-0.05852394,0.23477276,-0.55244756,-0.061754387,0.22035088,-0.54978424",0.0
"0.0,0.0,0.0,2.8652207e-07,0.005789075,0.993462,0.16871345,-0.06403509,-0.40556052","-0.5099689,0.9541334,0.957633","-0.048698325,0.13118844,0.10287912,0.40690604,-0.056885716,0.88154244,0.16871345,-0.06403509,-0.40556052",0.0
"-0.048698325,0.13118844,0.10287912,0.40690604,-0.056885716,0.88154244,0.16871345,-0.06403509,-0.40556052","0.08443129,0.93068826,0.95207417","-0.040635746,0.25915328,0.20516105,0.7136249,-0.08576341,0.58275354,0.16871345,-0.06403509,-0.40556052",0.0
"-0.040635746,0.25915328,0.20516105,0.7136249,-0.08576341,0.58275354,0.16871345,-0.06403509,-0.40556052","-0.15048206,0.8733275,0.96566176","-0.05500569,0.37923133,0.30890268,0.8484287,-0.14221369,0.18940254,0.16871345,-0.06403509,-0.40556052",0.0
"-0.05500569,0.37923133,0.30890268,0.8484287,-0.14221369,0.18940254,0.16871345,-0.06403509,-0.40556052","-0.1643359,0.86479056,0.9712267","-0.070698574,0.49813563,0.4132422,0.81020874,-0.17703593,-0.2080878,0.16871345,-0.06403509,-0.40556052",0.0
"-0.070698574,0.49813563,0.4132422,0.81020874,-0.17703593,-0.2080878,0.16871345,-0.06403509,-0.40556052","-0.47779942,0.90212226,0.970029","-0.116324954,0.62217283,0.51745296,0.6084629,-0.22661926,-0.5281828,0.16871345,-0.06403509,-0.40556052",0.0
"-0.116324954,0.62217283,0.51745296,0.6084629,-0.22661926,-0.5281828,0.16871345,-0.06403509,-0.40556052","-0.29914492,0.49631715,0.96988535","-0.14489111,0.69041395,0.6216483,0.40028206,-0.18948087,-0.6385656,0.16871345,-0.06403509,-0.40556052",0.0
"-0.14489111,0.69041395,0.6216483,0.40028206,-0.18948087,-0.6385656,0.16871345,-0.06403509,-0.40556052","-0.017894387,-0.029858172,0.97378445","-0.1465999,0.6863086,0.7262625,0.27626815,-0.1306057,-0.59576625,0.16871345,-0.06403509,-0.40556052",0.0
"-0.1465999,0.6863086,0.7262625,0.27626815,-0.1306057,-0.59576625,0.16871345,-0.06403509,-0.40556052","0.094652176,-0.24066722,0.948184","-0.1375613,0.65321815,0.82812655,0.19145957,-0.081933275,-0.5003852,0.16871345,-0.06403509,-0.40556052",0.0
"-0.1375613,0.65321815,0.82812655,0.19145957,-0.081933275,-0.5003852,0.16871345,-0.06403509,-0.40556052","0.05791521,-0.5136217,0.6186222","-0.13203083,0.5825979,0.89458555,0.16568829,-0.06663259,-0.40732834,0.16871345,-0.06403509,-0.40556052",0.0
"0.0,0.0,0.0,2.8652207e-07,0.005789075,0.993462,0.0018128656,0.047953214,-0.4651852","0.8303542,0.9704912,0.9499848","0.079292804,0.13343754,0.102057464,0.4000299,0.10773714,0.87997663,0.0018128656,0.047953214,-0.4651852",0.0
"0.079292804,0.13343754,0.102057464,0.4000299,0.10773714,0.87997663,0.0018128656,0.047953214,-0.4651852","0.9101424,0.9041598,0.9582846","0.16620481,0.2577549,0.20500657,0.6183379,0.36248243,0.5854205,0.0018128656,0.047953214,-0.4651852",0.0
"0.16620481,0.2577549,0.20500657,0.6183379,0.36248243,0.5854205,0.0018128656,0.047953214,-0.4651852","0.81661487,0.842574,0.9576502","0.2441856,0.3736045,0.30788752,0.61290646,0.59895784,0.20276242,0.0018128656,0.047953214,-0.4651852",0.0
"0.2441856,0.3736045,0.30788752,0.61290646,0.59895784,0.20276242,0.0018128656,0.047953214,-0.4651852","0.8056929,0.89136577,0.9629289","0.32112345,0.49616274,0.41133556,0.4380431,0.7065286,-0.20175056,0.0018128656,0.047953214,-0.4651852",0.0
"0.32112345,0.49616274,0.41133556,0.4380431,0.7065286,-0.20175056,0.0018128656,0.047953214,-0.4651852","0.81351376,0.8783039,0.9657724","0.3988081,0.61692506,0.51508904,0.1997124,0.6254371,-0.51856655,0.0018128656,0.047953214,-0.4651852",0.0
"0.3988081,0.61692506,0.51508904,0.1997124,0.6254371,-0.51856655,0.0018128656,0.047953214,-0.4651852","0.7447393,0.9061887,0.97217464","0.46992528,0.7415214,0.6195304,0.03113649,0.38995007,-0.6911101,0.0018128656,0.047953214,-0.4651852",0.0
"0.46992528,0.7415214,0.6195304,0.03113649,0.38995007,-0.6911101,0.0018128656,0.047953214,-0.4651852","0.6275834,0.66816497,0.9679544","0.52985495,0.83339065,0.7235182,-0.02056631,0.15680815,-0.68187994,0.0018128656,0.047953214,-0.4651852",0.0
"0.52985495,0.83339065,0.7235182,-0.02056631,0.15680815,-0.68187994,0.0018128656,0.047953214,-0.4651852","-0.37306762,-0.36997807,0.96679306","0.4942297,0.78252065,0.8273813,-0.0038787266,0.105464906,-0.55095255,0.0018128656,0.047953214,-0.4651852",0.0
"0.4942297,0.78252065,0.8273813,-0.0038787266,0.105464906,-0.55095255,0.0018128656,0.047953214,-0.4651852","-0.16447556,-0.12272185,0.6358907","0.4785235,0.76564705,0.8956953,-0.0015295771,0.06324018,-0.46066585,0.0018128656,0.047953214,-0.4651852",0.0
"0.0,0.0,0.0,2.8652207e-07,0.005789075,0.993462,-0.40274855,-0.2114035,-0.5093807","0.122425556,-0.88137573,-0.96516496","0.011690747,-0.12118464,-0.103688285,-0.39212114,-0.008615032,0.89066523,-0.40274855,-0.2114035,-0.5093807",0.0
"0.011690747,-0.12118464,-0.103688285,-0.39212114,-0.008615032,0.89066523,-0.40274855,-0.2114035,-0.5093807","0.39740467,-0.9228206,-0.9540664","0.049640007,-0.24806774,-0.20618424,-0.6963512,-0.103623964,0.60054743,-0.40274855,-0.2114035,-0.5093807",0.0
"0.049640007,-0.24806774,-0.20618424,-0.6963512,-0.103623964,0.60054743,-0.40274855,-0.2114035,-0.5093807","0.6628072,-0.86655974,-0.97097963","0.11293329,-0.36721525,-0.3104972,-0.80144525,-0.2907357,0.2120312,-0.40274855,-0.2114035,-0.5093807",0.0
"0.11293329,-0.36721525,-0.3104972,-0.80144525,-0.2907357,0.2120312,-0.40274855,-0.2114035,-0.5093807","0.6417099,-0.82373047,-0.9689639","0.17421193,-0.48047403,-0.4145936,-0.7123539,-0.42733002,-0.17400192,-0.40274855,-0.2114035,-0.5093807",0.0
"0.17421193,-0.48047403,-0.4145936,-0.7123539,-0.42733002,-0.17400192,-0.40274855,-0.2114035,-0.5093807","0.07728374,-0.7969794,-0.95081","0.18159197,-0.59005463,-0.51673967,-0.57062674,-0.35926884,-0.47590616,-0.40274855,-0.2114035,-0.5093807",0.0
"0.18159197,-0.59005463,-0.51673967,-0.57062674,-0.35926884,-0.47590616,-0.40274855,-0.2114035,-0.5093807","-0.10542393,-0.38647163,-0.83417475","0.17152475,-0.6431925,-0.60635555,-0.4404578,-0.25659722,-0.5843233,-0.40274855,-0.2114035,-0.5093807",0.0
"0.17152475,-0.6431925,-0.60635555,-0.4404578,-0.25659722,-0.5843233,-0.40274855,-0.2114035,-0.5093807","-0.09607166,0.46534634,-0.62522674","0.1623506,-0.5792099,-0.673524,-0.4126094,-0.2241847,-0.5099832,-0.40274855,-0.2114035,-0.5093807",0.0
"0.0,0.0,0.0,2.8652207e-07,0.005789075,0.993462,0.11964913,-0.04719298,-0.7433683","-0.12974429,0.97496974,0.97256744","-0.012389633,0.13405333,0.10448353,0.41818297,-0.01049167,0.8772753,0.11964913,-0.04719298,-0.7433683",0.0
"-0.012389633,0.13405333,0.10448353,0.41818297,-0.01049167,0.8772753,0.11964913,-0.04719298,-0.7433683","0.22989821,0.9748368,0.94119716","0.009563981,0.26808837,0.20559692,0.73055845,0.027748637,0.56633335,0.11964913,-0.04719298,-0.7433683",0.0
"0.009563981,0.26808837,0.20559692,0.73055845,0.027748637,0.56633335,0.11964913,-0.04719298,-0.7433683","-0.60946745,0.94668126,0.941735","-0.048635736,0.39825222,0.30676812,0.8621093,-0.12690236,0.15252708,0.11964913,-0.04719298,-0.7433683",0.0
"-0.048635736,0.39825222,0.30676812,0.8621093,-0.12690236,0.15252708,0.11964913,-0.04719298,-0.7433683","-0.13534272,0.9241905,0.96050286","-0.061559986,0.5253237,0.40995553,0.81182057,-0.1530909,-0.25905544,0.11964913,-0.04719298,-0.7433683",0.0
"-0.061559986,0.5253237,0.40995553,0.81182057,-0.1530909,-0.25905544,0.11964913,-0.04719298,-0.7433683","-0.32752287,0.96715236,0.9571545","-0.092836045,0.65830225,0.51278317,0.5999317,-0.17406309,-0.5821482,0.11964913,-0.04719298,-0.7433683",0.0
"-0.092836045,0.65830225,0.51278317,0.5999317,-0.17406309,-0.5821482,0.11964913,-0.04719298,-0.7433683","-0.65630317,0.9603503,0.9436872","-0.15550824,0.7903455,0.61416405,0.3043257,-0.15519857,-0.7368758,0.11964913,-0.04719298,-0.7433683",0.0
"-0.15550824,0.7903455,0.61416405,0.3043257,-0.15519857,-0.7368758,0.11964913,-0.04719298,-0.7433683","0.2119627,0.79563916,0.6823815","-0.13526735,0.8997419,0.68747264,0.11077644,-0.043774806,-0.7414878,0.11964913,-0.04719298,-0.7433683",0.0
"0.0,0.0,0.0,2.8652207e-07,0.005789075,0.993462,-0.37099418,0.12122807,-0.74957925","-0.6431756,-0.9611723,-0.94128835","-0.061418604,-0.13215625,-0.1011232,-0.40191856,0.0844267,0.88205695,-0.37099418,0.12122807,-0.74957925",0.0
"-0.061418604,-0.13215625,-0.1011232,-0.40191856,0.0844267,0.88205695,-0.37099418,0.12122807,-0.74957925","-0.29600233,-0.96440244,-0.9129727","-0.08968468,-0.26475662,-0.19920442,-0.6927756,0.20655313,0.5813352,-0.37099418,0.12122807,-0.74957925",0.0
"-0.08968468,-0.26475662,-0.19920442,-0.6927756,0.20655313,0.5813352,-0.37099418,0.12122807,-0.74957925","-0.06488973,-0.9301305,-0.94755757","-0.09588117,-0.3926448,-0.3010011,-0.8285706,0.2634774,0.17334597,-0.37099418,0.12122807,-0.74957925",0.0
"-0.09588117,-0.3926448,-0.3010011,-0.8285706,0.2634774,0.17334597,-0.37099418,0.12122807,-0.74957925","0.06013441,-0.8994779,-0.9452572","-0.09013877,-0.51631844,-0.40255067,-0.8001371,0.23886944,-0.23196954,-0.37099418,0.12122807,-0.74957925",0.0
"-0.09013877,-0.51631844,-0.40255067,-0.8001371,0.23886944,-0.23196954,-0.37099418,0.12122807,-0.74957925","0.18132937,-0.9096011,-0.9192081","-0.07282314,-0.64138395,-0.5013017,-0.63635594,0.15412478,-0.5503154,-0.37099418,0.12122807,-0.74957925",0.0
"-0.07282314,-0.64138395,-0.5013017,-0.63635594,0.15412478,-0.5503154,-0.37099418,0.12122807,-0.74957925","-0.31726742,-0.85866433,-0.79295397","-0.103119865,-0.75944597,-0.5864892,-0.3925253,0.13791387,-0.71797895,-0.37099418,0.12122807,-0.74957925",0.0
"-0.103119865,-0.75944597,-0.5864892,-0.3925253,0.13791387,-0.71797895,-0.37099418,0.12122807,-0.74957925","0.12896788,-0.11173338,-0.057000875","-0.090804376,-0.77480876,-0.5926128,-0.37203342,0.115139425,-0.73137385,-0.37099418,0.12122807,-0.74957925",0.0
"0.0,0.0,0.0,2.8652207e-07,0.005789075,0.993462,0.078596495,0.1097076,-0.59666026","0.48473227,0.97671914,0.95418096","0.04628842,0.13429387,0.10250826,0.41120332,0.066072956,0.87872475,0.078596495,0.1097076,-0.59666026",0.0
"0.04628842,0.13429387,0.10250826,0.41120332,0.066072956,0.87872475,0.078596495,0.1097076,-0.59666026","0.91578484,0.9406947,0.9591987","0.13373923,0.26363456,0.20555557,0.6596335,0.30103743,0.574302,0.078596495,0.1097076,-0.59666026",0.0
"0.13373923,0.26363456,0.20555557,0.6596335,0.30103743,0.574302,0.078596495,0.1097076,-0.59666026","0.63500786,0.92258227,0.9287423","0.19437787,0.3904849,0.30533093,0.7073379,0.5021307,0.17121962,0.078596495,0.1097076,-0.59666026",0.0
"0.19437787,0.3904849,0.30533093,0.7073379,0.5021307,0.17121962,0.078596495,0.1097076,-0.59666026","0.10467446,0.9332199,0.9464812","0.20437352,0.5187979,0.407012,0.6616308,0.5019638,-0.24238247,0.078596495,0.1097076,-0.59666026",0.0
"0.20437352,0.5187979,0.407012,0.6616308,0.5019638,-0.24238247,0.078596495,0.1097076,-0.59666026","0.11615014,0.94945717,0.9478066","0.21546502,0.6493434,0.5088354,0.49363506,0.40408957,-0.5665982,0.078596495,0.1097076,-0.59666026",0.0
"0.21546502,0.6493434,0.5088354,0.49363506,0.40408957,-0.5665982,0.078596495,0.1097076,-0.59666026","0.21841824,0.88614035,0.95891345","0.23632237,0.77118313,0.611852,0.26689386,0.25274768,-0.7212769,0.078596495,0.1097076,-0.59666026",0.0
"0.23632237,0.77118313,0.611852,0.26689386,0.25274768,-0.7212769,0.078596495,0.1097076,-0.59666026","0.22899747,0.40989637,0.9650636","0.25818998,0.8275418,0.7155293,0.11507432,0.1295609,-0.68735534,0.078596495,0.1097076,-0.59666026",0.0
"0.25818998,0.8275418,0.7155293,0.11507432,0.1295609,-0.68735534,0.078596495,0.1097076,-0.59666026","0.35567653,-0.31153667,0.6977695","0.29215452,0.7847072,0.7904911,0.07942039,0.11336162,-0.59396505,0.078596495,0.1097076,-0.59666026",0.0
"0.0,0.0,0.0,2.8652207e-07,0.005789075,0.993462,-0.10672515,-0.2288304,-0.69426954","0.7655442,-0.95376956,-0.9352758","0.073103905,-0.13113841,-0.10047726,-0.39850917,-0.08722134,0.883616,-0.10672515,-0.2288304,-0.69426954",0.0
"0.073103905,-0.13113841,-0.10047726,-0.39850917,-0.08722134,0.883616,-0.10672515,-0.2288304,-0.69426954","0.7478514,-0.9347995,-0.9502175","0.14451829,-0.25966856,-0.20255972,-0.6477189,-0.3096588,0.58553225,-0.10672515,-0.2288304,-0.69426954",0.0
"0.14451829,-0.25966856,-0.20255972,-0.6477189,-0.3096588,0.58553225,-0.10672515,-0.2288304,-0.69426954","0.6550628,-0.8860628,-0.9469306","0.20707203,-0.38149765,-0.30428907,-0.6897291,-0.5176453,0.19179511,-0.10672515,-0.2288304,-0.69426954",0.0
"0.20707203,-0.38149765,-0.30428907,-0.6897291,-0.5176453,0.19179511,-0.10672515,-0.2288304,-0.69426954","0.698853,-0.86485565,-0.949066","0.2738074,-0.5004109,-0.4062478,-0.54900044,-0.6290684,-0.2040997,-0.10672515,-0.2288304,-0.69426954",0.0
"0.2738074,-0.5004109,-0.4062478,-0.54900044,-0.6290684,-0.2040997,-0.10672515,-0.2288304,-0.69426954","0.68491876,-0.8747608,-0.96431327","0.3392122,-0.6206861,-0.50984454,-0.3246582,-0.57514364,-0.5217204,-0.10672515,-0.2288304,-0.69426954",0.0
"0.3392122,-0.6206861,-0.50984454,-0.3246582,-0.57514364,-0.5217204,-0.10672515,-0.2288304,-0.69426954","0.0050555468,-0.8597206,-0.9360989","0.33969498,-0.73889333,-0.61041015,-0.20128834,-0.3533175,-0.6912519,-0.10672515,-0.2288304,-0.69426954",0.0
"0.33969498,-0.73889333,-0.61041015,-0.20128834,-0.3533175,-0.6912519,-0.10672515,-0.2288304,-0.69426954","0.13140762,-0.27606,-0.69445753","0.35224345,-0.7768502,-0.68501616,-0.124059275,-0.23485179,-0.6857043,-0.10672515,-0.2288304,-0.69426954",0.0
"0.35224345,-0.7768502,-0.68501616,-0.124059275,-0.23485179,-0.6857043,-0.10672515,-0.2288304,-0.69426954","0.118118286,-0.06349337,-0.004083514","0.3635229,-0.7855803,-0.6854548,-0.111394584,-0.22976574,-0.6909359,-0.10672515,-0.2288304,-0.69426954",0.0
"0.0,0.0,0.0,2.8652207e-07,0.005789075,0.993462,0.020760234,-0.0139766075,-0.46819258","0.56867886,0.9535837,0.96779346","0.05430471,0.13111286,0.10397066,0.40499073,0.07564561,0.8806919,0.020760234,-0.0139766075,-0.46819258",0.0
"0.05430471,0.13111286,0.10397066,0.40499073,0.07564561,0.8806919,0.020760234,-0.0139766075,-0.46819258","0.2629975,0.9176855,0.94643486","0.07941907,0.25728992,0.20564674,0.6928541,0.1825219,0.5853271,0.020760234,-0.0139766075,-0.46819258",0.0
"0.07941907,0.25728992,0.20564674,0.6928541,0.1825219,0.5853271,0.020760234,-0.0139766075,-0.46819258","-0.58053315,0.8909637,0.9541638","0.023982367,0.37979284,0.30815315,0.8578289,0.07055976,0.18938574,0.020760234,-0.0139766075,-0.46819258",0.0
"0.023982367,0.37979284,0.30815315,0.8578289,0.07055976,0.18938574,0.020760234,-0.0139766075,-0.46819258","-0.27427804,0.9164574,0.9633012","-0.0022091938,0.5058011,0.41164118,0.82927424,3.3990822e-05,-0.22164494,0.020760234,-0.0139766075,-0.46819258",0.0
"-0.0022091938,0.5058011,0.41164118,0.82927424,3.3990822e-05,-0.22164494,0.020760234,-0.0139766075,-0.46819258","-0.59855354,0.9397123,0.9663408","-0.059366714,0.6350067,0.5154557,0.63134325,-0.11324228,-0.5473826,0.020760234,-0.0139766075,-0.46819258",0.0
"-0.059366714,0.6350067,0.5154557,0.63134325,-0.11324228,-0.5473826,0.020760234,-0.0139766075,-0.46819258","-0.8304687,0.9352541,0.9576061","-0.13867044,0.7635994,0.6183319,0.33573392,-0.14988914,-0.7119699,0.020760234,-0.0139766075,-0.46819258",0.0
"-0.13867044,0.7635994,0.6183319,0.33573392,-0.14988914,-0.7119699,0.020760234,-0.0139766075,-0.46819258","-0.7551674,0.8018534,0.9721303","-0.21078345,0.87385017,0.7227684,0.09322797,-0.06534213,-0.6960884,0.020760234,-0.0139766075,-0.46819258",0.0
"-0.21078345,0.87385017,0.7227684,0.09322797,-0.06534213,-0.6960884,0.020760234,-0.0139766075,-0.46819258","-0.46054614,-0.15439653,0.959939","-0.25476226,0.85262144,0.8258952,0.03633909,-0.029130135,-0.5658318,0.020760234,-0.0139766075,-0.46819258",0.0
"-0.25476226,0.85262144,0.8258952,0.03633909,-0.029130135,-0.5658318,0.020760234,-0.0139766075,-0.46819258","-0.2726472,-0.23649925,0.6793643","-0.2807981,0.82010406,0.89887965,0.019982109,-0.01516753,-0.46205366,0.020760234,-0.0139766075,-0.46819258",0.0
"0.0,0.0,0.0,2.8652207e-07,0.005789075,0.993462,-0.07497077,-0.0057894737,-0.29193363","-0.46405488,-0.96748215,-0.956974","-0.044313878,-0.13302381,-0.10280832,-0.4095045,0.06322647,0.87975556,-0.07497077,-0.0057894737,-0.29193363",0.0
"-0.044313878,-0.13302381,-0.10280832,-0.4095045,0.06322647,0.87975556,-0.07497077,-0.0057894737,-0.29193363","0.30065548,-0.82947624,-0.9594326","-0.015603465,-0.24707255,-0.20588078,-0.70128393,0.04020061,0.6026801,-0.07497077,-0.0057894737,-0.29193363",0.0
"-0.015603465,-0.24707255,-0.20588078,-0.70128393,0.04020061,0.6026801,-0.07497077,-0.0057894737,-0.29193363","0.8566638,-0.63875794,-0.963212","0.06620171,-0.3348985,-0.30935925,-0.81297266,-0.16564536,0.28013596,-0.07497077,-0.0057894737,-0.29193363",0.0
"0.06620171,-0.3348985,-0.30935925,-0.81297266,-0.16564536,0.28013596,-0.07497077,-0.0057894737,-0.29193363","0.81447995,-0.701956,-0.939982","0.14397864,-0.4314139,-0.4103421,-0.75287426,-0.35940284,-0.06871107,-0.07497077,-0.0057894737,-0.29193363",0.0
"0.14397864,-0.4314139,-0.4103421,-0.75287426,-0.35940284,-0.06871107,-0.07497077,-0.0057894737,-0.29193363","-0.19501764,-0.72345215,-0.91658044","0.12535587,-0.53088486,-0.5088109,-0.6664788,-0.270669,-0.369394,-0.07497077,-0.0057894737,-0.29193363",0.0
"0.12535587,-0.53088486,-0.5088109,-0.6664788,-0.270669,-0.369394,-0.07497077,-0.0057894737,-0.29193363","0.40324473,-0.37668133,-0.9611063","0.16386282,-0.5826767,-0.61206305,-0.48360974,-0.26691002,-0.50673914,-0.07497077,-0.0057894737,-0.29193363",0.0
"0.16386282,-0.5826767,-0.61206305,-0.48360974,-0.26691002,-0.50673914,-0.07497077,-0.0057894737,-0.29193363","-0.2952596,-0.53193045,-0.9702261","0.13566767,-0.65581447,-0.71629506,-0.31794015,-0.13800101,-0.5766487,-0.07497077,-0.0057894737,-0.29193363",0.0
"0.13566767,-0.65581447,-0.71629506,-0.31794015,-0.13800101,-0.5766487,-0.07497077,-0.0057894737,-0.29193363","0.020513415,-0.21237421,-0.9785647","0.13762656,-0.68501484,-0.8214228,-0.1761909,-0.07493383,-0.52198255,-0.07497077,-0.0057894737,-0.29193363",0.0
"0.13762656,-0.68501484,-0.8214228,-0.1761909,-0.07493383,-0.52198255,-0.07497077,-0.0057894737,-0.29193363","-0.49173558,0.27009845,-0.9224011","0.090669386,-0.64787775,-0.9205169,-0.11188391,-0.026727999,-0.40351453,-0.07497077,-0.0057894737,-0.29193363",0.0
"0.090669386,-0.64787775,-0.9205169,-0.11188391,-0.026727999,-0.40351453,-0.07497077,-0.0057894737,-0.29193363","-0.37203598,0.39846146,-0.7094605","0.05514264,-0.5930914,-0.99673474,-0.07270626,-0.006845467,-0.29857722,-0.07497077,-0.0057894737,-0.29193363",0.0
"0.0,0.0,0.0,2.8652207e-07,0.005789075,0.993462,0.10672515,-0.2288304,-0.69426954","-0.8322757,0.9275775,0.9387351","-0.07947628,0.12753715,0.100848906,0.3902761,-0.0935474,0.88686055,0.10672515,-0.2288304,-0.69426954",0.0
"-0.07947628,0.12753715,0.100848906,0.3902761,-0.0935474,0.88686055,0.10672515,-0.2288304,-0.69426954","-0.75249726,0.9594109,0.9433253","-0.1513343,0.2594512,0.20219094,0.6404802,-0.32321942,0.5864337,0.10672515,-0.2288304,-0.69426954",0.0
"-0.1513343,0.2594512,0.20219094,0.6404802,-0.32321942,0.5864337,0.10672515,-0.2288304,-0.69426954","-0.30836225,0.9561167,0.94051504","-0.18078066,0.39091235,0.30323103,0.73489183,-0.46204236,0.1735643,0.10672515,-0.2288304,-0.69426954",0.0
"-0.18078066,0.39091235,0.30323103,0.73489183,-0.46204236,0.1735643,0.10672515,-0.2288304,-0.69426954","-0.6497502,0.9208387,0.89252365","-0.2428271,0.517523,0.39911538,0.60957474,-0.5746954,-0.2302455,0.10672515,-0.2288304,-0.69426954",0.0
"-0.2428271,0.517523,0.39911538,0.60957474,-0.5746954,-0.2302455,0.10672515,-0.2288304,-0.69426954","-0.53765064,0.84104466,0.8558612","-0.29416883,0.6331623,0.49106103,0.41123173,-0.5351339,-0.53126895,0.10672515,-0.2288304,-0.69426954",0.0
"-0.29416883,0.6331623,0.49106103,0.41123173,-0.5351339,-0.53126895,0.10672515,-0.2288304,-0.69426954","-0.3760116,0.81416214,0.81288004","-0.3300752,0.7451055,0.5783892,0.23082341,-0.37913552,-0.7045318,0.10672515,-0.2288304,-0.69426954",0.0
"-0.3300752,0.7451055,0.5783892,0.23082341,-0.37913552,-0.7045318,0.10672515,-0.2288304,-0.69426954","-0.18272078,0.40008807,0.68272567","-0.34752372,0.8001156,0.65173477,0.13457601,-0.24655727,-0.72358453,0.10672515,-0.2288304,-0.69426954",0.0
"-0.34752372,0.8001156,0.65173477,0.13457601,-0.24655727,-0.72358453,0.10672515,-0.2288304,-0.69426954","-0.04820198,-0.06231284,0.23770213","-0.35212666,0.791548,0.67727125,0.12106918,-0.22866741,-0.7005952,0.10672515,-0.2288304,-0.69426954",0.0
"0.0,0.0,0.0,2.8652207e-07,0.005789075,0.993462,0.21964914,-0.08152047,-0.35214671","-0.63847804,0.952158,0.93840027","-0.060970016,0.13091682,0.10081293,0.401507,-0.07196336,0.88355494,0.21964914,-0.08152047,-0.35214671",0.0
"-0.060970016,0.13091682,0.10081293,0.401507,-0.07196336,0.88355494,0.21964914,-0.08152047,-0.35214671","0.11624718,0.81853163,0.9681126","-0.049869247,0.24346073,0.20481789,0.6890141,-0.10297821,0.6103281,0.21964914,-0.08152047,-0.35214671",0.0
"-0.049869247,0.24346073,0.20481789,0.6890141,-0.10297821,0.6103281,0.21964914,-0.08152047,-0.35214671","-0.12421793,0.86453724,0.97118235","-0.061731156,0.36233017,0.3091526,0.83468634,-0.15803483,0.22426201,0.21964914,-0.08152047,-0.35214671",0.0
"-0.061731156,0.36233017,0.3091526,0.83468634,-0.15803483,0.22426201,0.21964914,-0.08152047,-0.35214671","-0.3173561,0.7848625,0.9678818","-0.09203637,0.47024477,0.41313273,0.79984206,-0.23189487,-0.15139493,0.21964914,-0.08152047,-0.35214671",0.0
"-0.09203637,0.47024477,0.41313273,0.79984206,-0.23189487,-0.15139493,0.21964914,-0.08152047,-0.35214671","-0.515237,0.8026767,0.9657905","-0.14123775,0.5806087,0.51688814,0.6171326,-0.28692725,-0.4603919,0.21964914,-0.08152047,-0.35214671",0.0
"-0.14123775,0.5806087,0.51688814,0.6171326,-0.28692725,-0.4603919,0.21964914,-0.08152047,-0.35214671","-0.29634356,0.4986819,0.97619677","-0.16953641,0.649175,0.62176156,0.41879547,-0.24013212,-0.5919721,0.21964914,-0.08152047,-0.35214671",0.0
"-0.16953641,0.649175,0.62176156,0.41879547,-0.24013212,-0.5919721,0.21964914,-0.08152047,-0.35214671","0.20770442,-0.21615243,0.9741521","-0.14970215,0.6194552,0.72641534,0.32728162,-0.1598784,-0.540988,0.21964914,-0.08152047,-0.35214671",0.0
"-0.14970215,0.6194552,0.72641534,0.32728162,-0.1598784,-0.540988,0.21964914,-0.08152047,-0.35214671","0.07271111,-0.40464258,0.94461703","-0.14275877,0.563819,0.8278961,0.24655071,-0.112213984,-0.44816422,0.21964914,-0.08152047,-0.35214671",0.0
"-0.14275877,0.563819,0.8278961,0.24655071,-0.112213984,-0.44816422,0.21964914,-0.08152047,-0.35214671","0.069252014,-0.50739044,0.62894","-0.1361457,0.4940555,0.8954635,0.20599747,-0.08754288,-0.36305568,0.21964914,-0.08152047,-0.35214671",0.0
"-0.1361457,0.4940555,0.8954635,0.20599747,-0.08754288,-0.36305568,0.21964914,-0.08152047,-0.35214671","0.060354114,-0.108885884,-9.638071e-05","-0.13038233,0.4790843,0.8954532,0.21401903,-0.08660814,-0.3547615,0.21964914,-0.08152047,-0.35214671",0.0
"0.0,0.0,0.0,2.8652207e-07,0.005789075,0.993462,-0.037543863,-0.0057894737,-0.30644754","-0.15187603,-0.9683782,-0.9528582","-0.014503064,-0.13314702,-0.10236616,-0.4133455,0.024641262,0.8800075,-0.037543863,-0.0057894737,-0.30644754",0.0
"-0.014503064,-0.13314702,-0.10236616,-0.4133455,0.024641262,0.8800075,-0.037543863,-0.0057894737,-0.30644754","0.58824885,-0.82700104,-0.95102584","0.041670427,-0.24685542,-0.20453548,-0.6960288,-0.085803,0.6049343,-0.037543863,-0.0057894737,-0.30644754",0.0
"0.041670427,-0.24685542,-0.20453548,-0.6960288,-0.085803,0.6049343,-0.037543863,-0.0057894737,-0.30644754","0.5236472,-0.4067229,-0.9538737","0.09167494,-0.30277774,-0.30701074,-0.77111137,-0.22239761,0.3477716,-0.037543863,-0.0057894737,-0.30644754",0.0
"0.09167494,-0.30277774,-0.30701074,-0.77111137,-0.22239761,0.3477716,-0.037543863,-0.0057894737,-0.30644754","0.32860804,-0.6399621,-0.9406985","0.12305462,-0.39076927,-0.4080706,-0.76941633,-0.30695727,0.016927632,-0.037543863,-0.0057894737,-0.30644754",0.0
"0.12305462,-0.39076927,-0.4080706,-0.76941633,-0.30695727,0.016927632,-0.037543863,-0.0057894737,-0.30644754","0.23307073,-0.7374394,-0.93884474","0.14531119,-0.49216348,-0.5089312,-0.66282356,-0.31906867,-0.30074984,-0.037543863,-0.0057894737,-0.30644754",0.0
"0.14531119,-0.49216348,-0.5089312,-0.66282356,-0.31906867,-0.30074984,-0.037543863,-0.0057894737,-0.30644754","0.029708982,-0.60891694,-0.96395767","0.14814818,-0.5758865,-0.61248976,-0.5002179,-0.24474083,-0.49766418,-0.037543863,-0.0057894737,-0.30644754",0.0
"0.14814818,-0.5758865,-0.61248976,-0.5002179,-0.24474083,-0.49766418,-0.037543863,-0.0057894737,-0.30644754","-0.04395944,-0.71908236,-0.9613322","0.14395037,-0.67475665,-0.71576625,-0.29935607,-0.13899468,-0.59253246,-0.037543863,-0.0057894737,-0.30644754",0.0
"0.14395037,-0.67475665,-0.71576625,-0.29935607,-0.13899468,-0.59253246,-0.037543863,-0.0057894737,-0.30644754","0.05808842,-0.4779253,-0.981214","0.14949739,-0.7404689,-0.82117856,-0.13334881,-0.061187185,-0.5451175,-0.037543863,-0.0057894737,-0.30644754",0.0
"0.14949739,-0.7404689,-0.82117856,-0.13334881,-0.061187185,-0.5451175,-0.037543863,-0.0057894737,-0.30644754","-0.34354824,0.089934826,-0.91540015","0.11669102,-0.72810346,-0.91952056,-0.066846065,-0.019464066,-0.42284104,-0.037543863,-0.0057894737,-0.30644754",0.0
"0.11669102,-0.72810346,-0.91952056,-0.066846065,-0.019464066,-0.42284104,-0.037543863,-0.0057894737,-0.30644754","-0.40319622,0.32852197,-0.71791357","0.07818871,-0.6829334,-0.99664646,-0.040196907,-0.00410869,-0.31109488,-0.037543863,-0.0057894737,-0.30644754",0.0
"0.0,0.0,0.0,2.8652207e-07,0.005789075,0.993462,-0.03385965,-0.0057894737,-0.6184311","-0.019353509,-0.9651336,-0.9591884","-0.0018481247,-0.1327009,-0.103046216,-0.41392535,0.008192447,0.87987924,-0.03385965,-0.0057894737,-0.6184311",0.0
"-0.0018481247,-0.1327009,-0.103046216,-0.41392535,0.008192447,0.87987924,-0.03385965,-0.0057894737,-0.6184311","0.2819004,-0.91000515,-0.9464872","0.025071315,-0.25782195,-0.20472792,-0.7148909,-0.050616905,0.58569777,-0.03385965,-0.0057894737,-0.6184311",0.0
"0.025071315,-0.25782195,-0.20472792,-0.7148909,-0.050616905,0.58569777,-0.03385965,-0.0057894737,-0.6184311","0.48995638,-0.93105507,-0.9223707","0.07185859,-0.38583726,-0.3038188,-0.8443621,-0.18798046,0.18338151,-0.03385965,-0.0057894737,-0.6184311",0.0
"0.07185859,-0.38583726,-0.3038188,-0.8443621,-0.18798046,0.18338151,-0.03385965,-0.0057894737,-0.6184311","0.099909306,-0.9766062,-0.9485479","0.0813992,-0.5201156,-0.40572187,-0.8057413,-0.20467526,-0.2435097,-0.03385965,-0.0057894737,-0.6184311",0.0
"0.0813992,-0.5201156,-0.40572187,-0.8057413,-0.20467526,-0.2435097,-0.03385965,-0.0057894737,-0.6184311","0.6041012,-0.9535383,-0.94152325","0.13908648,-0.6512223,-0.50687027,-0.58130354,-0.2651164,-0.56860405,-0.03385965,-0.0057894737,-0.6184311",0.0
"0.13908648,-0.6512223,-0.50687027,-0.58130354,-0.2651164,-0.56860405,-0.03385965,-0.0057894737,-0.6184311","0.5284865,-0.93315786,-0.9177304","0.18955311,-0.77952677,-0.60546255,-0.30647224,-0.20065722,-0.7312097,-0.03385965,-0.0057894737,-0.6184311",0.0
"0.18955311,-0.77952677,-0.60546255,-0.30647224,-0.20065722,-0.7312097,-0.03385965,-0.0057894737,-0.6184311","0.053112864,-0.80605257,-0.8945632","0.194625,-0.8903549,-0.701566,-0.0981803,-0.061759207,-0.72379166,-0.03385965,-0.0057894737,-0.6184311",0.0
"0.194625,-0.8903549,-0.701566,-0.0981803,-0.061759207,-0.72379166,-0.03385965,-0.0057894737,-0.6184311","-0.44189715,0.2628398,-0.67813456","0.15242705,-0.8542158,-0.7744183,-0.0791724,-0.034580342,-0.6316223,-0.03385965,-0.0057894737,-0.6184311",0.0
"0.15242705,-0.8542158,-0.7744183,-0.0791724,-0.034580342,-0.6316223,-0.03385965,-0.0057894737,-0.6184311","-0.27910542,-0.0725674,-0.13519263","0.1257745,-0.86419356,-0.78894204,-0.061301053,-0.019293819,-0.61546916,-0.03385965,-0.0057894737,-0.6184311",0.0
"0.1257745,-0.86419356,-0.78894204,-0.061301053,-0.019293819,-0.61546916,-0.03385965,-0.0057894737,-0.6184311","-0.10736239,-0.12040484,-0.013240218","0.115522176,-0.8807486,-0.7903644,-0.045801304,-0.011199944,-0.61587834,-0.03385965,-0.0057894737,-0.6184311",0.0
"0.0,0.0,0.0,2.8652207e-07,0.005789075,0.993462,0.24064328,0.07649123,-0.69426954","-0.0853014,0.9651418,0.9448513","-0.008145659,0.13270202,0.101505965,0.41217697,-0.004758847,0.88118577,0.24064328,0.07649123,-0.69426954",0.0
"-0.008145659,0.13270202,0.101505965,0.41217697,-0.004758847,0.88118577,0.24064328,0.07649123,-0.69426954","0.7605891,0.9536166,0.9260676","0.06448509,0.26381943,0.20099397,0.70672154,0.15107334,0.5804543,0.24064328,0.07649123,-0.69426954",0.0
"0.06448509,0.26381943,0.20099397,0.70672154,0.15107334,0.5804543,0.24064328,0.07649123,-0.69426954","0.38190973,0.93568337,0.9389982","0.1009547,0.3924711,0.30187112,0.8240258,0.27657107,0.17236684,0.24064328,0.07649123,-0.69426954",0.0
"0.1009547,0.3924711,0.30187112,0.8240258,0.27657107,0.17236684,0.24064328,0.07649123,-0.69426954","-0.210109,0.8983071,0.9489136","0.08089081,0.51598376,0.40381348,0.80573624,0.2152652,-0.23281957,0.24064328,0.07649123,-0.69426954",0.0
"0.08089081,0.51598376,0.40381348,0.80573624,0.2152652,-0.23281957,0.24064328,0.07649123,-0.69426954","0.057496548,0.8951366,0.9580375","0.086381316,0.63906044,0.506736,0.6242045,0.17968766,-0.5494264,0.24064328,0.07649123,-0.69426954",0.0
"0.086381316,0.63906044,0.506736,0.6242045,0.17968766,-0.5494264,0.24064328,0.07649123,-0.69426954","-0.010578275,0.83613396,0.9277829","0.08537117,0.7540246,0.60640824,0.3792634,0.11023469,-0.7072012,0.24064328,0.07649123,-0.69426954",0.0
"0.08537117,0.7540246,0.60640824,0.3792634,0.11023469,-0.7072012,0.24064328,0.07649123,-0.69426954","-0.2189132,0.20976043,0.6977521","0.06446654,0.78286564,0.6813682,0.2568371,0.058650006,-0.69215304,0.24064328,0.07649123,-0.69426954",0.0
"0.06446654,0.78286564,0.6813682,0.2568371,0.058650006,-0.69215304,0.24064328,0.07649123,-0.69426954","0.2178812,0.02874422,0.021311045","0.085272625,0.78681785,0.6836576,0.24544436,0.07337583,-0.69301724,0.24064328,0.07649123,-0.69426954",0.0
"0.0,0.0,0.0,2.8652207e-07,0.005789075,0.993462,-0.038654972,-0.17625731,-0.40556052","0.9636034,-0.92408276,-0.9336019","0.092017114,-0.12705663,-0.10029744,-0.38475886,-0.10839204,0.8877861,-0.038654972,-0.17625731,-0.40556052",0.0
"0.092017114,-0.12705663,-0.10029744,-0.38475886,-0.10839204,0.8877861,-0.038654972,-0.17625731,-0.40556052","0.83414245,-0.56534517,-0.9636725","0.17167166,-0.2047887,-0.20382541,-0.55087054,-0.32295486,0.67469287,-0.038654972,-0.17625731,-0.40556052",0.0
"0.17167166,-0.2047887,-0.20382541,-0.55087054,-0.32295486,0.67469287,-0.038654972,-0.17625731,-0.40556052","0.8715129,-0.64009553,-0.9488159","0.25489482,-0.29279855,-0.3057573,-0.55629075,-0.565354,0.36914566,-0.038654972,-0.17625731,-0.40556052",0.0
"0.25489482,-0.29279855,-0.3057573,-0.55629075,-0.565354,0.36914566,-0.038654972,-0.17625731,-0.40556052","0.6695838,-0.4887805,-0.96152264","0.31883523,-0.36000338,-0.40905428,-0.4456677,-0.68587285,0.07730421,-0.038654972,-0.17625731,-0.40556052",0.0
"0.31883523,-0.36000338,-0.40905428,-0.4456677,-0.68587285,0.07730421,-0.038654972,-0.17625731,-0.40556052","0.3902508,-0.69187486,-0.9639997","0.35610133,-0.45513266,-0.51261735,-0.32956678,-0.6654137,-0.23758374,-0.038654972,-0.17625731,-0.40556052",0.0
"0.35610133,-0.45513266,-0.51261735,-0.32956678,-0.6654137,-0.23758374,-0.038654972,-0.17625731,-0.40556052","-0.09696549,-0.69074655,-0.9554719","0.3468418,-0.5501068,-0.61526424,-0.2695283,-0.5037455,-0.46304035,-0.038654972,-0.17625731,-0.40556052",0.0
"0.3468418,-0.5501068,-0.61526424,-0.2695283,-0.5037455,-0.46304035,-0.038654972,-0.17625731,-0.40556052","0.3412423,-0.48932588,-0.9607288","0.37942797,-0.61738664,-0.71847594,-0.14468509,-0.34786955,-0.5418853,-0.038654972,-0.17625731,-0.40556052",0.0
"0.37942797,-0.61738664,-0.71847594,-0.14468509,-0.34786955,-0.5418853,-0.038654972,-0.17625731,-0.40556052","0.12582564,0.12964559,-0.94851315","0.3914434,-0.5995611,-0.8203753,-0.09120034,-0.23966146,-0.4760437,-0.038654972,-0.17625731,-0.40556052",0.0
"0.3914434,-0.5995611,-0.8203753,-0.09120034,-0.23966146,-0.4760437,-0.038654972,-0.17625731,-0.40556052","0.21212006,0.32697642,-0.6924422","0.41169935,-0.5546036,-0.89476484,-0.058627173,-0.18475416,-0.39445725,-0.038654972,-0.17625731,-0.40556052",0.0
"0.41169935,-0.5546036,-0.89476484,-0.058627173,-0.18475416,-0.39445725,-0.038654972,-0.17625731,-0.40556052","0.16444802,-0.108082056,-0.012856483","0.42740294,-0.5694643,-0.896146,-0.047249336,-0.17796214,-0.40011382,-0.038654972,-0.17625731,-0.40556052",0.0
"0.0,0.0,0.0,2.8652207e-07,0.005789075,0.993462,-0.45684212,0.25380117,-0.383332","-0.67878026,-0.9454587,-0.94666374","-0.0648186,-0.12999572,-0.10170068,-0.39752585,0.08799885,0.8837261,-0.45684212,0.25380117,-0.383332",0.0
"-0.0648186,-0.12999572,-0.10170068,-0.39752585,0.08799885,0.8837261,-0.45684212,0.25380117,-0.383332","-0.15965605,-0.90453386,-0.93914765","-0.08006459,-0.2543645,-0.2025939,-0.686799,0.18246633,0.5947254,-0.45684212,0.25380117,-0.383332",0.0
"-0.08006459,-0.2543645,-0.2025939,-0.686799,0.18246633,0.5947254,-0.45684212,0.25380117,-0.383332","-0.20855457,-0.8598073,-0.9327687","-0.099980034,-0.3725836,-0.30280182,-0.8132694,0.27027857,0.21279864,-0.45684212,0.25380117,-0.383332",0.0
"-0.099980034,-0.3725836,-0.30280182,-0.8132694,0.27027857,0.21279864,-0.45684212,0.25380117,-0.383332","-0.059080303,-0.8450974,-0.92064315","-0.10562178,-0.48878017,-0.40170708,-0.79258716,0.27921793,-0.17463356,-0.45684212,0.25380117,-0.383332",0.0
"-0.10562178,-0.48878017,-0.40170708,-0.79258716,0.27921793,-0.17463356,-0.45684212,0.25380117,-0.383332","-0.2583363,-0.78429556,-0.88397616","-0.13029101,-0.5966168,-0.49667317,-0.635422,0.28197315,-0.47375277,-0.45684212,0.25380117,-0.383332",0.0
"-0.13029101,-0.5966168,-0.49667317,-0.635422,0.28197315,-0.47375277,-0.45684212,0.25380117,-0.383332","-0.20257264,0.29534602,-0.9078605","-0.14963524,-0.5560083,-0.59420514,-0.52857226,0.275053,-0.46343157,-0.45684212,0.25380117,-0.383332",0.0
"-0.14963524,-0.5560083,-0.59420514,-0.52857226,0.275053,-0.46343157,-0.45684212,0.25380117,-0.383332","0.050752163,0.48357105,-0.7195247","-0.14478877,-0.4895198,-0.67150414,-0.47494224,0.23872668,-0.39981598,-0.45684212,0.25380117,-0.383332",0.0
"-0.14478877,-0.4895198,-0.67150414,-0.47494224,0.23872668,-0.39981598,-0.45684212,0.25380117,-0.383332","-0.0738399,0.102184534,-0.14304996","-0.15183994,-0.47547,-0.68687207,-0.4575294,0.24298148,-0.38641244,-0.45684212,0.25380117,-0.383332",0.0
"0.0,0.0,0.0,2.8652207e-07,0.005789075,0.993462,0.13046785,0.4916374,-0.6336642","0.7966194,0.96062636,0.94456506","0.076071374,0.1320812,0.10147522,0.39786732,0.102895565,0.88183486,0.13046785,0.4916374,-0.6336642",0.0
"0.076071374,0.1320812,0.10147522,0.39786732,0.102895565,0.88183486,0.13046785,0.4916374,-0.6336642","0.9177754,0.94029117,0.9445976","0.16371226,0.2613664,0.2029539,0.62441194,0.35946852,0.5819959,0.13046785,0.4916374,-0.6336642",0.0
"0.16371226,0.2613664,0.2029539,0.62441194,0.35946852,0.5819959,0.13046785,0.4916374,-0.6336642","0.9465103,0.9427223,0.9435098","0.25409713,0.3909859,0.30431575,0.60159904,0.6255859,0.17172995,0.13046785,0.4916374,-0.6336642",0.0
"0.25409713,0.3909859,0.30431575,0.60159904,0.6255859,0.17172995,0.13046785,0.4916374,-0.6336642","0.81515324,0.93971133,0.9532254","0.33193833,0.5201914,0.40672135,0.4133423,0.7202343,-0.24485795,0.13046785,0.4916374,-0.6336642",0.0
"0.33193833,0.5201914,0.40672135,0.4133423,0.7202343,-0.24485795,0.13046785,0.4916374,-0.6336642","0.63815033,0.90718806,0.96346104","0.39287707,0.6449251,0.5102265,0.20584163,0.60591763,-0.56036794,0.13046785,0.4916374,-0.6336642",0.0
"0.39287707,0.6449251,0.5102265,0.20584163,0.60591763,-0.56036794,0.13046785,0.4916374,-0.6336642","0.152318,0.31621873,0.4895804","0.40742233,0.6884036,0.5628224,0.14554502,0.5064322,-0.6376961,0.13046785,0.4916374,-0.6336642",0.0
"0.40742233,0.6884036,0.5628224,0.14554502,0.5064322,-0.6376961,0.13046785,0.4916374,-0.6336642","0.06289661,-0.024957955,0.08852482","0.4134285,0.68497205,0.5723326,0.13333482,0.49966106,-0.6341925,0.13046785,0.4916374,-0.6336642",0.0
"0.0,0.0,0.0,2.8652207e-07,0.005789075,0.993462,0.18596493,0.7108187,-0.42556617","0.862908,0.91529965,0.9558146","0.082401454,0.125849,0.10268377,0.3853332,0.10803056,0.88698757,0.18596493,0.7108187,-0.42556617",0.0
"0.082401454,0.125849,0.10268377,0.3853332,0.10803056,0.88698757,0.18596493,0.7108187,-0.42556617","0.9464936,0.9059596,0.9090588","0.17278473,0.25041378,0.20034455,0.5995392,0.36844498,0.6046899,0.18596493,0.7108187,-0.42556617",0.0
"0.17278473,0.25041378,0.20034455,0.5995392,0.36844498,0.6046899,0.18596493,0.7108187,-0.42556617","0.95774245,0.8936864,0.95373774","0.2642422,0.37329108,0.3028052,0.5743029,0.63672185,0.21131375,0.18596493,0.7108187,-0.42556617",0.0
"0.2642422,0.37329108,0.3028052,0.5743029,0.63672185,0.21131375,0.18596493,0.7108187,-0.42556617","0.91133547,0.8258542,0.9828142","0.3512681,0.48684186,0.4083895,0.3709794,0.7481733,-0.17913474,0.18596493,0.7108187,-0.42556617",0.0
"0.3512681,0.48684186,0.4083895,0.3709794,0.7481733,-0.17913474,0.18596493,0.7108187,-0.42556617","0.7864646,0.6776775,0.7663245","0.42636976,0.58001906,0.4907162,0.15794507,0.6958519,-0.4409449,0.18596493,0.7108187,-0.42556617",0.0
"0.42636976,0.58001906,0.4907162,0.15794507,0.6958519,-0.4409449,0.18596493,0.7108187,-0.42556617","-0.08822954,-0.07003778,-0.125826","0.4179445,0.5703893,0.4771986,0.18192646,0.7127442,-0.41316536,0.18596493,0.7108187,-0.42556617",0.0
"0.0,0.0,0.0,2.8652207e-07,0.005789075,0.993462,-0.15923977,-0.16438596,-0.54978424","0.5772253,-0.902992,-0.94339657","0.055120826,-0.12415676,-0.10134969,-0.39033014,-0.06239939,0.8897313,-0.15923977,-0.16438596,-0.54978424",0.0
"0.055120826,-0.12415676,-0.10134969,-0.39033014,-0.06239939,0.8897313,-0.15923977,-0.16438596,-0.54978424","0.77746224,-0.8655975,-0.95699775","0.12936282,-0.24317198,-0.20416056,-0.64142954,-0.26974636,0.611734,-0.15923977,-0.16438596,-0.54978424",0.0
"0.12936282,-0.24317198,-0.20416056,-0.64142954,-0.26974636,0.611734,-0.15923977,-0.16438596,-0.54978424","0.71402323,-0.7862179,-0.9542453","0.19754685,-0.3512729,-0.30667573,-0.68839735,-0.48497388,0.25093332,-0.15923977,-0.16438596,-0.54978424",0.0
"0.19754685,-0.3512729,-0.30667573,-0.68839735,-0.48497388,0.25093332,-0.15923977,-0.16438596,-0.54978424","0.5120863,-0.8262832,-0.96557665","0.24644738,-0.46488264,-0.41040823,-0.60116214,-0.5797951,-0.13697457,-0.15923977,-0.16438596,-0.54978424",0.0
"0.24644738,-0.46488264,-0.41040823,-0.60116214,-0.5797951,-0.13697457,-0.15923977,-0.16438596,-0.54978424","0.0656656,-0.8324006,-0.9722756","0.25271797,-0.5793335,-0.5148604,-0.48361567,-0.48368913,-0.4569337,-0.15923977,-0.16438596,-0.54978424",0.0
"0.25271797,-0.5793335,-0.5148604,-0.48361567,-0.48368913,-0.4569337,-0.15923977,-0.16438596,-0.54978424","-0.061119735,-0.7653198,-0.96162045","0.24688148,-0.6845611,-0.6181678,-0.3279091,-0.31343836,-0.63265187,-0.15923977,-0.16438596,-0.54978424",0.0
"0.24688148,-0.6845611,-0.6181678,-0.3279091,-0.31343836,-0.63265187,-0.15923977,-0.16438596,-0.54978424","0.08537388,-0.13961601,-0.91509056","0.2550341,-0.7037576,-0.71647656,-0.21400833,-0.21256733,-0.6144865,-0.15923977,-0.16438596,-0.54978424",0.0
"0.2550341,-0.7037576,-0.71647656,-0.21400833,-0.21256733,-0.6144865,-0.15923977,-0.16438596,-0.54978424","0.08114958,0.31443846,-0.5967973","0.26278326,-0.660524,-0.7805909,-0.18015389,-0.18670098,-0.54253405,-0.15923977,-0.16438596,-0.54978424",0.0
"0.26278326,-0.660524,-0.7805909,-0.18015389,-0.18670098,-0.54253405,-0.15923977,-0.16438596,-0.54978424","0.026154518,-0.07086861,-0.09159458","0.26528084,-0.6702681,-0.79043096,-0.16517384,-0.17323568,-0.5410457,-0.15923977,-0.16438596,-0.54978424",0.0
"0.0,0.0,0.0,2.8652207e-07,0.005789075,0.993462,0.07497077,-0.0057894737,-0.29193363","-0.8104025,0.95206094,0.95435274","-0.07738756,0.13090348,0.10252671,0.3991934,-0.09304621,0.88212574,0.07497077,-0.0057894737,-0.29193363",0.0
"-0.07738756,0.13090348,0.10252671,0.3991934,-0.09304621,0.88212574,0.07497077,-0.0057894737,-0.29193363","-0.9696748,0.9074998,0.92646194","-0.16998446,0.25568005,0.2020571,0.6159012,-0.3574775,0.59319705,0.07497077,-0.0057894737,-0.29193363",0.0
"-0.16998446,0.25568005,0.2020571,0.6159012,-0.3574775,0.59319705,0.07497077,-0.0057894737,-0.29193363","-0.9841156,0.8791535,0.8950491","-0.26396036,0.37655914,0.2982128,0.58519787,-0.6303504,0.2116096,0.07497077,-0.0057894737,-0.29193363",0.0
"-0.26396036,0.37655914,0.2982128,0.58519787,-0.6303504,0.2116096,0.07497077,-0.0057894737,-0.29193363","-0.9679919,0.9673128,0.88694715","-0.35639653,0.5095597,0.39349806,0.37323165,-0.7571229,-0.20696376,0.07497077,-0.0057894737,-0.29193363",0.0
"-0.35639653,0.5095597,0.39349806,0.37323165,-0.7571229,-0.20696376,0.07497077,-0.0057894737,-0.29193363","-0.97179276,0.96935,0.97099185","-0.4491957,0.6428404,0.49781227,0.11030304,-0.6487994,-0.5508026,0.07497077,-0.0057894737,-0.29193363",0.0
"-0.4491957,0.6428404,0.49781227,0.11030304,-0.6487994,-0.5508026,0.07497077,-0.0057894737,-0.29193363","-0.98314184,0.99201846,0.98494005","-0.5430786,0.7792378,0.60362494,-0.044065326,-0.36651143,-0.73165274,0.07497077,-0.0057894737,-0.29193363",0.0
"-0.5430786,0.7792378,0.60362494,-0.044065326,-0.36651143,-0.73165274,0.07497077,-0.0057894737,-0.29193363","-0.9340008,0.95682144,0.9747329","-0.6322689,0.9107959,0.70834106,-0.029046567,-0.080172546,-0.7212731,0.07497077,-0.0057894737,-0.29193363",0.0
"-0.6322689,0.9107959,0.70834106,-0.029046567,-0.080172546,-0.7212731,0.07497077,-0.0057894737,-0.29193363","-0.97710377,0.30605316,0.9610007","-0.7255752,0.9528766,0.8115819,0.027193349,0.022826813,-0.58737993,0.07497077,-0.0057894737,-0.29193363",0.0
"-0.7255752,0.9528766,0.8115819,0.027193349,0.022826813,-0.58737993,0.07497077,-0.0057894737,-0.29193363","-0.98129356,0.30659103,0.94173","-0.81928164,0.99503136,0.91275245,0.08086394,0.044706512,-0.425806,0.07497077,-0.0057894737,-0.29193363",0.0
"-0.81928164,0.99503136,0.91275245,0.08086394,0.044706512,-0.425806,0.07497077,-0.0057894737,-0.29193363","-0.9891377,0.3040632,0.8910589","-0.9137347,0.99998003,0.9999978,0.076906204,0.015358674,-0.29015318,0.07497077,-0.0057894737,-0.29193363",0.0
"-0.9137347,0.99998003,0.9999978,0.076906204,0.015358674,-0.29015318,0.07497077,-0.0057894737,-0.29193363","-0.9908795,0.5916147,0.5611342","-0.99999756,0.99998003,0.9999978,0.07820971,-0.005789559,-0.29014903,0.07497077,-0.0057894737,-0.29193363",0.0
"0.0,0.0,0.0,2.8652207e-07,0.005789075,0.993462,0.023099417,-0.11491228,-0.44393736","0.94414926,-0.9430958,-0.90878934","0.090159394,-0.12967083,-0.09763181,-0.3872764,-0.10669526,0.88742894,0.023099417,-0.11491228,-0.44393736",0.0
"0.090159394,-0.12967083,-0.09763181,-0.3872764,-0.10669526,0.88742894,0.023099417,-0.11491228,-0.44393736","0.836645,-0.6043731,-0.9496653","0.17005293,-0.21276902,-0.19965497,-0.56045693,-0.3248533,0.66771626,0.023099417,-0.11491228,-0.44393736",0.0
"0.17005293,-0.21276902,-0.19965497,-0.56045693,-0.3248533,0.66771626,0.023099417,-0.11491228,-0.44393736","0.7145157,-0.6425595,-0.93009305","0.23828399,-0.30111766,-0.29957548,-0.5902878,-0.5404587,0.36259806,0.023099417,-0.11491228,-0.44393736",0.0
"0.23828399,-0.30111766,-0.29957548,-0.5902878,-0.5404587,0.36259806,0.023099417,-0.11491228,-0.44393736","0.52975416,-0.68341655,-0.9562612","0.28887168,-0.39508393,-0.4023072,-0.51729864,-0.6526378,0.016407989,0.023099417,-0.11491228,-0.44393736",0.0
"0.28887168,-0.39508393,-0.4023072,-0.51729864,-0.6526378,0.016407989,0.023099417,-0.11491228,-0.44393736","0.44582963,-0.8234244,-0.95683634","0.33144516,-0.5083006,-0.5051007,-0.37563348,-0.6303361,-0.32612792,0.023099417,-0.11491228,-0.44393736",0.0
"0.33144516,-0.5083006,-0.5051007,-0.37563348,-0.6303361,-0.32612792,0.023099417,-0.11491228,-0.44393736","0.7602304,-0.80219114,-0.95913965","0.40404162,-0.6185978,-0.60814166,-0.1625593,-0.50330704,-0.5533547,0.023099417,-0.11491228,-0.44393736",0.0
"0.40404162,-0.6185978,-0.60814166,-0.1625593,-0.50330704,-0.5533547,0.023099417,-0.11491228,-0.44393736","0.37702954,-0.798582,-0.9576628","0.4400452,-0.72839874,-0.7110239,-0.058893517,-0.2780535,-0.6355191,0.023099417,-0.11491228,-0.44393736",0.0
"0.4400452,-0.72839874,-0.7110239,-0.058893517,-0.2780535,-0.6355191,0.023099417,-0.11491228,-0.44393736","0.5051501,0.08723593,-0.95207465","0.4882834,-0.7164043,-0.8133059,-0.012219035,-0.17450252,-0.54387796,0.023099417,-0.11491228,-0.44393736",0.0
"0.4882834,-0.7164043,-0.8133059,-0.012219035,-0.17450252,-0.54387796,0.023099417,-0.11491228,-0.44393736","0.19979095,0.40650344,-0.7522254","0.50736195,-0.66051227,-0.894118,-0.0027212899,-0.13268185,-0.43743873,0.023099417,-0.11491228,-0.44393736",0.0
"0.50736195,-0.66051227,-0.894118,-0.0027212899,-0.13268185,-0.43743873,0.023099417,-0.11491228,-0.44393736","0.3171692,-0.072202265,-0.068656266","0.5376493,-0.6704398,-0.9014938,0.008341031,-0.1192493,-0.43209067,0.023099417,-0.11491228,-0.44393736",0.0
"0.5376493,-0.6704398,-0.9014938,0.008341031,-0.1192493,-0.43209067,0.023099417,-0.11491228,-0.44393736","0.29927468,-0.11790073,0.052294135","0.56622785,-0.6866506,-0.8958759,0.017981134,-0.11319734,-0.44329575,0.023099417,-0.11491228,-0.44393736",0.0
"0.0,0.0,0.0,2.8652207e-07,0.005789075,0.993462,0.3166667,0.17795321,-0.6149007","0.34460068,0.97355604,0.90426016","0.032906868,0.13385895,0.09714524,0.40650824,0.0479954,0.8836893,0.3166667,0.17795321,-0.6149007",0.0
"0.032906868,0.13385895,0.09714524,0.40650824,0.0479954,0.8836893,0.3166667,0.17795321,-0.6149007","0.7222078,0.9451511,0.9486464","0.10187247,0.2638124,0.19905892,0.6830548,0.23248823,0.58320385,0.3166667,0.17795321,-0.6149007",0.0
"0.10187247,0.2638124,0.19905892,0.6830548,0.23248823,0.58320385,0.3166667,0.17795321,-0.6149007","0.4887575,0.94738483,0.9510112","0.14854527,0.39407295,0.30122665,0.7745477,0.39668646,0.16996633,0.3166667,0.17795321,-0.6149007",0.0
"0.14854527,0.39407295,0.30122665,0.7745477,0.39668646,0.16996633,0.3166667,0.17795321,-0.6149007","0.01444149,0.9232502,0.955714","0.14992432,0.5210151,0.4038996,0.7394225,0.38303083,-0.24315126,0.3166667,0.17795321,-0.6149007",0.0
"0.14992432,0.5210151,0.4038996,0.7394225,0.38303083,-0.24315126,0.3166667,0.17795321,-0.6149007","-0.1636501,0.91122866,0.9633286","0.13429692,0.6463044,0.50739056,0.5837677,0.26837692,-0.56116617,0.3166667,0.17795321,-0.6149007",0.0
"0.13429692,0.6463044,0.50739056,0.5837677,0.26837692,-0.56116617,0.3166667,0.17795321,-0.6149007","0.1194129,0.51910925,0.9215212","0.1457,0.7176793,0.6063901,0.3880687,0.19762667,-0.67037755,0.3166667,0.17795321,-0.6149007",0.0
"0.1457,0.7176793,0.6063901,0.3880687,0.19762667,-0.67037755,0.3166667,0.17795321,-0.6149007","0.10814178,-0.32377803,0.68650126","0.15602675,0.67316157,0.6801413,0.3319224,0.18367986,-0.606405,0.3166667,0.17795321,-0.6149007",0.0
"0.15602675,0.67316157,0.6801413,0.3319224,0.18367986,-0.606405,0.3166667,0.17795321,-0.6149007","0.03650999,0.04729712,-0.002687335","0.15951319,0.67966473,0.67985255,0.32476357,0.1844956,-0.61248004,0.3166667,0.17795321,-0.6149007",0.0
"0.0,0.0,0.0,2.8652207e-07,0.005789075,0.993462,-0.4623392,-0.24362573,-0.383332","0.33545506,-0.8122226,-0.9729056","0.032033518,-0.111676425,-0.10451986,-0.37305978,-0.03185212,0.8988821,-0.4623392,-0.24362573,-0.383332",0.0
"0.032033518,-0.111676425,-0.10451986,-0.37305978,-0.03185212,0.8988821,-0.4623392,-0.24362573,-0.383332","0.39626276,-0.9035843,-0.96696687","0.069873735,-0.23591463,-0.20840172,-0.6728774,-0.1441941,0.61808765,-0.4623392,-0.24362573,-0.383332",0.0
"0.069873735,-0.23591463,-0.20840172,-0.6728774,-0.1441941,0.61808765,-0.4623392,-0.24362573,-0.383332","0.5711012,-0.8586352,-0.9719802","0.12440976,-0.35397255,-0.31282216,-0.78201514,-0.31596318,0.2358091,-0.4623392,-0.24362573,-0.383332",0.0
"0.12440976,-0.35397255,-0.31282216,-0.78201514,-0.31596318,0.2358091,-0.4623392,-0.24362573,-0.383332","0.61066794,-0.8012905,-0.9706937","0.18272412,-0.46414593,-0.4171044,-0.70005983,-0.44582802,-0.14411572,-0.4623392,-0.24362573,-0.383332",0.0
"0.18272412,-0.46414593,-0.4171044,-0.70005983,-0.44582802,-0.14411572,-0.4623392,-0.24362573,-0.383332","-0.13081706,-0.6927229,-0.9403333","0.17023203,-0.5593918,-0.51812494,-0.59872144,-0.34794402,-0.42570093,-0.4623392,-0.24362573,-0.383332",0.0
"0.17023203,-0.5593918,-0.51812494,-0.59872144,-0.34794402,-0.42570093,-0.4623392,-0.24362573,-0.383332","0.083428144,0.22867334,-0.8048044","0.17819881,-0.52795047,-0.6045855,-0.5113461,-0.31363413,-0.42706412,-0.4623392,-0.24362573,-0.383332",0.0
"0.17819881,-0.52795047,-0.6045855,-0.5113461,-0.31363413,-0.42706412,-0.4623392,-0.24362573,-0.383332","-0.06984317,0.30557013,-0.5889126","0.17152931,-0.48593622,-0.66785276,-0.46513462,-0.27135998,-0.39396593,-0.4623392,-0.24362573,-0.383332",0.0
"0.17152931,-0.48593622,-0.66785276,-0.46513462,-0.27135998,-0.39396593,-0.4623392,-0.24362573,-0.383332","-0.050345898,0.08584201,-0.15127188","0.16672164,-0.4741334,-0.684104,-0.45535403,-0.2563184,-0.3838944,-0.4623392,-0.24362573,-0.383332",0.0
"0.0,0.0,0.0,2.8652207e-07,0.005789075,0.993462,-0.51643276,-0.080292396,-0.383332","-0.32707345,-0.9115406,-0.9715481","-0.031233147,-0.12533215,-0.10437402,-0.3986337,0.04505778,0.8860843,-0.51643276,-0.080292396,-0.383332",0.0
"-0.031233147,-0.12533215,-0.10437402,-0.3986337,0.04505778,0.8860843,-0.51643276,-0.080292396,-0.383332","0.29493403,-0.9003019,-0.95624274","-0.00306909,-0.24911903,-0.20710379,-0.7059378,0.012596224,0.59744793,-0.51643276,-0.080292396,-0.383332",0.0
"-0.00306909,-0.24911903,-0.20710379,-0.7059378,0.012596224,0.59744793,-0.51643276,-0.080292396,-0.383332","0.5592092,-0.8551085,-0.97315973","0.05033133,-0.36669207,-0.31165093,-0.8423178,-0.12844682,0.21132638,-0.51643276,-0.080292396,-0.383332",0.0
"0.05033133,-0.36669207,-0.31165093,-0.8423178,-0.12844682,0.21132638,-0.51643276,-0.080292396,-0.383332","0.50067043,-0.81183493,-0.9691646","0.09814172,-0.4783152,-0.41576886,-0.7925555,-0.24633577,-0.17110704,-0.51643276,-0.080292396,-0.383332",0.0
"0.09814172,-0.4783152,-0.41576886,-0.7925555,-0.24633577,-0.17110704,-0.51643276,-0.080292396,-0.383332","-0.36523557,-0.6601701,-0.9416232","0.06326438,-0.56908524,-0.51692796,-0.6755832,-0.13016361,-0.44118327,-0.51643276,-0.080292396,-0.383332",0.0
"0.06326438,-0.56908524,-0.51692796,-0.6755832,-0.13016361,-0.44118327,-0.51643276,-0.080292396,-0.383332","-0.04229492,0.27063978,-0.833436","0.059225522,-0.5318737,-0.60646445,-0.5857399,-0.10436839,-0.43363222,-0.51643276,-0.080292396,-0.383332",0.0
"0.059225522,-0.5318737,-0.60646445,-0.5857399,-0.10436839,-0.43363222,-0.51643276,-0.080292396,-0.383332","-0.01085341,0.30801225,-0.5429841","0.058189098,-0.4895237,-0.66479754,-0.5327368,-0.09259968,-0.39766228,-0.51643276,-0.080292396,-0.383332",0.0
"0.058189098,-0.4895237,-0.66479754,-0.5327368,-0.09259968,-0.39766228,-0.51643276,-0.080292396,-0.383332","-0.018926144,0.10808492,-0.15897453","0.05638178,-0.4746626,-0.6818763,-0.5180822,-0.08685765,-0.38388222,-0.51643276,-0.080292396,-0.383332",0.0
"0.0,0.0,0.0,2.8652207e-07,0.005789075,0.993462,0.068947375,-0.0057894737,-0.61392003","0.51566124,0.97445655,0.9686389","0.04924191,0.13398276,0.104061484,0.41176617,0.07007163,0.8777101,0.068947375,-0.0057894737,-0.61392003",0.0
"0.04924191,0.13398276,0.104061484,0.41176617,0.07007163,0.8777101,0.068947375,-0.0057894737,-0.61392003","0.47098994,0.960438,0.9529892","0.09421803,0.26603806,0.2064417,0.69541043,0.21812011,0.56877583,0.068947375,-0.0057894737,-0.61392003",0.0
"0.09421803,0.26603806,0.2064417,0.69541043,0.21812011,0.56877583,0.068947375,-0.0057894737,-0.61392003","-0.750065,0.95225036,0.93411946","0.022592263,0.39696762,0.30679473,0.8680901,0.06752116,0.15521526,0.068947375,-0.0057894737,-0.61392003",0.0
"0.022592263,0.39696762,0.30679473,0.8680901,0.06752116,0.15521526,0.068947375,-0.0057894737,-0.61392003","-0.09841436,0.9201796,0.9613956","0.013194407,0.5234876,0.41007805,0.82554567,0.040033795,-0.25549865,0.068947375,-0.0057894737,-0.61392003",0.0
"0.013194407,0.5234876,0.41007805,0.82554567,0.040033795,-0.25549865,0.068947375,-0.0057894737,-0.61392003","-0.43587673,0.9394336,0.96368766","-0.028428655,0.65265495,0.51360756,0.626621,-0.05030077,-0.57386917,0.068947375,-0.0057894737,-0.61392003",0.0
"-0.028428655,0.65265495,0.51360756,0.626621,-0.05030077,-0.57386917,0.068947375,-0.0057894737,-0.61392003","-0.18918413,0.9189433,0.96396875","-0.04649437,0.779005,0.61716723,0.3482291,-0.04537759,-0.7259546,0.068947375,-0.0057894737,-0.61392003",0.0
"-0.04649437,0.779005,0.61716723,0.3482291,-0.04537759,-0.7259546,0.068947375,-0.0057894737,-0.61392003","0.14043224,0.7751509,0.9644066","-0.033084113,0.8855843,0.720774,0.10240005,-0.0048606237,-0.7013998,0.068947375,-0.0057894737,-0.61392003",0.0
"-0.033084113,0.8855843,0.720774,0.10240005,-0.0048606237,-0.7013998,0.068947375,-0.0057894737,-0.61392003","-0.3169579,-0.28258312,0.6746268","-0.06335129,0.8467306,0.7932495,0.07686239,-0.0095965,-0.6070537,0.068947375,-0.0057894737,-0.61392003",0.0
"0.0,0.0,0.0,2.8652207e-07,0.005789075,0.993462,-0.1788889,-0.023976607,-0.40556052","0.42508495,-0.8940794,-0.9680653","0.04059252,-0.122931324,-0.10399987,-0.39349848,-0.04461828,0.88872933,-0.1788889,-0.023976607,-0.40556052",0.0
"0.04059252,-0.122931324,-0.10399987,-0.39349848,-0.04461828,0.88872933,-0.1788889,-0.023976607,-0.40556052","0.5401871,-0.7815201,-0.9581488","0.09217647,-0.23038633,-0.2069344,-0.65255165,-0.18839163,0.6293362,-0.1788889,-0.023976607,-0.40556052",0.0
"0.09217647,-0.23038633,-0.2069344,-0.65255165,-0.18839163,0.6293362,-0.1788889,-0.023976607,-0.40556052","0.34761596,-0.8099656,-0.950026","0.12537128,-0.34175244,-0.3089963,-0.7732028,-0.31505919,0.26678714,-0.1788889,-0.023976607,-0.40556052",0.0
"0.12537128,-0.34175244,-0.3089963,-0.7732028,-0.31505919,0.26678714,-0.1788889,-0.023976607,-0.40556052","-0.1875959,-0.8901773,-0.9569895","0.10745723,-0.4641473,-0.41180626,-0.7889568,-0.27080753,-0.13728987,-0.1788889,-0.023976607,-0.40556052",0.0
"0.10745723,-0.4641473,-0.41180626,-0.7889568,-0.27080753,-0.13728987,-0.1788889,-0.023976607,-0.40556052","-0.11888522,-0.8398695,-0.959181","0.09610455,-0.57962507,-0.5148516,-0.65457314,-0.19779864,-0.45741454,-0.1788889,-0.023976607,-0.40556052",0.0
"0.09610455,-0.57962507,-0.5148516,-0.65457314,-0.19779864,-0.45741454,-0.1788889,-0.023976607,-0.40556052","0.14046574,-0.20818174,-0.9688177","0.10951801,-0.608249,-0.6189323,-0.49387324,-0.17081118,-0.5415949,-0.1788889,-0.023976607,-0.40556052",0.0
"0.10951801,-0.608249,-0.6189323,-0.49387324,-0.17081118,-0.5415949,-0.1788889,-0.023976607,-0.40556052","0.010763407,-0.14853448,-0.97215337","0.11054583,-0.62867177,-0.7233714,-0.34107006,-0.117296904,-0.5502851,-0.1788889,-0.023976607,-0.40556052",0.0
"0.11054583,-0.62867177,-0.7233714,-0.34107006,-0.117296904,-0.5502851,-0.1788889,-0.023976607,-0.40556052","-0.15910053,0.0712316,-0.92662495","0.09535289,-0.6188779,-0.82291925,-0.23056857,-0.06515285,-0.48588678,-0.1788889,-0.023976607,-0.40556052",0.0
"0.09535289,-0.6188779,-0.82291925,-0.23056857,-0.06515285,-0.48588678,-0.1788889,-0.023976607,-0.40556052","-0.22419673,0.3450178,-0.5979959","0.07394373,-0.57143974,-0.8871623,-0.18947324,-0.038874675,-0.40885997,-0.1788889,-0.023976607,-0.40556052",0.0
"0.07394373,-0.57143974,-0.8871623,-0.18947324,-0.038874675,-0.40885997,-0.1788889,-0.023976607,-0.40556052","-0.17278391,-0.044375837,-0.06729227","0.05744411,-0.57754123,-0.89439154,-0.17964709,-0.026891772,-0.40528375,-0.1788889,-0.023976607,-0.40556052",0.0
"0.0,0.0,0.0,2.8652207e-07,0.005789075,0.993462,-0.09719299,-0.20719297,-0.54978424","0.7784511,-0.90596926,-0.94889164","0.074336424,-0.124566115,-0.10194003,-0.38731876,-0.08618284,0.8888502,-0.09719299,-0.20719297,-0.54978424",0.0
"0.074336424,-0.124566115,-0.10194003,-0.38731876,-0.08618284,0.8888502,-0.09719299,-0.20719297,-0.54978424","0.7627548,-0.86398315,-0.95079446","0.14717397,-0.24335939,-0.20408449,-0.62553567,-0.30529454,0.61152166,-0.09719299,-0.20719297,-0.54978424",0.0
"0.14717397,-0.24335939,-0.20408449,-0.62553567,-0.30529454,0.61152166,-0.09719299,-0.20719297,-0.54978424","0.6535361,-0.76957846,-0.9488429","0.20958193,-0.34917247,-0.30601928,-0.66840374,-0.50974447,0.25626686,-0.09719299,-0.20719297,-0.54978424",0.0
"0.20958193,-0.34917247,-0.30601928,-0.66840374,-0.50974447,0.25626686,-0.09719299,-0.20719297,-0.54978424","0.6639323,-0.79327214,-0.96152073","0.27298266,-0.45824334,-0.40931603,-0.5514422,-0.62858427,-0.12201549,-0.09719299,-0.20719297,-0.54978424",0.0
"0.27298266,-0.45824334,-0.40931603,-0.5514422,-0.62858427,-0.12201549,-0.09719299,-0.20719297,-0.54978424","0.5903858,-0.7055677,-0.9704564","0.32936022,-0.55525535,-0.51357275,-0.3627829,-0.59929633,-0.4153602,-0.09719299,-0.20719297,-0.54978424",0.0
"0.32936022,-0.55525535,-0.51357275,-0.3627829,-0.59929633,-0.4153602,-0.09719299,-0.20719297,-0.54978424","0.020492196,-0.69756025,-0.9546269","0.33131707,-0.6511663,-0.61612886,-0.25203985,-0.41877782,-0.594379,-0.09719299,-0.20719297,-0.54978424",0.0
"0.33131707,-0.6511663,-0.61612886,-0.25203985,-0.41877782,-0.594379,-0.09719299,-0.20719297,-0.54978424","0.1414218,-0.39484823,-0.92206126","0.3448218,-0.70545596,-0.7151864,-0.1463887,-0.26374808,-0.61651045,-0.09719299,-0.20719297,-0.54978424",0.0
"0.3448218,-0.70545596,-0.7151864,-0.1463887,-0.26374808,-0.61651045,-0.09719299,-0.20719297,-0.54978424","0.10875726,0.3168521,-0.6228428","0.35520738,-0.6618905,-0.7820988,-0.11784428,-0.22777128,-0.5423006,-0.09719299,-0.20719297,-0.54978424",0.0
"0.35520738,-0.6618905,-0.7820988,-0.11784428,-0.22777128,-0.5423006,-0.09719299,-0.20719297,-0.54978424","0.077815056,-0.07637894,-0.083262324","0.36263815,-0.6723923,-0.79104376,-0.10430205,-0.21266693,-0.5417945,-0.09719299,-0.20719297,-0.54978424",0.0
"0.0,0.0,0.0,2.8652207e-07,0.005789075,0.993462,0.4283041,-0.15315789,-0.5093807","-0.40021807,0.9593599,0.9447987","-0.038217917,0.13190706,0.10150032,0.4083437,-0.043433677,0.8819883,0.4283041,-0.15315789,-0.5093807",0.0
"-0.038217917,0.13190706,0.10150032,0.4083437,-0.043433677,0.8819883,0.4283041,-0.15315789,-0.5093807","0.111433625,0.93630815,0.877682","-0.027576812,0.2606446,0.19579023,0.7129913,-0.056113962,0.59335494,0.4283041,-0.15315789,-0.5093807",0.0
"-0.027576812,0.2606446,0.19579023,0.7129913,-0.056113962,0.59335494,0.4283041,-0.15315789,-0.5093807","-0.2380873,0.8799268,0.9649521","-0.050312422,0.38163006,0.29945564,0.85328954,-0.13014449,0.19901952,0.4283041,-0.15315789,-0.5093807",0.0
"-0.050312422,0.38163006,0.29945564,0.85328954,-0.13014449,0.19901952,0.4283041,-0.15315789,-0.5093807","-0.37029505,0.8541956,0.9660219","-0.085672915,0.4990776,0.40323594,0.80906326,-0.21716885,-0.19763686,0.4283041,-0.15315789,-0.5093807",0.0
"-0.085672915,0.4990776,0.40323594,0.80906326,-0.21716885,-0.19763686,0.4283041,-0.15315789,-0.5093807","-0.2666105,0.79067755,0.9684386","-0.11113228,0.6077917,0.5072759,0.6349719,-0.22499792,-0.49924743,0.4283041,-0.15315789,-0.5093807",0.0
"-0.11113228,0.6077917,0.5072759,0.6349719,-0.22499792,-0.49924743,0.4283041,-0.15315789,-0.5093807","-0.035196185,0.17760956,0.91569316","-0.11449325,0.63221216,0.6056493,0.48927337,-0.17780636,-0.570462,0.4283041,-0.15315789,-0.5093807",0.0
"-0.11449325,0.63221216,0.6056493,0.48927337,-0.17780636,-0.570462,0.4283041,-0.15315789,-0.5093807","-0.0066076517,-0.34412873,0.6778339","-0.11512424,0.5848963,0.6784694,0.43065664,-0.15673405,-0.5162943,0.4283041,-0.15315789,-0.5093807",0.0
"0.0,0.0,0.0,2.8652207e-07,0.005789075,0.993462,-0.27333334,-0.42900583,-0.6336642","0.78545713,-0.94211704,-0.9480381","0.07500545,-0.12953626,-0.10184833,-0.39650503,-0.08924594,0.8840581,-0.27333334,-0.42900583,-0.6336642",0.0
"0.07500545,-0.12953626,-0.10184833,-0.39650503,-0.08924594,0.8840581,-0.27333334,-0.42900583,-0.6336642","0.8487085,-0.914014,-0.9563554","0.15605097,-0.2552085,-0.20459019,-0.6317225,-0.33059388,0.5904491,-0.27333334,-0.42900583,-0.6336642",0.0
"0.15605097,-0.2552085,-0.20459019,-0.6317225,-0.33059388,0.5904491,-0.27333334,-0.42900583,-0.6336642","0.7894249,-0.8672564,-0.9620219","0.23143531,-0.3744518,-0.3079408,-0.6444859,-0.56562877,0.20090805,-0.27333334,-0.42900583,-0.6336642",0.0
"0.23143531,-0.3744518,-0.3079408,-0.6444859,-0.56562877,0.20090805,-0.27333334,-0.42900583,-0.6336642","0.58311605,-0.8650467,-0.9283664","0.28711867,-0.4933913,-0.4076758,-0.5221518,-0.65138227,-0.19157864,-0.27333334,-0.42900583,-0.6336642",0.0
"0.28711867,-0.4933913,-0.4076758,-0.5221518,-0.65138227,-0.19157864,-0.27333334,-0.42900583,-0.6336642","0.25470173,-0.8597274,-0.9241406","0.31144083,-0.61159945,-0.50695676,-0.37954825,-0.553596,-0.50530106,-0.27333334,-0.42900583,-0.6336642",0.0
"0.31144083,-0.61159945,-0.50695676,-0.37954825,-0.553596,-0.50530106,-0.27333334,-0.42900583,-0.6336642","0.09156442,-0.43371964,-0.62623334","0.32018456,-0.6712337,-0.57423335,-0.28758684,-0.44293302,-0.6168589,-0.27333334,-0.42900583,-0.6336642",0.0
"0.32018456,-0.6712337,-0.57423335,-0.28758684,-0.44293302,-0.6168589,-0.27333334,-0.42900583,-0.6336642","0.028995395,-0.095808744,-0.019551754","0.3229534,-0.684407,-0.57633376,-0.27528977,-0.43185216,-0.6337565,-0.27333334,-0.42900583,-0.6336642",0.0
"0.0,0.0,0.0,2.8652207e-07,0.005789075,0.993462,0.026608188,-0.2511111,-0.69426954","0.7205149,-0.9599614,-0.93194747","0.068803936,-0.13198976,-0.100119695,-0.4008648,-0.08209659,0.88306755,0.026608188,-0.2511111,-0.69426954",0.0
"0.068803936,-0.13198976,-0.100119695,-0.4008648,-0.08209659,0.88306755,0.026608188,-0.2511111,-0.69426954","0.8110697,-0.9067519,-0.9473936","0.14625521,-0.2566635,-0.20189878,-0.6419511,-0.3111753,0.5917103,0.026608188,-0.2511111,-0.69426954",0.0
"0.14625521,-0.2566635,-0.20189878,-0.6419511,-0.3111753,0.5917103,0.026608188,-0.2511111,-0.69426954","0.87507224,-0.91422266,-0.91936797","0.22981825,-0.38236442,-0.30066705,-0.6518117,-0.5662757,0.19559191,0.026608188,-0.2511111,-0.69426954",0.0
"0.22981825,-0.38236442,-0.30066705,-0.6518117,-0.5662757,0.19559191,0.026608188,-0.2511111,-0.69426954","0.8745074,-0.89289427,-0.9345295","0.31332737,-0.50513285,-0.4010641,-0.4688599,-0.69520414,-0.20731206,0.026608188,-0.2511111,-0.69426954",0.0
"0.31332737,-0.50513285,-0.4010641,-0.4688599,-0.69520414,-0.20731206,0.026608188,-0.2511111,-0.69426954","0.7253375,-0.92931235,-0.94787484","0.38259184,-0.6329086,-0.5028948,-0.24324247,-0.61323005,-0.53757924,0.026608188,-0.2511111,-0.69426954",0.0
"0.38259184,-0.6329086,-0.5028948,-0.24324247,-0.61323005,-0.53757924,0.026608188,-0.2511111,-0.69426954","0.4728197,-0.85467696,-0.94121426","0.42774272,-0.7504223,-0.60401,-0.09618929,-0.390713,-0.70440423,0.026608188,-0.2511111,-0.69426954",0.0
"0.42774272,-0.7504223,-0.60401,-0.09618929,-0.390713,-0.70440423,0.026608188,-0.2511111,-0.69426954","0.40276694,-0.2421757,-0.80827254","0.46620402,-0.78372025,-0.69084316,-0.03232585,-0.24869378,-0.68581414,0.026608188,-0.2511111,-0.69426954",0.0
"0.46620402,-0.78372025,-0.69084316,-0.03232585,-0.24869378,-0.68581414,0.026608188,-0.2511111,-0.69426954","0.42342758,-0.07548767,0.06597626","0.5066383,-0.79409945,-0.6837552,-0.00062014855,-0.2478551,-0.6974201,0.026608188,-0.2511111,-0.69426954",0.0
"0.5066383,-0.79409945,-0.6837552,-0.00062014855,-0.2478551,-0.6974201,0.026608188,-0.2511111,-0.69426954","0.22511494,-0.005128324,0.021658778","0.5281351,-0.79480463,-0.6814284,0.016288742,-0.24937919,-0.69958293,0.026608188,-0.2511111,-0.69426954",0.0
"0.0,0.0,0.0,2.8652207e-07,0.005789075,0.993462,0.40497077,0.30783623,-0.6336642","0.61412704,0.9775939,0.9177023","0.05864468,0.13441412,0.09858934,0.40404254,0.08118261,0.88192433,0.40497077,0.30783623,-0.6336642",0.0
"0.05864468,0.13441412,0.09858934,0.40404254,0.08118261,0.88192433,0.40497077,0.30783623,-0.6336642","0.8727511,0.9730084,0.93474007","0.14198607,0.2681978,0.19900903,0.6537752,0.31905836,0.5755244,0.40497077,0.30783623,-0.6336642",0.0
"0.14198607,0.2681978,0.19900903,0.6537752,0.31905836,0.5755244,0.40497077,0.30783623,-0.6336642","0.5228416,0.96951795,0.9627656","0.19191365,0.40150154,0.30243954,0.71662796,0.50037384,0.15228832,0.40497077,0.30783623,-0.6336642",0.0
"0.19191365,0.40150154,0.30243954,0.71662796,0.50037384,0.15228832,0.40497077,0.30783623,-0.6336642","0.01916778,0.9609529,0.96566164","0.19374405,0.5336277,0.40618113,0.6753449,0.47772843,-0.27138615,0.40497077,0.30783623,-0.6336642",0.0
"0.19374405,0.5336277,0.40618113,0.6753449,0.47772843,-0.27138615,0.40497077,0.30783623,-0.6336642","0.0053390265,0.86731577,0.9459139","0.19425388,0.65287924,0.5078012,0.5180254,0.3693291,-0.5716134,0.40497077,0.30783623,-0.6336642",0.0
"0.19425388,0.65287924,0.5078012,0.5180254,0.3693291,-0.5716134,0.40497077,0.30783623,-0.6336642","0.091168284,0.27091837,0.42289615","0.20295979,0.6901291,0.55323315,0.4292421,0.32520875,-0.6387512,0.40497077,0.30783623,-0.6336642",0.0
"0.20295979,0.6901291,0.55323315,0.4292421,0.32520875,-0.6387512,0.40497077,0.30783623,-0.6336642","0.035851717,-0.048638523,0.19833672","0.20638338,0.68344164,0.57454056,0.40744984,0.31596467,-0.6324281,0.40497077,0.30783623,-0.6336642",0.0
"0.0,0.0,0.0,2.8652207e-07,0.005789075,0.993462,-0.4792398,-0.17064327,-0.6336642","-0.26529378,-0.9181751,-0.94599414","-0.025333634,-0.12624435,-0.10162875,-0.39795047,0.03754663,0.88747716,-0.4792398,-0.17064327,-0.6336642",0.0
"-0.025333634,-0.12624435,-0.10162875,-0.39795047,0.03754663,0.88747716,-0.4792398,-0.17064327,-0.6336642","0.10662079,-0.9528842,-0.9470387","-0.015152127,-0.25726104,-0.2033697,-0.71399355,0.039808873,0.5885963,-0.4792398,-0.17064327,-0.6336642",0.0
"-0.015152127,-0.25726104,-0.2033697,-0.71399355,0.039808873,0.5885963,-0.4792398,-0.17064327,-0.6336642","0.57303643,-0.91826475,-0.96672815","0.039568692,-0.38351774,-0.3072259,-0.8571319,-0.10126693,0.18299147,-0.4792398,-0.17064327,-0.6336642",0.0
"0.039568692,-0.38351774,-0.3072259,-0.8571319,-0.10126693,0.18299147,-0.4792398,-0.17064327,-0.6336642","0.679234,-0.88225555,-0.96878254","0.104430616,-0.5048234,-0.41130283,-0.78735596,-0.2618845,-0.21925597,-0.4792398,-0.17064327,-0.6336642",0.0
"0.104430616,-0.5048234,-0.41130283,-0.78735596,-0.2618845,-0.21925597,-0.4792398,-0.17064327,-0.6336642","0.46184778,-0.8623307,-0.934724","0.14853373,-0.6233895,-0.5117208,-0.58831453,-0.28987384,-0.52708644,-0.4792398,-0.17064327,-0.6336642",0.0
"0.14853373,-0.6233895,-0.5117208,-0.58831453,-0.28987384,-0.52708644,-0.4792398,-0.17064327,-0.6336642","-0.27165025,-0.46292424,-0.5087842","0.1225931,-0.6870392,-0.5663797,-0.4871649,-0.19124109,-0.63630545,-0.4792398,-0.17064327,-0.6336642",0.0
"0.1225931,-0.6870392,-0.5663797,-0.4871649,-0.19124109,-0.63630545,-0.4792398,-0.17064327,-0.6336642","-0.08155304,0.050548434,-0.12119377","0.11480537,-0.6800891,-0.5793996,-0.48123935,-0.17532174,-0.62855065,-0.4792398,-0.17064327,-0.6336642",0.0
"0.0,0.0,0.0,2.8652207e-07,0.005789075,0.993462,-0.08274854,0.09842105,-0.7433683","-0.7074435,-0.98599076,-0.9535854","-0.06755572,-0.13556866,-0.102444276,-0.40822345,0.093885034,0.877481,-0.08274854,0.09842105,-0.7433683",0.0
"-0.06755572,-0.13556866,-0.102444276,-0.40822345,0.093885034,0.877481,-0.08274854,0.09842105,-0.7433683","-0.7473364,-0.9632093,-0.94384694","-0.13892092,-0.268005,-0.20384234,-0.659094,0.31380975,0.5689893,-0.08274854,0.09842105,-0.7433683",0.0
"-0.13892092,-0.268005,-0.20384234,-0.659094,0.31380975,0.5689893,-0.08274854,0.09842105,-0.7433683","-0.7127079,-0.9620272,-0.9471318","-0.20697935,-0.4002788,-0.30559328,-0.6911063,0.5329243,0.15002835,-0.08274854,0.09842105,-0.7433683",0.0
"-0.20697935,-0.4002788,-0.30559328,-0.6911063,0.5329243,0.15002835,-0.08274854,0.09842105,-0.7433683","-0.12216121,-0.94476163,-0.9494626","-0.21864484,-0.5301787,-0.4075946,-0.635717,0.52885735,-0.26607808,-0.08274854,0.09842105,-0.7433683",0.0
"-0.21864484,-0.5301787,-0.4075946,-0.635717,0.52885735,-0.26607808,-0.08274854,0.09842105,-0.7433683","0.34262395,-0.9625462,-0.9183752","-0.18592675,-0.6625239,-0.50625616,-0.5219977,0.3520093,-0.5858117,-0.08274854,0.09842105,-0.7433683",0.0
"-0.18592675,-0.6625239,-0.50625616,-0.5219977,0.3520093,-0.5858117,-0.08274854,0.09842105,-0.7433683","0.17042601,-0.97448075,-0.86180806","-0.1696523,-0.79651004,-0.5988407,-0.3024649,0.18515384,-0.74879396,-0.08274854,0.09842105,-0.7433683",0.0
"-0.1696523,-0.79651004,-0.5988407,-0.3024649,0.18515384,-0.74879396,-0.08274854,0.09842105,-0.7433683","-0.46905124,-0.8428575,-0.7451761","-0.21444328,-0.91239864,-0.6788954,-0.08409912,0.07454321,-0.7541163,-0.08274854,0.09842105,-0.7433683",0.0
"-0.21444328,-0.91239864,-0.6788954,-0.08409912,0.07454321,-0.7541163,-0.08274854,0.09842105,-0.7433683","-0.27926052,0.031675458,0.041418076","-0.24111064,-0.9080435,-0.67444575,-0.08485721,0.088213824,-0.7575235,-0.08274854,0.09842105,-0.7433683",0.0
"0.0,0.0,0.0,2.8652207e-07,0.005789075,0.993462,0.13011697,-0.2822222,-0.48022214","-0.7593932,0.9014647,0.9397433","-0.07251654,0.12394676,0.100957215,0.38548288,-0.08342864,0.8902551,0.13011697,-0.2822222,-0.48022214",0.0
"-0.07251654,0.12394676,0.100957215,0.38548288,-0.08342864,0.8902551,0.13011697,-0.2822222,-0.48022214","-0.79503906,0.8082993,0.97118425","-0.148437,0.23508379,0.20529217,0.61439866,-0.30278048,0.6237859,0.13011697,-0.2822222,-0.48022214",0.0
"-0.148437,0.23508379,0.20529217,0.61439866,-0.30278048,0.6237859,0.13011697,-0.2822222,-0.48022214","-0.6560135,0.6792786,0.9796057","-0.21108153,0.3284811,0.31053182,0.653381,-0.5030344,0.29125342,0.13011697,-0.2822222,-0.48022214",0.0
"-0.21108153,0.3284811,0.31053182,0.653381,-0.5030344,0.29125342,0.13011697,-0.2822222,-0.48022214","-0.58457553,0.65581167,0.9584578","-0.26690426,0.41865188,0.41349953,0.5596259,-0.6138042,-0.04710526,0.13011697,-0.2822222,-0.48022214",0.0
"-0.26690426,0.41865188,0.41349953,0.5596259,-0.6138042,-0.04710526,0.13011697,-0.2822222,-0.48022214","-0.64332753,0.7162602,0.9141505","-0.32833734,0.517134,0.51170725,0.37593052,-0.6168811,-0.34766665,0.13011697,-0.2822222,-0.48022214",0.0
"-0.32833734,0.517134,0.51170725,0.37593052,-0.6168811,-0.34766665,0.13011697,-0.2822222,-0.48022214","-0.42351234,0.43883276,0.9328145","-0.36877972,0.5774714,0.61192006,0.22825508,-0.50752044,-0.4996627,0.13011697,-0.2822222,-0.48022214",0.0
"-0.36877972,0.5774714,0.61192006,0.22825508,-0.50752044,-0.4996627,0.13011697,-0.2822222,-0.48022214","-0.08229762,0.23691368,0.90362096","-0.37663856,0.61004585,0.7089966,0.1549236,-0.3642159,-0.5377726,0.13011697,-0.2822222,-0.48022214",0.0
"-0.37663856,0.61004585,0.7089966,0.1549236,-0.3642159,-0.5377726,0.13011697,-0.2822222,-0.48022214","-0.00050485134,-0.20553082,0.5828717","-0.37668678,0.58178645,0.7716149,0.13096417,-0.30565304,-0.49078584,0.13011697,-0.2822222,-0.48022214",0.0
"-0.37668678,0.58178645,0.7716149,0.13096417,-0.30565304,-0.49078584,0.13011697,-0.2822222,-0.48022214","0.028237104,-0.053842664,0.14867806","-0.37399036,0.5743834,0.78758746,0.12736593,-0.28973874,-0.47763568,0.13011697,-0.2822222,-0.48022214",0.0
"0.0,0.0,0.0,2.8652207e-07,0.005789075,0.993462,0.3115205,0.2351462,-0.74957925","0.44440818,0.97391677,0.94706464","0.04243776,0.13390854,0.10174375,0.41034335,0.06087522,0.87976694,0.3115205,0.2351462,-0.74957925",0.0
"0.04243776,0.13390854,0.10174375,0.41034335,0.06087522,0.87976694,0.3115205,0.2351462,-0.74957925","0.80991304,0.9684619,0.9446161","0.11977857,0.26706707,0.20322444,0.67526543,0.27303824,0.57153827,0.3115205,0.2351462,-0.74957925",0.0
"0.11977857,0.26706707,0.20322444,0.67526543,0.27303824,0.57153827,0.3115205,0.2351462,-0.74957925","0.6266835,0.9716196,0.9327116","0.1796223,0.4006598,0.3034262,0.7348611,0.47198763,0.15255931,0.3115205,0.2351462,-0.74957925",0.0
"0.1796223,0.4006598,0.3034262,0.7348611,0.47198763,0.15255931,0.3115205,0.2351462,-0.74957925","0.14384902,0.9627532,0.93888247","0.19335884,0.5330335,0.40429088,0.67750317,0.47800985,-0.26797646,0.3115205,0.2351462,-0.74957925",0.0
"0.19335884,0.5330335,0.40429088,0.67750317,0.47800985,-0.26797646,0.3115205,0.2351462,-0.74957925","-0.08410227,0.9535841,0.94293475","0.18532768,0.6641464,0.5055909,0.52216446,0.35070014,-0.588014,0.3115205,0.2351462,-0.74957925",0.0
"0.18532768,0.6641464,0.5055909,0.52216446,0.35070014,-0.588014,0.3115205,0.2351462,-0.74957925","-0.025404692,0.74096787,0.70799863","0.18290171,0.7660258,0.5816516,0.34514675,0.23037384,-0.7258037,0.3115205,0.2351462,-0.74957925",0.0
"0.18290171,0.7660258,0.5816516,0.34514675,0.23037384,-0.7258037,0.3115205,0.2351462,-0.74957925","0.19528222,0.1715715,-0.040018797","0.20154975,0.78961605,0.5773523,0.312816,0.23679172,-0.7501945,0.3115205,0.2351462,-0.74957925",0.0
"0.0,0.0,0.0,2.8652207e-07,0.005789075,0.993462,-0.004502924,0.024619883,-0.46819258","0.8568566,0.9610927,0.9557378","0.081823595,0.1321453,0.10267551,0.3974257,0.11045816,0.8807545,-0.004502924,0.024619883,-0.46819258",0.0
"0.081823595,0.1321453,0.10267551,0.3974257,0.11045816,0.8807545,-0.004502924,0.024619883,-0.46819258","0.90467644,0.87119687,0.95984983","0.16821364,0.25193042,0.2057928,0.60949355,0.36255625,0.59444,-0.004502924,0.024619883,-0.46819258",0.0
"0.16821364,0.25193042,0.2057928,0.60949355,0.36255625,0.59444,-0.004502924,0.024619883,-0.46819258","0.6931212,0.8564739,0.96011686","0.23440167,0.36969116,0.30893874,0.6290811,0.57807726,0.20929737,-0.004502924,0.024619883,-0.46819258",0.0
"0.23440167,0.36969116,0.30893874,0.6290811,0.57807726,0.20929737,-0.004502924,0.024619883,-0.46819258","0.9186071,0.8883548,0.96494794","0.32212198,0.49183545,0.4126037,0.4356096,0.70755607,-0.1945449,-0.004502924,0.024619883,-0.46819258",0.0
"0.32212198,0.49183545,0.4126037,0.4356096,0.70755607,-0.1945449,-0.004502924,0.024619883,-0.46819258","0.82885265,0.9252621,0.96587193","0.40127137,0.61905426,0.51636785,0.19384436,0.623775,-0.52265763,-0.004502924,0.024619883,-0.46819258",0.0
"0.40127137,0.61905426,0.51636785,0.19384436,0.623775,-0.52265763,-0.004502924,0.024619883,-0.46819258","0.86163974,0.93710625,0.969141","0.4835517,0.74790156,0.6204832,0.013982178,0.38246423,-0.6968149,-0.004502924,0.024619883,-0.46819258",0.0
"0.4835517,0.74790156,0.6204832,0.013982178,0.38246423,-0.6968149,-0.004502924,0.024619883,-0.46819258","0.6974362,0.718819,0.96238375","0.5501518,0.84673554,0.7238726,-0.028143877,0.14024432,-0.68641734,-0.004502924,0.024619883,-0.46819258",0.0
"0.5501518,0.84673554,0.7238726,-0.028143877,0.14024432,-0.68641734,-0.004502924,0.024619883,-0.46819258","-0.18006879,-0.22893918,0.9618739","0.53295654,0.8152576,0.8272072,-0.013779828,0.07659526,-0.55847687,-0.004502924,0.024619883,-0.46819258",0.0
"0.53295654,0.8152576,0.8272072,-0.013779828,0.07659526,-0.55847687,-0.004502924,0.024619883,-0.46819258","-0.041948378,-0.114151776,0.63528013","0.52895075,0.7995624,0.8954556,-0.009426772,0.039615583,-0.4652688,-0.004502924,0.024619883,-0.46819258",0.0
"0.0,0.0,0.0,2.8652207e-07,0.005789075,0.993462,-0.23421054,-0.0057894737,-0.35214671","0.37706983,-0.8866289,-0.96857023","0.036007427,-0.12190692,-0.10405411,-0.39216337,-0.03872563,0.8896716,-0.23421054,-0.0057894737,-0.35214671",0.0
"0.036007427,-0.12190692,-0.10405411,-0.39216337,-0.03872563,0.8896716,-0.23421054,-0.0057894737,-0.35214671","0.32367015,-0.7709296,-0.966936","0.06691557,-0.22790577,-0.20793265,-0.6625318,-0.13544765,0.6320631,-0.23421054,-0.0057894737,-0.35214671",0.0
"0.06691557,-0.22790577,-0.20793265,-0.6625318,-0.13544765,0.6320631,-0.23421054,-0.0057894737,-0.35214671","0.20278025,-0.7545908,-0.96531385","0.08627961,-0.33165815,-0.31163692,-0.79840785,-0.21586503,0.28312942,-0.23421054,-0.0057894737,-0.35214671",0.0
"0.08627961,-0.33165815,-0.31163692,-0.79840785,-0.21586503,0.28312942,-0.23421054,-0.0057894737,-0.35214671","-0.0496673,-0.7874351,-0.94619703","0.08153675,-0.43992648,-0.41328743,-0.8070968,-0.20540164,-0.0899864,-0.23421054,-0.0057894737,-0.35214671",0.0
"0.08153675,-0.43992648,-0.41328743,-0.8070968,-0.20540164,-0.0899864,-0.23421054,-0.0057894737,-0.35214671","-0.08153528,-0.6612866,-0.954675","0.07375072,-0.53085,-0.5158487,-0.69330543,-0.15762441,-0.37509984,-0.23421054,-0.0057894737,-0.35214671",0.0
"0.07375072,-0.53085,-0.5158487,-0.69330543,-0.15762441,-0.37509984,-0.23421054,-0.0057894737,-0.35214671","0.085506916,0.06016016,-0.9663699","0.08191601,-0.52257836,-0.61966646,-0.56515396,-0.14275229,-0.42595926,-0.23421054,-0.0057894737,-0.35214671",0.0
"0.08191601,-0.52257836,-0.61966646,-0.56515396,-0.14275229,-0.42595926,-0.23421054,-0.0057894737,-0.35214671","-0.0773468,-0.07749128,-0.9552118","0.07452995,-0.53323305,-0.72228545,-0.42379263,-0.09513022,-0.457664,-0.23421054,-0.0057894737,-0.35214671",0.0
"0.07452995,-0.53323305,-0.72228545,-0.42379263,-0.09513022,-0.457664,-0.23421054,-0.0057894737,-0.35214671","-0.22103578,0.0730381,-0.91290694","0.053422637,-0.5231908,-0.8203596,-0.30262566,-0.04540078,-0.42355427,-0.23421054,-0.0057894737,-0.35214671",0.0
"0.053422637,-0.5231908,-0.8203596,-0.30262566,-0.04540078,-0.42355427,-0.23421054,-0.0057894737,-0.35214671","-0.18131614,0.35098016,-0.6168419","0.036108255,-0.47493285,-0.8866273,-0.24323179,-0.021883674,-0.35756108,-0.23421054,-0.0057894737,-0.35214671",0.0
"0.036108255,-0.47493285,-0.8866273,-0.24323179,-0.021883674,-0.35756108,-0.23421054,-0.0057894737,-0.35214671","-0.122541904,0.015560746,-0.09429371","0.024406388,-0.47279337,-0.89675736,-0.23177087,-0.011999375,-0.3504186,-0.23421054,-0.0057894737,-0.35214671",0.0
"0.0,0.0,0.0,2.8652207e-07,0.005789075,0.993462,0.56590647,-0.20040935,-0.4906826","-0.30591744,0.93724835,0.9156697","-0.02921289,0.12886684,0.09837097,0.39980605,-0.030981924,0.8876069,0.56590647,-0.20040935,-0.4906826",0.0
"-0.02921289,0.12886684,0.09837097,0.39980605,-0.030981924,0.8876069,0.56590647,-0.20040935,-0.4906826","-0.12678528,0.89907527,0.8536632","-0.04131996,0.25248507,0.19008055,0.69490254,-0.08487724,0.61537653,0.56590647,-0.20040935,-0.4906826",0.0
"-0.04131996,0.25248507,0.19008055,0.69490254,-0.08487724,0.61537653,0.56590647,-0.20040935,-0.4906826","-0.15765595,0.9506184,0.90090823","-0.05637496,0.3831902,0.28686568,0.853052,-0.14680013,0.21531528,0.56590647,-0.20040935,-0.4906826",0.0
"-0.05637496,0.3831902,0.28686568,0.853052,-0.14680013,0.21531528,0.56590647,-0.20040935,-0.4906826","-0.43841493,0.9258747,0.95804","-0.098240405,0.5104933,0.3897885,0.8087518,-0.25176957,-0.20422998,0.56590647,-0.20040935,-0.4906826",0.0
"-0.098240405,0.5104933,0.3897885,0.8087518,-0.25176957,-0.20422998,0.56590647,-0.20040935,-0.4906826","-0.4557008,0.67676485,0.89626205","-0.14175652,0.603545,0.48607445,0.6374406,-0.29784986,-0.47822592,0.56590647,-0.20040935,-0.4906826",0.0
"-0.14175652,0.603545,0.48607445,0.6374406,-0.29784986,-0.47822592,0.56590647,-0.20040935,-0.4906826","0.21147501,-0.08951235,0.62213445","-0.1215622,0.5912376,0.5529107,0.58321995,-0.22799182,-0.49763048,0.56590647,-0.20040935,-0.4906826",0.0
"-0.1215622,0.5912376,0.5529107,0.58321995,-0.22799182,-0.49763048,0.56590647,-0.20040935,-0.4906826","0.050451756,-0.11340994,0.22655034","-0.11674442,0.5756444,0.5772491,0.56682193,-0.21153967,-0.4850986,0.56590647,-0.20040935,-0.4906826",0.0
"0.0,0.0,0.0,2.8652207e-07,0.005789075,0.993462,0.024795322,0.070935674,-0.29193363","0.5965495,0.93534887,0.93937063","0.056966152,0.12860566,0.100917175,0.39598995,0.07751765,0.88575494,0.024795322,0.070935674,-0.29193363",0.0
"0.056966152,0.12860566,0.100917175,0.39598995,0.07751765,0.88575494,0.024795322,0.070935674,-0.29193363","-0.65445447,0.8855574,0.95503736","-0.0055294954,0.25036526,0.20351745,0.70557487,-0.006467896,0.60033673,0.024795322,0.070935674,-0.29193363",0.0
"-0.0055294954,0.25036526,0.20351745,0.70557487,-0.006467896,0.60033673,0.024795322,0.070935674,-0.29193363","-0.92066747,0.92815924,0.9079144","-0.09344656,0.3779824,0.30105525,0.82550144,-0.24350631,0.20420325,0.024795322,0.070935674,-0.29193363",0.0
"-0.09344656,0.3779824,0.30105525,0.82550144,-0.24350631,0.20420325,0.024795322,0.070935674,-0.29193363","-0.96634763,0.9621146,0.9381926","-0.18572575,0.5102683,0.40184587,0.70162106,-0.45623618,-0.21877149,0.024795322,0.070935674,-0.29193363",0.0
"-0.18572575,0.5102683,0.40184587,0.70162106,-0.45623618,-0.21877149,0.024795322,0.070935674,-0.29193363","-0.91881394,0.97690034,0.9745314","-0.2734658,0.64458704,0.50654036,0.42569235,-0.48472145,-0.55805486,0.024795322,0.070935674,-0.29193363",0.0
"-0.2734658,0.64458704,0.50654036,0.42569235,-0.48472145,-0.55805486,0.024795322,0.070935674,-0.29193363","-0.3962214,0.9691212,0.9630213","-0.3113021,0.77783626,0.6099983,0.20713882,-0.29713234,-0.7279258,0.024795322,0.070935674,-0.29193363",0.0
"-0.3113021,0.77783626,0.6099983,0.20713882,-0.29713234,-0.7279258,0.024795322,0.070935674,-0.29193363","-0.82165617,0.9879378,0.9543171","-0.38976428,0.9136727,0.71252114,0.03184463,-0.071190484,-0.7170179,0.024795322,0.070935674,-0.29193363",0.0
"-0.38976428,0.9136727,0.71252114,0.03184463,-0.071190484,-0.7170179,0.024795322,0.070935674,-0.29193363","-0.9121678,0.95185447,0.97302485","-0.47686678,0.9999807,0.81705683,-2.4257959e-05,0.08007239,-0.5726161,0.024795322,0.070935674,-0.29193363",0.0
"-0.47686678,0.9999807,0.81705683,-2.4257959e-05,0.08007239,-0.5726161,0.024795322,0.070935674,-0.29193363","-0.8977018,0.7615304,0.97731364","-0.56258816,0.9999802,0.9220499,0.024194654,0.0918217,-0.41016284,0.024795322,0.070935674,-0.29193363",0.0
"-0.56258816,0.9999802,0.9220499,0.024194654,0.0918217,-0.41016284,0.024795322,0.070935674,-0.29193363","-0.49387723,0.76205504,0.90161276","-0.6097474,0.99998003,0.9999978,0.031883087,0.07164949,-0.29014668,0.024795322,0.070935674,-0.29193363",0.0
"0.0,0.0,0.0,2.8652207e-07,0.005789075,0.993462,0.18596493,0.7108187,-0.42556617","0.862908,0.91529965,0.9558146","0.082401454,0.125849,0.10268377,0.3853332,0.10803056,0.88698757,0.18596493,0.7108187,-0.42556617",0.0
"0.082401454,0.125849,0.10268377,0.3853332,0.10803056,0.88698757,0.18596493,0.7108187,-0.42556617","0.9464936,0.9059596,0.9090588","0.17278473,0.25041378,0.20034455,0.5995392,0.36844498,0.6046899,0.18596493,0.7108187,-0.42556617",0.0
"0.17278473,0.25041378,0.20034455,0.5995392,0.36844498,0.6046899,0.18596493,0.7108187,-0.42556617","0.95774245,0.8936864,0.95373774","0.2642422,0.37329108,0.3028052,0.5743029,0.63672185,0.21131375,0.18596493,0.7108187,-0.42556617",0.0
"0.2642422,0.37329108,0.3028052,0.5743029,0.63672185,0.21131375,0.18596493,0.7108187,-0.42556617","0.91133547,0.8258542,0.9828142","0.3512681,0.48684186,0.4083895,0.3709794,0.7481733,-0.17913474,0.18596493,0.7108187,-0.42556617",0.0
"0.3512681,0.48684186,0.4083895,0.3709794,0.7481733,-0.17913474,0.18596493,0.7108187,-0.42556617","0.7864646,0.6776775,0.7663245","0.42636976,0.58001906,0.4907162,0.15794507,0.6958519,-0.4409449,0.18596493,0.7108187,-0.42556617",0.0
"0.42636976,0.58001906,0.4907162,0.15794507,0.6958519,-0.4409449,0.18596493,0.7108187,-0.42556617","-0.08822954,-0.07003778,-0.125826","0.4179445,0.5703893,0.4771986,0.18192646,0.7127442,-0.41316536,0.18596493,0.7108187,-0.42556617",0.0
"0.0,0.0,0.0,2.8652207e-07,0.005789075,0.993462,0.08274854,0.09842105,-0.7433683","0.5943235,0.97845566,0.9514649","0.056753587,0.13453262,0.10221647,0.4089306,0.079576,0.87873155,0.08274854,0.09842105,-0.7433683",0.0
"0.056753587,0.13453262,0.10221647,0.4089306,0.079576,0.87873155,0.08274854,0.09842105,-0.7433683","0.89826584,0.97152686,0.93494797","0.14253145,0.2681126,0.2026585,0.65501714,0.32103765,0.570486,0.08274854,0.09842105,-0.7433683",0.0
"0.14253145,0.2681126,0.2026585,0.65501714,0.32103765,0.570486,0.08274854,0.09842105,-0.7433683","0.59672165,0.95950127,0.88131773","0.19951405,0.40003908,0.297339,0.7046511,0.51746625,0.16328934,0.08274854,0.09842105,-0.7433683",0.0
"0.19951405,0.40003908,0.297339,0.7046511,0.51746625,0.16328934,0.08274854,0.09842105,-0.7433683","-0.12358761,0.95423794,0.9192871","0.18771233,0.5312419,0.39609855,0.6924732,0.47033116,-0.2546198,0.08274854,0.09842105,-0.7433683",0.0
"0.18771233,0.5312419,0.39609855,0.6924732,0.47033116,-0.2546198,0.08274854,0.09842105,-0.7433683","0.113560796,0.954818,0.92624474","0.19855656,0.6625245,0.49560556,0.519164,0.38074318,-0.58094484,0.08274854,0.09842105,-0.7433683",0.0
"0.19855656,0.6625245,0.49560556,0.519164,0.38074318,-0.58094484,0.08274854,0.09842105,-0.7433683","-0.16707039,0.9589218,0.93392706","0.18260254,0.79437137,0.59593785,0.30018213,0.2008557,-0.74810183,0.08274854,0.09842105,-0.7433683",0.0
"0.18260254,0.79437137,0.59593785,0.30018213,0.2008557,-0.74810183,0.08274854,0.09842105,-0.7433683","0.4761908,0.71811116,0.84740734","0.22807531,0.893108,0.6869753,0.092382915,0.08813686,-0.74001306,0.08274854,0.09842105,-0.7433683",0.0
"0.0,0.0,0.0,2.8652207e-07,0.005789075,0.993462,-0.06643275,-0.7316959,-0.42556617","0.9477658,-0.9143978,-0.96273726","0.09050474,-0.12572499,-0.10342748,-0.38631588,-0.10686862,0.8864898,-0.06643275,-0.7316959,-0.42556617",0.0
"0.09050474,-0.12572499,-0.10342748,-0.38631588,-0.10686862,0.8864898,-0.06643275,-0.7316959,-0.42556617","0.9790362,-0.7302581,-0.9605836","0.1839956,-0.22613172,-0.2066236,-0.56660193,-0.3627225,0.6367784,-0.06643275,-0.7316959,-0.42556617",0.0
"0.1839956,-0.22613172,-0.2066236,-0.56660193,-0.3627225,0.6367784,-0.06643275,-0.7316959,-0.42556617","0.9825957,-0.7887462,-0.9328286","0.27782637,-0.33458027,-0.30683795,-0.53751546,-0.6317785,0.28471467,-0.06643275,-0.7316959,-0.42556617",0.0
"0.27782637,-0.33458027,-0.30683795,-0.53751546,-0.6317785,0.28471467,-0.06643275,-0.7316959,-0.42556617","0.9666636,-0.73710215,-0.9129702","0.37013572,-0.43592808,-0.40491888,-0.3379481,-0.76727957,-0.070547245,-0.06643275,-0.7316959,-0.42556617",0.0
"0.37013572,-0.43592808,-0.40491888,-0.3379481,-0.76727957,-0.070547245,-0.06643275,-0.7316959,-0.42556617","0.8835182,-0.681332,-0.73887134","0.4545053,-0.5296078,-0.48429626,-0.1123015,-0.7397473,-0.345568,-0.06643275,-0.7316959,-0.42556617",0.0
"0.4545053,-0.5296078,-0.48429626,-0.1123015,-0.7397473,-0.345568,-0.06643275,-0.7316959,-0.42556617","0.23923302,-0.4256302,0.25496984","0.47735032,-0.5881298,-0.45690465,-0.059015825,-0.7465897,-0.42810097,-0.06643275,-0.7316959,-0.42556617",0.0
"0.0,0.0,0.0,2.8652207e-07,0.005789075,0.993462,-0.024210528,0.36239764,-0.6149007","0.8180783,0.94544506,0.896497","0.078120545,0.12999384,0.096311234,0.38731512,0.10297999,0.8881972,-0.024210528,0.36239764,-0.6149007",0.0
"0.078120545,0.12999384,0.096311234,0.38731512,0.10297999,0.8881972,-0.024210528,0.36239764,-0.6149007","0.9141135,0.9131366,0.9092119","0.16541176,0.25554544,0.19398843,0.6107177,0.35606542,0.604715,-0.024210528,0.36239764,-0.6149007",0.0
"0.16541176,0.25554544,0.19398843,0.6107177,0.35606542,0.604715,-0.024210528,0.36239764,-0.6149007","0.84067464,0.84739983,0.90910506","0.24569008,0.37205857,0.29165417,0.6106389,0.6024033,0.23125191,-0.024210528,0.36239764,-0.6149007",0.0
"0.24569008,0.37205857,0.29165417,0.6106389,0.6024033,0.23125191,-0.024210528,0.36239764,-0.6149007","0.8054259,0.8799012,0.94852614","0.3226024,0.49304047,0.39355493,0.4427377,0.72136444,-0.17297332,-0.024210528,0.36239764,-0.6149007",0.0
"0.3226024,0.49304047,0.39355493,0.4427377,0.72136444,-0.17297332,-0.024210528,0.36239764,-0.6149007","0.67768824,0.90134454,0.95844066","0.3873167,0.6169708,0.49652076,0.23047951,0.6403421,-0.50781024,-0.024210528,0.36239764,-0.6149007",0.0
"0.3873167,0.6169708,0.49652076,0.23047951,0.6403421,-0.50781024,-0.024210528,0.36239764,-0.6149007","0.67098415,0.5399661,0.96534944","0.4513908,0.69121337,0.6002288,0.06605087,0.46722692,-0.6418535,-0.024210528,0.36239764,-0.6149007",0.0
"0.4513908,0.69121337,0.6002288,0.06605087,0.46722692,-0.6418535,-0.024210528,0.36239764,-0.6149007","0.52650976,-0.102368176,0.73466825","0.5016687,0.6771383,0.6791546,-0.007766504,0.37681082,-0.610423,-0.024210528,0.36239764,-0.6149007",0.0
"0.5016687,0.6771383,0.6791546,-0.007766504,0.37681082,-0.610423,-0.024210528,0.36239764,-0.6149007","0.14013016,-0.0014723539,0.0946542","0.51505005,0.676936,0.6893233,-0.022953978,0.3625913,-0.60636926,-0.024210528,0.36239764,-0.6149007",0.0
"0.0,0.0,0.0,2.8652207e-07,0.005789075,0.993462,0.17701755,-0.14508772,-0.54978424","-0.69083166,0.9659178,0.96230614","-0.0659694,0.13280873,0.10338116,0.4068876,-0.07963985,0.8794845,0.17701755,-0.14508772,-0.54978424",0.0
"-0.0659694,0.13280873,0.10338116,0.4068876,-0.07963985,0.8794845,0.17701755,-0.14508772,-0.54978424","-0.47330284,0.9444895,0.9652178","-0.11116639,0.26267117,0.20707509,0.68285877,-0.24251387,0.57384026,0.17701755,-0.14508772,-0.54978424",0.0
"-0.11116639,0.26267117,0.20707509,0.68285877,-0.24251387,0.57384026,0.17701755,-0.14508772,-0.54978424","-0.55116045,0.9254228,0.96063936","-0.16379821,0.38991207,0.31027716,0.7568223,-0.42125532,0.16478585,0.17701755,-0.14508772,-0.54978424",0.0
"-0.16379821,0.38991207,0.31027716,0.7568223,-0.42125532,0.16478585,0.17701755,-0.14508772,-0.54978424","-0.19533813,0.8641918,0.95336103","-0.18245159,0.50873405,0.41269735,0.69855696,-0.44401214,-0.22884673,0.17701755,-0.14508772,-0.54978424",0.0
"-0.18245159,0.50873405,0.41269735,0.69855696,-0.44401214,-0.22884673,0.17701755,-0.14508772,-0.54978424","-0.42487955,0.8404726,0.9622016","-0.2230245,0.6242947,0.51606727,0.5001394,-0.41424686,-0.53082496,0.17701755,-0.14508772,-0.54978424",0.0
"-0.2230245,0.6242947,0.51606727,0.5001394,-0.41424686,-0.53082496,0.17701755,-0.14508772,-0.54978424","-0.42561126,0.59231234,0.9774525","-0.26366732,0.70573467,0.6210755,0.2935076,-0.3112978,-0.65493953,0.17701755,-0.14508772,-0.54978424",0.0
"-0.26366732,0.70573467,0.6210755,0.2935076,-0.3112978,-0.65493953,0.17701755,-0.14508772,-0.54978424","0.037023544,0.009559035,0.94334626","-0.2601318,0.707049,0.7224198,0.20318212,-0.20808591,-0.61319596,0.17701755,-0.14508772,-0.54978424",0.0
"-0.2601318,0.707049,0.7224198,0.20318212,-0.20808591,-0.61319596,0.17701755,-0.14508772,-0.54978424","0.18003547,-0.21081054,0.5462369","-0.24293974,0.67806375,0.78110236,0.18035012,-0.16451043,-0.5529228,0.17701755,-0.14508772,-0.54978424",0.0
"-0.24293974,0.67806375,0.78110236,0.18035012,-0.16451043,-0.5529228,0.17701755,-0.14508772,-0.54978424","0.061104894,0.016258001,0.08050811","-0.23710467,0.6802992,0.78975147,0.17430584,-0.15285091,-0.547353,0.17701755,-0.14508772,-0.54978424",0.0
"0.0,0.0,0.0,2.8652207e-07,0.005789075,0.993462,0.06309942,0.22561403,-0.35214671","0.82680035,0.92989326,0.9437392","0.07895344,0.12785554,0.101386495,0.3888078,0.10443939,0.8861019,0.06309942,0.22561403,-0.35214671",0.0
"0.07895344,0.12785554,0.101386495,0.3888078,0.10443939,0.8861019,0.06309942,0.22561403,-0.35214671","0.93955564,0.8111651,0.9621595","0.16867419,0.23938659,0.20475191,0.59311855,0.35415277,0.6173138,0.06309942,0.22561403,-0.35214671",0.0
"0.16867419,0.23938659,0.20475191,0.59311855,0.35415277,0.6173138,0.06309942,0.22561403,-0.35214671","0.7695755,0.7964525,0.9460864","0.24216305,0.34889475,0.30639055,0.6046733,0.5836031,0.2562572,0.06309942,0.22561403,-0.35214671",0.0
"0.24216305,0.34889475,0.30639055,0.6046733,0.5836031,0.2562572,0.06309942,0.22561403,-0.35214671","0.24609637,0.8000035,0.9571049","0.26566347,0.45889112,0.40921295,0.5572171,0.62356776,-0.12320173,0.06309942,0.22561403,-0.35214671",0.0
"0.26566347,0.45889112,0.40921295,0.5572171,0.62356776,-0.12320173,0.06309942,0.22561403,-0.35214671","0.256845,0.7095182,0.963717","0.2901903,0.55644625,0.5127456,0.42464525,0.55758125,-0.4167816,0.06309942,0.22561403,-0.35214671",0.0
"0.2901903,0.55644625,0.5127456,0.42464525,0.55758125,-0.4167816,0.06309942,0.22561403,-0.35214671","0.32285333,0.58716273,0.96884036","0.32102045,0.6371782,0.6168287,0.26194665,0.4265635,-0.57751626,0.06309942,0.22561403,-0.35214671",0.0
"0.32102045,0.6371782,0.6168287,0.26194665,0.4265635,-0.57751626,0.06309942,0.22561403,-0.35214671","0.45534647,-0.001945138,0.9795084","0.36450273,0.6369108,0.7220579,0.14147994,0.32606536,-0.5580024,0.06309942,0.22561403,-0.35214671",0.0
"0.36450273,0.6369108,0.7220579,0.14147994,0.32606536,-0.5580024,0.06309942,0.22561403,-0.35214671","0.35674167,-0.6379427,0.9587388","0.398569,0.549197,0.82505584,0.08341679,0.27133897,-0.4399194,0.06309942,0.22561403,-0.35214671",0.0
"0.398569,0.549197,0.82505584,0.08341679,0.27133897,-0.4399194,0.06309942,0.22561403,-0.35214671","0.123189926,-0.43702328,0.64961123","0.41033274,0.48910862,0.894844,0.057511564,0.21956015,-0.36074033,0.06309942,0.22561403,-0.35214671",0.0
"0.0,0.0,0.0,2.8652207e-07,0.005789075,0.993462,-0.508655,-0.0057894737,-0.6336642","-0.51100343,-0.96693313,-0.92210203","-0.048797123,-0.13294834,-0.099062,-0.40408123,0.068293564,0.8829971,-0.508655,-0.0057894737,-0.6336642",0.0
"-0.048797123,-0.13294834,-0.099062,-0.40408123,0.068293564,0.8829971,-0.508655,-0.0057894737,-0.6336642","-0.029846013,-0.95232207,-0.94630104","-0.05164721,-0.26388773,-0.20072371,-0.71217304,0.12244474,0.58071685,-0.508655,-0.0057894737,-0.6336642",0.0
"-0.05164721,-0.26388773,-0.20072371,-0.71217304,0.12244474,0.58071685,-0.508655,-0.0057894737,-0.6336642","0.49398434,-0.9347092,-0.9599847","-0.004475291,-0.39240545,-0.30385545,-0.86861455,0.018002901,0.16943543,-0.508655,-0.0057894737,-0.6336642",0.0
"-0.004475291,-0.39240545,-0.30385545,-0.86861455,0.018002901,0.16943543,-0.508655,-0.0057894737,-0.6336642","0.52685606,-0.9094393,-0.95986825","0.04583564,-0.51744866,-0.4069747,-0.8230646,-0.113495015,-0.23960383,-0.508655,-0.0057894737,-0.6336642",0.0
"0.04583564,-0.51744866,-0.4069747,-0.8230646,-0.113495015,-0.23960383,-0.508655,-0.0057894737,-0.6336642","-0.13230509,-0.8805154,-0.91599905","0.033201467,-0.6385151,-0.505381,-0.64883274,-0.062102187,-0.5478658,-0.508655,-0.0057894737,-0.6336642",0.0
"0.033201467,-0.6385151,-0.505381,-0.64883274,-0.062102187,-0.5478658,-0.508655,-0.0057894737,-0.6336642","-0.1448859,-0.4032371,-0.63336","0.019365914,-0.69395816,-0.5734232,-0.50585353,-0.025013916,-0.64547396,-0.508655,-0.0057894737,-0.6336642",0.0
"0.019365914,-0.69395816,-0.5734232,-0.50585353,-0.025013916,-0.64547396,-0.508655,-0.0057894737,-0.6336642","-0.07584506,0.11843872,-0.076577246","0.0121232625,-0.67767346,-0.58164996,-0.5112583,-0.013687498,-0.6256727,-0.508655,-0.0057894737,-0.6336642",0.0
"0.0,0.0,0.0,2.8652207e-07,0.005789075,0.993462,-0.37216377,-0.056257308,-0.391635","-0.054209948,-0.9064791,-0.9559028","-0.005176662,-0.124636225,-0.102693245,-0.39763218,0.012257124,0.8881601,-0.37216377,-0.056257308,-0.391635",0.0
"-0.005176662,-0.124636225,-0.102693245,-0.39763218,0.012257124,0.8881601,-0.37216377,-0.056257308,-0.391635","0.47689056,-0.8689358,-0.9592753","0.040362924,-0.24411045,-0.20574881,-0.6932749,-0.08254804,0.6079249,-0.37216377,-0.056257308,-0.391635",0.0
"0.040362924,-0.24411045,-0.20574881,-0.6932749,-0.08254804,0.6079249,-0.37216377,-0.056257308,-0.391635","0.54015183,-0.8162835,-0.9733676","0.0919435,-0.35634527,-0.3103183,-0.81193894,-0.23523624,0.23481962,-0.37216377,-0.056257308,-0.391635",0.0
"0.0919435,-0.35634527,-0.3103183,-0.81193894,-0.23523624,0.23481962,-0.37216377,-0.056257308,-0.391635","0.25573325,-0.7803387,-0.9633652","0.11636417,-0.46363786,-0.4138132,-0.779625,-0.29222152,-0.1388502,-0.37216377,-0.056257308,-0.391635",0.0
"0.11636417,-0.46363786,-0.4138132,-0.779625,-0.29222152,-0.1388502,-0.37216377,-0.056257308,-0.391635","-0.2159707,-0.7869618,-0.97009367","0.09574054,-0.5718411,-0.51803094,-0.65581524,-0.1973651,-0.44654945,-0.37216377,-0.056257308,-0.391635",0.0
"0.09574054,-0.5718411,-0.51803094,-0.65581524,-0.1973651,-0.44654945,-0.37216377,-0.056257308,-0.391635","-0.26915324,-0.23431301,-0.9685628","0.07003836,-0.60405797,-0.6220842,-0.51029384,-0.10819616,-0.5366815,-0.37216377,-0.056257308,-0.391635",0.0
"0.07003836,-0.60405797,-0.6220842,-0.51029384,-0.10819616,-0.5366815,-0.37216377,-0.056257308,-0.391635","-0.17784184,0.5261359,-0.9073561","0.053055756,-0.53171706,-0.71956205,-0.4339786,-0.06714195,-0.45619103,-0.37216377,-0.056257308,-0.391635",0.0
"0.053055756,-0.53171706,-0.71956205,-0.4339786,-0.06714195,-0.45619103,-0.37216377,-0.056257308,-0.391635","0.0030694008,0.36031854,-0.5742933","0.053348854,-0.4821752,-0.7812587,-0.37874073,-0.058206573,-0.40068045,-0.37216377,-0.056257308,-0.391635",0.0
"0.0,0.0,0.0,2.8652207e-07,0.005789075,0.993462,-5.8479534e-05,0.069181286,-0.61392003","0.8008926,0.9764502,0.95907533","0.076479435,0.13425688,0.103034064,0.4036244,0.10484854,0.87831247,-5.8479534e-05,0.069181286,-0.61392003",0.0
"0.076479435,0.13425688,0.103034064,0.4036244,0.10484854,0.87831247,-5.8479534e-05,0.069181286,-0.61392003","0.9231994,0.9433422,0.96132994","0.1646383,0.26396158,0.20631032,0.6281086,0.36398274,0.5726477,-5.8479534e-05,0.069181286,-0.61392003",0.0
"0.1646383,0.26396158,0.20631032,0.6281086,0.36398274,0.5726477,-5.8479534e-05,0.069181286,-0.61392003","0.8163798,0.9198389,0.947283","0.24259664,0.39043474,0.30807754,0.62306255,0.60273874,0.16707897,-5.8479534e-05,0.069181286,-0.61392003",0.0
"0.24259664,0.39043474,0.30807754,0.62306255,0.60273874,0.16707897,-5.8479534e-05,0.069181286,-0.61392003","0.57204366,0.93839407,0.9554367","0.29722264,0.5194592,0.41072068,0.487239,0.66820365,-0.24813335,-5.8479534e-05,0.069181286,-0.61392003",0.0
"0.29722264,0.5194592,0.41072068,0.487239,0.66820365,-0.24813335,-5.8479534e-05,0.069181286,-0.61392003","0.6763874,0.9177096,0.9511409","0.36181274,0.64563954,0.51290226,0.26214173,0.57918376,-0.56273407,-5.8479534e-05,0.069181286,-0.61392003",0.0
"0.36181274,0.64563954,0.51290226,0.26214173,0.57918376,-0.56273407,-5.8479534e-05,0.069181286,-0.61392003","0.7617911,0.9205127,0.96952415","0.43455827,0.77220535,0.6170588,0.06768109,0.3529163,-0.72010887,-5.8479534e-05,0.069181286,-0.61392003",0.0
"0.43455827,0.77220535,0.6170588,0.06768109,0.3529163,-0.72010887,-5.8479534e-05,0.069181286,-0.61392003","0.6275847,0.65935576,0.969347","0.49448806,0.8628634,0.7211963,-0.0035787472,0.12773836,-0.6945613,-5.8479534e-05,0.069181286,-0.61392003",0.0
"0.49448806,0.8628634,0.7211963,-0.0035787472,0.12773836,-0.6945613,-5.8479534e-05,0.069181286,-0.61392003","-0.11403805,-0.15101188,0.6098944","0.48359826,0.84210014,0.78671753,-0.0012850651,0.087496854,-0.6141545,-5.8479534e-05,0.069181286,-0.61392003",0.0
"0.48359826,0.84210014,0.78671753,-0.0012850651,0.087496854,-0.6141545,-5.8479534e-05,0.069181286,-0.61392003","0.078897715,0.06707287,0.03183949","0.49113244,0.85132235,0.79013795,-0.0036856313,0.07559647,-0.6117781,-5.8479534e-05,0.069181286,-0.61392003",0.0
"0.0,0.0,0.0,2.8652207e-07,0.005789075,0.993462,-0.0328655,0.08935672,-0.45276338","0.7543317,0.9388267,0.9228146","0.072033204,0.12908384,0.09913855,0.39074206,0.09590614,0.8867608,-0.0328655,0.08935672,-0.45276338",0.0
"0.072033204,0.12908384,0.09913855,0.39074206,0.09590614,0.8867608,-0.0328655,0.08935672,-0.45276338","0.9180175,0.80232835,0.9455817","0.1596972,0.2393999,0.200723,0.6005978,0.33604175,0.6228632,-0.0328655,0.08935672,-0.45276338",0.0
"0.1596972,0.2393999,0.200723,0.6005978,0.33604175,0.6228632,-0.0328655,0.08935672,-0.45276338","0.88746,0.7456709,0.9427196","0.2444432,0.34192583,0.30199996,0.5968556,0.5844216,0.27734995,-0.0328655,0.08935672,-0.45276338",0.0
"0.2444432,0.34192583,0.30199996,0.5968556,0.5844216,0.27734995,-0.0328655,0.08935672,-0.45276338","0.71988606,0.8211237,0.9598057","0.3131871,0.45482618,0.40511248,0.45995003,0.7020487,-0.10948192,-0.0328655,0.08935672,-0.45276338",0.0
"0.3131871,0.45482618,0.40511248,0.45995003,0.7020487,-0.10948192,-0.0328655,0.08935672,-0.45276338","0.77937603,0.8566568,0.9706204","0.38761184,0.5726121,0.5093868,0.23494942,0.65429616,-0.44187516,-0.0328655,0.08935672,-0.45276338",0.0
"0.38761184,0.5726121,0.5093868,0.23494942,0.65429616,-0.44187516,-0.0328655,0.08935672,-0.45276338","0.7943474,0.9099531,0.97385347","0.46346626,0.697726,0.6140084,0.04531805,0.44367725,-0.6476596,-0.0328655,0.08935672,-0.45276338",0.0
"0.46346626,0.697726,0.6140084,0.04531805,0.44367725,-0.6476596,-0.0328655,0.08935672,-0.45276338","0.8187022,0.6802292,0.9735718","0.5416464,0.7912541,0.71859974,-0.033054754,0.20681636,-0.66760194,-0.0328655,0.08935672,-0.45276338",0.0
"0.5416464,0.7912541,0.71859974,-0.033054754,0.20681636,-0.66760194,-0.0328655,0.08935672,-0.45276338","0.17221272,-0.38274378,0.97385","0.55809146,0.73862886,0.82322097,-0.03220576,0.14260313,-0.54224616,-0.0328655,0.08935672,-0.45276338",0.0
"0.55809146,0.73862886,0.82322097,-0.03220576,0.14260313,-0.54224616,-0.0328655,0.08935672,-0.45276338","0.10514629,-0.16521245,0.64118624","0.56813216,0.71591306,0.892104,-0.026659807,0.09538675,-0.45547184,-0.0328655,0.08935672,-0.45276338",0.0
"0.0,0.0,0.0,2.8652207e-07,0.005789075,0.993462,-0.123274855,-0.19923976,-0.35214671","0.8514012,-0.85733235,-0.95677394","0.08130263,-0.117878795,-0.10278683,-0.373565,-0.09156348,0.8945314,-0.123274855,-0.19923976,-0.35214671",0.0
"0.08130263,-0.117878795,-0.10278683,-0.373565,-0.09156348,0.8945314,-0.123274855,-0.19923976,-0.35214671","0.73326576,-0.6136339,-0.96531975","0.15132418,-0.2022503,-0.20649175,-0.56862456,-0.28620413,0.6751004,-0.123274855,-0.19923976,-0.35214671",0.0
"0.15132418,-0.2022503,-0.20649175,-0.56862456,-0.28620413,0.6751004,-0.123274855,-0.19923976,-0.35214671","0.6070595,-0.5144051,-0.9597031","0.20929396,-0.27297837,-0.30959326,-0.6163019,-0.46855444,0.4010758,-0.123274855,-0.19923976,-0.35214671",0.0
"0.20929396,-0.27297837,-0.30959326,-0.6163019,-0.46855444,0.4010758,-0.123274855,-0.19923976,-0.35214671","0.5028732,-0.6211663,-0.9697354","0.2573147,-0.35838556,-0.41377255,-0.56707406,-0.5853745,0.07363803,-0.123274855,-0.19923976,-0.35214671",0.0
"0.2573147,-0.35838556,-0.41377255,-0.56707406,-0.5853745,0.07363803,-0.123274855,-0.19923976,-0.35214671","0.29771328,-0.6898719,-0.98054","0.28574416,-0.45323944,-0.5191126,-0.4634252,-0.5719444,-0.24077849,-0.123274855,-0.19923976,-0.35214671",0.0
"0.28574416,-0.45323944,-0.5191126,-0.4634252,-0.5719444,-0.24077849,-0.123274855,-0.19923976,-0.35214671","0.32209897,-0.695755,-0.9770853","0.31650227,-0.5489022,-0.62408143,-0.31012985,-0.4663993,-0.46427667,-0.123274855,-0.19923976,-0.35214671",0.0
"0.31650227,-0.5489022,-0.62408143,-0.31012985,-0.4663993,-0.46427667,-0.123274855,-0.19923976,-0.35214671","0.019133687,-0.34408188,-0.9770751","0.3183294,-0.59621173,-0.72904927,-0.20978937,-0.31605685,-0.5190211,-0.123274855,-0.19923976,-0.35214671",0.0
"0.3183294,-0.59621173,-0.72904927,-0.20978937,-0.31605685,-0.5190211,-0.123274855,-0.19923976,-0.35214671","-0.038330138,0.49936783,-0.9389757","0.31466916,-0.5275513,-0.82992405,-0.16465577,-0.23957041,-0.42218804,-0.123274855,-0.19923976,-0.35214671",0.0
"0.31466916,-0.5275513,-0.82992405,-0.16465577,-0.23957041,-0.42218804,-0.123274855,-0.19923976,-0.35214671","0.06127,0.4154743,-0.62314284","0.32051998,-0.47042578,-0.89686865,-0.12938505,-0.19378448,-0.3490098,-0.123274855,-0.19923976,-0.35214671",0.0
"0.0,0.0,0.0,2.8652207e-07,0.005789075,0.993462,-0.19567253,-0.15964912,-0.69426954","0.38261247,-0.95120287,-0.9356691","0.03653671,-0.13078551,-0.10051952,-0.4052443,-0.040893205,0.8839315,-0.19567253,-0.15964912,-0.69426954",0.0
"0.03653671,-0.13078551,-0.10051952,-0.4052443,-0.040893205,0.8839315,-0.19567253,-0.15964912,-0.69426954","0.62741303,-0.9240695,-0.9540565","0.0964501,-0.25784034,-0.2030144,-0.6847898,-0.20802352,0.5880869,-0.19567253,-0.15964912,-0.69426954",0.0
"0.0964501,-0.25784034,-0.2030144,-0.6847898,-0.20802352,0.5880869,-0.19567253,-0.15964912,-0.69426954","0.6802627,-0.8725907,-0.9533285","0.16141026,-0.3778171,-0.30543107,-0.7545318,-0.41254964,0.19775462,-0.19567253,-0.15964912,-0.69426954",0.0
"0.16141026,-0.3778171,-0.30543107,-0.7545318,-0.41254964,0.19775462,-0.19567253,-0.15964912,-0.69426954","0.6135738,-0.84009576,-0.9485803","0.2200021,-0.493326,-0.40733767,-0.6471438,-0.52785873,-0.19102375,-0.19567253,-0.15964912,-0.69426954",0.0
"0.2200021,-0.493326,-0.40733767,-0.6471438,-0.52785873,-0.19102375,-0.19567253,-0.15964912,-0.69426954","0.27973485,-0.92087203,-0.9639536","0.24671476,-0.6199412,-0.5108957,-0.47527432,-0.45746076,-0.5211036,-0.19567253,-0.15964912,-0.69426954",0.0
"0.24671476,-0.6199412,-0.5108957,-0.47527432,-0.45746076,-0.5211036,-0.19567253,-0.15964912,-0.69426954","-0.09153485,-0.8814412,-0.9285067","0.23797384,-0.7411348,-0.6106458,-0.3000139,-0.27026513,-0.69340235,-0.19567253,-0.15964912,-0.69426954",0.0
"0.23797384,-0.7411348,-0.6106458,-0.3000139,-0.27026513,-0.69340235,-0.19567253,-0.15964912,-0.69426954","-0.06929642,-0.2716543,-0.6137211","0.23135655,-0.77848595,-0.67657816,-0.20882314,-0.17794304,-0.6925851,-0.19567253,-0.15964912,-0.69426954",0.0
"0.23135655,-0.77848595,-0.67657816,-0.20882314,-0.17794304,-0.6925851,-0.19567253,-0.15964912,-0.69426954","-0.06154275,-0.025434256,-0.089592755","0.22547965,-0.7819831,-0.6862032,-0.19997722,-0.16369542,-0.688139,-0.19567253,-0.15964912,-0.69426954",0.0
"0.0,0.0,0.0,2.8652207e-07,0.005789075,0.993462,-0.08883041,-0.07649123,-0.44393736","0.7707701,-0.9207969,-0.9465594","0.073602945,-0.12660484,-0.10168947,-0.39112368,-0.08613946,0.8870751,-0.08883041,-0.07649123,-0.44393736",0.0
"0.073602945,-0.12660484,-0.10168947,-0.39112368,-0.08613946,0.8870751,-0.08883041,-0.07649123,-0.44393736","0.7996042,-0.7751629,-0.9552101","0.14995934,-0.23318578,-0.2043083,-0.6099137,-0.30417198,0.6283053,-0.08883041,-0.07649123,-0.44393736",0.0
"0.14995934,-0.23318578,-0.2043083,-0.6099137,-0.30417198,0.6283053,-0.08883041,-0.07649123,-0.44393736","0.49319696,-0.77229506,-0.9470302","0.19705607,-0.3393724,-0.30604833,-0.68195415,-0.47878873,0.27622896,-0.08883041,-0.07649123,-0.44393736",0.0
"0.19705607,-0.3393724,-0.30604833,-0.68195415,-0.47878873,0.27622896,-0.08883041,-0.07649123,-0.44393736","0.21662843,-0.7967298,-0.9527564","0.21774253,-0.44891867,-0.40840355,-0.65213805,-0.5242818,-0.101783015,-0.08883041,-0.07649123,-0.44393736",0.0
"0.21774253,-0.44891867,-0.40840355,-0.65213805,-0.5242818,-0.101783015,-0.08883041,-0.07649123,-0.44393736","0.4193678,-0.82006526,-0.95514023","0.2577891,-0.56167346,-0.5110148,-0.48683125,-0.50286573,-0.42443445,-0.08883041,-0.07649123,-0.44393736",0.0
"0.2577891,-0.56167346,-0.5110148,-0.48683125,-0.50286573,-0.42443445,-0.08883041,-0.07649123,-0.44393736","-0.1464057,-0.7360368,-0.9578694","0.24380842,-0.66287476,-0.61391926,-0.35052225,-0.32911247,-0.6082572,-0.08883041,-0.07649123,-0.44393736",0.0
"0.24380842,-0.66287476,-0.61391926,-0.35052225,-0.32911247,-0.6082572,-0.08883041,-0.07649123,-0.44393736","0.2675221,-0.44213295,-0.97013724","0.26935485,-0.72366583,-0.7181416,-0.18986571,-0.2057488,-0.6275507,-0.08883041,-0.07649123,-0.44393736",0.0
"0.26935485,-0.72366583,-0.7181416,-0.18986571,-0.2057488,-0.6275507,-0.08883041,-0.07649123,-0.44393736","-0.033362985,0.29749513,-0.9178363","0.26616892,-0.68276185,-0.8167453,-0.13728634,-0.14335643,-0.5252593,-0.08883041,-0.07649123,-0.44393736",0.0
"0.26616892,-0.68276185,-0.8167453,-0.13728634,-0.14335643,-0.5252593,-0.08883041,-0.07649123,-0.44393736","-0.22305161,0.29417622,-0.6289753","0.24486911,-0.6423142,-0.8843165,-0.11459119,-0.10289697,-0.44165266,-0.08883041,-0.07649123,-0.44393736",0.0
"0.24486911,-0.6423142,-0.8843165,-0.11459119,-0.10289697,-0.44165266,-0.08883041,-0.07649123,-0.44393736","-0.07817745,-0.10238159,-0.0792644","0.23740374,-0.6563912,-0.8928319,-0.10413061,-0.08831731,-0.43751267,-0.08883041,-0.07649123,-0.44393736",0.0
"0.23740374,-0.6563912,-0.8928319,-0.10413061,-0.08831731,-0.43751267,-0.08883041,-0.07649123,-0.44393736","-0.043017685,-0.11944312,-0.0012111068","0.23329586,-0.672814,-0.89296204,-0.097494066,-0.07997371,-0.44262278,-0.08883041,-0.07649123,-0.44393736",0.0
"0.0,0.0,0.0,2.8652207e-07,0.005789075,0.993462,0.032982457,-0.060818713,-0.61392003","0.87891626,0.9588294,0.95614636","0.083930135,0.13183412,0.102719404,0.39614987,0.112941146,0.88103,0.032982457,-0.060818713,-0.61392003",0.0
"0.083930135,0.13183412,0.102719404,0.39614987,0.112941146,0.88103,0.032982457,-0.060818713,-0.61392003","0.4393816,0.9501151,0.94180036","0.12588789,0.26247007,0.2038976,0.66451997,0.2837012,0.5787153,0.032982457,-0.060818713,-0.61392003",0.0
"0.12588789,0.26247007,0.2038976,0.66451997,0.2837012,0.5787153,0.032982457,-0.060818713,-0.61392003","0.9573178,0.95289207,0.9114206","0.21730478,0.39348784,0.30181208,0.67118365,0.55320823,0.17030184,0.032982457,-0.060818713,-0.61392003",0.0
"0.21730478,0.39348784,0.30181208,0.67118365,0.55320823,0.17030184,0.032982457,-0.060818713,-0.61392003","0.9887816,0.9671283,0.8857796","0.31172627,0.52646303,0.39697188,0.46219265,0.6984799,-0.24591039,0.032982457,-0.060818713,-0.61392003",0.0
"0.31172627,0.52646303,0.39697188,0.46219265,0.6984799,-0.24591039,0.032982457,-0.060818713,-0.61392003","0.9176979,0.9766495,0.91709554","0.39935973,0.6607474,0.495496,0.19521132,0.61533785,-0.57809764,0.032982457,-0.060818713,-0.61392003",0.0
"0.39935973,0.6607474,0.495496,0.19521132,0.61533785,-0.57809764,0.032982457,-0.060818713,-0.61392003","0.9086971,0.97150826,0.93717194","0.4861337,0.7943248,0.5961769,0.009929965,0.3607794,-0.74796635,0.032982457,-0.060818713,-0.61392003",0.0
"0.4861337,0.7943248,0.5961769,0.009929965,0.3607794,-0.74796635,0.032982457,-0.060818713,-0.61392003","0.9838506,0.8998661,0.93895376","0.5800843,0.91805184,0.6970492,-0.02732418,0.083046004,-0.73563546,0.032982457,-0.060818713,-0.61392003",0.0
"0.5800843,0.91805184,0.6970492,-0.02732418,0.083046004,-0.73563546,0.032982457,-0.060818713,-0.61392003","0.96621394,0.6272526,0.7333368","0.6723536,0.9999808,0.7758368,0.027256059,-0.05655209,-0.6339273,0.032982457,-0.060818713,-0.61392003",0.0
"0.6723536,0.9999808,0.7758368,0.027256059,-0.05655209,-0.6339273,0.032982457,-0.060818713,-0.61392003","0.17715812,0.25802827,0.10435152","0.6892738,0.9999808,0.7870517,0.033216797,-0.059451986,-0.61747116,0.032982457,-0.060818713,-0.61392003",0.0
"0.0,0.0,0.0,2.8652207e-07,0.005789075,0.993462,-0.04789474,-0.002105263,-0.4651852","0.17504859,-0.9686157,-0.955581","0.016715866,-0.13317968,-0.10265867,-0.4141774,-0.01597321,0.8797255,-0.04789474,-0.002105263,-0.4651852",0.0
"0.016715866,-0.13317968,-0.10265867,-0.4141774,-0.01597321,0.8797255,-0.04789474,-0.002105263,-0.4651852","0.28472078,-0.8950581,-0.93461025","0.04390463,-0.25624558,-0.20306441,-0.70751363,-0.09236645,0.590796,-0.04789474,-0.002105263,-0.4651852",0.0
"0.04390463,-0.25624558,-0.20306441,-0.70751363,-0.09236645,0.590796,-0.04789474,-0.002105263,-0.4651852","0.375188,-0.88899803,-0.9242837","0.07973236,-0.37847826,-0.30236077,-0.8353529,-0.20775838,0.20113422,-0.04789474,-0.002105263,-0.4651852",0.0
"0.07973236,-0.37847826,-0.30236077,-0.8353529,-0.20775838,0.20113422,-0.04789474,-0.002105263,-0.4651852","0.5200329,-0.87010384,-0.94235677","0.12939171,-0.49811313,-0.40359873,-0.77156717,-0.32583547,-0.19611886,-0.04789474,-0.002105263,-0.4651852",0.0
"0.12939171,-0.49811313,-0.40359873,-0.77156717,-0.32583547,-0.19611886,-0.04789474,-0.002105263,-0.4651852","-0.12450129,-0.88042986,-0.9113681","0.11750275,-0.61916775,-0.5015075,-0.629224,-0.23722723,-0.5144629,-0.04789474,-0.002105263,-0.4651852",0.0
"0.11750275,-0.61916775,-0.5015075,-0.629224,-0.23722723,-0.5144629,-0.04789474,-0.002105263,-0.4651852","0.12779617,-0.6502576,-0.945462","0.12970635,-0.70857483,-0.603079,-0.41525197,-0.17293562,-0.6610789,-0.04789474,-0.002105263,-0.4651852",0.0
"0.12970635,-0.70857483,-0.603079,-0.41525197,-0.17293562,-0.6610789,-0.04789474,-0.002105263,-0.4651852","0.051947236,-0.7208723,-0.9487273","0.13466693,-0.80769116,-0.70500135,-0.19128758,-0.079779506,-0.6877722,-0.04789474,-0.002105263,-0.4651852",0.0
"0.13466693,-0.80769116,-0.70500135,-0.19128758,-0.079779506,-0.6877722,-0.04789474,-0.002105263,-0.4651852","-0.18098891,-0.14608353,-0.9285745","0.117383815,-0.8277769,-0.8047586,-0.08157928,-0.025319744,-0.5890404,-0.04789474,-0.002105263,-0.4651852",0.0
"0.117383815,-0.8277769,-0.8047586,-0.08157928,-0.025319744,-0.5890404,-0.04789474,-0.002105263,-0.4651852","-0.22597629,0.45734537,-0.6932993","0.09580471,-0.76489437,-0.8792401,-0.07410982,-0.016942432,-0.4822385,-0.04789474,-0.002105263,-0.4651852",0.0
"0.09580471,-0.76489437,-0.8792401,-0.07410982,-0.016942432,-0.4822385,-0.04789474,-0.002105263,-0.4651852","-0.19455409,-0.028802812,-0.12562191","0.077226214,-0.7688547,-0.89273566,-0.062509835,-0.009506239,-0.46511796,-0.04789474,-0.002105263,-0.4651852",0.0
"0.0,0.0,0.0,2.8652207e-07,0.005789075,0.993462,-0.055614036,-0.050584793,-0.29193363","0.9283078,-0.95700073,-0.94015133","0.08864664,-0.13158268,-0.10100105,-0.39520437,-0.10697658,0.8827334,-0.055614036,-0.050584793,-0.29193363",0.0
"0.08864664,-0.13158268,-0.10100105,-0.39520437,-0.10697658,0.8827334,-0.055614036,-0.050584793,-0.29193363","0.7430277,-0.55785966,-0.94874686","0.15960039,-0.20828553,-0.20292552,-0.5668719,-0.30411357,0.6704219,-0.055614036,-0.050584793,-0.29193363",0.0
"0.15960039,-0.20828553,-0.20292552,-0.5668719,-0.30411357,0.6704219,-0.055614036,-0.050584793,-0.29193363","0.58618784,-0.4369309,-0.9556488","0.21557708,-0.2683613,-0.3055915,-0.60270995,-0.47723055,0.41596535,-0.055614036,-0.050584793,-0.29193363",0.0
"0.21557708,-0.2683613,-0.3055915,-0.60270995,-0.47723055,0.41596535,-0.055614036,-0.050584793,-0.29193363","0.5661942,-0.62666523,-0.9535937","0.26964453,-0.35452455,-0.40803665,-0.54482377,-0.6078511,0.08971693,-0.055614036,-0.050584793,-0.29193363",0.0
"0.26964453,-0.35452455,-0.40803665,-0.54482377,-0.6078511,0.08971693,-0.055614036,-0.050584793,-0.29193363","0.13524532,-0.8032387,-0.94753593","0.28255945,-0.4649658,-0.509831,-0.47350472,-0.5726621,-0.25256413,-0.055614036,-0.050584793,-0.29193363",0.0
"0.28255945,-0.4649658,-0.509831,-0.47350472,-0.5726621,-0.25256413,-0.055614036,-0.050584793,-0.29193363","-0.0052131414,-0.735507,-0.95360315","0.28206164,-0.5660943,-0.61227715,-0.36133987,-0.4334375,-0.48421305,-0.055614036,-0.050584793,-0.29193363",0.0
"0.28206164,-0.5660943,-0.61227715,-0.36133987,-0.4334375,-0.48421305,-0.055614036,-0.050584793,-0.29193363","0.36804783,-0.659887,-0.9684192","0.31720752,-0.65682536,-0.71631503,-0.19260405,-0.28703377,-0.57749325,-0.055614036,-0.050584793,-0.29193363",0.0
"0.31720752,-0.65682536,-0.71631503,-0.19260405,-0.28703377,-0.57749325,-0.055614036,-0.050584793,-0.29193363","0.09884179,-0.17913437,-0.9673383","0.3266462,-0.68145543,-0.82023674,-0.10624038,-0.1642244,-0.5214107,-0.055614036,-0.050584793,-0.29193363",0.0
"0.3266462,-0.68145543,-0.82023674,-0.10624038,-0.1642244,-0.5214107,-0.055614036,-0.050584793,-0.29193363","-0.09996939,0.3672831,-0.9113393","0.31709987,-0.630956,-0.9181425,-0.07363426,-0.10307339,-0.4012437,-0.055614036,-0.050584793,-0.29193363",0.0
"0.31709987,-0.630956,-0.9181425,-0.07363426,-0.10307339,-0.4012437,-0.055614036,-0.050584793,-0.29193363","-0.38320053,0.38855278,-0.6445212","0.280507,-0.57753205,-0.9873838,-0.059477925,-0.063030265,-0.30704245,-0.055614036,-0.050584793,-0.29193363",0.0
"0.280507,-0.57753205,-0.9873838,-0.059477925,-0.063030265,-0.30704245,-0.055614036,-0.050584793,-0.29193363","-0.18301958,0.046689987,-0.11169356","0.26302996,-0.57111245,-0.9993831,-0.05720112,-0.053542648,-0.2912518,-0.055614036,-0.050584793,-0.29193363",0.0
"0.0,0.0,0.0,2.8652207e-07,0.005789075,0.993462,-0.60029244,-0.0057894737,-0.4906826","-0.61099356,-0.953334,-0.92648566","-0.058345456,-0.13107853,-0.09953294,-0.39880314,0.07981727,0.8844651,-0.60029244,-0.0057894737,-0.4906826",0.0
"-0.058345456,-0.13107853,-0.09953294,-0.39880314,0.07981727,0.8844651,-0.60029244,-0.0057894737,-0.4906826","-0.14717197,-0.94597644,-0.9424764","-0.07239931,-0.26114544,-0.20078374,-0.6990621,0.16774312,0.58545333,-0.60029244,-0.0057894737,-0.4906826",0.0
"-0.07239931,-0.26114544,-0.20078374,-0.6990621,0.16774312,0.58545333,-0.60029244,-0.0057894737,-0.4906826","0.53060937,-0.9113798,-0.96425265","-0.021729972,-0.3864555,-0.304374,-0.86287296,0.064800166,0.18121636,-0.60029244,-0.0057894737,-0.4906826",0.0
"-0.021729972,-0.3864555,-0.304374,-0.86287296,0.064800166,0.18121636,-0.60029244,-0.0057894737,-0.4906826","0.61294675,-0.88859516,-0.9651685","0.03680199,-0.5086328,-0.40806264,-0.82693464,-0.090207726,-0.22303948,-0.60029244,-0.0057894737,-0.4906826",0.0
"0.03680199,-0.5086328,-0.40806264,-0.82693464,-0.090207726,-0.22303948,-0.60029244,-0.0057894737,-0.4906826","-0.27641964,-0.7731806,-0.88845205","0.0104059195,-0.61494124,-0.5035096,-0.67292595,-0.016213812,-0.508721,-0.60029244,-0.0057894737,-0.4906826",0.0
"0.0104059195,-0.61494124,-0.5035096,-0.67292595,-0.016213812,-0.508721,-0.60029244,-0.0057894737,-0.4906826","0.05707121,0.16007614,-0.48740375","0.015855804,-0.5929316,-0.5558716,-0.6204812,-0.025136465,-0.50157976,-0.60029244,-0.0057894737,-0.4906826",0.0
"0.015855804,-0.5929316,-0.5558716,-0.6204812,-0.025136465,-0.50157976,-0.60029244,-0.0057894737,-0.4906826","-0.05375898,0.11523032,-0.20392668","0.010722211,-0.57708806,-0.57777953,-0.60308295,-0.0145293595,-0.48744747,-0.60029244,-0.0057894737,-0.4906826",0.0
"0.0,0.0,0.0,2.8652207e-07,0.005789075,0.993462,-0.067602344,0.24327485,-0.69426954","0.8100915,0.94305396,0.9330385","0.077357866,0.12966508,0.100236915,0.39144915,0.103015594,0.88527703,-0.067602344,0.24327485,-0.69426954",0.0
"0.077357866,0.12966508,0.100236915,0.39144915,0.103015594,0.88527703,-0.067602344,0.24327485,-0.69426954","0.921144,0.8750112,0.92157745","0.16532044,0.24997462,0.19924256,0.6068737,0.35363406,0.6069791,-0.067602344,0.24327485,-0.69426954",0.0
"0.16532044,0.24997462,0.19924256,0.6068737,0.35363406,0.6069791,-0.067602344,0.24327485,-0.69426954","0.8681543,0.8156848,0.91632164","0.24822287,0.3621271,0.29768357,0.60061806,0.6020926,0.24254462,-0.067602344,0.24327485,-0.69426954",0.0
"0.24822287,0.3621271,0.29768357,0.60061806,0.6020926,0.24254462,-0.067602344,0.24327485,-0.69426954","0.9115343,0.8793669,0.9590609","0.33526778,0.48303556,0.40071607,0.41136274,0.7343138,-0.16158132,-0.067602344,0.24327485,-0.69426954",0.0
"0.33526778,0.48303556,0.40071607,0.41136274,0.7343138,-0.16158132,-0.067602344,0.24327485,-0.69426954","0.85185003,0.874092,0.96614337","0.41661328,0.60321873,0.5045094,0.17065316,0.6588211,-0.48998192,-0.067602344,0.24327485,-0.69426954",0.0
"0.41661328,0.60321873,0.5045094,0.17065316,0.6588211,-0.48998192,-0.067602344,0.24327485,-0.69426954","0.8070264,0.76355135,0.9622798","0.49367842,0.70820314,0.6078876,0.0030171312,0.4435232,-0.6599635,-0.067602344,0.24327485,-0.69426954",0.0
"0.49367842,0.70820314,0.6078876,0.0030171312,0.4435232,-0.6599635,-0.067602344,0.24327485,-0.69426954","0.5492232,0.50195336,0.7271737","0.54612523,0.77721924,0.6860083,-0.043836754,0.26029474,-0.68524426,-0.067602344,0.24327485,-0.69426954",0.0
"0.54612523,0.77721924,0.6860083,-0.043836754,0.26029474,-0.68524426,-0.067602344,0.24327485,-0.69426954","0.32029903,0.04632497,0.00912261","0.5767115,0.78358877,0.6869883,-0.066629514,0.24684012,-0.688576,-0.067602344,0.24327485,-0.69426954",0.0
"0.0,0.0,0.0,2.8652207e-07,0.005789075,0.993462,-0.042456143,0.054678362,-0.61392003","-0.48146975,-0.97452855,-0.95769066","-0.04597687,-0.13399267,-0.10288531,-0.41112375,0.06564942,0.87870836,-0.042456143,0.054678362,-0.61392003",0.0
"-0.04597687,-0.13399267,-0.10288531,-0.41112375,0.06564942,0.87870836,-0.042456143,0.054678362,-0.61392003","-0.37648046,-0.94682145,-0.9415021","-0.08192802,-0.26417577,-0.20403147,-0.69956094,0.19012725,0.57551444,-0.042456143,0.054678362,-0.61392003",0.0
"-0.08192802,-0.26417577,-0.20403147,-0.69956094,0.19012725,0.57551444,-0.042456143,0.054678362,-0.61392003","-0.24013638,-0.941976,-0.9518646","-0.10485931,-0.39369264,-0.30629086,-0.8204236,0.28660735,0.16294229,-0.042456143,0.054678362,-0.61392003",0.0
"-0.10485931,-0.39369264,-0.30629086,-0.8204236,0.28660735,0.16294229,-0.042456143,0.054678362,-0.61392003","0.100533485,-0.97121906,-0.9714775","-0.095259085,-0.5272303,-0.41065723,-0.7865545,0.24873567,-0.26371536,-0.042456143,0.054678362,-0.61392003",0.0
"-0.095259085,-0.5272303,-0.41065723,-0.7865545,0.24873567,-0.26371536,-0.042456143,0.054678362,-0.61392003","-0.29616797,-0.9608028,-0.9567373","-0.123540975,-0.6593358,-0.5134401,-0.5743095,0.24106382,-0.5839949,-0.042456143,0.054678362,-0.61392003",0.0
"-0.123540975,-0.6593358,-0.5134401,-0.5743095,0.24106382,-0.5839949,-0.042456143,0.054678362,-0.61392003","-0.43011588,-0.91354275,-0.88901967","-0.16461393,-0.7849433,-0.60894793,-0.30577487,0.18058069,-0.73457247,-0.042456143,0.054678362,-0.61392003",0.0
"-0.16461393,-0.7849433,-0.60894793,-0.30577487,0.18058069,-0.73457247,-0.042456143,0.054678362,-0.61392003","0.0030374527,-0.80722785,-0.9172344","-0.16432387,-0.895933,-0.707487,-0.08703915,0.05605887,-0.71881884,-0.042456143,0.054678362,-0.61392003",0.0
"-0.16432387,-0.895933,-0.707487,-0.08703915,0.05605887,-0.71881884,-0.042456143,0.054678362,-0.61392003","-0.27413112,0.3768201,-0.6741155","-0.1905014,-0.8441222,-0.7799075,-0.07221749,0.0562532,-0.62282413,-0.042456143,0.054678362,-0.61392003",0.0
"-0.1905014,-0.8441222,-0.7799075,-0.07221749,0.0562532,-0.62282413,-0.042456143,0.054678362,-0.61392003","-0.16897136,-0.046342075,-0.15772694","-0.20663695,-0.850494,-0.7968521,-0.052784838,0.047326297,-0.60322356,-0.042456143,0.054678362,-0.61392003",0.0
"0.0,0.0,0.0,2.8652207e-07,0.005789075,0.993462,0.06865498,-0.030584794,-0.29193363","-0.92884845,0.95559144,0.9547384","-0.08869828,0.1313889,0.10256814,0.39659345,-0.1074431,0.88160473,0.06865498,-0.030584794,-0.29193363",0.0
"-0.08869828,0.1313889,0.10256814,0.39659345,-0.1074431,0.88160473,0.06865498,-0.030584794,-0.29193363","0.12181795,0.93041706,0.92947793","-0.07706555,0.25931647,0.20242254,0.6978116,-0.16636379,0.5863422,0.06865498,-0.030584794,-0.29193363",0.0
"-0.07706555,0.25931647,0.20242254,0.6978116,-0.16636379,0.5863422,0.06865498,-0.030584794,-0.29193363","0.08580029,0.8098974,0.9392519","-0.06887224,0.37067324,0.30332696,0.8369748,-0.17804751,0.21597226,0.06865498,-0.030584794,-0.29193363",0.0
"-0.06887224,0.37067324,0.30332696,0.8369748,-0.17804751,0.21597226,0.06865498,-0.030584794,-0.29193363","-0.58441114,0.9381714,0.9702203","-0.12467926,0.499667,0.40755832,0.77298254,-0.31300452,-0.20420636,0.06865498,-0.030584794,-0.29193363",0.0
"-0.12467926,0.499667,0.40755832,0.77298254,-0.31300452,-0.20420636,0.06865498,-0.030584794,-0.29193363","-0.3662969,0.9671509,0.9624977","-0.15965796,0.6326453,0.51096,0.57211006,-0.3071181,-0.541421,0.06865498,-0.030584794,-0.29193363",0.0
"-0.15965796,0.6326453,0.51096,0.57211006,-0.3071181,-0.541421,0.06865498,-0.030584794,-0.29193363","-0.092697024,0.8588774,0.9735892","-0.16850984,0.7507366,0.6155532,0.33624187,-0.19002664,-0.7011464,0.06865498,-0.030584794,-0.29193363",0.0
"-0.16850984,0.7507366,0.6155532,0.33624187,-0.19002664,-0.7011464,0.06865498,-0.030584794,-0.29193363","0.013649225,-0.10120463,0.97695804","-0.16720644,0.73682153,0.7205084,0.23111121,-0.12726353,-0.63463336,0.06865498,-0.030584794,-0.29193363",0.0
"-0.16720644,0.73682153,0.7205084,0.23111121,-0.12726353,-0.63463336,0.06865498,-0.030584794,-0.29193363","-0.0490278,-0.3928057,0.9757092","-0.17188823,0.6828128,0.82532936,0.16487703,-0.09208297,-0.517272,0.06865498,-0.030584794,-0.29193363",0.0
"-0.17188823,0.6828128,0.82532936,0.16487703,-0.09208297,-0.517272,0.06865498,-0.030584794,-0.29193363","0.059470892,-0.19034177,0.95839095","-0.16620919,0.65664184,0.92828995,0.09216587,-0.04635591,-0.39662546,0.06865498,-0.030584794,-0.29193363",0.0
"-0.16620919,0.65664184,0.92828995,0.09216587,-0.04635591,-0.39662546,0.06865498,-0.030584794,-0.29193363","0.16183686,-0.44199967,0.73058665","-0.15075494,0.5958692,1.0,0.064181544,-0.026388584,-0.29493216,0.06865498,-0.030584794,-0.29193363",0.0
"0.0,0.0,0.0,2.8652207e-07,0.005789075,0.993462,0.18035088,-0.0057894737,-0.40556052","-0.17545688,0.9384446,0.95517325","-0.016754854,0.12903132,0.102614865,0.40604076,-0.015595294,0.88391525,0.18035088,-0.0057894737,-0.40556052",0.0
"-0.016754854,0.12903132,0.102614865,0.40604076,-0.015595294,0.88391525,0.18035088,-0.0057894737,-0.40556052","0.46763468,0.91077733,0.9455688","0.027900865,0.2542585,0.20419793,0.7081858,0.06804553,0.59265196,0.18035088,-0.0057894737,-0.40556052",0.0
"0.027900865,0.2542585,0.20419793,0.7081858,0.06804553,0.59265196,0.18035088,-0.0057894737,-0.40556052","-0.01084882,0.79970837,0.95341957","0.026864886,0.36421433,0.30662438,0.84752464,0.07751009,0.22428723,0.18035088,-0.0057894737,-0.40556052",0.0
"0.026864886,0.36421433,0.30662438,0.84752464,0.07751009,0.22428723,0.18035088,-0.0057894737,-0.40556052","-0.055144906,0.7713804,0.9620298","0.02159895,0.47027522,0.40997583,0.83294857,0.062409706,-0.14740232,0.18035088,-0.0057894737,-0.40556052",0.0
"0.02159895,0.47027522,0.40997583,0.83294857,0.062409706,-0.14740232,0.18035088,-0.0057894737,-0.40556052","-0.19398183,0.6662338,0.9526918","0.003075095,0.561879,0.51232404,0.6980621,0.012533656,-0.42574167,0.18035088,-0.0057894737,-0.40556052",0.0
"0.003075095,0.561879,0.51232404,0.6980621,0.012533656,-0.42574167,0.18035088,-0.0057894737,-0.40556052","-0.0724237,0.49027157,0.94188833","-0.0038408418,0.62928885,0.6135117,0.51219815,-0.00039072084,-0.56755364,0.18035088,-0.0057894737,-0.40556052",0.0
"-0.0038408418,0.62928885,0.6135117,0.51219815,-0.00039072084,-0.56755364,0.18035088,-0.0057894737,-0.40556052","-0.06344348,-0.045671225,0.9399612","-0.009899233,0.6230094,0.71449226,0.37746128,-0.005950124,-0.5483687,0.18035088,-0.0057894737,-0.40556052",0.0
"-0.009899233,0.6230094,0.71449226,0.37746128,-0.005950124,-0.5483687,0.18035088,-0.0057894737,-0.40556052","0.01948297,0.0376575,0.92873037","-0.008038749,0.6281871,0.8142663,0.24337666,-0.0003561824,-0.49790198,0.18035088,-0.0057894737,-0.40556052",0.0
"-0.008038749,0.6281871,0.8142663,0.24337666,-0.0003561824,-0.49790198,0.18035088,-0.0057894737,-0.40556052","-0.202708,-0.35075128,0.74021673","-0.027395891,0.5799607,0.8937883,0.18071066,-0.009780573,-0.40689927,0.18035088,-0.0057894737,-0.40556052",0.0
"0.0,0.0,0.0,2.8652207e-07,0.005789075,0.993462,-0.025321638,0.37555555,-0.391635","0.8192742,0.92859006,0.8959743","0.07823475,0.12767637,0.09625508,0.3827943,0.101993844,0.8904952,-0.025321638,0.37555555,-0.391635",0.0
"0.07823475,0.12767637,0.09625508,0.3827943,0.101993844,0.8904952,-0.025321638,0.37555555,-0.391635","0.903862,0.85592794,0.9142666","0.16454701,0.24536207,0.19447532,0.59932554,0.3473798,0.6214255,-0.025321638,0.37555555,-0.391635",0.0
"0.16454701,0.24536207,0.19447532,0.59932554,0.3473798,0.6214255,-0.025321638,0.37555555,-0.391635","0.7458916,0.8552685,0.9150301","0.23577423,0.3629571,0.29277757,0.62436,0.57875276,0.24847251,-0.025321638,0.37555555,-0.391635",0.0
"0.23577423,0.3629571,0.29277757,0.62436,0.57875276,0.24847251,-0.025321638,0.37555555,-0.391635","0.65436625,0.8332504,0.94619846","0.29826146,0.4775248,0.39442825,0.49686095,0.68585324,-0.14206226,-0.025321638,0.37555555,-0.391635",0.0
"0.29826146,0.4775248,0.39442825,0.49686095,0.68585324,-0.14206226,-0.025321638,0.37555555,-0.391635","0.58901894,0.7483218,0.95274556","0.3545085,0.58041525,0.49678227,0.3063045,0.63593125,-0.44614387,-0.025321638,0.37555555,-0.391635",0.0
"0.3545085,0.58041525,0.49678227,0.3063045,0.63593125,-0.44614387,-0.025321638,0.37555555,-0.391635","0.74905956,0.43052077,0.97297776","0.42603824,0.63960963,0.60130984,0.114105,0.5073543,-0.5793839,-0.025321638,0.37555555,-0.391635",0.0
"0.42603824,0.63960963,0.60130984,0.114105,0.5073543,-0.5793839,-0.025321638,0.37555555,-0.391635","0.6671107,-0.6887157,0.9783976","0.48974246,0.54491484,0.70641965,0.008663529,0.4484997,-0.47097257,-0.025321638,0.37555555,-0.391635",0.0
"0.48974246,0.54491484,0.70641965,0.008663529,0.4484997,-0.47097257,-0.025321638,0.37555555,-0.391635","0.20642173,-0.4430623,0.73020554","0.50945425,0.4839961,0.7848661,-0.016987845,0.37678692,-0.4018117,-0.025321638,0.37555555,-0.391635",0.0
"0.0,0.0,0.0,2.8652207e-07,0.005789075,0.993462,-0.5833334,0.44666666,-0.42556617","-0.73169935,-0.9745905,-0.94441533","-0.069871984,-0.13400118,-0.10145913,-0.40343,0.09593847,0.8799155,-0.5833334,0.44666666,-0.42556617",0.0
"-0.069871984,-0.13400118,-0.10145913,-0.40343,0.09593847,0.8799155,-0.5833334,0.44666666,-0.42556617","-0.64675844,-0.9489916,-0.8856497","-0.13163272,-0.26448265,-0.19660501,-0.6578659,0.29502195,0.58548725,-0.5833334,0.44666666,-0.42556617",0.0
"-0.13163272,-0.26448265,-0.19660501,-0.6578659,0.29502195,0.58548725,-0.5833334,0.44666666,-0.42556617","-0.5388341,-0.8871895,-0.8679589","-0.18308745,-0.38646665,-0.28985038,-0.7246417,0.47669291,0.20374401,-0.5833334,0.44666666,-0.42556617",0.0
"-0.18308745,-0.38646665,-0.28985038,-0.7246417,0.47669291,0.20374401,-0.5833334,0.44666666,-0.42556617","-0.20442402,-0.79313093,-0.8435772","-0.20260848,-0.49551815,-0.3804764,-0.685149,0.51362044,-0.16113734,-0.5833334,0.44666666,-0.42556617",0.0
"-0.20260848,-0.49551815,-0.3804764,-0.685149,0.51362044,-0.16113734,-0.5833334,0.44666666,-0.42556617","-0.14525014,-0.6870813,-0.6085952","-0.21647881,-0.58998835,-0.44585812,-0.5876978,0.48278183,-0.42184576,-0.5833334,0.44666666,-0.42556617",0.0
"-0.21647881,-0.58998835,-0.44585812,-0.5876978,0.48278183,-0.42184576,-0.5833334,0.44666666,-0.42556617","0.1091007,0.051393628,-0.17247546","-0.20606048,-0.58292204,-0.46438724,-0.5894076,0.45287752,-0.42500144,-0.5833334,0.44666666,-0.42556617",0.0
"0.0,0.0,0.0,2.8652207e-07,0.005789075,0.993462,-0.014853802,0.03497076,-0.30644754","-0.956637,-0.9768037,-0.9545825","-0.091351904,-0.13430549,-0.1025514,-0.39783624,0.12345286,0.8786762,-0.014853802,0.03497076,-0.30644754",0.0
"-0.091351904,-0.13430549,-0.1025514,-0.39783624,0.12345286,0.8786762,-0.014853802,0.03497076,-0.30644754","0.025262713,-0.93474615,-0.9512819","-0.088939495,-0.2628283,-0.2047482,-0.6938456,0.20509951,0.5768754,-0.014853802,0.03497076,-0.30644754",0.0
"-0.088939495,-0.2628283,-0.2047482,-0.6938456,0.20509951,0.5768754,-0.014853802,0.03497076,-0.30644754","0.20700109,-0.86897546,-0.9721617","-0.0691724,-0.38230798,-0.30918813,-0.8404989,0.19150953,0.18249795,-0.014853802,0.03497076,-0.30644754",0.0
"-0.0691724,-0.38230798,-0.30918813,-0.8404989,0.19150953,0.18249795,-0.014853802,0.03497076,-0.30644754","-0.3799101,-0.7163851,-0.9557434","-0.105451055,-0.4808073,-0.41186422,-0.78572166,0.27637988,-0.17124031,-0.014853802,0.03497076,-0.30644754",0.0
"-0.105451055,-0.4808073,-0.41186422,-0.78572166,0.27637988,-0.17124031,-0.014853802,0.03497076,-0.30644754","0.14617729,-0.6035758,-0.9457537","-0.09149218,-0.5637959,-0.5134671,-0.6653995,0.20274095,-0.42982596,-0.014853802,0.03497076,-0.30644754",0.0
"-0.09149218,-0.5637959,-0.5134671,-0.6653995,0.20274095,-0.42982596,-0.014853802,0.03497076,-0.30644754","-0.21637595,-0.47365105,-0.9586221","-0.11215452,-0.62892056,-0.6164524,-0.47515783,0.1808782,-0.56733173,-0.014853802,0.03497076,-0.30644754",0.0
"-0.11215452,-0.62892056,-0.6164524,-0.47515783,0.1808782,-0.56733173,-0.014853802,0.03497076,-0.30644754","-0.20870316,-0.71993685,-0.9576121","-0.13208416,-0.7279082,-0.7193291,-0.24858253,0.115835905,-0.6296129,-0.014853802,0.03497076,-0.30644754",0.0
"-0.13208416,-0.7279082,-0.7193291,-0.24858253,0.115835905,-0.6296129,-0.014853802,0.03497076,-0.30644754","-0.79898417,-0.33604985,-0.97098935","-0.20838134,-0.77411336,-0.823643,-0.08841222,0.075160965,-0.55311275,-0.014853802,0.03497076,-0.30644754",0.0
"-0.20838134,-0.77411336,-0.823643,-0.08841222,0.075160965,-0.55311275,-0.014853802,0.03497076,-0.30644754","-0.5980455,0.38160586,-0.9450794","-0.26549035,-0.7216445,-0.92517346,-0.04207792,0.055003602,-0.4142522,-0.014853802,0.03497076,-0.30644754",0.0
"-0.26549035,-0.7216445,-0.92517346,-0.04207792,0.055003602,-0.4142522,-0.014853802,0.03497076,-0.30644754","-0.34123135,0.21127439,-0.8310568","-0.29807547,-0.6925955,-1.0,-0.01575878,0.031185294,-0.30720052,-0.014853802,0.03497076,-0.30644754",0.0
"0.0,0.0,0.0,2.8652207e-07,0.005789075,0.993462,0.46877196,-0.5007017,-0.15444382","-0.5542836,0.95963633,0.8810327","-0.052930057,0.13194507,0.0946499,0.39799094,-0.06092659,0.8876461,0.46877196,-0.5007017,-0.15444382",0.0
"-0.052930057,0.13194507,0.0946499,0.39799094,-0.06092659,0.8876461,0.46877196,-0.5007017,-0.15444382","-0.8697256,0.9068818,0.6594074","-0.13598253,0.25663665,0.16549045,0.6295388,-0.2802298,0.6416676,0.46877196,-0.5007017,-0.15444382",0.0
"-0.13598253,0.25663665,0.16549045,0.6295388,-0.2802298,0.6416676,0.46877196,-0.5007017,-0.15444382","-0.78215855,0.752023,0.852427","-0.21067299,0.360036,0.2570672,0.67277765,-0.51680446,0.31024188,0.46877196,-0.5007017,-0.15444382",0.0
"-0.21067299,0.360036,0.2570672,0.67277765,-0.51680446,0.31024188,0.46877196,-0.5007017,-0.15444382","-0.60880244,0.6123909,0.75209796","-0.2688092,0.44423664,0.33786556,0.58772755,-0.65292495,0.0072089783,0.46877196,-0.5007017,-0.15444382",0.0
"-0.2688092,0.44423664,0.33786556,0.58772755,-0.65292495,0.0072089783,0.46877196,-0.5007017,-0.15444382","-0.15078312,0.18721068,0.71035683","-0.2832079,0.46997717,0.41417965,0.52830815,-0.64268845,-0.15219086,0.46877196,-0.5007017,-0.15444382",0.0
"-0.2832079,0.46997717,0.41417965,0.52830815,-0.64268845,-0.15219086,0.46877196,-0.5007017,-0.15444382","0.09977019,-0.17525303,0.6487223","-0.27368057,0.44588086,0.48387226,0.5089335,-0.58203787,-0.18933909,0.46877196,-0.5007017,-0.15444382",0.0
"-0.27368057,0.44588086,0.48387226,0.5089335,-0.58203787,-0.18933909,0.46877196,-0.5007017,-0.15444382","0.045254827,-0.2916751,0.5067313","-0.26935905,0.40577707,0.5383107,0.48452097,-0.5386229,-0.17611977,0.46877196,-0.5007017,-0.15444382",0.0
"-0.26935905,0.40577707,0.5383107,0.48452097,-0.5386229,-0.17611977,0.46877196,-0.5007017,-0.15444382","0.029402256,-0.16835654,0.2773291","-0.26655138,0.38262898,0.5681044,0.47025076,-0.5132393,-0.16725077,0.46877196,-0.5007017,-0.15444382",0.0
"0.0,0.0,0.0,2.8652207e-07,0.005789075,0.993462,-0.7346784,-0.0057894737,-0.42556617","-0.4927776,-0.9729869,-0.9111644","-0.047056686,-0.1337807,-0.097886965,-0.4046877,0.06611884,0.88314825,-0.7346784,-0.0057894737,-0.42556617",0.0
"-0.047056686,-0.1337807,-0.097886965,-0.4046877,0.06611884,0.88314825,-0.7346784,-0.0057894737,-0.42556617","-0.24102807,-0.9517044,-0.9172014","-0.07007312,-0.26463518,-0.19642249,-0.7023998,0.16310683,0.58547604,-0.7346784,-0.0057894737,-0.42556617",0.0
"-0.07007312,-0.26463518,-0.19642249,-0.7023998,0.16310683,0.58547604,-0.7346784,-0.0057894737,-0.42556617","0.3727373,-0.9443643,-0.9188211","-0.034479417,-0.3944804,-0.295132,-0.86573714,0.09996877,0.1785436,-0.7346784,-0.0057894737,-0.42556617",0.0
"-0.034479417,-0.3944804,-0.295132,-0.86573714,0.09996877,0.1785436,-0.7346784,-0.0057894737,-0.42556617","0.4879601,-0.8803526,-0.929687","0.0121172285,-0.51552445,-0.39500883,-0.84131706,-0.026248276,-0.22110718,-0.7346784,-0.0057894737,-0.42556617",0.0
"0.0121172285,-0.51552445,-0.39500883,-0.84131706,-0.026248276,-0.22110718,-0.7346784,-0.0057894737,-0.42556617","-0.069796324,-0.5418365,-0.6558893","0.005452185,-0.5900242,-0.46547136,-0.7376406,-0.0068456787,-0.4387336,-0.7346784,-0.0057894737,-0.42556617",0.0
"0.0,0.0,0.0,2.8652207e-07,0.005789075,0.993462,0.53070176,-0.28064325,-0.4906826","-0.5254032,0.9427748,0.9048381","-0.05017219,0.12962669,0.09720732,0.39701024,-0.05723871,0.8878209,0.53070176,-0.28064325,-0.4906826",0.0
"-0.05017219,0.12962669,0.09720732,0.39701024,-0.05723871,0.8878209,0.53070176,-0.28064325,-0.4906826","-0.07778269,0.9025254,0.7968534","-0.057599865,0.25371933,0.18281378,0.6866355,-0.11973919,0.62323904,0.53070176,-0.28064325,-0.4906826",0.0
"-0.057599865,0.25371933,0.18281378,0.6866355,-0.11973919,0.62323904,0.53070176,-0.28064325,-0.4906826","-0.44143724,0.9441185,0.8396932","-0.09975392,0.38353077,0.27302253,0.8262872,-0.26168576,0.23617876,0.53070176,-0.28064325,-0.4906826",0.0
"-0.09975392,0.38353077,0.27302253,0.8262872,-0.26168576,0.23617876,0.53070176,-0.28064325,-0.4906826","-0.50231963,0.92606175,0.9328382","-0.1477218,0.51085955,0.3732379,0.771788,-0.37983966,-0.18380174,0.53070176,-0.28064325,-0.4906826",0.0
"-0.1477218,0.51085955,0.3732379,0.771788,-0.37983966,-0.18380174,0.53070176,-0.28064325,-0.4906826","-0.3697456,0.822029,0.87902105","-0.18302982,0.6238843,0.46767163,0.60042536,-0.38220894,-0.50030714,0.53070176,-0.28064325,-0.4906826",0.0
"-0.18302982,0.6238843,0.46767163,0.60042536,-0.38220894,-0.50030714,0.53070176,-0.28064325,-0.4906826","0.15229857,-0.18256915,0.6688993","-0.1684864,0.5987821,0.5395318,0.5538631,-0.31730184,-0.50273573,0.53070176,-0.28064325,-0.4906826",0.0
"-0.1684864,0.5987821,0.5395318,0.5538631,-0.31730184,-0.50273573,0.53070176,-0.28064325,-0.4906826","0.066429496,-0.11456829,0.29417813","-0.16214287,0.58302957,0.5711355,0.5334997,-0.29135776,-0.4934402,0.53070176,-0.28064325,-0.4906826",0.0
"0.0,0.0,0.0,2.8652207e-07,0.005789075,0.993462,0.015438597,-0.11619883,-0.44393736","0.9427409,-0.9424806,-0.9114946","0.09002491,-0.12958625,-0.09792244,-0.38749334,-0.10658159,0.8872721,0.015438597,-0.11619883,-0.44393736",0.0
"0.09002491,-0.12958625,-0.09792244,-0.38749334,-0.10658159,0.8872721,0.015438597,-0.11619883,-0.44393736","0.8495878,-0.6066247,-0.95191324","0.17115436,-0.21299402,-0.20018709,-0.5599582,-0.3271657,0.6666515,0.015438597,-0.11619883,-0.44393736",0.0
"0.17115436,-0.21299402,-0.20018709,-0.5599582,-0.3271657,0.6666515,0.015438597,-0.11619883,-0.44393736","0.7409005,-0.6517241,-0.933549","0.24190499,-0.30260274,-0.30047885,-0.5851745,-0.5481582,0.35829002,0.015438597,-0.11619883,-0.44393736",0.0
"0.24190499,-0.30260274,-0.30047885,-0.5851745,-0.5481582,0.35829002,0.015438597,-0.11619883,-0.44393736","0.49553204,-0.6669946,-0.95627916","0.28922468,-0.3943111,-0.40321252,-0.5161363,-0.6526492,0.016684236,0.015438597,-0.11619883,-0.44393736",0.0
"0.28922468,-0.3943111,-0.40321252,-0.5161363,-0.6526492,0.016684236,0.015438597,-0.11619883,-0.44393736","0.313102,-0.81360346,-0.95896196","0.3191237,-0.5061774,-0.5062344,-0.3995153,-0.61496574,-0.3233609,0.015438597,-0.11619883,-0.44393736",0.0
"0.3191237,-0.5061774,-0.5062344,-0.3995153,-0.61496574,-0.3233609,0.015438597,-0.11619883,-0.44393736","0.66014504,-0.78276825,-0.9621396","0.38216272,-0.6138041,-0.6095976,-0.19747438,-0.49283907,-0.5473784,0.015438597,-0.11619883,-0.44393736",0.0
"0.38216272,-0.6138041,-0.6095976,-0.19747438,-0.49283907,-0.5473784,0.015438597,-0.11619883,-0.44393736","0.5007968,-0.7741234,-0.9588547","0.42998517,-0.7202421,-0.7126079,-0.06899712,-0.28207716,-0.6287808,0.015438597,-0.11619883,-0.44393736",0.0
"0.42998517,-0.7202421,-0.7126079,-0.06899712,-0.28207716,-0.6287808,0.015438597,-0.11619883,-0.44393736","0.37665164,0.082455635,-0.9516221","0.46595266,-0.708905,-0.8148413,-0.024905829,-0.17773208,-0.53911877,0.015438597,-0.11619883,-0.44393736",0.0
"0.46595266,-0.708905,-0.8148413,-0.024905829,-0.17773208,-0.53911877,0.015438597,-0.11619883,-0.44393736","0.2255975,0.38537025,-0.7472261","0.4874956,-0.6559186,-0.8951162,-0.01106523,-0.13412665,-0.43483248,0.015438597,-0.11619883,-0.44393736",0.0
"0.4874956,-0.6559186,-0.8951162,-0.01106523,-0.13412665,-0.43483248,0.015438597,-0.11619883,-0.44393736","0.3143072,-0.08586311,-0.06657976","0.51750964,-0.6677244,-0.90226895,0.0008357907,-0.120472,-0.43039832,0.015438597,-0.11619883,-0.44393736",0.0
"0.51750964,-0.6677244,-0.90226895,0.0008357907,-0.120472,-0.43039832,0.015438597,-0.11619883,-0.44393736","0.29785824,-0.12634963,0.051261783","0.545953,-0.68509686,-0.8967619,0.010764623,-0.11428579,-0.44181544,0.015438597,-0.11619883,-0.44393736",0.0
"0.0,0.0,0.0,2.8652207e-07,0.005789075,0.993462,0.027192984,-0.020994151,-0.6184311","0.41466832,0.9742228,0.9652381","0.03959782,0.13395062,0.10369614,0.4132151,0.057505075,0.8780566,0.027192984,-0.020994151,-0.6184311",0.0
"0.03959782,0.13395062,0.10369614,0.4132151,0.057505075,0.8780566,0.027192984,-0.020994151,-0.6184311","-0.17501682,0.9652109,0.9442235","0.022884985,0.26666218,0.20513466,0.72659475,0.05813313,0.56953335,0.027192984,-0.020994151,-0.6184311",0.0
"0.022884985,0.26666218,0.20513466,0.72659475,0.05813313,0.56953335,0.027192984,-0.020994151,-0.6184311","-0.47061706,0.92313206,0.9487777","-0.022055525,0.3935881,0.30706242,0.8671294,-0.054376017,0.1619718,0.027192984,-0.020994151,-0.6184311",0.0
"-0.022055525,0.3935881,0.30706242,0.8671294,-0.054376017,0.1619718,0.027192984,-0.020994151,-0.6184311","-0.0002361536,0.9481355,0.94388926","-0.022078075,0.5239519,0.40846503,0.8262583,-0.051598188,-0.2545339,0.027192984,-0.020994151,-0.6184311",0.0
"-0.022078075,0.5239519,0.40846503,0.8262583,-0.051598188,-0.2545339,0.027192984,-0.020994151,-0.6184311","-0.37326342,0.959857,0.96534634","-0.05772202,0.6559273,0.51217276,0.61836153,-0.10749259,-0.5782607,0.027192984,-0.020994151,-0.6184311",0.0
"-0.05772202,0.6559273,0.51217276,0.61836153,-0.10749259,-0.5782607,0.027192984,-0.020994151,-0.6184311","-0.9194077,0.9447279,0.95942426","-0.14551878,0.78582263,0.61524427,0.31263596,-0.14733925,-0.7325958,0.027192984,-0.020994151,-0.6184311",0.0
"-0.14551878,0.78582263,0.61524427,0.31263596,-0.14733925,-0.7325958,0.027192984,-0.020994151,-0.6184311","-0.9082556,0.86362267,0.96472704","-0.23225059,0.90456635,0.7188854,0.06529,-0.050619666,-0.7078369,0.027192984,-0.020994151,-0.6184311",0.0
"-0.23225059,0.90456635,0.7188854,0.06529,-0.050619666,-0.7078369,0.027192984,-0.020994151,-0.6184311","-0.47732747,-0.09783363,0.6853521","-0.2778319,0.89111483,0.7925132,0.027006356,-0.023187222,-0.61408913,0.027192984,-0.020994151,-0.6184311",0.0
"0.0,0.0,0.0,2.8652207e-07,0.005789075,0.993462,-0.15070176,0.1722807,-0.54978424","-0.67521363,-0.97229534,-0.9371859","-0.06447801,-0.1336856,-0.10068247,-0.4035039,0.08878169,0.88089246,-0.15070176,0.1722807,-0.54978424",0.0
"-0.06447801,-0.1336856,-0.10068247,-0.4035039,0.08878169,0.88089246,-0.15070176,0.1722807,-0.54978424","-0.5440601,-0.90295416,-0.94047433","-0.1164318,-0.25783718,-0.20171821,-0.66552114,0.26110592,0.5899201,-0.15070176,0.1722807,-0.54978424",0.0
"-0.1164318,-0.25783718,-0.20171821,-0.66552114,0.26110592,0.5899201,-0.15070176,0.1722807,-0.54978424","-0.4276989,-0.9210607,-0.9524461","-0.15727393,-0.3844783,-0.30404007,-0.75807464,0.41491675,0.18590428,-0.15070176,0.1722807,-0.54978424",0.0
"-0.15727393,-0.3844783,-0.30404007,-0.75807464,0.41491675,0.18590428,-0.15070176,0.1722807,-0.54978424","-0.085884094,-0.91829365,-0.9582238","-0.16547525,-0.510739,-0.40698266,-0.71949476,0.41848913,-0.22600278,-0.15070176,0.1722807,-0.54978424",0.0
"-0.16547525,-0.510739,-0.40698266,-0.71949476,0.41848913,-0.22600278,-0.15070176,0.1722807,-0.54978424","-0.20817363,-0.7461049,-0.9317939","-0.18535432,-0.6133246,-0.5070858,-0.55615544,0.37314552,-0.50819886,-0.15070176,0.1722807,-0.54978424",0.0
"-0.18535432,-0.6133246,-0.5070858,-0.55615544,0.37314552,-0.50819886,-0.15070176,0.1722807,-0.54978424","-0.11296421,-0.8029232,-0.91154826","-0.19614159,-0.72372246,-0.6050139,-0.34822688,0.2537034,-0.67702407,-0.15070176,0.1722807,-0.54978424",0.0
"-0.19614159,-0.72372246,-0.6050139,-0.34822688,0.2537034,-0.67702407,-0.15070176,0.1722807,-0.54978424","-0.39115137,-0.15287805,-0.9305407","-0.2334937,-0.74474245,-0.70498246,-0.20042065,0.1884371,-0.6507068,-0.15070176,0.1722807,-0.54978424",0.0
"-0.2334937,-0.74474245,-0.70498246,-0.20042065,0.1884371,-0.6507068,-0.15070176,0.1722807,-0.54978424","-0.10787219,0.44883835,-0.68496406","-0.24379472,-0.68302953,-0.7785685,-0.17103723,0.17252867,-0.55784,-0.15070176,0.1722807,-0.54978424",0.0
"-0.24379472,-0.68302953,-0.7785685,-0.17103723,0.17252867,-0.55784,-0.15070176,0.1722807,-0.54978424","-0.102069736,-0.016715884,-0.10477877","-0.25354165,-0.6853279,-0.78982496,-0.15488853,0.16665514,-0.55010873,-0.15070176,0.1722807,-0.54978424",0.0
"0.0,0.0,0.0,2.8652207e-07,0.005789075,0.993462,0.08883041,-0.07649123,-0.44393736","-0.757484,0.9559431,0.96337044","-0.07233422,0.13143726,0.103495486,0.40274143,-0.08718749,0.8807697,0.08883041,-0.07649123,-0.44393736",0.0
"-0.07233422,0.13143726,0.103495486,0.40274143,-0.08718749,0.8807697,0.08883041,-0.07649123,-0.44393736","-0.54444146,0.96396065,0.93646014","-0.12432443,0.2639769,0.20409998,0.67231214,-0.27055043,0.5757684,0.08883041,-0.07649123,-0.44393736",0.0
"-0.12432443,0.2639769,0.20409998,0.67231214,-0.27055043,0.5757684,0.08883041,-0.07649123,-0.44393736","0.0850482,0.87819886,0.9408512","-0.11620295,0.38472474,0.3051762,0.8092548,-0.30309466,0.18362404,0.08883041,-0.07649123,-0.44393736",0.0
"-0.11620295,0.38472474,0.3051762,0.8092548,-0.30309466,0.18362404,0.08883041,-0.07649123,-0.44393736","-0.5039127,0.92898583,0.9520302","-0.16432296,0.5124555,0.4074534,0.7260395,-0.40542534,-0.23005673,0.08883041,-0.07649123,-0.44393736",0.0
"-0.16432296,0.5124555,0.4074534,0.7260395,-0.40542534,-0.23005673,0.08883041,-0.07649123,-0.44393736","-0.7282214,0.9044287,0.95657563","-0.23386282,0.6368099,0.51021886,0.48383915,-0.4293089,-0.5476285,0.08883041,-0.07649123,-0.44393736",0.0
"-0.23386282,0.6368099,0.51021886,0.48383915,-0.4293089,-0.5476285,0.08883041,-0.07649123,-0.44393736","-0.5961751,0.79909754,0.9650955","-0.2907932,0.7466817,0.6138996,0.24470608,-0.30762598,-0.69782746,0.08883041,-0.07649123,-0.44393736",0.0
"-0.2907932,0.7466817,0.6138996,0.24470608,-0.30762598,-0.69782746,0.08883041,-0.07649123,-0.44393736","0.12409949,0.18692982,0.9786651","-0.2789426,0.77238363,0.71903807,0.15093938,-0.17217937,-0.6571437,0.08883041,-0.07649123,-0.44393736",0.0
"-0.2789426,0.77238363,0.71903807,0.15093938,-0.17217937,-0.6571437,0.08883041,-0.07649123,-0.44393736","-0.028568506,-0.26292157,0.9509505","-0.2816707,0.73623335,0.82119924,0.0995531,-0.112492785,-0.5435627,0.08883041,-0.07649123,-0.44393736",0.0
"-0.2816707,0.73623335,0.82119924,0.0995531,-0.112492785,-0.5435627,0.08883041,-0.07649123,-0.44393736","0.08947897,-0.34515107,0.67162967","-0.2731261,0.6887769,0.89335287,0.07985392,-0.08353671,-0.44686964,0.08883041,-0.07649123,-0.44393736",0.0
"0.0,0.0,0.0,2.8652207e-07,0.005789075,0.993462,0.3763158,-0.0057894737,-0.391635","0.18679464,0.9584358,0.9353092","0.017837537,0.13177998,0.10048085,0.40819305,0.02869666,0.8829736,0.3763158,-0.0057894737,-0.391635",0.0
"0.017837537,0.13177998,0.10048085,0.40819305,0.02869666,0.8829736,0.3763158,-0.0057894737,-0.391635","0.15552962,0.886719,0.9392421","0.03268949,0.2536993,0.20138422,0.7046067,0.07843628,0.597575,0.3763158,-0.0057894737,-0.391635",0.0
"0.03268949,0.2536993,0.20138422,0.7046067,0.07843628,0.597575,0.3763158,-0.0057894737,-0.391635","-0.0893144,0.84465694,0.95690954","0.024160614,0.36983532,0.3041856,0.85213417,0.07061005,0.21638484,0.3763158,-0.0057894737,-0.391635",0.0
"0.024160614,0.36983532,0.3041856,0.85213417,0.07061005,0.21638484,0.3763158,-0.0057894737,-0.391635","-0.07750428,0.67468655,0.95977783","0.01675952,0.46260127,0.40729508,0.8361718,0.049864072,-0.12826312,0.3763158,-0.0057894737,-0.391635",0.0
"0.01675952,0.46260127,0.40729508,0.8361718,0.049864072,-0.12826312,0.3763158,-0.0057894737,-0.391635","-0.068143964,0.37792778,0.95417166","0.010252266,0.5145644,0.50980234,0.72516394,0.029156798,-0.3414741,0.3763158,-0.0057894737,-0.391635",0.0
"0.010252266,0.5145644,0.50980234,0.72516394,0.029156798,-0.3414741,0.3763158,-0.0057894737,-0.391635","0.011531234,-0.08465934,0.95535946","0.011353418,0.50292426,0.61243725,0.6031289,0.027314452,-0.39414883,0.3763158,-0.0057894737,-0.391635",0.0
"0.011353418,0.50292426,0.61243725,0.6031289,0.027314452,-0.39414883,0.3763158,-0.0057894737,-0.391635","-0.006319523,-0.0085891485,0.9312006","0.010749953,0.5017434,0.7124767,0.46735615,0.021582257,-0.42286307,0.3763158,-0.0057894737,-0.391635",0.0
"0.010749953,0.5017434,0.7124767,0.46735615,0.021582257,-0.42286307,0.3763158,-0.0057894737,-0.391635","-0.1342529,-0.18662679,0.6771656","-0.002070222,0.4760832,0.78522503,0.38098308,0.003311661,-0.39444062,0.3763158,-0.0057894737,-0.391635",0.0
"0.0,0.0,0.0,2.8652207e-07,0.005789075,0.993462,0.013684211,-0.031520467,-0.6184311","0.7847558,0.9691806,0.9499476","0.07493849,0.13325734,0.10205347,0.40112063,0.10217205,0.8801619,0.013684211,-0.031520467,-0.6184311",0.0
"0.07493849,0.13325734,0.10205347,0.40112063,0.10217205,0.8801619,0.013684211,-0.031520467,-0.6184311","0.8986964,0.9417331,0.94679046","0.16075748,0.26274082,0.20376776,0.62977636,0.35479265,0.57842267,0.013684211,-0.031520467,-0.6184311",0.0
"0.16075748,0.26274082,0.20376776,0.62977636,0.35479265,0.57842267,0.013684211,-0.031520467,-0.6184311","0.8338585,0.9519278,0.90750265","0.2403849,0.393626,0.3012613,0.6294719,0.6005004,0.17086111,0.013684211,-0.031520467,-0.6184311",0.0
"0.2403849,0.393626,0.3012613,0.6294719,0.6005004,0.17086111,0.013684211,-0.031520467,-0.6184311","0.9823997,0.95196104,0.90735006","0.33419695,0.5245158,0.3987385,0.41123602,0.72840315,-0.24406718,0.013684211,-0.031520467,-0.6184311",0.0
"0.33419695,0.5245158,0.3987385,0.41123602,0.72840315,-0.24406718,0.013684211,-0.031520467,-0.6184311","0.75832033,0.9727559,0.9394522","0.40661106,0.65826476,0.4996644,0.1801862,0.6164543,-0.57620245,0.013684211,-0.031520467,-0.6184311",0.0
"0.40661106,0.65826476,0.4996644,0.1801862,0.6164543,-0.57620245,0.013684211,-0.031520467,-0.6184311","0.8191892,0.958542,0.95488894","0.48483768,0.7900594,0.60224867,0.011257413,0.357766,-0.74178874,0.013684211,-0.031520467,-0.6184311",0.0
"0.48483768,0.7900594,0.60224867,0.011257413,0.357766,-0.74178874,0.013684211,-0.031520467,-0.6184311","0.9689491,0.85701036,0.9591203","0.5773653,0.90789396,0.7052875,-0.027621621,0.08734017,-0.72412145,0.013684211,-0.031520467,-0.6184311",0.0
"0.5773653,0.90789396,0.7052875,-0.027621621,0.08734017,-0.72412145,0.013684211,-0.031520467,-0.6184311","0.91814697,0.44151533,0.7113893","0.6650417,0.9686,0.7817124,0.011902408,-0.032542944,-0.6291435,0.013684211,-0.031520467,-0.6184311",0.0
"0.0,0.0,0.0,2.8652207e-07,0.005789075,0.993462,-0.0654386,-0.110701755,-0.7433683","0.73382175,-0.96032435,-0.95149314","0.07007465,-0.13203965,-0.102219515,-0.4030365,-0.08425644,0.8812474,-0.0654386,-0.110701755,-0.7433683",0.0
"0.07007465,-0.13203965,-0.102219515,-0.4030365,-0.08425644,0.8812474,-0.0654386,-0.110701755,-0.7433683","0.8344281,-0.92617583,-0.95345885","0.14975648,-0.2593841,-0.20465018,-0.6432867,-0.32065725,0.58307326,-0.0654386,-0.110701755,-0.7433683",0.0
"0.14975648,-0.2593841,-0.20465018,-0.6432867,-0.32065725,0.58307326,-0.0654386,-0.110701755,-0.7433683","0.47139382,-0.92379045,-0.9413038","0.19477116,-0.38640055,-0.30577502,-0.71138936,-0.49213776,0.17916241,-0.0654386,-0.110701755,-0.7433683",0.0
"0.19477116,-0.38640055,-0.30577502,-0.71138936,-0.49213776,0.17916241,-0.0654386,-0.110701755,-0.7433683","0.47485828,-0.90468264,-0.9466992","0.24011667,-0.5107898,-0.4074795,-0.6101709,-0.56546706,-0.22670853,-0.0654386,-0.110701755,-0.7433683",0.0
"0.24011667,-0.5107898,-0.4074795,-0.6101709,-0.56546706,-0.22670853,-0.0654386,-0.110701755,-0.7433683","0.3456726,-0.9452597,-0.9499272","0.2731259,-0.6407582,-0.5095307,-0.4257578,-0.48374397,-0.55350405,-0.0654386,-0.110701755,-0.7433683",0.0
"0.2731259,-0.6407582,-0.5095307,-0.4257578,-0.48374397,-0.55350405,-0.0654386,-0.110701755,-0.7433683","0.12734354,-0.9222981,-0.9223978","0.28528628,-0.7675695,-0.60862446,-0.23944588,-0.29015985,-0.7192021,-0.0654386,-0.110701755,-0.7433683",0.0
"0.28528628,-0.7675695,-0.60862446,-0.23944588,-0.29015985,-0.7192021,-0.0654386,-0.110701755,-0.7433683","0.34587455,-0.6386846,-0.80348516","0.3183148,-0.85538536,-0.6949433,-0.093498446,-0.13490523,-0.718614,-0.0654386,-0.110701755,-0.7433683",0.0
"0.3183148,-0.85538536,-0.6949433,-0.093498446,-0.13490523,-0.718614,-0.0654386,-0.110701755,-0.7433683","0.075976014,-0.18903589,0.017022133","0.32556996,-0.88137686,-0.6931146,-0.075397715,-0.11242136,-0.72992414,-0.0654386,-0.110701755,-0.7433683",0.0
"0.0,0.0,0.0,2.8652207e-07,0.005789075,0.993462,0.042456143,0.054619882,-0.61392003","0.7457707,0.9803145,0.95328164","0.07121569,0.1347882,0.10241164,0.40560144,0.09822756,0.8783046,0.042456143,0.054619882,-0.61392003",0.0
"0.07121569,0.1347882,0.10241164,0.40560144,0.09822756,0.8783046,0.042456143,0.054619882,-0.61392003","0.8488538,0.94971776,0.9537686","0.15227507,0.26536953,0.2048756,0.642729,0.33981624,0.5721983,0.042456143,0.054619882,-0.61392003",0.0
"0.15227507,0.26536953,0.2048756,0.642729,0.33981624,0.5721983,0.042456143,0.054619882,-0.61392003","0.47702134,0.9454411,0.92804956","0.19782715,0.39536282,0.30457655,0.704176,0.5114279,0.16204758,0.042456143,0.054619882,-0.61392003",0.0
"0.19782715,0.39536282,0.30457655,0.704176,0.5114279,0.16204758,0.042456143,0.054619882,-0.61392003","0.39485574,0.9649612,0.95070314","0.235533,0.52804005,0.4067111,0.60782653,0.56278384,-0.26072475,0.042456143,0.054619882,-0.61392003",0.0
"0.235533,0.52804005,0.4067111,0.60782653,0.56278384,-0.26072475,0.042456143,0.054619882,-0.61392003","-0.34409595,0.97556734,0.9496676","0.20267433,0.6621756,0.50873446,0.50034463,0.3771855,-0.5863444,0.042456143,0.054619882,-0.61392003",0.0
"0.20267433,0.6621756,0.50873446,0.50034463,0.3771855,-0.5863444,0.042456143,0.054619882,-0.61392003","0.22871387,0.9365914,0.9421294","0.22451486,0.79095215,0.6099479,0.26004535,0.22901976,-0.7392836,0.042456143,0.054619882,-0.61392003",0.0
"0.22451486,0.79095215,0.6099479,0.26004535,0.22901976,-0.7392836,0.042456143,0.054619882,-0.61392003","0.18549371,0.69477594,0.96282125","0.24222815,0.88648033,0.7133844,0.07461878,0.07905632,-0.70985705,0.042456143,0.054619882,-0.61392003",0.0
"0.24222815,0.88648033,0.7133844,0.07461878,0.07905632,-0.70985705,0.042456143,0.054619882,-0.61392003","0.11506283,-0.26139653,0.7033366","0.25321582,0.8505397,0.7889442,0.049919985,0.059210926,-0.6131147,0.042456143,0.054619882,-0.61392003",0.0
"0.0,0.0,0.0,2.8652207e-07,0.005789075,0.993462,0.0022807019,-0.0057894737,-0.7596475","0.9181118,0.9834722,0.9491265","0.08767302,0.13522238,0.101965256,0.4002936,0.119145654,0.87824476,0.0022807019,-0.0057894737,-0.7596475",0.0
"0.08767302,0.13522238,0.101965256,0.4002936,0.119145654,0.87824476,0.0022807019,-0.0057894737,-0.7596475","0.9758518,0.9794915,0.9339411","0.18085977,0.26989743,0.20229912,0.6135566,0.39857307,0.5678177,0.0022807019,-0.0057894737,-0.7596475",0.0
"0.18085977,0.26989743,0.20229912,0.6135566,0.39857307,0.5678177,0.0022807019,-0.0057894737,-0.7596475","0.9287324,0.9649589,0.8927547","0.269547,0.40257433,0.2982083,0.5755315,0.6596854,0.15653493,0.0022807019,-0.0057894737,-0.7596475",0.0
"0.269547,0.40257433,0.2982083,0.5755315,0.6596854,0.15653493,0.0022807019,-0.0057894737,-0.7596475","0.9196999,0.95501864,0.86956453","0.35737166,0.5338845,0.3916261,0.35885084,0.75990146,-0.25464675,0.0022807019,-0.0057894737,-0.7596475",0.0
"0.35737166,0.5338845,0.3916261,0.35885084,0.75990146,-0.25464675,0.0022807019,-0.0057894737,-0.7596475","0.95492244,0.97697186,0.9457309","0.44855982,0.6682132,0.49322653,0.09754558,0.6343387,-0.5887342,0.0022807019,-0.0057894737,-0.7596475",0.0
"0.44855982,0.6682132,0.49322653,0.09754558,0.6343387,-0.5887342,0.0022807019,-0.0057894737,-0.7596475","0.9557464,0.9774513,0.96218324","0.5398267,0.8026078,0.5965944,-0.049431454,0.34660688,-0.75497705,0.0022807019,-0.0057894737,-0.7596475",0.0
"0.5398267,0.8026078,0.5965944,-0.049431454,0.34660688,-0.75497705,0.0022807019,-0.0057894737,-0.7596475","0.93876934,0.9614254,0.6329671","0.6294723,0.93479884,0.6645944,-0.044317152,0.08824329,-0.7750882,0.0022807019,-0.0057894737,-0.7596475",0.0
"0.6294723,0.93479884,0.6645944,-0.044317152,0.08824329,-0.7750882,0.0022807019,-0.0057894737,-0.7596475","0.9480951,0.7952473,0.21382487","0.72001135,0.9999811,0.6875743,-0.0013002832,-0.0075107473,-0.7553613,0.0022807019,-0.0057894737,-0.7596475",0.0
"0.0,0.0,0.0,2.8652207e-07,0.005789075,0.993462,-0.3591813,-0.054093566,-0.6149007","-0.21582818,-0.93572503,-0.9603933","-0.020610029,-0.12865739,-0.10317566,-0.4050018,0.032061104,0.8838146,-0.3591813,-0.054093566,-0.6149007",0.0
"-0.020610029,-0.12865739,-0.10317566,-0.4050018,0.032061104,0.8838146,-0.3591813,-0.054093566,-0.6149007","0.3414935,-0.93690133,-0.94168645","0.012000117,-0.2574765,-0.20434162,-0.7156633,-0.021199454,0.5868475,-0.3591813,-0.054093566,-0.6149007",0.0
"0.012000117,-0.2574765,-0.20434162,-0.7156633,-0.021199454,0.5868475,-0.3591813,-0.054093566,-0.6149007","0.55978966,-0.8942911,-0.9631185","0.065455966,-0.380437,-0.30781004,-0.8441877,-0.17017055,0.18856522,-0.3591813,-0.054093566,-0.6149007",0.0
"0.065455966,-0.380437,-0.30781004,-0.8441877,-0.17017055,0.18856522,-0.3591813,-0.054093566,-0.6149007","0.44797325,-0.87724704,-0.95942885","0.10823416,-0.501054,-0.4108821,-0.7851907,-0.271635,-0.21110885,-0.3591813,-0.054093566,-0.6149007",0.0
"0.10823416,-0.501054,-0.4108821,-0.7851907,-0.271635,-0.21110885,-0.3591813,-0.054093566,-0.6149007","-0.008854926,-0.9077494,-0.9444836","0.10738857,-0.62586486,-0.51234853,-0.61811966,-0.21069,-0.5313731,-0.3591813,-0.054093566,-0.6149007",0.0
"0.10738857,-0.62586486,-0.51234853,-0.61811966,-0.21069,-0.5313731,-0.3591813,-0.054093566,-0.6149007","-0.38035816,-0.78535354,-0.92478603","0.07106713,-0.733847,-0.6116988,-0.40153337,-0.08523084,-0.6858802,-0.3591813,-0.054093566,-0.6149007",0.0
"0.07106713,-0.733847,-0.6116988,-0.40153337,-0.08523084,-0.6858802,-0.3591813,-0.054093566,-0.6149007","-0.16708559,0.36598766,-0.5527947","0.055111673,-0.6835257,-0.6710858,-0.37691852,-0.060041748,-0.6191794,-0.3591813,-0.054093566,-0.6149007",0.0
"0.055111673,-0.6835257,-0.6710858,-0.37691852,-0.060041748,-0.6191794,-0.3591813,-0.054093566,-0.6149007","-0.024680972,0.018748641,-0.10326278","0.052754816,-0.68094784,-0.68217933,-0.36497244,-0.055178557,-0.61276263,-0.3591813,-0.054093566,-0.6149007",0.0
"0.0,0.0,0.0,2.8652207e-07,0.005789075,0.993462,-0.081871346,0.29982457,-0.48022214","0.8500042,0.9033778,0.90238535","0.08116924,0.12420979,0.096943825,0.37602252,0.104002744,0.8932622,-0.081871346,0.29982457,-0.48022214",0.0
"0.08116924,0.12420979,0.096943825,0.37602252,0.104002744,0.8932622,-0.081871346,0.29982457,-0.48022214","0.8877306,0.7893845,0.9022914","0.16594107,0.23274612,0.19387756,0.58142596,0.3405982,0.6432691,-0.081871346,0.29982457,-0.48022214",0.0
"0.16594107,0.23274612,0.19387756,0.58142596,0.3405982,0.6432691,-0.081871346,0.29982457,-0.48022214","0.7559788,0.7050903,0.913322","0.23813155,0.32969245,0.2919963,0.6009641,0.5656411,0.3177439,-0.081871346,0.29982457,-0.48022214",0.0
"0.23813155,0.32969245,0.2919963,0.6009641,0.5656411,0.3177439,-0.081871346,0.29982457,-0.48022214","0.838701,0.76678514,0.9518211","0.31822142,0.4351215,0.39425105,0.45208576,0.71436554,-0.054241057,-0.081871346,0.29982457,-0.48022214",0.0
"0.31822142,0.4351215,0.39425105,0.45208576,0.71436554,-0.054241057,-0.081871346,0.29982457,-0.48022214","0.67648673,0.7566209,0.9510045","0.382821,0.53915304,0.496418,0.25722662,0.68298095,-0.37355807,-0.081871346,0.29982457,-0.48022214",0.0
"0.382821,0.53915304,0.496418,0.25722662,0.68298095,-0.37355807,-0.081871346,0.29982457,-0.48022214","0.77556634,0.7618129,0.9659605","0.45688197,0.6438984,0.6001917,0.06417032,0.51370853,-0.5847005,-0.081871346,0.29982457,-0.48022214",0.0
"0.45688197,0.6438984,0.6001917,0.06417032,0.51370853,-0.5847005,-0.081871346,0.29982457,-0.48022214","0.83731484,-0.021045148,0.9760376","0.5368395,0.64100486,0.70504797,-0.049041092,0.37169468,-0.5680924,-0.081871346,0.29982457,-0.48022214",0.0
"0.5368395,0.64100486,0.70504797,-0.049041092,0.37169468,-0.5680924,-0.081871346,0.29982457,-0.48022214","0.38486862,-0.40368652,0.71919","0.57359165,0.5855001,0.782311,-0.07793597,0.3058011,-0.4887624,-0.081871346,0.29982457,-0.48022214",0.0
"0.0,0.0,0.0,2.8652207e-07,0.005789075,0.993462,-0.46877196,-0.5007017,-0.15444382","0.83652425,-0.8640056,-0.9636323","0.07988199,-0.118796326,-0.10352362,-0.37657672,-0.09056366,0.8930702,-0.46877196,-0.5007017,-0.15444382",0.0
"0.07988199,-0.118796326,-0.10352362,-0.37657672,-0.09056366,0.8930702,-0.46877196,-0.5007017,-0.15444382","0.8736907,-0.859282,-0.98800397","0.1633131,-0.2369432,-0.2096655,-0.6043528,-0.33384067,0.6146008,-0.46877196,-0.5007017,-0.15444382",0.0
"0.1633131,-0.2369432,-0.2096655,-0.6043528,-0.33384067,0.6146008,-0.46877196,-0.5007017,-0.15444382","0.7698617,-0.8469142,-0.96201795","0.23682931,-0.35338956,-0.3130157,-0.62415135,-0.5666586,0.23670678,-0.46877196,-0.5007017,-0.15444382",0.0
"0.23682931,-0.35338956,-0.3130157,-0.62415135,-0.5666586,0.23670678,-0.46877196,-0.5007017,-0.15444382","0.34394646,-0.7323297,-0.89566624","0.2696737,-0.45408118,-0.40923765,-0.5579841,-0.6228608,-0.11342255,-0.46877196,-0.5007017,-0.15444382",0.0
"0.2696737,-0.45408118,-0.40923765,-0.5579841,-0.6228608,-0.11342255,-0.46877196,-0.5007017,-0.15444382","-0.060822785,0.028061867,-0.7570501","0.26386556,-0.45022288,-0.490568,-0.52179694,-0.56079066,-0.20501228,-0.46877196,-0.5007017,-0.15444382",0.0
"0.26386556,-0.45022288,-0.490568,-0.52179694,-0.56079066,-0.20501228,-0.46877196,-0.5007017,-0.15444382","0.048803806,0.4161849,-0.6406414","0.268526,-0.39299965,-0.5593925,-0.47240922,-0.5221603,-0.1759827,-0.46877196,-0.5007017,-0.15444382",0.0
"0.268526,-0.39299965,-0.5593925,-0.47240922,-0.5221603,-0.1759827,-0.46877196,-0.5007017,-0.15444382","-0.029830575,0.15356123,-0.24543864","0.2656774,-0.37188584,-0.5857602,-0.45977077,-0.4988261,-0.16714953,-0.46877196,-0.5007017,-0.15444382",0.0
"0.0,0.0,0.0,2.8652207e-07,0.005789075,0.993462,0.01508772,-0.02,-0.46819258","0.5200802,0.9426875,0.9670867","0.049663894,0.12961468,0.103894725,0.40307558,0.069265045,0.8822562,0.01508772,-0.02,-0.46819258",0.0
"0.049663894,0.12961468,0.103894725,0.40307558,0.069265045,0.8822562,0.01508772,-0.02,-0.46819258","0.13797963,0.9176862,0.9470267","0.06283995,0.25579184,0.20563443,0.6993896,0.14579777,0.587959,0.01508772,-0.02,-0.46819258",0.0
"0.06283995,0.25579184,0.20563443,0.6993896,0.14579777,0.587959,0.01508772,-0.02,-0.46819258","-0.5435123,0.87307763,0.9565036","0.010938475,0.37583554,0.3083922,0.85755837,0.03527339,0.19731209,0.01508772,-0.02,-0.46819258",0.0
"0.010938475,0.37583554,0.3083922,0.85755837,0.03527339,0.19731209,0.01508772,-0.02,-0.46819258","-0.2659313,0.9185307,0.9643817","-0.014456035,0.50212884,0.4119963,0.82906824,-0.031882554,-0.21464628,0.01508772,-0.02,-0.46819258",0.0
"-0.014456035,0.50212884,0.4119963,0.82906824,-0.031882554,-0.21464628,0.01508772,-0.02,-0.46819258","-0.7329315,0.9301648,0.9620421","-0.08444567,0.63002175,0.51534903,0.6246031,-0.16370447,-0.53950435,0.01508772,-0.02,-0.46819258",0.0
"-0.08444567,0.63002175,0.51534903,0.6246031,-0.16370447,-0.53950435,0.01508772,-0.02,-0.46819258","-0.92213434,0.94228125,0.95725787","-0.17250282,0.75958055,0.6181878,0.3220847,-0.18715706,-0.70839727,0.01508772,-0.02,-0.46819258",0.0
"-0.17250282,0.75958055,0.6181878,0.3220847,-0.18715706,-0.70839727,0.01508772,-0.02,-0.46819258","-0.88751805,0.81242776,0.97124016","-0.25725436,0.87128526,0.7225286,0.08489354,-0.080473445,-0.6956306,0.01508772,-0.02,-0.46819258",0.0
"-0.25725436,0.87128526,0.7225286,0.08489354,-0.080473445,-0.6956306,0.01508772,-0.02,-0.46819258","-0.72162974,-0.07022917,0.9579661","-0.32616475,0.8616291,0.8254434,0.025019856,-0.030018916,-0.56737036,0.01508772,-0.02,-0.46819258",0.0
"-0.32616475,0.8616291,0.8254434,0.025019856,-0.030018916,-0.56737036,0.01508772,-0.02,-0.46819258","-0.42112076,-0.25910592,0.6570239","-0.36637872,0.82600343,0.89602774,0.014257741,-0.017740507,-0.4664698,0.01508772,-0.02,-0.46819258",0.0
"0.0,0.0,0.0,2.8652207e-07,0.005789075,0.993462,0.45485383,-0.0057894737,-0.5093807","0.15769827,0.9739318,0.93969584","0.015059045,0.13391061,0.10095211,0.4131335,0.025355345,0.8804371,0.45485383,-0.0057894737,-0.5093807",0.0
"0.015059045,0.13391061,0.10095211,0.4131335,0.025355345,0.8804371,0.45485383,-0.0057894737,-0.5093807","0.1312474,0.95655906,0.89089894","0.027592221,0.26543257,0.19666195,0.7190896,0.0683007,0.5837349,0.45485383,-0.0057894737,-0.5093807",0.0
"0.027592221,0.26543257,0.19666195,0.7190896,0.0683007,0.5837349,0.45485383,-0.0057894737,-0.5093807","0.12561333,0.93341565,0.9529866","0.039587386,0.39377245,0.2990419,0.8629765,0.11371719,0.17398727,0.45485383,-0.0057894737,-0.5093807",0.0
"0.039587386,0.39377245,0.2990419,0.8629765,0.11371719,0.17398727,0.45485383,-0.0057894737,-0.5093807","-0.14718956,0.87674975,0.96741223","0.025531854,0.5143211,0.4029716,0.83193207,0.072681494,-0.22841263,0.45485383,-0.0057894737,-0.5093807",0.0
"0.025531854,0.5143211,0.4029716,0.83193207,0.072681494,-0.22841263,0.45485383,-0.0057894737,-0.5093807","-0.22508085,0.74933743,0.9637449","0.0040382673,0.6173511,0.5065072,0.6672422,0.014255525,-0.5144271,0.45485383,-0.0057894737,-0.5093807",0.0
"0.0040382673,0.6173511,0.5065072,0.6672422,0.014255525,-0.5144271,0.45485383,-0.0057894737,-0.5093807","-0.0018936992,-0.08058071,0.92742777","0.003857434,0.60627174,0.6061413,0.5418196,0.012356386,-0.53691375,0.45485383,-0.0057894737,-0.5093807",0.0
"0.003857434,0.60627174,0.6061413,0.5418196,0.012356386,-0.53691375,0.45485383,-0.0057894737,-0.5093807","-0.14207077,-0.17492807,0.65084946","-0.009709291,0.5822201,0.6760624,0.46364814,-0.008354546,-0.513371,0.45485383,-0.0057894737,-0.5093807",0.0
"0.0,0.0,0.0,2.8652207e-07,0.005789075,0.993462,0.38000003,0.5710526,-0.15444382","0.81317925,0.9090346,0.91700363","0.07765272,0.12498759,0.09851428,0.38045648,0.10066579,0.8912487,0.38000003,0.5710526,-0.15444382",0.0
"0.07765272,0.12498759,0.09851428,0.38045648,0.10066579,0.8912487,0.38000003,0.5710526,-0.15444382","0.8455496,0.8259088,0.87956893","0.15839657,0.2385458,0.19300693,0.5963366,0.3305268,0.6348621,0.38000003,0.5710526,-0.15444382",0.0
"0.15839657,0.2385458,0.19300693,0.5963366,0.3305268,0.6348621,0.38000003,0.5710526,-0.15444382","0.7579411,0.773919,0.8827281","0.23077446,0.3449557,0.28783897,0.62321013,0.55986995,0.29327047,0.38000003,0.5710526,-0.15444382",0.0
"0.23077446,0.3449557,0.28783897,0.62321013,0.55986995,0.29327047,0.38000003,0.5710526,-0.15444382","0.54263973,0.6746756,0.88884556","0.28259262,0.43772015,0.3833282,0.5336038,0.6649955,-0.0443995,0.38000003,0.5710526,-0.15444382",0.0
"0.28259262,0.43772015,0.3833282,0.5336038,0.6649955,-0.0443995,0.38000003,0.5710526,-0.15444382","0.36908984,0.015431762,0.8350979","0.317838,0.43984202,0.4730433,0.4196745,0.66217184,-0.16529259,0.38000003,0.5710526,-0.15444382",0.0
"0.317838,0.43984202,0.4730433,0.4196745,0.66217184,-0.16529259,0.38000003,0.5710526,-0.15444382","-0.07621348,-0.24543476,0.6605257","0.31056017,0.40609604,0.54400396,0.39805815,0.5982769,-0.1827043,0.38000003,0.5710526,-0.15444382",0.0
"0.31056017,0.40609604,0.54400396,0.39805815,0.5982769,-0.1827043,0.38000003,0.5710526,-0.15444382","0.040451646,-0.1775747,0.27510214","0.31442302,0.3816805,0.57355833,0.37526238,0.5795506,-0.17121993,0.38000003,0.5710526,-0.15444382",0.0
"0.31442302,0.3816805,0.57355833,0.37526238,0.5795506,-0.17121993,0.38000003,0.5710526,-0.15444382","-0.03934914,-0.06572044,0.029115677","0.31066546,0.3726443,0.57668626,0.380693,0.57303363,-0.15922119,0.38000003,0.5710526,-0.15444382",0.0
"0.0,0.0,0.0,2.8652207e-07,0.005789075,0.993462,-0.08707603,0.10315789,-0.59666026","-0.6574926,-0.98379284,-0.95584625","-0.062785774,-0.13526645,-0.10268716,-0.40928674,0.08769788,0.87758124,-0.08707603,0.10315789,-0.59666026",0.0
"-0.062785774,-0.13526645,-0.10268716,-0.40928674,0.08769788,0.87758124,-0.08707603,0.10315789,-0.59666026","-0.65951216,-0.94621736,-0.9422648","-0.1257644,-0.2653665,-0.20391525,-0.66826034,0.28495735,0.5735721,-0.08707603,0.10315789,-0.59666026",0.0
"-0.1257644,-0.2653665,-0.20391525,-0.66826034,0.28495735,0.5735721,-0.08707603,0.10315789,-0.59666026","-0.47017145,-0.9357046,-0.95898634","-0.17066234,-0.39402106,-0.30693975,-0.74416876,0.44892785,0.16124402,-0.08707603,0.10315789,-0.59666026",0.0
"-0.17066234,-0.39402106,-0.30693975,-0.74416876,0.44892785,0.16124402,-0.08707603,0.10315789,-0.59666026","0.10332322,-0.9370759,-0.9644607","-0.16079573,-0.5228642,-0.41055235,-0.7202288,0.40491393,-0.25479996,-0.08707603,0.10315789,-0.59666026",0.0
"-0.16079573,-0.5228642,-0.41055235,-0.7202288,0.40491393,-0.25479996,-0.08707603,0.10315789,-0.59666026","-0.115346014,-0.94864297,-0.9520225","-0.17181043,-0.6532978,-0.51282865,-0.536671,0.32827,-0.5745148,-0.08707603,0.10315789,-0.59666026",0.0
"-0.17181043,-0.6532978,-0.51282865,-0.536671,0.32827,-0.5745148,-0.08707603,0.10315789,-0.59666026","-0.21377361,-0.91400266,-0.88511056","-0.19222426,-0.77896845,-0.6079166,-0.29602084,0.21124816,-0.72975475,-0.08707603,0.10315789,-0.59666026",0.0
"-0.19222426,-0.77896845,-0.6079166,-0.29602084,0.21124816,-0.72975475,-0.08707603,0.10315789,-0.59666026","-0.39067554,-0.5317515,-0.9444011","-0.22953093,-0.85208166,-0.7093742,-0.11050563,0.10484349,-0.7031422,-0.08707603,0.10315789,-0.59666026",0.0
"-0.22953093,-0.85208166,-0.7093742,-0.11050563,0.10484349,-0.7031422,-0.08707603,0.10315789,-0.59666026","-0.0975517,0.53615904,-0.62424636","-0.2388464,-0.77836263,-0.7764372,-0.112061344,0.112386525,-0.60664356,-0.08707603,0.10315789,-0.59666026",0.0
"-0.2388464,-0.77836263,-0.7764372,-0.112061344,0.112386525,-0.60664356,-0.08707603,0.10315789,-0.59666026","-0.10189223,-0.0076393485,-0.1726135","-0.24857637,-0.77941304,-0.7949811,-0.09444682,0.10175752,-0.58725435,-0.08707603,0.10315789,-0.59666026",0.0
"0.0,0.0,0.0,2.8652207e-07,0.005789075,0.993462,-0.027485382,-0.13216373,-0.59666026","0.9244789,-0.9339491,-0.9392056","0.08828101,-0.1284132,-0.10089945,-0.3892483,-0.10479216,0.88595915,-0.027485382,-0.13216373,-0.59666026",0.0
"0.08828101,-0.1284132,-0.10089945,-0.3892483,-0.10479216,0.88595915,-0.027485382,-0.13216373,-0.59666026","0.8858204,-0.86614805,-0.9512503","0.17287043,-0.24750412,-0.20309289,-0.6033781,-0.3574593,0.60584015,-0.027485382,-0.13216373,-0.59666026",0.0
"0.17287043,-0.24750412,-0.20309289,-0.6033781,-0.3574593,0.60584015,-0.027485382,-0.13216373,-0.59666026","0.9036435,-0.86410123,-0.9409891","0.25916183,-0.3663136,-0.30418393,-0.5895646,-0.61608773,0.22372289,-0.027485382,-0.13216373,-0.59666026",0.0
"0.25916183,-0.3663136,-0.30418393,-0.5895646,-0.61608773,0.22372289,-0.027485382,-0.13216373,-0.59666026","0.5577915,-0.84360665,-0.9607859","0.31242687,-0.48230526,-0.40740174,-0.46963933,-0.6921018,-0.16863628,-0.027485382,-0.13216373,-0.59666026",0.0
"0.31242687,-0.48230526,-0.40740174,-0.46963933,-0.6921018,-0.16863628,-0.027485382,-0.13216373,-0.59666026","0.11564088,-0.8616612,-0.9541061","0.32346973,-0.60077924,-0.5099019,-0.36058554,-0.57112986,-0.48931584,-0.027485382,-0.13216373,-0.59666026",0.0
"0.32346973,-0.60077924,-0.5099019,-0.36058554,-0.57112986,-0.48931584,-0.027485382,-0.13216373,-0.59666026","0.19845009,-0.8314361,-0.95149815","0.34242025,-0.7150975,-0.61212194,-0.20951222,-0.37587696,-0.6665546,-0.027485382,-0.13216373,-0.59666026",0.0
"0.34242025,-0.7150975,-0.61212194,-0.20951222,-0.37587696,-0.6665546,-0.027485382,-0.13216373,-0.59666026","0.38443446,-0.6366683,-0.94647336","0.37913096,-0.8026361,-0.7138021,-0.080465205,-0.18600418,-0.6775324,-0.027485382,-0.13216373,-0.59666026",0.0
"0.37913096,-0.8026361,-0.7138021,-0.080465205,-0.18600418,-0.6775324,-0.027485382,-0.13216373,-0.59666026","0.29024446,0.2892859,-0.682988","0.4068472,-0.76286083,-0.78717583,-0.05224542,-0.15333325,-0.5894918,-0.027485382,-0.13216373,-0.59666026",0.0
"0.4068472,-0.76286083,-0.78717583,-0.05224542,-0.15333325,-0.5894918,-0.027485382,-0.13216373,-0.59666026","0.15251148,-0.08221078,-0.07222551","0.42141095,-0.77416444,-0.794935,-0.04069821,-0.13778943,-0.58549774,-0.027485382,-0.13216373,-0.59666026",0.0
"0.0,0.0,0.0,2.8652207e-07,0.005789075,0.993462,-0.050877195,-0.046900585,-0.61392003","0.91126084,-0.94551337,-0.9591318","0.08701879,-0.13000323,-0.10304014,-0.39508373,-0.10476844,0.8825911,-0.050877195,-0.046900585,-0.61392003",0.0
"0.08701879,-0.13000323,-0.10304014,-0.39508373,-0.10476844,0.8825911,-0.050877195,-0.046900585,-0.61392003","0.77937996,-0.9071113,-0.94735026","0.16144392,-0.25472638,-0.20481458,-0.62556565,-0.34099007,0.59097093,-0.050877195,-0.046900585,-0.61392003",0.0
"0.16144392,-0.25472638,-0.20481458,-0.62556565,-0.34099007,0.59097093,-0.050877195,-0.046900585,-0.61392003","0.07750213,-0.88805264,-0.94727516","0.1688448,-0.37682906,-0.30658093,-0.7440179,-0.42966366,0.19804138,-0.050877195,-0.046900585,-0.61392003",0.0
"0.1688448,-0.37682906,-0.30658093,-0.7440179,-0.42966366,0.19804138,-0.050877195,-0.046900585,-0.61392003","0.38152313,-0.92478704,-0.94662327","0.2052775,-0.50398254,-0.40827724,-0.6688169,-0.49583155,-0.21386163,-0.050877195,-0.046900585,-0.61392003",0.0
"0.2052775,-0.50398254,-0.40827724,-0.6688169,-0.49583155,-0.21386163,-0.050877195,-0.046900585,-0.61392003","0.5169406,-0.9206735,-0.93668944","0.25464156,-0.6305705,-0.5089063,-0.45960945,-0.46490487,-0.53705555,-0.050877195,-0.046900585,-0.61392003",0.0
"0.25464156,-0.6305705,-0.5089063,-0.45960945,-0.46490487,-0.53705555,-0.050877195,-0.046900585,-0.61392003","0.18319964,-0.8844575,-0.93541116","0.2721358,-0.75217885,-0.60939807,-0.2622416,-0.2926881,-0.7045041,-0.050877195,-0.046900585,-0.61392003",0.0
"0.2721358,-0.75217885,-0.60939807,-0.2622416,-0.2926881,-0.7045041,-0.050877195,-0.046900585,-0.61392003","0.17055714,-0.7251911,-0.9178664","0.28842276,-0.85188895,-0.70800495,-0.09948738,-0.11756864,-0.70444137,-0.050877195,-0.046900585,-0.61392003",0.0
"0.28842276,-0.85188895,-0.70800495,-0.09948738,-0.11756864,-0.70444137,-0.050877195,-0.046900585,-0.61392003","-0.095603764,0.31737852,-0.6798776","0.2792933,-0.8082511,-0.7810445,-0.084524795,-0.092654265,-0.61201787,-0.050877195,-0.046900585,-0.61392003",0.0
"0.2792933,-0.8082511,-0.7810445,-0.084524795,-0.092654265,-0.61201787,-0.050877195,-0.046900585,-0.61392003","-0.13518798,-0.0986045,-0.14558494","0.26638383,-0.82180876,-0.7966847,-0.06981651,-0.06875715,-0.59753335,-0.050877195,-0.046900585,-0.61392003",0.0
"0.26638383,-0.82180876,-0.7966847,-0.06981651,-0.06875715,-0.59753335,-0.050877195,-0.046900585,-0.61392003","-0.06995028,-0.17443693,0.020285726","0.25970408,-0.845793,-0.7945053,-0.057031054,-0.052170012,-0.605315,-0.050877195,-0.046900585,-0.61392003",0.0
"0.0,0.0,0.0,2.8652207e-07,0.005789075,0.993462,-0.20964913,-0.46350875,-0.6336642","0.89740264,-0.9378486,-0.9540119","0.08569543,-0.12894936,-0.1024901,-0.39290714,-0.10240526,0.8841012,-0.20964913,-0.46350875,-0.6336642",0.0
"0.08569543,-0.12894936,-0.1024901,-0.39290714,-0.10240526,0.8841012,-0.20964913,-0.46350875,-0.6336642","0.92571974,-0.88641584,-0.9586593","0.17409495,-0.25082698,-0.20547949,-0.6072377,-0.36296812,0.59678733,-0.20964913,-0.46350875,-0.6336642",0.0
"0.17409495,-0.25082698,-0.20547949,-0.6072377,-0.36296812,0.59678733,-0.20964913,-0.46350875,-0.6336642","0.8629453,-0.83618116,-0.9619822","0.25649998,-0.36579764,-0.30882582,-0.5940842,-0.61049867,0.2175751,-0.20964913,-0.46350875,-0.6336642",0.0
"0.25649998,-0.36579764,-0.30882582,-0.5940842,-0.61049867,0.2175751,-0.20964913,-0.46350875,-0.6336642","0.67356074,-0.84563196,-0.92257845","0.32082015,-0.4820677,-0.40793902,-0.45100892,-0.70389473,-0.16883457,-0.20964913,-0.46350875,-0.6336642",0.0
"0.32082015,-0.4820677,-0.40793902,-0.45100892,-0.70389473,-0.16883457,-0.20964913,-0.46350875,-0.6336642","0.49576747,-0.85604805,-0.9276367","0.36816233,-0.5997699,-0.50759554,-0.27859104,-0.6193409,-0.48620948,-0.20964913,-0.46350875,-0.6336642",0.0
"0.36816233,-0.5997699,-0.50759554,-0.27859104,-0.6193409,-0.48620948,-0.20964913,-0.46350875,-0.6336642","0.025727034,-0.4919145,-0.65412813","0.3706191,-0.66740566,-0.5778689,-0.2135624,-0.48151866,-0.6123458,-0.20964913,-0.46350875,-0.6336642",0.0
"0.3706191,-0.66740566,-0.5778689,-0.2135624,-0.48151866,-0.6123458,-0.20964913,-0.46350875,-0.6336642","-0.028844416,-0.12389094,0.005934477","0.36786467,-0.6844401,-0.5772313,-0.2113062,-0.46509725,-0.63385046,-0.20964913,-0.46350875,-0.6336642",0.0
"0.0,0.0,0.0,2.8652207e-07,0.005789075,0.993462,0.099356726,-0.21216373,-0.35214671","-0.8058394,0.8871584,0.9560944","-0.07695181,0.12197972,0.102713816,0.38255107,-0.08836464,0.8907035,0.099356726,-0.21216373,-0.35214671",0.0
"-0.07695181,0.12197972,0.102713816,0.38255107,-0.08836464,0.8907035,0.099356726,-0.21216373,-0.35214671","-0.8472551,0.7635387,0.9730656","-0.15785852,0.22696237,0.2072509,0.5958867,-0.31580874,0.6345533,0.099356726,-0.21216373,-0.35214671",0.0
"-0.15785852,0.22696237,0.2072509,0.5958867,-0.31580874,0.6345533,0.099356726,-0.21216373,-0.35214671","-0.7404919,0.61886287,0.96155727","-0.22857013,0.31205285,0.31055158,0.6144942,-0.52917665,0.3239955,0.099356726,-0.21216373,-0.35214671",0.0
"-0.22857013,0.31205285,0.31055158,0.6144942,-0.52917665,0.3239955,0.099356726,-0.21216373,-0.35214671","-0.65671456,0.6371001,0.93988585","-0.2912816,0.39965084,0.4115241,0.5097237,-0.65313053,-0.0059073204,0.099356726,-0.21216373,-0.35214671",0.0
"-0.2912816,0.39965084,0.4115241,0.5097237,-0.65313053,-0.0059073204,0.099356726,-0.21216373,-0.35214671","-0.50385,0.628224,0.9129187","-0.33939564,0.48602843,0.5095995,0.36133748,-0.64235103,-0.29036456,0.099356726,-0.21216373,-0.35214671",0.0
"-0.33939564,0.48602843,0.5095995,0.36133748,-0.64235103,-0.29036456,0.099356726,-0.21216373,-0.35214671","-0.51337546,0.4841057,0.93234193","-0.38841927,0.55259055,0.60976154,0.20361483,-0.5400144,-0.46457636,0.099356726,-0.21216373,-0.35214671",0.0
"-0.38841927,0.55259055,0.60976154,0.20361483,-0.5400144,-0.46457636,0.099356726,-0.21216373,-0.35214671","0.18913269,-0.06664395,0.9646447","-0.37035847,0.5434274,0.71339387,0.17953964,-0.4015637,-0.4690545,0.099356726,-0.21216373,-0.35214671",0.0
"-0.37035847,0.5434274,0.71339387,0.17953964,-0.4015637,-0.4690545,0.099356726,-0.21216373,-0.35214671","0.030754447,-0.23576474,0.9139923","-0.36742166,0.511011,0.8115846,0.1367697,-0.2948527,-0.41777268,0.099356726,-0.21216373,-0.35214671",0.0
"-0.36742166,0.511011,0.8115846,0.1367697,-0.2948527,-0.41777268,0.099356726,-0.21216373,-0.35214671","-0.00020802021,-0.08415818,0.63644624","-0.36744153,0.49943978,0.87995845,0.10272662,-0.21793684,-0.37600145,0.099356726,-0.21216373,-0.35214671",0.0
"-0.36744153,0.49943978,0.87995845,0.10272662,-0.21793684,-0.37600145,0.099356726,-0.21216373,-0.35214671","-0.06252152,-0.09528148,0.1121881","-0.3734119,0.4863391,0.89201087,0.095119335,-0.21148904,-0.36098403,0.099356726,-0.21216373,-0.35214671",0.0
"0.0,0.0,0.0,2.8652207e-07,0.005789075,0.993462,0.14292398,0.20818713,-0.69426954","0.48224962,0.9733498,0.9462869","0.046051342,0.13383059,0.1016602,0.4093785,0.065493636,0.87991685,0.14292398,0.20818713,-0.69426954",0.0
"0.046051342,0.13383059,0.1016602,0.4093785,0.065493636,0.87991685,0.14292398,0.20818713,-0.69426954","0.91749156,0.9501661,0.95622504","0.13366513,0.26447356,0.20438805,0.66012883,0.30107373,0.57447994,0.14292398,0.20818713,-0.69426954",0.0
"0.13366513,0.26447356,0.20438805,0.66012883,0.30107373,0.57447994,0.14292398,0.20818713,-0.69426954","0.73486686,0.9345012,0.9191015","0.20383957,0.39296266,0.30312768,0.69354784,0.52400887,0.16937985,0.14292398,0.20818713,-0.69426954",0.0
"0.20383957,0.39296266,0.30312768,0.69354784,0.52400887,0.16937985,0.14292398,0.20818713,-0.69426954","0.34485626,0.921396,0.9134717","0.23677084,0.5196499,0.40126252,0.6108197,0.56991607,-0.23719586,0.14292398,0.20818713,-0.69426954",0.0
"0.23677084,0.5196499,0.40126252,0.6108197,0.56991607,-0.23719586,0.14292398,0.20818713,-0.69426954","0.035782695,0.9336654,0.92787516","0.24018782,0.6480242,0.5009447,0.46925732,0.4491315,-0.56069505,0.14292398,0.20818713,-0.69426954",0.0
"0.24018782,0.6480242,0.5009447,0.46925732,0.4491315,-0.56069505,0.14292398,0.20818713,-0.69426954","0.31571543,0.8300724,0.9405546","0.27033636,0.76215494,0.601989,0.2542731,0.29779768,-0.71636856,0.14292398,0.20818713,-0.69426954",0.0
"0.27033636,0.76215494,0.601989,0.2542731,0.29779768,-0.71636856,0.14292398,0.20818713,-0.69426954","0.40183735,0.23095345,0.7169318","0.3087089,0.7939099,0.6790094,0.13875318,0.21263841,-0.70081437,0.14292398,0.20818713,-0.69426954",0.0
"0.0,0.0,0.0,2.8652207e-07,0.005789075,0.993462,-0.0036257312,-0.0050292397,-0.7596475","0.8391874,0.98424566,0.9448626","0.080136314,0.13532871,0.10150718,0.40268433,0.109553404,0.87852746,-0.0036257312,-0.0050292397,-0.7596475",0.0
"0.080136314,0.13532871,0.10150718,0.40268433,0.109553404,0.87852746,-0.0036257312,-0.0050292397,-0.7596475","0.9757508,0.98094547,0.9274918","0.17331344,0.27020368,0.20114818,0.62262505,0.38379067,0.5689129,-0.0036257312,-0.0050292397,-0.7596475",0.0
"0.17331344,0.27020368,0.20114818,0.62262505,0.38379067,0.5689129,-0.0036257312,-0.0050292397,-0.7596475","0.9314921,0.96700764,0.8814486","0.26226416,0.40316227,0.29584274,0.5909961,0.64691055,0.158936,-0.0036257312,-0.0050292397,-0.7596475",0.0
"0.26226416,0.40316227,0.29584274,0.5909961,0.64691055,0.158936,-0.0036257312,-0.0050292397,-0.7596475","0.9041462,0.94412994,0.8551382","0.34860358,0.5329753,0.38771075,0.3813288,0.7530011,-0.24803126,-0.0036257312,-0.0050292397,-0.7596475",0.0
"0.34860358,0.5329753,0.38771075,0.3813288,0.7530011,-0.24803126,-0.0036257312,-0.0050292397,-0.7596475","0.89225245,0.9711175,0.9289448","0.43380722,0.666499,0.48750782,0.12871984,0.6380961,-0.5832564,-0.0036257312,-0.0050292397,-0.7596475",0.0
"0.43380722,0.666499,0.48750782,0.12871984,0.6380961,-0.5832564,-0.0036257312,-0.0050292397,-0.7596475","0.89416933,0.9714334,0.95440555","0.5191939,0.8000662,0.59004015,-0.027599566,0.36105496,-0.7554361,-0.0036257312,-0.0050292397,-0.7596475",0.0
"0.5191939,0.8000662,0.59004015,-0.027599566,0.36105496,-0.7554361,-0.0036257312,-0.0050292397,-0.7596475","0.81631374,0.9651121,0.6424624","0.597146,0.9327641,0.6590602,-0.037638266,0.10020315,-0.7804285,-0.0036257312,-0.0050292397,-0.7596475",0.0
"0.597146,0.9327641,0.6590602,-0.037638266,0.10020315,-0.7804285,-0.0036257312,-0.0050292397,-0.7596475","0.8394209,0.81134105,0.18362093","0.67730737,0.9999811,0.6787957,-0.006072596,-0.0012010684,-0.766492,-0.0036257312,-0.0050292397,-0.7596475",0.0
"0.0,0.0,0.0,2.8652207e-07,0.005789075,0.993462,0.12269007,-0.5080117,-0.383332","0.7173724,-0.8870336,-0.90659946","0.06850385,-0.121962555,-0.09739655,-0.37852743,-0.07681918,0.89502674,0.12269007,-0.5080117,-0.383332",0.0
"0.06850385,-0.121962555,-0.09739655,-0.37852743,-0.07681918,0.89502674,0.12269007,-0.5080117,-0.383332","0.8733883,-0.7407893,-0.9161858","0.1519061,-0.22381727,-0.19582297,-0.59053236,-0.2988425,0.6551922,0.12269007,-0.5080117,-0.383332",0.0
"0.1519061,-0.22381727,-0.19582297,-0.59053236,-0.2988425,0.6551922,0.12269007,-0.5080117,-0.383332","0.9425578,-0.75979227,-0.9127461","0.24191353,-0.3282848,-0.29387984,-0.6013769,-0.56358725,0.31763792,0.12269007,-0.5080117,-0.383332",0.0
"0.24191353,-0.3282848,-0.29387984,-0.6013769,-0.56358725,0.31763792,0.12269007,-0.5080117,-0.383332","0.9694698,-0.7957238,-0.9036445","0.33449084,-0.4376928,-0.3909589,-0.42625484,-0.7328867,-0.05498695,0.12269007,-0.5080117,-0.383332",0.0
"0.33449084,-0.4376928,-0.3909589,-0.42625484,-0.7328867,-0.05498695,0.12269007,-0.5080117,-0.383332","0.93809247,-0.830663,-0.75196254","0.42407188,-0.5519047,-0.4717427,-0.18327153,-0.7291992,-0.37487176,0.12269007,-0.5080117,-0.383332",0.0
"0.42407188,-0.5519047,-0.4717427,-0.18327153,-0.7291992,-0.37487176,0.12269007,-0.5080117,-0.383332","0.7527573,-0.40313238,-0.88389313","0.49595475,-0.60733336,-0.5666998,-0.013351201,-0.5951023,-0.52736735,0.12269007,-0.5080117,-0.383332",0.0
"0.49595475,-0.60733336,-0.5666998,-0.013351201,-0.5951023,-0.52736735,0.12269007,-0.5080117,-0.383332","0.46557474,0.53137946,-0.8561696","0.54041374,-0.53427154,-0.6586786,0.0603819,-0.51873326,-0.45403597,0.12269007,-0.5080117,-0.383332",0.0
"0.54041374,-0.53427154,-0.6586786,0.0603819,-0.51873326,-0.45403597,0.12269007,-0.5080117,-0.383332","0.24498463,0.40538645,-0.4283772","0.56380796,-0.47853306,-0.70469946,0.09225652,-0.48311052,-0.39455864,0.12269007,-0.5080117,-0.383332",0.0
"0.56380796,-0.47853306,-0.70469946,0.09225652,-0.48311052,-0.39455864,0.12269007,-0.5080117,-0.383332","0.14042342,-0.0055443645,0.17323077","0.5772174,-0.47929543,-0.68608916,0.118588895,-0.503319,-0.39101964,0.12269007,-0.5080117,-0.383332",0.0
"0.0,0.0,0.0,2.8652207e-07,0.005789075,0.993462,-0.018187135,0.017192982,-0.46819258","0.78732014,0.9498756,0.953079","0.07518336,0.13060302,0.10238987,0.39639205,0.10136134,0.8825415,-0.018187135,0.017192982,-0.46819258",0.0
"0.07518336,0.13060302,0.10238987,0.39639205,0.10136134,0.8825415,-0.018187135,0.017192982,-0.46819258","0.85109854,0.8554586,0.95479274","0.1564571,0.24822418,0.20496386,0.61745304,0.3371195,0.6019898,-0.018187135,0.017192982,-0.46819258",0.0
"0.1564571,0.24822418,0.20496386,0.61745304,0.3371195,0.6019898,-0.018187135,0.017192982,-0.46819258","0.38520586,0.8505882,0.95706034","0.19324146,0.36517572,0.30778143,0.69608396,0.4905431,0.22049081,-0.018187135,0.017192982,-0.46819258",0.0
"0.19324146,0.36517572,0.30778143,0.69608396,0.4905431,0.22049081,-0.018187135,0.017192982,-0.46819258","0.67436683,0.89483094,0.9656179","0.2576386,0.4882104,0.41151837,0.57004523,0.6064762,-0.18584152,-0.018187135,0.017192982,-0.46819258",0.0
"0.2576386,0.4882104,0.41151837,0.57004523,0.6064762,-0.18584152,-0.018187135,0.017192982,-0.46819258","0.41779017,0.8996786,0.9642761","0.29753453,0.61191165,0.5151111,0.3876266,0.53467214,-0.51052654,-0.018187135,0.017192982,-0.46819258",0.0
"0.29753453,0.61191165,0.5151111,0.3876266,0.53467214,-0.51052654,-0.018187135,0.017192982,-0.46819258","0.6241369,0.88483787,0.93669415","0.35713506,0.7335723,0.61574066,0.17059419,0.3675658,-0.68452066,-0.018187135,0.017192982,-0.46819258",0.0
"0.35713506,0.7335723,0.61574066,0.17059419,0.3675658,-0.68452066,-0.018187135,0.017192982,-0.46819258","0.7110908,0.6380439,0.9468832","0.4250391,0.8213001,0.7174648,0.035892256,0.17439911,-0.68283445,-0.018187135,0.017192982,-0.46819258",0.0
"0.4250391,0.8213001,0.7174648,0.035892256,0.17439911,-0.68283445,-0.018187135,0.017192982,-0.46819258","0.72572756,0.05565548,0.96427345","0.4943408,0.8289525,0.82105726,-0.0045324587,0.07075911,-0.5687829,-0.018187135,0.017192982,-0.46819258",0.0
"0.4943408,0.8289525,0.82105726,-0.0045324587,0.07075911,-0.5687829,-0.018187135,0.017192982,-0.46819258","0.666752,-0.01918143,0.6695733","0.55801076,0.8263152,0.8929898,-0.009952073,0.02205732,-0.47083253,-0.018187135,0.017192982,-0.46819258",0.0
"0.0,0.0,0.0,2.8652207e-07,0.005789075,0.993462,0.001754386,-0.005964912,-0.7596475","0.9125104,0.983593,0.94856274","0.087138124,0.13523898,0.10190469,0.40045634,0.11846233,0.87827927,0.001754386,-0.005964912,-0.7596475",0.0
"0.087138124,0.13523898,0.10190469,0.40045634,0.11846233,0.87827927,0.001754386,-0.005964912,-0.7596475","0.9782654,0.97971463,0.93319106","0.18055536,0.2699447,0.20215797,0.61392355,0.39797696,0.5679349,0.001754386,-0.005964912,-0.7596475",0.0
"0.18055536,0.2699447,0.20215797,0.61392355,0.39797696,0.5679349,0.001754386,-0.005964912,-0.7596475","0.9380311,0.9650998,0.891338","0.27013052,0.40264097,0.29791495,0.5743826,0.660809,0.15684597,0.001754386,-0.005964912,-0.7596475",0.0
"0.27013052,0.40264097,0.29791495,0.5743826,0.660809,0.15684597,0.001754386,-0.005964912,-0.7596475","0.92033553,0.95417786,0.8672116","0.3580159,0.5338356,0.39108,0.35752645,0.7610743,-0.2538873,0.001754386,-0.005964912,-0.7596475",0.0
"0.3580159,0.5338356,0.39108,0.35752645,0.7610743,-0.2538873,0.001754386,-0.005964912,-0.7596475","0.9524195,0.97674215,0.94528794","0.44896504,0.66813266,0.4926328,0.09687601,0.6353156,-0.58832765,0.001754386,-0.005964912,-0.7596475",0.0
"0.44896504,0.66813266,0.4926328,0.09687601,0.6353156,-0.58832765,0.001754386,-0.005964912,-0.7596475","0.95214725,0.9776509,0.9623699","0.5398882,0.80255467,0.59602076,-0.049603138,0.34742787,-0.75517476,0.001754386,-0.005964912,-0.7596475",0.0
"0.5398882,0.80255467,0.59602076,-0.049603138,0.34742787,-0.75517476,0.001754386,-0.005964912,-0.7596475","0.930629,0.9623375,0.63329613","0.6287565,0.9348711,0.6640561,-0.044297844,0.08876138,-0.77568024,0.001754386,-0.005964912,-0.7596475",0.0
"0.6287565,0.9348711,0.6640561,-0.044297844,0.08876138,-0.77568024,0.001754386,-0.005964912,-0.7596475","0.9431865,0.79860413,0.21095431","0.7188268,0.9999811,0.6867277,-0.0017591345,-0.006981194,-0.7564434,0.001754386,-0.005964912,-0.7596475",0.0
"0.0,0.0,0.0,2.8652207e-07,0.005789075,0.993462,-0.0049707606,-0.0034502924,-0.31108937","0.39569104,-0.9714931,-0.94438356","0.03778562,-0.1335753,-0.10145572,-0.41158026,-0.043258242,0.88034856,-0.0049707606,-0.0034502924,-0.31108937",0.0
"0.03778562,-0.1335753,-0.10145572,-0.41158026,-0.043258242,0.88034856,-0.0049707606,-0.0034502924,-0.31108937","0.37339783,-0.78254235,-0.9341624","0.07344239,-0.24117087,-0.20181338,-0.6744545,-0.15248893,0.6183771,-0.0049707606,-0.0034502924,-0.31108937",0.0
"0.07344239,-0.24117087,-0.20181338,-0.6744545,-0.15248893,0.6183771,-0.0049707606,-0.0034502924,-0.31108937","0.029720306,-0.7213434,-0.9507554","0.07628047,-0.34035188,-0.30395365,-0.8115866,-0.19234172,0.27750564,-0.0049707606,-0.0034502924,-0.31108937",0.0
"0.07628047,-0.34035188,-0.30395365,-0.8115866,-0.19234172,0.27750564,-0.0049707606,-0.0034502924,-0.31108937","0.43495643,-0.7928141,-0.9597736","0.11781565,-0.4493598,-0.40706268,-0.7830864,-0.29763687,-0.100896955,-0.0049707606,-0.0034502924,-0.31108937",0.0
"0.11781565,-0.4493598,-0.40706268,-0.7830864,-0.29763687,-0.100896955,-0.0049707606,-0.0034502924,-0.31108937","0.06834972,-0.81505144,-0.958736","0.12434255,-0.5614252,-0.51006025,-0.6505933,-0.26165116,-0.42330825,-0.0049707606,-0.0034502924,-0.31108937",0.0
"0.12434255,-0.5614252,-0.51006025,-0.6505933,-0.26165116,-0.42330825,-0.0049707606,-0.0034502924,-0.31108937","-0.09397793,-0.76595944,-0.96488154","0.115368344,-0.6667407,-0.61371803,-0.4483841,-0.16383201,-0.61278176,-0.0049707606,-0.0034502924,-0.31108937",0.0
"0.115368344,-0.6667407,-0.61371803,-0.4483841,-0.16383201,-0.61278176,-0.0049707606,-0.0034502924,-0.31108937","0.14283478,-0.70862603,-0.97866005","0.12900802,-0.7641732,-0.718856,-0.2207452,-0.088409565,-0.6526174,-0.0049707606,-0.0034502924,-0.31108937",0.0
"0.12900802,-0.7641732,-0.718856,-0.2207452,-0.088409565,-0.6526174,-0.0049707606,-0.0034502924,-0.31108937","0.14586067,-0.22490066,-0.97936","0.14293666,-0.795096,-0.82406914,-0.090428494,-0.037149373,-0.55806834,-0.0049707606,-0.0034502924,-0.31108937",0.0
"0.14293666,-0.795096,-0.82406914,-0.090428494,-0.037149373,-0.55806834,-0.0049707606,-0.0034502924,-0.31108937","-0.3758893,0.31061566,-0.9285752","0.10704196,-0.75238794,-0.92382646,-0.050973453,-0.011685312,-0.42061323,-0.0049707606,-0.0034502924,-0.31108937",0.0
"0.10704196,-0.75238794,-0.92382646,-0.050973453,-0.011685312,-0.42061323,-0.0049707606,-0.0034502924,-0.31108937","-0.30648363,0.16022968,-0.7433218","0.077775,-0.7303573,-1.0,-0.02120442,0.0006800463,-0.30972895,-0.0049707606,-0.0034502924,-0.31108937",0.0
"0.0,0.0,0.0,2.8652207e-07,0.005789075,0.993462,-0.050877195,-0.046900585,-0.61392003","0.91126084,-0.94551337,-0.9591318","0.08701879,-0.13000323,-0.10304014,-0.39508373,-0.10476844,0.8825911,-0.050877195,-0.046900585,-0.61392003",0.0
"0.08701879,-0.13000323,-0.10304014,-0.39508373,-0.10476844,0.8825911,-0.050877195,-0.046900585,-0.61392003","0.77937996,-0.9071113,-0.94735026","0.16144392,-0.25472638,-0.20481458,-0.62556565,-0.34099007,0.59097093,-0.050877195,-0.046900585,-0.61392003",0.0
"0.16144392,-0.25472638,-0.20481458,-0.62556565,-0.34099007,0.59097093,-0.050877195,-0.046900585,-0.61392003","0.07750213,-0.88805264,-0.94727516","0.1688448,-0.37682906,-0.30658093,-0.7440179,-0.42966366,0.19804138,-0.050877195,-0.046900585,-0.61392003",0.0
"0.1688448,-0.37682906,-0.30658093,-0.7440179,-0.42966366,0.19804138,-0.050877195,-0.046900585,-0.61392003","0.38152313,-0.92478704,-0.94662327","0.2052775,-0.50398254,-0.40827724,-0.6688169,-0.49583155,-0.21386163,-0.050877195,-0.046900585,-0.61392003",0.0
"0.2052775,-0.50398254,-0.40827724,-0.6688169,-0.49583155,-0.21386163,-0.050877195,-0.046900585,-0.61392003","0.5169406,-0.9206735,-0.93668944","0.25464156,-0.6305705,-0.5089063,-0.45960945,-0.46490487,-0.53705555,-0.050877195,-0.046900585,-0.61392003",0.0
"0.25464156,-0.6305705,-0.5089063,-0.45960945,-0.46490487,-0.53705555,-0.050877195,-0.046900585,-0.61392003","0.18319964,-0.8844575,-0.93541116","0.2721358,-0.75217885,-0.60939807,-0.2622416,-0.2926881,-0.7045041,-0.050877195,-0.046900585,-0.61392003",0.0
"0.2721358,-0.75217885,-0.60939807,-0.2622416,-0.2926881,-0.7045041,-0.050877195,-0.046900585,-0.61392003","0.17055714,-0.7251911,-0.9178664","0.28842276,-0.85188895,-0.70800495,-0.09948738,-0.11756864,-0.70444137,-0.050877195,-0.046900585,-0.61392003",0.0
"0.28842276,-0.85188895,-0.70800495,-0.09948738,-0.11756864,-0.70444137,-0.050877195,-0.046900585,-0.61392003","-0.095603764,0.31737852,-0.6798776","0.2792933,-0.8082511,-0.7810445,-0.084524795,-0.092654265,-0.61201787,-0.050877195,-0.046900585,-0.61392003",0.0
"0.2792933,-0.8082511,-0.7810445,-0.084524795,-0.092654265,-0.61201787,-0.050877195,-0.046900585,-0.61392003","-0.13518798,-0.0986045,-0.14558494","0.26638383,-0.82180876,-0.7966847,-0.06981651,-0.06875715,-0.59753335,-0.050877195,-0.046900585,-0.61392003",0.0
"0.26638383,-0.82180876,-0.7966847,-0.06981651,-0.06875715,-0.59753335,-0.050877195,-0.046900585,-0.61392003","-0.06995028,-0.17443693,0.020285726","0.25970408,-0.845793,-0.7945053,-0.057031054,-0.052170012,-0.605315,-0.050877195,-0.046900585,-0.61392003",0.0
"0.0,0.0,0.0,2.8652207e-07,0.005789075,0.993462,0.4923977,-0.17514619,-0.383332","-0.3922497,0.9275291,0.91764486","-0.037456993,0.12753049,0.09858317,0.39651388,-0.041046776,0.8887356,0.4923977,-0.17514619,-0.383332",0.0
"-0.037456993,0.12753049,0.09858317,0.39651388,-0.041046776,0.8887356,0.4923977,-0.17514619,-0.383332","-0.04621303,0.889338,0.8810345","-0.04187,0.24980989,0.19323324,0.6930033,-0.08584621,0.61559105,0.4923977,-0.17514619,-0.383332",0.0
"-0.04187,0.24980989,0.19323324,0.6930033,-0.08584621,0.61559105,0.4923977,-0.17514619,-0.383332","-0.26568234,0.8904815,0.95931244","-0.06724074,0.37224653,0.29629278,0.8396284,-0.174131,0.22363217,0.4923977,-0.17514619,-0.383332",0.0
"-0.06724074,0.37224653,0.29629278,0.8396284,-0.174131,0.22363217,0.4923977,-0.17514619,-0.383332","-0.46421242,0.86637974,0.9743538","-0.11156966,0.49136934,0.40096822,0.79149085,-0.28320742,-0.17900296,0.4923977,-0.17514619,-0.383332",0.0
"-0.11156966,0.49136934,0.40096822,0.79149085,-0.28320742,-0.17900296,0.4923977,-0.17514619,-0.383332","-0.3522647,0.5397239,0.9702623","-0.14520839,0.56557864,0.5052041,0.6351799,-0.30523887,-0.42683265,0.4923977,-0.17514619,-0.383332",0.0
"-0.14520839,0.56557864,0.5052041,0.6351799,-0.30523887,-0.42683265,0.4923977,-0.17514619,-0.383332","0.24499035,-0.2901802,0.9120538","-0.12181358,0.5256805,0.60318655,0.561602,-0.2198229,-0.42307678,0.4923977,-0.17514619,-0.383332",0.0
"-0.12181358,0.5256805,0.60318655,0.561602,-0.2198229,-0.42307678,0.4923977,-0.17514619,-0.383332","0.029685259,-0.33455545,0.6625314","-0.11897885,0.4796809,0.6743627,0.4982407,-0.18920219,-0.3879511,0.4923977,-0.17514619,-0.383332",0.0
"0.0,0.0,0.0,2.8652207e-07,0.005789075,0.993462,0.508655,-0.0057894737,-0.6336642","0.31822705,0.9784695,0.9338399","0.03038838,0.13453452,0.10032301,0.41190937,0.045259587,0.8803402,0.508655,-0.0057894737,-0.6336642",0.0
"0.03038838,0.13453452,0.10032301,0.41190937,0.045259587,0.8803402,0.508655,-0.0057894737,-0.6336642","0.029551506,0.9608102,0.9026401","0.033210337,0.266641,0.19729419,0.7197887,0.08119273,0.58071,0.508655,-0.0057894737,-0.6336642",0.0
"0.033210337,0.266641,0.19729419,0.7197887,0.08119273,0.58071,0.508655,-0.0057894737,-0.6336642","0.29196572,0.9646356,0.9407263","0.061090942,0.39927343,0.29835698,0.8564726,0.172323,0.16334635,0.508655,-0.0057894737,-0.6336642",0.0
"0.061090942,0.39927343,0.29835698,0.8564726,0.172323,0.16334635,0.508655,-0.0057894737,-0.6336642","-0.326608,0.966378,0.94770193","0.029902251,0.5321455,0.40016913,0.82894695,0.08391672,-0.26131555,0.508655,-0.0057894737,-0.6336642",0.0
"0.029902251,0.5321455,0.40016913,0.82894695,0.08391672,-0.26131555,0.508655,-0.0057894737,-0.6336642","-0.2971263,0.92939353,0.93726134","0.0015288476,0.6599323,0.5008596,0.6390996,0.008859285,-0.5793715,0.508655,-0.0057894737,-0.6336642",0.0
"0.0015288476,0.6599323,0.5008596,0.6390996,0.008859285,-0.5793715,0.508655,-0.0057894737,-0.6336642","-0.11108512,0.2385968,0.5443139","-0.009078975,0.6927382,0.5593356,0.5272889,-0.009251657,-0.6428996,0.508655,-0.0057894737,-0.6336642",0.0
"-0.009078975,0.6927382,0.5593356,0.5272889,-0.009251657,-0.6428996,0.508655,-0.0057894737,-0.6336642","0.059998155,-0.059796214,0.13810492","-0.0033495866,0.6845166,0.5741722,0.5150385,0.00036994254,-0.6337532,0.508655,-0.0057894737,-0.6336642",0.0
"0.0,0.0,0.0,2.8652207e-07,0.005789075,0.993462,-0.016900586,-0.13391812,-0.59666026","0.9101411,-0.9380906,-0.9363626","0.08691186,-0.12898263,-0.10059403,-0.39042246,-0.10332056,0.8856528,-0.016900586,-0.13391812,-0.59666026",0.0
"0.08691186,-0.12898263,-0.10059403,-0.39042246,-0.10332056,0.8856528,-0.016900586,-0.13391812,-0.59666026","0.86005425,-0.86658263,-0.9482638","0.16904078,-0.2481333,-0.20246662,-0.6080641,-0.35042623,0.6056377,-0.016900586,-0.13391812,-0.59666026",0.0
"0.16904078,-0.2481333,-0.20246662,-0.6080641,-0.35042623,0.6056377,-0.016900586,-0.13391812,-0.59666026","0.88715315,-0.86810386,-0.9376848","0.25375748,-0.36749312,-0.30320266,-0.6005627,-0.60662776,0.22279498,-0.016900586,-0.13391812,-0.59666026",0.0
"0.25375748,-0.36749312,-0.30320266,-0.6005627,-0.60662776,0.22279498,-0.016900586,-0.13391812,-0.59666026","0.58745694,-0.84395677,-0.95906806","0.30985537,-0.4835329,-0.40623593,-0.4756775,-0.6889646,-0.16966005,-0.016900586,-0.13391812,-0.59666026",0.0
"0.30985537,-0.4835329,-0.40623593,-0.4756775,-0.6889646,-0.16966005,-0.016900586,-0.13391812,-0.59666026","0.22890735,-0.8762243,-0.95443296","0.33171433,-0.60400933,-0.5087712,-0.34521672,-0.5794957,-0.49393862,-0.016900586,-0.13391812,-0.59666026",0.0
"0.33171433,-0.60400933,-0.5087712,-0.34521672,-0.5794957,-0.49393862,-0.016900586,-0.13391812,-0.59666026","0.29789555,-0.83110464,-0.9545562","0.36016122,-0.7182819,-0.6113197,-0.18726555,-0.38487378,-0.6700509,-0.016900586,-0.13391812,-0.59666026",0.0
"0.36016122,-0.7182819,-0.6113197,-0.18726555,-0.38487378,-0.6700509,-0.016900586,-0.13391812,-0.59666026","0.42024302,-0.61102724,-0.95055354","0.40029138,-0.8022951,-0.7134382,-0.06817551,-0.19169125,-0.6776852,-0.016900586,-0.13391812,-0.59666026",0.0
"0.40029138,-0.8022951,-0.7134382,-0.06817551,-0.19169125,-0.6776852,-0.016900586,-0.13391812,-0.59666026","0.2859012,0.27899754,-0.70001525","0.42759287,-0.76393443,-0.7886412,-0.04157982,-0.15395585,-0.5883967,-0.016900586,-0.13391812,-0.59666026",0.0
"0.42759287,-0.76393443,-0.7886412,-0.04157982,-0.15395585,-0.5883967,-0.016900586,-0.13391812,-0.59666026","0.200086,-0.087875485,-0.06565523","0.44669962,-0.7760169,-0.7956945,-0.02922586,-0.13816792,-0.5853152,-0.016900586,-0.13391812,-0.59666026",0.0
"0.0,0.0,0.0,2.8652207e-07,0.005789075,0.993462,-0.5247369,0.40105262,-0.32808766","-0.7671431,-0.958369,-0.9556921","-0.0732566,-0.1317708,-0.10267061,-0.3995376,0.09955505,0.881135,-0.5247369,0.40105262,-0.32808766",0.0
"-0.0732566,-0.1317708,-0.10267061,-0.3995376,0.09955505,0.881135,-0.5247369,0.40105262,-0.32808766","-0.4541763,-0.92205834,-0.8876062","-0.11662714,-0.2585491,-0.19802669,-0.66419154,0.2610657,0.59386986,-0.5247369,0.40105262,-0.32808766",0.0
"-0.11662714,-0.2585491,-0.19802669,-0.66419154,0.2610657,0.59386986,-0.5247369,0.40105262,-0.32808766","-0.42629367,-0.8139559,-0.89287794","-0.1573351,-0.37046385,-0.29394913,-0.7512217,0.4114123,0.23100996,-0.5247369,0.40105262,-0.32808766",0.0
"-0.1573351,-0.37046385,-0.29394913,-0.7512217,0.4114123,0.23100996,-0.5247369,0.40105262,-0.32808766","-0.21557528,-0.7026975,-0.8879955","-0.17792097,-0.46708122,-0.38934702,-0.7182717,0.45610514,-0.1136906,-0.5247369,0.40105262,-0.32808766",0.0
"-0.17792097,-0.46708122,-0.38934702,-0.7182717,0.45610514,-0.1136906,-0.5247369,0.40105262,-0.32808766","-0.38423347,-0.60890996,-0.8043542","-0.21461247,-0.55080324,-0.47575927,-0.58058393,0.47138798,-0.37647778,-0.5247369,0.40105262,-0.32808766",0.0
"-0.21461247,-0.55080324,-0.47575927,-0.58058393,0.47138798,-0.37647778,-0.5247369,0.40105262,-0.32808766","0.1455822,0.5259291,-0.7474258","-0.20071043,-0.47849077,-0.55605567,-0.55089587,0.40929955,-0.3182833,-0.5247369,0.40105262,-0.32808766",0.0
"-0.20071043,-0.47849077,-0.55605567,-0.55089587,0.40929955,-0.3182833,-0.5247369,0.40105262,-0.32808766","-0.012378335,-0.03321135,-0.124533296","-0.20189247,-0.4830572,-0.56943434,-0.53482074,0.4006377,-0.33622363,-0.5247369,0.40105262,-0.32808766",0.0
"0.0,0.0,0.0,2.8652207e-07,0.005789075,0.993462,-0.3337427,-0.17403509,-0.391635","0.40495586,-0.85246956,-0.9771266","0.038670342,-0.11721019,-0.10497332,-0.38372472,-0.04101596,0.89338577,-0.3337427,-0.17403509,-0.391635",0.0
"0.038670342,-0.11721019,-0.10497332,-0.38372472,-0.04101596,0.89338577,-0.3337427,-0.17403509,-0.391635","0.54922247,-0.87173355,-0.9615667","0.0911171,-0.23706909,-0.20827505,-0.66327494,-0.18919143,0.61632377,-0.3337427,-0.17403509,-0.391635",0.0
"0.0911171,-0.23706909,-0.20827505,-0.66327494,-0.18919143,0.61632377,-0.3337427,-0.17403509,-0.391635","0.70004165,-0.780579,-0.9739124","0.157966,-0.3443947,-0.31290308,-0.7384446,-0.3932574,0.25530875,-0.3337427,-0.17403509,-0.391635",0.0
"0.157966,-0.3443947,-0.31290308,-0.7384446,-0.3932574,0.25530875,-0.3337427,-0.17403509,-0.391635","0.47932982,-0.7161133,-0.96787906","0.20373853,-0.44285664,-0.4168829,-0.66940767,-0.49125275,-0.10071028,-0.3337427,-0.17403509,-0.391635",0.0
"0.20373853,-0.44285664,-0.4168829,-0.66940767,-0.49125275,-0.10071028,-0.3337427,-0.17403509,-0.391635","-0.22173685,-0.8082676,-0.9676233","0.18256427,-0.5539893,-0.5208352,-0.58466417,-0.3707886,-0.41851616,-0.3337427,-0.17403509,-0.391635",0.0
"0.18256427,-0.5539893,-0.5208352,-0.58466417,-0.3707886,-0.41851616,-0.3337427,-0.17403509,-0.391635","-0.026760042,-0.44930494,-0.969537","0.18000887,-0.61576647,-0.62499315,-0.43185577,-0.26722437,-0.5516984,-0.3337427,-0.17403509,-0.391635",0.0
"0.18000887,-0.61576647,-0.62499315,-0.43185577,-0.26722437,-0.5516984,-0.3337427,-0.17403509,-0.391635","-0.22987688,0.57023525,-0.9248526","0.1580573,-0.53736216,-0.72435063,-0.37965333,-0.19912454,-0.461861,-0.3337427,-0.17403509,-0.391635",0.0
"0.1580573,-0.53736216,-0.72435063,-0.37965333,-0.19912454,-0.461861,-0.3337427,-0.17403509,-0.391635","0.057798266,0.44225085,-0.58714896","0.16357662,-0.47655496,-0.7874284,-0.33170506,-0.18059275,-0.3945557,-0.3337427,-0.17403509,-0.391635",0.0
"0.0,0.0,0.0,2.8652207e-07,0.005789075,0.993462,-0.45485383,-0.0057894737,-0.5093807","-0.45319247,-0.93786037,-0.9481624","-0.0432766,-0.12895098,-0.10186168,-0.40072998,0.06066336,0.8846262,-0.45485383,-0.0057894737,-0.5093807",0.0
"-0.0432766,-0.12895098,-0.10186168,-0.40072998,0.06066336,0.8846262,-0.45485383,-0.0057894737,-0.5093807","0.32125485,-0.9226546,-0.95273525","-0.012599095,-0.25581124,-0.20421463,-0.7127948,0.034021795,0.58993024,-0.45485383,-0.0057894737,-0.5093807",0.0
"-0.012599095,-0.25581124,-0.20421463,-0.7127948,0.034021795,0.58993024,-0.45485383,-0.0057894737,-0.5093807","0.44145393,-0.8929659,-0.9673245","0.02955655,-0.3785895,-0.3081349,-0.8568163,-0.073974244,0.19193985,-0.45485383,-0.0057894737,-0.5093807",0.0
"0.02955655,-0.3785895,-0.3081349,-0.8568163,-0.073974244,0.19193985,-0.45485383,-0.0057894737,-0.5093807","0.35328078,-0.8701477,-0.9621654","0.0632923,-0.49823037,-0.41150096,-0.8155677,-0.15843219,-0.20614529,-0.45485383,-0.0057894737,-0.5093807",0.0
"0.0632923,-0.49823037,-0.41150096,-0.8155677,-0.15843219,-0.20614529,-0.45485383,-0.0057894737,-0.5093807","-0.29876316,-0.79461294,-0.9272574","0.034762587,-0.6074856,-0.51111674,-0.6655538,-0.06715133,-0.5010465,-0.45485383,-0.0057894737,-0.5093807",0.0
"0.034762587,-0.6074856,-0.51111674,-0.6655538,-0.06715133,-0.5010465,-0.45485383,-0.0057894737,-0.5093807","-0.17385173,-0.18328327,-0.8799708","0.01816101,-0.63268614,-0.6056525,-0.51960844,-0.023879124,-0.57106346,-0.45485383,-0.0057894737,-0.5093807",0.0
"0.01816101,-0.63268614,-0.6056525,-0.51960844,-0.023879124,-0.57106346,-0.45485383,-0.0057894737,-0.5093807","-0.050607145,0.3312254,-0.55504787","0.013328393,-0.58714443,-0.66528165,-0.47473752,-0.014095289,-0.5191251,-0.45485383,-0.0057894737,-0.5093807",0.0
"0.013328393,-0.58714443,-0.66528165,-0.47473752,-0.014095289,-0.5191251,-0.45485383,-0.0057894737,-0.5093807","-0.008823454,0.07978487,-0.1534363","0.012485816,-0.57617444,-0.6817653,-0.46022317,-0.012267549,-0.5063966,-0.45485383,-0.0057894737,-0.5093807",0.0
"0.0,0.0,0.0,2.8652207e-07,0.005789075,0.993462,-0.0060818717,-0.0012865497,-0.7596475","0.82764745,0.9840249,0.94632745","0.07903433,0.13529837,0.10166455,0.4031822,0.108189315,0.878424,-0.0060818717,-0.0012865497,-0.7596475",0.0
"0.07903433,0.13529837,0.10166455,0.4031822,0.108189315,0.878424,-0.0060818717,-0.0012865497,-0.7596475","0.96481025,0.9808147,0.92930937","0.1711667,0.27015534,0.20150083,0.62531555,0.37965217,0.56849676,-0.0060818717,-0.0012865497,-0.7596475",0.0
"0.1711667,0.27015534,0.20150083,0.62531555,0.37965217,0.56849676,-0.0060818717,-0.0012865497,-0.7596475","0.9201125,0.9670439,0.8841984","0.25903076,0.40311894,0.29649082,0.59743667,0.64076775,0.15802652,-0.0060818717,-0.0012865497,-0.7596475",0.0
"0.25903076,0.40311894,0.29649082,0.59743667,0.64076775,0.15802652,-0.0060818717,-0.0012865497,-0.7596475","0.87146735,0.94430995,0.86299145","0.34224957,0.5329567,0.38920248,0.39566493,0.744096,-0.24980848,-0.0060818717,-0.0012865497,-0.7596475",0.0
"0.34224957,0.5329567,0.38920248,0.39566493,0.744096,-0.24980848,-0.0060818717,-0.0012865497,-0.7596475","0.8034322,0.96814966,0.92131984","0.4189715,0.6660723,0.48818037,0.15818337,0.6309195,-0.5829148,-0.0060818717,-0.0012865497,-0.7596475",0.0
"0.4189715,0.6660723,0.48818037,0.15818337,0.6309195,-0.5829148,-0.0060818717,-0.0012865497,-0.7596475","0.8333608,0.9669337,0.9480822","0.49855143,0.79902077,0.5900334,-0.0041371626,0.3633934,-0.75451386,-0.0060818717,-0.0012865497,-0.7596475",0.0
"0.49855143,0.79902077,0.5900334,-0.0041371626,0.3633934,-0.75451386,-0.0060818717,-0.0012865497,-0.7596475","0.7860458,0.9590244,0.6344403","0.5736131,0.9308817,0.6581916,-0.030898942,0.10595812,-0.7808349,-0.0060818717,-0.0012865497,-0.7596475",0.0
"0.5736131,0.9308817,0.6581916,-0.030898942,0.10595812,-0.7808349,-0.0060818717,-0.0012865497,-0.7596475","0.5246749,0.805488,0.18017054","0.62371856,0.9999811,0.6775565,-0.0065779174,0.00078545674,-0.7680473,-0.0060818717,-0.0012865497,-0.7596475",0.0
"0.0,0.0,0.0,2.8652207e-07,0.005789075,0.993462,-0.3660819,0.5497076,-0.32808766","-0.7158034,-0.9532529,-0.90913856","-0.06835403,-0.13106738,-0.097669326,-0.39392322,0.091841236,0.88602465,-0.3660819,0.5497076,-0.32808766",0.0
"-0.06835403,-0.13106738,-0.097669326,-0.39392322,0.091841236,0.88602465,-0.3660819,0.5497076,-0.32808766","-0.543849,-0.9109651,-0.84683114","-0.12028767,-0.25632042,-0.18864492,-0.6527283,0.26534507,0.6107868,-0.3660819,0.5497076,-0.32808766",0.0
"-0.12028767,-0.25632042,-0.18864492,-0.6527283,0.26534507,0.6107868,-0.3660819,0.5497076,-0.32808766","-0.7083695,-0.81866837,-0.83866376","-0.18793182,-0.36888313,-0.2787431,-0.7079643,0.48140705,0.2580309,-0.3660819,0.5497076,-0.32808766",0.0
"-0.18793182,-0.36888313,-0.2787431,-0.7079643,0.48140705,0.2580309,-0.3660819,0.5497076,-0.32808766","-0.6062907,-0.7792728,-0.8357138","-0.24582818,-0.47602916,-0.36852434,-0.61581326,0.607963,-0.10415613,-0.3660819,0.5497076,-0.32808766",0.0
"-0.24582818,-0.47602916,-0.36852434,-0.61581326,0.607963,-0.10415613,-0.3660819,0.5497076,-0.32808766","-0.5323426,-0.71450084,-0.7955378","-0.29666305,-0.57426935,-0.4539894,-0.4486453,0.6137998,-0.40001073,-0.3660819,0.5497076,-0.32808766",0.0
"-0.29666305,-0.57426935,-0.4539894,-0.4486453,0.6137998,-0.40001073,-0.3660819,0.5497076,-0.32808766","-0.14379591,0.48018837,-0.85814387","-0.3103945,-0.508246,-0.5461803,-0.3797276,0.5705659,-0.36033306,-0.3660819,0.5497076,-0.32808766",0.0
"-0.3103945,-0.508246,-0.5461803,-0.3797276,0.5705659,-0.36033306,-0.3660819,0.5497076,-0.32808766","0.055835128,0.2664101,-0.36273277","-0.30506265,-0.47161603,-0.58514893,-0.3709973,0.53817016,-0.3292785,-0.3660819,0.5497076,-0.32808766",0.0
"0.0,0.0,0.0,2.8652207e-07,0.005789075,0.993462,0.6504679,0.11444444,-0.32808766","0.11110878,0.9603826,0.9452355","0.010610087,0.13204767,0.10154724,0.4105146,0.019480871,0.88180774,0.6504679,0.11444444,-0.32808766",0.0
"0.010610087,0.13204767,0.10154724,0.4105146,0.019480871,0.88180774,0.6504679,0.11444444,-0.32808766","0.0028727055,0.95894456,0.90759563","0.0108844135,0.26389763,0.1990508,0.72100526,0.030456407,0.58306515,0.6504679,0.11444444,-0.32808766",0.0
"0.0108844135,0.26389763,0.1990508,0.72100526,0.030456407,0.58306515,0.6504679,0.11444444,-0.32808766","0.50380695,0.938689,0.957762","0.058994323,0.39296255,0.30194378,0.85348976,0.16590934,0.17121238,0.6504679,0.11444444,-0.32808766",0.0
"0.058994323,0.39296255,0.30194378,0.85348976,0.16590934,0.17121238,0.6504679,0.11444444,-0.32808766","-0.1402024,0.87404037,0.9554318","0.04560601,0.51313865,0.40458637,0.8245502,0.12480233,-0.22796935,0.6504679,0.11444444,-0.32808766",0.0
"0.04560601,0.51313865,0.40458637,0.8245502,0.12480233,-0.22796935,0.6504679,0.11444444,-0.32808766","-0.038914263,0.034902096,0.8676362","0.04188998,0.51793754,0.49779707,0.730884,0.10258432,-0.3367871,0.6504679,0.11444444,-0.32808766",0.0
"0.04188998,0.51793754,0.49779707,0.730884,0.10258432,-0.3367871,0.6504679,0.11444444,-0.32808766","0.11846304,-0.21840966,0.5902244","0.05320234,0.4879074,0.5612052,0.66581666,0.11820425,-0.33797732,0.6504679,0.11444444,-0.32808766",0.0
"0.05320234,0.4879074,0.5612052,0.66581666,0.11820425,-0.33797732,0.6504679,0.11444444,-0.32808766","0.026075363,-0.07736999,0.06801748","0.055692345,0.4772695,0.56851244,0.6604856,0.12263371,-0.32606894,0.6504679,0.11444444,-0.32808766",0.0
"0.0,0.0,0.0,2.8652207e-07,0.005789075,0.993462,0.37099418,0.12122807,-0.74957925","0.4640417,0.9740081,0.9440414","0.044312622,0.1339211,0.101418965,0.40962493,0.06324178,0.8800305,0.37099418,0.12122807,-0.74957925",0.0
"0.044312622,0.1339211,0.101418965,0.40962493,0.06324178,0.8800305,0.37099418,0.12122807,-0.74957925","0.6765939,0.9733248,0.94032","0.10892243,0.26774827,0.20243812,0.6846241,0.25001097,0.5714477,0.37099418,0.12122807,-0.74957925",0.0
"0.10892243,0.26774827,0.20243812,0.6846241,0.25001097,0.5714477,0.37099418,0.12122807,-0.74957925","0.3527441,0.9749286,0.933166","0.14260693,0.40179595,0.30268872,0.7853396,0.3838636,0.15127623,0.37099418,0.12122807,-0.74957925",0.0
"0.14260693,0.40179595,0.30268872,0.7853396,0.3838636,0.15127623,0.37099418,0.12122807,-0.74957925","-0.08253133,0.9691436,0.94142294","0.13472578,0.53504825,0.4038263,0.75344193,0.34576148,-0.27150697,0.37099418,0.12122807,-0.74957925",0.0
"0.13472578,0.53504825,0.4038263,0.75344193,0.34576148,-0.27150697,0.37099418,0.12122807,-0.74957925","-0.36812055,0.9596102,0.9465238","0.09957294,0.66698974,0.5055119,0.5942794,0.19829728,-0.5923338,0.37099418,0.12122807,-0.74957925",0.0
"0.09957294,0.66698974,0.5055119,0.5942794,0.19829728,-0.5923338,0.37099418,0.12122807,-0.74957925","0.0032919645,0.74190354,0.68205166","0.0998873,0.7689977,0.57878506,0.39327654,0.13371648,-0.72949624,0.37099418,0.12122807,-0.74957925",0.0
"0.0998873,0.7689977,0.57878506,0.39327654,0.13371648,-0.72949624,0.37099418,0.12122807,-0.74957925","0.01574421,0.09897578,0.02440381","0.10139075,0.7826064,0.5814067,0.37362728,0.12930275,-0.7422559,0.37099418,0.12122807,-0.74957925",0.0
"0.0,0.0,0.0,2.8652207e-07,0.005789075,0.993462,-0.3115205,0.2351462,-0.74957925","-0.8259665,-0.9750526,-0.9586545","-0.07887381,-0.13406472,-0.102988854,-0.4024103,0.10777687,0.8785469,-0.3115205,0.2351462,-0.74957925",0.0
"-0.07887381,-0.13406472,-0.102988854,-0.4024103,0.10777687,0.8785469,-0.3115205,0.2351462,-0.74957925","-0.71040916,-0.9724622,-0.9230323","-0.14671272,-0.26777327,-0.20215078,-0.6500751,0.329282,0.571813,-0.3115205,0.2351462,-0.74957925",0.0
"-0.14671272,-0.26777327,-0.20215078,-0.6500751,0.329282,0.571813,-0.3115205,0.2351462,-0.74957925","-0.35099286,-0.94500124,-0.9283135","-0.18023,-0.3977061,-0.3018801,-0.7328853,0.4727074,0.16123548,-0.3115205,0.2351462,-0.74957925",0.0
"-0.18023,-0.3977061,-0.3018801,-0.7328853,0.4727074,0.16123548,-0.3115205,0.2351462,-0.74957925","-0.043762743,-0.91947764,-0.930671","-0.18440902,-0.52412957,-0.40186265,-0.6945485,0.46130872,-0.24703802,-0.3115205,0.2351462,-0.74957925",0.0
"-0.18440902,-0.52412957,-0.40186265,-0.6945485,0.46130872,-0.24703802,-0.3115205,0.2351462,-0.74957925","0.2152307,-0.92024225,-0.92176056","-0.16385604,-0.6506582,-0.5008879,-0.5605788,0.32373628,-0.56483275,-0.3115205,0.2351462,-0.74957925",0.0
"-0.16385604,-0.6506582,-0.5008879,-0.5605788,0.32373628,-0.56483275,-0.3115205,0.2351462,-0.74957925","-0.44166005,-0.8720171,-0.799673","-0.20603138,-0.7705561,-0.58679724,-0.31755987,0.24730179,-0.72899073,-0.3115205,0.2351462,-0.74957925",0.0
"-0.20603138,-0.7705561,-0.58679724,-0.31755987,0.24730179,-0.72899073,-0.3115205,0.2351462,-0.74957925","0.0410223,-0.09608573,0.017283559","-0.20211405,-0.78376746,-0.58494043,-0.3098058,0.23543794,-0.7422934,-0.3115205,0.2351462,-0.74957925",0.0
"0.0,0.0,0.0,2.8652207e-07,0.005789075,0.993462,-0.018654972,0.016666666,-0.46819258","0.7812146,0.9498379,0.9529724","0.07460033,0.13059783,0.10237842,0.39655417,0.100629754,0.8825563,-0.018654972,0.016666666,-0.46819258",0.0
"0.07460033,0.13059783,0.10237842,0.39655417,0.100629754,0.8825563,-0.018654972,0.016666666,-0.46819258","0.84691596,0.85529876,0.95429134","0.15547465,0.24819703,0.20489855,0.61842144,0.3351754,0.60212797,-0.018654972,0.016666666,-0.46819258",0.0
"0.15547465,0.24819703,0.20489855,0.61842144,0.3351754,0.60212797,-0.018654972,0.016666666,-0.46819258","0.35066783,0.85120773,0.95661116","0.18896088,0.36523375,0.30766788,0.7026606,0.48116738,0.22054705,-0.018654972,0.016666666,-0.46819258",0.0
"0.18896088,0.36523375,0.30766788,0.7026606,0.48116738,0.22054705,-0.018654972,0.016666666,-0.46819258","0.65474796,0.89429474,0.9653115","0.25148454,0.48819467,0.4113719,0.581751,0.59543115,-0.18562661,-0.018654972,0.016666666,-0.46819258",0.0
"0.25148454,0.48819467,0.4113719,0.581751,0.59543115,-0.18562661,-0.018654972,0.016666666,-0.46819258","0.4097774,0.8958349,0.9645692","0.29061532,0.6113674,0.5149961,0.39950284,0.5265684,-0.5095847,-0.018654972,0.016666666,-0.46819258",0.0
"0.29061532,0.6113674,0.5149961,0.39950284,0.5265684,-0.5095847,-0.018654972,0.016666666,-0.46819258","0.61806846,0.884146,0.93421423","0.34963638,0.732933,0.6153593,0.17976516,0.36454144,-0.6839925,-0.018654972,0.016666666,-0.46819258",0.0
"0.34963638,0.732933,0.6153593,0.17976516,0.36454144,-0.6839925,-0.018654972,0.016666666,-0.46819258","0.7035736,0.6295955,0.945135","0.41682255,0.81949914,0.7168957,0.041057725,0.17594258,-0.6825853,-0.018654972,0.016666666,-0.46819258",0.0
"0.41682255,0.81949914,0.7168957,0.041057725,0.17594258,-0.6825853,-0.018654972,0.016666666,-0.46819258","0.7446598,0.06330407,0.9639783","0.48793218,0.8282032,0.8204563,-0.003063801,0.07197743,-0.5694203,-0.018654972,0.016666666,-0.46819258",0.0
"0.48793218,0.8282032,0.8204563,-0.003063801,0.07197743,-0.5694203,-0.018654972,0.016666666,-0.46819258","0.69065356,-0.0053619742,0.67533183","0.55388457,0.827466,0.8930076,-0.009530102,0.021393305,-0.47087207,-0.018654972,0.016666666,-0.46819258",0.0
"0.0,0.0,0.0,2.8652207e-07,0.005789075,0.993462,-0.0018128656,0.047953214,-0.4651852","0.83019996,0.96923065,0.9484496","0.079278074,0.13326423,0.10189253,0.39952055,0.10758778,0.8802918,-0.0018128656,0.047953214,-0.4651852",0.0
"0.079278074,0.13326423,0.10189253,0.39952055,0.10758778,0.8802918,-0.0018128656,0.047953214,-0.4651852","0.91294193,0.89097095,0.95811784","0.16645741,0.25576818,0.20482372,0.6155872,0.36155316,0.5891454,-0.0018128656,0.047953214,-0.4651852",0.0
"0.16645741,0.25576818,0.20482372,0.6155872,0.36155316,0.5891454,-0.0018128656,0.047953214,-0.4651852","0.8403487,0.83047915,0.9591787","0.24670462,0.3699548,0.30786887,0.6064975,0.6021738,0.21041012,-0.0018128656,0.047953214,-0.4651852",0.0
"0.24670462,0.3699548,0.30786887,0.6064975,0.6021738,0.21041012,-0.0018128656,0.047953214,-0.4651852","0.8508477,0.88767266,0.96435654","0.3279544,0.49200523,0.4114703,0.42305434,0.7162217,-0.19348416,-0.0018128656,0.047953214,-0.4651852",0.0
"0.3279544,0.49200523,0.4114703,0.42305434,0.7162217,-0.19348416,-0.0018128656,0.047953214,-0.4651852","0.8915335,0.8794056,0.96687984","0.4130894,0.61291903,0.5153428,0.17220832,0.6364382,-0.5122777,-0.0018128656,0.047953214,-0.4651852",0.0
"0.4130894,0.61291903,0.5153428,0.17220832,0.6364382,-0.5122777,-0.0018128656,0.047953214,-0.4651852","0.74074066,0.9342866,0.9739857","0.48382476,0.74137866,0.6199786,0.014061513,0.39048526,-0.6908301,-0.0018128656,0.047953214,-0.4651852",0.0
"0.48382476,0.74137866,0.6199786,0.014061513,0.39048526,-0.6908301,-0.0018128656,0.047953214,-0.4651852","0.6025255,0.6572144,0.96855617","0.5413616,0.83174235,0.7240311,-0.026383799,0.15721451,-0.6807287,-0.0018128656,0.047953214,-0.4651852",0.0
"0.5413616,0.83174235,0.7240311,-0.026383799,0.15721451,-0.6807287,-0.0018128656,0.047953214,-0.4651852","-0.4029802,-0.3556981,0.96540046","0.50287986,0.7828357,0.82774454,-0.0067377007,0.1047302,-0.5505973,-0.0018128656,0.047953214,-0.4651852",0.0
"0.50287986,0.7828357,0.82774454,-0.0067377007,0.1047302,-0.5505973,-0.0018128656,0.047953214,-0.4651852","-0.14137024,-0.12547266,0.6329776","0.48938006,0.76558393,0.89574564,-0.0036850418,0.06315739,-0.46058887,-0.0018128656,0.047953214,-0.4651852",0.0
"0.0,0.0,0.0,2.8652207e-07,0.005789075,0.993462,0.115731,-0.05602339,-0.7433683","-0.154324,0.9719027,0.9712331","-0.014736817,0.13363163,0.10434019,0.4171088,-0.01352928,0.8778283,0.115731,-0.05602339,-0.7433683",0.0
"-0.014736817,0.13363163,0.10434019,0.4171088,-0.01352928,0.8778283,0.115731,-0.05602339,-0.7433683","-0.017993629,0.9740746,0.939909","-0.016455075,0.26756188,0.20531519,0.72952455,-0.031949427,0.5676742,0.115731,-0.05602339,-0.7433683",0.0
"-0.016455075,0.26756188,0.20531519,0.72952455,-0.031949427,0.5676742,0.115731,-0.05602339,-0.7433683","-0.5969634,0.9442029,0.9489373","-0.07346075,0.39738494,0.30726013,0.84905225,-0.19355498,0.15361083,0.115731,-0.05602339,-0.7433683",0.0
"-0.07346075,0.39738494,0.30726013,0.84905225,-0.19355498,0.15361083,0.115731,-0.05602339,-0.7433683","-0.2036255,0.9344193,0.95602727","-0.09290551,0.5258628,0.40996665,0.79268366,-0.23211837,-0.2601547,0.115731,-0.05602339,-0.7433683",0.0
"-0.09290551,0.5258628,0.40996665,0.79268366,-0.23211837,-0.2601547,0.115731,-0.05602339,-0.7433683","-0.3375498,0.9619961,0.9557464","-0.12513907,0.6581324,0.51264304,0.57952714,-0.2340771,-0.5818301,0.115731,-0.05602339,-0.7433683",0.0
"-0.12513907,0.6581324,0.51264304,0.57952714,-0.2340771,-0.5818301,0.115731,-0.05602339,-0.7433683","-0.5721775,0.9634255,0.93393564","-0.17977786,0.79059845,0.6129763,0.2927012,-0.17861377,-0.73762876,0.115731,-0.05602339,-0.7433683",0.0
"-0.17977786,0.79059845,0.6129763,0.2927012,-0.17861377,-0.73762876,0.115731,-0.05602339,-0.7433683","0.22384572,0.8083955,0.694468","-0.15840222,0.9017488,0.6875834,0.10505847,-0.050482966,-0.74194705,0.115731,-0.05602339,-0.7433683",0.0
"0.0,0.0,0.0,2.8652207e-07,0.005789075,0.993462,-0.58356726,-0.30923975,-0.32808766","0.44995916,-0.80755156,-0.9667141","0.042967826,-0.11103418,-0.10385471,-0.36968973,-0.044366453,0.8999953,-0.58356726,-0.30923975,-0.32808766",0.0
"0.042967826,-0.11103418,-0.10385471,-0.36968973,-0.044366453,0.8999953,-0.58356726,-0.30923975,-0.32808766","0.26340568,-0.8703611,-0.9746428","0.06812116,-0.23070437,-0.20856121,-0.6664054,-0.13891017,0.62656504,-0.58356726,-0.30923975,-0.32808766",0.0
"0.06812116,-0.23070437,-0.20856121,-0.6664054,-0.13891017,0.62656504,-0.58356726,-0.30923975,-0.32808766","0.387897,-0.89772815,-0.9689522","0.10516251,-0.3541374,-0.31265634,-0.79980403,-0.2681707,0.23572773,-0.58356726,-0.30923975,-0.32808766",0.0
"0.10516251,-0.3541374,-0.31265634,-0.79980403,-0.2681707,0.23572773,-0.58356726,-0.30923975,-0.32808766","0.51189923,-0.8398633,-0.9686222","0.15404516,-0.46961433,-0.416716,-0.73731285,-0.38102007,-0.15469019,-0.58356726,-0.30923975,-0.32808766",0.0
"0.15404516,-0.46961433,-0.416716,-0.73731285,-0.38102007,-0.15469019,-0.58356726,-0.30923975,-0.32808766","0.10533035,-0.49967813,-0.7420573","0.16410345,-0.53831756,-0.49643564,-0.6381329,-0.35495272,-0.372085,-0.58356726,-0.30923975,-0.32808766",0.0
"0.16410345,-0.53831756,-0.49643564,-0.6381329,-0.35495272,-0.372085,-0.58356726,-0.30923975,-0.32808766","0.036046386,0.3467363,-0.56378764","0.16754562,-0.49064317,-0.5570037,-0.5909827,-0.3366882,-0.33928496,-0.58356726,-0.30923975,-0.32808766",0.0
"0.16754562,-0.49064317,-0.5570037,-0.5909827,-0.3366882,-0.33928496,-0.58356726,-0.30923975,-0.32808766","-0.066832006,0.103792906,-0.17858636","0.16116363,-0.47637227,-0.57618934,-0.58238715,-0.31632888,-0.33038378,-0.58356726,-0.30923975,-0.32808766",0.0
"0.0,0.0,0.0,2.8652207e-07,0.005789075,0.993462,0.25023392,-0.26327485,-0.6149007","-0.7142768,0.96676564,0.9620998","-0.06820825,0.13292532,0.10335899,0.4065138,-0.08254236,0.87938565,0.25023392,-0.26327485,-0.6149007",0.0
"-0.06820825,0.13292532,0.10335899,0.4065138,-0.08254236,0.87938565,0.25023392,-0.26327485,-0.6149007","-0.58182657,0.94659066,0.9434507","-0.12376846,0.26307666,0.20471448,0.6719827,-0.26904756,0.5764846,0.25023392,-0.26327485,-0.6149007",0.0
"-0.12376846,0.26307666,0.20471448,0.6719827,-0.26904756,0.5764846,0.25023392,-0.26327485,-0.6149007","-0.4473399,0.9264637,0.9693618","-0.16648617,0.3904607,0.30885363,0.7537498,-0.42792594,0.16582505,0.25023392,-0.26327485,-0.6149007",0.0
"-0.16648617,0.3904607,0.30885363,0.7537498,-0.42792594,0.16582505,0.25023392,-0.26327485,-0.6149007","-0.42156106,0.87779653,0.951015","-0.2067422,0.5111532,0.41102177,0.66343987,-0.4965584,-0.2317198,0.25023392,-0.26327485,-0.6149007",0.0
"-0.2067422,0.5111532,0.41102177,0.66343987,-0.4965584,-0.2317198,0.25023392,-0.26327485,-0.6149007","-0.37437034,0.805141,0.9282243","-0.24249184,0.62185603,0.5107414,0.48035327,-0.45021075,-0.52409697,0.25023392,-0.26327485,-0.6149007",0.0
"-0.24249184,0.62185603,0.5107414,0.48035327,-0.45021075,-0.52409697,0.25023392,-0.26327485,-0.6149007","-0.25597417,0.55436397,0.8706615","-0.26693553,0.69807833,0.6042771,0.31123093,-0.33758536,-0.6492957,0.25023392,-0.26327485,-0.6149007",0.0
"-0.26693553,0.69807833,0.6042771,0.31123093,-0.33758536,-0.6492957,0.25023392,-0.26327485,-0.6149007","0.018422246,-0.064727426,0.60932565","-0.26517633,0.6891787,0.6697373,0.25846037,-0.27575377,-0.6248925,0.25023392,-0.26327485,-0.6149007",0.0
"0.0,0.0,0.0,2.8652207e-07,0.005789075,0.993462,0.059181288,-0.101169586,-0.44393736","-0.75529784,0.93771195,0.9613849","-0.07212546,0.12893058,0.10328218,0.39778712,-0.08576806,0.8834538,0.059181288,-0.101169586,-0.44393736",0.0
"-0.07212546,0.12893058,0.10328218,0.39778712,-0.08576806,0.8834538,0.059181288,-0.101169586,-0.44393736","-0.7029838,0.9519074,0.9495046","-0.1392553,0.25981295,0.20528804,0.6543824,-0.29967055,0.58141637,0.059181288,-0.101169586,-0.44393736",0.0
"-0.1392553,0.25981295,0.20528804,0.6543824,-0.29967055,0.58141637,0.059181288,-0.101169586,-0.44393736","-0.46355522,0.8520653,0.929652","-0.18352146,0.37696758,0.30516115,0.7236708,-0.46366096,0.19995469,0.059181288,-0.101169586,-0.44393736",0.0
"-0.18352146,0.37696758,0.30516115,0.7236708,-0.46366096,0.19995469,0.059181288,-0.101169586,-0.44393736","-0.3142956,0.90239286,0.92920446","-0.2135344,0.50104195,0.40498617,0.6583509,-0.51509,-0.20382324,0.059181288,-0.101169586,-0.44393736",0.0
"-0.2135344,0.50104195,0.40498617,0.6583509,-0.51509,-0.20382324,0.059181288,-0.101169586,-0.44393736","-0.7034591,0.86866903,0.9370116","-0.28070965,0.6204795,0.50564986,0.4278776,-0.5104638,-0.51902103,0.059181288,-0.101169586,-0.44393736",0.0
"-0.28070965,0.6204795,0.50564986,0.4278776,-0.5104638,-0.51902103,0.059181288,-0.101169586,-0.44393736","-0.70678866,0.8081753,0.95394826","-0.34820282,0.7315995,0.6081331,0.19693781,-0.36856565,-0.68449855,0.059181288,-0.101169586,-0.44393736",0.0
"-0.34820282,0.7315995,0.6081331,0.19693781,-0.36856565,-0.68449855,0.059181288,-0.101169586,-0.44393736","-0.032715023,-0.027145743,0.97709465","-0.35132688,0.7278672,0.7131029,0.13217585,-0.24924874,-0.63378334,0.059181288,-0.101169586,-0.44393736",0.0
"-0.35132688,0.7278672,0.7131029,0.13217585,-0.24924874,-0.63378334,0.059181288,-0.101169586,-0.44393736","0.060242295,-0.15015167,0.9591851","-0.34557417,0.70722216,0.81614876,0.08875194,-0.15594266,-0.5370987,0.059181288,-0.101169586,-0.44393736",0.0
"-0.34557417,0.70722216,0.81614876,0.08875194,-0.15594266,-0.5370987,0.059181288,-0.101169586,-0.44393736","-0.03044957,-0.15828937,0.7127497","-0.3484819,0.6854583,0.8927199,0.059277263,-0.10234532,-0.44666755,0.059181288,-0.101169586,-0.44393736",0.0
"0.0,0.0,0.0,2.8652207e-07,0.005789075,0.993462,-0.7256141,-0.11520468,-0.42556617","-0.52255887,-0.9496994,-0.9381926","-0.049900588,-0.13057879,-0.10079062,-0.40127936,0.06928913,0.8839099,-0.7256141,-0.11520468,-0.42556617",0.0
"-0.049900588,-0.13057879,-0.10079062,-0.40127936,0.06928913,0.8839099,-0.7256141,-0.11520468,-0.42556617","0.17947781,-0.9235822,-0.90423524","-0.03276176,-0.2575666,-0.19793318,-0.7078453,0.07893279,0.5957095,-0.7256141,-0.11520468,-0.42556617",0.0
"-0.03276176,-0.2575666,-0.19793318,-0.7078453,0.07893279,0.5957095,-0.7256141,-0.11520468,-0.42556617","0.23763824,-0.92292863,-0.9413009","-0.010069037,-0.38446453,-0.29905772,-0.8643162,0.033141956,0.19366384,-0.7256141,-0.11520468,-0.42556617",0.0
"-0.010069037,-0.38446453,-0.29905772,-0.8643162,0.033141956,0.19366384,-0.7256141,-0.11520468,-0.42556617","0.46871257,-0.8665713,-0.92264605","0.03468961,-0.5036137,-0.39817816,-0.8368324,-0.08573751,-0.20060202,-0.7256141,-0.11520468,-0.42556617",0.0
"0.03468961,-0.5036137,-0.39817816,-0.8368324,-0.08573751,-0.20060202,-0.7256141,-0.11520468,-0.42556617","0.2876053,-0.60203016,-0.58930045","0.062153827,-0.5863898,-0.46148703,-0.7315654,-0.13878918,-0.42883894,-0.7256141,-0.11520468,-0.42556617",0.0
"0.062153827,-0.5863898,-0.46148703,-0.7315654,-0.13878918,-0.42883894,-0.7256141,-0.11520468,-0.42556617","-0.08972299,0.08142209,-0.1549387","0.053585935,-0.5751947,-0.47813213,-0.72228163,-0.1168823,-0.42253572,-0.7256141,-0.11520468,-0.42556617",0.0
"0.0,0.0,0.0,2.8652207e-07,0.005789075,0.993462,0.0980117,0.36339182,-0.391635","0.8704405,0.9632282,0.9434823","0.08312076,0.13243893,0.1013589,0.3960335,0.11182603,0.8815746,0.0980117,0.36339182,-0.391635",0.0
"0.08312076,0.13243893,0.1013589,0.3960335,0.11182603,0.8815746,0.0980117,0.36339182,-0.391635","0.93744636,0.87127376,0.9463818","0.17264009,0.2522346,0.2030293,0.60331863,0.37034938,0.5977984,0.0980117,0.36339182,-0.391635",0.0
"0.17264009,0.2522346,0.2030293,0.60331863,0.37034938,0.5977984,0.0980117,0.36339182,-0.391635","0.92274165,0.8596784,0.94942605","0.2607552,0.37043598,0.30502674,0.5797972,0.62884474,0.21382381,0.0980117,0.36339182,-0.391635",0.0
"0.2607552,0.37043598,0.30502674,0.5797972,0.62884474,0.21382381,0.0980117,0.36339182,-0.391635","0.65480435,0.8213774,0.9659548","0.32328427,0.4833712,0.40879983,0.43526614,0.71275836,-0.17258267,0.0980117,0.36339182,-0.391635",0.0
"0.32328427,0.4833712,0.40879983,0.43526614,0.71275836,-0.17258267,0.0980117,0.36339182,-0.391635","0.14777029,0.810508,0.9752847","0.33739525,0.5948119,0.5135752,0.32495275,0.5916423,-0.48176447,0.0980117,0.36339182,-0.391635",0.0
"0.33739525,0.5948119,0.5135752,0.32495275,0.5916423,-0.48176447,0.0980117,0.36339182,-0.391635","0.28009164,0.16617107,0.98339546","0.364142,0.6176596,0.619222,0.20761296,0.47051558,-0.55352974,0.0980117,0.36339182,-0.391635",0.0
"0.364142,0.6176596,0.619222,0.20761296,0.47051558,-0.55352974,0.0980117,0.36339182,-0.391635","0.26175475,-0.6444756,0.95880544","0.38913766,0.5290476,0.72222704,0.14374594,0.41286856,-0.45321894,0.0980117,0.36339182,-0.391635",0.0
"0.38913766,0.5290476,0.72222704,0.14374594,0.41286856,-0.45321894,0.0980117,0.36339182,-0.391635","0.17550135,-0.35883343,0.60152686","0.40589678,0.4797099,0.78684944,0.10421883,0.36207148,-0.39754856,0.0980117,0.36339182,-0.391635",0.0
"0.0,0.0,0.0,2.8652207e-07,0.005789075,0.993462,0.075087726,0.104385965,-0.7433683","0.60684586,0.9797474,0.94983554","0.05794938,0.13471022,0.10204143,0.40876737,0.081137136,0.87870044,0.075087726,0.104385965,-0.7433683",0.0
"0.05794938,0.13471022,0.10204143,0.40876737,0.081137136,0.87870044,0.075087726,0.104385965,-0.7433683","0.89762545,0.9704521,0.935204","0.1436661,0.26814243,0.202511,0.65382916,0.32335132,0.570643,0.075087726,0.104385965,-0.7433683",0.0
"0.1436661,0.26814243,0.202511,0.65382916,0.32335132,0.570643,0.075087726,0.104385965,-0.7433683","0.6886827,0.9575131,0.88421166","0.20943029,0.39979556,0.2975024,0.6880614,0.5390636,0.16355577,0.075087726,0.104385965,-0.7433683",0.0
"0.20943029,0.39979556,0.2975024,0.6880614,0.5390636,0.16355577,0.075087726,0.104385965,-0.7433683","0.08052242,0.95452476,0.92088604","0.21711962,0.53103787,0.3964337,0.6459395,0.5320547,-0.25460517,0.075087726,0.104385965,-0.7433683",0.0
"0.21711962,0.53103787,0.3964337,0.6459395,0.5320547,-0.25460517,0.075087726,0.104385965,-0.7433683","0.13214433,0.95525384,0.9233227","0.22973843,0.6623804,0.4956268,0.47951326,0.42976174,-0.5807285,0.075087726,0.104385965,-0.7433683",0.0
"0.22973843,0.6623804,0.4956268,0.47951326,0.42976174,-0.5807285,0.075087726,0.104385965,-0.7433683","0.06924474,0.95416737,0.93507063","0.2363508,0.79357356,0.596082,0.26273718,0.24897732,-0.7473416,0.075087726,0.104385965,-0.7433683",0.0
"0.2363508,0.79357356,0.596082,0.26273718,0.24897732,-0.7473416,0.075087726,0.104385965,-0.7433683","0.16170585,0.73882127,0.84694433","0.25179252,0.89515775,0.68706965,0.08374601,0.092929035,-0.74054617,0.075087726,0.104385965,-0.7433683",0.0
"0.0,0.0,0.0,2.8652207e-07,0.005789075,0.993462,0.07497077,-0.0057894737,-0.29193363","-0.8104025,0.95206094,0.95435274","-0.07738756,0.13090348,0.10252671,0.3991934,-0.09304621,0.88212574,0.07497077,-0.0057894737,-0.29193363",0.0
"-0.07738756,0.13090348,0.10252671,0.3991934,-0.09304621,0.88212574,0.07497077,-0.0057894737,-0.29193363","-0.9696748,0.9074998,0.92646194","-0.16998446,0.25568005,0.2020571,0.6159012,-0.3574775,0.59319705,0.07497077,-0.0057894737,-0.29193363",0.0
"-0.16998446,0.25568005,0.2020571,0.6159012,-0.3574775,0.59319705,0.07497077,-0.0057894737,-0.29193363","-0.9841156,0.8791535,0.8950491","-0.26396036,0.37655914,0.2982128,0.58519787,-0.6303504,0.2116096,0.07497077,-0.0057894737,-0.29193363",0.0
"-0.26396036,0.37655914,0.2982128,0.58519787,-0.6303504,0.2116096,0.07497077,-0.0057894737,-0.29193363","-0.9679919,0.9673128,0.88694715","-0.35639653,0.5095597,0.39349806,0.37323165,-0.7571229,-0.20696376,0.07497077,-0.0057894737,-0.29193363",0.0
"-0.35639653,0.5095597,0.39349806,0.37323165,-0.7571229,-0.20696376,0.07497077,-0.0057894737,-0.29193363","-0.97179276,0.96935,0.97099185","-0.4491957,0.6428404,0.49781227,0.11030304,-0.6487994,-0.5508026,0.07497077,-0.0057894737,-0.29193363",0.0
"-0.4491957,0.6428404,0.49781227,0.11030304,-0.6487994,-0.5508026,0.07497077,-0.0057894737,-0.29193363","-0.98314184,0.99201846,0.98494005","-0.5430786,0.7792378,0.60362494,-0.044065326,-0.36651143,-0.73165274,0.07497077,-0.0057894737,-0.29193363",0.0
"-0.5430786,0.7792378,0.60362494,-0.044065326,-0.36651143,-0.73165274,0.07497077,-0.0057894737,-0.29193363","-0.9340008,0.95682144,0.9747329","-0.6322689,0.9107959,0.70834106,-0.029046567,-0.080172546,-0.7212731,0.07497077,-0.0057894737,-0.29193363",0.0
"-0.6322689,0.9107959,0.70834106,-0.029046567,-0.080172546,-0.7212731,0.07497077,-0.0057894737,-0.29193363","-0.97710377,0.30605316,0.9610007","-0.7255752,0.9528766,0.8115819,0.027193349,0.022826813,-0.58737993,0.07497077,-0.0057894737,-0.29193363",0.0
"-0.7255752,0.9528766,0.8115819,0.027193349,0.022826813,-0.58737993,0.07497077,-0.0057894737,-0.29193363","-0.98129356,0.30659103,0.94173","-0.81928164,0.99503136,0.91275245,0.08086394,0.044706512,-0.425806,0.07497077,-0.0057894737,-0.29193363",0.0
"-0.81928164,0.99503136,0.91275245,0.08086394,0.044706512,-0.425806,0.07497077,-0.0057894737,-0.29193363","-0.9891377,0.3040632,0.8910589","-0.9137347,0.99998003,0.9999978,0.076906204,0.015358674,-0.29015318,0.07497077,-0.0057894737,-0.29193363",0.0
"-0.9137347,0.99998003,0.9999978,0.076906204,0.015358674,-0.29015318,0.07497077,-0.0057894737,-0.29193363","-0.9908795,0.5916147,0.5611342","-0.99999756,0.99998003,0.9999978,0.07820971,-0.005789559,-0.29014903,0.07497077,-0.0057894737,-0.29193363",0.0
"0.0,0.0,0.0,2.8652207e-07,0.005789075,0.993462,0.105730996,-0.050643273,-0.44393736","-0.5061604,0.9599619,0.970294","-0.048334636,0.13198982,0.10423929,0.41008893,-0.056897715,0.87957925,0.105730996,-0.050643273,-0.44393736",0.0
"-0.048334636,0.13198982,0.10423929,0.41008893,-0.056897715,0.87957925,0.105730996,-0.050643273,-0.44393736","0.07677019,0.96168065,0.9403151","-0.041003637,0.26421598,0.20525792,0.7204025,-0.087478995,0.5736974,0.105730996,-0.050643273,-0.44393736",0.0
"-0.041003637,0.26421598,0.20525792,0.7204025,-0.087478995,0.5736974,0.105730996,-0.050643273,-0.44393736","-0.03151065,0.89704704,0.95378375","-0.044012673,0.38755536,0.30772352,0.8578591,-0.11353254,0.17370923,0.105730996,-0.050643273,-0.44393736",0.0
"-0.044012673,0.38755536,0.30772352,0.8578591,-0.11353254,0.17370923,0.105730996,-0.050643273,-0.44393736","-0.4386351,0.94279575,0.97038186","-0.085899144,0.517185,0.41197222,0.7980291,-0.21473426,-0.24503039,0.105730996,-0.050643273,-0.44393736",0.0
"-0.085899144,0.517185,0.41197222,0.7980291,-0.21473426,-0.24503039,0.105730996,-0.050643273,-0.44393736","-0.5937598,0.95180416,0.97379684","-0.1425989,0.6480532,0.5165878,0.5691538,-0.26709837,-0.5681169,0.105730996,-0.050643273,-0.44393736",0.0
"-0.1425989,0.6480532,0.5165878,0.5691538,-0.26709837,-0.5681169,0.105730996,-0.050643273,-0.44393736","-0.004956484,0.7416736,0.9687835","-0.1430722,0.75002956,0.6206648,0.3447908,-0.15990189,-0.698731,0.105730996,-0.050643273,-0.44393736",0.0
"-0.1430722,0.75002956,0.6206648,0.3447908,-0.15990189,-0.698731,0.105730996,-0.050643273,-0.44393736","-0.13082021,0.1685574,0.973984","-0.15556459,0.7732054,0.7253004,0.19752502,-0.098476104,-0.6523916,0.105730996,-0.050643273,-0.44393736",0.0
"-0.15556459,0.7732054,0.7253004,0.19752502,-0.098476104,-0.6523916,0.105730996,-0.050643273,-0.44393736","-0.03926009,-0.22086883,0.9525528","-0.15931363,0.74283713,0.8276337,0.124051176,-0.061250955,-0.538863,0.105730996,-0.050643273,-0.44393736",0.0
"-0.15931363,0.74283713,0.8276337,0.124051176,-0.061250955,-0.538863,0.105730996,-0.050643273,-0.44393736","-0.017305255,-0.47584152,0.63856995","-0.16096616,0.67741144,0.89623564,0.10776539,-0.053053547,-0.4402327,0.105730996,-0.050643273,-0.44393736",0.0
"0.0,0.0,0.0,2.8652207e-07,0.005789075,0.993462,-0.0012865497,0.006081871,-0.7596475","0.8658496,0.9828422,0.955768","0.08268237,0.13513575,0.10267876,0.4027545,0.11302569,0.87772185,-0.0012865497,0.006081871,-0.7596475",0.0
"0.08268237,0.13513575,0.10267876,0.4027545,0.11302569,0.87772185,-0.0012865497,0.006081871,-0.7596475","0.9241519,0.9781635,0.94117355","0.17093216,0.26962823,0.20378962,0.6260992,0.37949148,0.56616974,-0.0012865497,0.006081871,-0.7596475",0.0
"0.17093216,0.26962823,0.20378962,0.6260992,0.37949148,0.56616974,-0.0012865497,0.006081871,-0.7596475","0.11526322,0.9624281,0.90212715","0.18193896,0.40195715,0.3007057,0.7324564,0.47799855,0.15399377,-0.0012865497,0.006081871,-0.7596475",0.0
"0.18193896,0.40195715,0.3007057,0.7324564,0.47799855,0.15399377,-0.0012865497,0.006081871,-0.7596475","-0.38120735,0.97119653,0.9111284","0.14553642,0.53549176,0.39858875,0.7454639,0.37321106,-0.26624635,-0.0012865497,0.006081871,-0.7596475",0.0
"0.14553642,0.53549176,0.39858875,0.7454639,0.37321106,-0.26624635,-0.0012865497,0.006081871,-0.7596475","-0.3487004,0.9638263,0.9408634","0.11223807,0.6680129,0.4996662,0.59239095,0.2241605,-0.5913694,-0.0012865497,0.006081871,-0.7596475",0.0
"0.11223807,0.6680129,0.4996662,0.59239095,0.2241605,-0.5913694,-0.0012865497,0.006081871,-0.7596475","-0.7453453,0.949424,0.94609976","0.041063007,0.7985539,0.60130626,0.3451148,0.05060762,-0.74950504,-0.0012865497,0.006081871,-0.7596475",0.0
"0.041063007,0.7985539,0.60130626,0.3451148,0.05060762,-0.74950504,-0.0012865497,0.006081871,-0.7596475","-0.50484324,0.92115176,0.7684488","-0.0071458626,0.92520756,0.68386114,0.091463335,0.0037374268,-0.75192386,-0.0012865497,0.006081871,-0.7596475",0.0
"-0.0071458626,0.92520756,0.68386114,0.091463335,0.0037374268,-0.75192386,-0.0012865497,0.006081871,-0.7596475","-0.64721286,0.62780964,0.047769308","-0.06894715,0.9999811,0.68900156,-0.004710349,0.006964572,-0.75353336,-0.0012865497,0.006081871,-0.7596475",0.0
"0.0,0.0,0.0,2.8652207e-07,0.005789075,0.993462,0.3235088,-0.505731,-0.4906826","-0.5201956,0.9432839,0.96920824","-0.049674902,0.1296967,0.10412265,0.40529507,-0.057908006,0.8819815,0.3235088,-0.505731,-0.4906826",0.0
"-0.049674902,0.1296967,0.10412265,0.40529507,-0.057908006,0.8819815,0.3235088,-0.505731,-0.4906826","-0.7800207,0.78389406,0.89152527","-0.12416122,0.2374781,0.19989978,0.6356209,-0.2550639,0.6272142,0.3235088,-0.505731,-0.4906826",0.0
"-0.12416122,0.2374781,0.19989978,0.6356209,-0.2550639,0.6272142,0.3235088,-0.505731,-0.4906826","-0.6859711,0.83626604,0.888404","-0.18966648,0.3524604,0.29534158,0.70140535,-0.46860743,0.2661704,0.3235088,-0.505731,-0.4906826",0.0
"-0.18966648,0.3524604,0.29534158,0.70140535,-0.46860743,0.2661704,0.3235088,-0.505731,-0.4906826","-0.6622437,0.76887846,0.8784572","-0.25290594,0.4581773,0.38971478,0.5998985,-0.6026918,-0.09571297,0.3235088,-0.505731,-0.4906826",0.0
"-0.25290594,0.4581773,0.38971478,0.5998985,-0.6026918,-0.09571297,0.3235088,-0.505731,-0.4906826","-0.5383551,0.5627229,0.7280915","-0.30431494,0.53554887,0.46793404,0.44524604,-0.620596,-0.341068,0.3235088,-0.505731,-0.4906826",0.0
"-0.30431494,0.53554887,0.46793404,0.44524604,-0.620596,-0.341068,0.3235088,-0.505731,-0.4906826","-0.08995932,0.2936082,0.5149802","-0.3129054,0.5759185,0.5232586,0.37942922,-0.55898607,-0.45675758,0.3235088,-0.505731,-0.4906826",0.0
"-0.3129054,0.5759185,0.5232586,0.37942922,-0.55898607,-0.45675758,0.3235088,-0.505731,-0.4906826","-0.02515918,0.07802677,0.30303526","-0.31530792,0.58664685,0.55581385,0.34785137,-0.5201128,-0.49199712,0.3235088,-0.505731,-0.4906826",0.0
"-0.31530792,0.58664685,0.55581385,0.34785137,-0.5201128,-0.49199712,0.3235088,-0.505731,-0.4906826","-0.018643975,-0.04444468,0.16713655","-0.31708828,0.58053595,0.5737694,0.33430552,-0.5056319,-0.49085903,0.3235088,-0.505731,-0.4906826",0.0
"0.0,0.0,0.0,2.8652207e-07,0.005789075,0.993462,-0.34163743,-0.12339181,-0.6149007","0.013099194,-0.9396053,-0.9544466","0.0012508727,-0.1291909,-0.1025368,-0.40653846,0.004191494,0.88382274,-0.34163743,-0.12339181,-0.6149007",0.0
"0.0012508727,-0.1291909,-0.1025368,-0.40653846,0.004191494,0.88382274,-0.34163743,-0.12339181,-0.6149007","0.38139653,-0.9330944,-0.9524354","0.037671473,-0.2574866,-0.20485753,-0.7119464,-0.07882329,0.5861003,-0.34163743,-0.12339181,-0.6149007",0.0
"0.037671473,-0.2574866,-0.20485753,-0.7119464,-0.07882329,0.5861003,-0.34163743,-0.12339181,-0.6149007","0.6214342,-0.8820804,-0.96556735","0.09701393,-0.37876815,-0.30858904,-0.82212025,-0.2525537,0.190861,-0.34163743,-0.12339181,-0.6149007",0.0
"0.09701393,-0.37876815,-0.30858904,-0.82212025,-0.2525537,0.190861,-0.34163743,-0.12339181,-0.6149007","0.5500536,-0.84972185,-0.960644","0.14954005,-0.49560058,-0.41179162,-0.74357677,-0.37102666,-0.20117278,-0.34163743,-0.12339181,-0.6149007",0.0
"0.14954005,-0.49560058,-0.41179162,-0.74357677,-0.37102666,-0.20117278,-0.34163743,-0.12339181,-0.6149007","0.030376196,-0.8916684,-0.95485747","0.15244077,-0.6182004,-0.5143725,-0.5852767,-0.29736578,-0.52021796,-0.34163743,-0.12339181,-0.6149007",0.0
"0.15244077,-0.6182004,-0.5143725,-0.5852767,-0.29736578,-0.52021796,-0.34163743,-0.12339181,-0.6149007","-0.15275991,-0.7437954,-0.9195894","0.1378533,-0.7204685,-0.61316454,-0.3864353,-0.17229122,-0.67192507,-0.34163743,-0.12339181,-0.6149007",0.0
"0.1378533,-0.7204685,-0.61316454,-0.3864353,-0.17229122,-0.67192507,-0.34163743,-0.12339181,-0.6149007","-0.24805284,0.30476427,-0.5531093","0.11416605,-0.6785651,-0.67258537,-0.36198238,-0.12951632,-0.61403275,-0.34163743,-0.12339181,-0.6149007",0.0
"0.11416605,-0.6785651,-0.67258537,-0.36198238,-0.12951632,-0.61403275,-0.34163743,-0.12339181,-0.6149007","0.030949831,-0.0024211407,-0.097260654","0.11712153,-0.67889804,-0.6830341,-0.34721735,-0.1276491,-0.6105875,-0.34163743,-0.12339181,-0.6149007",0.0
"0.0,0.0,0.0,2.8652207e-07,0.005789075,0.993462,0.19847953,0.113976605,-0.54978424","0.109286904,0.96755004,0.9194027","0.010436111,0.13303316,0.09877201,0.4091854,0.01921238,0.8831552,0.19847953,0.113976605,-0.54978424",0.0
"0.010436111,0.13303316,0.09877201,0.4091854,0.01921238,0.8831552,0.19847953,0.113976605,-0.54978424","0.77634656,0.90720296,0.95629025","0.08457158,0.25776893,0.20150685,0.68806773,0.19323918,0.5903368,0.19847953,0.113976605,-0.54978424",0.0
"0.08457158,0.25776893,0.20150685,0.68806773,0.19323918,0.5903368,0.19847953,0.113976605,-0.54978424","0.38376486,0.8700044,0.95109606","0.12121834,0.3773901,0.3036837,0.79616314,0.32499018,0.20136319,0.19847953,0.113976605,-0.54978424",0.0
"0.12121834,0.3773901,0.3036837,0.79616314,0.32499018,0.20136319,0.19847953,0.113976605,-0.54978424","0.0400939,0.8364279,0.95841193","0.12504701,0.4923947,0.40664646,0.76992446,0.3253135,-0.18826114,0.19847953,0.113976605,-0.54978424",0.0
"0.12504701,0.4923947,0.40664646,0.76992446,0.3253135,-0.18826114,0.19847953,0.113976605,-0.54978424","0.101974726,0.80921793,0.9541135","0.13478485,0.6036581,0.5091474,0.6123485,0.28233865,-0.4935914,0.19847953,0.113976605,-0.54978424",0.0
"0.13478485,0.6036581,0.5091474,0.6123485,0.28233865,-0.4935914,0.19847953,0.113976605,-0.54978424","0.22479129,0.5470176,0.96102214","0.15625079,0.6788702,0.6123906,0.40940443,0.2253976,-0.6268374,0.19847953,0.113976605,-0.54978424",0.0
"0.15625079,0.6788702,0.6123906,0.40940443,0.2253976,-0.6268374,0.19847953,0.113976605,-0.54978424","0.100436926,0.24662685,0.95073104","0.16584179,0.7127802,0.71452814,0.2532135,0.15199478,-0.62224454,0.19847953,0.113976605,-0.54978424",0.0
"0.16584179,0.7127802,0.71452814,0.2532135,0.15199478,-0.62224454,0.19847953,0.113976605,-0.54978424","-0.06323719,-0.31119514,0.7173712","0.15980309,0.66999257,0.7915958,0.20594493,0.11965815,-0.5399672,0.19847953,0.113976605,-0.54978424",0.0
"0.0,0.0,0.0,2.8652207e-07,0.005789075,0.993462,-0.20274855,0.15046783,-0.69426954","-0.79547584,-0.97724843,-0.93743163","-0.07596217,-0.13436663,-0.10070887,-0.40135825,0.103599824,0.88018286,-0.20274855,0.15046783,-0.69426954",0.0
"-0.07596217,-0.13436663,-0.10070887,-0.40135825,0.103599824,0.88018286,-0.20274855,0.15046783,-0.69426954","-0.56102455,-0.94911426,-0.9430261","-0.12953594,-0.26486498,-0.20201874,-0.66321,0.29215392,0.577156,-0.20274855,0.15046783,-0.69426954",0.0
"-0.12953594,-0.26486498,-0.20201874,-0.66321,0.29215392,0.577156,-0.20274855,0.15046783,-0.69426954","-0.4996894,-0.92735887,-0.94503254","-0.17725265,-0.39237207,-0.30354416,-0.73449993,0.46410426,0.16998795,-0.20274855,0.15046783,-0.69426954",0.0
"-0.17725265,-0.39237207,-0.30354416,-0.73449993,0.46410426,0.16998795,-0.20274855,0.15046783,-0.69426954","-0.13509303,-0.92125547,-0.94118756","-0.19015305,-0.51904,-0.40465653,-0.68508106,0.4730659,-0.2400486,-0.20274855,0.15046783,-0.69426954",0.0
"-0.19015305,-0.51904,-0.40465653,-0.68508106,0.4730659,-0.2400486,-0.20274855,0.15046783,-0.69426954","0.33761632,-0.9345119,-0.9455242","-0.15791313,-0.6475306,-0.50623477,-0.5626834,0.31113502,-0.5625296,-0.20274855,0.15046783,-0.69426954",0.0
"-0.15791313,-0.6475306,-0.50623477,-0.5626834,0.31113502,-0.5625296,-0.20274855,0.15046783,-0.69426954","0.07555151,-0.9231178,-0.8757838","-0.15069853,-0.7744546,-0.6003207,-0.33494636,0.17809606,-0.7284842,-0.20274855,0.15046783,-0.69426954",0.0
"-0.15069853,-0.7744546,-0.6003207,-0.33494636,0.17809606,-0.7284842,-0.20274855,0.15046783,-0.69426954","-0.3413614,-0.19623864,-0.74339306","-0.18329607,-0.8014365,-0.6801838,-0.20133716,0.13761948,-0.70450884,-0.20274855,0.15046783,-0.69426954",0.0
"0.0,0.0,0.0,2.8652207e-07,0.005789075,0.993462,-0.043157898,-0.020935671,-0.4651852","0.72308517,-0.9620065,-0.95086884","0.06904938,-0.13227095,-0.10215244,-0.4036695,-0.08303802,0.88107175,-0.043157898,-0.020935671,-0.4651852",0.0
"0.06904938,-0.13227095,-0.10215244,-0.4036695,-0.08303802,0.88107175,-0.043157898,-0.020935671,-0.4651852","0.3894832,-0.89218706,-0.930974","0.106242195,-0.2549421,-0.20216756,-0.6737962,-0.22750676,0.5943229,-0.043157898,-0.020935671,-0.4651852",0.0
"0.106242195,-0.2549421,-0.20216756,-0.6737962,-0.22750676,0.5943229,-0.043157898,-0.020935671,-0.4651852","0.4196806,-0.8465365,-0.9202323","0.14631864,-0.37133652,-0.3010287,-0.77005494,-0.37475085,0.21816258,-0.043157898,-0.020935671,-0.4651852",0.0
"0.14631864,-0.37133652,-0.3010287,-0.77005494,-0.37475085,0.21816258,-0.043157898,-0.020935671,-0.4651852","0.12277579,-0.83643365,-0.90977764","0.15804285,-0.4863419,-0.39876667,-0.74389195,-0.3964383,-0.16586803,-0.043157898,-0.020935671,-0.4651852",0.0
"0.15804285,-0.4863419,-0.39876667,-0.74389195,-0.3964383,-0.16586803,-0.043157898,-0.020935671,-0.4651852","0.24881816,-0.83950436,-0.9256017","0.18180318,-0.60176945,-0.4982046,-0.58327144,-0.36792615,-0.48348445,-0.043157898,-0.020935671,-0.4651852",0.0
"0.18180318,-0.60176945,-0.4982046,-0.58327144,-0.36792615,-0.48348445,-0.043157898,-0.020935671,-0.4651852","0.18786073,-0.7185682,-0.9476784","0.19974251,-0.7005689,-0.6000142,-0.37776682,-0.26684558,-0.65253204,-0.043157898,-0.020935671,-0.4651852",0.0
"0.19974251,-0.7005689,-0.6000142,-0.37776682,-0.26684558,-0.65253204,-0.043157898,-0.020935671,-0.4651852","0.3209468,-0.7811874,-0.9528056","0.23039061,-0.8079782,-0.7023747,-0.16112097,-0.13467275,-0.69018584,-0.043157898,-0.020935671,-0.4651852",0.0
"0.23039061,-0.8079782,-0.7023747,-0.16112097,-0.13467275,-0.69018584,-0.043157898,-0.020935671,-0.4651852","-0.30781984,-0.057380676,-0.91662216","0.20099604,-0.8158678,-0.8008479,-0.083826564,-0.054132733,-0.5911124,-0.043157898,-0.020935671,-0.4651852",0.0
"0.20099604,-0.8158678,-0.8008479,-0.083826564,-0.054132733,-0.5911124,-0.043157898,-0.020935671,-0.4651852","-0.13832188,0.4511851,-0.72514206","0.18778731,-0.7538322,-0.87875026,-0.07305215,-0.04194026,-0.48071256,-0.043157898,-0.020935671,-0.4651852",0.0
"0.18778731,-0.7538322,-0.87875026,-0.07305215,-0.04194026,-0.48071256,-0.043157898,-0.020935671,-0.4651852","-0.11801839,-0.014183342,-0.14495558","0.1765174,-0.7557824,-0.8943228,-0.06306884,-0.032253515,-0.46088114,-0.043157898,-0.020935671,-0.4651852",0.0
"0.1765174,-0.7557824,-0.8943228,-0.06306884,-0.032253515,-0.46088114,-0.043157898,-0.020935671,-0.4651852","0.005583644,-0.113161504,-0.012611806","0.17705059,-0.77134156,-0.8956776,-0.05332611,-0.026335698,-0.46153805,-0.043157898,-0.020935671,-0.4651852",0.0
"0.0,0.0,0.0,2.8652207e-07,0.005789075,0.993462,-0.020643275,-0.17929824,-0.40556052","0.9696827,-0.9300741,-0.9262303","0.092597656,-0.1278804,-0.09950551,-0.3852104,-0.109288216,0.887636,-0.020643275,-0.17929824,-0.40556052",0.0
"0.092597656,-0.1278804,-0.09950551,-0.3852104,-0.109288216,0.887636,-0.020643275,-0.17929824,-0.40556052","0.86307776,-0.569639,-0.96040994","0.17501532,-0.20620283,-0.20268296,-0.54859567,-0.3294274,0.6740034,-0.020643275,-0.17929824,-0.40556052",0.0
"0.17501532,-0.20620283,-0.20268296,-0.54859567,-0.3294274,0.6740034,-0.020643275,-0.17929824,-0.40556052","0.85861015,-0.6386526,-0.94493586","0.25700635,-0.2940143,-0.30419803,-0.5532086,-0.5697428,0.36921814,-0.020643275,-0.17929824,-0.40556052",0.0
"0.25700635,-0.2940143,-0.30419803,-0.5532086,-0.5697428,0.36921814,-0.020643275,-0.17929824,-0.40556052","0.608886,-0.4625823,-0.9581336","0.31515056,-0.35761702,-0.4071309,-0.4535758,-0.6806666,0.08488401,-0.020643275,-0.17929824,-0.40556052",0.0
"0.31515056,-0.35761702,-0.4071309,-0.4535758,-0.6806666,0.08488401,-0.020643275,-0.17929824,-0.40556052","0.37656856,-0.694795,-0.9589084","0.3511101,-0.45314783,-0.51014704,-0.34132975,-0.66287667,-0.23143066,-0.020643275,-0.17929824,-0.40556052",0.0
"0.3511101,-0.45314783,-0.51014704,-0.34132975,-0.66287667,-0.23143066,-0.020643275,-0.17929824,-0.40556052","0.12278342,-0.7120282,-0.95783466","0.36283505,-0.55104804,-0.6130478,-0.24488364,-0.51881063,-0.463582,-0.020643275,-0.17929824,-0.40556052",0.0
"0.36283505,-0.55104804,-0.6130478,-0.24488364,-0.51881063,-0.463582,-0.020643275,-0.17929824,-0.40556052","0.23537171,-0.5323592,-0.96150064","0.3853113,-0.6242448,-0.71634233,-0.13723984,-0.34785315,-0.54887897,-0.020643275,-0.17929824,-0.40556052",0.0
"0.3853113,-0.6242448,-0.71634233,-0.13723984,-0.34785315,-0.54887897,-0.020643275,-0.17929824,-0.40556052","0.20990026,0.15576124,-0.9539696","0.40535524,-0.60282844,-0.8188279,-0.080537535,-0.24307652,-0.47915542,-0.020643275,-0.17929824,-0.40556052",0.0
"0.40535524,-0.60282844,-0.8188279,-0.080537535,-0.24307652,-0.47915542,-0.020643275,-0.17929824,-0.40556052","0.282961,0.34399605,-0.7095711","0.432376,-0.55553085,-0.89505756,-0.046332564,-0.18734401,-0.39464837,-0.020643275,-0.17929824,-0.40556052",0.0
"0.432376,-0.55553085,-0.89505756,-0.046332564,-0.18734401,-0.39464837,-0.020643275,-0.17929824,-0.40556052","0.24449539,-0.09257907,-0.021738887","0.45572352,-0.5682601,-0.897393,-0.03114267,-0.18069188,-0.3984692,-0.020643275,-0.17929824,-0.40556052",0.0
"0.0,0.0,0.0,2.8652207e-07,0.005789075,0.993462,-0.055029243,-0.05122807,-0.29193363","0.93380237,-0.9568324,-0.9398384","0.089171335,-0.13155954,-0.10096743,-0.39494568,-0.10760448,0.88278484,-0.055029243,-0.05122807,-0.29193363",0.0
"0.089171335,-0.13155954,-0.10096743,-0.39494568,-0.10760448,0.88278484,-0.055029243,-0.05122807,-0.29193363","0.749135,-0.5545943,-0.9489057","0.16070828,-0.2078134,-0.20290898,-0.56516355,-0.30572724,0.671184,-0.055029243,-0.05122807,-0.29193363",0.0
"0.16070828,-0.2078134,-0.20290898,-0.56516355,-0.30572724,0.671184,-0.055029243,-0.05122807,-0.29193363","0.5816196,-0.43153167,-0.95599896","0.21624874,-0.2671468,-0.30561256,-0.60071796,-0.4777067,0.4182084,-0.055029243,-0.05122807,-0.29193363",0.0
"0.21624874,-0.2671468,-0.30561256,-0.60071796,-0.4777067,0.4182084,-0.055029243,-0.05122807,-0.29193363","0.56966555,-0.6235684,-0.9537905","0.27064767,-0.35288426,-0.40807885,-0.5424506,-0.6090469,0.09291911,-0.055029243,-0.05122807,-0.29193363",0.0
"0.27064767,-0.35288426,-0.40807885,-0.5424506,-0.6090469,0.09291911,-0.055029243,-0.05122807,-0.29193363","0.13794243,-0.8025956,-0.9478181","0.28382015,-0.4632371,-0.50990355,-0.47146645,-0.57482225,-0.24950367,-0.055029243,-0.05122807,-0.29193363",0.0
"0.28382015,-0.4632371,-0.50990355,-0.47146645,-0.57482225,-0.24950367,-0.055029243,-0.05122807,-0.29193363","-0.005307555,-0.738546,-0.95339996","0.28331333,-0.56478345,-0.6123279,-0.36017722,-0.43552744,-0.48242298,-0.055029243,-0.05122807,-0.29193363",0.0
"0.28331333,-0.56478345,-0.6123279,-0.36017722,-0.43552744,-0.48242298,-0.055029243,-0.05122807,-0.29193363","0.37056994,-0.66176564,-0.96815604","0.31870005,-0.65577286,-0.7163375,-0.19174837,-0.2887026,-0.57659477,-0.055029243,-0.05122807,-0.29193363",0.0
"0.31870005,-0.65577286,-0.7163375,-0.19174837,-0.2887026,-0.57659477,-0.055029243,-0.05122807,-0.29193363","0.11185992,-0.18880647,-0.9673801","0.32938188,-0.68173283,-0.82026374,-0.104698256,-0.16491759,-0.5215178,-0.055029243,-0.05122807,-0.29193363",0.0
"0.32938188,-0.68173283,-0.82026374,-0.104698256,-0.16491759,-0.5215178,-0.055029243,-0.05122807,-0.29193363","-0.1046865,0.3699733,-0.91071945","0.31938508,-0.6308635,-0.91810286,-0.07294044,-0.10367501,-0.40125936,-0.055029243,-0.05122807,-0.29193363",0.0
"0.31938508,-0.6308635,-0.91810286,-0.07294044,-0.10367501,-0.40125936,-0.055029243,-0.05122807,-0.29193363","-0.3829146,0.38987684,-0.64446044","0.2828195,-0.5772575,-0.98733765,-0.059108328,-0.063571215,-0.30703965,-0.055029243,-0.05122807,-0.29193363",0.0
"0.2828195,-0.5772575,-0.98733765,-0.059108328,-0.063571215,-0.30703965,-0.055029243,-0.05122807,-0.29193363","-0.17902005,0.046393037,-0.1106652","0.26572442,-0.57087874,-0.99922645,-0.05689077,-0.054185033,-0.29139787,-0.055029243,-0.05122807,-0.29193363",0.0
"0.0,0.0,0.0,2.8652207e-07,0.005789075,0.993462,0.15438597,0.17625731,-0.35214671","0.7687187,0.9271424,0.9183347","0.07340706,0.12747732,0.09865728,0.38669902,0.09674046,0.8887265,0.15438597,0.17625731,-0.35214671",0.0
"0.07340706,0.12747732,0.09865728,0.38669902,0.09674046,0.8887265,0.15438597,0.17625731,-0.35214671","0.7104908,0.76470196,0.9530455","0.14125378,0.23261991,0.20104358,0.61032397,0.2965492,0.63372415,0.15438597,0.17625731,-0.35214671",0.0
"0.14125378,0.23261991,0.20104358,0.61032397,0.2965492,0.63372415,0.15438597,0.17625731,-0.35214671","0.43502402,0.68931234,0.952142","0.18279542,0.32739684,0.30333278,0.6884324,0.4523173,0.30466998,0.15438597,0.17625731,-0.35214671",0.0
"0.18279542,0.32739684,0.30333278,0.6884324,0.4523173,0.30466998,0.15438597,0.17625731,-0.35214671","0.19251323,0.71335983,0.941138","0.20117903,0.42548022,0.40443984,0.6723161,0.49945778,-0.048534386,0.15438597,0.17625731,-0.35214671",0.0
"0.20117903,0.42548022,0.40443984,0.6723161,0.49945778,-0.048534386,0.15438597,0.17625731,-0.35214671","0.16306329,0.47092724,0.9350538","0.21675038,0.49023035,0.50489324,0.5719023,0.47081903,-0.29343277,0.15438597,0.17625731,-0.35214671",0.0
"0.21675038,0.49023035,0.50489324,0.5719023,0.47081903,-0.29343277,0.15438597,0.17625731,-0.35214671","0.0338912,0.27534485,0.94168735","0.21998675,0.5280889,0.60605925,0.45693052,0.38548824,-0.42794433,0.15438597,0.17625731,-0.35214671",0.0
"0.21998675,0.5280889,0.60605925,0.45693052,0.38548824,-0.42794433,0.15438597,0.17625731,-0.35214671","0.18537104,0.12791705,0.94777715","0.23768833,0.5456769,0.7078795,0.3233829,0.30717662,-0.47175187,0.15438597,0.17625731,-0.35214671",0.0
"0.23768833,0.5456769,0.7078795,0.3233829,0.30717662,-0.47175187,0.15438597,0.17625731,-0.35214671","0.24831975,-0.078684926,0.92320466","0.26140106,0.53485817,0.8070599,0.21150737,0.23572652,-0.43825126,0.15438597,0.17625731,-0.35214671",0.0
"0.26140106,0.53485817,0.8070599,0.21150737,0.23572652,-0.43825126,0.15438597,0.17625731,-0.35214671","0.00022637844,-0.37213063,0.7662296","0.26142266,0.48369223,0.88937646,0.15685791,0.17703849,-0.36108848,0.15438597,0.17625731,-0.35214671",0.0
"0.0,0.0,0.0,2.8652207e-07,0.005789075,0.993462,0.0026900587,0.037894737,-0.30644754","0.43573344,0.8360748,0.87570846","0.041609388,0.11495599,0.094077915,0.36438206,0.05374401,0.9040743,0.0026900587,0.037894737,-0.30644754",0.0
"0.041609388,0.11495599,0.094077915,0.36438206,0.05374401,0.9040743,0.0026900587,0.037894737,-0.30644754","-0.946018,0.8945284,0.9517759","-0.048728462,0.23794907,0.19632779,0.6760575,-0.098452754,0.6313244,0.0026900587,0.037894737,-0.30644754",0.0
"-0.048728462,0.23794907,0.19632779,0.6760575,-0.098452754,0.6313244,0.0026900587,0.037894737,-0.30644754","-0.9713166,0.87499213,0.90393376","-0.14148214,0.358256,0.29343796,0.7679906,-0.3593546,0.2571852,0.0026900587,0.037894737,-0.30644754",0.0
"-0.14148214,0.358256,0.29343796,0.7679906,-0.3593546,0.2571852,0.0026900587,0.037894737,-0.30644754","-0.97634715,0.95091224,0.94065785","-0.2347162,0.4890016,0.3944934,0.6301562,-0.5645521,-0.16584478,0.0026900587,0.037894737,-0.30644754",0.0
"-0.2347162,0.4890016,0.3944934,0.6301562,-0.5645521,-0.16584478,0.0026900587,0.037894737,-0.30644754","-0.9300552,0.96343994,0.97706556","-0.32352975,0.6214697,0.4994601,0.35936186,-0.5693955,-0.5170248,0.0026900587,0.037894737,-0.30644754",0.0
"-0.32352975,0.6214697,0.4994601,0.35936186,-0.5693955,-0.5170248,0.0026900587,0.037894737,-0.30644754","-0.51383376,0.9605466,0.9635134","-0.37259713,0.75354,0.6029709,0.16126211,-0.36630106,-0.7077533,0.0026900587,0.037894737,-0.30644754",0.0
"-0.37259713,0.75354,0.6029709,0.16126211,-0.36630106,-0.7077533,0.0026900587,0.037894737,-0.30644754","-0.7634743,0.94279504,0.9565282","-0.44550338,0.8831695,0.7057313,0.026161594,-0.11733057,-0.71725357,0.0026900587,0.037894737,-0.30644754",0.0
"-0.44550338,0.8831695,0.7057313,0.026161594,-0.11733057,-0.71725357,0.0026900587,0.037894737,-0.30644754","-0.0020697117,0.45704854,0.9656627","-0.44570106,0.94601125,0.809473,0.0010152658,0.028211422,-0.5909651,0.0026900587,0.037894737,-0.30644754",0.0
"-0.44570106,0.94601125,0.809473,0.0010152658,0.028211422,-0.5909651,0.0026900587,0.037894737,-0.30644754","-0.5053063,-0.35951024,0.9732151","-0.49395415,0.8965805,0.91402596,0.0051854174,0.03186902,-0.438761,0.0026900587,0.037894737,-0.30644754",0.0
"-0.49395415,0.8965805,0.91402596,0.0051854174,0.03186902,-0.438761,0.0026900587,0.037894737,-0.30644754","-0.25025535,-0.240533,0.8924016","-0.5178517,0.8635085,0.99999994,0.007438649,0.02920993,-0.3082296,0.0026900587,0.037894737,-0.30644754",0.0
"0.0,0.0,0.0,2.8652207e-07,0.005789075,0.993462,-0.64888895,-0.3445614,-0.42556617","0.2715056,-0.82834184,-0.9473935","0.025926808,-0.11389274,-0.10177907,-0.37470302,-0.024779415,0.89903337,-0.64888895,-0.3445614,-0.42556617",0.0
"0.025926808,-0.11389274,-0.10177907,-0.37470302,-0.024779415,0.89903337,-0.64888895,-0.3445614,-0.42556617","0.07200992,-0.8640224,-0.95828784","0.03280323,-0.23269138,-0.20472856,-0.6780677,-0.064306416,0.62854856,-0.64888895,-0.3445614,-0.42556617",0.0
"0.03280323,-0.23269138,-0.20472856,-0.6780677,-0.064306416,0.62854856,-0.64888895,-0.3445614,-0.42556617","0.31083345,-0.9126122,-0.95746684","0.06248557,-0.3581709,-0.3075898,-0.8317036,-0.1594947,0.23530006,-0.64888895,-0.3445614,-0.42556617",0.0
"0.06248557,-0.3581709,-0.3075898,-0.8317036,-0.1594947,0.23530006,-0.64888895,-0.3445614,-0.42556617","0.53767204,-0.8467986,-0.9434879","0.11382935,-0.47460136,-0.4089493,-0.78494805,-0.28713295,-0.15490022,-0.64888895,-0.3445614,-0.42556617",0.0
"0.11382935,-0.47460136,-0.4089493,-0.78494805,-0.28713295,-0.15490022,-0.64888895,-0.3445614,-0.42556617","0.36575603,-0.72544956,-0.6318968","0.1487564,-0.574347,-0.4768343,-0.65763366,-0.32536697,-0.4199547,-0.64888895,-0.3445614,-0.42556617",0.0
"0.1487564,-0.574347,-0.4768343,-0.65763366,-0.32536697,-0.4199547,-0.64888895,-0.3445614,-0.42556617","0.09381819,0.03414595,0.02002263","0.15771537,-0.5696522,-0.4746832,-0.65284157,-0.34624472,-0.4097245,-0.64888895,-0.3445614,-0.42556617",0.0
"0.0,0.0,0.0,2.8652207e-07,0.005789075,0.993462,0.35409358,-0.12766081,-0.391635","-0.43730092,0.94936943,0.9329649","-0.04175906,0.13053343,0.100229,0.40369093,-0.047426753,0.8844245,0.35409358,-0.12766081,-0.391635",0.0
"-0.04175906,0.13053343,0.100229,0.40369093,-0.047426753,0.8844245,0.35409358,-0.12766081,-0.391635","0.12318528,0.8147502,0.94311535","-0.029995756,0.2425574,0.2015485,0.6907421,-0.059470072,0.616402,0.35409358,-0.12766081,-0.391635",0.0
"-0.029995756,0.2425574,0.2015485,0.6907421,-0.059470072,0.616402,0.35409358,-0.12766081,-0.391635","-0.22672367,0.7637315,0.9766724","-0.05164622,0.34756657,0.30647302,0.8292832,-0.1298794,0.25884944,0.35409358,-0.12766081,-0.391635",0.0
"-0.05164622,0.34756657,0.30647302,0.8292832,-0.1298794,0.25884944,0.35409358,-0.12766081,-0.391635","-0.44532728,0.85728693,0.9722266","-0.09417174,0.46543914,0.4109199,0.8001819,-0.23783854,-0.13877125,0.35409358,-0.12766081,-0.391635",0.0
"-0.09417174,0.46543914,0.4109199,0.8001819,-0.23783854,-0.13877125,0.35409358,-0.12766081,-0.391635","-0.24824941,0.8007791,0.9756712","-0.11787776,0.5755422,0.5157368,0.64098036,-0.24264123,-0.45118862,0.35409358,-0.12766081,-0.391635",0.0
"-0.11787776,0.5755422,0.5157368,0.64098036,-0.24264123,-0.45118862,0.35409358,-0.12766081,-0.391635","-0.08169633,0.07459295,0.9800837","-0.12567917,0.5857984,0.62102777,0.49843973,-0.20143582,-0.5129129,0.35409358,-0.12766081,-0.391635",0.0
"-0.12567917,0.5857984,0.62102777,0.49843973,-0.20143582,-0.5129129,0.35409358,-0.12766081,-0.391635","0.10090017,-0.38976276,0.94033337","-0.11604393,0.5322081,0.72204834,0.408765,-0.14979681,-0.45659107,0.35409358,-0.12766081,-0.391635",0.0
"-0.11604393,0.5322081,0.72204834,0.408765,-0.14979681,-0.45659107,0.35409358,-0.12766081,-0.391635","0.035221457,-0.35694045,0.6349385","-0.11268053,0.4831307,0.79026014,0.34917745,-0.122871436,-0.40007553,0.35409358,-0.12766081,-0.391635",0.0
"0.0,0.0,0.0,2.8652207e-07,0.005789075,0.993462,0.22473685,0.043391813,-0.54978424","0.03254938,0.9656172,0.9279611","0.003108235,0.1327674,0.09969144,0.41008303,0.0097939465,0.88264996,0.22473685,0.043391813,-0.54978424",0.0
"0.003108235,0.1327674,0.09969144,0.41008303,0.0097939465,0.88264996,0.22473685,0.043391813,-0.54978424","0.63378406,0.9149554,0.94495654","0.063630015,0.25856906,0.20120871,0.7001909,0.14776947,0.58936095,0.22473685,0.043391813,-0.54978424",0.0
"0.063630015,0.25856906,0.20120871,0.7001909,0.14776947,0.58936095,0.22473685,0.043391813,-0.54978424","0.10605192,0.8824363,0.95415044","0.0737572,0.37989953,0.30371368,0.83711267,0.20346776,0.19604792,0.22473685,0.043391813,-0.54978424",0.0
"0.0737572,0.37989953,0.30371368,0.83711267,0.20346776,0.19604792,0.22473685,0.043391813,-0.54978424","-0.1780867,0.8463392,0.96102846","0.056751218,0.49626687,0.40695754,0.8207246,0.15377954,-0.19654009,0.22473685,0.043391813,-0.54978424",0.0
"0.056751218,0.49626687,0.40695754,0.8207246,0.15377954,-0.19654009,0.22473685,0.043391813,-0.54978424","0.041507483,0.7400987,0.95517755","0.06071488,0.59802663,0.5095728,0.6644223,0.13418907,-0.48456836,0.22473685,0.043391813,-0.54978424",0.0
"0.06071488,0.59802663,0.5095728,0.6644223,0.13418907,-0.48456836,0.22473685,0.043391813,-0.54978424","0.009514213,0.54889417,0.9542304","0.061623417,0.6734968,0.6120863,0.4630923,0.09668953,-0.6206951,0.22473685,0.043391813,-0.54978424",0.0
"0.061623417,0.6734968,0.6120863,0.4630923,0.09668953,-0.6206951,0.22473685,0.043391813,-0.54978424","-0.09182984,0.3001535,0.9426811","0.052854333,0.71476644,0.7133591,0.28979915,0.054437764,-0.62440056,0.22473685,0.043391813,-0.54978424",0.0
"0.052854333,0.71476644,0.7133591,0.28979915,0.054437764,-0.62440056,0.22473685,0.043391813,-0.54978424","-0.03192091,-0.32742584,0.72885764","0.049806118,0.6697471,0.7916608,0.23442452,0.042843908,-0.5397733,0.22473685,0.043391813,-0.54978424",0.0
"0.0,0.0,0.0,2.8652207e-07,0.005789075,0.993462,0.30052632,0.22660819,-0.391635","0.72957957,0.9597261,0.8010049","0.06966956,0.1319574,0.086052455,0.381699,0.090834476,0.8945362,0.30052632,0.22660819,-0.391635",0.0
"0.06966956,0.1319574,0.086052455,0.381699,0.090834476,0.8945362,0.30052632,0.22660819,-0.391635","0.6100726,0.879529,0.9504639","0.12792706,0.2528881,0.18816137,0.64136815,0.27889073,0.61732966,0.30052632,0.22660819,-0.391635",0.0
"0.12792706,0.2528881,0.18816137,0.64136815,0.27889073,0.61732966,0.30052632,0.22660819,-0.391635","0.33427024,0.8501831,0.9594939","0.15984745,0.36978394,0.2912404,0.7477207,0.41720223,0.23665223,0.30052632,0.22660819,-0.391635",0.0
"0.15984745,0.36978394,0.2912404,0.7477207,0.41720223,0.23665223,0.30052632,0.22660819,-0.391635","0.07795942,0.80977035,0.9594549","0.16729201,0.48112327,0.3943152,0.7296008,0.42984203,-0.14934766,0.30052632,0.22660819,-0.391635",0.0
"0.16729201,0.48112327,0.3943152,0.7296008,0.42984203,-0.14934766,0.30052632,0.22660819,-0.391635","0.03960371,0.51144767,0.9580265","0.17107388,0.5514447,0.49723658,0.6176124,0.37481353,-0.3960136,0.30052632,0.22660819,-0.391635",0.0
"0.17107388,0.5514447,0.49723658,0.6176124,0.37481353,-0.3960136,0.30052632,0.22660819,-0.391635","0.10481799,-0.20028347,0.95999336","0.18108325,0.5239068,0.6003692,0.5089954,0.33232582,-0.41909018,0.30052632,0.22660819,-0.391635",0.0
"0.18108325,0.5239068,0.6003692,0.5089954,0.33232582,-0.41909018,0.30052632,0.22660819,-0.391635","0.18315637,-0.20989954,0.92436004","0.19857334,0.4950468,0.6996738,0.393963,0.2906755,-0.4133979,0.30052632,0.22660819,-0.391635",0.0
"0.19857334,0.4950468,0.6996738,0.393963,0.2906755,-0.4133979,0.30052632,0.22660819,-0.391635","0.13458121,-0.13621438,0.71507275","0.21142486,0.47631806,0.7764945,0.30586386,0.24680623,-0.39572373,0.30052632,0.22660819,-0.391635",0.0
"0.21142486,0.47631806,0.7764945,0.30586386,0.24680623,-0.39572373,0.30052632,0.22660819,-0.391635","-0.11736333,-0.018399715,0.11343801","0.20021752,0.4737883,0.7886812,0.30174926,0.22670917,-0.39182106,0.30052632,0.22660819,-0.391635",0.0
"0.0,0.0,0.0,2.8652207e-07,0.005789075,0.993462,0.6468421,-0.22818713,-0.15444382","-0.65542424,0.92413557,0.812886","-0.06258825,0.12706389,0.08732885,0.37789914,-0.06937483,0.8981725,0.6468421,-0.22818713,-0.15444382",0.0
"-0.06258825,0.12706389,0.08732885,0.37789914,-0.06937483,0.8981725,0.6468421,-0.22818713,-0.15444382","-0.72824746,0.910828,0.7101886","-0.13213061,0.25229806,0.16362485,0.6257018,-0.26942644,0.6513919,0.6468421,-0.22818713,-0.15444382",0.0
"-0.13213061,0.25229806,0.16362485,0.6257018,-0.26942644,0.6513919,0.6468421,-0.22818713,-0.15444382","-0.021381736,0.84052014,0.9224825","-0.13417241,0.36786526,0.2627277,0.7826173,-0.34457457,0.28515097,0.6468421,-0.22818713,-0.15444382",0.0
"-0.13417241,0.36786526,0.2627277,0.7826173,-0.34457457,0.28515097,0.6468421,-0.22818713,-0.15444382","-0.18378621,0.6664666,0.9536922","-0.15172265,0.45950103,0.36518344,0.77247214,-0.39235955,-0.06460335,0.6468421,-0.22818713,-0.15444382",0.0
"-0.15172265,0.45950103,0.36518344,0.77247214,-0.39235955,-0.06460335,0.6468421,-0.22818713,-0.15444382","0.10627711,0.0057116747,0.84189343","-0.14157397,0.4602864,0.45562857,0.7223937,-0.33789325,-0.18407609,0.6468421,-0.22818713,-0.15444382",0.0
"-0.14157397,0.4602864,0.45562857,0.7223937,-0.33789325,-0.18407609,0.6468421,-0.22818713,-0.15444382","0.245067,-0.3669392,0.7123728","-0.118171856,0.40983424,0.5321592,0.682592,-0.25952026,-0.1767229,0.6468421,-0.22818713,-0.15444382",0.0
"-0.118171856,0.40983424,0.5321592,0.682592,-0.25952026,-0.1767229,0.6468421,-0.22818713,-0.15444382","0.024099112,-0.17003757,0.34708917","-0.11587056,0.386455,0.5694472,0.6508275,-0.24176826,-0.17511187,0.6468421,-0.22818713,-0.15444382",0.0
"-0.11587056,0.386455,0.5694472,0.6508275,-0.24176826,-0.17511187,0.6468421,-0.22818713,-0.15444382","-0.010782003,-0.08144462,0.09158039","-0.11690016,0.37525684,0.5792858,0.6413663,-0.24053456,-0.16624606,0.6468421,-0.22818713,-0.15444382",0.0
"0.0,0.0,0.0,2.8652207e-07,0.005789075,0.993462,0.09783626,-0.08345029,-0.7433683","-0.07973367,0.9612613,0.9625044","-0.007613981,0.13216849,0.10340245,0.41336635,-0.004098789,0.88011277,0.09783626,-0.08345029,-0.7433683",0.0
"-0.007613981,0.13216849,0.10340245,0.41336635,-0.004098789,0.88011277,0.09783626,-0.08345029,-0.7433683","-0.4562024,0.97412133,0.93125844","-0.051177993,0.26610518,0.20344812,0.7187341,-0.110700116,0.57292736,0.09783626,-0.08345029,-0.7433683",0.0
"-0.051177993,0.26610518,0.20344812,0.7187341,-0.110700116,0.57292736,0.09783626,-0.08345029,-0.7433683","-0.5420133,0.9484681,0.94634795","-0.10293633,0.39651465,0.30511487,0.8275007,-0.27123082,0.15877035,0.09783626,-0.08345029,-0.7433683",0.0
"-0.10293633,0.39651465,0.30511487,0.8275007,-0.27123082,0.15877035,0.09783626,-0.08345029,-0.7433683","-0.076735675,0.9456754,0.94199824","-0.11026403,0.5265402,0.40631425,0.7818305,-0.27605432,-0.257225,0.09783626,-0.08345029,-0.7433683",0.0
"-0.11026403,0.5265402,0.40631425,0.7818305,-0.27605432,-0.257225,0.09783626,-0.08345029,-0.7433683","-0.5186318,0.95691943,0.95279074","-0.1597896,0.65811175,0.50867313,0.55535245,-0.29822615,-0.5800883,0.09783626,-0.08345029,-0.7433683",0.0
"-0.1597896,0.65811175,0.50867313,0.55535245,-0.29822615,-0.5800883,0.09783626,-0.08345029,-0.7433683","-0.7774098,0.9510894,0.9236069","-0.23402661,0.7888817,0.60789675,0.26475444,-0.23162673,-0.7384126,0.09783626,-0.08345029,-0.7433683",0.0
"-0.23402661,0.7888817,0.60789675,0.26475444,-0.23162673,-0.7384126,0.09783626,-0.08345029,-0.7433683","-0.20477802,0.7922373,0.69435835","-0.2535814,0.8978103,0.682492,0.092577964,-0.08640378,-0.7461073,0.09783626,-0.08345029,-0.7433683",0.0
"0.0,0.0,0.0,2.8652207e-07,0.005789075,0.993462,0.13204679,0.027894735,-0.59666026","0.18012965,0.9732001,0.9643792","0.017201079,0.13381001,0.10360386,0.41585475,0.028291766,0.878279,0.13204679,0.027894735,-0.59666026",0.0
"0.017201079,0.13381001,0.10360386,0.41585475,0.028291766,0.878279,0.13204679,0.027894735,-0.59666026","0.74509275,0.9562936,0.9518117","0.088352025,0.26529548,0.20585757,0.69803613,0.20490511,0.5709292,0.13204679,0.027894735,-0.59666026",0.0
"0.088352025,0.26529548,0.20585757,0.69803613,0.20490511,0.5709292,0.13204679,0.027894735,-0.59666026","-0.21690059,0.9255208,0.9358015","0.0676396,0.39254984,0.3063913,0.8476238,0.18880051,0.16520837,0.13204679,0.027894735,-0.59666026",0.0
"0.0676396,0.39254984,0.3063913,0.8476238,0.18880051,0.16520837,0.13204679,0.027894735,-0.59666026","0.2001195,0.90901566,0.9613004","0.08674955,0.51753485,0.40966442,0.7962646,0.22855625,-0.2429935,0.13204679,0.027894735,-0.59666026",0.0
"0.08674955,0.51753485,0.40966442,0.7962646,0.22855625,-0.2429935,0.13204679,0.027894735,-0.59666026","0.07773745,0.88083565,0.95648","0.09417292,0.6386453,0.51241964,0.61276066,0.19282103,-0.5516023,0.13204679,0.027894735,-0.59666026",0.0
"0.09417292,0.6386453,0.51241964,0.61276066,0.19282103,-0.5516023,0.13204679,0.027894735,-0.59666026","-0.2922693,0.79362726,0.9509101","0.066263326,0.747765,0.61457646,0.38125294,0.086450554,-0.698649,0.13204679,0.027894735,-0.59666026",0.0
"0.066263326,0.747765,0.61457646,0.38125294,0.086450554,-0.698649,0.13204679,0.027894735,-0.59666026","-0.07742256,0.4869355,0.95618796","0.058870032,0.81471616,0.7173002,0.18115813,0.039781723,-0.68007153,0.13204679,0.027894735,-0.59666026",0.0
"0.058870032,0.81471616,0.7173002,0.18115813,0.039781723,-0.68007153,0.13204679,0.027894735,-0.59666026","-0.03811544,-0.2325061,0.6963835","0.055230282,0.7827478,0.792113,0.13541672,0.029612847,-0.5915264,0.13204679,0.027894735,-0.59666026",0.0
"0.0,0.0,0.0,2.8652207e-07,0.005789075,0.993462,0.115731,-0.05602339,-0.7433683","-0.154324,0.9719027,0.9712331","-0.014736817,0.13363163,0.10434019,0.4171088,-0.01352928,0.8778283,0.115731,-0.05602339,-0.7433683",0.0
"-0.014736817,0.13363163,0.10434019,0.4171088,-0.01352928,0.8778283,0.115731,-0.05602339,-0.7433683","-0.017993629,0.9740746,0.939909","-0.016455075,0.26756188,0.20531519,0.72952455,-0.031949427,0.5676742,0.115731,-0.05602339,-0.7433683",0.0
"-0.016455075,0.26756188,0.20531519,0.72952455,-0.031949427,0.5676742,0.115731,-0.05602339,-0.7433683","-0.5969634,0.9442029,0.9489373","-0.07346075,0.39738494,0.30726013,0.84905225,-0.19355498,0.15361083,0.115731,-0.05602339,-0.7433683",0.0
"-0.07346075,0.39738494,0.30726013,0.84905225,-0.19355498,0.15361083,0.115731,-0.05602339,-0.7433683","-0.2036255,0.9344193,0.95602727","-0.09290551,0.5258628,0.40996665,0.79268366,-0.23211837,-0.2601547,0.115731,-0.05602339,-0.7433683",0.0
"-0.09290551,0.5258628,0.40996665,0.79268366,-0.23211837,-0.2601547,0.115731,-0.05602339,-0.7433683","-0.3375498,0.9619961,0.9557464","-0.12513907,0.6581324,0.51264304,0.57952714,-0.2340771,-0.5818301,0.115731,-0.05602339,-0.7433683",0.0
"-0.12513907,0.6581324,0.51264304,0.57952714,-0.2340771,-0.5818301,0.115731,-0.05602339,-0.7433683","-0.5721775,0.9634255,0.93393564","-0.17977786,0.79059845,0.6129763,0.2927012,-0.17861377,-0.73762876,0.115731,-0.05602339,-0.7433683",0.0
"-0.17977786,0.79059845,0.6129763,0.2927012,-0.17861377,-0.73762876,0.115731,-0.05602339,-0.7433683","0.22384572,0.8083955,0.694468","-0.15840222,0.9017488,0.6875834,0.10505847,-0.050482966,-0.74194705,0.115731,-0.05602339,-0.7433683",0.0
"0.0,0.0,0.0,2.8652207e-07,0.005789075,0.993462,-0.2183041,0.32356724,-0.74957925","-0.72438794,-0.97106034,-0.94618547","-0.0691738,-0.13351579,-0.1016493,-0.4029337,0.09489756,0.88024443,-0.2183041,0.32356724,-0.74957925",0.0
"-0.0691738,-0.13351579,-0.1016493,-0.4029337,0.09489756,0.88024443,-0.2183041,0.32356724,-0.74957925","-0.85006434,-0.9531823,-0.9350458","-0.15034877,-0.26457345,-0.20210186,-0.6423946,0.33470514,0.5775531,-0.2183041,0.32356724,-0.74957925",0.0
"-0.15034877,-0.26457345,-0.20210186,-0.6423946,0.33470514,0.5775531,-0.2183041,0.32356724,-0.74957925","-0.70906043,-0.9488011,-0.9222895","-0.2180589,-0.39502874,-0.301184,-0.6706285,0.55541563,0.16800334,-0.2183041,0.32356724,-0.74957925",0.0
"-0.2180589,-0.39502874,-0.301184,-0.6706285,0.55541563,0.16800334,-0.2183041,0.32356724,-0.74957925","-0.3202849,-0.9505768,-0.90821326","-0.24864379,-0.5257282,-0.39875385,-0.5896747,0.5928262,-0.24655868,-0.2183041,0.32356724,-0.74957925",0.0
"-0.24864379,-0.5257282,-0.39875385,-0.5896747,0.5928262,-0.24655868,-0.2183041,0.32356724,-0.74957925","0.15508378,-0.9286928,-0.91692525","-0.23383442,-0.6534187,-0.49725968,-0.47825724,0.4397929,-0.56738997,-0.2183041,0.32356724,-0.74957925",0.0
"-0.23383442,-0.6534187,-0.49725968,-0.47825724,0.4397929,-0.56738997,-0.2183041,0.32356724,-0.74957925","-0.3525536,-0.90997994,-0.79198974","-0.26750073,-0.7785363,-0.5823435,-0.261881,0.30106422,-0.7380415,-0.2183041,0.32356724,-0.74957925",0.0
"-0.26750073,-0.7785363,-0.5823435,-0.261881,0.30106422,-0.7380415,-0.2183041,0.32356724,-0.74957925","-0.26302534,-0.2632835,0.050908566","-0.29261774,-0.8147365,-0.5768744,-0.21452366,0.29085803,-0.77345353,-0.2183041,0.32356724,-0.74957925",0.0
"-0.29261774,-0.8147365,-0.5768744,-0.21452366,0.29085803,-0.77345353,-0.2183041,0.32356724,-0.74957925","-0.07121611,0.07743275,0.044685364","-0.29941833,-0.80408996,-0.57207376,-0.22008584,0.3115876,-0.7655066,-0.2183041,0.32356724,-0.74957925",0.0
"-0.29941833,-0.80408996,-0.57207376,-0.22008584,0.3115876,-0.7655066,-0.2183041,0.32356724,-0.74957925","0.0014539957,0.052162647,-0.015993416","-0.2992795,-0.7969179,-0.5737919,-0.22415099,0.3168743,-0.7582293,-0.2183041,0.32356724,-0.74957925",0.0
"0.0,0.0,0.0,2.8652207e-07,0.005789075,0.993462,0.13011697,-0.2822222,-0.48022214","-0.7593932,0.9014647,0.9397433","-0.07251654,0.12394676,0.100957215,0.38548288,-0.08342864,0.8902551,0.13011697,-0.2822222,-0.48022214",0.0
"-0.07251654,0.12394676,0.100957215,0.38548288,-0.08342864,0.8902551,0.13011697,-0.2822222,-0.48022214","-0.79503906,0.8082993,0.97118425","-0.148437,0.23508379,0.20529217,0.61439866,-0.30278048,0.6237859,0.13011697,-0.2822222,-0.48022214",0.0
"-0.148437,0.23508379,0.20529217,0.61439866,-0.30278048,0.6237859,0.13011697,-0.2822222,-0.48022214","-0.6560135,0.6792786,0.9796057","-0.21108153,0.3284811,0.31053182,0.653381,-0.5030344,0.29125342,0.13011697,-0.2822222,-0.48022214",0.0
"-0.21108153,0.3284811,0.31053182,0.653381,-0.5030344,0.29125342,0.13011697,-0.2822222,-0.48022214","-0.58457553,0.65581167,0.9584578","-0.26690426,0.41865188,0.41349953,0.5596259,-0.6138042,-0.04710526,0.13011697,-0.2822222,-0.48022214",0.0
"-0.26690426,0.41865188,0.41349953,0.5596259,-0.6138042,-0.04710526,0.13011697,-0.2822222,-0.48022214","-0.64332753,0.7162602,0.9141505","-0.32833734,0.517134,0.51170725,0.37593052,-0.6168811,-0.34766665,0.13011697,-0.2822222,-0.48022214",0.0
"-0.32833734,0.517134,0.51170725,0.37593052,-0.6168811,-0.34766665,0.13011697,-0.2822222,-0.48022214","-0.42351234,0.43883276,0.9328145","-0.36877972,0.5774714,0.61192006,0.22825508,-0.50752044,-0.4996627,0.13011697,-0.2822222,-0.48022214",0.0
"-0.36877972,0.5774714,0.61192006,0.22825508,-0.50752044,-0.4996627,0.13011697,-0.2822222,-0.48022214","-0.08229762,0.23691368,0.90362096","-0.37663856,0.61004585,0.7089966,0.1549236,-0.3642159,-0.5377726,0.13011697,-0.2822222,-0.48022214",0.0
"-0.37663856,0.61004585,0.7089966,0.1549236,-0.3642159,-0.5377726,0.13011697,-0.2822222,-0.48022214","-0.00050485134,-0.20553082,0.5828717","-0.37668678,0.58178645,0.7716149,0.13096417,-0.30565304,-0.49078584,0.13011697,-0.2822222,-0.48022214",0.0
"-0.37668678,0.58178645,0.7716149,0.13096417,-0.30565304,-0.49078584,0.13011697,-0.2822222,-0.48022214","0.028237104,-0.053842664,0.14867806","-0.37399036,0.5743834,0.78758746,0.12736593,-0.28973874,-0.47763568,0.13011697,-0.2822222,-0.48022214",0.0
"0.0,0.0,0.0,2.8652207e-07,0.005789075,0.993462,-0.0091228075,0.18023391,-0.40556052","0.78573394,0.95282125,0.9255302","0.0750319,0.13100803,0.09943029,0.39382133,0.10054364,0.88462067,-0.0091228075,0.18023391,-0.40556052",0.0
"0.0750319,0.13100803,0.09943029,0.39382133,0.10054364,0.88462067,-0.0091228075,0.18023391,-0.40556052","0.94405746,0.8633921,0.9581244","0.16518255,0.24972002,0.2023622,0.6084107,0.35416144,0.60306287,-0.0091228075,0.18023391,-0.40556052",0.0
"0.16518255,0.24972002,0.2023622,0.6084107,0.35416144,0.60306287,-0.0091228075,0.18023391,-0.40556052","0.80028176,0.81706166,0.94284487","0.24160364,0.36206183,0.3036526,0.6126193,0.5891049,0.2333786,-0.0091228075,0.18023391,-0.40556052",0.0
"0.24160364,0.36206183,0.3036526,0.6126193,0.5891049,0.2333786,-0.0091228075,0.18023391,-0.40556052","0.4025575,0.8496219,0.9585626","0.28004494,0.47888047,0.40663156,0.5291696,0.6489266,-0.16066313,-0.0091228075,0.18023391,-0.40556052",0.0
"0.28004494,0.47888047,0.40663156,0.5291696,0.6489266,-0.16066313,-0.0091228075,0.18023391,-0.40556052","0.6681762,0.79034555,0.9751053","0.3438509,0.587549,0.5113877,0.31658602,0.60503495,-0.46834219,-0.0091228075,0.18023391,-0.40556052",0.0
"0.3438509,0.587549,0.5113877,0.31658602,0.60503495,-0.46834219,-0.0091228075,0.18023391,-0.40556052","0.7338424,0.5149442,0.97306037","0.41392756,0.65835124,0.6159242,0.1232478,0.46630588,-0.6028909,-0.0091228075,0.18023391,-0.40556052",0.0
"0.41392756,0.65835124,0.6159242,0.1232478,0.46630588,-0.6028909,-0.0091228075,0.18023391,-0.40556052","0.6926291,0.14141703,0.9818344","0.4800686,0.6777954,0.72140324,0.014230324,0.31950423,-0.5920015,-0.0091228075,0.18023391,-0.40556052",0.0
"0.4800686,0.6777954,0.72140324,0.014230324,0.31950423,-0.5920015,-0.0091228075,0.18023391,-0.40556052","0.17920053,-0.5222221,0.97099626","0.49718094,0.6059926,0.8257179,-0.003618381,0.24526389,-0.4761871,-0.0091228075,0.18023391,-0.40556052",0.0
"0.49718094,0.6059926,0.8257179,-0.003618381,0.24526389,-0.4761871,-0.0091228075,0.18023391,-0.40556052","-0.07330823,-0.24239695,0.57810426","0.49018055,0.5726643,0.887824,0.00013057742,0.19195518,-0.40886536,-0.0091228075,0.18023391,-0.40556052",0.0
"0.0,0.0,0.0,2.8652207e-07,0.005789075,0.993462,0.19847953,0.113976605,-0.54978424","0.109286904,0.96755004,0.9194027","0.010436111,0.13303316,0.09877201,0.4091854,0.01921238,0.8831552,0.19847953,0.113976605,-0.54978424",0.0
"0.010436111,0.13303316,0.09877201,0.4091854,0.01921238,0.8831552,0.19847953,0.113976605,-0.54978424","0.77634656,0.90720296,0.95629025","0.08457158,0.25776893,0.20150685,0.68806773,0.19323918,0.5903368,0.19847953,0.113976605,-0.54978424",0.0
"0.08457158,0.25776893,0.20150685,0.68806773,0.19323918,0.5903368,0.19847953,0.113976605,-0.54978424","0.38376486,0.8700044,0.95109606","0.12121834,0.3773901,0.3036837,0.79616314,0.32499018,0.20136319,0.19847953,0.113976605,-0.54978424",0.0
"0.12121834,0.3773901,0.3036837,0.79616314,0.32499018,0.20136319,0.19847953,0.113976605,-0.54978424","0.0400939,0.8364279,0.95841193","0.12504701,0.4923947,0.40664646,0.76992446,0.3253135,-0.18826114,0.19847953,0.113976605,-0.54978424",0.0
"0.12504701,0.4923947,0.40664646,0.76992446,0.3253135,-0.18826114,0.19847953,0.113976605,-0.54978424","0.101974726,0.80921793,0.9541135","0.13478485,0.6036581,0.5091474,0.6123485,0.28233865,-0.4935914,0.19847953,0.113976605,-0.54978424",0.0
"0.13478485,0.6036581,0.5091474,0.6123485,0.28233865,-0.4935914,0.19847953,0.113976605,-0.54978424","0.22479129,0.5470176,0.96102214","0.15625079,0.6788702,0.6123906,0.40940443,0.2253976,-0.6268374,0.19847953,0.113976605,-0.54978424",0.0
"0.15625079,0.6788702,0.6123906,0.40940443,0.2253976,-0.6268374,0.19847953,0.113976605,-0.54978424","0.100436926,0.24662685,0.95073104","0.16584179,0.7127802,0.71452814,0.2532135,0.15199478,-0.62224454,0.19847953,0.113976605,-0.54978424",0.0
"0.16584179,0.7127802,0.71452814,0.2532135,0.15199478,-0.62224454,0.19847953,0.113976605,-0.54978424","-0.06323719,-0.31119514,0.7173712","0.15980309,0.66999257,0.7915958,0.20594493,0.11965815,-0.5399672,0.19847953,0.113976605,-0.54978424",0.0
"0.0,0.0,0.0,2.8652207e-07,0.005789075,0.993462,0.7346784,-0.0057894737,-0.42556617","0.17062628,0.9590696,0.94117916","0.016293576,0.13186714,0.10111147,0.40923813,0.026762951,0.8823562,0.7346784,-0.0057894737,-0.42556617",0.0
"0.016293576,0.13186714,0.10111147,0.40923813,0.026762951,0.8823562,0.7346784,-0.0057894737,-0.42556617","-0.23456168,0.9088677,0.91745234","-0.006105359,0.2568318,0.19967394,0.71223384,-0.007872345,0.5945446,0.7346784,-0.0057894737,-0.42556617",0.0
"-0.006105359,0.2568318,0.19967394,0.71223384,-0.007872345,0.5945446,0.7346784,-0.0057894737,-0.42556617","0.10106778,0.95542216,0.938452","0.0035458826,0.38819745,0.30049244,0.8668293,0.015446463,0.18355212,0.7346784,-0.0057894737,-0.42556617",0.0
"0.0035458826,0.38819745,0.30049244,0.8668293,0.015446463,0.18355212,0.7346784,-0.0057894737,-0.42556617","0.015997648,0.9328724,0.9399357","0.005073544,0.5164626,0.4014703,0.83572847,0.019112108,-0.23095053,0.7346784,-0.0057894737,-0.42556617",0.0
"0.005073544,0.5164626,0.4014703,0.83572847,0.019112108,-0.23095053,0.7346784,-0.0057894737,-0.42556617","-0.12699115,0.53538,0.47410154","-0.0070531885,0.59007466,0.45240328,0.75289774,-0.0108946,-0.42777413,0.7346784,-0.0057894737,-0.42556617",0.0
"-0.0070531885,0.59007466,0.45240328,0.75289774,-0.0108946,-0.42777413,0.7346784,-0.0057894737,-0.42556617","0.041879773,-0.06391388,0.14549994","-0.003053973,0.58128685,0.46803442,0.73999405,-0.0013101677,-0.42511347,0.7346784,-0.0057894737,-0.42556617",0.0
"0.0,0.0,0.0,2.8652207e-07,0.005789075,0.993462,0.024678364,-0.22754386,-0.54978424","0.7730957,-0.9399263,-0.9211867","0.073825024,-0.12923503,-0.09896367,-0.39294377,-0.08685643,0.8867572,0.024678364,-0.22754386,-0.54978424",0.0
"0.073825024,-0.12923503,-0.09896367,-0.39294377,-0.08685643,0.8867572,0.024678364,-0.22754386,-0.54978424","0.7615297,-0.8107465,-0.93973714","0.14654559,-0.24070852,-0.19992024,-0.620333,-0.30118063,0.6217714,0.024678364,-0.22754386,-0.54978424",0.0
"0.14654559,-0.24070852,-0.19992024,-0.620333,-0.30118063,0.6217714,0.024678364,-0.22754386,-0.54978424","0.88010526,-0.8320963,-0.9196094","0.23058924,-0.3551175,-0.29871446,-0.6368999,-0.5558727,0.25543532,0.024678364,-0.22754386,-0.54978424",0.0
"0.23058924,-0.3551175,-0.29871446,-0.6368999,-0.5558727,0.25543532,0.024678364,-0.22754386,-0.54978424","0.8687322,-0.8341789,-0.9282585","0.31354687,-0.46981284,-0.39843783,-0.471501,-0.70023096,-0.131426,0.024678364,-0.22754386,-0.54978424",0.0
"0.31354687,-0.46981284,-0.39843783,-0.471501,-0.70023096,-0.131426,0.024678364,-0.22754386,-0.54978424","0.6138549,-0.8392976,-0.94689894","0.37216556,-0.585212,-0.50016373,-0.27837384,-0.6406769,-0.4567873,0.024678364,-0.22754386,-0.54978424",0.0
"0.37216556,-0.585212,-0.50016373,-0.27837384,-0.6406769,-0.4567873,0.024678364,-0.22754386,-0.54978424","0.559849,-0.7539037,-0.96110535","0.42562705,-0.68886995,-0.60341585,-0.11439892,-0.45567608,-0.63894,0.024678364,-0.22754386,-0.54978424",0.0
"0.42562705,-0.68886995,-0.60341585,-0.11439892,-0.45567608,-0.63894,0.024678364,-0.22754386,-0.54978424","0.3326279,-0.25019544,-0.95712453","0.4573906,-0.72327054,-0.7062403,-0.045166172,-0.29202065,-0.6349453,0.024678364,-0.22754386,-0.54978424",0.0
"0.4573906,-0.72327054,-0.7062403,-0.045166172,-0.29202065,-0.6349453,0.024678364,-0.22754386,-0.54978424","0.32405877,0.37706757,-0.7392967","0.48833588,-0.67142576,-0.78566337,-0.014727489,-0.24372062,-0.5454436,0.024678364,-0.22754386,-0.54978424",0.0
"0.48833588,-0.67142576,-0.78566337,-0.014727489,-0.24372062,-0.5454436,0.024678364,-0.22754386,-0.54978424","0.30436397,-0.0381307,-0.09773737","0.51740044,-0.6766686,-0.7961633,0.0066314377,-0.22713546,-0.54006237,0.024678364,-0.22754386,-0.54978424",0.0
"0.51740044,-0.6766686,-0.7961633,0.0066314377,-0.22713546,-0.54006237,0.024678364,-0.22754386,-0.54978424","0.19118965,-0.10431075,0.08497977","0.53565764,-0.69101083,-0.7870339,0.019502696,-0.22515048,-0.55557126,0.024678364,-0.22754386,-0.54978424",0.0
"0.0,0.0,0.0,2.8652207e-07,0.005789075,0.993462,-0.20871346,-0.106374264,-0.35214671","0.69526863,-0.8844521,-0.9520981","0.0663931,-0.12160761,-0.10228449,-0.3840546,-0.07537112,0.89141077,-0.20871346,-0.106374264,-0.35214671",0.0
"0.0663931,-0.12160761,-0.10228449,-0.3840546,-0.07537112,0.89141077,-0.20871346,-0.106374264,-0.35214671","0.68928146,-0.696332,-0.9707212","0.13221449,-0.21734968,-0.2065697,-0.60588473,-0.26088277,0.6511235,-0.20871346,-0.106374264,-0.35214671",0.0
"0.13221449,-0.21734968,-0.2065697,-0.60588473,-0.26088277,0.6511235,-0.20871346,-0.106374264,-0.35214671","0.62898016,-0.6680302,-0.96658164","0.19227752,-0.30920044,-0.31041017,-0.6686656,-0.4544202,0.32985064,-0.20871346,-0.106374264,-0.35214671",0.0
"0.19227752,-0.30920044,-0.31041017,-0.6686656,-0.4544202,0.32985064,-0.20871346,-0.106374264,-0.35214671","0.061486125,-0.79217124,-0.9729891","0.198149,-0.41811994,-0.414939,-0.6773348,-0.4789951,-0.048001103,-0.20871346,-0.106374264,-0.35214671",0.0
"0.198149,-0.41811994,-0.414939,-0.6773348,-0.4789951,-0.048001103,-0.20871346,-0.106374264,-0.35214671","-0.10533726,-0.80043036,-0.9805849","0.18809006,-0.528175,-0.5202839,-0.59034556,-0.3890706,-0.37403035,-0.20871346,-0.106374264,-0.35214671",0.0
"0.18809006,-0.528175,-0.5202839,-0.59034556,-0.3890706,-0.37403035,-0.20871346,-0.106374264,-0.35214671","0.016931176,-0.4042943,-0.98238796","0.18970685,-0.5837634,-0.62582237,-0.4439417,-0.29411042,-0.5111883,-0.20871346,-0.106374264,-0.35214671",0.0
"0.18970685,-0.5837634,-0.62582237,-0.4439417,-0.29411042,-0.5111883,-0.20871346,-0.106374264,-0.35214671","-0.035739183,-0.13624376,-0.9755942","0.18629402,-0.6024963,-0.73063105,-0.31344196,-0.20077704,-0.52428037,-0.20871346,-0.106374264,-0.35214671",0.0
"0.18629402,-0.6024963,-0.73063105,-0.31344196,-0.20077704,-0.52428037,-0.20871346,-0.106374264,-0.35214671","-0.184542,0.50014114,-0.9300727","0.16867161,-0.5337296,-0.8305493,-0.24981041,-0.13962433,-0.42621356,-0.20871346,-0.106374264,-0.35214671",0.0
"0.16867161,-0.5337296,-0.8305493,-0.24981041,-0.13962433,-0.42621356,-0.20871346,-0.106374264,-0.35214671","-0.07597798,0.42612934,-0.60724115","0.16141625,-0.47513902,-0.8957856,-0.20578374,-0.10770322,-0.35233095,-0.20871346,-0.106374264,-0.35214671",0.0
"0.0,0.0,0.0,2.8652207e-07,0.005789075,0.993462,-0.0980117,0.36339182,-0.391635","0.7647264,0.87922764,0.87504625","0.07302582,0.120889276,0.09400677,0.36872414,0.09205257,0.8987143,-0.0980117,0.36339182,-0.391635",0.0
"0.07302582,0.120889276,0.09400677,0.36872414,0.09205257,0.8987143,-0.0980117,0.36339182,-0.391635","0.84499824,0.7774017,0.8708346","0.15371703,0.22777802,0.18756108,0.5834782,0.31246832,0.6598402,-0.0980117,0.36339182,-0.391635",0.0
"0.15371703,0.22777802,0.18756108,0.5834782,0.31246832,0.6598402,-0.0980117,0.36339182,-0.391635","0.74063694,0.7429875,0.8937385","0.22444247,0.32993498,0.28357595,0.6244607,0.53905493,0.33038437,-0.0980117,0.36339182,-0.391635",0.0
"0.22444247,0.32993498,0.28357595,0.6244607,0.53905493,0.33038437,-0.0980117,0.36339182,-0.391635","0.78446436,0.7681544,0.933238","0.29935312,0.43555233,0.38383427,0.49749497,0.69164985,-0.04060303,-0.0980117,0.36339182,-0.391635",0.0
"0.29935312,0.43555233,0.38383427,0.49749497,0.69164985,-0.04060303,-0.0980117,0.36339182,-0.391635","0.7439108,0.7117616,0.9087596","0.3703912,0.5334159,0.4814628,0.29157078,0.69068235,-0.34990758,-0.0980117,0.36339182,-0.391635",0.0
"0.3703912,0.5334159,0.4814628,0.29157078,0.69068235,-0.34990758,-0.0980117,0.36339182,-0.391635","0.73626876,0.70204496,0.937788","0.44069952,0.62994355,0.58220994,0.0971209,0.54654163,-0.56361187,-0.0980117,0.36339182,-0.391635",0.0
"0.44069952,0.62994355,0.58220994,0.0971209,0.54654163,-0.56361187,-0.0980117,0.36339182,-0.391635","0.7979512,-0.2661078,0.9718046","0.51689804,0.5933552,0.6866114,-0.02914384,0.4393251,-0.5249311,-0.0980117,0.36339182,-0.391635",0.0
"0.51689804,0.5933552,0.6866114,-0.02914384,0.4393251,-0.5249311,-0.0980117,0.36339182,-0.391635","0.5718107,-0.58539987,0.8628291","0.57150185,0.5128657,0.7793057,-0.08762857,0.35752058,-0.42918345,-0.0980117,0.36339182,-0.391635",0.0
"0.57150185,0.5128657,0.7793057,-0.08762857,0.35752058,-0.42918345,-0.0980117,0.36339182,-0.391635","0.09829974,-0.26410103,0.16536462","0.58088875,0.47655326,0.7970709,-0.09717667,0.3511017,-0.3928937,-0.0980117,0.36339182,-0.391635",0.0
"0.0,0.0,0.0,2.8652207e-07,0.005789075,0.993462,-0.048888892,0.12584795,-0.59666026","0.67763233,0.9510883,0.92828536","0.06470898,0.13076974,0.099726275,0.3967599,0.08769772,0.88461,-0.048888892,0.12584795,-0.59666026",0.0
"0.06470898,0.13076974,0.099726275,0.3967599,0.08769772,0.88461,-0.048888892,0.12584795,-0.59666026","0.91507554,0.8844235,0.94564366","0.15209205,0.25237346,0.20131736,0.62519133,0.3302641,0.5999582,-0.048888892,0.12584795,-0.59666026",0.0
"0.15209205,0.25237346,0.20131736,0.62519133,0.3302641,0.5999582,-0.048888892,0.12584795,-0.59666026","0.89502025,0.7514727,0.9266174","0.23755999,0.3556971,0.30086443,0.6169297,0.578387,0.25088647,-0.048888892,0.12584795,-0.59666026",0.0
"0.23755999,0.3556971,0.30086443,0.6169297,0.578387,0.25088647,-0.048888892,0.12584795,-0.59666026","0.8698299,0.80501795,0.95959234","0.32062244,0.46638298,0.40395403,0.44385755,0.7132816,-0.13162558,-0.048888892,0.12584795,-0.59666026",0.0
"0.32062244,0.46638298,0.40395403,0.44385755,0.7132816,-0.13162558,-0.048888892,0.12584795,-0.59666026","0.81595373,0.8379667,0.95554185","0.3985401,0.5815991,0.5066084,0.21162233,0.65976435,-0.45514938,-0.048888892,0.12584795,-0.59666026",0.0
"0.3985401,0.5815991,0.5066084,0.21162233,0.65976435,-0.45514938,-0.048888892,0.12584795,-0.59666026","0.8626281,0.91057396,0.9692644","0.48091486,0.7067984,0.6107371,0.020646222,0.4405766,-0.657988,-0.048888892,0.12584795,-0.59666026",0.0
"0.48091486,0.7067984,0.6107371,0.020646222,0.4405766,-0.657988,-0.048888892,0.12584795,-0.59666026","0.76394355,0.71771634,0.96758664","0.5538659,0.8054807,0.71468544,-0.03913178,0.19464898,-0.67813706,-0.048888892,0.12584795,-0.59666026",0.0
"0.5538659,0.8054807,0.71468544,-0.03913178,0.19464898,-0.67813706,-0.048888892,0.12584795,-0.59666026","0.43639445,-0.1681732,0.6518804","0.59553844,0.7823578,0.7847173,-0.048782945,0.13803822,-0.59940666,-0.048888892,0.12584795,-0.59666026",0.0
"0.0,0.0,0.0,2.8652207e-07,0.005789075,0.993462,-0.20964913,-0.46350875,-0.6336642","0.89740264,-0.9378486,-0.9540119","0.08569543,-0.12894936,-0.1024901,-0.39290714,-0.10240526,0.8841012,-0.20964913,-0.46350875,-0.6336642",0.0
"0.08569543,-0.12894936,-0.1024901,-0.39290714,-0.10240526,0.8841012,-0.20964913,-0.46350875,-0.6336642","0.92571974,-0.88641584,-0.9586593","0.17409495,-0.25082698,-0.20547949,-0.6072377,-0.36296812,0.59678733,-0.20964913,-0.46350875,-0.6336642",0.0
"0.17409495,-0.25082698,-0.20547949,-0.6072377,-0.36296812,0.59678733,-0.20964913,-0.46350875,-0.6336642","0.8629453,-0.83618116,-0.9619822","0.25649998,-0.36579764,-0.30882582,-0.5940842,-0.61049867,0.2175751,-0.20964913,-0.46350875,-0.6336642",0.0
"0.25649998,-0.36579764,-0.30882582,-0.5940842,-0.61049867,0.2175751,-0.20964913,-0.46350875,-0.6336642","0.67356074,-0.84563196,-0.92257845","0.32082015,-0.4820677,-0.40793902,-0.45100892,-0.70389473,-0.16883457,-0.20964913,-0.46350875,-0.6336642",0.0
"0.32082015,-0.4820677,-0.40793902,-0.45100892,-0.70389473,-0.16883457,-0.20964913,-0.46350875,-0.6336642","0.49576747,-0.85604805,-0.9276367","0.36816233,-0.5997699,-0.50759554,-0.27859104,-0.6193409,-0.48620948,-0.20964913,-0.46350875,-0.6336642",0.0
"0.36816233,-0.5997699,-0.50759554,-0.27859104,-0.6193409,-0.48620948,-0.20964913,-0.46350875,-0.6336642","0.025727034,-0.4919145,-0.65412813","0.3706191,-0.66740566,-0.5778689,-0.2135624,-0.48151866,-0.6123458,-0.20964913,-0.46350875,-0.6336642",0.0
"0.3706191,-0.66740566,-0.5778689,-0.2135624,-0.48151866,-0.6123458,-0.20964913,-0.46350875,-0.6336642","-0.028844416,-0.12389094,0.005934477","0.36786467,-0.6844401,-0.5772313,-0.2113062,-0.46509725,-0.63385046,-0.20964913,-0.46350875,-0.6336642",0.0
"0.0,0.0,0.0,2.8652207e-07,0.005789075,0.993462,-0.58356726,-0.30923975,-0.32808766","0.44995916,-0.80755156,-0.9667141","0.042967826,-0.11103418,-0.10385471,-0.36968973,-0.044366453,0.8999953,-0.58356726,-0.30923975,-0.32808766",0.0
"0.042967826,-0.11103418,-0.10385471,-0.36968973,-0.044366453,0.8999953,-0.58356726,-0.30923975,-0.32808766","0.26340568,-0.8703611,-0.9746428","0.06812116,-0.23070437,-0.20856121,-0.6664054,-0.13891017,0.62656504,-0.58356726,-0.30923975,-0.32808766",0.0
"0.06812116,-0.23070437,-0.20856121,-0.6664054,-0.13891017,0.62656504,-0.58356726,-0.30923975,-0.32808766","0.387897,-0.89772815,-0.9689522","0.10516251,-0.3541374,-0.31265634,-0.79980403,-0.2681707,0.23572773,-0.58356726,-0.30923975,-0.32808766",0.0
"0.10516251,-0.3541374,-0.31265634,-0.79980403,-0.2681707,0.23572773,-0.58356726,-0.30923975,-0.32808766","0.51189923,-0.8398633,-0.9686222","0.15404516,-0.46961433,-0.416716,-0.73731285,-0.38102007,-0.15469019,-0.58356726,-0.30923975,-0.32808766",0.0
"0.15404516,-0.46961433,-0.416716,-0.73731285,-0.38102007,-0.15469019,-0.58356726,-0.30923975,-0.32808766","0.10533035,-0.49967813,-0.7420573","0.16410345,-0.53831756,-0.49643564,-0.6381329,-0.35495272,-0.372085,-0.58356726,-0.30923975,-0.32808766",0.0
"0.16410345,-0.53831756,-0.49643564,-0.6381329,-0.35495272,-0.372085,-0.58356726,-0.30923975,-0.32808766","0.036046386,0.3467363,-0.56378764","0.16754562,-0.49064317,-0.5570037,-0.5909827,-0.3366882,-0.33928496,-0.58356726,-0.30923975,-0.32808766",0.0
"0.16754562,-0.49064317,-0.5570037,-0.5909827,-0.3366882,-0.33928496,-0.58356726,-0.30923975,-0.32808766","-0.066832006,0.103792906,-0.17858636","0.16116363,-0.47637227,-0.57618934,-0.58238715,-0.31632888,-0.33038378,-0.58356726,-0.30923975,-0.32808766",0.0
"0.0,0.0,0.0,2.8652207e-07,0.005789075,0.993462,-0.04988304,0.17345029,-0.40556052","0.81260824,0.93507075,0.9081304","0.07759819,0.12856741,0.097561024,0.38620618,0.102026366,0.88856477,-0.04988304,0.17345029,-0.40556052",0.0
"0.07759819,0.12856741,0.097561024,0.38620618,0.102026366,0.88856477,-0.04988304,0.17345029,-0.40556052","0.9002495,0.81335306,0.93993497","0.1635655,0.24039932,0.19853884,0.5964801,0.34332097,0.62419343,-0.04988304,0.17345029,-0.40556052",0.0
"0.1635655,0.24039932,0.19853884,0.5964801,0.34332097,0.62419343,-0.04988304,0.17345029,-0.40556052","0.8194907,0.58163023,0.92640996","0.24182092,0.3203705,0.29806364,0.5887914,0.56727123,0.32695788,-0.04988304,0.17345029,-0.40556052",0.0
"0.24182092,0.3203705,0.29806364,0.5887914,0.56727123,0.32695788,-0.04988304,0.17345029,-0.40556052","0.7166549,0.69660866,0.9498862","0.31025624,0.41615066,0.40011048,0.46610487,0.69735706,-0.02343672,-0.04988304,0.17345029,-0.40556052",0.0
"0.31025624,0.41615066,0.40011048,0.46610487,0.69735706,-0.02343672,-0.04988304,0.17345029,-0.40556052","0.6583477,0.70175195,0.96468985","0.37312368,0.512638,0.5037477,0.2793506,0.6782471,-0.33266377,-0.04988304,0.17345029,-0.40556052",0.0
"0.37312368,0.512638,0.5037477,0.2793506,0.6782471,-0.33266377,-0.04988304,0.17345029,-0.40556052","0.7620928,0.82070684,0.9744663","0.445898,0.62548095,0.60843515,0.08268281,0.51600915,-0.5622211,-0.04988304,0.17345029,-0.40556052",0.0
"0.445898,0.62548095,0.60843515,0.08268281,0.51600915,-0.5622211,-0.04988304,0.17345029,-0.40556052","0.77908254,0.53950536,0.97555137","0.5202947,0.69966024,0.7132392,-0.025513595,0.30873644,-0.6133331,-0.04988304,0.17345029,-0.40556052",0.0
"0.5202947,0.69966024,0.7132392,-0.025513595,0.30873644,-0.6133331,-0.04988304,0.17345029,-0.40556052","0.3503194,-0.5148789,0.9771719","0.55374765,0.6288671,0.8182174,-0.045702696,0.23363076,-0.49529502,-0.04988304,0.17345029,-0.40556052",0.0
"0.55374765,0.6288671,0.8182174,-0.045702696,0.23363076,-0.49529502,-0.04988304,0.17345029,-0.40556052","0.044356823,-0.3788228,0.6627517","0.55798346,0.576781,0.88941723,-0.039694473,0.18353082,-0.40937936,-0.04988304,0.17345029,-0.40556052",0.0
"0.0,0.0,0.0,2.8652207e-07,0.005789075,0.993462,0.12847954,-0.0057894737,-0.7433683","0.06767106,0.97545576,0.9646903","0.0064621004,0.13412015,0.10363729,0.41721445,0.014261556,0.8779346,0.12847954,-0.0057894737,-0.7433683",0.0
"0.0064621004,0.13412015,0.10363729,0.41721445,0.014261556,0.8779346,0.12847954,-0.0057894737,-0.7433683","0.7005998,0.97306466,0.93094456","0.0733643,0.26791155,0.20364924,0.7091113,0.17233974,0.56943077,0.12847954,-0.0057894737,-0.7433683",0.0
"0.0733643,0.26791155,0.20364924,0.7091113,0.17233974,0.56943077,0.12847954,-0.0057894737,-0.7433683","-0.3253641,0.9541452,0.9063828","0.042294387,0.39910161,0.3010225,0.86455286,0.12139601,0.15959063,0.12847954,-0.0057894737,-0.7433683",0.0
"0.042294387,0.39910161,0.3010225,0.86455286,0.12139601,0.15959063,0.12847954,-0.0057894737,-0.7433683","0.10899174,0.93899274,0.9477279","0.052702308,0.5282083,0.40283746,0.81949615,0.14280711,-0.25648686,0.12847954,-0.0057894737,-0.7433683",0.0
"0.052702308,0.5282083,0.40283746,0.81949615,0.14280711,-0.25648686,0.12847954,-0.0057894737,-0.7433683","-0.24432653,0.9431163,0.9537972","0.029370897,0.65788203,0.5053044,0.63181335,0.06427855,-0.5782294,0.12847954,-0.0057894737,-0.7433683",0.0
"0.029370897,0.65788203,0.5053044,0.63181335,0.06427855,-0.5782294,0.12847954,-0.0057894737,-0.7433683","-0.51338637,0.9610785,0.93135977","-0.019653777,0.7900254,0.6053609,0.35343096,-0.016049553,-0.74047124,0.12847954,-0.0057894737,-0.7433683",0.0
"-0.019653777,0.7900254,0.6053609,0.35343096,-0.016049553,-0.74047124,0.12847954,-0.0057894737,-0.7433683","0.10432267,0.80126464,0.7696507","-0.009691721,0.90019524,0.68804497,0.11795269,0.0021998584,-0.7410147,0.12847954,-0.0057894737,-0.7433683",0.0
"0.0,0.0,0.0,2.8652207e-07,0.005789075,0.993462,0.0053801173,0.1348538,-0.59666026","0.81014645,0.9737718,0.95209813","0.07736311,0.13388862,0.102284506,0.40178603,0.10558548,0.8793268,0.0053801173,0.1348538,-0.59666026",0.0
"0.07736311,0.13388862,0.102284506,0.40178603,0.10558548,0.8793268,0.0053801173,0.1348538,-0.59666026","0.93581283,0.9381664,0.9585397","0.16672644,0.26288167,0.20526102,0.6239252,0.36706576,0.57605165,0.0053801173,0.1348538,-0.59666026",0.0
"0.16672644,0.26288167,0.20526102,0.6239252,0.36706576,0.57605165,0.0053801173,0.1348538,-0.59666026","0.8925494,0.9193146,0.9503881","0.25195843,0.38928273,0.3073618,0.60471267,0.6204402,0.17062064,0.0053801173,0.1348538,-0.59666026",0.0
"0.25195843,0.38928273,0.3073618,0.60471267,0.6204402,0.17062064,0.0053801173,0.1348538,-0.59666026","0.61090994,0.930408,0.9669585","0.31029588,0.51720905,0.41124275,0.45944235,0.6877194,-0.24421348,0.0053801173,0.1348538,-0.59666026",0.0
"0.31029588,0.51720905,0.41124275,0.45944235,0.6877194,-0.24421348,0.0053801173,0.1348538,-0.59666026","0.6671109,0.9298222,0.96324897","0.37400013,0.6450549,0.51472515,0.23903716,0.58701754,-0.5626664,0.0053801173,0.1348538,-0.59666026",0.0
"0.37400013,0.6450549,0.51472515,0.23903716,0.58701754,-0.5626664,0.0053801173,0.1348538,-0.59666026","0.7031237,0.8826425,0.97737765","0.44114336,0.76641375,0.61972535,0.060950134,0.35736355,-0.7139251,0.0053801173,0.1348538,-0.59666026",0.0
"0.44114336,0.76641375,0.61972535,0.060950134,0.35736355,-0.7139251,0.0053801173,0.1348538,-0.59666026","0.35834217,0.3268386,0.9675262","0.47536245,0.8113524,0.7236672,0.008295642,0.1818452,-0.6725947,0.0053801173,0.1348538,-0.59666026",0.0
"0.47536245,0.8113524,0.7236672,0.008295642,0.1818452,-0.6725947,0.0053801173,0.1348538,-0.59666026","-0.06800574,-0.2527027,0.5319562","0.4688684,0.77660716,0.7808155,0.009442228,0.15553065,-0.6014177,0.0053801173,0.1348538,-0.59666026",0.0
"0.4688684,0.77660716,0.7808155,0.009442228,0.15553065,-0.6014177,0.0053801173,0.1348538,-0.59666026","0.0588156,0.0521394,0.048406363","0.47448486,0.7837761,0.78601575,0.0057305153,0.14364725,-0.5985117,0.0053801173,0.1348538,-0.59666026",0.0
"0.0,0.0,0.0,2.8652207e-07,0.005789075,0.993462,-0.125731,0.026842104,-0.7433683","-0.3443936,-0.97487587,-0.9620189","-0.032887094,-0.13404042,-0.10335029,-0.41410735,0.048757795,0.8782618,-0.125731,0.026842104,-0.7433683",0.0
"-0.032887094,-0.13404042,-0.10335029,-0.41410735,0.048757795,0.8782618,-0.125731,0.026842104,-0.7433683","-0.37774253,-0.9538964,-0.948046","-0.068958774,-0.26519626,-0.20519947,-0.7087225,0.16191386,0.5720439,-0.125731,0.026842104,-0.7433683",0.0
"-0.068958774,-0.26519626,-0.20519947,-0.7087225,0.16191386,0.5720439,-0.125731,0.026842104,-0.7433683","-0.18659824,-0.91447514,-0.9545681","-0.08677755,-0.39093193,-0.3077493,-0.8336268,0.23907758,0.16653498,-0.125731,0.026842104,-0.7433683",0.0
"-0.08677755,-0.39093193,-0.3077493,-0.8336268,0.23907758,0.16653498,-0.125731,0.026842104,-0.7433683","0.42822075,-0.9088818,-0.95921075","-0.045885578,-0.5158985,-0.4107979,-0.8183534,0.124643154,-0.24103837,-0.125731,0.026842104,-0.7433683",0.0
"-0.045885578,-0.5158985,-0.4107979,-0.8183534,0.124643154,-0.24103837,-0.125731,0.026842104,-0.7433683","0.295385,-0.9767743,-0.95323265","-0.017678456,-0.6502,-0.5132042,-0.6300299,0.040825352,-0.5699188,-0.125731,0.026842104,-0.7433683",0.0
"-0.017678456,-0.6502,-0.5132042,-0.6300299,0.040825352,-0.5699188,-0.125731,0.026842104,-0.7433683","0.20314229,-0.97603947,-0.90551484","0.0017201594,-0.78440046,-0.6104842,-0.3536823,0.0038784386,-0.7334565,-0.125731,0.026842104,-0.7433683",0.0
"0.0017201594,-0.78440046,-0.6104842,-0.3536823,0.0038784386,-0.7334565,-0.125731,0.026842104,-0.7433683","-0.123028874,-0.72256655,-0.78015435","-0.010028203,-0.88374966,-0.69429666,-0.13091993,0.009918378,-0.7294767,-0.125731,0.026842104,-0.7433683",0.0
"-0.010028203,-0.88374966,-0.69429666,-0.13091993,0.009918378,-0.7294767,-0.125731,0.026842104,-0.7433683","-0.3433472,-0.1320085,0.07886672","-0.04281536,-0.9019002,-0.68582386,-0.11619494,0.021566594,-0.74384946,-0.125731,0.026842104,-0.7433683",0.0
"0.0,0.0,0.0,2.8652207e-07,0.005789075,0.993462,-0.123274855,-0.19923976,-0.35214671","0.8514012,-0.85733235,-0.95677394","0.08130263,-0.117878795,-0.10278683,-0.373565,-0.09156348,0.8945314,-0.123274855,-0.19923976,-0.35214671",0.0
"0.08130263,-0.117878795,-0.10278683,-0.373565,-0.09156348,0.8945314,-0.123274855,-0.19923976,-0.35214671","0.73326576,-0.6136339,-0.96531975","0.15132418,-0.2022503,-0.20649175,-0.56862456,-0.28620413,0.6751004,-0.123274855,-0.19923976,-0.35214671",0.0
"0.15132418,-0.2022503,-0.20649175,-0.56862456,-0.28620413,0.6751004,-0.123274855,-0.19923976,-0.35214671","0.6070595,-0.5144051,-0.9597031","0.20929396,-0.27297837,-0.30959326,-0.6163019,-0.46855444,0.4010758,-0.123274855,-0.19923976,-0.35214671",0.0
"0.20929396,-0.27297837,-0.30959326,-0.6163019,-0.46855444,0.4010758,-0.123274855,-0.19923976,-0.35214671","0.5028732,-0.6211663,-0.9697354","0.2573147,-0.35838556,-0.41377255,-0.56707406,-0.5853745,0.07363803,-0.123274855,-0.19923976,-0.35214671",0.0
"0.2573147,-0.35838556,-0.41377255,-0.56707406,-0.5853745,0.07363803,-0.123274855,-0.19923976,-0.35214671","0.29771328,-0.6898719,-0.98054","0.28574416,-0.45323944,-0.5191126,-0.4634252,-0.5719444,-0.24077849,-0.123274855,-0.19923976,-0.35214671",0.0
"0.28574416,-0.45323944,-0.5191126,-0.4634252,-0.5719444,-0.24077849,-0.123274855,-0.19923976,-0.35214671","0.32209897,-0.695755,-0.9770853","0.31650227,-0.5489022,-0.62408143,-0.31012985,-0.4663993,-0.46427667,-0.123274855,-0.19923976,-0.35214671",0.0
"0.31650227,-0.5489022,-0.62408143,-0.31012985,-0.4663993,-0.46427667,-0.123274855,-0.19923976,-0.35214671","0.019133687,-0.34408188,-0.9770751","0.3183294,-0.59621173,-0.72904927,-0.20978937,-0.31605685,-0.5190211,-0.123274855,-0.19923976,-0.35214671",0.0
"0.3183294,-0.59621173,-0.72904927,-0.20978937,-0.31605685,-0.5190211,-0.123274855,-0.19923976,-0.35214671","-0.038330138,0.49936783,-0.9389757","0.31466916,-0.5275513,-0.82992405,-0.16465577,-0.23957041,-0.42218804,-0.123274855,-0.19923976,-0.35214671",0.0
"0.31466916,-0.5275513,-0.82992405,-0.16465577,-0.23957041,-0.42218804,-0.123274855,-0.19923976,-0.35214671","0.06127,0.4154743,-0.62314284","0.32051998,-0.47042578,-0.89686865,-0.12938505,-0.19378448,-0.3490098,-0.123274855,-0.19923976,-0.35214671",0.0
"0.0,0.0,0.0,2.8652207e-07,0.005789075,0.993462,0.11000001,0.07824561,-0.59666026","0.22736311,0.9733373,0.96060133","0.021711532,0.13382888,0.10319801,0.41497606,0.034151625,0.8786072,0.11000001,0.07824561,-0.59666026",0.0
"0.021711532,0.13382888,0.10319801,0.41497606,0.034151625,0.8786072,0.11000001,0.07824561,-0.59666026","0.9078587,0.94884956,0.95693874","0.108405456,0.26429084,0.20600253,0.68255365,0.24802141,0.57250375,0.11000001,0.07824561,-0.59666026",0.0
"0.108405456,0.26429084,0.20600253,0.68255365,0.24802141,0.57250375,0.11000001,0.07824561,-0.59666026","0.32123053,0.9157498,0.93403447","0.13908063,0.39020175,0.30634642,0.783167,0.37216163,0.17024775,0.11000001,0.07824561,-0.59666026",0.0
"0.13908063,0.39020175,0.30634642,0.783167,0.37216163,0.17024775,0.11000001,0.07824561,-0.59666026","0.11028123,0.9269873,0.9497831","0.1496117,0.51765776,0.4083822,0.73694545,0.38085517,-0.24171233,0.11000001,0.07824561,-0.59666026",0.0
"0.1496117,0.51765776,0.4083822,0.73694545,0.38085517,-0.24171233,0.11000001,0.07824561,-0.59666026","-0.053598642,0.9125887,0.9523332","0.1444934,0.6431341,0.51069194,0.5733868,0.2862114,-0.5577926,0.11000001,0.07824561,-0.59666026",0.0
"0.1444934,0.6431341,0.51069194,0.5733868,0.2862114,-0.5577926,0.11000001,0.07824561,-0.59666026","0.17975593,0.8283372,0.9569584","0.1616588,0.75702626,0.6134985,0.3307785,0.1907246,-0.70773554,0.11000001,0.07824561,-0.59666026",0.0
"0.1616588,0.75702626,0.6134985,0.3307785,0.1907246,-0.70773554,0.11000001,0.07824561,-0.59666026","0.095347166,0.4062457,0.9599564","0.17076376,0.812883,0.7166272,0.1587599,0.10114118,-0.6798606,0.11000001,0.07824561,-0.59666026",0.0
"0.17076376,0.812883,0.7166272,0.1587599,0.10114118,-0.6798606,0.11000001,0.07824561,-0.59666026","0.16478217,-0.2534616,0.69399536","0.18649927,0.7780334,0.7911834,0.11659805,0.08432788,-0.59091544,0.11000001,0.07824561,-0.59666026",0.0
"0.0,0.0,0.0,2.8652207e-07,0.005789075,0.993462,-0.0029824562,0.034210525,-0.6184311","0.8380121,0.9743351,0.9644742","0.080024086,0.13396606,0.10361407,0.40253985,0.1093644,0.87811124,-0.0029824562,0.034210525,-0.6184311",0.0
"0.080024086,0.13396606,0.10361407,0.40253985,0.1093644,0.87811124,-0.0029824562,0.034210525,-0.6184311","0.8896358,0.94708943,0.9642861","0.16497785,0.26418602,0.20720792,0.6284238,0.36505392,0.570969,-0.0029824562,0.034210525,-0.6184311",0.0
"0.16497785,0.26418602,0.20720792,0.6284238,0.36505392,0.570969,-0.0029824562,0.034210525,-0.6184311","0.7088096,0.91440797,0.94350123","0.23266402,0.38991243,0.30856884,0.6412759,0.5827476,0.16742395,-0.0029824562,0.034210525,-0.6184311",0.0
"0.23266402,0.38991243,0.30856884,0.6412759,0.5827476,0.16742395,-0.0029824562,0.034210525,-0.6184311","0.8725643,0.9355047,0.9518275","0.3159876,0.51853955,0.41082424,0.4470987,0.6958654,-0.2464009,-0.0029824562,0.034210525,-0.6184311",0.0
"0.3159876,0.51853955,0.41082424,0.4470987,0.6958654,-0.2464009,-0.0029824562,0.034210525,-0.6184311","0.8343508,0.934232,0.9482614","0.39566204,0.64699167,0.5126965,0.19889574,0.6028821,-0.5647347,-0.0029824562,0.034210525,-0.6184311",0.0
"0.39566204,0.64699167,0.5126965,0.19889574,0.6028821,-0.5647347,-0.0029824562,0.034210525,-0.6184311","0.87254846,0.9274609,0.9623482","0.47898406,0.7745128,0.61608213,0.017834429,0.35750094,-0.7225305,-0.0029824562,0.034210525,-0.6184311",0.0
"0.47898406,0.7745128,0.61608213,0.017834429,0.35750094,-0.7225305,-0.0029824562,0.034210525,-0.6184311","0.80289435,0.73005056,0.95716715","0.55565464,0.87489104,0.7189111,-0.02594186,0.11357124,-0.7006114,-0.0029824562,0.034210525,-0.6184311",0.0
"0.55565464,0.87489104,0.7189111,-0.02594186,0.11357124,-0.7006114,-0.0029824562,0.034210525,-0.6184311","-0.42424744,-0.0056761503,0.6347954","0.5151421,0.8741107,0.7871075,-0.008437481,0.055478327,-0.6192572,-0.0029824562,0.034210525,-0.6184311",0.0
"0.5151421,0.8741107,0.7871075,-0.008437481,0.055478327,-0.6192572,-0.0029824562,0.034210525,-0.6184311","-0.01745826,0.059214354,0.06497264","0.51347494,0.88225245,0.7940875,-0.00758333,0.042221505,-0.61117095,-0.0029824562,0.034210525,-0.6184311",0.0
"0.0,0.0,0.0,2.8652207e-07,0.005789075,0.993462,0.34046784,0.19081871,-0.74957925","0.45633233,0.9752159,0.94542646","0.04357643,0.13408718,0.10156775,0.41026312,0.06236205,0.87973607,0.34046784,0.19081871,-0.74957925",0.0
"0.04357643,0.13408718,0.10156775,0.41026312,0.06236205,0.87973607,0.34046784,0.19081871,-0.74957925","0.7830968,0.9715588,0.94827056","0.11835649,0.26767156,0.20344105,0.67735034,0.27035874,0.5701547,0.34046784,0.19081871,-0.74957925",0.0
"0.11835649,0.26767156,0.20344105,0.67735034,0.27035874,0.5701547,0.34046784,0.19081871,-0.74957925","0.443946,0.9770372,0.9385108","0.1607501,0.40200913,0.30426586,0.7619989,0.42787,0.14838904,0.34046784,0.19081871,-0.74957925",0.0
"0.1607501,0.40200913,0.30426586,0.7619989,0.42787,0.14838904,0.34046784,0.19081871,-0.74957925","0.06534171,0.9666929,0.9429271","0.16698977,0.53492445,0.40556502,0.7132249,0.41943616,-0.27328548,0.34046784,0.19081871,-0.74957925",0.0
"0.16698977,0.53492445,0.40556502,0.7132249,0.41943616,-0.27328548,0.34046784,0.19081871,-0.74957925","-0.19348073,0.9572469,0.94577205","0.14851376,0.66654104,0.50716984,0.5552801,0.2861542,-0.5923465,0.34046784,0.19081871,-0.74957925",0.0
"0.14851376,0.66654104,0.50716984,0.5552801,0.2861542,-0.5923465,0.34046784,0.19081871,-0.74957925","0.0595845,0.7474309,0.66006374","0.15420364,0.76930904,0.5780809,0.36538896,0.19883735,-0.7299784,0.34046784,0.19081871,-0.74957925",0.0
"0.15420364,0.76930904,0.5780809,0.36538896,0.19883735,-0.7299784,0.34046784,0.19081871,-0.74957925","0.05311501,0.14589238,0.00021505356","0.15927576,0.7893685,0.5781039,0.3407812,0.19293666,-0.7497313,0.34046784,0.19081871,-0.74957925",0.0
"0.0,0.0,0.0,2.8652207e-07,0.005789075,0.993462,0.19900586,0.46812865,-0.6336642","0.82102776,0.95686543,0.9384171","0.0784022,0.13156408,0.100814745,0.39537135,0.105370745,0.8829087,0.19900586,0.46812865,-0.6336642",0.0
"0.0784022,0.13156408,0.100814745,0.39537135,0.105370745,0.8829087,0.19900586,0.46812865,-0.6336642","0.8819879,0.9536786,0.9429349","0.16262564,0.26269,0.20211482,0.6267822,0.3579773,0.58085644,0.19900586,0.46812865,-0.6336642",0.0
"0.16262564,0.26269,0.20211482,0.6267822,0.3579773,0.58085644,0.19900586,0.46812865,-0.6336642","0.8714367,0.9429693,0.9586172","0.24584153,0.39234346,0.30509964,0.61806065,0.6102036,0.16764256,0.19900586,0.46812865,-0.6336642",0.0
"0.24584153,0.39234346,0.30509964,0.61806065,0.6102036,0.16764256,0.19900586,0.46812865,-0.6336642","0.613086,0.9416158,0.9591038","0.3043868,0.5218108,0.40813676,0.47308475,0.6804263,-0.24981962,0.19900586,0.46812865,-0.6336642",0.0
"0.3043868,0.5218108,0.40813676,0.47308475,0.6804263,-0.24981962,0.19900586,0.46812865,-0.6336642","0.39138806,0.89475393,0.9541255","0.34176153,0.64483494,0.510639,0.29985213,0.564795,-0.5604232,0.19900586,0.46812865,-0.6336642",0.0
"0.34176153,0.64483494,0.510639,0.29985213,0.564795,-0.5604232,0.19900586,0.46812865,-0.6336642","0.33247876,0.32358658,0.4254961","0.37351084,0.68932647,0.5563503,0.20169592,0.4955293,-0.63812506,0.19900586,0.46812865,-0.6336642",0.0
"0.37351084,0.68932647,0.5563503,0.20169592,0.4955293,-0.63812506,0.19900586,0.46812865,-0.6336642","-0.041738927,-0.03334409,0.18227315","0.36952507,0.6847419,0.57593197,0.19885862,0.47219154,-0.6341508,0.19900586,0.46812865,-0.6336642",0.0
"0.0,0.0,0.0,2.8652207e-07,0.005789075,0.993462,-0.23198831,-0.032865494,-0.35214671","0.50300753,-0.8942175,-0.9657964","0.04803356,-0.12295031,-0.103756115,-0.3920994,-0.053766202,0.8889126,-0.23198831,-0.032865494,-0.35214671",0.0
"0.04803356,-0.12295031,-0.103756115,-0.3920994,-0.053766202,0.8889126,-0.23198831,-0.032865494,-0.35214671","0.59149575,-0.7673735,-0.966283","0.10451711,-0.22846022,-0.20756453,-0.64248896,-0.21276936,0.6316544,-0.23198831,-0.032865494,-0.35214671",0.0
"0.10451711,-0.22846022,-0.20756453,-0.64248896,-0.21276936,0.6316544,-0.23198831,-0.032865494,-0.35214671","0.46113992,-0.74564034,-0.96651894","0.14855263,-0.33098194,-0.31139824,-0.740748,-0.36671534,0.28486532,-0.23198831,-0.032865494,-0.35214671",0.0
"0.14855263,-0.33098194,-0.31139824,-0.740748,-0.36671534,0.28486532,-0.23198831,-0.032865494,-0.35214671","-0.20444745,-0.8495878,-0.9667121","0.12902938,-0.44779593,-0.41525272,-0.7665329,-0.32263786,-0.10857018,-0.23198831,-0.032865494,-0.35214671",0.0
"0.12902938,-0.44779593,-0.41525272,-0.7665329,-0.32263786,-0.10857018,-0.23198831,-0.032865494,-0.35214671","-0.17569554,-0.70999205,-0.9694745","0.112251736,-0.54541624,-0.5194039,-0.6579506,-0.23597912,-0.4029175,-0.23198831,-0.032865494,-0.35214671",0.0
"0.112251736,-0.54541624,-0.5194039,-0.6579506,-0.23597912,-0.4029175,-0.23198831,-0.032865494,-0.35214671","0.09109783,0.09487116,-0.9750734","0.120950915,-0.532372,-0.6241566,-0.5322068,-0.20632312,-0.4415009,-0.23198831,-0.032865494,-0.35214671",0.0
"0.120950915,-0.532372,-0.6241566,-0.5322068,-0.20632312,-0.4415009,-0.23198831,-0.032865494,-0.35214671","-0.0456478,-0.14497346,-0.9612317","0.11659188,-0.55230516,-0.7274223,-0.38873968,-0.14291771,-0.47686708,-0.23198831,-0.032865494,-0.35214671",0.0
"0.11659188,-0.55230516,-0.7274223,-0.38873968,-0.14291771,-0.47686708,-0.23198831,-0.032865494,-0.35214671","-0.31818998,0.17595994,-0.9031236","0.08620705,-0.52811164,-0.82444537,-0.28826985,-0.07402954,-0.42528018,-0.23198831,-0.032865494,-0.35214671",0.0
"0.08620705,-0.52811164,-0.82444537,-0.28826985,-0.07402954,-0.42528018,-0.23198831,-0.032865494,-0.35214671","-0.16828394,0.38680327,-0.6115363","0.07013715,-0.47492826,-0.89014316,-0.23505385,-0.046714228,-0.35554585,-0.23198831,-0.032865494,-0.35214671",0.0
"0.0,0.0,0.0,2.8652207e-07,0.005789075,0.993462,0.1028655,-0.0874269,-0.59666026","-0.3259846,0.9604342,0.96750057","-0.031129159,0.13205476,0.1039392,0.4123405,-0.034637015,0.87977,0.1028655,-0.0874269,-0.59666026",0.0
"-0.031129159,0.13205476,0.1039392,0.4123405,-0.034637015,0.87977,0.1028655,-0.0874269,-0.59666026","-0.6775695,0.9581189,0.95487726","-0.09583213,0.26379117,0.20652226,0.69488794,-0.20970422,0.5726473,0.1028655,-0.0874269,-0.59666026",0.0
"-0.09583213,0.26379117,0.20652226,0.69488794,-0.20970422,0.5726473,0.1028655,-0.0874269,-0.59666026","-0.44634128,0.92194176,0.95019555","-0.13845448,0.39055344,0.30860236,0.78855723,-0.36001793,0.16601697,0.1028655,-0.0874269,-0.59666026",0.0
"-0.13845448,0.39055344,0.30860236,0.78855723,-0.36001793,0.16601697,0.1028655,-0.0874269,-0.59666026","0.07401836,0.9390855,0.9457332","-0.13138627,0.5196729,0.41020307,0.7602132,-0.3265924,-0.24795148,0.1028655,-0.0874269,-0.59666026",0.0
"-0.13138627,0.5196729,0.41020307,0.7602132,-0.3265924,-0.24795148,0.1028655,-0.0874269,-0.59666026","-0.6711886,0.93494153,0.95605063","-0.1954799,0.64822257,0.51291215,0.52104586,-0.36028898,-0.5667371,0.1028655,-0.0874269,-0.59666026",0.0
"-0.1954799,0.64822257,0.51291215,0.52104586,-0.36028898,-0.5667371,0.1028655,-0.0874269,-0.59666026","-0.6008187,0.86274934,0.96338534","-0.25285372,0.76684624,0.6164092,0.26091725,-0.25737673,-0.7156258,0.1028655,-0.0874269,-0.59666026",0.0
"-0.25285372,0.76684624,0.6164092,0.26091725,-0.25737673,-0.7156258,0.1028655,-0.0874269,-0.59666026","-0.33550614,0.49703383,0.95725226","-0.28489214,0.8351859,0.71924734,0.10500308,-0.12171896,-0.68683785,0.1028655,-0.0874269,-0.59666026",0.0
"-0.28489214,0.8351859,0.71924734,0.10500308,-0.12171896,-0.68683785,0.1028655,-0.0874269,-0.59666026","0.17131543,-0.39048684,0.57797766","-0.26853275,0.78149605,0.7813397,0.10440469,-0.10862047,-0.60269254,0.1028655,-0.0874269,-0.59666026",0.0
"-0.26853275,0.78149605,0.7813397,0.10440469,-0.10862047,-0.60269254,0.1028655,-0.0874269,-0.59666026","0.14197648,0.013734698,0.038187385","-0.25497502,0.78338456,0.7854422,0.10478848,-0.099797934,-0.5989923,0.1028655,-0.0874269,-0.59666026",0.0
"0.0,0.0,0.0,2.8652207e-07,0.005789075,0.993462,-0.06315789,0.040760234,-0.29193363","-0.8226924,-0.9857885,-0.9519777","-0.07856116,-0.13554084,-0.10227157,-0.40448645,0.10787801,0.87765765,-0.06315789,0.040760234,-0.29193363",0.0
"-0.07856116,-0.13554084,-0.10227157,-0.40448645,0.10787801,0.87765765,-0.06315789,0.040760234,-0.29193363","-0.560151,-0.9360296,-0.95234805","-0.13205151,-0.26424012,-0.2045829,-0.66145974,0.29764113,0.5746158,-0.06315789,0.040760234,-0.29193363",0.0
"-0.13205151,-0.26424012,-0.2045829,-0.66145974,0.29764113,0.5746158,-0.06315789,0.040760234,-0.29193363","0.9121182,-0.6718826,-0.9675551","-0.044950847,-0.35662055,-0.30852795,-0.8364433,0.12475903,0.2370393,-0.06315789,0.040760234,-0.29193363",0.0
"-0.044950847,-0.35662055,-0.30852795,-0.8364433,0.12475903,0.2370393,-0.06315789,0.040760234,-0.29193363","0.43730295,-0.5319816,-0.94718474","-0.0031915894,-0.42976534,-0.41028458,-0.83401567,0.014152471,-0.06527848,-0.06315789,0.040760234,-0.29193363",0.0
"-0.0031915894,-0.42976534,-0.41028458,-0.83401567,0.014152471,-0.06527848,-0.06315789,0.040760234,-0.29193363","0.034520626,-0.7415717,-0.9405132","0.00010487835,-0.5317277,-0.51132447,-0.71592873,0.005553792,-0.37294674,-0.06315789,0.040760234,-0.29193363",0.0
"0.00010487835,-0.5317277,-0.51132447,-0.71592873,0.005553792,-0.37294674,-0.06315789,0.040760234,-0.29193363","-0.1435672,-0.31488836,-0.9693182","-0.013604749,-0.5750233,-0.61545885,-0.55265224,0.029429862,-0.49728623,-0.06315789,0.040760234,-0.29193363",0.0
"-0.013604749,-0.5750233,-0.61545885,-0.55265224,0.029429862,-0.49728623,-0.06315789,0.040760234,-0.29193363","-0.078367054,-0.5105957,-0.96320224","-0.021088233,-0.6452276,-0.7189362,-0.3512237,0.02910516,-0.5664771,-0.06315789,0.040760234,-0.29193363",0.0
"-0.021088233,-0.6452276,-0.7189362,-0.3512237,0.02910516,-0.5664771,-0.06315789,0.040760234,-0.29193363","-0.0429253,-0.22637916,-0.97512347","-0.025187287,-0.67635363,-0.8236943,-0.1945406,0.021233518,-0.51577526,-0.06315789,0.040760234,-0.29193363",0.0
"-0.025187287,-0.67635363,-0.8236943,-0.1945406,0.021233518,-0.51577526,-0.06315789,0.040760234,-0.29193363","-0.74311805,0.23725379,-0.9362811","-0.09614967,-0.6437325,-0.9242796,-0.10681114,0.039346322,-0.39797273,-0.06315789,0.040760234,-0.29193363",0.0
"-0.09614967,-0.6437325,-0.9242796,-0.10681114,0.039346322,-0.39797273,-0.06315789,0.040760234,-0.29193363","-0.5847781,0.41079235,-0.7085179","-0.15199172,-0.5872507,-1.0,-0.06138985,0.03828382,-0.29344693,-0.06315789,0.040760234,-0.29193363",0.0
"0.0,0.0,0.0,2.8652207e-07,0.005789075,0.993462,0.042456143,0.054619882,-0.61392003","0.7457707,0.9803145,0.95328164","0.07121569,0.1347882,0.10241164,0.40560144,0.09822756,0.8783046,0.042456143,0.054619882,-0.61392003",0.0
"0.07121569,0.1347882,0.10241164,0.40560144,0.09822756,0.8783046,0.042456143,0.054619882,-0.61392003","0.8488538,0.94971776,0.9537686","0.15227507,0.26536953,0.2048756,0.642729,0.33981624,0.5721983,0.042456143,0.054619882,-0.61392003",0.0
"0.15227507,0.26536953,0.2048756,0.642729,0.33981624,0.5721983,0.042456143,0.054619882,-0.61392003","0.47702134,0.9454411,0.92804956","0.19782715,0.39536282,0.30457655,0.704176,0.5114279,0.16204758,0.042456143,0.054619882,-0.61392003",0.0
"0.19782715,0.39536282,0.30457655,0.704176,0.5114279,0.16204758,0.042456143,0.054619882,-0.61392003","0.39485574,0.9649612,0.95070314","0.235533,0.52804005,0.4067111,0.60782653,0.56278384,-0.26072475,0.042456143,0.054619882,-0.61392003",0.0
"0.235533,0.52804005,0.4067111,0.60782653,0.56278384,-0.26072475,0.042456143,0.054619882,-0.61392003","-0.34409595,0.97556734,0.9496676","0.20267433,0.6621756,0.50873446,0.50034463,0.3771855,-0.5863444,0.042456143,0.054619882,-0.61392003",0.0
"0.20267433,0.6621756,0.50873446,0.50034463,0.3771855,-0.5863444,0.042456143,0.054619882,-0.61392003","0.22871387,0.9365914,0.9421294","0.22451486,0.79095215,0.6099479,0.26004535,0.22901976,-0.7392836,0.042456143,0.054619882,-0.61392003",0.0
"0.22451486,0.79095215,0.6099479,0.26004535,0.22901976,-0.7392836,0.042456143,0.054619882,-0.61392003","0.18549371,0.69477594,0.96282125","0.24222815,0.88648033,0.7133844,0.07461878,0.07905632,-0.70985705,0.042456143,0.054619882,-0.61392003",0.0
"0.24222815,0.88648033,0.7133844,0.07461878,0.07905632,-0.70985705,0.042456143,0.054619882,-0.61392003","0.11506283,-0.26139653,0.7033366","0.25321582,0.8505397,0.7889442,0.049919985,0.059210926,-0.6131147,0.042456143,0.054619882,-0.61392003",0.0
"0.0,0.0,0.0,2.8652207e-07,0.005789075,0.993462,0.024327487,-0.0057894737,-0.46819258","0.61242056,0.9637816,0.96784735","0.058481723,0.13251501,0.10397644,0.406655,0.08145351,0.8792731,0.024327487,-0.0057894737,-0.46819258",0.0
"0.058481723,0.13251501,0.10397644,0.406655,0.08145351,0.8792731,0.024327487,-0.0057894737,-0.46819258","0.4580196,0.92417943,0.95017695","0.10221927,0.25958493,0.20605455,0.6812201,0.23270635,0.5807289,0.024327487,-0.0057894737,-0.46819258",0.0
"0.10221927,0.25958493,0.20605455,0.6812201,0.23270635,0.5807289,0.024327487,-0.0057894737,-0.46819258","-0.49450326,0.90186787,0.9528942","0.054997798,0.38358715,0.30842456,0.84906137,0.15405604,0.18098858,0.024327487,-0.0057894737,-0.46819258",0.0
"0.054997798,0.38358715,0.30842456,0.84906137,0.15405604,0.18098858,0.024327487,-0.0057894737,-0.46819258","-0.11341131,0.910512,0.96039903","0.044167843,0.5087779,0.41160083,0.81990457,0.12034915,-0.22761534,0.024327487,-0.0057894737,-0.46819258",0.0
"0.044167843,0.5087779,0.41160083,0.81990457,0.12034915,-0.22761534,0.024327487,-0.0057894737,-0.46819258","-0.5432594,0.9172282,0.9664829","-0.0077094864,0.6348921,0.5154306,0.6414742,-0.009748294,-0.547191,0.024327487,-0.0057894737,-0.46819258",0.0
"-0.0077094864,0.6348921,0.5154306,0.6414742,-0.009748294,-0.547191,0.024327487,-0.0057894737,-0.46819258","-0.5034377,0.9189639,0.95507526","-0.055784132,0.76124495,0.61803496,0.36608547,-0.058942348,-0.7099635,0.024327487,-0.0057894737,-0.46819258",0.0
"-0.055784132,0.76124495,0.61803496,0.36608547,-0.058942348,-0.7099635,0.024327487,-0.0057894737,-0.46819258","-0.28883195,0.78604984,0.96806836","-0.08336549,0.8693228,0.72203505,0.11695832,-0.025357693,-0.6956036,0.024327487,-0.0057894737,-0.46819258",0.0
"-0.08336549,0.8693228,0.72203505,0.11695832,-0.025357693,-0.6956036,0.024327487,-0.0057894737,-0.46819258","-0.5120708,-0.053504527,0.95974684","-0.13226452,0.8619662,0.82514113,0.037619427,-0.010270059,-0.5678099,0.024327487,-0.0057894737,-0.46819258",0.0
"-0.13226452,0.8619662,0.82514113,0.037619427,-0.010270059,-0.5678099,0.024327487,-0.0057894737,-0.46819258","-0.12509435,-0.36287916,0.6917701","-0.14421013,0.8120723,0.8994583,0.02902447,-0.0076906937,-0.46070144,0.024327487,-0.0057894737,-0.46819258",0.0
"0.0,0.0,0.0,2.8652207e-07,0.005789075,0.993462,0.11450293,0.024970759,-0.44393736","0.073275566,0.9509766,0.961406","0.00699729,0.1307544,0.103284456,0.41022474,0.014809677,0.8816337,0.11450293,0.024970759,-0.44393736",0.0
"0.00699729,0.1307544,0.103284456,0.41022474,0.014809677,0.8816337,0.11450293,0.024970759,-0.44393736","0.635383,0.9295403,0.94948816","0.06767176,0.25856143,0.20528856,0.70061463,0.15715678,0.58361024,0.11450293,0.024970759,-0.44393736",0.0
"0.06767176,0.25856143,0.20528856,0.70061463,0.15715678,0.58361024,0.11450293,0.024970759,-0.44393736","0.03538835,0.8747728,0.9439355","0.0710511,0.3788382,0.30669615,0.8377378,0.19610006,0.19364883,0.11450293,0.024970759,-0.44393736",0.0
"0.0710511,0.3788382,0.30669615,0.8377378,0.19610006,0.19364883,0.11450293,0.024970759,-0.44393736","0.08083129,0.8718699,0.9637389","0.0787699,0.4987159,0.4102312,0.80504566,0.2093594,-0.20556954,0.11450293,0.024970759,-0.44393736",0.0
"0.0787699,0.4987159,0.4102312,0.80504566,0.2093594,-0.20556954,0.11450293,0.024970759,-0.44393736","-0.13729835,0.83990407,0.96192324","0.0656589,0.61419845,0.51357114,0.64543265,0.14097182,-0.5133469,0.11450293,0.024970759,-0.44393736",0.0
"0.0656589,0.61419845,0.51357114,0.64543265,0.14097182,-0.5133469,0.11450293,0.024970759,-0.44393736","0.22417498,0.6630354,0.9409485","0.08706598,0.70536244,0.61465776,0.41927794,0.12364509,-0.6557784,0.11450293,0.024970759,-0.44393736",0.0
"0.08706598,0.70536244,0.61465776,0.41927794,0.12364509,-0.6557784,0.11450293,0.024970759,-0.44393736","-0.04021728,0.13041437,0.9473361","0.083225526,0.7232938,0.7164306,0.27134335,0.07860103,-0.62843347,0.11450293,0.024970759,-0.44393736",0.0
"0.083225526,0.7232938,0.7164306,0.27134335,0.07860103,-0.62843347,0.11450293,0.024970759,-0.44393736","-0.12765074,0.008798718,0.94726646","0.07103581,0.72450364,0.81819594,0.15760703,0.041704997,-0.54224896,0.11450293,0.024970759,-0.44393736",0.0
"0.07103581,0.72450364,0.81819594,0.15760703,0.041704997,-0.54224896,0.11450293,0.024970759,-0.44393736","-0.23994195,-0.36421013,0.736305","0.04812309,0.6744267,0.8972976,0.118605286,0.023925312,-0.43812442,0.11450293,0.024970759,-0.44393736",0.0
"0.0,0.0,0.0,2.8652207e-07,0.005789075,0.993462,0.47017545,-0.37327483,-0.4906826","-0.7432679,0.9624728,0.8703189","-0.07097668,0.13233505,0.09349891,0.3933104,-0.08324701,0.8882041,0.47017545,-0.37327483,-0.4906826",0.0
"-0.07097668,0.13233505,0.09349891,0.3933104,-0.08324701,0.8882041,0.47017545,-0.37327483,-0.4906826","-0.34441882,0.90811324,0.7717109","-0.103866175,0.25719598,0.1764043,0.66267306,-0.21813828,0.6260481,0.47017545,-0.37327483,-0.4906826",0.0
"-0.103866175,0.25719598,0.1764043,0.66267306,-0.21813828,0.6260481,0.47017545,-0.37327483,-0.4906826","-0.50418705,0.8923564,0.8570894","-0.15201238,0.3798904,0.26848194,0.7702278,-0.39208648,0.25095066,0.47017545,-0.37327483,-0.4906826",0.0
"-0.15201238,0.3798904,0.26848194,0.7702278,-0.39208648,0.25095066,0.47017545,-0.37327483,-0.4906826","-0.6005022,0.8603885,0.90550864","-0.20935598,0.49818945,0.36576128,0.68960786,-0.5253695,-0.14723405,0.47017545,-0.37327483,-0.4906826",0.0
"-0.20935598,0.49818945,0.36576128,0.68960786,-0.5253695,-0.14723405,0.47017545,-0.37327483,-0.4906826","-0.23165822,0.74337983,0.8529351","-0.23147766,0.6004004,0.45739257,0.55711806,-0.48803186,-0.45080388,0.47017545,-0.37327483,-0.4906826",0.0
"-0.23147766,0.6004004,0.45739257,0.55711806,-0.48803186,-0.45080388,0.47017545,-0.37327483,-0.4906826","0.089630604,0.1537764,0.60837936","-0.22291858,0.62154394,0.5227511,0.4952242,-0.40982148,-0.5298901,0.47017545,-0.37327483,-0.4906826",0.0
"-0.22291858,0.62154394,0.5227511,0.4952242,-0.40982148,-0.5298901,0.47017545,-0.37327483,-0.4906826","0.030557752,-0.18493068,0.39851952","-0.22000055,0.59611696,0.5655643,0.47026527,-0.38152567,-0.5105058,0.47017545,-0.37327483,-0.4906826",0.0
"-0.22000055,0.59611696,0.5655643,0.47026527,-0.38152567,-0.5105058,0.47017545,-0.37327483,-0.4906826","0.0068365335,-0.050246716,0.061564803","-0.21934772,0.58920836,0.5721782,0.46820465,-0.37821907,-0.502985,0.47017545,-0.37327483,-0.4906826",0.0
"0.0,0.0,0.0,2.8652207e-07,0.005789075,0.993462,0.14175439,-0.5833333,-0.4906826","0.8482307,-0.90794355,-0.93436956","0.080999866,-0.12483757,-0.10037991,-0.38415435,-0.09393991,0.8898702,0.14175439,-0.5833333,-0.4906826",0.0
"0.080999866,-0.12483757,-0.10037991,-0.38415435,-0.09393991,0.8898702,0.14175439,-0.5833333,-0.4906826","0.89454806,-0.8011615,-0.92458785","0.16642271,-0.23499317,-0.19970898,-0.59301114,-0.3350885,0.6316159,0.14175439,-0.5833333,-0.4906826",0.0
"0.16642271,-0.23499317,-0.19970898,-0.59301114,-0.3350885,0.6316159,0.14175439,-0.5833333,-0.4906826","0.95099175,-0.8059103,-0.9328209","0.25723553,-0.3458017,-0.2999225,-0.5833577,-0.60212195,0.27268058,0.14175439,-0.5833333,-0.4906826",0.0
"0.25723553,-0.3458017,-0.2999225,-0.5833577,-0.60212195,0.27268058,0.14175439,-0.5833333,-0.4906826","0.9683604,-0.808589,-0.8975044","0.34970692,-0.4569786,-0.39634198,-0.38976893,-0.7505017,-0.10218414,0.14175439,-0.5833333,-0.4906826",0.0
"0.34970692,-0.4569786,-0.39634198,-0.38976893,-0.7505017,-0.10218414,0.14175439,-0.5833333,-0.4906826","0.9375142,-0.7912352,-0.6655476","0.43923274,-0.5657694,-0.4678421,-0.1478171,-0.7343635,-0.39676386,0.14175439,-0.5833333,-0.4906826",0.0
"0.43923274,-0.5657694,-0.4678421,-0.1478171,-0.7343635,-0.39676386,0.14175439,-0.5833333,-0.4906826","0.80567026,-0.38037896,-0.64962","0.5161684,-0.6180696,-0.5376311,0.02599313,-0.6252734,-0.5315703,0.14175439,-0.5833333,-0.4906826",0.0
"0.5161684,-0.6180696,-0.5376311,0.02599313,-0.6252734,-0.5315703,0.14175439,-0.5833333,-0.4906826","0.47242212,0.2616737,-0.4696548","0.56128126,-0.5820909,-0.58808637,0.10636894,-0.5759091,-0.4986688,0.14175439,-0.5833333,-0.4906826",0.0
"0.56128126,-0.5820909,-0.58808637,0.10636894,-0.5759091,-0.4986688,0.14175439,-0.5833333,-0.4906826","0.16716433,0.011054516,0.031153321","0.5772443,-0.580571,-0.5847395,0.13646662,-0.57535505,-0.49526733,0.14175439,-0.5833333,-0.4906826",0.0
"0.0,0.0,0.0,2.8652207e-07,0.005789075,0.993462,-0.0012865497,0.006081871,-0.7596475","0.8658496,0.9828422,0.955768","0.08268237,0.13513575,0.10267876,0.4027545,0.11302569,0.87772185,-0.0012865497,0.006081871,-0.7596475",0.0
"0.08268237,0.13513575,0.10267876,0.4027545,0.11302569,0.87772185,-0.0012865497,0.006081871,-0.7596475","0.9241519,0.9781635,0.94117355","0.17093216,0.26962823,0.20378962,0.6260992,0.37949148,0.56616974,-0.0012865497,0.006081871,-0.7596475",0.0
"0.17093216,0.26962823,0.20378962,0.6260992,0.37949148,0.56616974,-0.0012865497,0.006081871,-0.7596475","0.11526322,0.9624281,0.90212715","0.18193896,0.40195715,0.3007057,0.7324564,0.47799855,0.15399377,-0.0012865497,0.006081871,-0.7596475",0.0
"0.18193896,0.40195715,0.3007057,0.7324564,0.47799855,0.15399377,-0.0012865497,0.006081871,-0.7596475","-0.38120735,0.97119653,0.9111284","0.14553642,0.53549176,0.39858875,0.7454639,0.37321106,-0.26624635,-0.0012865497,0.006081871,-0.7596475",0.0
"0.14553642,0.53549176,0.39858875,0.7454639,0.37321106,-0.26624635,-0.0012865497,0.006081871,-0.7596475","-0.3487004,0.9638263,0.9408634","0.11223807,0.6680129,0.4996662,0.59239095,0.2241605,-0.5913694,-0.0012865497,0.006081871,-0.7596475",0.0
"0.11223807,0.6680129,0.4996662,0.59239095,0.2241605,-0.5913694,-0.0012865497,0.006081871,-0.7596475","-0.7453453,0.949424,0.94609976","0.041063007,0.7985539,0.60130626,0.3451148,0.05060762,-0.74950504,-0.0012865497,0.006081871,-0.7596475",0.0
"0.041063007,0.7985539,0.60130626,0.3451148,0.05060762,-0.74950504,-0.0012865497,0.006081871,-0.7596475","-0.50484324,0.92115176,0.7684488","-0.0071458626,0.92520756,0.68386114,0.091463335,0.0037374268,-0.75192386,-0.0012865497,0.006081871,-0.7596475",0.0
"-0.0071458626,0.92520756,0.68386114,0.091463335,0.0037374268,-0.75192386,-0.0012865497,0.006081871,-0.7596475","-0.64721286,0.62780964,0.047769308","-0.06894715,0.9999811,0.68900156,-0.004710349,0.006964572,-0.75353336,-0.0012865497,0.006081871,-0.7596475",0.0
"0.0,0.0,0.0,2.8652207e-07,0.005789075,0.993462,0.35725147,0.06549707,-0.6149007","0.39562547,0.9715562,0.93625474","0.03777937,0.13358398,0.100582436,0.40921026,0.054627746,0.8810795,0.35725147,0.06549707,-0.6149007",0.0
"0.03777937,0.13358398,0.100582436,0.40921026,0.054627746,0.8810795,0.35725147,0.06549707,-0.6149007","0.40210652,0.956542,0.93305135","0.07617763,0.2651036,0.20082071,0.7022962,0.17731601,0.5784336,0.35725147,0.06549707,-0.6149007",0.0
"0.07617763,0.2651036,0.20082071,0.7022962,0.17731601,0.5784336,0.35725147,0.06549707,-0.6149007","0.2093252,0.9478116,0.94840276","0.09616666,0.39542285,0.3027082,0.82952076,0.26459026,0.16480817,0.35725147,0.06549707,-0.6149007",0.0
"0.09616666,0.39542285,0.3027082,0.82952076,0.26459026,0.16480817,0.35725147,0.06549707,-0.6149007","-0.18874222,0.9200827,0.95804906","0.07814315,0.5219295,0.40563202,0.8046202,0.2075641,-0.24707958,0.35725147,0.06549707,-0.6149007",0.0
"0.07814315,0.5219295,0.40563202,0.8046202,0.2075641,-0.24707958,0.35725147,0.06549707,-0.6149007","-0.22810876,0.9280864,0.96035516","0.05636042,0.64953667,0.50880355,0.6267929,0.11803699,-0.56688404,0.35725147,0.06549707,-0.6149007",0.0
"0.05636042,0.64953667,0.50880355,0.6267929,0.11803699,-0.56688404,0.35725147,0.06549707,-0.6149007","0.04453218,0.5283382,0.90956044","0.06061292,0.72218055,0.60651815,0.42152703,0.087148376,-0.6751066,0.35725147,0.06549707,-0.6149007",0.0
"0.06061292,0.72218055,0.60651815,0.42152703,0.087148376,-0.6751066,0.35725147,0.06549707,-0.6149007","-0.06864643,-0.3778025,0.7068229","0.054057684,0.6702347,0.6824525,0.37251705,0.06975304,-0.6028881,0.35725147,0.06549707,-0.6149007",0.0
"0.054057684,0.6702347,0.6824525,0.37251705,0.06975304,-0.6028881,0.35725147,0.06549707,-0.6149007","0.02961719,0.031030536,0.025980353","0.056885913,0.6745013,0.68524355,0.36416727,0.07166629,-0.6057764,0.35725147,0.06549707,-0.6149007",0.0
"0.0,0.0,0.0,2.8652207e-07,0.005789075,0.993462,-0.17526317,-0.18181287,-0.69426954","0.43649018,-0.9523256,-0.93447113","0.04168164,-0.13093987,-0.100390814,-0.40467924,-0.047457077,0.8838861,-0.17526317,-0.18181287,-0.69426954",0.0
"0.04168164,-0.13093987,-0.100390814,-0.40467924,-0.047457077,0.8838861,-0.17526317,-0.18181287,-0.69426954","0.69385576,-0.9267989,-0.95369333","0.107939824,-0.25836998,-0.20284668,-0.67743033,-0.2328102,0.58739865,-0.17526317,-0.18181287,-0.69426954",0.0
"0.107939824,-0.25836998,-0.20284668,-0.67743033,-0.2328102,0.58739865,-0.17526317,-0.18181287,-0.69426954","0.6858748,-0.8773172,-0.9520802","0.1734359,-0.37899658,-0.30512926,-0.73906916,-0.44115356,0.19574767,-0.17526317,-0.18181287,-0.69426954",0.0
"0.1734359,-0.37899658,-0.30512926,-0.73906916,-0.44115356,0.19574767,-0.17526317,-0.18181287,-0.69426954","0.65123093,-0.8441663,-0.94911873","0.23562373,-0.49506515,-0.40709367,-0.6204332,-0.55893743,-0.19426157,-0.17526317,-0.18181287,-0.69426954",0.0
"0.23562373,-0.49506515,-0.40709367,-0.6204332,-0.55893743,-0.19426157,-0.17526317,-0.18181287,-0.69426954","0.31869817,-0.89984167,-0.96202385","0.26605707,-0.61878884,-0.51044446,-0.44761744,-0.4865869,-0.5189963,-0.17526317,-0.18181287,-0.69426954",0.0
"0.26605707,-0.61878884,-0.51044446,-0.44761744,-0.4865869,-0.5189963,-0.17526317,-0.18181287,-0.69426954","-0.043423533,-0.8618618,-0.9278352","0.26191044,-0.73729044,-0.6101223,-0.2822783,-0.2957234,-0.68973535,-0.17526317,-0.18181287,-0.69426954",0.0
"0.26191044,-0.73729044,-0.6101223,-0.2822783,-0.2957234,-0.68973535,-0.17526317,-0.18181287,-0.69426954","0.043165565,-0.29113293,-0.64348614","0.26603243,-0.7773197,-0.6792524,-0.18685785,-0.19806434,-0.6899966,-0.17526317,-0.18181287,-0.69426954",0.0
"0.26603243,-0.7773197,-0.6792524,-0.18685785,-0.19806434,-0.6899966,-0.17526317,-0.18181287,-0.69426954","-0.059350073,-0.046329737,-0.05854875","0.26036492,-0.7836899,-0.6855423,-0.18013178,-0.18379487,-0.6896905,-0.17526317,-0.18181287,-0.69426954",0.0
"0.0,0.0,0.0,2.8652207e-07,0.005789075,0.993462,0.03140351,-0.30918127,-0.48022214","0.7750101,-0.91492605,-0.9248829","0.07400783,-0.12579763,-0.09936075,-0.38678354,-0.08563536,0.8897781,0.03140351,-0.30918127,-0.48022214",0.0
"0.07400783,-0.12579763,-0.09936075,-0.38678354,-0.08563536,0.8897781,0.03140351,-0.30918127,-0.48022214","0.80998194,-0.808402,-0.9474584","0.15135524,-0.23694874,-0.20114681,-0.6115871,-0.30839527,0.6263844,0.03140351,-0.30918127,-0.48022214",0.0
"0.15135524,-0.23694874,-0.20114681,-0.6115871,-0.30839527,0.6263844,0.03140351,-0.30918127,-0.48022214","0.90437865,-0.83335775,-0.91894746","0.23771684,-0.35153118,-0.29986992,-0.6223191,-0.56816566,0.261016,0.03140351,-0.30918127,-0.48022214",0.0
"0.23771684,-0.35153118,-0.29986992,-0.6223191,-0.56816566,0.261016,0.03140351,-0.30918127,-0.48022214","0.9359524,-0.8709294,-0.9155509","0.3270935,-0.47127953,-0.3982281,-0.4413421,-0.71975577,-0.13417052,0.03140351,-0.30918127,-0.48022214",0.0
"0.3270935,-0.47127953,-0.3982281,-0.4413421,-0.71975577,-0.13417052,0.03140351,-0.30918127,-0.48022214","0.7982873,-0.800237,-0.9313031","0.40332416,-0.581308,-0.49827853,-0.21588989,-0.6694839,-0.44876656,0.03140351,-0.30918127,-0.48022214",0.0
"0.40332416,-0.581308,-0.49827853,-0.21588989,-0.6694839,-0.44876656,0.03140351,-0.30918127,-0.48022214","0.40737545,-0.42908347,-0.96944875","0.44222555,-0.64030486,-0.60242695,-0.09916242,-0.5082611,-0.58037597,0.03140351,-0.30918127,-0.48022214",0.0
"0.44222555,-0.64030486,-0.60242695,-0.09916242,-0.5082611,-0.58037597,0.03140351,-0.30918127,-0.48022214","0.26313674,0.11798346,-0.95380694","0.4673532,-0.6240828,-0.704895,-0.045655448,-0.3870479,-0.5523596,0.03140351,-0.30918127,-0.48022214",0.0
"0.4673532,-0.6240828,-0.704895,-0.045655448,-0.3870479,-0.5523596,0.03140351,-0.30918127,-0.48022214","0.2521379,0.3997481,-0.75887436","0.49143055,-0.5691195,-0.78642136,-0.01444533,-0.32140264,-0.47408274,0.03140351,-0.30918127,-0.48022214",0.0
"0.49143055,-0.5691195,-0.78642136,-0.01444533,-0.32140264,-0.47408274,0.03140351,-0.30918127,-0.48022214","0.27146268,-0.056452036,-0.067489445","0.51735324,-0.57688147,-0.7936718,0.010928742,-0.30649537,-0.47652635,0.03140351,-0.30918127,-0.48022214",0.0
"0.51735324,-0.57688147,-0.7936718,0.010928742,-0.30649537,-0.47652635,0.03140351,-0.30918127,-0.48022214","0.14256406,-0.062907696,0.05176437","0.53096706,-0.58553094,-0.7881107,0.024139963,-0.30694345,-0.48586363,0.03140351,-0.30918127,-0.48022214",0.0
"0.0,0.0,0.0,2.8652207e-07,0.005789075,0.993462,-0.3235088,-0.505731,-0.4906826","0.861228,-0.90580153,-0.96132964","0.08224101,-0.124543056,-0.103276245,-0.3865457,-0.09616665,0.8877675,-0.3235088,-0.505731,-0.4906826",0.0
"0.08224101,-0.124543056,-0.103276245,-0.3865457,-0.09616665,0.8877675,-0.3235088,-0.505731,-0.4906826","0.8613012,-0.90054214,-0.9476685","0.16448903,-0.24836299,-0.20508489,-0.6147053,-0.34265733,0.60158193,-0.3235088,-0.505731,-0.4906826",0.0
"0.16448903,-0.24836299,-0.20508489,-0.6147053,-0.34265733,0.60158193,-0.3235088,-0.505731,-0.4906826","0.8211367,-0.84834135,-0.95355","0.24290162,-0.36500558,-0.30752534,-0.6193522,-0.58431834,0.2212429,-0.3235088,-0.505731,-0.4906826",0.0
"0.24290162,-0.36500558,-0.30752534,-0.6193522,-0.58431834,0.2212429,-0.3235088,-0.505731,-0.4906826","0.6405543,-0.8351204,-0.91853297","0.3040699,-0.47983035,-0.40620393,-0.48833516,-0.6805092,-0.16205615,-0.3235088,-0.505731,-0.4906826",0.0
"0.3040699,-0.47983035,-0.40620393,-0.48833516,-0.6805092,-0.16205615,-0.3235088,-0.505731,-0.4906826","0.1548791,-0.7704818,-0.87740594","0.31885973,-0.5857677,-0.50046414,-0.3808699,-0.5846883,-0.45794472,-0.3235088,-0.505731,-0.4906826",0.0
"0.31885973,-0.5857677,-0.50046414,-0.3808699,-0.5846883,-0.45794472,-0.3235088,-0.505731,-0.4906826","0.0906924,-0.08038914,-0.43124354","0.3275202,-0.59682083,-0.54679286,-0.3299418,-0.5368871,-0.50327164,-0.3235088,-0.505731,-0.4906826",0.0
"0.3275202,-0.59682083,-0.54679286,-0.3299418,-0.5368871,-0.50327164,-0.3235088,-0.505731,-0.4906826","-0.048825085,0.1220305,-0.28196335","0.32285777,-0.5800423,-0.5770843,-0.3229192,-0.508124,-0.49150425,-0.3235088,-0.505731,-0.4906826",0.0
"0.0,0.0,0.0,2.8652207e-07,0.005789075,0.993462,0.34163743,-0.12339181,-0.6149007","-0.4836561,0.9738653,0.957324","-0.046185646,0.13390148,0.10284592,0.4125338,-0.054430325,0.87883466,0.34163743,-0.12339181,-0.6149007",0.0
"-0.046185646,0.13390148,0.10284592,0.4125338,-0.054430325,0.87883466,0.34163743,-0.12339181,-0.6149007","0.27542377,0.929381,0.9304377","-0.019884672,0.2616866,0.20280342,0.7197725,-0.039222095,0.5816463,0.34163743,-0.12339181,-0.6149007",0.0
"-0.019884672,0.2616866,0.20280342,0.7197725,-0.039222095,0.5816463,0.34163743,-0.12339181,-0.6149007","-0.16680622,0.93000245,0.9552605","-0.035813455,0.38955718,0.30542764,0.86205226,-0.09157582,0.17303246,0.34163743,-0.12339181,-0.6149007",0.0
"-0.035813455,0.38955718,0.30542764,0.86205226,-0.09157582,0.17303246,0.34163743,-0.12339181,-0.6149007","-0.24463415,0.8574221,0.9664005","-0.05917424,0.5074484,0.40924862,0.8177741,-0.14791022,-0.22207841,0.34163743,-0.12339181,-0.6149007",0.0
"-0.05917424,0.5074484,0.40924862,0.8177741,-0.14791022,-0.22207841,0.34163743,-0.12339181,-0.6149007","-0.2700361,0.8655658,0.9464365","-0.08496072,0.62645924,0.5109249,0.6327596,-0.16701767,-0.53156626,0.34163743,-0.12339181,-0.6149007",0.0
"-0.08496072,0.62645924,0.5109249,0.6327596,-0.16701767,-0.53156626,0.34163743,-0.12339181,-0.6149007","-0.0963763,0.5973096,0.9304049","-0.09416396,0.70858634,0.6108788,0.4215588,-0.12242503,-0.6598829,0.34163743,-0.12339181,-0.6149007",0.0
"-0.09416396,0.70858634,0.6108788,0.4215588,-0.12242503,-0.6598829,0.34163743,-0.12339181,-0.6149007","-0.2516632,-0.17496336,0.6563636","-0.11819597,0.6845298,0.6813923,0.34377915,-0.12765008,-0.6162834,0.34163743,-0.12339181,-0.6149007",0.0
"0.0,0.0,0.0,2.8652207e-07,0.005789075,0.993462,-0.38000003,0.5710526,-0.15444382","-0.6951908,-0.9320561,-0.92135394","-0.06638568,-0.12815292,-0.09898163,-0.39041293,0.08854204,0.8878017,-0.38000003,0.5710526,-0.15444382",0.0
"-0.06638568,-0.12815292,-0.09898163,-0.39041293,0.08854204,0.8878017,-0.38000003,0.5710526,-0.15444382","-0.77383685,-0.882363,-0.8720731","-0.14028148,-0.24947332,-0.19266897,-0.628316,0.30274376,0.6169423,-0.38000003,0.5710526,-0.15444382",0.0
"-0.14028148,-0.24947332,-0.19266897,-0.628316,0.30274376,0.6169423,-0.38000003,0.5710526,-0.15444382","-0.8754953,-0.8135276,-0.8275348","-0.22388494,-0.36132917,-0.28157157,-0.6448774,0.55447453,0.26933905,-0.38000003,0.5710526,-0.15444382",0.0
"-0.22388494,-0.36132917,-0.28157157,-0.6448774,0.55447453,0.26933905,-0.38000003,0.5710526,-0.15444382","-0.7554474,-0.8314812,-0.7953479","-0.29602468,-0.4756536,-0.36701626,-0.5132852,0.6979215,-0.10129069,-0.38000003,0.5710526,-0.15444382",0.0
"-0.29602468,-0.4756536,-0.36701626,-0.5132852,0.6979215,-0.10129069,-0.38000003,0.5710526,-0.15444382","-0.34005308,-0.24676198,-0.7307985","-0.3284973,-0.50958216,-0.44552642,-0.40378678,0.68675464,-0.26841012,-0.38000003,0.5710526,-0.15444382",0.0
"-0.3284973,-0.50958216,-0.44552642,-0.40378678,0.68675464,-0.26841012,-0.38000003,0.5710526,-0.15444382","0.107016444,0.6419616,-0.85814184","-0.318278,-0.42131582,-0.53771716,-0.3857743,0.6113921,-0.20292906,-0.38000003,0.5710526,-0.15444382",0.0
"-0.318278,-0.42131582,-0.53771716,-0.3857743,0.6113921,-0.20292906,-0.38000003,0.5710526,-0.15444382","0.057672262,0.3239069,-0.39028537","-0.31277072,-0.37678033,-0.57964575,-0.37494758,0.5726201,-0.16915359,-0.38000003,0.5710526,-0.15444382",0.0
"0.0,0.0,0.0,2.8652207e-07,0.005789075,0.993462,0.54479533,0.41672513,-0.15444382","0.7116684,0.9119247,0.85676575","0.06795917,0.12538496,0.09204288,0.37653458,0.087558,0.896057,0.54479533,0.41672513,-0.15444382",0.0
"0.06795917,0.12538496,0.09204288,0.37653458,0.087558,0.896057,0.54479533,0.41672513,-0.15444382","0.72497594,0.8827524,0.87240314","0.13718912,0.2467589,0.18576568,0.62345004,0.2930489,0.6309833,0.54479533,0.41672513,-0.15444382",0.0
"0.13718912,0.2467589,0.18576568,0.62345004,0.2930489,0.6309833,0.54479533,0.41672513,-0.15444382","0.21763611,0.852185,0.9188175","0.15797178,0.36392996,0.28447482,0.74676716,0.4109485,0.2594054,0.54479533,0.41672513,-0.15444382",0.0
"0.15797178,0.36392996,0.28447482,0.74676716,0.4109485,0.2594054,0.54479533,0.41672513,-0.15444382","0.15931988,0.6775782,0.8503902","0.17318568,0.45709354,0.37583277,0.7324008,0.44986117,-0.07440244,0.54479533,0.41672513,-0.15444382",0.0
"0.17318568,0.45709354,0.37583277,0.7324008,0.44986117,-0.07440244,0.54479533,0.41672513,-0.15444382","0.32401347,-0.017122746,0.76250803","0.20412661,0.4547393,0.45774946,0.63459206,0.4809744,-0.17581981,0.54479533,0.41672513,-0.15444382",0.0
"0.20412661,0.4547393,0.45774946,0.63459206,0.4809744,-0.17581981,0.54479533,0.41672513,-0.15444382","0.025335431,-0.41219342,0.74044573","0.20654595,0.39806488,0.537296,0.5751458,0.44348332,-0.16137919,0.54479533,0.41672513,-0.15444382",0.0
"0.20654595,0.39806488,0.537296,0.5751458,0.44348332,-0.16137919,0.54479533,0.41672513,-0.15444382","2.682209e-05,-0.08338004,0.21309757","0.20654851,0.3866006,0.56018925,0.5573785,0.43001485,-0.16582072,0.54479533,0.41672513,-0.15444382",0.0
"0.20654851,0.3866006,0.56018925,0.5573785,0.43001485,-0.16582072,0.54479533,0.41672513,-0.15444382","0.0066370964,-0.06263459,0.079539895","0.20718232,0.37798873,0.5687343,0.5500567,0.42620066,-0.16002499,0.54479533,0.41672513,-0.15444382",0.0
"0.0,0.0,0.0,2.8652207e-07,0.005789075,0.993462,-0.30555558,0.056842104,-0.48022214","-0.17982364,-0.8993664,-0.9488637","-0.017171858,-0.12365825,-0.101937026,-0.39407435,0.027077358,0.88972914,-0.30555558,0.056842104,-0.48022214",0.0
"-0.017171858,-0.12365825,-0.101937026,-0.39407435,0.027077358,0.88972914,-0.30555558,0.056842104,-0.48022214","0.11453521,-0.8845005,-0.95641387","-0.0062345783,-0.24527253,-0.2046852,-0.69888204,0.01948065,0.6074288,-0.30555558,0.056842104,-0.48022214",0.0
"-0.0062345783,-0.24527253,-0.2046852,-0.69888204,0.01948065,0.6074288,-0.30555558,0.056842104,-0.48022214","-0.11914307,-0.8694166,-0.9511963","-0.01761188,-0.36481285,-0.3068728,-0.8497894,0.05286453,0.22265801,-0.30555558,0.056842104,-0.48022214",0.0
"-0.01761188,-0.36481285,-0.3068728,-0.8497894,0.05286453,0.22265801,-0.30555558,0.056842104,-0.48022214","0.09696853,-0.8865675,-0.9473648","-0.00835209,-0.48671138,-0.40864882,-0.8344403,0.02769104,-0.17919524,-0.30555558,0.056842104,-0.48022214",0.0
"-0.00835209,-0.48671138,-0.40864882,-0.8344403,0.02769104,-0.17919524,-0.30555558,0.056842104,-0.48022214","-0.0774883,-0.77733785,-0.92728835","-0.015751662,-0.5935914,-0.50826794,-0.68149173,0.039547663,-0.47637764,-0.30555558,0.056842104,-0.48022214",0.0
"-0.015751662,-0.5935914,-0.50826794,-0.68149173,0.039547663,-0.47637764,-0.30555558,0.056842104,-0.48022214","-0.11763203,-0.3546101,-0.961413","-0.026984667,-0.64234847,-0.6115531,-0.50093603,0.04837908,-0.58359367,-0.30555558,0.056842104,-0.48022214",0.0
"-0.026984667,-0.64234847,-0.6115531,-0.50093603,0.04837908,-0.58359367,-0.30555558,0.056842104,-0.48022214","-0.22074407,0.0027261972,-0.9481992","-0.048064124,-0.6419737,-0.71341866,-0.3576687,0.060277745,-0.5658754,-0.30555558,0.056842104,-0.48022214",0.0
"-0.048064124,-0.6419737,-0.71341866,-0.3576687,0.060277745,-0.5658754,-0.30555558,0.056842104,-0.48022214","-0.022205114,0.5017506,-0.71074516","-0.05018455,-0.5729856,-0.7897744,-0.30970705,0.0550992,-0.47550997,-0.30555558,0.056842104,-0.48022214",0.0
"0.0,0.0,0.0,2.8652207e-07,0.005789075,0.993462,-0.0602924,-0.65771925,-0.32808766","0.9493122,-0.8921115,-0.95842713","0.09065242,-0.12266074,-0.10296442,-0.37996557,-0.105203345,0.8898444,-0.0602924,-0.65771925,-0.32808766",0.0
"0.09065242,-0.12266074,-0.10296442,-0.37996557,-0.105203345,0.8898444,-0.0602924,-0.65771925,-0.32808766","0.9681375,-0.72484493,-0.94682544","0.18310252,-0.2223232,-0.20468248,-0.5617777,-0.35734499,0.6456445,-0.0602924,-0.65771925,-0.32808766",0.0
"0.18310252,-0.2223232,-0.20468248,-0.5617777,-0.35734499,0.6456445,-0.0602924,-0.65771925,-0.32808766","0.9748894,-0.76908165,-0.9169215","0.27619737,-0.328068,-0.3031879,-0.5373677,-0.6250389,0.30354744,-0.0602924,-0.65771925,-0.32808766",0.0
"0.27619737,-0.328068,-0.3031879,-0.5373677,-0.6250389,0.30354744,-0.0602924,-0.65771925,-0.32808766","0.9550549,-0.7087742,-0.9070382","0.3673982,-0.42552084,-0.40063158,-0.34518054,-0.765806,-0.043349087,-0.0602924,-0.65771925,-0.32808766",0.0
"0.3673982,-0.42552084,-0.40063158,-0.34518054,-0.765806,-0.043349087,-0.0602924,-0.65771925,-0.32808766","0.86013687,-0.59866136,-0.7703783","0.449535,-0.5078338,-0.4833938,-0.12538597,-0.7475828,-0.30469888,-0.0602924,-0.65771925,-0.32808766",0.0
"0.449535,-0.5078338,-0.4833938,-0.12538597,-0.7475828,-0.30469888,-0.0602924,-0.65771925,-0.32808766","0.1973486,-0.002872765,-0.56568563","0.4683804,-0.50822884,-0.54416573,-0.07397077,-0.6838482,-0.3587684,-0.0602924,-0.65771925,-0.32808766",0.0
"0.4683804,-0.50822884,-0.54416573,-0.07397077,-0.6838482,-0.3587684,-0.0602924,-0.65771925,-0.32808766","0.004937172,0.22998309,-0.37419868","0.46885186,-0.4766074,-0.58436614,-0.06950896,-0.6488212,-0.33667207,-0.0602924,-0.65771925,-0.32808766",0.0
"0.0,0.0,0.0,2.8652207e-07,0.005789075,0.993462,-0.027309943,0.03122807,-0.30553225","-0.7780099,-0.9764918,-0.9537595","-0.07429431,-0.13426259,-0.10246298,-0.40369564,0.10192328,0.87879527,-0.027309943,0.03122807,-0.30553225",0.0
"-0.07429431,-0.13426259,-0.10246298,-0.40369564,0.10192328,0.87879527,-0.027309943,0.03122807,-0.30553225","-0.12845552,-0.93379015,-0.9495221","-0.086560875,-0.26265395,-0.20447072,-0.69497675,0.19980234,0.57757765,-0.027309943,0.03122807,-0.30553225",0.0
"-0.086560875,-0.26265395,-0.20447072,-0.69497675,0.19980234,0.57757765,-0.027309943,0.03122807,-0.30553225","0.5039203,-0.8328613,-0.97283447","-0.03844014,-0.37716812,-0.3089829,-0.85203266,0.10922936,0.19360489,-0.027309943,0.03122807,-0.30553225",0.0
"-0.03844014,-0.37716812,-0.3089829,-0.85203266,0.10922936,0.19360489,-0.027309943,0.03122807,-0.30553225","-0.21336055,-0.67361057,-0.9516534","-0.058814526,-0.46978617,-0.41121963,-0.8190438,0.15897179,-0.14800723,-0.027309943,0.03122807,-0.30553225",0.0
"-0.058814526,-0.46978617,-0.41121963,-0.8190438,0.15897179,-0.14800723,-0.027309943,0.03122807,-0.30553225","0.014095426,-0.63313603,-0.94212735","-0.05746852,-0.55683917,-0.5124329,-0.6885686,0.13156968,-0.41722077,-0.027309943,0.03122807,-0.30553225",0.0
"-0.05746852,-0.55683917,-0.5124329,-0.6885686,0.13156968,-0.41722077,-0.027309943,0.03122807,-0.30553225","-0.121213615,-0.33627677,-0.96505755","-0.06904354,-0.6030755,-0.6161096,-0.517029,0.11986809,-0.5345279,-0.027309943,0.03122807,-0.30553225",0.0
"-0.06904354,-0.6030755,-0.6161096,-0.517029,0.11986809,-0.5345279,-0.027309943,0.03122807,-0.30553225","-0.0025378466,-0.657936,-0.9581092","-0.069285884,-0.69353837,-0.71903986,-0.2995589,0.07218368,-0.60537684,-0.027309943,0.03122807,-0.30553225",0.0
"-0.069285884,-0.69353837,-0.71903986,-0.2995589,0.07218368,-0.60537684,-0.027309943,0.03122807,-0.30553225","-0.6274439,-0.38637394,-0.97154975","-0.12920222,-0.74666286,-0.8234139,-0.1256172,0.060287826,-0.54483,-0.027309943,0.03122807,-0.30553225",0.0
"-0.12920222,-0.74666286,-0.8234139,-0.1256172,0.060287826,-0.54483,-0.027309943,0.03122807,-0.30553225","-0.6574995,0.28389883,-0.9414371","-0.19198866,-0.7076283,-0.9245531,-0.060591128,0.048763525,-0.4125613,-0.027309943,0.03122807,-0.30553225",0.0
"-0.19198866,-0.7076283,-0.9245531,-0.060591128,0.048763525,-0.4125613,-0.027309943,0.03122807,-0.30553225","-0.34223223,0.16454852,-0.7955897","-0.22466935,-0.68500376,-1.0,-0.02459984,0.028573234,-0.30653659,-0.027309943,0.03122807,-0.30553225",0.0
"0.0,0.0,0.0,2.8652207e-07,0.005789075,0.993462,0.035730995,-0.36146197,-0.6149007","0.7701676,-0.9304723,-0.9415903","0.07354541,-0.12793516,-0.10115563,-0.3930635,-0.08652152,0.88621587,0.035730995,-0.36146197,-0.6149007",0.0
"0.07354541,-0.12793516,-0.10115563,-0.3930635,-0.08652152,0.88621587,0.035730995,-0.36146197,-0.6149007","0.8428483,-0.8925938,-0.93027604","0.1540313,-0.25066224,-0.20109579,-0.62630504,-0.32263583,0.6032145,0.035730995,-0.36146197,-0.6149007",0.0
"0.1540313,-0.25066224,-0.20109579,-0.62630504,-0.32263583,0.6032145,0.035730995,-0.36146197,-0.6149007","0.88756573,-0.8966962,-0.87868667","0.23878738,-0.37395337,-0.29549363,-0.63213617,-0.5811884,0.22130424,0.035730995,-0.36146197,-0.6149007",0.0
"0.23878738,-0.37395337,-0.29549363,-0.63213617,-0.5811884,0.22130424,0.035730995,-0.36146197,-0.6149007","0.92848194,-0.8500197,-0.91964597","0.3274507,-0.49082676,-0.3942918,-0.44143587,-0.7217477,-0.16935152,0.035730995,-0.36146197,-0.6149007",0.0
"0.3274507,-0.49082676,-0.3942918,-0.44143587,-0.7217477,-0.16935152,0.035730995,-0.36146197,-0.6149007","0.84132075,-0.8582209,-0.91991657","0.40779072,-0.60882777,-0.49311894,-0.20291172,-0.66049397,-0.49201128,0.035730995,-0.36146197,-0.6149007",0.0
"0.40779072,-0.60882777,-0.49311894,-0.20291172,-0.66049397,-0.49201128,0.035730995,-0.36146197,-0.6149007","0.54101515,-0.67269135,-0.9504831","0.45945373,-0.7013194,-0.59522986,-0.065239176,-0.46382856,-0.653807,0.035730995,-0.36146197,-0.6149007",0.0
"0.45945373,-0.7013194,-0.59522986,-0.065239176,-0.46382856,-0.653807,0.035730995,-0.36146197,-0.6149007","0.29673123,0.1883564,-0.7774758","0.48778942,-0.6754215,-0.67875457,-0.020320568,-0.37853697,-0.60898215,0.035730995,-0.36146197,-0.6149007",0.0
"0.48778942,-0.6754215,-0.67875457,-0.020320568,-0.37853697,-0.60898215,0.035730995,-0.36146197,-0.6149007","0.28835845,-0.039244294,-0.103011906","0.51532555,-0.68081737,-0.6898211,0.01149113,-0.35875124,-0.6095837,0.035730995,-0.36146197,-0.6149007",0.0
"0.51532555,-0.68081737,-0.6898211,0.01149113,-0.35875124,-0.6095837,0.035730995,-0.36146197,-0.6149007","0.13880038,-0.068436146,0.070694685","0.52858,-0.69022703,-0.68222636,0.026512612,-0.35904482,-0.6209948,0.035730995,-0.36146197,-0.6149007",0.0
"0.0,0.0,0.0,2.8652207e-07,0.005789075,0.993462,0.018654972,0.028830409,-0.6184311","0.79118896,0.9784303,0.95820045","0.075552806,0.13452914,0.10294008,0.40433562,0.1037716,0.878116,0.018654972,0.028830409,-0.6184311",0.0
"0.075552806,0.13452914,0.10294008,0.40433562,0.1037716,0.878116,0.018654972,0.028830409,-0.6184311","0.8587887,0.9536629,0.9592663","0.1575609,0.2656529,0.20599465,0.6378907,0.35092443,0.57009894,0.018654972,0.028830409,-0.6184311",0.0
"0.1575609,0.2656529,0.20599465,0.6378907,0.35092443,0.57009894,0.018654972,0.028830409,-0.6184311","0.20068717,0.94285655,0.9373903","0.17672507,0.39529082,0.30669907,0.73611134,0.4634092,0.15892224,0.018654972,0.028830409,-0.6184311",0.0
"0.17672507,0.39529082,0.30669907,0.73611134,0.4634092,0.15892224,0.018654972,0.028830409,-0.6184311","0.23131716,0.960047,0.9498365","0.19881418,0.5272924,0.40874055,0.6672186,0.4881135,-0.26159897,0.018654972,0.028830409,-0.6184311",0.0
"0.19881418,0.5272924,0.40874055,0.6672186,0.4881135,-0.26159897,0.018654972,0.028830409,-0.6184311","0.37983918,0.95330334,0.95449615","0.23508607,0.6583667,0.5112826,0.4594435,0.4261193,-0.5816096,0.018654972,0.028830409,-0.6184311",0.0
"0.23508607,0.6583667,0.5112826,0.4594435,0.4261193,-0.5816096,0.018654972,0.028830409,-0.6184311","0.09876382,0.9272727,0.9388485","0.2445173,0.78586197,0.61214364,0.24745451,0.24712446,-0.7339981,0.018654972,0.028830409,-0.6184311",0.0
"0.2445173,0.78586197,0.61214364,0.24745451,0.24712446,-0.7339981,0.018654972,0.028830409,-0.6184311","0.19912767,0.730651,0.9541271","0.26353255,0.88632274,0.71464604,0.06844569,0.083087154,-0.70842177,0.018654972,0.028830409,-0.6184311",0.0
"0.26353255,0.88632274,0.71464604,0.06844569,0.083087154,-0.70842177,0.018654972,0.028830409,-0.6184311","0.40062153,0.006719351,0.7306875","0.301789,0.88724667,0.7931442,0.017690077,0.03456515,-0.6129068,0.018654972,0.028830409,-0.6184311",0.0
"0.0,0.0,0.0,2.8652207e-07,0.005789075,0.993462,-0.07502925,0.090058476,-0.44393736","-0.55626476,-0.986364,-0.9585153","-0.053119253,-0.13561998,-0.1029739,-0.41276762,0.07539967,0.87697357,-0.07502925,0.090058476,-0.44393736",0.0
"-0.053119253,-0.13561998,-0.1029739,-0.41276762,0.07539967,0.87697357,-0.07502925,0.090058476,-0.44393736","-0.4708979,-0.9444166,-0.92849874","-0.09808659,-0.2654724,-0.20272309,-0.689966,0.22568284,0.57508075,-0.07502925,0.090058476,-0.44393736",0.0
"-0.09808659,-0.2654724,-0.20272309,-0.689966,0.22568284,0.57508075,-0.07502925,0.090058476,-0.44393736","-0.17226797,-0.92901313,-0.9541985","-0.114536926,-0.39320695,-0.3052332,-0.8112763,0.31139368,0.16560636,-0.07502925,0.090058476,-0.44393736",0.0
"-0.114536926,-0.39320695,-0.3052332,-0.8112763,0.31139368,0.16560636,-0.07502925,0.090058476,-0.44393736","-0.22876334,-0.9118074,-0.9614416","-0.13638216,-0.5185758,-0.40852147,-0.75181615,0.3497613,-0.24373561,-0.07502925,0.090058476,-0.44393736",0.0
"-0.13638216,-0.5185758,-0.40852147,-0.75181615,0.3497613,-0.24373561,-0.07502925,0.090058476,-0.44393736","-0.52173287,-0.6072302,-0.934351","-0.18620388,-0.6020669,-0.50889933,-0.5602004,0.3779682,-0.49081865,-0.07502925,0.090058476,-0.44393736",0.0
"-0.18620388,-0.6020669,-0.50889933,-0.5602004,0.3779682,-0.49081865,-0.07502925,0.090058476,-0.44393736","-0.4982394,-0.40175807,-0.88072926","-0.23378213,-0.6573066,-0.6035166,-0.36766073,0.33978474,-0.60156786,-0.07502925,0.090058476,-0.44393736",0.0
"-0.23378213,-0.6573066,-0.6035166,-0.36766073,0.33978474,-0.60156786,-0.07502925,0.090058476,-0.44393736","-0.25522232,-0.4061259,-0.93773216","-0.258154,-0.71314687,-0.70425767,-0.20804103,0.22738881,-0.628683,-0.07502925,0.090058476,-0.44393736",0.0
"-0.258154,-0.71314687,-0.70425767,-0.20804103,0.22738881,-0.628683,-0.07502925,0.090058476,-0.44393736","-0.027783632,-0.006049216,-0.95236903","-0.26080716,-0.71397865,-0.8065713,-0.121502444,0.1385271,-0.5494313,-0.07502925,0.090058476,-0.44393736",0.0
"-0.26080716,-0.71397865,-0.8065713,-0.121502444,0.1385271,-0.5494313,-0.07502925,0.090058476,-0.44393736","-0.00031077862,0.49512994,-0.7835368","-0.2608368,-0.6459009,-0.8907471,-0.09477548,0.10994042,-0.43617585,-0.07502925,0.090058476,-0.44393736",0.0
"-0.2608368,-0.6459009,-0.8907471,-0.09477548,0.10994042,-0.43617585,-0.07502925,0.090058476,-0.44393736","-0.005224049,-0.12878561,-0.06856042","-0.26133567,-0.6636083,-0.8981126,-0.08217403,0.096741505,-0.43392172,-0.07502925,0.090058476,-0.44393736",0.0
"0.0,0.0,0.0,2.8652207e-07,0.005789075,0.993462,-0.03912281,0.027777776,-0.4651852","-0.22290832,-0.97867334,-0.955604","-0.02128613,-0.13456255,-0.10266114,-0.41581923,0.033650476,0.8783209,-0.03912281,0.027777776,-0.4651852",0.0
"-0.02128613,-0.13456255,-0.10266114,-0.41581923,0.033650476,0.8783209,-0.03912281,0.027777776,-0.4651852","0.10732293,-0.93354803,-0.9277664","-0.011037573,-0.26292062,-0.20233165,-0.7215886,0.030824106,0.5801433,-0.03912281,0.027777776,-0.4651852",0.0
"-0.011037573,-0.26292062,-0.20233165,-0.7215886,0.030824106,0.5801433,-0.03912281,0.027777776,-0.4651852","0.30484486,-0.9155778,-0.94444716","0.018072896,-0.3888079,-0.3037942,-0.8656798,-0.043405414,0.17714545,-0.03912281,0.027777776,-0.4651852",0.0
"0.018072896,-0.3888079,-0.3037942,-0.8656798,-0.043405414,0.17714545,-0.03912281,0.027777776,-0.4651852","0.1658448,-0.939121,-0.9486952","0.03390987,-0.51793224,-0.4057131,-0.8277439,-0.08269324,-0.23906986,-0.03912281,0.027777776,-0.4651852",0.0
"0.03390987,-0.51793224,-0.4057131,-0.8277439,-0.08269324,-0.23906986,-0.03912281,0.027777776,-0.4651852","-0.37606072,-0.9226295,-0.9549516","-0.0020012031,-0.64478904,-0.5083041,-0.6425235,0.009829298,-0.5592323,-0.03912281,0.027777776,-0.4651852",0.0
"-0.0020012031,-0.64478904,-0.5083041,-0.6425235,0.009829298,-0.5592323,-0.03912281,0.027777776,-0.4651852","-0.641466,-0.6716615,-0.95607704","-0.063256554,-0.73713905,-0.61101604,-0.3985506,0.086167745,-0.6893459,-0.03912281,0.027777776,-0.4651852",0.0
"-0.063256554,-0.73713905,-0.61101604,-0.3985506,0.086167745,-0.6893459,-0.03912281,0.027777776,-0.4651852","-0.5013978,-0.65283316,-0.9583329","-0.11113641,-0.8269003,-0.7139703,-0.16304713,0.06552037,-0.68857265,-0.03912281,0.027777776,-0.4651852",0.0
"-0.11113641,-0.8269003,-0.7139703,-0.16304713,0.06552037,-0.68857265,-0.03912281,0.027777776,-0.4651852","-0.032304764,-0.034186304,-0.9423798","-0.11422127,-0.8316008,-0.81521064,-0.06634928,0.031069377,-0.57669455,-0.03912281,0.027777776,-0.4651852",0.0
"-0.11422127,-0.8316008,-0.81521064,-0.06634928,0.031069377,-0.57669455,-0.03912281,0.027777776,-0.4651852","-0.14871335,0.4240961,-0.665617","-0.12842232,-0.7732898,-0.88671815,-0.056844957,0.030560246,-0.47383615,-0.03912281,0.027777776,-0.4651852",0.0
"-0.12842232,-0.7732898,-0.88671815,-0.056844957,0.030560246,-0.47383615,-0.03912281,0.027777776,-0.4651852","-0.2069416,-0.07826477,-0.083967805","-0.14818373,-0.7840509,-0.89573884,-0.0426229,0.027891047,-0.46315676,-0.03912281,0.027777776,-0.4651852",0.0
"0.0,0.0,0.0,2.8652207e-07,0.005789075,0.993462,0.0138011705,0.045906432,-0.4651852","0.76981354,0.9705794,0.95058584","0.073511615,0.13344967,0.10212203,0.4020172,0.1004768,0.87990946,0.0138011705,0.045906432,-0.4651852",0.0
"0.073511615,0.13344967,0.10212203,0.4020172,0.1004768,0.87990946,0.0138011705,0.045906432,-0.4651852","0.89828,0.93704295,0.9580008","0.15929084,0.26228827,0.20504063,0.63151115,0.35194558,0.57741225,0.0138011705,0.045906432,-0.4651852",0.0
"0.15929084,0.26228827,0.20504063,0.63151115,0.35194558,0.57741225,0.0138011705,0.045906432,-0.4651852","0.71662426,0.882144,0.9527379","0.22772326,0.38357854,0.30739385,0.64767414,0.570491,0.18260285,0.0138011705,0.045906432,-0.4651852",0.0
"0.22772326,0.38357854,0.30739385,0.64767414,0.570491,0.18260285,0.0138011705,0.045906432,-0.4651852","0.55078673,0.90932786,0.95834684","0.28031936,0.5086065,0.41034967,0.5238358,0.6435997,-0.22575867,0.0138011705,0.045906432,-0.4651852",0.0
"0.28031936,0.5086065,0.41034967,0.5238358,0.6435997,-0.22575867,0.0138011705,0.045906432,-0.4651852","0.47276974,0.8809149,0.9650123","0.32546547,0.6297278,0.5140215,0.33265606,0.55574095,-0.5383696,0.0138011705,0.045906432,-0.4651852",0.0
"0.32546547,0.6297278,0.5140215,0.33265606,0.55574095,-0.5383696,0.0138011705,0.045906432,-0.4651852","0.58412075,0.83930004,0.95023155","0.38124475,0.74512726,0.61610544,0.13740592,0.3669402,-0.6956444,0.0138011705,0.045906432,-0.4651852",0.0
"0.38124475,0.74512726,0.61610544,0.13740592,0.3669402,-0.6956444,0.0138011705,0.045906432,-0.4651852","0.6248903,0.60834384,0.9583436","0.44091725,0.8287715,0.7190608,0.025305696,0.16614017,-0.6844505,0.0138011705,0.045906432,-0.4651852",0.0
"0.44091725,0.8287715,0.7190608,0.025305696,0.16614017,-0.6844505,0.0138011705,0.045906432,-0.4651852","-0.0484097,-0.31689298,0.9726958","0.43629447,0.78520036,0.82355803,0.0155033,0.10555039,-0.5562215,0.0138011705,0.045906432,-0.4651852",0.0
"0.43629447,0.78520036,0.82355803,0.0155033,0.10555039,-0.5562215,0.0138011705,0.045906432,-0.4651852","-0.28522468,-0.11701429,0.6752385","0.4090576,0.7691116,0.89609927,0.011464232,0.059571557,-0.46064514,0.0138011705,0.045906432,-0.4651852",0.0
"0.0,0.0,0.0,2.8652207e-07,0.005789075,0.993462,0.04380117,0.59871346,-0.4906826","0.84321404,0.94827914,0.8816438","0.08052082,0.1303835,0.09471555,0.38543072,0.10561394,0.88912034,0.04380117,0.59871346,-0.4906826",0.0
"0.08052082,0.1303835,0.09471555,0.38543072,0.10561394,0.88912034,0.04380117,0.59871346,-0.4906826","0.9179745,0.9279299,0.8457105","0.16818072,0.2579691,0.18557075,0.6058721,0.3603575,0.6121923,0.04380117,0.59871346,-0.4906826",0.0
"0.16818072,0.2579691,0.18557075,0.6058721,0.3603575,0.6121923,0.04380117,0.59871346,-0.4906826","0.8995209,0.89922166,0.9305694","0.25407845,0.3816075,0.2855424,0.59936905,0.62322503,0.2207166,0.04380117,0.59871346,-0.4906826",0.0
"0.25407845,0.3816075,0.2855424,0.59936905,0.62322503,0.2207166,0.04380117,0.59871346,-0.4906826","0.89792943,0.86350274,0.962145","0.3398242,0.5003347,0.3889062,0.40445274,0.74674445,-0.18209174,0.04380117,0.59871346,-0.4906826",0.0
"0.3398242,0.5003347,0.3889062,0.40445274,0.74674445,-0.18209174,0.04380117,0.59871346,-0.4906826","0.85459745,0.74937284,0.96616745","0.42143205,0.60336965,0.49270213,0.16428982,0.67573476,-0.48250365,0.04380117,0.59871346,-0.4906826",0.0
"0.42143205,0.60336965,0.49270213,0.16428982,0.67573476,-0.48250365,0.04380117,0.59871346,-0.4906826","0.47024477,-0.04242599,0.64075863","0.46633703,0.5975363,0.5615392,0.05861814,0.6070781,-0.51095986,0.04380117,0.59871346,-0.4906826",0.0
"0.46633703,0.5975363,0.5615392,0.05861814,0.6070781,-0.51095986,0.04380117,0.59871346,-0.4906826","0.08954215,-0.08019203,0.11583984","0.47488764,0.58651036,0.5739839,0.04162635,0.600024,-0.49974623,0.04380117,0.59871346,-0.4906826",0.0
"0.0,0.0,0.0,2.8652207e-07,0.005789075,0.993462,-0.7346784,-0.0057894737,-0.42556617","-0.4927776,-0.9729869,-0.9111644","-0.047056686,-0.1337807,-0.097886965,-0.4046877,0.06611884,0.88314825,-0.7346784,-0.0057894737,-0.42556617",0.0
"-0.047056686,-0.1337807,-0.097886965,-0.4046877,0.06611884,0.88314825,-0.7346784,-0.0057894737,-0.42556617","-0.24102807,-0.9517044,-0.9172014","-0.07007312,-0.26463518,-0.19642249,-0.7023998,0.16310683,0.58547604,-0.7346784,-0.0057894737,-0.42556617",0.0
"-0.07007312,-0.26463518,-0.19642249,-0.7023998,0.16310683,0.58547604,-0.7346784,-0.0057894737,-0.42556617","0.3727373,-0.9443643,-0.9188211","-0.034479417,-0.3944804,-0.295132,-0.86573714,0.09996877,0.1785436,-0.7346784,-0.0057894737,-0.42556617",0.0
"-0.034479417,-0.3944804,-0.295132,-0.86573714,0.09996877,0.1785436,-0.7346784,-0.0057894737,-0.42556617","0.4879601,-0.8803526,-0.929687","0.0121172285,-0.51552445,-0.39500883,-0.84131706,-0.026248276,-0.22110718,-0.7346784,-0.0057894737,-0.42556617",0.0
"0.0121172285,-0.51552445,-0.39500883,-0.84131706,-0.026248276,-0.22110718,-0.7346784,-0.0057894737,-0.42556617","-0.069796324,-0.5418365,-0.6558893","0.005452185,-0.5900242,-0.46547136,-0.7376406,-0.0068456787,-0.4387336,-0.7346784,-0.0057894737,-0.42556617",0.0
"0.0,0.0,0.0,2.8652207e-07,0.005789075,0.993462,0.125731,0.026842104,-0.7433683","0.3087523,0.974663,0.9526367","0.029483609,0.13401115,0.10234236,0.41337615,0.044213135,0.8791533,0.125731,0.026842104,-0.7433683",0.0
"0.029483609,0.13401115,0.10234236,0.41337615,0.044213135,0.8791533,0.125731,0.026842104,-0.7433683","0.7739823,0.9738625,0.9272715","0.1033933,0.26791227,0.2019597,0.6888132,0.2380647,0.5718376,0.125731,0.026842104,-0.7433683",0.0
"0.1033933,0.26791227,0.2019597,0.6888132,0.2380647,0.5718376,0.125731,0.026842104,-0.7433683","-0.20672584,0.9552742,0.89533806","0.08365249,0.39925757,0.29814643,0.8421476,0.23255375,0.1637058,0.125731,0.026842104,-0.7433683",0.0
"0.08365249,0.39925757,0.29814643,0.8421476,0.23255375,0.1637058,0.125731,0.026842104,-0.7433683","0.066533804,0.9479438,0.9346719","0.09000599,0.529595,0.39855877,0.8005256,0.2386196,-0.25420752,0.125731,0.026842104,-0.7433683",0.0
"0.09000599,0.529595,0.39855877,0.8005256,0.2386196,-0.25420752,0.125731,0.026842104,-0.7433683","2.3007393e-05,0.93956757,0.94991755","0.090008184,0.65878075,0.500609,0.6134513,0.18427044,-0.57745695,0.125731,0.026842104,-0.7433683",0.0
"0.090008184,0.65878075,0.500609,0.6134513,0.18427044,-0.57745695,0.125731,0.026842104,-0.7433683","-0.53119534,0.9496416,0.93114567","0.039282884,0.78935164,0.6006425,0.3574673,0.05017473,-0.7418151,0.125731,0.026842104,-0.7433683",0.0
"0.039282884,0.78935164,0.6006425,0.3574673,0.05017473,-0.7418151,0.125731,0.026842104,-0.7433683","0.34045494,0.7649386,0.802428","0.071793854,0.8945268,0.68684775,0.12147543,0.033812672,-0.74058396,0.125731,0.026842104,-0.7433683",0.0
"0.0,0.0,0.0,2.8652207e-07,0.005789075,0.993462,0.023333333,0.025146198,-0.6184311","0.774547,0.9784508,0.95819664","0.07396362,0.13453194,0.102939665,0.4048537,0.10175285,0.87811327,0.023333333,0.025146198,-0.6184311",0.0
"0.07396362,0.13453194,0.102939665,0.4048537,0.10175285,0.87811327,0.023333333,0.025146198,-0.6184311","0.8446045,0.95431185,0.95748067","0.15461722,0.26574492,0.20580241,0.64112204,0.34501746,0.57020986,0.023333333,0.025146198,-0.6184311",0.0
"0.15461722,0.26574492,0.20580241,0.64112204,0.34501746,0.57020986,0.023333333,0.025146198,-0.6184311","0.04888034,0.9489347,0.93499565","0.15928493,0.3962186,0.30624956,0.76090443,0.42268696,0.15764724,0.023333333,0.025146198,-0.6184311",0.0
"0.15928493,0.3962186,0.30624956,0.76090443,0.42268696,0.15764724,0.023333333,0.025146198,-0.6184311","0.12519538,0.9620259,0.94910955","0.17124018,0.5284922,0.40821296,0.70707464,0.42863253,-0.26340032,0.023333333,0.025146198,-0.6184311",0.0
"0.17124018,0.5284922,0.40821296,0.70707464,0.42863253,-0.26340032,0.023333333,0.025146198,-0.6184311","0.20356989,0.9585018,0.95557153","0.19067964,0.66028136,0.5108706,0.51325583,0.3574237,-0.58435833,0.023333333,0.025146198,-0.6184311",0.0
"0.19067964,0.66028136,0.5108706,0.51325583,0.3574237,-0.58435833,0.023333333,0.025146198,-0.6184311","-0.04237193,0.93508756,0.9298885","0.18663342,0.78885114,0.61076903,0.2865996,0.1973242,-0.7371422,0.023333333,0.025146198,-0.6184311",0.0
"0.18663342,0.78885114,0.61076903,0.2865996,0.1973242,-0.7371422,0.023333333,0.025146198,-0.6184311","0.14181828,0.7603483,0.9512613","0.20017605,0.8933951,0.7129635,0.07824442,0.06407332,-0.7120915,0.023333333,0.025146198,-0.6184311",0.0
"0.20017605,0.8933951,0.7129635,0.07824442,0.06407332,-0.7120915,0.023333333,0.025146198,-0.6184311","0.29775155,-0.0020602942,0.74678385","0.22860916,0.8931119,0.7931909,0.020807337,0.025872009,-0.61335325,0.023333333,0.025146198,-0.6184311",0.0
"0.0,0.0,0.0,2.8652207e-07,0.005789075,0.993462,-0.0022807019,-0.0057894737,-0.7596475","0.85983086,0.98420024,0.94537365","0.08210762,0.13532247,0.10156209,0.4020482,0.11205845,0.8784871,-0.0022807019,-0.0057894737,-0.7596475",0.0
"0.08210762,0.13532247,0.10156209,0.4020482,0.11205845,0.8784871,-0.0022807019,-0.0057894737,-0.7596475","0.97869277,0.98094594,0.9285778","0.17556567,0.2701975,0.20131977,0.6199696,0.38823345,0.56867963,-0.0022807019,-0.0057894737,-0.7596475",0.0
"0.17556567,0.2701975,0.20131977,0.6199696,0.38823345,0.56867963,-0.0022807019,-0.0057894737,-0.7596475","0.93312407,0.966743,0.8830589","0.26467225,0.4031197,0.29618734,0.586026,0.6512979,0.15849417,-0.0022807019,-0.0057894737,-0.7596475",0.0
"0.26467225,0.4031197,0.29618734,0.586026,0.6512979,0.15849417,-0.0022807019,-0.0057894737,-0.7596475","0.9103184,0.9464576,0.8560972","0.35160103,0.53325284,0.38815835,0.37401348,0.75614595,-0.24914795,-0.0022807019,-0.0057894737,-0.7596475",0.0
"0.35160103,0.53325284,0.38815835,0.37401348,0.75614595,-0.24914795,-0.0022807019,-0.0057894737,-0.7596475","0.9155686,0.97271585,0.9334086","0.4390312,0.6669963,0.48843497,0.11791102,0.6384738,-0.5845058,-0.0022807019,-0.0057894737,-0.7596475",0.0
"0.4390312,0.6669963,0.48843497,0.11791102,0.6384738,-0.5845058,-0.0022807019,-0.0057894737,-0.7596475","0.9132395,0.9734062,0.9568387","0.5262389,0.8008347,0.59122866,-0.035372134,0.3578018,-0.755646,-0.0022807019,-0.0057894737,-0.7596475",0.0
"0.5262389,0.8008347,0.59122866,-0.035372134,0.3578018,-0.755646,-0.0022807019,-0.0057894737,-0.7596475","0.8470874,0.9654062,0.64227414","0.60712963,0.9335731,0.66022855,-0.040017724,0.096846394,-0.7794121,-0.0022807019,-0.0057894737,-0.7596475",0.0
"0.60712963,0.9335731,0.66022855,-0.040017724,0.096846394,-0.7794121,-0.0022807019,-0.0057894737,-0.7596475","0.87493634,0.8112037,0.18868637","0.69068253,0.9999811,0.6805082,-0.0052198293,-0.002622613,-0.7643362,-0.0022807019,-0.0057894737,-0.7596475",0.0
"0.0,0.0,0.0,2.8652207e-07,0.005789075,0.993462,0.3660819,0.5497076,-0.32808766","0.8721545,0.919703,0.9346304","0.08328443,0.12645444,0.100407936,0.38357714,0.10870944,0.88828117,0.3660819,0.5497076,-0.32808766",0.0
"0.08328443,0.12645444,0.100407936,0.38357714,0.10870944,0.88828117,0.3660819,0.5497076,-0.32808766","0.83812857,0.86300015,0.9106966","0.16331963,0.24511255,0.19824466,0.6024952,0.34610015,0.6166491,0.3660819,0.5497076,-0.32808766",0.0
"0.16331963,0.24511255,0.19824466,0.6024952,0.34610015,0.6166491,0.3660819,0.5497076,-0.32808766","0.77666557,0.860111,0.9132011","0.23748556,0.3633734,0.29635042,0.6212945,0.5821517,0.24203639,0.3660819,0.5497076,-0.32808766",0.0
"0.23748556,0.3633734,0.29635042,0.6212945,0.5821517,0.24203639,0.3660819,0.5497076,-0.32808766","0.5796459,0.8226652,0.94099617","0.29283753,0.4764857,0.39744222,0.5071183,0.6755056,-0.1438648,0.3660819,0.5497076,-0.32808766",0.0
"0.29283753,0.4764857,0.39744222,0.5071183,0.6755056,-0.1438648,0.3660819,0.5497076,-0.32808766","0.32739437,0.36579537,0.8694799","0.32410133,0.5267807,0.490851,0.3845759,0.6346448,-0.3464382,0.3660819,0.5497076,-0.32808766",0.0
"0.32410133,0.5267807,0.490851,0.3845759,0.6346448,-0.3464382,0.3660819,0.5497076,-0.32808766","-0.15963519,-0.19066095,0.53924596","0.30885732,0.5005659,0.5487825,0.38269603,0.56904256,-0.34948123,0.3660819,0.5497076,-0.32808766",0.0
"0.30885732,0.5005659,0.5487825,0.38269603,0.56904256,-0.34948123,0.3660819,0.5497076,-0.32808766","0.049655914,-0.13201344,0.19993758","0.31359908,0.48241472,0.57026196,0.36408296,0.5594603,-0.33579308,0.3660819,0.5497076,-0.32808766",0.0
"0.0,0.0,0.0,2.8652207e-07,0.005789075,0.993462,0.34538013,0.112456135,-0.6149007","0.33077455,0.9733907,0.91081274","0.031586573,0.13383622,0.09784918,0.40748587,0.0463866,0.8831244,0.34538013,0.112456135,-0.6149007",0.0
"0.031586573,0.13383622,0.09784918,0.40748587,0.0463866,0.8831244,0.34538013,0.112456135,-0.6149007","0.5680542,0.9536519,0.9446242","0.08583163,0.26495847,0.19933073,0.69556284,0.19824582,0.5808002,0.34538013,0.112456135,-0.6149007",0.0
"0.08583163,0.26495847,0.19933073,0.69556284,0.19824582,0.5808002,0.34538013,0.112456135,-0.6149007","0.31284845,0.9494883,0.9510809","0.115706384,0.39550826,0.30150595,0.8119828,0.31507823,0.16648622,0.34538013,0.112456135,-0.6149007",0.0
"0.115706384,0.39550826,0.30150595,0.8119828,0.31507823,0.16648622,0.34538013,0.112456135,-0.6149007","-0.027027905,0.9220948,0.9574243","0.11312541,0.5222916,0.40436265,0.7779848,0.29492736,-0.24629782,0.34538013,0.112456135,-0.6149007",0.0
"0.11312541,0.5222916,0.40436265,0.7779848,0.29492736,-0.24629782,0.34538013,0.112456135,-0.6149007","-0.2463826,0.9260843,0.9630244","0.08959767,0.64962345,0.5078209,0.6122605,0.18306616,-0.5665589,0.34538013,0.112456135,-0.6149007",0.0
"0.08959767,0.64962345,0.5078209,0.6122605,0.18306616,-0.5665589,0.34538013,0.112456135,-0.6149007","0.098795176,0.5747826,0.9128083","0.099031895,0.72865313,0.60588443,0.40206054,0.13536866,-0.6819852,0.34538013,0.112456135,-0.6149007",0.0
"0.099031895,0.72865313,0.60588443,0.40206054,0.13536866,-0.6819852,0.34538013,0.112456135,-0.6149007","-0.06757486,-0.41209072,0.7045671","0.092578985,0.67199284,0.68157643,0.36091614,0.114077955,-0.60482025,0.34538013,0.112456135,-0.6149007",0.0
"0.092578985,0.67199284,0.68157643,0.36091614,0.114077955,-0.60482025,0.34538013,0.112456135,-0.6149007","0.058538437,0.03995788,0.023199677","0.09816898,0.6774869,0.68406874,0.35063922,0.11778019,-0.60891974,0.34538013,0.112456135,-0.6149007",0.0
"0.0,0.0,0.0,2.8652207e-07,0.005789075,0.993462,0.26000002,0.60713446,-0.32808766","0.87432635,0.907686,0.9440098","0.08349183,0.12480215,0.10141557,0.3815255,0.108427435,0.88905376,0.26000002,0.60713446,-0.32808766",0.0
"0.08349183,0.12480215,0.10141557,0.3815255,0.108427435,0.88905376,0.26000002,0.60713446,-0.32808766","0.9012644,0.85344195,0.90764904","0.16955604,0.24214606,0.1989249,0.5923063,0.35589585,0.62072337,0.26000002,0.60713446,-0.32808766",0.0
"0.16955604,0.24214606,0.1989249,0.5923063,0.35589585,0.62072337,0.26000002,0.60713446,-0.32808766","0.89387655,0.85948074,0.9310361","0.25491476,0.36032024,0.29894668,0.5868794,0.61360675,0.24432094,0.26000002,0.60713446,-0.32808766",0.0
"0.25491476,0.36032024,0.29894668,0.5868794,0.61360675,0.24432094,0.26000002,0.60713446,-0.32808766","0.70071006,0.6877899,0.9691222","0.32182747,0.45488787,0.40306008,0.44152233,0.71554404,-0.10687732,0.26000002,0.60713446,-0.32808766",0.0
"0.32182747,0.45488787,0.40306008,0.44152233,0.71554404,-0.10687732,0.26000002,0.60713446,-0.32808766","0.508955,0.45682812,0.9199513","0.37042898,0.5176995,0.501891,0.2850675,0.6758231,-0.34005165,0.26000002,0.60713446,-0.32808766",0.0
"0.37042898,0.5176995,0.501891,0.2850675,0.6758231,-0.34005165,0.26000002,0.60713446,-0.32808766","-0.006244719,-0.1677323,0.52782106","0.36983266,0.4946372,0.5585951,0.2636597,0.62296814,-0.34710455,0.26000002,0.60713446,-0.32808766",0.0
"0.36983266,0.4946372,0.5585951,0.2636597,0.62296814,-0.34710455,0.26000002,0.60713446,-0.32808766","-0.025123954,-0.095857084,0.14597285","0.3674335,0.4814574,0.5742771,0.2628857,0.60861546,-0.33720058,0.26000002,0.60713446,-0.32808766",0.0
"0.0,0.0,0.0,2.8652207e-07,0.005789075,0.993462,0.083567254,-0.08222222,-0.44393736","-0.76499915,0.9534681,0.9619632","-0.07305186,0.13109696,0.10334431,0.40172514,-0.08790409,0.8812399,0.083567254,-0.08222222,-0.44393736",0.0
"-0.07305186,0.13109696,0.10334431,0.40172514,-0.08790409,0.8812399,0.083567254,-0.08222222,-0.44393736","-0.5963024,0.96241534,0.93934715","-0.1299944,0.26342416,0.20425893,0.66678333,-0.2822217,0.57651895,0.083567254,-0.08222222,-0.44393736",0.0
"-0.1299944,0.26342416,0.20425893,0.66678333,-0.2822217,0.57651895,0.083567254,-0.08222222,-0.44393736","-0.056028426,0.8911629,0.93850565","-0.13534471,0.3859545,0.3050832,0.79024726,-0.35148653,0.18117455,0.083567254,-0.08222222,-0.44393736",0.0
"-0.13534471,0.3859545,0.3050832,0.79024726,-0.35148653,0.18117455,0.083567254,-0.08222222,-0.44393736","-0.52942365,0.92589855,0.9479854","-0.18590085,0.51326084,0.40692583,0.69715106,-0.45383325,-0.23105265,0.083567254,-0.08222222,-0.44393736",0.0
"-0.18590085,0.51326084,0.40692583,0.69715106,-0.45383325,-0.23105265,0.083567254,-0.08222222,-0.44393736","-0.7430471,0.882409,0.950443","-0.25685647,0.6345876,0.5090325,0.45395833,-0.4655806,-0.54351044,0.083567254,-0.08222222,-0.44393736",0.0
"-0.25685647,0.6345876,0.5090325,0.45395833,-0.4655806,-0.54351044,0.083567254,-0.08222222,-0.44393736","-0.6199509,0.82555854,0.9650047","-0.31605726,0.74809766,0.6127035,0.2195622,-0.32608578,-0.69955915,0.083567254,-0.08222222,-0.44393736",0.0
"-0.31605726,0.74809766,0.6127035,0.2195622,-0.32608578,-0.69955915,0.083567254,-0.08222222,-0.44393736","0.035327554,0.09080875,0.9800985","-0.31268376,0.76058346,0.71799594,0.13942422,-0.1984948,-0.6511914,0.083567254,-0.08222222,-0.44393736",0.0
"-0.31268376,0.76058346,0.71799594,0.13942422,-0.1984948,-0.6511914,0.083567254,-0.08222222,-0.44393736","0.14860892,-0.2737804,0.9519124","-0.29849267,0.7229401,0.8202604,0.10054501,-0.1272335,-0.53949195,0.083567254,-0.08222222,-0.44393736",0.0
"-0.29849267,0.7229401,0.8202604,0.10054501,-0.1272335,-0.53949195,0.083567254,-0.08222222,-0.44393736","0.11694205,-0.2790088,0.67419076","-0.28732556,0.6845779,0.8926891,0.078096814,-0.08960899,-0.4464491,0.083567254,-0.08222222,-0.44393736",0.0
"0.0,0.0,0.0,2.8652207e-07,0.005789075,0.993462,0.14292398,0.20818713,-0.69426954","0.48224962,0.9733498,0.9462869","0.046051342,0.13383059,0.1016602,0.4093785,0.065493636,0.87991685,0.14292398,0.20818713,-0.69426954",0.0
"0.046051342,0.13383059,0.1016602,0.4093785,0.065493636,0.87991685,0.14292398,0.20818713,-0.69426954","0.91749156,0.9501661,0.95622504","0.13366513,0.26447356,0.20438805,0.66012883,0.30107373,0.57447994,0.14292398,0.20818713,-0.69426954",0.0
"0.13366513,0.26447356,0.20438805,0.66012883,0.30107373,0.57447994,0.14292398,0.20818713,-0.69426954","0.73486686,0.9345012,0.9191015","0.20383957,0.39296266,0.30312768,0.69354784,0.52400887,0.16937985,0.14292398,0.20818713,-0.69426954",0.0
"0.20383957,0.39296266,0.30312768,0.69354784,0.52400887,0.16937985,0.14292398,0.20818713,-0.69426954","0.34485626,0.921396,0.9134717","0.23677084,0.5196499,0.40126252,0.6108197,0.56991607,-0.23719586,0.14292398,0.20818713,-0.69426954",0.0
"0.23677084,0.5196499,0.40126252,0.6108197,0.56991607,-0.23719586,0.14292398,0.20818713,-0.69426954","0.035782695,0.9336654,0.92787516","0.24018782,0.6480242,0.5009447,0.46925732,0.4491315,-0.56069505,0.14292398,0.20818713,-0.69426954",0.0
"0.24018782,0.6480242,0.5009447,0.46925732,0.4491315,-0.56069505,0.14292398,0.20818713,-0.69426954","0.31571543,0.8300724,0.9405546","0.27033636,0.76215494,0.601989,0.2542731,0.29779768,-0.71636856,0.14292398,0.20818713,-0.69426954",0.0
"0.27033636,0.76215494,0.601989,0.2542731,0.29779768,-0.71636856,0.14292398,0.20818713,-0.69426954","0.40183735,0.23095345,0.7169318","0.3087089,0.7939099,0.6790094,0.13875318,0.21263841,-0.70081437,0.14292398,0.20818713,-0.69426954",0.0
"0.0,0.0,0.0,2.8652207e-07,0.005789075,0.993462,0.35783628,0.11672514,-0.391635","0.2146945,0.96367884,0.8119962","0.02050177,0.13250089,0.08723326,0.39361954,0.031188557,0.8930819,0.35783628,0.11672514,-0.391635",0.0
"0.02050177,0.13250089,0.08723326,0.39361954,0.031188557,0.8930819,0.35783628,0.11672514,-0.391635","0.52770233,0.9013424,0.9435619","0.07089352,0.25643086,0.1886007,0.6860211,0.16130304,0.6106576,0.35783628,0.11672514,-0.391635",0.0
"0.07089352,0.25643086,0.1886007,0.6860211,0.16130304,0.6106576,0.35783628,0.11672514,-0.391635","0.14044046,0.87694514,0.9586297","0.08430456,0.3770063,0.29158688,0.82953894,0.23098831,0.22098482,0.35783628,0.11672514,-0.391635",0.0
"0.08430456,0.3770063,0.29158688,0.82953894,0.23098831,0.22098482,0.35783628,0.11672514,-0.391635","0.07599938,0.80383563,0.96216524","0.09156195,0.4875296,0.3949529,0.8094184,0.24550892,-0.16340095,0.35783628,0.11672514,-0.391635",0.0
"0.09156195,0.4875296,0.3949529,0.8094184,0.24550892,-0.16340095,0.35783628,0.11672514,-0.391635","-0.032935917,0.35204792,0.965359","0.08841681,0.53593445,0.49866197,0.6992415,0.20540291,-0.36974984,0.35783628,0.11672514,-0.391635",0.0
"0.08841681,0.53593445,0.49866197,0.6992415,0.20540291,-0.36974984,0.35783628,0.11672514,-0.391635","0.042103052,-0.18896902,0.96487737","0.09243734,0.50995225,0.6023193,0.5858781,0.18113184,-0.3993058,0.35783628,0.11672514,-0.391635",0.0
"0.09243734,0.50995225,0.6023193,0.5858781,0.18113184,-0.3993058,0.35783628,0.11672514,-0.391635","0.09300673,-0.09967029,0.93850565","0.10131881,0.49624813,0.70314354,0.45791546,0.15698203,-0.41537306,0.35783628,0.11672514,-0.391635",0.0
"0.10131881,0.49624813,0.70314354,0.45791546,0.15698203,-0.41537306,0.35783628,0.11672514,-0.391635","0.0246346,-0.14858341,0.7145449","0.10367123,0.47581875,0.7799076,0.36621943,0.12979032,-0.3948738,0.35783628,0.11672514,-0.391635",0.0
"0.0,0.0,0.0,2.8652207e-07,0.005789075,0.993462,0.05789474,0.037894737,-0.61392003","0.68037534,0.9796994,0.95443964","0.06497091,0.13470364,0.10253605,0.4074318,0.09024811,0.87828416,0.05789474,0.037894737,-0.61392003",0.0
"0.06497091,0.13470364,0.10253605,0.4074318,0.09024811,0.87828416,0.05789474,0.037894737,-0.61392003","0.78873634,0.9543493,0.9519713","0.14028952,0.26592174,0.20480692,0.6557026,0.31568062,0.57131654,0.05789474,0.037894737,-0.61392003",0.0
"0.14028952,0.26592174,0.20480692,0.6557026,0.31568062,0.57131654,0.05789474,0.037894737,-0.61392003","-0.13937855,0.94475245,0.92549264","0.12697987,0.39582038,0.30423316,0.7999916,0.3434954,0.16160677,0.05789474,0.037894737,-0.61392003",0.0
"0.12697987,0.39582038,0.30423316,0.7999916,0.3434954,0.16160677,0.05789474,0.037894737,-0.61392003","0.43033516,0.95104575,0.9467883","0.16807376,0.52658427,0.40594718,0.7135567,0.42289186,-0.2568803,0.05789474,0.037894737,-0.61392003",0.0
"0.16807376,0.52658427,0.40594718,0.7135567,0.42289186,-0.2568803,0.05789474,0.037894737,-0.61392003","-0.4777192,0.96836257,0.95002675","0.12245504,0.6597292,0.50800914,0.5815596,0.24170667,-0.5822835,0.05789474,0.037894737,-0.61392003",0.0
"0.12245504,0.6597292,0.50800914,0.5815596,0.24170667,-0.5822835,0.05789474,0.037894737,-0.61392003","0.18717241,0.92089665,0.9436426","0.14032865,0.7863478,0.6093852,0.31658775,0.15577637,-0.735601,0.05789474,0.037894737,-0.61392003",0.0
"0.14032865,0.7863478,0.6093852,0.31658775,0.15577637,-0.735601,0.05789474,0.037894737,-0.61392003","0.12892067,0.68262935,0.96210814","0.15263963,0.88020587,0.71274495,0.10063086,0.058855306,-0.7088351,0.05789474,0.037894737,-0.61392003",0.0
"0.15263963,0.88020587,0.71274495,0.10063086,0.058855306,-0.7088351,0.05789474,0.037894737,-0.61392003","0.047527194,-0.214795,0.7171259","0.15717813,0.8506727,0.7897862,0.06451862,0.041303217,-0.61209506,0.05789474,0.037894737,-0.61392003",0.0
"0.0,0.0,0.0,2.8652207e-07,0.005789075,0.993462,0.56964916,0.1894152,-0.4906826","0.13697994,0.97627854,0.8830632","0.013080595,0.13423328,0.094868034,0.40674824,0.022518303,0.8852064,0.56964916,0.1894152,-0.4906826",0.0
"0.013080595,0.13423328,0.094868034,0.40674824,0.022518303,0.8852064,0.56964916,0.1894152,-0.4906826","0.6904658,0.96940565,0.929435","0.07901507,0.2675216,0.19471782,0.7003841,0.1834924,0.58279157,0.56964916,0.1894152,-0.4906826",0.0
"0.07901507,0.2675216,0.19471782,0.7003841,0.1834924,0.58279157,0.56964916,0.1894152,-0.4906826","0.46319246,0.9708495,0.9621967","0.12324659,0.40100843,0.2980872,0.807684,0.33560568,0.16006452,0.56964916,0.1894152,-0.4906826",0.0
"0.12324659,0.40100843,0.2980872,0.807684,0.33560568,0.16006452,0.56964916,0.1894152,-0.4906826","-0.23725504,0.9586904,0.9720721","0.10059045,0.53282344,0.4025175,0.7878885,0.26370883,-0.2654671,0.56964916,0.1894152,-0.4906826",0.0
"0.10059045,0.53282344,0.4025175,0.7878885,0.26370883,-0.2654671,0.56964916,0.1894152,-0.4906826","0.031681776,0.61730504,0.9198463","0.103615835,0.61769974,0.5013371,0.63654965,0.2209625,-0.5119517,0.56964916,0.1894152,-0.4906826",0.0
"0.103615835,0.61769974,0.5013371,0.63654965,0.2209625,-0.5119517,0.56964916,0.1894152,-0.4906826","-0.051411927,-0.26130885,0.6571497","0.09870637,0.5817712,0.57193506,0.57694167,0.19095062,-0.4919134,0.56964916,0.1894152,-0.4906826",0.0
"0.0,0.0,0.0,2.8652207e-07,0.005789075,0.993462,0.20461988,0.4808772,-0.383332","0.82824206,0.92304325,0.9307039","0.07909111,0.12691371,0.099986106,0.38536537,0.10374566,0.88818204,0.20461988,0.4808772,-0.383332",0.0
"0.07909111,0.12691371,0.099986106,0.38536537,0.10374566,0.88818204,0.20461988,0.4808772,-0.383332","0.8985617,0.9048414,0.9172783","0.16489723,0.25132477,0.19852987,0.60861105,0.35354948,0.6056559,0.20461988,0.4808772,-0.383332",0.0
"0.16489723,0.25132477,0.19852987,0.60861105,0.35354948,0.6056559,0.20461988,0.4808772,-0.383332","0.894078,0.84171224,0.9520843","0.2502752,0.3670559,0.30081287,0.5989361,0.6081692,0.22742538,0.20461988,0.4808772,-0.383332",0.0
"0.2502752,0.3670559,0.30081287,0.5989361,0.6081692,0.22742538,0.20461988,0.4808772,-0.383332","0.63591933,0.7411885,0.9756783","0.31100088,0.46896553,0.4056306,0.46444508,0.6984053,-0.13910238,0.20461988,0.4808772,-0.383332",0.0
"0.31100088,0.46896553,0.4056306,0.46444508,0.6984053,-0.13910238,0.20461988,0.4808772,-0.383332","0.25130272,0.5708387,0.97862864","0.33499843,0.547453,0.51076525,0.3459352,0.6181706,-0.3998201,0.20461988,0.4808772,-0.383332",0.0
"0.33499843,0.547453,0.51076525,0.3459352,0.6181706,-0.3998201,0.20461988,0.4808772,-0.383332","0.39372706,-0.31815255,0.93271434","0.37259653,0.5037087,0.61096734,0.23049523,0.5596552,-0.3945507,0.20461988,0.4808772,-0.383332",0.0
"0.37259653,0.5037087,0.61096734,0.23049523,0.5596552,-0.3945507,0.20461988,0.4808772,-0.383332","-0.07040447,-0.1287176,0.5066457","0.3658734,0.4860108,0.6653966,0.21631017,0.49675843,-0.39322883,0.20461988,0.4808772,-0.383332",0.0
"0.3658734,0.4860108,0.6653966,0.21631017,0.49675843,-0.39322883,0.20461988,0.4808772,-0.383332","0.02329433,-0.05528462,0.11637139","0.36809784,0.47840953,0.6778984,0.20759256,0.48634255,-0.38744605,0.20461988,0.4808772,-0.383332",0.0
"0.0,0.0,0.0,2.8652207e-07,0.005789075,0.993462,-0.3763158,-0.0057894737,-0.391635","-0.067249,-0.90069747,-0.9553229","-0.006421797,-0.12384128,-0.102630936,-0.39594644,0.013779545,0.8889813,-0.3763158,-0.0057894737,-0.391635",0.0
"-0.006421797,-0.12384128,-0.102630936,-0.39594644,0.013779545,0.8889813,-0.3763158,-0.0057894737,-0.391635","0.43592298,-0.8718866,-0.9607367","0.03520568,-0.2437212,-0.2058435,-0.6940319,-0.071251124,0.608455,-0.3763158,-0.0057894737,-0.391635",0.0
"0.03520568,-0.2437212,-0.2058435,-0.6940319,-0.071251124,0.608455,-0.3763158,-0.0057894737,-0.391635","0.29433274,-0.8367629,-0.9693715","0.06331232,-0.35877183,-0.30998367,-0.831449,-0.16168676,0.23033199,-0.3763158,-0.0057894737,-0.391635",0.0
"0.06331232,-0.35877183,-0.30998367,-0.831449,-0.16168676,0.23033199,-0.3763158,-0.0057894737,-0.391635","0.15326476,-0.79040945,-0.9574939","0.077948,-0.46744907,-0.41284782,-0.8096994,-0.19637372,-0.14534841,-0.3763158,-0.0057894737,-0.391635",0.0
"0.077948,-0.46744907,-0.41284782,-0.8096994,-0.19637372,-0.14534841,-0.3763158,-0.0057894737,-0.391635","-0.12358701,-0.63879716,-0.964188","0.06614634,-0.55528045,-0.5164311,-0.6831911,-0.13813329,-0.41751006,-0.3763158,-0.0057894737,-0.391635",0.0
"0.06614634,-0.55528045,-0.5164311,-0.6831911,-0.13813329,-0.41751006,-0.3763158,-0.0057894737,-0.391635","-0.34794623,-0.07437056,-0.96384037","0.03291999,-0.5655061,-0.619977,-0.5517641,-0.051447917,-0.48563972,-0.3763158,-0.0057894737,-0.391635",0.0
"0.03291999,-0.5655061,-0.619977,-0.5517641,-0.051447917,-0.48563972,-0.3763158,-0.0057894737,-0.391635","-0.116785765,0.29512024,-0.9021536","0.021767795,-0.5249287,-0.71689594,-0.44660863,-0.024786172,-0.44892251,-0.3763158,-0.0057894737,-0.391635",0.0
"0.021767795,-0.5249287,-0.71689594,-0.44660863,-0.024786172,-0.44892251,-0.3763158,-0.0057894737,-0.391635","-0.09150493,0.29788828,-0.5749645","0.013029736,-0.48397064,-0.77866477,-0.38567024,-0.010001437,-0.4027299,-0.3763158,-0.0057894737,-0.391635",0.0
"0.0,0.0,0.0,2.8652207e-07,0.005789075,0.993462,0.2183041,0.32356724,-0.74957925","0.7524549,0.96607316,0.93919086","0.07185399,0.1328301,0.10089787,0.39995897,0.09779055,0.88157123,0.2183041,0.32356724,-0.74957925",0.0
"0.07185399,0.1328301,0.10089787,0.39995897,0.09779055,0.88157123,0.2183041,0.32356724,-0.74957925","0.88782287,0.96014357,0.95549464","0.15663463,0.26484492,0.20354725,0.63672096,0.34789354,0.57501894,0.2183041,0.32356724,-0.74957925",0.0
"0.15663463,0.26484492,0.20354725,0.63672096,0.34789354,0.57501894,0.2183041,0.32356724,-0.74957925","0.757138,0.95141006,0.9251851","0.22893581,0.39565894,0.30294046,0.65127563,0.57801527,0.1639476,0.2183041,0.32356724,-0.74957925",0.0
"0.22893581,0.39565894,0.30294046,0.65127563,0.57801527,0.1639476,0.2183041,0.32356724,-0.74957925","0.13044786,0.9554535,0.91583514","0.24139264,0.5270289,0.40132916,0.601112,0.57742786,-0.25229576,0.2183041,0.32356724,-0.74957925",0.0
"0.24139264,0.5270289,0.40132916,0.601112,0.57742786,-0.25229576,0.2183041,0.32356724,-0.74957925","0.24419677,0.94313383,0.9338765","0.26471168,0.656705,0.50165606,0.42752782,0.47758844,-0.57470655,0.2183041,0.32356724,-0.74957925",0.0
"0.26471168,0.656705,0.50165606,0.42752782,0.47758844,-0.57470655,0.2183041,0.32356724,-0.74957925","0.29755437,0.7839271,0.7862139","0.29312596,0.764491,0.5861194,0.24384211,0.33038482,-0.72315663,0.2183041,0.32356724,-0.74957925",0.0
"0.29312596,0.764491,0.5861194,0.24384211,0.33038482,-0.72315663,0.2183041,0.32356724,-0.74957925","0.113524675,0.15941668,-0.121204555","0.30396673,0.78641003,0.5730983,0.22753717,0.33155292,-0.7483038,0.2183041,0.32356724,-0.74957925",0.0
"0.0,0.0,0.0,2.8652207e-07,0.005789075,0.993462,0.18596493,0.7108187,-0.42556617","0.862908,0.91529965,0.9558146","0.082401454,0.125849,0.10268377,0.3853332,0.10803056,0.88698757,0.18596493,0.7108187,-0.42556617",0.0
"0.082401454,0.125849,0.10268377,0.3853332,0.10803056,0.88698757,0.18596493,0.7108187,-0.42556617","0.9464936,0.9059596,0.9090588","0.17278473,0.25041378,0.20034455,0.5995392,0.36844498,0.6046899,0.18596493,0.7108187,-0.42556617",0.0
"0.17278473,0.25041378,0.20034455,0.5995392,0.36844498,0.6046899,0.18596493,0.7108187,-0.42556617","0.95774245,0.8936864,0.95373774","0.2642422,0.37329108,0.3028052,0.5743029,0.63672185,0.21131375,0.18596493,0.7108187,-0.42556617",0.0
"0.2642422,0.37329108,0.3028052,0.5743029,0.63672185,0.21131375,0.18596493,0.7108187,-0.42556617","0.91133547,0.8258542,0.9828142","0.3512681,0.48684186,0.4083895,0.3709794,0.7481733,-0.17913474,0.18596493,0.7108187,-0.42556617",0.0
"0.3512681,0.48684186,0.4083895,0.3709794,0.7481733,-0.17913474,0.18596493,0.7108187,-0.42556617","0.7864646,0.6776775,0.7663245","0.42636976,0.58001906,0.4907162,0.15794507,0.6958519,-0.4409449,0.18596493,0.7108187,-0.42556617",0.0
"0.42636976,0.58001906,0.4907162,0.15794507,0.6958519,-0.4409449,0.18596493,0.7108187,-0.42556617","-0.08822954,-0.07003778,-0.125826","0.4179445,0.5703893,0.4771986,0.18192646,0.7127442,-0.41316536,0.18596493,0.7108187,-0.42556617",0.0
"0.0,0.0,0.0,2.8652207e-07,0.005789075,0.993462,-0.03403509,-0.03380117,-0.4651852","0.91390467,-0.9587992,-0.9459865","0.08727126,-0.13182996,-0.10162792,-0.3968367,-0.10559827,0.8819579,-0.03403509,-0.03380117,-0.4651852",0.0
"0.08727126,-0.13182996,-0.10162792,-0.3968367,-0.10559827,0.8819579,-0.03403509,-0.03380117,-0.4651852","0.6094706,-0.8788303,-0.9339112","0.14547127,-0.25266463,-0.20195861,-0.63775396,-0.30715367,0.5985576,-0.03403509,-0.03380117,-0.4651852",0.0
"0.14547127,-0.25266463,-0.20195861,-0.63775396,-0.30715367,0.5985576,-0.03403509,-0.03380117,-0.4651852","0.5290985,-0.79568267,-0.92674863","0.19599633,-0.36206692,-0.3015198,-0.697306,-0.48625237,0.23669076,-0.03403509,-0.03380117,-0.4651852",0.0
"0.19599633,-0.36206692,-0.3015198,-0.697306,-0.48625237,0.23669076,-0.03403509,-0.03380117,-0.4651852","0.34172082,-0.7773086,-0.932912","0.22862819,-0.4689429,-0.4017431,-0.6375636,-0.5495356,-0.13397877,-0.03403509,-0.03380117,-0.4651852",0.0
"0.22862819,-0.4689429,-0.4017431,-0.6375636,-0.5495356,-0.13397877,-0.03403509,-0.03380117,-0.4651852","0.4061147,-0.86949766,-0.93018544","0.2674092,-0.5884945,-0.50167346,-0.46777484,-0.5132876,-0.46341538,-0.03403509,-0.03380117,-0.4651852",0.0
"0.2674092,-0.5884945,-0.50167346,-0.46777484,-0.5132876,-0.46341538,-0.03403509,-0.03380117,-0.4651852","0.323434,-0.8377281,-0.9408481","0.2982948,-0.70367783,-0.60274935,-0.2743179,-0.36356747,-0.6557151,-0.03403509,-0.03380117,-0.4651852",0.0
"0.2982948,-0.70367783,-0.60274935,-0.2743179,-0.36356747,-0.6557151,-0.03403509,-0.03380117,-0.4651852","0.22668207,-0.8218776,-0.9437497","0.31994128,-0.8166818,-0.7041369,-0.111081555,-0.16416425,-0.6929765,-0.03403509,-0.03380117,-0.4651852",0.0
"0.31994128,-0.8166818,-0.7041369,-0.111081555,-0.16416425,-0.6929765,-0.03403509,-0.03380117,-0.4651852","-0.10997194,0.06655967,-0.90792334","0.30943978,-0.8075302,-0.80167556,-0.06482437,-0.08475289,-0.588031,-0.03403509,-0.03380117,-0.4651852",0.0
"0.30943978,-0.8075302,-0.80167556,-0.06482437,-0.08475289,-0.588031,-0.03403509,-0.03380117,-0.4651852","-0.26572388,0.4681368,-0.7113584","0.28406507,-0.7431639,-0.8780971,-0.062308826,-0.068082206,-0.47924665,-0.03403509,-0.03380117,-0.4651852",0.0
"0.28406507,-0.7431639,-0.8780971,-0.062308826,-0.068082206,-0.47924665,-0.03403509,-0.03380117,-0.4651852","-0.16035992,-0.026956737,-0.1580857","0.26875186,-0.7468704,-0.89508027,-0.05478912,-0.052941404,-0.45829532,-0.03403509,-0.03380117,-0.4651852",0.0
"0.26875186,-0.7468704,-0.89508027,-0.05478912,-0.052941404,-0.45829532,-0.03403509,-0.03380117,-0.4651852","-0.05829352,-0.14667869,-0.00060129166","0.26318523,-0.767038,-0.8951448,-0.046556465,-0.042033862,-0.46161547,-0.03403509,-0.03380117,-0.4651852",0.0
"0.0,0.0,0.0,2.8652207e-07,0.005789075,0.993462,-0.40497077,0.30783623,-0.6336642","-0.8088417,-0.961875,-0.95575947","-0.077238515,-0.13225287,-0.102677844,-0.39918107,0.1047732,0.88064414,-0.40497077,0.30783623,-0.6336642",0.0
"-0.077238515,-0.13225287,-0.102677844,-0.39918107,0.1047732,0.88064414,-0.40497077,0.30783623,-0.6336642","-0.48858798,-0.96097255,-0.9051558","-0.12389512,-0.26438165,-0.1999193,-0.66653883,0.27964047,0.5809848,-0.40497077,0.30783623,-0.6336642",0.0
"-0.12389512,-0.26438165,-0.1999193,-0.66653883,0.27964047,0.5809848,-0.40497077,0.30783623,-0.6336642","-0.263896,-0.9197375,-0.9302864","-0.14909527,-0.39084083,-0.29986054,-0.7724268,0.39729849,0.1789369,-0.40497077,0.30783623,-0.6336642",0.0
"-0.14909527,-0.39084083,-0.29986054,-0.7724268,0.39729849,0.1789369,-0.40497077,0.30783623,-0.6336642","0.08888376,-0.9000811,-0.92577314","-0.14060752,-0.5145974,-0.39931694,-0.7552664,0.36356887,-0.22451171,-0.40497077,0.30783623,-0.6336642",0.0
"-0.14060752,-0.5145974,-0.39931694,-0.7552664,0.36356887,-0.22451171,-0.40497077,0.30783623,-0.6336642","-0.18436885,-0.88987976,-0.8279975","-0.1582134,-0.6369514,-0.48826918,-0.59091485,0.3271397,-0.5358577,-0.40497077,0.30783623,-0.6336642",0.0
"-0.1582134,-0.6369514,-0.48826918,-0.59091485,0.3271397,-0.5358577,-0.40497077,0.30783623,-0.6336642","-0.569118,-0.63521373,-0.6769077","-0.21256006,-0.7242901,-0.56098974,-0.38232407,0.3088913,-0.6822023,-0.40497077,0.30783623,-0.6336642",0.0
"-0.21256006,-0.7242901,-0.56098974,-0.38232407,0.3088913,-0.6822023,-0.40497077,0.30783623,-0.6336642","0.10049522,0.41678,-0.23842418","-0.20296349,-0.66698503,-0.58660376,-0.4103233,0.31120026,-0.6126282,-0.40497077,0.30783623,-0.6336642",0.0
"-0.20296349,-0.66698503,-0.58660376,-0.4103233,0.31120026,-0.6126282,-0.40497077,0.30783623,-0.6336642","-0.00945884,-0.092335045,0.04790163","-0.20386675,-0.6796807,-0.5814576,-0.40521282,0.30921397,-0.6281613,-0.40497077,0.30783623,-0.6336642",0.0
"0.0,0.0,0.0,2.8652207e-07,0.005789075,0.993462,0.029707603,-0.02368421,-0.30644754","-0.506826,0.9528501,0.96199584","-0.0483982,0.131012,0.103347816,0.40716255,-0.056532986,0.88132215,0.029707603,-0.02368421,-0.30644754",0.0
"-0.0483982,0.131012,0.103347816,0.40716255,-0.056532986,0.88132215,0.029707603,-0.02368421,-0.30644754","0.28953958,0.9404175,0.9474232","-0.020749269,0.26031455,0.20513007,0.7191516,-0.041143354,0.5807595,0.029707603,-0.02368421,-0.30644754",0.0
"-0.020749269,0.26031455,0.20513007,0.7191516,-0.041143354,0.5807595,0.029707603,-0.02368421,-0.30644754","-0.17852217,0.8240969,0.9364884","-0.03779684,0.37362367,0.30573758,0.85191923,-0.09580648,0.20606102,0.029707603,-0.02368421,-0.30644754",0.0
"-0.03779684,0.37362367,0.30573758,0.85191923,-0.09580648,0.20606102,0.029707603,-0.02368421,-0.30644754","-0.21508694,0.90470743,0.9643359","-0.058336083,0.49801636,0.40933678,0.819798,-0.14605989,-0.20304705,0.029707603,-0.02368421,-0.30644754",0.0
"-0.058336083,0.49801636,0.40933678,0.819798,-0.14605989,-0.20304705,0.029707603,-0.02368421,-0.30644754","-0.21493673,0.9478941,0.9518914","-0.07886098,0.628347,0.511599,0.6335016,-0.15426987,-0.5349299,0.029707603,-0.02368421,-0.30644754",0.0
"-0.07886098,0.628347,0.511599,0.6335016,-0.15426987,-0.5349299,0.029707603,-0.02368421,-0.30644754","-0.47176766,0.8828902,0.9586636","-0.12391137,0.7497399,0.6145888,0.36175105,-0.14213733,-0.7005226,0.029707603,-0.02368421,-0.30644754",0.0
"-0.12391137,0.7497399,0.6145888,0.36175105,-0.14213733,-0.7005226,0.029707603,-0.02368421,-0.30644754","-0.32751966,0.4980607,0.9686587","-0.15518712,0.81822073,0.7186523,0.16176663,-0.07921992,-0.6803647,0.029707603,-0.02368421,-0.30644754",0.0
"-0.15518712,0.81822073,0.7186523,0.16176663,-0.07921992,-0.6803647,0.029707603,-0.02368421,-0.30644754","-0.40013957,-0.42423928,0.9797814","-0.19339755,0.7598901,0.8239108,0.108121544,-0.068127275,-0.5485786,0.029707603,-0.02368421,-0.30644754",0.0
"-0.19339755,0.7598901,0.8239108,0.108121544,-0.068127275,-0.5485786,0.029707603,-0.02368421,-0.30644754","-0.17378998,-0.20745009,0.9667797","-0.20999324,0.7313668,0.92777246,0.0521756,-0.033142973,-0.41232073,0.029707603,-0.02368421,-0.30644754",0.0
"-0.20999324,0.7313668,0.92777246,0.0521756,-0.033142973,-0.41232073,0.029707603,-0.02368421,-0.30644754","-0.1561175,-0.4064347,0.77080953","-0.22490132,0.67548424,1.0,0.034755018,-0.02205333,-0.30563107,0.029707603,-0.02368421,-0.30644754",0.0
"0.0,0.0,0.0,2.8652207e-07,0.005789075,0.993462,0.03432749,0.00011695906,-0.6184311","0.63889766,0.97762775,0.96367276","0.061010096,0.13441879,0.10352798,0.4091159,0.08528647,0.8777242,0.03432749,0.00011695906,-0.6184311",0.0
"0.061010096,0.13441879,0.10352798,0.4091159,0.08528647,0.8777242,0.03432749,0.00011695906,-0.6184311","0.2866255,0.9602841,0.9538827","0.088380754,0.2664529,0.20600417,0.69959146,0.20541672,0.5686635,0.03432749,0.00011695906,-0.6184311",0.0
"0.088380754,0.2664529,0.20600417,0.69959146,0.20541672,0.5686635,0.03432749,0.00011695906,-0.6184311","-0.407597,0.9508673,0.93802214","0.049458195,0.3971923,0.30677646,0.85942984,0.14048147,0.15476623,0.03432749,0.00011695906,-0.6184311",0.0
"0.049458195,0.3971923,0.30677646,0.85942984,0.14048147,0.15476623,0.03432749,0.00011695906,-0.6184311","0.09821129,0.94094443,0.9578825","0.058836658,0.52656734,0.40968236,0.81088084,0.1575044,-0.26124126,0.03432749,0.00011695906,-0.6184311",0.0
"0.058836658,0.52656734,0.40968236,0.81088084,0.1575044,-0.26124126,0.03432749,0.00011695906,-0.6184311","-0.14850134,0.95973074,0.9620664","0.044655856,0.6585254,0.5130377,0.6171603,0.09300126,-0.58259505,0.03432749,0.00011695906,-0.6184311",0.0
"0.044655856,0.6585254,0.5130377,0.6171603,0.09300126,-0.58259505,0.03432749,0.00011695906,-0.6184311","-0.4598993,0.94227064,0.9509704","0.0007388104,0.78808284,0.61520094,0.34289497,0.0065853824,-0.73451316,0.03432749,0.00011695906,-0.6184311",0.0
"0.0007388104,0.78808284,0.61520094,0.34289497,0.0065853824,-0.73451316,0.03432749,0.00011695906,-0.6184311","-0.07373321,0.8298273,0.95988715","-0.006302179,0.9021799,0.71832216,0.08578402,0.004092168,-0.70800006,0.03432749,0.00011695906,-0.6184311",0.0
"-0.006302179,0.9021799,0.71832216,0.08578402,0.004092168,-0.70800006,0.03432749,0.00011695906,-0.6184311","-0.4335624,-0.13916636,0.736266","-0.047704246,0.88304526,0.7974196,0.039680682,-0.0001365112,-0.60685533,0.03432749,0.00011695906,-0.6184311",0.0
"0.0,0.0,0.0,2.8652207e-07,0.005789075,0.993462,0.008888889,-0.036959063,-0.30644754","0.8446449,-0.95638037,-0.93720466","0.08065745,-0.13149738,-0.10068449,-0.3972425,-0.09688977,0.88308465,0.008888889,-0.036959063,-0.30644754",0.0
"0.08065745,-0.13149738,-0.10068449,-0.3972425,-0.09688977,0.88308465,0.008888889,-0.036959063,-0.30644754","0.8837702,-0.59046555,-0.9328328","0.1650511,-0.21268336,-0.2008993,-0.5661634,-0.31638992,0.666193,0.008888889,-0.036959063,-0.30644754",0.0
"0.1650511,-0.21268336,-0.2008993,-0.5661634,-0.31638992,0.666193,0.008888889,-0.036959063,-0.30644754","0.87866116,-0.588397,-0.92300713","0.24895686,-0.29358497,-0.30005854,-0.5667939,-0.5549325,0.3764869,0.008888889,-0.036959063,-0.30644754",0.0
"0.24895686,-0.29358497,-0.30005854,-0.5667939,-0.5549325,0.3764869,0.008888889,-0.036959063,-0.30644754","0.9452785,-0.85963607,-0.9485412","0.33922407,-0.41178054,-0.4019609,-0.40998378,-0.7295104,-0.017103398,0.008888889,-0.036959063,-0.30644754",0.0
"0.33922407,-0.41178054,-0.4019609,-0.40998378,-0.7295104,-0.017103398,0.008888889,-0.036959063,-0.30644754","0.86028767,-0.94834375,-0.9288024","0.4213753,-0.54217297,-0.5017427,-0.1821401,-0.6986611,-0.38337776,0.008888889,-0.036959063,-0.30644754",0.0
"0.4213753,-0.54217297,-0.5017427,-0.1821401,-0.6986611,-0.38337776,0.008888889,-0.036959063,-0.30644754","0.58738995,-0.87819314,-0.9308514","0.4774668,-0.66292,-0.6017446,-0.040978625,-0.4960768,-0.60835177,0.008888889,-0.036959063,-0.30644754",0.0
"0.4774668,-0.66292,-0.6017446,-0.040978625,-0.4960768,-0.60835177,0.008888889,-0.036959063,-0.30644754","-0.19382668,-0.6845043,-0.98189706","0.45895773,-0.75703585,-0.7072303,-0.03909108,-0.25647593,-0.6571352,0.008888889,-0.036959063,-0.30644754",0.0
"0.45895773,-0.75703585,-0.7072303,-0.03909108,-0.25647593,-0.6571352,0.008888889,-0.036959063,-0.30644754","0.51108027,-0.064747274,-0.9744409","0.5077622,-0.76593834,-0.81191504,-0.0025181994,-0.13417497,-0.5640324,0.008888889,-0.036959063,-0.30644754",0.0
"0.5077622,-0.76593834,-0.81191504,-0.0025181994,-0.13417497,-0.5640324,0.008888889,-0.036959063,-0.30644754","0.38744652,0.3226292,-0.92772734","0.5447605,-0.72157854,-0.91158134,0.005388392,-0.07937186,-0.4320631,0.008888889,-0.036959063,-0.30644754",0.0
"0.5447605,-0.72157854,-0.91158134,0.005388392,-0.07937186,-0.4320631,0.008888889,-0.036959063,-0.30644754","0.38584173,0.37470806,-0.86070424","0.5816056,-0.67005813,-1.0,0.0052367495,-0.042807877,-0.30507827,0.008888889,-0.036959063,-0.30644754",0.0
"0.0,0.0,0.0,2.8652207e-07,0.005789075,0.993462,0.115731,-0.05602339,-0.7433683","-0.154324,0.9719027,0.9712331","-0.014736817,0.13363163,0.10434019,0.4171088,-0.01352928,0.8778283,0.115731,-0.05602339,-0.7433683",0.0
"-0.014736817,0.13363163,0.10434019,0.4171088,-0.01352928,0.8778283,0.115731,-0.05602339,-0.7433683","-0.017993629,0.9740746,0.939909","-0.016455075,0.26756188,0.20531519,0.72952455,-0.031949427,0.5676742,0.115731,-0.05602339,-0.7433683",0.0
"-0.016455075,0.26756188,0.20531519,0.72952455,-0.031949427,0.5676742,0.115731,-0.05602339,-0.7433683","-0.5969634,0.9442029,0.9489373","-0.07346075,0.39738494,0.30726013,0.84905225,-0.19355498,0.15361083,0.115731,-0.05602339,-0.7433683",0.0
"-0.07346075,0.39738494,0.30726013,0.84905225,-0.19355498,0.15361083,0.115731,-0.05602339,-0.7433683","-0.2036255,0.9344193,0.95602727","-0.09290551,0.5258628,0.40996665,0.79268366,-0.23211837,-0.2601547,0.115731,-0.05602339,-0.7433683",0.0
"-0.09290551,0.5258628,0.40996665,0.79268366,-0.23211837,-0.2601547,0.115731,-0.05602339,-0.7433683","-0.3375498,0.9619961,0.9557464","-0.12513907,0.6581324,0.51264304,0.57952714,-0.2340771,-0.5818301,0.115731,-0.05602339,-0.7433683",0.0
"-0.12513907,0.6581324,0.51264304,0.57952714,-0.2340771,-0.5818301,0.115731,-0.05602339,-0.7433683","-0.5721775,0.9634255,0.93393564","-0.17977786,0.79059845,0.6129763,0.2927012,-0.17861377,-0.73762876,0.115731,-0.05602339,-0.7433683",0.0
"-0.17977786,0.79059845,0.6129763,0.2927012,-0.17861377,-0.73762876,0.115731,-0.05602339,-0.7433683","0.22384572,0.8083955,0.694468","-0.15840222,0.9017488,0.6875834,0.10505847,-0.050482966,-0.74194705,0.115731,-0.05602339,-0.7433683",0.0
"0.0,0.0,0.0,2.8652207e-07,0.005789075,0.993462,-0.5911696,0.104502924,-0.4906826","-0.55242455,-0.96036726,-0.9057442","-0.05275254,-0.13204555,-0.09730467,-0.39941415,0.072676204,0.88535994,-0.5911696,0.104502924,-0.4906826",0.0
"-0.05275254,-0.13204555,-0.09730467,-0.39941415,0.072676204,0.88535994,-0.5911696,0.104502924,-0.4906826","-0.3208251,-0.9373941,-0.9372517","-0.08338901,-0.26093245,-0.1979942,-0.6909545,0.19126447,0.5897575,-0.5911696,0.104502924,-0.4906826",0.0
"-0.08338901,-0.26093245,-0.1979942,-0.6909545,0.19126447,0.5897575,-0.5911696,0.104502924,-0.4906826","0.3255043,-0.92730576,-0.95844126","-0.05230571,-0.38843223,-0.30096015,-0.85438305,0.14754133,0.18233104,-0.5911696,0.104502924,-0.4906826",0.0
"-0.05230571,-0.38843223,-0.30096015,-0.85438305,0.14754133,0.18233104,-0.5911696,0.104502924,-0.4906826","0.32029772,-0.8877104,-0.9637246","-0.021719603,-0.5104879,-0.40449366,-0.8322204,0.0626772,-0.2224622,-0.5911696,0.104502924,-0.4906826",0.0
"-0.021719603,-0.5104879,-0.40449366,-0.8322204,0.0626772,-0.2224622,-0.5911696,0.104502924,-0.4906826","-0.37400174,-0.80731314,-0.9114077","-0.057434052,-0.62148935,-0.5024067,-0.6575566,0.12583558,-0.5187915,-0.5911696,0.104502924,-0.4906826",0.0
"-0.057434052,-0.62148935,-0.5024067,-0.6575566,0.12583558,-0.5187915,-0.5911696,0.104502924,-0.4906826","0.11748326,0.23866189,-0.55166173","-0.04621526,-0.58867466,-0.56167203,-0.6090559,0.094906345,-0.49776298,-0.5911696,0.104502924,-0.4906826",0.0
"-0.04621526,-0.58867466,-0.56167203,-0.6090559,0.094906345,-0.49776298,-0.5911696,0.104502924,-0.4906826","-0.0045981407,0.061873913,-0.14217508","-0.046654347,-0.58016735,-0.57694596,-0.5948181,0.09366394,-0.49163127,-0.5911696,0.104502924,-0.4906826",0.0
"0.0,0.0,0.0,2.8652207e-07,0.005789075,0.993462,0.11000001,0.07824561,-0.59666026","0.22736311,0.9733373,0.96060133","0.021711532,0.13382888,0.10319801,0.41497606,0.034151625,0.8786072,0.11000001,0.07824561,-0.59666026",0.0
"0.021711532,0.13382888,0.10319801,0.41497606,0.034151625,0.8786072,0.11000001,0.07824561,-0.59666026","0.9078587,0.94884956,0.95693874","0.108405456,0.26429084,0.20600253,0.68255365,0.24802141,0.57250375,0.11000001,0.07824561,-0.59666026",0.0
"0.108405456,0.26429084,0.20600253,0.68255365,0.24802141,0.57250375,0.11000001,0.07824561,-0.59666026","0.32123053,0.9157498,0.93403447","0.13908063,0.39020175,0.30634642,0.783167,0.37216163,0.17024775,0.11000001,0.07824561,-0.59666026",0.0
"0.13908063,0.39020175,0.30634642,0.783167,0.37216163,0.17024775,0.11000001,0.07824561,-0.59666026","0.11028123,0.9269873,0.9497831","0.1496117,0.51765776,0.4083822,0.73694545,0.38085517,-0.24171233,0.11000001,0.07824561,-0.59666026",0.0
"0.1496117,0.51765776,0.4083822,0.73694545,0.38085517,-0.24171233,0.11000001,0.07824561,-0.59666026","-0.053598642,0.9125887,0.9523332","0.1444934,0.6431341,0.51069194,0.5733868,0.2862114,-0.5577926,0.11000001,0.07824561,-0.59666026",0.0
"0.1444934,0.6431341,0.51069194,0.5733868,0.2862114,-0.5577926,0.11000001,0.07824561,-0.59666026","0.17975593,0.8283372,0.9569584","0.1616588,0.75702626,0.6134985,0.3307785,0.1907246,-0.70773554,0.11000001,0.07824561,-0.59666026",0.0
"0.1616588,0.75702626,0.6134985,0.3307785,0.1907246,-0.70773554,0.11000001,0.07824561,-0.59666026","0.095347166,0.4062457,0.9599564","0.17076376,0.812883,0.7166272,0.1587599,0.10114118,-0.6798606,0.11000001,0.07824561,-0.59666026",0.0
"0.17076376,0.812883,0.7166272,0.1587599,0.10114118,-0.6798606,0.11000001,0.07824561,-0.59666026","0.16478217,-0.2534616,0.69399536","0.18649927,0.7780334,0.7911834,0.11659805,0.08432788,-0.59091544,0.11000001,0.07824561,-0.59666026",0.0
"0.0,0.0,0.0,2.8652207e-07,0.005789075,0.993462,0.021169592,0.031520467,-0.30644754","0.098709464,0.9484327,0.95443714","0.009426042,0.13040462,0.102535784,0.40853876,0.0178931,0.8826165,0.021169592,0.031520467,-0.30644754",0.0
"0.009426042,0.13040462,0.102535784,0.40853876,0.0178931,0.8826165,0.021169592,0.031520467,-0.30644754","-0.9555093,0.91355026,0.9455147","-0.08181816,0.2560131,0.204113,0.69182223,-0.17586282,0.58972186,0.021169592,0.031520467,-0.30644754",0.0
"-0.08181816,0.2560131,0.204113,0.69182223,-0.17586282,0.58972186,0.021169592,0.031520467,-0.30644754","-0.97065794,0.9091289,0.90866244","-0.17450896,0.3810137,0.30173117,0.739061,-0.44454813,0.19678254,0.021169592,0.031520467,-0.30644754",0.0
"-0.17450896,0.3810137,0.30173117,0.739061,-0.44454813,0.19678254,0.021169592,0.031520467,-0.30644754","-0.97649294,0.9330261,0.946861","-0.26775694,0.5093,0.40345302,0.5613746,-0.6190979,-0.21876915,0.021169592,0.031520467,-0.30644754",0.0
"-0.26775694,0.5093,0.40345302,0.5613746,-0.6190979,-0.21876915,0.021169592,0.031520467,-0.30644754","-0.9275909,0.9649502,0.97233534","-0.35633513,0.64197576,0.50791156,0.28675678,-0.57834125,-0.55462104,0.021169592,0.031520467,-0.30644754",0.0
"-0.35633513,0.64197576,0.50791156,0.28675678,-0.57834125,-0.55462104,0.021169592,0.031520467,-0.30644754","-0.8452984,0.98661864,0.9628484","-0.437055,0.7776308,0.6113509,0.07651583,-0.35241604,-0.7272006,0.021169592,0.031520467,-0.30644754",0.0
"-0.437055,0.7776308,0.6113509,0.07651583,-0.35241604,-0.7272006,0.021169592,0.031520467,-0.30644754","-0.70759624,0.9851757,0.9614985","-0.5046253,0.9130874,0.71464527,0.004677484,-0.07656135,-0.71443003,0.021169592,0.031520467,-0.30644754",0.0
"-0.5046253,0.9130874,0.71464527,0.004677484,-0.07656135,-0.71443003,0.021169592,0.031520467,-0.30644754","-0.68196386,0.37069917,0.96679926","-0.56974787,0.9640566,0.818509,0.0161766,0.04600421,-0.57606614,0.021169592,0.031520467,-0.30644754",0.0
"-0.56974787,0.9640566,0.818509,0.0161766,0.04600421,-0.57606614,0.021169592,0.031520467,-0.30644754","-0.40601265,-0.49140072,0.9665973","-0.60851914,0.8964916,0.922351,0.01680158,0.030041877,-0.4260126,0.021169592,0.031520467,-0.30644754",0.0
"-0.60851914,0.8964916,0.922351,0.01680158,0.030041877,-0.4260126,0.021169592,0.031520467,-0.30644754","-0.27699262,-0.095151484,0.88590145","-0.63496995,0.8834088,0.99999994,0.020475466,0.031287093,-0.3066148,0.021169592,0.031520467,-0.30644754",0.0
"0.0,0.0,0.0,2.8652207e-07,0.005789075,0.993462,-0.34877193,-0.3702924,-0.6336642","0.5143963,-0.9329515,-0.93543595","0.04912111,-0.12827604,-0.100494474,-0.3984272,-0.056118943,0.88643026,-0.34877193,-0.3702924,-0.6336642",0.0
"0.04912111,-0.12827604,-0.100494474,-0.3984272,-0.056118943,0.88643026,-0.34877193,-0.3702924,-0.6336642","0.6493943,-0.94173414,-0.9511945","0.111133546,-0.25775963,-0.2026819,-0.6741778,-0.2392739,0.58869684,-0.34877193,-0.3702924,-0.6336642",0.0
"0.111133546,-0.25775963,-0.2026819,-0.6741778,-0.2392739,0.58869684,-0.34877193,-0.3702924,-0.6336642","0.6918912,-0.89208096,-0.9612092","0.17720413,-0.3804162,-0.3059452,-0.73442096,-0.4502613,0.19150005,-0.34877193,-0.3702924,-0.6336642",0.0
"0.17720413,-0.3804162,-0.3059452,-0.73442096,-0.4502613,0.19150005,-0.34877193,-0.3702924,-0.6336642","0.59503675,-0.8698846,-0.94602245","0.23402584,-0.5000209,-0.40757698,-0.6223418,-0.55501145,-0.2049489,-0.34877193,-0.3702924,-0.6336642",0.0
"0.23402584,-0.5000209,-0.40757698,-0.6223418,-0.55501145,-0.2049489,-0.34877193,-0.3702924,-0.6336642","0.32351923,-0.8637775,-0.9157061","0.26491958,-0.6187859,-0.5059518,-0.45328856,-0.48930657,-0.51644087,-0.34877193,-0.3702924,-0.6336642",0.0
"0.26491958,-0.6187859,-0.5059518,-0.45328856,-0.48930657,-0.51644087,-0.34877193,-0.3702924,-0.6336642","-0.007136345,-0.41931987,-0.6487293","0.26423812,-0.6764403,-0.57564515,-0.3558347,-0.38060334,-0.62366587,-0.34877193,-0.3702924,-0.6336642",0.0
"0.0,0.0,0.0,2.8652207e-07,0.005789075,0.993462,0.125731,0.026842104,-0.7433683","0.3087523,0.974663,0.9526367","0.029483609,0.13401115,0.10234236,0.41337615,0.044213135,0.8791533,0.125731,0.026842104,-0.7433683",0.0
"0.029483609,0.13401115,0.10234236,0.41337615,0.044213135,0.8791533,0.125731,0.026842104,-0.7433683","0.7739823,0.9738625,0.9272715","0.1033933,0.26791227,0.2019597,0.6888132,0.2380647,0.5718376,0.125731,0.026842104,-0.7433683",0.0
"0.1033933,0.26791227,0.2019597,0.6888132,0.2380647,0.5718376,0.125731,0.026842104,-0.7433683","-0.20672584,0.9552742,0.89533806","0.08365249,0.39925757,0.29814643,0.8421476,0.23255375,0.1637058,0.125731,0.026842104,-0.7433683",0.0
"0.08365249,0.39925757,0.29814643,0.8421476,0.23255375,0.1637058,0.125731,0.026842104,-0.7433683","0.066533804,0.9479438,0.9346719","0.09000599,0.529595,0.39855877,0.8005256,0.2386196,-0.25420752,0.125731,0.026842104,-0.7433683",0.0
"0.09000599,0.529595,0.39855877,0.8005256,0.2386196,-0.25420752,0.125731,0.026842104,-0.7433683","2.3007393e-05,0.93956757,0.94991755","0.090008184,0.65878075,0.500609,0.6134513,0.18427044,-0.57745695,0.125731,0.026842104,-0.7433683",0.0
"0.090008184,0.65878075,0.500609,0.6134513,0.18427044,-0.57745695,0.125731,0.026842104,-0.7433683","-0.53119534,0.9496416,0.93114567","0.039282884,0.78935164,0.6006425,0.3574673,0.05017473,-0.7418151,0.125731,0.026842104,-0.7433683",0.0
"0.039282884,0.78935164,0.6006425,0.3574673,0.05017473,-0.7418151,0.125731,0.026842104,-0.7433683","0.34045494,0.7649386,0.802428","0.071793854,0.8945268,0.68684775,0.12147543,0.033812672,-0.74058396,0.125731,0.026842104,-0.7433683",0.0
"0.0,0.0,0.0,2.8652207e-07,0.005789075,0.993462,0.2934503,-0.23573099,-0.391635","-0.40454185,0.9347682,0.91145587","-0.038630806,0.12852582,0.09791827,0.39751643,-0.042649716,0.88831234,0.2934503,-0.23573099,-0.391635",0.0
"-0.038630806,0.12852582,0.09791827,0.39751643,-0.042649716,0.88831234,0.2934503,-0.23573099,-0.391635","-0.6930264,0.8409625,0.9503422","-0.1048098,0.24415386,0.20001414,0.65913147,-0.21911362,0.615825,0.2934503,-0.23573099,-0.391635",0.0
"-0.1048098,0.24415386,0.20001414,0.65913147,-0.21911362,0.615825,0.2934503,-0.23573099,-0.391635","-0.5625078,0.93233216,0.978858","-0.15852521,0.37234473,0.3051735,0.7552539,-0.40407008,0.20961045,0.2934503,-0.23573099,-0.391635",0.0
"-0.15852521,0.37234473,0.3051735,0.7552539,-0.40407008,0.20961045,0.2934503,-0.23573099,-0.391635","-0.6929457,0.8950213,0.9746553","-0.2246965,0.49540558,0.4098813,0.63741857,-0.5357509,-0.19841722,0.2934503,-0.23573099,-0.391635",0.0
"-0.2246965,0.49540558,0.4098813,0.63741857,-0.5357509,-0.19841722,0.2934503,-0.23573099,-0.391635","-0.44483316,0.77966475,0.9728584","-0.26717484,0.6026056,0.514396,0.45068914,-0.4934851,-0.49503195,0.2934503,-0.23573099,-0.391635",0.0
"-0.26717484,0.6026056,0.514396,0.45068914,-0.4934851,-0.49503195,0.2934503,-0.23573099,-0.391635","0.17530262,-0.41094166,0.9683652","-0.25043473,0.54610324,0.61842805,0.4063588,-0.39927262,-0.4585624,0.2934503,-0.23573099,-0.391635",0.0
"-0.25043473,0.54610324,0.61842805,0.4063588,-0.39927262,-0.4585624,0.2934503,-0.23573099,-0.391635","0.12085891,-0.22681803,0.91830325","-0.23889355,0.51491696,0.7170819,0.33550903,-0.3049612,-0.43792647,0.2934503,-0.23573099,-0.391635",0.0
"-0.23889355,0.51491696,0.7170819,0.33550903,-0.3049612,-0.43792647,0.2934503,-0.23573099,-0.391635","0.12627602,-0.24980593,0.61659706","-0.22683512,0.48057002,0.78332335,0.29218704,-0.24482818,-0.3988843,0.2934503,-0.23573099,-0.391635",0.0
"0.0,0.0,0.0,2.8652207e-07,0.005789075,0.993462,0.083567254,-0.35350877,-0.6149007","0.8374057,-0.9267203,-0.93959475","0.07996616,-0.12741928,-0.10094125,-0.39001352,-0.09411787,0.8868991,0.083567254,-0.35350877,-0.6149007",0.0
"0.07996616,-0.12741928,-0.10094125,-0.39001352,-0.09411787,0.8868991,0.083567254,-0.35350877,-0.6149007","0.8634596,-0.89662206,-0.9245889","0.16242029,-0.2507002,-0.20027043,-0.61718297,-0.33880264,0.60430145,0.083567254,-0.35350877,-0.6149007",0.0
"0.16242029,-0.2507002,-0.20027043,-0.61718297,-0.33880264,0.60430145,0.083567254,-0.35350877,-0.6149007","0.92617035,-0.8985597,-0.8921098","0.25086284,-0.37424755,-0.29611036,-0.6097324,-0.6048395,0.21972793,0.083567254,-0.35350877,-0.6149007",0.0
"0.25086284,-0.37424755,-0.29611036,-0.6097324,-0.6048395,0.21972793,0.083567254,-0.35350877,-0.6149007","0.94335055,-0.8893651,-0.8882133","0.34094596,-0.4965307,-0.39153162,-0.41120067,-0.7411864,-0.17758626,0.083567254,-0.35350877,-0.6149007",0.0
"0.34094596,-0.4965307,-0.39153162,-0.41120067,-0.7411864,-0.17758626,0.083567254,-0.35350877,-0.6149007","0.851928,-0.90864825,-0.91629773","0.4222989,-0.6214652,-0.48997003,-0.17128712,-0.66375524,-0.51119244,0.083567254,-0.35350877,-0.6149007",0.0
"0.4222989,-0.6214652,-0.48997003,-0.17128712,-0.66375524,-0.51119244,0.083567254,-0.35350877,-0.6149007","0.60064375,-0.6392612,-0.94891435","0.47965604,-0.70936036,-0.59191245,-0.035443496,-0.46318224,-0.66323996,0.083567254,-0.35350877,-0.6149007",0.0
"0.47965604,-0.70936036,-0.59191245,-0.035443496,-0.46318224,-0.66323996,0.083567254,-0.35350877,-0.6149007","0.3786838,0.17140222,-0.80364686","0.5158176,-0.68579346,-0.6782487,0.0125818625,-0.36951783,-0.6186402,0.083567254,-0.35350877,-0.6149007",0.0
"0.5158176,-0.68579346,-0.6782487,0.0125818625,-0.36951783,-0.6186402,0.083567254,-0.35350877,-0.6149007","0.3639505,0.007284522,-0.12415898","0.5505722,-0.6847919,-0.6915871,0.05008425,-0.34916615,-0.61227953,0.083567254,-0.35350877,-0.6149007",0.0
"0.5505722,-0.6847919,-0.6915871,0.05008425,-0.34916615,-0.61227953,0.083567254,-0.35350877,-0.6149007","0.19362235,-0.06711495,0.09391999","0.56906176,-0.6940199,-0.6814972,0.071244754,-0.35009032,-0.62461895,0.083567254,-0.35350877,-0.6149007",0.0
"0.0,0.0,0.0,2.8652207e-07,0.005789075,0.993462,-0.00023391814,-0.0061988304,-0.7596475","0.8877208,0.9840057,0.946808","0.0847709,0.13529573,0.101716176,0.40122005,0.115452,0.8783827,-0.00023391814,-0.0061988304,-0.7596475",0.0
"0.0847709,0.13529573,0.101716176,0.40122005,0.115452,0.8783827,-0.00023391814,-0.0061988304,-0.7596475","0.98182654,0.98047376,0.93068314","0.1785282,0.27010587,0.20170005,0.61640865,0.39403602,0.56830055,-0.00023391814,-0.0061988304,-0.7596475",0.0
"0.1785282,0.27010587,0.20170005,0.61640865,0.39403602,0.56830055,-0.00023391814,-0.0061988304,-0.7596475","0.9368954,0.96596026,0.88682103","0.2679949,0.40292042,0.29697177,0.5790244,0.6571883,0.1577069,-0.00023391814,-0.0061988304,-0.7596475",0.0
"0.2679949,0.40292042,0.29697177,0.5790244,0.6571883,0.1577069,-0.00023391814,-0.0061988304,-0.7596475","0.9151566,0.95033324,0.8605454","0.35538575,0.5335864,0.38942066,0.3644735,0.7594676,-0.25136724,-0.00023391814,-0.0061988304,-0.7596475",0.0
"0.35538575,0.5335864,0.38942066,0.3644735,0.7594676,-0.25136724,-0.00023391814,-0.0061988304,-0.7596475","0.9384334,0.9749093,0.93982315","0.44499934,0.66763145,0.49038637,0.10537554,0.6374526,-0.5864644,-0.00023391814,-0.0061988304,-0.7596475",0.0
"0.44499934,0.66763145,0.49038637,0.10537554,0.6374526,-0.5864644,-0.00023391814,-0.0061988304,-0.7596475","0.935671,0.97605956,0.96012294","0.53434914,0.80183464,0.593533,-0.0440073,0.35245758,-0.75558907,-0.00023391814,-0.0061988304,-0.7596475",0.0
"0.53434914,0.80183464,0.593533,-0.0440073,0.35245758,-0.75558907,-0.00023391814,-0.0061988304,-0.7596475","0.89170694,0.96444106,0.640085","0.61950064,0.9344403,0.66229767,-0.04256038,0.092198744,-0.7774454,-0.00023391814,-0.0061988304,-0.7596475",0.0
"0.61950064,0.9344403,0.66229767,-0.04256038,0.092198744,-0.7774454,-0.00023391814,-0.0061988304,-0.7596475","0.9184029,0.80709314,0.19727969","0.7072043,0.9999811,0.68350035,-0.0035933238,-0.0048371824,-0.7605513,-0.00023391814,-0.0061988304,-0.7596475",0.0
"0.0,0.0,0.0,2.8652207e-07,0.005789075,0.993462,-0.026081873,-0.02760234,-0.30644754","0.77390814,-0.95864904,-0.9517772","0.07390261,-0.13180931,-0.102250025,-0.40159178,-0.08900191,0.8814527,-0.026081873,-0.02760234,-0.30644754",0.0
"0.07390261,-0.13180931,-0.102250025,-0.40159178,-0.08900191,0.8814527,-0.026081873,-0.02760234,-0.30644754","0.50654423,-0.6588859,-0.9336839","0.1222739,-0.22240274,-0.20255628,-0.61817443,-0.24363163,0.6484003,-0.026081873,-0.02760234,-0.30644754",0.0
"0.1222739,-0.22240274,-0.20255628,-0.61817443,-0.24363163,0.6484003,-0.026081873,-0.02760234,-0.30644754","0.47997594,-0.32673132,-0.9276822","0.16810814,-0.26732665,-0.30221778,-0.66542923,-0.38151255,0.42311963,-0.026081873,-0.02760234,-0.30644754",0.0
"0.16810814,-0.26732665,-0.30221778,-0.66542923,-0.38151255,0.42311963,-0.026081873,-0.02760234,-0.30644754","0.31523252,-0.5772647,-0.9362488","0.19821054,-0.34669763,-0.40279958,-0.6656145,-0.47077742,0.11303517,-0.026081873,-0.02760234,-0.30644754",0.0
"0.19821054,-0.34669763,-0.40279958,-0.6656145,-0.47077742,0.11303517,-0.026081873,-0.02760234,-0.30644754","0.53505707,-0.7063565,-0.95109993","0.24930461,-0.44381806,-0.5049768,-0.5375108,-0.52699953,-0.20890492,-0.026081873,-0.02760234,-0.30644754",0.0
"0.24930461,-0.44381806,-0.5049768,-0.5375108,-0.52699953,-0.20890492,-0.026081873,-0.02760234,-0.30644754","0.62452483,-0.80840325,-0.9480181","0.3089422,-0.5549694,-0.60682297,-0.33207968,-0.4749161,-0.46686533,-0.026081873,-0.02760234,-0.30644754",0.0
"0.3089422,-0.5549694,-0.60682297,-0.33207968,-0.4749161,-0.46686533,-0.026081873,-0.02760234,-0.30644754","0.47825384,-0.8720401,-0.9446849","0.35461196,-0.67487043,-0.70831096,-0.15504858,-0.30239418,-0.5962767,-0.026081873,-0.02760234,-0.30644754",0.0
"0.35461196,-0.67487043,-0.70831096,-0.15504858,-0.30239418,-0.5962767,-0.026081873,-0.02760234,-0.30644754","0.11744261,-0.63747424,-0.9655645","0.36582687,-0.7625199,-0.81204206,-0.061303012,-0.12256766,-0.562761,-0.026081873,-0.02760234,-0.30644754",0.0
"0.36582687,-0.7625199,-0.81204206,-0.061303012,-0.12256766,-0.562761,-0.026081873,-0.02760234,-0.30644754","-0.45821518,0.17600429,-0.8911569","0.32207066,-0.7383203,-0.9077795,-0.043014426,-0.05784781,-0.44011736,-0.026081873,-0.02760234,-0.30644754",0.0
"0.32207066,-0.7383203,-0.9077795,-0.043014426,-0.05784781,-0.44011736,-0.026081873,-0.02760234,-0.30644754","-0.5072516,0.40399134,-0.7227247","0.2736318,-0.68277365,-0.98542225,-0.03502379,-0.031782553,-0.3268151,-0.026081873,-0.02760234,-0.30644754",0.0
"0.2736318,-0.68277365,-0.98542225,-0.03502379,-0.031782553,-0.3268151,-0.026081873,-0.02760234,-0.30644754","-0.1963448,0.05509591,-0.17521113","0.2548823,-0.6751983,-1.0,-0.032599602,-0.025299387,-0.30560234,-0.026081873,-0.02760234,-0.30644754",0.0
"0.0,0.0,0.0,2.8652207e-07,0.005789075,0.993462,-0.12643275,-0.12877193,-0.40556052","0.7703574,-0.88218737,-0.9453865","0.07356353,-0.12129623,-0.10156347,-0.38082623,-0.083665416,0.89229566,-0.12643275,-0.12877193,-0.40556052",0.0
"0.07356353,-0.12129623,-0.10156347,-0.38082623,-0.083665416,0.89229566,-0.12643275,-0.12877193,-0.40556052","0.6777723,-0.6406389,-0.9674141","0.13828588,-0.20938079,-0.20549338,-0.58915985,-0.26699054,0.6652709,-0.12643275,-0.12877193,-0.40556052",0.0
"0.13828588,-0.20938079,-0.20549338,-0.58915985,-0.26699054,0.6652709,-0.12643275,-0.12877193,-0.40556052","0.6393486,-0.6123549,-0.9554887","0.19933902,-0.29357648,-0.30814213,-0.64680815,-0.46074045,0.3639272,-0.12643275,-0.12877193,-0.40556052",0.0
"0.19933902,-0.29357648,-0.30814213,-0.64680815,-0.46074045,0.3639272,-0.12643275,-0.12877193,-0.40556052","0.2594942,-0.7370374,-0.9693684","0.22411883,-0.39491534,-0.412282,-0.6340407,-0.53089964,0.002587066,-0.12643275,-0.12877193,-0.40556052",0.0
"0.22411883,-0.39491534,-0.412282,-0.6340407,-0.53089964,0.002587066,-0.12643275,-0.12877193,-0.40556052","-0.04322505,-0.7007422,-0.97504723","0.21999115,-0.49126384,-0.5170319,-0.5637331,-0.4588218,-0.30665788,-0.12643275,-0.12877193,-0.40556052",0.0
"0.21999115,-0.49126384,-0.5170319,-0.5637331,-0.4588218,-0.30665788,-0.12643275,-0.12877193,-0.40556052","0.49402285,-0.6496395,-0.97387636","0.26716673,-0.58058596,-0.621656,-0.36546636,-0.3985105,-0.5061887,-0.12643275,-0.12877193,-0.40556052",0.0
"0.26716673,-0.58058596,-0.621656,-0.36546636,-0.3985105,-0.5061887,-0.12643275,-0.12877193,-0.40556052","-0.10455793,-0.48439175,-0.95973843","0.2571822,-0.6471874,-0.7247613,-0.24109115,-0.243846,-0.56559014,-0.12643275,-0.12877193,-0.40556052",0.0
"0.2571822,-0.6471874,-0.7247613,-0.24109115,-0.243846,-0.56559014,-0.12643275,-0.12877193,-0.40556052","-0.15492535,0.36398673,-0.92126936","0.24238797,-0.59714115,-0.82373387,-0.18772803,-0.1709596,-0.4722127,-0.12643275,-0.12877193,-0.40556052",0.0
"0.24238797,-0.59714115,-0.82373387,-0.18772803,-0.1709596,-0.4722127,-0.12643275,-0.12877193,-0.40556052","0.123698354,0.32212305,-0.5988059","0.25420025,-0.55285096,-0.8880639,-0.14553742,-0.14113268,-0.39912903,-0.12643275,-0.12877193,-0.40556052",0.0
"0.25420025,-0.55285096,-0.8880639,-0.14553742,-0.14113268,-0.39912903,-0.12643275,-0.12877193,-0.40556052","0.019019604,-0.08766186,-0.04944414","0.2560165,-0.56490403,-0.8933757,-0.13578641,-0.13267279,-0.40045714,-0.12643275,-0.12877193,-0.40556052",0.0
"0.0,0.0,0.0,2.8652207e-07,0.005789075,0.993462,-0.21520469,-0.4762573,-0.383332","0.95493054,-0.8972511,-0.9827048","0.09118893,-0.12336742,-0.1055726,-0.38407934,-0.107107796,0.88700014,-0.21520469,-0.4762573,-0.383332",0.0
"0.09118893,-0.12336742,-0.1055726,-0.38407934,-0.107107796,0.88700014,-0.21520469,-0.4762573,-0.383332","0.92177415,-0.83471006,-0.9410443","0.17921168,-0.23813578,-0.2066696,-0.58677006,-0.3634954,0.6167593,-0.21520469,-0.4762573,-0.383332",0.0
"0.17921168,-0.23813578,-0.2066696,-0.58677006,-0.3634954,0.6167593,-0.21520469,-0.4762573,-0.383332","0.87118554,-0.75874054,-0.9507168","0.26240358,-0.34245872,-0.30880567,-0.57153755,-0.6093861,0.26564568,-0.21520469,-0.4762573,-0.383332",0.0
"0.26240358,-0.34245872,-0.30880567,-0.57153755,-0.6093861,0.26564568,-0.21520469,-0.4762573,-0.383332","0.8511251,-0.6904913,-0.93406796","0.34367982,-0.43739778,-0.40915316,-0.39915565,-0.7340999,-0.07928838,-0.21520469,-0.4762573,-0.383332",0.0
"0.34367982,-0.43739778,-0.40915316,-0.39915565,-0.7340999,-0.07928838,-0.21520469,-0.4762573,-0.383332","0.1778419,-0.7347665,-0.9450387","0.36066243,-0.53842443,-0.51067924,-0.30760267,-0.64358205,-0.38409644,-0.21520469,-0.4762573,-0.383332",0.0
"0.36066243,-0.53842443,-0.51067924,-0.30760267,-0.64358205,-0.38409644,-0.21520469,-0.4762573,-0.383332","0.10808766,-0.03860724,-0.850331","0.37098405,-0.54373276,-0.60203075,-0.23930301,-0.54304165,-0.44890285,-0.21520469,-0.4762573,-0.383332",0.0
"0.37098405,-0.54373276,-0.60203075,-0.23930301,-0.54304165,-0.44890285,-0.21520469,-0.4762573,-0.383332","-0.07431698,0.4550073,-0.6932589","0.3638873,-0.48117167,-0.676508,-0.2247262,-0.47915286,-0.3905709,-0.21520469,-0.4762573,-0.383332",0.0
"0.0,0.0,0.0,2.8652207e-07,0.005789075,0.993462,0.1774269,0.4188304,-0.5093807","0.8283689,0.9538441,0.92766345","0.079103224,0.13114865,0.099659465,0.39303184,0.10570678,0.88428986,0.1774269,0.4188304,-0.5093807",0.0
"0.079103224,0.13114865,0.099659465,0.39303184,0.10570678,0.88428986,0.1774269,0.4188304,-0.5093807","0.90275323,0.9308002,0.9392173","0.1653096,0.25912893,0.20056017,0.6186981,0.36036628,0.5892971,0.1774269,0.4188304,-0.5093807",0.0
"0.1653096,0.25912893,0.20056017,0.6186981,0.36036628,0.5892971,0.1774269,0.4188304,-0.5093807","0.8677957,0.9037881,0.95829964","0.2481778,0.38339514,0.30351087,0.6100827,0.6112804,0.18900767,0.1774269,0.4188304,-0.5093807",0.0
"0.2481778,0.38339514,0.30351087,0.6100827,0.6112804,0.18900767,0.1774269,0.4188304,-0.5093807","0.5851979,0.8936584,0.9641323","0.30405995,0.5062686,0.40708822,0.47634333,0.68356043,-0.21705106,0.1774269,0.4188304,-0.5093807",0.0
"0.30405995,0.5062686,0.40708822,0.47634333,0.68356043,-0.21705106,0.1774269,0.4188304,-0.5093807","0.30228174,0.8475132,0.97252226","0.33292568,0.62279737,0.5115668,0.32396612,0.5710266,-0.5260561,0.1774269,0.4188304,-0.5093807",0.0
"0.33292568,0.62279737,0.5115668,0.32396612,0.5710266,-0.5260561,0.1774269,0.4188304,-0.5093807","0.40734684,-0.07696414,0.9325111","0.37182435,0.6122152,0.611747,0.2020721,0.4891791,-0.54565513,0.1774269,0.4188304,-0.5093807",0.0
"0.37182435,0.6122152,0.611747,0.2020721,0.4891791,-0.54565513,0.1774269,0.4188304,-0.5093807","-0.034988344,-0.25649166,0.57279253","0.36848322,0.57694906,0.67328244,0.18405406,0.43424603,-0.50738835,0.1774269,0.4188304,-0.5093807",0.0
"0.0,0.0,0.0,2.8652207e-07,0.005789075,0.993462,-0.0036257312,-0.037836257,-0.30644754","0.9262831,-0.9541359,-0.9446376","0.08845331,-0.13118878,-0.10148301,-0.39507428,-0.10668093,0.8827212,-0.0036257312,-0.037836257,-0.30644754",0.0
"0.08845331,-0.13118878,-0.10148301,-0.39507428,-0.10668093,0.8827212,-0.0036257312,-0.037836257,-0.30644754","0.8371172,-0.5423055,-0.933002","0.16839193,-0.205753,-0.201716,-0.5541146,-0.31723017,0.6759861,-0.0036257312,-0.037836257,-0.30644754",0.0
"0.16839193,-0.205753,-0.201716,-0.5541146,-0.31723017,0.6759861,-0.0036257312,-0.037836257,-0.30644754","0.7864804,-0.49436224,-0.92575055","0.2434951,-0.2737253,-0.30117,-0.56202316,-0.53148615,0.41271695,-0.0036257312,-0.037836257,-0.30644754",0.0
"0.2434951,-0.2737253,-0.30117,-0.56202316,-0.53148615,0.41271695,-0.0036257312,-0.037836257,-0.30644754","0.92257905,-0.7800457,-0.94781095","0.3315947,-0.3809776,-0.40299392,-0.4230649,-0.7121468,0.044001397,-0.0036257312,-0.037836257,-0.30644754",0.0
"0.3315947,-0.3809776,-0.40299392,-0.4230649,-0.7121468,0.044001397,-0.0036257312,-0.037836257,-0.30644754","0.83527017,-0.9252401,-0.92688125","0.41135693,-0.5081934,-0.5025693,-0.20806846,-0.70668805,-0.3236213,-0.0036257312,-0.037836257,-0.30644754",0.0
"0.41135693,-0.5081934,-0.5025693,-0.20806846,-0.70668805,-0.3236213,-0.0036257312,-0.037836257,-0.30644754","0.49733853,-0.8460114,-0.8916398","0.45884913,-0.6245156,-0.5983587,-0.075020835,-0.5321711,-0.5595134,-0.0036257312,-0.037836257,-0.30644754",0.0
"0.45884913,-0.6245156,-0.5983587,-0.075020835,-0.5321711,-0.5595134,-0.0036257312,-0.037836257,-0.30644754","-0.15098464,-0.68429136,-0.9573758","0.44443122,-0.71860224,-0.70121014,-0.058957733,-0.30095717,-0.6345502,-0.0036257312,-0.037836257,-0.30644754",0.0
"0.44443122,-0.71860224,-0.70121014,-0.058957733,-0.30095717,-0.6345502,-0.0036257312,-0.037836257,-0.30644754","0.43361425,-0.21681643,-0.9653411","0.48583823,-0.7484134,-0.8049173,-0.012738608,-0.15597288,-0.5654128,-0.0036257312,-0.037836257,-0.30644754",0.0
"0.48583823,-0.7484134,-0.8049173,-0.012738608,-0.15597288,-0.5654128,-0.0036257312,-0.037836257,-0.30644754","0.22900796,0.2647159,-0.8855117","0.5077068,-0.7120164,-0.9000484,-0.003495681,-0.094778076,-0.4446968,-0.0036257312,-0.037836257,-0.30644754",0.0
"0.5077068,-0.7120164,-0.9000484,-0.003495681,-0.094778076,-0.4446968,-0.0036257312,-0.037836257,-0.30644754","0.054855347,0.25196862,-0.7794336","0.5129451,-0.67737204,-0.98378336,-0.003743416,-0.050398055,-0.32844535,-0.0036257312,-0.037836257,-0.30644754",0.0
"0.5129451,-0.67737204,-0.98378336,-0.003743416,-0.050398055,-0.32844535,-0.0036257312,-0.037836257,-0.30644754","-0.084097326,0.014073014,-0.33722186","0.5049144,-0.67543715,-1.0,-0.005159276,-0.040854022,-0.30562606,-0.0036257312,-0.037836257,-0.30644754",0.0
"0.0,0.0,0.0,2.8652207e-07,0.005789075,0.993462,-0.3902924,-0.0057894737,-0.74957925","-0.16016424,-0.9608995,-0.94789493","-0.015294527,-0.13211875,-0.10183295,-0.4106566,0.025542922,0.88149506,-0.3902924,-0.0057894737,-0.74957925",0.0
"-0.015294527,-0.13211875,-0.10183295,-0.4106566,0.025542922,0.88149506,-0.3902924,-0.0057894737,-0.74957925","0.07368326,-0.96398073,-0.9232347","-0.008258313,-0.26466116,-0.20101662,-0.7234306,0.024563953,0.5789375,-0.3902924,-0.0057894737,-0.74957925",0.0
"-0.008258313,-0.26466116,-0.20101662,-0.7234306,0.024563953,0.5789375,-0.3902924,-0.0057894737,-0.74957925","0.32147872,-0.94297135,-0.9455744","0.02244057,-0.3943149,-0.30260026,-0.8683298,-0.055514432,0.1673277,-0.3902924,-0.0057894737,-0.74957925",0.0
"0.02244057,-0.3943149,-0.30260026,-0.8683298,-0.055514432,0.1673277,-0.3902924,-0.0057894737,-0.74957925","0.37794495,-0.91912884,-0.94935465","0.058531567,-0.5206904,-0.40459,-0.8192125,-0.14647116,-0.24331966,-0.3902924,-0.0057894737,-0.74957925",0.0
"0.058531567,-0.5206904,-0.40459,-0.8192125,-0.14647116,-0.24331966,-0.3902924,-0.0057894737,-0.74957925","0.22500634,-0.9055783,-0.9310033","0.08001804,-0.64520276,-0.5046082,-0.6282156,-0.15535928,-0.5580685,-0.3902924,-0.0057894737,-0.74957925",0.0
"0.08001804,-0.64520276,-0.5046082,-0.6282156,-0.15535928,-0.5580685,-0.3902924,-0.0057894737,-0.74957925","-0.47346842,-0.8305273,-0.81459594","0.034805242,-0.759396,-0.5921207,-0.40649885,-0.038801935,-0.7165194,-0.3902924,-0.0057894737,-0.74957925",0.0
"0.034805242,-0.759396,-0.5921207,-0.40649885,-0.038801935,-0.7165194,-0.3902924,-0.0057894737,-0.74957925","-0.24995947,-0.24861187,0.1291846","0.010935928,-0.7935789,-0.5782423,-0.38613838,-0.0074784067,-0.7536819,-0.3902924,-0.0057894737,-0.74957925",0.0
"0.0,0.0,0.0,2.8652207e-07,0.005789075,0.993462,0.021169592,0.031520467,-0.30644754","0.098709464,0.9484327,0.95443714","0.009426042,0.13040462,0.102535784,0.40853876,0.0178931,0.8826165,0.021169592,0.031520467,-0.30644754",0.0
"0.009426042,0.13040462,0.102535784,0.40853876,0.0178931,0.8826165,0.021169592,0.031520467,-0.30644754","-0.9555093,0.91355026,0.9455147","-0.08181816,0.2560131,0.204113,0.69182223,-0.17586282,0.58972186,0.021169592,0.031520467,-0.30644754",0.0
"-0.08181816,0.2560131,0.204113,0.69182223,-0.17586282,0.58972186,0.021169592,0.031520467,-0.30644754","-0.97065794,0.9091289,0.90866244","-0.17450896,0.3810137,0.30173117,0.739061,-0.44454813,0.19678254,0.021169592,0.031520467,-0.30644754",0.0
"-0.17450896,0.3810137,0.30173117,0.739061,-0.44454813,0.19678254,0.021169592,0.031520467,-0.30644754","-0.97649294,0.9330261,0.946861","-0.26775694,0.5093,0.40345302,0.5613746,-0.6190979,-0.21876915,0.021169592,0.031520467,-0.30644754",0.0
"-0.26775694,0.5093,0.40345302,0.5613746,-0.6190979,-0.21876915,0.021169592,0.031520467,-0.30644754","-0.9275909,0.9649502,0.97233534","-0.35633513,0.64197576,0.50791156,0.28675678,-0.57834125,-0.55462104,0.021169592,0.031520467,-0.30644754",0.0
"-0.35633513,0.64197576,0.50791156,0.28675678,-0.57834125,-0.55462104,0.021169592,0.031520467,-0.30644754","-0.8452984,0.98661864,0.9628484","-0.437055,0.7776308,0.6113509,0.07651583,-0.35241604,-0.7272006,0.021169592,0.031520467,-0.30644754",0.0
"-0.437055,0.7776308,0.6113509,0.07651583,-0.35241604,-0.7272006,0.021169592,0.031520467,-0.30644754","-0.70759624,0.9851757,0.9614985","-0.5046253,0.9130874,0.71464527,0.004677484,-0.07656135,-0.71443003,0.021169592,0.031520467,-0.30644754",0.0
"-0.5046253,0.9130874,0.71464527,0.004677484,-0.07656135,-0.71443003,0.021169592,0.031520467,-0.30644754","-0.68196386,0.37069917,0.96679926","-0.56974787,0.9640566,0.818509,0.0161766,0.04600421,-0.57606614,0.021169592,0.031520467,-0.30644754",0.0
"-0.56974787,0.9640566,0.818509,0.0161766,0.04600421,-0.57606614,0.021169592,0.031520467,-0.30644754","-0.40601265,-0.49140072,0.9665973","-0.60851914,0.8964916,0.922351,0.01680158,0.030041877,-0.4260126,0.021169592,0.031520467,-0.30644754",0.0
"-0.60851914,0.8964916,0.922351,0.01680158,0.030041877,-0.4260126,0.021169592,0.031520467,-0.30644754","-0.27699262,-0.095151484,0.88590145","-0.63496995,0.8834088,0.99999994,0.020475466,0.031287093,-0.3066148,0.021169592,0.031520467,-0.30644754",0.0
"0.0,0.0,0.0,2.8652207e-07,0.005789075,0.993462,0.47730997,0.36415204,-0.4906826","0.6948223,0.96603703,0.8541167","0.0663505,0.13282512,0.091758296,0.39099494,0.08862006,0.8891396,0.47730997,0.36415204,-0.4906826",0.0
"0.0663505,0.13282512,0.091758296,0.39099494,0.08862006,0.8891396,0.47730997,0.36415204,-0.4906826","0.8429636,0.96047497,0.9004713","0.1468474,0.26488551,0.18849649,0.63905686,0.32414886,0.5961467,0.47730997,0.36415204,-0.4906826",0.0
"0.1468474,0.26488551,0.18849649,0.63905686,0.32414886,0.5961467,0.47730997,0.36415204,-0.4906826","0.53805614,0.9534178,0.963789","0.19822785,0.39597556,0.29203692,0.705593,0.513794,0.1801642,0.47730997,0.36415204,-0.4906826",0.0
"0.19822785,0.39597556,0.29203692,0.705593,0.513794,0.1801642,0.47730997,0.36415204,-0.4906826","-0.07736689,0.94209886,0.9678091","0.19083987,0.52550936,0.3960092,0.68909144,0.47798264,-0.24279642,0.47730997,0.36415204,-0.4906826",0.0
"0.19083987,0.52550936,0.3960092,0.68909144,0.47798264,-0.24279642,0.47730997,0.36415204,-0.4906826","0.13479757,0.6360955,0.9516816","0.20371206,0.6129693,0.4982489,0.54305303,0.41152918,-0.50224113,0.47730997,0.36415204,-0.4906826",0.0
"0.20371206,0.6129693,0.4982489,0.54305303,0.41152918,-0.50224113,0.47730997,0.36415204,-0.4906826","-0.013254583,-0.22063708,0.6011921","0.20244633,0.5826329,0.56283534,0.49473405,0.3724849,-0.48918378,0.47730997,0.36415204,-0.4906826",0.0
"0.20244633,0.5826329,0.56283534,0.49473405,0.3724849,-0.48918378,0.47730997,0.36415204,-0.4906826","0.030540228,-0.028458178,0.103737","0.2053627,0.5787201,0.5739798,0.4816399,0.36973146,-0.48826092,0.47730997,0.36415204,-0.4906826",0.0
"0.0,0.0,0.0,2.8652207e-07,0.005789075,0.993462,-0.13391814,0.5052047,-0.383332","0.67673004,0.8501501,0.76907706","0.06462281,0.116891265,0.082622424,0.34959102,0.07787545,0.91092676,-0.13391814,0.5052047,-0.383332",0.0
"0.06462281,0.116891265,0.082622424,0.34959102,0.07787545,0.91092676,-0.13391814,0.5052047,-0.383332","0.8099934,0.7880541,0.8054974","0.14197129,0.22524466,0.16915752,0.57840216,0.28298104,0.68792516,-0.13391814,0.5052047,-0.383332",0.0
"0.14197129,0.22524466,0.16915752,0.57840216,0.28298104,0.68792516,-0.13391814,0.5052047,-0.383332","0.76857615,0.7748809,0.86765397","0.21536474,0.3317868,0.26237014,0.63888574,0.52047306,0.3596328,-0.13391814,0.5052047,-0.383332",0.0
"0.21536474,0.3317868,0.26237014,0.63888574,0.52047306,0.3596328,-0.13391814,0.5052047,-0.383332","0.7272639,0.8074813,0.90140057","0.28481317,0.44281137,0.35920814,0.53819984,0.6802311,-0.020809516,-0.13391814,0.5052047,-0.383332",0.0
"0.28481317,0.44281137,0.35920814,0.53819984,0.6802311,-0.020809516,-0.13391814,0.5052047,-0.383332","0.73627055,0.7639805,0.8794954","0.35512164,0.5478548,0.45369285,0.33498174,0.6976189,-0.35029393,-0.13391814,0.5052047,-0.383332",0.0
"0.35512164,0.5478548,0.45369285,0.33498174,0.6976189,-0.35029393,-0.13391814,0.5052047,-0.383332","0.7879808,0.76054025,0.8509407","0.43036813,0.65242517,0.54510987,0.12153929,0.57339066,-0.58519423,-0.13391814,0.5052047,-0.383332",0.0
"0.43036813,0.65242517,0.54510987,0.12153929,0.57339066,-0.58519423,-0.13391814,0.5052047,-0.383332","0.7665572,-0.25280654,0.882643","0.50356877,0.61766565,0.6399327,-0.0112325,0.48525617,-0.5546946,-0.13391814,0.5052047,-0.383332",0.0
"0.50356877,0.61766565,0.6399327,-0.0112325,0.48525617,-0.5546946,-0.13391814,0.5052047,-0.383332","0.61876166,-0.640116,0.5555477","0.562656,0.5296531,0.69961554,-0.09726712,0.45813194,-0.4538397,-0.13391814,0.5052047,-0.383332",0.0
"0.562656,0.5296531,0.69961554,-0.09726712,0.45813194,-0.4538397,-0.13391814,0.5052047,-0.383332","0.13957119,-0.28877962,-0.21564323","0.575984,0.4899474,0.6764488,-0.12965,0.50827545,-0.40183204,-0.13391814,0.5052047,-0.383332",0.0
"0.0,0.0,0.0,2.8652207e-07,0.005789075,0.993462,-0.038538013,0.53520465,-0.75788224","0.73330665,0.9364934,0.7505981","0.07002547,0.12876302,0.08063722,0.369001,0.08844473,0.90172243,-0.038538013,0.53520465,-0.75788224",0.0
"0.07002547,0.12876302,0.08063722,0.369001,0.08844473,0.90172243,-0.038538013,0.53520465,-0.75788224","0.87019074,0.93838036,0.88402605","0.15312237,0.2577855,0.1756087,0.6160482,0.3280736,0.62612414,-0.038538013,0.53520465,-0.75788224",0.0
"0.15312237,0.2577855,0.1756087,0.6160482,0.3280736,0.62612414,-0.038538013,0.53520465,-0.75788224","0.8571837,0.88382363,0.8701453","0.2349772,0.37930673,0.26908895,0.635064,0.58560926,0.25123334,-0.038538013,0.53520465,-0.75788224",0.0
"0.2349772,0.37930673,0.26908895,0.635064,0.58560926,0.25123334,-0.038538013,0.53520465,-0.75788224","0.87705207,0.8692578,0.91242313","0.3187293,0.49882522,0.36711112,0.4620129,0.73237276,-0.15038519,-0.038538013,0.53520465,-0.75788224",0.0
"0.3187293,0.49882522,0.36711112,0.4620129,0.73237276,-0.15038519,-0.038538013,0.53520465,-0.75788224","0.88158584,0.88303924,0.9437671","0.40291435,0.6202386,0.46850058,0.20870827,0.6822152,-0.49456483,-0.038538013,0.53520465,-0.75788224",0.0
"0.40291435,0.6202386,0.46850058,0.20870827,0.6822152,-0.49456483,-0.038538013,0.53520465,-0.75788224","0.85640526,0.8305925,0.7093797","0.4846948,0.73444086,0.5447096,0.018387252,0.5026079,-0.6943523,-0.038538013,0.53520465,-0.75788224",0.0
"0.4846948,0.73444086,0.5447096,0.018387252,0.5026079,-0.6943523,-0.038538013,0.53520465,-0.75788224","0.40566397,0.34676373,-0.56320757","0.5234328,0.7821191,0.48420385,-0.04483367,0.5291709,-0.74976426,-0.038538013,0.53520465,-0.75788224",0.0
"0.0,0.0,0.0,2.8652207e-07,0.005789075,0.993462,-0.4235088,-0.65877193,-0.5299094","0.82120085,-0.91368264,-0.947848","0.07841872,-0.12562667,-0.10182791,-0.38807288,-0.09161859,0.88791376,-0.4235088,-0.65877193,-0.5299094",0.0
"0.07841872,-0.12562667,-0.10182791,-0.38807288,-0.09161859,0.88791376,-0.4235088,-0.65877193,-0.5299094","0.9095752,-0.9381537,-0.960001","0.16527656,-0.254618,-0.20496143,-0.6213609,-0.34846655,0.5909521,-0.4235088,-0.65877193,-0.5299094",0.0
"0.16527656,-0.254618,-0.20496143,-0.6213609,-0.34846655,0.5909521,-0.4235088,-0.65877193,-0.5299094","0.8811679,-0.9040099,-0.9501603","0.24942169,-0.3789147,-0.30703774,-0.61355346,-0.6031575,0.19295864,-0.4235088,-0.65877193,-0.5299094",0.0
"0.24942169,-0.3789147,-0.30703774,-0.61355346,-0.6031575,0.19295864,-0.4235088,-0.65877193,-0.5299094","0.73424387,-0.8855353,-0.879412","0.31953663,-0.5006713,-0.40151355,-0.45540488,-0.70452285,-0.19874454,-0.4235088,-0.65877193,-0.5299094",0.0
"0.31953663,-0.5006713,-0.40151355,-0.45540488,-0.70452285,-0.19874454,-0.4235088,-0.65877193,-0.5299094","0.06518006,-0.7486818,-0.09545922","0.32576087,-0.60361123,-0.41176873,-0.41644818,-0.67212176,-0.41576728,-0.4235088,-0.65877193,-0.5299094",0.0
"0.32576087,-0.60361123,-0.41176873,-0.41644818,-0.67212176,-0.41576728,-0.4235088,-0.65877193,-0.5299094","0.029729962,-0.4712063,0.25814342","0.32859987,-0.6683997,-0.38403618,-0.40383753,-0.66476095,-0.51390487,-0.4235088,-0.65877193,-0.5299094",0.0
"0.32859987,-0.6683997,-0.38403618,-0.40383753,-0.66476095,-0.51390487,-0.4235088,-0.65877193,-0.5299094","-0.052559316,-0.045096636,0.03368759","0.32358083,-0.6746003,-0.38041705,-0.41390115,-0.65771705,-0.52243173,-0.4235088,-0.65877193,-0.5299094",0.0
"0.0,0.0,0.0,2.8652207e-07,0.005789075,0.993462,-0.39216375,-0.0057894737,-0.8776547","-0.111453235,-0.97030574,-0.9609216","-0.01064298,-0.13341205,-0.103232406,-0.41514215,0.01967794,0.8790007,-0.39216375,-0.0057894737,-0.8776547",0.0
"-0.01064298,-0.13341205,-0.103232406,-0.41514215,0.01967794,0.8790007,-0.39216375,-0.0057894737,-0.8776547","0.0142810345,-0.9733697,-0.92633945","-0.009279247,-0.26724538,-0.20274962,-0.7278449,0.027015515,0.5718981,-0.39216375,-0.0057894737,-0.8776547",0.0
"-0.009279247,-0.26724538,-0.20274962,-0.7278449,0.027015515,0.5718981,-0.39216375,-0.0057894737,-0.8776547","0.19561756,-0.9519699,-0.9471852","0.009400807,-0.39813638,-0.3045063,-0.8715855,-0.01995636,0.15626375,-0.39216375,-0.0057894737,-0.8776547",0.0
"0.009400807,-0.39813638,-0.3045063,-0.8715855,-0.01995636,0.15626375,-0.39216375,-0.0057894737,-0.8776547","0.37439322,-0.9422859,-0.93703187","0.04515264,-0.5276959,-0.40517217,-0.8223253,-0.11158843,-0.25821367,-0.39216375,-0.0057894737,-0.8776547",0.0
"0.04515264,-0.5276959,-0.40517217,-0.8223253,-0.11158843,-0.25821367,-0.39216375,-0.0057894737,-0.8776547","0.26880252,-0.9322831,-0.9124433","0.07082134,-0.6558801,-0.5031965,-0.6251609,-0.13549884,-0.57414335,-0.39216375,-0.0057894737,-0.8776547",0.0
"0.07082134,-0.6558801,-0.5031965,-0.6251609,-0.13549884,-0.57414335,-0.39216375,-0.0057894737,-0.8776547","-0.36766726,-0.90374255,-0.7431361","0.03571178,-0.7801401,-0.583032,-0.39425403,-0.03859248,-0.73939776,-0.39216375,-0.0057894737,-0.8776547",0.0
"0.03571178,-0.7801401,-0.583032,-0.39425403,-0.03859248,-0.73939776,-0.39216375,-0.0057894737,-0.8776547","-0.28970635,-0.6211424,0.42808902","0.008046929,-0.865544,-0.5370421,-0.34738526,-0.0029922505,-0.8326219,-0.39216375,-0.0057894737,-0.8776547",0.0
"0.008046929,-0.865544,-0.5370421,-0.34738526,-0.0029922505,-0.8326219,-0.39216375,-0.0057894737,-0.8776547","0.0114991665,-0.13529706,0.42965424","0.009145018,-0.8841467,-0.49088404,-0.38394433,-0.0052416036,-0.86369777,-0.39216375,-0.0057894737,-0.8776547",0.0
"0.0,0.0,0.0,2.8652207e-07,0.005789075,0.993462,-0.5346784,-0.57222223,-0.5299094","0.58734787,-0.8971697,-0.92464864","0.056087453,-0.12335622,-0.09933559,-0.38622698,-0.06288786,0.89214295,-0.5346784,-0.57222223,-0.5299094",0.0
"0.056087453,-0.12335622,-0.09933559,-0.38622698,-0.06288786,0.89214295,-0.5346784,-0.57222223,-0.5299094","0.62384284,-0.92785484,-0.9463695","0.115659915,-0.2509315,-0.20100467,-0.66085994,-0.24509189,0.602879,-0.5346784,-0.57222223,-0.5299094",0.0
"0.115659915,-0.2509315,-0.20100467,-0.66085994,-0.24509189,0.602879,-0.5346784,-0.57222223,-0.5299094","0.7074863,-0.91810787,-0.94524735","0.18321972,-0.37716663,-0.30255318,-0.72452015,-0.46324077,0.20358798,-0.5346784,-0.57222223,-0.5299094",0.0
"0.18321972,-0.37716663,-0.30255318,-0.72452015,-0.46324077,0.20358798,-0.5346784,-0.57222223,-0.5299094","0.55842805,-0.88323015,-0.88156605","0.23654553,-0.49860626,-0.39726037,-0.6244441,-0.56590724,-0.18916316,-0.5346784,-0.57222223,-0.5299094",0.0
"0.23654553,-0.49860626,-0.39726037,-0.6244441,-0.56590724,-0.18916316,-0.5346784,-0.57222223,-0.5299094","0.17813861,-0.73441577,-0.2618189","0.2535565,-0.5995847,-0.4253877,-0.5480872,-0.5521951,-0.4210984,-0.5346784,-0.57222223,-0.5299094",0.0
"0.2535565,-0.5995847,-0.4253877,-0.5480872,-0.5521951,-0.4210984,-0.5346784,-0.57222223,-0.5299094","0.1538353,-0.44505072,0.37249684","0.26824662,-0.660777,-0.3853701,-0.5247318,-0.579925,-0.50060827,-0.5346784,-0.57222223,-0.5299094",0.0
"0.26824662,-0.660777,-0.3853701,-0.5247318,-0.579925,-0.50060827,-0.5346784,-0.57222223,-0.5299094","-0.024264336,-0.10025644,0.047911525","0.26592958,-0.67456174,-0.38022292,-0.5257738,-0.57259095,-0.52218586,-0.5346784,-0.57222223,-0.5299094",0.0
"0.0,0.0,0.0,2.8652207e-07,0.005789075,0.993462,0.19783626,0.7577193,-0.5299094","0.86112225,0.9247544,0.96087253","0.08223093,0.12714897,0.103227146,0.38847405,0.1086388,0.88526064,0.19783626,0.7577193,-0.5299094",0.0
"0.08223093,0.12714897,0.103227146,0.38847405,0.1086388,0.88526064,0.19783626,0.7577193,-0.5299094","0.9373491,0.90576875,0.9278649","0.17174096,0.25168753,0.20290828,0.6036428,0.36821267,0.5989121,0.19783626,0.7577193,-0.5299094",0.0
"0.17174096,0.25168753,0.20290828,0.6036428,0.36821267,0.5989121,0.19783626,0.7577193,-0.5299094","0.9631083,0.9336314,0.9489906","0.26371083,0.38005707,0.30485892,0.5780344,0.6386718,0.19393973,0.19783626,0.7577193,-0.5299094",0.0
"0.26371083,0.38005707,0.30485892,0.5780344,0.6386718,0.19393973,0.19783626,0.7577193,-0.5299094","0.9338112,0.895002,0.97312546","0.352883,0.5031153,0.4094024,0.365687,0.7470511,-0.2134789,0.19783626,0.7577193,-0.5299094",0.0
"0.352883,0.5031153,0.4094024,0.365687,0.7470511,-0.2134789,0.19783626,0.7577193,-0.5299094","0.82955956,0.8580111,0.48404658","0.43209994,0.62108743,0.46140376,0.14708762,0.70640147,-0.49084675,0.19783626,0.7577193,-0.5299094",0.0
"0.43209994,0.62108743,0.46140376,0.14708762,0.70640147,-0.49084675,0.19783626,0.7577193,-0.5299094","-0.088510156,0.2728603,-0.52393246","0.42364788,0.6586044,0.40511736,0.1751525,0.7405273,-0.5138841,0.19783626,0.7577193,-0.5299094",0.0
"0.42364788,0.6586044,0.40511736,0.1751525,0.7405273,-0.5138841,0.19783626,0.7577193,-0.5299094","-0.025084615,0.076586604,-0.16128623","0.42125246,0.6691347,0.38779023,0.18365172,0.7507939,-0.5186269,0.19783626,0.7577193,-0.5299094",0.0
"0.42125246,0.6691347,0.38779023,0.18365172,0.7507939,-0.5186269,0.19783626,0.7577193,-0.5299094","-0.005443692,0.024518251,-0.039001226","0.4207326,0.67250586,0.38360026,0.18541513,0.75260615,-0.5212941,0.19783626,0.7577193,-0.5299094",0.0
"0.0,0.0,0.0,2.8652207e-07,0.005789075,0.993462,0.3760234,0.56497073,-0.71845937","0.91069436,0.94401836,0.9487277","0.08696472,0.12979767,0.101922415,0.39032537,0.11538725,0.8837364,0.3760234,0.56497073,-0.71845937",0.0
"0.08696472,0.12979767,0.101922415,0.39032537,0.11538725,0.8837364,0.3760234,0.56497073,-0.71845937","0.86103046,0.9669565,0.9420159","0.16918688,0.26274922,0.20312378,0.61984843,0.37115976,0.5793217,0.3760234,0.56497073,-0.71845937",0.0
"0.16918688,0.26274922,0.20312378,0.61984843,0.37115976,0.5793217,0.3760234,0.56497073,-0.71845937","0.84883046,0.96559596,0.9591404","0.25024405,0.39551374,0.30616483,0.6106437,0.6197762,0.15927425,0.3760234,0.56497073,-0.71845937",0.0
"0.25024405,0.39551374,0.30616483,0.6106437,0.6197762,0.15927425,0.3760234,0.56497073,-0.71845937","0.62354136,0.97992826,0.95270777","0.3097877,0.5302489,0.40851477,0.4599741,0.68615407,-0.26729402,0.3760234,0.56497073,-0.71845937",0.0
"0.3097877,0.5302489,0.40851477,0.4599741,0.68615407,-0.26729402,0.3760234,0.56497073,-0.71845937","0.21489835,0.9685967,0.54117596","0.3303089,0.6634259,0.4666536,0.34106424,0.589383,-0.56684554,0.3760234,0.56497073,-0.71845937",0.0
"0.3303089,0.6634259,0.4666536,0.34106424,0.589383,-0.56684554,0.3760234,0.56497073,-0.71845937","-0.14825004,0.7181531,-0.5261025","0.31615213,0.7621684,0.41013405,0.35312614,0.5524537,-0.69703054,0.3760234,0.56497073,-0.71845937",0.0
"0.31615213,0.7621684,0.41013405,0.35312614,0.5524537,-0.69703054,0.3760234,0.56497073,-0.71845937","-0.047905266,0.1654067,-0.1991117","0.3115775,0.78491104,0.3887433,0.36209327,0.5489045,-0.72237766,0.3760234,0.56497073,-0.71845937",0.0
"0.3115775,0.78491104,0.3887433,0.36209327,0.5489045,-0.72237766,0.3760234,0.56497073,-0.71845937","-0.018662572,-0.009445846,-0.029724479","0.30979538,0.7836123,0.38554996,0.36837718,0.5515943,-0.7185796,0.3760234,0.56497073,-0.71845937",0.0
"0.0,0.0,0.0,2.8652207e-07,0.005789075,0.993462,0.066023394,0.04233918,-0.29016843","0.0006071329,0.93101585,0.9421263","5.7981943e-05,0.12800989,0.101213224,0.40264586,0.0058624423,0.88609433,0.066023394,0.04233918,-0.29016843",0.0
"5.7981943e-05,0.12800989,0.101213224,0.40264586,0.0058624423,0.88609433,0.066023394,0.04233918,-0.29016843","-0.7330225,0.89498353,0.94030094","-0.06994034,0.25106552,0.20223035,0.69006306,-0.14817972,0.6009339,0.066023394,0.04233918,-0.29016843",0.0
"-0.06994034,0.25106552,0.20223035,0.69006306,-0.14817972,0.6009339,0.066023394,0.04233918,-0.29016843","-0.9316473,0.8651986,0.89557624","-0.1589059,0.3700259,0.29844266,0.7541129,-0.40461504,0.22492452,0.066023394,0.04233918,-0.29016843",0.0
"-0.1589059,0.3700259,0.29844266,0.7541129,-0.40461504,0.22492452,0.066023394,0.04233918,-0.29016843","-0.869308,0.9535692,0.91970074","-0.24191849,0.5011368,0.3972467,0.6145476,-0.57612336,-0.19434676,0.066023394,0.04233918,-0.29016843",0.0
"-0.24191849,0.5011368,0.3972467,0.6145476,-0.57612336,-0.19434676,0.066023394,0.04233918,-0.29016843","-0.8252014,0.96229935,0.967945","-0.32071924,0.63344806,0.5012335,0.3580357,-0.5561608,-0.5375401,0.066023394,0.04233918,-0.29016843",0.0
"-0.32071924,0.63344806,0.5012335,0.3580357,-0.5561608,-0.5375401,0.066023394,0.04233918,-0.29016843","-0.76901925,0.934798,0.96805215","-0.394155,0.76197803,0.60523194,0.13190237,-0.36421058,-0.7151613,0.066023394,0.04233918,-0.29016843",0.0
"-0.394155,0.76197803,0.60523194,0.13190237,-0.36421058,-0.7151613,0.066023394,0.04233918,-0.29016843","-0.51399994,0.9867525,0.9710194","-0.44323826,0.8976515,0.7095491,0.023317778,-0.09673433,-0.7169492,0.066023394,0.04233918,-0.29016843",0.0
"-0.44323826,0.8976515,0.7095491,0.023317778,-0.09673433,-0.7169492,0.066023394,0.04233918,-0.29016843","-0.9476207,0.9263562,0.97496796","-0.5337263,0.9999807,0.81429374,0.014101524,0.077843316,-0.576792,0.066023394,0.04233918,-0.29016843",0.0
"-0.5337263,0.9999807,0.81429374,0.014101524,0.077843316,-0.576792,0.066023394,0.04233918,-0.29016843","-0.9750856,0.800117,0.9749627","-0.6268372,0.9999802,0.91903436,0.04217711,0.085262544,-0.4148662,0.066023394,0.04233918,-0.29016843",0.0
"-0.6268372,0.9999802,0.91903436,0.04217711,0.085262544,-0.4148662,0.066023394,0.04233918,-0.29016843","-0.94779915,0.7993406,0.9023802","-0.71734273,0.99998003,0.9999978,0.05383947,0.057021823,-0.2901467,0.066023394,0.04233918,-0.29016843",0.0
"-0.71734273,0.99998003,0.9999978,0.05383947,0.057021823,-0.2901467,0.066023394,0.04233918,-0.29016843","-0.71368676,0.8328432,0.79547226","-0.78549224,0.99998003,0.9999978,0.06472471,0.044280197,-0.2901426,0.066023394,0.04233918,-0.29016843",0.0
"0.0,0.0,0.0,2.8652207e-07,0.005789075,0.993462,0.05888889,0.78093565,-0.5299094","0.6873549,0.9295031,0.8901324","0.06563741,0.1278019,0.09562748,0.3860393,0.086665936,0.89088315,0.05888889,0.78093565,-0.5299094",0.0
"0.06563741,0.1278019,0.09562748,0.3860393,0.086665936,0.89088315,0.05888889,0.78093565,-0.5299094","0.8670124,0.9271569,0.85335207","0.1484308,0.2552812,0.18730362,0.6246418,0.32088363,0.6144189,0.05888889,0.78093565,-0.5299094",0.0
"0.1484308,0.2552812,0.18730362,0.6246418,0.32088363,0.6144189,0.05888889,0.78093565,-0.5299094","0.9348768,0.87282205,0.9334208","0.23770475,0.37528977,0.2875816,0.6273948,0.5885973,0.23082949,0.05888889,0.78093565,-0.5299094",0.0
"0.23770475,0.37528977,0.2875816,0.6273948,0.5885973,0.23082949,0.05888889,0.78093565,-0.5299094","0.9641433,0.86583674,0.95274496","0.32977343,0.49433792,0.38993558,0.42776048,0.73349327,-0.17099483,0.05888889,0.78093565,-0.5299094",0.0
"0.32977343,0.49433792,0.38993558,0.42776048,0.73349327,-0.17099483,0.05888889,0.78093565,-0.5299094","0.94842315,0.8615515,0.77958107","0.42034096,0.61279684,0.4736864,0.1708129,0.6916284,-0.4853685,0.05888889,0.78093565,-0.5299094",0.0
"0.42034096,0.61279684,0.4736864,0.1708129,0.6916284,-0.4853685,0.05888889,0.78093565,-0.5299094","0.6900823,0.27302396,-0.5580347","0.4862388,0.65033627,0.41373637,0.026935156,0.7566741,-0.50583875,0.05888889,0.78093565,-0.5299094",0.0
"0.4862388,0.65033627,0.41373637,0.026935156,0.7566741,-0.50583875,0.05888889,0.78093565,-0.5299094","-0.12441349,0.10632479,-0.22230655","0.47435823,0.66495544,0.38985378,0.056491233,0.7717297,-0.5125634,0.05888889,0.78093565,-0.5299094",0.0
"0.47435823,0.66495544,0.38985378,0.056491233,0.7717297,-0.5125634,0.05888889,0.78093565,-0.5299094","0.026027441,0.048812747,-0.04600054","0.47684366,0.671667,0.38491186,0.05049776,0.77261156,-0.52086884,0.05888889,0.78093565,-0.5299094",0.0
"0.0,0.0,0.0,2.8652207e-07,0.005789075,0.993462,-0.09380117,-0.15415204,-0.40556052","0.83111227,-0.8971932,-0.94632876","0.07936519,-0.12335945,-0.10166469,-0.38329312,-0.091624886,0.89024025,-0.09380117,-0.15415204,-0.40556052",0.0
"0.07936519,-0.12335945,-0.10166469,-0.38329312,-0.091624886,0.89024025,-0.09380117,-0.15415204,-0.40556052","0.65386915,-0.61445856,-0.9660489","0.14180495,-0.20784433,-0.20544794,-0.58401996,-0.27245986,0.66775113,-0.09380117,-0.15415204,-0.40556052",0.0
"0.14180495,-0.20784433,-0.20544794,-0.58401996,-0.27245986,0.66775113,-0.09380117,-0.15415204,-0.40556052","0.5807209,-0.55520856,-0.95613945","0.19725958,-0.28418267,-0.3081666,-0.6424792,-0.4512793,0.38198313,-0.09380117,-0.15415204,-0.40556052",0.0
"0.19725958,-0.28418267,-0.3081666,-0.6424792,-0.4512793,0.38198313,-0.09380117,-0.15415204,-0.40556052","0.51994324,-0.64486027,-0.9644407","0.24691038,-0.37284768,-0.41177705,-0.5902385,-0.570783,0.047671705,-0.09380117,-0.15415204,-0.40556052",0.0
"0.24691038,-0.37284768,-0.41177705,-0.5902385,-0.570783,0.047671705,-0.09380117,-0.15415204,-0.40556052","0.5281327,-0.6305878,-0.97073555","0.29734322,-0.45955032,-0.5160638,-0.44328606,-0.58980775,-0.24905579,-0.09380117,-0.15415204,-0.40556052",0.0
"0.29734322,-0.45955032,-0.5160638,-0.44328606,-0.58980775,-0.24905579,-0.09380117,-0.15415204,-0.40556052","0.032235503,-0.68082225,-0.964178","0.30042148,-0.5531599,-0.61964595,-0.33514634,-0.45271045,-0.4687156,-0.09380117,-0.15415204,-0.40556052",0.0
"0.30042148,-0.5531599,-0.61964595,-0.33514634,-0.45271045,-0.4687156,-0.09380117,-0.15415204,-0.40556052","0.047947288,-0.48488617,-0.953673","0.30500013,-0.6198293,-0.72209966,-0.21734548,-0.29918417,-0.54287726,-0.09380117,-0.15415204,-0.40556052",0.0
"0.30500013,-0.6198293,-0.72209966,-0.21734548,-0.29918417,-0.54287726,-0.09380117,-0.15415204,-0.40556052","0.0896014,0.18443036,-0.926086","0.3135564,-0.59447116,-0.82158965,-0.14765574,-0.21210632,-0.4720175,-0.09380117,-0.15415204,-0.40556052",0.0
"0.3135564,-0.59447116,-0.82158965,-0.14765574,-0.21210632,-0.4720175,-0.09380117,-0.15415204,-0.40556052","0.06965661,0.3037212,-0.6452933","0.32020813,-0.5527111,-0.8909139,-0.111585274,-0.16526951,-0.39674136,-0.09380117,-0.15415204,-0.40556052",0.0
"0.32020813,-0.5527111,-0.8909139,-0.111585274,-0.16526951,-0.39674136,-0.09380117,-0.15415204,-0.40556052","0.092556715,-0.093322754,-0.039583683","0.32904664,-0.5655426,-0.89516646,-0.10081191,-0.15798901,-0.3991982,-0.09380117,-0.15415204,-0.40556052",0.0
"0.0,0.0,0.0,2.8652207e-07,0.005789075,0.993462,-0.09654971,-0.2056725,-0.95748115","0.39219868,-0.9788433,-0.9755941","0.037452124,-0.13458592,-0.10480869,-0.4174644,-0.043517027,0.87645066,-0.09654971,-0.2056725,-0.95748115",0.0
"0.037452124,-0.13458592,-0.10480869,-0.4174644,-0.043517027,0.87645066,-0.09654971,-0.2056725,-0.95748115","0.6528089,-0.9534887,-0.9776349","0.09979063,-0.26568574,-0.20983662,-0.6964031,-0.2196835,0.5645418,-0.09654971,-0.2056725,-0.95748115",0.0
"0.09979063,-0.26568574,-0.20983662,-0.6964031,-0.2196835,0.5645418,-0.09654971,-0.2056725,-0.95748115","0.71749055,-0.94419813,-0.9633358","0.16830577,-0.39550814,-0.3133284,-0.752795,-0.4331064,0.14824232,-0.09654971,-0.2056725,-0.95748115",0.0
"0.16830577,-0.39550814,-0.3133284,-0.752795,-0.4331064,0.14824232,-0.09654971,-0.2056725,-0.95748115","0.5044446,-0.91826165,-0.93138874","0.21647657,-0.52176446,-0.413388,-0.64425087,-0.5136227,-0.25591648,-0.09654971,-0.2056725,-0.95748115",0.0
"0.21647657,-0.52176446,-0.413388,-0.64425087,-0.5136227,-0.25591648,-0.09654971,-0.2056725,-0.95748115","0.8274689,-0.92366064,-0.90262276","0.29549384,-0.64876306,-0.5103573,-0.38594595,-0.50603557,-0.56640327,-0.09654971,-0.2056725,-0.95748115",0.0
"0.29549384,-0.64876306,-0.5103573,-0.38594595,-0.50603557,-0.56640327,-0.09654971,-0.2056725,-0.95748115","0.4076848,-0.939363,-0.8525275","0.3344248,-0.77792066,-0.60194486,-0.19039495,-0.3207538,-0.7310849,-0.09654971,-0.2056725,-0.95748115",0.0
"0.3344248,-0.77792066,-0.60194486,-0.19039495,-0.3207538,-0.7310849,-0.09654971,-0.2056725,-0.95748115","0.18970978,-0.7899919,-0.19717842","0.35254067,-0.8865406,-0.6231278,-0.098066986,-0.18337084,-0.795897,-0.09654971,-0.2056725,-0.95748115",0.0
"0.35254067,-0.8865406,-0.6231278,-0.098066986,-0.18337084,-0.795897,-0.09654971,-0.2056725,-0.95748115","0.20438159,-0.6929983,0.63158476","0.37205765,-0.9818243,-0.5552762,-0.06548056,-0.13924229,-0.89292854,-0.09654971,-0.2056725,-0.95748115",0.0
"0.37205765,-0.9818243,-0.5552762,-0.06548056,-0.13924229,-0.89292854,-0.09654971,-0.2056725,-0.95748115","0.10856295,-0.22944325,0.57935417","0.38242257,-0.9999812,-0.49305385,-0.07838823,-0.18644018,-0.9459755,-0.09654971,-0.2056725,-0.95748115",0.0
"0.38242257,-0.9999812,-0.49305385,-0.07838823,-0.18644018,-0.9459755,-0.09654971,-0.2056725,-0.95748115","0.02206266,-0.013078153,0.14661682","0.38452744,-0.9999812,-0.4773216,-0.08434754,-0.20590773,-0.95542824,-0.09654971,-0.2056725,-0.95748115",0.0
"0.0,0.0,0.0,2.8652207e-07,0.005789075,0.993462,0.66847956,0.117426895,-0.71845937","0.6447513,0.9832916,0.9628055","0.061569072,0.13519755,0.10343481,0.41034317,0.08627474,0.8770092,0.66847956,0.117426895,-0.71845937",0.0
"0.061569072,0.13519755,0.10343481,0.41034317,0.08627474,0.8770092,0.66847956,0.117426895,-0.71845937","0.34121013,0.97471476,0.96651554","0.09415216,0.26921585,0.20726818,0.69994855,0.21934544,0.56192476,0.66847956,0.117426895,-0.71845937",0.0
"0.09415216,0.26921585,0.20726818,0.69994855,0.21934544,0.56192476,0.66847956,0.117426895,-0.71845937","0.0976944,0.9695976,0.9681268","0.10348127,0.40253052,0.31127465,0.82498103,0.2841735,0.13648905,0.66847956,0.117426895,-0.71845937",0.0
"0.10348127,0.40253052,0.31127465,0.82498103,0.2841735,0.13648905,0.66847956,0.117426895,-0.71845937","-0.12560219,0.9789711,0.96431947","0.09148717,0.5371341,0.41487202,0.78269815,0.23740306,-0.2884053,0.66847956,0.117426895,-0.71845937",0.0
"0.09148717,0.5371341,0.41487202,0.78269815,0.23740306,-0.2884053,0.66847956,0.117426895,-0.71845937","-0.21123505,0.91605055,0.52413225","0.07131576,0.6630864,0.47117984,0.65720344,0.15569538,-0.56893724,0.66847956,0.117426895,-0.71845937",0.0
"0.07131576,0.6630864,0.47117984,0.65720344,0.15569538,-0.56893724,0.66847956,0.117426895,-0.71845937","-0.1794293,0.67333317,-0.66683555","0.054181565,0.75566626,0.39954123,0.6659951,0.12034568,-0.6807137,0.66847956,0.117426895,-0.71845937",0.0
"0.054181565,0.75566626,0.39954123,0.6659951,0.12034568,-0.6807137,0.66847956,0.117426895,-0.71845937","-0.04700774,0.1776973,-0.26141053","0.049692664,0.7800988,0.3714577,0.67638224,0.11232023,-0.70466715,0.66847956,0.117426895,-0.71845937",0.0
"0.0,0.0,0.0,2.8652207e-07,0.005789075,0.993462,-0.14959066,0.17105262,-0.95748115","-0.81226563,-0.993408,-0.9377854","-0.07756548,-0.1365885,-0.10074688,-0.40507,0.10667394,0.87789243,-0.14959066,0.17105262,-0.95748115",0.0
"-0.07756548,-0.1365885,-0.10074688,-0.40507,0.10667394,0.87789243,-0.14959066,0.17105262,-0.95748115","-0.91252315,-0.9894444,-0.9394568","-0.16470481,-0.27263203,-0.2016733,-0.63585186,0.36856455,0.5638205,-0.14959066,0.17105262,-0.95748115",0.0
"-0.16470481,-0.27263203,-0.2016733,-0.63585186,0.36856455,0.5638205,-0.14959066,0.17105262,-0.95748115","-0.90479916,-0.9765377,-0.92962486","-0.25110656,-0.40690097,-0.30154347,-0.61386275,0.626364,0.1421395,-0.14959066,0.17105262,-0.95748115",0.0
"-0.25110656,-0.40690097,-0.30154347,-0.61386275,0.626364,0.1421395,-0.14959066,0.17105262,-0.95748115","-0.6274409,-0.96095526,-0.941424","-0.3110226,-0.53902745,-0.4026812,-0.45885807,0.6902293,-0.27821693,-0.14959066,0.17105262,-0.95748115",0.0
"-0.3110226,-0.53902745,-0.4026812,-0.45885807,0.6902293,-0.27821693,-0.14959066,0.17105262,-0.95748115","0.05395758,-0.96727115,-0.91688806","-0.30587006,-0.6720223,-0.50118303,-0.3547171,0.5177654,-0.5981946,-0.14959066,0.17105262,-0.95748115",0.0
"-0.30587006,-0.6720223,-0.50118303,-0.3547171,0.5177654,-0.5981946,-0.14959066,0.17105262,-0.95748115","0.49557316,-0.94847393,-0.719979","-0.25854644,-0.80243266,-0.5785307,-0.2535544,0.2759667,-0.76180243,-0.14959066,0.17105262,-0.95748115",0.0
"-0.25854644,-0.80243266,-0.5785307,-0.2535544,0.2759667,-0.76180243,-0.14959066,0.17105262,-0.95748115","0.051326394,-0.77223647,-0.1955669","-0.25364515,-0.90861124,-0.59954053,-0.14022304,0.15175559,-0.8254778,-0.14959066,0.17105262,-0.95748115",0.0
"-0.25364515,-0.90861124,-0.59954053,-0.14022304,0.15175559,-0.8254778,-0.14959066,0.17105262,-0.95748115","-0.11487669,-0.707085,0.7388191","-0.26461723,-0.9999812,-0.5201855,-0.10903555,0.12813137,-0.927368,-0.14959066,0.17105262,-0.95748115",0.0
"-0.26461723,-0.9999812,-0.5201855,-0.10903555,0.12813137,-0.927368,-0.14959066,0.17105262,-0.95748115","0.0097100735,-0.11226845,0.4861046","-0.2636919,-0.9999812,-0.46798232,-0.15436202,0.17681229,-0.9605657,-0.14959066,0.17105262,-0.95748115",0.0
"0.0,0.0,0.0,2.8652207e-07,0.005789075,0.993462,-0.7628071,0.255731,-0.6346448","-0.6410377,-0.979284,-0.902792","-0.061214454,-0.1346465,-0.096987516,-0.4019668,0.08416785,0.88303334,-0.7628071,0.255731,-0.6346448",0.0
"-0.061214454,-0.1346465,-0.096987516,-0.4019668,0.08416785,0.88303334,-0.7628071,0.255731,-0.6346448","-0.7062305,-0.98159295,-0.86608094","-0.12865435,-0.2696105,-0.19003114,-0.6634134,0.29005828,0.5856976,-0.7628071,0.255731,-0.6346448",0.0
"-0.12865435,-0.2696105,-0.19003114,-0.6634134,0.29005828,0.5856976,-0.7628071,0.255731,-0.6346448","-0.1934855,-0.9713166,-0.81392837","-0.14713082,-0.40316153,-0.27747196,-0.78418124,0.39716616,0.18743967,-0.7628071,0.255731,-0.6346448",0.0
"-0.14713082,-0.40316153,-0.27747196,-0.78418124,0.39716616,0.18743967,-0.7628071,0.255731,-0.6346448","0.43399024,-0.93880934,-0.84622675","-0.10568789,-0.5322431,-0.36838257,-0.81158084,0.28595152,-0.2224389,-0.7628071,0.255731,-0.6346448",0.0
"-0.10568789,-0.5322431,-0.36838257,-0.81158084,0.28595152,-0.2224389,-0.7628071,0.255731,-0.6346448","0.017817497,-0.8496192,-0.30650783","-0.10398645,-0.6490614,-0.40131086,-0.7298184,0.25339243,-0.49273372,-0.7628071,0.255731,-0.6346448",0.0
"-0.10398645,-0.6490614,-0.40131086,-0.7298184,0.25339243,-0.49273372,-0.7628071,0.255731,-0.6346448","0.006552577,-0.6145884,0.5215844","-0.10336073,-0.73356414,-0.34527668,-0.7247136,0.25007167,-0.6029364,-0.7628071,0.255731,-0.6346448",0.0
"-0.10336073,-0.73356414,-0.34527668,-0.7247136,0.25007167,-0.6029364,-0.7628071,0.255731,-0.6346448","0.013160944,-0.21591818,0.33761835","-0.102103956,-0.76325184,-0.30900607,-0.73815376,0.25134784,-0.62720585,-0.7628071,0.255731,-0.6346448",0.0
"-0.102103956,-0.76325184,-0.30900607,-0.73815376,0.25134784,-0.62720585,-0.7628071,0.255731,-0.6346448","-0.0003271103,-0.06170988,0.16161406","-0.1021352,-0.7717367,-0.2916437,-0.7487335,0.25494474,-0.627531,-0.7628071,0.255731,-0.6346448",0.0
"0.0,0.0,0.0,2.8652207e-07,0.005789075,0.993462,0.30725148,0.71485376,-0.23054375","0.84181,0.90836287,0.9425919","0.08038676,0.12489522,0.10126324,0.38256702,0.10470108,0.88908905,0.30725148,0.71485376,-0.23054375",0.0
"0.08038676,0.12489522,0.10126324,0.38256702,0.10470108,0.88908905,0.30725148,0.71485376,-0.23054375","0.9231434,0.8658438,0.87988317","0.16854025,0.2439443,0.19578965,0.59390235,0.35427502,0.622011,0.30725148,0.71485376,-0.23054375",0.0
"0.16854025,0.2439443,0.19578965,0.59390235,0.35427502,0.622011,0.30725148,0.71485376,-0.23054375","0.9176209,0.85183704,0.8993522","0.2561664,0.36106753,0.29240763,0.5850977,0.61657065,0.2529704,0.30725148,0.71485376,-0.23054375",0.0
"0.2561664,0.36106753,0.29240763,0.5850977,0.61657065,0.2529704,0.30725148,0.71485376,-0.23054375","0.78928876,0.69031906,0.9218695","0.33153775,0.4559829,0.39144462,0.42366582,0.7358148,-0.09351198,0.30725148,0.71485376,-0.23054375",0.0
"0.33153775,0.4559829,0.39144462,0.42366582,0.7358148,-0.09351198,0.30725148,0.71485376,-0.23054375","0.47515714,0.28215265,0.48654735","0.3769118,0.4947775,0.44371468,0.29720557,0.7452435,-0.23749961,0.30725148,0.71485376,-0.23054375",0.0
"0.3769118,0.4947775,0.44371468,0.29720557,0.7452435,-0.23749961,0.30725148,0.71485376,-0.23054375","-0.089980125,-0.13743764,0.2808119","0.36831936,0.4758806,0.47388247,0.30718738,0.71411526,-0.2349131,0.30725148,0.71485376,-0.23054375",0.0
"0.0,0.0,0.0,2.8652207e-07,0.005789075,0.993462,-0.23590644,-0.0871345,-0.83234775","0.8642745,-0.96012765,-0.97475624","0.08253194,-0.1320126,-0.10471868,-0.40220717,-0.10069746,0.87914646,-0.23590644,-0.0871345,-0.83234775",0.0
"0.08253194,-0.1320126,-0.10471868,-0.40220717,-0.10069746,0.87914646,-0.23590644,-0.0871345,-0.83234775","-0.10330123,-0.9595109,-0.9506832","0.07266741,-0.26394045,-0.20685117,-0.70867354,-0.15871099,0.57191384,-0.23590644,-0.0871345,-0.83234775",0.0
"0.07266741,-0.26394045,-0.20685117,-0.70867354,-0.15871099,0.57191384,-0.23590644,-0.0871345,-0.83234775","0.40001082,-0.92603564,-0.9507217","0.11086554,-0.3912656,-0.3089878,-0.8170585,-0.29051265,0.16391575,-0.23590644,-0.0871345,-0.83234775",0.0
"0.11086554,-0.3912656,-0.3089878,-0.8170585,-0.29051265,0.16391575,-0.23590644,-0.0871345,-0.83234775","0.3855405,-0.9013967,-0.9412334","0.14768186,-0.51520306,-0.41010505,-0.74356216,-0.36559525,-0.2388068,-0.23590644,-0.0871345,-0.83234775",0.0
"0.14768186,-0.51520306,-0.41010505,-0.74356216,-0.36559525,-0.2388068,-0.23590644,-0.0871345,-0.83234775","0.30732882,-0.9131594,-0.9336964","0.17702954,-0.6407578,-0.5104126,-0.5493423,-0.3346583,-0.55393577,-0.23590644,-0.0871345,-0.83234775",0.0
"0.17702954,-0.6407578,-0.5104126,-0.5493423,-0.3346583,-0.55393577,-0.23590644,-0.0871345,-0.83234775","-0.081034005,-0.89932823,-0.8659402","0.16929138,-0.7644109,-0.60344106,-0.3364108,-0.19122615,-0.7180444,-0.23590644,-0.0871345,-0.83234775",0.0
"0.16929138,-0.7644109,-0.60344106,-0.3364108,-0.19122615,-0.7180444,-0.23590644,-0.0871345,-0.83234775","-0.3920915,-0.6244252,-0.22216171","0.1318495,-0.85026616,-0.62730795,-0.23112363,-0.09529034,-0.77250713,-0.23590644,-0.0871345,-0.83234775",0.0
"0.1318495,-0.85026616,-0.62730795,-0.23112363,-0.09529034,-0.77250713,-0.23590644,-0.0871345,-0.83234775","-0.125247,-0.36242008,0.35877967","0.11988931,-0.90009713,-0.588764,-0.21749136,-0.07979754,-0.8288563,-0.23590644,-0.0871345,-0.83234775",0.0
"0.11988931,-0.90009713,-0.588764,-0.21749136,-0.07979754,-0.8288563,-0.23590644,-0.0871345,-0.83234775","-0.05301571,0.043185115,0.11855054","0.11482669,-0.89415944,-0.576028,-0.2415053,-0.08491931,-0.8338326,-0.23590644,-0.0871345,-0.83234775",0.0
"0.0,0.0,0.0,2.8652207e-07,0.005789075,0.993462,0.46649125,-0.7245614,-0.2081845","0.14107525,0.9909067,0.95642114","0.013471668,0.13624458,0.10274892,0.4198872,0.023575602,0.8765272,0.46649125,-0.7245614,-0.2081845",0.0
"0.013471668,0.13624458,0.10274892,0.4198872,0.023575602,0.8765272,0.46649125,-0.7245614,-0.2081845","-0.854848,0.98971784,0.8026717","-0.06816011,0.2723257,0.18898043,0.7117345,-0.14885305,0.5823683,0.46649125,-0.7245614,-0.2081845",0.0
"-0.06816011,0.2723257,0.18898043,0.7117345,-0.14885305,0.5823683,0.46649125,-0.7245614,-0.2081845","-0.9722636,0.70458245,0.62233233","-0.16100422,0.3692022,0.25583798,0.7513973,-0.4095597,0.29310593,0.46649125,-0.7245614,-0.2081845",0.0
"-0.16100422,0.3692022,0.25583798,0.7513973,-0.4095597,0.29310593,0.46649125,-0.7245614,-0.2081845","-0.9206088,0.72647214,0.7126751","-0.24891569,0.4690884,0.33240107,0.6328003,-0.62034565,-0.03830809,0.46649125,-0.7245614,-0.2081845",0.0
"-0.24891569,0.4690884,0.33240107,0.6328003,-0.62034565,-0.03830809,0.46649125,-0.7245614,-0.2081845","-0.7237921,0.40550756,0.43723857","-0.31803256,0.52484363,0.37937382,0.4663512,-0.7142116,-0.22087446,0.46649125,-0.7245614,-0.2081845",0.0
"0.0,0.0,0.0,2.8652207e-07,0.005789075,0.993462,-0.2934503,-0.23573099,-0.391635","0.65164185,-0.85856247,-0.9744235","0.062227063,-0.11804793,-0.10468293,-0.3809242,-0.06952959,0.8928326,-0.2934503,-0.23573099,-0.391635",0.0
"0.062227063,-0.11804793,-0.10468293,-0.3809242,-0.06952959,0.8928326,-0.2934503,-0.23573099,-0.391635","0.6552048,-0.8537164,-0.96097034","0.12479436,-0.23542956,-0.2079206,-0.6372018,-0.25719175,0.61956894,-0.2934503,-0.23573099,-0.391635",0.0
"0.12479436,-0.23542956,-0.2079206,-0.6372018,-0.25719175,0.61956894,-0.2934503,-0.23573099,-0.391635","0.7361921,-0.75292856,-0.9728465","0.19509536,-0.33895335,-0.3124341,-0.6843905,-0.47422785,0.2671178,-0.2934503,-0.23573099,-0.391635",0.0
"0.19509536,-0.33895335,-0.3124341,-0.6843905,-0.47422785,0.2671178,-0.2934503,-0.23573099,-0.391635","0.5512965,-0.6879897,-0.96934354","0.24774016,-0.43354845,-0.41657126,-0.59514374,-0.5786244,-0.08144564,-0.2934503,-0.23573099,-0.391635",0.0
"0.24774016,-0.43354845,-0.41657126,-0.59514374,-0.5786244,-0.08144564,-0.2934503,-0.23573099,-0.391635","-0.12725282,-0.7653985,-0.9645673","0.23558846,-0.5387869,-0.52019525,-0.52196723,-0.46888104,-0.39219296,-0.2934503,-0.23573099,-0.391635",0.0
"0.23558846,-0.5387869,-0.52019525,-0.52196723,-0.46888104,-0.39219296,-0.2934503,-0.23573099,-0.391635","0.0009833574,-0.46451366,-0.96267235","0.23568235,-0.6026552,-0.6236157,-0.3882198,-0.3469351,-0.53510314,-0.2934503,-0.23573099,-0.391635",0.0
"0.23568235,-0.6026552,-0.6236157,-0.3882198,-0.3469351,-0.53510314,-0.2934503,-0.23573099,-0.391635","-0.06402761,0.53619385,-0.93188715","0.2295682,-0.5289313,-0.7237289,-0.3305994,-0.28295845,-0.4530209,-0.2934503,-0.23573099,-0.391635",0.0
"0.2295682,-0.5289313,-0.7237289,-0.3305994,-0.28295845,-0.4530209,-0.2934503,-0.23573099,-0.391635","-0.05619645,0.4066441,-0.6283808","0.22420184,-0.47301993,-0.7912363,-0.28893125,-0.23792365,-0.39072886,-0.2934503,-0.23573099,-0.391635",0.0
"0.0,0.0,0.0,2.8652207e-07,0.005789075,0.993462,-0.37029243,-0.5773684,-0.15444382","0.9254135,-0.8157958,-0.9791234","0.08837026,-0.112167716,-0.10518784,-0.3633319,-0.09752397,0.8978989,-0.37029243,-0.5773684,-0.15444382",0.0
"0.08837026,-0.112167716,-0.10518784,-0.3633319,-0.09752397,0.8978989,-0.37029243,-0.5773684,-0.15444382","0.9519315,-0.8579525,-0.98745733","0.1792728,-0.23013179,-0.21127103,-0.5794404,-0.35902417,0.6237684,-0.37029243,-0.5773684,-0.15444382",0.0
"0.1792728,-0.23013179,-0.21127103,-0.5794404,-0.35902417,0.6237684,-0.37029243,-0.5773684,-0.15444382","0.9075618,-0.7852336,-0.95261824","0.26593837,-0.3380974,-0.3136114,-0.56235754,-0.61306685,0.26701948,-0.37029243,-0.5773684,-0.15444382",0.0
"0.26593837,-0.3380974,-0.3136114,-0.56235754,-0.61306685,0.26701948,-0.37029243,-0.5773684,-0.15444382","0.6802623,-0.7269211,-0.8960949","0.3308985,-0.43804535,-0.40987945,-0.42806804,-0.7170854,-0.08158696,-0.37029243,-0.5773684,-0.15444382",0.0
"0.3308985,-0.43804535,-0.40987945,-0.42806804,-0.7170854,-0.08158696,-0.37029243,-0.5773684,-0.15444382","-0.11286223,-0.112740695,-0.686947","0.32012096,-0.45354667,-0.4836786,-0.4183807,-0.6490085,-0.20356856,-0.37029243,-0.5773684,-0.15444382",0.0
"0.32012096,-0.45354667,-0.4836786,-0.4183807,-0.6490085,-0.20356856,-0.37029243,-0.5773684,-0.15444382","0.020837426,0.40736604,-0.6753862","0.32211077,-0.397536,-0.55623573,-0.379716,-0.5962835,-0.18053465,-0.37029243,-0.5773684,-0.15444382",0.0
"0.32211077,-0.397536,-0.55623573,-0.379716,-0.5962835,-0.18053465,-0.37029243,-0.5773684,-0.15444382","0.0032240152,0.17410362,-0.26531315","0.32241863,-0.37359774,-0.5847385,-0.36452752,-0.57323444,-0.16896428,-0.37029243,-0.5773684,-0.15444382",0.0
"0.0,0.0,0.0,2.8652207e-07,0.005789075,0.993462,-0.16280702,-0.35678363,-0.8776547","0.70865464,-0.97578436,-0.9595213","0.067671366,-0.13416533,-0.10308198,-0.40869412,-0.082297295,0.8783646,-0.16280702,-0.35678363,-0.8776547",0.0
"0.067671366,-0.13416533,-0.10308198,-0.40869412,-0.082297295,0.8783646,-0.16280702,-0.35678363,-0.8776547","0.85120106,-0.95635295,-0.9704641","0.1489549,-0.26565894,-0.20733954,-0.65304804,-0.3235625,0.56816655,-0.16280702,-0.35678363,-0.8776547",0.0
"0.1489549,-0.26565894,-0.20733954,-0.65304804,-0.3235625,0.56816655,-0.16280702,-0.35678363,-0.8776547","0.8279952,-0.9363052,-0.9622076","0.22802243,-0.39439613,-0.31071007,-0.6588132,-0.56591284,0.15463136,-0.16280702,-0.35678363,-0.8776547",0.0
"0.22802243,-0.39439613,-0.31071007,-0.6588132,-0.56591284,0.15463136,-0.16280702,-0.35678363,-0.8776547","0.668139,-0.90253615,-0.92896754","0.29182485,-0.51849025,-0.41050962,-0.50795454,-0.6531467,-0.24592781,-0.16280702,-0.35678363,-0.8776547",0.0
"0.29182485,-0.51849025,-0.41050962,-0.50795454,-0.6531467,-0.24592781,-0.16280702,-0.35678363,-0.8776547","0.3842578,-0.9401307,-0.91871506","0.3285187,-0.6477534,-0.5092077,-0.33270115,-0.5453562,-0.56429654,-0.16280702,-0.35678363,-0.8776547",0.0
"0.3285187,-0.6477534,-0.5092077,-0.33270115,-0.5453562,-0.56429654,-0.16280702,-0.35678363,-0.8776547","0.1415416,-0.88056177,-0.7191011","0.34203488,-0.7688262,-0.5864611,-0.19791616,-0.35336673,-0.7273792,-0.16280702,-0.35678363,-0.8776547",0.0
"0.34203488,-0.7688262,-0.5864611,-0.19791616,-0.35336673,-0.7273792,-0.16280702,-0.35678363,-0.8776547","0.16869521,-0.6563755,0.4918294","0.35814404,-0.8590745,-0.5336236,-0.16082665,-0.3232351,-0.8282739,-0.16280702,-0.35678363,-0.8776547",0.0
"0.35814404,-0.8590745,-0.5336236,-0.16082665,-0.3232351,-0.8282739,-0.16280702,-0.35678363,-0.8776547","0.07683134,-0.3354147,0.4819162","0.36548087,-0.9051923,-0.4818509,-0.1550997,-0.33078203,-0.88530004,-0.16280702,-0.35678363,-0.8776547",0.0
"0.36548087,-0.9051923,-0.4818509,-0.1550997,-0.33078203,-0.88530004,-0.16280702,-0.35678363,-0.8776547","-0.010260165,0.03680539,0.14248192","0.36450106,-0.9001318,-0.46654388,-0.16796772,-0.35644013,-0.8842341,-0.16280702,-0.35678363,-0.8776547",0.0
"0.0,0.0,0.0,2.8652207e-07,0.005789075,0.993462,-0.2983041,0.44602337,-0.75788224","-0.6593001,-0.9703716,-0.9680193","-0.06295838,-0.1334211,-0.10399492,-0.40721834,0.08751486,0.8783388,-0.2983041,0.44602337,-0.75788224",0.0
"-0.06295838,-0.1334211,-0.10399492,-0.40721834,0.08751486,0.8783388,-0.2983041,0.44602337,-0.75788224","-0.83642405,-0.97334695,-0.92248106","-0.1428308,-0.2672513,-0.20309763,-0.65389687,0.3212595,0.5713918,-0.2983041,0.44602337,-0.75788224",0.0
"-0.1428308,-0.2672513,-0.20309763,-0.65389687,0.3212595,0.5713918,-0.2983041,0.44602337,-0.75788224","-0.76100457,-0.9208428,-0.91283166","-0.21550122,-0.3938625,-0.3011637,-0.67456293,0.54960185,0.17051099,-0.2983041,0.44602337,-0.75788224",0.0
"-0.21550122,-0.3938625,-0.3011637,-0.67456293,0.54960185,0.17051099,-0.2983041,0.44602337,-0.75788224","-0.36043417,-0.93563914,-0.8907063","-0.24992009,-0.5225081,-0.39685282,-0.5890307,0.5969226,-0.23768076,-0.2983041,0.44602337,-0.75788224",0.0
"-0.24992009,-0.5225081,-0.39685282,-0.5890307,0.5969226,-0.23768076,-0.2983041,0.44602337,-0.75788224","-0.100408256,-0.91751224,-0.86137223","-0.25950834,-0.6486614,-0.48939052,-0.45118585,0.48742443,-0.55562985,-0.2983041,0.44602337,-0.75788224",0.0
"-0.25950834,-0.6486614,-0.48939052,-0.45118585,0.48742443,-0.55562985,-0.2983041,0.44602337,-0.75788224","-0.53294045,-0.83747774,-0.40593338","-0.31040028,-0.7638103,-0.5330002,-0.2674269,0.40489447,-0.7297161,-0.2983041,0.44602337,-0.75788224",0.0
"-0.31040028,-0.7638103,-0.5330002,-0.2674269,0.40489447,-0.7297161,-0.2983041,0.44602337,-0.75788224","-0.031285286,-0.19263238,0.42945385","-0.31338778,-0.7902963,-0.48686364,-0.28129488,0.43400723,-0.76051,-0.2983041,0.44602337,-0.75788224",0.0
"-0.31338778,-0.7902963,-0.48686364,-0.28129488,0.43400723,-0.76051,-0.2983041,0.44602337,-0.75788224","0.061262727,0.045185566,0.08379185","-0.30753765,-0.78408355,-0.4778618,-0.30074522,0.44543865,-0.7514375,-0.2983041,0.44602337,-0.75788224",0.0
"0.0,0.0,0.0,2.8652207e-07,0.005789075,0.993462,-0.59964913,-0.31789473,-0.71845937","-0.10239071,-0.8872911,-0.9068022","-0.009777575,-0.12199795,-0.09741833,-0.38593647,0.017650355,0.8949759,-0.59964913,-0.31789473,-0.71845937",0.0
"-0.009777575,-0.12199795,-0.09741833,-0.38593647,0.017650355,0.8949759,-0.59964913,-0.31789473,-0.71845937","-0.037099123,-0.9472651,-0.94439113","-0.0133202765,-0.25224206,-0.19887486,-0.70447654,0.035291385,0.6035983,-0.59964913,-0.31789473,-0.71845937",0.0
"-0.0133202765,-0.25224206,-0.19887486,-0.70447654,0.035291385,0.6035983,-0.59964913,-0.31789473,-0.71845937","0.4750669,-0.95281523,-0.9657556","0.032045163,-0.38324925,-0.30262658,-0.85987407,-0.08104061,0.19068694,-0.59964913,-0.31789473,-0.71845937",0.0
"0.032045163,-0.38324925,-0.30262658,-0.85987407,-0.08104061,0.19068694,-0.59964913,-0.31789473,-0.71845937","0.59066725,-0.9326606,-0.95858717","0.0884496,-0.51148534,-0.40560818,-0.80299824,-0.22303705,-0.22584918,-0.59964913,-0.31789473,-0.71845937",0.0
"0.0884496,-0.51148534,-0.40560818,-0.80299824,-0.22303705,-0.22584918,-0.59964913,-0.31789473,-0.71845937","0.4273262,-0.87547207,-0.7586717","0.12925614,-0.6318583,-0.48711273,-0.62790823,-0.26367852,-0.5267363,-0.59964913,-0.31789473,-0.71845937",0.0
"0.12925614,-0.6318583,-0.48711273,-0.62790823,-0.26367852,-0.5267363,-0.59964913,-0.31789473,-0.71845937","0.18682158,-0.66707796,0.41690218","0.14709625,-0.72357816,-0.4423246,-0.58890945,-0.28686115,-0.6516191,-0.59964913,-0.31789473,-0.71845937",0.0
"0.14709625,-0.72357816,-0.4423246,-0.58890945,-0.28686115,-0.6516191,-0.59964913,-0.31789473,-0.71845937","0.065681815,-0.30716515,0.42441058","0.15336838,-0.7658118,-0.3967299,-0.5956281,-0.3049376,-0.69578123,-0.59964913,-0.31789473,-0.71845937",0.0
"0.15336838,-0.7658118,-0.3967299,-0.5956281,-0.3049376,-0.69578123,-0.59964913,-0.31789473,-0.71845937","0.047080755,-0.049389064,0.15420198","0.15786426,-0.7726026,-0.38016382,-0.60341907,-0.31989753,-0.69742435,-0.59964913,-0.31789473,-0.71845937",0.0
"0.15786426,-0.7726026,-0.38016382,-0.60341907,-0.31989753,-0.69742435,-0.59964913,-0.31789473,-0.71845937","0.03399813,-0.031645834,0.031768918","0.16111083,-0.7769538,-0.37675083,-0.59964997,-0.32577208,-0.7026235,-0.59964913,-0.31789473,-0.71845937",0.0
"0.0,0.0,0.0,2.8652207e-07,0.005789075,0.993462,-0.026549708,-0.25005847,-0.83234775","0.47332585,-0.9729085,-0.95740974","0.04519918,-0.13376991,-0.10285513,-0.4124576,-0.053116955,0.87896013,-0.026549708,-0.25005847,-0.83234775",0.0
"0.04519918,-0.13376991,-0.10285513,-0.4124576,-0.053116955,0.87896013,-0.026549708,-0.25005847,-0.83234775","0.70945835,-0.933669,-0.9682778","0.1129473,-0.2621446,-0.20687781,-0.68071824,-0.2460442,0.5750517,-0.026549708,-0.25005847,-0.83234775",0.0
"0.1129473,-0.2621446,-0.20687781,-0.68071824,-0.2460442,0.5750517,-0.026549708,-0.25005847,-0.83234775","0.89149475,-0.929796,-0.94770885","0.19807859,-0.38998678,-0.30869076,-0.7074503,-0.5003729,0.1670789,-0.026549708,-0.25005847,-0.83234775",0.0
"0.19807859,-0.38998678,-0.30869076,-0.7074503,-0.5003729,0.1670789,-0.026549708,-0.25005847,-0.83234775","0.8603399,-0.92397535,-0.9423559","0.28023478,-0.5170287,-0.40992862,-0.5319579,-0.6349054,-0.24228542,-0.026549708,-0.25005847,-0.83234775",0.0
"0.28023478,-0.5170287,-0.40992862,-0.5319579,-0.6349054,-0.24228542,-0.026549708,-0.25005847,-0.83234775","0.8330929,-0.9385999,-0.9467953","0.35978913,-0.6460814,-0.51164335,-0.27684444,-0.5737395,-0.56283545,-0.026549708,-0.25005847,-0.83234775",0.0
"0.35978913,-0.6460814,-0.51164335,-0.27684444,-0.5737395,-0.56283545,-0.026549708,-0.25005847,-0.83234775","0.45889723,-0.91741365,-0.9075107","0.4036105,-0.7722211,-0.6091377,-0.115858,-0.351423,-0.723246,-0.026549708,-0.25005847,-0.83234775",0.0
"0.4036105,-0.7722211,-0.6091377,-0.115858,-0.351423,-0.723246,-0.026549708,-0.25005847,-0.83234775","0.34487104,-0.5209441,-0.40314615","0.43654317,-0.8438483,-0.65244794,-0.050644606,-0.22143619,-0.75018847,-0.026549708,-0.25005847,-0.83234775",0.0
"0.43654317,-0.8438483,-0.65244794,-0.050644606,-0.22143619,-0.75018847,-0.026549708,-0.25005847,-0.83234775","0.31590366,-0.52385324,0.592484","0.46670967,-0.9158755,-0.588797,-0.027631214,-0.20778215,-0.8373224,-0.026549708,-0.25005847,-0.83234775",0.0
"0.46670967,-0.9158755,-0.588797,-0.027631214,-0.20778215,-0.8373224,-0.026549708,-0.25005847,-0.83234775","0.121480465,-0.008653879,0.2892568","0.4783102,-0.9170653,-0.55772185,-0.022574376,-0.24575637,-0.85946363,-0.026549708,-0.25005847,-0.83234775",0.0
"0.4783102,-0.9170653,-0.55772185,-0.022574376,-0.24575637,-0.85946363,-0.026549708,-0.25005847,-0.83234775","-0.04078549,0.17128348,-0.10453546","0.47441548,-0.8935148,-0.5689521,-0.027119862,-0.2645858,-0.8377981,-0.026549708,-0.25005847,-0.83234775",0.0
"0.0,0.0,0.0,2.8652207e-07,0.005789075,0.993462,-0.8754971,0.1519883,-0.41634786","-0.50279117,-0.9848712,-0.76198804","-0.048012912,-0.13541472,-0.081860855,-0.38874146,0.06494111,0.89450634,-0.8754971,0.1519883,-0.41634786",0.0
"-0.048012912,-0.13541472,-0.081860855,-0.38874146,0.06494111,0.89450634,-0.8754971,0.1519883,-0.41634786","-0.43662483,-0.9762521,-0.80275524","-0.08970741,-0.26964438,-0.16810134,-0.6802576,0.20298244,0.6159578,-0.8754971,0.1519883,-0.41634786",0.0
"-0.08970741,-0.26964438,-0.16810134,-0.6802576,0.20298244,0.6159578,-0.8754971,0.1519883,-0.41634786","0.28539872,-0.9630064,-0.52860004","-0.062453903,-0.40205282,-0.22488917,-0.86092526,0.17702189,0.27181914,-0.8754971,0.1519883,-0.41634786",0.0
"-0.062453903,-0.40205282,-0.22488917,-0.86092526,0.17702189,0.27181914,-0.8754971,0.1519883,-0.41634786","0.061802983,-0.9153509,-0.5851356","-0.056552168,-0.52790886,-0.28775063,-0.8994671,0.16738802,-0.10294598,-0.8754971,0.1519883,-0.41634786",0.0
"-0.056552168,-0.52790886,-0.28775063,-0.8994671,0.16738802,-0.10294598,-0.8754971,0.1519883,-0.41634786","0.058762074,-0.74511564,-0.20792961","-0.050940815,-0.6303585,-0.3100886,-0.86437774,0.14538887,-0.35803214,-0.8754971,0.1519883,-0.41634786",0.0
"-0.050940815,-0.6303585,-0.3100886,-0.86437774,0.14538887,-0.35803214,-0.8754971,0.1519883,-0.41634786","-0.010352373,-0.2237832,0.18402052","-0.051929396,-0.66112757,-0.29031911,-0.8655114,0.14833434,-0.39982915,-0.8754971,0.1519883,-0.41634786",0.0
"-0.051929396,-0.66112757,-0.29031911,-0.8655114,0.14833434,-0.39982915,-0.8754971,0.1519883,-0.41634786","0.0025160313,-0.019811392,0.07967365","-0.051689133,-0.6638516,-0.28175965,-0.8715121,0.1486456,-0.39523986,-0.8754971,0.1519883,-0.41634786",0.0
"-0.051689133,-0.6638516,-0.28175965,-0.8715121,0.1486456,-0.39523986,-0.8754971,0.1519883,-0.41634786","0.00596416,-0.027918339,0.03807938","-0.0511196,-0.66769034,-0.2776687,-0.87318426,0.14731432,-0.39849114,-0.8754971,0.1519883,-0.41634786",0.0
"0.0,0.0,0.0,2.8652207e-07,0.005789075,0.993462,-0.049473688,-0.08631579,-0.8775239","0.73353004,-0.97351676,-0.9682792","0.07004679,-0.13385355,-0.10402284,-0.40854836,-0.08545233,0.87787515,-0.049473688,-0.08631579,-0.8775239",0.0
"0.07004679,-0.13385355,-0.10402284,-0.40854836,-0.08545233,0.87787515,-0.049473688,-0.08631579,-0.8775239","0.80301523,-0.95270073,-0.95863634","0.14672892,-0.264845,-0.20700973,-0.6541514,-0.3184201,0.57008356,-0.049473688,-0.08631579,-0.8775239",0.0
"0.14672892,-0.264845,-0.20700973,-0.6541514,-0.3184201,0.57008356,-0.049473688,-0.08631579,-0.8775239","0.007957697,-0.96133053,-0.93328214","0.14748882,-0.39702305,-0.30727282,-0.7814098,-0.38394317,0.15436022,-0.049473688,-0.08631579,-0.8775239",0.0
"0.14748882,-0.39702305,-0.30727282,-0.7814098,-0.38394317,0.15436022,-0.049473688,-0.08631579,-0.8775239","0.5321566,-0.9280484,-0.92760116","0.1983059,-0.52462494,-0.40692556,-0.6766948,-0.4790387,-0.25407392,-0.049473688,-0.08631579,-0.8775239",0.0
"0.1983059,-0.52462494,-0.40692556,-0.6766948,-0.4790387,-0.25407392,-0.049473688,-0.08631579,-0.8775239","0.45395684,-0.95628417,-0.93331724","0.2416555,-0.65610915,-0.5071924,-0.4639703,-0.43228066,-0.5763399,-0.049473688,-0.08631579,-0.8775239",0.0
"0.2416555,-0.65610915,-0.5071924,-0.4639703,-0.43228066,-0.5763399,-0.049473688,-0.08631579,-0.8775239","0.31939244,-0.9353984,-0.88396657","0.27215517,-0.7847217,-0.6021574,-0.24355586,-0.27123812,-0.7371217,-0.049473688,-0.08631579,-0.8775239",0.0
"0.27215517,-0.7847217,-0.6021574,-0.24355586,-0.27123812,-0.7371217,-0.049473688,-0.08631579,-0.8775239","0.34817255,-0.8041152,-0.7169848","0.3054031,-0.8952834,-0.6791835,-0.08113144,-0.105663136,-0.7486959,-0.049473688,-0.08631579,-0.8775239",0.0
"0.3054031,-0.8952834,-0.6791835,-0.08113144,-0.105663136,-0.7486959,-0.049473688,-0.08631579,-0.8775239","0.21232176,-0.6540824,0.41167974","0.3256783,-0.9852164,-0.6349564,-0.037015453,-0.049574666,-0.8171106,-0.049473688,-0.08631579,-0.8775239",0.0
"0.3256783,-0.9852164,-0.6349564,-0.037015453,-0.049574666,-0.8171106,-0.049473688,-0.08631579,-0.8775239","0.19908452,-0.24563801,0.42711818","0.3446869,-0.9999812,-0.5890842,-0.046500903,-0.075266846,-0.86770606,-0.049473688,-0.08631579,-0.8775239",0.0
"0.0,0.0,0.0,2.8652207e-07,0.005789075,0.993462,-0.5391228,0.41228068,-0.71845937","-0.7880716,-0.96061325,-0.9921267","-0.07525512,-0.1320794,-0.10658479,-0.40393284,0.10327299,0.8774747,-0.5391228,0.41228068,-0.71845937",0.0
"-0.07525512,-0.1320794,-0.10658479,-0.40393284,0.10327299,0.8774747,-0.5391228,0.41228068,-0.71845937","-0.654237,-0.97448593,-0.9440202","-0.13773,-0.26606622,-0.20800146,-0.6600244,0.3112313,0.56649464,-0.5391228,0.41228068,-0.71845937",0.0
"-0.13773,-0.26606622,-0.20800146,-0.6600244,0.3112313,0.56649464,-0.5391228,0.41228068,-0.71845937","-0.48985684,-0.96672994,-0.8776714","-0.18450777,-0.3989866,-0.30229026,-0.7269791,0.4828488,0.15787695,-0.5391228,0.41228068,-0.71845937",0.0
"-0.18450777,-0.3989866,-0.30229026,-0.7269791,0.4828488,0.15787695,-0.5391228,0.41228068,-0.71845937","0.14423335,-0.94414115,-0.85349107","-0.17073454,-0.5288012,-0.3939813,-0.7187217,0.4340287,-0.24707694,-0.5391228,0.41228068,-0.71845937",0.0
"-0.17073454,-0.5288012,-0.3939813,-0.7187217,0.4340287,-0.24707694,-0.5391228,0.41228068,-0.71845937","-0.34247983,-0.92010254,-0.57512116","-0.20343888,-0.65531063,-0.4557669,-0.5598131,0.42325637,-0.54630774,-0.5391228,0.41228068,-0.71845937",0.0
"-0.20343888,-0.65531063,-0.4557669,-0.5598131,0.42325637,-0.54630774,-0.5391228,0.41228068,-0.71845937","0.054837108,-0.6963494,0.34470809","-0.19820233,-0.7510551,-0.41873467,-0.53008527,0.38770232,-0.6836358,-0.5391228,0.41228068,-0.71845937",0.0
"-0.19820233,-0.7510551,-0.41873467,-0.53008527,0.38770232,-0.6836358,-0.5391228,0.41228068,-0.71845937","-0.061253548,-0.27869618,0.31731343","-0.2040516,-0.7893745,-0.38464546,-0.52362424,0.39793864,-0.72737837,-0.5391228,0.41228068,-0.71845937",0.0
"-0.2040516,-0.7893745,-0.38464546,-0.52362424,0.39793864,-0.72737837,-0.5391228,0.41228068,-0.71845937","0.0053468943,0.047385216,0.06926751","-0.203541,-0.7828593,-0.37720397,-0.5382001,0.40746394,-0.7126677,-0.5391228,0.41228068,-0.71845937",0.0
"0.0,0.0,0.0,2.8652207e-07,0.005789075,0.993462,-0.3877193,-0.058830407,-0.8776547","-0.07639104,-0.96668506,-0.9720756","-0.007294795,-0.13291422,-0.10443069,-0.41575676,0.015320267,0.87847966,-0.3877193,-0.058830407,-0.8776547",0.0
"-0.007294795,-0.13291422,-0.10443069,-0.41575676,0.015320267,0.87847966,-0.3877193,-0.058830407,-0.8776547","0.17535043,-0.9685706,-0.9432413","0.0094498955,-0.2660877,-0.20576368,-0.72832793,-0.015836786,0.5696564,-0.3877193,-0.058830407,-0.8776547",0.0
"0.0094498955,-0.2660877,-0.20576368,-0.72832793,-0.015836786,0.5696564,-0.3877193,-0.058830407,-0.8776547","0.3567152,-0.9481496,-0.9485318","0.043513607,-0.3964534,-0.30766505,-0.8629039,-0.11285717,0.1549649,-0.3877193,-0.058830407,-0.8776547",0.0
"0.043513607,-0.3964534,-0.30766505,-0.8629039,-0.11285717,0.1549649,-0.3877193,-0.058830407,-0.8776547","0.39981985,-0.9365987,-0.9398407","0.0816935,-0.52523094,-0.4086327,-0.8017202,-0.2044147,-0.25731328,-0.3877193,-0.058830407,-0.8776547",0.0
"0.0816935,-0.52523094,-0.4086327,-0.8017202,-0.2044147,-0.25731328,-0.3877193,-0.058830407,-0.8776547","0.27245116,-0.9337671,-0.90890133","0.10771061,-0.65361917,-0.5062765,-0.60332245,-0.2061832,-0.5720583,-0.3877193,-0.058830407,-0.8776547",0.0
"0.10771061,-0.65361917,-0.5062765,-0.60332245,-0.2061832,-0.5720583,-0.3877193,-0.058830407,-0.8776547","-0.3075506,-0.9036859,-0.6951113","0.07834175,-0.77787143,-0.5809527,-0.39100403,-0.09225509,-0.7377821,-0.3877193,-0.058830407,-0.8776547",0.0
"0.07834175,-0.77787143,-0.5809527,-0.39100403,-0.09225509,-0.7377821,-0.3877193,-0.058830407,-0.8776547","-0.30387163,-0.63513875,0.43694997","0.04932422,-0.86519974,-0.5340108,-0.34861618,-0.04859724,-0.83346224,-0.3877193,-0.058830407,-0.8776547",0.0
"0.04932422,-0.86519974,-0.5340108,-0.34861618,-0.04859724,-0.83346224,-0.3877193,-0.058830407,-0.8776547","0.020081043,-0.17378843,0.44071412","0.051241815,-0.8890948,-0.48666462,-0.37850797,-0.05559909,-0.86935854,-0.3877193,-0.058830407,-0.8776547",0.0
"0.0,0.0,0.0,2.8652207e-07,0.005789075,0.993462,0.17222223,0.6564912,-0.71845937","0.8172133,0.95484376,0.9543278","0.07803795,0.13128611,0.102524035,0.39691356,0.1052743,0.8817453,0.17222223,0.6564912,-0.71845937",0.0
"0.07803795,0.13128611,0.102524035,0.39691356,0.1052743,0.8817453,0.17222223,0.6564912,-0.71845937","0.9250531,0.9275322,0.94784653","0.1663738,0.25881702,0.20435177,0.6190737,0.36334518,0.58448875,0.17222223,0.6564912,-0.71845937",0.0
"0.1663738,0.25881702,0.20435177,0.6190737,0.36334518,0.58448875,0.17222223,0.6564912,-0.71845937","0.9638865,0.94831717,0.9527767","0.25841796,0.38920578,0.30670914,0.5920533,0.63264126,0.17179242,0.17222223,0.6564912,-0.71845937",0.0
"0.25841796,0.38920578,0.30670914,0.5920533,0.63264126,0.17179242,0.17222223,0.6564912,-0.71845937","0.92504,0.9541054,0.96121037","0.34675255,0.52039045,0.40997258,0.37800172,0.7360335,-0.24912661,0.17222223,0.6564912,-0.71845937",0.0
"0.34675255,0.52039045,0.40997258,0.37800172,0.7360335,-0.24912661,0.17222223,0.6564912,-0.71845937","0.8225999,0.96314096,0.7921016","0.42530486,0.6528174,0.49506852,0.14622714,0.63656944,-0.5653231,0.17222223,0.6564912,-0.71845937",0.0
"0.42530486,0.6528174,0.49506852,0.14622714,0.63656944,-0.5653231,0.17222223,0.6564912,-0.71845937","-0.0017132759,0.65815604,-0.5394645","0.42514125,0.7433106,0.43711346,0.1436948,0.6245595,-0.68030334,0.17222223,0.6564912,-0.71845937",0.0
"0.42514125,0.7433106,0.43711346,0.1436948,0.6245595,-0.68030334,0.17222223,0.6564912,-0.71845937","-0.064946115,0.17228639,-0.33014137","0.41893938,0.76699907,0.40164614,0.16099776,0.6414726,-0.7003729,0.17222223,0.6564912,-0.71845937",0.0
"0.41893938,0.76699907,0.40164614,0.16099776,0.6414726,-0.7003729,0.17222223,0.6564912,-0.71845937","-0.017824113,0.025645733,-0.07521498","0.41723728,0.77052534,0.39356568,0.16611475,0.6469513,-0.7017185,0.17222223,0.6564912,-0.71845937",0.0
"0.41723728,0.77052534,0.39356568,0.16611475,0.6469513,-0.7017185,0.17222223,0.6564912,-0.71845937","-0.0025837421,0.008463621,-0.017352998","0.41699058,0.77168906,0.3917014,0.16690159,0.64789164,-0.7025837,0.17222223,0.6564912,-0.71845937",0.0
"0.0,0.0,0.0,2.8652207e-07,0.005789075,0.993462,-0.8075439,0.2711111,-0.685182","-0.62113,-0.9805605,-0.92725885","-0.05931341,-0.13482203,-0.099616,-0.40583822,0.08240213,0.88064796,-0.8075439,0.2711111,-0.685182",0.0
"-0.05931341,-0.13482203,-0.099616,-0.40583822,0.08240213,0.88064796,-0.8075439,0.2711111,-0.685182","-0.7535037,-0.9877496,-0.8397247","-0.13126755,-0.2706325,-0.18982814,-0.66218096,0.29600695,0.58417636,-0.8075439,0.2711111,-0.685182",0.0
"-0.13126755,-0.2706325,-0.18982814,-0.66218096,0.29600695,0.58417636,-0.8075439,0.2711111,-0.685182","-0.29433203,-0.97856355,-0.75389993","-0.15937412,-0.40518,-0.27082008,-0.7700179,0.42795214,0.19345972,-0.8075439,0.2711111,-0.685182",0.0
"-0.15937412,-0.40518,-0.27082008,-0.7700179,0.42795214,0.19345972,-0.8075439,0.2711111,-0.685182","0.46302104,-0.951555,-0.6643282","-0.115158975,-0.53601396,-0.34218925,-0.8210191,0.31689656,-0.19640271,-0.8075439,0.2711111,-0.685182",0.0
"-0.115158975,-0.53601396,-0.34218925,-0.8210191,0.31689656,-0.19640271,-0.8075439,0.2711111,-0.685182","0.09535313,-0.8875803,-0.20384192","-0.10605345,-0.6580517,-0.36408806,-0.7612645,0.2695837,-0.4750544,-0.8075439,0.2711111,-0.685182",0.0
"-0.10605345,-0.6580517,-0.36408806,-0.7612645,0.2695837,-0.4750544,-0.8075439,0.2711111,-0.685182","0.019952178,-0.75187814,0.64115214","-0.10414816,-0.76143116,-0.29520863,-0.7529008,0.26164103,-0.6109365,-0.8075439,0.2711111,-0.685182",0.0
"-0.10414816,-0.76143116,-0.29520863,-0.7529008,0.26164103,-0.6109365,-0.8075439,0.2711111,-0.685182","0.019664884,-0.40612411,0.51759267","-0.102270305,-0.8172712,-0.23960327,-0.75822467,0.25845724,-0.665788,-0.8075439,0.2711111,-0.685182",0.0
"-0.102270305,-0.8172712,-0.23960327,-0.75822467,0.25845724,-0.665788,-0.8075439,0.2711111,-0.685182","0.0015566349,-0.118950546,0.32633448","-0.10212166,-0.83362633,-0.20454489,-0.77670866,0.26420552,-0.66204226,-0.8075439,0.2711111,-0.685182",0.0
"-0.10212166,-0.83362633,-0.20454489,-0.77670866,0.26420552,-0.66204226,-0.8075439,0.2711111,-0.685182","-0.00059342384,-0.13269097,0.23330283","-0.10217833,-0.8518707,-0.17948096,-0.78203344,0.2661296,-0.6715438,-0.8075439,0.2711111,-0.685182",0.0
"-0.10217833,-0.8518707,-0.17948096,-0.78203344,0.2661296,-0.6715438,-0.8075439,0.2711111,-0.685182","-0.0019730926,-0.057171166,0.14355457","-0.102366745,-0.8597315,-0.16405873,-0.7881381,0.26867908,-0.67026854,-0.8075439,0.2711111,-0.685182",0.0
"-0.102366745,-0.8597315,-0.16405873,-0.7881381,0.26867908,-0.67026854,-0.8075439,0.2711111,-0.685182","-0.0015069246,-0.05841708,0.09667599","-0.102510646,-0.8677636,-0.15367271,-0.78922117,0.26943722,-0.6748152,-0.8075439,0.2711111,-0.685182",0.0
"-0.102510646,-0.8677636,-0.15367271,-0.78922117,0.26943722,-0.6748152,-0.8075439,0.2711111,-0.685182","0.00082945824,-0.021451771,0.052724123","-0.10243143,-0.8707131,-0.14800847,-0.7913464,0.26992705,-0.6743357,-0.8075439,0.2711111,-0.685182",0.0
"-0.10243143,-0.8707131,-0.14800847,-0.7913464,0.26992705,-0.6743357,-0.8075439,0.2711111,-0.685182","0.0011951923,-0.022069395,0.034008265","-0.1023173,-0.8737476,-0.14435486,-0.7915767,0.2696877,-0.6763154,-0.8075439,0.2711111,-0.685182",0.0
"-0.1023173,-0.8737476,-0.14435486,-0.7915767,0.2696877,-0.6763154,-0.8075439,0.2711111,-0.685182","0.0002465248,-0.0071602464,0.018377542","-0.10229376,-0.87473214,-0.1423805,-0.7923371,0.26987568,-0.6760425,-0.8075439,0.2711111,-0.685182",0.0
"0.0,0.0,0.0,2.8652207e-07,0.005789075,0.993462,-0.19485381,-0.15900585,-0.83234775","0.6036706,-0.96736574,-0.95754606","0.057646155,-0.13300781,-0.10286977,-0.4086235,-0.06893663,0.8797194,-0.19485381,-0.15900585,-0.83234775",0.0
"0.057646155,-0.13300781,-0.10286977,-0.4086235,-0.06893663,0.8797194,-0.19485381,-0.15900585,-0.83234775","0.38129985,-0.9544712,-0.9577465","0.094057515,-0.2642427,-0.20576108,-0.6962146,-0.20587783,0.5729329,-0.19485381,-0.15900585,-0.83234775",0.0
"0.094057515,-0.2642427,-0.20576108,-0.6962146,-0.20587783,0.5729329,-0.19485381,-0.15900585,-0.83234775","0.55111957,-0.9300654,-0.95086074","0.14668544,-0.3921219,-0.30791265,-0.7798841,-0.3807325,0.16376433,-0.19485381,-0.15900585,-0.83234775",0.0
"0.14668544,-0.3921219,-0.30791265,-0.7798841,-0.3807325,0.16376433,-0.19485381,-0.15900585,-0.83234775","0.60249054,-0.8808849,-0.9436025","0.20421891,-0.5132391,-0.40928444,-0.6682208,-0.49193016,-0.23385076,-0.19485381,-0.15900585,-0.83234775",0.0
"0.20421891,-0.5132391,-0.40928444,-0.6682208,-0.49193016,-0.23385076,-0.19485381,-0.15900585,-0.83234775","0.39298773,-0.93565047,-0.9491491","0.2417464,-0.6418863,-0.5112521,-0.46894792,-0.43725652,-0.5561105,-0.19485381,-0.15900585,-0.83234775",0.0
"0.2417464,-0.6418863,-0.5112521,-0.46894792,-0.43725652,-0.5561105,-0.19485381,-0.15900585,-0.83234775","-0.01570493,-0.92225796,-0.87161493","0.24024667,-0.768692,-0.60489017,-0.2807104,-0.25606716,-0.72155905,-0.19485381,-0.15900585,-0.83234775",0.0
"0.24024667,-0.768692,-0.60489017,-0.2807104,-0.25606716,-0.72155905,-0.19485381,-0.15900585,-0.83234775","-0.07872784,-0.54232943,-0.26555645","0.23272873,-0.8432596,-0.63341904,-0.19086215,-0.16342103,-0.76393634,-0.19485381,-0.15900585,-0.83234775",0.0
"0.23272873,-0.8432596,-0.63341904,-0.19086215,-0.16342103,-0.76393634,-0.19485381,-0.15900585,-0.83234775","-0.1220749,-0.44409955,0.36508203","0.22107148,-0.9043211,-0.594198,-0.17198238,-0.13571946,-0.8272712,-0.19485381,-0.15900585,-0.83234775",0.0
"0.22107148,-0.9043211,-0.594198,-0.17198238,-0.13571946,-0.8272712,-0.19485381,-0.15900585,-0.83234775","0.01284039,0.06018555,0.09340179","0.22229764,-0.8960459,-0.5841638,-0.18982495,-0.15179981,-0.82967097,-0.19485381,-0.15900585,-0.83234775",0.0
"0.0,0.0,0.0,2.8652207e-07,0.005789075,0.993462,-0.29567254,0.222807,-0.99258906","-0.78547645,-0.99110276,-0.9781368","-0.075007305,-0.13627154,-0.10508185,-0.4102227,0.104449466,0.874481,-0.29567254,0.222807,-0.99258906",0.0
"-0.075007305,-0.13627154,-0.10508185,-0.4102227,0.104449466,0.874481,-0.29567254,0.222807,-0.99258906","-0.87867224,-0.98897254,-0.9316394","-0.15891413,-0.2722502,-0.20516843,-0.64370733,0.35762197,0.5594987,-0.29567254,0.222807,-0.99258906",0.0
"-0.15891413,-0.2722502,-0.20516843,-0.64370733,0.35762197,0.5594987,-0.29567254,0.222807,-0.99258906","-0.788888,-0.97287774,-0.9169375","-0.23424721,-0.4060159,-0.3036756,-0.6454761,0.592366,0.1407467,-0.29567254,0.222807,-0.99258906",0.0
"-0.23424721,-0.4060159,-0.3036756,-0.6454761,0.592366,0.1407467,-0.29567254,0.222807,-0.99258906","-0.41955107,-0.9341363,-0.94609565","-0.2743113,-0.5344549,-0.40531516,-0.534558,0.6320463,-0.27204603,-0.29567254,0.222807,-0.99258906",0.0
"-0.2743113,-0.5344549,-0.40531516,-0.534558,0.6320463,-0.27204603,-0.29567254,0.222807,-0.99258906","0.19578981,-0.92027235,-0.9475589","-0.2556148,-0.6609876,-0.50711197,-0.4332609,0.45715952,-0.5838246,-0.29567254,0.222807,-0.99258906",0.0
"-0.2556148,-0.6609876,-0.50711197,-0.4332609,0.45715952,-0.5838246,-0.29567254,0.222807,-0.99258906","0.4349382,-0.88386726,-0.644371","-0.21408135,-0.78251487,-0.5763371,-0.31116232,0.25521898,-0.7436016,-0.29567254,0.222807,-0.99258906",0.0
"-0.21408135,-0.78251487,-0.5763371,-0.31116232,0.25521898,-0.7436016,-0.29567254,0.222807,-0.99258906","0.098154664,-0.8583483,0.62276244","-0.20470828,-0.9005334,-0.5094333,-0.26426542,0.20527315,-0.8722471,-0.29567254,0.222807,-0.99258906",0.0
"-0.20470828,-0.9005334,-0.5094333,-0.26426542,0.20527315,-0.8722471,-0.29567254,0.222807,-0.99258906","0.011635423,-0.58643615,0.71533656","-0.20359717,-0.9811653,-0.4325842,-0.24780186,0.19156946,-0.9631077,-0.29567254,0.222807,-0.99258906",0.0
"-0.20359717,-0.9811653,-0.4325842,-0.24780186,0.19156946,-0.9631077,-0.29567254,0.222807,-0.99258906","0.061618567,-0.13001883,0.47726882","-0.19771306,-0.9990423,-0.38131085,-0.28441787,0.21065558,-0.9900104,-0.29567254,0.222807,-0.99258906",0.0
"0.0,0.0,0.0,2.8652207e-07,0.005789075,0.993462,-0.09210527,-0.0377193,-0.8775239","0.26892233,-0.9754118,-0.9708779","0.025680125,-0.1341141,-0.10430203,-0.41728702,-0.027930522,0.87736964,-0.09210527,-0.0377193,-0.8775239",0.0
"0.025680125,-0.1341141,-0.10430203,-0.41728702,-0.027930522,0.87736964,-0.09210527,-0.0377193,-0.8775239","0.56630695,-0.96032506,-0.95353156","0.07975833,-0.26615387,-0.2067405,-0.7077813,-0.17517912,0.5681428,-0.09210527,-0.0377193,-0.8775239",0.0
"0.07975833,-0.26615387,-0.2067405,-0.7077813,-0.17517912,0.5681428,-0.09210527,-0.0377193,-0.8775239","0.2929709,-0.9560573,-0.9443446","0.10773493,-0.39760685,-0.308192,-0.8232537,-0.283652,0.15170299,-0.09210527,-0.0377193,-0.8775239",0.0
"0.10773493,-0.39760685,-0.308192,-0.8232537,-0.283652,0.15170299,-0.09210527,-0.0377193,-0.8775239","0.18109024,-0.9372679,-0.9198407","0.12502773,-0.5264764,-0.40701103,-0.7676179,-0.3117701,-0.2579179,-0.09210527,-0.0377193,-0.8775239",0.0
"0.12502773,-0.5264764,-0.40701103,-0.7676179,-0.3117701,-0.2579179,-0.09210527,-0.0377193,-0.8775239","0.51866794,-0.95244664,-0.9261606","0.17455676,-0.6574329,-0.506509,-0.5439173,-0.32548875,-0.57807857,-0.09210527,-0.0377193,-0.8775239",0.0
"0.17455676,-0.6574329,-0.506509,-0.5439173,-0.32548875,-0.57807857,-0.09210527,-0.0377193,-0.8775239","0.5717633,-0.9319774,-0.86967796","0.22915602,-0.7855751,-0.599939,-0.27934623,-0.23726383,-0.73873913,-0.09210527,-0.0377193,-0.8775239",0.0
"0.22915602,-0.7855751,-0.599939,-0.27934623,-0.23726383,-0.73873913,-0.09210527,-0.0377193,-0.8775239","-0.17774272,-0.8249332,-0.59300256","0.21218288,-0.89899915,-0.66364557,-0.11767906,-0.08521458,-0.76540965,-0.09210527,-0.0377193,-0.8775239",0.0
"0.21218288,-0.89899915,-0.66364557,-0.11767906,-0.08521458,-0.76540965,-0.09210527,-0.0377193,-0.8775239","-0.34533596,-0.6296113,0.3377627","0.17920579,-0.9855675,-0.62735945,-0.06120699,-0.0317831,-0.8254294,-0.09210527,-0.0377193,-0.8775239",0.0
"0.17920579,-0.9855675,-0.62735945,-0.06120699,-0.0317831,-0.8254294,-0.09210527,-0.0377193,-0.8775239","-0.17772222,-0.112754405,0.23345804","0.16223204,-0.9999812,-0.6022916,-0.067614965,-0.031158898,-0.85436666,-0.09210527,-0.0377193,-0.8775239",0.0
"0.16223204,-0.9999812,-0.6022916,-0.067614965,-0.031158898,-0.85436666,-0.09210527,-0.0377193,-0.8775239","-0.11775452,0.045036435,0.06987488","0.15098733,-0.99378896,-0.5947848,-0.08372674,-0.03648052,-0.8607108,-0.09210527,-0.0377193,-0.8775239",0.0
"0.0,0.0,0.0,2.8652207e-07,0.005789075,0.993462,-0.27789474,-0.6191813,-0.71845937","0.92024076,-0.95724946,-0.9492763","0.087876305,-0.13161689,-0.10198135,-0.39663434,-0.10635209,0.88187283,-0.27789474,-0.6191813,-0.71845937",0.0
"0.087876305,-0.13161689,-0.10198135,-0.39663434,-0.10635209,0.88187283,-0.27789474,-0.6191813,-0.71845937","0.9594233,-0.92627543,-0.9581983","0.17949428,-0.258975,-0.20492117,-0.610229,-0.3790558,0.58340627,-0.27789474,-0.6191813,-0.71845937",0.0
"0.17949428,-0.258975,-0.20492117,-0.610229,-0.3790558,0.58340627,-0.27789474,-0.6191813,-0.71845937","0.93314624,-0.89267135,-0.9632756","0.26860297,-0.38171273,-0.30840647,-0.57707924,-0.64009696,0.18496004,-0.27789474,-0.6191813,-0.71845937",0.0
"0.26860297,-0.38171273,-0.30840647,-0.57707924,-0.64009696,0.18496004,-0.27789474,-0.6191813,-0.71845937","0.81938004,-0.89996743,-0.9218836","0.3468478,-0.50545365,-0.407445,-0.39063042,-0.7357382,-0.21583115,-0.27789474,-0.6191813,-0.71845937",0.0
"0.3468478,-0.50545365,-0.407445,-0.39063042,-0.7357382,-0.21583115,-0.27789474,-0.6191813,-0.71845937","0.44164693,-0.87111294,-0.62331975","0.38902187,-0.6252272,-0.47440863,-0.24536626,-0.6580741,-0.5073245,-0.27789474,-0.6191813,-0.71845937",0.0
"0.38902187,-0.6252272,-0.47440863,-0.24536626,-0.6580741,-0.5073245,-0.27789474,-0.6191813,-0.71845937","-0.15363157,-0.7404679,0.39162064","0.37435117,-0.72703785,-0.4323365,-0.26092017,-0.611253,-0.6520207,-0.27789474,-0.6191813,-0.71845937",0.0
"0.37435117,-0.72703785,-0.4323365,-0.26092017,-0.611253,-0.6520207,-0.27789474,-0.6191813,-0.71845937","-0.046748757,-0.41793507,0.45279372","0.369887,-0.7845018,-0.38369253,-0.269494,-0.60759616,-0.7190072,-0.27789474,-0.6191813,-0.71845937",0.0
"0.0,0.0,0.0,2.8652207e-07,0.005789075,0.993462,-0.4746199,-0.2502924,-0.75788224","0.071275115,-0.8833784,-0.97230726","0.006806251,-0.12145999,-0.104455575,-0.3936591,-0.0026282517,0.8897699,-0.4746199,-0.2502924,-0.75788224",0.0
"0.006806251,-0.12145999,-0.104455575,-0.3936591,-0.0026282517,0.8897699,-0.4746199,-0.2502924,-0.75788224","0.15188742,-0.96909374,-0.9552962","0.021310395,-0.2547054,-0.20708366,-0.7125502,-0.04197337,0.5878028,-0.4746199,-0.2502924,-0.75788224",0.0
"0.021310395,-0.2547054,-0.20708366,-0.7125502,-0.04197337,0.5878028,-0.4746199,-0.2502924,-0.75788224","0.48662388,-0.9404731,-0.96363735","0.067779444,-0.38401562,-0.31060782,-0.84449273,-0.1766675,0.1767087,-0.4746199,-0.2502924,-0.75788224",0.0
"0.067779444,-0.38401562,-0.31060782,-0.84449273,-0.1766675,0.1767087,-0.4746199,-0.2502924,-0.75788224","0.56837714,-0.9201688,-0.95864433","0.12205534,-0.51053417,-0.4135956,-0.7686488,-0.3038432,-0.23355523,-0.4746199,-0.2502924,-0.75788224",0.0
"0.12205534,-0.51053417,-0.4135956,-0.7686488,-0.3038432,-0.23355523,-0.4746199,-0.2502924,-0.75788224","0.44358385,-0.9125196,-0.9036446","0.16441438,-0.636001,-0.5106746,-0.56535846,-0.31444022,-0.5465809,-0.4746199,-0.2502924,-0.75788224",0.0
"0.16441438,-0.636001,-0.5106746,-0.56535846,-0.31444022,-0.5465809,-0.4746199,-0.2502924,-0.75788224","0.02126491,-0.70255214,-0.24188149","0.16644502,-0.7325983,-0.5366601,-0.45012373,-0.25277933,-0.691669,-0.4746199,-0.2502924,-0.75788224",0.0
"0.16644502,-0.7325983,-0.5366601,-0.45012373,-0.25277933,-0.691669,-0.4746199,-0.2502924,-0.75788224","0.0019682646,-0.3567713,0.3787737","0.16663298,-0.78165257,-0.49596813,-0.4491172,-0.25255024,-0.75039846,-0.4746199,-0.2502924,-0.75788224",0.0
"0.16663298,-0.78165257,-0.49596813,-0.4491172,-0.25255024,-0.75039846,-0.4746199,-0.2502924,-0.75788224","-0.024109066,0.024699926,0.08679187","0.16433074,-0.77825654,-0.486644,-0.4658578,-0.25776744,-0.74507296,-0.4746199,-0.2502924,-0.75788224",0.0
"0.0,0.0,0.0,2.8652207e-07,0.005789075,0.993462,0.030000001,0.094912276,-0.8775239","0.80896115,0.9675851,0.9563832","0.07724992,0.13303797,0.102744855,0.40073898,0.10517391,0.8797952,0.030000001,0.094912276,-0.8775239",0.0
"0.07724992,0.13303797,0.102744855,0.40073898,0.10517391,0.8797952,0.030000001,0.094912276,-0.8775239","0.92276025,0.96534455,0.93495226","0.16536683,0.2657679,0.20318736,0.62784195,0.3657442,0.57389647,0.030000001,0.094912276,-0.8775239",0.0
"0.16536683,0.2657679,0.20318736,0.62784195,0.3657442,0.57389647,0.030000001,0.094912276,-0.8775239","0.8498739,0.9708135,0.8892722","0.2465236,0.39924976,0.29872242,0.6203427,0.6150394,0.1628315,0.030000001,0.094912276,-0.8775239",0.0
"0.2465236,0.39924976,0.29872242,0.6203427,0.6150394,0.1628315,0.030000001,0.094912276,-0.8775239","0.21710443,0.97532034,0.90240574","0.26725549,0.53335136,0.3956684,0.55452734,0.62683326,-0.25841138,0.030000001,0.094912276,-0.8775239",0.0
"0.26725549,0.53335136,0.3956684,0.55452734,0.62683326,-0.25841138,0.030000001,0.094912276,-0.8775239","0.60078704,0.96216416,0.9228065","0.3246263,0.665644,0.49480602,0.33116266,0.55004835,-0.58545613,0.030000001,0.094912276,-0.8775239",0.0
"0.3246263,0.665644,0.49480602,0.33116266,0.55004835,-0.58545613,0.030000001,0.094912276,-0.8775239","0.65249825,0.939559,0.87859714","0.38693514,0.7948286,0.5891942,0.123146445,0.34863737,-0.7510818,0.030000001,0.094912276,-0.8775239",0.0
"0.38693514,0.7948286,0.5891942,0.123146445,0.34863737,-0.7510818,0.030000001,0.094912276,-0.8775239","-0.34229493,0.8602016,0.4739964","0.3542485,0.9131019,0.6401159,0.062447935,0.1398119,-0.79293185,0.030000001,0.094912276,-0.8775239",0.0
"0.3542485,0.9131019,0.6401159,0.062447935,0.1398119,-0.79293185,0.030000001,0.094912276,-0.8775239","-0.06379324,0.59170675,-0.41359293","0.3481567,0.99445856,0.5956833,0.03581538,0.08190683,-0.85996616,0.030000001,0.094912276,-0.8775239",0.0
"0.3481567,0.99445856,0.5956833,0.03581538,0.08190683,-0.85996616,0.030000001,0.094912276,-0.8775239","0.5158186,0.13957202,-0.2316696","0.39741609,0.9999812,0.570809,0.02885467,0.104693204,-0.8851896,0.030000001,0.094912276,-0.8775239",0.0
"0.0,0.0,0.0,2.8652207e-07,0.005789075,0.993462,-0.22081873,-0.48900583,-0.75788224","0.90157676,-0.9562934,-0.9534085","0.08609403,-0.13148543,-0.10242527,-0.3974784,-0.10420013,0.8816293,-0.22081873,-0.48900583,-0.75788224",0.0
"0.08609403,-0.13148543,-0.10242527,-0.3974784,-0.10420013,0.8816293,-0.22081873,-0.48900583,-0.75788224","0.9379649,-0.92769194,-0.96277785","0.17566288,-0.2590383,-0.20585708,-0.6152868,-0.37201583,0.58196855,-0.22081873,-0.48900583,-0.75788224",0.0
"0.17566288,-0.2590383,-0.20585708,-0.6152868,-0.37201583,0.58196855,-0.22081873,-0.48900583,-0.75788224","0.8874762,-0.8919023,-0.966526","0.2604104,-0.3816703,-0.30969155,-0.5931913,-0.62485206,0.183059,-0.22081873,-0.48900583,-0.75788224",0.0
"0.2604104,-0.3816703,-0.30969155,-0.5931913,-0.62485206,0.183059,-0.22081873,-0.48900583,-0.75788224","0.70115674,-0.8922351,-0.9271151","0.3273658,-0.50434804,-0.40929207,-0.43418258,-0.7092743,-0.21584445,-0.22081873,-0.48900583,-0.75788224",0.0
"0.3273658,-0.50434804,-0.40929207,-0.43418258,-0.7092743,-0.21584445,-0.22081873,-0.48900583,-0.75788224","0.52528214,-0.90380234,-0.89874405","0.37752643,-0.6286163,-0.50584465,-0.2528324,-0.6089423,-0.5322827,-0.22081873,-0.48900583,-0.75788224",0.0
"0.37752643,-0.6286163,-0.50584465,-0.2528324,-0.6089423,-0.5322827,-0.22081873,-0.48900583,-0.75788224","-0.11200482,-0.70803094,-0.34338588","0.3668308,-0.72596693,-0.5427348,-0.21456149,-0.46833494,-0.68373764,-0.22081873,-0.48900583,-0.75788224",0.0
"0.3668308,-0.72596693,-0.5427348,-0.21456149,-0.46833494,-0.68373764,-0.22081873,-0.48900583,-0.75788224","0.011020422,-0.47700405,0.56464994","0.36788318,-0.7915526,-0.48207405,-0.21589363,-0.47558126,-0.761632,-0.22081873,-0.48900583,-0.75788224",0.0
"0.0,0.0,0.0,2.8652207e-07,0.005789075,0.993462,-0.4746199,-0.2502924,-0.75788224","0.071275115,-0.8833784,-0.97230726","0.006806251,-0.12145999,-0.104455575,-0.3936591,-0.0026282517,0.8897699,-0.4746199,-0.2502924,-0.75788224",0.0
"0.006806251,-0.12145999,-0.104455575,-0.3936591,-0.0026282517,0.8897699,-0.4746199,-0.2502924,-0.75788224","0.15188742,-0.96909374,-0.9552962","0.021310395,-0.2547054,-0.20708366,-0.7125502,-0.04197337,0.5878028,-0.4746199,-0.2502924,-0.75788224",0.0
"0.021310395,-0.2547054,-0.20708366,-0.7125502,-0.04197337,0.5878028,-0.4746199,-0.2502924,-0.75788224","0.48662388,-0.9404731,-0.96363735","0.067779444,-0.38401562,-0.31060782,-0.84449273,-0.1766675,0.1767087,-0.4746199,-0.2502924,-0.75788224",0.0
"0.067779444,-0.38401562,-0.31060782,-0.84449273,-0.1766675,0.1767087,-0.4746199,-0.2502924,-0.75788224","0.56837714,-0.9201688,-0.95864433","0.12205534,-0.51053417,-0.4135956,-0.7686488,-0.3038432,-0.23355523,-0.4746199,-0.2502924,-0.75788224",0.0
"0.12205534,-0.51053417,-0.4135956,-0.7686488,-0.3038432,-0.23355523,-0.4746199,-0.2502924,-0.75788224","0.44358385,-0.9125196,-0.9036446","0.16441438,-0.636001,-0.5106746,-0.56535846,-0.31444022,-0.5465809,-0.4746199,-0.2502924,-0.75788224",0.0
"0.16441438,-0.636001,-0.5106746,-0.56535846,-0.31444022,-0.5465809,-0.4746199,-0.2502924,-0.75788224","0.02126491,-0.70255214,-0.24188149","0.16644502,-0.7325983,-0.5366601,-0.45012373,-0.25277933,-0.691669,-0.4746199,-0.2502924,-0.75788224",0.0
"0.16644502,-0.7325983,-0.5366601,-0.45012373,-0.25277933,-0.691669,-0.4746199,-0.2502924,-0.75788224","0.0019682646,-0.3567713,0.3787737","0.16663298,-0.78165257,-0.49596813,-0.4491172,-0.25255024,-0.75039846,-0.4746199,-0.2502924,-0.75788224",0.0
"0.16663298,-0.78165257,-0.49596813,-0.4491172,-0.25255024,-0.75039846,-0.4746199,-0.2502924,-0.75788224","-0.024109066,0.024699926,0.08679187","0.16433074,-0.77825654,-0.486644,-0.4658578,-0.25776744,-0.74507296,-0.4746199,-0.2502924,-0.75788224",0.0
"0.0,0.0,0.0,2.8652207e-07,0.005789075,0.993462,-0.46912283,0.26046783,-0.75788224","-0.7364659,-0.9561355,-0.987397","-0.07032715,-0.1314637,-0.10607669,-0.40373808,0.09661543,0.87853706,-0.46912283,0.26046783,-0.75788224",0.0
"-0.07032715,-0.1314637,-0.10607669,-0.40373808,0.09661543,0.87853706,-0.46912283,0.26046783,-0.75788224","-0.5926119,-0.98266053,-0.89245075","-0.12691729,-0.26657447,-0.20195322,-0.6676889,0.28757185,0.5742224,-0.46912283,0.26046783,-0.75788224",0.0
"-0.12691729,-0.26657447,-0.20195322,-0.6676889,0.28757185,0.5742224,-0.46912283,0.26046783,-0.75788224","-0.19176477,-0.9589359,-0.90157324","-0.14522943,-0.39842328,-0.2988098,-0.78120846,0.38985845,0.1644573,-0.46912283,0.26046783,-0.75788224",0.0
"-0.14522943,-0.39842328,-0.2988098,-0.78120846,0.38985845,0.1644573,-0.46912283,0.26046783,-0.75788224","0.08327162,-0.9325939,-0.9145189","-0.13727759,-0.5266502,-0.3970571,-0.7583139,0.3553189,-0.2463951,-0.46912283,0.26046783,-0.75788224",0.0
"-0.13727759,-0.5266502,-0.3970571,-0.7583139,0.3553189,-0.2463951,-0.46912283,0.26046783,-0.75788224","0.0289011,-0.9315572,-0.8169688","-0.13451774,-0.65473455,-0.4848245,-0.60403484,0.27797973,-0.56296766,-0.46912283,0.26046783,-0.75788224",0.0
"-0.13451774,-0.65473455,-0.4848245,-0.60403484,0.27797973,-0.56296766,-0.46912283,0.26046783,-0.75788224","-0.34004498,-0.7855653,-0.2789889","-0.16698956,-0.7627458,-0.51479644,-0.4401458,0.26140374,-0.7280462,-0.46912283,0.26046783,-0.75788224",0.0
"-0.16698956,-0.7627458,-0.51479644,-0.4401458,0.26140374,-0.7280462,-0.46912283,0.26046783,-0.75788224","0.09241533,-0.116431594,0.26667857","-0.15816456,-0.7787546,-0.48614693,-0.46531543,0.258913,-0.74565405,-0.46912283,0.26046783,-0.75788224",0.0
"0.0,0.0,0.0,2.8652207e-07,0.005789075,0.993462,-0.024912281,0.0024561402,-0.46819258","0.24485826,-0.9701188,-0.95141995","0.023382183,-0.13338636,-0.10221165,-0.4136316,-0.024634346,0.8798973,-0.024912281,0.0024561402,-0.46819258",0.0
"0.023382183,-0.13338636,-0.10221165,-0.4136316,-0.024634346,0.8798973,-0.024912281,0.0024561402,-0.46819258","0.4735148,-0.908098,-0.9330928","0.0685994,-0.25824517,-0.20245439,-0.7005669,-0.14743559,0.58817023,-0.024912281,0.0024561402,-0.46819258",0.0
"0.0685994,-0.25824517,-0.20245439,-0.7005669,-0.14743559,0.58817023,-0.024912281,0.0024561402,-0.46819258","0.43373108,-0.88685095,-0.91569763","0.110017575,-0.38018262,-0.30082834,-0.8130335,-0.286608,0.19993302,-0.024912281,0.0024561402,-0.46819258",0.0
"0.110017575,-0.38018262,-0.30082834,-0.8130335,-0.286608,0.19993302,-0.024912281,0.0024561402,-0.46819258","0.05946076,-0.890249,-0.93279195","0.11569565,-0.5025873,-0.40103874,-0.7862136,-0.2928569,-0.20207284,-0.024912281,0.0024561402,-0.46819258",0.0
"0.11569565,-0.5025873,-0.40103874,-0.7862136,-0.2928569,-0.20207284,-0.024912281,0.0024561402,-0.46819258","0.0958271,-0.8995726,-0.9289156","0.12484644,-0.626274,-0.5008327,-0.6192377,-0.24988225,-0.5256845,-0.024912281,0.0024561402,-0.46819258",0.0
"0.12484644,-0.626274,-0.5008327,-0.6192377,-0.24988225,-0.5256845,-0.024912281,0.0024561402,-0.46819258","0.10153782,-0.76208365,-0.9415276","0.13454257,-0.73105663,-0.6019816,-0.39174333,-0.16985375,-0.68531406,-0.024912281,0.0024561402,-0.46819258",0.0
"0.13454257,-0.73105663,-0.6019816,-0.39174333,-0.16985375,-0.68531406,-0.024912281,0.0024561402,-0.46819258","-0.20774096,-0.78103554,-0.93994933","0.11470481,-0.838445,-0.70296085,-0.16561145,-0.056217056,-0.70395684,-0.024912281,0.0024561402,-0.46819258",0.0
"0.11470481,-0.838445,-0.70296085,-0.16561145,-0.056217056,-0.70395684,-0.024912281,0.0024561402,-0.46819258","-0.20958781,-0.13521224,-0.92521936","0.094690695,-0.85703605,-0.8023576,-0.059113663,-0.01206733,-0.5972555,-0.024912281,0.0024561402,-0.46819258",0.0
"0.094690695,-0.85703605,-0.8023576,-0.059113663,-0.01206733,-0.5972555,-0.024912281,0.0024561402,-0.46819258","-0.22781616,0.465039,-0.71528846","0.0729359,-0.79309565,-0.8792014,-0.055508286,-0.0070013367,-0.4868126,-0.024912281,0.0024561402,-0.46819258",0.0
"0.0729359,-0.79309565,-0.8792014,-0.055508286,-0.0070013367,-0.4868126,-0.024912281,0.0024561402,-0.46819258","-0.20511085,-0.06734455,-0.12987232","0.053349305,-0.80235523,-0.89315355,-0.040261276,-0.00093999744,-0.46874943,-0.024912281,0.0024561402,-0.46819258",0.0
"0.0,0.0,0.0,2.8652207e-07,0.005789075,0.993462,-0.19701755,0.11321637,-0.95748115","-0.79717124,-0.992788,-0.9600989","-0.07612407,-0.13650323,-0.10314403,-0.4081036,0.105461404,0.8759209,-0.19701755,0.11321637,-0.95748115",0.0
"-0.07612407,-0.13650323,-0.10314403,-0.4081036,0.105461404,0.8759209,-0.19701755,0.11321637,-0.95748115","-0.84064674,-0.9856274,-0.94952875","-0.15639974,-0.27202195,-0.20515248,-0.64623827,0.3523793,0.55993146,-0.19701755,0.11321637,-0.95748115",0.0
"-0.15639974,-0.27202195,-0.20515248,-0.64623827,0.3523793,0.55993146,-0.19701755,0.11321637,-0.95748115","-0.87646204,-0.95599324,-0.9488727","-0.2400955,-0.40346614,-0.30709046,-0.63297457,0.6027064,0.1409312,-0.19701755,0.11321637,-0.95748115",0.0
"-0.2400955,-0.40346614,-0.30709046,-0.63297457,0.6027064,0.1409312,-0.19701755,0.11321637,-0.95748115","-0.5440798,-0.92657,-0.9507424","-0.29205117,-0.5308648,-0.40922928,-0.49695998,0.65880096,-0.26936656,-0.19701755,0.11321637,-0.95748115",0.0
"-0.29205117,-0.5308648,-0.40922928,-0.49695998,0.65880096,-0.26936656,-0.19701755,0.11321637,-0.95748115","0.30318904,-0.937039,-0.9250979","-0.26309884,-0.65970284,-0.5086131,-0.42182013,0.4665962,-0.5825055,-0.19701755,0.11321637,-0.95748115",0.0
"-0.26309884,-0.65970284,-0.5086131,-0.42182013,0.4665962,-0.5825055,-0.19701755,0.11321637,-0.95748115","0.59826326,-0.9021746,-0.76499784","-0.20596902,-0.7837473,-0.59079725,-0.3005705,0.2343662,-0.74036777,-0.19701755,0.11321637,-0.95748115",0.0
"-0.20596902,-0.7837473,-0.59079725,-0.3005705,0.2343662,-0.74036777,-0.19701755,0.11321637,-0.95748115","0.30816996,-0.77820635,-0.24285197","-0.17654103,-0.8907467,-0.6168869,-0.17529905,0.11540506,-0.8029536,-0.19701755,0.11321637,-0.95748115",0.0
"-0.17654103,-0.8907467,-0.6168869,-0.17529905,0.11540506,-0.8029536,-0.19701755,0.11321637,-0.95748115","-0.00016957521,-0.7391847,0.77143145","-0.17655721,-0.99238074,-0.5340115,-0.13563783,0.09084555,-0.91387635,-0.19701755,0.11321637,-0.95748115",0.0
"-0.17655721,-0.99238074,-0.5340115,-0.13563783,0.09084555,-0.91387635,-0.19701755,0.11321637,-0.95748115","0.010273695,-0.14380848,0.5825299","-0.17557809,-0.9999812,-0.47144908,-0.19293734,0.1255129,-0.95869994,-0.19701755,0.11321637,-0.95748115",0.0
"0.0,0.0,0.0,2.8652207e-07,0.005789075,0.993462,0.53017545,-0.08257309,-0.75788224","0.2757522,0.97652555,0.9449587","0.026332337,0.13426724,0.10151751,0.41332874,0.040080078,0.87959653,0.53017545,-0.08257309,-0.75788224",0.0
"0.026332337,0.13426724,0.10151751,0.41332874,0.040080078,0.87959653,0.53017545,-0.08257309,-0.75788224","0.0875442,0.93976855,0.8917197","0.034692176,0.26348057,0.19731551,0.71511465,0.084073275,0.58624697,0.53017545,-0.08257309,-0.75788224",0.0
"0.034692176,0.26348057,0.19731551,0.71511465,0.084073275,0.58624697,0.53017545,-0.08257309,-0.75788224","0.09636176,0.94664454,0.8935293","0.043894023,0.39363936,0.2933079,0.86219496,0.12549838,0.18316106,0.53017545,-0.08257309,-0.75788224",0.0
"0.043894023,0.39363936,0.2933079,0.86219496,0.12549838,0.18316106,0.53017545,-0.08257309,-0.75788224","-0.50736487,0.9651177,0.8995118","-0.004555639,0.5263381,0.389943,0.8437045,-0.0062858043,-0.23709862,0.53017545,-0.08257309,-0.75788224",0.0
"-0.004555639,0.5263381,0.389943,0.8437045,-0.0062858043,-0.23709862,0.53017545,-0.08257309,-0.75788224","-0.39875442,0.9561908,0.87875867","-0.04263379,0.6578095,0.48434857,0.6576785,-0.082776524,-0.5676885,0.53017545,-0.08257309,-0.75788224",0.0
"-0.04263379,0.6578095,0.48434857,0.6576785,-0.082776524,-0.5676885,0.53017545,-0.08257309,-0.75788224","-0.16268021,0.7722206,0.22210741","-0.058168568,0.7639859,0.50820965,0.51199436,-0.0887308,-0.7291173,0.53017545,-0.08257309,-0.75788224",0.0
"-0.058168568,0.7639859,0.50820965,0.51199436,-0.0887308,-0.7291173,0.53017545,-0.08257309,-0.75788224","0.16448689,0.17717087,-0.31623995","-0.042461265,0.788346,0.47423577,0.53317493,-0.06570664,-0.75647765,0.53017545,-0.08257309,-0.75788224",0.0
"0.0,0.0,0.0,2.8652207e-07,0.005789075,0.993462,0.059649125,-0.65005845,-0.6045056","0.8996475,-0.92024934,-0.9639963","0.0859098,-0.12652954,-0.10356272,-0.38949156,-0.10174402,0.8855887,0.059649125,-0.65005845,-0.6045056",0.0
"0.0859098,-0.12652954,-0.10356272,-0.38949156,-0.10174402,0.8855887,0.059649125,-0.65005845,-0.6045056","0.95414317,-0.8294431,-0.94754076","0.17702353,-0.24057373,-0.20535763,-0.59151006,-0.36085507,0.61446977,0.059649125,-0.65005845,-0.6045056",0.0
"0.17702353,-0.24057373,-0.20535763,-0.59151006,-0.36085507,0.61446977,0.059649125,-0.65005845,-0.6045056","0.96108615,-0.86343884,-0.9160321","0.2688003,-0.35929215,-0.3037675,-0.5674898,-0.63010657,0.23893568,0.059649125,-0.65005845,-0.6045056",0.0
"0.2688003,-0.35929215,-0.3037675,-0.5674898,-0.63010657,0.23893568,0.059649125,-0.65005845,-0.6045056","0.9457524,-0.8161789,-0.8893276","0.3591128,-0.4715126,-0.3993085,-0.36647895,-0.75969374,-0.1360688,0.059649125,-0.65005845,-0.6045056",0.0
"0.3591128,-0.4715126,-0.3993085,-0.36647895,-0.75969374,-0.1360688,0.059649125,-0.65005845,-0.6045056","0.92501915,-0.7578299,-0.80337244","0.4474454,-0.57571036,-0.48561528,-0.1244372,-0.7116108,-0.4294593,0.059649125,-0.65005845,-0.6045056",0.0
"0.4474454,-0.57571036,-0.48561528,-0.1244372,-0.7116108,-0.4294593,0.059649125,-0.65005845,-0.6045056","0.6897671,-0.65072274,-0.17106456","0.5133132,-0.6651814,-0.5039928,0.020566588,-0.62986165,-0.5889094,0.059649125,-0.65005845,-0.6045056",0.0
"0.5133132,-0.6651814,-0.5039928,0.020566588,-0.62986165,-0.5889094,0.059649125,-0.65005845,-0.6045056","0.22915006,-0.13542765,0.23796141","0.53519535,-0.68380207,-0.4784284,0.06562549,-0.6435463,-0.60619086,0.059649125,-0.65005845,-0.6045056",0.0
"0.0,0.0,0.0,2.8652207e-07,0.005789075,0.993462,-0.15461989,-0.6342105,-0.6045056","0.9526136,-0.94359857,-0.967158","0.09096767,-0.12973996,-0.10390239,-0.39423135,-0.10980181,0.8821248,-0.15461989,-0.6342105,-0.6045056",0.0
"0.09096767,-0.12973996,-0.10390239,-0.39423135,-0.10980181,0.8821248,-0.15461989,-0.6342105,-0.6045056","0.96278214,-0.8486408,-0.9519992","0.18290639,-0.24642369,-0.20617628,-0.59213674,-0.3765139,0.6033777,-0.15461989,-0.6342105,-0.6045056",0.0
"0.18290639,-0.24642369,-0.20617628,-0.59213674,-0.3765139,0.6033777,-0.15461989,-0.6342105,-0.6045056","0.9618381,-0.83204955,-0.94823205","0.27475494,-0.36082625,-0.30804542,-0.5560211,-0.64109915,0.22909969,-0.15461989,-0.6342105,-0.6045056",0.0
"0.27475494,-0.36082625,-0.30804542,-0.5560211,-0.64109915,0.22909969,-0.15461989,-0.6342105,-0.6045056","0.9349719,-0.79834193,-0.91473556","0.364038,-0.47059423,-0.406316,-0.35246953,-0.76041454,-0.14332359,-0.15461989,-0.6342105,-0.6045056",0.0
"0.364038,-0.47059423,-0.406316,-0.35246953,-0.76041454,-0.14332359,-0.15461989,-0.6342105,-0.6045056","0.74632263,-0.8328837,-0.78380054","0.43530637,-0.5851115,-0.49052018,-0.1490821,-0.69472295,-0.44964263,-0.15461989,-0.6342105,-0.6045056",0.0
"0.43530637,-0.5851115,-0.49052018,-0.1490821,-0.69472295,-0.44964263,-0.15461989,-0.6342105,-0.6045056","-0.07445258,-0.60608554,0.02845025","0.4281967,-0.6684452,-0.4874637,-0.15084854,-0.6314673,-0.5863198,-0.15461989,-0.6342105,-0.6045056",0.0
"0.0,0.0,0.0,2.8652207e-07,0.005789075,0.993462,0.02274854,0.010409356,-0.46819258","0.6719656,0.97009814,0.96231854","0.06416784,0.13338351,0.10338249,0.40611124,0.088903815,0.8789012,0.02274854,0.010409356,-0.46819258",0.0
"0.06416784,0.13338351,0.10338249,0.40611124,0.088903815,0.8789012,0.02274854,0.010409356,-0.46819258","0.81488645,0.927261,0.95325506","0.14198358,0.26087713,0.20579126,0.6483664,0.31646553,0.5788313,0.02274854,0.010409356,-0.46819258",0.0
"0.14198358,0.26087713,0.20579126,0.6483664,0.31646553,0.5788313,0.02274854,0.010409356,-0.46819258","-0.11042851,0.9073467,0.9508376","0.13143846,0.3856327,0.30794033,0.7892211,0.35209072,0.1774295,0.02274854,0.010409356,-0.46819258",0.0
"0.13143846,0.3856327,0.30794033,0.7892211,0.35209072,0.1774295,0.02274854,0.010409356,-0.46819258","-0.030307114,0.94326305,0.9603441","0.12854435,0.51532656,0.41111067,0.7587776,0.3305374,-0.24025683,0.02274854,0.010409356,-0.46819258",0.0
"0.12854435,0.51532656,0.41111067,0.7587776,0.3305374,-0.24025683,0.02274854,0.010409356,-0.46819258","-0.29801345,0.8663318,0.9635315","0.10008623,0.63444275,0.5146234,0.6096547,0.20436,-0.54609245,0.02274854,0.010409356,-0.46819258",0.0
"0.10008623,0.63444275,0.5146234,0.6096547,0.20436,-0.54609245,0.02274854,0.010409356,-0.46819258","-0.004763961,0.8446244,0.9363109","0.0996313,0.7505743,0.61521184,0.3662532,0.12461949,-0.7011069,0.02274854,0.010409356,-0.46819258",0.0
"0.0996313,0.7505743,0.61521184,0.3662532,0.12461949,-0.7011069,0.02274854,0.010409356,-0.46819258","-0.00022041798,0.66997194,0.94959784","0.09961025,0.842692,0.71722764,0.1451613,0.05305459,-0.6917405,0.02274854,0.010409356,-0.46819258",0.0
"0.09961025,0.842692,0.71722764,0.1451613,0.05305459,-0.6917405,0.02274854,0.010409356,-0.46819258","-0.036079764,0.09187865,0.95431614","0.09616489,0.8553249,0.81975037,0.044410136,0.019904718,-0.57431394,0.02274854,0.010409356,-0.46819258",0.0
"0.09616489,0.8553249,0.81975037,0.044410136,0.019904718,-0.57431394,0.02274854,0.010409356,-0.46819258","-0.23399407,-0.38379663,0.7261355","0.07382016,0.8025549,0.89775944,0.034540534,0.014105892,-0.4623291,0.02274854,0.010409356,-0.46819258",0.0
"0.0,0.0,0.0,2.8652207e-07,0.005789075,0.993462,-0.6527486,-0.0057894737,-0.6045056","-0.7304441,-0.97176564,-0.84879464","-0.06975211,-0.13361278,-0.091186546,-0.39087018,0.092981346,0.8888322,-0.6527486,-0.0057894737,-0.6045056",0.0
"-0.06975211,-0.13361278,-0.091186546,-0.39087018,0.092981346,0.8888322,-0.6527486,-0.0057894737,-0.6045056","-0.33321708,-0.9715374,-0.9061645","-0.101571925,-0.26719418,-0.18853636,-0.68162376,0.23129803,0.5920468,-0.6527486,-0.0057894737,-0.6045056",0.0
"-0.101571925,-0.26719418,-0.18853636,-0.68162376,0.23129803,0.5920468,-0.6527486,-0.0057894737,-0.6045056","0.37481856,-0.9528957,-0.95515543","-0.06577947,-0.39821246,-0.2911493,-0.85445946,0.18504874,0.17677505,-0.6527486,-0.0057894737,-0.6045056",0.0
"-0.06577947,-0.39821246,-0.2911493,-0.85445946,0.18504874,0.17677505,-0.6527486,-0.0057894737,-0.6045056","0.67042494,-0.92041963,-0.9631338","-0.0017587577,-0.5247655,-0.39461935,-0.83997095,0.010430615,-0.23958458,-0.6527486,-0.0057894737,-0.6045056",0.0
"-0.0017587577,-0.5247655,-0.39461935,-0.83997095,0.010430615,-0.23958458,-0.6527486,-0.0057894737,-0.6045056","0.26375484,-0.8363228,-0.8458578","0.023427917,-0.6397556,-0.48549032,-0.6752901,-0.043986794,-0.5388362,-0.6527486,-0.0057894737,-0.6045056",0.0
"0.023427917,-0.6397556,-0.48549032,-0.6752901,-0.043986794,-0.5388362,-0.6527486,-0.0057894737,-0.6045056","-0.12764508,-0.28948146,-0.020397842","0.011238738,-0.67955786,-0.48768163,-0.63837683,-0.016755598,-0.6038784,-0.6527486,-0.0057894737,-0.6045056",0.0
"0.011238738,-0.67955786,-0.48768163,-0.63837683,-0.016755598,-0.6038784,-0.6527486,-0.0057894737,-0.6045056","-0.033651173,0.058540344,0.05067873","0.008025294,-0.6715089,-0.48223716,-0.6532535,-0.010682017,-0.5885757,-0.6527486,-0.0057894737,-0.6045056",0.0
"0.0,0.0,0.0,2.8652207e-07,0.005789075,0.993462,0.013976608,-0.09853801,-0.8775239","0.9859216,-0.95114833,-0.9764194","0.09414835,-0.13077801,-0.10489734,-0.39616546,-0.11466543,0.88023895,0.013976608,-0.09853801,-0.8775239",0.0
"0.09414835,-0.13077801,-0.10489734,-0.39616546,-0.11466543,0.88023895,0.013976608,-0.09853801,-0.8775239","0.9586568,-0.9301406,-0.94595176","0.18569311,-0.2586676,-0.20652153,-0.6031615,-0.39115033,0.581676,0.013976608,-0.09853801,-0.8775239",0.0
"0.18569311,-0.2586676,-0.20652153,-0.6031615,-0.39115033,0.581676,0.013976608,-0.09853801,-0.8775239","0.64901435,-0.96349174,-0.9021385","0.24766926,-0.39114276,-0.3034388,-0.62241286,-0.6052381,0.17275502,0.013976608,-0.09853801,-0.8775239",0.0
"0.24766926,-0.39114276,-0.3034388,-0.62241286,-0.6052381,0.17275502,0.013976608,-0.09853801,-0.8775239","0.39909172,-0.9586313,-0.9494176","0.28577963,-0.52294964,-0.40543535,-0.52242464,-0.64609057,-0.24891244,0.013976608,-0.09853801,-0.8775239",0.0
"0.28577963,-0.52294964,-0.40543535,-0.52242464,-0.64609057,-0.24891244,0.013976608,-0.09853801,-0.8775239","0.74980664,0.9484885,-0.6261046","0.35738072,-0.39253744,-0.47269815,-0.34502918,-0.7044723,-0.074300066,0.013976608,-0.09853801,-0.8775239",0.0
"0.35738072,-0.39253744,-0.47269815,-0.34502918,-0.7044723,-0.074300066,0.013976608,-0.09853801,-0.8775239","0.50489664,0.9380429,-0.76324165","0.4055947,-0.26356143,-0.5546937,-0.20840998,-0.66217566,0.05190452,0.013976608,-0.09853801,-0.8775239",0.0
"0.4055947,-0.26356143,-0.5546937,-0.20840998,-0.66217566,0.05190452,0.013976608,-0.09853801,-0.8775239","-0.52686197,-0.923105,-0.9298513","0.35528317,-0.39048365,-0.65458816,-0.26631868,-0.5316704,-0.25465298,0.013976608,-0.09853801,-0.8775239",0.0
"0.35528317,-0.39048365,-0.65458816,-0.26631868,-0.5316704,-0.25465298,0.013976608,-0.09853801,-0.8775239","0.09979284,-0.9386018,-0.8426647","0.36481267,-0.5195366,-0.7451162,-0.17476697,-0.37241155,-0.44154987,0.013976608,-0.09853801,-0.8775239",0.0
"0.36481267,-0.5195366,-0.7451162,-0.17476697,-0.37241155,-0.44154987,0.013976608,-0.09853801,-0.8775239","0.21739745,-0.91782165,-0.55567425","0.38557258,-0.64573246,-0.8048126,-0.09038533,-0.2240498,-0.51546794,0.013976608,-0.09853801,-0.8775239",0.0
"0.38557258,-0.64573246,-0.8048126,-0.09038533,-0.2240498,-0.51546794,0.013976608,-0.09853801,-0.8775239","0.3945409,-0.91663766,0.009474158","0.42324838,-0.7717655,-0.8037947,-0.03831311,-0.13156024,-0.5749793,0.013976608,-0.09853801,-0.8775239",0.0
"0.42324838,-0.7717655,-0.8037947,-0.03831311,-0.13156024,-0.5749793,0.013976608,-0.09853801,-0.8775239","0.49916375,-0.9051216,0.6136751","0.4709149,-0.896215,-0.7378671,-0.012561052,-0.07364012,-0.6838442,0.013976608,-0.09853801,-0.8775239",0.0
"0.4709149,-0.896215,-0.7378671,-0.012561052,-0.07364012,-0.6838442,0.013976608,-0.09853801,-0.8775239","0.44566154,-0.79524815,0.74424624","0.5134696,-0.9999811,-0.65792227,-0.0049317987,-0.020379877,-0.7921454,0.013976608,-0.09853801,-0.8775239",0.0
"0.5134696,-0.9999811,-0.65792227,-0.0049317987,-0.020379877,-0.7921454,0.013976608,-0.09853801,-0.8775239","0.36802483,-0.43435752,0.6957327","0.5486108,-0.9999812,-0.5831928,0.0086830715,-0.09447209,-0.87346673,0.013976608,-0.09853801,-0.8775239",0.0
"0.0,0.0,0.0,2.8652207e-07,0.005789075,0.993462,0.05005848,-0.5342105,-0.75788224","0.82168496,-0.9438125,-0.96370524","0.07846495,-0.12976937,-0.103531465,-0.39787275,-0.09414412,0.8824093,0.05005848,-0.5342105,-0.75788224",0.0
"0.07846495,-0.12976937,-0.103531465,-0.39787275,-0.09414412,0.8824093,0.05005848,-0.5342105,-0.75788224","0.91061115,-0.9165564,-0.95394355","0.16542171,-0.2557912,-0.20601423,-0.62315077,-0.34986502,0.58742356,0.05005848,-0.5342105,-0.75788224",0.0
"0.16542171,-0.2557912,-0.20601423,-0.62315077,-0.34986502,0.58742356,0.05005848,-0.5342105,-0.75788224","0.92621446,-0.9283551,-0.90717256","0.25386846,-0.38343525,-0.30347234,-0.6073646,-0.6140232,0.18898296,0.05005848,-0.5342105,-0.75788224",0.0
"0.25386846,-0.38343525,-0.30347234,-0.6073646,-0.6140232,0.18898296,0.05005848,-0.5342105,-0.75788224","0.92926526,-0.87517226,-0.89204526","0.34260657,-0.50376695,-0.3993053,-0.4038335,-0.7368392,-0.20232546,0.05005848,-0.5342105,-0.75788224",0.0
"0.34260657,-0.50376695,-0.3993053,-0.4038335,-0.7368392,-0.20232546,0.05005848,-0.5342105,-0.75788224","0.91166925,-0.8340204,-0.79399204","0.42966437,-0.6184405,-0.4846043,-0.15788072,-0.6764307,-0.5026238,0.05005848,-0.5342105,-0.75788224",0.0
"0.42966437,-0.6184405,-0.4846043,-0.15788072,-0.6764307,-0.5026238,0.05005848,-0.5342105,-0.75788224","0.6290287,-0.7934579,-0.5404844","0.48973206,-0.7275369,-0.5426689,-0.022345135,-0.51301366,-0.68570316,0.05005848,-0.5342105,-0.75788224",0.0
"0.48973206,-0.7275369,-0.5426689,-0.022345135,-0.51301366,-0.68570316,0.05005848,-0.5342105,-0.75788224","0.28905082,-0.47971916,0.51419854","0.51733434,-0.7934959,-0.48742816,0.022108393,-0.51190454,-0.7645747,0.05005848,-0.5342105,-0.75788224",0.0
"0.51733434,-0.7934959,-0.48742816,0.022108393,-0.51190454,-0.7645747,0.05005848,-0.5342105,-0.75788224","0.109164834,0.040193677,0.0076144934","0.5277588,-0.7879695,-0.4866101,0.039561655,-0.5189526,-0.75754124,0.05005848,-0.5342105,-0.75788224",0.0
"0.5277588,-0.7879695,-0.4866101,0.039561655,-0.5189526,-0.75754124,0.05005848,-0.5342105,-0.75788224","0.02016759,0.017045856,-0.026587367","0.5296846,-0.7856259,-0.48946634,0.0426018,-0.51764685,-0.75484586,0.05005848,-0.5342105,-0.75788224",0.0
"0.5296846,-0.7856259,-0.48946634,0.0426018,-0.51764685,-0.75484586,0.05005848,-0.5342105,-0.75788224","0.0056037903,-0.010596752,0.026392698","0.53021973,-0.78708297,-0.48663095,0.043674506,-0.51970255,-0.7564171,0.05005848,-0.5342105,-0.75788224",0.0
"0.0,0.0,0.0,2.8652207e-07,0.005789075,0.993462,-0.3591228,0.39865497,-0.75788224","-0.76705706,-0.9700896,-0.98435396","-0.07324839,-0.13338234,-0.10574976,-0.40609398,0.101080135,0.8768682,-0.3591228,0.39865497,-0.75788224",0.0
"-0.07324839,-0.13338234,-0.10574976,-0.40609398,0.101080135,0.8768682,-0.3591228,0.39865497,-0.75788224","-0.776065,-0.9760847,-0.92051965","-0.14735696,-0.26758897,-0.20464176,-0.6504514,0.33111802,0.56858826,-0.3591228,0.39865497,-0.75788224",0.0
"-0.14735696,-0.26758897,-0.20464176,-0.6504514,0.33111802,0.56858826,-0.3591228,0.39865497,-0.75788224","-0.48147094,-0.9422224,-0.8976476","-0.19333395,-0.39713976,-0.3010766,-0.7126819,0.50238055,0.16368268,-0.3591228,0.39865497,-0.75788224",0.0
"-0.19333395,-0.39713976,-0.3010766,-0.7126819,0.50238055,0.16368268,-0.3591228,0.39865497,-0.75788224","-0.16566336,-0.9257133,-0.8909031","-0.20915361,-0.5244206,-0.39678684,-0.6601333,0.51655954,-0.24151216,-0.3591228,0.39865497,-0.75788224",0.0
"-0.20915361,-0.5244206,-0.39678684,-0.6601333,0.51655954,-0.24151216,-0.3591228,0.39865497,-0.75788224","-0.11442602,-0.9156835,-0.85007024","-0.22008045,-0.65032244,-0.48811036,-0.5081439,0.42810613,-0.5576181,-0.3591228,0.39865497,-0.75788224",0.0
"-0.22008045,-0.65032244,-0.48811036,-0.5081439,0.42810613,-0.5576181,-0.3591228,0.39865497,-0.75788224","-0.53055805,-0.8279441,-0.38634133","-0.2707449,-0.7641606,-0.5296152,-0.3185072,0.37176397,-0.7301803,-0.3591228,0.39865497,-0.75788224",0.0
"-0.2707449,-0.7641606,-0.5296152,-0.3185072,0.37176397,-0.7301803,-0.3591228,0.39865497,-0.75788224","0.027310371,-0.1093173,0.40198112","-0.26813695,-0.7791912,-0.48643008,-0.3495187,0.40050292,-0.74625754,-0.3591228,0.39865497,-0.75788224",0.0
"0.0,0.0,0.0,2.8652207e-07,0.005789075,0.993462,-0.37017545,-0.0057894737,-0.99258906","-0.10754573,-0.9745073,-0.9781946","-0.010269841,-0.13398974,-0.105088055,-0.41844976,0.01929738,0.87681913,-0.37017545,-0.0057894737,-0.99258906",0.0
"-0.010269841,-0.13398974,-0.105088055,-0.41844976,0.01929738,0.87681913,-0.37017545,-0.0057894737,-0.99258906","-0.12231463,-0.9702197,-0.9631383","-0.021950005,-0.26738998,-0.2085586,-0.72963524,0.05619715,0.5633367,-0.37017545,-0.0057894737,-0.99258906",0.0
"-0.021950005,-0.26738998,-0.2085586,-0.72963524,0.05619715,0.5633367,-0.37017545,-0.0057894737,-0.99258906","0.16621113,-0.94777906,-0.9591397","-0.00607805,-0.39770472,-0.31159958,-0.8697439,0.02239995,0.14624585,-0.37017545,-0.0057894737,-0.99258906",0.0
"-0.00607805,-0.39770472,-0.31159958,-0.8697439,0.02239995,0.14624585,-0.37017545,-0.0057894737,-0.99258906","0.2923087,-0.93946725,-0.9451771","0.021835305,-0.5268767,-0.41314048,-0.8211794,-0.050616525,-0.2658948,-0.37017545,-0.0057894737,-0.99258906",0.0
"0.021835305,-0.5268767,-0.41314048,-0.8211794,-0.050616525,-0.2658948,-0.37017545,-0.0057894737,-0.99258906","0.36064363,-0.94890547,-0.8857757","0.056274153,-0.65734637,-0.5082998,-0.62269837,-0.10536745,-0.5787454,-0.37017545,-0.0057894737,-0.99258906",0.0
"0.056274153,-0.65734637,-0.5082998,-0.62269837,-0.10536745,-0.5787454,-0.37017545,-0.0057894737,-0.99258906","-0.082634866,-0.94284075,-0.733504","0.04838312,-0.7869822,-0.58710057,-0.37866676,-0.052147698,-0.74461967,-0.37017545,-0.0057894737,-0.99258906",0.0
"0.04838312,-0.7869822,-0.58710057,-0.37866676,-0.052147698,-0.74461967,-0.37017545,-0.0057894737,-0.99258906","-0.3850844,-0.8042413,0.4557283","0.011610359,-0.89756125,-0.53814137,-0.30043563,-0.0051696855,-0.8574478,-0.37017545,-0.0057894737,-0.99258906",0.0
"0.011610359,-0.89756125,-0.53814137,-0.30043563,-0.0051696855,-0.8574478,-0.37017545,-0.0057894737,-0.99258906","-0.0072495937,-0.3938483,0.69029033","0.010918079,-0.9517133,-0.46398297,-0.31800997,-0.0051189116,-0.92978215,-0.37017545,-0.0057894737,-0.99258906",0.0
"0.010918079,-0.9517133,-0.46398297,-0.31800997,-0.0051189116,-0.92978215,-0.37017545,-0.0057894737,-0.99258906","0.0029984713,-0.09788966,0.46363783","0.011204415,-0.9651728,-0.41417396,-0.3647506,-0.0070511075,-0.9545767,-0.37017545,-0.0057894737,-0.99258906",0.0
"0.011204415,-0.9651728,-0.41417396,-0.3647506,-0.0070511075,-0.9545767,-0.37017545,-0.0057894737,-0.99258906","0.008363724,-0.09760374,0.16184306","0.012003094,-0.97859293,-0.396787,-0.36674654,-0.0080423355,-0.969565,-0.37017545,-0.0057894737,-0.99258906",0.0
"0.012003094,-0.97859293,-0.396787,-0.36674654,-0.0080423355,-0.969565,-0.37017545,-0.0057894737,-0.99258906","0.023968816,-0.010019481,0.07133341","0.014291945,-0.97997063,-0.38912353,-0.3750321,-0.011054598,-0.9719157,-0.37017545,-0.0057894737,-0.99258906",0.0
"0.014291945,-0.97997063,-0.38912353,-0.3750321,-0.011054598,-0.9719157,-0.37017545,-0.0057894737,-0.99258906","0.009771109,-0.021165013,0.01738143","0.015225019,-0.98288083,-0.38725615,-0.37274057,-0.012045939,-0.9748149,-0.37017545,-0.0057894737,-0.99258906",0.0
"0.0,0.0,0.0,2.8652207e-07,0.005789075,0.993462,-0.36900586,-0.13280702,-0.8776547","0.11001706,-0.9577245,-0.98255104","0.010505826,-0.1316822,-0.10555608,-0.41488,-0.007905711,0.87876296,-0.36900586,-0.13280702,-0.8776547",0.0
"0.010505826,-0.1316822,-0.10555608,-0.41488,-0.007905711,0.87876296,-0.36900586,-0.13280702,-0.8776547","0.20822012,-0.9707766,-0.94959486","0.030389335,-0.265159,-0.20757164,-0.7254829,-0.06365801,0.56872314,-0.36900586,-0.13280702,-0.8776547",0.0
"0.030389335,-0.265159,-0.20757164,-0.7254829,-0.06365801,0.56872314,-0.36900586,-0.13280702,-0.8776547","0.47904384,-0.94395256,-0.9562937","0.07613455,-0.39494765,-0.31030685,-0.84549826,-0.2002176,0.15408437,-0.36900586,-0.13280702,-0.8776547",0.0
"0.07613455,-0.39494765,-0.31030685,-0.84549826,-0.2002176,0.15408437,-0.36900586,-0.13280702,-0.8776547","0.48901796,-0.93219006,-0.94384545","0.12283222,-0.52311903,-0.41170475,-0.7666045,-0.30519003,-0.25666758,-0.36900586,-0.13280702,-0.8776547",0.0
"0.12283222,-0.52311903,-0.41170475,-0.7666045,-0.30519003,-0.25666758,-0.36900586,-0.13280702,-0.8776547","0.38142252,-0.9314114,-0.89844596","0.1592553,-0.65118337,-0.5082253,-0.5617957,-0.30054295,-0.56917536,-0.36900586,-0.13280702,-0.8776547",0.0
"0.1592553,-0.65118337,-0.5082253,-0.5617957,-0.30054295,-0.56917536,-0.36900586,-0.13280702,-0.8776547","-0.21757555,-0.9134827,-0.61644423","0.13847841,-0.77678263,-0.57445025,-0.37603363,-0.16837351,-0.7383957,-0.36900586,-0.13280702,-0.8776547",0.0
"0.13847841,-0.77678263,-0.57445025,-0.37603363,-0.16837351,-0.7383957,-0.36900586,-0.13280702,-0.8776547","-0.27004623,-0.63184285,0.38271737","0.11269096,-0.86365783,-0.5333346,-0.33499986,-0.11764414,-0.8323783,-0.36900586,-0.13280702,-0.8776547",0.0
"0.11269096,-0.86365783,-0.5333346,-0.33499986,-0.11764414,-0.8323783,-0.36900586,-0.13280702,-0.8776547","-0.009619713,-0.23446131,0.44894052","0.11177235,-0.8958951,-0.48510462,-0.35378805,-0.12343557,-0.8760328,-0.36900586,-0.13280702,-0.8776547",0.0
"0.11177235,-0.8958951,-0.48510462,-0.35378805,-0.12343557,-0.8760328,-0.36900586,-0.13280702,-0.8776547","0.0055248737,0.059793353,0.08886659","0.112299934,-0.88767385,-0.4755576,-0.3773319,-0.13276653,-0.8704265,-0.36900586,-0.13280702,-0.8776547",0.0
"0.0,0.0,0.0,2.8652207e-07,0.005789075,0.993462,-0.20192984,0.14982456,-0.83234775","-0.8296869,-0.98985255,-0.9446372","-0.07922908,-0.13609964,-0.101482965,-0.4044196,0.10876732,0.8777622,-0.20192984,0.14982456,-0.83234775",0.0
"-0.07922908,-0.13609964,-0.101482965,-0.4044196,0.10876732,0.8777622,-0.20192984,0.14982456,-0.83234775","-0.69951916,-0.9792756,-0.93393564","-0.14602807,-0.270745,-0.20181625,-0.6541859,0.32956445,0.56699383,-0.20192984,0.14982456,-0.83234775",0.0
"-0.14602807,-0.270745,-0.20181625,-0.6541859,0.32956445,0.56699383,-0.20192984,0.14982456,-0.83234775","-0.7317191,-0.9444623,-0.9434843","-0.21590194,-0.4006037,-0.30317536,-0.67643195,0.55251443,0.15306647,-0.20192984,0.14982456,-0.83234775",0.0
"-0.21590194,-0.4006037,-0.30317536,-0.67643195,0.55251443,0.15306647,-0.20192984,0.14982456,-0.83234775","-0.30101168,-0.9289286,-0.9419738","-0.24464637,-0.5283267,-0.40437213,-0.59294736,0.58138496,-0.25854513,-0.20192984,0.14982456,-0.83234775",0.0
"-0.24464637,-0.5283267,-0.40437213,-0.59294736,0.58138496,-0.25854513,-0.20192984,0.14982456,-0.83234775","0.36410916,-0.9297559,-0.92590225","-0.2098766,-0.65616333,-0.5038423,-0.5011478,0.3957451,-0.5748871,-0.20192984,0.14982456,-0.83234775",0.0
"-0.2098766,-0.65616333,-0.5038423,-0.5011478,0.3957451,-0.5748871,-0.20192984,0.14982456,-0.83234775","0.43215013,-0.9421304,-0.84944206","-0.1686094,-0.7857015,-0.5950984,-0.31884766,0.19340003,-0.7406576,-0.20192984,0.14982456,-0.83234775",0.0
"-0.1686094,-0.7857015,-0.5950984,-0.31884766,0.19340003,-0.7406576,-0.20192984,0.14982456,-0.83234775","-0.19786513,-0.6089122,-0.3722117","-0.18750408,-0.86942387,-0.6350852,-0.176222,0.12471449,-0.77760035,-0.20192984,0.14982456,-0.83234775",0.0
"-0.18750408,-0.86942387,-0.6350852,-0.176222,0.12471449,-0.77760035,-0.20192984,0.14982456,-0.83234775","-0.061905622,-0.33604681,0.53774357","-0.19341561,-0.9156286,-0.5773151,-0.18065175,0.13267778,-0.8455418,-0.20192984,0.14982456,-0.83234775",0.0
"-0.19341561,-0.9156286,-0.5773151,-0.18065175,0.13267778,-0.8455418,-0.20192984,0.14982456,-0.83234775","0.045925736,0.14027035,0.077479124","-0.18903004,-0.89634216,-0.56899136,-0.2138045,0.15133686,-0.8395943,-0.20192984,0.14982456,-0.83234775",0.0
"0.0,0.0,0.0,2.8652207e-07,0.005789075,0.993462,0.056900587,-0.115321636,-0.7433683","0.1663841,0.9601269,0.9267628","0.015888479,0.13201252,0.09956271,0.407735,0.026165305,0.88351154,0.056900587,-0.115321636,-0.7433683",0.0
"0.015888479,0.13201252,0.09956271,0.407735,0.026165305,0.88351154,0.056900587,-0.115321636,-0.7433683","-0.39661777,0.98175836,0.87621784","-0.021985637,0.26699924,0.19369534,0.72134435,-0.044099707,0.5851535,0.056900587,-0.115321636,-0.7433683",0.0
"-0.021985637,0.26699924,0.19369534,0.72134435,-0.044099707,0.5851535,0.056900587,-0.115321636,-0.7433683","-0.7037188,0.96455944,0.9050437","-0.08918567,0.39962125,0.29092473,0.8425666,-0.23642853,0.17411754,0.056900587,-0.115321636,-0.7433683",0.0
"-0.08918567,0.39962125,0.29092473,0.8425666,-0.23642853,0.17411754,0.056900587,-0.115321636,-0.7433683","-0.63763,0.92996013,0.91695","-0.1500747,0.527486,0.3894332,0.7544416,-0.37813237,-0.23883638,0.056900587,-0.115321636,-0.7433683",0.0
"-0.1500747,0.527486,0.3894332,0.7544416,-0.37813237,-0.23883638,0.056900587,-0.115321636,-0.7433683","-0.69037706,0.9202025,0.9318805","-0.21600069,0.6540091,0.48954564,0.5169122,-0.4093634,-0.5643466,0.056900587,-0.115321636,-0.7433683",0.0
"-0.21600069,0.6540091,0.48954564,0.5169122,-0.4093634,-0.5643466,0.056900587,-0.115321636,-0.7433683","-0.7930398,0.9032767,0.8909606","-0.29173025,0.77820504,0.58526206,0.24522284,-0.31020096,-0.736874,0.056900587,-0.115321636,-0.7433683",0.0
"-0.29173025,0.77820504,0.58526206,0.24522284,-0.31020096,-0.736874,0.056900587,-0.115321636,-0.7433683","-0.43056417,0.85362434,0.6378578","-0.332846,0.89557403,0.6537875,0.08544291,-0.13592142,-0.77351487,0.056900587,-0.115321636,-0.7433683",0.0
"-0.332846,0.89557403,0.6537875,0.08544291,-0.13592142,-0.77351487,0.056900587,-0.115321636,-0.7433683","-0.17997015,0.02982974,0.246678","-0.35003185,0.89967555,0.6802882,0.06258583,-0.11010736,-0.7489568,0.056900587,-0.115321636,-0.7433683",0.0
"0.0,0.0,0.0,2.8652207e-07,0.005789075,0.993462,0.12766083,-0.015438596,-0.7433683","0.034374475,0.97441006,0.9679681","0.0032825181,0.13397637,0.10398942,0.4174672,0.010094619,0.87777865,0.12766083,-0.015438596,-0.7433683",0.0
"0.0032825181,0.13397637,0.10398942,0.4174672,0.010094619,0.87777865,0.12766083,-0.015438596,-0.7433683","0.63557935,0.97326064,0.93325996","0.06397574,0.26779473,0.20425013,0.71406436,0.15138926,0.56878126,0.12766083,-0.015438596,-0.7433683",0.0
"0.06397574,0.26779473,0.20425013,0.71406436,0.15138926,0.56878126,0.12766083,-0.015438596,-0.7433683","-0.37664962,0.9541465,0.90905094","0.028008435,0.39898497,0.30191,0.86889154,0.08246449,0.15846764,0.12766083,-0.015438596,-0.7433683",0.0
"0.028008435,0.39898497,0.30191,0.86889154,0.08246449,0.15846764,0.12766083,-0.015438596,-0.7433683","0.006361127,0.9353292,0.95269823","0.028615879,0.52758795,0.40425897,0.8268288,0.080345035,-0.256915,0.12766083,-0.015438596,-0.7433683",0.0
"0.028615879,0.52758795,0.40425897,0.8268288,0.080345035,-0.256915,0.12766083,-0.015438596,-0.7433683","-0.21619797,0.94100654,0.95543885","0.007970543,0.6569716,0.50690234,0.6333865,0.02165454,-0.57754284,0.12766083,-0.015438596,-0.7433683",0.0
"0.007970543,0.6569716,0.50690234,0.6333865,0.02165454,-0.57754284,0.12766083,-0.015438596,-0.7433683","-0.5795611,0.963269,0.9315202","-0.047373336,0.7894162,0.60697603,0.3492806,-0.046515644,-0.73926383,0.12766083,-0.015438596,-0.7433683",0.0
"-0.047373336,0.7894162,0.60697603,0.3492806,-0.046515644,-0.73926383,0.12766083,-0.015438596,-0.7433683","0.076654315,0.80687964,0.75611925","-0.040053412,0.900358,0.6882064,0.11726524,-0.008998227,-0.74089074,0.12766083,-0.015438596,-0.7433683",0.0
"0.0,0.0,0.0,2.8652207e-07,0.005789075,0.993462,-0.34760237,-0.18152046,-0.8776547","0.583789,-0.95248073,-0.9828262","0.05574761,-0.13096121,-0.105585635,-0.4082288,-0.06635678,0.8794663,-0.34760237,-0.18152046,-0.8776547",0.0
"0.05574761,-0.13096121,-0.105585635,-0.4082288,-0.06635678,0.8794663,-0.34760237,-0.18152046,-0.8776547","0.1549139,-0.9723449,-0.954812","0.070540756,-0.26465362,-0.20816168,-0.71137184,-0.1543457,0.56877655,-0.34760237,-0.18152046,-0.8776547",0.0
"0.070540756,-0.26465362,-0.20816168,-0.71137184,-0.1543457,0.56877655,-0.34760237,-0.18152046,-0.8776547","0.44276893,-0.9509344,-0.95604515","0.112821974,-0.39540225,-0.3108702,-0.81697226,-0.29616365,0.15225266,-0.34760237,-0.18152046,-0.8776547",0.0
"0.112821974,-0.39540225,-0.3108702,-0.81697226,-0.29616365,0.15225266,-0.34760237,-0.18152046,-0.8776547","0.439574,-0.93130726,-0.9471326","0.1547981,-0.5234523,-0.41262123,-0.7313172,-0.38007107,-0.25841156,-0.34760237,-0.18152046,-0.8776547",0.0
"0.1547981,-0.5234523,-0.41262123,-0.7313172,-0.38007107,-0.25841156,-0.34760237,-0.18152046,-0.8776547","0.41830873,-0.9296203,-0.8888434","0.19474354,-0.65127033,-0.5081102,-0.5249325,-0.36122602,-0.56925696,-0.34760237,-0.18152046,-0.8776547",0.0
"0.19474354,-0.65127033,-0.5081102,-0.5249325,-0.36122602,-0.56925696,-0.34760237,-0.18152046,-0.8776547","-0.11781871,-0.91327375,-0.59902835","0.18349272,-0.7768408,-0.57246417,-0.35078624,-0.22114809,-0.7389322,-0.34760237,-0.18152046,-0.8776547",0.0
"0.18349272,-0.7768408,-0.57246417,-0.35078624,-0.22114809,-0.7389322,-0.34760237,-0.18152046,-0.8776547","-0.20312154,-0.6123029,0.3351965","0.16409609,-0.8610294,-0.5364537,-0.31121936,-0.16969283,-0.82897663,-0.34760237,-0.18152046,-0.8776547",0.0
"0.16409609,-0.8610294,-0.5364537,-0.31121936,-0.16969283,-0.82897663,-0.34760237,-0.18152046,-0.8776547","-0.075253665,-0.25352347,0.4309944","0.15690991,-0.8958876,-0.49015167,-0.32668847,-0.16891873,-0.8746554,-0.34760237,-0.18152046,-0.8776547",0.0
"0.15690991,-0.8958876,-0.49015167,-0.32668847,-0.16891873,-0.8746554,-0.34760237,-0.18152046,-0.8776547","0.001257658,0.034121394,0.110437274","0.15703,-0.8911962,-0.47828725,-0.3471244,-0.18006393,-0.8732685,-0.34760237,-0.18152046,-0.8776547",0.0
"0.0,0.0,0.0,2.8652207e-07,0.005789075,0.993462,0.038011696,-0.00046783625,-0.30644754","-0.6250299,0.95131135,0.96081734","-0.059685815,0.13080043,0.10322121,0.4043509,-0.07082817,0.8816415,0.038011696,-0.00046783625,-0.30644754",0.0
"-0.059685815,0.13080043,0.10322121,0.4043509,-0.07082817,0.8816415,0.038011696,-0.00046783625,-0.30644754","0.49948144,0.9341543,0.9364209","-0.011988959,0.25924185,0.20382148,0.7177799,-0.021253943,0.5844952,0.038011696,-0.00046783625,-0.30644754",0.0
"-0.011988959,0.25924185,0.20382148,0.7177799,-0.021253943,0.5844952,0.038011696,-0.00046783625,-0.30644754","0.114314795,0.89460087,0.94003797","-0.0010727237,0.38224488,0.30481035,0.86273414,0.0028819684,0.18941404,0.038011696,-0.00046783625,-0.30644754",0.0
"-0.0010727237,0.38224488,0.30481035,0.86273414,0.0028819684,0.18941404,0.038011696,-0.00046783625,-0.30644754","-0.49165905,0.9480072,0.97399306","-0.04802259,0.51259106,0.409447,0.82119393,-0.118984096,-0.23273481,0.038011696,-0.00046783625,-0.30644754",0.0
"-0.04802259,0.51259106,0.409447,0.82119393,-0.118984096,-0.23273481,0.038011696,-0.00046783625,-0.30644754","0.10409641,0.97225237,0.96481645","-0.03808214,0.64627075,0.51309776,0.6310622,-0.070030294,-0.56380254,0.038011696,-0.00046783625,-0.30644754",0.0
"-0.03808214,0.64627075,0.51309776,0.6310622,-0.070030294,-0.56380254,0.038011696,-0.00046783625,-0.30644754","-0.05531788,0.93725324,0.971843","-0.0433646,0.7751383,0.61750346,0.35274374,-0.0425114,-0.7224798,0.038011696,-0.00046783625,-0.30644754",0.0
"-0.0433646,0.7751383,0.61750346,0.35274374,-0.0425114,-0.7224798,0.038011696,-0.00046783625,-0.30644754","-0.056356728,0.44193697,0.9721346","-0.048746258,0.83590245,0.72194034,0.15600877,-0.01822184,-0.6844275,0.038011696,-0.00046783625,-0.30644754",0.0
"-0.048746258,0.83590245,0.72194034,0.15600877,-0.01822184,-0.6844275,0.038011696,-0.00046783625,-0.30644754","0.008197904,-0.3559307,0.97795343","-0.047963414,0.7869638,0.82700235,0.10166649,-0.009580427,-0.55253226,0.038011696,-0.00046783625,-0.30644754",0.0
"-0.047963414,0.7869638,0.82700235,0.10166649,-0.009580427,-0.55253226,0.038011696,-0.00046783625,-0.30644754","-0.064610004,-0.43160164,0.9575374","-0.054133203,0.7276209,0.9298712,0.06228872,-0.0048222467,-0.40892375,0.038011696,-0.00046783625,-0.30644754",0.0
"-0.054133203,0.7276209,0.9298712,0.06228872,-0.0048222467,-0.40892375,0.038011696,-0.00046783625,-0.30644754","0.12660182,-0.38737237,0.732528","-0.04204365,0.6743592,1.0,0.04156797,0.00031777378,-0.3055187,0.038011696,-0.00046783625,-0.30644754",0.0
"0.0,0.0,0.0,2.8652207e-07,0.005789075,0.993462,-0.8754971,0.1519883,-0.41634786","-0.50279117,-0.9848712,-0.76198804","-0.048012912,-0.13541472,-0.081860855,-0.38874146,0.06494111,0.89450634,-0.8754971,0.1519883,-0.41634786",0.0
"-0.048012912,-0.13541472,-0.081860855,-0.38874146,0.06494111,0.89450634,-0.8754971,0.1519883,-0.41634786","-0.43662483,-0.9762521,-0.80275524","-0.08970741,-0.26964438,-0.16810134,-0.6802576,0.20298244,0.6159578,-0.8754971,0.1519883,-0.41634786",0.0
"-0.08970741,-0.26964438,-0.16810134,-0.6802576,0.20298244,0.6159578,-0.8754971,0.1519883,-0.41634786","0.28539872,-0.9630064,-0.52860004","-0.062453903,-0.40205282,-0.22488917,-0.86092526,0.17702189,0.27181914,-0.8754971,0.1519883,-0.41634786",0.0
"-0.062453903,-0.40205282,-0.22488917,-0.86092526,0.17702189,0.27181914,-0.8754971,0.1519883,-0.41634786","0.061802983,-0.9153509,-0.5851356","-0.056552168,-0.52790886,-0.28775063,-0.8994671,0.16738802,-0.10294598,-0.8754971,0.1519883,-0.41634786",0.0
"-0.056552168,-0.52790886,-0.28775063,-0.8994671,0.16738802,-0.10294598,-0.8754971,0.1519883,-0.41634786","0.058762074,-0.74511564,-0.20792961","-0.050940815,-0.6303585,-0.3100886,-0.86437774,0.14538887,-0.35803214,-0.8754971,0.1519883,-0.41634786",0.0
"-0.050940815,-0.6303585,-0.3100886,-0.86437774,0.14538887,-0.35803214,-0.8754971,0.1519883,-0.41634786","-0.010352373,-0.2237832,0.18402052","-0.051929396,-0.66112757,-0.29031911,-0.8655114,0.14833434,-0.39982915,-0.8754971,0.1519883,-0.41634786",0.0
"-0.051929396,-0.66112757,-0.29031911,-0.8655114,0.14833434,-0.39982915,-0.8754971,0.1519883,-0.41634786","0.0025160313,-0.019811392,0.07967365","-0.051689133,-0.6638516,-0.28175965,-0.8715121,0.1486456,-0.39523986,-0.8754971,0.1519883,-0.41634786",0.0
"-0.051689133,-0.6638516,-0.28175965,-0.8715121,0.1486456,-0.39523986,-0.8754971,0.1519883,-0.41634786","0.00596416,-0.027918339,0.03807938","-0.0511196,-0.66769034,-0.2776687,-0.87318426,0.14731432,-0.39849114,-0.8754971,0.1519883,-0.41634786",0.0
"0.0,0.0,0.0,2.8652207e-07,0.005789075,0.993462,0.6154971,-0.2174269,-0.6045056","-0.1496402,0.94584703,0.9259002","-0.014289549,0.13004911,0.09947005,0.404434,-0.012373054,0.885536,0.6154971,-0.2174269,-0.6045056",0.0
"-0.014289549,0.13004911,0.09947005,0.404434,-0.012373054,0.885536,0.6154971,-0.2174269,-0.6045056","0.055448055,0.896014,0.8395113","-0.0089946585,0.25324643,0.18965927,0.70073986,-0.014014707,0.61465603,0.6154971,-0.2174269,-0.6045056",0.0
"-0.0089946585,0.25324643,0.18965927,0.70073986,-0.014014707,0.61465603,0.6154971,-0.2174269,-0.6045056","-0.43309647,0.96938264,0.79790854","-0.050352227,0.38653156,0.27537906,0.858712,-0.13111879,0.22615112,0.6154971,-0.2174269,-0.6045056",0.0
"-0.050352227,0.38653156,0.27537906,0.858712,-0.13111879,0.22615112,0.6154971,-0.2174269,-0.6045056","-0.5264733,0.97024584,0.90284204","-0.10062661,0.5199354,0.37237194,0.81873465,-0.26171538,-0.20171909,0.6154971,-0.2174269,-0.6045056",0.0
"-0.10062661,0.5199354,0.37237194,0.81873465,-0.26171538,-0.20171909,0.6154971,-0.2174269,-0.6045056","-0.39931262,0.8459947,0.8048239","-0.13875806,0.6362554,0.45883465,0.6490361,-0.2959395,-0.5155231,0.6154971,-0.2174269,-0.6045056",0.0
"-0.13875806,0.6362554,0.45883465,0.6490361,-0.2959395,-0.5155231,0.6154971,-0.2174269,-0.6045056","0.19536114,0.38134766,0.06319809","-0.12010249,0.68868876,0.465624,0.6148985,-0.23745705,-0.6075716,0.6154971,-0.2174269,-0.6045056",0.0
"-0.12010249,0.68868876,0.465624,0.6148985,-0.23745705,-0.6075716,0.6154971,-0.2174269,-0.6045056","0.026806116,-0.103191435,0.10788834","-0.1175427,0.6745005,0.4772145,0.6149766,-0.23180346,-0.5907911,0.6154971,-0.2174269,-0.6045056",0.0
"-0.1175427,0.6745005,0.4772145,0.6149766,-0.23180346,-0.5907911,0.6154971,-0.2174269,-0.6045056","-0.0025091171,0.015071511,-0.004112959","-0.1177823,0.67657286,0.47677258,0.6135562,-0.23178317,-0.5938828,0.6154971,-0.2174269,-0.6045056",0.0
"0.0,0.0,0.0,2.8652207e-07,0.005789075,0.993462,-0.2788889,-0.14432748,-0.13221532","0.42082238,-0.8334166,-0.9814318","0.04018548,-0.114590496,-0.10543583,-0.3789372,-0.04225969,0.8954616,-0.2788889,-0.14432748,-0.13221532",0.0
"0.04018548,-0.114590496,-0.10543583,-0.3789372,-0.04225969,0.8954616,-0.2788889,-0.14432748,-0.13221532","0.6042149,-0.6171397,-0.97373563","0.09788362,-0.19944404,-0.21004488,-0.6067908,-0.18663383,0.67472684,-0.2788889,-0.14432748,-0.13221532",0.0
"0.09788362,-0.19944404,-0.21004488,-0.6067908,-0.18663383,0.67472684,-0.2788889,-0.14432748,-0.13221532","0.33413553,-0.3640206,-0.9767061","0.12979114,-0.24949503,-0.31497303,-0.691293,-0.29230526,0.4364242,-0.2788889,-0.14432748,-0.13221532",0.0
"0.12979114,-0.24949503,-0.31497303,-0.691293,-0.29230526,0.4364242,-0.2788889,-0.14432748,-0.13221532","0.23838246,-0.63897896,-0.9670071","0.15255493,-0.33735135,-0.4188592,-0.7160669,-0.3656002,0.10772036,-0.2788889,-0.14432748,-0.13221532",0.0
"0.15255493,-0.33735135,-0.4188592,-0.7160669,-0.3656002,0.10772036,-0.2788889,-0.14432748,-0.13221532","0.2544136,-0.77409977,-0.9803587","0.17684957,-0.44378614,-0.5241798,-0.6256995,-0.38163486,-0.22897437,-0.2788889,-0.14432748,-0.13221532",0.0
"0.17684957,-0.44378614,-0.5241798,-0.6256995,-0.38163486,-0.22897437,-0.2788889,-0.14432748,-0.13221532","-0.019558132,-0.54239714,-0.99196064","0.17498192,-0.518363,-0.6307467,-0.48943248,-0.29309762,-0.4244773,-0.2788889,-0.14432748,-0.13221532",0.0
"0.17498192,-0.518363,-0.6307467,-0.48943248,-0.29309762,-0.4244773,-0.2788889,-0.14432748,-0.13221532","-0.17671949,0.38435578,-0.99134505","0.15810649,-0.46551612,-0.7372475,-0.40144902,-0.211014,-0.3845383,-0.2788889,-0.14432748,-0.13221532",0.0
"0.15810649,-0.46551612,-0.7372475,-0.40144902,-0.211014,-0.3845383,-0.2788889,-0.14432748,-0.13221532","-0.24129331,0.5030049,-0.946421","0.13506472,-0.3963556,-0.8389221,-0.315063,-0.13598086,-0.31731287,-0.2788889,-0.14432748,-0.13221532",0.0
"0.13506472,-0.3963556,-0.8389221,-0.315063,-0.13598086,-0.31731287,-0.2788889,-0.14432748,-0.13221532","-0.07317102,0.5924362,-0.6553445","0.1280774,-0.31489873,-0.90932614,-0.25170925,-0.10083225,-0.24784088,-0.2788889,-0.14432748,-0.13221532",0.0
"0.1280774,-0.31489873,-0.90932614,-0.25170925,-0.10083225,-0.24784088,-0.2788889,-0.14432748,-0.13221532","0.035509348,0.4407277,-0.0070939064","0.13146828,-0.25430098,-0.91008824,-0.26150787,-0.10827885,-0.20680748,-0.2788889,-0.14432748,-0.13221532",0.0
"0.13146828,-0.25430098,-0.91008824,-0.26150787,-0.10827885,-0.20680748,-0.2788889,-0.14432748,-0.13221532","0.051370025,0.2686379,0.085397124","0.13637374,-0.2173647,-0.900914,-0.2763315,-0.11984257,-0.17907079,-0.2788889,-0.14432748,-0.13221532",0.0
"0.13637374,-0.2173647,-0.900914,-0.2763315,-0.11984257,-0.17907079,-0.2788889,-0.14432748,-0.13221532","0.046844482,0.18555689,0.04994917","0.14084704,-0.19185163,-0.8955479,-0.28356257,-0.12795106,-0.15845989,-0.2788889,-0.14432748,-0.13221532",0.0
"0.14084704,-0.19185163,-0.8955479,-0.28356257,-0.12795106,-0.15845989,-0.2788889,-0.14432748,-0.13221532","0.042330742,0.116274,0.038910985","0.14488931,-0.17586459,-0.89136773,-0.2879416,-0.13449161,-0.14461246,-0.2788889,-0.14432748,-0.13221532",0.0
"0.0,0.0,0.0,2.8652207e-07,0.005789075,0.993462,-0.42362574,-0.6590058,-0.06984476","0.9319389,-0.8548111,-0.97519726","0.08899339,-0.11753213,-0.104766056,-0.37285537,-0.10102429,0.8932516,-0.42362574,-0.6590058,-0.06984476",0.0
"0.08899339,-0.11753213,-0.104766056,-0.37285537,-0.10102429,0.8932516,-0.42362574,-0.6590058,-0.06984476","0.952394,-0.8100833,-0.9843765","0.17994012,-0.22891442,-0.21051824,-0.5767845,-0.3590316,0.6268308,-0.42362574,-0.6590058,-0.06984476",0.0
"0.17994012,-0.22891442,-0.21051824,-0.5767845,-0.3590316,0.6268308,-0.42362574,-0.6590058,-0.06984476","0.90787506,-0.79568535,-0.9541806","0.2666356,-0.33831707,-0.31302646,-0.56114674,-0.6144456,0.2674859,-0.42362574,-0.6590058,-0.06984476",0.0
"0.2666356,-0.33831707,-0.31302646,-0.56114674,-0.6144456,0.2674859,-0.42362574,-0.6590058,-0.06984476","0.68525875,-0.6386101,-0.7015134","0.33207285,-0.42612273,-0.38839048,-0.4317386,-0.7295054,-0.027467035,-0.42362574,-0.6590058,-0.06984476",0.0
"0.33207285,-0.42612273,-0.38839048,-0.4317386,-0.7295054,-0.027467035,-0.42362574,-0.6590058,-0.06984476","-0.0883612,0.008437395,-0.432714","0.323635,-0.42496267,-0.4348772,-0.4342755,-0.690899,-0.08849791,-0.42362574,-0.6590058,-0.06984476",0.0
"0.323635,-0.42496267,-0.4348772,-0.4342755,-0.690899,-0.08849791,-0.42362574,-0.6590058,-0.06984476","0.012297511,0.24904108,-0.4093067","0.32480934,-0.39072087,-0.47884926,-0.41252595,-0.6612107,-0.0786928,-0.42362574,-0.6590058,-0.06984476",0.0
"0.0,0.0,0.0,2.8652207e-07,0.005789075,0.993462,-0.038538013,0.53520465,-0.75788224","0.73330665,0.9364934,0.7505981","0.07002547,0.12876302,0.08063722,0.369001,0.08844473,0.90172243,-0.038538013,0.53520465,-0.75788224",0.0
"0.07002547,0.12876302,0.08063722,0.369001,0.08844473,0.90172243,-0.038538013,0.53520465,-0.75788224","0.87019074,0.93838036,0.88402605","0.15312237,0.2577855,0.1756087,0.6160482,0.3280736,0.62612414,-0.038538013,0.53520465,-0.75788224",0.0
"0.15312237,0.2577855,0.1756087,0.6160482,0.3280736,0.62612414,-0.038538013,0.53520465,-0.75788224","0.8571837,0.88382363,0.8701453","0.2349772,0.37930673,0.26908895,0.635064,0.58560926,0.25123334,-0.038538013,0.53520465,-0.75788224",0.0
"0.2349772,0.37930673,0.26908895,0.635064,0.58560926,0.25123334,-0.038538013,0.53520465,-0.75788224","0.87705207,0.8692578,0.91242313","0.3187293,0.49882522,0.36711112,0.4620129,0.73237276,-0.15038519,-0.038538013,0.53520465,-0.75788224",0.0
"0.3187293,0.49882522,0.36711112,0.4620129,0.73237276,-0.15038519,-0.038538013,0.53520465,-0.75788224","0.88158584,0.88303924,0.9437671","0.40291435,0.6202386,0.46850058,0.20870827,0.6822152,-0.49456483,-0.038538013,0.53520465,-0.75788224",0.0
"0.40291435,0.6202386,0.46850058,0.20870827,0.6822152,-0.49456483,-0.038538013,0.53520465,-0.75788224","0.85640526,0.8305925,0.7093797","0.4846948,0.73444086,0.5447096,0.018387252,0.5026079,-0.6943523,-0.038538013,0.53520465,-0.75788224",0.0
"0.4846948,0.73444086,0.5447096,0.018387252,0.5026079,-0.6943523,-0.038538013,0.53520465,-0.75788224","0.40566397,0.34676373,-0.56320757","0.5234328,0.7821191,0.48420385,-0.04483367,0.5291709,-0.74976426,-0.038538013,0.53520465,-0.75788224",0.0
"0.0,0.0,0.0,2.8652207e-07,0.005789075,0.993462,-0.24643275,0.2762573,-0.99258906","-0.7630046,-0.993138,-0.97163475","-0.07286141,-0.13655138,-0.104383335,-0.41065678,0.10162091,0.8747989,-0.24643275,0.2762573,-0.99258906",0.0
"-0.07286141,-0.13655138,-0.104383335,-0.41065678,0.10162091,0.8747989,-0.24643275,0.2762573,-0.99258906","-0.9390855,-0.99082965,-0.93476593","-0.16253725,-0.27278537,-0.20480582,-0.6400389,0.3651739,0.5590575,-0.24643275,0.2762573,-0.99258906",0.0
"-0.16253725,-0.27278537,-0.20480582,-0.6400389,0.3651739,0.5590575,-0.24643275,0.2762573,-0.99258906","-0.8298173,-0.9810653,-0.8871716","-0.24177878,-0.40767682,-0.30011523,-0.6324649,0.6085963,0.14268057,-0.24643275,0.2762573,-0.99258906",0.0
"-0.24177878,-0.40767682,-0.30011523,-0.6324649,0.6085963,0.14268057,-0.24643275,0.2762573,-0.99258906","-0.589738,-0.96318334,-0.88018054","-0.29809448,-0.5401096,-0.3946735,-0.49067724,0.676699,-0.27101523,-0.24643275,0.2762573,-0.99258906",0.0
"-0.29809448,-0.5401096,-0.3946735,-0.49067724,0.676699,-0.27101523,-0.24643275,0.2762573,-0.99258906","0.20647621,-0.95348203,-0.9160595","-0.2783775,-0.6712085,-0.49308628,-0.40549734,0.49413514,-0.59334815,-0.24643275,0.2762573,-0.99258906",0.0
"-0.2783775,-0.6712085,-0.49308628,-0.40549734,0.49413514,-0.59334815,-0.24643275,0.2762573,-0.99258906","0.2998593,-0.92477953,-0.6684414","-0.24974312,-0.798361,-0.5648973,-0.27790904,0.28564277,-0.76221764,-0.24643275,0.2762573,-0.99258906",0.0
"-0.24974312,-0.798361,-0.5648973,-0.27790904,0.28564277,-0.76221764,-0.24643275,0.2762573,-0.99258906","-0.07026249,-0.8656603,0.647241","-0.25645268,-0.9173849,-0.49536374,-0.22336158,0.24096589,-0.89119625,-0.24643275,0.2762573,-0.99258906",0.0
"-0.25645268,-0.9173849,-0.49536374,-0.22336158,0.24096589,-0.89119625,-0.24643275,0.2762573,-0.99258906","-0.12345642,-0.5720073,0.6881362","-0.26824188,-0.996033,-0.4214368,-0.19774266,0.2305146,-0.9778848,-0.24643275,0.2762573,-0.99258906",0.0
"-0.26824188,-0.996033,-0.4214368,-0.19774266,0.2305146,-0.9778848,-0.24643275,0.2762573,-0.99258906","0.10902667,-0.060511112,0.41319394","-0.25783208,-0.999981,-0.37707087,-0.24277051,0.2634192,-0.99147433,-0.24643275,0.2762573,-0.99258906",0.0
"0.0,0.0,0.0,2.8652207e-07,0.005789075,0.993462,0.05005848,-0.5342105,-0.75788224","0.82168496,-0.9438125,-0.96370524","0.07846495,-0.12976937,-0.103531465,-0.39787275,-0.09414412,0.8824093,0.05005848,-0.5342105,-0.75788224",0.0
"0.07846495,-0.12976937,-0.103531465,-0.39787275,-0.09414412,0.8824093,0.05005848,-0.5342105,-0.75788224","0.91061115,-0.9165564,-0.95394355","0.16542171,-0.2557912,-0.20601423,-0.62315077,-0.34986502,0.58742356,0.05005848,-0.5342105,-0.75788224",0.0
"0.16542171,-0.2557912,-0.20601423,-0.62315077,-0.34986502,0.58742356,0.05005848,-0.5342105,-0.75788224","0.92621446,-0.9283551,-0.90717256","0.25386846,-0.38343525,-0.30347234,-0.6073646,-0.6140232,0.18898296,0.05005848,-0.5342105,-0.75788224",0.0
"0.25386846,-0.38343525,-0.30347234,-0.6073646,-0.6140232,0.18898296,0.05005848,-0.5342105,-0.75788224","0.92926526,-0.87517226,-0.89204526","0.34260657,-0.50376695,-0.3993053,-0.4038335,-0.7368392,-0.20232546,0.05005848,-0.5342105,-0.75788224",0.0
"0.34260657,-0.50376695,-0.3993053,-0.4038335,-0.7368392,-0.20232546,0.05005848,-0.5342105,-0.75788224","0.91166925,-0.8340204,-0.79399204","0.42966437,-0.6184405,-0.4846043,-0.15788072,-0.6764307,-0.5026238,0.05005848,-0.5342105,-0.75788224",0.0
"0.42966437,-0.6184405,-0.4846043,-0.15788072,-0.6764307,-0.5026238,0.05005848,-0.5342105,-0.75788224","0.6290287,-0.7934579,-0.5404844","0.48973206,-0.7275369,-0.5426689,-0.022345135,-0.51301366,-0.68570316,0.05005848,-0.5342105,-0.75788224",0.0
"0.48973206,-0.7275369,-0.5426689,-0.022345135,-0.51301366,-0.68570316,0.05005848,-0.5342105,-0.75788224","0.28905082,-0.47971916,0.51419854","0.51733434,-0.7934959,-0.48742816,0.022108393,-0.51190454,-0.7645747,0.05005848,-0.5342105,-0.75788224",0.0
"0.51733434,-0.7934959,-0.48742816,0.022108393,-0.51190454,-0.7645747,0.05005848,-0.5342105,-0.75788224","0.109164834,0.040193677,0.0076144934","0.5277588,-0.7879695,-0.4866101,0.039561655,-0.5189526,-0.75754124,0.05005848,-0.5342105,-0.75788224",0.0
"0.5277588,-0.7879695,-0.4866101,0.039561655,-0.5189526,-0.75754124,0.05005848,-0.5342105,-0.75788224","0.02016759,0.017045856,-0.026587367","0.5296846,-0.7856259,-0.48946634,0.0426018,-0.51764685,-0.75484586,0.05005848,-0.5342105,-0.75788224",0.0
"0.5296846,-0.7856259,-0.48946634,0.0426018,-0.51764685,-0.75484586,0.05005848,-0.5342105,-0.75788224","0.0056037903,-0.010596752,0.026392698","0.53021973,-0.78708297,-0.48663095,0.043674506,-0.51970255,-0.7564171,0.05005848,-0.5342105,-0.75788224",0.0
"0.0,0.0,0.0,2.8652207e-07,0.005789075,0.993462,0.13877194,-0.115380116,-0.40556052","-0.76449203,0.9391155,0.9535177","-0.07300344,0.12912355,0.102437004,0.39694813,-0.086724624,0.883973,0.13877194,-0.115380116,-0.40556052",0.0
"-0.07300344,0.12912355,0.102437004,0.39694813,-0.086724624,0.883973,0.13877194,-0.115380116,-0.40556052","-0.5349921,0.9407921,0.9579207","-0.1240913,0.25847763,0.20534702,0.666254,-0.26748744,0.5836741,0.13877194,-0.115380116,-0.40556052",0.0
"-0.1240913,0.25847763,0.20534702,0.666254,-0.26748744,0.5836741,0.13877194,-0.115380116,-0.40556052","-0.41118258,0.8607228,0.9556372","-0.16335624,0.37682262,0.3080117,0.75112224,-0.4166623,0.19583488,0.13877194,-0.115380116,-0.40556052",0.0
"-0.16335624,0.37682262,0.3080117,0.75112224,-0.4166623,0.19583488,0.13877194,-0.115380116,-0.40556052","-0.36541903,0.8460058,0.95020247","-0.19825111,0.49314412,0.41009256,0.67981476,-0.48110336,-0.19408569,0.13877194,-0.115380116,-0.40556052",0.0
"-0.19825111,0.49314412,0.41009256,0.67981476,-0.48110336,-0.19408569,0.13877194,-0.115380116,-0.40556052","-0.6114137,0.8016722,0.95774186","-0.25663668,0.60336995,0.5129833,0.46764946,-0.47920617,-0.49543777,0.13877194,-0.115380116,-0.40556052",0.0
"-0.25663668,0.60336995,0.5129833,0.46764946,-0.47920617,-0.49543777,0.13877194,-0.115380116,-0.40556052","-0.33174574,0.45983624,0.9747071","-0.28831598,0.66659516,0.61769664,0.29577377,-0.36779106,-0.6124126,0.13877194,-0.115380116,-0.40556052",0.0
"-0.28831598,0.66659516,0.61769664,0.29577377,-0.36779106,-0.6124126,0.13877194,-0.115380116,-0.40556052","0.20550537,-0.026544511,0.9756329","-0.26869172,0.6629455,0.72250944,0.22481818,-0.24418992,-0.579627,0.13877194,-0.115380116,-0.40556052",0.0
"-0.26869172,0.6629455,0.72250944,0.22481818,-0.24418992,-0.579627,0.13877194,-0.115380116,-0.40556052","0.068829775,-0.15709138,0.9445801","-0.26211897,0.6413463,0.8239863,0.15503177,-0.15879256,-0.49768683,0.13877194,-0.115380116,-0.40556052",0.0
"-0.26211897,0.6413463,0.8239863,0.15503177,-0.15879256,-0.49768683,0.13877194,-0.115380116,-0.40556052","0.13617468,-0.42364872,0.6459727","-0.24911527,0.58309686,0.89338356,0.13140823,-0.12251524,-0.40864637,0.13877194,-0.115380116,-0.40556052",0.0
"0.0,0.0,0.0,2.8652207e-07,0.005789075,0.993462,-0.24701755,0.04707602,-0.83234775","-0.48462403,-0.9665116,-0.97425634","-0.04627808,-0.13289037,-0.10466497,-0.4109957,0.066028774,0.8783029,-0.24701755,0.04707602,-0.83234775",0.0
"-0.04627808,-0.13289037,-0.10466497,-0.4109957,0.066028774,0.8783029,-0.24701755,0.04707602,-0.83234775","-0.3328601,-0.9560867,-0.95621777","-0.07806381,-0.26434737,-0.20739204,-0.7038968,0.18214145,0.5704201,-0.24701755,0.04707602,-0.83234775",0.0
"-0.07806381,-0.26434737,-0.20739204,-0.7038968,0.18214145,0.5704201,-0.24701755,0.04707602,-0.83234775","-0.27061367,-0.91229755,-0.9611435","-0.103905454,-0.38978362,-0.3106483,-0.8184086,0.28317618,0.164484,-0.24701755,0.04707602,-0.83234775",0.0
"-0.103905454,-0.38978362,-0.3106483,-0.8184086,0.28317618,0.164484,-0.24701755,0.04707602,-0.83234775","0.025196552,-0.86991733,-0.95555454","-0.101499364,-0.50939286,-0.4133041,-0.7835143,0.26476324,-0.23090437,-0.24701755,0.04707602,-0.83234775",0.0
"-0.101499364,-0.50939286,-0.4133041,-0.7835143,0.26476324,-0.23090437,-0.24701755,0.04707602,-0.83234775","0.29631817,-0.9144871,-0.9434349","-0.073203124,-0.63513017,-0.51465786,-0.62411606,0.15206194,-0.54718643,-0.24701755,0.04707602,-0.83234775",0.0
"-0.073203124,-0.63513017,-0.51465786,-0.62411606,0.15206194,-0.54718643,-0.24701755,0.04707602,-0.83234775","0.54006326,-0.9417847,-0.8376347","-0.021631004,-0.7646208,-0.60464543,-0.3837477,0.031921137,-0.7178441,-0.24701755,0.04707602,-0.83234775",0.0
"-0.021631004,-0.7646208,-0.60464543,-0.3837477,0.031921137,-0.7178441,-0.24701755,0.04707602,-0.83234775","-0.2128579,-0.69117856,-0.32694232","-0.04195739,-0.8596543,-0.639769,-0.21995156,0.035001785,-0.76871276,-0.24701755,0.04707602,-0.83234775",0.0
"-0.04195739,-0.8596543,-0.639769,-0.21995156,0.035001785,-0.76871276,-0.24701755,0.04707602,-0.83234775","-0.08959317,-0.26433253,0.4908173","-0.050512884,-0.8959987,-0.5870402,-0.23551111,0.043553784,-0.8276954,-0.24701755,0.04707602,-0.83234775",0.0
"0.0,0.0,0.0,2.8652207e-07,0.005789075,0.993462,-0.53871346,0.41192982,-0.82587534","-0.77907246,-0.9685271,-0.99609095","-0.07439577,-0.13316749,-0.10701068,-0.4067463,0.102785945,0.8759963,-0.53871346,0.41192982,-0.82587534",0.0
"-0.07439577,-0.13316749,-0.10701068,-0.4067463,0.102785945,0.8759963,-0.53871346,0.41192982,-0.82587534","-0.6800362,-0.9818969,-0.9688017","-0.13933429,-0.26817328,-0.21108964,-0.6625124,0.3164565,0.5582978,-0.53871346,0.41192982,-0.82587534",0.0
"-0.13933429,-0.26817328,-0.21108964,-0.6625124,0.3164565,0.5582978,-0.53871346,0.41192982,-0.82587534","-0.5397332,-0.9824067,-0.82379353","-0.19087487,-0.40324917,-0.2995903,-0.71950215,0.4988839,0.1529585,-0.53871346,0.41192982,-0.82587534",0.0
"-0.19087487,-0.40324917,-0.2995903,-0.71950215,0.4988839,0.1529585,-0.53871346,0.41192982,-0.82587534","0.1290164,-0.9691945,-0.81989497","-0.17855474,-0.53650844,-0.38767207,-0.7108526,0.45344496,-0.2552542,-0.53871346,0.41192982,-0.82587534",0.0
"-0.17855474,-0.53650844,-0.38767207,-0.7108526,0.45344496,-0.2552542,-0.53871346,0.41192982,-0.82587534","-0.24433202,-0.9511814,-0.5659355","-0.20188668,-0.66729105,-0.4484708,-0.56109285,0.41994968,-0.56199145,-0.53871346,0.41192982,-0.82587534",0.0
"-0.20188668,-0.66729105,-0.4484708,-0.56109285,0.41994968,-0.56199145,-0.53871346,0.41192982,-0.82587534","0.065886855,-0.8153909,0.38232887","-0.19559497,-0.7794031,-0.40739694,-0.51906496,0.37334302,-0.72291726,-0.53871346,0.41192982,-0.82587534",0.0
"-0.19559497,-0.7794031,-0.40739694,-0.51906496,0.37334302,-0.72291726,-0.53871346,0.41192982,-0.82587534","-0.047623634,-0.583705,0.59660506","-0.20014268,-0.8596596,-0.34330323,-0.50009954,0.37084582,-0.81661004,-0.53871346,0.41192982,-0.82587534",0.0
"-0.20014268,-0.8596596,-0.34330323,-0.50009954,0.37084582,-0.81661004,-0.53871346,0.41192982,-0.82587534","0.00057935715,-0.110821486,0.40997005","-0.20008737,-0.874897,-0.2992598,-0.5300219,0.39246455,-0.81674004,-0.53871346,0.41192982,-0.82587534",0.0
"-0.20008737,-0.874897,-0.2992598,-0.5300219,0.39246455,-0.81674004,-0.53871346,0.41192982,-0.82587534","-0.0011963844,-0.06928104,0.11319733","-0.20020162,-0.88442284,-0.28709888,-0.5319437,0.39415532,-0.82464,-0.53871346,0.41192982,-0.82587534",0.0
"-0.20020162,-0.88442284,-0.28709888,-0.5319437,0.39415532,-0.82464,-0.53871346,0.41192982,-0.82587534","-0.001398921,-0.009917557,0.03941965","-0.2003352,-0.8857865,-0.28286394,-0.5346333,0.39645743,-0.8241852,-0.53871346,0.41192982,-0.82587534",0.0
"0.0,0.0,0.0,2.8652207e-07,0.005789075,0.993462,0.19783626,0.7577193,-0.5299094","0.86112225,0.9247544,0.96087253","0.08223093,0.12714897,0.103227146,0.38847405,0.1086388,0.88526064,0.19783626,0.7577193,-0.5299094",0.0
"0.08223093,0.12714897,0.103227146,0.38847405,0.1086388,0.88526064,0.19783626,0.7577193,-0.5299094","0.9373491,0.90576875,0.9278649","0.17174096,0.25168753,0.20290828,0.6036428,0.36821267,0.5989121,0.19783626,0.7577193,-0.5299094",0.0
"0.17174096,0.25168753,0.20290828,0.6036428,0.36821267,0.5989121,0.19783626,0.7577193,-0.5299094","0.9631083,0.9336314,0.9489906","0.26371083,0.38005707,0.30485892,0.5780344,0.6386718,0.19393973,0.19783626,0.7577193,-0.5299094",0.0
"0.26371083,0.38005707,0.30485892,0.5780344,0.6386718,0.19393973,0.19783626,0.7577193,-0.5299094","0.9338112,0.895002,0.97312546","0.352883,0.5031153,0.4094024,0.365687,0.7470511,-0.2134789,0.19783626,0.7577193,-0.5299094",0.0
"0.352883,0.5031153,0.4094024,0.365687,0.7470511,-0.2134789,0.19783626,0.7577193,-0.5299094","0.82955956,0.8580111,0.48404658","0.43209994,0.62108743,0.46140376,0.14708762,0.70640147,-0.49084675,0.19783626,0.7577193,-0.5299094",0.0
"0.43209994,0.62108743,0.46140376,0.14708762,0.70640147,-0.49084675,0.19783626,0.7577193,-0.5299094","-0.088510156,0.2728603,-0.52393246","0.42364788,0.6586044,0.40511736,0.1751525,0.7405273,-0.5138841,0.19783626,0.7577193,-0.5299094",0.0
"0.42364788,0.6586044,0.40511736,0.1751525,0.7405273,-0.5138841,0.19783626,0.7577193,-0.5299094","-0.025084615,0.076586604,-0.16128623","0.42125246,0.6691347,0.38779023,0.18365172,0.7507939,-0.5186269,0.19783626,0.7577193,-0.5299094",0.0
"0.42125246,0.6691347,0.38779023,0.18365172,0.7507939,-0.5186269,0.19783626,0.7577193,-0.5299094","-0.005443692,0.024518251,-0.039001226","0.4207326,0.67250586,0.38360026,0.18541513,0.75260615,-0.5212941,0.19783626,0.7577193,-0.5299094",0.0
"0.0,0.0,0.0,2.8652207e-07,0.005789075,0.993462,-0.11941521,-0.19333333,-0.95748115","0.23473108,-0.9779695,-0.97562647","0.02241511,-0.13446578,-0.10481217,-0.4188252,-0.023738787,0.8765706,-0.11941521,-0.19333333,-0.95748115",0.0
"0.02241511,-0.13446578,-0.10481217,-0.4188252,-0.023738787,0.8765706,-0.11941521,-0.19333333,-0.95748115","0.5946562,-0.9512822,-0.9780406","0.07920046,-0.26526222,-0.20988367,-0.7086254,-0.17407529,0.56522834,-0.11941521,-0.19333333,-0.95748115",0.0
"0.07920046,-0.26526222,-0.20988367,-0.7086254,-0.17407529,0.56522834,-0.11941521,-0.19333333,-0.95748115","0.68760335,-0.93515766,-0.9675039","0.1448616,-0.39384162,-0.31382322,-0.78174025,-0.37610474,0.1510088,-0.11941521,-0.19333333,-0.95748115",0.0
"0.1448616,-0.39384162,-0.31382322,-0.78174025,-0.37610474,0.1510088,-0.11941521,-0.19333333,-0.95748115","0.5315428,-0.91890436,-0.93135417","0.19562007,-0.5201863,-0.4138792,-0.67647237,-0.4703193,-0.25332057,-0.11941521,-0.19333333,-0.95748115",0.0
"0.19562007,-0.5201863,-0.4138792,-0.67647237,-0.4703193,-0.25332057,-0.11941521,-0.19333333,-0.95748115","0.72310853,-0.917594,-0.9078976","0.26467168,-0.6463508,-0.5114151,-0.43352824,-0.4668644,-0.5631477,-0.11941521,-0.19333333,-0.95748115",0.0
"0.26467168,-0.6463508,-0.5114151,-0.43352824,-0.4668644,-0.5631477,-0.11941521,-0.19333333,-0.95748115","0.5029712,-0.9371149,-0.8462512","0.3127018,-0.77519935,-0.6023284,-0.21333887,-0.30929336,-0.728461,-0.11941521,-0.19333333,-0.95748115",0.0
"0.3127018,-0.77519935,-0.6023284,-0.21333887,-0.30929336,-0.728461,-0.11941521,-0.19333333,-0.95748115","0.15240943,-0.804419,-0.18733531","0.32725576,-0.88580287,-0.6224539,-0.1132317,-0.17654127,-0.79605407,-0.11941521,-0.19333333,-0.95748115",0.0
"0.32725576,-0.88580287,-0.6224539,-0.1132317,-0.17654127,-0.79605407,-0.11941521,-0.19333333,-0.95748115","0.1330477,-0.68106294,0.61607504","0.33996087,-0.97944546,-0.5562685,-0.08032719,-0.13405778,-0.8912198,-0.11941521,-0.19333333,-0.95748115",0.0
"0.33996087,-0.97944546,-0.5562685,-0.08032719,-0.13405778,-0.8912198,-0.11941521,-0.19333333,-0.95748115","0.096898556,-0.21072769,0.5518639","0.34921187,-0.9999812,-0.4969993,-0.09508691,-0.17279175,-0.9434494,-0.11941521,-0.19333333,-0.95748115",0.0
"0.34921187,-0.9999812,-0.4969993,-0.09508691,-0.17279175,-0.9434494,-0.11941521,-0.19333333,-0.95748115","0.03122127,-0.0044137836,0.15192568","0.35219133,-0.9999812,-0.4806965,-0.102833025,-0.19237618,-0.95348465,-0.11941521,-0.19333333,-0.95748115",0.0
"0.0,0.0,0.0,2.8652207e-07,0.005789075,0.993462,0.6527486,-0.0057894737,-0.6045056","0.3913014,0.977445,0.9395008","0.037366446,0.13439366,0.10093117,0.411254,0.054329507,0.87996674,0.6527486,-0.0057894737,-0.6045056",0.0
"0.037366446,0.13439366,0.10093117,0.411254,0.054329507,0.87996674,0.6527486,-0.0057894737,-0.6045056","-0.24222088,0.95591235,0.91276956","0.014236115,0.26582673,0.19899057,0.7232394,0.038162857,0.5797488,0.6527486,-0.0057894737,-0.6045056",0.0
"0.014236115,0.26582673,0.19899057,0.7232394,0.038162857,0.5797488,0.6527486,-0.0057894737,-0.6045056","0.1780113,0.9698725,0.9459368","0.031234903,0.39917922,0.30061314,0.86836934,0.091302566,0.16005813,0.6527486,-0.0057894737,-0.6045056",0.0
"0.031234903,0.39917922,0.30061314,0.86836934,0.091302566,0.16005813,0.6527486,-0.0057894737,-0.6045056","-0.14362204,0.97747934,0.9500667","0.017520042,0.5335776,0.40267938,0.82888633,0.05146722,-0.26718596,0.6527486,-0.0057894737,-0.6045056",0.0
"0.017520042,0.5335776,0.40267938,0.82888633,0.05146722,-0.26718596,0.6527486,-0.0057894737,-0.6045056","-0.2423194,0.8782724,0.71856165","-0.005619701,0.6543356,0.47987488,0.6716985,-0.006069433,-0.55954915,0.6527486,-0.0057894737,-0.6045056",0.0
"-0.005619701,0.6543356,0.47987488,0.6716985,-0.006069433,-0.55954915,0.6527486,-0.0057894737,-0.6045056","0.021156907,0.20761108,-0.10301942","-0.0035993697,0.6828811,0.46880737,0.6604698,-0.0016787901,-0.59988457,0.6527486,-0.0057894737,-0.6045056",0.0
"0.0,0.0,0.0,2.8652207e-07,0.005789075,0.993462,-0.18409358,0.13596492,-0.54978424","-0.6436055,-0.95331883,-0.95014846","-0.061459657,-0.13107644,-0.10207505,-0.4009365,0.0842887,0.8823343,-0.18409358,0.13596492,-0.54978424",0.0
"-0.061459657,-0.13107644,-0.10207505,-0.4009365,0.0842887,0.8823343,-0.18409358,0.13596492,-0.54978424","-0.45675635,-0.883914,-0.9458757","-0.10507658,-0.2526101,-0.2036911,-0.66867685,0.23523909,0.59622055,-0.18409358,0.13596492,-0.54978424",0.0
"-0.10507658,-0.2526101,-0.2036911,-0.66867685,0.23523909,0.59622055,-0.18409358,0.13596492,-0.54978424","-0.42907292,-0.8991349,-0.9534178","-0.14604993,-0.37623653,-0.30611736,-0.76745856,0.38557628,0.2000025,-0.18409358,0.13596492,-0.54978424",0.0
"-0.14604993,-0.37623653,-0.30611736,-0.76745856,0.38557628,0.2000025,-0.18409358,0.13596492,-0.54978424","-0.03510821,-0.90729254,-0.959083","-0.1494025,-0.5009846,-0.40915224,-0.7397059,0.3816438,-0.20884725,-0.18409358,0.13596492,-0.54978424",0.0
"-0.1494025,-0.5009846,-0.40915224,-0.7397059,0.3816438,-0.20884725,-0.18409358,0.13596492,-0.54978424","-0.0054370165,-0.5942867,-0.9236281","-0.1499217,-0.58269596,-0.50837815,-0.6121579,0.31821796,-0.4582109,-0.18409358,0.13596492,-0.54978424",0.0
"-0.1499217,-0.58269596,-0.50837815,-0.6121579,0.31821796,-0.4582109,-0.18409358,0.13596492,-0.54978424","-0.04311061,-0.7303339,-0.90039307","-0.15403846,-0.68311316,-0.60510784,-0.41620296,0.22530217,-0.6322066,-0.18409358,0.13596492,-0.54978424",0.0
"-0.15403846,-0.68311316,-0.60510784,-0.41620296,0.22530217,-0.6322066,-0.18409358,0.13596492,-0.54978424","-0.21483696,-0.4520663,-0.9341028","-0.17455383,-0.74527,-0.70545906,-0.23070899,0.147719,-0.65073425,-0.18409358,0.13596492,-0.54978424",0.0
"-0.17455383,-0.74527,-0.70545906,-0.23070899,0.147719,-0.65073425,-0.18409358,0.13596492,-0.54978424","-0.09513235,0.46886885,-0.68988407","-0.18363827,-0.680803,-0.7795738,-0.20098218,0.13770112,-0.55573696,-0.18409358,0.13596492,-0.54978424",0.0
"-0.18363827,-0.680803,-0.7795738,-0.20098218,0.13770112,-0.55573696,-0.18409358,0.13596492,-0.54978424","-0.07638991,-0.0013331175,-0.12347531","-0.19093296,-0.68098634,-0.7928388,-0.1845307,0.13321356,-0.5452055,-0.18409358,0.13596492,-0.54978424",0.0
"0.0,0.0,0.0,2.8652207e-07,0.005789075,0.993462,-0.27789474,-0.6191813,-0.71845937","0.92024076,-0.95724946,-0.9492763","0.087876305,-0.13161689,-0.10198135,-0.39663434,-0.10635209,0.88187283,-0.27789474,-0.6191813,-0.71845937",0.0
"0.087876305,-0.13161689,-0.10198135,-0.39663434,-0.10635209,0.88187283,-0.27789474,-0.6191813,-0.71845937","0.9594233,-0.92627543,-0.9581983","0.17949428,-0.258975,-0.20492117,-0.610229,-0.3790558,0.58340627,-0.27789474,-0.6191813,-0.71845937",0.0
"0.17949428,-0.258975,-0.20492117,-0.610229,-0.3790558,0.58340627,-0.27789474,-0.6191813,-0.71845937","0.93314624,-0.89267135,-0.9632756","0.26860297,-0.38171273,-0.30840647,-0.57707924,-0.64009696,0.18496004,-0.27789474,-0.6191813,-0.71845937",0.0
"0.26860297,-0.38171273,-0.30840647,-0.57707924,-0.64009696,0.18496004,-0.27789474,-0.6191813,-0.71845937","0.81938004,-0.89996743,-0.9218836","0.3468478,-0.50545365,-0.407445,-0.39063042,-0.7357382,-0.21583115,-0.27789474,-0.6191813,-0.71845937",0.0
"0.3468478,-0.50545365,-0.407445,-0.39063042,-0.7357382,-0.21583115,-0.27789474,-0.6191813,-0.71845937","0.44164693,-0.87111294,-0.62331975","0.38902187,-0.6252272,-0.47440863,-0.24536626,-0.6580741,-0.5073245,-0.27789474,-0.6191813,-0.71845937",0.0
"0.38902187,-0.6252272,-0.47440863,-0.24536626,-0.6580741,-0.5073245,-0.27789474,-0.6191813,-0.71845937","-0.15363157,-0.7404679,0.39162064","0.37435117,-0.72703785,-0.4323365,-0.26092017,-0.611253,-0.6520207,-0.27789474,-0.6191813,-0.71845937",0.0
"0.37435117,-0.72703785,-0.4323365,-0.26092017,-0.611253,-0.6520207,-0.27789474,-0.6191813,-0.71845937","-0.046748757,-0.41793507,0.45279372","0.369887,-0.7845018,-0.38369253,-0.269494,-0.60759616,-0.7190072,-0.27789474,-0.6191813,-0.71845937",0.0
"0.0,0.0,0.0,2.8652207e-07,0.005789075,0.993462,-0.3591228,0.39865497,-0.75788224","-0.76705706,-0.9700896,-0.98435396","-0.07324839,-0.13338234,-0.10574976,-0.40609398,0.101080135,0.8768682,-0.3591228,0.39865497,-0.75788224",0.0
"-0.07324839,-0.13338234,-0.10574976,-0.40609398,0.101080135,0.8768682,-0.3591228,0.39865497,-0.75788224","-0.776065,-0.9760847,-0.92051965","-0.14735696,-0.26758897,-0.20464176,-0.6504514,0.33111802,0.56858826,-0.3591228,0.39865497,-0.75788224",0.0
"-0.14735696,-0.26758897,-0.20464176,-0.6504514,0.33111802,0.56858826,-0.3591228,0.39865497,-0.75788224","-0.48147094,-0.9422224,-0.8976476","-0.19333395,-0.39713976,-0.3010766,-0.7126819,0.50238055,0.16368268,-0.3591228,0.39865497,-0.75788224",0.0
"-0.19333395,-0.39713976,-0.3010766,-0.7126819,0.50238055,0.16368268,-0.3591228,0.39865497,-0.75788224","-0.16566336,-0.9257133,-0.8909031","-0.20915361,-0.5244206,-0.39678684,-0.6601333,0.51655954,-0.24151216,-0.3591228,0.39865497,-0.75788224",0.0
"-0.20915361,-0.5244206,-0.39678684,-0.6601333,0.51655954,-0.24151216,-0.3591228,0.39865497,-0.75788224","-0.11442602,-0.9156835,-0.85007024","-0.22008045,-0.65032244,-0.48811036,-0.5081439,0.42810613,-0.5576181,-0.3591228,0.39865497,-0.75788224",0.0
"-0.22008045,-0.65032244,-0.48811036,-0.5081439,0.42810613,-0.5576181,-0.3591228,0.39865497,-0.75788224","-0.53055805,-0.8279441,-0.38634133","-0.2707449,-0.7641606,-0.5296152,-0.3185072,0.37176397,-0.7301803,-0.3591228,0.39865497,-0.75788224",0.0
"-0.2707449,-0.7641606,-0.5296152,-0.3185072,0.37176397,-0.7301803,-0.3591228,0.39865497,-0.75788224","0.027310371,-0.1093173,0.40198112","-0.26813695,-0.7791912,-0.48643008,-0.3495187,0.40050292,-0.74625754,-0.3591228,0.39865497,-0.75788224",0.0
"0.0,0.0,0.0,2.8652207e-07,0.005789075,0.993462,0.076959066,-0.8583041,-0.2081845","0.9402938,-0.87888885,-0.908029","0.08979122,-0.1208427,-0.097550124,-0.3705973,-0.10137779,0.8959562,0.076959066,-0.8583041,-0.2081845",0.0
"0.08979122,-0.1208427,-0.097550124,-0.3705973,-0.10137779,0.8959562,0.076959066,-0.8583041,-0.2081845","0.9755125,-0.7343149,-0.90707034","0.18294558,-0.22180723,-0.19499727,-0.5555822,-0.35294127,0.6595349,0.076959066,-0.8583041,-0.2081845",0.0
"0.18294558,-0.22180723,-0.19499727,-0.5555822,-0.35294127,0.6595349,0.076959066,-0.8583041,-0.2081845","0.9817169,-0.5399612,-0.92861897","0.27669242,-0.29604912,-0.2947594,-0.5174288,-0.6034268,0.3799469,0.076959066,-0.8583041,-0.2081845",0.0
"0.27669242,-0.29604912,-0.2947594,-0.5174288,-0.6034268,0.3799469,0.076959066,-0.8583041,-0.2081845","0.9721211,-0.596599,-0.82930684","0.36952293,-0.37807843,-0.38385233,-0.33871746,-0.76500064,0.077891774,0.076959066,-0.8583041,-0.2081845",0.0
"0.36952293,-0.37807843,-0.38385233,-0.33871746,-0.76500064,0.077891774,0.076959066,-0.8583041,-0.2081845","0.9103842,-0.65527374,-0.40508032","0.456458,-0.46817523,-0.42737037,-0.11772473,-0.8128067,-0.16522168,0.076959066,-0.8583041,-0.2081845",0.0
"0.456458,-0.46817523,-0.42737037,-0.11772473,-0.8128067,-0.16522168,0.076959066,-0.8583041,-0.2081845","0.6699413,-0.3774196,0.047820568","0.52043253,-0.5200686,-0.422233,0.04657716,-0.8148134,-0.2627889,0.076959066,-0.8583041,-0.2081845",0.0
"0.52043253,-0.5200686,-0.422233,0.04657716,-0.8148134,-0.2627889,0.076959066,-0.8583041,-0.2081845","0.16443157,0.28077364,-0.10042846","0.5361346,-0.4814637,-0.4330221,0.08654069,-0.81014013,-0.1986731,0.076959066,-0.8583041,-0.2081845",0.0
"0.5361346,-0.4814637,-0.4330221,0.08654069,-0.81014013,-0.1986731,0.076959066,-0.8583041,-0.2081845","-0.009517312,-0.060793042,0.23938441","0.53522575,-0.4898225,-0.40730485,0.08653308,-0.83113265,-0.18384321,0.076959066,-0.8583041,-0.2081845",0.0
"0.53522575,-0.4898225,-0.40730485,0.08653308,-0.83113265,-0.18384321,0.076959066,-0.8583041,-0.2081845","-0.012197733,-0.1460312,0.19191754","0.53406096,-0.5099011,-0.38668707,0.084991276,-0.8454086,-0.19908267,0.076959066,-0.8583041,-0.2081845",0.0
"0.0,0.0,0.0,2.8652207e-07,0.005789075,0.993462,-0.34210527,0.19175439,-0.8776547","-0.7676372,-0.9768981,-0.97136873","-0.07330379,-0.13431846,-0.104354754,-0.40626574,0.10119516,0.8771156,-0.34210527,0.19175439,-0.8776547",0.0
"-0.07330379,-0.13431846,-0.104354754,-0.40626574,0.10119516,0.8771156,-0.34210527,0.19175439,-0.8776547","-0.7341175,-0.98182976,-0.91792244","-0.14340667,-0.269315,-0.20296772,-0.65574133,0.323616,0.56790274,-0.34210527,0.19175439,-0.8776547",0.0
"-0.14340667,-0.269315,-0.20296772,-0.65574133,0.323616,0.56790274,-0.34210527,0.19175439,-0.8776547","-0.546223,-0.95346,-0.9369432","-0.195567,-0.40041086,-0.3036241,-0.7101649,0.50809073,0.1527845,-0.34210527,0.19175439,-0.8776547",0.0
"-0.195567,-0.40041086,-0.3036241,-0.7101649,0.50809073,0.1527845,-0.34210527,0.19175439,-0.8776547","-0.19167638,-0.90386784,-0.9606779","-0.2138707,-0.52468807,-0.40683034,-0.6453184,0.5206477,-0.25408885,-0.34210527,0.19175439,-0.8776547",0.0
"-0.2138707,-0.52468807,-0.40683034,-0.6453184,0.5206477,-0.25408885,-0.34210527,0.19175439,-0.8776547","0.16272318,-0.88692063,-0.94607204","-0.19833182,-0.6466351,-0.5084674,-0.51697373,0.37860972,-0.56220055,-0.34210527,0.19175439,-0.8776547",0.0
"-0.19833182,-0.6466351,-0.5084674,-0.51697373,0.37860972,-0.56220055,-0.34210527,0.19175439,-0.8776547","0.271371,-0.8512426,-0.70049495","-0.17241785,-0.76367664,-0.58372194,-0.35248056,0.21884406,-0.72292864,-0.34210527,0.19175439,-0.8776547",0.0
"-0.17241785,-0.76367664,-0.58372194,-0.35248056,0.21884406,-0.72292864,-0.34210527,0.19175439,-0.8776547","0.1793021,-0.6855694,0.4559753","-0.1552958,-0.85793895,-0.5347362,-0.3162091,0.17435513,-0.82688934,-0.34210527,0.19175439,-0.8776547",0.0
"-0.1552958,-0.85793895,-0.5347362,-0.3162091,0.17435513,-0.82688934,-0.34210527,0.19175439,-0.8776547","0.02532053,-0.25029284,0.44545674","-0.15287788,-0.892353,-0.48688045,-0.332064,0.17952287,-0.8723245,-0.34210527,0.19175439,-0.8776547",0.0
"0.0,0.0,0.0,2.8652207e-07,0.005789075,0.993462,0.2983041,0.44602337,-0.75788224","0.83713293,0.9619591,0.94638824","0.079940125,0.13226444,0.101671085,0.39715663,0.10786968,0.8814857,0.2983041,0.44602337,-0.75788224",0.0
"0.079940125,0.13226444,0.101671085,0.39715663,0.10786968,0.8814857,0.2983041,0.44602337,-0.75788224","0.85222435,0.96465683,0.960011","0.16132137,0.2648998,0.20480566,0.6322246,0.35761634,0.5731308,0.2983041,0.44602337,-0.75788224",0.0
"0.16132137,0.2648998,0.20480566,0.6322246,0.35761634,0.5731308,0.2983041,0.44602337,-0.75788224","0.855971,0.9675505,0.95490336","0.24306038,0.39793304,0.30739152,0.6252211,0.6065535,0.1522437,0.2983041,0.44602337,-0.75788224",0.0
"0.24306038,0.39793304,0.30739152,0.6252211,0.6065535,0.1522437,0.2983041,0.44602337,-0.75788224","0.40370965,0.9710363,0.9495636","0.2816117,0.53144556,0.40940368,0.51808316,0.64189214,-0.27073807,0.2983041,0.44602337,-0.75788224",0.0
"0.2816117,0.53144556,0.40940368,0.51808316,0.64189214,-0.27073807,0.2983041,0.44602337,-0.75788224","0.1722697,0.95529056,0.88415504","0.29806224,0.6627931,0.5043889,0.3698193,0.51232046,-0.58540773,0.2983041,0.44602337,-0.75788224",0.0
"0.29806224,0.6627931,0.5043889,0.3698193,0.51232046,-0.58540773,0.2983041,0.44602337,-0.75788224","0.20741928,0.7129116,-0.049624383","0.31786925,0.76081485,0.49905774,0.285415,0.45385164,-0.72401035,0.2983041,0.44602337,-0.75788224",0.0
"0.31786925,0.76081485,0.49905774,0.285415,0.45385164,-0.72401035,0.2983041,0.44602337,-0.75788224","-0.12226963,0.23075509,-0.20370275","0.3061934,0.7925425,0.47717378,0.29713786,0.4362965,-0.76233435,0.2983041,0.44602337,-0.75788224",0.0
"0.0,0.0,0.0,2.8652207e-07,0.005789075,0.993462,-0.5940936,0.32812864,-0.71845937","-0.70512897,-0.9635273,-0.99013144","-0.067334704,-0.13248006,-0.10637044,-0.40689418,0.09330216,0.87725216,-0.5940936,0.32812864,-0.71845937",0.0
"-0.067334704,-0.13248006,-0.10637044,-0.40689418,0.09330216,0.87725216,-0.5940936,0.32812864,-0.71845937","-0.7305503,-0.97776777,-0.8947642","-0.13709696,-0.26691812,-0.20249552,-0.658857,0.30909798,0.5728411,-0.5940936,0.32812864,-0.71845937",0.0
"-0.13709696,-0.26691812,-0.20249552,-0.658857,0.30909798,0.5728411,-0.5940936,0.32812864,-0.71845937","-0.32757097,-0.96628004,-0.87361413","-0.1683776,-0.39977667,-0.29634842,-0.7518502,0.44619256,0.16538237,-0.5940936,0.32812864,-0.71845937",0.0
"-0.1683776,-0.39977667,-0.29634842,-0.7518502,0.44619256,0.16538237,-0.5940936,0.32812864,-0.71845937","0.33148217,-0.9449939,-0.8887323","-0.13672346,-0.5297085,-0.39182547,-0.7624264,0.3555992,-0.24632286,-0.5940936,0.32812864,-0.71845937",0.0
"-0.13672346,-0.5297085,-0.39182547,-0.7624264,0.3555992,-0.24632286,-0.5940936,0.32812864,-0.71845937","-0.3504423,-0.9331506,-0.6357503","-0.17018814,-0.658012,-0.46012446,-0.59417623,0.3585982,-0.553742,-0.5940936,0.32812864,-0.71845937",0.0
"-0.17018814,-0.658012,-0.46012446,-0.59417623,0.3585982,-0.553742,-0.5940936,0.32812864,-0.71845937","0.14095688,-0.7112572,0.4421308","-0.15672779,-0.7558062,-0.41262603,-0.5784184,0.31685916,-0.68811065,-0.5940936,0.32812864,-0.71845937",0.0
"-0.15672779,-0.7558062,-0.41262603,-0.5784184,0.31685916,-0.68811065,-0.5940936,0.32812864,-0.71845937","0.01995492,-0.3186633,0.34307837","-0.15482225,-0.79962075,-0.37576884,-0.5781026,0.31222638,-0.7391042,-0.5940936,0.32812864,-0.71845937",0.0
"-0.15482225,-0.79962075,-0.37576884,-0.5781026,0.31222638,-0.7391042,-0.5940936,0.32812864,-0.71845937","0.018225908,0.01047647,0.12233162","-0.1530818,-0.79818034,-0.36262664,-0.5965186,0.31778333,-0.72939277,-0.5940936,0.32812864,-0.71845937",0.0
"0.0,0.0,0.0,2.8652207e-07,0.005789075,0.993462,-0.15461989,-0.6342105,-0.6045056","0.9526136,-0.94359857,-0.967158","0.09096767,-0.12973996,-0.10390239,-0.39423135,-0.10980181,0.8821248,-0.15461989,-0.6342105,-0.6045056",0.0
"0.09096767,-0.12973996,-0.10390239,-0.39423135,-0.10980181,0.8821248,-0.15461989,-0.6342105,-0.6045056","0.96278214,-0.8486408,-0.9519992","0.18290639,-0.24642369,-0.20617628,-0.59213674,-0.3765139,0.6033777,-0.15461989,-0.6342105,-0.6045056",0.0
"0.18290639,-0.24642369,-0.20617628,-0.59213674,-0.3765139,0.6033777,-0.15461989,-0.6342105,-0.6045056","0.9618381,-0.83204955,-0.94823205","0.27475494,-0.36082625,-0.30804542,-0.5560211,-0.64109915,0.22909969,-0.15461989,-0.6342105,-0.6045056",0.0
"0.27475494,-0.36082625,-0.30804542,-0.5560211,-0.64109915,0.22909969,-0.15461989,-0.6342105,-0.6045056","0.9349719,-0.79834193,-0.91473556","0.364038,-0.47059423,-0.406316,-0.35246953,-0.76041454,-0.14332359,-0.15461989,-0.6342105,-0.6045056",0.0
"0.364038,-0.47059423,-0.406316,-0.35246953,-0.76041454,-0.14332359,-0.15461989,-0.6342105,-0.6045056","0.74632263,-0.8328837,-0.78380054","0.43530637,-0.5851115,-0.49052018,-0.1490821,-0.69472295,-0.44964263,-0.15461989,-0.6342105,-0.6045056",0.0
"0.43530637,-0.5851115,-0.49052018,-0.1490821,-0.69472295,-0.44964263,-0.15461989,-0.6342105,-0.6045056","-0.07445258,-0.60608554,0.02845025","0.4281967,-0.6684452,-0.4874637,-0.15084854,-0.6314673,-0.5863198,-0.15461989,-0.6342105,-0.6045056",0.0
"0.0,0.0,0.0,2.8652207e-07,0.005789075,0.993462,0.21023393,0.4936842,-0.75788224","0.74594986,0.9583967,0.9356189","0.0712328,0.13177462,0.10051412,0.39770022,0.09645239,0.88295096,0.21023393,0.4936842,-0.75788224",0.0
"0.0712328,0.13177462,0.10051412,0.39770022,0.09645239,0.88295096,0.21023393,0.4936842,-0.75788224","0.9078715,0.9512068,0.95210564","0.15792795,0.2625607,0.20279942,0.6321939,0.34879535,0.58011407,0.21023393,0.4936842,-0.75788224",0.0
"0.15792795,0.2625607,0.20279942,0.6321939,0.34879535,0.58011407,0.21023393,0.4936842,-0.75788224","0.92807376,0.95779467,0.9464086","0.24655226,0.39425254,0.30447268,0.6175397,0.61240655,0.16456431,0.21023393,0.4936842,-0.75788224",0.0
"0.24655226,0.39425254,0.30447268,0.6175397,0.61240655,0.16456431,0.21023393,0.4936842,-0.75788224","0.6845856,0.9578016,0.9460838","0.3119252,0.52594537,0.40611103,0.45725897,0.69206464,-0.25578147,0.21023393,0.4936842,-0.75788224",0.0
"0.3119252,0.52594537,0.40611103,0.45725897,0.69206464,-0.25578147,0.21023393,0.4936842,-0.75788224","0.34424353,0.9534812,0.9123912","0.34479797,0.6570442,0.50412977,0.29348454,0.565807,-0.57639134,0.21023393,0.4936842,-0.75788224",0.0
"0.34479797,0.6570442,0.50412977,0.29348454,0.565807,-0.57639134,0.21023393,0.4936842,-0.75788224","0.28828132,0.6993518,0.16846883","0.37232673,0.7532015,0.5222284,0.19487047,0.4743379,-0.7165805,0.21023393,0.4936842,-0.75788224",0.0
"0.37232673,0.7532015,0.5222284,0.19487047,0.4743379,-0.7165805,0.21023393,0.4936842,-0.75788224","-0.11627418,0.22523797,-0.3344891","0.3612234,0.7841706,0.48629403,0.2167066,0.47887024,-0.7526617,0.21023393,0.4936842,-0.75788224",0.0
"0.0,0.0,0.0,2.8652207e-07,0.005789075,0.993462,0.026549708,-0.25005847,-0.83234775","0.6786413,-0.9687165,-0.9626941","0.064805314,-0.13319354,-0.10342283,-0.40795717,-0.078312516,0.87905943,0.026549708,-0.25005847,-0.83234775",0.0
"0.064805314,-0.13319354,-0.10342283,-0.40795717,-0.078312516,0.87905943,0.026549708,-0.25005847,-0.83234775","0.8184397,-0.93372256,-0.9651621","0.14296037,-0.2615756,-0.20711078,-0.653956,-0.30876425,0.5757238,0.026549708,-0.25005847,-0.83234775",0.0
"0.14296037,-0.2615756,-0.20711078,-0.653956,-0.30876425,0.5757238,0.026549708,-0.25005847,-0.83234775","0.86491394,-0.939494,-0.9344492","0.22555336,-0.3907512,-0.30749923,-0.66218126,-0.55992734,0.16730355,0.026549708,-0.25005847,-0.83234775",0.0
"0.22555336,-0.3907512,-0.30749923,-0.66218126,-0.55992734,0.16730355,0.026549708,-0.25005847,-0.83234775","0.88316953,-0.9287672,-0.92011005","0.30988964,-0.5184519,-0.40634722,-0.47220224,-0.68401456,-0.24088518,0.026549708,-0.25005847,-0.83234775",0.0
"0.30988964,-0.5184519,-0.40634722,-0.47220224,-0.68401456,-0.24088518,0.026549708,-0.25005847,-0.83234775","0.8201994,-0.94520366,-0.9380036","0.38821274,-0.64841264,-0.50711745,-0.22595218,-0.5998943,-0.564335,0.026549708,-0.25005847,-0.83234775",0.0
"0.38821274,-0.64841264,-0.50711745,-0.22595218,-0.5998943,-0.564335,0.026549708,-0.25005847,-0.83234775","0.48806834,-0.9054246,-0.8941264","0.43481973,-0.7729039,-0.603174,-0.08238227,-0.36821046,-0.7260515,0.026549708,-0.25005847,-0.83234775",0.0
"0.43481973,-0.7729039,-0.603174,-0.08238227,-0.36821046,-0.7260515,0.026549708,-0.25005847,-0.83234775","0.41230977,-0.5249929,-0.5362915","0.4741923,-0.8450878,-0.66078806,-0.023225905,-0.21436071,-0.7442253,0.026549708,-0.25005847,-0.83234775",0.0
"0.4741923,-0.8450878,-0.66078806,-0.023225905,-0.21436071,-0.7442253,0.026549708,-0.25005847,-0.83234775","0.4411037,-0.52108896,0.61086655","0.5163145,-0.9167349,-0.5951623,0.004494401,-0.20060878,-0.83289486,0.026549708,-0.25005847,-0.83234775",0.0
"0.5163145,-0.9167349,-0.5951623,0.004494401,-0.20060878,-0.83289486,0.026549708,-0.25005847,-0.83234775","0.23228896,-0.040757656,0.35445547","0.5384964,-0.92233884,-0.5570829,0.023194768,-0.23883319,-0.8630019,0.026549708,-0.25005847,-0.83234775",0.0
"0.5384964,-0.92233884,-0.5570829,0.023194768,-0.23883319,-0.8630019,0.026549708,-0.25005847,-0.83234775","0.02666521,0.1915853,-0.0852654","0.54104275,-0.8959969,-0.56624293,0.028450137,-0.26444155,-0.84103805,0.026549708,-0.25005847,-0.83234775",0.0
"0.0,0.0,0.0,2.8652207e-07,0.005789075,0.993462,-0.26982456,-0.2845614,-0.8776547","0.80654037,-0.96644735,-0.9641028","0.077018745,-0.13288155,-0.10357417,-0.40423468,-0.093801185,0.8792461,-0.26982456,-0.2845614,-0.8776547",0.0
"0.077018745,-0.13288155,-0.10357417,-0.40423468,-0.093801185,0.8792461,-0.26982456,-0.2845614,-0.8776547","0.5410912,-0.9574764,-0.97161174","0.12868904,-0.26452965,-0.20795502,-0.67123663,-0.28089762,0.5692922,-0.26982456,-0.2845614,-0.8776547",0.0
"0.12868904,-0.26452965,-0.20795502,-0.67123663,-0.28089762,0.5692922,-0.26982456,-0.2845614,-0.8776547","0.61755,-0.9412503,-0.9626177","0.18766056,-0.39394674,-0.31136963,-0.724771,-0.47784144,0.1545666,-0.26982456,-0.2845614,-0.8776547",0.0
"0.18766056,-0.39394674,-0.31136963,-0.724771,-0.47784144,0.1545666,-0.26982456,-0.2845614,-0.8776547","0.44487906,-0.9270742,-0.93684864","0.2301433,-0.52141476,-0.41201586,-0.62262833,-0.5416993,-0.25360242,-0.26982456,-0.2845614,-0.8776547",0.0
"0.2301433,-0.52141476,-0.41201586,-0.62262833,-0.5416993,-0.25360242,-0.26982456,-0.2845614,-0.8776547","0.3235693,-0.9282931,-0.894705","0.26104182,-0.6490503,-0.50813454,-0.44019985,-0.46336496,-0.5658129,-0.26982456,-0.2845614,-0.8776547",0.0
"0.26104182,-0.6490503,-0.50813454,-0.44019985,-0.46336496,-0.5658129,-0.26982456,-0.2845614,-0.8776547","0.060163975,-0.8871317,-0.67047524","0.26678705,-0.7710264,-0.5801641,-0.27921405,-0.3016798,-0.7312047,-0.26982456,-0.2845614,-0.8776547",0.0
"0.26678705,-0.7710264,-0.5801641,-0.27921405,-0.3016798,-0.7312047,-0.26982456,-0.2845614,-0.8776547","0.00027441978,-0.63864344,0.39305103","0.26681325,-0.85883665,-0.5379383,-0.24202499,-0.26038906,-0.826539,-0.26982456,-0.2845614,-0.8776547",0.0
"0.26681325,-0.85883665,-0.5379383,-0.24202499,-0.26038906,-0.826539,-0.26982456,-0.2845614,-0.8776547","0.065053344,-0.25366688,0.40622413","0.27302536,-0.8937146,-0.4942974,-0.24330355,-0.27246934,-0.8715206,-0.26982456,-0.2845614,-0.8776547",0.0
"0.27302536,-0.8937146,-0.4942974,-0.24330355,-0.27246934,-0.8715206,-0.26982456,-0.2845614,-0.8776547","-0.06623876,0.013425469,0.10397124","0.26670003,-0.8918687,-0.48312765,-0.2607686,-0.2810216,-0.87280416,-0.26982456,-0.2845614,-0.8776547",0.0
"0.0,0.0,0.0,2.8652207e-07,0.005789075,0.993462,-0.11941521,-0.19333333,-0.95748115","0.23473108,-0.9779695,-0.97562647","0.02241511,-0.13446578,-0.10481217,-0.4188252,-0.023738787,0.8765706,-0.11941521,-0.19333333,-0.95748115",0.0
"0.02241511,-0.13446578,-0.10481217,-0.4188252,-0.023738787,0.8765706,-0.11941521,-0.19333333,-0.95748115","0.5946562,-0.9512822,-0.9780406","0.07920046,-0.26526222,-0.20988367,-0.7086254,-0.17407529,0.56522834,-0.11941521,-0.19333333,-0.95748115",0.0
"0.07920046,-0.26526222,-0.20988367,-0.7086254,-0.17407529,0.56522834,-0.11941521,-0.19333333,-0.95748115","0.68760335,-0.93515766,-0.9675039","0.1448616,-0.39384162,-0.31382322,-0.78174025,-0.37610474,0.1510088,-0.11941521,-0.19333333,-0.95748115",0.0
"0.1448616,-0.39384162,-0.31382322,-0.78174025,-0.37610474,0.1510088,-0.11941521,-0.19333333,-0.95748115","0.5315428,-0.91890436,-0.93135417","0.19562007,-0.5201863,-0.4138792,-0.67647237,-0.4703193,-0.25332057,-0.11941521,-0.19333333,-0.95748115",0.0
"0.19562007,-0.5201863,-0.4138792,-0.67647237,-0.4703193,-0.25332057,-0.11941521,-0.19333333,-0.95748115","0.72310853,-0.917594,-0.9078976","0.26467168,-0.6463508,-0.5114151,-0.43352824,-0.4668644,-0.5631477,-0.11941521,-0.19333333,-0.95748115",0.0
"0.26467168,-0.6463508,-0.5114151,-0.43352824,-0.4668644,-0.5631477,-0.11941521,-0.19333333,-0.95748115","0.5029712,-0.9371149,-0.8462512","0.3127018,-0.77519935,-0.6023284,-0.21333887,-0.30929336,-0.728461,-0.11941521,-0.19333333,-0.95748115",0.0
"0.3127018,-0.77519935,-0.6023284,-0.21333887,-0.30929336,-0.728461,-0.11941521,-0.19333333,-0.95748115","0.15240943,-0.804419,-0.18733531","0.32725576,-0.88580287,-0.6224539,-0.1132317,-0.17654127,-0.79605407,-0.11941521,-0.19333333,-0.95748115",0.0
"0.32725576,-0.88580287,-0.6224539,-0.1132317,-0.17654127,-0.79605407,-0.11941521,-0.19333333,-0.95748115","0.1330477,-0.68106294,0.61607504","0.33996087,-0.97944546,-0.5562685,-0.08032719,-0.13405778,-0.8912198,-0.11941521,-0.19333333,-0.95748115",0.0
"0.33996087,-0.97944546,-0.5562685,-0.08032719,-0.13405778,-0.8912198,-0.11941521,-0.19333333,-0.95748115","0.096898556,-0.21072769,0.5518639","0.34921187,-0.9999812,-0.4969993,-0.09508691,-0.17279175,-0.9434494,-0.11941521,-0.19333333,-0.95748115",0.0
"0.34921187,-0.9999812,-0.4969993,-0.09508691,-0.17279175,-0.9434494,-0.11941521,-0.19333333,-0.95748115","0.03122127,-0.0044137836,0.15192568","0.35219133,-0.9999812,-0.4806965,-0.102833025,-0.19237618,-0.95348465,-0.11941521,-0.19333333,-0.95748115",0.0
"0.0,0.0,0.0,2.8652207e-07,0.005789075,0.993462,0.07140351,-0.062923975,-0.45276338","-0.7424094,0.96406436,0.96600676","-0.07089471,0.1325539,0.10377871,0.40557596,-0.08591894,0.8794029,0.07140351,-0.062923975,-0.45276338",0.0
"-0.07089471,0.1325539,0.10377871,0.40557596,-0.08591894,0.8794029,0.07140351,-0.062923975,-0.45276338","-0.5104941,0.96783423,0.9252262","-0.1196432,0.26562616,0.20317635,0.6777991,-0.26125777,0.57416314,0.07140351,-0.062923975,-0.45276338",0.0
"-0.1196432,0.26562616,0.20317635,0.6777991,-0.26125777,0.57416314,0.07140351,-0.062923975,-0.45276338","0.01320231,0.89541435,0.93859315","-0.11838247,0.38874105,0.30400997,0.8095257,-0.30955103,0.17695193,0.07140351,-0.062923975,-0.45276338",0.0
"-0.11838247,0.38874105,0.30400997,0.8095257,-0.30955103,0.17695193,0.07140351,-0.062923975,-0.45276338","-0.5415242,0.93874025,0.9566984","-0.1700941,0.517813,0.40678868,0.7180246,-0.41819838,-0.24011965,0.07140351,-0.062923975,-0.45276338",0.0
"-0.1700941,0.517813,0.40678868,0.7180246,-0.41819838,-0.24011965,0.07140351,-0.062923975,-0.45276338","-0.85738444,0.90267205,0.9584935","-0.2519681,0.6419259,0.5097602,0.4560353,-0.45347255,-0.5554504,0.07140351,-0.062923975,-0.45276338",0.0
"-0.2519681,0.6419259,0.5097602,0.4560353,-0.45347255,-0.5554504,0.07140351,-0.062923975,-0.45276338","-0.78167725,0.8877809,0.9657395","-0.3266126,0.76399124,0.61351013,0.19859447,-0.31662118,-0.7141491,0.07140351,-0.062923975,-0.45276338",0.0
"-0.3266126,0.76399124,0.61351013,0.19859447,-0.31662118,-0.7141491,0.07140351,-0.062923975,-0.45276338","0.15469551,0.20604348,0.9815165","-0.3118403,0.7923212,0.718955,0.12061504,-0.1693176,-0.6678349,0.07140351,-0.062923975,-0.45276338",0.0
"-0.3118403,0.7923212,0.718955,0.12061504,-0.1693176,-0.6678349,0.07140351,-0.062923975,-0.45276338","0.18698359,-0.26649547,0.95249367","-0.2939847,0.7556795,0.82128185,0.085261434,-0.103204966,-0.5502053,0.07140351,-0.062923975,-0.45276338",0.0
"-0.2939847,0.7556795,0.82128185,0.085261434,-0.103204966,-0.5502053,0.07140351,-0.062923975,-0.45276338","0.14060748,-0.24456203,0.6651212","-0.28055772,0.7220535,0.89273626,0.06444177,-0.06907351,-0.45613378,0.07140351,-0.062923975,-0.45276338",0.0
"0.0,0.0,0.0,2.8652207e-07,0.005789075,0.993462,0.6527486,-0.0057894737,-0.6045056","0.3913014,0.977445,0.9395008","0.037366446,0.13439366,0.10093117,0.411254,0.054329507,0.87996674,0.6527486,-0.0057894737,-0.6045056",0.0
"0.037366446,0.13439366,0.10093117,0.411254,0.054329507,0.87996674,0.6527486,-0.0057894737,-0.6045056","-0.24222088,0.95591235,0.91276956","0.014236115,0.26582673,0.19899057,0.7232394,0.038162857,0.5797488,0.6527486,-0.0057894737,-0.6045056",0.0
"0.014236115,0.26582673,0.19899057,0.7232394,0.038162857,0.5797488,0.6527486,-0.0057894737,-0.6045056","0.1780113,0.9698725,0.9459368","0.031234903,0.39917922,0.30061314,0.86836934,0.091302566,0.16005813,0.6527486,-0.0057894737,-0.6045056",0.0
"0.031234903,0.39917922,0.30061314,0.86836934,0.091302566,0.16005813,0.6527486,-0.0057894737,-0.6045056","-0.14362204,0.97747934,0.9500667","0.017520042,0.5335776,0.40267938,0.82888633,0.05146722,-0.26718596,0.6527486,-0.0057894737,-0.6045056",0.0
"0.017520042,0.5335776,0.40267938,0.82888633,0.05146722,-0.26718596,0.6527486,-0.0057894737,-0.6045056","-0.2423194,0.8782724,0.71856165","-0.005619701,0.6543356,0.47987488,0.6716985,-0.006069433,-0.55954915,0.6527486,-0.0057894737,-0.6045056",0.0
"-0.005619701,0.6543356,0.47987488,0.6716985,-0.006069433,-0.55954915,0.6527486,-0.0057894737,-0.6045056","0.021156907,0.20761108,-0.10301942","-0.0035993697,0.6828811,0.46880737,0.6604698,-0.0016787901,-0.59988457,0.6527486,-0.0057894737,-0.6045056",0.0
"0.0,0.0,0.0,2.8652207e-07,0.005789075,0.993462,-0.74257314,0.24877192,-0.5299094","-0.59634244,-0.97580636,-0.8611523","-0.05694638,-0.13416836,-0.092514135,-0.3969236,0.077661015,0.88720495,-0.74257314,0.24877192,-0.5299094",0.0
"-0.05694638,-0.13416836,-0.092514135,-0.3969236,0.077661015,0.88720495,-0.74257314,0.24877192,-0.5299094","-0.68286246,-0.96802527,-0.90272284","-0.122154795,-0.26726687,-0.18949421,-0.6658969,0.2751196,0.5905794,-0.74257314,0.24877192,-0.5299094",0.0
"-0.122154795,-0.26726687,-0.18949421,-0.6658969,0.2751196,0.5905794,-0.74257314,0.24877192,-0.5299094","-0.07584882,-0.95643663,-0.854829","-0.1293978,-0.39877197,-0.281329,-0.80224633,0.35166618,0.1908361,-0.74257314,0.24877192,-0.5299094",0.0
"-0.1293978,-0.39877197,-0.281329,-0.80224633,0.35166618,0.1908361,-0.74257314,0.24877192,-0.5299094","0.2578982,-0.91399455,-0.8836629","-0.1047704,-0.5244416,-0.3762614,-0.8077984,0.28203848,-0.2161079,-0.74257314,0.24877192,-0.5299094",0.0
"-0.1047704,-0.5244416,-0.3762614,-0.8077984,0.28203848,-0.2161079,-0.74257314,0.24877192,-0.5299094","-0.0014466047,-0.77650285,-0.32743555","-0.10490854,-0.63120675,-0.411438,-0.7300661,0.25584233,-0.46811956,-0.74257314,0.24877192,-0.5299094",0.0
"-0.10490854,-0.63120675,-0.411438,-0.7300661,0.25584233,-0.46811956,-0.74257314,0.24877192,-0.5299094","-0.0014368296,-0.36837012,0.27816927","-0.10504575,-0.68185586,-0.38155404,-0.72652453,0.25498167,-0.53712153,-0.74257314,0.24877192,-0.5299094",0.0
"-0.10504575,-0.68185586,-0.38155404,-0.72652453,0.25498167,-0.53712153,-0.74257314,0.24877192,-0.5299094","0.006406665,0.04735434,-0.00827831","-0.104433954,-0.6753449,-0.38244334,-0.73101264,0.25494623,-0.5256364,-0.74257314,0.24877192,-0.5299094",0.0
"0.0,0.0,0.0,2.8652207e-07,0.005789075,0.993462,0.50561404,-0.1797076,-0.75788224","-0.40627337,0.96620417,0.95347834","-0.038796153,0.13284811,0.10243277,0.4111708,-0.044531427,0.88025254,0.50561404,-0.1797076,-0.75788224",0.0
"-0.038796153,0.13284811,0.10243277,0.4111708,-0.044531427,0.88025254,0.50561404,-0.1797076,-0.75788224","0.1924715,0.92572093,0.8788297","-0.020416519,0.26013002,0.196846,0.71400625,-0.040058475,0.59277165,0.50561404,-0.1797076,-0.75788224",0.0
"-0.020416519,0.26013002,0.196846,0.71400625,-0.040058475,0.59277165,0.50561404,-0.1797076,-0.75788224","-0.19707578,0.9548491,0.88991976","-0.039235823,0.39141688,0.29245064,0.86417633,-0.10122991,0.18921226,0.50561404,-0.1797076,-0.75788224",0.0
"-0.039235823,0.39141688,0.29245064,0.86417633,-0.10122991,0.18921226,0.50561404,-0.1797076,-0.75788224","-0.31912422,0.9706876,0.91940427","-0.069709875,0.5248815,0.39122277,0.82406396,-0.17748061,-0.23567252,0.50561404,-0.1797076,-0.75788224",0.0
"-0.069709875,0.5248815,0.39122277,0.82406396,-0.17748061,-0.23567252,0.50561404,-0.1797076,-0.75788224","-0.35919893,0.9530797,0.85930085","-0.10401076,0.6559251,0.48353794,0.6321922,-0.20814231,-0.56419337,0.50561404,-0.1797076,-0.75788224",0.0
"-0.10401076,0.6559251,0.48353794,0.6321922,-0.20814231,-0.56419337,0.50561404,-0.1797076,-0.75788224","-0.17446554,0.7607713,0.2947333","-0.12067096,0.7605273,0.5152013,0.47960714,-0.18482831,-0.72529715,0.50561404,-0.1797076,-0.75788224",0.0
"-0.12067096,0.7605273,0.5152013,0.47960714,-0.18482831,-0.72529715,0.50561404,-0.1797076,-0.75788224","0.07944667,0.15096605,-0.3303085","-0.113084376,0.7812844,0.47971597,0.5067027,-0.18181512,-0.748045,0.50561404,-0.1797076,-0.75788224",0.0
"0.0,0.0,0.0,2.8652207e-07,0.005789075,0.993462,-0.8895907,-0.14257309,-0.36594146","-0.2641809,-0.96998507,-0.89539695","-0.025227364,-0.13336796,-0.09619306,-0.40546802,0.03800974,0.8849697,-0.8895907,-0.14257309,-0.36594146",0.0
"-0.025227364,-0.13336796,-0.09619306,-0.40546802,0.03800974,0.8849697,-0.8895907,-0.14257309,-0.36594146","0.06337643,-0.94033635,-0.8406817","-0.019175379,-0.26265937,-0.186508,-0.71052295,0.048654567,0.60279095,-0.8895907,-0.14257309,-0.36594146",0.0
"-0.019175379,-0.26265937,-0.186508,-0.71052295,0.048654567,0.60279095,-0.8895907,-0.14257309,-0.36594146","0.23951697,-0.9345621,-0.7206763","0.0036967527,-0.39115688,-0.2639307,-0.87228584,-0.0043412135,0.23419191,-0.8895907,-0.14257309,-0.36594146",0.0
"0.0036967527,-0.39115688,-0.2639307,-0.87228584,-0.0043412135,0.23419191,-0.8895907,-0.14257309,-0.36594146","0.27147532,-0.87450683,-0.54611063","0.029620674,-0.5113971,-0.3225997,-0.8916634,-0.07740029,-0.116256855,-0.8895907,-0.14257309,-0.36594146",0.0
"0.029620674,-0.5113971,-0.3225997,-0.8916634,-0.07740029,-0.116256855,-0.8895907,-0.14257309,-0.36594146","0.1928562,-0.65621847,-0.024568975","0.04803704,-0.60162383,-0.32523912,-0.8667053,-0.12594302,-0.3152872,-0.8895907,-0.14257309,-0.36594146",0.0
"0.04803704,-0.60162383,-0.32523912,-0.8667053,-0.12594302,-0.3152872,-0.8895907,-0.14257309,-0.36594146","0.052259922,-0.27320254,0.2814449","0.05302748,-0.6391879,-0.29500327,-0.873963,-0.14108567,-0.3583896,-0.8895907,-0.14257309,-0.36594146",0.0
"0.0,0.0,0.0,2.8652207e-07,0.005789075,0.993462,-0.88859653,-0.0057894737,-0.41634786","-0.37452507,-0.9874055,-0.83605886","-0.03576443,-0.13576318,-0.08981832,-0.40112844,0.05108623,0.88782823,-0.88859653,-0.0057894737,-0.41634786",0.0
"-0.03576443,-0.13576318,-0.08981832,-0.40112844,0.05108623,0.88782823,-0.88859653,-0.0057894737,-0.41634786","-0.22446,-0.97680134,-0.8129715","-0.057198737,-0.27006835,-0.17715634,-0.7039626,0.13376187,0.6028159,-0.88859653,-0.0057894737,-0.41634786",0.0
"-0.057198737,-0.27006835,-0.17715634,-0.7039626,0.13376187,0.6028159,-0.88859653,-0.0057894737,-0.41634786","0.29196107,-0.95765144,-0.6229824","-0.029318573,-0.40174052,-0.24408372,-0.8754742,0.08667991,0.24255393,-0.88859653,-0.0057894737,-0.41634786",0.0
"-0.029318573,-0.40174052,-0.24408372,-0.8754742,0.08667991,0.24255393,-0.88859653,-0.0057894737,-0.41634786","0.2560141,-0.9209136,-0.52618754","-0.0048710853,-0.52836144,-0.30061236,-0.9076581,0.019680915,-0.12241858,-0.88859653,-0.0057894737,-0.41634786",0.0
"-0.0048710853,-0.52836144,-0.30061236,-0.9076581,0.019680915,-0.12241858,-0.88859653,-0.0057894737,-0.41634786","0.13883615,-0.7462942,-0.07059622","0.008386758,-0.6309731,-0.3081965,-0.87769866,-0.017339135,-0.35702968,-0.88859653,-0.0057894737,-0.41634786",0.0
"0.008386758,-0.6309731,-0.3081965,-0.87769866,-0.017339135,-0.35702968,-0.88859653,-0.0057894737,-0.41634786","-0.0025655031,-0.27624416,0.21636057","0.008141771,-0.66895527,-0.28495273,-0.8783192,-0.016679198,-0.41010377,-0.88859653,-0.0057894737,-0.41634786",0.0
"0.0,0.0,0.0,2.8652207e-07,0.005789075,0.993462,-0.035730995,-0.36146197,-0.6149007","0.7734587,-0.93306947,-0.9458458","0.07385969,-0.12829226,-0.10161281,-0.3941843,-0.08719456,0.88548386,-0.035730995,-0.36146197,-0.6149007",0.0
"0.07385969,-0.12829226,-0.10161281,-0.3941843,-0.08719456,0.88548386,-0.035730995,-0.36146197,-0.6149007","0.85004437,-0.8973956,-0.94131976","0.15503275,-0.25167954,-0.2027394,-0.6274471,-0.32574883,0.5991632,-0.035730995,-0.36146197,-0.6149007",0.0
"0.15503275,-0.25167954,-0.2027394,-0.6274471,-0.32574883,0.5991632,-0.035730995,-0.36146197,-0.6149007","0.86456704,-0.87692344,-0.9150409","0.23759264,-0.37225202,-0.30104282,-0.63305926,-0.5776521,0.21622738,-0.035730995,-0.36146197,-0.6149007",0.0
"0.23759264,-0.37225202,-0.30104282,-0.63305926,-0.5776521,0.21622738,-0.035730995,-0.36146197,-0.6149007","0.902431,-0.8219035,-0.9323267","0.32376826,-0.48525956,-0.40120322,-0.4471572,-0.7123885,-0.16677079,-0.035730995,-0.36146197,-0.6149007",0.0
"0.32376826,-0.48525956,-0.40120322,-0.4471572,-0.7123885,-0.16677079,-0.035730995,-0.36146197,-0.6149007","0.82675207,-0.72587013,-0.9512089","0.4027171,-0.585063,-0.50339216,-0.21451117,-0.6606551,-0.458788,-0.035730995,-0.36146197,-0.6149007",0.0
"0.4027171,-0.585063,-0.50339216,-0.21451117,-0.6606551,-0.458788,-0.035730995,-0.36146197,-0.6149007","0.21373427,-0.7813966,-0.94768155","0.42312717,-0.69250107,-0.60520214,-0.11649208,-0.44874677,-0.6429261,-0.035730995,-0.36146197,-0.6149007",0.0
"0.42312717,-0.69250107,-0.60520214,-0.11649208,-0.44874677,-0.6429261,-0.035730995,-0.36146197,-0.6149007","0.23602474,0.16503954,-0.7207422","0.44566584,-0.66980904,-0.68263185,-0.07010226,-0.3726126,-0.60243136,-0.035730995,-0.36146197,-0.6149007",0.0
"0.44566584,-0.66980904,-0.68263185,-0.07010226,-0.3726126,-0.60243136,-0.035730995,-0.36146197,-0.6149007","0.21039796,-0.08176851,-0.015113115","0.46575734,-0.6810518,-0.6842554,-0.04507004,-0.36342907,-0.61204726,-0.035730995,-0.36146197,-0.6149007",0.0
"0.0,0.0,0.0,2.8652207e-07,0.005789075,0.993462,-0.21836258,0.12473684,-0.83234775","-0.7915067,-0.98654634,-0.9554367","-0.07558315,-0.13564505,-0.10264317,-0.40609637,0.104238585,0.8772321,-0.21836258,0.12473684,-0.83234775",0.0
"-0.07558315,-0.13564505,-0.10264317,-0.40609637,0.104238585,0.8772321,-0.21836258,0.12473684,-0.83234775","-0.6606763,-0.97636235,-0.9400275","-0.13867293,-0.2698899,-0.2036309,-0.6615164,0.31431022,0.56592906,-0.21836258,0.12473684,-0.83234775",0.0
"-0.13867293,-0.2698899,-0.2036309,-0.6615164,0.31431022,0.56592906,-0.21836258,0.12473684,-0.83234775","-0.7340519,-0.93615913,-0.952153","-0.20876957,-0.39860696,-0.3059213,-0.687345,0.5362233,0.15307918,-0.21836258,0.12473684,-0.83234775",0.0
"-0.20876957,-0.39860696,-0.3059213,-0.687345,0.5362233,0.15307918,-0.21836258,0.12473684,-0.83234775","-0.29597223,-0.91028136,-0.94911414","-0.23703277,-0.52376604,-0.4078852,-0.6052318,0.5657005,-0.253473,-0.21836258,0.12473684,-0.83234775",0.0
"-0.23703277,-0.52376604,-0.4078852,-0.6052318,0.5657005,-0.253473,-0.21836258,0.12473684,-0.83234775","0.31402242,-0.91922235,-0.9316233","-0.2070459,-0.6501544,-0.50797004,-0.50450045,0.39116096,-0.56745577,-0.21836258,0.12473684,-0.83234775",0.0
"-0.2070459,-0.6501544,-0.50797004,-0.50450045,0.39116096,-0.56745577,-0.21836258,0.12473684,-0.83234775","0.52991474,-0.9273467,-0.8533184","-0.1564429,-0.77765983,-0.5996425,-0.32911566,0.18273978,-0.7316768,-0.21836258,0.12473684,-0.83234775",0.0
"-0.1564429,-0.77765983,-0.5996425,-0.32911566,0.18273978,-0.7316768,-0.21836258,0.12473684,-0.83234775","-0.027945876,-0.5985794,-0.38840002","-0.15911151,-0.85996145,-0.6413685,-0.19058795,0.11068199,-0.7676311,-0.21836258,0.12473684,-0.83234775",0.0
"-0.15911151,-0.85996145,-0.6413685,-0.19058795,0.11068199,-0.7676311,-0.21836258,0.12473684,-0.83234775","-0.06368208,-0.37898457,0.56738734","-0.1651927,-0.91207,-0.5804137,-0.19271448,0.11674481,-0.84140646,-0.21836258,0.12473684,-0.83234775",0.0
"-0.1651927,-0.91207,-0.5804137,-0.19271448,0.11674481,-0.84140646,-0.21836258,0.12473684,-0.83234775","0.014923692,0.13752544,0.09818888","-0.16376759,-0.893161,-0.56986517,-0.22804536,0.13555811,-0.837017,-0.21836258,0.12473684,-0.83234775",0.0
"0.0,0.0,0.0,2.8652207e-07,0.005789075,0.993462,-0.037368424,0.52128655,-0.383332","0.83949924,0.9230499,0.814873","0.080166094,0.12691462,0.08754231,0.37057245,0.101330824,0.8981464,-0.037368424,0.52128655,-0.383332",0.0
"0.080166094,0.12691462,0.08754231,0.37057245,0.101330824,0.8981464,-0.037368424,0.52128655,-0.383332","0.87647605,0.8325913,0.8455409","0.1638632,0.24139166,0.17837931,0.58528256,0.3377266,0.64986503,-0.037368424,0.52128655,-0.383332",0.0
"0.1638632,0.24139166,0.17837931,0.58528256,0.3377266,0.64986503,-0.037368424,0.52128655,-0.383332","0.74190724,0.86503196,0.9060943","0.23470995,0.3603291,0.27572158,0.62505186,0.5755356,0.2805438,-0.037368424,0.52128655,-0.383332",0.0
"0.23470995,0.3603291,0.27572158,0.62505186,0.5755356,0.2805438,-0.037368424,0.52128655,-0.383332","0.7380434,0.79705,0.92426705","0.30518773,0.4699194,0.37501615,0.48981497,0.70789075,-0.10018972,-0.037368424,0.52128655,-0.383332",0.0
"0.30518773,0.4699194,0.37501615,0.48981497,0.70789075,-0.10018972,-0.037368424,0.52128655,-0.383332","0.77316403,0.75404704,0.9347178","0.3790193,0.5735971,0.4754334,0.26759258,0.6854362,-0.41745022,-0.037368424,0.52128655,-0.383332",0.0
"0.3790193,0.5735971,0.4754334,0.26759258,0.6854362,-0.41745022,-0.037368424,0.52128655,-0.383332","0.7800238,0.11752701,0.94680476","0.4535059,0.5897565,0.57714915,0.08082995,0.5892296,-0.5057094,-0.037368424,0.52128655,-0.383332",0.0
"0.4535059,0.5897565,0.57714915,0.08082995,0.5892296,-0.5057094,-0.037368424,0.52128655,-0.383332","0.54400706,-0.6212013,0.85707533","0.50545466,0.5043446,0.66922534,-0.014808025,0.5260615,-0.418288,-0.037368424,0.52128655,-0.383332",0.0
"0.50545466,0.5043446,0.66922534,-0.014808025,0.5260615,-0.418288,-0.037368424,0.52128655,-0.383332","0.09680295,-0.21120209,0.13526547","0.5146986,0.47530544,0.683757,-0.029898304,0.52154785,-0.38528273,-0.037368424,0.52128655,-0.383332",0.0
"0.0,0.0,0.0,2.8652207e-07,0.005789075,0.993462,-0.88766086,0.1539766,-0.36594146","-0.3994404,-0.9849136,-0.79996634","-0.038143665,-0.13542056,-0.08594088,-0.3954599,0.053447735,0.89128214,-0.88766086,0.1539766,-0.36594146",0.0
"-0.038143665,-0.13542056,-0.08594088,-0.3954599,0.053447735,0.89128214,-0.88766086,0.1539766,-0.36594146","-0.3613295,-0.9759187,-0.8096828","-0.07264801,-0.26960438,-0.1729256,-0.6932809,0.1669771,0.6094417,-0.88766086,0.1539766,-0.36594146",0.0
"-0.07264801,-0.26960438,-0.1729256,-0.6932809,0.1669771,0.6094417,-0.88766086,0.1539766,-0.36594146","0.1806984,-0.9567913,-0.45982742","-0.05539263,-0.40115827,-0.22232516,-0.8637176,0.15771936,0.27772865,-0.88766086,0.1539766,-0.36594146",0.0
"-0.05539263,-0.40115827,-0.22232516,-0.8637176,0.15771936,0.27772865,-0.88766086,0.1539766,-0.36594146","0.0054358244,-0.9073859,-0.4758414","-0.054873545,-0.5259192,-0.27344507,-0.9072081,0.16383849,-0.07761034,-0.88766086,0.1539766,-0.36594146",0.0
"-0.054873545,-0.5259192,-0.27344507,-0.9072081,0.16383849,-0.07761034,-0.88766086,0.1539766,-0.36594146","0.058680177,-0.7121698,-0.16690403","-0.049270015,-0.62383896,-0.29137564,-0.88327,0.14368027,-0.32047215,-0.88766086,0.1539766,-0.36594146",0.0
"-0.049270015,-0.62383896,-0.29137564,-0.88327,0.14368027,-0.32047215,-0.88766086,0.1539766,-0.36594146","-0.009357154,-0.1619389,0.11403215","-0.050163552,-0.6461048,-0.27912503,-0.88315964,0.14620645,-0.35342765,-0.88766086,0.1539766,-0.36594146",0.0
"0.0,0.0,0.0,2.8652207e-07,0.005789075,0.993462,-0.37017545,-0.0057894737,-0.99258906","-0.10754573,-0.9745073,-0.9781946","-0.010269841,-0.13398974,-0.105088055,-0.41844976,0.01929738,0.87681913,-0.37017545,-0.0057894737,-0.99258906",0.0
"-0.010269841,-0.13398974,-0.105088055,-0.41844976,0.01929738,0.87681913,-0.37017545,-0.0057894737,-0.99258906","-0.12231463,-0.9702197,-0.9631383","-0.021950005,-0.26738998,-0.2085586,-0.72963524,0.05619715,0.5633367,-0.37017545,-0.0057894737,-0.99258906",0.0
"-0.021950005,-0.26738998,-0.2085586,-0.72963524,0.05619715,0.5633367,-0.37017545,-0.0057894737,-0.99258906","0.16621113,-0.94777906,-0.9591397","-0.00607805,-0.39770472,-0.31159958,-0.8697439,0.02239995,0.14624585,-0.37017545,-0.0057894737,-0.99258906",0.0
"-0.00607805,-0.39770472,-0.31159958,-0.8697439,0.02239995,0.14624585,-0.37017545,-0.0057894737,-0.99258906","0.2923087,-0.93946725,-0.9451771","0.021835305,-0.5268767,-0.41314048,-0.8211794,-0.050616525,-0.2658948,-0.37017545,-0.0057894737,-0.99258906",0.0
"0.021835305,-0.5268767,-0.41314048,-0.8211794,-0.050616525,-0.2658948,-0.37017545,-0.0057894737,-0.99258906","0.36064363,-0.94890547,-0.8857757","0.056274153,-0.65734637,-0.5082998,-0.62269837,-0.10536745,-0.5787454,-0.37017545,-0.0057894737,-0.99258906",0.0
"0.056274153,-0.65734637,-0.5082998,-0.62269837,-0.10536745,-0.5787454,-0.37017545,-0.0057894737,-0.99258906","-0.082634866,-0.94284075,-0.733504","0.04838312,-0.7869822,-0.58710057,-0.37866676,-0.052147698,-0.74461967,-0.37017545,-0.0057894737,-0.99258906",0.0
"0.04838312,-0.7869822,-0.58710057,-0.37866676,-0.052147698,-0.74461967,-0.37017545,-0.0057894737,-0.99258906","-0.3850844,-0.8042413,0.4557283","0.011610359,-0.89756125,-0.53814137,-0.30043563,-0.0051696855,-0.8574478,-0.37017545,-0.0057894737,-0.99258906",0.0
"0.011610359,-0.89756125,-0.53814137,-0.30043563,-0.0051696855,-0.8574478,-0.37017545,-0.0057894737,-0.99258906","-0.0072495937,-0.3938483,0.69029033","0.010918079,-0.9517133,-0.46398297,-0.31800997,-0.0051189116,-0.92978215,-0.37017545,-0.0057894737,-0.99258906",0.0
"0.010918079,-0.9517133,-0.46398297,-0.31800997,-0.0051189116,-0.92978215,-0.37017545,-0.0057894737,-0.99258906","0.0029984713,-0.09788966,0.46363783","0.011204415,-0.9651728,-0.41417396,-0.3647506,-0.0070511075,-0.9545767,-0.37017545,-0.0057894737,-0.99258906",0.0
"0.011204415,-0.9651728,-0.41417396,-0.3647506,-0.0070511075,-0.9545767,-0.37017545,-0.0057894737,-0.99258906","0.008363724,-0.09760374,0.16184306","0.012003094,-0.97859293,-0.396787,-0.36674654,-0.0080423355,-0.969565,-0.37017545,-0.0057894737,-0.99258906",0.0
"0.012003094,-0.97859293,-0.396787,-0.36674654,-0.0080423355,-0.969565,-0.37017545,-0.0057894737,-0.99258906","0.023968816,-0.010019481,0.07133341","0.014291945,-0.97997063,-0.38912353,-0.3750321,-0.011054598,-0.9719157,-0.37017545,-0.0057894737,-0.99258906",0.0
"0.014291945,-0.97997063,-0.38912353,-0.3750321,-0.011054598,-0.9719157,-0.37017545,-0.0057894737,-0.99258906","0.009771109,-0.021165013,0.01738143","0.015225019,-0.98288083,-0.38725615,-0.37274057,-0.012045939,-0.9748149,-0.37017545,-0.0057894737,-0.99258906",0.0
"0.0,0.0,0.0,2.8652207e-07,0.005789075,0.993462,-0.038538013,0.53520465,-0.75788224","0.73330665,0.9364934,0.7505981","0.07002547,0.12876302,0.08063722,0.369001,0.08844473,0.90172243,-0.038538013,0.53520465,-0.75788224",0.0
"0.07002547,0.12876302,0.08063722,0.369001,0.08844473,0.90172243,-0.038538013,0.53520465,-0.75788224","0.87019074,0.93838036,0.88402605","0.15312237,0.2577855,0.1756087,0.6160482,0.3280736,0.62612414,-0.038538013,0.53520465,-0.75788224",0.0
"0.15312237,0.2577855,0.1756087,0.6160482,0.3280736,0.62612414,-0.038538013,0.53520465,-0.75788224","0.8571837,0.88382363,0.8701453","0.2349772,0.37930673,0.26908895,0.635064,0.58560926,0.25123334,-0.038538013,0.53520465,-0.75788224",0.0
"0.2349772,0.37930673,0.26908895,0.635064,0.58560926,0.25123334,-0.038538013,0.53520465,-0.75788224","0.87705207,0.8692578,0.91242313","0.3187293,0.49882522,0.36711112,0.4620129,0.73237276,-0.15038519,-0.038538013,0.53520465,-0.75788224",0.0
"0.3187293,0.49882522,0.36711112,0.4620129,0.73237276,-0.15038519,-0.038538013,0.53520465,-0.75788224","0.88158584,0.88303924,0.9437671","0.40291435,0.6202386,0.46850058,0.20870827,0.6822152,-0.49456483,-0.038538013,0.53520465,-0.75788224",0.0
"0.40291435,0.6202386,0.46850058,0.20870827,0.6822152,-0.49456483,-0.038538013,0.53520465,-0.75788224","0.85640526,0.8305925,0.7093797","0.4846948,0.73444086,0.5447096,0.018387252,0.5026079,-0.6943523,-0.038538013,0.53520465,-0.75788224",0.0
"0.4846948,0.73444086,0.5447096,0.018387252,0.5026079,-0.6943523,-0.038538013,0.53520465,-0.75788224","0.40566397,0.34676373,-0.56320757","0.5234328,0.7821191,0.48420385,-0.04483367,0.5291709,-0.74976426,-0.038538013,0.53520465,-0.75788224",0.0
"0.0,0.0,0.0,2.8652207e-07,0.005789075,0.993462,-0.34760237,-0.18152046,-0.8776547","0.583789,-0.95248073,-0.9828262","0.05574761,-0.13096121,-0.105585635,-0.4082288,-0.06635678,0.8794663,-0.34760237,-0.18152046,-0.8776547",0.0
"0.05574761,-0.13096121,-0.105585635,-0.4082288,-0.06635678,0.8794663,-0.34760237,-0.18152046,-0.8776547","0.1549139,-0.9723449,-0.954812","0.070540756,-0.26465362,-0.20816168,-0.71137184,-0.1543457,0.56877655,-0.34760237,-0.18152046,-0.8776547",0.0
"0.070540756,-0.26465362,-0.20816168,-0.71137184,-0.1543457,0.56877655,-0.34760237,-0.18152046,-0.8776547","0.44276893,-0.9509344,-0.95604515","0.112821974,-0.39540225,-0.3108702,-0.81697226,-0.29616365,0.15225266,-0.34760237,-0.18152046,-0.8776547",0.0
"0.112821974,-0.39540225,-0.3108702,-0.81697226,-0.29616365,0.15225266,-0.34760237,-0.18152046,-0.8776547","0.439574,-0.93130726,-0.9471326","0.1547981,-0.5234523,-0.41262123,-0.7313172,-0.38007107,-0.25841156,-0.34760237,-0.18152046,-0.8776547",0.0
"0.1547981,-0.5234523,-0.41262123,-0.7313172,-0.38007107,-0.25841156,-0.34760237,-0.18152046,-0.8776547","0.41830873,-0.9296203,-0.8888434","0.19474354,-0.65127033,-0.5081102,-0.5249325,-0.36122602,-0.56925696,-0.34760237,-0.18152046,-0.8776547",0.0
"0.19474354,-0.65127033,-0.5081102,-0.5249325,-0.36122602,-0.56925696,-0.34760237,-0.18152046,-0.8776547","-0.11781871,-0.91327375,-0.59902835","0.18349272,-0.7768408,-0.57246417,-0.35078624,-0.22114809,-0.7389322,-0.34760237,-0.18152046,-0.8776547",0.0
"0.18349272,-0.7768408,-0.57246417,-0.35078624,-0.22114809,-0.7389322,-0.34760237,-0.18152046,-0.8776547","-0.20312154,-0.6123029,0.3351965","0.16409609,-0.8610294,-0.5364537,-0.31121936,-0.16969283,-0.82897663,-0.34760237,-0.18152046,-0.8776547",0.0
"0.16409609,-0.8610294,-0.5364537,-0.31121936,-0.16969283,-0.82897663,-0.34760237,-0.18152046,-0.8776547","-0.075253665,-0.25352347,0.4309944","0.15690991,-0.8958876,-0.49015167,-0.32668847,-0.16891873,-0.8746554,-0.34760237,-0.18152046,-0.8776547",0.0
"0.15690991,-0.8958876,-0.49015167,-0.32668847,-0.16891873,-0.8746554,-0.34760237,-0.18152046,-0.8776547","0.001257658,0.034121394,0.110437274","0.15703,-0.8911962,-0.47828725,-0.3471244,-0.18006393,-0.8732685,-0.34760237,-0.18152046,-0.8776547",0.0
"0.0,0.0,0.0,2.8652207e-07,0.005789075,0.993462,-0.013976608,-0.09853801,-0.8775239","0.97088647,-0.96527416,-0.9728346","0.0927126,-0.13272023,-0.10451224,-0.3998692,-0.11383381,0.87860674,-0.013976608,-0.09853801,-0.8775239",0.0
"0.0927126,-0.13272023,-0.10451224,-0.3998692,-0.11383381,0.87860674,-0.013976608,-0.09853801,-0.8775239","0.9542314,-0.94779366,-0.9557072","0.18383478,-0.263037,-0.20718445,-0.6107214,-0.39106724,0.5730377,-0.013976608,-0.09853801,-0.8775239",0.0
"0.18383478,-0.263037,-0.20718445,-0.6107214,-0.39106724,0.5730377,-0.013976608,-0.09853801,-0.8775239","0.58338845,-0.964325,-0.93076694","0.23954414,-0.39562675,-0.3071773,-0.63893384,-0.5903501,0.15747195,-0.013976608,-0.09853801,-0.8775239",0.0
"0.23954414,-0.39562675,-0.3071773,-0.63893384,-0.5903501,0.15747195,-0.013976608,-0.09853801,-0.8775239","0.2840953,-0.9448148,-0.9520361","0.26667318,-0.525534,-0.40945506,-0.557333,-0.61035633,-0.25889128,-0.013976608,-0.09853801,-0.8775239",0.0
"0.26667318,-0.525534,-0.40945506,-0.557333,-0.61035633,-0.25889128,-0.013976608,-0.09853801,-0.8775239","0.38537562,-0.9636049,-0.94644314","0.30347374,-0.6580247,-0.511132,-0.36777005,-0.5079884,-0.581022,-0.013976608,-0.09853801,-0.8775239",0.0
"0.30347374,-0.6580247,-0.511132,-0.36777005,-0.5079884,-0.581022,-0.013976608,-0.09853801,-0.8775239","0.29667687,-0.9432203,-0.8844194","0.33180425,-0.78771275,-0.6061457,-0.18422443,-0.30409366,-0.738142,-0.013976608,-0.09853801,-0.8775239",0.0
"0.33180425,-0.78771275,-0.6061457,-0.18422443,-0.30409366,-0.738142,-0.013976608,-0.09853801,-0.8775239","0.27911258,-0.79392815,-0.74311256","0.35845748,-0.89687383,-0.68597865,-0.058570113,-0.10945959,-0.7422034,-0.013976608,-0.09853801,-0.8775239",0.0
"0.35845748,-0.89687383,-0.68597865,-0.058570113,-0.10945959,-0.7422034,-0.013976608,-0.09853801,-0.8775239","0.52499604,-0.66032845,0.4488368","0.4085908,-0.9876656,-0.6377598,-0.02127237,-0.0515883,-0.8143589,-0.013976608,-0.09853801,-0.8775239",0.0
"0.4085908,-0.9876656,-0.6377598,-0.02127237,-0.0515883,-0.8143589,-0.013976608,-0.09853801,-0.8775239","0.34491503,-0.31396687,0.51793146","0.44152516,-0.9999812,-0.58213174,-0.023202505,-0.0931874,-0.87449247,-0.013976608,-0.09853801,-0.8775239",0.0
"0.0,0.0,0.0,2.8652207e-07,0.005789075,0.993462,0.53017545,-0.08257309,-0.75788224","0.2757522,0.97652555,0.9449587","0.026332337,0.13426724,0.10151751,0.41332874,0.040080078,0.87959653,0.53017545,-0.08257309,-0.75788224",0.0
"0.026332337,0.13426724,0.10151751,0.41332874,0.040080078,0.87959653,0.53017545,-0.08257309,-0.75788224","0.0875442,0.93976855,0.8917197","0.034692176,0.26348057,0.19731551,0.71511465,0.084073275,0.58624697,0.53017545,-0.08257309,-0.75788224",0.0
"0.034692176,0.26348057,0.19731551,0.71511465,0.084073275,0.58624697,0.53017545,-0.08257309,-0.75788224","0.09636176,0.94664454,0.8935293","0.043894023,0.39363936,0.2933079,0.86219496,0.12549838,0.18316106,0.53017545,-0.08257309,-0.75788224",0.0
"0.043894023,0.39363936,0.2933079,0.86219496,0.12549838,0.18316106,0.53017545,-0.08257309,-0.75788224","-0.50736487,0.9651177,0.8995118","-0.004555639,0.5263381,0.389943,0.8437045,-0.0062858043,-0.23709862,0.53017545,-0.08257309,-0.75788224",0.0
"-0.004555639,0.5263381,0.389943,0.8437045,-0.0062858043,-0.23709862,0.53017545,-0.08257309,-0.75788224","-0.39875442,0.9561908,0.87875867","-0.04263379,0.6578095,0.48434857,0.6576785,-0.082776524,-0.5676885,0.53017545,-0.08257309,-0.75788224",0.0
"-0.04263379,0.6578095,0.48434857,0.6576785,-0.082776524,-0.5676885,0.53017545,-0.08257309,-0.75788224","-0.16268021,0.7722206,0.22210741","-0.058168568,0.7639859,0.50820965,0.51199436,-0.0887308,-0.7291173,0.53017545,-0.08257309,-0.75788224",0.0
"-0.058168568,0.7639859,0.50820965,0.51199436,-0.0887308,-0.7291173,0.53017545,-0.08257309,-0.75788224","0.16448689,0.17717087,-0.31623995","-0.042461265,0.788346,0.47423577,0.53317493,-0.06570664,-0.75647765,0.53017545,-0.08257309,-0.75788224",0.0
"0.0,0.0,0.0,2.8652207e-07,0.005789075,0.993462,-0.14233918,0.20730993,-0.83234775","-0.7353903,-0.9856929,-0.92783755","-0.07022444,-0.13552772,-0.09967817,-0.40418825,0.096578956,0.8798814,-0.14233918,0.20730993,-0.83234775",0.0
"-0.07022444,-0.13552772,-0.09967817,-0.40418825,0.096578956,0.8798814,-0.14233918,0.20730993,-0.83234775","-0.8790189,-0.97201365,-0.95020664","-0.15416437,-0.2691746,-0.20175947,-0.64365894,0.34518173,0.5698766,-0.14233918,0.20730993,-0.83234775",0.0
"-0.15416437,-0.2691746,-0.20175947,-0.64365894,0.34518173,0.5698766,-0.14233918,0.20730993,-0.83234775","-0.7906214,-0.971254,-0.9284465","-0.22966298,-0.40271702,-0.30150303,-0.65301925,0.5821986,0.15114133,-0.14233918,0.20730993,-0.83234775",0.0
"-0.22966298,-0.40271702,-0.30150303,-0.65301925,0.5821986,0.15114133,-0.14233918,0.20730993,-0.83234775","-0.3360752,-0.9645866,-0.918127","-0.26175573,-0.53534275,-0.40013796,-0.5621347,0.6137779,-0.26777318,-0.14233918,0.20730993,-0.83234775",0.0
"-0.26175573,-0.53534275,-0.40013796,-0.5621347,0.6137779,-0.26777318,-0.14233918,0.20730993,-0.83234775","0.32159078,-0.96201,-0.88533276","-0.23104614,-0.6676143,-0.49524978,-0.47455254,0.4288963,-0.5887434,-0.14233918,0.20730993,-0.83234775",0.0
"-0.23104614,-0.6676143,-0.49524978,-0.47455254,0.4288963,-0.5887434,-0.14233918,0.20730993,-0.83234775","0.16228855,-0.9444301,-0.8213391","-0.21554877,-0.79746854,-0.5834867,-0.2879914,0.23897028,-0.7555327,-0.14233918,0.20730993,-0.83234775",0.0
"-0.21554877,-0.79746854,-0.5834867,-0.2879914,0.23897028,-0.7555327,-0.14233918,0.20730993,-0.83234775","-0.52959037,-0.6865703,-0.4101565","-0.26612082,-0.89186853,-0.62755,-0.1267956,0.14897276,-0.79494095,-0.14233918,0.20730993,-0.83234775",0.0
"-0.26612082,-0.89186853,-0.62755,-0.1267956,0.14897276,-0.79494095,-0.14233918,0.20730993,-0.83234775","-0.33578932,-0.30355787,0.49258518","-0.29818624,-0.93360615,-0.5746313,-0.11479097,0.1658919,-0.8568282,-0.14233918,0.20730993,-0.83234775",0.0
"-0.29818624,-0.93360615,-0.5746313,-0.11479097,0.1658919,-0.8568282,-0.14233918,0.20730993,-0.83234775","-0.01882708,0.22370267,0.070192814","-0.2999841,-0.90284824,-0.56709033,-0.14528278,0.20979378,-0.8448728,-0.14233918,0.20730993,-0.83234775",0.0
"0.0,0.0,0.0,2.8652207e-07,0.005789075,0.993462,-0.22339182,0.0705848,-0.35214671","0.018781543,-0.91666305,-0.95853007","0.001793496,-0.12603645,-0.102975495,-0.4008864,0.0035305251,0.8865619,-0.22339182,0.0705848,-0.35214671",0.0
"0.001793496,-0.12603645,-0.102975495,-0.4008864,0.0035305251,0.8865619,-0.22339182,0.0705848,-0.35214671","-0.13677359,-0.81553316,-0.96392846","-0.011267393,-0.23816808,-0.20653094,-0.689534,0.030210475,0.61689746,-0.22339182,0.0705848,-0.35214671",0.0
"-0.011267393,-0.23816808,-0.20653094,-0.689534,0.030210475,0.61689746,-0.22339182,0.0705848,-0.35214671","-0.2746693,-0.81982344,-0.9479419","-0.037496317,-0.3508896,-0.30836892,-0.8351393,0.10466516,0.24908093,-0.22339182,0.0705848,-0.35214671",0.0
"-0.037496317,-0.3508896,-0.30836892,-0.8351393,0.10466516,0.24908093,-0.22339182,0.0705848,-0.35214671","0.010998011,-0.506419,-0.9039168","-0.03644609,-0.42051962,-0.40547726,-0.8299926,0.101278156,-0.039842486,-0.22339182,0.0705848,-0.35214671",0.0
"-0.03644609,-0.42051962,-0.40547726,-0.8299926,0.101278156,-0.039842486,-0.22339182,0.0705848,-0.35214671","-0.055279613,-0.5229502,-0.909015","-0.041724894,-0.49242267,-0.5031333,-0.7348095,0.10271572,-0.29570827,-0.22339182,0.0705848,-0.35214671",0.0
"-0.041724894,-0.49242267,-0.5031333,-0.7348095,0.10271572,-0.29570827,-0.22339182,0.0705848,-0.35214671","0.010412455,-0.15427834,-0.9083041","-0.04073058,-0.51363516,-0.60071295,-0.6075301,0.08400307,-0.40396622,-0.22339182,0.0705848,-0.35214671",0.0
"-0.04073058,-0.51363516,-0.60071295,-0.6075301,0.08400307,-0.40396622,-0.22339182,0.0705848,-0.35214671","-0.043692946,-0.06527841,-0.92476773","-0.04490294,-0.52261066,-0.70006126,-0.46674186,0.072129704,-0.44578806,-0.22339182,0.0705848,-0.35214671",0.0
"-0.04490294,-0.52261066,-0.70006126,-0.46674186,0.072129704,-0.44578806,-0.22339182,0.0705848,-0.35214671","-0.23275805,-0.097539365,-0.9390759","-0.06712965,-0.5360219,-0.8009468,-0.31574932,0.07351542,-0.44172257,-0.22339182,0.0705848,-0.35214671",0.0
"-0.06712965,-0.5360219,-0.8009468,-0.31574932,0.07351542,-0.44172257,-0.22339182,0.0705848,-0.35214671","-0.21532762,0.33995855,-0.79035","-0.08769187,-0.48927936,-0.8858545,-0.22775064,0.07039702,-0.36645678,-0.22339182,0.0705848,-0.35214671",0.0
"0.0,0.0,0.0,2.8652207e-07,0.005789075,0.993462,-0.6527486,-0.0057894737,-0.6045056","-0.7304441,-0.97176564,-0.84879464","-0.06975211,-0.13361278,-0.091186546,-0.39087018,0.092981346,0.8888322,-0.6527486,-0.0057894737,-0.6045056",0.0
"-0.06975211,-0.13361278,-0.091186546,-0.39087018,0.092981346,0.8888322,-0.6527486,-0.0057894737,-0.6045056","-0.33321708,-0.9715374,-0.9061645","-0.101571925,-0.26719418,-0.18853636,-0.68162376,0.23129803,0.5920468,-0.6527486,-0.0057894737,-0.6045056",0.0
"-0.101571925,-0.26719418,-0.18853636,-0.68162376,0.23129803,0.5920468,-0.6527486,-0.0057894737,-0.6045056","0.37481856,-0.9528957,-0.95515543","-0.06577947,-0.39821246,-0.2911493,-0.85445946,0.18504874,0.17677505,-0.6527486,-0.0057894737,-0.6045056",0.0
"-0.06577947,-0.39821246,-0.2911493,-0.85445946,0.18504874,0.17677505,-0.6527486,-0.0057894737,-0.6045056","0.67042494,-0.92041963,-0.9631338","-0.0017587577,-0.5247655,-0.39461935,-0.83997095,0.010430615,-0.23958458,-0.6527486,-0.0057894737,-0.6045056",0.0
"-0.0017587577,-0.5247655,-0.39461935,-0.83997095,0.010430615,-0.23958458,-0.6527486,-0.0057894737,-0.6045056","0.26375484,-0.8363228,-0.8458578","0.023427917,-0.6397556,-0.48549032,-0.6752901,-0.043986794,-0.5388362,-0.6527486,-0.0057894737,-0.6045056",0.0
"0.023427917,-0.6397556,-0.48549032,-0.6752901,-0.043986794,-0.5388362,-0.6527486,-0.0057894737,-0.6045056","-0.12764508,-0.28948146,-0.020397842","0.011238738,-0.67955786,-0.48768163,-0.63837683,-0.016755598,-0.6038784,-0.6527486,-0.0057894737,-0.6045056",0.0
"0.011238738,-0.67955786,-0.48768163,-0.63837683,-0.016755598,-0.6038784,-0.6527486,-0.0057894737,-0.6045056","-0.033651173,0.058540344,0.05067873","0.008025294,-0.6715089,-0.48223716,-0.6532535,-0.010682017,-0.5885757,-0.6527486,-0.0057894737,-0.6045056",0.0
"0.0,0.0,0.0,2.8652207e-07,0.005789075,0.993462,0.5282456,0.09403508,-0.75788224","0.6206361,0.97536457,0.95853806","0.059266247,0.1341076,0.102976345,0.4083497,0.08281286,0.87851393,0.5282456,0.09403508,-0.75788224",0.0
"0.059266247,0.1341076,0.102976345,0.4083497,0.08281286,0.87851393,0.5282456,0.09403508,-0.75788224","0.6405219,0.96956646,0.9506755","0.12043144,0.26741803,0.205108,0.67613286,0.27499068,0.56822664,0.5282456,0.09403508,-0.75788224",0.0
"0.12043144,0.26741803,0.205108,0.67613286,0.27499068,0.56822664,0.5282456,0.09403508,-0.75788224","0.05856228,0.9646921,0.9463668","0.12602371,0.40005824,0.30677676,0.80261225,0.34175622,0.14867288,0.5282456,0.09403508,-0.75788224",0.0
"0.12602371,0.40005824,0.30677676,0.80261225,0.34175622,0.14867288,0.5282456,0.09403508,-0.75788224","-0.30379558,0.9728763,0.9543128","0.097013436,0.5338238,0.40929914,0.78451926,0.25286204,-0.27540055,0.5282456,0.09403508,-0.75788224",0.0
"0.097013436,0.5338238,0.40929914,0.78451926,0.25286204,-0.27540055,0.5282456,0.09403508,-0.75788224","-0.33798063,0.9549589,0.8850194","0.064738736,0.6651258,0.50437725,0.6155579,0.1328607,-0.5889915,0.5282456,0.09403508,-0.75788224",0.0
"0.064738736,0.6651258,0.50437725,0.6155579,0.1328607,-0.5889915,0.5282456,0.09403508,-0.75788224","-0.017942607,0.6702373,-0.038764775","0.063025355,0.75728,0.50021267,0.52700204,0.11163679,-0.7195392,0.5282456,0.09403508,-0.75788224",0.0
"0.063025355,0.75728,0.50021267,0.52700204,0.11163679,-0.7195392,0.5282456,0.09403508,-0.75788224","-0.13386774,0.24408758,-0.29914606","0.05024195,0.7908408,0.4680752,0.5349636,0.09100957,-0.7587736,0.5282456,0.09403508,-0.75788224",0.0
"0.0,0.0,0.0,2.8652207e-07,0.005789075,0.993462,-0.17567252,-0.14409356,-0.95748115","0.81472325,-0.97847265,-0.974859","0.077800155,-0.13453496,-0.10472971,-0.4084286,-0.09589707,0.8765709,-0.17567252,-0.14409356,-0.95748115",0.0
"0.077800155,-0.13453496,-0.10472971,-0.4084286,-0.09589707,0.8765709,-0.17567252,-0.14409356,-0.95748115","0.12780595,-0.9671116,-0.9708229","0.09000469,-0.26750782,-0.20902582,-0.7047264,-0.19872473,0.56245553,-0.17567252,-0.14409356,-0.95748115",0.0
"0.09000469,-0.26750782,-0.20902582,-0.7047264,-0.19872473,0.56245553,-0.17567252,-0.14409356,-0.95748115","0.36536765,-0.95094776,-0.95702004","0.12489465,-0.39825827,-0.31183907,-0.80632204,-0.3274124,0.14470229,-0.17567252,-0.14409356,-0.95748115",0.0
"0.12489465,-0.39825827,-0.31183907,-0.80632204,-0.3274124,0.14470229,-0.17567252,-0.14409356,-0.95748115","0.4820875,-0.9184158,-0.93260634","0.1709305,-0.5245358,-0.41202956,-0.71133757,-0.41675854,-0.25989825,-0.17567252,-0.14409356,-0.95748115",0.0
"0.1709305,-0.5245358,-0.41202956,-0.71133757,-0.41675854,-0.25989825,-0.17567252,-0.14409356,-0.95748115","0.55279684,-0.9126799,-0.9053646","0.2237186,-0.6500246,-0.50929344,-0.4895552,-0.40713644,-0.56786984,-0.17567252,-0.14409356,-0.95748115",0.0
"0.2237186,-0.6500246,-0.50929344,-0.4895552,-0.40713644,-0.56786984,-0.17567252,-0.14409356,-0.95748115","0.15950239,-0.9316981,-0.815635","0.23894992,-0.7781283,-0.59691757,-0.28148177,-0.2546701,-0.73306364,-0.17567252,-0.14409356,-0.95748115",0.0
"0.23894992,-0.7781283,-0.59691757,-0.28148177,-0.2546701,-0.73306364,-0.17567252,-0.14409356,-0.95748115","0.0014822483,-0.81692165,-0.183945","0.23909147,-0.89045095,-0.61667883,-0.1577682,-0.13938858,-0.8029645,-0.17567252,-0.14409356,-0.95748115",0.0
"0.23909147,-0.89045095,-0.61667883,-0.1577682,-0.13938858,-0.8029645,-0.17567252,-0.14409356,-0.95748115","-0.10215914,-0.6301152,0.5572425","0.22933601,-0.9770885,-0.55681384,-0.123364784,-0.100600265,-0.88987076,-0.17567252,-0.14409356,-0.95748115",0.0
"0.22933601,-0.9770885,-0.55681384,-0.123364784,-0.100600265,-0.88987076,-0.17567252,-0.14409356,-0.95748115","-0.0017266273,-0.1259622,0.455876","0.22917113,-0.99440765,-0.5078387,-0.14843678,-0.12247902,-0.9336376,-0.17567252,-0.14409356,-0.95748115",0.0
"0.22917113,-0.99440765,-0.5078387,-0.14843678,-0.12247902,-0.9336376,-0.17567252,-0.14409356,-0.95748115","-0.03196484,-0.011294246,0.19790506","0.22611873,-0.9959605,-0.4865776,-0.16827649,-0.13711122,-0.94789064,-0.17567252,-0.14409356,-0.95748115",0.0
"0.0,0.0,0.0,2.8652207e-07,0.005789075,0.993462,-0.07152047,-0.069181286,-0.8775239","0.6273092,-0.9743942,-0.9703146","0.05990347,-0.1339742,-0.10424151,-0.4115441,-0.07248374,0.87756443,-0.07152047,-0.069181286,-0.8775239",0.0
"0.05990347,-0.1339742,-0.10424151,-0.4115441,-0.07248374,0.87756443,-0.07152047,-0.069181286,-0.8775239","0.6895709,-0.9548955,-0.95783514","0.12575248,-0.2652674,-0.20714232,-0.6742922,-0.27489844,0.5691441,-0.07152047,-0.069181286,-0.8775239",0.0
"0.12575248,-0.2652674,-0.20714232,-0.6742922,-0.27489844,0.5691441,-0.07152047,-0.069181286,-0.8775239","0.0779016,-0.9639759,-0.93235636","0.13319151,-0.39780918,-0.30730593,-0.7982354,-0.34863585,0.15263923,-0.07152047,-0.069181286,-0.8775239",0.0
"0.13319151,-0.39780918,-0.30730593,-0.7982354,-0.34863585,0.15263923,-0.07152047,-0.069181286,-0.8775239","0.3594408,-0.9292833,-0.9245096","0.1675155,-0.5255809,-0.40662652,-0.71981186,-0.4114524,-0.25565347,-0.07152047,-0.069181286,-0.8775239",0.0
"0.1675155,-0.5255809,-0.40662652,-0.71981186,-0.4114524,-0.25565347,-0.07152047,-0.069181286,-0.8775239","0.5409812,-0.9474084,-0.91365105","0.21917526,-0.65584475,-0.5047806,-0.49598634,-0.40065888,-0.5748265,-0.07152047,-0.069181286,-0.8775239",0.0
"0.21917526,-0.65584475,-0.5047806,-0.49598634,-0.40065888,-0.5748265,-0.07152047,-0.069181286,-0.8775239","0.39477742,-0.9365849,-0.8787329","0.25687364,-0.78462034,-0.5991834,-0.25916106,-0.26223323,-0.73817,-0.07152047,-0.069181286,-0.8775239",0.0
"0.25687364,-0.78462034,-0.5991834,-0.25916106,-0.26223323,-0.73817,-0.07152047,-0.069181286,-0.8775239","0.13459444,-0.8097283,-0.66646385","0.26972646,-0.8959539,-0.67078197,-0.09784223,-0.10204247,-0.757343,-0.07152047,-0.069181286,-0.8775239",0.0
"0.26972646,-0.8959539,-0.67078197,-0.09784223,-0.10204247,-0.757343,-0.07152047,-0.069181286,-0.8775239","0.016676784,-0.64221686,0.3623762","0.27131894,-0.9842554,-0.63185155,-0.047804095,-0.045882132,-0.820355,-0.07152047,-0.069181286,-0.8775239",0.0
"0.27131894,-0.9842554,-0.63185155,-0.047804095,-0.045882132,-0.820355,-0.07152047,-0.069181286,-0.8775239","0.0785023,-0.18770784,0.292197","0.27881277,-0.9999812,-0.6004734,-0.053194374,-0.05477308,-0.85623735,-0.07152047,-0.069181286,-0.8775239",0.0
"0.27881277,-0.9999812,-0.6004734,-0.053194374,-0.05477308,-0.85623735,-0.07152047,-0.069181286,-0.8775239","-0.0016133189,0.00029432774,0.08825052","0.27865782,-0.99993426,-0.59099716,-0.059727173,-0.062544525,-0.86579984,-0.07152047,-0.069181286,-0.8775239",0.0
"0.0,0.0,0.0,2.8652207e-07,0.005789075,0.993462,-0.07152047,-0.069181286,-0.8775239","0.6273092,-0.9743942,-0.9703146","0.05990347,-0.1339742,-0.10424151,-0.4115441,-0.07248374,0.87756443,-0.07152047,-0.069181286,-0.8775239",0.0
"0.05990347,-0.1339742,-0.10424151,-0.4115441,-0.07248374,0.87756443,-0.07152047,-0.069181286,-0.8775239","0.6895709,-0.9548955,-0.95783514","0.12575248,-0.2652674,-0.20714232,-0.6742922,-0.27489844,0.5691441,-0.07152047,-0.069181286,-0.8775239",0.0
"0.12575248,-0.2652674,-0.20714232,-0.6742922,-0.27489844,0.5691441,-0.07152047,-0.069181286,-0.8775239","0.0779016,-0.9639759,-0.93235636","0.13319151,-0.39780918,-0.30730593,-0.7982354,-0.34863585,0.15263923,-0.07152047,-0.069181286,-0.8775239",0.0
"0.13319151,-0.39780918,-0.30730593,-0.7982354,-0.34863585,0.15263923,-0.07152047,-0.069181286,-0.8775239","0.3594408,-0.9292833,-0.9245096","0.1675155,-0.5255809,-0.40662652,-0.71981186,-0.4114524,-0.25565347,-0.07152047,-0.069181286,-0.8775239",0.0
"0.1675155,-0.5255809,-0.40662652,-0.71981186,-0.4114524,-0.25565347,-0.07152047,-0.069181286,-0.8775239","0.5409812,-0.9474084,-0.91365105","0.21917526,-0.65584475,-0.5047806,-0.49598634,-0.40065888,-0.5748265,-0.07152047,-0.069181286,-0.8775239",0.0
"0.21917526,-0.65584475,-0.5047806,-0.49598634,-0.40065888,-0.5748265,-0.07152047,-0.069181286,-0.8775239","0.39477742,-0.9365849,-0.8787329","0.25687364,-0.78462034,-0.5991834,-0.25916106,-0.26223323,-0.73817,-0.07152047,-0.069181286,-0.8775239",0.0
"0.25687364,-0.78462034,-0.5991834,-0.25916106,-0.26223323,-0.73817,-0.07152047,-0.069181286,-0.8775239","0.13459444,-0.8097283,-0.66646385","0.26972646,-0.8959539,-0.67078197,-0.09784223,-0.10204247,-0.757343,-0.07152047,-0.069181286,-0.8775239",0.0
"0.26972646,-0.8959539,-0.67078197,-0.09784223,-0.10204247,-0.757343,-0.07152047,-0.069181286,-0.8775239","0.016676784,-0.64221686,0.3623762","0.27131894,-0.9842554,-0.63185155,-0.047804095,-0.045882132,-0.820355,-0.07152047,-0.069181286,-0.8775239",0.0
"0.27131894,-0.9842554,-0.63185155,-0.047804095,-0.045882132,-0.820355,-0.07152047,-0.069181286,-0.8775239","0.0785023,-0.18770784,0.292197","0.27881277,-0.9999812,-0.6004734,-0.053194374,-0.05477308,-0.85623735,-0.07152047,-0.069181286,-0.8775239",0.0
"0.27881277,-0.9999812,-0.6004734,-0.053194374,-0.05477308,-0.85623735,-0.07152047,-0.069181286,-0.8775239","-0.0016133189,0.00029432774,0.08825052","0.27865782,-0.99993426,-0.59099716,-0.059727173,-0.062544525,-0.86579984,-0.07152047,-0.069181286,-0.8775239",0.0
"0.0,0.0,0.0,2.8652207e-07,0.005789075,0.993462,-0.4378363,0.48415202,-0.6045056","-0.83337957,-0.9796199,-0.8821736","-0.07958171,-0.1346927,-0.094772466,-0.39399475,0.106583975,0.88482857,-0.4378363,0.48415202,-0.6045056",0.0
"-0.07958171,-0.1346927,-0.094772466,-0.39399475,0.106583975,0.88482857,-0.4378363,0.48415202,-0.6045056","-0.6622682,-0.9671692,-0.8287748","-0.14282352,-0.26767352,-0.18380825,-0.64393723,0.31644621,0.5977955,-0.4378363,0.48415202,-0.6045056",0.0
"-0.14282352,-0.26767352,-0.18380825,-0.64393723,0.31644621,0.5977955,-0.4378363,0.48415202,-0.6045056","-0.45040548,-0.9249364,-0.90578514","-0.18583396,-0.3948475,-0.28111732,-0.72566444,0.48633817,0.19953898,-0.4378363,0.48415202,-0.6045056",0.0
"-0.18583396,-0.3948475,-0.28111732,-0.72566444,0.48633817,0.19953898,-0.4378363,0.48415202,-0.6045056","-0.19287992,-0.87116563,-0.8851145","-0.20425259,-0.51462835,-0.37620574,-0.683332,0.5177839,-0.19553432,-0.4378363,0.48415202,-0.6045056",0.0
"-0.20425259,-0.51462835,-0.37620574,-0.683332,0.5177839,-0.19553432,-0.4378363,0.48415202,-0.6045056","-0.42356163,-0.84647137,-0.6857234","-0.24469964,-0.6310139,-0.44987342,-0.51947975,0.51051766,-0.49971965,-0.4378363,0.48415202,-0.6045056",0.0
"-0.24469964,-0.6310139,-0.44987342,-0.51947975,0.51051766,-0.49971965,-0.4378363,0.48415202,-0.6045056","-0.24142009,-0.50872713,-0.22190022","-0.2677535,-0.7009613,-0.47371224,-0.41988838,0.478235,-0.63086367,-0.4378363,0.48415202,-0.6045056",0.0
"-0.2677535,-0.7009613,-0.47371224,-0.41988838,0.478235,-0.63086367,-0.4378363,0.48415202,-0.6045056","0.027441144,0.22685325,-0.08389318","-0.26513308,-0.6697702,-0.48272488,-0.4358409,0.4879936,-0.5860502,-0.4378363,0.48415202,-0.6045056",0.0
"0.0,0.0,0.0,2.8652207e-07,0.005789075,0.993462,-0.53654975,-0.0057894737,-0.75788224","-0.4533385,-0.97870487,-0.9112859","-0.043290544,-0.13456689,-0.09790002,-0.406978,0.061536413,0.88234967,-0.53654975,-0.0057894737,-0.75788224",0.0
"-0.043290544,-0.13456689,-0.09790002,-0.406978,0.061536413,0.88234967,-0.53654975,-0.0057894737,-0.75788224","-0.15031552,-0.9680495,-0.94779915","-0.05764459,-0.26766872,-0.19972266,-0.7142167,0.13665982,0.5754506,-0.53654975,-0.0057894737,-0.75788224",0.0
"-0.05764459,-0.26766872,-0.19972266,-0.7142167,0.13665982,0.5754506,-0.53654975,-0.0057894737,-0.75788224","0.30932117,-0.96098727,-0.9468561","-0.028106665,-0.39979956,-0.301444,-0.86939514,0.08277935,0.15745318,-0.53654975,-0.0057894737,-0.75788224",0.0
"-0.028106665,-0.39979956,-0.301444,-0.86939514,0.08277935,0.15745318,-0.53654975,-0.0057894737,-0.75788224","0.5883362,-0.93275404,-0.9558172","0.028075173,-0.52804846,-0.404128,-0.8279778,-0.067406215,-0.25769258,-0.53654975,-0.0057894737,-0.75788224",0.0
"0.028075173,-0.52804846,-0.404128,-0.8279778,-0.067406215,-0.25769258,-0.53654975,-0.0057894737,-0.75788224","0.16683984,-0.9249892,-0.9244169","0.044007167,-0.6552298,-0.5034386,-0.63459814,-0.0824527,-0.5732425,-0.53654975,-0.0057894737,-0.75788224",0.0
"0.044007167,-0.6552298,-0.5034386,-0.63459814,-0.0824527,-0.5732425,-0.53654975,-0.0057894737,-0.75788224","-0.24396193,-0.6664986,-0.3354633","0.020710573,-0.74687,-0.5394776,-0.49537796,-0.02647518,-0.70940036,-0.53654975,-0.0057894737,-0.75788224",0.0
"0.020710573,-0.74687,-0.5394776,-0.49537796,-0.02647518,-0.70940036,-0.53654975,-0.0057894737,-0.75788224","-0.018565953,-0.21014458,0.40687442","0.018937659,-0.7757638,-0.4957668,-0.52214813,-0.02530167,-0.74292564,-0.53654975,-0.0057894737,-0.75788224",0.0
"0.018937659,-0.7757638,-0.4957668,-0.52214813,-0.02530167,-0.74292564,-0.53654975,-0.0057894737,-0.75788224","-0.0456661,-0.010734439,0.11094165","0.0145768775,-0.7772398,-0.4838482,-0.5372175,-0.018823188,-0.74335563,-0.53654975,-0.0057894737,-0.75788224",0.0
"0.0145768775,-0.7772398,-0.4838482,-0.5372175,-0.018823188,-0.74335563,-0.53654975,-0.0057894737,-0.75788224","-0.034142375,-0.013908446,0.007915735","0.0113165295,-0.7791522,-0.48299775,-0.5362261,-0.0132786855,-0.74573636,-0.53654975,-0.0057894737,-0.75788224",0.0
"0.0,0.0,0.0,2.8652207e-07,0.005789075,0.993462,0.57134503,0.31578946,-0.6045056","0.34062803,0.9809241,0.9014139","0.03252751,0.13487203,0.09683947,0.40817562,0.047676127,0.882931,0.57134503,0.31578946,-0.6045056",0.0
"0.03252751,0.13487203,0.09683947,0.40817562,0.047676127,0.882931,0.57134503,0.31578946,-0.6045056","0.8896713,0.9747045,0.92939186","0.11748466,0.2688889,0.19668461,0.67597944,0.267687,0.5775929,0.57134503,0.31578946,-0.6045056",0.0
"0.11748466,0.2688889,0.19668461,0.67597944,0.267687,0.5775929,0.57134503,0.31578946,-0.6045056","0.6944486,0.98093486,0.9662124","0.18379946,0.40376243,0.3004854,0.7304856,0.48281595,0.15048003,0.57134503,0.31578946,-0.6045056",0.0
"0.18379946,0.40376243,0.3004854,0.7304856,0.48281595,0.15048003,0.57134503,0.31578946,-0.6045056","0.08691144,0.9752325,0.9681847","0.19209889,0.53785187,0.40449807,0.6780317,0.47438776,-0.27795392,0.57134503,0.31578946,-0.6045056",0.0
"0.19209889,0.53785187,0.40449807,0.6780317,0.47438776,-0.27795392,0.57134503,0.31578946,-0.6045056","-0.27015537,0.8377224,0.79653347","0.16630101,0.65303445,0.4900701,0.5686415,0.33411643,-0.5630577,0.57134503,0.31578946,-0.6045056",0.0
"0.16630101,0.65303445,0.4900701,0.5686415,0.33411643,-0.5630577,0.57134503,0.31578946,-0.6045056","-0.09642416,0.19945729,-0.18521953","0.15709321,0.68045884,0.4701718,0.57931185,0.31819928,-0.5966977,0.57134503,0.31578946,-0.6045056",0.0
"0.0,0.0,0.0,2.8652207e-07,0.005789075,0.993462,-0.23590644,-0.0871345,-0.83234775","0.8642745,-0.96012765,-0.97475624","0.08253194,-0.1320126,-0.10471868,-0.40220717,-0.10069746,0.87914646,-0.23590644,-0.0871345,-0.83234775",0.0
"0.08253194,-0.1320126,-0.10471868,-0.40220717,-0.10069746,0.87914646,-0.23590644,-0.0871345,-0.83234775","-0.10330123,-0.9595109,-0.9506832","0.07266741,-0.26394045,-0.20685117,-0.70867354,-0.15871099,0.57191384,-0.23590644,-0.0871345,-0.83234775",0.0
"0.07266741,-0.26394045,-0.20685117,-0.70867354,-0.15871099,0.57191384,-0.23590644,-0.0871345,-0.83234775","0.40001082,-0.92603564,-0.9507217","0.11086554,-0.3912656,-0.3089878,-0.8170585,-0.29051265,0.16391575,-0.23590644,-0.0871345,-0.83234775",0.0
"0.11086554,-0.3912656,-0.3089878,-0.8170585,-0.29051265,0.16391575,-0.23590644,-0.0871345,-0.83234775","0.3855405,-0.9013967,-0.9412334","0.14768186,-0.51520306,-0.41010505,-0.74356216,-0.36559525,-0.2388068,-0.23590644,-0.0871345,-0.83234775",0.0
"0.14768186,-0.51520306,-0.41010505,-0.74356216,-0.36559525,-0.2388068,-0.23590644,-0.0871345,-0.83234775","0.30732882,-0.9131594,-0.9336964","0.17702954,-0.6407578,-0.5104126,-0.5493423,-0.3346583,-0.55393577,-0.23590644,-0.0871345,-0.83234775",0.0
"0.17702954,-0.6407578,-0.5104126,-0.5493423,-0.3346583,-0.55393577,-0.23590644,-0.0871345,-0.83234775","-0.081034005,-0.89932823,-0.8659402","0.16929138,-0.7644109,-0.60344106,-0.3364108,-0.19122615,-0.7180444,-0.23590644,-0.0871345,-0.83234775",0.0
"0.16929138,-0.7644109,-0.60344106,-0.3364108,-0.19122615,-0.7180444,-0.23590644,-0.0871345,-0.83234775","-0.3920915,-0.6244252,-0.22216171","0.1318495,-0.85026616,-0.62730795,-0.23112363,-0.09529034,-0.77250713,-0.23590644,-0.0871345,-0.83234775",0.0
"0.1318495,-0.85026616,-0.62730795,-0.23112363,-0.09529034,-0.77250713,-0.23590644,-0.0871345,-0.83234775","-0.125247,-0.36242008,0.35877967","0.11988931,-0.90009713,-0.588764,-0.21749136,-0.07979754,-0.8288563,-0.23590644,-0.0871345,-0.83234775",0.0
"0.11988931,-0.90009713,-0.588764,-0.21749136,-0.07979754,-0.8288563,-0.23590644,-0.0871345,-0.83234775","-0.05301571,0.043185115,0.11855054","0.11482669,-0.89415944,-0.576028,-0.2415053,-0.08491931,-0.8338326,-0.23590644,-0.0871345,-0.83234775",0.0
"0.0,0.0,0.0,2.8652207e-07,0.005789075,0.993462,-0.059649125,-0.65005845,-0.6045056","0.9454615,-0.93121105,-0.9723409","0.0902847,-0.12803672,-0.1044592,-0.3919,-0.10820785,0.8833486,-0.059649125,-0.65005845,-0.6045056",0.0
"0.0902847,-0.12803672,-0.1044592,-0.3919,-0.10820785,0.8833486,-0.059649125,-0.65005845,-0.6045056","0.9667349,-0.8029316,-0.9544535","0.18260087,-0.2384357,-0.20699674,-0.5834024,-0.3700683,0.61579984,-0.059649125,-0.65005845,-0.6045056",0.0
"0.18260087,-0.2384357,-0.20699674,-0.5834024,-0.3700683,0.61579984,-0.059649125,-0.65005845,-0.6045056","0.9717903,-0.85809165,-0.9308147","0.2753998,-0.3564189,-0.30699474,-0.5528221,-0.63999516,0.23984317,-0.059649125,-0.65005845,-0.6045056",0.0
"0.2753998,-0.3564189,-0.30699474,-0.5528221,-0.63999516,0.23984317,-0.059649125,-0.65005845,-0.6045056","0.946434,-0.78688306,-0.91592985","0.36577737,-0.46461135,-0.40539363,-0.34868824,-0.76317453,-0.12988313,-0.059649125,-0.65005845,-0.6045056",0.0
"0.36577737,-0.46461135,-0.40539363,-0.34868824,-0.76317453,-0.12988313,-0.059649125,-0.65005845,-0.6045056","0.8725642,-0.7952429,-0.79624677","0.4491009,-0.5739532,-0.49093488,-0.1198806,-0.7069553,-0.43052837,-0.059649125,-0.65005845,-0.6045056",0.0
"0.4491009,-0.5739532,-0.49093488,-0.1198806,-0.7069553,-0.43052837,-0.059649125,-0.65005845,-0.6045056","0.2494508,-0.6228161,-0.06977904","0.47292164,-0.65958726,-0.49843127,-0.060372442,-0.6398612,-0.577687,-0.059649125,-0.65005845,-0.6045056",0.0
"0.47292164,-0.65958726,-0.49843127,-0.060372442,-0.6398612,-0.577687,-0.059649125,-0.65005845,-0.6045056","-0.0013555288,-0.18539977,0.22413206","0.4727922,-0.68507886,-0.47435257,-0.061347287,-0.6481759,-0.60622346,-0.059649125,-0.65005845,-0.6045056",0.0
"0.0,0.0,0.0,2.8652207e-07,0.005789075,0.993462,-0.77339184,-0.12321637,-0.5299094","-0.6898659,-0.9666455,-0.8960466","-0.06587719,-0.13290878,-0.09626284,-0.39652625,0.0891724,0.8853677,-0.77339184,-0.12321637,-0.5299094",0.0
"-0.06587719,-0.13290878,-0.09626284,-0.39652625,0.0891724,0.8853677,-0.77339184,-0.12321637,-0.5299094","-0.024907649,-0.94266707,-0.84742296","-0.06825569,-0.26252067,-0.18730202,-0.69492674,0.15726599,0.6019306,-0.77339184,-0.12321637,-0.5299094",0.0
"-0.06825569,-0.26252067,-0.18730202,-0.69492674,0.15726599,0.6019306,-0.77339184,-0.12321637,-0.5299094","0.2527647,-0.93910134,-0.91586053","-0.044118498,-0.3916423,-0.2856935,-0.86190426,0.12607802,0.19923775,-0.77339184,-0.12321637,-0.5299094",0.0
"-0.044118498,-0.3916423,-0.2856935,-0.86190426,0.12607802,0.19923775,-0.77339184,-0.12321637,-0.5299094","0.4855001,-0.89191806,-0.87246925","0.0022432362,-0.5142765,-0.37942338,-0.8548393,-0.00023482699,-0.19892575,-0.77339184,-0.12321637,-0.5299094",0.0
"0.0022432362,-0.5142765,-0.37942338,-0.8548393,-0.00023482699,-0.19892575,-0.77339184,-0.12321637,-0.5299094","0.4305339,-0.7867443,-0.44955236","0.0433561,-0.6224498,-0.42771906,-0.75455,-0.097571895,-0.46612763,-0.77339184,-0.12321637,-0.5299094",0.0
"0.0433561,-0.6224498,-0.42771906,-0.75455,-0.097571895,-0.46612763,-0.77339184,-0.12321637,-0.5299094","0.11453688,-0.2762153,0.31400347","0.05429354,-0.6604281,-0.3939854,-0.76225376,-0.12541752,-0.5076731,-0.77339184,-0.12321637,-0.5299094",0.0
"0.05429354,-0.6604281,-0.3939854,-0.76225376,-0.12541752,-0.5076731,-0.77339184,-0.12321637,-0.5299094","-0.0071557164,-0.05145806,0.050264835","0.05361022,-0.66750336,-0.38858536,-0.76329166,-0.12391198,-0.5162506,-0.77339184,-0.12321637,-0.5299094",0.0
"0.0,0.0,0.0,2.8652207e-07,0.005789075,0.993462,-0.8509357,-0.13614035,-0.2081845","0.13897622,-0.9386905,-0.925676","0.013271215,-0.12906511,-0.09944596,-0.40251604,-0.0109975645,0.886525,-0.8509357,-0.13614035,-0.2081845",0.0
"0.013271215,-0.12906511,-0.09944596,-0.40251604,-0.0109975645,0.886525,-0.8509357,-0.13614035,-0.2081845","0.2393421,-0.91704756,-0.90673405","0.036126647,-0.25515446,-0.19685695,-0.70426786,-0.074449286,0.60139364,-0.8509357,-0.13614035,-0.2081845",0.0
"0.036126647,-0.25515446,-0.19685695,-0.70426786,-0.074449286,0.60139364,-0.8509357,-0.13614035,-0.2081845","0.13391864,-0.91351223,-0.7595836","0.048914902,-0.38075772,-0.2784595,-0.8552536,-0.12661357,0.23355241,-0.8509357,-0.13614035,-0.2081845",0.0
"0.048914902,-0.38075772,-0.2784595,-0.8552536,-0.12661357,0.23355241,-0.8509357,-0.13614035,-0.2081845","-0.009541571,-0.8066677,-0.439456","0.04800375,-0.49167043,-0.32567048,-0.8831463,-0.12834898,-0.07760674,-0.8509357,-0.13614035,-0.2081845",0.0
"0.04800375,-0.49167043,-0.32567048,-0.8831463,-0.12834898,-0.07760674,-0.8509357,-0.13614035,-0.2081845","0.07880294,-0.34049302,-0.29176444","0.05552886,-0.53848654,-0.35701486,-0.85612005,-0.14500448,-0.22106119,-0.8509357,-0.13614035,-0.2081845",0.0
"0.0,0.0,0.0,2.8652207e-07,0.005789075,0.993462,0.20192984,0.14982456,-0.83234775","-0.14048779,0.95959115,0.9548085","-0.013415559,0.13193884,0.102575675,0.41180837,-0.011572176,0.88104665,0.20192984,0.14982456,-0.83234775",0.0
"-0.013415559,0.13193884,0.102575675,0.41180837,-0.011572176,0.88104665,0.20192984,0.14982456,-0.83234775","0.92153955,0.96256196,0.932961","0.07458478,0.2642862,0.20280424,0.7032171,0.1738094,0.5770635,0.20192984,0.14982456,-0.83234775",0.0
"0.07458478,0.2642862,0.20280424,0.7032171,0.1738094,0.5770635,0.20192984,0.14982456,-0.83234775","0.8685342,0.95022786,0.9166379","0.1575235,0.39493763,0.30127922,0.7634697,0.41859803,0.16804905,0.20192984,0.14982456,-0.83234775",0.0
"0.1575235,0.39493763,0.30127922,0.7634697,0.41859803,0.16804905,0.20192984,0.14982456,-0.83234775","0.20271206,0.9406136,0.88909566","0.17688103,0.5242672,0.39679533,0.7090514,0.447108,-0.24120884,0.20192984,0.14982456,-0.83234775",0.0
"0.17688103,0.5242672,0.39679533,0.7090514,0.447108,-0.24120884,0.20192984,0.14982456,-0.83234775","0.045086026,0.95086396,0.8811135","0.18118641,0.6550061,0.49145386,0.5494197,0.35842577,-0.5669502,0.20192984,0.14982456,-0.83234775",0.0
"0.18118641,0.6550061,0.49145386,0.5494197,0.35842577,-0.5669502,0.20192984,0.14982456,-0.83234775","0.1768781,0.9247899,0.878656","0.198077,0.78216004,0.5858484,0.31334683,0.23190588,-0.74048316,0.20192984,0.14982456,-0.83234775",0.0
"0.198077,0.78216004,0.5858484,0.31334683,0.23190588,-0.74048316,0.20192984,0.14982456,-0.83234775","0.08309913,0.6401758,0.16036618","0.20601237,0.87018096,0.6030766,0.19941656,0.157978,-0.8013213,0.20192984,0.14982456,-0.83234775",0.0
"0.20601237,0.87018096,0.6030766,0.19941656,0.157978,-0.8013213,0.20192984,0.14982456,-0.83234775","-0.09485006,0.22543406,-0.3388657","0.19695488,0.901177,0.566672,0.20683123,0.15437715,-0.84408736,0.20192984,0.14982456,-0.83234775",0.0
"0.0,0.0,0.0,2.8652207e-07,0.005789075,0.993462,-0.88859653,-0.0057894737,-0.41634786","-0.37452507,-0.9874055,-0.83605886","-0.03576443,-0.13576318,-0.08981832,-0.40112844,0.05108623,0.88782823,-0.88859653,-0.0057894737,-0.41634786",0.0
"-0.03576443,-0.13576318,-0.08981832,-0.40112844,0.05108623,0.88782823,-0.88859653,-0.0057894737,-0.41634786","-0.22446,-0.97680134,-0.8129715","-0.057198737,-0.27006835,-0.17715634,-0.7039626,0.13376187,0.6028159,-0.88859653,-0.0057894737,-0.41634786",0.0
"-0.057198737,-0.27006835,-0.17715634,-0.7039626,0.13376187,0.6028159,-0.88859653,-0.0057894737,-0.41634786","0.29196107,-0.95765144,-0.6229824","-0.029318573,-0.40174052,-0.24408372,-0.8754742,0.08667991,0.24255393,-0.88859653,-0.0057894737,-0.41634786",0.0
"-0.029318573,-0.40174052,-0.24408372,-0.8754742,0.08667991,0.24255393,-0.88859653,-0.0057894737,-0.41634786","0.2560141,-0.9209136,-0.52618754","-0.0048710853,-0.52836144,-0.30061236,-0.9076581,0.019680915,-0.12241858,-0.88859653,-0.0057894737,-0.41634786",0.0
"-0.0048710853,-0.52836144,-0.30061236,-0.9076581,0.019680915,-0.12241858,-0.88859653,-0.0057894737,-0.41634786","0.13883615,-0.7462942,-0.07059622","0.008386758,-0.6309731,-0.3081965,-0.87769866,-0.017339135,-0.35702968,-0.88859653,-0.0057894737,-0.41634786",0.0
"0.008386758,-0.6309731,-0.3081965,-0.87769866,-0.017339135,-0.35702968,-0.88859653,-0.0057894737,-0.41634786","-0.0025655031,-0.27624416,0.21636057","0.008141771,-0.66895527,-0.28495273,-0.8783192,-0.016679198,-0.41010377,-0.88859653,-0.0057894737,-0.41634786",0.0
"0.0,0.0,0.0,2.8652207e-07,0.005789075,0.993462,-0.32959065,-0.26385963,-0.28866473","0.7598083,-0.8211175,-0.98589855","0.072556175,-0.11289943,-0.1059157,-0.36998773,-0.07988446,0.8966414,-0.32959065,-0.26385963,-0.28866473",0.0
"0.072556175,-0.11289943,-0.1059157,-0.36998773,-0.07988446,0.8966414,-0.32959065,-0.26385963,-0.28866473","0.6956903,-0.84354776,-0.9667524","0.13898955,-0.22888291,-0.20977454,-0.61760044,-0.28184173,0.6279101,-0.32959065,-0.26385963,-0.28866473",0.0
"0.13898955,-0.22888291,-0.20977454,-0.61760044,-0.28184173,0.6279101,-0.32959065,-0.26385963,-0.28866473","0.7007936,-0.74955994,-0.9736227","0.20591025,-0.33194357,-0.3143714,-0.66354275,-0.4939222,0.27828658,-0.32959065,-0.26385963,-0.28866473",0.0
"0.20591025,-0.33194357,-0.3143714,-0.66354275,-0.4939222,0.27828658,-0.32959065,-0.26385963,-0.28866473","0.4328984,-0.6509068,-0.9698553","0.24724892,-0.42143995,-0.41856354,-0.59423715,-0.5759372,-0.059651688,-0.32959065,-0.26385963,-0.28866473",0.0
"0.24724892,-0.42143995,-0.41856354,-0.59423715,-0.5759372,-0.059651688,-0.32959065,-0.26385963,-0.28866473","-0.17789197,-0.7461938,-0.95858395","0.2302615,-0.5240378,-0.5215449,-0.5341752,-0.463997,-0.36790302,-0.32959065,-0.26385963,-0.28866473",0.0
"0.2302615,-0.5240378,-0.5215449,-0.5341752,-0.463997,-0.36790302,-0.32959065,-0.26385963,-0.28866473","0.08095205,-0.09740579,-0.96567166","0.23799184,-0.53743064,-0.6252875,-0.41897038,-0.38060033,-0.44891694,-0.32959065,-0.26385963,-0.28866473",0.0
"0.23799184,-0.53743064,-0.6252875,-0.41897038,-0.38060033,-0.44891694,-0.32959065,-0.26385963,-0.28866473","-0.23134267,0.60124326,-0.93142074","0.2159003,-0.45476288,-0.7253506,-0.37386593,-0.29382873,-0.37058422,-0.32959065,-0.26385963,-0.28866473",0.0
"0.2159003,-0.45476288,-0.7253506,-0.37386593,-0.29382873,-0.37058422,-0.32959065,-0.26385963,-0.28866473","0.03741753,0.49462545,-0.6268703","0.2194734,-0.38675448,-0.79269564,-0.32099143,-0.25715113,-0.30782214,-0.32959065,-0.26385963,-0.28866473",0.0
"0.2194734,-0.38675448,-0.79269564,-0.32099143,-0.25715113,-0.30782214,-0.32959065,-0.26385963,-0.28866473","0.034282804,0.116898894,-0.040569305","0.22274716,-0.37068155,-0.797054,-0.31806588,-0.26021677,-0.2923527,-0.32959065,-0.26385963,-0.28866473",0.0
"0.0,0.0,0.0,2.8652207e-07,0.005789075,0.993462,-0.21298246,-0.07923976,-0.95748115","0.949888,-0.9751054,-0.97975504","0.09070741,-0.13407198,-0.1052557,-0.40393025,-0.11229443,0.8765904,-0.21298246,-0.07923976,-0.95748115",0.0
"0.09070741,-0.13407198,-0.1052557,-0.40393025,-0.11229443,0.8765904,-0.21298246,-0.07923976,-0.95748115","-0.25238037,-0.97326726,-0.96412694","0.0666069,-0.26789123,-0.20883246,-0.71781194,-0.14651668,0.5620479,-0.21298246,-0.07923976,-0.95748115",0.0
"0.0666069,-0.26789123,-0.20883246,-0.71781194,-0.14651668,0.5620479,-0.21298246,-0.07923976,-0.95748115","0.16581225,-0.94547117,-0.95840853","0.08244077,-0.39788866,-0.31179488,-0.8425263,-0.2172354,0.14555514,-0.21298246,-0.07923976,-0.95748115",0.0
"0.08244077,-0.39788866,-0.31179488,-0.8425263,-0.2172354,0.14555514,-0.21298246,-0.07923976,-0.95748115","0.2250632,-0.9254947,-0.93243027","0.10393267,-0.52513945,-0.41196644,-0.7826083,-0.25890633,-0.26103824,-0.21298246,-0.07923976,-0.95748115",0.0
"0.10393267,-0.52513945,-0.41196644,-0.7826083,-0.25890633,-0.26103824,-0.21298246,-0.07923976,-0.95748115","0.40718365,-0.9094505,-0.907921","0.14281575,-0.6501843,-0.5095049,-0.5758161,-0.27078143,-0.56821555,-0.21298246,-0.07923976,-0.95748115",0.0
"0.14281575,-0.6501843,-0.5095049,-0.5758161,-0.27078143,-0.56821555,-0.21298246,-0.07923976,-0.95748115","0.35956287,-0.9107753,-0.7861533","0.1771514,-0.7754112,-0.59396183,-0.33151558,-0.19943005,-0.73151284,-0.21298246,-0.07923976,-0.95748115",0.0
"0.1771514,-0.7754112,-0.59396183,-0.33151558,-0.19943005,-0.73151284,-0.21298246,-0.07923976,-0.95748115","-0.28758287,-0.84211916,-0.19515055","0.14968932,-0.8911983,-0.6149269,-0.19122152,-0.09070284,-0.80471194,-0.21298246,-0.07923976,-0.95748115",0.0
"0.14968932,-0.8911983,-0.6149269,-0.19122152,-0.09070284,-0.80471194,-0.21298246,-0.07923976,-0.95748115","-0.14488274,-0.5982268,0.53025556","0.13585407,-0.9734514,-0.5579611,-0.15093617,-0.062278334,-0.8875161,-0.21298246,-0.07923976,-0.95748115",0.0
"0.13585407,-0.9734514,-0.5579611,-0.15093617,-0.062278334,-0.8875161,-0.21298246,-0.07923976,-0.95748115","-0.0723955,-0.090629935,0.41241777","0.12894082,-0.98591256,-0.51365477,-0.18470375,-0.07290042,-0.925679,-0.21298246,-0.07923976,-0.95748115",0.0
"0.12894082,-0.98591256,-0.51365477,-0.18470375,-0.07290042,-0.925679,-0.21298246,-0.07923976,-0.95748115","-0.055872023,-0.03373158,0.2028948","0.12360545,-0.99055046,-0.49185756,-0.20479773,-0.07752558,-0.9418677,-0.21298246,-0.07923976,-0.95748115",0.0
"0.0,0.0,0.0,2.8652207e-07,0.005789075,0.993462,0.1028655,-0.0874269,-0.59666026","-0.3259846,0.9604342,0.96750057","-0.031129159,0.13205476,0.1039392,0.4123405,-0.034637015,0.87977,0.1028655,-0.0874269,-0.59666026",0.0
"-0.031129159,0.13205476,0.1039392,0.4123405,-0.034637015,0.87977,0.1028655,-0.0874269,-0.59666026","-0.6775695,0.9581189,0.95487726","-0.09583213,0.26379117,0.20652226,0.69488794,-0.20970422,0.5726473,0.1028655,-0.0874269,-0.59666026",0.0
"-0.09583213,0.26379117,0.20652226,0.69488794,-0.20970422,0.5726473,0.1028655,-0.0874269,-0.59666026","-0.44634128,0.92194176,0.95019555","-0.13845448,0.39055344,0.30860236,0.78855723,-0.36001793,0.16601697,0.1028655,-0.0874269,-0.59666026",0.0
"-0.13845448,0.39055344,0.30860236,0.78855723,-0.36001793,0.16601697,0.1028655,-0.0874269,-0.59666026","0.07401836,0.9390855,0.9457332","-0.13138627,0.5196729,0.41020307,0.7602132,-0.3265924,-0.24795148,0.1028655,-0.0874269,-0.59666026",0.0
"-0.13138627,0.5196729,0.41020307,0.7602132,-0.3265924,-0.24795148,0.1028655,-0.0874269,-0.59666026","-0.6711886,0.93494153,0.95605063","-0.1954799,0.64822257,0.51291215,0.52104586,-0.36028898,-0.5667371,0.1028655,-0.0874269,-0.59666026",0.0
"-0.1954799,0.64822257,0.51291215,0.52104586,-0.36028898,-0.5667371,0.1028655,-0.0874269,-0.59666026","-0.6008187,0.86274934,0.96338534","-0.25285372,0.76684624,0.6164092,0.26091725,-0.25737673,-0.7156258,0.1028655,-0.0874269,-0.59666026",0.0
"-0.25285372,0.76684624,0.6164092,0.26091725,-0.25737673,-0.7156258,0.1028655,-0.0874269,-0.59666026","-0.33550614,0.49703383,0.95725226","-0.28489214,0.8351859,0.71924734,0.10500308,-0.12171896,-0.68683785,0.1028655,-0.0874269,-0.59666026",0.0
"-0.28489214,0.8351859,0.71924734,0.10500308,-0.12171896,-0.68683785,0.1028655,-0.0874269,-0.59666026","0.17131543,-0.39048684,0.57797766","-0.26853275,0.78149605,0.7813397,0.10440469,-0.10862047,-0.60269254,0.1028655,-0.0874269,-0.59666026",0.0
"-0.26853275,0.78149605,0.7813397,0.10440469,-0.10862047,-0.60269254,0.1028655,-0.0874269,-0.59666026","0.14197648,0.013734698,0.038187385","-0.25497502,0.78338456,0.7854422,0.10478848,-0.099797934,-0.5989923,0.1028655,-0.0874269,-0.59666026",0.0
"0.0,0.0,0.0,2.8652207e-07,0.005789075,0.993462,-0.1788889,-0.023976607,-0.40556052","0.42508495,-0.8940794,-0.9680653","0.04059252,-0.122931324,-0.10399987,-0.39349848,-0.04461828,0.88872933,-0.1788889,-0.023976607,-0.40556052",0.0
"0.04059252,-0.122931324,-0.10399987,-0.39349848,-0.04461828,0.88872933,-0.1788889,-0.023976607,-0.40556052","0.5401871,-0.7815201,-0.9581488","0.09217647,-0.23038633,-0.2069344,-0.65255165,-0.18839163,0.6293362,-0.1788889,-0.023976607,-0.40556052",0.0
"0.09217647,-0.23038633,-0.2069344,-0.65255165,-0.18839163,0.6293362,-0.1788889,-0.023976607,-0.40556052","0.34761596,-0.8099656,-0.950026","0.12537128,-0.34175244,-0.3089963,-0.7732028,-0.31505919,0.26678714,-0.1788889,-0.023976607,-0.40556052",0.0
"0.12537128,-0.34175244,-0.3089963,-0.7732028,-0.31505919,0.26678714,-0.1788889,-0.023976607,-0.40556052","-0.1875959,-0.8901773,-0.9569895","0.10745723,-0.4641473,-0.41180626,-0.7889568,-0.27080753,-0.13728987,-0.1788889,-0.023976607,-0.40556052",0.0
"0.10745723,-0.4641473,-0.41180626,-0.7889568,-0.27080753,-0.13728987,-0.1788889,-0.023976607,-0.40556052","-0.11888522,-0.8398695,-0.959181","0.09610455,-0.57962507,-0.5148516,-0.65457314,-0.19779864,-0.45741454,-0.1788889,-0.023976607,-0.40556052",0.0
"0.09610455,-0.57962507,-0.5148516,-0.65457314,-0.19779864,-0.45741454,-0.1788889,-0.023976607,-0.40556052","0.14046574,-0.20818174,-0.9688177","0.10951801,-0.608249,-0.6189323,-0.49387324,-0.17081118,-0.5415949,-0.1788889,-0.023976607,-0.40556052",0.0
"0.10951801,-0.608249,-0.6189323,-0.49387324,-0.17081118,-0.5415949,-0.1788889,-0.023976607,-0.40556052","0.010763407,-0.14853448,-0.97215337","0.11054583,-0.62867177,-0.7233714,-0.34107006,-0.117296904,-0.5502851,-0.1788889,-0.023976607,-0.40556052",0.0
"0.11054583,-0.62867177,-0.7233714,-0.34107006,-0.117296904,-0.5502851,-0.1788889,-0.023976607,-0.40556052","-0.15910053,0.0712316,-0.92662495","0.09535289,-0.6188779,-0.82291925,-0.23056857,-0.06515285,-0.48588678,-0.1788889,-0.023976607,-0.40556052",0.0
"0.09535289,-0.6188779,-0.82291925,-0.23056857,-0.06515285,-0.48588678,-0.1788889,-0.023976607,-0.40556052","-0.22419673,0.3450178,-0.5979959","0.07394373,-0.57143974,-0.8871623,-0.18947324,-0.038874675,-0.40885997,-0.1788889,-0.023976607,-0.40556052",0.0
"0.07394373,-0.57143974,-0.8871623,-0.18947324,-0.038874675,-0.40885997,-0.1788889,-0.023976607,-0.40556052","-0.17278391,-0.044375837,-0.06729227","0.05744411,-0.57754123,-0.89439154,-0.17964709,-0.026891772,-0.40528375,-0.1788889,-0.023976607,-0.40556052",0.0
"0.0,0.0,0.0,2.8652207e-07,0.005789075,0.993462,-0.2885965,-0.45233917,-0.75788224","0.8000474,-0.9479372,-0.95750636","0.076398715,-0.1303365,-0.10286552,-0.39879176,-0.09163688,0.882406,-0.2885965,-0.45233917,-0.75788224",0.0
"0.076398715,-0.1303365,-0.10286552,-0.39879176,-0.09163688,0.882406,-0.2885965,-0.45233917,-0.75788224","0.8589914,-0.94321316,-0.9607578","0.15842617,-0.26002347,-0.20608032,-0.6358148,-0.33887202,0.57992244,-0.2885965,-0.45233917,-0.75788224",0.0
"0.15842617,-0.26002347,-0.20608032,-0.6358148,-0.33887202,0.57992244,-0.2885965,-0.45233917,-0.75788224","0.8031776,-0.91113406,-0.9662034","0.2351238,-0.38529974,-0.30988014,-0.64243716,-0.57720125,0.17513059,-0.2885965,-0.45233917,-0.75788224",0.0
"0.2351238,-0.38529974,-0.30988014,-0.64243716,-0.57720125,0.17513059,-0.2885965,-0.45233917,-0.75788224","0.57762194,-0.9107545,-0.92871815","0.2902825,-0.51052386,-0.4096529,-0.51272,-0.6527529,-0.22879788,-0.2885965,-0.45233917,-0.75788224",0.0
"0.2902825,-0.51052386,-0.4096529,-0.51272,-0.6527529,-0.22879788,-0.2885965,-0.45233917,-0.75788224","0.23811865,-0.9148496,-0.8822636","0.3130211,-0.636311,-0.504435,-0.3677457,-0.5418817,-0.54385966,-0.2885965,-0.45233917,-0.75788224",0.0
"0.3130211,-0.636311,-0.504435,-0.3677457,-0.5418817,-0.54385966,-0.2885965,-0.45233917,-0.75788224","0.063450575,-0.6871743,-0.22891116","0.31908014,-0.73079395,-0.529027,-0.2895488,-0.44260103,-0.68868876,-0.2885965,-0.45233917,-0.75788224",0.0
"0.31908014,-0.73079395,-0.529027,-0.2895488,-0.44260103,-0.68868876,-0.2885965,-0.45233917,-0.75788224","0.046626925,-0.41788334,0.43883812","0.3235327,-0.78825086,-0.48188233,-0.2821675,-0.44473088,-0.75738627,-0.2885965,-0.45233917,-0.75788224",0.0
"0.0,0.0,0.0,2.8652207e-07,0.005789075,0.993462,-0.7736258,-0.12321637,-0.06984476","0.32490063,-0.94543487,-0.94205916","0.031025646,-0.12999244,-0.101206005,-0.40515298,-0.03379907,0.8841439,-0.7736258,-0.12321637,-0.06984476",0.0
"0.031025646,-0.12999244,-0.101206005,-0.40515298,-0.03379907,0.8841439,-0.7736258,-0.12321637,-0.06984476","0.26895452,-0.9138493,-0.86487794","0.056708846,-0.25564203,-0.19412039,-0.69696563,-0.119617105,0.604365,-0.7736258,-0.12321637,-0.06984476",0.0
"0.056708846,-0.25564203,-0.19412039,-0.69696563,-0.119617105,0.604365,-0.7736258,-0.12321637,-0.06984476","-0.10022032,-0.89243066,-0.79732764","0.04713853,-0.37834668,-0.27977777,-0.8542367,-0.12158359,0.23657553,-0.7736258,-0.12321637,-0.06984476",0.0
"0.04713853,-0.37834668,-0.27977777,-0.8542367,-0.12158359,0.23657553,-0.7736258,-0.12321637,-0.06984476","0.1203351,-0.6617197,-0.7039057","0.05862966,-0.4693298,-0.35539877,-0.8595563,-0.15424834,-0.07169564,-0.7736258,-0.12321637,-0.06984476",0.0
"0.05862966,-0.4693298,-0.35539877,-0.8595563,-0.15424834,-0.07169564,-0.7736258,-0.12321637,-0.06984476","0.06332612,0.17874181,-0.57095623","0.06467684,-0.44475377,-0.41673693,-0.81455237,-0.16191255,-0.10436022,-0.7736258,-0.12321637,-0.06984476",0.0
"0.06467684,-0.44475377,-0.41673693,-0.81455237,-0.16191255,-0.10436022,-0.7736258,-0.12321637,-0.06984476","-0.082915306,0.22064602,-0.32156503","0.056759033,-0.41441613,-0.45128286,-0.7911299,-0.13670126,-0.08906221,-0.7736258,-0.12321637,-0.06984476",0.0
"0.056759033,-0.41441613,-0.45128286,-0.7911299,-0.13670126,-0.08906221,-0.7736258,-0.12321637,-0.06984476","-0.05833417,0.08110356,-0.11458433","0.051188543,-0.40326485,-0.46359274,-0.78315663,-0.121174455,-0.083238475,-0.7736258,-0.12321637,-0.06984476",0.0
