state,action,next_state,reward
"0.0,0.0,0.0,2.8652207e-07,0.005789075,0.993462,0.1966082,0.752807,-0.23054375","-0.8596019,-0.9976402,-0.9680847","-0.08208575,-0.13717039,-0.104001954,-0.40827128,0.11366996,0.8744905,0.1966082,0.752807,-0.23054375",0.0
"-0.08208575,-0.13717039,-0.104001954,-0.40827128,0.11366996,0.8744905,0.1966082,0.752807,-0.23054375","-0.9697787,-0.9936094,-0.9800471","-0.17469259,-0.2737866,-0.20928901,-0.6288139,0.3912898,0.5507978,0.1966082,0.752807,-0.23054375",0.0
"-0.17469259,-0.2737866,-0.20928901,-0.6288139,0.3912898,0.5507978,0.1966082,0.752807,-0.23054375","-0.99142647,-0.98253924,-0.8131666","-0.26936662,-0.4088807,-0.29664803,-0.5783078,0.6620736,0.1454502,0.1966082,0.752807,-0.23054375",0.0
"-0.26936662,-0.4088807,-0.29664803,-0.5783078,0.6620736,0.1454502,0.1966082,0.752807,-0.23054375","-0.98965174,-0.66161764,-0.3442729","-0.3638712,-0.49984977,-0.33363345,-0.363092,0.81058,-0.10666179,0.1966082,0.752807,-0.23054375",0.0
"-0.3638712,-0.49984977,-0.33363345,-0.363092,0.81058,-0.10666179,0.1966082,0.752807,-0.23054375","-0.9645885,0.55679345,-0.80319166","-0.45598236,-0.4232936,-0.4199208,-0.1082299,0.81968164,-0.065228984,0.1966082,0.752807,-0.23054375",0.0
"-0.45598236,-0.4232936,-0.4199208,-0.1082299,0.81968164,-0.065228984,0.1966082,0.752807,-0.23054375","-0.85819536,0.008851767,-0.8119327","-0.53793377,-0.42207658,-0.50714725,0.095353514,0.74761826,-0.17134498,0.1966082,0.752807,-0.23054375",0.0
"-0.53793377,-0.42207658,-0.50714725,0.095353514,0.74761826,-0.17134498,0.1966082,0.752807,-0.23054375","-0.65414464,-0.045531034,-0.37144625","-0.60039985,-0.42833692,-0.54705197,0.2262602,0.6747188,-0.22460128,0.1966082,0.752807,-0.23054375",0.0
"-0.60039985,-0.42833692,-0.54705197,0.2262602,0.6747188,-0.22460128,0.1966082,0.752807,-0.23054375","0.1263349,-0.4066307,0.52639055","-0.5883358,-0.4842466,-0.49050152,0.2132829,0.7275699,-0.2682177,0.1966082,0.752807,-0.23054375",0.0
"-0.5883358,-0.4842466,-0.49050152,0.2132829,0.7275699,-0.2682177,0.1966082,0.752807,-0.23054375","-0.04533589,-0.024768114,0.33790612","-0.5926651,-0.48765215,-0.45420003,0.23342119,0.75885177,-0.23555031,0.1966082,0.752807,-0.23054375",0.0
"-0.5926651,-0.48765215,-0.45420003,0.23342119,0.75885177,-0.23555031,0.1966082,0.752807,-0.23054375","-0.008162379,-0.17923313,0.20685792","-0.59344447,-0.51229584,-0.43197715,0.2396517,0.77274436,-0.25853044,0.1966082,0.752807,-0.23054375",0.0
"-0.59344447,-0.51229584,-0.43197715,0.2396517,0.77274436,-0.25853044,0.1966082,0.752807,-0.23054375","0.049793005,-0.032637715,0.20480514","-0.5886896,-0.5167834,-0.4099748,0.23338138,0.7947619,-0.24184486,0.1966082,0.752807,-0.23054375",0.0
"-0.5886896,-0.5167834,-0.4099748,0.23338138,0.7947619,-0.24184486,0.1966082,0.752807,-0.23054375","0.10789096,0.084344625,-0.11901528","-0.5783868,-0.50518656,-0.4227607,0.20537421,0.7932842,-0.23371549,0.1966082,0.752807,-0.23054375",0.0
"-0.5783868,-0.50518656,-0.4227607,0.20537421,0.7932842,-0.23371549,0.1966082,0.752807,-0.23054375","-0.03406751,0.20189834,-0.3244347","-0.58164,-0.47742662,-0.45761493,0.2067287,0.7654349,-0.21964197,0.1966082,0.752807,-0.23054375",0.0
"-0.58164,-0.47742662,-0.45761493,0.2067287,0.7654349,-0.21964197,0.1966082,0.752807,-0.23054375","-0.100063205,-0.055801928,-0.106652975","-0.59119534,-0.48509914,-0.46907273,0.22596352,0.7465096,-0.24716027,0.1966082,0.752807,-0.23054375",0.0
"-0.59119534,-0.48509914,-0.46907273,0.22596352,0.7465096,-0.24716027,0.1966082,0.752807,-0.23054375","-0.023390532,-0.12923324,0.26154065","-0.5934289,-0.5028681,-0.44097525,0.23784779,0.7669118,-0.25021908,0.1966082,0.752807,-0.23054375",0.0
"-0.5934289,-0.5028681,-0.44097525,0.23784779,0.7669118,-0.25021908,0.1966082,0.752807,-0.23054375","0.03271854,-0.09328121,0.21556461","-0.59030455,-0.51569384,-0.41781703,0.23548527,0.7869649,-0.24892433,0.1966082,0.752807,-0.23054375",0.0
"-0.59030455,-0.51569384,-0.41781703,0.23548527,0.7869649,-0.24892433,0.1966082,0.752807,-0.23054375","0.083800435,0.045880556,0.0027366877","-0.5823022,-0.5093856,-0.41752303,0.21608964,0.794377,-0.23592387,0.1966082,0.752807,-0.23054375",0.0
"-0.5823022,-0.5093856,-0.41752303,0.21608964,0.794377,-0.23592387,0.1966082,0.752807,-0.23054375","0.051569343,0.17038977,-0.2765975","-0.5773777,-0.48595792,-0.44723803,0.19840468,0.7759733,-0.22430325,0.1966082,0.752807,-0.23054375",0.0
"-0.5773777,-0.48595792,-0.44723803,0.19840468,0.7759733,-0.22430325,0.1966082,0.752807,-0.23054375","-0.06941676,0.09018147,-0.25269842","-0.5840065,-0.4735585,-0.47438556,0.2083818,0.7489573,-0.23106259,0.1966082,0.752807,-0.23054375",0.0
"0.0,0.0,0.0,2.8652207e-07,0.005789075,0.993462,0.42584798,-0.06520468,0.30614382","0.2933271,0.9904324,0.9779774","0.028010614,0.13617936,0.10506473,0.42092788,0.042948253,0.874591,0.42584798,-0.06520468,0.30614382",0.0
"0.028010614,0.13617936,0.10506473,0.42092788,0.042948253,0.874591,0.42584798,-0.06520468,0.30614382","-0.88311905,0.7779403,0.98740304","-0.05632084,0.24314217,0.21114206,0.6901946,-0.11753073,0.6020216,0.42584798,-0.06520468,0.30614382",0.0
"-0.05632084,0.24314217,0.21114206,0.6901946,-0.11753073,0.6020216,0.42584798,-0.06520468,0.30614382","-0.14201671,-0.42165983,0.9876957","-0.0698824,0.18516614,0.31725085,0.6597331,-0.14128037,0.5449432,0.42584798,-0.06520468,0.30614382",0.0
"-0.0698824,0.18516614,0.31725085,0.6597331,-0.14128037,0.5449432,0.42584798,-0.06520468,0.30614382","0.19247901,-0.45676363,0.9819237","-0.051502053,0.12236351,0.42273954,0.6193218,-0.09522337,0.48366225,0.42584798,-0.06520468,0.30614382",0.0
"-0.051502053,0.12236351,0.42273954,0.6193218,-0.09522337,0.48366225,0.42584798,-0.06520468,0.30614382","0.07662201,-0.42403483,0.9614575","-0.044185206,0.06406091,0.5260295,0.56381863,-0.0729259,0.40790424,0.42584798,-0.06520468,0.30614382",0.0
"-0.044185206,0.06406091,0.5260295,0.56381863,-0.0729259,0.40790424,0.42584798,-0.06520468,0.30614382","0.024110675,-0.5138594,0.90059686","-0.041882813,-0.0065921033,0.6227813,0.4835306,-0.05815222,0.3487149,0.42584798,-0.06520468,0.30614382",0.0
"-0.041882813,-0.0065921033,0.6227813,0.4835306,-0.05815222,0.3487149,0.42584798,-0.06520468,0.30614382","0.00039458275,-0.45516968,0.6125519","-0.04184513,-0.069175586,0.68858814,0.41278994,-0.048740517,0.31651664,0.42584798,-0.06520468,0.30614382",0.0
"-0.04184513,-0.069175586,0.68858814,0.41278994,-0.048740517,0.31651664,0.42584798,-0.06520468,0.30614382","-0.09055978,0.12627006,-0.13103724","-0.05049293,-0.05181411,0.6745108,0.4297761,-0.0628895,0.32005396,0.42584798,-0.06520468,0.30614382",0.0
"0.0,0.0,0.0,2.8652207e-07,0.005789075,0.993462,-0.75859654,-0.12070175,0.32791466","-0.22606361,-0.7200366,-0.9698807","-0.021587439,-0.09900133,-0.104194894,-0.34748706,0.029404815,0.91031337,-0.75859654,-0.12070175,0.32791466",0.0
"-0.021587439,-0.09900133,-0.104194894,-0.34748706,0.029404815,0.91031337,-0.75859654,-0.12070175,0.32791466","0.44649136,-0.94965816,-0.8298516","0.021049244,-0.22957446,-0.1933464,-0.66763544,-0.038412325,0.64917946,-0.75859654,-0.12070175,0.32791466",0.0
"0.021049244,-0.22957446,-0.1933464,-0.66763544,-0.038412325,0.64917946,-0.75859654,-0.12070175,0.32791466","0.376271,-0.84106755,-0.87103075","0.056980394,-0.34521693,-0.28692177,-0.8255732,-0.14350115,0.29416817,-0.75859654,-0.12070175,0.32791466",0.0
"0.056980394,-0.34521693,-0.28692177,-0.8255732,-0.14350115,0.29416817,-0.75859654,-0.12070175,0.32791466","0.06949258,0.556725,-0.44530785","0.063616425,-0.26867014,-0.33476147,-0.7585178,-0.14773953,0.37005174,-0.75859654,-0.12070175,0.32791466",0.0
"0.063616425,-0.26867014,-0.33476147,-0.7585178,-0.14773953,0.37005174,-0.75859654,-0.12070175,0.32791466","-0.11966735,-0.091472924,-0.24769652","0.052189056,-0.28124723,-0.36137167,-0.774318,-0.122236915,0.3046409,-0.75859654,-0.12070175,0.32791466",0.0
"0.052189056,-0.28124723,-0.36137167,-0.774318,-0.122236915,0.3046409,-0.75859654,-0.12070175,0.32791466","0.050801396,0.17014182,0.011076689","0.057040215,-0.25785363,-0.3601817,-0.752382,-0.13040335,0.35065958,-0.75859654,-0.12070175,0.32791466",0.0
"0.057040215,-0.25785363,-0.3601817,-0.752382,-0.13040335,0.35065958,-0.75859654,-0.12070175,0.32791466","-0.020650268,-0.1608665,0.024919033","0.05506826,-0.27997196,-0.35750464,-0.7723745,-0.12909502,0.3131077,-0.75859654,-0.12070175,0.32791466",0.0
"0.05506826,-0.27997196,-0.35750464,-0.7723745,-0.12909502,0.3131077,-0.75859654,-0.12070175,0.32791466","0.027636766,0.14189887,-0.024872124","0.057707366,-0.26046166,-0.36017665,-0.75444096,-0.1324077,0.34580263,-0.75859654,-0.12070175,0.32791466",0.0
"0.057707366,-0.26046166,-0.36017665,-0.75444096,-0.1324077,0.34580263,-0.75859654,-0.12070175,0.32791466","-0.026671827,-0.1153065,0.0095380545","0.055160392,-0.27631572,-0.359152,-0.76920855,-0.12877066,0.31750783,-0.75859654,-0.12070175,0.32791466",0.0
"0.0,0.0,0.0,2.8652207e-07,0.005789075,0.993462,-0.077251464,-0.8618713,-0.0990687","0.98957205,-0.930227,-0.88770306","0.094496936,-0.12790142,-0.0953665,-0.37988326,-0.11015668,0.8909986,-0.077251464,-0.8618713,-0.0990687",0.0
"0.094496936,-0.12790142,-0.0953665,-0.37988326,-0.11015668,0.8909986,-0.077251464,-0.8618713,-0.0990687","0.98800707,-0.946021,-0.9563535","0.18884444,-0.25797448,-0.19810815,-0.59429973,-0.39375806,0.5947555,-0.077251464,-0.8618713,-0.0990687",0.0
"0.18884444,-0.25797448,-0.19810815,-0.59429973,-0.39375806,0.5947555,-0.077251464,-0.8618713,-0.0990687","0.98962116,-0.886538,-0.9267198","0.2833461,-0.3798689,-0.29766622,-0.5471157,-0.66648966,0.2055072,-0.077251464,-0.8618713,-0.0990687",0.0
"0.2833461,-0.3798689,-0.29766622,-0.5471157,-0.66648966,0.2055072,-0.077251464,-0.8618713,-0.0990687","0.97629976,-0.69523907,-0.8963404","0.3765756,-0.47546074,-0.39396065,-0.3257397,-0.7822427,-0.13718224,-0.077251464,-0.8618713,-0.0990687",0.0
"0.3765756,-0.47546074,-0.39396065,-0.3257397,-0.7822427,-0.13718224,-0.077251464,-0.8618713,-0.0990687","0.87659264,0.31947792,-0.09930086","0.46028385,-0.4315342,-0.4046286,-0.110046364,-0.83090097,-0.06116652,-0.077251464,-0.8618713,-0.0990687",0.0
"0.46028385,-0.4315342,-0.4046286,-0.110046364,-0.83090097,-0.06116652,-0.077251464,-0.8618713,-0.0990687","0.2634418,-0.16297376,-0.06894225","0.48544064,-0.45394233,-0.4120351,-0.04391983,-0.8329889,-0.11682394,-0.077251464,-0.8618713,-0.0990687",0.0
"0.48544064,-0.45394233,-0.4120351,-0.04391983,-0.8329889,-0.11682394,-0.077251464,-0.8618713,-0.0990687","0.013513923,-0.12160778,0.3581314","0.4867311,-0.47066286,-0.37356085,-0.041696023,-0.86082166,-0.09975799,-0.077251464,-0.8618713,-0.0990687",0.0
"0.4867311,-0.47066286,-0.37356085,-0.041696023,-0.86082166,-0.09975799,-0.077251464,-0.8618713,-0.0990687","-0.07614523,-0.044707835,0.108961105","0.4794598,-0.47681,-0.36185506,-0.061858747,-0.8675527,-0.09661592,-0.077251464,-0.8618713,-0.0990687",0.0
"0.0,0.0,0.0,2.8652207e-07,0.005789075,0.993462,-0.8259649,-0.13192981,0.33098742","-0.34777546,-0.66190994,-0.97364616","-0.03321004,-0.09100921,-0.104599416,-0.3306739,0.040446453,0.916657,-0.8259649,-0.13192981,0.33098742",0.0
"-0.03321004,-0.09100921,-0.104599416,-0.3306739,0.040446453,0.916657,-0.8259649,-0.13192981,0.33098742","0.3942337,-0.9417021,-0.83737504","0.004436416,-0.22048841,-0.19455917,-0.6558793,-0.0033522062,0.6622332,-0.8259649,-0.13192981,0.33098742",0.0
"0.004436416,-0.22048841,-0.19455917,-0.6558793,-0.0033522062,0.6622332,-0.8259649,-0.13192981,0.33098742","0.64392376,-0.92658526,-0.6525537","0.065926455,-0.34788913,-0.2646634,-0.8220395,-0.1668175,0.32340866,-0.8259649,-0.13192981,0.33098742",0.0
"0.065926455,-0.34788913,-0.2646634,-0.8220395,-0.1668175,0.32340866,-0.8259649,-0.13192981,0.33098742","-0.1497261,0.18602777,-0.13616931","0.0516287,-0.3223113,-0.27929217,-0.8078532,-0.12632608,0.35232678,-0.8259649,-0.13192981,0.33098742",0.0
"0.0516287,-0.3223113,-0.27929217,-0.8078532,-0.12632608,0.35232678,-0.8259649,-0.13192981,0.33098742","0.061721325,-0.17918688,0.066295624","0.057522632,-0.34694862,-0.27216998,-0.82602,-0.14503366,0.31363913,-0.8259649,-0.13192981,0.33098742",0.0
"0.057522632,-0.34694862,-0.27216998,-0.82602,-0.14503366,0.31363913,-0.8259649,-0.13192981,0.33098742","-0.0024845004,0.12236333,0.03834772","0.057285376,-0.33012432,-0.26805028,-0.8110883,-0.14168179,0.35415846,-0.8259649,-0.13192981,0.33098742",0.0
"0.057285376,-0.33012432,-0.26805028,-0.8110883,-0.14168179,0.35415846,-0.8259649,-0.13192981,0.33098742","-0.022795022,-0.1538772,0.026664972","0.05510861,-0.35128164,-0.26518565,-0.8301355,-0.13929689,0.31564203,-0.8259649,-0.13192981,0.33098742",0.0
"0.0,0.0,0.0,2.8652207e-07,0.005789075,0.993462,0.6819298,-0.24023391,0.53209","-0.7777108,0.9127538,0.9346461","-0.07426573,0.12549897,0.10040962,0.38735554,-0.086100996,0.88920677,0.6819298,-0.24023391,0.53209",0.0
"-0.07426573,0.12549897,0.10040962,0.38735554,-0.086100996,0.88920677,0.6819298,-0.24023391,0.53209","-0.5650919,0.53087986,0.9629302","-0.1282279,0.19849223,0.20385784,0.58069545,-0.24116802,0.6843821,0.6819298,-0.24023391,0.53209",0.0
"-0.1282279,0.19849223,0.20385784,0.58069545,-0.24116802,0.6843821,0.6819298,-0.24023391,0.53209","-0.24759382,0.52045286,0.20930052","-0.15187132,0.2700518,0.22634314,0.66390747,-0.33669227,0.5327377,0.6819298,-0.24023391,0.53209",0.0
"-0.15187132,0.2700518,0.22634314,0.66390747,-0.33669227,0.5327377,0.6819298,-0.24023391,0.53209","0.49722302,-0.16737759,0.21949327","-0.10439013,0.24703829,0.24992345,0.6892034,-0.22837773,0.53933346,0.6819298,-0.24023391,0.53209",0.0
"0.0,0.0,0.0,2.8652207e-07,0.005789075,0.993462,-0.8653217,-0.0057894737,-0.0990687","-0.35062337,-0.936075,-0.96343523","-0.033481993,-0.12870549,-0.10350246,-0.40385008,0.048458274,0.8834918,-0.8653217,-0.0057894737,-0.0990687",0.0
"-0.033481993,-0.12870549,-0.10350246,-0.40385008,0.048458274,0.8834918,-0.8653217,-0.0057894737,-0.0990687","0.1954428,-0.98204297,-0.80426353","-0.014818627,-0.26373136,-0.18990499,-0.71477145,0.039094973,0.5961988,-0.8653217,-0.0057894737,-0.0990687",0.0
"-0.014818627,-0.26373136,-0.18990499,-0.71477145,0.039094973,0.5961988,-0.8653217,-0.0057894737,-0.0990687","0.07977605,-0.943892,-0.8878173","-0.0072005964,-0.39351168,-0.28528374,-0.8719019,0.025517737,0.19590007,-0.8653217,-0.0057894737,-0.0990687",0.0
"-0.0072005964,-0.39351168,-0.28528374,-0.8719019,0.025517737,0.19590007,-0.8653217,-0.0057894737,-0.0990687","0.15431702,-0.7739451,-0.90075076","0.0075355577,-0.4999252,-0.38205197,-0.8545445,-0.014442617,-0.17239147,-0.8653217,-0.0057894737,-0.0990687",0.0
"0.0075355577,-0.4999252,-0.38205197,-0.8545445,-0.014442617,-0.17239147,-0.8653217,-0.0057894737,-0.0990687","-8.511543e-05,0.29002476,0.27994835","0.0075274277,-0.46004838,-0.35197693,-0.87409395,-0.014883296,-0.0470599,-0.8653217,-0.0057894737,-0.0990687",0.0
"0.0075274277,-0.46004838,-0.35197693,-0.87409395,-0.014883296,-0.0470599,-0.8653217,-0.0057894737,-0.0990687","-0.021457374,-0.11511505,-0.2902574","0.0054784026,-0.47587618,-0.38315946,-0.8552075,-0.008930128,-0.12369025,-0.8653217,-0.0057894737,-0.0990687",0.0
"0.0054784026,-0.47587618,-0.38315946,-0.8552075,-0.008930128,-0.12369025,-0.8653217,-0.0057894737,-0.0990687","0.008592963,0.05276501,0.16446733","0.0062989667,-0.46862134,-0.36549062,-0.86691433,-0.011366747,-0.0843139,-0.8653217,-0.0057894737,-0.0990687",0.0
"0.0,0.0,0.0,2.8652207e-07,0.005789075,0.993462,0.38163745,-0.19994152,0.30614382","-0.34813952,0.9824786,0.9530314","-0.033244792,0.13508576,0.10238476,0.41615972,-0.03780235,0.8780248,0.38163745,-0.19994152,0.30614382",0.0
"-0.033244792,0.13508576,0.10238476,0.41615972,-0.03780235,0.8780248,0.38163745,-0.19994152,0.30614382","-0.8808457,0.5706701,0.98129106","-0.11735917,0.21354999,0.20780548,0.6128638,-0.23058155,0.6555424,0.38163745,-0.19994152,0.30614382",0.0
"-0.11735917,0.21354999,0.20780548,0.6128638,-0.23058155,0.6555424,0.38163745,-0.19994152,0.30614382","-0.5295223,-0.054511607,0.97782135","-0.1679247,0.20605493,0.31285346,0.6073239,-0.3471466,0.51655483,0.38163745,-0.19994152,0.30614382",0.0
"-0.1679247,0.20605493,0.31285346,0.6073239,-0.3471466,0.51655483,0.38163745,-0.19994152,0.30614382","0.16635251,-0.26180565,0.9731717","-0.15203924,0.17005801,0.41740194,0.60556495,-0.30693516,0.41597238,0.38163745,-0.19994152,0.30614382",0.0
"-0.15203924,0.17005801,0.41740194,0.60556495,-0.30693516,0.41597238,0.38163745,-0.19994152,0.30614382","0.020068169,-0.57425225,0.9604776","-0.15012288,0.091101296,0.52058667,0.5334858,-0.26558578,0.37797612,0.38163745,-0.19994152,0.30614382",0.0
"-0.15012288,0.091101296,0.52058667,0.5334858,-0.26558578,0.37797612,0.38163745,-0.19994152,0.30614382","-0.005678296,-0.583884,0.89700365","-0.15066512,0.010820262,0.6169524,0.45120192,-0.2245837,0.3366447,0.38163745,-0.19994152,0.30614382",0.0
"-0.15066512,0.010820262,0.6169524,0.45120192,-0.2245837,0.3366447,0.38163745,-0.19994152,0.30614382","0.022739887,-0.49479586,0.6398444","-0.14849363,-0.05721162,0.6856913,0.3835433,-0.1866627,0.30865055,0.38163745,-0.19994152,0.30614382",0.0
"0.0,0.0,0.0,2.8652207e-07,0.005789075,0.993462,0.5932749,-0.20976608,0.18931343","-0.7172797,0.9926708,0.971611","-0.068495,0.13648713,0.10438079,0.41435993,-0.084639795,0.87486726,0.5932749,-0.20976608,0.18931343",0.0
"-0.068495,0.13648713,0.10438079,0.41435993,-0.084639795,0.87486726,0.5932749,-0.20976608,0.18931343","-0.7821085,0.91208863,0.9882693","-0.14318068,0.2618946,0.21055116,0.6558802,-0.31024894,0.57024884,0.5932749,-0.20976608,0.18931343",0.0
"-0.14318068,0.2618946,0.21055116,0.6558802,-0.31024894,0.57024884,0.5932749,-0.20976608,0.18931343","0.048679233,0.59913063,0.9633192","-0.13853218,0.34427202,0.31404114,0.7609026,-0.34739316,0.25378516,0.5932749,-0.20976608,0.18931343",0.0
"-0.13853218,0.34427202,0.31404114,0.7609026,-0.34739316,0.25378516,0.5932749,-0.20976608,0.18931343","0.40007162,-0.6402604,0.94247377","-0.10032824,0.25623953,0.41529167,0.72116023,-0.22905281,0.26794034,0.5932749,-0.20976608,0.18931343",0.0
"-0.10032824,0.25623953,0.41529167,0.72116023,-0.22905281,0.26794034,0.5932749,-0.20976608,0.18931343","-0.16533852,-0.44663572,0.8643445","-0.11611686,0.19482946,0.5081487,0.64221066,-0.23905306,0.23443356,0.5932749,-0.20976608,0.18931343",0.0
"-0.11611686,0.19482946,0.5081487,0.64221066,-0.23905306,0.23443356,0.5932749,-0.20976608,0.18931343","0.12769258,-0.33431995,0.541886","-0.10392314,0.14886221,0.56636393,0.5983924,-0.19650452,0.2215151,0.5932749,-0.20976608,0.18931343",0.0
"-0.10392314,0.14886221,0.56636393,0.5983924,-0.19650452,0.2215151,0.5932749,-0.20976608,0.18931343","-0.059790373,-0.004881501,0.023772359","-0.10963269,0.14819103,0.5689179,0.5932405,-0.2066564,0.21878429,0.5932749,-0.20976608,0.18931343",0.0
"-0.10963269,0.14819103,0.5689179,0.5932405,-0.2066564,0.21878429,0.5932749,-0.20976608,0.18931343","-0.007661402,0.03582239,-0.02720952","-0.1103643,0.15311645,0.5659948,0.597083,-0.2095799,0.21550712,0.5932749,-0.20976608,0.18931343",0.0
"-0.1103643,0.15311645,0.5659948,0.597083,-0.2095799,0.21550712,0.5932749,-0.20976608,0.18931343","0.010775447,0.0014281273,0.011338115","-0.109335326,0.15331282,0.5672129,0.5973345,-0.20749779,0.21341546,0.5932749,-0.20976608,0.18931343",0.0
"-0.109335326,0.15331282,0.5672129,0.5973345,-0.20749779,0.21341546,0.5932749,-0.20976608,0.18931343","0.00021231174,-0.004367709,0.015499353","-0.10931505,0.1527123,0.568878,0.5962335,-0.20706142,0.2118987,0.5932749,-0.20976608,0.18931343",0.0
"-0.10931505,0.1527123,0.568878,0.5962335,-0.20706142,0.2118987,0.5932749,-0.20976608,0.18931343","-0.00040525198,0.00430727,0.0018379688","-0.10935375,0.15330453,0.56907547,0.5964772,-0.20722996,0.21069707,0.5932749,-0.20976608,0.18931343",0.0
"-0.10935375,0.15330453,0.56907547,0.5964772,-0.20722996,0.21069707,0.5932749,-0.20976608,0.18931343","6.7949295e-05,-0.00029200315,0.0065425634","-0.10934726,0.1532644,0.5697784,0.5961371,-0.20709462,0.20972985,0.5932749,-0.20976608,0.18931343",0.0
"-0.10934726,0.1532644,0.5697784,0.5961371,-0.20709462,0.20972985,0.5932749,-0.20976608,0.18931343","-0.00012898445,0.0015207529,0.002855301","-0.10935957,0.15347351,0.5700852,0.5961145,-0.20711237,0.20895901,0.5932749,-0.20976608,0.18931343",0.0
"-0.10935957,0.15347351,0.5700852,0.5961145,-0.20711237,0.20895901,0.5932749,-0.20976608,0.18931343","-1.7762184e-05,0.0004080534,0.0033824444","-0.10936127,0.15352963,0.57044864,0.5959804,-0.20706797,0.2083409,0.5932749,-0.20976608,0.18931343",0.0
"0.0,0.0,0.0,2.8652207e-07,0.005789075,0.993462,0.40736845,0.4510526,0.6657879","0.5464628,0.9372349,0.719818","0.052183233,0.12886497,0.07733049,0.3695829,0.06700554,0.9041103,0.40736845,0.4510526,0.6657879",0.0
"0.052183233,0.12886497,0.07733049,0.3695829,0.06700554,0.9041103,0.40736845,0.4510526,0.6657879","0.25137925,0.7554915,0.598814","0.07618813,0.23274118,0.14166145,0.61359394,0.15569454,0.7107409,0.40736845,0.4510526,0.6657879",0.0
"0.07618813,0.23274118,0.14166145,0.61359394,0.15569454,0.7107409,0.40736845,0.4510526,0.6657879","0.80455136,-0.43983674,0.8367224","0.15301695,0.1722659,0.23155108,0.5364965,0.28632468,0.68728745,0.40736845,0.4510526,0.6657879",0.0
"0.15301695,0.1722659,0.23155108,0.5364965,0.28632468,0.68728745,0.40736845,0.4510526,0.6657879","0.6253425,-0.60200155,0.8549626","0.21273261,0.089493796,0.3234003,0.421111,0.33985323,0.67834973,0.40736845,0.4510526,0.6657879",0.0
"0.21273261,0.089493796,0.3234003,0.421111,0.33985323,0.67834973,0.40736845,0.4510526,0.6657879","0.4518515,-0.08125442,0.2504797","0.25588116,0.07832173,0.35030952,0.3707147,0.39301708,0.655215,0.40736845,0.4510526,0.6657879",0.0
"0.25588116,0.07832173,0.35030952,0.3707147,0.39301708,0.655215,0.40736845,0.4510526,0.6657879","0.2597077,0.21258092,-0.38955772","0.28068137,0.10755051,0.30845916,0.351309,0.43562272,0.67486405,0.40736845,0.4510526,0.6657879",0.0
"0.28068137,0.10755051,0.30845916,0.351309,0.43562272,0.67486405,0.40736845,0.4510526,0.6657879","-0.06313461,0.4302752,-0.5226105","0.27465245,0.16671114,0.2523148,0.39487723,0.47022548,0.66753095,0.40736845,0.4510526,0.6657879",0.0
"0.27465245,0.16671114,0.2523148,0.39487723,0.47022548,0.66753095,0.40736845,0.4510526,0.6657879","-0.14988059,0.10163927,0.0235492","0.26033995,0.18068603,0.25484473,0.43115667,0.4685869,0.6427144,0.40736845,0.4510526,0.6657879",0.0
"0.26033995,0.18068603,0.25484473,0.43115667,0.4685869,0.6427144,0.40736845,0.4510526,0.6657879","-0.0871197,-0.20152766,0.22837603","0.25202063,0.15297702,0.27937934,0.42490104,0.43857133,0.650571,0.40736845,0.4510526,0.6657879",0.0
"0.25202063,0.15297702,0.27937934,0.42490104,0.43857133,0.650571,0.40736845,0.4510526,0.6657879","0.055191398,-0.23359847,0.27563298","0.25729102,0.12085844,0.3089908,0.39662254,0.42360416,0.6556174,0.40736845,0.4510526,0.6657879",0.0
"0.25729102,0.12085844,0.3089908,0.39662254,0.42360416,0.6556174,0.40736845,0.4510526,0.6657879","0.13158464,0.024753213,-0.0317477","0.2698564,0.12426188,0.30558017,0.38163823,0.44124153,0.6555923,0.40736845,0.4510526,0.6657879",0.0
"0.2698564,0.12426188,0.30558017,0.38163823,0.44124153,0.6555923,0.40736845,0.4510526,0.6657879","-0.03327036,0.18242598,-0.20411837","0.26667932,0.14934452,0.28365165,0.40236992,0.45556664,0.6499782,0.40736845,0.4510526,0.6657879",0.0
"0.0,0.0,0.0,2.8652207e-07,0.005789075,0.993462,-0.37725148,-0.8456725,-0.1823602","0.99663746,-0.9792023,0.1032716","0.09517163,-0.1346353,0.011094556,-0.262561,-0.0748716,0.95060766,-0.37725148,-0.8456725,-0.1823602",0.0
"0.09517163,-0.1346353,0.011094556,-0.262561,-0.0748716,0.95060766,-0.37725148,-0.8456725,-0.1823602","0.9951279,-0.9821185,-0.44859427","0.19019914,-0.26967156,-0.03709818,-0.49375823,-0.32900798,0.7719795,-0.37725148,-0.8456725,-0.1823602",0.0
"0.19019914,-0.26967156,-0.03709818,-0.49375823,-0.32900798,0.7719795,-0.37725148,-0.8456725,-0.1823602","0.994761,-0.9712119,-0.683732","0.2851916,-0.40320826,-0.11055191,-0.5322565,-0.6559213,0.44267118,-0.37725148,-0.8456725,-0.1823602",0.0
"0.2851916,-0.40320826,-0.11055191,-0.5322565,-0.6559213,0.44267118,-0.37725148,-0.8456725,-0.1823602","0.9773569,-0.9698112,-0.60503113","0.3785221,-0.5365523,-0.17555074,-0.36033946,-0.88237303,0.046902042,-0.37725148,-0.8456725,-0.1823602",0.0
"0.3785221,-0.5365523,-0.17555074,-0.36033946,-0.88237303,0.046902042,-0.37725148,-0.8456725,-0.1823602","-0.03938639,-0.60580575,-0.87779754","0.374761,-0.61984754,-0.26985303,-0.35517585,-0.8405579,-0.28338668,-0.37725148,-0.8456725,-0.1823602",0.0
"0.374761,-0.61984754,-0.26985303,-0.35517585,-0.8405579,-0.28338668,-0.37725148,-0.8456725,-0.1823602","-0.031842828,0.40788412,0.3463714","0.37172022,-0.56376565,-0.2326421,-0.3747887,-0.864333,-0.103312954,-0.37725148,-0.8456725,-0.1823602",0.0
"0.37172022,-0.56376565,-0.2326421,-0.3747887,-0.864333,-0.103312954,-0.37725148,-0.8456725,-0.1823602","-0.07515144,-0.19942617,-0.52112716","0.3645438,-0.59118575,-0.2886271,-0.37987292,-0.82410264,-0.24503852,-0.37725148,-0.8456725,-0.1823602",0.0
"0.3645438,-0.59118575,-0.2886271,-0.37987292,-0.82410264,-0.24503852,-0.37725148,-0.8456725,-0.1823602","0.05740273,0.29207122,0.17986536","0.37002537,-0.55102754,-0.269304,-0.37246802,-0.8463363,-0.12812293,-0.37725148,-0.8456725,-0.1823602",0.0
"0.37002537,-0.55102754,-0.269304,-0.37246802,-0.8463363,-0.12812293,-0.37725148,-0.8456725,-0.1823602","-0.04164505,-0.18252957,-0.29386067","0.36604857,-0.5761245,-0.3008736,-0.37389308,-0.82124084,-0.22832724,-0.37725148,-0.8456725,-0.1823602",0.0
"0.36604857,-0.5761245,-0.3008736,-0.37389308,-0.82124084,-0.22832724,-0.37725148,-0.8456725,-0.1823602","0.053609848,0.15975893,0.21057248","0.37116793,-0.5541585,-0.27825168,-0.36746612,-0.843089,-0.14803298,-0.37725148,-0.8456725,-0.1823602",0.0
"0.37116793,-0.5541585,-0.27825168,-0.36746612,-0.843089,-0.14803298,-0.37725148,-0.8456725,-0.1823602","-0.043087482,-0.13208055,-0.1619209","0.3670534,-0.572319,-0.2956469,-0.3730654,-0.8263992,-0.2128308,-0.37725148,-0.8456725,-0.1823602",0.0
"0.3670534,-0.572319,-0.2956469,-0.3730654,-0.8263992,-0.2128308,-0.37725148,-0.8456725,-0.1823602","0.03175819,0.113626,0.13683784","0.37008607,-0.55669606,-0.2809463,-0.36964965,-0.84026295,-0.15755773,-0.37725148,-0.8456725,-0.1823602",0.0
"0.37008607,-0.55669606,-0.2809463,-0.36964965,-0.84026295,-0.15755773,-0.37725148,-0.8456725,-0.1823602","-0.03028977,-0.08618206,-0.12450379","0.3671936,-0.5685457,-0.29432184,-0.37332729,-0.8279752,-0.20266068,-0.37725148,-0.8456725,-0.1823602",0.0
"0.3671936,-0.5685457,-0.29432184,-0.37332729,-0.8279752,-0.20266068,-0.37725148,-0.8456725,-0.1823602","0.024499655,0.0784322,0.09322679","0.36953312,-0.5577617,-0.28430638,-0.3702863,-0.83772665,-0.16469933,-0.37725148,-0.8456725,-0.1823602",0.0
"0.36953312,-0.5577617,-0.28430638,-0.3702863,-0.83772665,-0.16469933,-0.37725148,-0.8456725,-0.1823602","-0.020745099,-0.060981452,-0.081452906","0.3675521,-0.56614643,-0.2930569,-0.37288234,-0.82949907,-0.19559705,-0.37725148,-0.8456725,-0.1823602",0.0
"0.3675521,-0.56614643,-0.2930569,-0.37288234,-0.82949907,-0.19559705,-0.37725148,-0.8456725,-0.1823602","0.017142653,0.05200255,0.06522131","0.3691891,-0.5589964,-0.2860501,-0.37072644,-0.83625835,-0.16991413,-0.37725148,-0.8456725,-0.1823602",0.0
"0.0,0.0,0.0,2.8652207e-07,0.005789075,0.993462,0.20216376,-0.8219883,-0.31978464","0.30169773,-0.86323017,-0.9773276","0.028809939,-0.11868971,-0.10499492,-0.387743,-0.029377447,0.8919703,0.20216376,-0.8219883,-0.31978464",0.0
"0.028809939,-0.11868971,-0.10499492,-0.387743,-0.029377447,0.8919703,0.20216376,-0.8219883,-0.31978464","0.9683578,-0.87774765,-0.90985215","0.12128108,-0.23937552,-0.20274091,-0.64217955,-0.25101516,0.62011784,0.20216376,-0.8219883,-0.31978464",0.0
"0.12128108,-0.23937552,-0.20274091,-0.64217955,-0.25101516,0.62011784,0.20216376,-0.8219883,-0.31978464","0.98855996,-0.9319186,-0.7098192","0.21568139,-0.36750954,-0.27899724,-0.66982865,-0.53156257,0.26050073,0.20216376,-0.8219883,-0.31978464",0.0
"0.21568139,-0.36750954,-0.27899724,-0.66982865,-0.53156257,0.26050073,0.20216376,-0.8219883,-0.31978464","0.99626875,-0.92951673,-0.7700994","0.31081784,-0.49531338,-0.36172947,-0.49189302,-0.7174781,-0.13570742,0.20216376,-0.8219883,-0.31978464",0.0
"0.31081784,-0.49531338,-0.36172947,-0.49189302,-0.7174781,-0.13570742,0.20216376,-0.8219883,-0.31978464","0.99108815,-0.7841737,-0.11047882","0.40545958,-0.60313326,-0.37359825,-0.24863662,-0.7926038,-0.3751725,0.20216376,-0.8219883,-0.31978464",0.0
"0.40545958,-0.60313326,-0.37359825,-0.24863662,-0.7926038,-0.3751725,0.20216376,-0.8219883,-0.31978464","0.9705744,0.024105072,0.323295","0.49814236,-0.599819,-0.3388664,-0.010832968,-0.8646856,-0.32816532,0.20216376,-0.8219883,-0.31978464",0.0
"0.49814236,-0.599819,-0.3388664,-0.010832968,-0.8646856,-0.32816532,0.20216376,-0.8219883,-0.31978464","0.83989763,0.1114676,-0.15478241","0.5783465,-0.58449286,-0.35549477,0.20296891,-0.8316577,-0.31600496,0.20216376,-0.8219883,-0.31978464",0.0
"0.0,0.0,0.0,2.8652207e-07,0.005789075,0.993462,-0.07,-0.77491224,-0.23054375","0.99389434,-0.9589146,-0.76164156","0.09490969,-0.13184582,-0.08182363,-0.37160236,-0.108148225,0.89793485,-0.07,-0.77491224,-0.23054375",0.0
"0.09490969,-0.13184582,-0.08182363,-0.37160236,-0.108148225,0.89793485,-0.07,-0.77491224,-0.23054375","0.989347,-0.9661816,-0.9296137","0.18938515,-0.26469085,-0.18169262,-0.59282655,-0.3942234,0.6059247,-0.07,-0.77491224,-0.23054375",0.0
"0.18938515,-0.26469085,-0.18169262,-0.59282655,-0.3942234,0.6059247,-0.07,-0.77491224,-0.23054375","0.9900193,-0.936871,-0.8875667","0.2839248,-0.3935058,-0.27704445,-0.55269676,-0.6759051,0.20873965,-0.07,-0.77491224,-0.23054375",0.0
"0.2839248,-0.3935058,-0.27704445,-0.55269676,-0.6759051,0.20873965,-0.07,-0.77491224,-0.23054375","0.9779482,-0.86270267,-0.8867892","0.37731174,-0.51212305,-0.37231275,-0.32896405,-0.795402,-0.18525034,-0.07,-0.77491224,-0.23054375",0.0
"0.37731174,-0.51212305,-0.37231275,-0.32896405,-0.795402,-0.18525034,-0.07,-0.77491224,-0.23054375","0.9266434,0.12003255,-0.6637045","0.46579945,-0.4956192,-0.44361493,-0.09177953,-0.79695076,-0.23903206,-0.07,-0.77491224,-0.23054375",0.0
"0.46579945,-0.4956192,-0.44361493,-0.09177953,-0.79695076,-0.23903206,-0.07,-0.77491224,-0.23054375","0.12526953,0.2662921,-0.22257346","0.47776178,-0.45900548,-0.4675261,-0.06068981,-0.7843805,-0.19554916,-0.07,-0.77491224,-0.23054375",0.0
"0.47776178,-0.45900548,-0.4675261,-0.06068981,-0.7843805,-0.19554916,-0.07,-0.77491224,-0.23054375","0.0071493387,-0.15214324,-0.08653557","0.4784445,-0.47992444,-0.47682267,-0.058110807,-0.7712881,-0.24576111,-0.07,-0.77491224,-0.23054375",0.0
"0.4784445,-0.47992444,-0.47682267,-0.058110807,-0.7712881,-0.24576111,-0.07,-0.77491224,-0.23054375","0.010622263,0.02090609,0.15310645","0.47945884,-0.47705,-0.46037436,-0.056737803,-0.7882641,-0.22205994,-0.07,-0.77491224,-0.23054375",0.0
"0.47945884,-0.47705,-0.46037436,-0.056737803,-0.7882641,-0.22205994,-0.07,-0.77491224,-0.23054375","-0.01627034,-0.026160419,-0.016327977","0.47790512,-0.480647,-0.4621285,-0.060414582,-0.7855306,-0.23096398,-0.07,-0.77491224,-0.23054375",0.0
"0.0,0.0,0.0,2.8652207e-07,0.005789075,0.993462,-0.7638012,-0.4067836,-0.0990687","0.96633136,-0.98014134,-0.919878","0.09227762,-0.1347644,-0.09882307,-0.3974551,-0.11252078,0.8813754,-0.7638012,-0.4067836,-0.0990687",0.0
"0.09227762,-0.1347644,-0.09882307,-0.3974551,-0.11252078,0.8813754,-0.7638012,-0.4067836,-0.0990687","0.9783517,-0.9938059,-0.675509","0.18570311,-0.2714076,-0.17139342,-0.5996011,-0.38882738,0.60840106,-0.7638012,-0.4067836,-0.0990687",0.0
"0.18570311,-0.2714076,-0.17139342,-0.5996011,-0.38882738,0.60840106,-0.7638012,-0.4067836,-0.0990687","-0.27185202,-0.9609572,-0.8787796","0.15974322,-0.4035343,-0.26580125,-0.7745711,-0.4184083,0.2048145,-0.7638012,-0.4067836,-0.0990687",0.0
"0.15974322,-0.4035343,-0.26580125,-0.7745711,-0.4184083,0.2048145,-0.7638012,-0.4067836,-0.0990687","-0.0042532086,-0.83317596,-0.90291107","0.15933707,-0.51809174,-0.36280152,-0.76359105,-0.41112128,-0.18540685,-0.7638012,-0.4067836,-0.0990687",0.0
"0.15933707,-0.51809174,-0.36280152,-0.76359105,-0.41112128,-0.18540685,-0.7638012,-0.4067836,-0.0990687","0.10423863,0.41745353,0.20078468","0.1692911,-0.4606941,-0.3412311,-0.76152575,-0.44136247,-0.033002812,-0.7638012,-0.4067836,-0.0990687",0.0
"0.1692911,-0.4606941,-0.3412311,-0.76152575,-0.44136247,-0.033002812,-0.7638012,-0.4067836,-0.0990687","-0.11862576,-0.15212435,-0.43241572","0.1579632,-0.48161045,-0.38768578,-0.7517751,-0.40046668,-0.14165187,-0.7638012,-0.4067836,-0.0990687",0.0
"0.1579632,-0.48161045,-0.38768578,-0.7517751,-0.40046668,-0.14165187,-0.7638012,-0.4067836,-0.0990687","0.08778179,0.120122075,0.20492947","0.16634572,-0.46509433,-0.36567006,-0.75382334,-0.42752704,-0.07710648,-0.7638012,-0.4067836,-0.0990687",0.0
"0.16634572,-0.46509433,-0.36567006,-0.75382334,-0.42752704,-0.07710648,-0.7638012,-0.4067836,-0.0990687","-0.05913526,-0.06838846,-0.111027956","0.16069873,-0.47449744,-0.37759787,-0.754768,-0.41048378,-0.11330914,-0.7638012,-0.4067836,-0.0990687",0.0
"0.0,0.0,0.0,2.8652207e-07,0.005789075,0.993462,-0.62163746,-0.097836256,0.18931343","0.18429172,-0.8624844,-0.9707052","0.017598517,-0.118587166,-0.104283474,-0.38748983,-0.015647314,0.892649,-0.62163746,-0.097836256,0.18931343",0.0
"0.017598517,-0.118587166,-0.104283474,-0.38748983,-0.015647314,0.892649,-0.62163746,-0.097836256,0.18931343","0.16107893,-0.91133,-0.9490202","0.032980382,-0.24389036,-0.20623732,-0.6949959,-0.06644782,0.60761726,-0.62163746,-0.097836256,0.18931343",0.0
"0.032980382,-0.24389036,-0.20623732,-0.6949959,-0.06644782,0.60761726,-0.62163746,-0.097836256,0.18931343","0.4442948,-0.549657,-0.9789912","0.07540731,-0.31946537,-0.31141096,-0.79575175,-0.18616478,0.30793464,-0.62163746,-0.097836256,0.18931343",0.0
"0.07540731,-0.31946537,-0.31141096,-0.79575175,-0.18616478,0.30793464,-0.62163746,-0.097836256,0.18931343","-0.21731615,0.4011562,-0.9339679","0.054655187,-0.2643085,-0.4117477,-0.75315386,-0.12473058,0.25844994,-0.62163746,-0.097836256,0.18931343",0.0
"0.054655187,-0.2643085,-0.4117477,-0.75315386,-0.12473058,0.25844994,-0.62163746,-0.097836256,0.18931343","0.08161938,0.50512004,-0.8820509","0.062449243,-0.19485714,-0.50650704,-0.6738389,-0.12802094,0.23685654,-0.62163746,-0.097836256,0.18931343",0.0
"0.062449243,-0.19485714,-0.50650704,-0.6738389,-0.12802094,0.23685654,-0.62163746,-0.097836256,0.18931343","-0.04386437,0.09211457,-0.4981163","0.058260508,-0.18219188,-0.56002,-0.6437834,-0.113278225,0.17858268,-0.62163746,-0.097836256,0.18931343",0.0
"0.058260508,-0.18219188,-0.56002,-0.6437834,-0.113278225,0.17858268,-0.62163746,-0.097836256,0.18931343","0.010313988,0.16625237,-0.11786914","0.059245415,-0.15933307,-0.5726828,-0.62354076,-0.11152447,0.19613627,-0.62163746,-0.097836256,0.18931343",0.0
"0.0,0.0,0.0,2.8652207e-07,0.005789075,0.993462,-0.740117,0.2479532,-0.029571943","-0.7263311,-0.96160775,-0.9781169","-0.069359355,-0.13221613,-0.10507971,-0.40432355,0.0954523,0.87863106,-0.740117,0.2479532,-0.029571943",0.0
"-0.069359355,-0.13221613,-0.10507971,-0.40432355,0.0954523,0.87863106,-0.740117,0.2479532,-0.029571943","-0.3245083,-0.96870214,-0.9418464","-0.10034755,-0.26540768,-0.20626286,-0.690181,0.23117673,0.5701515,-0.740117,0.2479532,-0.029571943",0.0
"-0.10034755,-0.26540768,-0.20626286,-0.690181,0.23117673,0.5701515,-0.740117,0.2479532,-0.029571943","-0.17566442,-0.81541896,-0.9248708","-0.117122225,-0.37752363,-0.30562228,-0.8000952,0.3146473,0.19807354,-0.740117,0.2479532,-0.029571943",0.0
"-0.117122225,-0.37752363,-0.30562228,-0.8000952,0.3146473,0.19807354,-0.740117,0.2479532,-0.029571943","0.26957583,-0.25840223,-0.938279","-0.091379695,-0.41305265,-0.4064222,-0.7985067,0.24178241,-0.025943141,-0.740117,0.2479532,-0.029571943",0.0
"-0.091379695,-0.41305265,-0.4064222,-0.7985067,0.24178241,-0.025943141,-0.740117,0.2479532,-0.029571943","0.03810084,0.50314236,-0.59713143","-0.08774134,-0.3438732,-0.47057235,-0.7463448,0.21711886,0.0213102,-0.740117,0.2479532,-0.029571943",0.0
"-0.08774134,-0.3438732,-0.47057235,-0.7463448,0.21711886,0.0213102,-0.740117,0.2479532,-0.029571943","-0.1475532,-0.15016377,-0.23312211","-0.10183159,-0.36451998,-0.49561682,-0.72257376,0.24548313,-0.05079334,-0.740117,0.2479532,-0.029571943",0.0
"-0.10183159,-0.36451998,-0.49561682,-0.72257376,0.24548313,-0.05079334,-0.740117,0.2479532,-0.029571943","0.018729448,0.00097358227,0.16326928","-0.100043066,-0.36438614,-0.47807667,-0.7367612,0.24558637,-0.027701974,-0.740117,0.2479532,-0.029571943",0.0
"0.0,0.0,0.0,2.8652207e-07,0.005789075,0.993462,0.4802924,0.15877193,0.18532537","0.7253169,0.9782119,0.98311555","0.069262505,0.1344991,0.10561672,0.4092931,0.096421614,0.8758406,0.4802924,0.15877193,0.18532537",0.0
"0.069262505,0.1344991,0.10561672,0.4092931,0.096421614,0.8758406,0.4802924,0.15877193,0.18532537","-0.27878243,0.9587736,0.96600366","0.04264081,0.26632556,0.2093951,0.7234971,0.10334492,0.56403506,0.4802924,0.15877193,0.18532537",0.0
"0.04264081,0.26632556,0.2093951,0.7234971,0.10334492,0.56403506,0.4802924,0.15877193,0.18532537","0.057397127,0.07572484,0.9838362","0.048121825,0.2767374,0.31508926,0.768924,0.12299549,0.38541922,0.4802924,0.15877193,0.18532537",0.0
"0.048121825,0.2767374,0.31508926,0.768924,0.12299549,0.38541922,0.4802924,0.15877193,0.18532537","0.20891261,-0.4154842,0.98506093","0.06807146,0.21961047,0.420915,0.7083027,0.15974912,0.32548916,0.4802924,0.15877193,0.18532537",0.0
"0.06807146,0.21961047,0.420915,0.7083027,0.15974912,0.32548916,0.4802924,0.15877193,0.18532537","0.03945446,-0.51061904,0.96477425","0.07183909,0.14940299,0.52456135,0.62851024,0.15024638,0.2833883,0.4802924,0.15877193,0.18532537",0.0
"0.07183909,0.14940299,0.52456135,0.62851024,0.15024638,0.2833883,0.4802924,0.15877193,0.18532537","0.053019643,-0.53318757,0.9091852","0.07690207,0.07609247,0.6222357,0.5367467,0.13822126,0.24425778,0.4802924,0.15877193,0.18532537",0.0
"0.07690207,0.07609247,0.6222357,0.5367467,0.13822126,0.24425778,0.4802924,0.15877193,0.18532537","0.09595311,-0.38441622,0.6173415","0.0860649,0.023237225,0.68855715,0.46587798,0.13513444,0.21470368,0.4802924,0.15877193,0.18532537",0.0
"0.0860649,0.023237225,0.68855715,0.46587798,0.13513444,0.21470368,0.4802924,0.15877193,0.18532537","0.082188606,0.16658843,-0.19727248","0.09391332,0.04614229,0.66736406,0.48767087,0.15425745,0.2173591,0.4802924,0.15877193,0.18532537",0.0
"0.09391332,0.04614229,0.66736406,0.48767087,0.15425745,0.2173591,0.4802924,0.15877193,0.18532537","-0.0013297796,-0.020845056,0.07567966","0.09378633,0.043276217,0.67549443,0.4817118,0.15223593,0.2092321,0.4802924,0.15877193,0.18532537",0.0
"0.09378633,0.043276217,0.67549443,0.4817118,0.15223593,0.2092321,0.4802924,0.15877193,0.18532537","0.014843106,0.025564551,0.003998637","0.09520374,0.046791222,0.67592406,0.4829271,0.15496469,0.20427838,0.4802924,0.15877193,0.18532537",0.0
"0.09520374,0.046791222,0.67592406,0.4829271,0.15496469,0.20427838,0.4802924,0.15877193,0.18532537","0.001110673,0.0053555965,0.02371633","0.0953098,0.047527604,0.678472,0.48191902,0.15483043,0.19974208,0.4802924,0.15877193,0.18532537",0.0
"0.0,0.0,0.0,2.8652207e-07,0.005789075,0.993462,-0.56222224,0.6192982,0.33098742","-0.97893417,-0.9755249,-0.5279063","-0.093481116,-0.13412966,-0.056713298,-0.34339643,0.10989975,0.9140738,-0.56222224,0.6192982,0.33098742",0.0
"-0.093481116,-0.13412966,-0.056713298,-0.34339643,0.10989975,0.9140738,-0.56222224,0.6192982,0.33098742","-0.9828394,-0.9651909,-0.3143822","-0.18733515,-0.26683846,-0.090487555,-0.5310539,0.36140215,0.718681,-0.56222224,0.6192982,0.33098742",0.0
"-0.18733515,-0.26683846,-0.090487555,-0.5310539,0.36140215,0.718681,-0.56222224,0.6192982,0.33098742","-0.91514856,-0.9706408,-0.66892874","-0.2747252,-0.4002966,-0.16235097,-0.55726683,0.6602438,0.37188226,-0.56222224,0.6192982,0.33098742",0.0
"-0.2747252,-0.4002966,-0.16235097,-0.55726683,0.6602438,0.37188226,-0.56222224,0.6192982,0.33098742","0.08314204,0.4530778,-0.7324269","-0.26678574,-0.33800077,-0.24103604,-0.5480852,0.61782646,0.3801129,-0.56222224,0.6192982,0.33098742",0.0
"-0.26678574,-0.33800077,-0.24103604,-0.5480852,0.61782646,0.3801129,-0.56222224,0.6192982,0.33098742","0.026868582,-0.07167107,-0.33665264","-0.26421997,-0.34785518,-0.27720284,-0.5623837,0.62359816,0.3039355,-0.56222224,0.6192982,0.33098742",0.0
"-0.26421997,-0.34785518,-0.27720284,-0.5623837,0.62359816,0.3039355,-0.56222224,0.6192982,0.33098742","0.022409558,0.3590834,-0.22852802","-0.26208,-0.2984831,-0.30175376,-0.53825754,0.58926314,0.36434406,-0.56222224,0.6192982,0.33098742",0.0
"-0.26208,-0.2984831,-0.30175376,-0.53825754,0.58926314,0.36434406,-0.56222224,0.6192982,0.33098742","-0.040531576,-0.29865646,0.1206485","-0.2659505,-0.33954683,-0.2887924,-0.55473405,0.6219467,0.3028074,-0.56222224,0.6192982,0.33098742",0.0
"-0.2659505,-0.33954683,-0.2887924,-0.55473405,0.6219467,0.3028074,-0.56222224,0.6192982,0.33098742","0.053672075,0.26225066,-0.10578209","-0.26082522,-0.30348873,-0.30015668,-0.54365677,0.59043413,0.35705817,-0.56222224,0.6192982,0.33098742",0.0
"-0.26082522,-0.30348873,-0.30015668,-0.54365677,0.59043413,0.35705817,-0.56222224,0.6192982,0.33098742","-0.033654988,-0.22152054,0.080910325","-0.264039,-0.3339467,-0.29146442,-0.5553923,0.61525434,0.3099912,-0.56222224,0.6192982,0.33098742",0.0
"-0.264039,-0.3339467,-0.29146442,-0.5553923,0.61525434,0.3099912,-0.56222224,0.6192982,0.33098742","0.03351748,0.18068981,-0.057792664","-0.26083833,-0.3091028,-0.29767314,-0.546998,0.59405947,0.3499018,-0.56222224,0.6192982,0.33098742",0.0
"-0.26083833,-0.3091028,-0.29767314,-0.546998,0.59405947,0.3499018,-0.56222224,0.6192982,0.33098742","-0.026984394,-0.15139538,0.0466218","-0.26341516,-0.32991892,-0.29266453,-0.5543389,0.6117077,0.3162462,-0.56222224,0.6192982,0.33098742",0.0
"0.0,0.0,0.0,2.8652207e-07,0.005789075,0.993462,-0.30725148,0.71485376,-0.23054375","-0.92047024,-0.9943984,-0.72787726","-0.08789824,-0.13672467,-0.0781963,-0.37579864,0.11251115,0.8960941,-0.30725148,0.71485376,-0.23054375",0.0
"-0.08789824,-0.13672467,-0.0781963,-0.37579864,0.11251115,0.8960941,-0.30725148,0.71485376,-0.23054375","-0.95007086,-0.98847467,-0.34574205","-0.17862311,-0.27263486,-0.11533958,-0.5673782,0.3634746,0.6795836,-0.30725148,0.71485376,-0.23054375",0.0
"-0.17862311,-0.27263486,-0.11533958,-0.5673782,0.3634746,0.6795836,-0.30725148,0.71485376,-0.23054375","-0.978875,-0.9792648,-0.70952165","-0.27209857,-0.40727875,-0.1915639,-0.5720133,0.6663331,0.31232733,-0.30725148,0.71485376,-0.23054375",0.0
"-0.27209857,-0.40727875,-0.1915639,-0.5720133,0.6663331,0.31232733,-0.30725148,0.71485376,-0.23054375","-0.8456994,-0.87809014,-0.9524901","-0.35285673,-0.5280116,-0.2938905,-0.40137154,0.8185134,-0.11202673,-0.30725148,0.71485376,-0.23054375",0.0
"-0.35285673,-0.5280116,-0.2938905,-0.40137154,0.8185134,-0.11202673,-0.30725148,0.71485376,-0.23054375","-0.46167886,-0.03861469,-0.9057271","-0.39694372,-0.533321,-0.39119327,-0.26202327,0.7990389,-0.2529682,-0.30725148,0.71485376,-0.23054375",0.0
"-0.39694372,-0.533321,-0.39119327,-0.26202327,0.7990389,-0.2529682,-0.30725148,0.71485376,-0.23054375","0.34865785,0.41248202,-0.38230252","-0.36364943,-0.47660694,-0.43226427,-0.33372575,0.7447802,-0.18809491,-0.30725148,0.71485376,-0.23054375",0.0
"-0.36364943,-0.47660694,-0.43226427,-0.33372575,0.7447802,-0.18809491,-0.30725148,0.71485376,-0.23054375","-0.095187485,0.18868077,-0.55782646","-0.37273914,-0.45066437,-0.4921919,-0.2921591,0.7062819,-0.20763078,-0.30725148,0.71485376,-0.23054375",0.0
"-0.37273914,-0.45066437,-0.4921919,-0.2921591,0.7062819,-0.20763078,-0.30725148,0.71485376,-0.23054375","-0.14093393,-0.26455057,0.17966282","-0.3861973,-0.48703876,-0.47289065,-0.2659957,0.7285751,-0.25497055,-0.30725148,0.71485376,-0.23054375",0.0
"-0.3861973,-0.48703876,-0.47289065,-0.2659957,0.7285751,-0.25497055,-0.30725148,0.71485376,-0.23054375","-0.023894489,-0.1447972,0.4046061","-0.38847905,-0.5069477,-0.42942354,-0.27355227,0.7654519,-0.24501802,-0.30725148,0.71485376,-0.23054375",0.0
"-0.38847905,-0.5069477,-0.42942354,-0.27355227,0.7654519,-0.24501802,-0.30725148,0.71485376,-0.23054375","0.14666533,0.17609215,-0.12140739","-0.37447357,-0.482736,-0.4424664,-0.30431944,0.74634343,-0.21242987,-0.30725148,0.71485376,-0.23054375",0.0
"-0.37447357,-0.482736,-0.4424664,-0.30431944,0.74634343,-0.21242987,-0.30725148,0.71485376,-0.23054375","0.0023708344,0.1011951,-0.29177457","-0.3742472,-0.46882224,-0.47381195,-0.2944468,0.72117734,-0.22143619,-0.30725148,0.71485376,-0.23054375",0.0
"0.0,0.0,0.0,2.8652207e-07,0.005789075,0.993462,-0.46362576,0.69900584,0.12066658","-0.98975253,-0.99144036,-0.58331734","-0.09451419,-0.13631794,-0.06266614,-0.3543559,0.114476554,0.9079783,-0.46362576,0.69900584,0.12066658",0.0
"-0.09451419,-0.13631794,-0.06266614,-0.3543559,0.114476554,0.9079783,-0.46362576,0.69900584,0.12066658","-0.9841934,-0.98603314,0.093456626","-0.18849753,-0.27189243,-0.052626017,-0.5057828,0.34722897,0.7528009,-0.46362576,0.69900584,0.12066658",0.0
"-0.18849753,-0.27189243,-0.052626017,-0.5057828,0.34722897,0.7528009,-0.46362576,0.69900584,0.12066658","-0.9656538,-0.97815245,-0.56699884","-0.28071046,-0.40638342,-0.11353903,-0.535657,0.659558,0.43177027,-0.46362576,0.69900584,0.12066658",0.0
"-0.28071046,-0.40638342,-0.11353903,-0.535657,0.659558,0.43177027,-0.46362576,0.69900584,0.12066658","-0.2579962,-0.71438545,-0.94108516","-0.3053472,-0.5046078,-0.21464036,-0.5328708,0.77004683,0.05989298,-0.46362576,0.69900584,0.12066658",0.0
"-0.3053472,-0.5046078,-0.21464036,-0.5328708,0.77004683,0.05989298,-0.46362576,0.69900584,0.12066658","-0.10737908,0.871578,-0.8153187","-0.31560114,-0.38477033,-0.30223057,-0.4684943,0.7267374,0.18809484,-0.46362576,0.69900584,0.12066658",0.0
"-0.31560114,-0.38477033,-0.30223057,-0.4684943,0.7267374,0.18809484,-0.46362576,0.69900584,0.12066658","0.1145761,0.11190891,-0.63801956","-0.30465996,-0.36938348,-0.37077338,-0.47804803,0.6887072,0.11516841,-0.46362576,0.69900584,0.12066658",0.0
"-0.30465996,-0.36938348,-0.37077338,-0.47804803,0.6887072,0.11516841,-0.46362576,0.69900584,0.12066658","-0.032087207,0.22152603,-0.226897","-0.30772406,-0.33892483,-0.39514905,-0.45792085,0.67375,0.13992609,-0.46362576,0.69900584,0.12066658",0.0
"-0.30772406,-0.33892483,-0.39514905,-0.45792085,0.67375,0.13992609,-0.46362576,0.69900584,0.12066658","-0.066289306,-0.13348913,0.032785296","-0.31405422,-0.3572789,-0.39162692,-0.44998574,0.6911229,0.108498596,-0.46362576,0.69900584,0.12066658",0.0
"-0.31405422,-0.3572789,-0.39162692,-0.44998574,0.6911229,0.108498596,-0.46362576,0.69900584,0.12066658","0.0071047544,0.020500422,0.091171265","-0.31337577,-0.35446024,-0.38183233,-0.45286936,0.69228727,0.1288466,-0.46362576,0.69900584,0.12066658",0.0
"0.0,0.0,0.0,2.8652207e-07,0.005789075,0.993462,-0.8653217,-0.0057894737,-0.0990687","-0.35062337,-0.936075,-0.96343523","-0.033481993,-0.12870549,-0.10350246,-0.40385008,0.048458274,0.8834918,-0.8653217,-0.0057894737,-0.0990687",0.0
"-0.033481993,-0.12870549,-0.10350246,-0.40385008,0.048458274,0.8834918,-0.8653217,-0.0057894737,-0.0990687","0.1954428,-0.98204297,-0.80426353","-0.014818627,-0.26373136,-0.18990499,-0.71477145,0.039094973,0.5961988,-0.8653217,-0.0057894737,-0.0990687",0.0
"-0.014818627,-0.26373136,-0.18990499,-0.71477145,0.039094973,0.5961988,-0.8653217,-0.0057894737,-0.0990687","0.07977605,-0.943892,-0.8878173","-0.0072005964,-0.39351168,-0.28528374,-0.8719019,0.025517737,0.19590007,-0.8653217,-0.0057894737,-0.0990687",0.0
"-0.0072005964,-0.39351168,-0.28528374,-0.8719019,0.025517737,0.19590007,-0.8653217,-0.0057894737,-0.0990687","0.15431702,-0.7739451,-0.90075076","0.0075355577,-0.4999252,-0.38205197,-0.8545445,-0.014442617,-0.17239147,-0.8653217,-0.0057894737,-0.0990687",0.0
"0.0075355577,-0.4999252,-0.38205197,-0.8545445,-0.014442617,-0.17239147,-0.8653217,-0.0057894737,-0.0990687","-8.511543e-05,0.29002476,0.27994835","0.0075274277,-0.46004838,-0.35197693,-0.87409395,-0.014883296,-0.0470599,-0.8653217,-0.0057894737,-0.0990687",0.0
"0.0075274277,-0.46004838,-0.35197693,-0.87409395,-0.014883296,-0.0470599,-0.8653217,-0.0057894737,-0.0990687","-0.021457374,-0.11511505,-0.2902574","0.0054784026,-0.47587618,-0.38315946,-0.8552075,-0.008930128,-0.12369025,-0.8653217,-0.0057894737,-0.0990687",0.0
"0.0054784026,-0.47587618,-0.38315946,-0.8552075,-0.008930128,-0.12369025,-0.8653217,-0.0057894737,-0.0990687","0.008592963,0.05276501,0.16446733","0.0062989667,-0.46862134,-0.36549062,-0.86691433,-0.011366747,-0.0843139,-0.8653217,-0.0057894737,-0.0990687",0.0
"0.0,0.0,0.0,2.8652207e-07,0.005789075,0.993462,0.06327485,0.83403504,0.33098742","-0.9222463,-0.99631876,-0.010085106","-0.08806784,-0.13698871,-0.0010834287,-0.28141809,0.085928425,0.94368356,0.06327485,0.83403504,0.33098742",0.0
"-0.08806784,-0.13698871,-0.0010834287,-0.28141809,0.085928425,0.94368356,0.06327485,0.83403504,0.33098742","-0.9733589,-0.98890525,0.02221322","-0.18101655,-0.27295813,0.0013029854,-0.46553457,0.30439818,0.8032464,0.06327485,0.83403504,0.33098742",0.0
"-0.18101655,-0.27295813,0.0013029854,-0.46553457,0.30439818,0.8032464,0.06327485,0.83403504,0.33098742","-0.991696,-0.99166507,0.6900524","-0.2757163,-0.40930703,0.075435795,-0.44918257,0.5372676,0.6622332,0.06327485,0.83403504,0.33098742",0.0
"-0.2757163,-0.40930703,0.075435795,-0.44918257,0.5372676,0.6622332,0.06327485,0.83403504,0.33098742","-0.98042095,-0.94376624,0.0038779974","-0.3693394,-0.53907007,0.07585247,-0.34067723,0.7973102,0.4129966,0.06327485,0.83403504,0.33098742",0.0
"-0.3693394,-0.53907007,0.07585247,-0.34067723,0.7973102,0.4129966,0.06327485,0.83403504,0.33098742","-0.9052521,-0.06977022,-0.44515908","-0.45578444,-0.5486632,0.028028812,-0.12024282,0.901892,0.32781035,0.06327485,0.83403504,0.33098742",0.0
"-0.45578444,-0.5486632,0.028028812,-0.12024282,0.901892,0.32781035,0.06327485,0.83403504,0.33098742","-0.8031234,0.6431532,-0.6034198","-0.5324769,-0.46023297,-0.036796905,0.09377253,0.85901,0.42866677,0.06327485,0.83403504,0.33098742",0.0
"-0.5324769,-0.46023297,-0.036796905,0.09377253,0.85901,0.42866677,0.06327485,0.83403504,0.33098742","0.15139699,-0.34877616,-0.31289017","-0.51801956,-0.50818795,-0.07041085,0.058111835,0.9230404,0.27487007,0.06327485,0.83403504,0.33098742",0.0
"-0.51801956,-0.50818795,-0.07041085,0.058111835,0.9230404,0.27487007,0.06327485,0.83403504,0.33098742","-0.2199989,0.5266644,-0.12074578","-0.53902787,-0.43577436,-0.083382614,0.111563236,0.857979,0.4140535,0.06327485,0.83403504,0.33098742",0.0
"-0.53902787,-0.43577436,-0.083382614,0.111563236,0.857979,0.4140535,0.06327485,0.83403504,0.33098742","0.15951502,-0.40951687,-0.11568761","-0.5237953,-0.49208087,-0.09581097,0.074578635,0.9182146,0.27270097,0.06327485,0.83403504,0.33098742",0.0
"-0.5237953,-0.49208087,-0.09581097,0.074578635,0.9182146,0.27270097,0.06327485,0.83403504,0.33098742","-0.059120774,0.47036338,-0.043762684","-0.52944094,-0.4274084,-0.10051239,0.08568244,0.86102223,0.406805,0.06327485,0.83403504,0.33098742",0.0
"-0.52944094,-0.4274084,-0.10051239,0.08568244,0.86102223,0.406805,0.06327485,0.83403504,0.33098742","0.11731219,-0.23377556,-0.27030993","-0.5182384,-0.45955133,-0.12955193,0.057662845,0.9041088,0.2937867,0.06327485,0.83403504,0.33098742",0.0
"-0.5182384,-0.45955133,-0.12955193,0.057662845,0.9041088,0.2937867,0.06327485,0.83403504,0.33098742","-0.11193204,0.4135399,-0.15258926","-0.52892715,-0.40269178,-0.14594467,0.083844274,0.8562405,0.39156327,0.06327485,0.83403504,0.33098742",0.0
"-0.52892715,-0.40269178,-0.14594467,0.083844274,0.8562405,0.39156327,0.06327485,0.83403504,0.33098742","0.08773959,-0.20243263,-0.19055939","-0.52054864,-0.43052527,-0.16641656,0.06332035,0.8897065,0.30090567,0.06327485,0.83403504,0.33098742",0.0
"-0.52054864,-0.43052527,-0.16641656,0.06332035,0.8897065,0.30090567,0.06327485,0.83403504,0.33098742","-0.011850655,0.33611298,-0.12442142","-0.5216803,-0.38431153,-0.17978321,0.06392044,0.85191387,0.37893373,0.06327485,0.83403504,0.33098742",0.0
"-0.5216803,-0.38431153,-0.17978321,0.06392044,0.85191387,0.37893373,0.06327485,0.83403504,0.33098742","0.035623074,-0.066093385,-0.2591521","-0.51827854,-0.39339903,-0.20762408,0.055689394,0.8678008,0.31709066,0.06327485,0.83403504,0.33098742",0.0
"-0.51827854,-0.39339903,-0.20762408,0.055689394,0.8678008,0.31709066,0.06327485,0.83403504,0.33098742","-0.007219076,0.2599492,-0.15872377","-0.5189679,-0.3576574,-0.22467588,0.055869117,0.83919066,0.36535257,0.06327485,0.83403504,0.33098742",0.0
"-0.5189679,-0.3576574,-0.22467588,0.055869117,0.83919066,0.36535257,0.06327485,0.83403504,0.33098742","-0.010872722,-0.014201045,-0.20773113","-0.5200062,-0.35961,-0.24699256,0.05897027,0.8447913,0.3267956,0.06327485,0.83403504,0.33098742",0.0
"0.0,0.0,0.0,2.8652207e-07,0.005789075,0.993462,-0.2897661,-0.0057894737,0.43591902","0.04136324,-0.8692349,-0.96809554","0.0039498843,-0.11951533,-0.10400312,-0.38930094,0.0009583663,0.89199823,-0.2897661,-0.0057894737,0.43591902",0.0
"0.0039498843,-0.11951533,-0.10400312,-0.38930094,0.0009583663,0.89199823,-0.2897661,-0.0057894737,0.43591902","0.116977215,0.19747365,-0.97184587","0.015120356,-0.09236372,-0.20840915,-0.45156312,-0.015670782,0.8193051,-0.2897661,-0.0057894737,0.43591902",0.0
"0.015120356,-0.09236372,-0.20840915,-0.45156312,-0.015670782,0.8193051,-0.2897661,-0.0057894737,0.43591902","0.09507549,0.40980816,-0.98002774","0.024199374,-0.036017206,-0.31369418,-0.44597676,-0.028164716,0.7558416,-0.2897661,-0.0057894737,0.43591902",0.0
"0.024199374,-0.036017206,-0.31369418,-0.44597676,-0.028164716,0.7558416,-0.2897661,-0.0057894737,0.43591902","0.0009508133,0.4977466,-0.980146","0.024290174,0.0324204,-0.4189919,-0.40976402,-0.025523849,0.68700147,-0.2897661,-0.0057894737,0.43591902",0.0
"0.024290174,0.0324204,-0.4189919,-0.40976402,-0.025523849,0.68700147,-0.2897661,-0.0057894737,0.43591902","-0.068992615,0.33645332,-0.96678144","0.017701883,0.078681014,-0.52285385,-0.39548725,-0.0162184,0.58212703,-0.2897661,-0.0057894737,0.43591902",0.0
"0.017701883,0.078681014,-0.52285385,-0.39548725,-0.0162184,0.58212703,-0.2897661,-0.0057894737,0.43591902","-0.039103866,0.34566987,-0.91226256","0.013967754,0.12620886,-0.62085885,-0.36238456,-0.010117222,0.47637627,-0.2897661,-0.0057894737,0.43591902",0.0
"0.013967754,0.12620886,-0.62085885,-0.36238456,-0.010117222,0.47637627,-0.2897661,-0.0057894737,0.43591902","-0.0078111887,0.39874423,-0.7047273","0.01322185,0.18103415,-0.69656813,-0.3097137,-0.0070778597,0.40347087,-0.2897661,-0.0057894737,0.43591902",0.0
"0.01322185,0.18103415,-0.69656813,-0.3097137,-0.0070778597,0.40347087,-0.2897661,-0.0057894737,0.43591902","0.006385565,0.20477915,0.080926776","0.013831633,0.20919025,-0.6878742,-0.27936652,-0.006352319,0.43725732,-0.2897661,-0.0057894737,0.43591902",0.0
"0.0,0.0,0.0,2.8652207e-07,0.005789075,0.993462,0.8165497,-0.28643274,-0.0990687","-0.7401078,0.9952966,0.9824226","-0.07067492,0.13684817,0.10554228,0.4157658,-0.087925926,0.87348336,0.8165497,-0.28643274,-0.0990687",0.0
"-0.07067492,0.13684817,0.10554228,0.4157658,-0.087925926,0.87348336,0.8165497,-0.28643274,-0.0990687","-0.9461632,0.96505487,0.99496746","-0.16102663,0.26953828,0.21243225,0.64723474,-0.35192624,0.5539129,0.8165497,-0.28643274,-0.0990687",0.0
"-0.16102663,0.26953828,0.21243225,0.64723474,-0.35192624,0.5539129,0.8165497,-0.28643274,-0.0990687","-0.22078264,0.96481454,0.96346736","-0.18210976,0.40219533,0.31593814,0.73558974,-0.46680248,0.13004382,0.8165497,-0.28643274,-0.0990687",0.0
"-0.18210976,0.40219533,0.31593814,0.73558974,-0.46680248,0.13004382,0.8165497,-0.28643274,-0.0990687","0.6652961,0.6043863,0.62809443","-0.11857881,0.4852954,0.38341472,0.79823977,-0.3057147,-0.14367557,0.8165497,-0.28643274,-0.0990687",0.0
"-0.11857881,0.4852954,0.38341472,0.79823977,-0.3057147,-0.14367557,0.8165497,-0.28643274,-0.0990687","0.1332568,-0.04614073,-0.13390166","-0.10585375,0.47895133,0.36902958,0.8195557,-0.2769301,-0.11101556,0.8165497,-0.28643274,-0.0990687",0.0
"0.0,0.0,0.0,2.8652207e-07,0.005789075,0.993462,-0.62292403,0.6852047,-0.1823602","-0.98951364,-0.98808616,-0.72470915","-0.09449138,-0.13585676,-0.07785595,-0.371349,0.119646594,0.8971838,-0.62292403,0.6852047,-0.1823602",0.0
"-0.09449138,-0.13585676,-0.07785595,-0.371349,0.119646594,0.8971838,-0.62292403,0.6852047,-0.1823602","-0.96811545,-0.9935422,-0.37472498","-0.18693937,-0.27246374,-0.11811288,-0.5594193,0.37932375,0.6764196,-0.62292403,0.6852047,-0.1823602",0.0
"-0.18693937,-0.27246374,-0.11811288,-0.5594193,0.37932375,0.6764196,-0.62292403,0.6852047,-0.1823602","-0.92547256,-0.9928532,-0.7459544","-0.27531528,-0.40897596,-0.1982512,-0.5669815,0.67411005,0.2983441,-0.62292403,0.6852047,-0.1823602",0.0
"-0.27531528,-0.40897596,-0.1982512,-0.5669815,0.67411005,0.2983441,-0.62292403,0.6852047,-0.1823602","0.015601873,-0.9644004,-0.8135491","-0.2738254,-0.54157615,-0.28565127,-0.59310836,0.6981528,-0.1304453,-0.62292403,0.6852047,-0.1823602",0.0
"-0.2738254,-0.54157615,-0.28565127,-0.59310836,0.6981528,-0.1304453,-0.62292403,0.6852047,-0.1823602","-0.031317353,-0.42781627,0.14012218","-0.27681598,-0.6003987,-0.27059782,-0.5874288,0.70476705,-0.24098434,-0.62292403,0.6852047,-0.1823602",0.0
"-0.27681598,-0.6003987,-0.27059782,-0.5874288,0.70476705,-0.24098434,-0.62292403,0.6852047,-0.1823602","0.11781275,0.13012958,0.35541224","-0.26556572,-0.5825066,-0.23241562,-0.6284018,0.70169693,-0.14604749,-0.62292403,0.6852047,-0.1823602",0.0
"-0.26556572,-0.5825066,-0.23241562,-0.6284018,0.70169693,-0.14604749,-0.62292403,0.6852047,-0.1823602","0.027581334,-0.015410304,-0.26787913","-0.2629319,-0.5846255,-0.261194,-0.6236487,0.6850422,-0.19238451,-0.62292403,0.6852047,-0.1823602",0.0
"0.0,0.0,0.0,2.8652207e-07,0.005789075,0.993462,-0.71643275,-0.0057894737,0.42487016","-0.48492026,-0.68743455,-0.95037985","-0.046306368,-0.09451871,-0.10209991,-0.3326937,0.054594174,0.91562814,-0.71643275,-0.0057894737,0.42487016",0.0
"-0.046306368,-0.09451871,-0.10209991,-0.3326937,0.054594174,0.91562814,-0.71643275,-0.0057894737,0.42487016","0.26814938,-0.9197451,-0.75302655","-0.020700052,-0.22097895,-0.18299805,-0.6462685,0.04788858,0.676723,-0.71643275,-0.0057894737,0.42487016",0.0
"-0.020700052,-0.22097895,-0.18299805,-0.6462685,0.04788858,0.676723,-0.71643275,-0.0057894737,0.42487016","0.20468426,-0.73295355,-0.83135027","-0.0011541932,-0.3217563,-0.27231053,-0.8161544,0.008748729,0.36427805,-0.71643275,-0.0057894737,0.42487016",0.0
"-0.0011541932,-0.3217563,-0.27231053,-0.8161544,0.008748729,0.36427805,-0.71643275,-0.0057894737,0.42487016","0.1488682,0.80814695,-0.649907","0.013061638,-0.21064027,-0.34213045,-0.71277946,-0.023470648,0.46389294,-0.71643275,-0.0057894737,0.42487016",0.0
"0.013061638,-0.21064027,-0.34213045,-0.71277946,-0.023470648,0.46389294,-0.71643275,-0.0057894737,0.42487016","-0.10368544,-0.120250225,-0.15912968","0.0031604283,-0.22717406,-0.3592259,-0.7337556,-0.001496,0.40819874,-0.71643275,-0.0057894737,0.42487016",0.0
"0.0031604283,-0.22717406,-0.3592259,-0.7337556,-0.001496,0.40819874,-0.71643275,-0.0057894737,0.42487016","0.058772802,0.17709851,-0.03423202","0.008772802,-0.20282395,-0.3629035,-0.7082108,-0.013731886,0.44531807,-0.71643275,-0.0057894737,0.42487016",0.0
"0.008772802,-0.20282395,-0.3629035,-0.7082108,-0.013731886,0.44531807,-0.71643275,-0.0057894737,0.42487016","-0.04815328,-0.13806927,0.035547256","0.0041745105,-0.22180778,-0.35908467,-0.72817045,-0.003760545,0.41798666,-0.71643275,-0.0057894737,0.42487016",0.0
"0.0,0.0,0.0,2.8652207e-07,0.005789075,0.993462,-0.6503509,0.71502924,-0.024995487","-0.9929016,-0.9870807,-0.65421844","-0.09481491,-0.13571852,-0.07028309,-0.36210927,0.117224745,0.9030131,-0.6503509,0.71502924,-0.024995487",0.0
"-0.09481491,-0.13571852,-0.07028309,-0.36210927,0.117224745,0.9030131,-0.6503509,0.71502924,-0.024995487","-0.98377794,-0.9903639,-0.24773782","-0.18875855,-0.27188846,-0.09689771,-0.5411093,0.37164277,0.7031684,-0.6503509,0.71502924,-0.024995487",0.0
"-0.18875855,-0.27188846,-0.09689771,-0.5411093,0.37164277,0.7031684,-0.6503509,0.71502924,-0.024995487","-0.92897207,-0.9919205,-0.6073038","-0.27746865,-0.40827245,-0.16214071,-0.556336,0.6707079,0.35531947,-0.6503509,0.71502924,-0.024995487",0.0
"-0.27746865,-0.40827245,-0.16214071,-0.556336,0.6707079,0.35531947,-0.6503509,0.71502924,-0.024995487","-0.08040142,-0.9774443,-0.6146561","-0.28514642,-0.5426661,-0.22817355,-0.5841547,0.73909974,-0.048112515,-0.6503509,0.71502924,-0.024995487",0.0
"-0.28514642,-0.5426661,-0.22817355,-0.5841547,0.73909974,-0.048112515,-0.6503509,0.71502924,-0.024995487","0.18402255,-0.08750707,0.29672563","-0.2675736,-0.5546979,-0.1962961,-0.631753,0.7143485,-0.027373277,-0.6503509,0.71502924,-0.024995487",0.0
"-0.2675736,-0.5546979,-0.1962961,-0.631753,0.7143485,-0.027373277,-0.6503509,0.71502924,-0.024995487","0.01880002,0.0031558275,0.038522005","-0.2657783,-0.554264,-0.19215761,-0.6364182,0.71148753,-0.020009516,-0.6503509,0.71502924,-0.024995487",0.0
"0.0,0.0,0.0,2.8652207e-07,0.005789075,0.993462,-0.0577193,-0.62666667,0.18931343","0.97681284,-0.95444435,-0.93604463","0.09327853,-0.13123119,-0.10055987,-0.39245102,-0.112367444,0.8834544,-0.0577193,-0.62666667,0.18931343",0.0
"0.09327853,-0.13123119,-0.10055987,-0.39245102,-0.112367444,0.8834544,-0.0577193,-0.62666667,0.18931343","0.98253727,-0.89705104,-0.9534553","0.18710372,-0.2545711,-0.20299016,-0.59498256,-0.38952836,0.5938098,-0.0577193,-0.62666667,0.18931343",0.0
"0.18710372,-0.2545711,-0.20299016,-0.59498256,-0.38952836,0.5938098,-0.0577193,-0.62666667,0.18931343","0.98558545,-0.6477468,-0.97048694","0.28121996,-0.34363297,-0.30725017,-0.5351468,-0.6428309,0.2656776,-0.0577193,-0.62666667,0.18931343",0.0
"0.28121996,-0.34363297,-0.30725017,-0.5351468,-0.6428309,0.2656776,-0.0577193,-0.62666667,0.18931343","0.9589281,0.107855916,-0.82667005","0.37279066,-0.32880336,-0.39605984,-0.32010484,-0.7430054,0.15859674,-0.0577193,-0.62666667,0.18931343",0.0
"0.37279066,-0.32880336,-0.39605984,-0.32010484,-0.7430054,0.15859674,-0.0577193,-0.62666667,0.18931343","0.8146887,0.78261423,-0.7988224","0.4505875,-0.22119796,-0.48187783,-0.11593362,-0.70339257,0.22903797,-0.0577193,-0.62666667,0.18931343",0.0
"0.4505875,-0.22119796,-0.48187783,-0.11593362,-0.70339257,0.22903797,-0.0577193,-0.62666667,0.18931343","0.45385575,0.42320836,-0.72262937","0.49392742,-0.16300902,-0.5595104,-0.018037237,-0.6419918,0.20964743,-0.0577193,-0.62666667,0.18931343",0.0
"0.49392742,-0.16300902,-0.5595104,-0.018037237,-0.6419918,0.20964743,-0.0577193,-0.62666667,0.18931343","-0.16457021,-0.19336414,0.08211589","0.47821215,-0.18959561,-0.5506887,-0.051109012,-0.6608974,0.18019035,-0.0577193,-0.62666667,0.18931343",0.0
"0.47821215,-0.18959561,-0.5506887,-0.051109012,-0.6608974,0.18019035,-0.0577193,-0.62666667,0.18931343","-0.014882207,0.1831013,-0.12588853","0.47679102,-0.16442016,-0.56421304,-0.05245485,-0.63869965,0.20055734,-0.0577193,-0.62666667,0.18931343",0.0
"0.0,0.0,0.0,2.8652207e-07,0.005789075,0.993462,0.82824564,-0.13233918,0.12066658","-0.12571299,0.97972333,0.9881029","-0.0120046735,0.13470691,0.10615252,0.421401,-0.010106771,0.8751621,0.82824564,-0.13233918,0.12066658",0.0
"-0.0120046735,0.13470691,0.10615252,0.421401,-0.010106771,0.8751621,0.82824564,-0.13233918,0.12066658","-0.7300267,0.92076135,0.99053335","-0.081716925,0.26130688,0.21256615,0.70354676,-0.1787057,0.5684037,0.82824564,-0.13233918,0.12066658",0.0
"-0.081716925,0.26130688,0.21256615,0.70354676,-0.1787057,0.5684037,0.82824564,-0.13233918,0.12066658","-0.4035629,0.871649,0.9455712","-0.12025425,0.38115415,0.31414947,0.8018953,-0.31200588,0.17724529,0.82824564,-0.13233918,0.12066658",0.0
"-0.12025425,0.38115415,0.31414947,0.8018953,-0.31200588,0.17724529,0.82824564,-0.13233918,0.12066658","0.45736372,-0.16757917,0.59557104","-0.07657933,0.3581129,0.37813205,0.8078204,-0.19222397,0.12703212,0.82824564,-0.13233918,0.12066658",0.0
"-0.07657933,0.3581129,0.37813205,0.8078204,-0.19222397,0.12703212,0.82824564,-0.13233918,0.12066658","0.31287336,0.026331425,-0.034493327","-0.046702195,0.36173335,0.37442642,0.82532895,-0.11611599,0.1252672,0.82824564,-0.13233918,0.12066658",0.0
"0.0,0.0,0.0,2.8652207e-07,0.005789075,0.993462,0.20216376,-0.8219883,-0.31978464","0.30169773,-0.86323017,-0.9773276","0.028809939,-0.11868971,-0.10499492,-0.387743,-0.029377447,0.8919703,0.20216376,-0.8219883,-0.31978464",0.0
"0.028809939,-0.11868971,-0.10499492,-0.387743,-0.029377447,0.8919703,0.20216376,-0.8219883,-0.31978464","0.9683578,-0.87774765,-0.90985215","0.12128108,-0.23937552,-0.20274091,-0.64217955,-0.25101516,0.62011784,0.20216376,-0.8219883,-0.31978464",0.0
"0.12128108,-0.23937552,-0.20274091,-0.64217955,-0.25101516,0.62011784,0.20216376,-0.8219883,-0.31978464","0.98855996,-0.9319186,-0.7098192","0.21568139,-0.36750954,-0.27899724,-0.66982865,-0.53156257,0.26050073,0.20216376,-0.8219883,-0.31978464",0.0
"0.21568139,-0.36750954,-0.27899724,-0.66982865,-0.53156257,0.26050073,0.20216376,-0.8219883,-0.31978464","0.99626875,-0.92951673,-0.7700994","0.31081784,-0.49531338,-0.36172947,-0.49189302,-0.7174781,-0.13570742,0.20216376,-0.8219883,-0.31978464",0.0
"0.31081784,-0.49531338,-0.36172947,-0.49189302,-0.7174781,-0.13570742,0.20216376,-0.8219883,-0.31978464","0.99108815,-0.7841737,-0.11047882","0.40545958,-0.60313326,-0.37359825,-0.24863662,-0.7926038,-0.3751725,0.20216376,-0.8219883,-0.31978464",0.0
"0.40545958,-0.60313326,-0.37359825,-0.24863662,-0.7926038,-0.3751725,0.20216376,-0.8219883,-0.31978464","0.9705744,0.024105072,0.323295","0.49814236,-0.599819,-0.3388664,-0.010832968,-0.8646856,-0.32816532,0.20216376,-0.8219883,-0.31978464",0.0
"0.49814236,-0.599819,-0.3388664,-0.010832968,-0.8646856,-0.32816532,0.20216376,-0.8219883,-0.31978464","0.83989763,0.1114676,-0.15478241","0.5783465,-0.58449286,-0.35549477,0.20296891,-0.8316577,-0.31600496,0.20216376,-0.8219883,-0.31978464",0.0
"0.0,0.0,0.0,2.8652207e-07,0.005789075,0.993462,-0.5618129,-0.44461986,0.42487016","0.9791075,-0.96136206,-0.82725114","0.09349766,-0.13218233,-0.088872105,-0.38086042,-0.10915503,0.8920859,-0.5618129,-0.44461986,0.42487016",0.0
"0.09349766,-0.13218233,-0.088872105,-0.38086042,-0.10915503,0.8920859,-0.5618129,-0.44461986,0.42487016","0.9829409,-0.97213584,-0.5014202","0.18736139,-0.26584604,-0.14273998,-0.5735181,-0.37589175,0.6561122,-0.5618129,-0.44461986,0.42487016",0.0
"0.18736139,-0.26584604,-0.14273998,-0.5735181,-0.37589175,0.6561122,-0.5618129,-0.44461986,0.42487016","0.45043552,-0.7717693,-0.79494756","0.23037471,-0.37196034,-0.2281417,-0.64430296,-0.56165445,0.33041275,-0.5618129,-0.44461986,0.42487016",0.0
"0.23037471,-0.37196034,-0.2281417,-0.64430296,-0.56165445,0.33041275,-0.5618129,-0.44461986,0.42487016","-0.22917598,0.8832164,-0.87778616","0.20849004,-0.25052267,-0.3224428,-0.600723,-0.45412257,0.42298636,-0.5618129,-0.44461986,0.42487016",0.0
"0.20849004,-0.25052267,-0.3224428,-0.600723,-0.45412257,0.42298636,-0.5618129,-0.44461986,0.42487016","0.052132726,0.29828858,-0.40224206","0.21346836,-0.20950955,-0.365656,-0.5645052,-0.4404229,0.42943078,-0.5618129,-0.44461986,0.42487016",0.0
"0.0,0.0,0.0,2.8652207e-07,0.005789075,0.993462,-0.83877194,-0.0057894737,0.12066658","-0.56540394,-0.80717796,-0.97149354","-0.053991977,-0.11098281,-0.10436816,-0.36648527,0.068640195,0.89963496,-0.83877194,-0.0057894737,0.12066658",0.0
"-0.053991977,-0.11098281,-0.10436816,-0.36648527,0.068640195,0.89963496,-0.83877194,-0.0057894737,0.12066658","0.18154716,-0.9572044,-0.8127047","-0.036655545,-0.24259353,-0.19167754,-0.68159485,0.084666826,0.629918,-0.83877194,-0.0057894737,0.12066658",0.0
"-0.036655545,-0.24259353,-0.19167754,-0.68159485,0.084666826,0.629918,-0.83877194,-0.0057894737,0.12066658","0.3232057,-0.9211466,-0.84589005","-0.005791748,-0.36924648,-0.28255203,-0.85603565,0.021367667,0.25132746,-0.83877194,-0.0057894737,0.12066658",0.0
"-0.005791748,-0.36924648,-0.28255203,-0.85603565,0.021367667,0.25132746,-0.83877194,-0.0057894737,0.12066658","0.123306155,-0.2973416,-0.6702237","0.005983093,-0.41012943,-0.35455456,-0.8609839,-0.01039478,0.054926004,-0.83877194,-0.0057894737,0.12066658",0.0
"0.005983093,-0.41012943,-0.35455456,-0.8609839,-0.01039478,0.054926004,-0.83877194,-0.0057894737,0.12066658","0.11661661,0.45785594,-0.022436261","0.01711913,-0.34717664,-0.35696492,-0.83024883,-0.038897425,0.18140028,-0.83877194,-0.0057894737,0.12066658",0.0
"0.01711913,-0.34717664,-0.35696492,-0.83024883,-0.038897425,0.18140028,-0.83877194,-0.0057894737,0.12066658","-0.20108575,-0.1541382,-0.31947637","-0.002083101,-0.36836988,-0.39128646,-0.8294411,0.011217655,0.08662655,-0.83877194,-0.0057894737,0.12066658",0.0
"-0.002083101,-0.36836988,-0.39128646,-0.8294411,0.011217655,0.08662655,-0.83877194,-0.0057894737,0.12066658","0.15194142,0.1025635,0.17221284","0.012426199,-0.35426795,-0.37278554,-0.8299324,-0.02662138,0.14289622,-0.83877194,-0.0057894737,0.12066658",0.0
"0.012426199,-0.35426795,-0.37278554,-0.8299324,-0.02662138,0.14289622,-0.83877194,-0.0057894737,0.12066658","-0.11063659,-0.05290979,-0.11045891","0.0018612054,-0.3615428,-0.3846522,-0.8294489,0.000939662,0.11030576,-0.83877194,-0.0057894737,0.12066658",0.0
"0.0,0.0,0.0,2.8652207e-07,0.005789075,0.993462,0.06491228,-0.7135087,0.42487016","0.9871571,-0.97357965,-0.74132514","0.09426633,-0.1338622,-0.07964102,-0.37310764,-0.10778984,0.89770716,0.06491228,-0.7135087,0.42487016",0.0
"0.09426633,-0.1338622,-0.07964102,-0.37310764,-0.10778984,0.89770716,0.06491228,-0.7135087,0.42487016","0.99048615,-0.9372971,-0.9234594","0.18885057,-0.26273572,-0.17884885,-0.5896308,-0.39062652,0.6132216,0.06491228,-0.7135087,0.42487016",0.0
"0.18885057,-0.26273572,-0.17884885,-0.5896308,-0.39062652,0.6132216,0.06491228,-0.7135087,0.42487016","0.99220204,-0.67952716,-0.95814973","0.28359866,-0.35616726,-0.28178346,-0.5366734,-0.65466136,0.27969196,0.06491228,-0.7135087,0.42487016",0.0
"0.28359866,-0.35616726,-0.28178346,-0.5366734,-0.65466136,0.27969196,0.06491228,-0.7135087,0.42487016","0.9841337,0.19191551,-0.65565413","0.3775763,-0.3297799,-0.35222077,-0.31350937,-0.75912654,0.22378033,0.06491228,-0.7135087,0.42487016",0.0
"0.3775763,-0.3297799,-0.35222077,-0.31350937,-0.75912654,0.22378033,0.06491228,-0.7135087,0.42487016","0.9638171,-0.010677576,-0.13798916","0.46961382,-0.33124802,-0.36704504,-0.083829,-0.8147705,0.19798099,0.06491228,-0.7135087,0.42487016",0.0
"0.46961382,-0.33124802,-0.36704504,-0.083829,-0.8147705,0.19798099,0.06491228,-0.7135087,0.42487016","0.6662092,0.62552917,-0.35477197","0.533232,-0.24524103,-0.40515846,0.07237178,-0.7462107,0.3038488,0.06491228,-0.7135087,0.42487016",0.0
"0.533232,-0.24524103,-0.40515846,0.07237178,-0.7462107,0.3038488,0.06491228,-0.7135087,0.42487016","-0.15624869,0.38130677,0.20458627","0.5183113,-0.19281332,-0.3831797,0.0344815,-0.69938344,0.4310185,0.06491228,-0.7135087,0.42487016",0.0
"0.5183113,-0.19281332,-0.3831797,0.0344815,-0.69938344,0.4310185,0.06491228,-0.7135087,0.42487016","0.099560976,0.17303693,-0.31394106","0.5278187,-0.16902165,-0.41690663,0.053394314,-0.6756956,0.4184599,0.06491228,-0.7135087,0.42487016",0.0
"0.5278187,-0.16902165,-0.41690663,0.053394314,-0.6756956,0.4184599,0.06491228,-0.7135087,0.42487016","0.15757525,-0.1975596,0.27317286","0.54286593,-0.19618508,-0.38755953,0.08881341,-0.6986106,0.41842347,0.06491228,-0.7135087,0.42487016",0.0
"0.54286593,-0.19618508,-0.38755953,0.08881341,-0.6986106,0.41842347,0.06491228,-0.7135087,0.42487016","-0.0369792,-0.2000727,0.26750576","0.5393347,-0.22369407,-0.35882127,0.08424861,-0.7252403,0.41504174,0.06491228,-0.7135087,0.42487016",0.0
"0.5393347,-0.22369407,-0.35882127,0.08424861,-0.7252403,0.41504174,0.06491228,-0.7135087,0.42487016","-0.101530194,0.048027277,-0.05165994","0.5296393,-0.21709059,-0.36437118,0.06153994,-0.7212282,0.41811624,0.06491228,-0.7135087,0.42487016",0.0
"0.0,0.0,0.0,2.8652207e-07,0.005789075,0.993462,-0.7140936,-0.11327485,0.53209","0.020602107,-0.80690885,-0.8828796","0.0019673463,-0.11094581,-0.09484831,-0.3612351,0.0035565814,0.907055,-0.7140936,-0.11327485,0.53209",0.0
"0.0019673463,-0.11094581,-0.09484831,-0.3612351,0.0035565814,0.907055,-0.7140936,-0.11327485,0.53209","0.41704583,-0.96113706,-0.4314648","0.04179219,-0.24309725,-0.14120084,-0.64438164,-0.079253644,0.69511503,-0.7140936,-0.11327485,0.53209",0.0
"0.04179219,-0.24309725,-0.14120084,-0.64438164,-0.079253644,0.69511503,-0.7140936,-0.11327485,0.53209","0.17068672,-0.65229565,-0.5257466","0.058091532,-0.33278456,-0.19768213,-0.79448766,-0.14073859,0.45640656,-0.7140936,-0.11327485,0.53209",0.0
"0.058091532,-0.33278456,-0.19768213,-0.79448766,-0.14073859,0.45640656,-0.7140936,-0.11327485,0.53209","0.07943046,0.7093501,-0.5011086","0.06567656,-0.23525262,-0.25151655,-0.6975493,-0.140088,0.55765665,-0.7140936,-0.11327485,0.53209",0.0
"0.06567656,-0.23525262,-0.25151655,-0.6975493,-0.140088,0.55765665,-0.7140936,-0.11327485,0.53209","-0.1541158,-0.049368322,-0.17594683","0.050959613,-0.24204053,-0.27041864,-0.7200819,-0.11041232,0.5177431,-0.7140936,-0.11327485,0.53209",0.0
"0.0,0.0,0.0,2.8652207e-07,0.005789075,0.993462,-0.6104094,-0.48245612,-0.23054375","0.99070954,-0.98396796,-0.88478714","0.094605565,-0.13529053,-0.09505324,-0.393354,-0.114423625,0.88399965,-0.6104094,-0.48245612,-0.23054375",0.0
"0.094605565,-0.13529053,-0.09505324,-0.393354,-0.114423625,0.88399965,-0.6104094,-0.48245612,-0.23054375","0.9953768,-0.99493337,-0.5059296","0.18965684,-0.27208877,-0.14940557,-0.58269733,-0.38808984,0.6368351,-0.6104094,-0.48245612,-0.23054375",0.0
"0.18965684,-0.27208877,-0.14940557,-0.58269733,-0.38808984,0.6368351,-0.6104094,-0.48245612,-0.23054375","0.6738391,-0.9539132,-0.93375254","0.25400358,-0.40324694,-0.24971917,-0.6190825,-0.6265653,0.23052216,-0.6104094,-0.48245612,-0.23054375",0.0
"0.25400358,-0.40324694,-0.24971917,-0.6190825,-0.6265653,0.23052216,-0.6104094,-0.48245612,-0.23054375","-0.24340689,-0.7772928,-0.9810668","0.23075998,-0.51012075,-0.35511577,-0.65782213,-0.5750124,-0.15827495,-0.6104094,-0.48245612,-0.23054375",0.0
"0.23075998,-0.51012075,-0.35511577,-0.65782213,-0.5750124,-0.15827495,-0.6104094,-0.48245612,-0.23054375","-0.361601,0.23867798,-0.8210729","0.19622973,-0.4773038,-0.44332412,-0.66110057,-0.46136057,-0.20276135,-0.6104094,-0.48245612,-0.23054375",0.0
"0.19622973,-0.4773038,-0.44332412,-0.66110057,-0.46136057,-0.20276135,-0.6104094,-0.48245612,-0.23054375","0.26795208,0.024630785,-0.26466525","0.2218172,-0.47391728,-0.4717573,-0.6017882,-0.4961088,-0.22883846,-0.6104094,-0.48245612,-0.23054375",0.0
"0.0,0.0,0.0,2.8652207e-07,0.005789075,0.993462,0.5964913,0.45690057,0.49050963","0.64002526,0.93928707,0.97315717","0.06111777,0.12914714,0.10454689,0.40017805,0.083693124,0.88217026,0.5964913,0.45690057,0.49050963",0.0
"0.06111777,0.12914714,0.10454689,0.40017805,0.083693124,0.88217026,0.5964913,0.45690057,0.49050963","0.31140566,0.9355935,0.5966923","0.09085476,0.25778645,0.16864991,0.6633747,0.20069481,0.6355074,0.5964913,0.45690057,0.49050963",0.0
"0.09085476,0.25778645,0.16864991,0.6633747,0.20069481,0.6355074,0.5964913,0.45690057,0.49050963","0.7158278,-0.011543095,0.7160542","0.15921111,0.25619936,0.24557608,0.642825,0.3579226,0.52942055,0.5964913,0.45690057,0.49050963",0.0
"0.15921111,0.25619936,0.24557608,0.642825,0.3579226,0.52942055,0.5964913,0.45690057,0.49050963","0.46985853,-0.3910449,0.5598012","0.20407918,0.20243272,0.30571592,0.5514324,0.41876313,0.5334664,0.5964913,0.45690057,0.49050963",0.0
"0.20407918,0.20243272,0.30571592,0.5514324,0.41876313,0.5334664,0.5964913,0.45690057,0.49050963","0.06803882,0.34658074,-0.55970395","0.2105764,0.2500858,0.24558659,0.570824,0.45177233,0.5403187,0.5964913,0.45690057,0.49050963",0.0
"0.2105764,0.2500858,0.24558659,0.570824,0.45177233,0.5403187,0.5964913,0.45690057,0.49050963","-0.005582392,0.22331297,-0.23930097","0.21004333,0.2807902,0.21987835,0.5928306,0.46730444,0.5225921,0.5964913,0.45690057,0.49050963",0.0
"0.21004333,0.2807902,0.21987835,0.5928306,0.46730444,0.5225921,0.5964913,0.45690057,0.49050963","-0.037186623,0.006012678,0.08277583","0.20649227,0.28161696,0.228771,0.60203457,0.46371582,0.5079369,0.5964913,0.45690057,0.49050963",0.0
"0.20649227,0.28161696,0.228771,0.60203457,0.46371582,0.5079369,0.5964913,0.45690057,0.49050963","-0.018071055,-0.09501493,0.16448498","0.20476662,0.26855293,0.24644174,0.5977599,0.45536253,0.5057259,0.5964913,0.45690057,0.49050963",0.0
"0.0,0.0,0.0,2.8652207e-07,0.005789075,0.993462,-0.73491234,0.40432748,0.12066658","-0.9779883,-0.96379757,-0.8908416","-0.0933908,-0.1325172,-0.09570367,-0.3859793,0.122657746,0.88621676,-0.73491234,0.40432748,0.12066658",0.0
"-0.0933908,-0.1325172,-0.09570367,-0.3859793,0.122657746,0.88621676,-0.73491234,0.40432748,0.12066658","-0.87252694,-0.9722913,-0.89622957","-0.17671078,-0.26620227,-0.19198617,-0.60927004,0.3846937,0.58895826,-0.73491234,0.40432748,0.12066658",0.0
"-0.17671078,-0.26620227,-0.19198617,-0.60927004,0.3846937,0.58895826,-0.73491234,0.40432748,0.12066658","-0.13243347,-0.9603342,-0.8129567","-0.18935722,-0.3982433,-0.2793226,-0.7221268,0.49561954,0.195087,-0.73491234,0.40432748,0.12066658",0.0
"-0.18935722,-0.3982433,-0.2793226,-0.7221268,0.49561954,0.195087,-0.73491234,0.40432748,0.12066658","0.42375278,0.1254301,-0.6821717","-0.14889191,-0.38099736,-0.35260874,-0.75620115,0.3884806,0.118666865,-0.73491234,0.40432748,0.12066658",0.0
"-0.14889191,-0.38099736,-0.35260874,-0.75620115,0.3884806,0.118666865,-0.73491234,0.40432748,0.12066658","0.0070171356,0.26078522,-0.3211096","-0.14822182,-0.34514076,-0.38710576,-0.7307304,0.37367827,0.13963622,-0.73491234,0.40432748,0.12066658",0.0
"-0.14822182,-0.34514076,-0.38710576,-0.7307304,0.37367827,0.13963622,-0.73491234,0.40432748,0.12066658","-0.13992763,-0.046343803,-0.120609164","-0.16158389,-0.35151282,-0.4000629,-0.71253437,0.4029748,0.107505806,-0.73491234,0.40432748,0.12066658",0.0
"-0.16158389,-0.35151282,-0.4000629,-0.71253437,0.4029748,0.107505806,-0.73491234,0.40432748,0.12066658","0.0473783,-0.06720215,0.16655695","-0.15705961,-0.36075276,-0.38216957,-0.72830516,0.39824638,0.11562072,-0.73491234,0.40432748,0.12066658",0.0
"0.0,0.0,0.0,2.8652207e-07,0.005789075,0.993462,0.06491228,-0.7135087,0.42487016","0.9871571,-0.97357965,-0.74132514","0.09426633,-0.1338622,-0.07964102,-0.37310764,-0.10778984,0.89770716,0.06491228,-0.7135087,0.42487016",0.0
"0.09426633,-0.1338622,-0.07964102,-0.37310764,-0.10778984,0.89770716,0.06491228,-0.7135087,0.42487016","0.99048615,-0.9372971,-0.9234594","0.18885057,-0.26273572,-0.17884885,-0.5896308,-0.39062652,0.6132216,0.06491228,-0.7135087,0.42487016",0.0
"0.18885057,-0.26273572,-0.17884885,-0.5896308,-0.39062652,0.6132216,0.06491228,-0.7135087,0.42487016","0.99220204,-0.67952716,-0.95814973","0.28359866,-0.35616726,-0.28178346,-0.5366734,-0.65466136,0.27969196,0.06491228,-0.7135087,0.42487016",0.0
"0.28359866,-0.35616726,-0.28178346,-0.5366734,-0.65466136,0.27969196,0.06491228,-0.7135087,0.42487016","0.9841337,0.19191551,-0.65565413","0.3775763,-0.3297799,-0.35222077,-0.31350937,-0.75912654,0.22378033,0.06491228,-0.7135087,0.42487016",0.0
"0.3775763,-0.3297799,-0.35222077,-0.31350937,-0.75912654,0.22378033,0.06491228,-0.7135087,0.42487016","0.9638171,-0.010677576,-0.13798916","0.46961382,-0.33124802,-0.36704504,-0.083829,-0.8147705,0.19798099,0.06491228,-0.7135087,0.42487016",0.0
"0.46961382,-0.33124802,-0.36704504,-0.083829,-0.8147705,0.19798099,0.06491228,-0.7135087,0.42487016","0.6662092,0.62552917,-0.35477197","0.533232,-0.24524103,-0.40515846,0.07237178,-0.7462107,0.3038488,0.06491228,-0.7135087,0.42487016",0.0
"0.533232,-0.24524103,-0.40515846,0.07237178,-0.7462107,0.3038488,0.06491228,-0.7135087,0.42487016","-0.15624869,0.38130677,0.20458627","0.5183113,-0.19281332,-0.3831797,0.0344815,-0.69938344,0.4310185,0.06491228,-0.7135087,0.42487016",0.0
"0.5183113,-0.19281332,-0.3831797,0.0344815,-0.69938344,0.4310185,0.06491228,-0.7135087,0.42487016","0.099560976,0.17303693,-0.31394106","0.5278187,-0.16902165,-0.41690663,0.053394314,-0.6756956,0.4184599,0.06491228,-0.7135087,0.42487016",0.0
"0.5278187,-0.16902165,-0.41690663,0.053394314,-0.6756956,0.4184599,0.06491228,-0.7135087,0.42487016","0.15757525,-0.1975596,0.27317286","0.54286593,-0.19618508,-0.38755953,0.08881341,-0.6986106,0.41842347,0.06491228,-0.7135087,0.42487016",0.0
"0.54286593,-0.19618508,-0.38755953,0.08881341,-0.6986106,0.41842347,0.06491228,-0.7135087,0.42487016","-0.0369792,-0.2000727,0.26750576","0.5393347,-0.22369407,-0.35882127,0.08424861,-0.7252403,0.41504174,0.06491228,-0.7135087,0.42487016",0.0
"0.5393347,-0.22369407,-0.35882127,0.08424861,-0.7252403,0.41504174,0.06491228,-0.7135087,0.42487016","-0.101530194,0.048027277,-0.05165994","0.5296393,-0.21709059,-0.36437118,0.06153994,-0.7212282,0.41811624,0.06491228,-0.7135087,0.42487016",0.0
"0.0,0.0,0.0,2.8652207e-07,0.005789075,0.993462,-0.07426901,-0.82614034,0.44441816","0.993603,-0.9864478,-0.4163","0.09488186,-0.1356315,-0.044723358,-0.33470526,-0.09677679,0.92067784,-0.07426901,-0.82614034,0.44441816",0.0
"0.09488186,-0.1356315,-0.044723358,-0.33470526,-0.09677679,0.92067784,-0.07426901,-0.82614034,0.44441816","0.99624276,-0.9802895,-0.591096","0.19001582,-0.2704163,-0.10822515,-0.5525617,-0.36856186,0.6919345,-0.07426901,-0.82614034,0.44441816",0.0
"0.19001582,-0.2704163,-0.10822515,-0.5525617,-0.36856186,0.6919345,-0.07426901,-0.82614034,0.44441816","0.9890492,-0.9093336,-0.89232427","0.28446284,-0.39544502,-0.20408809,-0.5500178,-0.67492807,0.3182173,-0.07426901,-0.82614034,0.44441816",0.0
"0.28446284,-0.39544502,-0.20408809,-0.5500178,-0.67492807,0.3182173,-0.07426901,-0.82614034,0.44441816","0.9671469,0.37350655,-0.55934095","0.37681833,-0.3440898,-0.26417843,-0.32064572,-0.77145565,0.33192137,-0.07426901,-0.82614034,0.44441816",0.0
"0.37681833,-0.3440898,-0.26417843,-0.32064572,-0.77145565,0.33192137,-0.07426901,-0.82614034,0.44441816","0.863845,0.37901175,-0.071196735","0.45930925,-0.29197767,-0.27182716,-0.10598567,-0.7791805,0.42324838,-0.07426901,-0.82614034,0.44441816",0.0
"0.45930925,-0.29197767,-0.27182716,-0.10598567,-0.7791805,0.42324838,-0.07426901,-0.82614034,0.44441816","0.32139838,-0.008174539,0.19113743","0.4900005,-0.29310167,-0.25129315,-0.030339345,-0.78123236,0.45249447,-0.07426901,-0.82614034,0.44441816",0.0
"0.4900005,-0.29310167,-0.25129315,-0.030339345,-0.78123236,0.45249447,-0.07426901,-0.82614034,0.44441816","0.0030823946,-0.38912416,0.38497782","0.49029484,-0.34660426,-0.20993476,-0.030967748,-0.8255544,0.4103992,-0.07426901,-0.82614034,0.44441816",0.0
"0.49029484,-0.34660426,-0.20993476,-0.030967748,-0.8255544,0.4103992,-0.07426901,-0.82614034,0.44441816","-0.1675356,0.051396012,0.14468777","0.47429642,-0.3395376,-0.19439086,-0.07134912,-0.8099211,0.44798785,-0.07426901,-0.82614034,0.44441816",0.0
"0.0,0.0,0.0,2.8652207e-07,0.005789075,0.993462,-0.77087724,-0.12274853,-0.029571943","0.26470065,-0.9248826,-0.9697583","0.025276987,-0.1271666,-0.10418174,-0.40368024,-0.0263164,0.88444287,-0.77087724,-0.12274853,-0.029571943",0.0
"0.025276987,-0.1271666,-0.10418174,-0.40368024,-0.0263164,0.88444287,-0.77087724,-0.12274853,-0.029571943","0.271873,-0.97658646,-0.8689258","0.05123888,-0.26144224,-0.19753097,-0.70899224,-0.109258994,0.5895171,-0.77087724,-0.12274853,-0.029571943",0.0
"0.05123888,-0.26144224,-0.19753097,-0.70899224,-0.109258994,0.5895171,-0.77087724,-0.12274853,-0.029571943","-0.084483445,-0.875782,-0.952198","0.043171324,-0.38185778,-0.2998262,-0.8560825,-0.110981874,0.19796477,-0.77087724,-0.12274853,-0.029571943",0.0
"0.043171324,-0.38185778,-0.2998262,-0.8560825,-0.110981874,0.19796477,-0.77087724,-0.12274853,-0.029571943","0.2769928,-0.37561476,-0.92381734","0.06962213,-0.4335029,-0.39907244,-0.8232422,-0.17706011,-0.05756926,-0.77087724,-0.12274853,-0.029571943",0.0
"0.06962213,-0.4335029,-0.39907244,-0.8232422,-0.17706011,-0.05756926,-0.77087724,-0.12274853,-0.029571943","-0.15207326,0.49075484,-0.38526595","0.055100236,-0.3660267,-0.44046178,-0.7915233,-0.13252287,0.020400096,-0.77087724,-0.12274853,-0.029571943",0.0
"0.055100236,-0.3660267,-0.44046178,-0.7915233,-0.13252287,0.020400096,-0.77087724,-0.12274853,-0.029571943","0.0051351786,-0.10861927,-0.2998832","0.055590607,-0.38096133,-0.47267842,-0.7722771,-0.13038221,-0.052140687,-0.77087724,-0.12274853,-0.029571943",0.0
"0.055590607,-0.38096133,-0.47267842,-0.7722771,-0.13038221,-0.052140687,-0.77087724,-0.12274853,-0.029571943","0.033264875,0.05529666,0.13179791","0.058767162,-0.37335834,-0.4585193,-0.77992934,-0.13976164,-0.018715808,-0.77087724,-0.12274853,-0.029571943",0.0
"0.058767162,-0.37335834,-0.4585193,-0.77992934,-0.13976164,-0.018715808,-0.77087724,-0.12274853,-0.029571943","-0.027415931,0.012420535,-0.10514802","0.056149136,-0.3716506,-0.46981543,-0.77278787,-0.1318694,-0.030572789,-0.77087724,-0.12274853,-0.029571943",0.0
"0.0,0.0,0.0,2.8652207e-07,0.005789075,0.993462,0.49391815,-0.5280117,0.53209","-0.87778527,0.7239617,0.8423786","-0.083822116,0.09954101,0.09049727,0.32291323,-0.08106042,0.9198971,0.49391815,-0.5280117,0.53209",0.0
"-0.083822116,0.09954101,0.09049727,0.32291323,-0.08106042,0.9198971,0.49391815,-0.5280117,0.53209","-0.9601691,0.622041,0.8335757","-0.1755113,0.18506844,0.18004884,0.5037738,-0.3030315,0.7346267,0.49391815,-0.5280117,0.53209",0.0
"-0.1755113,0.18506844,0.18004884,0.5037738,-0.3030315,0.7346267,0.49391815,-0.5280117,0.53209","-0.8498908,0.08899391,0.8075323","-0.2566697,0.19730467,0.26680255,0.46629736,-0.47789702,0.59930485,0.49391815,-0.5280117,0.53209",0.0
"-0.2566697,0.19730467,0.26680255,0.46629736,-0.47789702,0.59930485,0.49391815,-0.5280117,0.53209","-0.27554417,0.05547321,0.10510659","-0.28298217,0.20493196,0.27809426,0.43544182,-0.5273301,0.5703063,0.49391815,-0.5280117,0.53209",0.0
"-0.28298217,0.20493196,0.27809426,0.43544182,-0.5273301,0.5703063,0.49391815,-0.5280117,0.53209","0.013030767,0.22742498,-0.16321993","-0.28173783,0.23620175,0.26055944,0.45843893,-0.55121773,0.542703,0.49391815,-0.5280117,0.53209",0.0
"-0.28173783,0.23620175,0.26055944,0.45843893,-0.55121773,0.542703,0.49391815,-0.5280117,0.53209","0.20739508,0.08289349,0.006538272","-0.2619331,0.24759921,0.26126188,0.50186706,-0.5324701,0.5215226,0.49391815,-0.5280117,0.53209",0.0
"0.0,0.0,0.0,2.8652207e-07,0.005789075,0.993462,-0.62163746,-0.097836256,0.18931343","0.18429172,-0.8624844,-0.9707052","0.017598517,-0.118587166,-0.104283474,-0.38748983,-0.015647314,0.892649,-0.62163746,-0.097836256,0.18931343",0.0
"0.017598517,-0.118587166,-0.104283474,-0.38748983,-0.015647314,0.892649,-0.62163746,-0.097836256,0.18931343","0.16107893,-0.91133,-0.9490202","0.032980382,-0.24389036,-0.20623732,-0.6949959,-0.06644782,0.60761726,-0.62163746,-0.097836256,0.18931343",0.0
"0.032980382,-0.24389036,-0.20623732,-0.6949959,-0.06644782,0.60761726,-0.62163746,-0.097836256,0.18931343","0.4442948,-0.549657,-0.9789912","0.07540731,-0.31946537,-0.31141096,-0.79575175,-0.18616478,0.30793464,-0.62163746,-0.097836256,0.18931343",0.0
"0.07540731,-0.31946537,-0.31141096,-0.79575175,-0.18616478,0.30793464,-0.62163746,-0.097836256,0.18931343","-0.21731615,0.4011562,-0.9339679","0.054655187,-0.2643085,-0.4117477,-0.75315386,-0.12473058,0.25844994,-0.62163746,-0.097836256,0.18931343",0.0
"0.054655187,-0.2643085,-0.4117477,-0.75315386,-0.12473058,0.25844994,-0.62163746,-0.097836256,0.18931343","0.08161938,0.50512004,-0.8820509","0.062449243,-0.19485714,-0.50650704,-0.6738389,-0.12802094,0.23685654,-0.62163746,-0.097836256,0.18931343",0.0
"0.062449243,-0.19485714,-0.50650704,-0.6738389,-0.12802094,0.23685654,-0.62163746,-0.097836256,0.18931343","-0.04386437,0.09211457,-0.4981163","0.058260508,-0.18219188,-0.56002,-0.6437834,-0.113278225,0.17858268,-0.62163746,-0.097836256,0.18931343",0.0
"0.058260508,-0.18219188,-0.56002,-0.6437834,-0.113278225,0.17858268,-0.62163746,-0.097836256,0.18931343","0.010313988,0.16625237,-0.11786914","0.059245415,-0.15933307,-0.5726828,-0.62354076,-0.11152447,0.19613627,-0.62163746,-0.097836256,0.18931343",0.0
"0.0,0.0,0.0,2.8652207e-07,0.005789075,0.993462,0.5966667,-0.31631577,0.021030586","-0.8738866,0.9944123,0.94231796","-0.08344981,0.13672657,0.10123381,0.40683863,-0.10317801,0.87733436,0.5966667,-0.31631577,0.021030586",0.0
"-0.08344981,0.13672657,0.10123381,0.40683863,-0.10317801,0.87733436,0.5966667,-0.31631577,0.021030586","-0.88467216,0.9725182,0.97682357","-0.16792957,0.27044284,0.20617457,0.63756126,-0.36477706,0.561297,0.5966667,-0.31631577,0.021030586",0.0
"-0.16792957,0.27044284,0.20617457,0.63756126,-0.36477706,0.561297,0.5966667,-0.31631577,0.021030586","-0.40818465,0.8889998,0.97871995","-0.20690826,0.3926758,0.31131905,0.69403756,-0.5203633,0.15733452,0.5966667,-0.31631577,0.021030586",0.0
"-0.20690826,0.3926758,0.31131905,0.69403756,-0.5203633,0.15733452,0.5966667,-0.31631577,0.021030586","0.7275053,-0.2161181,0.91955113","-0.13743678,0.36296067,0.41010702,0.7458192,-0.33727378,0.06986399,0.5966667,-0.31631577,0.021030586",0.0
"-0.13743678,0.36296067,0.41010702,0.7458192,-0.33727378,0.06986399,0.5966667,-0.31631577,0.021030586","-0.30210292,-0.5089839,0.8724593","-0.16628543,0.29297805,0.50383586,0.64363474,-0.36389574,0.069547996,0.5966667,-0.31631577,0.021030586",0.0
"-0.16628543,0.29297805,0.50383586,0.64363474,-0.36389574,0.069547996,0.5966667,-0.31631577,0.021030586","0.23882544,-0.2859757,0.5292785","-0.14347932,0.25365788,0.5606966,0.6203817,-0.29382423,0.060596086,0.5966667,-0.31631577,0.021030586",0.0
"-0.14347932,0.25365788,0.5606966,0.6203817,-0.29382423,0.060596086,0.5966667,-0.31631577,0.021030586","-0.093435764,-0.16448385,0.24467647","-0.15240176,0.23104224,0.58698237,0.5875437,-0.29845196,0.06295643,0.5966667,-0.31631577,0.021030586",0.0
"-0.15240176,0.23104224,0.58698237,0.5875437,-0.29845196,0.06295643,0.5966667,-0.31631577,0.021030586","-0.085673034,0.10517788,-0.08508015","-0.16058291,0.2455037,0.5778422,0.5900891,-0.31920046,0.051470138,0.5966667,-0.31631577,0.021030586",0.0
"-0.16058291,0.2455037,0.5778422,0.5900891,-0.31920046,0.051470138,0.5966667,-0.31631577,0.021030586","0.03907895,0.072817564,-0.0485512","-0.15685116,0.25551575,0.5726263,0.6001525,-0.31567627,0.04179805,0.5966667,-0.31631577,0.021030586",0.0
"-0.15685116,0.25551575,0.5726263,0.6001525,-0.31567627,0.04179805,0.5966667,-0.31631577,0.021030586","0.0370512,-0.01423049,0.042944312","-0.15331303,0.25355917,0.5772398,0.5999117,-0.30704534,0.039040424,0.5966667,-0.31631577,0.021030586",0.0
"-0.15331303,0.25355917,0.5772398,0.5999117,-0.30704534,0.039040424,0.5966667,-0.31631577,0.021030586","-0.006518841,-0.013351262,0.032223463","-0.15393554,0.25172347,0.5807016,0.59640795,-0.30669388,0.03758258,0.5966667,-0.31631577,0.021030586",0.0
"-0.15393554,0.25172347,0.5807016,0.59640795,-0.30669388,0.03758258,0.5966667,-0.31631577,0.021030586","-0.009290874,0.013216257,-0.003047645","-0.15482274,0.2535407,0.5803742,0.59626323,-0.3087319,0.03502957,0.5966667,-0.31631577,0.021030586",0.0
"0.0,0.0,0.0,2.8652207e-07,0.005789075,0.993462,-0.06976608,0.91216373,0.05502712","-0.73098785,-0.996342,-0.36153734","-0.069804035,-0.1369919,-0.03884017,-0.33411974,0.08039997,0.92322475,-0.06976608,0.91216373,0.05502712",0.0
"-0.069804035,-0.1369919,-0.03884017,-0.33411974,0.08039997,0.92322475,-0.06976608,0.91216373,0.05502712","-0.90516263,-0.9817035,-0.32705534","-0.1562405,-0.2719711,-0.07397591,-0.55730116,0.3044273,0.7294827,-0.06976608,0.91216373,0.05502712",0.0
"-0.1562405,-0.2719711,-0.07397591,-0.55730116,0.3044273,0.7294827,-0.06976608,0.91216373,0.05502712","-0.9923945,-0.9858546,0.37226093","-0.25100696,-0.4075211,-0.03398365,-0.5598642,0.5716329,0.53958154,-0.06976608,0.91216373,0.05502712",0.0
"-0.25100696,-0.4075211,-0.03398365,-0.5598642,0.5716329,0.53958154,-0.06976608,0.91216373,0.05502712","-0.9884179,-0.97177315,-0.14347875","-0.3453937,-0.54113495,-0.049397614,-0.43427232,0.83506286,0.23157753,-0.06976608,0.91216373,0.05502712",0.0
"-0.3453937,-0.54113495,-0.049397614,-0.43427232,0.83506286,0.23157753,-0.06976608,0.91216373,0.05502712","-0.9528459,-0.098834336,-0.6831439","-0.43638355,-0.5547242,-0.12278814,-0.18537153,0.9443158,0.0866926,-0.06976608,0.91216373,0.05502712",0.0
"-0.43638355,-0.5547242,-0.12278814,-0.18537153,0.9443158,0.0866926,-0.06976608,0.91216373,0.05502712","-0.59777606,0.57671905,-0.79844767","-0.49346685,-0.47542837,-0.20856585,-0.013190232,0.92481583,0.13560599,-0.06976608,0.91216373,0.05502712",0.0
"-0.49346685,-0.47542837,-0.20856585,-0.013190232,0.92481583,0.13560599,-0.06976608,0.91216373,0.05502712","0.13864052,-0.45167565,-0.12133026","-0.4802277,-0.5375315,-0.2216004,-0.05278111,0.94193083,-0.02632807,-0.06976608,0.91216373,0.05502712",0.0
"-0.4802277,-0.5375315,-0.2216004,-0.05278111,0.94193083,-0.02632807,-0.06976608,0.91216373,0.05502712","0.17560697,0.5172782,0.021852255","-0.4634585,-0.4664085,-0.21925278,-0.0995817,0.9142005,0.13924025,-0.06976608,0.91216373,0.05502712",0.0
"-0.4634585,-0.4664085,-0.21925278,-0.0995817,0.9142005,0.13924025,-0.06976608,0.91216373,0.05502712","-0.06462693,0.020622611,-0.6104881","-0.4696299,-0.463573,-0.28483787,-0.080447346,0.9014159,0.04442892,-0.06976608,0.91216373,0.05502712",0.0
"-0.4696299,-0.463573,-0.28483787,-0.080447346,0.9014159,0.04442892,-0.06976608,0.91216373,0.05502712","-0.02197653,0.23843825,-0.15546256","-0.47172853,-0.43078905,-0.3015393,-0.07299039,0.88494325,0.09071304,-0.06976608,0.91216373,0.05502712",0.0
"-0.47172853,-0.43078905,-0.3015393,-0.07299039,0.88494325,0.09071304,-0.06976608,0.91216373,0.05502712","-0.05872482,-0.08646107,-0.15546864","-0.47733632,-0.44267705,-0.3182414,-0.05728544,0.88463295,0.03970834,-0.06976608,0.91216373,0.05502712",0.0
"-0.47733632,-0.44267705,-0.3182414,-0.05728544,0.88463295,0.03970834,-0.06976608,0.91216373,0.05502712","-0.016234636,-0.0023567677,0.1713121","-0.47888663,-0.44300115,-0.2998372,-0.053418756,0.8915613,0.066775985,-0.06976608,0.91216373,0.05502712",0.0
"-0.47888663,-0.44300115,-0.2998372,-0.053418756,0.8915613,0.066775985,-0.06976608,0.91216373,0.05502712","-0.0015194416,-0.10039657,0.05344355","-0.47903174,-0.4568052,-0.29409572,-0.05344648,0.89816624,0.04529456,-0.06976608,0.91216373,0.05502712",0.0
"-0.47903174,-0.4568052,-0.29409572,-0.05344648,0.89816624,0.04529456,-0.06976608,0.91216373,0.05502712","0.020006418,0.021948338,0.09012544","-0.47712126,-0.45378748,-0.28441346,-0.058983956,0.89988613,0.0666387,-0.06976608,0.91216373,0.05502712",0.0
"-0.47712126,-0.45378748,-0.28441346,-0.058983956,0.89988613,0.0666387,-0.06976608,0.91216373,0.05502712","0.0078070164,-0.012081802,-0.050144613","-0.47637573,-0.45544872,-0.28980052,-0.06101128,0.89866525,0.05478603,-0.06976608,0.91216373,0.05502712",0.0
"0.0,0.0,0.0,2.8652207e-07,0.005789075,0.993462,-0.075672515,-0.8430994,-0.31978464","0.9953412,-0.9519888,-0.47867203","0.09504785,-0.13089356,-0.051424026,-0.3336229,-0.09663363,0.9203852,-0.075672515,-0.8430994,-0.31978464",0.0
"0.09504785,-0.13089356,-0.051424026,-0.3336229,-0.09663363,0.9203852,-0.075672515,-0.8430994,-0.31978464","0.9895462,-0.9618715,-0.93282557","0.18954231,-0.26314598,-0.15163806,-0.57322687,-0.38136926,0.6490402,-0.075672515,-0.8430994,-0.31978464",0.0
"0.18954231,-0.26314598,-0.15163806,-0.57322687,-0.38136926,0.6490402,-0.075672515,-0.8430994,-0.31978464","0.99178255,-0.96293473,-0.86281824","0.28425035,-0.39554456,-0.24433115,-0.5533935,-0.67819476,0.25543052,-0.075672515,-0.8430994,-0.31978464",0.0
"0.28425035,-0.39554456,-0.24433115,-0.5533935,-0.67819476,0.25543052,-0.075672515,-0.8430994,-0.31978464","0.9831524,-0.9238903,-0.8503719","0.37813425,-0.5225748,-0.3356871,-0.33642104,-0.81987303,-0.15869606,-0.075672515,-0.8430994,-0.31978464",0.0
"0.37813425,-0.5225748,-0.3356871,-0.33642104,-0.81987303,-0.15869606,-0.075672515,-0.8430994,-0.31978464","0.9513335,-0.6713285,-0.5782339","0.4689797,-0.614879,-0.3978071,-0.08351658,-0.7948012,-0.42388102,-0.075672515,-0.8430994,-0.31978464",0.0
"0.4689797,-0.614879,-0.3978071,-0.08351658,-0.7948012,-0.42388102,-0.075672515,-0.8430994,-0.31978464","0.14605963,0.2012161,0.5276077","0.48292732,-0.58721286,-0.34112588,-0.052292287,-0.866086,-0.30428544,-0.075672515,-0.8430994,-0.31978464",0.0
"0.48292732,-0.58721286,-0.34112588,-0.052292287,-0.866086,-0.30428544,-0.075672515,-0.8430994,-0.31978464","-0.061079204,-0.060391605,-0.1021117","0.47709468,-0.59551644,-0.35209575,-0.06721892,-0.85202885,-0.3349627,-0.075672515,-0.8430994,-0.31978464",0.0
"0.47709468,-0.59551644,-0.35209575,-0.06721892,-0.85202885,-0.3349627,-0.075672515,-0.8430994,-0.31978464","0.010033131,0.08500254,0.0011054277","0.47805277,-0.58382905,-0.35197696,-0.064983286,-0.85699236,-0.31038654,-0.075672515,-0.8430994,-0.31978464",0.0
"0.47805277,-0.58382905,-0.35197696,-0.064983286,-0.85699236,-0.31038654,-0.075672515,-0.8430994,-0.31978464","0.017749667,-0.024314523,-0.07121426","0.4797477,-0.58717227,-0.35962752,-0.059898306,-0.8491509,-0.32649338,-0.075672515,-0.8430994,-0.31978464",0.0
"0.4797477,-0.58717227,-0.35962752,-0.059898306,-0.8491509,-0.32649338,-0.075672515,-0.8430994,-0.31978464","-0.01918602,0.009377241,0.03167522","0.4779156,-0.58588296,-0.3562246,-0.06503482,-0.85239124,-0.31977662,-0.075672515,-0.8430994,-0.31978464",0.0
"0.0,0.0,0.0,2.8652207e-07,0.005789075,0.993462,-0.45391816,-0.7053216,0.12066658","0.9904492,-0.98857397,-0.41177392","0.0945807,-0.13592383,-0.04423712,-0.33477062,-0.096452154,0.9207394,-0.45391816,-0.7053216,0.12066658",0.0
"0.0945807,-0.13592383,-0.04423712,-0.33477062,-0.096452154,0.9207394,-0.45391816,-0.7053216,0.12066658","0.9899125,-0.96339875,-0.58010966","0.18911016,-0.26838621,-0.10655864,-0.5497231,-0.36436385,0.69722974,-0.45391816,-0.7053216,0.12066658",0.0
"0.18911016,-0.26838621,-0.10655864,-0.5497231,-0.36436385,0.69722974,-0.45391816,-0.7053216,0.12066658","0.9885266,-0.9784314,-0.32082295","0.28350726,-0.4029155,-0.14102483,-0.54444957,-0.6638881,0.39845043,-0.45391816,-0.7053216,0.12066658",0.0
"0.28350726,-0.4029155,-0.14102483,-0.54444957,-0.6638881,0.39845043,-0.45391816,-0.7053216,0.12066658","0.7347454,-0.7200084,-0.9243346","0.35367012,-0.501913,-0.24032666,-0.4177156,-0.83067936,0.02646816,-0.45391816,-0.7053216,0.12066658",0.0
"0.35367012,-0.501913,-0.24032666,-0.4177156,-0.83067936,0.02646816,-0.45391816,-0.7053216,0.12066658","-0.35643625,0.8197247,-0.66862553","0.31963307,-0.38920513,-0.3121575,-0.46941075,-0.7270102,0.16337617,-0.45391816,-0.7053216,0.12066658",0.0
"0.31963307,-0.38920513,-0.3121575,-0.46941075,-0.7270102,0.16337617,-0.45391816,-0.7053216,0.12066658","0.05706072,0.0036443472,-0.43025237","0.32508194,-0.38870406,-0.35837978,-0.44961482,-0.7230476,0.09397032,-0.45391816,-0.7053216,0.12066658",0.0
"0.32508194,-0.38870406,-0.35837978,-0.44961482,-0.7230476,0.09397032,-0.45391816,-0.7053216,0.12066658","0.0005264282,0.15462387,0.057669878","0.32513222,-0.36744413,-0.3521843,-0.44543153,-0.71647257,0.1473114,-0.45391816,-0.7053216,0.12066658",0.0
"0.32513222,-0.36744413,-0.3521843,-0.44543153,-0.71647257,0.1473114,-0.45391816,-0.7053216,0.12066658","-0.037573338,-0.10492861,-0.11692828","0.32154426,-0.38187128,-0.36474597,-0.45479977,-0.7135094,0.09856542,-0.45391816,-0.7053216,0.12066658",0.0
"0.32154426,-0.38187128,-0.36474597,-0.45479977,-0.7135094,0.09856542,-0.45391816,-0.7053216,0.12066658","-0.015613973,0.14280975,0.024879456","0.32005322,-0.36223572,-0.36207318,-0.45374152,-0.7044429,0.14293835,-0.45391816,-0.7053216,0.12066658",0.0
"0.32005322,-0.36223572,-0.36207318,-0.45374152,-0.7044429,0.14293835,-0.45391816,-0.7053216,0.12066658","-0.0033726692,-0.07725763,-0.0876044","0.31973115,-0.37285826,-0.37148458,-0.4553753,-0.7054322,0.10698893,-0.45391816,-0.7053216,0.12066658",0.0
"0.0,0.0,0.0,2.8652207e-07,0.005789075,0.993462,-0.18538013,-0.7556725,-0.23054375","0.99473083,-0.9495924,-0.63103753","0.09498956,-0.13056408,-0.06779275,-0.35265777,-0.10242237,0.9095206,-0.18538013,-0.7556725,-0.23054375",0.0
"0.09498956,-0.13056408,-0.06779275,-0.35265777,-0.10242237,0.9095206,-0.18538013,-0.7556725,-0.23054375","0.98912525,-0.9339986,-0.8926643","0.18944384,-0.2589841,-0.16369224,-0.5756297,-0.38273877,0.64011115,-0.18538013,-0.7556725,-0.23054375",0.0
"0.18944384,-0.2589841,-0.16369224,-0.5756297,-0.38273877,0.64011115,-0.18538013,-0.7556725,-0.23054375","0.99035096,-0.9287889,-0.87514985","0.28401518,-0.38668782,-0.25771013,-0.5500472,-0.6730138,0.25339392,-0.18538013,-0.7556725,-0.23054375",0.0
"0.28401518,-0.38668782,-0.25771013,-0.5500472,-0.6730138,0.25339392,-0.18538013,-0.7556725,-0.23054375","0.96606207,-0.8902672,-0.9053325","0.3762671,-0.509095,-0.35497054,-0.3365553,-0.8064841,-0.15589324,-0.18538013,-0.7556725,-0.23054375",0.0
"0.3762671,-0.509095,-0.35497054,-0.3365553,-0.8064841,-0.15589324,-0.18538013,-0.7556725,-0.23054375","0.8264289,0.31374574,-0.763873","0.45518506,-0.46595666,-0.4370339,-0.11985174,-0.80440813,-0.17275901,-0.18538013,-0.7556725,-0.23054375",0.0
"0.45518506,-0.46595666,-0.4370339,-0.11985174,-0.80440813,-0.17275901,-0.18538013,-0.7556725,-0.23054375","-0.39786673,-0.17393553,-0.2974139","0.41719168,-0.48987195,-0.46898526,-0.2059149,-0.75108683,-0.25613844,-0.18538013,-0.7556725,-0.23054375",0.0
"0.41719168,-0.48987195,-0.46898526,-0.2059149,-0.75108683,-0.25613844,-0.18538013,-0.7556725,-0.23054375","0.1100018,0.23491406,-0.040849745","0.42769608,-0.45757252,-0.4733738,-0.18161146,-0.7600276,-0.19953191,-0.18538013,-0.7556725,-0.23054375",0.0
"0.42769608,-0.45757252,-0.4733738,-0.18161146,-0.7600276,-0.19953191,-0.18538013,-0.7556725,-0.23054375","0.016461492,-0.13629133,-0.048868954","0.42926803,-0.47631195,-0.47862384,-0.17589822,-0.75225127,-0.24089555,-0.18538013,-0.7556725,-0.23054375",0.0
"0.0,0.0,0.0,2.8652207e-07,0.005789075,0.993462,-0.38157895,-0.19994152,0.30614382","0.78799415,-0.91667837,-0.9743282","0.07524772,-0.12603857,-0.10467269,-0.39301744,-0.088724144,0.88514143,-0.38157895,-0.19994152,0.30614382",0.0
"0.07524772,-0.12603857,-0.10467269,-0.39301744,-0.088724144,0.88514143,-0.38157895,-0.19994152,0.30614382","0.79564214,-0.71206224,-0.97434694","0.15122576,-0.22394347,-0.20934741,-0.5996305,-0.3019317,0.63663214,-0.38157895,-0.19994152,0.30614382",0.0
"0.15122576,-0.22394347,-0.20934741,-0.5996305,-0.3019317,0.63663214,-0.38157895,-0.19994152,0.30614382","0.16384721,0.058303,-0.99484634","0.16687198,-0.21592712,-0.3162244,-0.619805,-0.35169107,0.49443036,-0.38157895,-0.19994152,0.30614382",0.0
"0.16687198,-0.21592712,-0.3162244,-0.619805,-0.35169107,0.49443036,-0.38157895,-0.19994152,0.30614382","-0.23489845,0.5044904,-0.9847505","0.14444089,-0.14656231,-0.4220168,-0.59037685,-0.28149745,0.4469813,-0.38157895,-0.19994152,0.30614382",0.0
"0.14444089,-0.14656231,-0.4220168,-0.59037685,-0.28149745,0.4469813,-0.38157895,-0.19994152,0.30614382","0.027857661,0.6067383,-0.9733516","0.14710109,-0.06313893,-0.52658457,-0.5105611,-0.24784686,0.40831572,-0.38157895,-0.19994152,0.30614382",0.0
"0.14710109,-0.06313893,-0.52658457,-0.5105611,-0.24784686,0.40831572,-0.38157895,-0.19994152,0.30614382","0.041990995,0.4402094,-0.910935","0.15111092,-0.002612412,-0.6244469,-0.44277996,-0.22104904,0.33512783,-0.38157895,-0.19994152,0.30614382",0.0
"0.15111092,-0.002612412,-0.6244469,-0.44277996,-0.22104904,0.33512783,-0.38157895,-0.19994152,0.30614382","0.04819441,0.34183264,-0.59883994","0.15571314,0.044387814,-0.6887807,-0.38753977,-0.19974673,0.29047266,-0.38157895,-0.19994152,0.30614382",0.0
"0.0,0.0,0.0,2.8652207e-07,0.005789075,0.993462,-0.74169594,0.4079532,-0.31978464","-0.95751655,-0.9850327,-0.9768097","-0.09143589,-0.13543694,-0.104939274,-0.40257832,0.124968335,0.87546456,-0.74169594,0.4079532,-0.31978464",0.0
"-0.09143589,-0.13543694,-0.104939274,-0.40257832,0.124968335,0.87546456,-0.74169594,0.4079532,-0.31978464","-0.6520495,-0.9919663,-0.9397985","-0.15370189,-0.2718272,-0.2059024,-0.6493379,0.34696066,0.5592045,-0.74169594,0.4079532,-0.31978464",0.0
"-0.15370189,-0.2718272,-0.2059024,-0.6493379,0.34696066,0.5592045,-0.74169594,0.4079532,-0.31978464","0.0041228533,-0.97849154,-0.91526884","-0.15330818,-0.40636477,-0.3042303,-0.77377206,0.41097385,0.13914728,-0.74169594,0.4079532,-0.31978464",0.0
"-0.15330818,-0.40636477,-0.3042303,-0.77377206,0.41097385,0.13914728,-0.74169594,0.4079532,-0.31978464","0.1149981,-0.88019866,-0.9081464","-0.1423267,-0.5273876,-0.40179297,-0.74859524,0.36539033,-0.25357774,-0.74169594,0.4079532,-0.31978464",0.0
"-0.1423267,-0.5273876,-0.40179297,-0.74859524,0.36539033,-0.25357774,-0.74169594,0.4079532,-0.31978464","-0.26759928,-0.37508374,-0.03158915","-0.16788048,-0.5789597,-0.4051866,-0.6975686,0.4129965,-0.36090526,-0.74169594,0.4079532,-0.31978464",0.0
"-0.16788048,-0.5789597,-0.4051866,-0.6975686,0.4129965,-0.36090526,-0.74169594,0.4079532,-0.31978464","0.21098888,-0.13651466,0.49588454","-0.14773257,-0.5977298,-0.35191336,-0.7609596,0.38740024,-0.3393599,-0.74169594,0.4079532,-0.31978464",0.0
"-0.14773257,-0.5977298,-0.35191336,-0.7609596,0.38740024,-0.3393599,-0.74169594,0.4079532,-0.31978464","-0.023485005,0.21566105,-0.07656765","-0.14997521,-0.56807756,-0.360139,-0.7617304,0.39454463,-0.28729916,-0.74169594,0.4079532,-0.31978464",0.0
"-0.14997521,-0.56807756,-0.360139,-0.7617304,0.39454463,-0.28729916,-0.74169594,0.4079532,-0.31978464","-0.037146866,-0.047316313,-0.2012868","-0.15352248,-0.57458335,-0.38176334,-0.7376948,0.39275143,-0.32629508,-0.74169594,0.4079532,-0.31978464",0.0
"0.0,0.0,0.0,2.8652207e-07,0.005789075,0.993462,0.49391815,-0.5280117,0.53209","-0.87778527,0.7239617,0.8423786","-0.083822116,0.09954101,0.09049727,0.32291323,-0.08106042,0.9198971,0.49391815,-0.5280117,0.53209",0.0
"-0.083822116,0.09954101,0.09049727,0.32291323,-0.08106042,0.9198971,0.49391815,-0.5280117,0.53209","-0.9601691,0.622041,0.8335757","-0.1755113,0.18506844,0.18004884,0.5037738,-0.3030315,0.7346267,0.49391815,-0.5280117,0.53209",0.0
"-0.1755113,0.18506844,0.18004884,0.5037738,-0.3030315,0.7346267,0.49391815,-0.5280117,0.53209","-0.8498908,0.08899391,0.8075323","-0.2566697,0.19730467,0.26680255,0.46629736,-0.47789702,0.59930485,0.49391815,-0.5280117,0.53209",0.0
"-0.2566697,0.19730467,0.26680255,0.46629736,-0.47789702,0.59930485,0.49391815,-0.5280117,0.53209","-0.27554417,0.05547321,0.10510659","-0.28298217,0.20493196,0.27809426,0.43544182,-0.5273301,0.5703063,0.49391815,-0.5280117,0.53209",0.0
"-0.28298217,0.20493196,0.27809426,0.43544182,-0.5273301,0.5703063,0.49391815,-0.5280117,0.53209","0.013030767,0.22742498,-0.16321993","-0.28173783,0.23620175,0.26055944,0.45843893,-0.55121773,0.542703,0.49391815,-0.5280117,0.53209",0.0
"-0.28173783,0.23620175,0.26055944,0.45843893,-0.55121773,0.542703,0.49391815,-0.5280117,0.53209","0.20739508,0.08289349,0.006538272","-0.2619331,0.24759921,0.26126188,0.50186706,-0.5324701,0.5215226,0.49391815,-0.5280117,0.53209",0.0
"0.0,0.0,0.0,2.8652207e-07,0.005789075,0.993462,0.077251464,-0.8618713,-0.0990687","0.9825597,-0.96503085,-0.9683329","0.093827315,-0.13268678,-0.10402861,-0.39886567,-0.1150504,0.8790548,0.077251464,-0.8618713,-0.0990687",0.0
"0.093827315,-0.13268678,-0.10402861,-0.39886567,-0.1150504,0.8790548,0.077251464,-0.8618713,-0.0990687","0.9961195,-0.9662049,-0.9398152","0.1889495,-0.265535,-0.20499353,-0.60611814,-0.40201676,0.571737,0.077251464,-0.8618713,-0.0990687",0.0
"0.1889495,-0.265535,-0.20499353,-0.60611814,-0.40201676,0.571737,0.077251464,-0.8618713,-0.0990687","0.99568284,-0.8888498,-0.9400141","0.28403,-0.38774726,-0.30597982,-0.5478658,-0.670372,0.17600255,0.077251464,-0.8618713,-0.0990687",0.0
"0.28403,-0.38774726,-0.30597982,-0.5478658,-0.670372,0.17600255,0.077251464,-0.8618713,-0.0990687","0.9892062,-0.7714095,-0.7329749","0.378492,-0.49381214,-0.38472378,-0.32320324,-0.7896182,-0.16313766,0.077251464,-0.8618713,-0.0990687",0.0
"0.378492,-0.49381214,-0.38472378,-0.32320324,-0.7896182,-0.16313766,0.077251464,-0.8618713,-0.0990687","0.94249344,0.47794414,-0.10944188","0.46849325,-0.42809734,-0.3964812,-0.08906369,-0.8383056,-0.042872,0.077251464,-0.8618713,-0.0990687",0.0
"0.46849325,-0.42809734,-0.3964812,-0.08906369,-0.8383056,-0.042872,0.077251464,-0.8618713,-0.0990687","0.83217025,-0.21443594,-0.16132516","0.5479595,-0.45758122,-0.41381243,0.119274415,-0.8241803,-0.12654768,0.077251464,-0.8618713,-0.0990687",0.0
"0.5479595,-0.45758122,-0.41381243,0.119274415,-0.8241803,-0.12654768,0.077251464,-0.8618713,-0.0990687","-0.09090334,-0.30248332,0.55991936","0.53927886,-0.4991712,-0.35365993,0.10199352,-0.8693481,-0.13294475,0.077251464,-0.8618713,-0.0990687",0.0
"0.53927886,-0.4991712,-0.35365993,0.10199352,-0.8693481,-0.13294475,0.077251464,-0.8618713,-0.0990687","-0.16764605,0.15526938,0.036085606","0.5232699,-0.4778225,-0.3497832,0.058310095,-0.8754191,-0.08192491,0.077251464,-0.8618713,-0.0990687",0.0
"0.5232699,-0.4778225,-0.3497832,0.058310095,-0.8754191,-0.08192491,0.077251464,-0.8618713,-0.0990687","0.046930313,0.07543898,-0.29489398","0.5277514,-0.4674501,-0.38146383,0.06880115,-0.85360515,-0.10381052,0.077251464,-0.8618713,-0.0990687",0.0
"0.0,0.0,0.0,2.8652207e-07,0.005789075,0.993462,-0.46842107,-0.7276023,-0.0990687","0.99514234,-0.9921411,-0.43791664","0.09502886,-0.1364143,-0.047045648,-0.3389988,-0.098266445,0.91851395,-0.46842107,-0.7276023,-0.0990687",0.0
"0.09502886,-0.1364143,-0.047045648,-0.3389988,-0.098266445,0.91851395,-0.46842107,-0.7276023,-0.0990687","0.9933517,-0.97860444,-0.47163582","0.18988675,-0.2709674,-0.09771376,-0.5456838,-0.36356592,0.7036739,-0.46842107,-0.7276023,-0.0990687",0.0
"0.18988675,-0.2709674,-0.09771376,-0.5456838,-0.36356592,0.7036739,-0.46842107,-0.7276023,-0.0990687","0.99306583,-0.976439,-0.48983145","0.28471732,-0.40522274,-0.15033664,-0.54561806,-0.6705586,0.3796424,-0.46842107,-0.7276023,-0.0990687",0.0
"0.28471732,-0.40522274,-0.15033664,-0.54561806,-0.6705586,0.3796424,-0.46842107,-0.7276023,-0.0990687","0.8320463,-0.8969572,-0.94410574","0.3641717,-0.5285498,-0.25176248,-0.39078397,-0.8455382,-0.051359177,-0.46842107,-0.7276023,-0.0990687",0.0
"0.3641717,-0.5285498,-0.25176248,-0.39078397,-0.8455382,-0.051359177,-0.46842107,-0.7276023,-0.0990687","-0.5317727,0.27798188,-0.77863663","0.31339127,-0.49032882,-0.33541188,-0.4953922,-0.7354586,-0.08855774,-0.46842107,-0.7276023,-0.0990687",0.0
"0.31339127,-0.49032882,-0.33541188,-0.4953922,-0.7354586,-0.08855774,-0.46842107,-0.7276023,-0.0990687","0.016442537,0.16728508,-0.3218999","0.3149614,-0.467328,-0.36999378,-0.47928077,-0.71890295,-0.087827735,-0.46842107,-0.7276023,-0.0990687",0.0
"0.0,0.0,0.0,2.8652207e-07,0.005789075,0.993462,0.7135088,-0.37953216,0.22827868","-0.9551189,0.98963475,0.9668294","-0.091206916,0.1360697,0.1038671,0.405923,-0.11356743,0.87574196,0.7135088,-0.37953216,0.22827868",0.0
"-0.091206916,0.1360697,0.1038671,0.405923,-0.11356743,0.87574196,0.7135088,-0.37953216,0.22827868","-0.9384204,0.9592171,0.97823405","-0.18081926,0.26795712,0.20895939,0.6207802,-0.38933706,0.5617479,0.7135088,-0.37953216,0.22827868",0.0
"-0.18081926,0.26795712,0.20895939,0.6207802,-0.38933706,0.5617479,0.7135088,-0.37953216,0.22827868","-0.365875,0.84254766,0.87843096","-0.21575765,0.3838031,0.30332977,0.6765468,-0.537234,0.18842888,0.7135088,-0.37953216,0.22827868",0.0
"-0.21575765,0.3838031,0.30332977,0.6765468,-0.537234,0.18842888,0.7135088,-0.37953216,0.22827868","0.7144611,-0.115744114,-0.033593833","-0.1475318,0.36788893,0.29972076,0.76669216,-0.3767189,0.22739086,0.7135088,-0.37953216,0.22827868",0.0
"-0.1475318,0.36788893,0.29972076,0.76669216,-0.3767189,0.22739086,0.7135088,-0.37953216,0.22827868","-0.077064574,-0.43462276,0.5444168","-0.15489091,0.30813056,0.3582078,0.71441436,-0.37140086,0.25744995,0.7135088,-0.37953216,0.22827868",0.0
"-0.15489091,0.30813056,0.3582078,0.71441436,-0.37140086,0.25744995,0.7135088,-0.37953216,0.22827868","-0.012789249,-0.025898755,0.086851","-0.1561122,0.30456963,0.36753827,0.70943314,-0.37224334,0.24995166,0.7135088,-0.37953216,0.22827868",0.0
"-0.1561122,0.30456963,0.36753827,0.70943314,-0.37224334,0.24995166,0.7135088,-0.37953216,0.22827868","-0.0065891743,0.0058698654,0.014831781","-0.15674141,0.30537674,0.36913165,0.7089629,-0.373788,0.24590571,0.7135088,-0.37953216,0.22827868",0.0
"0.0,0.0,0.0,2.8652207e-07,0.005789075,0.993462,0.07251462,-0.80497074,0.22827868","0.984885,-0.95240194,-0.8973589","0.09404936,-0.13095038,-0.09640383,-0.38695148,-0.11172685,0.88718385,0.07251462,-0.80497074,0.22827868",0.0
"0.09404936,-0.13095038,-0.09640383,-0.38695148,-0.11172685,0.88718385,0.07251462,-0.80497074,0.22827868","0.99358785,-0.946641,-0.9299692","0.18892978,-0.26110867,-0.196311,-0.59688866,-0.39573544,0.59181446,0.07251462,-0.80497074,0.22827868",0.0
"0.18892978,-0.26110867,-0.196311,-0.59688866,-0.39573544,0.59181446,0.07251462,-0.80497074,0.22827868","0.9954169,-0.83452904,-0.95249164","0.28398487,-0.37585214,-0.29863775,-0.54409474,-0.6655003,0.2124316,0.07251462,-0.80497074,0.22827868",0.0
"0.28398487,-0.37585214,-0.29863775,-0.54409474,-0.6655003,0.2124316,0.07251462,-0.80497074,0.22827868","0.9831325,0.18928993,-0.5826832","0.3778669,-0.34982577,-0.36123577,-0.31664187,-0.76888925,0.16948472,0.07251462,-0.80497074,0.22827868",0.0
"0.3778669,-0.34982577,-0.36123577,-0.31664187,-0.76888925,0.16948472,0.07251462,-0.80497074,0.22827868","0.93253875,0.30102837,-0.1640715","0.46691757,-0.30843598,-0.37886205,-0.0889185,-0.7966883,0.22489163,0.07251462,-0.80497074,0.22827868",0.0
"0.46691757,-0.30843598,-0.37886205,-0.0889185,-0.7966883,0.22489163,0.07251462,-0.80497074,0.22827868","0.7599648,-0.092996955,0.1583587","0.53948873,-0.3212226,-0.3618495,0.094950184,-0.80820423,0.22595476,0.07251462,-0.80497074,0.22827868",0.0
"0.53948873,-0.3212226,-0.3618495,0.094950184,-0.80820423,0.22595476,0.07251462,-0.80497074,0.22827868","-0.07190108,-0.030353546,0.029095888","0.5326227,-0.32539606,-0.3587237,0.07784451,-0.8134456,0.22248437,0.07251462,-0.80497074,0.22827868",0.0
"0.0,0.0,0.0,2.8652207e-07,0.005789075,0.993462,0.06491228,-0.7135087,0.42487016","0.9871571,-0.97357965,-0.74132514","0.09426633,-0.1338622,-0.07964102,-0.37310764,-0.10778984,0.89770716,0.06491228,-0.7135087,0.42487016",0.0
"0.09426633,-0.1338622,-0.07964102,-0.37310764,-0.10778984,0.89770716,0.06491228,-0.7135087,0.42487016","0.99048615,-0.9372971,-0.9234594","0.18885057,-0.26273572,-0.17884885,-0.5896308,-0.39062652,0.6132216,0.06491228,-0.7135087,0.42487016",0.0
"0.18885057,-0.26273572,-0.17884885,-0.5896308,-0.39062652,0.6132216,0.06491228,-0.7135087,0.42487016","0.99220204,-0.67952716,-0.95814973","0.28359866,-0.35616726,-0.28178346,-0.5366734,-0.65466136,0.27969196,0.06491228,-0.7135087,0.42487016",0.0
"0.28359866,-0.35616726,-0.28178346,-0.5366734,-0.65466136,0.27969196,0.06491228,-0.7135087,0.42487016","0.9841337,0.19191551,-0.65565413","0.3775763,-0.3297799,-0.35222077,-0.31350937,-0.75912654,0.22378033,0.06491228,-0.7135087,0.42487016",0.0
"0.3775763,-0.3297799,-0.35222077,-0.31350937,-0.75912654,0.22378033,0.06491228,-0.7135087,0.42487016","0.9638171,-0.010677576,-0.13798916","0.46961382,-0.33124802,-0.36704504,-0.083829,-0.8147705,0.19798099,0.06491228,-0.7135087,0.42487016",0.0
"0.46961382,-0.33124802,-0.36704504,-0.083829,-0.8147705,0.19798099,0.06491228,-0.7135087,0.42487016","0.6662092,0.62552917,-0.35477197","0.533232,-0.24524103,-0.40515846,0.07237178,-0.7462107,0.3038488,0.06491228,-0.7135087,0.42487016",0.0
"0.533232,-0.24524103,-0.40515846,0.07237178,-0.7462107,0.3038488,0.06491228,-0.7135087,0.42487016","-0.15624869,0.38130677,0.20458627","0.5183113,-0.19281332,-0.3831797,0.0344815,-0.69938344,0.4310185,0.06491228,-0.7135087,0.42487016",0.0
"0.5183113,-0.19281332,-0.3831797,0.0344815,-0.69938344,0.4310185,0.06491228,-0.7135087,0.42487016","0.099560976,0.17303693,-0.31394106","0.5278187,-0.16902165,-0.41690663,0.053394314,-0.6756956,0.4184599,0.06491228,-0.7135087,0.42487016",0.0
"0.5278187,-0.16902165,-0.41690663,0.053394314,-0.6756956,0.4184599,0.06491228,-0.7135087,0.42487016","0.15757525,-0.1975596,0.27317286","0.54286593,-0.19618508,-0.38755953,0.08881341,-0.6986106,0.41842347,0.06491228,-0.7135087,0.42487016",0.0
"0.54286593,-0.19618508,-0.38755953,0.08881341,-0.6986106,0.41842347,0.06491228,-0.7135087,0.42487016","-0.0369792,-0.2000727,0.26750576","0.5393347,-0.22369407,-0.35882127,0.08424861,-0.7252403,0.41504174,0.06491228,-0.7135087,0.42487016",0.0
"0.5393347,-0.22369407,-0.35882127,0.08424861,-0.7252403,0.41504174,0.06491228,-0.7135087,0.42487016","-0.101530194,0.048027277,-0.05165994","0.5296393,-0.21709059,-0.36437118,0.06153994,-0.7212282,0.41811624,0.06491228,-0.7135087,0.42487016",0.0
"0.0,0.0,0.0,2.8652207e-07,0.005789075,0.993462,-0.7377778,0.24713449,-0.23054375","-0.48132443,-0.97152156,-0.99124736","-0.045962997,-0.13357921,-0.10649033,-0.41448668,0.06612022,0.8760262,-0.7377778,0.24713449,-0.23054375",0.0
"-0.045962997,-0.13357921,-0.10649033,-0.41448668,0.06612022,0.8760262,-0.7377778,0.24713449,-0.23054375","-0.2507562,-0.9833393,-0.9668815","-0.069908395,-0.26878333,-0.21036302,-0.71569586,0.16569243,0.55825114,-0.7377778,0.24713449,-0.23054375",0.0
"-0.069908395,-0.26878333,-0.21036302,-0.71569586,0.16569243,0.55825114,-0.7377778,0.24713449,-0.23054375","-0.33329237,-0.92431927,-0.9231406","-0.1017354,-0.39587247,-0.30953658,-0.82366705,0.27869782,0.15331112,-0.7377778,0.24713449,-0.23054375",0.0
"-0.1017354,-0.39587247,-0.30953658,-0.82366705,0.27869782,0.15331112,-0.7377778,0.24713449,-0.23054375","0.36729765,-0.5663936,-0.9692964","-0.06666114,-0.4737487,-0.4136687,-0.8126902,0.1786468,-0.1591933,-0.7377778,0.24713449,-0.23054375",0.0
"-0.06666114,-0.4737487,-0.4136687,-0.8126902,0.1786468,-0.1591933,-0.7377778,0.24713449,-0.23054375","-0.36053717,0.005874753,-0.45714742","-0.10108983,-0.47294104,-0.46278033,-0.74754167,0.25181842,-0.21688233,-0.7377778,0.24713449,-0.23054375",0.0
"0.0,0.0,0.0,2.8652207e-07,0.005789075,0.993462,0.7363743,-0.25888887,-0.029571943","-0.74210274,0.9932083,0.97759867","-0.07086542,0.13656104,0.10502403,0.41458568,-0.08791938,0.8742321,0.7363743,-0.25888887,-0.029571943",0.0
"-0.07086542,0.13656104,0.10502403,0.41458568,-0.08791938,0.8742321,0.7363743,-0.25888887,-0.029571943","-0.91092944,0.9588839,0.9933274","-0.15785258,0.26840264,0.21173781,0.64907354,-0.34456855,0.5569529,0.7363743,-0.25888887,-0.029571943",0.0
"-0.15785258,0.26840264,0.21173781,0.64907354,-0.34456855,0.5569529,0.7363743,-0.25888887,-0.029571943","-0.28537744,0.9481852,0.9611151","-0.18510404,0.39877325,0.314991,0.7299599,-0.47290823,0.13876347,0.7363743,-0.25888887,-0.029571943",0.0
"-0.18510404,0.39877325,0.314991,0.7299599,-0.47290823,0.13876347,0.7363743,-0.25888887,-0.029571943","0.66984534,0.0836339,0.86462903","-0.12113868,0.4102725,0.40787864,0.77543104,-0.30399305,-0.022323454,0.7363743,-0.25888887,-0.029571943",0.0
"-0.12113868,0.4102725,0.40787864,0.77543104,-0.30399305,-0.022323454,0.7363743,-0.25888887,-0.029571943","0.22084212,-0.32925123,0.47424877","-0.10004985,0.3650022,0.4588275,0.7534411,-0.23885092,-0.0030045332,0.7363743,-0.25888887,-0.029571943",0.0
"-0.10004985,0.3650022,0.4588275,0.7534411,-0.23885092,-0.0030045332,0.7363743,-0.25888887,-0.029571943","-0.093370855,-0.11937988,0.20185971","-0.1089661,0.34858808,0.48051342,0.7288043,-0.25356922,-0.0011199487,0.7363743,-0.25888887,-0.029571943",0.0
"-0.1089661,0.34858808,0.48051342,0.7288043,-0.25356922,-0.0011199487,0.7363743,-0.25888887,-0.029571943","-0.034115016,0.08767092,-0.05176246","-0.112223834,0.3606424,0.47495252,0.7323099,-0.2632733,-0.016447172,0.7363743,-0.25888887,-0.029571943",0.0
"0.0,0.0,0.0,2.8652207e-07,0.005789075,0.993462,-0.48099416,0.5310526,0.42493555","-0.9724057,-0.95685965,-0.4479736","-0.092857696,-0.13156329,-0.048126075,-0.32823345,0.10460908,0.92194414,-0.48099416,0.5310526,0.42493555",0.0
"-0.092857696,-0.13156329,-0.048126075,-0.32823345,0.10460908,0.92194414,-0.48099416,0.5310526,0.42493555","-0.9704502,-0.9684907,-0.24519747","-0.18552864,-0.26472577,-0.07446778,-0.51730746,0.34797347,0.7400569,-0.48099416,0.5310526,0.42493555",0.0
"-0.18552864,-0.26472577,-0.07446778,-0.51730746,0.34797347,0.7400569,-0.48099416,0.5310526,0.42493555","-0.8181387,-0.9256845,-0.7109869","-0.26365495,-0.39200267,-0.15084952,-0.57144946,0.63127285,0.4065425,-0.48099416,0.5310526,0.42493555",0.0
"-0.26365495,-0.39200267,-0.15084952,-0.57144946,0.63127285,0.4065425,-0.48099416,0.5310526,0.42493555","-0.5627583,0.8707416,-0.8891326","-0.3173943,-0.27228022,-0.24636962,-0.40538242,0.6380395,0.49898162,-0.48099416,0.5310526,0.42493555",0.0
"-0.3173943,-0.27228022,-0.24636962,-0.40538242,0.6380395,0.49898162,-0.48099416,0.5310526,0.42493555","0.40270233,0.010325193,-0.6735221","-0.27893913,-0.27086058,-0.31872654,-0.49046645,0.59791327,0.39088833,-0.48099416,0.5310526,0.42493555",0.0
"-0.27893913,-0.27086058,-0.31872654,-0.49046645,0.59791327,0.39088833,-0.48099416,0.5310526,0.42493555","-0.1373961,0.6532519,-0.55130386","-0.29205945,-0.18104184,-0.3779535,-0.41267073,0.54870635,0.4590467,-0.48099416,0.5310526,0.42493555",0.0
"-0.29205945,-0.18104184,-0.3779535,-0.41267073,0.54870635,0.4590467,-0.48099416,0.5310526,0.42493555","0.08562338,-0.42756933,0.22827089","-0.28388304,-0.23983045,-0.35343024,-0.46398026,0.58421695,0.39438307,-0.48099416,0.5310526,0.42493555",0.0
"-0.28388304,-0.23983045,-0.35343024,-0.46398026,0.58421695,0.39438307,-0.48099416,0.5310526,0.42493555","0.11617792,0.40425754,-0.3110296","-0.27278888,-0.18424712,-0.3868444,-0.44828442,0.5263947,0.43985745,-0.48099416,0.5310526,0.42493555",0.0
"-0.27278888,-0.18424712,-0.3868444,-0.44828442,0.5263947,0.43985745,-0.48099416,0.5310526,0.42493555","0.019709945,-0.2229259,0.1432929","-0.27090675,-0.2148983,-0.37145042,-0.47173905,0.54695046,0.41096112,-0.48099416,0.5310526,0.42493555",0.0
"-0.27090675,-0.2148983,-0.37145042,-0.47173905,0.54695046,0.41096112,-0.48099416,0.5310526,0.42493555","0.05938983,0.20574737,-0.18624586","-0.26523542,-0.18660912,-0.391459,-0.4627043,0.51787263,0.42868462,-0.48099416,0.5310526,0.42493555",0.0
"-0.26523542,-0.18660912,-0.391459,-0.4627043,0.51787263,0.42868462,-0.48099416,0.5310526,0.42493555","-0.024415433,-0.12617528,0.12887383","-0.26756692,-0.20395757,-0.377614,-0.47023997,0.5339156,0.42049387,-0.48099416,0.5310526,0.42493555",0.0
"0.0,0.0,0.0,2.8652207e-07,0.005789075,0.993462,-0.6951462,-0.11011696,0.62845707","0.16175425,-0.84823745,-0.81400055","0.015446351,-0.11662829,-0.08744859,-0.3633772,-0.011851263,0.907598,-0.6951462,-0.11011696,0.62845707",0.0
"0.015446351,-0.11662829,-0.08744859,-0.3633772,-0.011851263,0.907598,-0.6951462,-0.11011696,0.62845707","0.28677845,-0.96052635,-0.17533958","0.042831607,-0.24869575,-0.10628542,-0.6224121,-0.07841855,0.7284607,-0.6951462,-0.11011696,0.62845707",0.0
"0.042831607,-0.24869575,-0.10628542,-0.6224121,-0.07841855,0.7284607,-0.6951462,-0.11011696,0.62845707","0.1882149,-0.5267633,-0.31328595","0.06080476,-0.32112303,-0.13994192,-0.74947155,-0.13903771,0.5621389,-0.6951462,-0.11011696,0.62845707",0.0
"0.06080476,-0.32112303,-0.13994192,-0.74947155,-0.13903771,0.5621389,-0.6951462,-0.11011696,0.62845707","0.022898078,0.6568135,-0.5053283","0.06299135,-0.23081456,-0.19422966,-0.65922654,-0.12628205,0.64596146,-0.6951462,-0.11011696,0.62845707",0.0
"0.06299135,-0.23081456,-0.19422966,-0.65922654,-0.12628205,0.64596146,-0.6951462,-0.11011696,0.62845707","-0.09551275,-0.06781477,-0.09295696","0.053870574,-0.24013878,-0.20421612,-0.6826132,-0.110768005,0.6167891,-0.6951462,-0.11011696,0.62845707",0.0
"0.0,0.0,0.0,2.8652207e-07,0.005789075,0.993462,0.82824564,-0.13233918,0.12066658","-0.12571299,0.97972333,0.9881029","-0.0120046735,0.13470691,0.10615252,0.421401,-0.010106771,0.8751621,0.82824564,-0.13233918,0.12066658",0.0
"-0.0120046735,0.13470691,0.10615252,0.421401,-0.010106771,0.8751621,0.82824564,-0.13233918,0.12066658","-0.7300267,0.92076135,0.99053335","-0.081716925,0.26130688,0.21256615,0.70354676,-0.1787057,0.5684037,0.82824564,-0.13233918,0.12066658",0.0
"-0.081716925,0.26130688,0.21256615,0.70354676,-0.1787057,0.5684037,0.82824564,-0.13233918,0.12066658","-0.4035629,0.871649,0.9455712","-0.12025425,0.38115415,0.31414947,0.8018953,-0.31200588,0.17724529,0.82824564,-0.13233918,0.12066658",0.0
"-0.12025425,0.38115415,0.31414947,0.8018953,-0.31200588,0.17724529,0.82824564,-0.13233918,0.12066658","0.45736372,-0.16757917,0.59557104","-0.07657933,0.3581129,0.37813205,0.8078204,-0.19222397,0.12703212,0.82824564,-0.13233918,0.12066658",0.0
"-0.07657933,0.3581129,0.37813205,0.8078204,-0.19222397,0.12703212,0.82824564,-0.13233918,0.12066658","0.31287336,0.026331425,-0.034493327","-0.046702195,0.36173335,0.37442642,0.82532895,-0.11611599,0.1252672,0.82824564,-0.13233918,0.12066658",0.0
"0.0,0.0,0.0,2.8652207e-07,0.005789075,0.993462,0.73403513,-0.25812864,-0.23054375","-0.47431636,0.9973068,0.9666176","-0.045293767,0.13712455,0.10384433,0.4200298,-0.05432641,0.8746746,0.73403513,-0.25812864,-0.23054375",0.0
"-0.045293767,0.13712455,0.10384433,0.4200298,-0.05432641,0.8746746,0.73403513,-0.25812864,-0.23054375","-0.94093424,0.9794166,0.9908235","-0.13514616,0.2717893,0.21028912,0.67533016,-0.29894373,0.5529567,0.73403513,-0.25812864,-0.23054375",0.0
"-0.13514616,0.2717893,0.21028912,0.67533016,-0.29894373,0.5529567,0.73403513,-0.25812864,-0.23054375","-0.73271906,0.9704261,0.9796705","-0.20511551,0.40521792,0.31553572,0.701202,-0.5196354,0.124231264,0.73403513,-0.25812864,-0.23054375",0.0
"-0.20511551,0.40521792,0.31553572,0.701202,-0.5196354,0.124231264,0.73403513,-0.25812864,-0.23054375","0.78180504,0.70036256,0.9374348","-0.1304588,0.50151426,0.4162449,0.7599409,-0.32384562,-0.21855992,0.73403513,-0.25812864,-0.23054375",0.0
"-0.1304588,0.50151426,0.4162449,0.7599409,-0.32384562,-0.21855992,0.73403513,-0.25812864,-0.23054375","0.3647964,-0.18008685,0.3886093","-0.09562339,0.4767533,0.45799342,0.75882894,-0.22901322,-0.21877317,0.73403513,-0.25812864,-0.23054375",0.0
"-0.09562339,0.4767533,0.45799342,0.75882894,-0.22901322,-0.21877317,0.73403513,-0.25812864,-0.23054375","-0.13055128,-0.18079305,0.32582736","-0.10809009,0.45189524,0.49299723,0.72162676,-0.24878123,-0.21080993,0.73403513,-0.25812864,-0.23054375",0.0
"-0.10809009,0.45189524,0.49299723,0.72162676,-0.24878123,-0.21080993,0.73403513,-0.25812864,-0.23054375","-0.03497982,0.14751065,-0.07697719","-0.11143041,0.47217724,0.48472756,0.72278714,-0.2577317,-0.23970625,0.73403513,-0.25812864,-0.23054375",0.0
"0.0,0.0,0.0,2.8652207e-07,0.005789075,0.993462,-0.20029241,-0.8145029,0.12066658","0.9812293,-0.94538957,-0.82288486","0.093700275,-0.12998621,-0.08840303,-0.3761029,-0.10797624,0.8945674,-0.20029241,-0.8145029,0.12066658",0.0
"0.093700275,-0.12998621,-0.08840303,-0.3761029,-0.10797624,0.8945674,-0.20029241,-0.8145029,0.12066658","0.985734,-0.9323778,-0.8479771","0.18783072,-0.25818336,-0.17950174,-0.5858209,-0.38534746,0.6201479,-0.20029241,-0.8145029,0.12066658",0.0
"0.18783072,-0.25818336,-0.17950174,-0.5858209,-0.38534746,0.6201479,-0.20029241,-0.8145029,0.12066658","0.9810082,-0.90481824,-0.83320916","0.28150988,-0.38259122,-0.2690139,-0.5534294,-0.66634715,0.24442054,-0.20029241,-0.8145029,0.12066658",0.0
"0.28150988,-0.38259122,-0.2690139,-0.5534294,-0.66634715,0.24442054,-0.20029241,-0.8145029,0.12066658","0.95318043,-0.2458533,-0.6646669","0.37253168,-0.4163948,-0.3404195,-0.34411445,-0.798034,0.062775776,-0.20029241,-0.8145029,0.12066658",0.0
"0.37253168,-0.4163948,-0.3404195,-0.34411445,-0.798034,0.062775776,-0.20029241,-0.8145029,0.12066658","0.6736659,0.5723767,-0.2548229","0.4368619,-0.33769602,-0.36779526,-0.16780043,-0.80547345,0.18391825,-0.20029241,-0.8145029,0.12066658",0.0
"0.4368619,-0.33769602,-0.36779526,-0.16780043,-0.80547345,0.18391825,-0.20029241,-0.8145029,0.12066658","-0.05955559,-0.39280295,-0.013673723","0.43117476,-0.3917044,-0.36926425,-0.18761535,-0.82716465,0.07150323,-0.20029241,-0.8145029,0.12066658",0.0
"0.43117476,-0.3917044,-0.36926425,-0.18761535,-0.82716465,0.07150323,-0.20029241,-0.8145029,0.12066658","-0.047822177,0.30353677,0.05834472","0.42660812,-0.34996969,-0.36299622,-0.19556445,-0.807783,0.166502,-0.20029241,-0.8145029,0.12066658",0.0
"0.42660812,-0.34996969,-0.36299622,-0.19556445,-0.807783,0.166502,-0.20029241,-0.8145029,0.12066658","-0.014550984,-0.14080054,-0.21486914","0.42521858,-0.36932907,-0.38607976,-0.19933762,-0.8079613,0.09239912,-0.20029241,-0.8145029,0.12066658",0.0
"0.42521858,-0.36932907,-0.38607976,-0.19933762,-0.8079613,0.09239912,-0.20029241,-0.8145029,0.12066658","0.009832263,0.1872586,0.021551847","0.4261575,-0.343582,-0.38376445,-0.19440931,-0.79777575,0.14780194,-0.20029241,-0.8145029,0.12066658",0.0
"0.4261575,-0.343582,-0.38376445,-0.19440931,-0.79777575,0.14780194,-0.20029241,-0.8145029,0.12066658","0.01347363,-0.1334936,-0.049435437","0.42744416,-0.3619367,-0.3890753,-0.19269326,-0.8050646,0.10291125,-0.20029241,-0.8145029,0.12066658",0.0
"0.42744416,-0.3619367,-0.3890753,-0.19269326,-0.8050646,0.10291125,-0.20029241,-0.8145029,0.12066658","0.0036885738,0.0818578,0.06721258","0.4277964,-0.3506817,-0.38185462,-0.19126141,-0.80293465,0.13642909,-0.20029241,-0.8145029,0.12066658",0.0
"0.4277964,-0.3506817,-0.38185462,-0.19126141,-0.80293465,0.13642909,-0.20029241,-0.8145029,0.12066658","-0.0023201108,-0.07751632,-0.019889235","0.42757484,-0.3613398,-0.38399133,-0.19277309,-0.80691606,0.11170487,-0.20029241,-0.8145029,0.12066658",0.0
"0.0,0.0,0.0,2.8652207e-07,0.005789075,0.993462,0.053391814,0.71450293,0.42487016","-0.9672588,-0.99164176,-0.07064426","-0.0923662,-0.13634564,-0.0075893374,-0.28724506,0.09181466,0.94105,0.053391814,0.71450293,0.42487016",0.0
"-0.0923662,-0.13634564,-0.0075893374,-0.28724506,0.09181466,0.94105,0.053391814,0.71450293,0.42487016","-0.99225897,-0.9804346,0.11389053","-0.18711972,-0.27115038,0.004646027,-0.4536629,0.30930215,0.808566,0.053391814,0.71450293,0.42487016",0.0
"-0.18711972,-0.27115038,0.004646027,-0.4536629,0.30930215,0.808566,0.053391814,0.71450293,0.42487016","-0.9927283,-0.97722197,0.23039412","-0.28191808,-0.4055134,0.029397462,-0.46501943,0.57821023,0.62034714,0.053391814,0.71450293,0.42487016",0.0
"-0.28191808,-0.4055134,0.029397462,-0.46501943,0.57821023,0.62034714,0.053391814,0.71450293,0.42487016","-0.968032,-0.60112315,-0.6459798","-0.37435812,-0.4881648,-0.040000506,-0.3384396,0.8274889,0.3642058,0.053391814,0.71450293,0.42487016",0.0
"-0.37435812,-0.4881648,-0.040000506,-0.3384396,0.8274889,0.3642058,0.053391814,0.71450293,0.42487016","-0.8768387,0.7814833,-0.73750865","-0.45808986,-0.38071492,-0.1192315,-0.102436535,0.8176302,0.4759491,0.053391814,0.71450293,0.42487016",0.0
"-0.45808986,-0.38071492,-0.1192315,-0.102436535,0.8176302,0.4759491,0.053391814,0.71450293,0.42487016","-0.74673164,0.47992492,-0.763996","-0.5293973,-0.31472775,-0.20130806,0.07840254,0.7837094,0.48612893,0.053391814,0.71450293,0.42487016",0.0
"-0.5293973,-0.31472775,-0.20130806,0.07840254,0.7837094,0.48612893,0.053391814,0.71450293,0.42487016","0.043184638,0.046689987,-0.53413844","-0.5252735,-0.30830815,-0.2586909,0.06924304,0.7972261,0.41183886,0.053391814,0.71450293,0.42487016",0.0
"-0.5252735,-0.30830815,-0.2586909,0.06924304,0.7972261,0.41183886,0.053391814,0.71450293,0.42487016","-0.033476353,0.3115394,-0.32038236","-0.5284702,-0.26547313,-0.29310977,0.07392421,0.75945526,0.4406182,0.053391814,0.71450293,0.42487016",0.0
"-0.5284702,-0.26547313,-0.29310977,0.07392421,0.75945526,0.4406182,0.053391814,0.71450293,0.42487016","0.08065593,0.070462584,-0.24532557","-0.52076817,-0.2557849,-0.31946528,0.055204686,0.7560674,0.4179013,0.053391814,0.71450293,0.42487016",0.0
"-0.52076817,-0.2557849,-0.31946528,0.055204686,0.7560674,0.4179013,0.053391814,0.71450293,0.42487016","-0.00902617,0.22731638,-0.25550175","-0.5216301,-0.22453007,-0.346914,0.055303987,0.72730076,0.43205312,0.053391814,0.71450293,0.42487016",0.0
"0.0,0.0,0.0,2.8652207e-07,0.005789075,0.993462,-0.07485381,-0.8330409,0.33098742","0.9919069,-0.9748467,-0.73383594","0.0947199,-0.1340364,-0.07883645,-0.37234822,-0.10813549,0.8981594,-0.07485381,-0.8330409,0.33098742",0.0
"0.0947199,-0.1340364,-0.07883645,-0.37234822,-0.10813549,0.8981594,-0.07485381,-0.8330409,0.33098742","0.996565,-0.9744524,-0.68231946","0.18988462,-0.2680186,-0.15213844,-0.5791265,-0.3862705,0.64015275,-0.07485381,-0.8330409,0.33098742",0.0
"0.18988462,-0.2680186,-0.15213844,-0.5791265,-0.3862705,0.64015275,-0.07485381,-0.8330409,0.33098742","0.9871633,-0.87850296,-0.9062465","0.28415155,-0.38880825,-0.24949706,-0.5506144,-0.6743116,0.2617129,-0.07485381,-0.8330409,0.33098742",0.0
"0.28415155,-0.38880825,-0.24949706,-0.5506144,-0.6743116,0.2617129,-0.07485381,-0.8330409,0.33098742","0.9691119,0.47453022,-0.5106104","0.3766947,-0.32356283,-0.30435225,-0.3153252,-0.75755584,0.31076765,-0.07485381,-0.8330409,0.33098742",0.0
"0.3766947,-0.32356283,-0.30435225,-0.3153252,-0.75755584,0.31076765,-0.07485381,-0.8330409,0.33098742","0.87871766,0.16647732,-0.07271826","0.46060586,-0.30067307,-0.31216443,-0.10461667,-0.79412025,0.34385243,-0.07485381,-0.8330409,0.33098742",0.0
"0.46060586,-0.30067307,-0.31216443,-0.10461667,-0.79412025,0.34385243,-0.07485381,-0.8330409,0.33098742","0.2439425,-0.06233865,0.00014209747","0.48390058,-0.30924436,-0.31214917,-0.04665593,-0.8072186,0.32705033,-0.07485381,-0.8330409,0.33098742",0.0
"0.48390058,-0.30924436,-0.31214917,-0.04665593,-0.8072186,0.32705033,-0.07485381,-0.8330409,0.33098742","-0.018296778,-0.17538017,0.25334978","0.4821534,-0.33335823,-0.28493166,-0.05217561,-0.8263636,0.3213703,-0.07485381,-0.8330409,0.33098742",0.0
"0.4821534,-0.33335823,-0.28493166,-0.05217561,-0.8263636,0.3213703,-0.07485381,-0.8330409,0.33098742","-0.073575675,-0.00017595291,0.08692443","0.47512746,-0.3333825,-0.2755933,-0.070341155,-0.82424223,0.3358712,-0.07485381,-0.8330409,0.33098742",0.0
"0.0,0.0,0.0,2.8652207e-07,0.005789075,0.993462,-0.295731,-0.1534503,0.404603","0.69767296,-0.9064263,-0.97664416","0.0666227,-0.12462896,-0.1049215,-0.39286256,-0.07753051,0.8863143,-0.295731,-0.1534503,0.404603",0.0
"0.0666227,-0.12462896,-0.1049215,-0.39286256,-0.07753051,0.8863143,-0.295731,-0.1534503,0.404603","0.78517485,-0.5576731,-0.9802709","0.14160119,-0.20130615,-0.21023263,-0.5782431,-0.26924902,0.6715858,-0.295731,-0.1534503,0.404603",0.0
"0.14160119,-0.20130615,-0.21023263,-0.5782431,-0.26924902,0.6715858,-0.295731,-0.1534503,0.404603","0.24170518,0.2745409,-0.9960597","0.16468228,-0.1635582,-0.31724,-0.56428826,-0.31445807,0.5797697,-0.295731,-0.1534503,0.404603",0.0
"0.16468228,-0.1635582,-0.31724,-0.56428826,-0.31445807,0.5797697,-0.295731,-0.1534503,0.404603","-0.21671271,0.591004,-0.987609","0.14398779,-0.082298204,-0.4233395,-0.52182996,-0.24715133,0.5416066,-0.295731,-0.1534503,0.404603",0.0
"0.14398779,-0.082298204,-0.4233395,-0.52182996,-0.24715133,0.5416066,-0.295731,-0.1534503,0.404603","-0.04746151,0.6500007,-0.97450274","0.13945556,0.0070735393,-0.52803093,-0.44550487,-0.20231602,0.4967252,-0.295731,-0.1534503,0.404603",0.0
"0.13945556,0.0070735393,-0.52803093,-0.44550487,-0.20231602,0.4967252,-0.295731,-0.1534503,0.404603","0.0369395,0.55341566,-0.9207565","0.14298302,0.08316535,-0.6269484,-0.37258154,-0.17318103,0.42624947,-0.295731,-0.1534503,0.404603",0.0
"0.14298302,0.08316535,-0.6269484,-0.37258154,-0.17318103,0.42624947,-0.295731,-0.1534503,0.404603","0.046459794,0.5007217,-0.6964835","0.1474196,0.15201202,-0.70177215,-0.30522403,-0.14594485,0.3723999,-0.295731,-0.1534503,0.404603",0.0
"0.1474196,0.15201202,-0.70177215,-0.30522403,-0.14594485,0.3723999,-0.295731,-0.1534503,0.404603","0.02929759,0.15515637,0.10942078","0.15021732,0.17334524,-0.69001704,-0.28534093,-0.1391346,0.4078132,-0.295731,-0.1534503,0.404603",0.0
"0.15021732,0.17334524,-0.69001704,-0.28534093,-0.1391346,0.4078132,-0.295731,-0.1534503,0.404603","0.010579705,-0.14818871,0.17160964","0.15122761,0.15297006,-0.671581,-0.30312657,-0.1494163,0.4202984,-0.295731,-0.1534503,0.404603",0.0
"0.0,0.0,0.0,2.8652207e-07,0.005789075,0.993462,-0.05391813,0.7209941,0.53209","-0.9743456,-0.9933044,0.48637116","-0.09304294,-0.13657425,0.052251194,-0.20979477,0.06917757,0.9626633,-0.05391813,0.7209941,0.53209",0.0
"-0.09304294,-0.13657425,0.052251194,-0.20979477,0.06917757,0.9626633,-0.05391813,0.7209941,0.53209","-0.9860047,-0.973509,0.55132234","-0.18719925,-0.27042678,0.11148014,-0.339998,0.23367366,0.87847847,-0.05391813,0.7209941,0.53209",0.0
"-0.18719925,-0.27042678,0.11148014,-0.339998,0.23367366,0.87847847,-0.05391813,0.7209941,0.53209","-0.98960894,-0.96507007,0.09556651","-0.28169972,-0.403119,0.12174697,-0.39932123,0.4971216,0.7137743,-0.05391813,0.7209941,0.53209",0.0
"-0.28169972,-0.403119,0.12174697,-0.39932123,0.4971216,0.7137743,-0.05391813,0.7209941,0.53209","-0.98091567,-0.7937362,0.10361791","-0.37537003,-0.5122537,0.13287878,-0.29377848,0.7267584,0.5341621,-0.05391813,0.7209941,0.53209",0.0
"-0.37537003,-0.5122537,0.13287878,-0.29377848,0.7267584,0.5341621,-0.05391813,0.7209941,0.53209","-0.8935637,0.4159453,-0.46935576","-0.4606989,-0.45506343,0.08245565,-0.08776673,0.7542605,0.5879648,-0.05391813,0.7209941,0.53209",0.0
"-0.4606989,-0.45506343,0.08245565,-0.08776673,0.7542605,0.5879648,-0.05391813,0.7209941,0.53209","-0.45661497,0.14396393,-0.44233155","-0.5043023,-0.4352692,0.034935754,0.01631002,0.7780696,0.5715252,-0.05391813,0.7209941,0.53209",0.0
"-0.5043023,-0.4352692,0.034935754,0.01631002,0.7780696,0.5715252,-0.05391813,0.7209941,0.53209","0.32168818,-0.06998807,-0.28069896","-0.47358343,-0.44489226,0.0047801384,-0.061924357,0.8143244,0.5158037,-0.05391813,0.7209941,0.53209",0.0
"-0.47358343,-0.44489226,0.0047801384,-0.061924357,0.8143244,0.5158037,-0.05391813,0.7209941,0.53209","-0.39747715,0.57299054,-0.48153365","-0.5115396,-0.36610904,-0.04695129,0.033148095,0.7541554,0.60161054,-0.05391813,0.7209941,0.53209",0.0
"-0.5115396,-0.36610904,-0.04695129,0.033148095,0.7541554,0.60161054,-0.05391813,0.7209941,0.53209","0.31326973,-0.36418414,-0.16151828","-0.4816246,-0.41618255,-0.064303264,-0.042238634,0.83126104,0.48163107,-0.05391813,0.7209941,0.53209",0.0
"-0.4816246,-0.41618255,-0.064303264,-0.042238634,0.83126104,0.48163107,-0.05391813,0.7209941,0.53209","-0.2750985,0.64854336,-0.40534115","-0.5078945,-0.3270112,-0.10784931,0.024341421,0.74769694,0.59480876,-0.05391813,0.7209941,0.53209",0.0
"-0.5078945,-0.3270112,-0.10784931,0.024341421,0.74769694,0.59480876,-0.05391813,0.7209941,0.53209","0.2522806,-0.35638678,-0.08736521","-0.48380357,-0.37601256,-0.11723498,-0.035787325,0.81660724,0.4882146,-0.05391813,0.7209941,0.53209",0.0
"-0.48380357,-0.37601256,-0.11723498,-0.035787325,0.81660724,0.4882146,-0.05391813,0.7209941,0.53209","-0.12851751,0.54503715,-0.3278935","-0.49607605,-0.30107278,-0.15246078,-0.0033721912,0.74338365,0.5816606,-0.05391813,0.7209941,0.53209",0.0
"-0.49607605,-0.30107278,-0.15246078,-0.0033721912,0.74338365,0.5816606,-0.05391813,0.7209941,0.53209","0.13601077,-0.24433267,-0.085057676","-0.48308802,-0.3346673,-0.16159858,-0.036285967,0.7913851,0.50579435,-0.05391813,0.7209941,0.53209",0.0
"-0.48308802,-0.3346673,-0.16159858,-0.036285967,0.7913851,0.50579435,-0.05391813,0.7209941,0.53209","-0.002849102,0.37140656,-0.24925572","-0.48336008,-0.28360087,-0.18837626,-0.032984365,0.7412407,0.56301993,-0.05391813,0.7209941,0.53209",0.0
"-0.48336008,-0.28360087,-0.18837626,-0.032984365,0.7412407,0.56301993,-0.05391813,0.7209941,0.53209","0.027567983,-0.09550995,-0.11824405","-0.48072755,-0.296733,-0.20107931,-0.040548686,0.76461715,0.52056,-0.05391813,0.7209941,0.53209",0.0
"-0.48072755,-0.296733,-0.20107931,-0.040548686,0.76461715,0.52056,-0.05391813,0.7209941,0.53209","0.052655935,0.19961691,-0.1544627","-0.47569928,-0.26928672,-0.21767332,-0.05059553,0.73739433,0.5467756,-0.05391813,0.7209941,0.53209",0.0
"-0.47569928,-0.26928672,-0.21767332,-0.05059553,0.73739433,0.5467756,-0.05391813,0.7209941,0.53209","-0.019965112,0.03188157,-0.1473301","-0.47760582,-0.26490322,-0.23350112,-0.0463274,0.73980147,0.53155226,-0.05391813,0.7209941,0.53209",0.0
"-0.47760582,-0.26490322,-0.23350112,-0.0463274,0.73980147,0.53155226,-0.05391813,0.7209941,0.53209","-0.0031235814,0.0833503,-0.09043789","-0.4779041,-0.253443,-0.24321695,-0.044935104,0.7297908,0.53783315,-0.05391813,0.7209941,0.53209",0.0
"0.0,0.0,0.0,2.8652207e-07,0.005789075,0.993462,0.6123977,-0.4839766,-0.029571943","-0.92610455,0.9950695,0.9748602","-0.08843626,0.13681695,0.104729846,0.409252,-0.11070168,0.87422335,0.6123977,-0.4839766,-0.029571943",0.0
"-0.08843626,0.13681695,0.104729846,0.409252,-0.11070168,0.87422335,0.6123977,-0.4839766,-0.029571943","-0.9573577,0.9868568,0.9476516","-0.17985697,0.2725047,0.20653664,0.6259167,-0.3899708,0.5570753,0.6123977,-0.4839766,-0.029571943",0.0
"-0.17985697,0.2725047,0.20653664,0.6259167,-0.3899708,0.5570753,0.6123977,-0.4839766,-0.029571943","-0.7989334,0.9544902,0.96599984","-0.25614932,0.40374216,0.3103146,0.6096913,-0.6253674,0.13538443,0.6123977,-0.4839766,-0.029571943",0.0
"-0.25614932,0.40374216,0.3103146,0.6096913,-0.6253674,0.13538443,0.6123977,-0.4839766,-0.029571943","0.6290792,0.23954356,0.749689","-0.19607681,0.43667823,0.39085415,0.69527847,-0.48508,-0.05274374,0.6123977,-0.4839766,-0.029571943",0.0
"-0.19607681,0.43667823,0.39085415,0.69527847,-0.48508,-0.05274374,0.6123977,-0.4839766,-0.029571943","-0.12814885,-0.4576758,0.5437255","-0.20831409,0.37375018,0.4492669,0.6372348,-0.48161063,-0.006884567,0.6123977,-0.4839766,-0.029571943",0.0
"-0.20831409,0.37375018,0.4492669,0.6372348,-0.48161063,-0.006884567,0.6123977,-0.4839766,-0.029571943","-0.008238077,-0.123722136,0.24762607","-0.20910078,0.35673904,0.47586954,0.61860716,-0.46973825,-0.010272977,0.6123977,-0.4839766,-0.029571943",0.0
"-0.20910078,0.35673904,0.47586954,0.61860716,-0.46973825,-0.010272977,0.6123977,-0.4839766,-0.029571943","-0.01839751,-0.016985595,0.10593641","-0.21085761,0.35440367,0.48725036,0.60909116,-0.46775213,-0.02101936,0.6123977,-0.4839766,-0.029571943",0.0
"-0.21085761,0.35440367,0.48725036,0.60909116,-0.46775213,-0.02101936,0.6123977,-0.4839766,-0.029571943","-0.008598089,0.041950703,0.0069892406","-0.21167868,0.3601717,0.4880012,0.6082435,-0.4696049,-0.032814458,0.6123977,-0.4839766,-0.029571943",0.0
"0.0,0.0,0.0,2.8652207e-07,0.005789075,0.993462,0.73912287,-0.3934503,0.42970812","-0.96240646,0.95242023,0.946159","-0.09190283,0.13095288,0.10164645,0.39363784,-0.110879645,0.88281894,0.73912287,-0.3934503,0.42970812",0.0
"-0.09190283,0.13095288,0.10164645,0.39363784,-0.110879645,0.88281894,0.73912287,-0.3934503,0.42970812","-0.90985346,0.78914165,0.9732747","-0.17878722,0.2394558,0.20620596,0.5886049,-0.3635626,0.6151785,0.73912287,-0.3934503,0.42970812",0.0
"-0.17878722,0.2394558,0.20620596,0.5886049,-0.3635626,0.6151785,0.73912287,-0.3934503,0.42970812","-0.3154564,0.65172637,0.32976747","-0.20891102,0.32906485,0.24163309,0.65094304,-0.4940597,0.39710152,0.73912287,-0.3934503,0.42970812",0.0
"-0.20891102,0.32906485,0.24163309,0.65094304,-0.4940597,0.39710152,0.73912287,-0.3934503,0.42970812","0.43827534,0.22896051,-0.565711","-0.1670589,0.36054575,0.1808584,0.7216393,-0.4111361,0.42615518,0.73912287,-0.3934503,0.42970812",0.0
"-0.1670589,0.36054575,0.1808584,0.7216393,-0.4111361,0.42615518,0.73912287,-0.3934503,0.42970812","0.11015642,-0.041862488,-0.011128306","-0.15653977,0.3547899,0.17966287,0.72895837,-0.38392305,0.4395592,0.73912287,-0.3934503,0.42970812",0.0
"0.0,0.0,0.0,2.8652207e-07,0.005789075,0.993462,-0.6342105,-0.5009357,0.22827868","0.96094346,-0.8939671,-0.9280884","0.091763124,-0.12291587,-0.09970512,-0.37636074,-0.10556895,0.89226335,-0.6342105,-0.5009357,0.22827868",0.0
"0.091763124,-0.12291587,-0.09970512,-0.37636074,-0.10556895,0.89226335,-0.6342105,-0.5009357,0.22827868","0.9852071,-0.9650634,-0.78095627","0.18584324,-0.25560713,-0.18360373,-0.58742636,-0.38116083,0.61894214,-0.6342105,-0.5009357,0.22827868",0.0
"0.18584324,-0.25560713,-0.18360373,-0.58742636,-0.38116083,0.61894214,-0.6342105,-0.5009357,0.22827868","0.74099946,-0.93960613,-0.82294846","0.2566033,-0.38479814,-0.2720136,-0.6048256,-0.62209475,0.23507226,-0.6342105,-0.5009357,0.22827868",0.0
"0.2566033,-0.38479814,-0.2720136,-0.6048256,-0.62209475,0.23507226,-0.6342105,-0.5009357,0.22827868","-0.6181042,0.5145581,-0.7975515","0.19757885,-0.3140491,-0.35769507,-0.6618797,-0.46611822,0.24659006,-0.6342105,-0.5009357,0.22827868",0.0
"0.19757885,-0.3140491,-0.35769507,-0.6618797,-0.46611822,0.24659006,-0.6342105,-0.5009357,0.22827868","0.2956946,-0.11111176,-0.004839599","0.22581555,-0.32932642,-0.35821497,-0.6258062,-0.5296396,0.21542342,-0.6342105,-0.5009357,0.22827868",0.0
"0.22581555,-0.32932642,-0.35821497,-0.6258062,-0.5296396,0.21542342,-0.6342105,-0.5009357,0.22827868","-0.18337387,0.1696626,-0.15394819","0.20830467,-0.3059987,-0.3747537,-0.6389035,-0.48286128,0.23599432,-0.6342105,-0.5009357,0.22827868",0.0
"0.20830467,-0.3059987,-0.3747537,-0.6389035,-0.48286128,0.23599432,-0.6342105,-0.5009357,0.22827868","0.0906806,-0.07646048,0.0051470995","0.216964,-0.31651163,-0.37420076,-0.63110733,-0.50458395,0.21621783,-0.6342105,-0.5009357,0.22827868",0.0
"0.0,0.0,0.0,2.8652207e-07,0.005789075,0.993462,-0.7038012,-0.0057894737,0.62845707","-0.43092394,-0.80130756,-0.891086","-0.041150115,-0.11017566,-0.095729925,-0.35698465,0.052246403,0.9070645,-0.7038012,-0.0057894737,0.62845707",0.0
"-0.041150115,-0.11017566,-0.095729925,-0.35698465,0.052246403,0.9070645,-0.7038012,-0.0057894737,0.62845707","0.13902128,-0.9162322,-0.4433266","-0.027874596,-0.2361529,-0.14335679,-0.6370007,0.061736986,0.7033559,-0.7038012,-0.0057894737,0.62845707",0.0
"-0.027874596,-0.2361529,-0.14335679,-0.6370007,0.061736986,0.7033559,-0.7038012,-0.0057894737,0.62845707","0.29046214,-0.37638414,-0.122920334","-0.00013757343,-0.2879038,-0.1565622,-0.72788155,0.0061037727,0.599664,-0.7038012,-0.0057894737,0.62845707",0.0
"-0.00013757343,-0.2879038,-0.1565622,-0.72788155,0.0061037727,0.599664,-0.7038012,-0.0057894737,0.62845707","0.16534722,0.46526945,-0.33663332","0.015651882,-0.22393166,-0.19272693,-0.6592553,-0.026646445,0.65915376,-0.7038012,-0.0057894737,0.62845707",0.0
"0.015651882,-0.22393166,-0.19272693,-0.6592553,-0.026646445,0.65915376,-0.7038012,-0.0057894737,0.62845707","-0.20671284,-0.21178973,-0.020862043","-0.004087697,-0.25305167,-0.19496815,-0.7038782,0.014829381,0.6076449,-0.7038012,-0.0057894737,0.62845707",0.0
"-0.004087697,-0.25305167,-0.19496815,-0.7038782,0.014829381,0.6076449,-0.7038012,-0.0057894737,0.62845707","0.16576147,0.26442707,-0.08762193","0.011741317,-0.21669433,-0.20438145,-0.6568911,-0.01844805,0.6551342,-0.7038012,-0.0057894737,0.62845707",0.0
"0.011741317,-0.21669433,-0.20438145,-0.6568911,-0.01844805,0.6551342,-0.7038012,-0.0057894737,0.62845707","-0.14777362,-0.23747367,0.0753057","-0.002369995,-0.24934576,-0.19629131,-0.6995312,0.010997952,0.61215323,-0.7038012,-0.0057894737,0.62845707",0.0
"-0.002369995,-0.24934576,-0.19629131,-0.6995312,0.010997952,0.61215323,-0.7038012,-0.0057894737,0.62845707","0.14517403,0.20622468,-0.05036193","0.011493067,-0.22099094,-0.20170176,-0.6614921,-0.018101653,0.65183955,-0.7038012,-0.0057894737,0.62845707",0.0
"0.011493067,-0.22099094,-0.20170176,-0.6614921,-0.018101653,0.65183955,-0.7038012,-0.0057894737,0.62845707","-0.13488233,-0.19444263,0.04790497","-0.0013872198,-0.24772583,-0.1965553,-0.6974197,0.0088285245,0.6145485,-0.7038012,-0.0057894737,0.62845707",0.0
"-0.0013872198,-0.24772583,-0.1965553,-0.6974197,0.0088285245,0.6145485,-0.7038012,-0.0057894737,0.62845707","0.13267958,0.17790449,-0.03761232","0.011282713,-0.22326489,-0.20059605,-0.664141,-0.017757738,0.6496558,-0.7038012,-0.0057894737,0.62845707",0.0
"0.011282713,-0.22326489,-0.20059605,-0.664141,-0.017757738,0.6496558,-0.7038012,-0.0057894737,0.62845707","-0.12631035,-0.16893202,0.034975886","-0.0007790116,-0.2464922,-0.19683859,-0.6958533,0.007492132,0.61625314,-0.7038012,-0.0057894737,0.62845707",0.0
"-0.0007790116,-0.2464922,-0.19683859,-0.6958533,0.007492132,0.61625314,-0.7038012,-0.0057894737,0.62845707","0.124592304,0.15722752,-0.028117657","0.011118646,-0.22487426,-0.19985932,-0.66604376,-0.017481776,0.64804035,-0.7038012,-0.0057894737,0.62845707",0.0
"0.011118646,-0.22487426,-0.19985932,-0.66604376,-0.017481776,0.64804035,-0.7038012,-0.0057894737,0.62845707","-0.11990869,-0.15038264,0.026125193","-0.00033176728,-0.24555111,-0.1970527,-0.69465226,0.006513218,0.61755335,-0.7038012,-0.0057894737,0.62845707",0.0
"-0.00033176728,-0.24555111,-0.1970527,-0.69465226,0.006513218,0.61755335,-0.7038012,-0.0057894737,0.62845707","0.118588924,0.14138412,-0.0208534","0.010992611,-0.22611155,-0.19929302,-0.6675042,-0.01726803,0.6467938,-0.7038012,-0.0057894737,0.62845707",0.0
"0.010992611,-0.22611155,-0.19929302,-0.6675042,-0.01726803,0.6467938,-0.7038012,-0.0057894737,0.62845707","-0.114970505,-0.13604033,0.019355059","1.3759061e-05,-0.24481641,-0.19721372,-0.69370824,0.005759315,0.61857545,-0.7038012,-0.0057894737,0.62845707",0.0
"1.3759061e-05,-0.24481641,-0.19721372,-0.69370824,0.005759315,0.61857545,-0.7038012,-0.0057894737,0.62845707","0.11393702,0.1289146,-0.015176237","0.010893914,-0.22709133,-0.19884415,-0.6686586,-0.017100431,0.64580446,-0.7038012,-0.0057894737,0.62845707",0.0
"0.010893914,-0.22709133,-0.19884415,-0.6686586,-0.017100431,0.64580446,-0.7038012,-0.0057894737,0.62845707","-0.1110723,-0.124639034,0.014007926","0.000287312,-0.24422857,-0.1973393,-0.69294953,0.0051637157,0.6193959,-0.7038012,-0.0057894737,0.62845707",0.0
"0.0,0.0,0.0,2.8652207e-07,0.005789075,0.993462,0.077251464,-0.8618713,-0.0990687","0.9825597,-0.96503085,-0.9683329","0.093827315,-0.13268678,-0.10402861,-0.39886567,-0.1150504,0.8790548,0.077251464,-0.8618713,-0.0990687",0.0
"0.093827315,-0.13268678,-0.10402861,-0.39886567,-0.1150504,0.8790548,0.077251464,-0.8618713,-0.0990687","0.9961195,-0.9662049,-0.9398152","0.1889495,-0.265535,-0.20499353,-0.60611814,-0.40201676,0.571737,0.077251464,-0.8618713,-0.0990687",0.0
"0.1889495,-0.265535,-0.20499353,-0.60611814,-0.40201676,0.571737,0.077251464,-0.8618713,-0.0990687","0.99568284,-0.8888498,-0.9400141","0.28403,-0.38774726,-0.30597982,-0.5478658,-0.670372,0.17600255,0.077251464,-0.8618713,-0.0990687",0.0
"0.28403,-0.38774726,-0.30597982,-0.5478658,-0.670372,0.17600255,0.077251464,-0.8618713,-0.0990687","0.9892062,-0.7714095,-0.7329749","0.378492,-0.49381214,-0.38472378,-0.32320324,-0.7896182,-0.16313766,0.077251464,-0.8618713,-0.0990687",0.0
"0.378492,-0.49381214,-0.38472378,-0.32320324,-0.7896182,-0.16313766,0.077251464,-0.8618713,-0.0990687","0.94249344,0.47794414,-0.10944188","0.46849325,-0.42809734,-0.3964812,-0.08906369,-0.8383056,-0.042872,0.077251464,-0.8618713,-0.0990687",0.0
"0.46849325,-0.42809734,-0.3964812,-0.08906369,-0.8383056,-0.042872,0.077251464,-0.8618713,-0.0990687","0.83217025,-0.21443594,-0.16132516","0.5479595,-0.45758122,-0.41381243,0.119274415,-0.8241803,-0.12654768,0.077251464,-0.8618713,-0.0990687",0.0
"0.5479595,-0.45758122,-0.41381243,0.119274415,-0.8241803,-0.12654768,0.077251464,-0.8618713,-0.0990687","-0.09090334,-0.30248332,0.55991936","0.53927886,-0.4991712,-0.35365993,0.10199352,-0.8693481,-0.13294475,0.077251464,-0.8618713,-0.0990687",0.0
"0.53927886,-0.4991712,-0.35365993,0.10199352,-0.8693481,-0.13294475,0.077251464,-0.8618713,-0.0990687","-0.16764605,0.15526938,0.036085606","0.5232699,-0.4778225,-0.3497832,0.058310095,-0.8754191,-0.08192491,0.077251464,-0.8618713,-0.0990687",0.0
"0.5232699,-0.4778225,-0.3497832,0.058310095,-0.8754191,-0.08192491,0.077251464,-0.8618713,-0.0990687","0.046930313,0.07543898,-0.29489398","0.5277514,-0.4674501,-0.38146383,0.06880115,-0.85360515,-0.10381052,0.077251464,-0.8618713,-0.0990687",0.0
"0.0,0.0,0.0,2.8652207e-07,0.005789075,0.993462,-0.00076023396,-0.0058479533,0.23331277","0.5023788,-0.7361268,-0.98849404","0.04797353,-0.10121365,-0.10619454,-0.35238585,-0.047659677,0.9068835,-0.00076023396,-0.0058479533,0.23331277",0.0
"0.04797353,-0.10121365,-0.10619454,-0.35238585,-0.047659677,0.9068835,-0.00076023396,-0.0058479533,0.23331277","-0.39834917,0.9751947,-0.9919308","0.009934081,0.032870617,-0.21275833,-0.21414953,-0.0008935397,0.91748524,-0.00076023396,-0.0058479533,0.23331277",0.0
"0.009934081,0.032870617,-0.21275833,-0.21414953,-0.0008935397,0.91748524,-0.00076023396,-0.0058479533,0.23331277","-0.29999578,0.95511603,-0.99210924","-0.018713325,0.16419418,-0.3193413,-0.080527484,0.010538759,0.8807056,-0.00076023396,-0.0058479533,0.23331277",0.0
"-0.018713325,0.16419418,-0.3193413,-0.080527484,0.010538759,0.8807056,-0.00076023396,-0.0058479533,0.23331277","0.104720235,0.539731,-0.9682112","-0.008713292,0.23840445,-0.4233569,-0.06157641,0.007477253,0.8022978,-0.00076023396,-0.0058479533,0.23331277",0.0
"-0.008713292,0.23840445,-0.4233569,-0.06157641,0.007477253,0.8022978,-0.00076023396,-0.0058479533,0.23331277","0.018483996,0.25089335,-0.9588546","-0.006948196,0.27290103,-0.52636737,-0.106281884,0.008110785,0.6979516,-0.00076023396,-0.0058479533,0.23331277",0.0
"-0.006948196,0.27290103,-0.52636737,-0.106281884,0.008110785,0.6979516,-0.00076023396,-0.0058479533,0.23331277","0.06832981,0.66854,-0.9727728","-0.00042318818,0.36482188,-0.630873,-0.058113273,0.0058664554,0.5864763,-0.00076023396,-0.0058479533,0.23331277",0.0
"-0.00042318818,0.36482188,-0.630873,-0.058113273,0.0058664554,0.5864763,-0.00076023396,-0.0058479533,0.23331277","0.24280465,0.14133143,-0.9520199","0.022762902,0.38425422,-0.73314923,-0.10033355,-0.0013832068,0.4493272,-0.00076023396,-0.0058479533,0.23331277",0.0
"0.022762902,0.38425422,-0.73314923,-0.10033355,-0.0013832068,0.4493272,-0.00076023396,-0.0058479533,0.23331277","0.1243732,0.19674408,-0.91051316","0.034639645,0.41130555,-0.8309663,-0.10824946,-0.006003059,0.30884296,-0.00076023396,-0.0058479533,0.23331277",0.0
"0.034639645,0.41130555,-0.8309663,-0.10824946,-0.006003059,0.30884296,-0.00076023396,-0.0058479533,0.23331277","-0.016141891,0.27378702,-0.7594626","0.033098217,0.4489499,-0.91255593,-0.0898432,-0.0035551426,0.19110522,-0.00076023396,-0.0058479533,0.23331277",0.0
"0.033098217,0.4489499,-0.91255593,-0.0898432,-0.0035551426,0.19110522,-0.00076023396,-0.0058479533,0.23331277","-0.021610558,0.5285542,-0.42714012","0.03103457,0.52162343,-0.95844394,-0.05144062,0.0007856136,0.13182034,-0.00076023396,-0.0058479533,0.23331277",0.0
"0.03103457,0.52162343,-0.95844394,-0.05144062,0.0007856136,0.13182034,-0.00076023396,-0.0058479533,0.23331277","-0.0434255,0.5519444,-0.1008808","0.026887752,0.597513,-0.96928173,-0.0167764,0.0043896423,0.12118964,-0.00076023396,-0.0058479533,0.23331277",0.0
"0.026887752,0.597513,-0.96928173,-0.0167764,0.0043896423,0.12118964,-0.00076023396,-0.0058479533,0.23331277","0.034031272,0.37111473,0.1720084","0.030137494,0.6485395,-0.9508028,0.0146518415,0.0072067548,0.14925024,-0.00076023396,-0.0058479533,0.23331277",0.0
"0.030137494,0.6485395,-0.9508028,0.0146518415,0.0072067548,0.14925024,-0.00076023396,-0.0058479533,0.23331277","0.0644474,0.18738627,0.24800134","0.036291752,0.6743042,-0.92415994,0.043034703,0.010755061,0.18576369,-0.00076023396,-0.0058479533,0.23331277",0.0
"0.036291752,0.6743042,-0.92415994,0.043034703,0.010755061,0.18576369,-0.00076023396,-0.0058479533,0.23331277","0.07594371,-0.040323853,0.255314","0.043543823,0.6687599,-0.8967315,0.057288136,0.013730043,0.2241531,-0.00076023396,-0.0058479533,0.23331277",0.0
"0.043543823,0.6687599,-0.8967315,0.057288136,0.013730043,0.2241531,-0.00076023396,-0.0058479533,0.23331277","0.0506593,-0.24591613,0.16277099","0.048381418,0.6349478,-0.87924504,0.045687567,0.012855092,0.25230628,-0.00076023396,-0.0058479533,0.23331277",0.0
"0.048381418,0.6349478,-0.87924504,0.045687567,0.012855092,0.25230628,-0.00076023396,-0.0058479533,0.23331277","-0.011940837,-0.26482505,-0.026177764","0.04724116,0.5985358,-0.88205737,0.01801506,0.008547123,0.25130484,-0.00076023396,-0.0058479533,0.23331277",0.0
"0.04724116,0.5985358,-0.88205737,0.01801506,0.008547123,0.25130484,-0.00076023396,-0.0058479533,0.23331277","-0.06581837,-0.09034997,-0.19194812","0.040955987,0.58611315,-0.9026786,-0.0007003067,0.005746994,0.2216003,-0.00076023396,-0.0058479533,0.23331277",0.0
"0.0,0.0,0.0,2.8652207e-07,0.005789075,0.993462,-0.6503509,0.71502924,-0.024995487","-0.9929016,-0.9870807,-0.65421844","-0.09481491,-0.13571852,-0.07028309,-0.36210927,0.117224745,0.9030131,-0.6503509,0.71502924,-0.024995487",0.0
"-0.09481491,-0.13571852,-0.07028309,-0.36210927,0.117224745,0.9030131,-0.6503509,0.71502924,-0.024995487","-0.98377794,-0.9903639,-0.24773782","-0.18875855,-0.27188846,-0.09689771,-0.5411093,0.37164277,0.7031684,-0.6503509,0.71502924,-0.024995487",0.0
"-0.18875855,-0.27188846,-0.09689771,-0.5411093,0.37164277,0.7031684,-0.6503509,0.71502924,-0.024995487","-0.92897207,-0.9919205,-0.6073038","-0.27746865,-0.40827245,-0.16214071,-0.556336,0.6707079,0.35531947,-0.6503509,0.71502924,-0.024995487",0.0
"-0.27746865,-0.40827245,-0.16214071,-0.556336,0.6707079,0.35531947,-0.6503509,0.71502924,-0.024995487","-0.08040142,-0.9774443,-0.6146561","-0.28514642,-0.5426661,-0.22817355,-0.5841547,0.73909974,-0.048112515,-0.6503509,0.71502924,-0.024995487",0.0
"-0.28514642,-0.5426661,-0.22817355,-0.5841547,0.73909974,-0.048112515,-0.6503509,0.71502924,-0.024995487","0.18402255,-0.08750707,0.29672563","-0.2675736,-0.5546979,-0.1962961,-0.631753,0.7143485,-0.027373277,-0.6503509,0.71502924,-0.024995487",0.0
"-0.2675736,-0.5546979,-0.1962961,-0.631753,0.7143485,-0.027373277,-0.6503509,0.71502924,-0.024995487","0.01880002,0.0031558275,0.038522005","-0.2657783,-0.554264,-0.19215761,-0.6364182,0.71148753,-0.020009516,-0.6503509,0.71502924,-0.024995487",0.0
"0.0,0.0,0.0,2.8652207e-07,0.005789075,0.993462,0.4894737,-0.5231579,0.42487016","-0.8291898,0.9041176,0.9221592","-0.0791816,0.12431152,0.099068135,0.38216847,-0.091104515,0.8914465,0.4894737,-0.5231579,0.42487016",0.0
"-0.0791816,0.12431152,0.099068135,0.38216847,-0.091104515,0.8914465,0.4894737,-0.5231579,0.42487016","-0.9690146,0.83894646,0.85190475","-0.17171547,0.23966236,0.1905888,0.58792174,-0.34524,0.6362931,0.4894737,-0.5231579,0.42487016",0.0
"-0.17171547,0.23966236,0.1905888,0.58792174,-0.34524,0.6362931,0.4894737,-0.5231579,0.42487016","-0.8388534,-0.016149342,0.90122795","-0.25181988,0.23744194,0.2874083,0.51674515,-0.51445544,0.500353,0.4894737,-0.5231579,0.42487016",0.0
"-0.25181988,0.23744194,0.2874083,0.51674515,-0.51445544,0.500353,0.4894737,-0.5231579,0.42487016","-0.034155965,-0.20002359,0.52132547","-0.25508153,0.20993975,0.34341463,0.4999509,-0.50785434,0.46313018,0.4894737,-0.5231579,0.42487016",0.0
"-0.25508153,0.20993975,0.34341463,0.4999509,-0.50785434,0.46313018,0.4894737,-0.5231579,0.42487016","-0.029275,-0.11644524,0.2617594","-0.25787708,0.19392915,0.3715357,0.4866848,-0.50299263,0.44720554,0.4894737,-0.5231579,0.42487016",0.0
"-0.25787708,0.19392915,0.3715357,0.4866848,-0.50299263,0.44720554,0.4894737,-0.5231579,0.42487016","-0.042528927,-0.013659477,0.06857252","-0.26193827,0.19205105,0.3789025,0.47954085,-0.50842047,0.43897036,0.4894737,-0.5231579,0.42487016",0.0
"-0.26193827,0.19205105,0.3789025,0.47954085,-0.50842047,0.43897036,0.4894737,-0.5231579,0.42487016","-0.009436548,0.03643477,-0.024686038","-0.2628394,0.19706064,0.3762505,0.48154628,-0.5135127,0.43452144,0.4894737,-0.5231579,0.42487016",0.0
"0.0,0.0,0.0,2.8652207e-07,0.005789075,0.993462,-0.8653217,-0.0057894737,-0.0990687","-0.35062337,-0.936075,-0.96343523","-0.033481993,-0.12870549,-0.10350246,-0.40385008,0.048458274,0.8834918,-0.8653217,-0.0057894737,-0.0990687",0.0
"-0.033481993,-0.12870549,-0.10350246,-0.40385008,0.048458274,0.8834918,-0.8653217,-0.0057894737,-0.0990687","0.1954428,-0.98204297,-0.80426353","-0.014818627,-0.26373136,-0.18990499,-0.71477145,0.039094973,0.5961988,-0.8653217,-0.0057894737,-0.0990687",0.0
"-0.014818627,-0.26373136,-0.18990499,-0.71477145,0.039094973,0.5961988,-0.8653217,-0.0057894737,-0.0990687","0.07977605,-0.943892,-0.8878173","-0.0072005964,-0.39351168,-0.28528374,-0.8719019,0.025517737,0.19590007,-0.8653217,-0.0057894737,-0.0990687",0.0
"-0.0072005964,-0.39351168,-0.28528374,-0.8719019,0.025517737,0.19590007,-0.8653217,-0.0057894737,-0.0990687","0.15431702,-0.7739451,-0.90075076","0.0075355577,-0.4999252,-0.38205197,-0.8545445,-0.014442617,-0.17239147,-0.8653217,-0.0057894737,-0.0990687",0.0
"0.0075355577,-0.4999252,-0.38205197,-0.8545445,-0.014442617,-0.17239147,-0.8653217,-0.0057894737,-0.0990687","-8.511543e-05,0.29002476,0.27994835","0.0075274277,-0.46004838,-0.35197693,-0.87409395,-0.014883296,-0.0470599,-0.8653217,-0.0057894737,-0.0990687",0.0
"0.0075274277,-0.46004838,-0.35197693,-0.87409395,-0.014883296,-0.0470599,-0.8653217,-0.0057894737,-0.0990687","-0.021457374,-0.11511505,-0.2902574","0.0054784026,-0.47587618,-0.38315946,-0.8552075,-0.008930128,-0.12369025,-0.8653217,-0.0057894737,-0.0990687",0.0
"0.0054784026,-0.47587618,-0.38315946,-0.8552075,-0.008930128,-0.12369025,-0.8653217,-0.0057894737,-0.0990687","0.008592963,0.05276501,0.16446733","0.0062989667,-0.46862134,-0.36549062,-0.86691433,-0.011366747,-0.0843139,-0.8653217,-0.0057894737,-0.0990687",0.0
"0.0,0.0,0.0,2.8652207e-07,0.005789075,0.993462,-0.7246199,-0.2549123,0.32791466","0.39881897,-0.8792801,-0.94291115","0.038084313,-0.12089649,-0.101297535,-0.38667184,-0.040654786,0.8928913,-0.7246199,-0.2549123,0.32791466",0.0
"0.038084313,-0.12089649,-0.101297535,-0.38667184,-0.040654786,0.8928913,-0.7246199,-0.2549123,0.32791466","0.8193339,-0.9652755,-0.8212005","0.11632475,-0.25361693,-0.18951961,-0.6570526,-0.24521141,0.614215,-0.7246199,-0.2549123,0.32791466",0.0
"0.11632475,-0.25361693,-0.18951961,-0.6570526,-0.24521141,0.614215,-0.7246199,-0.2549123,0.32791466","0.00789535,-0.8619729,-0.82210404","0.1170787,-0.3721338,-0.27783877,-0.8031633,-0.30329514,0.2526448,-0.7246199,-0.2549123,0.32791466",0.0
"0.1170787,-0.3721338,-0.27783877,-0.8031633,-0.30329514,0.2526448,-0.7246199,-0.2549123,0.32791466","0.021510124,0.7553563,-0.5229487","0.119132765,-0.2682762,-0.33401948,-0.7209742,-0.2769647,0.37195137,-0.7246199,-0.2549123,0.32791466",0.0
"0.119132765,-0.2682762,-0.33401948,-0.7209742,-0.2769647,0.37195137,-0.7246199,-0.2549123,0.32791466","-0.055607677,-0.1230945,-0.23829132","0.11382264,-0.2852011,-0.35961926,-0.739488,-0.270128,0.29979578,-0.7246199,-0.2549123,0.32791466",0.0
"0.11382264,-0.2852011,-0.35961926,-0.739488,-0.270128,0.29979578,-0.7246199,-0.2549123,0.32791466","0.024920583,0.23509371,-0.043060422","0.11620237,-0.25287697,-0.36424527,-0.7110724,-0.26556852,0.35355803,-0.7246199,-0.2549123,0.32791466",0.0
"0.11620237,-0.25287697,-0.36424527,-0.7110724,-0.26556852,0.35355803,-0.7246199,-0.2549123,0.32791466","-0.012404859,-0.20564657,0.039693236","0.1150178,-0.28115234,-0.35998103,-0.73532957,-0.27171636,0.30698994,-0.7246199,-0.2549123,0.32791466",0.0
"0.1150178,-0.28115234,-0.35998103,-0.73532957,-0.27171636,0.30698994,-0.7246199,-0.2549123,0.32791466","0.014087677,0.18138087,-0.035797298","0.11636307,-0.25621343,-0.36382675,-0.7137893,-0.26701882,0.34802195,-0.7246199,-0.2549123,0.32791466",0.0
"0.11636307,-0.25621343,-0.36382675,-0.7137893,-0.26701882,0.34802195,-0.7246199,-0.2549123,0.32791466","-0.011283219,-0.16002107,0.03022921","0.115285605,-0.27821553,-0.36057922,-0.7327748,-0.27145362,0.3116643,-0.7246199,-0.2549123,0.32791466",0.0
"0.115285605,-0.27821553,-0.36057922,-0.7327748,-0.27145362,0.3116643,-0.7246199,-0.2549123,0.32791466","0.010345817,0.14290118,-0.027914703","0.116273545,-0.25856736,-0.36357814,-0.7158575,-0.26758027,0.34402817,-0.7246199,-0.2549123,0.32791466",0.0
"0.116273545,-0.25856736,-0.36357814,-0.7158575,-0.26758027,0.34402817,-0.7246199,-0.2549123,0.32791466","-0.0091635585,-0.12728554,0.023976922","0.1153985,-0.2760685,-0.36100227,-0.73096573,-0.27106386,0.31509182,-0.7246199,-0.2549123,0.32791466",0.0
"0.1153985,-0.2760685,-0.36100227,-0.73096573,-0.27106386,0.31509182,-0.7246199,-0.2549123,0.32791466","0.008164644,0.114346385,-0.022137702","0.11617816,-0.2603465,-0.36338052,-0.7174339,-0.26793745,0.341017,-0.7246199,-0.2549123,0.32791466",0.0
"0.11617816,-0.2603465,-0.36338052,-0.7174339,-0.26793745,0.341017,-0.7246199,-0.2549123,0.32791466","-0.0073767304,-0.10245597,0.019288182","0.11547373,-0.2744337,-0.3613084,-0.7295906,-0.2707391,0.31772068,-0.7246199,-0.2549123,0.32791466",0.0
"0.11547373,-0.2744337,-0.3613084,-0.7295906,-0.2707391,0.31772068,-0.7246199,-0.2549123,0.32791466","0.0065767765,0.09236109,-0.017771304","0.11610177,-0.26173455,-0.3632176,-0.71865946,-0.26820877,0.33867618,-0.7246199,-0.2549123,0.32791466",0.0
"0.0,0.0,0.0,2.8652207e-07,0.005789075,0.993462,0.3866667,-0.13888888,0.62924165","-0.29761815,0.6990936,0.9665724","-0.02842037,0.09612177,0.10383948,0.34161264,-0.024769856,0.91300803,0.3866667,-0.13888888,0.62924165",0.0
"-0.02842037,0.09612177,0.10383948,0.34161264,-0.024769856,0.91300803,0.3866667,-0.13888888,0.62924165","-0.8388841,0.26891065,0.9223851","-0.10852771,0.13309559,0.20293191,0.4914977,-0.16824383,0.77728176,0.3866667,-0.13888888,0.62924165",0.0
"-0.10852771,0.13309559,0.20293191,0.4914977,-0.16824383,0.77728176,0.3866667,-0.13888888,0.62924165","-0.22973919,-0.41835678,0.8878645","-0.13046613,0.0755737,0.29831576,0.46207836,-0.19445144,0.7299739,0.3866667,-0.13888888,0.62924165",0.0
"-0.13046613,0.0755737,0.29831576,0.46207836,-0.19445144,0.7299739,0.3866667,-0.13888888,0.62924165","0.0787282,-0.34857488,0.8074136","-0.12294816,0.027646445,0.38505676,0.44976565,-0.1766621,0.6691398,0.3866667,-0.13888888,0.62924165",0.0
"-0.12294816,0.027646445,0.38505676,0.44976565,-0.1766621,0.6691398,0.3866667,-0.13888888,0.62924165","-0.014469564,-0.42631352,0.615432","-0.1243299,-0.030969478,0.45117304,0.40097412,-0.1588405,0.6397622,0.3866667,-0.13888888,0.62924165",0.0
"-0.1243299,-0.030969478,0.45117304,0.40097412,-0.1588405,0.6397622,0.3866667,-0.13888888,0.62924165","0.051989317,-0.09226704,0.12561107","-0.11936529,-0.04365573,0.46466756,0.39241585,-0.1482425,0.63331217,0.3866667,-0.13888888,0.62924165",0.0
"0.0,0.0,0.0,2.8652207e-07,0.005789075,0.993462,-0.05391813,0.7209941,0.53209","-0.9743456,-0.9933044,0.48637116","-0.09304294,-0.13657425,0.052251194,-0.20979477,0.06917757,0.9626633,-0.05391813,0.7209941,0.53209",0.0
"-0.09304294,-0.13657425,0.052251194,-0.20979477,0.06917757,0.9626633,-0.05391813,0.7209941,0.53209","-0.9860047,-0.973509,0.55132234","-0.18719925,-0.27042678,0.11148014,-0.339998,0.23367366,0.87847847,-0.05391813,0.7209941,0.53209",0.0
"-0.18719925,-0.27042678,0.11148014,-0.339998,0.23367366,0.87847847,-0.05391813,0.7209941,0.53209","-0.98960894,-0.96507007,0.09556651","-0.28169972,-0.403119,0.12174697,-0.39932123,0.4971216,0.7137743,-0.05391813,0.7209941,0.53209",0.0
"-0.28169972,-0.403119,0.12174697,-0.39932123,0.4971216,0.7137743,-0.05391813,0.7209941,0.53209","-0.98091567,-0.7937362,0.10361791","-0.37537003,-0.5122537,0.13287878,-0.29377848,0.7267584,0.5341621,-0.05391813,0.7209941,0.53209",0.0
"-0.37537003,-0.5122537,0.13287878,-0.29377848,0.7267584,0.5341621,-0.05391813,0.7209941,0.53209","-0.8935637,0.4159453,-0.46935576","-0.4606989,-0.45506343,0.08245565,-0.08776673,0.7542605,0.5879648,-0.05391813,0.7209941,0.53209",0.0
"-0.4606989,-0.45506343,0.08245565,-0.08776673,0.7542605,0.5879648,-0.05391813,0.7209941,0.53209","-0.45661497,0.14396393,-0.44233155","-0.5043023,-0.4352692,0.034935754,0.01631002,0.7780696,0.5715252,-0.05391813,0.7209941,0.53209",0.0
"-0.5043023,-0.4352692,0.034935754,0.01631002,0.7780696,0.5715252,-0.05391813,0.7209941,0.53209","0.32168818,-0.06998807,-0.28069896","-0.47358343,-0.44489226,0.0047801384,-0.061924357,0.8143244,0.5158037,-0.05391813,0.7209941,0.53209",0.0
"-0.47358343,-0.44489226,0.0047801384,-0.061924357,0.8143244,0.5158037,-0.05391813,0.7209941,0.53209","-0.39747715,0.57299054,-0.48153365","-0.5115396,-0.36610904,-0.04695129,0.033148095,0.7541554,0.60161054,-0.05391813,0.7209941,0.53209",0.0
"-0.5115396,-0.36610904,-0.04695129,0.033148095,0.7541554,0.60161054,-0.05391813,0.7209941,0.53209","0.31326973,-0.36418414,-0.16151828","-0.4816246,-0.41618255,-0.064303264,-0.042238634,0.83126104,0.48163107,-0.05391813,0.7209941,0.53209",0.0
"-0.4816246,-0.41618255,-0.064303264,-0.042238634,0.83126104,0.48163107,-0.05391813,0.7209941,0.53209","-0.2750985,0.64854336,-0.40534115","-0.5078945,-0.3270112,-0.10784931,0.024341421,0.74769694,0.59480876,-0.05391813,0.7209941,0.53209",0.0
"-0.5078945,-0.3270112,-0.10784931,0.024341421,0.74769694,0.59480876,-0.05391813,0.7209941,0.53209","0.2522806,-0.35638678,-0.08736521","-0.48380357,-0.37601256,-0.11723498,-0.035787325,0.81660724,0.4882146,-0.05391813,0.7209941,0.53209",0.0
"-0.48380357,-0.37601256,-0.11723498,-0.035787325,0.81660724,0.4882146,-0.05391813,0.7209941,0.53209","-0.12851751,0.54503715,-0.3278935","-0.49607605,-0.30107278,-0.15246078,-0.0033721912,0.74338365,0.5816606,-0.05391813,0.7209941,0.53209",0.0
"-0.49607605,-0.30107278,-0.15246078,-0.0033721912,0.74338365,0.5816606,-0.05391813,0.7209941,0.53209","0.13601077,-0.24433267,-0.085057676","-0.48308802,-0.3346673,-0.16159858,-0.036285967,0.7913851,0.50579435,-0.05391813,0.7209941,0.53209",0.0
"-0.48308802,-0.3346673,-0.16159858,-0.036285967,0.7913851,0.50579435,-0.05391813,0.7209941,0.53209","-0.002849102,0.37140656,-0.24925572","-0.48336008,-0.28360087,-0.18837626,-0.032984365,0.7412407,0.56301993,-0.05391813,0.7209941,0.53209",0.0
"-0.48336008,-0.28360087,-0.18837626,-0.032984365,0.7412407,0.56301993,-0.05391813,0.7209941,0.53209","0.027567983,-0.09550995,-0.11824405","-0.48072755,-0.296733,-0.20107931,-0.040548686,0.76461715,0.52056,-0.05391813,0.7209941,0.53209",0.0
"-0.48072755,-0.296733,-0.20107931,-0.040548686,0.76461715,0.52056,-0.05391813,0.7209941,0.53209","0.052655935,0.19961691,-0.1544627","-0.47569928,-0.26928672,-0.21767332,-0.05059553,0.73739433,0.5467756,-0.05391813,0.7209941,0.53209",0.0
"-0.47569928,-0.26928672,-0.21767332,-0.05059553,0.73739433,0.5467756,-0.05391813,0.7209941,0.53209","-0.019965112,0.03188157,-0.1473301","-0.47760582,-0.26490322,-0.23350112,-0.0463274,0.73980147,0.53155226,-0.05391813,0.7209941,0.53209",0.0
"-0.47760582,-0.26490322,-0.23350112,-0.0463274,0.73980147,0.53155226,-0.05391813,0.7209941,0.53209","-0.0031235814,0.0833503,-0.09043789","-0.4779041,-0.253443,-0.24321695,-0.044935104,0.7297908,0.53783315,-0.05391813,0.7209941,0.53209",0.0
"0.0,0.0,0.0,2.8652207e-07,0.005789075,0.993462,-0.6503509,0.71502924,-0.024995487","-0.9929016,-0.9870807,-0.65421844","-0.09481491,-0.13571852,-0.07028309,-0.36210927,0.117224745,0.9030131,-0.6503509,0.71502924,-0.024995487",0.0
"-0.09481491,-0.13571852,-0.07028309,-0.36210927,0.117224745,0.9030131,-0.6503509,0.71502924,-0.024995487","-0.98377794,-0.9903639,-0.24773782","-0.18875855,-0.27188846,-0.09689771,-0.5411093,0.37164277,0.7031684,-0.6503509,0.71502924,-0.024995487",0.0
"-0.18875855,-0.27188846,-0.09689771,-0.5411093,0.37164277,0.7031684,-0.6503509,0.71502924,-0.024995487","-0.92897207,-0.9919205,-0.6073038","-0.27746865,-0.40827245,-0.16214071,-0.556336,0.6707079,0.35531947,-0.6503509,0.71502924,-0.024995487",0.0
"-0.27746865,-0.40827245,-0.16214071,-0.556336,0.6707079,0.35531947,-0.6503509,0.71502924,-0.024995487","-0.08040142,-0.9774443,-0.6146561","-0.28514642,-0.5426661,-0.22817355,-0.5841547,0.73909974,-0.048112515,-0.6503509,0.71502924,-0.024995487",0.0
"-0.28514642,-0.5426661,-0.22817355,-0.5841547,0.73909974,-0.048112515,-0.6503509,0.71502924,-0.024995487","0.18402255,-0.08750707,0.29672563","-0.2675736,-0.5546979,-0.1962961,-0.631753,0.7143485,-0.027373277,-0.6503509,0.71502924,-0.024995487",0.0
"-0.2675736,-0.5546979,-0.1962961,-0.631753,0.7143485,-0.027373277,-0.6503509,0.71502924,-0.024995487","0.01880002,0.0031558275,0.038522005","-0.2657783,-0.554264,-0.19215761,-0.6364182,0.71148753,-0.020009516,-0.6503509,0.71502924,-0.024995487",0.0
"0.0,0.0,0.0,2.8652207e-07,0.005789075,0.993462,-0.62169594,-0.32988304,0.62845707","0.82250404,-0.98488784,-0.3730508","0.078543164,-0.13541701,-0.04007707,-0.33304828,-0.07791972,0.9237766,-0.62169594,-0.32988304,0.62845707",0.0
"0.078543164,-0.13541701,-0.04007707,-0.33304828,-0.07791972,0.9237766,-0.62169594,-0.32988304,0.62845707","0.8985574,-0.9759051,-0.37773025","0.16434889,-0.26959896,-0.08065685,-0.5572908,-0.3097078,0.72563493,-0.62169594,-0.32988304,0.62845707",0.0
"0.16434889,-0.26959896,-0.08065685,-0.5572908,-0.3097078,0.72563493,-0.62169594,-0.32988304,0.62845707","0.0031867027,-0.65493286,-0.24771237","0.16465318,-0.35964888,-0.10726872,-0.69051594,-0.38620728,0.5342982,-0.62169594,-0.32988304,0.62845707",0.0
"0.16465318,-0.35964888,-0.10726872,-0.69051594,-0.38620728,0.5342982,-0.62169594,-0.32988304,0.62845707","-0.11293125,0.758672,-0.7561107","0.15386906,-0.25533545,-0.18849817,-0.625212,-0.32165644,0.6126802,-0.62169594,-0.32988304,0.62845707",0.0
"0.0,0.0,0.0,2.8652207e-07,0.005789075,0.993462,0.070701756,0.9233333,-0.1823602","-0.69202447,-0.997493,-0.807665","-0.06608332,-0.13715017,-0.08676796,-0.39355198,0.08881479,0.8889274,0.070701756,0.9233333,-0.1823602",0.0
"-0.06608332,-0.13715017,-0.08676796,-0.39355198,0.08881479,0.8889274,0.070701756,0.9233333,-0.1823602","-0.9451866,-0.9985839,-0.5123586","-0.15634178,-0.27445033,-0.14181095,-0.6126426,0.33425727,0.6428023,0.070701756,0.9233333,-0.1823602",0.0
"-0.15634178,-0.27445033,-0.14181095,-0.6126426,0.33425727,0.6428023,0.070701756,0.9233333,-0.1823602","-0.99606127,-0.9947231,-0.2842368","-0.2514584,-0.41121966,-0.17234667,-0.6131846,0.6270565,0.33345374,0.070701756,0.9233333,-0.1823602",0.0
"-0.2514584,-0.41121966,-0.17234667,-0.6131846,0.6270565,0.33345374,0.070701756,0.9233333,-0.1823602","-0.99702895,-0.9553857,-0.025700688","-0.3466674,-0.5425803,-0.17510767,-0.43732095,0.8490239,0.033562064,0.070701756,0.9233333,-0.1823602",0.0
"-0.3466674,-0.5425803,-0.17510767,-0.43732095,0.8490239,0.033562064,0.070701756,0.9233333,-0.1823602","-0.9743962,-0.44399393,-0.35881603","-0.43971518,-0.60362726,-0.21365547,-0.17301212,0.9333401,-0.16721922,0.070701756,0.9233333,-0.1823602",0.0
"-0.43971518,-0.60362726,-0.21365547,-0.17301212,0.9333401,-0.16721922,0.070701756,0.9233333,-0.1823602","-0.83550096,0.62861276,-0.62140155","-0.5194994,-0.5171963,-0.280413,0.061974104,0.91577363,-0.06828946,0.070701756,0.9233333,-0.1823602",0.0
"-0.5194994,-0.5171963,-0.280413,0.061974104,0.91577363,-0.06828946,0.070701756,0.9233333,-0.1823602","-0.2270742,-0.37983763,-0.46979284","-0.5411834,-0.56942207,-0.33088312,0.1194955,0.87353337,-0.2533964,0.070701756,0.9233333,-0.1823602",0.0
"-0.5411834,-0.56942207,-0.33088312,0.1194955,0.87353337,-0.2533964,0.070701756,0.9233333,-0.1823602","0.13882208,-0.05681914,0.6035242","-0.52792686,-0.57723445,-0.26604608,0.08678121,0.9204809,-0.18257396,0.070701756,0.9233333,-0.1823602",0.0
"0.0,0.0,0.0,2.8652207e-07,0.005789075,0.993462,-0.2897661,-0.0057894737,0.43591902","0.04136324,-0.8692349,-0.96809554","0.0039498843,-0.11951533,-0.10400312,-0.38930094,0.0009583663,0.89199823,-0.2897661,-0.0057894737,0.43591902",0.0
"0.0039498843,-0.11951533,-0.10400312,-0.38930094,0.0009583663,0.89199823,-0.2897661,-0.0057894737,0.43591902","0.116977215,0.19747365,-0.97184587","0.015120356,-0.09236372,-0.20840915,-0.45156312,-0.015670782,0.8193051,-0.2897661,-0.0057894737,0.43591902",0.0
"0.015120356,-0.09236372,-0.20840915,-0.45156312,-0.015670782,0.8193051,-0.2897661,-0.0057894737,0.43591902","0.09507549,0.40980816,-0.98002774","0.024199374,-0.036017206,-0.31369418,-0.44597676,-0.028164716,0.7558416,-0.2897661,-0.0057894737,0.43591902",0.0
"0.024199374,-0.036017206,-0.31369418,-0.44597676,-0.028164716,0.7558416,-0.2897661,-0.0057894737,0.43591902","0.0009508133,0.4977466,-0.980146","0.024290174,0.0324204,-0.4189919,-0.40976402,-0.025523849,0.68700147,-0.2897661,-0.0057894737,0.43591902",0.0
"0.024290174,0.0324204,-0.4189919,-0.40976402,-0.025523849,0.68700147,-0.2897661,-0.0057894737,0.43591902","-0.068992615,0.33645332,-0.96678144","0.017701883,0.078681014,-0.52285385,-0.39548725,-0.0162184,0.58212703,-0.2897661,-0.0057894737,0.43591902",0.0
"0.017701883,0.078681014,-0.52285385,-0.39548725,-0.0162184,0.58212703,-0.2897661,-0.0057894737,0.43591902","-0.039103866,0.34566987,-0.91226256","0.013967754,0.12620886,-0.62085885,-0.36238456,-0.010117222,0.47637627,-0.2897661,-0.0057894737,0.43591902",0.0
"0.013967754,0.12620886,-0.62085885,-0.36238456,-0.010117222,0.47637627,-0.2897661,-0.0057894737,0.43591902","-0.0078111887,0.39874423,-0.7047273","0.01322185,0.18103415,-0.69656813,-0.3097137,-0.0070778597,0.40347087,-0.2897661,-0.0057894737,0.43591902",0.0
"0.01322185,0.18103415,-0.69656813,-0.3097137,-0.0070778597,0.40347087,-0.2897661,-0.0057894737,0.43591902","0.006385565,0.20477915,0.080926776","0.013831633,0.20919025,-0.6878742,-0.27936652,-0.006352319,0.43725732,-0.2897661,-0.0057894737,0.43591902",0.0
"0.0,0.0,0.0,2.8652207e-07,0.005789075,0.993462,0.07485381,-0.8330409,0.33098742","0.9857875,-0.96205664,-0.8297857","0.094135545,-0.13227783,-0.089144394,-0.38113314,-0.110068046,0.8917759,0.07485381,-0.8330409,0.33098742",0.0
"0.094135545,-0.13227783,-0.089144394,-0.38113314,-0.110068046,0.8917759,0.07485381,-0.8330409,0.33098742","0.99416757,-0.946665,-0.92017716","0.18907134,-0.26243943,-0.1879996,-0.5939547,-0.39413822,0.6011027,0.07485381,-0.8330409,0.33098742",0.0
"0.18907134,-0.26243943,-0.1879996,-0.5939547,-0.39413822,0.6011027,0.07485381,-0.8330409,0.33098742","0.99550414,-0.83927613,-0.9558596","0.28413475,-0.3778356,-0.2906882,-0.54511046,-0.6674062,0.22064218,0.07485381,-0.8330409,0.33098742",0.0
"0.28413475,-0.3778356,-0.2906882,-0.54511046,-0.6674062,0.22064218,0.07485381,-0.8330409,0.33098742","0.9858799,0.35993648,-0.55286527","0.37827912,-0.3283462,-0.35008284,-0.31161422,-0.75927466,0.22996151,0.07485381,-0.8330409,0.33098742",0.0
"0.37827912,-0.3283462,-0.35008284,-0.31161422,-0.75927466,0.22996151,0.07485381,-0.8330409,0.33098742","0.9361658,0.24465466,0.04443419","0.46767616,-0.29470748,-0.34530926,-0.08644749,-0.7912815,0.30375153,0.07485381,-0.8330409,0.33098742",0.0
"0.46767616,-0.29470748,-0.34530926,-0.08644749,-0.7912815,0.30375153,0.07485381,-0.8330409,0.33098742","0.7139822,-0.030783117,0.3059728","0.53585625,-0.29894003,-0.31243843,0.0841107,-0.79499495,0.3468074,0.07485381,-0.8330409,0.33098742",0.0
"0.53585625,-0.29894003,-0.31243843,0.0841107,-0.79499495,0.3468074,0.07485381,-0.8330409,0.33098742","0.039415836,-0.30102724,0.23805332","0.53962016,-0.34032977,-0.28686422,0.097793065,-0.8282178,0.304224,0.07485381,-0.8330409,0.33098742",0.0
"0.53962016,-0.34032977,-0.28686422,0.097793065,-0.8282178,0.304224,0.07485381,-0.8330409,0.33098742","-0.08290887,-0.020122468,0.19788241","0.531703,-0.34309652,-0.26560557,0.077240705,-0.83114713,0.33172426,0.07485381,-0.8330409,0.33098742",0.0
"0.0,0.0,0.0,2.8652207e-07,0.005789075,0.993462,-0.30725148,0.71485376,-0.23054375","-0.92047024,-0.9943984,-0.72787726","-0.08789824,-0.13672467,-0.0781963,-0.37579864,0.11251115,0.8960941,-0.30725148,0.71485376,-0.23054375",0.0
"-0.08789824,-0.13672467,-0.0781963,-0.37579864,0.11251115,0.8960941,-0.30725148,0.71485376,-0.23054375","-0.95007086,-0.98847467,-0.34574205","-0.17862311,-0.27263486,-0.11533958,-0.5673782,0.3634746,0.6795836,-0.30725148,0.71485376,-0.23054375",0.0
"-0.17862311,-0.27263486,-0.11533958,-0.5673782,0.3634746,0.6795836,-0.30725148,0.71485376,-0.23054375","-0.978875,-0.9792648,-0.70952165","-0.27209857,-0.40727875,-0.1915639,-0.5720133,0.6663331,0.31232733,-0.30725148,0.71485376,-0.23054375",0.0
"-0.27209857,-0.40727875,-0.1915639,-0.5720133,0.6663331,0.31232733,-0.30725148,0.71485376,-0.23054375","-0.8456994,-0.87809014,-0.9524901","-0.35285673,-0.5280116,-0.2938905,-0.40137154,0.8185134,-0.11202673,-0.30725148,0.71485376,-0.23054375",0.0
"-0.35285673,-0.5280116,-0.2938905,-0.40137154,0.8185134,-0.11202673,-0.30725148,0.71485376,-0.23054375","-0.46167886,-0.03861469,-0.9057271","-0.39694372,-0.533321,-0.39119327,-0.26202327,0.7990389,-0.2529682,-0.30725148,0.71485376,-0.23054375",0.0
"-0.39694372,-0.533321,-0.39119327,-0.26202327,0.7990389,-0.2529682,-0.30725148,0.71485376,-0.23054375","0.34865785,0.41248202,-0.38230252","-0.36364943,-0.47660694,-0.43226427,-0.33372575,0.7447802,-0.18809491,-0.30725148,0.71485376,-0.23054375",0.0
"-0.36364943,-0.47660694,-0.43226427,-0.33372575,0.7447802,-0.18809491,-0.30725148,0.71485376,-0.23054375","-0.095187485,0.18868077,-0.55782646","-0.37273914,-0.45066437,-0.4921919,-0.2921591,0.7062819,-0.20763078,-0.30725148,0.71485376,-0.23054375",0.0
"-0.37273914,-0.45066437,-0.4921919,-0.2921591,0.7062819,-0.20763078,-0.30725148,0.71485376,-0.23054375","-0.14093393,-0.26455057,0.17966282","-0.3861973,-0.48703876,-0.47289065,-0.2659957,0.7285751,-0.25497055,-0.30725148,0.71485376,-0.23054375",0.0
"-0.3861973,-0.48703876,-0.47289065,-0.2659957,0.7285751,-0.25497055,-0.30725148,0.71485376,-0.23054375","-0.023894489,-0.1447972,0.4046061","-0.38847905,-0.5069477,-0.42942354,-0.27355227,0.7654519,-0.24501802,-0.30725148,0.71485376,-0.23054375",0.0
"-0.38847905,-0.5069477,-0.42942354,-0.27355227,0.7654519,-0.24501802,-0.30725148,0.71485376,-0.23054375","0.14666533,0.17609215,-0.12140739","-0.37447357,-0.482736,-0.4424664,-0.30431944,0.74634343,-0.21242987,-0.30725148,0.71485376,-0.23054375",0.0
"-0.37447357,-0.482736,-0.4424664,-0.30431944,0.74634343,-0.21242987,-0.30725148,0.71485376,-0.23054375","0.0023708344,0.1011951,-0.29177457","-0.3742472,-0.46882224,-0.47381195,-0.2944468,0.72117734,-0.22143619,-0.30725148,0.71485376,-0.23054375",0.0
"0.0,0.0,0.0,2.8652207e-07,0.005789075,0.993462,-0.22988304,-0.24116959,0.404603","0.9671849,-0.95188946,-0.96306556","0.092359126,-0.13087991,-0.10346273,-0.395385,-0.11201307,0.88135713,-0.22988304,-0.24116959,0.404603",0.0
"0.092359126,-0.13087991,-0.10346273,-0.395385,-0.11201307,0.88135713,-0.22988304,-0.24116959,0.404603","0.93088377,-0.67913973,-0.97437286","0.18125178,-0.22425812,-0.20814022,-0.5682371,-0.35688373,0.6377718,-0.22988304,-0.24116959,0.404603",0.0
"0.18125178,-0.22425812,-0.20814022,-0.5682371,-0.35688373,0.6377718,-0.22988304,-0.24116959,0.404603","0.65864444,0.4021505,-0.9955693","0.24414754,-0.1689645,-0.3150949,-0.4736955,-0.4485499,0.5743818,-0.22988304,-0.24116959,0.404603",0.0
"0.24414754,-0.1689645,-0.3150949,-0.4736955,-0.4485499,0.5743818,-0.22988304,-0.24116959,0.404603","0.38955724,0.5719187,-0.98714405","0.28134742,-0.09032864,-0.42114443,-0.3767417,-0.45022053,0.5335577,-0.22988304,-0.24116959,0.404603",0.0
"0.28134742,-0.09032864,-0.42114443,-0.3767417,-0.45022053,0.5335577,-0.22988304,-0.24116959,0.404603","0.39050722,0.53450024,-0.97050977","0.31863806,-0.016837614,-0.52540696,-0.28377897,-0.43223336,0.47145364,-0.22988304,-0.24116959,0.404603",0.0
"0.31863806,-0.016837614,-0.52540696,-0.28377897,-0.43223336,0.47145364,-0.22988304,-0.24116959,0.404603","-0.17887306,0.61992145,-0.9400457","0.30155697,0.06839839,-0.62639666,-0.25359073,-0.34273738,0.4120326,-0.22988304,-0.24116959,0.404603",0.0
"0.30155697,0.06839839,-0.62639666,-0.25359073,-0.34273738,0.4120326,-0.22988304,-0.24116959,0.404603","-0.29485786,0.5196383,-0.6789973","0.2734002,0.139846,-0.6993418,-0.23306818,-0.26126575,0.365971,-0.22988304,-0.24116959,0.404603",0.0
"0.2734002,0.139846,-0.6993418,-0.23306818,-0.26126575,0.365971,-0.22988304,-0.24116959,0.404603","-0.14074624,0.27934217,0.009650707","0.25995994,0.17825411,-0.6983051,-0.21823296,-0.22388063,0.39864996,-0.22988304,-0.24116959,0.404603",0.0
"0.25995994,0.17825411,-0.6983051,-0.21823296,-0.22388063,0.39864996,-0.22988304,-0.24116959,0.404603","0.016414165,-0.14353329,0.25562978","0.26152736,0.15851904,-0.67084265,-0.23034714,-0.23916605,0.42598388,-0.22988304,-0.24116959,0.404603",0.0
"0.26152736,0.15851904,-0.67084265,-0.23034714,-0.23916605,0.42598388,-0.22988304,-0.24116959,0.404603","-0.010576487,-0.075896144,-0.05264014","0.2605174,0.14808372,-0.6764978,-0.23868434,-0.24653135,0.408566,-0.22988304,-0.24116959,0.404603",0.0
"0.0,0.0,0.0,2.8652207e-07,0.005789075,0.993462,0.85491234,-0.29959065,0.10628343","-0.83599585,0.98674726,0.9864166","-0.079831526,0.13567267,0.10597135,0.4113418,-0.099406675,0.87432516,0.85491234,-0.29959065,0.10628343",0.0
"-0.079831526,0.13567267,0.10597135,0.4113418,-0.099406675,0.87432516,0.85491234,-0.29959065,0.10628343","-0.8296002,0.95430446,0.9938681","-0.15905233,0.26688465,0.21274322,0.64648664,-0.34631184,0.55822194,0.85491234,-0.29959065,0.10628343",0.0
"-0.15905233,0.26688465,0.21274322,0.64648664,-0.34631184,0.55822194,0.85491234,-0.29959065,0.10628343","0.11256611,0.9042567,0.94751847","-0.14830308,0.39121532,0.31453574,0.77624243,-0.38383773,0.1554637,0.85491234,-0.29959065,0.10628343",0.0
"-0.14830308,0.39121532,0.31453574,0.77624243,-0.38383773,0.1554637,0.85491234,-0.29959065,0.10628343","0.35548902,0.43130326,-0.46853328","-0.11435645,0.45051733,0.2642009,0.8498184,-0.31297383,0.10487478,0.85491234,-0.29959065,0.10628343",0.0
"0.0,0.0,0.0,2.8652207e-07,0.005789075,0.993462,-0.5116959,-0.0057894737,0.66238827","0.12469411,-0.8373729,-0.9031569","0.011907377,-0.11513448,-0.09702671,-0.37216747,-0.008135373,0.9016346,-0.5116959,-0.0057894737,0.66238827",0.0
"0.011907377,-0.11513448,-0.09702671,-0.37216747,-0.008135373,0.9016346,-0.5116959,-0.0057894737,0.66238827","-0.17239398,-0.8365027,-0.81967175","-0.0045549995,-0.2301493,-0.18508458,-0.6634907,0.015285025,0.65930074,-0.5116959,-0.0057894737,0.66238827",0.0
"-0.0045549995,-0.2301493,-0.18508458,-0.6634907,0.015285025,0.65930074,-0.5116959,-0.0057894737,0.66238827","0.30879676,0.82399464,-0.94223964","0.024932848,-0.11685428,-0.28631,-0.55819094,-0.03800514,0.6925772,-0.5116959,-0.0057894737,0.66238827",0.0
"0.024932848,-0.11685428,-0.28631,-0.55819094,-0.03800514,0.6925772,-0.5116959,-0.0057894737,0.66238827","-0.0696758,0.303818,-0.69798017","0.018279312,-0.07508087,-0.36129448,-0.54093623,-0.025299426,0.64376444,-0.5116959,-0.0057894737,0.66238827",0.0
"0.018279312,-0.07508087,-0.36129448,-0.54093623,-0.025299426,0.64376444,-0.5116959,-0.0057894737,0.66238827","-0.048448145,0.32082987,-0.2574861","0.013652867,-0.030968416,-0.3889564,-0.49030194,-0.015248246,0.6596519,-0.5116959,-0.0057894737,0.66238827",0.0
"0.013652867,-0.030968416,-0.3889564,-0.49030194,-0.015248246,0.6596519,-0.5116959,-0.0057894737,0.66238827","-0.095051944,-0.13286978,0.21167707","0.004576095,-0.049237322,-0.36621585,-0.5052408,-0.0014742269,0.6697462,-0.5116959,-0.0057894737,0.66238827",0.0
"0.0,0.0,0.0,2.8652207e-07,0.005789075,0.993462,0.26163745,0.6109356,0.3481818","-0.94568545,-0.9706374,0.84576845","-0.0903061,-0.13345766,0.09086147,-0.1525531,0.05051022,0.9698136,0.26163745,0.6109356,0.3481818",0.0
"-0.0903061,-0.13345766,0.09086147,-0.1525531,0.05051022,0.9698136,0.26163745,0.6109356,0.3481818","-0.9863833,-0.98303896,0.737872","-0.18449855,-0.2686205,0.17013158,-0.27185616,0.18488337,0.8978201,0.26163745,0.6109356,0.3481818",0.0
"-0.18449855,-0.2686205,0.17013158,-0.27185616,0.18488337,0.8978201,0.26163745,0.6109356,0.3481818","-0.9844736,-0.9860736,0.4016198","-0.27850863,-0.40420058,0.2132779,-0.33061585,0.40488765,0.7694278,0.26163745,0.6109356,0.3481818",0.0
"-0.27850863,-0.40420058,0.2132779,-0.33061585,0.40488765,0.7694278,0.26163745,0.6109356,0.3481818","-0.88539284,-0.954098,-0.68114936","-0.36305726,-0.53538424,0.14010167,-0.33055118,0.73422086,0.49710864,0.26163745,0.6109356,0.3481818",0.0
"-0.36305726,-0.53538424,0.14010167,-0.33055118,0.73422086,0.49710864,0.26163745,0.6109356,0.3481818","-0.99093103,-0.89816433,0.17071044","-0.45768398,-0.65887725,0.15844128,-0.114771225,0.9019429,0.2596941,0.26163745,0.6109356,0.3481818",0.0
"-0.45768398,-0.65887725,0.15844128,-0.114771225,0.9019429,0.2596941,0.26163745,0.6109356,0.3481818","-0.99152935,0.2432357,0.3249688","-0.5523678,-0.6254336,0.19335294,0.14506587,0.83842057,0.37455136,0.26163745,0.6109356,0.3481818",0.0
"-0.5523678,-0.6254336,0.19335294,0.14506587,0.83842057,0.37455136,0.26163745,0.6109356,0.3481818","-0.9380682,-0.31306398,0.50732183","-0.6419465,-0.66847837,0.2478549,0.36658314,0.75338984,0.34660515,0.26163745,0.6109356,0.3481818",0.0
"-0.6419465,-0.66847837,0.2478549,0.36658314,0.75338984,0.34660515,0.26163745,0.6109356,0.3481818","-0.10530436,-0.62587595,0.7685504","-0.65200233,-0.7545331,0.3304208,0.38374916,0.72897536,0.2592664,0.26163745,0.6109356,0.3481818",0.0
"-0.65200233,-0.7545331,0.3304208,0.38374916,0.72897536,0.2592664,0.26163745,0.6109356,0.3481818","0.26003802,-0.26484168,0.7848015","-0.6271706,-0.79094756,0.41473255,0.29980874,0.6951748,0.26808727,0.26163745,0.6109356,0.3481818",0.0
"-0.6271706,-0.79094756,0.41473255,0.29980874,0.6951748,0.26808727,0.26163745,0.6109356,0.3481818","-0.1641072,0.08246958,0.42052722","-0.64284164,-0.7796085,0.45991006,0.30558944,0.6212902,0.32143772,0.26163745,0.6109356,0.3481818",0.0
"-0.64284164,-0.7796085,0.45991006,0.30558944,0.6212902,0.32143772,0.26163745,0.6109356,0.3481818","0.1570102,-0.30136788,0.32770813","-0.6278483,-0.82104504,0.495116,0.2715347,0.62448406,0.27404624,0.26163745,0.6109356,0.3481818",0.0
"-0.6278483,-0.82104504,0.495116,0.2715347,0.62448406,0.27404624,0.26163745,0.6109356,0.3481818","0.009360194,0.34443557,-0.04149109","-0.62695444,-0.77368695,0.4906586,0.2566239,0.5940266,0.34834346,0.26163745,0.6109356,0.3481818",0.0
"-0.62695444,-0.77368695,0.4906586,0.2566239,0.5940266,0.34834346,0.26163745,0.6109356,0.3481818","-0.00073194504,-0.084332824,-0.027996719","-0.62702435,-0.7852824,0.48765093,0.26230788,0.6071404,0.3282955,0.26163745,0.6109356,0.3481818",0.0
"-0.62702435,-0.7852824,0.48765093,0.26230788,0.6071404,0.3282955,0.26163745,0.6109356,0.3481818","-0.026390612,0.029779673,-0.009196997","-0.62954444,-0.7811879,0.48666295,0.26619855,0.60293794,0.33436304,0.26163745,0.6109356,0.3481818",0.0
"0.0,0.0,0.0,2.8652207e-07,0.005789075,0.993462,0.854503,-0.13672514,-0.0990687","-0.13291496,0.98859906,0.99020195","-0.012692409,0.13592729,0.10637802,0.4240011,-0.011121797,0.87370735,0.854503,-0.13672514,-0.0990687",0.0
"-0.012692409,0.13592729,0.10637802,0.4240011,-0.011121797,0.87370735,0.854503,-0.13672514,-0.0990687","-0.842977,0.9261397,0.9945049","-0.09319059,0.26326674,0.21321829,0.69949776,-0.20480254,0.56399053,0.854503,-0.13672514,-0.0990687",0.0
"-0.09319059,0.26326674,0.21321829,0.69949776,-0.20480254,0.56399053,0.854503,-0.13672514,-0.0990687","-0.64315224,0.92111564,0.96972215","-0.15460695,0.38991544,0.31739613,0.76730186,-0.39850762,0.15380165,0.854503,-0.13672514,-0.0990687",0.0
"-0.15460695,0.38991544,0.31739613,0.76730186,-0.39850762,0.15380165,0.854503,-0.13672514,-0.0990687","0.6266732,0.33304036,0.92965865","-0.09476421,0.43570682,0.41726995,0.7948822,-0.23783776,-0.08674961,0.854503,-0.13672514,-0.0990687",0.0
"-0.09476421,0.43570682,0.41726995,0.7948822,-0.23783776,-0.08674961,0.854503,-0.13672514,-0.0990687","0.45333505,0.3260938,-0.43024212","-0.051474005,0.48054308,0.37104878,0.8533609,-0.1333474,-0.11712357,0.854503,-0.13672514,-0.0990687",0.0
"0.0,0.0,0.0,2.8652207e-07,0.005789075,0.993462,0.23292398,0.8962573,-0.1823602","-0.8732927,-0.9990438,-0.8578018","-0.08339312,-0.13736339,-0.09215419,-0.39474198,0.11184416,0.8843261,0.23292398,0.8962573,-0.1823602",0.0
"-0.08339312,-0.13736339,-0.09215419,-0.39474198,0.11184416,0.8843261,0.23292398,0.8962573,-0.1823602","-0.97609097,-0.99813205,-0.8879889","-0.17660272,-0.27460143,-0.1875514,-0.61689734,0.38913304,0.580336,0.23292398,0.8962573,-0.1823602",0.0
"-0.17660272,-0.27460143,-0.1875514,-0.61689734,0.38913304,0.580336,0.23292398,0.8962573,-0.1823602","-0.99494475,-0.9958108,-0.42331678","-0.27161273,-0.4115203,-0.23302858,-0.5783898,0.6716014,0.23874174,0.23292398,0.8962573,-0.1823602",0.0
"-0.27161273,-0.4115203,-0.23302858,-0.5783898,0.6716014,0.23874174,0.23292398,0.8962573,-0.1823602","-0.9915782,-0.9447075,0.2665758","-0.36630124,-0.5414128,-0.20439014,-0.381679,0.8688264,-0.008964929,0.23292398,0.8962573,-0.1823602",0.0
"-0.36630124,-0.5414128,-0.20439014,-0.381679,0.8688264,-0.008964929,0.23292398,0.8962573,-0.1823602","-0.95926005,-0.14959586,-0.32998776","-0.45790362,-0.56198144,-0.2398409,-0.11806572,0.9314666,-0.10989651,0.23292398,0.8962573,-0.1823602",0.0
"-0.45790362,-0.56198144,-0.2398409,-0.11806572,0.9314666,-0.10989651,0.23292398,0.8962573,-0.1823602","-0.8018433,0.3799479,-0.59260875","-0.53447384,-0.50974065,-0.3035052,0.10366259,0.899816,-0.08537559,0.23292398,0.8962573,-0.1823602",0.0
"-0.53447384,-0.50974065,-0.3035052,0.10366259,0.899816,-0.08537559,0.23292398,0.8962573,-0.1823602","-0.55895305,-0.1499201,-0.47953248","-0.5878498,-0.5303539,-0.35502166,0.24300696,0.8367674,-0.20121923,0.23292398,0.8962573,-0.1823602",0.0
"-0.5878498,-0.5303539,-0.35502166,0.24300696,0.8367674,-0.20121923,0.23292398,0.8962573,-0.1823602","0.021181941,-0.11182749,0.32245803","-0.58582705,-0.5457297,-0.3203798,0.2437624,0.860286,-0.18813422,0.23292398,0.8962573,-0.1823602",0.0
"-0.58582705,-0.5457297,-0.3203798,0.2437624,0.860286,-0.18813422,0.23292398,0.8962573,-0.1823602","-0.028616011,-0.14189321,0.24563682","-0.5885597,-0.5652393,-0.29399082,0.2552125,0.8724241,-0.19487624,0.23292398,0.8962573,-0.1823602",0.0
"-0.5885597,-0.5652393,-0.29399082,0.2552125,0.8724241,-0.19487624,0.23292398,0.8962573,-0.1823602","0.021213055,-0.14102376,0.3014834","-0.586534,-0.5846294,-0.26160222,0.25426745,0.8905744,-0.19297135,0.23292398,0.8962573,-0.1823602",0.0
"-0.586534,-0.5846294,-0.26160222,0.25426745,0.8905744,-0.19297135,0.23292398,0.8962573,-0.1823602","0.013851285,-0.079268456,0.19243705","-0.58521134,-0.5955285,-0.24092858,0.25325745,0.9014415,-0.18824409,0.23292398,0.8962573,-0.1823602",0.0
"-0.58521134,-0.5955285,-0.24092858,0.25325745,0.9014415,-0.18824409,0.23292398,0.8962573,-0.1823602","0.017844915,-0.050501943,0.10226655","-0.5835073,-0.6024723,-0.22994198,0.249707,0.90754575,-0.18830757,0.23292398,0.8962573,-0.1823602",0.0
"-0.5835073,-0.6024723,-0.22994198,0.249707,0.90754575,-0.18830757,0.23292398,0.8962573,-0.1823602","0.047133923,0.021784544,0.0064667463","-0.5790063,-0.59947705,-0.22924721,0.23703343,0.91171265,-0.18042149,0.23292398,0.8962573,-0.1823602",0.0
"0.0,0.0,0.0,2.8652207e-07,0.005789075,0.993462,-0.06491228,-0.7135087,0.42493555","0.98936725,-0.9754759,-0.6646788","0.094477385,-0.13412292,-0.071406856,-0.36390072,-0.10524318,0.9036619,-0.06491228,-0.7135087,0.42493555",0.0
"0.094477385,-0.13412292,-0.071406856,-0.36390072,-0.10524318,0.9036619,-0.06491228,-0.7135087,0.42493555","0.99274206,-0.9685261,-0.73340786","0.18927704,-0.2672903,-0.15019731,-0.5777663,-0.38374653,0.6439472,-0.06491228,-0.7135087,0.42493555",0.0
"0.18927704,-0.2672903,-0.15019731,-0.5777663,-0.38374653,0.6439472,-0.06491228,-0.7135087,0.42493555","0.98547816,-0.66789794,-0.96651024","0.28338304,-0.35912284,-0.2540301,-0.5375962,-0.6548899,0.3168587,-0.06491228,-0.7135087,0.42493555",0.0
"0.28338304,-0.35912284,-0.2540301,-0.5375962,-0.6548899,0.3168587,-0.06491228,-0.7135087,0.42493555","0.9636756,0.47397947,-0.6390523","0.37540707,-0.29395312,-0.3226839,-0.30881488,-0.7330808,0.3405264,-0.06491228,-0.7135087,0.42493555",0.0
"0.37540707,-0.29395312,-0.3226839,-0.30881488,-0.7330808,0.3405264,-0.06491228,-0.7135087,0.42493555","0.8505833,0.54916406,-0.3950985","0.4566316,-0.21844591,-0.36512962,-0.10424941,-0.71781296,0.41454053,-0.06491228,-0.7135087,0.42493555",0.0
"0.4566316,-0.21844591,-0.36512962,-0.10424941,-0.71781296,0.41454053,-0.06491228,-0.7135087,0.42493555","0.06934035,0.38869727,-0.41765594","0.4632531,-0.16500206,-0.40999871,-0.08326978,-0.6678549,0.43585032,-0.06491228,-0.7135087,0.42493555",0.0
"0.4632531,-0.16500206,-0.40999871,-0.08326978,-0.6678549,0.43585032,-0.06491228,-0.7135087,0.42493555","0.27670467,-0.22689927,0.20550764","0.48967642,-0.19619955,-0.38792095,-0.028620558,-0.703697,0.41783506,-0.06491228,-0.7135087,0.42493555",0.0
"0.48967642,-0.19619955,-0.38792095,-0.028620558,-0.703697,0.41783506,-0.06491228,-0.7135087,0.42493555","-0.06069696,-0.15072823,0.23941278","0.48388028,-0.21692392,-0.36220074,-0.04239763,-0.7221798,0.4217869,-0.06491228,-0.7135087,0.42493555",0.0
"0.48388028,-0.21692392,-0.36220074,-0.04239763,-0.7221798,0.4217869,-0.06491228,-0.7135087,0.42493555","-0.10893172,0.02697885,-0.02066958","0.47347808,-0.21321449,-0.36442134,-0.06566772,-0.71677226,0.42486244,-0.06491228,-0.7135087,0.42493555",0.0
"0.0,0.0,0.0,2.8652207e-07,0.005789075,0.993462,-0.7377778,0.24713449,-0.23054375","-0.48132443,-0.97152156,-0.99124736","-0.045962997,-0.13357921,-0.10649033,-0.41448668,0.06612022,0.8760262,-0.7377778,0.24713449,-0.23054375",0.0
"-0.045962997,-0.13357921,-0.10649033,-0.41448668,0.06612022,0.8760262,-0.7377778,0.24713449,-0.23054375","-0.2507562,-0.9833393,-0.9668815","-0.069908395,-0.26878333,-0.21036302,-0.71569586,0.16569243,0.55825114,-0.7377778,0.24713449,-0.23054375",0.0
"-0.069908395,-0.26878333,-0.21036302,-0.71569586,0.16569243,0.55825114,-0.7377778,0.24713449,-0.23054375","-0.33329237,-0.92431927,-0.9231406","-0.1017354,-0.39587247,-0.30953658,-0.82366705,0.27869782,0.15331112,-0.7377778,0.24713449,-0.23054375",0.0
"-0.1017354,-0.39587247,-0.30953658,-0.82366705,0.27869782,0.15331112,-0.7377778,0.24713449,-0.23054375","0.36729765,-0.5663936,-0.9692964","-0.06666114,-0.4737487,-0.4136687,-0.8126902,0.1786468,-0.1591933,-0.7377778,0.24713449,-0.23054375",0.0
"-0.06666114,-0.4737487,-0.4136687,-0.8126902,0.1786468,-0.1591933,-0.7377778,0.24713449,-0.23054375","-0.36053717,0.005874753,-0.45714742","-0.10108983,-0.47294104,-0.46278033,-0.74754167,0.25181842,-0.21688233,-0.7377778,0.24713449,-0.23054375",0.0
"0.0,0.0,0.0,2.8652207e-07,0.005789075,0.993462,0.053450294,-0.5748538,0.47593033","0.9817369,-0.97348005,-0.7556017","0.09374874,-0.1338485,-0.08117477,-0.37503842,-0.10771558,0.8965378,0.053450294,-0.5748538,0.47593033",0.0
"0.09374874,-0.1338485,-0.08117477,-0.37503842,-0.10771558,0.8965378,0.053450294,-0.5748538,0.47593033","0.97831714,-0.9105558,-0.943341","0.18717092,-0.25904524,-0.18251847,-0.5893306,-0.38594088,0.6145403,0.053450294,-0.5748538,0.47593033",0.0
"0.18717092,-0.25904524,-0.18251847,-0.5893306,-0.38594088,0.6145403,0.053450294,-0.5748538,0.47593033","0.99099445,-0.4978919,-0.95512307","0.2818037,-0.32750285,-0.28512794,-0.52542627,-0.6333671,0.33285424,0.053450294,-0.5748538,0.47593033",0.0
"0.2818037,-0.32750285,-0.28512794,-0.52542627,-0.6333671,0.33285424,0.053450294,-0.5748538,0.47593033","0.9868877,0.044048548,-0.6922601","0.3760443,-0.32144642,-0.35949787,-0.31451958,-0.7511762,0.2291465,0.053450294,-0.5748538,0.47593033",0.0
"0.3760443,-0.32144642,-0.35949787,-0.31451958,-0.7511762,0.2291465,0.053450294,-0.5748538,0.47593033","0.9266604,0.484437,-0.7412027","0.46453363,-0.25483885,-0.43912575,-0.089108616,-0.7443906,0.2339156,0.053450294,-0.5748538,0.47593033",0.0
"0.46453363,-0.25483885,-0.43912575,-0.089108616,-0.7443906,0.2339156,0.053450294,-0.5748538,0.47593033","0.7267637,0.563727,-0.3745594","0.5339343,-0.1773293,-0.47936496,0.06665389,-0.6772375,0.30748835,0.053450294,-0.5748538,0.47593033",0.0
"0.5339343,-0.1773293,-0.47936496,0.06665389,-0.6772375,0.30748835,0.053450294,-0.5748538,0.47593033","-0.07572782,0.6943395,-0.33818114","0.5267028,-0.08186121,-0.515696,0.043437064,-0.58563966,0.3989282,0.053450294,-0.5748538,0.47593033",0.0
"0.5267028,-0.08186121,-0.515696,0.043437064,-0.58563966,0.3989282,0.053450294,-0.5748538,0.47593033","-0.00897783,0.3831588,0.056884885","0.5258455,-0.029178852,-0.50958484,0.037191942,-0.5283954,0.48032492,0.053450294,-0.5748538,0.47593033",0.0
"0.5258455,-0.029178852,-0.50958484,0.037191942,-0.5283954,0.48032492,0.053450294,-0.5748538,0.47593033","0.24540138,-0.32968605,0.35484457","0.54927963,-0.07450899,-0.4714637,0.08339104,-0.57186306,0.47836286,0.053450294,-0.5748538,0.47593033",0.0
"0.54927963,-0.07450899,-0.4714637,0.08339104,-0.57186306,0.47836286,0.053450294,-0.5748538,0.47593033","-0.07619125,-0.1643858,0.14161134","0.54200387,-0.097111195,-0.45625034,0.0734887,-0.59765095,0.46948776,0.053450294,-0.5748538,0.47593033",0.0
"0.54200387,-0.097111195,-0.45625034,0.0734887,-0.59765095,0.46948776,0.053450294,-0.5748538,0.47593033","-0.11336154,0.076179385,-0.089309156","0.53117865,-0.08663692,-0.46584493,0.05205874,-0.5889524,0.46980754,0.053450294,-0.5748538,0.47593033",0.0
"0.0,0.0,0.0,2.8652207e-07,0.005789075,0.993462,-0.06491228,-0.7135087,0.42493555","0.98936725,-0.9754759,-0.6646788","0.094477385,-0.13412292,-0.071406856,-0.36390072,-0.10524318,0.9036619,-0.06491228,-0.7135087,0.42493555",0.0
"0.094477385,-0.13412292,-0.071406856,-0.36390072,-0.10524318,0.9036619,-0.06491228,-0.7135087,0.42493555","0.99274206,-0.9685261,-0.73340786","0.18927704,-0.2672903,-0.15019731,-0.5777663,-0.38374653,0.6439472,-0.06491228,-0.7135087,0.42493555",0.0
"0.18927704,-0.2672903,-0.15019731,-0.5777663,-0.38374653,0.6439472,-0.06491228,-0.7135087,0.42493555","0.98547816,-0.66789794,-0.96651024","0.28338304,-0.35912284,-0.2540301,-0.5375962,-0.6548899,0.3168587,-0.06491228,-0.7135087,0.42493555",0.0
"0.28338304,-0.35912284,-0.2540301,-0.5375962,-0.6548899,0.3168587,-0.06491228,-0.7135087,0.42493555","0.9636756,0.47397947,-0.6390523","0.37540707,-0.29395312,-0.3226839,-0.30881488,-0.7330808,0.3405264,-0.06491228,-0.7135087,0.42493555",0.0
"0.37540707,-0.29395312,-0.3226839,-0.30881488,-0.7330808,0.3405264,-0.06491228,-0.7135087,0.42493555","0.8505833,0.54916406,-0.3950985","0.4566316,-0.21844591,-0.36512962,-0.10424941,-0.71781296,0.41454053,-0.06491228,-0.7135087,0.42493555",0.0
"0.4566316,-0.21844591,-0.36512962,-0.10424941,-0.71781296,0.41454053,-0.06491228,-0.7135087,0.42493555","0.06934035,0.38869727,-0.41765594","0.4632531,-0.16500206,-0.40999871,-0.08326978,-0.6678549,0.43585032,-0.06491228,-0.7135087,0.42493555",0.0
"0.4632531,-0.16500206,-0.40999871,-0.08326978,-0.6678549,0.43585032,-0.06491228,-0.7135087,0.42493555","0.27670467,-0.22689927,0.20550764","0.48967642,-0.19619955,-0.38792095,-0.028620558,-0.703697,0.41783506,-0.06491228,-0.7135087,0.42493555",0.0
"0.48967642,-0.19619955,-0.38792095,-0.028620558,-0.703697,0.41783506,-0.06491228,-0.7135087,0.42493555","-0.06069696,-0.15072823,0.23941278","0.48388028,-0.21692392,-0.36220074,-0.04239763,-0.7221798,0.4217869,-0.06491228,-0.7135087,0.42493555",0.0
"0.48388028,-0.21692392,-0.36220074,-0.04239763,-0.7221798,0.4217869,-0.06491228,-0.7135087,0.42493555","-0.10893172,0.02697885,-0.02066958","0.47347808,-0.21321449,-0.36442134,-0.06566772,-0.71677226,0.42486244,-0.06491228,-0.7135087,0.42493555",0.0
"0.0,0.0,0.0,2.8652207e-07,0.005789075,0.993462,0.6581287,0.50491226,0.44441816","0.5866288,0.9401996,0.9884293","0.0560188,0.12927261,0.10618758,0.40359956,0.07765124,0.88064945,0.6581287,0.50491226,0.44441816",0.0
"0.0560188,0.12927261,0.10618758,0.40359956,0.07765124,0.88064945,0.6581287,0.50491226,0.44441816","0.45665777,0.92964745,0.866189","0.0996263,0.25709438,0.1992428,0.6759655,0.22484265,0.5946937,0.6581287,0.50491226,0.44441816",0.0
"0.0996263,0.25709438,0.1992428,0.6759655,0.22484265,0.5946937,0.6581287,0.50491226,0.44441816","0.5171287,0.13567042,0.58405197","0.14900833,0.2757484,0.2619879,0.6806699,0.35063973,0.46900666,0.6581287,0.50491226,0.44441816",0.0
"0.14900833,0.2757484,0.2619879,0.6806699,0.35063973,0.46900666,0.6581287,0.50491226,0.44441816","0.44583607,-0.20200127,0.35550082","0.19158246,0.24797428,0.30017957,0.61111176,0.42679194,0.46195918,0.6581287,0.50491226,0.44441816",0.0
"0.19158246,0.24797428,0.30017957,0.61111176,0.42679194,0.46195918,0.6581287,0.50491226,0.44441816","0.23353362,0.26515484,-0.60384905","0.2138832,0.28443173,0.2353077,0.5959118,0.4813906,0.49296695,0.6581287,0.50491226,0.44441816",0.0
"0.2138832,0.28443173,0.2353077,0.5959118,0.4813906,0.49296695,0.6581287,0.50491226,0.44441816","-0.06464487,0.40397835,-0.6793982","0.2077101,0.3399767,0.16231953,0.6313058,0.48974475,0.49444586,0.6581287,0.50491226,0.44441816",0.0
"0.2077101,0.3399767,0.16231953,0.6313058,0.48974475,0.49444586,0.6581287,0.50491226,0.44441816","0.013245821,0.16739547,-0.15187228","0.20897497,0.36299276,0.14600378,0.6441805,0.50367343,0.4727728,0.6581287,0.50491226,0.44441816",0.0
"0.20897497,0.36299276,0.14600378,0.6441805,0.50367343,0.4727728,0.6581287,0.50491226,0.44441816","-0.06125468,0.025737643,0.05826783","0.2031256,0.36653158,0.15226352,0.659022,0.49597463,0.4565337,0.6581287,0.50491226,0.44441816",0.0
"0.0,0.0,0.0,2.8652207e-07,0.005789075,0.993462,0.060994156,0.8059064,0.22827868","-0.88480884,-0.9920584,-0.4467035","-0.084492825,-0.13640293,-0.047989625,-0.34016153,0.098474786,0.9179091,0.060994156,0.8059064,0.22827868",0.0
"-0.084492825,-0.13640293,-0.047989625,-0.34016153,0.098474786,0.9179091,0.060994156,0.8059064,0.22827868","-0.9768803,-0.9850255,-0.1732263","-0.17777781,-0.2718389,-0.06659942,-0.529107,0.3374501,0.7378619,0.060994156,0.8059064,0.22827868",0.0
"-0.17777781,-0.2718389,-0.06659942,-0.529107,0.3374501,0.7378619,0.060994156,0.8059064,0.22827868","-0.9936611,-0.9848965,0.33815503","-0.27266523,-0.40725714,-0.030271174,-0.51758593,0.6059319,0.5449039,0.060994156,0.8059064,0.22827868",0.0
"-0.27266523,-0.40725714,-0.030271174,-0.51758593,0.6059319,0.5449039,0.060994156,0.8059064,0.22827868","-0.97881866,-0.84429437,-0.34616363","-0.3661353,-0.5233433,-0.0674597,-0.37643546,0.8558901,0.2449497,0.060994156,0.8059064,0.22827868",0.0
"-0.3661353,-0.5233433,-0.0674597,-0.37643546,0.8558901,0.2449497,0.060994156,0.8059064,0.22827868","-0.89333564,0.6271194,-0.6196251","-0.4514424,-0.4371177,-0.13402638,-0.12926814,0.87892514,0.33607918,0.060994156,0.8059064,0.22827868",0.0
"-0.4514424,-0.4371177,-0.13402638,-0.12926814,0.87892514,0.33607918,0.060994156,0.8059064,0.22827868","-0.7389275,0.331838,-0.8457521","-0.5220046,-0.3914917,-0.22488604,0.06591892,0.86817026,0.29436088,0.060994156,0.8059064,0.22827868",0.0
"-0.5220046,-0.3914917,-0.22488604,0.06591892,0.86817026,0.29436088,0.060994156,0.8059064,0.22827868","-0.009797096,0.14134216,-0.61605334","-0.52294016,-0.37205794,-0.29106903,0.06754405,0.8551506,0.23216565,0.060994156,0.8059064,0.22827868",0.0
"-0.52294016,-0.37205794,-0.29106903,0.06754405,0.8551506,0.23216565,0.060994156,0.8059064,0.22827868","0.096484184,0.31537235,-0.4070288","-0.5137266,-0.3286959,-0.3347964,0.04127268,0.8221209,0.25299543,0.060994156,0.8059064,0.22827868",0.0
"-0.5137266,-0.3286959,-0.3347964,0.04127268,0.8221209,0.25299543,0.060994156,0.8059064,0.22827868","-0.041186094,0.21420062,-0.43742007","-0.5176596,-0.29924443,-0.3817887,0.049851235,0.7931719,0.2382733,0.060994156,0.8059064,0.22827868",0.0
"-0.5176596,-0.29924443,-0.3817887,0.049851235,0.7931719,0.2382733,0.060994156,0.8059064,0.22827868","-0.11342108,0.051897407,-0.11109227","-0.5284905,-0.29210883,-0.39372343,0.07613196,0.7835103,0.23364063,0.060994156,0.8059064,0.22827868",0.0
"-0.5284905,-0.29210883,-0.39372343,0.07613196,0.7835103,0.23364063,0.060994156,0.8059064,0.22827868","-0.05426544,-0.13947737,0.18732774","-0.53367245,-0.3112863,-0.37359866,0.09072378,0.7995599,0.22742394,0.060994156,0.8059064,0.22827868",0.0
"-0.53367245,-0.3112863,-0.37359866,0.09072378,0.7995599,0.22742394,0.060994156,0.8059064,0.22827868","-0.0044688582,-0.14860839,0.2423346","-0.53409916,-0.33171922,-0.34756452,0.09380085,0.81808597,0.22709903,0.060994156,0.8059064,0.22827868",0.0
"-0.53409916,-0.33171922,-0.34756452,0.09380085,0.81808597,0.22709903,0.060994156,0.8059064,0.22827868","0.018211842,-0.09996998,0.16850722","-0.5323601,-0.34546462,-0.32946166,0.090559974,0.83064175,0.22736171,0.060994156,0.8059064,0.22827868",0.0
"-0.5323601,-0.34546462,-0.32946166,0.090559974,0.83064175,0.22736171,0.060994156,0.8059064,0.22827868","0.046090722,-0.00717324,0.037991643","-0.52795875,-0.34645092,-0.3253802,0.079173245,0.8330384,0.23169011,0.060994156,0.8059064,0.22827868",0.0
"-0.52795875,-0.34645092,-0.3253802,0.079173245,0.8330384,0.23169011,0.060994156,0.8059064,0.22827868","0.053820014,0.094506025,-0.13307095","-0.52281934,-0.33345684,-0.3396761,0.064932786,0.8233319,0.2358361,0.060994156,0.8059064,0.22827868",0.0
"-0.52281934,-0.33345684,-0.3396761,0.064932786,0.8233319,0.2358361,0.060994156,0.8059064,0.22827868","0.0037003756,0.1294086,-0.2084316","-0.522466,-0.31566387,-0.36206806,0.062893435,0.807487,0.2366247,0.060994156,0.8059064,0.22827868",0.0
"0.0,0.0,0.0,2.8652207e-07,0.005789075,0.993462,-0.6951462,-0.11011696,0.62845707","0.16175425,-0.84823745,-0.81400055","0.015446351,-0.11662829,-0.08744859,-0.3633772,-0.011851263,0.907598,-0.6951462,-0.11011696,0.62845707",0.0
"0.015446351,-0.11662829,-0.08744859,-0.3633772,-0.011851263,0.907598,-0.6951462,-0.11011696,0.62845707","0.28677845,-0.96052635,-0.17533958","0.042831607,-0.24869575,-0.10628542,-0.6224121,-0.07841855,0.7284607,-0.6951462,-0.11011696,0.62845707",0.0
"0.042831607,-0.24869575,-0.10628542,-0.6224121,-0.07841855,0.7284607,-0.6951462,-0.11011696,0.62845707","0.1882149,-0.5267633,-0.31328595","0.06080476,-0.32112303,-0.13994192,-0.74947155,-0.13903771,0.5621389,-0.6951462,-0.11011696,0.62845707",0.0
"0.06080476,-0.32112303,-0.13994192,-0.74947155,-0.13903771,0.5621389,-0.6951462,-0.11011696,0.62845707","0.022898078,0.6568135,-0.5053283","0.06299135,-0.23081456,-0.19422966,-0.65922654,-0.12628205,0.64596146,-0.6951462,-0.11011696,0.62845707",0.0
"0.06299135,-0.23081456,-0.19422966,-0.65922654,-0.12628205,0.64596146,-0.6951462,-0.11011696,0.62845707","-0.09551275,-0.06781477,-0.09295696","0.053870574,-0.24013878,-0.20421612,-0.6826132,-0.110768005,0.6167891,-0.6951462,-0.11011696,0.62845707",0.0
"0.0,0.0,0.0,2.8652207e-07,0.005789075,0.993462,-0.727193,-0.5733333,-0.1823602","0.9893296,-0.97957146,-0.82112426","0.09447379,-0.13468604,-0.08821389,-0.38448432,-0.111533776,0.89018065,-0.727193,-0.5733333,-0.1823602",0.0
"0.09447379,-0.13468604,-0.08821389,-0.38448432,-0.111533776,0.89018065,-0.727193,-0.5733333,-0.1823602","0.99489975,-0.99499714,-0.30094206","0.1894795,-0.27149305,-0.120544285,-0.56331,-0.3744891,0.67498565,-0.727193,-0.5733333,-0.1823602",0.0
"0.1894795,-0.27149305,-0.120544285,-0.56331,-0.3744891,0.67498565,-0.727193,-0.5733333,-0.1823602","0.87333894,-0.98529273,-0.7967094","0.27287704,-0.40696576,-0.20613526,-0.5806578,-0.6619095,0.29043868,-0.727193,-0.5733333,-0.1823602",0.0
"0.27287704,-0.40696576,-0.20613526,-0.5806578,-0.6619095,0.29043868,-0.727193,-0.5733333,-0.1823602","-0.69090044,-0.92034936,-0.92235607","0.20690104,-0.53350914,-0.3052245,-0.7239697,-0.5430928,-0.14033398,-0.727193,-0.5733333,-0.1823602",0.0
"0.20690104,-0.53350914,-0.3052245,-0.7239697,-0.5430928,-0.14033398,-0.727193,-0.5733333,-0.1823602","0.15780306,-0.22025633,-0.110337734","0.2219701,-0.5637933,-0.31707814,-0.68853676,-0.56927145,-0.22307147,-0.727193,-0.5733333,-0.1823602",0.0
"0.2219701,-0.5637933,-0.31707814,-0.68853676,-0.56927145,-0.22307147,-0.727193,-0.5733333,-0.1823602","-0.039369464,0.026870131,0.2790426","0.21821061,-0.5600988,-0.2871004,-0.7111592,-0.5741421,-0.17384921,-0.727193,-0.5733333,-0.1823602",0.0
"0.21821061,-0.5600988,-0.2871004,-0.7111592,-0.5741421,-0.17384921,-0.727193,-0.5733333,-0.1823602","-0.024639487,-0.09075904,0.0061006546","0.2158577,-0.57257783,-0.286445,-0.71438897,-0.5680677,-0.20073843,-0.727193,-0.5733333,-0.1823602",0.0
"0.2158577,-0.57257783,-0.286445,-0.71438897,-0.5680677,-0.20073843,-0.727193,-0.5733333,-0.1823602","0.02844894,0.054317832,0.05886662","0.21857436,-0.56510943,-0.28012088,-0.7133446,-0.57728386,-0.17522638,-0.727193,-0.5733333,-0.1823602",0.0
"0.0,0.0,0.0,2.8652207e-07,0.005789075,0.993462,-0.05134503,-0.54982454,0.5050889","0.98922205,-0.97448903,-0.6983131","0.09446351,-0.13398723,-0.07502021,-0.3678879,-0.106445126,0.901099,-0.05134503,-0.54982454,0.5050889",0.0
"0.09446351,-0.13398723,-0.07502021,-0.3678879,-0.106445126,0.901099,-0.05134503,-0.54982454,0.5050889","0.9814173,-0.9459117,-0.864956","0.18818174,-0.26404524,-0.16794297,-0.58582276,-0.38628006,0.62581205,-0.05134503,-0.54982454,0.5050889",0.0
"0.18818174,-0.26404524,-0.16794297,-0.58582276,-0.38628006,0.62581205,-0.05134503,-0.54982454,0.5050889","0.98546696,-0.38082707,-0.9515597","0.2822867,-0.31640702,-0.27016962,-0.5167599,-0.6247125,0.37821165,-0.05134503,-0.54982454,0.5050889",0.0
"0.2822867,-0.31640702,-0.27016962,-0.5167599,-0.6247125,0.37821165,-0.05134503,-0.54982454,0.5050889","0.9574802,0.5315286,-0.8322791","0.37371913,-0.24332461,-0.35958192,-0.29508942,-0.6894007,0.378417,-0.05134503,-0.54982454,0.5050889",0.0
"0.37371913,-0.24332461,-0.35958192,-0.29508942,-0.6894007,0.378417,-0.05134503,-0.54982454,0.5050889","0.7555641,0.7652221,-0.82665354","0.44586998,-0.13811052,-0.4483899,-0.11513018,-0.63628465,0.41927058,-0.05134503,-0.54982454,0.5050889",0.0
"0.44586998,-0.13811052,-0.4483899,-0.11513018,-0.63628465,0.41927058,-0.05134503,-0.54982454,0.5050889","0.41661024,0.64816606,-0.47288394","0.48565325,-0.048991036,-0.49919212,-0.03062991,-0.55067873,0.47037366,-0.05134503,-0.54982454,0.5050889",0.0
"0.48565325,-0.048991036,-0.49919212,-0.03062991,-0.55067873,0.47037366,-0.05134503,-0.54982454,0.5050889","-0.081935465,0.035143852,0.2130034","0.477829,-0.04415894,-0.47630906,-0.043517902,-0.5406197,0.5123293,-0.05134503,-0.54982454,0.5050889",0.0
"0.0,0.0,0.0,2.8652207e-07,0.005789075,0.993462,0.0805848,-0.9022807,0.10628343","0.9807129,-0.93281984,-0.9394119","0.09365095,-0.12825793,-0.100921616,-0.38715905,-0.11126308,0.8860932,0.0805848,-0.9022807,0.10628343",0.0
"0.09365095,-0.12825793,-0.100921616,-0.38715905,-0.11126308,0.8860932,0.0805848,-0.9022807,0.10628343","0.9949691,-0.94520646,-0.92460334","0.18866329,-0.25821897,-0.20025231,-0.5958881,-0.394339,0.59131825,0.0805848,-0.9022807,0.10628343",0.0
"0.18866329,-0.25821897,-0.20025231,-0.5958881,-0.394339,0.59131825,0.0805848,-0.9022807,0.10628343","0.99619913,-0.8453639,-0.9528146","0.28379306,-0.37445217,-0.30261377,-0.5436274,-0.66409725,0.20918202,0.0805848,-0.9022807,0.10628343",0.0
"0.28379306,-0.37445217,-0.30261377,-0.5436274,-0.66409725,0.20918202,0.0805848,-0.9022807,0.10628343","0.98859644,-0.29260528,-0.5616314","0.37819687,-0.41468394,-0.36295018,-0.32597932,-0.79439634,0.03297976,0.0805848,-0.9022807,0.10628343",0.0
"0.37819687,-0.41468394,-0.36295018,-0.32597932,-0.79439634,0.03297976,0.0805848,-0.9022807,0.10628343","0.9339615,0.3756566,0.15385807","0.4673834,-0.3630331,-0.3464211,-0.091973186,-0.8378655,0.16519874,0.0805848,-0.9022807,0.10628343",0.0
"0.4673834,-0.3630331,-0.3464211,-0.091973186,-0.8378655,0.16519874,0.0805848,-0.9022807,0.10628343","0.7890494,-0.34527493,0.033940673","0.5427319,-0.41050667,-0.34277484,0.11017314,-0.8589743,0.07170785,0.0805848,-0.9022807,0.10628343",0.0
"0.5427319,-0.41050667,-0.34277484,0.11017314,-0.8589743,0.07170785,0.0805848,-0.9022807,0.10628343","-0.028579652,-0.2700585,0.5812088","0.54000276,-0.44763836,-0.2803352,0.107142836,-0.8942252,0.08639446,0.0805848,-0.9022807,0.10628343",0.0
"0.54000276,-0.44763836,-0.2803352,0.107142836,-0.8942252,0.08639446,0.0805848,-0.9022807,0.10628343","-0.08032024,-0.04662776,0.1734513","0.5323328,-0.4540495,-0.2617012,0.08628098,-0.9035527,0.10092176,0.0805848,-0.9022807,0.10628343",0.0
"0.0,0.0,0.0,2.8652207e-07,0.005789075,0.993462,-0.6951462,-0.11011696,0.62845707","0.16175425,-0.84823745,-0.81400055","0.015446351,-0.11662829,-0.08744859,-0.3633772,-0.011851263,0.907598,-0.6951462,-0.11011696,0.62845707",0.0
"0.015446351,-0.11662829,-0.08744859,-0.3633772,-0.011851263,0.907598,-0.6951462,-0.11011696,0.62845707","0.28677845,-0.96052635,-0.17533958","0.042831607,-0.24869575,-0.10628542,-0.6224121,-0.07841855,0.7284607,-0.6951462,-0.11011696,0.62845707",0.0
"0.042831607,-0.24869575,-0.10628542,-0.6224121,-0.07841855,0.7284607,-0.6951462,-0.11011696,0.62845707","0.1882149,-0.5267633,-0.31328595","0.06080476,-0.32112303,-0.13994192,-0.74947155,-0.13903771,0.5621389,-0.6951462,-0.11011696,0.62845707",0.0
"0.06080476,-0.32112303,-0.13994192,-0.74947155,-0.13903771,0.5621389,-0.6951462,-0.11011696,0.62845707","0.022898078,0.6568135,-0.5053283","0.06299135,-0.23081456,-0.19422966,-0.65922654,-0.12628205,0.64596146,-0.6951462,-0.11011696,0.62845707",0.0
"0.06299135,-0.23081456,-0.19422966,-0.65922654,-0.12628205,0.64596146,-0.6951462,-0.11011696,0.62845707","-0.09551275,-0.06781477,-0.09295696","0.053870574,-0.24013878,-0.20421612,-0.6826132,-0.110768005,0.6167891,-0.6951462,-0.11011696,0.62845707",0.0
"0.0,0.0,0.0,2.8652207e-07,0.005789075,0.993462,0.854503,-0.13672514,-0.0990687","-0.13291496,0.98859906,0.99020195","-0.012692409,0.13592729,0.10637802,0.4240011,-0.011121797,0.87370735,0.854503,-0.13672514,-0.0990687",0.0
"-0.012692409,0.13592729,0.10637802,0.4240011,-0.011121797,0.87370735,0.854503,-0.13672514,-0.0990687","-0.842977,0.9261397,0.9945049","-0.09319059,0.26326674,0.21321829,0.69949776,-0.20480254,0.56399053,0.854503,-0.13672514,-0.0990687",0.0
"-0.09319059,0.26326674,0.21321829,0.69949776,-0.20480254,0.56399053,0.854503,-0.13672514,-0.0990687","-0.64315224,0.92111564,0.96972215","-0.15460695,0.38991544,0.31739613,0.76730186,-0.39850762,0.15380165,0.854503,-0.13672514,-0.0990687",0.0
"-0.15460695,0.38991544,0.31739613,0.76730186,-0.39850762,0.15380165,0.854503,-0.13672514,-0.0990687","0.6266732,0.33304036,0.92965865","-0.09476421,0.43570682,0.41726995,0.7948822,-0.23783776,-0.08674961,0.854503,-0.13672514,-0.0990687",0.0
"-0.09476421,0.43570682,0.41726995,0.7948822,-0.23783776,-0.08674961,0.854503,-0.13672514,-0.0990687","0.45333505,0.3260938,-0.43024212","-0.051474005,0.48054308,0.37104878,0.8533609,-0.1333474,-0.11712357,0.854503,-0.13672514,-0.0990687",0.0
"0.0,0.0,0.0,2.8652207e-07,0.005789075,0.993462,-0.124970764,-0.27046782,0.5737357","0.9649011,-0.9513914,-0.9399332","0.09214104,-0.13081142,-0.10097761,-0.39253548,-0.11087058,0.88352174,-0.124970764,-0.27046782,0.5737357",0.0
"0.09214104,-0.13081142,-0.10097761,-0.39253548,-0.11087058,0.88352174,-0.124970764,-0.27046782,0.5737357","0.973716,-0.78602827,-0.9617472","0.18512386,-0.23888628,-0.20429872,-0.57954925,-0.3740883,0.61878467,-0.124970764,-0.27046782,0.5737357",0.0
"0.18512386,-0.23888628,-0.20429872,-0.57954925,-0.3740883,0.61878467,-0.124970764,-0.27046782,0.5737357","0.9042902,0.54974663,-0.96962106","0.271477,-0.16329896,-0.30846578,-0.4263649,-0.47936514,0.593086,-0.124970764,-0.27046782,0.5737357",0.0
"0.271477,-0.16329896,-0.30846578,-0.4263649,-0.47936514,0.593086,-0.124970764,-0.27046782,0.5737357","0.49996126,0.7297101,-0.9590826","0.31921968,-0.06296759,-0.41150066,-0.2994346,-0.4585262,0.5860572,-0.124970764,-0.27046782,0.5737357",0.0
"0.31921968,-0.06296759,-0.41150066,-0.2994346,-0.4585262,0.5860572,-0.124970764,-0.27046782,0.5737357","0.5282254,0.7274623,-0.94359154","0.3696614,0.03705473,-0.5128713,-0.18370886,-0.40875158,0.55436397,-0.124970764,-0.27046782,0.5737357",0.0
"0.3696614,0.03705473,-0.5128713,-0.18370886,-0.40875158,0.55436397,-0.124970764,-0.27046782,0.5737357","-0.021724999,0.61312544,-0.8264205","0.3675868,0.12135633,-0.60165423,-0.15264682,-0.3312109,0.5017789,-0.124970764,-0.27046782,0.5737357",0.0
"0.3675868,0.12135633,-0.60165423,-0.15264682,-0.3312109,0.5017789,-0.124970764,-0.27046782,0.5737357","-0.24699867,0.5209043,-0.39700025","0.34400022,0.19297801,-0.6443043,-0.14103606,-0.25206184,0.4932434,-0.124970764,-0.27046782,0.5737357",0.0
"0.34400022,0.19297801,-0.6443043,-0.14103606,-0.25206184,0.4932434,-0.124970764,-0.27046782,0.5737357","0.013166308,0.10971594,0.25633383","0.34525752,0.20806341,-0.6167662,-0.1268738,-0.22770259,0.5450228,-0.124970764,-0.27046782,0.5737357",0.0
"0.34525752,0.20806341,-0.6167662,-0.1268738,-0.22770259,0.5450228,-0.124970764,-0.27046782,0.5737357","0.14858472,-0.21809828,0.32273948","0.3594463,0.17807606,-0.5820942,-0.12710993,-0.25536215,0.57646686,-0.124970764,-0.27046782,0.5737357",0.0
"0.0,0.0,0.0,2.8652207e-07,0.005789075,0.993462,-0.07426901,-0.82614034,0.44441816","0.993603,-0.9864478,-0.4163","0.09488186,-0.1356315,-0.044723358,-0.33470526,-0.09677679,0.92067784,-0.07426901,-0.82614034,0.44441816",0.0
"0.09488186,-0.1356315,-0.044723358,-0.33470526,-0.09677679,0.92067784,-0.07426901,-0.82614034,0.44441816","0.99624276,-0.9802895,-0.591096","0.19001582,-0.2704163,-0.10822515,-0.5525617,-0.36856186,0.6919345,-0.07426901,-0.82614034,0.44441816",0.0
"0.19001582,-0.2704163,-0.10822515,-0.5525617,-0.36856186,0.6919345,-0.07426901,-0.82614034,0.44441816","0.9890492,-0.9093336,-0.89232427","0.28446284,-0.39544502,-0.20408809,-0.5500178,-0.67492807,0.3182173,-0.07426901,-0.82614034,0.44441816",0.0
"0.28446284,-0.39544502,-0.20408809,-0.5500178,-0.67492807,0.3182173,-0.07426901,-0.82614034,0.44441816","0.9671469,0.37350655,-0.55934095","0.37681833,-0.3440898,-0.26417843,-0.32064572,-0.77145565,0.33192137,-0.07426901,-0.82614034,0.44441816",0.0
"0.37681833,-0.3440898,-0.26417843,-0.32064572,-0.77145565,0.33192137,-0.07426901,-0.82614034,0.44441816","0.863845,0.37901175,-0.071196735","0.45930925,-0.29197767,-0.27182716,-0.10598567,-0.7791805,0.42324838,-0.07426901,-0.82614034,0.44441816",0.0
"0.45930925,-0.29197767,-0.27182716,-0.10598567,-0.7791805,0.42324838,-0.07426901,-0.82614034,0.44441816","0.32139838,-0.008174539,0.19113743","0.4900005,-0.29310167,-0.25129315,-0.030339345,-0.78123236,0.45249447,-0.07426901,-0.82614034,0.44441816",0.0
"0.4900005,-0.29310167,-0.25129315,-0.030339345,-0.78123236,0.45249447,-0.07426901,-0.82614034,0.44441816","0.0030823946,-0.38912416,0.38497782","0.49029484,-0.34660426,-0.20993476,-0.030967748,-0.8255544,0.4103992,-0.07426901,-0.82614034,0.44441816",0.0
"0.49029484,-0.34660426,-0.20993476,-0.030967748,-0.8255544,0.4103992,-0.07426901,-0.82614034,0.44441816","-0.1675356,0.051396012,0.14468777","0.47429642,-0.3395376,-0.19439086,-0.07134912,-0.8099211,0.44798785,-0.07426901,-0.82614034,0.44441816",0.0
"0.0,0.0,0.0,2.8652207e-07,0.005789075,0.993462,-0.8203509,0.27549708,-0.0990687","-0.824488,-0.97451115,-0.9715757","-0.078732625,-0.13399027,-0.10437699,-0.40388763,0.10795924,0.87743133,-0.8203509,0.27549708,-0.0990687",0.0
"-0.078732625,-0.13399027,-0.10437699,-0.40388763,0.10795924,0.87743133,-0.8203509,0.27549708,-0.0990687","-0.42374617,-0.97670215,-0.9278401","-0.11919731,-0.2682818,-0.20405541,-0.6777186,0.27257317,0.5681919,-0.8203509,0.27549708,-0.0990687",0.0
"-0.11919731,-0.2682818,-0.20405541,-0.6777186,0.27257317,0.5681919,-0.8203509,0.27549708,-0.0990687","0.12036538,-0.9691912,-0.83410496","-0.10770328,-0.4015406,-0.29366383,-0.82413846,0.29614595,0.165774,-0.8203509,0.27549708,-0.0990687",0.0
"-0.10770328,-0.4015406,-0.29366383,-0.82413846,0.29614595,0.165774,-0.8203509,0.27549708,-0.0990687","0.06729221,-0.62024325,-0.919687","-0.10127736,-0.48682094,-0.3924664,-0.8034444,0.27072027,-0.1587152,-0.8203509,0.27549708,-0.0990687",0.0
"-0.10127736,-0.48682094,-0.3924664,-0.8034444,0.27072027,-0.1587152,-0.8203509,0.27549708,-0.0990687","0.08555174,0.21160758,0.2447213","-0.09310779,-0.45772603,-0.36617586,-0.82715696,0.25514066,-0.06224791,-0.8203509,0.27549708,-0.0990687",0.0
"-0.09310779,-0.45772603,-0.36617586,-0.82715696,0.25514066,-0.06224791,-0.8203509,0.27549708,-0.0990687","-0.056412756,-0.037136614,-0.2719872","-0.0984948,-0.46283215,-0.39539558,-0.8044909,0.26327428,-0.11299577,-0.8203509,0.27549708,-0.0990687",0.0
"-0.0984948,-0.46283215,-0.39539558,-0.8044909,0.26327428,-0.11299577,-0.8203509,0.27549708,-0.0990687","-0.011816561,-0.001286447,0.12196553","-0.09962319,-0.46300906,-0.38229278,-0.8122824,0.26894927,-0.09566632,-0.8203509,0.27549708,-0.0990687",0.0
"0.0,0.0,0.0,2.8652207e-07,0.005789075,0.993462,-0.6583626,-0.5197661,0.12066658","0.9764421,-0.93673015,-0.89256036","0.09324312,-0.12879558,-0.095888324,-0.3825945,-0.109347194,0.8897096,-0.6583626,-0.5197661,0.12066658",0.0
"0.09324312,-0.12879558,-0.095888324,-0.3825945,-0.109347194,0.8897096,-0.6583626,-0.5197661,0.12066658","0.9878259,-0.97671956,-0.7143208","0.18757333,-0.2630895,-0.17262824,-0.5881134,-0.38619795,0.6211041,-0.6583626,-0.5197661,0.12066658",0.0
"0.18757333,-0.2630895,-0.17262824,-0.5881134,-0.38619795,0.6211041,-0.6583626,-0.5197661,0.12066658","0.78094184,-0.9448296,-0.8668519","0.2621476,-0.39299873,-0.2657547,-0.59786725,-0.6368179,0.2274239,-0.6583626,-0.5197661,0.12066658",0.0
"0.2621476,-0.39299873,-0.2657547,-0.59786725,-0.6368179,0.2274239,-0.6583626,-0.5197661,0.12066658","-0.67131704,0.028978825,-0.8794905","0.1980417,-0.38901433,-0.3602389,-0.69477177,-0.49115658,0.09053784,-0.6583626,-0.5197661,0.12066658",0.0
"0.1980417,-0.38901433,-0.3602389,-0.69477177,-0.49115658,0.09053784,-0.6583626,-0.5197661,0.12066658","0.26306343,0.22802234,-0.034517825","0.22316237,-0.35766244,-0.36394718,-0.6417598,-0.53416383,0.14942014,-0.6583626,-0.5197661,0.12066658",0.0
"0.22316237,-0.35766244,-0.36394718,-0.6417598,-0.53416383,0.14942014,-0.6583626,-0.5197661,0.12066658","-0.1082958,-0.11523867,-0.16159093","0.21282089,-0.3735072,-0.381307,-0.65952593,-0.5136307,0.090991706,-0.6583626,-0.5197661,0.12066658",0.0
"0.21282089,-0.3735072,-0.381307,-0.65952593,-0.5136307,0.090991706,-0.6583626,-0.5197661,0.12066658","0.054989338,0.1145215,0.08718336","0.21807197,-0.35776109,-0.37194085,-0.648228,-0.5222054,0.13709088,-0.6583626,-0.5197661,0.12066658",0.0
"0.21807197,-0.35776109,-0.37194085,-0.648228,-0.5222054,0.13709088,-0.6583626,-0.5197661,0.12066658","-0.0005554557,-0.11127269,-0.030483067","0.21801892,-0.37306055,-0.37521565,-0.6528525,-0.5258038,0.100987226,-0.6583626,-0.5197661,0.12066658",0.0
"0.21801892,-0.37306055,-0.37521565,-0.6528525,-0.5258038,0.100987226,-0.6583626,-0.5197661,0.12066658","-0.023510396,0.09726262,0.0178473","0.21577384,-0.35968748,-0.37329832,-0.65235084,-0.51780915,0.13112667,-0.6583626,-0.5197661,0.12066658",0.0
"0.0,0.0,0.0,2.8652207e-07,0.005789075,0.993462,-0.9032749,-0.1448538,0.05502712","-0.11718446,-0.84232116,-0.9765534","-0.01119027,-0.11581483,-0.104911745,-0.38259733,0.019248437,0.89474446,-0.9032749,-0.1448538,0.05502712",0.0
"-0.01119027,-0.11581483,-0.104911745,-0.38259733,0.019248437,0.89474446,-0.9032749,-0.1448538,0.05502712","0.4882306,-0.97486794,-0.82367814","0.035432205,-0.24985415,-0.19339998,-0.694768,-0.07183302,0.615286,-0.9032749,-0.1448538,0.05502712",0.0
"0.035432205,-0.24985415,-0.19339998,-0.694768,-0.07183302,0.615286,-0.9032749,-0.1448538,0.05502712","0.16374516,-0.97287655,-0.60897166","0.05106868,-0.3836197,-0.2588222,-0.8567426,-0.13278076,0.2581548,-0.9032749,-0.1448538,0.05502712",0.0
"0.05106868,-0.3836197,-0.2588222,-0.8567426,-0.13278076,0.2581548,-0.9032749,-0.1448538,0.05502712","-0.038316786,-0.8379545,-0.33167994","0.047409702,-0.4988342,-0.29445475,-0.8999552,-0.1291871,-0.048032355,-0.9032749,-0.1448538,0.05502712",0.0
"0.047409702,-0.4988342,-0.29445475,-0.8999552,-0.1291871,-0.048032355,-0.9032749,-0.1448538,0.05502712","0.22146702,0.46955144,0.28449035","0.068558194,-0.43427333,-0.26389176,-0.8785049,-0.18626927,0.1410904,-0.9032749,-0.1448538,0.05502712",0.0
"0.068558194,-0.43427333,-0.26389176,-0.8785049,-0.18626927,0.1410904,-0.9032749,-0.1448538,0.05502712","-0.24699807,-0.31790376,-0.39059424","0.04497167,-0.47798353,-0.30585352,-0.89235955,-0.121072866,-0.018823108,-0.9032749,-0.1448538,0.05502712",0.0
"0.04497167,-0.47798353,-0.30585352,-0.89235955,-0.121072866,-0.018823108,-0.9032749,-0.1448538,0.05502712","0.22287273,0.30608106,0.2625432","0.0662544,-0.43589902,-0.27764833,-0.8780732,-0.17953505,0.116255045,-0.9032749,-0.1448538,0.05502712",0.0
"0.0662544,-0.43589902,-0.27764833,-0.8780732,-0.17953505,0.116255045,-0.9032749,-0.1448538,0.05502712","-0.19996017,-0.24693966,-0.2393707","0.047159657,-0.469852,-0.30336404,-0.8908425,-0.12710467,0.0027293002,-0.9032749,-0.1448538,0.05502712",0.0
"0.047159657,-0.469852,-0.30336404,-0.8908425,-0.12710467,0.0027293002,-0.9032749,-0.1448538,0.05502712","0.17883396,0.19598651,0.22460783","0.064237,-0.44290495,-0.27923426,-0.8818545,-0.17451084,0.09847385,-0.9032749,-0.1448538,0.05502712",0.0
"0.064237,-0.44290495,-0.27923426,-0.8818545,-0.17451084,0.09847385,-0.9032749,-0.1448538,0.05502712","-0.15420514,-0.16729152,-0.16542661","0.049511526,-0.4659067,-0.2970061,-0.89138556,-0.13391976,0.020911554,-0.9032749,-0.1448538,0.05502712",0.0
"0.049511526,-0.4659067,-0.2970061,-0.89138556,-0.13391976,0.020911554,-0.9032749,-0.1448538,0.05502712","0.13592637,0.11413729,0.17502844","0.062491506,-0.4502135,-0.27820268,-0.8859805,-0.17030531,0.08400227,-0.9032749,-0.1448538,0.05502712",0.0
"0.062491506,-0.4502135,-0.27820268,-0.8859805,-0.17030531,0.08400227,-0.9032749,-0.1448538,0.05502712","-0.11307055,-0.092927516,-0.11800486","0.05169409,-0.4629906,-0.29088,-0.8918202,-0.14025389,0.03656083,-0.9032749,-0.1448538,0.05502712",0.0
"0.05169409,-0.4629906,-0.29088,-0.8918202,-0.14025389,0.03656083,-0.9032749,-0.1448538,0.05502712","0.09774506,0.04106331,0.13331378","0.061028033,-0.45734468,-0.27655798,-0.88985753,-0.16683254,0.07080032,-0.9032749,-0.1448538,0.05502712",0.0
"0.061028033,-0.45734468,-0.27655798,-0.88985753,-0.16683254,0.07080032,-0.9032749,-0.1448538,0.05502712","-0.0769912,-0.022278309,-0.08837807","0.05367593,-0.46040788,-0.28605247,-0.8917228,-0.14593872,0.049565993,-0.9032749,-0.1448538,0.05502712",0.0
"0.0,0.0,0.0,2.8652207e-07,0.005789075,0.993462,-0.058479536,0.7758479,-0.23054375","-0.69010746,-0.9953968,-0.899345","-0.06590026,-0.13686194,-0.0966172,-0.4044887,0.090874895,0.88111407,-0.058479536,0.7758479,-0.23054375",0.0
"-0.06590026,-0.13686194,-0.0966172,-0.4044887,0.090874895,0.88111407,-0.058479536,0.7758479,-0.23054375","-0.9189348,-0.9936037,-0.847704","-0.15365186,-0.27347735,-0.18768656,-0.6420416,0.34300643,0.58214384,-0.058479536,0.7758479,-0.23054375",0.0
"-0.15365186,-0.27347735,-0.18768656,-0.6420416,0.34300643,0.58214384,-0.058479536,0.7758479,-0.23054375","-0.99671537,-0.95869535,-0.75768566","-0.24883094,-0.40529308,-0.2690852,-0.62127954,0.6248924,0.19591855,-0.058479536,0.7758479,-0.23054375",0.0
"-0.24883094,-0.40529308,-0.2690852,-0.62127954,0.6248924,0.19591855,-0.058479536,0.7758479,-0.23054375","-0.9935409,-0.78023124,-0.72478503","-0.3437069,-0.51257086,-0.3469493,-0.40946287,0.77808523,-0.15248363,-0.058479536,0.7758479,-0.23054375",0.0
"-0.3437069,-0.51257086,-0.3469493,-0.40946287,0.77808523,-0.15248363,-0.058479536,0.7758479,-0.23054375","-0.94760835,0.56547594,-0.8072459","-0.43419662,-0.4348209,-0.43367222,-0.16209798,0.80112964,-0.10656421,-0.058479536,0.7758479,-0.23054375",0.0
"-0.43419662,-0.4348209,-0.43367222,-0.16209798,0.80112964,-0.10656421,-0.058479536,0.7758479,-0.23054375","-0.7701297,-0.058736086,-0.79149103","-0.5077384,-0.44289684,-0.51870257,0.023750437,0.7384647,-0.2217528,-0.058479536,0.7758479,-0.23054375",0.0
"-0.5077384,-0.44289684,-0.51870257,0.023750437,0.7384647,-0.2217528,-0.058479536,0.7758479,-0.23054375","0.12867808,-0.5842321,0.6417227","-0.4954506,-0.5232258,-0.4497619,-0.005469792,0.7879608,-0.29935896,-0.058479536,0.7758479,-0.23054375",0.0
"-0.4954506,-0.5232258,-0.4497619,-0.005469792,0.7879608,-0.29935896,-0.058479536,0.7758479,-0.23054375","0.15958226,0.0864023,0.43924618","-0.48021165,-0.511346,-0.4025734,-0.04616003,0.83479387,-0.22186263,-0.058479536,0.7758479,-0.23054375",0.0
"-0.48021165,-0.511346,-0.4025734,-0.04616003,0.83479387,-0.22186263,-0.058479536,0.7758479,-0.23054375","0.036897898,0.3100233,-0.46751487","-0.47668815,-0.46871945,-0.45279884,-0.05267762,0.7971557,-0.19714865,-0.058479536,0.7758479,-0.23054375",0.0
"-0.47668815,-0.46871945,-0.45279884,-0.05267762,0.7971557,-0.19714865,-0.058479536,0.7758479,-0.23054375","2.69413e-05,0.0420357,-0.34031445","-0.47668555,-0.46293983,-0.48935902,-0.05018674,0.76311773,-0.22743198,-0.058479536,0.7758479,-0.23054375",0.0
"0.0,0.0,0.0,2.8652207e-07,0.005789075,0.993462,-0.37274855,-0.83543855,0.05502712","0.99443746,-0.97302675,0.056861043","0.09496155,-0.13378619,0.006108639,-0.26733392,-0.07615091,0.94911104,-0.37274855,-0.83543855,0.05502712",0.0
"0.09496155,-0.13378619,0.006108639,-0.26733392,-0.07615091,0.94911104,-0.37274855,-0.83543855,0.05502712","0.99022007,-0.96597755,-0.5616884","0.18952039,-0.26660314,-0.05423387,-0.5050661,-0.33513963,0.7589827,-0.37274855,-0.83543855,0.05502712",0.0
"0.18952039,-0.26660314,-0.05423387,-0.5050661,-0.33513963,0.7589827,-0.37274855,-0.83543855,0.05502712","0.99073577,-0.97863525,-0.49088585","0.28412846,-0.40116048,-0.10697002,-0.5318352,-0.6509016,0.4520525,-0.37274855,-0.83543855,0.05502712",0.0
"0.28412846,-0.40116048,-0.10697002,-0.5318352,-0.6509016,0.4520525,-0.37274855,-0.83543855,0.05502712","0.95973897,-0.9621759,-0.6546843","0.37577656,-0.5334548,-0.17730312,-0.36746967,-0.8780962,0.05137463,-0.37274855,-0.83543855,0.05502712",0.0
"0.37577656,-0.5334548,-0.17730312,-0.36746967,-0.8780962,0.05137463,-0.37274855,-0.83543855,0.05502712","-0.012289524,0.31514478,-0.4532448","0.37460297,-0.49012402,-0.22599548,-0.36197627,-0.8557377,0.075273566,-0.37274855,-0.83543855,0.05502712",0.0
"0.37460297,-0.49012402,-0.22599548,-0.36197627,-0.8557377,0.075273566,-0.37274855,-0.83543855,0.05502712","-0.042309403,0.06617522,-0.32370198","0.37056273,-0.48102537,-0.26077095,-0.36835107,-0.840723,0.042273078,-0.37274855,-0.83543855,0.05502712",0.0
"0.0,0.0,0.0,2.8652207e-07,0.005789075,0.993462,-0.6815205,0.3753801,-0.23054375","-0.93815744,-0.97980464,-0.97887313","-0.089587234,-0.13471809,-0.10516096,-0.4022057,0.12231247,0.87601054,-0.6815205,0.3753801,-0.23054375",0.0
"-0.089587234,-0.13471809,-0.10516096,-0.4022057,0.12231247,0.87601054,-0.6815205,0.3753801,-0.23054375","-0.56909394,-0.988626,-0.9272213","-0.14393158,-0.2706491,-0.20477292,-0.657716,0.3259156,0.5629374,-0.6815205,0.3753801,-0.23054375",0.0
"-0.14393158,-0.2706491,-0.20477292,-0.657716,0.3259156,0.5629374,-0.6815205,0.3753801,-0.23054375","-0.032732546,-0.93696105,-0.9603335","-0.1470573,-0.39947644,-0.30794215,-0.77779156,0.39375752,0.14811467,-0.6815205,0.3753801,-0.23054375",0.0
"-0.1470573,-0.39947644,-0.30794215,-0.77779156,0.39375752,0.14811467,-0.6815205,0.3753801,-0.23054375","0.13994288,-0.7086259,-0.9488002","-0.13369377,-0.4969089,-0.40987232,-0.7577012,0.3447202,-0.20145883,-0.6815205,0.3753801,-0.23054375",0.0
"-0.13369377,-0.4969089,-0.40987232,-0.7577012,0.3447202,-0.20145883,-0.6815205,0.3753801,-0.23054375","-0.17998725,0.21961653,-0.39142472","-0.15088125,-0.4667128,-0.45192334,-0.70913035,0.370304,-0.19220169,-0.6815205,0.3753801,-0.23054375",0.0
"-0.15088125,-0.4667128,-0.45192334,-0.70913035,0.370304,-0.19220169,-0.6815205,0.3753801,-0.23054375","-0.027317941,0.021360636,-0.3428024","-0.1534899,-0.46377587,-0.48875082,-0.67524356,0.3599671,-0.22833464,-0.6815205,0.3753801,-0.23054375",0.0
"0.0,0.0,0.0,2.8652207e-07,0.005789075,0.993462,-0.20847954,-0.46087718,0.18532537","0.9767933,-0.9644598,-0.94927454","0.09327666,-0.13260826,-0.101981156,-0.3966242,-0.113624156,0.8808777,-0.20847954,-0.46087718,0.18532537",0.0
"0.09327666,-0.13260826,-0.101981156,-0.3966242,-0.113624156,0.8808777,-0.20847954,-0.46087718,0.18532537","0.9536624,-0.87268007,-0.95958525","0.1843445,-0.2525973,-0.20507,-0.5970934,-0.383543,0.5943035,-0.20847954,-0.46087718,0.18532537",0.0
"0.1843445,-0.2525973,-0.20507,-0.5970934,-0.383543,0.5943035,-0.20847954,-0.46087718,0.18532537","0.9744952,-0.5677052,-0.9756545","0.27740172,-0.33065388,-0.30988517,-0.53631973,-0.62863785,0.2878882,-0.20847954,-0.46087718,0.18532537",0.0
"0.27740172,-0.33065388,-0.30988517,-0.53631973,-0.62863785,0.2878882,-0.20847954,-0.46087718,0.18532537","0.64992857,0.66357446,-0.9541285","0.33946517,-0.23941581,-0.41238785,-0.36453637,-0.64848065,0.30323118,-0.20847954,-0.46087718,0.18532537",0.0
"0.33946517,-0.23941581,-0.41238785,-0.36453637,-0.64848065,0.30323118,-0.20847954,-0.46087718,0.18532537","0.7313436,0.56662333,-0.9536487","0.40930322,-0.16150804,-0.51483893,-0.19067614,-0.6304006,0.2789358,-0.20847954,-0.46087718,0.18532537",0.0
"0.40930322,-0.16150804,-0.51483893,-0.19067614,-0.6304006,0.2789358,-0.20847954,-0.46087718,0.18532537","-0.09579033,0.24643493,-0.8675469","0.40015593,-0.12762453,-0.6080401,-0.18917365,-0.56443095,0.19263297,-0.20847954,-0.46087718,0.18532537",0.0
"0.40015593,-0.12762453,-0.6080401,-0.18917365,-0.56443095,0.19263297,-0.20847954,-0.46087718,0.18532537","-0.18440264,0.3572538,-0.5127904","0.38254684,-0.07850399,-0.6631295,-0.19798179,-0.49592817,0.18211134,-0.20847954,-0.46087718,0.18532537",0.0
"0.38254684,-0.07850399,-0.6631295,-0.19798179,-0.49592817,0.18211134,-0.20847954,-0.46087718,0.18532537","-0.08509809,0.115171194,-0.09818035","0.3744206,-0.062668554,-0.6736771,-0.20451811,-0.47616076,0.18760537,-0.20847954,-0.46087718,0.18532537",0.0
"0.0,0.0,0.0,2.8652207e-07,0.005789075,0.993462,-0.44584796,0.49286547,0.3481818","-0.9700122,-0.9471448,-0.689852","-0.09262913,-0.13022755,-0.07411122,-0.35692665,0.11294487,0.9052473,-0.44584796,0.49286547,0.3481818",0.0
"-0.09262913,-0.13022755,-0.07411122,-0.35692665,0.11294487,0.9052473,-0.44584796,0.49286547,0.3481818","-0.9663092,-0.9615304,-0.54832166","-0.18490465,-0.26243302,-0.13301776,-0.55919176,0.37400654,0.6742105,-0.44584796,0.49286547,0.3481818",0.0
"-0.18490465,-0.26243302,-0.13301776,-0.55919176,0.37400654,0.6742105,-0.44584796,0.49286547,0.3481818","-0.74278784,-0.6955724,-0.85649514","-0.2558355,-0.35807067,-0.22503155,-0.57985204,0.6098558,0.36395663,-0.44584796,0.49286547,0.3481818",0.0
"-0.2558355,-0.35807067,-0.22503155,-0.57985204,0.6098558,0.36395663,-0.44584796,0.49286547,0.3481818","-0.55705386,0.8286836,-0.9141844","-0.30903012,-0.24413097,-0.323243,-0.41661948,0.6192932,0.43343687,-0.44584796,0.49286547,0.3481818",0.0
"-0.30903012,-0.24413097,-0.323243,-0.41661948,0.6192932,0.43343687,-0.44584796,0.49286547,0.3481818","0.1991297,0.31460452,-0.8408129","-0.29001465,-0.20087448,-0.41357204,-0.43030992,0.564253,0.36974826,-0.44584796,0.49286547,0.3481818",0.0
"-0.29001465,-0.20087448,-0.41357204,-0.43030992,0.564253,0.36974826,-0.44584796,0.49286547,0.3481818","0.03286028,0.24162304,-0.48261946","-0.28687674,-0.16765258,-0.46542022,-0.414085,0.5324846,0.34507877,-0.44584796,0.49286547,0.3481818",0.0
"-0.28687674,-0.16765258,-0.46542022,-0.414085,0.5324846,0.34507877,-0.44584796,0.49286547,0.3481818","0.13913798,0.06465578,-0.12733388","-0.2735901,-0.15876275,-0.4790998,-0.42944238,0.5071961,0.3383603,-0.44584796,0.49286547,0.3481818",0.0
"-0.2735901,-0.15876275,-0.4790998,-0.42944238,0.5071961,0.3383603,-0.44584796,0.49286547,0.3481818","0.042277813,0.037594914,0.003974557","-0.26955286,-0.15359366,-0.47867286,-0.43280336,0.4982735,0.34737346,-0.44584796,0.49286547,0.3481818",0.0
"0.0,0.0,0.0,2.8652207e-07,0.005789075,0.993462,0.07,-0.77491224,-0.23054375","0.96836305,-0.9764524,-0.9752655","0.09247164,-0.13425718,-0.10477339,-0.4031086,-0.11447387,0.8768172,0.07,-0.77491224,-0.23054375",0.0
"0.09247164,-0.13425718,-0.10477339,-0.4031086,-0.11447387,0.8768172,0.07,-0.77491224,-0.23054375","0.9922805,-0.96802413,-0.9374441","0.18722723,-0.26735556,-0.20548359,-0.61054766,-0.4002409,0.56780136,0.07,-0.77491224,-0.23054375",0.0
"0.18722723,-0.26735556,-0.20548359,-0.61054766,-0.4002409,0.56780136,0.07,-0.77491224,-0.23054375","0.99300337,-0.9263471,-0.9014843","0.28205186,-0.3947235,-0.30233058,-0.5549381,-0.67052674,0.16687734,0.07,-0.77491224,-0.23054375",0.0
"0.28205186,-0.3947235,-0.30233058,-0.5549381,-0.67052674,0.16687734,0.07,-0.77491224,-0.23054375","0.98756075,-0.88105184,-0.79750323","0.37635672,-0.51586366,-0.38800687,-0.32635474,-0.78220767,-0.21308991,0.07,-0.77491224,-0.23054375",0.0
"0.37635672,-0.51586366,-0.38800687,-0.32635474,-0.78220767,-0.21308991,0.07,-0.77491224,-0.23054375","0.9596374,-0.018453658,-0.20086318","0.46799517,-0.51840097,-0.40958574,-0.08889534,-0.82349104,-0.24464972,0.07,-0.77491224,-0.23054375",0.0
"0.46799517,-0.51840097,-0.40958574,-0.08889534,-0.82349104,-0.24464972,0.07,-0.77491224,-0.23054375","0.7987821,0.42009807,-0.44917738","0.5442731,-0.46063974,-0.45784116,0.10454794,-0.788552,-0.18738301,0.07,-0.77491224,-0.23054375",0.0
"0.5442731,-0.46063974,-0.45784116,0.10454794,-0.788552,-0.18738301,0.07,-0.77491224,-0.23054375","-0.15311754,-0.24241453,-0.1083498","0.52965146,-0.49397054,-0.46948123,0.06652652,-0.7743076,-0.26444903,0.07,-0.77491224,-0.23054375",0.0
"0.52965146,-0.49397054,-0.46948123,0.06652652,-0.7743076,-0.26444903,0.07,-0.77491224,-0.23054375","0.004800439,0.12920976,0.11494887","0.5301099,-0.4762049,-0.45713222,0.06919031,-0.79053503,-0.21672511,0.07,-0.77491224,-0.23054375",0.0
"0.5301099,-0.4762049,-0.45713222,0.06919031,-0.79053503,-0.21672511,0.07,-0.77491224,-0.23054375","0.024625897,-0.01621002,-0.13397491","0.53246146,-0.47843376,-0.47152522,0.073560506,-0.7756531,-0.23717085,0.07,-0.77491224,-0.23054375",0.0
"0.0,0.0,0.0,2.8652207e-07,0.005789075,0.993462,-0.524386,0.5781871,-0.029571943","-0.9858211,-0.975181,-0.8389424","-0.09413877,-0.13408236,-0.09012812,-0.38228124,0.12252586,0.8892289,-0.524386,0.5781871,-0.029571943",0.0
"-0.09413877,-0.13408236,-0.09012812,-0.38228124,0.12252586,0.8892289,-0.524386,0.5781871,-0.029571943","-0.96631396,-0.985444,-0.64773625","-0.18641473,-0.26957586,-0.15971482,-0.5834064,0.39389676,0.6274048,-0.524386,0.5781871,-0.029571943",0.0
"-0.18641473,-0.26957586,-0.15971482,-0.5834064,0.39389676,0.6274048,-0.524386,0.5781871,-0.029571943","-0.82486826,-0.9739957,-0.8165713","-0.2651837,-0.40349528,-0.24743958,-0.58825135,0.65583974,0.23354699,-0.524386,0.5781871,-0.029571943",0.0
"-0.2651837,-0.40349528,-0.24743958,-0.58825135,0.65583974,0.23354699,-0.524386,0.5781871,-0.029571943","0.25703144,-0.453888,-0.9506809","-0.24063903,-0.46590263,-0.3495718,-0.63363576,0.60538095,-0.056129266,-0.524386,0.5781871,-0.029571943",0.0
"-0.24063903,-0.46590263,-0.3495718,-0.63363576,0.60538095,-0.056129266,-0.524386,0.5781871,-0.029571943","-0.26614505,0.77917624,-0.78701824","-0.26605394,-0.35876995,-0.43412164,-0.5349515,0.60046476,0.043570485,-0.524386,0.5781871,-0.029571943",0.0
"-0.26605394,-0.35876995,-0.43412164,-0.5349515,0.60046476,0.043570485,-0.524386,0.5781871,-0.029571943","-0.025895417,-0.11902106,-0.46142495","-0.2685268,-0.37513477,-0.48369282,-0.5101481,0.58199006,-0.05536755,-0.524386,0.5781871,-0.029571943",0.0
"-0.2685268,-0.37513477,-0.48369282,-0.5101481,0.58199006,-0.05536755,-0.524386,0.5781871,-0.029571943","-0.021890283,-0.0033711195,0.2450428","-0.27061713,-0.37559828,-0.45736772,-0.51928777,0.6000998,-0.021493118,-0.524386,0.5781871,-0.029571943",0.0
"-0.27061713,-0.37559828,-0.45736772,-0.51928777,0.6000998,-0.021493118,-0.524386,0.5781871,-0.029571943","0.030121326,0.0458678,-0.13335818","-0.26774076,-0.36929172,-0.4716945,-0.517082,0.58687663,-0.028564675,-0.524386,0.5781871,-0.029571943",0.0
"0.0,0.0,0.0,2.8652207e-07,0.005789075,0.993462,-0.20029241,-0.8145029,0.12066658","0.9812293,-0.94538957,-0.82288486","0.093700275,-0.12998621,-0.08840303,-0.3761029,-0.10797624,0.8945674,-0.20029241,-0.8145029,0.12066658",0.0
"0.093700275,-0.12998621,-0.08840303,-0.3761029,-0.10797624,0.8945674,-0.20029241,-0.8145029,0.12066658","0.985734,-0.9323778,-0.8479771","0.18783072,-0.25818336,-0.17950174,-0.5858209,-0.38534746,0.6201479,-0.20029241,-0.8145029,0.12066658",0.0
"0.18783072,-0.25818336,-0.17950174,-0.5858209,-0.38534746,0.6201479,-0.20029241,-0.8145029,0.12066658","0.9810082,-0.90481824,-0.83320916","0.28150988,-0.38259122,-0.2690139,-0.5534294,-0.66634715,0.24442054,-0.20029241,-0.8145029,0.12066658",0.0
"0.28150988,-0.38259122,-0.2690139,-0.5534294,-0.66634715,0.24442054,-0.20029241,-0.8145029,0.12066658","0.95318043,-0.2458533,-0.6646669","0.37253168,-0.4163948,-0.3404195,-0.34411445,-0.798034,0.062775776,-0.20029241,-0.8145029,0.12066658",0.0
"0.37253168,-0.4163948,-0.3404195,-0.34411445,-0.798034,0.062775776,-0.20029241,-0.8145029,0.12066658","0.6736659,0.5723767,-0.2548229","0.4368619,-0.33769602,-0.36779526,-0.16780043,-0.80547345,0.18391825,-0.20029241,-0.8145029,0.12066658",0.0
"0.4368619,-0.33769602,-0.36779526,-0.16780043,-0.80547345,0.18391825,-0.20029241,-0.8145029,0.12066658","-0.05955559,-0.39280295,-0.013673723","0.43117476,-0.3917044,-0.36926425,-0.18761535,-0.82716465,0.07150323,-0.20029241,-0.8145029,0.12066658",0.0
"0.43117476,-0.3917044,-0.36926425,-0.18761535,-0.82716465,0.07150323,-0.20029241,-0.8145029,0.12066658","-0.047822177,0.30353677,0.05834472","0.42660812,-0.34996969,-0.36299622,-0.19556445,-0.807783,0.166502,-0.20029241,-0.8145029,0.12066658",0.0
"0.42660812,-0.34996969,-0.36299622,-0.19556445,-0.807783,0.166502,-0.20029241,-0.8145029,0.12066658","-0.014550984,-0.14080054,-0.21486914","0.42521858,-0.36932907,-0.38607976,-0.19933762,-0.8079613,0.09239912,-0.20029241,-0.8145029,0.12066658",0.0
"0.42521858,-0.36932907,-0.38607976,-0.19933762,-0.8079613,0.09239912,-0.20029241,-0.8145029,0.12066658","0.009832263,0.1872586,0.021551847","0.4261575,-0.343582,-0.38376445,-0.19440931,-0.79777575,0.14780194,-0.20029241,-0.8145029,0.12066658",0.0
"0.4261575,-0.343582,-0.38376445,-0.19440931,-0.79777575,0.14780194,-0.20029241,-0.8145029,0.12066658","0.01347363,-0.1334936,-0.049435437","0.42744416,-0.3619367,-0.3890753,-0.19269326,-0.8050646,0.10291125,-0.20029241,-0.8145029,0.12066658",0.0
"0.42744416,-0.3619367,-0.3890753,-0.19269326,-0.8050646,0.10291125,-0.20029241,-0.8145029,0.12066658","0.0036885738,0.0818578,0.06721258","0.4277964,-0.3506817,-0.38185462,-0.19126141,-0.80293465,0.13642909,-0.20029241,-0.8145029,0.12066658",0.0
"0.4277964,-0.3506817,-0.38185462,-0.19126141,-0.80293465,0.13642909,-0.20029241,-0.8145029,0.12066658","-0.0023201108,-0.07751632,-0.019889235","0.42757484,-0.3613398,-0.38399133,-0.19277309,-0.80691606,0.11170487,-0.20029241,-0.8145029,0.12066658",0.0
"0.0,0.0,0.0,2.8652207e-07,0.005789075,0.993462,0.07502925,-0.83543855,0.12066658","0.9843737,-0.9438352,-0.9291202","0.09400053,-0.12977248,-0.099815965,-0.38862544,-0.11217145,0.88552135,0.07502925,-0.83543855,0.12066658",0.0
"0.09400053,-0.12977248,-0.099815965,-0.38862544,-0.11217145,0.88552135,0.07502925,-0.83543855,0.12066658","0.9943609,-0.9501655,-0.9274906","0.18895479,-0.26041538,-0.19945684,-0.59764457,-0.3963135,0.588603,0.07502925,-0.83543855,0.12066658",0.0
"0.18895479,-0.26041538,-0.19945684,-0.59764457,-0.3963135,0.588603,0.07502925,-0.83543855,0.12066658","0.9958358,-0.82838506,-0.95441324","0.2840499,-0.37431407,-0.30199003,-0.5430854,-0.6645277,0.21044062,0.07502925,-0.83543855,0.12066658",0.0
"0.2840499,-0.37431407,-0.30199003,-0.5430854,-0.6645277,0.21044062,0.07502925,-0.83543855,0.12066658","0.9856093,-0.20344377,-0.62493646","0.3781684,-0.4022866,-0.36912736,-0.32352796,-0.7881025,0.04976278,0.07502925,-0.83543855,0.12066658",0.0
"0.3781684,-0.4022866,-0.36912736,-0.32352796,-0.7881025,0.04976278,0.07502925,-0.83543855,0.12066658","0.9270662,0.43315065,-0.0674997","0.46669647,-0.3427306,-0.37637892,-0.091715135,-0.8179879,0.16070886,0.07502925,-0.83543855,0.12066658",0.0
"0.46669647,-0.3427306,-0.37637892,-0.091715135,-0.8179879,0.16070886,0.07502925,-0.83543855,0.12066658","0.80107236,-0.24062514,-0.010396481","0.5431931,-0.37581536,-0.37749586,0.10769359,-0.83153963,0.091950364,0.07502925,-0.83543855,0.12066658",0.0
"0.5431931,-0.37581536,-0.37749586,0.10769359,-0.83153963,0.091950364,0.07502925,-0.83543855,0.12066658","-0.11989123,-0.042384148,0.29748917","0.53174436,-0.38164297,-0.3455364,0.0791445,-0.84908366,0.12805924,0.07502925,-0.83543855,0.12066658",0.0
"0.0,0.0,0.0,2.8652207e-07,0.005789075,0.993462,-0.36666667,0.85035086,-0.1823602","-0.9609752,-0.9955713,-0.080706954","-0.09176616,-0.13688594,-0.00867038,-0.2898612,0.091997795,0.94011885,-0.36666667,0.85035086,-0.1823602",0.0
"-0.09176616,-0.13688594,-0.00867038,-0.2898612,0.091997795,0.94011885,-0.36666667,0.85035086,-0.1823602","-0.9437882,-0.9947887,0.40415084","-0.18189108,-0.27366427,0.03474784,-0.432224,0.28479657,0.82942104,-0.36666667,0.85035086,-0.1823602",0.0
"-0.18189108,-0.27366427,0.03474784,-0.432224,0.28479657,0.82942104,-0.36666667,0.85035086,-0.1823602","-0.96302134,-0.98823464,-0.08047533","-0.27385262,-0.4095415,0.026102373,-0.48534203,0.57301104,0.60928136,-0.36666667,0.85035086,-0.1823602",0.0
"-0.27385262,-0.4095415,0.026102373,-0.48534203,0.57301104,0.60928136,-0.36666667,0.85035086,-0.1823602","-0.89437526,-0.9775293,-0.80158615","-0.35925898,-0.5439468,-0.060012475,-0.39976385,0.85796845,0.20898645,-0.36666667,0.85035086,-0.1823602",0.0
"-0.35925898,-0.5439468,-0.060012475,-0.39976385,0.85796845,0.20898645,-0.36666667,0.85035086,-0.1823602","-0.040457666,-0.77966106,-0.96711963","-0.3631224,-0.65114623,-0.16391069,-0.39707795,0.8796713,-0.20464967,-0.36666667,0.85035086,-0.1823602",0.0
"-0.3631224,-0.65114623,-0.16391069,-0.39707795,0.8796713,-0.20464967,-0.36666667,0.85035086,-0.1823602","0.004814863,0.53077626,-0.5457834","-0.3626626,-0.5781673,-0.22254449,-0.39057767,0.8622182,-0.12147929,-0.36666667,0.85035086,-0.1823602",0.0
"-0.3626626,-0.5781673,-0.22254449,-0.39057767,0.8622182,-0.12147929,-0.36666667,0.85035086,-0.1823602","-0.02553767,0.11764276,-0.6150688","-0.36510128,-0.56199205,-0.2886217,-0.3700947,0.8344489,-0.18019812,-0.36666667,0.85035086,-0.1823602",0.0
"0.0,0.0,0.0,2.8652207e-07,0.005789075,0.993462,-0.54368424,0.096608184,0.5050889","-0.5073298,-0.85124785,-0.8944956","-0.04844632,-0.1170422,-0.09609623,-0.36966878,0.06255855,0.9006216,-0.54368424,0.096608184,0.5050889",0.0
"-0.04844632,-0.1170422,-0.09609623,-0.36966878,0.06255855,0.9006216,-0.54368424,0.096608184,0.5050889","-0.17253059,-0.7986734,-0.88528204","-0.064921744,-0.2268557,-0.19120266,-0.648179,0.13997713,0.65647304,-0.54368424,0.096608184,0.5050889",0.0
"-0.064921744,-0.2268557,-0.19120266,-0.648179,0.13997713,0.65647304,-0.54368424,0.096608184,0.5050889","-0.009389877,0.6227958,-0.9267375","-0.065818414,-0.14122449,-0.29076266,-0.5859704,0.12883611,0.65195256,-0.54368424,0.096608184,0.5050889",0.0
"-0.065818414,-0.14122449,-0.29076266,-0.5859704,0.12883611,0.65195256,-0.54368424,0.096608184,0.5050889","-0.032868564,0.36612582,-0.8710723","-0.06895713,-0.09088408,-0.38434252,-0.56044483,0.12927559,0.5884285,-0.54368424,0.096608184,0.5050889",0.0
"-0.06895713,-0.09088408,-0.38434252,-0.56044483,0.12927559,0.5884285,-0.54368424,0.096608184,0.5050889","0.10900879,0.022233248,-0.6216625","-0.058547575,-0.08782713,-0.45112815,-0.57953596,0.113702744,0.4909476,-0.54368424,0.096608184,0.5050889",0.0
"-0.058547575,-0.08782713,-0.45112815,-0.57953596,0.113702744,0.4909476,-0.54368424,0.096608184,0.5050889","0.10451901,0.42335463,-0.35163128","-0.048566766,-0.029618055,-0.48890418,-0.51995414,0.085811846,0.5118322,-0.54368424,0.096608184,0.5050889",0.0
"-0.048566766,-0.029618055,-0.48890418,-0.51995414,0.085811846,0.5118322,-0.54368424,0.096608184,0.5050889","-0.09215796,-0.201953,0.23929977","-0.057367183,-0.05738555,-0.46319607,-0.54589534,0.10534732,0.51485646,-0.54368424,0.096608184,0.5050889",0.0
"0.0,0.0,0.0,2.8652207e-07,0.005789075,0.993462,-0.8555556,-0.0057894737,0.2833269","-0.74886394,-0.58798313,-0.9791261","-0.071511075,-0.080844656,-0.105188146,-0.3040558,0.07541995,0.9242449,-0.8555556,-0.0057894737,0.2833269",0.0
"-0.071511075,-0.080844656,-0.105188146,-0.3040558,0.07541995,0.9242449,-0.8555556,-0.0057894737,0.2833269","-0.11859769,-0.87820154,-0.8902837","-0.08283629,-0.20159286,-0.2008319,-0.6085851,0.16804309,0.68359536,-0.8555556,-0.0057894737,0.2833269",0.0
"-0.08283629,-0.20159286,-0.2008319,-0.6085851,0.16804309,0.68359536,-0.8555556,-0.0057894737,0.2833269","0.68557906,-0.95602536,-0.475775","-0.017368471,-0.33304143,-0.2519447,-0.8218304,0.050685275,0.37325355,-0.8555556,-0.0057894737,0.2833269",0.0
"-0.017368471,-0.33304143,-0.2519447,-0.8218304,0.050685275,0.37325355,-0.8555556,-0.0057894737,0.2833269","0.23232651,-0.35879946,-0.24961102","0.0048170215,-0.38237455,-0.27876055,-0.86563027,-0.007310771,0.22967061,-0.8555556,-0.0057894737,0.2833269",0.0
"0.0048170215,-0.38237455,-0.27876055,-0.86563027,-0.007310771,0.22967061,-0.8555556,-0.0057894737,0.2833269","0.09203982,0.33830893,0.07753885","0.013606154,-0.33585882,-0.2704305,-0.82834524,-0.029634431,0.33890316,-0.8555556,-0.0057894737,0.2833269",0.0
"0.013606154,-0.33585882,-0.2704305,-0.82834524,-0.029634431,0.33890316,-0.8555556,-0.0057894737,0.2833269","-0.17570823,-0.25723547,-0.14864206","-0.0031727091,-0.37122738,-0.28639922,-0.85742164,0.014336065,0.2411847,-0.8555556,-0.0057894737,0.2833269",0.0
"-0.0031727091,-0.37122738,-0.28639922,-0.85742164,0.014336065,0.2411847,-0.8555556,-0.0057894737,0.2833269","0.17862153,0.25438237,0.07916832","0.013884349,-0.33625117,-0.2778941,-0.82941234,-0.030406151,0.32648933,-0.8555556,-0.0057894737,0.2833269",0.0
"0.013884349,-0.33625117,-0.2778941,-0.82941234,-0.030406151,0.32648933,-0.8555556,-0.0057894737,0.2833269","-0.17427659,-0.19755799,-0.10318267","-0.002757803,-0.3634144,-0.28897908,-0.8517473,0.013169252,0.25344852,-0.8555556,-0.0057894737,0.2833269",0.0
"-0.002757803,-0.3634144,-0.28897908,-0.8517473,0.013169252,0.25344852,-0.8555556,-0.0057894737,0.2833269","0.16452575,0.15976024,0.0938735","0.012953209,-0.34144822,-0.2788942,-0.8340161,-0.028163748,0.31438032,-0.8555556,-0.0057894737,0.2833269",0.0
"0.012953209,-0.34144822,-0.2788942,-0.8340161,-0.028163748,0.31438032,-0.8555556,-0.0057894737,0.2833269","-0.14599764,-0.12718439,-0.07630342","-0.0009885088,-0.35893545,-0.28709152,-0.84856397,0.008424497,0.2656837,-0.8555556,-0.0057894737,0.2833269",0.0
"-0.0009885088,-0.35893545,-0.28709152,-0.84856397,0.008424497,0.2656837,-0.8555556,-0.0057894737,0.2833269","0.13533485,0.08193123,0.087449074","0.0119349845,-0.34767035,-0.27769682,-0.8392127,-0.025687542,0.30354384,-0.8555556,-0.0057894737,0.2833269",0.0
"0.0119349845,-0.34767035,-0.27769682,-0.8392127,-0.025687542,0.30354384,-0.8555556,-0.0057894737,0.2833269","-0.11485416,-0.058137834,-0.06676406","0.0009672434,-0.355664,-0.2848693,-0.84614044,0.0032183256,0.2759139,-0.8555556,-0.0057894737,0.2833269",0.0
"0.0,0.0,0.0,2.8652207e-07,0.005789075,0.993462,0.6581287,0.50491226,0.44441816","0.5866288,0.9401996,0.9884293","0.0560188,0.12927261,0.10618758,0.40359956,0.07765124,0.88064945,0.6581287,0.50491226,0.44441816",0.0
"0.0560188,0.12927261,0.10618758,0.40359956,0.07765124,0.88064945,0.6581287,0.50491226,0.44441816","0.45665777,0.92964745,0.866189","0.0996263,0.25709438,0.1992428,0.6759655,0.22484265,0.5946937,0.6581287,0.50491226,0.44441816",0.0
"0.0996263,0.25709438,0.1992428,0.6759655,0.22484265,0.5946937,0.6581287,0.50491226,0.44441816","0.5171287,0.13567042,0.58405197","0.14900833,0.2757484,0.2619879,0.6806699,0.35063973,0.46900666,0.6581287,0.50491226,0.44441816",0.0
"0.14900833,0.2757484,0.2619879,0.6806699,0.35063973,0.46900666,0.6581287,0.50491226,0.44441816","0.44583607,-0.20200127,0.35550082","0.19158246,0.24797428,0.30017957,0.61111176,0.42679194,0.46195918,0.6581287,0.50491226,0.44441816",0.0
"0.19158246,0.24797428,0.30017957,0.61111176,0.42679194,0.46195918,0.6581287,0.50491226,0.44441816","0.23353362,0.26515484,-0.60384905","0.2138832,0.28443173,0.2353077,0.5959118,0.4813906,0.49296695,0.6581287,0.50491226,0.44441816",0.0
"0.2138832,0.28443173,0.2353077,0.5959118,0.4813906,0.49296695,0.6581287,0.50491226,0.44441816","-0.06464487,0.40397835,-0.6793982","0.2077101,0.3399767,0.16231953,0.6313058,0.48974475,0.49444586,0.6581287,0.50491226,0.44441816",0.0
"0.2077101,0.3399767,0.16231953,0.6313058,0.48974475,0.49444586,0.6581287,0.50491226,0.44441816","0.013245821,0.16739547,-0.15187228","0.20897497,0.36299276,0.14600378,0.6441805,0.50367343,0.4727728,0.6581287,0.50491226,0.44441816",0.0
"0.20897497,0.36299276,0.14600378,0.6441805,0.50367343,0.4727728,0.6581287,0.50491226,0.44441816","-0.06125468,0.025737643,0.05826783","0.2031256,0.36653158,0.15226352,0.659022,0.49597463,0.4565337,0.6581287,0.50491226,0.44441816",0.0
"0.0,0.0,0.0,2.8652207e-07,0.005789075,0.993462,-0.5571345,0.1851462,0.5930222","-0.8663228,-0.8747341,-0.82444096","-0.08272755,-0.120271444,-0.08857021,-0.35818604,0.10123601,0.9034834,-0.5571345,0.1851462,0.5930222",0.0
"-0.08272755,-0.120271444,-0.08857021,-0.35818604,0.10123601,0.9034834,-0.5571345,0.1851462,0.5930222","-0.25497723,-0.83270615,-0.8334332","-0.10707603,-0.23476428,-0.17810646,-0.62629294,0.22513497,0.6610684,-0.5571345,0.1851462,0.5930222",0.0
"-0.10707603,-0.23476428,-0.17810646,-0.62629294,0.22513497,0.6610684,-0.5571345,0.1851462,0.5930222","-0.39790082,0.812855,-0.8759631","-0.14507267,-0.12300091,-0.27221176,-0.49966377,0.2513722,0.7031847,-0.5571345,0.1851462,0.5930222",0.0
"-0.14507267,-0.12300091,-0.27221176,-0.49966377,0.2513722,0.7031847,-0.5571345,0.1851462,0.5930222","0.20791256,-0.24489796,-0.61999094","-0.12521853,-0.15667313,-0.3388178,-0.5942438,0.25289017,0.5584979,-0.5571345,0.1851462,0.5930222",0.0
"-0.12521853,-0.15667313,-0.3388178,-0.5942438,0.25289017,0.5584979,-0.5571345,0.1851462,0.5930222","-0.19990122,0.6782305,-0.45304048","-0.14430766,-0.06341994,-0.3874883,-0.4809233,0.24074662,0.6210626,-0.5571345,0.1851462,0.5930222",0.0
"-0.14430766,-0.06341994,-0.3874883,-0.4809233,0.24074662,0.6210626,-0.5571345,0.1851462,0.5930222","0.08266592,-0.41107035,0.30648124","-0.13641366,-0.11994,-0.35456285,-0.5457212,0.2556914,0.59096813,-0.5571345,0.1851462,0.5930222",0.0
"-0.13641366,-0.11994,-0.35456285,-0.5457212,0.2556914,0.59096813,-0.5571345,0.1851462,0.5930222","-0.012103081,0.27680957,-0.24868834","-0.13756943,-0.08188011,-0.38127962,-0.50721985,0.2403415,0.60545665,-0.5571345,0.1851462,0.5930222",0.0
"-0.13756943,-0.08188011,-0.38127962,-0.50721985,0.2403415,0.60545665,-0.5571345,0.1851462,0.5930222","0.1146394,-0.14662331,0.10401225","-0.12662219,-0.10204006,-0.3701056,-0.53667873,0.23179078,0.5938333,-0.5571345,0.1851462,0.5930222",0.0
"-0.12662219,-0.10204006,-0.3701056,-0.53667873,0.23179078,0.5938333,-0.5571345,0.1851462,0.5930222","0.043472767,0.09502697,-0.07893169","-0.122470856,-0.08897434,-0.3785853,-0.52618384,0.2193166,0.5996558,-0.5571345,0.1851462,0.5930222",0.0
"-0.122470856,-0.08897434,-0.3785853,-0.52618384,0.2193166,0.5996558,-0.5571345,0.1851462,0.5930222","0.06352699,-0.06836218,0.05339396","-0.11640449,-0.09837379,-0.37284923,-0.5401891,0.2130482,0.59497136,-0.5571345,0.1851462,0.5930222",0.0
"-0.11640449,-0.09837379,-0.37284923,-0.5401891,0.2130482,0.59497136,-0.5571345,0.1851462,0.5930222","0.05873561,0.040840745,-0.034978032","-0.11079566,-0.0927584,-0.37660697,-0.53803414,0.20138365,0.59730697,-0.5571345,0.1851462,0.5930222",0.0
"-0.11079566,-0.0927584,-0.37660697,-0.53803414,0.20138365,0.59730697,-0.5571345,0.1851462,0.5930222","0.026980877,-0.050575137,0.060414076","-0.10821919,-0.09971223,-0.37011668,-0.5461243,0.1993135,0.59712684,-0.5571345,0.1851462,0.5930222",0.0
"-0.10821919,-0.09971223,-0.37011668,-0.5461243,0.1993135,0.59712684,-0.5571345,0.1851462,0.5930222","0.032506347,0.017074466,-0.024883807","-0.10511506,-0.09736459,-0.37279,-0.54604983,0.1932954,0.596487,-0.5571345,0.1851462,0.5930222",0.0
"0.0,0.0,0.0,2.8652207e-07,0.005789075,0.993462,-0.685731,0.22929823,0.53209","-0.9298941,-0.9284167,-0.71623695","-0.08879814,-0.12765253,-0.07694578,-0.3566688,0.108185165,0.9055022,-0.685731,0.22929823,0.53209",0.0
"-0.08879814,-0.12765253,-0.07694578,-0.3566688,0.108185165,0.9055022,-0.685731,0.22929823,0.53209","-0.6166692,-0.91185474,-0.69921875","-0.14768557,-0.2530279,-0.15206328,-0.5997053,0.30656707,0.6652939,-0.685731,0.22929823,0.53209",0.0
"-0.14768557,-0.2530279,-0.15206328,-0.5997053,0.30656707,0.6652939,-0.685731,0.22929823,0.53209","0.37838054,-0.41263187,-0.6653887","-0.111552976,-0.30976266,-0.2235464,-0.74086285,0.27698174,0.46249327,-0.685731,0.22929823,0.53209",0.0
"-0.111552976,-0.30976266,-0.2235464,-0.74086285,0.27698174,0.46249327,-0.685731,0.22929823,0.53209","-0.23576188,0.8613465,-0.6452037","-0.13406652,-0.19133197,-0.29286107,-0.6113354,0.28021735,0.57108396,-0.685731,0.22929823,0.53209",0.0
"-0.13406652,-0.19133197,-0.29286107,-0.6113354,0.28021735,0.57108396,-0.685731,0.22929823,0.53209","0.13864052,-0.41679496,0.19372487","-0.12082737,-0.24863914,-0.2720491,-0.6825736,0.2785376,0.50349987,-0.685731,0.22929823,0.53209",0.0
"-0.12082737,-0.24863914,-0.2720491,-0.6825736,0.2785376,0.50349987,-0.685731,0.22929823,0.53209","0.009819865,0.4207157,-0.2412517","-0.11988964,-0.19079292,-0.29796696,-0.6246762,0.2533021,0.56442654,-0.685731,0.22929823,0.53209",0.0
"-0.11988964,-0.19079292,-0.29796696,-0.6246762,0.2533021,0.56442654,-0.685731,0.22929823,0.53209","0.063453436,-0.42356038,0.2796328","-0.1138303,-0.2490303,-0.26792586,-0.6875184,0.263089,0.5089931,-0.685731,0.22929823,0.53209",0.0
"-0.1138303,-0.2490303,-0.26792586,-0.6875184,0.263089,0.5089931,-0.685731,0.22929823,0.53209","0.0797801,0.40021694,-0.26739812","-0.10621188,-0.19400255,-0.29665262,-0.638463,0.22744142,0.56108195,-0.685731,0.22929823,0.53209",0.0
"-0.10621188,-0.19400255,-0.29665262,-0.638463,0.22744142,0.56108195,-0.685731,0.22929823,0.53209","-0.054566145,-0.35742712,0.20094085","-0.11142255,-0.24314696,-0.27506545,-0.6852763,0.25634328,0.508802,-0.685731,0.22929823,0.53209",0.0
"-0.11142255,-0.24314696,-0.27506545,-0.6852763,0.25634328,0.508802,-0.685731,0.22929823,0.53209","0.120508194,0.34787095,-0.2143951","-0.09991489,-0.19531651,-0.2980981,-0.6450841,0.21549681,0.5567612,-0.685731,0.22929823,0.53209",0.0
"-0.09991489,-0.19531651,-0.2980981,-0.6450841,0.21549681,0.5567612,-0.685731,0.22929823,0.53209","-0.097157,-0.27156824,0.10816085","-0.10919268,-0.23265576,-0.2864783,-0.6789246,0.2486326,0.5102337,-0.685731,0.22929823,0.53209",0.0
"-0.10919268,-0.23265576,-0.2864783,-0.6789246,0.2486326,0.5102337,-0.685731,0.22929823,0.53209","0.1313734,0.24123824,-0.10320461","-0.09664747,-0.19948675,-0.29756567,-0.6522632,0.21043077,0.5506078,-0.685731,0.22929823,0.53209",0.0
"-0.09664747,-0.19948675,-0.29756567,-0.6522632,0.21043077,0.5506078,-0.685731,0.22929823,0.53209","-0.11626196,-0.1802842,0.038702726","-0.10774964,-0.22427492,-0.29340786,-0.67268896,0.24296233,0.5144893,-0.685731,0.22929823,0.53209",0.0
"-0.10774964,-0.22427492,-0.29340786,-0.67268896,0.24296233,0.5144893,-0.685731,0.22929823,0.53209","0.114846826,0.13502443,-0.0011957884","-0.0967826,-0.20570977,-0.29353634,-0.658292,0.21262757,0.54615813,-0.685731,0.22929823,0.53209",0.0
"-0.0967826,-0.20570977,-0.29353634,-0.658292,0.21262757,0.54615813,-0.685731,0.22929823,0.53209","-0.083028615,-0.11620414,-0.004658103","-0.104711235,-0.22168726,-0.29403678,-0.67216295,0.23556939,0.5180467,-0.685731,0.22929823,0.53209",0.0
"-0.104711235,-0.22168726,-0.29403678,-0.67216295,0.23556939,0.5180467,-0.685731,0.22929823,0.53209","0.070340514,0.096398234,0.021237254","-0.09799422,-0.208433,-0.29175526,-0.66013205,0.21597551,0.54420835,-0.685731,0.22929823,0.53209",0.0
"-0.09799422,-0.208433,-0.29175526,-0.66013205,0.21597551,0.54420835,-0.685731,0.22929823,0.53209","-0.055178165,-0.09814793,-0.007362604","-0.10326334,-0.22192785,-0.29254624,-0.6729889,0.23242924,0.51987255,-0.685731,0.22929823,0.53209",0.0
"0.0,0.0,0.0,2.8652207e-07,0.005789075,0.993462,-0.74169594,0.4079532,-0.31978464","-0.95751655,-0.9850327,-0.9768097","-0.09143589,-0.13543694,-0.104939274,-0.40257832,0.124968335,0.87546456,-0.74169594,0.4079532,-0.31978464",0.0
"-0.09143589,-0.13543694,-0.104939274,-0.40257832,0.124968335,0.87546456,-0.74169594,0.4079532,-0.31978464","-0.6520495,-0.9919663,-0.9397985","-0.15370189,-0.2718272,-0.2059024,-0.6493379,0.34696066,0.5592045,-0.74169594,0.4079532,-0.31978464",0.0
"-0.15370189,-0.2718272,-0.2059024,-0.6493379,0.34696066,0.5592045,-0.74169594,0.4079532,-0.31978464","0.0041228533,-0.97849154,-0.91526884","-0.15330818,-0.40636477,-0.3042303,-0.77377206,0.41097385,0.13914728,-0.74169594,0.4079532,-0.31978464",0.0
"-0.15330818,-0.40636477,-0.3042303,-0.77377206,0.41097385,0.13914728,-0.74169594,0.4079532,-0.31978464","0.1149981,-0.88019866,-0.9081464","-0.1423267,-0.5273876,-0.40179297,-0.74859524,0.36539033,-0.25357774,-0.74169594,0.4079532,-0.31978464",0.0
"-0.1423267,-0.5273876,-0.40179297,-0.74859524,0.36539033,-0.25357774,-0.74169594,0.4079532,-0.31978464","-0.26759928,-0.37508374,-0.03158915","-0.16788048,-0.5789597,-0.4051866,-0.6975686,0.4129965,-0.36090526,-0.74169594,0.4079532,-0.31978464",0.0
"-0.16788048,-0.5789597,-0.4051866,-0.6975686,0.4129965,-0.36090526,-0.74169594,0.4079532,-0.31978464","0.21098888,-0.13651466,0.49588454","-0.14773257,-0.5977298,-0.35191336,-0.7609596,0.38740024,-0.3393599,-0.74169594,0.4079532,-0.31978464",0.0
"-0.14773257,-0.5977298,-0.35191336,-0.7609596,0.38740024,-0.3393599,-0.74169594,0.4079532,-0.31978464","-0.023485005,0.21566105,-0.07656765","-0.14997521,-0.56807756,-0.360139,-0.7617304,0.39454463,-0.28729916,-0.74169594,0.4079532,-0.31978464",0.0
"-0.14997521,-0.56807756,-0.360139,-0.7617304,0.39454463,-0.28729916,-0.74169594,0.4079532,-0.31978464","-0.037146866,-0.047316313,-0.2012868","-0.15352248,-0.57458335,-0.38176334,-0.7376948,0.39275143,-0.32629508,-0.74169594,0.4079532,-0.31978464",0.0
"0.0,0.0,0.0,2.8652207e-07,0.005789075,0.993462,-0.8555556,-0.0057894737,0.2833269","-0.74886394,-0.58798313,-0.9791261","-0.071511075,-0.080844656,-0.105188146,-0.3040558,0.07541995,0.9242449,-0.8555556,-0.0057894737,0.2833269",0.0
"-0.071511075,-0.080844656,-0.105188146,-0.3040558,0.07541995,0.9242449,-0.8555556,-0.0057894737,0.2833269","-0.11859769,-0.87820154,-0.8902837","-0.08283629,-0.20159286,-0.2008319,-0.6085851,0.16804309,0.68359536,-0.8555556,-0.0057894737,0.2833269",0.0
"-0.08283629,-0.20159286,-0.2008319,-0.6085851,0.16804309,0.68359536,-0.8555556,-0.0057894737,0.2833269","0.68557906,-0.95602536,-0.475775","-0.017368471,-0.33304143,-0.2519447,-0.8218304,0.050685275,0.37325355,-0.8555556,-0.0057894737,0.2833269",0.0
"-0.017368471,-0.33304143,-0.2519447,-0.8218304,0.050685275,0.37325355,-0.8555556,-0.0057894737,0.2833269","0.23232651,-0.35879946,-0.24961102","0.0048170215,-0.38237455,-0.27876055,-0.86563027,-0.007310771,0.22967061,-0.8555556,-0.0057894737,0.2833269",0.0
"0.0048170215,-0.38237455,-0.27876055,-0.86563027,-0.007310771,0.22967061,-0.8555556,-0.0057894737,0.2833269","0.09203982,0.33830893,0.07753885","0.013606154,-0.33585882,-0.2704305,-0.82834524,-0.029634431,0.33890316,-0.8555556,-0.0057894737,0.2833269",0.0
"0.013606154,-0.33585882,-0.2704305,-0.82834524,-0.029634431,0.33890316,-0.8555556,-0.0057894737,0.2833269","-0.17570823,-0.25723547,-0.14864206","-0.0031727091,-0.37122738,-0.28639922,-0.85742164,0.014336065,0.2411847,-0.8555556,-0.0057894737,0.2833269",0.0
"-0.0031727091,-0.37122738,-0.28639922,-0.85742164,0.014336065,0.2411847,-0.8555556,-0.0057894737,0.2833269","0.17862153,0.25438237,0.07916832","0.013884349,-0.33625117,-0.2778941,-0.82941234,-0.030406151,0.32648933,-0.8555556,-0.0057894737,0.2833269",0.0
"0.013884349,-0.33625117,-0.2778941,-0.82941234,-0.030406151,0.32648933,-0.8555556,-0.0057894737,0.2833269","-0.17427659,-0.19755799,-0.10318267","-0.002757803,-0.3634144,-0.28897908,-0.8517473,0.013169252,0.25344852,-0.8555556,-0.0057894737,0.2833269",0.0
"-0.002757803,-0.3634144,-0.28897908,-0.8517473,0.013169252,0.25344852,-0.8555556,-0.0057894737,0.2833269","0.16452575,0.15976024,0.0938735","0.012953209,-0.34144822,-0.2788942,-0.8340161,-0.028163748,0.31438032,-0.8555556,-0.0057894737,0.2833269",0.0
"0.012953209,-0.34144822,-0.2788942,-0.8340161,-0.028163748,0.31438032,-0.8555556,-0.0057894737,0.2833269","-0.14599764,-0.12718439,-0.07630342","-0.0009885088,-0.35893545,-0.28709152,-0.84856397,0.008424497,0.2656837,-0.8555556,-0.0057894737,0.2833269",0.0
"-0.0009885088,-0.35893545,-0.28709152,-0.84856397,0.008424497,0.2656837,-0.8555556,-0.0057894737,0.2833269","0.13533485,0.08193123,0.087449074","0.0119349845,-0.34767035,-0.27769682,-0.8392127,-0.025687542,0.30354384,-0.8555556,-0.0057894737,0.2833269",0.0
"0.0119349845,-0.34767035,-0.27769682,-0.8392127,-0.025687542,0.30354384,-0.8555556,-0.0057894737,0.2833269","-0.11485416,-0.058137834,-0.06676406","0.0009672434,-0.355664,-0.2848693,-0.84614044,0.0032183256,0.2759139,-0.8555556,-0.0057894737,0.2833269",0.0
"0.0,0.0,0.0,2.8652207e-07,0.005789075,0.993462,0.5966667,-0.31631577,0.021030586","-0.8738866,0.9944123,0.94231796","-0.08344981,0.13672657,0.10123381,0.40683863,-0.10317801,0.87733436,0.5966667,-0.31631577,0.021030586",0.0
"-0.08344981,0.13672657,0.10123381,0.40683863,-0.10317801,0.87733436,0.5966667,-0.31631577,0.021030586","-0.88467216,0.9725182,0.97682357","-0.16792957,0.27044284,0.20617457,0.63756126,-0.36477706,0.561297,0.5966667,-0.31631577,0.021030586",0.0
"-0.16792957,0.27044284,0.20617457,0.63756126,-0.36477706,0.561297,0.5966667,-0.31631577,0.021030586","-0.40818465,0.8889998,0.97871995","-0.20690826,0.3926758,0.31131905,0.69403756,-0.5203633,0.15733452,0.5966667,-0.31631577,0.021030586",0.0
"-0.20690826,0.3926758,0.31131905,0.69403756,-0.5203633,0.15733452,0.5966667,-0.31631577,0.021030586","0.7275053,-0.2161181,0.91955113","-0.13743678,0.36296067,0.41010702,0.7458192,-0.33727378,0.06986399,0.5966667,-0.31631577,0.021030586",0.0
"-0.13743678,0.36296067,0.41010702,0.7458192,-0.33727378,0.06986399,0.5966667,-0.31631577,0.021030586","-0.30210292,-0.5089839,0.8724593","-0.16628543,0.29297805,0.50383586,0.64363474,-0.36389574,0.069547996,0.5966667,-0.31631577,0.021030586",0.0
"-0.16628543,0.29297805,0.50383586,0.64363474,-0.36389574,0.069547996,0.5966667,-0.31631577,0.021030586","0.23882544,-0.2859757,0.5292785","-0.14347932,0.25365788,0.5606966,0.6203817,-0.29382423,0.060596086,0.5966667,-0.31631577,0.021030586",0.0
"-0.14347932,0.25365788,0.5606966,0.6203817,-0.29382423,0.060596086,0.5966667,-0.31631577,0.021030586","-0.093435764,-0.16448385,0.24467647","-0.15240176,0.23104224,0.58698237,0.5875437,-0.29845196,0.06295643,0.5966667,-0.31631577,0.021030586",0.0
"-0.15240176,0.23104224,0.58698237,0.5875437,-0.29845196,0.06295643,0.5966667,-0.31631577,0.021030586","-0.085673034,0.10517788,-0.08508015","-0.16058291,0.2455037,0.5778422,0.5900891,-0.31920046,0.051470138,0.5966667,-0.31631577,0.021030586",0.0
"-0.16058291,0.2455037,0.5778422,0.5900891,-0.31920046,0.051470138,0.5966667,-0.31631577,0.021030586","0.03907895,0.072817564,-0.0485512","-0.15685116,0.25551575,0.5726263,0.6001525,-0.31567627,0.04179805,0.5966667,-0.31631577,0.021030586",0.0
"-0.15685116,0.25551575,0.5726263,0.6001525,-0.31567627,0.04179805,0.5966667,-0.31631577,0.021030586","0.0370512,-0.01423049,0.042944312","-0.15331303,0.25355917,0.5772398,0.5999117,-0.30704534,0.039040424,0.5966667,-0.31631577,0.021030586",0.0
"-0.15331303,0.25355917,0.5772398,0.5999117,-0.30704534,0.039040424,0.5966667,-0.31631577,0.021030586","-0.006518841,-0.013351262,0.032223463","-0.15393554,0.25172347,0.5807016,0.59640795,-0.30669388,0.03758258,0.5966667,-0.31631577,0.021030586",0.0
"-0.15393554,0.25172347,0.5807016,0.59640795,-0.30669388,0.03758258,0.5966667,-0.31631577,0.021030586","-0.009290874,0.013216257,-0.003047645","-0.15482274,0.2535407,0.5803742,0.59626323,-0.3087319,0.03502957,0.5966667,-0.31631577,0.021030586",0.0
"0.0,0.0,0.0,2.8652207e-07,0.005789075,0.993462,0.20216376,-0.8219883,-0.31978464","0.30169773,-0.86323017,-0.9773276","0.028809939,-0.11868971,-0.10499492,-0.387743,-0.029377447,0.8919703,0.20216376,-0.8219883,-0.31978464",0.0
"0.028809939,-0.11868971,-0.10499492,-0.387743,-0.029377447,0.8919703,0.20216376,-0.8219883,-0.31978464","0.9683578,-0.87774765,-0.90985215","0.12128108,-0.23937552,-0.20274091,-0.64217955,-0.25101516,0.62011784,0.20216376,-0.8219883,-0.31978464",0.0
"0.12128108,-0.23937552,-0.20274091,-0.64217955,-0.25101516,0.62011784,0.20216376,-0.8219883,-0.31978464","0.98855996,-0.9319186,-0.7098192","0.21568139,-0.36750954,-0.27899724,-0.66982865,-0.53156257,0.26050073,0.20216376,-0.8219883,-0.31978464",0.0
"0.21568139,-0.36750954,-0.27899724,-0.66982865,-0.53156257,0.26050073,0.20216376,-0.8219883,-0.31978464","0.99626875,-0.92951673,-0.7700994","0.31081784,-0.49531338,-0.36172947,-0.49189302,-0.7174781,-0.13570742,0.20216376,-0.8219883,-0.31978464",0.0
"0.31081784,-0.49531338,-0.36172947,-0.49189302,-0.7174781,-0.13570742,0.20216376,-0.8219883,-0.31978464","0.99108815,-0.7841737,-0.11047882","0.40545958,-0.60313326,-0.37359825,-0.24863662,-0.7926038,-0.3751725,0.20216376,-0.8219883,-0.31978464",0.0
"0.40545958,-0.60313326,-0.37359825,-0.24863662,-0.7926038,-0.3751725,0.20216376,-0.8219883,-0.31978464","0.9705744,0.024105072,0.323295","0.49814236,-0.599819,-0.3388664,-0.010832968,-0.8646856,-0.32816532,0.20216376,-0.8219883,-0.31978464",0.0
"0.49814236,-0.599819,-0.3388664,-0.010832968,-0.8646856,-0.32816532,0.20216376,-0.8219883,-0.31978464","0.83989763,0.1114676,-0.15478241","0.5783465,-0.58449286,-0.35549477,0.20296891,-0.8316577,-0.31600496,0.20216376,-0.8219883,-0.31978464",0.0
"0.0,0.0,0.0,2.8652207e-07,0.005789075,0.993462,-0.06783626,-0.74830407,0.49050963","0.9923723,-0.98407024,-0.45226467","0.09476434,-0.13530459,-0.048587065,-0.33880448,-0.09790002,0.91846603,-0.06783626,-0.74830407,0.49050963",0.0
"0.09476434,-0.13530459,-0.048587065,-0.33880448,-0.09790002,0.91846603,-0.06783626,-0.74830407,0.49050963","0.9940382,-0.97926813,-0.57467693","0.18968777,-0.26994893,-0.11032496,-0.55384886,-0.368608,0.69013554,-0.06783626,-0.74830407,0.49050963",0.0
"0.18968777,-0.26994893,-0.11032496,-0.55384886,-0.368608,0.69013554,-0.06783626,-0.74830407,0.49050963","0.98525167,-0.7728693,-0.94808346","0.28377217,-0.37621453,-0.21217816,-0.5419094,-0.66187954,0.34621352,-0.06783626,-0.74830407,0.49050963",0.0
"0.28377217,-0.37621453,-0.21217816,-0.5419094,-0.66187954,0.34621352,-0.06783626,-0.74830407,0.49050963","0.9658294,0.35860395,-0.67484105","0.37600186,-0.32690835,-0.28467673,-0.31766227,-0.75854564,0.3347499,-0.06783626,-0.74830407,0.49050963",0.0
"0.37600186,-0.32690835,-0.28467673,-0.31766227,-0.75854564,0.3347499,-0.06783626,-0.74830407,0.49050963","0.84499574,0.44841385,-0.34000438","0.4566928,-0.26525378,-0.32120365,-0.10990494,-0.76015246,0.39757857,-0.06783626,-0.74830407,0.49050963",0.0
"0.4566928,-0.26525378,-0.32120365,-0.10990494,-0.76015246,0.39757857,-0.06783626,-0.74830407,0.49050963","0.0687691,0.56526756,-0.24355924","0.46325976,-0.18753241,-0.34736937,-0.08492002,-0.6822109,0.49531767,-0.06783626,-0.74830407,0.49050963",0.0
"0.46325976,-0.18753241,-0.34736937,-0.08492002,-0.6822109,0.49531767,-0.06783626,-0.74830407,0.49050963","0.42583287,-0.40980047,0.46237397","0.5039237,-0.2438779,-0.2976963,0.0033356019,-0.74001586,0.47318023,-0.06783626,-0.74830407,0.49050963",0.0
"0.5039237,-0.2438779,-0.2976963,0.0033356019,-0.74001586,0.47318023,-0.06783626,-0.74830407,0.49050963","-0.22375679,-0.25840735,0.36951685","0.48255658,-0.27940762,-0.25799888,-0.047871962,-0.767053,0.46820953,-0.06783626,-0.74830407,0.49050963",0.0
"0.48255658,-0.27940762,-0.25799888,-0.047871962,-0.767053,0.46820953,-0.06783626,-0.74830407,0.49050963","-0.11335647,0.20008373,-0.21514797","0.47173187,-0.25189716,-0.2811124,-0.07177118,-0.74079823,0.48391423,-0.06783626,-0.74830407,0.49050963",0.0
"0.0,0.0,0.0,2.8652207e-07,0.005789075,0.993462,-0.81163746,0.44584793,-0.1823602","-0.9878803,-0.9850389,-0.93627","-0.094335414,-0.13543779,-0.10058407,-0.39656806,0.12714773,0.8792034,-0.81163746,0.44584793,-0.1823602",0.0
"-0.094335414,-0.13543779,-0.10058407,-0.39656806,0.12714773,0.8792034,-0.81163746,0.44584793,-0.1823602","-0.8763269,-0.98934007,-0.92783964","-0.17801827,-0.27146697,-0.20026244,-0.61789197,0.3935818,0.5679203,-0.81163746,0.44584793,-0.1823602",0.0
"-0.17801827,-0.27146697,-0.20026244,-0.61789197,0.3935818,0.5679203,-0.81163746,0.44584793,-0.1823602","-0.084350646,-0.98793316,-0.7637501","-0.18607315,-0.4073027,-0.2823126,-0.7313199,0.49086782,0.17102954,-0.81163746,0.44584793,-0.1823602",0.0
"-0.18607315,-0.4073027,-0.2823126,-0.7313199,0.49086782,0.17102954,-0.81163746,0.44584793,-0.1823602","0.17911756,-0.9336881,-0.7498207","-0.16896874,-0.53568006,-0.36286625,-0.74235034,0.44249874,-0.22263674,-0.81163746,0.44584793,-0.1823602",0.0
"-0.16896874,-0.53568006,-0.36286625,-0.74235034,0.44249874,-0.22263674,-0.81163746,0.44584793,-0.1823602","0.14373183,-0.32172066,0.6536424","-0.15524338,-0.5799151,-0.292645,-0.79873437,0.43024468,-0.22554083,-0.81163746,0.44584793,-0.1823602",0.0
"-0.15524338,-0.5799151,-0.292645,-0.79873437,0.43024468,-0.22554083,-0.81163746,0.44584793,-0.1823602","0.045361638,0.1392821,0.21238053","-0.15091167,-0.56076455,-0.2698288,-0.8194086,0.42697793,-0.15083387,-0.81163746,0.44584793,-0.1823602",0.0
"-0.15091167,-0.56076455,-0.2698288,-0.8194086,0.42697793,-0.15083387,-0.81163746,0.44584793,-0.1823602","-0.038199544,-0.057864666,-0.1927234","-0.15455946,-0.5687207,-0.29053319,-0.8027106,0.43013886,-0.19782136,-0.81163746,0.44584793,-0.1823602",0.0
"-0.15455946,-0.5687207,-0.29053319,-0.8027106,0.43013886,-0.19782136,-0.81163746,0.44584793,-0.1823602","0.010074854,0.031618237,0.10610461","-0.15359738,-0.56437343,-0.27913427,-0.81077886,0.43125826,-0.17218648,-0.81163746,0.44584793,-0.1823602",0.0
"0.0,0.0,0.0,2.8652207e-07,0.005789075,0.993462,-0.854503,-0.13672514,-0.0990687","0.21647608,-0.9350001,-0.96834886","0.02067189,-0.1285577,-0.104030326,-0.40655476,-0.020638626,0.88319373,-0.854503,-0.13672514,-0.0990687",0.0
"0.02067189,-0.1285577,-0.104030326,-0.40655476,-0.020638626,0.88319373,-0.854503,-0.13672514,-0.0990687","0.40929973,-0.98540527,-0.80996245","0.05975704,-0.26404586,-0.19104509,-0.7054485,-0.12812093,0.59405714,-0.854503,-0.13672514,-0.0990687",0.0
"0.05975704,-0.26404586,-0.19104509,-0.7054485,-0.12812093,0.59405714,-0.854503,-0.13672514,-0.0990687","-0.2539633,-0.95599407,-0.8576367","0.035505384,-0.39549017,-0.28318152,-0.8689263,-0.091501616,0.19495732,-0.854503,-0.13672514,-0.0990687",0.0
"0.035505384,-0.39549017,-0.28318152,-0.8689263,-0.091501616,0.19495732,-0.854503,-0.13672514,-0.0990687","0.35926604,-0.8406559,-0.8233113","0.069812685,-0.51107603,-0.37163037,-0.8420104,-0.18175994,-0.18216312,-0.854503,-0.13672514,-0.0990687",0.0
"0.069812685,-0.51107603,-0.37163037,-0.8420104,-0.18175994,-0.18216312,-0.854503,-0.13672514,-0.0990687","-0.18983072,0.44241714,0.14787841","0.05168523,-0.45024604,-0.3557437,-0.8600826,-0.13502942,-0.03159142,-0.854503,-0.13672514,-0.0990687",0.0
"0.05168523,-0.45024604,-0.3557437,-0.8600826,-0.13502942,-0.03159142,-0.854503,-0.13672514,-0.0990687","0.030572772,-0.2596482,-0.267204","0.054604705,-0.4859464,-0.3844496,-0.84241074,-0.14007097,-0.1464001,-0.854503,-0.13672514,-0.0990687",0.0
"0.054604705,-0.4859464,-0.3844496,-0.84241074,-0.14007097,-0.1464001,-0.854503,-0.13672514,-0.0990687","0.058925033,0.11010635,0.27574468","0.060231622,-0.47080737,-0.35482615,-0.85923594,-0.15866153,-0.074038215,-0.854503,-0.13672514,-0.0990687",0.0
"0.060231622,-0.47080737,-0.35482615,-0.85923594,-0.15866153,-0.074038215,-0.854503,-0.13672514,-0.0990687","-0.061859787,0.00063335896,-0.20756012","0.05432446,-0.47072032,-0.3771245,-0.8479066,-0.14025527,-0.10474874,-0.854503,-0.13672514,-0.0990687",0.0
"0.0,0.0,0.0,2.8652207e-07,0.005789075,0.993462,-0.44116962,-0.0057894737,0.60727465","0.15737057,-0.8366334,-0.9358408","0.015027742,-0.115032785,-0.10053796,-0.37610057,-0.011973871,0.89897114,-0.44116962,-0.0057894737,0.60727465",0.0
"0.015027742,-0.115032785,-0.10053796,-0.37610057,-0.011973871,0.89897114,-0.44116962,-0.0057894737,0.60727465","-0.049031556,-0.6596025,-0.9435912","0.010345582,-0.20572475,-0.20190856,-0.63841945,-0.014964656,0.67577547,-0.44116962,-0.0057894737,0.60727465",0.0
"0.010345582,-0.20572475,-0.20190856,-0.63841945,-0.014964656,0.67577547,-0.44116962,-0.0057894737,0.60727465","0.21959245,0.7476976,-0.9802517","0.031315066,-0.102920175,-0.30721766,-0.5494969,-0.048416834,0.6828571,-0.44116962,-0.0057894737,0.60727465",0.0
"0.031315066,-0.102920175,-0.30721766,-0.5494969,-0.048416834,0.6828571,-0.44116962,-0.0057894737,0.60727465","-0.08009094,0.46093202,-0.91073036","0.023666963,-0.039544396,-0.405058,-0.5107017,-0.032236625,0.6258785,-0.44116962,-0.0057894737,0.60727465",0.0
"0.023666963,-0.039544396,-0.405058,-0.5107017,-0.032236625,0.6258785,-0.44116962,-0.0057894737,0.60727465","-0.04662335,0.37723613,-0.6187629","0.019214772,0.012323633,-0.47153214,-0.46661136,-0.022401586,0.5892593,-0.44116962,-0.0057894737,0.60727465",0.0
"0.019214772,0.012323633,-0.47153214,-0.46661136,-0.022401586,0.5892593,-0.44116962,-0.0057894737,0.60727465","-0.055468857,0.2549231,-0.1299892","0.0139179025,0.047374256,-0.48549703,-0.42372704,-0.012744269,0.606526,-0.44116962,-0.0057894737,0.60727465",0.0
"0.0139179025,0.047374256,-0.48549703,-0.42372704,-0.012744269,0.606526,-0.44116962,-0.0057894737,0.60727465","-0.08343595,-0.1496216,0.23489809","0.005950376,0.026802069,-0.46026185,-0.441857,-0.0024706626,0.6220531,-0.44116962,-0.0057894737,0.60727465",0.0
"0.0,0.0,0.0,2.8652207e-07,0.005789075,0.993462,-0.46362576,0.69900584,0.12066658","-0.98975253,-0.99144036,-0.58331734","-0.09451419,-0.13631794,-0.06266614,-0.3543559,0.114476554,0.9079783,-0.46362576,0.69900584,0.12066658",0.0
"-0.09451419,-0.13631794,-0.06266614,-0.3543559,0.114476554,0.9079783,-0.46362576,0.69900584,0.12066658","-0.9841934,-0.98603314,0.093456626","-0.18849753,-0.27189243,-0.052626017,-0.5057828,0.34722897,0.7528009,-0.46362576,0.69900584,0.12066658",0.0
"-0.18849753,-0.27189243,-0.052626017,-0.5057828,0.34722897,0.7528009,-0.46362576,0.69900584,0.12066658","-0.9656538,-0.97815245,-0.56699884","-0.28071046,-0.40638342,-0.11353903,-0.535657,0.659558,0.43177027,-0.46362576,0.69900584,0.12066658",0.0
"-0.28071046,-0.40638342,-0.11353903,-0.535657,0.659558,0.43177027,-0.46362576,0.69900584,0.12066658","-0.2579962,-0.71438545,-0.94108516","-0.3053472,-0.5046078,-0.21464036,-0.5328708,0.77004683,0.05989298,-0.46362576,0.69900584,0.12066658",0.0
"-0.3053472,-0.5046078,-0.21464036,-0.5328708,0.77004683,0.05989298,-0.46362576,0.69900584,0.12066658","-0.10737908,0.871578,-0.8153187","-0.31560114,-0.38477033,-0.30223057,-0.4684943,0.7267374,0.18809484,-0.46362576,0.69900584,0.12066658",0.0
"-0.31560114,-0.38477033,-0.30223057,-0.4684943,0.7267374,0.18809484,-0.46362576,0.69900584,0.12066658","0.1145761,0.11190891,-0.63801956","-0.30465996,-0.36938348,-0.37077338,-0.47804803,0.6887072,0.11516841,-0.46362576,0.69900584,0.12066658",0.0
"-0.30465996,-0.36938348,-0.37077338,-0.47804803,0.6887072,0.11516841,-0.46362576,0.69900584,0.12066658","-0.032087207,0.22152603,-0.226897","-0.30772406,-0.33892483,-0.39514905,-0.45792085,0.67375,0.13992609,-0.46362576,0.69900584,0.12066658",0.0
"-0.30772406,-0.33892483,-0.39514905,-0.45792085,0.67375,0.13992609,-0.46362576,0.69900584,0.12066658","-0.066289306,-0.13348913,0.032785296","-0.31405422,-0.3572789,-0.39162692,-0.44998574,0.6911229,0.108498596,-0.46362576,0.69900584,0.12066658",0.0
"-0.31405422,-0.3572789,-0.39162692,-0.44998574,0.6911229,0.108498596,-0.46362576,0.69900584,0.12066658","0.0071047544,0.020500422,0.091171265","-0.31337577,-0.35446024,-0.38183233,-0.45286936,0.69228727,0.1288466,-0.46362576,0.69900584,0.12066658",0.0
"0.0,0.0,0.0,2.8652207e-07,0.005789075,0.993462,-0.7343275,0.56421053,-0.1823602","-0.98910385,-0.9843775,-0.8729205","-0.09445225,-0.13534684,-0.0937784,-0.38868567,0.12489731,0.88499856,-0.7343275,0.56421053,-0.1823602",0.0
"-0.09445225,-0.13534684,-0.0937784,-0.38868567,0.12489731,0.88499856,-0.7343275,0.56421053,-0.1823602","-0.96687824,-0.9911675,-0.8633082","-0.18678209,-0.27162728,-0.18652414,-0.60022575,0.40605602,0.58705246,-0.7343275,0.56421053,-0.1823602",0.0
"-0.18678209,-0.27162728,-0.18652414,-0.60022575,0.40605602,0.58705246,-0.7343275,0.56421053,-0.1823602","-0.46554983,-0.98892355,-0.8375623","-0.23123872,-0.4075992,-0.27650398,-0.6552765,0.58999765,0.1794152,-0.7343275,0.56421053,-0.1823602",0.0
"-0.23123872,-0.4075992,-0.27650398,-0.6552765,0.58999765,0.1794152,-0.7343275,0.56421053,-0.1823602","-0.051520824,-0.9534831,-0.6938976","-0.2361586,-0.53869826,-0.3510498,-0.6395737,0.5940924,-0.21378906,-0.7343275,0.56421053,-0.1823602",0.0
"-0.2361586,-0.53869826,-0.3510498,-0.6395737,0.5940924,-0.21378906,-0.7343275,0.56421053,-0.1823602","0.25566697,-0.45060134,0.70734644","-0.21174425,-0.60065365,-0.2750591,-0.7158656,0.56895185,-0.24766031,-0.7343275,0.56421053,-0.1823602",0.0
"-0.21174425,-0.60065365,-0.2750591,-0.7158656,0.56895185,-0.24766031,-0.7343275,0.56421053,-0.1823602","0.1075865,0.20074809,0.32415295","-0.20147051,-0.57305187,-0.2402351,-0.7533721,0.5598742,-0.13582811,-0.7343275,0.56421053,-0.1823602",0.0
"-0.20147051,-0.57305187,-0.2402351,-0.7533721,0.5598742,-0.13582811,-0.7343275,0.56421053,-0.1823602","-0.020873547,-0.03741491,-0.33365452","-0.20346378,-0.5781963,-0.27607977,-0.7335939,0.55249655,-0.19886112,-0.7343275,0.56421053,-0.1823602",0.0
"-0.20346378,-0.5781963,-0.27607977,-0.7335939,0.55249655,-0.19886112,-0.7343275,0.56421053,-0.1823602","0.0044995546,0.03984487,0.124461174","-0.2030341,-0.5727179,-0.26270878,-0.7412481,0.55662704,-0.16762277,-0.7343275,0.56421053,-0.1823602",0.0
"0.0,0.0,0.0,2.8652207e-07,0.005789075,0.993462,-0.23292398,0.8962573,-0.1823602","-0.82335573,-0.9953413,-0.38415807","-0.0786245,-0.13685432,-0.04127033,-0.33450967,0.09031884,0.9218264,-0.23292398,0.8962573,-0.1823602",0.0
"-0.0786245,-0.13685432,-0.04127033,-0.33450967,0.09031884,0.9218264,-0.23292398,0.8962573,-0.1823602","-0.8990274,-0.99129087,-0.10932666","-0.16447508,-0.27315173,-0.053015336,-0.53273,0.30935973,0.75050175,-0.23292398,0.8962573,-0.1823602",0.0
"-0.16447508,-0.27315173,-0.053015336,-0.53273,0.30935973,0.75050175,-0.23292398,0.8962573,-0.1823602","-0.9797046,-0.98138916,-0.007707298","-0.25802976,-0.40808773,-0.053843305,-0.5577296,0.5950067,0.51217675,-0.23292398,0.8962573,-0.1823602",0.0
"-0.25802976,-0.40808773,-0.053843305,-0.5577296,0.5950067,0.51217675,-0.23292398,0.8962573,-0.1823602","-0.9829651,-0.9535944,-0.7805123","-0.3518958,-0.5392021,-0.1376942,-0.42385092,0.85715574,0.099748895,-0.23292398,0.8962573,-0.1823602",0.0
"-0.3518958,-0.5392021,-0.1376942,-0.42385092,0.85715574,0.099748895,-0.23292398,0.8962573,-0.1823602","-0.9159168,-0.743271,-0.88664496","-0.4393592,-0.6413981,-0.23294696,-0.17053038,0.9148652,-0.2814912,-0.23292398,0.8962573,-0.1823602",0.0
"-0.4393592,-0.6413981,-0.23294696,-0.17053038,0.9148652,-0.2814912,-0.23292398,0.8962573,-0.1823602","0.19593155,0.34665895,0.31309414","-0.42064914,-0.5937343,-0.19931103,-0.23021981,0.9277758,-0.12292265,-0.23292398,0.8962573,-0.1823602",0.0
"-0.42064914,-0.5937343,-0.19931103,-0.23021981,0.9277758,-0.12292265,-0.23292398,0.8962573,-0.1823602","0.060640216,0.13633895,-0.64562714","-0.41485846,-0.5749885,-0.26867113,-0.23844092,0.8919862,-0.1812321,-0.23292398,0.8962573,-0.1823602",0.0
"0.0,0.0,0.0,2.8652207e-07,0.005789075,0.993462,-0.77087724,-0.12274853,-0.029571943","0.26470065,-0.9248826,-0.9697583","0.025276987,-0.1271666,-0.10418174,-0.40368024,-0.0263164,0.88444287,-0.77087724,-0.12274853,-0.029571943",0.0
"0.025276987,-0.1271666,-0.10418174,-0.40368024,-0.0263164,0.88444287,-0.77087724,-0.12274853,-0.029571943","0.271873,-0.97658646,-0.8689258","0.05123888,-0.26144224,-0.19753097,-0.70899224,-0.109258994,0.5895171,-0.77087724,-0.12274853,-0.029571943",0.0
"0.05123888,-0.26144224,-0.19753097,-0.70899224,-0.109258994,0.5895171,-0.77087724,-0.12274853,-0.029571943","-0.084483445,-0.875782,-0.952198","0.043171324,-0.38185778,-0.2998262,-0.8560825,-0.110981874,0.19796477,-0.77087724,-0.12274853,-0.029571943",0.0
"0.043171324,-0.38185778,-0.2998262,-0.8560825,-0.110981874,0.19796477,-0.77087724,-0.12274853,-0.029571943","0.2769928,-0.37561476,-0.92381734","0.06962213,-0.4335029,-0.39907244,-0.8232422,-0.17706011,-0.05756926,-0.77087724,-0.12274853,-0.029571943",0.0
"0.06962213,-0.4335029,-0.39907244,-0.8232422,-0.17706011,-0.05756926,-0.77087724,-0.12274853,-0.029571943","-0.15207326,0.49075484,-0.38526595","0.055100236,-0.3660267,-0.44046178,-0.7915233,-0.13252287,0.020400096,-0.77087724,-0.12274853,-0.029571943",0.0
"0.055100236,-0.3660267,-0.44046178,-0.7915233,-0.13252287,0.020400096,-0.77087724,-0.12274853,-0.029571943","0.0051351786,-0.10861927,-0.2998832","0.055590607,-0.38096133,-0.47267842,-0.7722771,-0.13038221,-0.052140687,-0.77087724,-0.12274853,-0.029571943",0.0
"0.055590607,-0.38096133,-0.47267842,-0.7722771,-0.13038221,-0.052140687,-0.77087724,-0.12274853,-0.029571943","0.033264875,0.05529666,0.13179791","0.058767162,-0.37335834,-0.4585193,-0.77992934,-0.13976164,-0.018715808,-0.77087724,-0.12274853,-0.029571943",0.0
"0.058767162,-0.37335834,-0.4585193,-0.77992934,-0.13976164,-0.018715808,-0.77087724,-0.12274853,-0.029571943","-0.027415931,0.012420535,-0.10514802","0.056149136,-0.3716506,-0.46981543,-0.77278787,-0.1318694,-0.030572789,-0.77087724,-0.12274853,-0.029571943",0.0
"0.0,0.0,0.0,2.8652207e-07,0.005789075,0.993462,0.73228073,-0.3897076,0.44441816","-0.96076727,0.9463823,0.93931234","-0.09174629,0.13012269,0.10091092,0.39130652,-0.10997864,0.8842617,0.73228073,-0.3897076,0.44441816",0.0
"-0.09174629,0.13012269,0.10091092,0.39130652,-0.10997864,0.8842617,0.73228073,-0.3897076,0.44441816","-0.90320134,0.760201,0.9708643","-0.17799547,0.23464642,0.20521148,0.58309394,-0.35808358,0.62462765,0.73228073,-0.3897076,0.44441816",0.0
"-0.17799547,0.23464642,0.20521148,0.58309394,-0.35808358,0.62462765,0.73228073,-0.3897076,0.44441816","-0.31466228,0.63478625,0.30465305","-0.20804343,0.3219263,0.23794055,0.6457036,-0.48724127,0.41691807,0.73228073,-0.3897076,0.44441816",0.0
"-0.20804343,0.3219263,0.23794055,0.6457036,-0.48724127,0.41691807,0.73228073,-0.3897076,0.44441816","0.42619717,0.23438263,-0.54938066","-0.16734469,0.3541527,0.17892022,0.7146457,-0.40794075,0.44194722,0.73228073,-0.3897076,0.44441816",0.0
"-0.16734469,0.3541527,0.17892022,0.7146457,-0.40794075,0.44194722,0.73228073,-0.3897076,0.44441816","0.1100055,-0.04383093,-0.003712833","-0.15683995,0.34812623,0.17852135,0.72170156,-0.3809087,0.45458746,0.73228073,-0.3897076,0.44441816",0.0
"0.0,0.0,0.0,2.8652207e-07,0.005789075,0.993462,0.0648538,0.8530994,0.2833269","-0.8858391,-0.995974,-0.12629539","-0.08459121,-0.13694131,-0.013567976,-0.29821396,0.08717061,0.9376017,0.0648538,0.8530994,0.2833269",0.0
"-0.08459121,-0.13694131,-0.013567976,-0.29821396,0.08717061,0.9376017,0.0648538,0.8530994,0.2833269","-0.9635102,-0.9882441,-0.076193154","-0.17659944,-0.27281982,-0.021753425,-0.4917082,0.3115397,0.78241456,0.0648538,0.8530994,0.2833269",0.0
"-0.17659944,-0.27281982,-0.021753425,-0.4917082,0.3115397,0.78241456,0.0648538,0.8530994,0.2833269","-0.9917424,-0.99297816,0.7258879","-0.27130365,-0.40934926,0.05622921,-0.47002196,0.54635483,0.6426364,0.0648538,0.8530994,0.2833269",0.0
"-0.27130365,-0.40934926,0.05622921,-0.47002196,0.54635483,0.6426364,0.0648538,0.8530994,0.2833269","-0.98159873,-0.953672,-0.037643015","-0.3650392,-0.5404743,0.05218526,-0.35935223,0.81021595,0.37893355,0.0648538,0.8530994,0.2833269",0.0
"-0.3650392,-0.5404743,0.05218526,-0.35935223,0.81021595,0.37893355,0.0648538,0.8530994,0.2833269","-0.9159769,-0.105626464,-0.38019705","-0.45250836,-0.55499744,0.011340509,-0.13172069,0.9152557,0.2898718,0.0648538,0.8530994,0.2833269",0.0
"-0.45250836,-0.55499744,0.011340509,-0.13172069,0.9152557,0.2898718,0.0648538,0.8530994,0.2833269","-0.8028204,0.6152457,-0.6236664","-0.5291719,-0.47040442,-0.05566032,0.08679425,0.8811116,0.3801564,0.0648538,0.8530994,0.2833269",0.0
"-0.5291719,-0.47040442,-0.05566032,0.08679425,0.8811116,0.3801564,0.0648538,0.8530994,0.2833269","0.15421629,-0.26438856,-0.408772","-0.51444536,-0.50675654,-0.0995749,0.048110586,0.93171644,0.23376116,0.0648538,0.8530994,0.2833269",0.0
"-0.51444536,-0.50675654,-0.0995749,0.048110586,0.93171644,0.23376116,0.0648538,0.8530994,0.2833269","-0.22420079,0.5349194,-0.20395154","-0.5358549,-0.43320796,-0.12148552,0.104695536,0.87398505,0.36340618,0.0648538,0.8530994,0.2833269",0.0
"-0.5358549,-0.43320796,-0.12148552,0.104695536,0.87398505,0.36340618,0.0648538,0.8530994,0.2833269","0.14401007,-0.34627563,-0.17530549","-0.522103,-0.48081917,-0.14031866,0.06990325,0.92157805,0.22973269,0.0648538,0.8530994,0.2833269",0.0
"-0.522103,-0.48081917,-0.14031866,0.06990325,0.92157805,0.22973269,0.0648538,0.8530994,0.2833269","0.014323473,0.45500565,-0.09157342","-0.5207352,-0.4182583,-0.15015642,0.062851176,0.87448543,0.35222998,0.0648538,0.8530994,0.2833269",0.0
"-0.5207352,-0.4182583,-0.15015642,0.062851176,0.87448543,0.35222998,0.0648538,0.8530994,0.2833269","0.053554654,-0.07173616,-0.4026053","-0.5156211,-0.42812172,-0.19340855,0.04969094,0.89364314,0.26438516,0.0648538,0.8530994,0.2833269",0.0
"-0.5156211,-0.42812172,-0.19340855,0.04969094,0.89364314,0.26438516,0.0648538,0.8530994,0.2833269","-0.055263996,0.35506868,-0.22899806","-0.5208984,-0.37930164,-0.21800995,0.06215903,0.8571071,0.33075044,0.0648538,0.8530994,0.2833269",0.0
"-0.5208984,-0.37930164,-0.21800995,0.06215903,0.8571071,0.33075044,0.0648538,0.8530994,0.2833269","0.004216194,-0.08483434,-0.23004961","-0.52049583,-0.39096594,-0.24272433,0.061879445,0.8696607,0.26769373,0.0648538,0.8530994,0.2833269",0.0
"-0.52049583,-0.39096594,-0.24272433,0.061879445,0.8696607,0.26769373,0.0648538,0.8530994,0.2833269","0.033576608,0.22429705,-0.08162916","-0.5172895,-0.36012626,-0.2514938,0.051812533,0.84626883,0.3187305,0.0648538,0.8530994,0.2833269",0.0
"-0.5172895,-0.36012626,-0.2514938,0.051812533,0.84626883,0.3187305,0.0648538,0.8530994,0.2833269","-0.06254858,-0.04606998,-0.17052013","-0.52326244,-0.36646068,-0.26981288,0.06815192,0.85155624,0.27702335,0.0648538,0.8530994,0.2833269",0.0
"0.0,0.0,0.0,2.8652207e-07,0.005789075,0.993462,-0.1860234,-0.7580702,-0.029571943","0.98787737,-0.9422359,-0.85250974","0.09433511,-0.12955259,-0.09158566,-0.37872514,-0.1095929,0.8924522,-0.1860234,-0.7580702,-0.029571943",0.0
"0.09433511,-0.12955259,-0.09158566,-0.37872514,-0.1095929,0.8924522,-0.1860234,-0.7580702,-0.029571943","0.9884498,-0.9506739,-0.89158916","0.18872489,-0.26026538,-0.18736964,-0.59151036,-0.3915558,0.6057475,-0.1860234,-0.7580702,-0.029571943",0.0
"0.18872489,-0.26026538,-0.18736964,-0.59151036,-0.3915558,0.6057475,-0.1860234,-0.7580702,-0.029571943","0.9805882,-0.8688006,-0.91117626","0.28236395,-0.379721,-0.28525788,-0.5498936,-0.66568696,0.2251365,-0.1860234,-0.7580702,-0.029571943",0.0
"0.28236395,-0.379721,-0.28525788,-0.5498936,-0.66568696,0.2251365,-0.1860234,-0.7580702,-0.029571943","0.96309996,-0.6168561,-0.91429734","0.374333,-0.4645356,-0.3834814,-0.3341443,-0.7868919,-0.10047023,-0.1860234,-0.7580702,-0.029571943",0.0
"0.374333,-0.4645356,-0.3834814,-0.3341443,-0.7868919,-0.10047023,-0.1860234,-0.7580702,-0.029571943","0.6690446,0.76755905,-0.5486682","0.4382219,-0.3590002,-0.4424252,-0.15984473,-0.7832237,0.03137197,-0.1860234,-0.7580702,-0.029571943",0.0
"0.4382219,-0.3590002,-0.4424252,-0.15984473,-0.7832237,0.03137197,-0.1860234,-0.7580702,-0.029571943","-0.08468133,-0.24137032,-0.22817743","0.43013543,-0.39218745,-0.4669384,-0.17741308,-0.7687101,-0.06619454,-0.1860234,-0.7580702,-0.029571943",0.0
"0.43013543,-0.39218745,-0.4669384,-0.17741308,-0.7687101,-0.06619454,-0.1860234,-0.7580702,-0.029571943","-0.0012764931,0.24478567,0.059995294","0.43001354,-0.3585307,-0.4604931,-0.17745447,-0.76751107,0.0071730493,-0.1860234,-0.7580702,-0.029571943",0.0
"0.43001354,-0.3585307,-0.4604931,-0.17745447,-0.76751107,0.0071730493,-0.1860234,-0.7580702,-0.029571943","-0.0129160285,-0.10129416,-0.15774518","0.42878017,-0.37245813,-0.47743976,-0.1783504,-0.7576923,-0.0421718,-0.1860234,-0.7580702,-0.029571943",0.0
"0.0,0.0,0.0,2.8652207e-07,0.005789075,0.993462,0.053391814,0.71450293,0.42487016","-0.9672588,-0.99164176,-0.07064426","-0.0923662,-0.13634564,-0.0075893374,-0.28724506,0.09181466,0.94105,0.053391814,0.71450293,0.42487016",0.0
"-0.0923662,-0.13634564,-0.0075893374,-0.28724506,0.09181466,0.94105,0.053391814,0.71450293,0.42487016","-0.99225897,-0.9804346,0.11389053","-0.18711972,-0.27115038,0.004646027,-0.4536629,0.30930215,0.808566,0.053391814,0.71450293,0.42487016",0.0
"-0.18711972,-0.27115038,0.004646027,-0.4536629,0.30930215,0.808566,0.053391814,0.71450293,0.42487016","-0.9927283,-0.97722197,0.23039412","-0.28191808,-0.4055134,0.029397462,-0.46501943,0.57821023,0.62034714,0.053391814,0.71450293,0.42487016",0.0
"-0.28191808,-0.4055134,0.029397462,-0.46501943,0.57821023,0.62034714,0.053391814,0.71450293,0.42487016","-0.968032,-0.60112315,-0.6459798","-0.37435812,-0.4881648,-0.040000506,-0.3384396,0.8274889,0.3642058,0.053391814,0.71450293,0.42487016",0.0
"-0.37435812,-0.4881648,-0.040000506,-0.3384396,0.8274889,0.3642058,0.053391814,0.71450293,0.42487016","-0.8768387,0.7814833,-0.73750865","-0.45808986,-0.38071492,-0.1192315,-0.102436535,0.8176302,0.4759491,0.053391814,0.71450293,0.42487016",0.0
"-0.45808986,-0.38071492,-0.1192315,-0.102436535,0.8176302,0.4759491,0.053391814,0.71450293,0.42487016","-0.74673164,0.47992492,-0.763996","-0.5293973,-0.31472775,-0.20130806,0.07840254,0.7837094,0.48612893,0.053391814,0.71450293,0.42487016",0.0
"-0.5293973,-0.31472775,-0.20130806,0.07840254,0.7837094,0.48612893,0.053391814,0.71450293,0.42487016","0.043184638,0.046689987,-0.53413844","-0.5252735,-0.30830815,-0.2586909,0.06924304,0.7972261,0.41183886,0.053391814,0.71450293,0.42487016",0.0
"-0.5252735,-0.30830815,-0.2586909,0.06924304,0.7972261,0.41183886,0.053391814,0.71450293,0.42487016","-0.033476353,0.3115394,-0.32038236","-0.5284702,-0.26547313,-0.29310977,0.07392421,0.75945526,0.4406182,0.053391814,0.71450293,0.42487016",0.0
"-0.5284702,-0.26547313,-0.29310977,0.07392421,0.75945526,0.4406182,0.053391814,0.71450293,0.42487016","0.08065593,0.070462584,-0.24532557","-0.52076817,-0.2557849,-0.31946528,0.055204686,0.7560674,0.4179013,0.053391814,0.71450293,0.42487016",0.0
"-0.52076817,-0.2557849,-0.31946528,0.055204686,0.7560674,0.4179013,0.053391814,0.71450293,0.42487016","-0.00902617,0.22731638,-0.25550175","-0.5216301,-0.22453007,-0.346914,0.055303987,0.72730076,0.43205312,0.053391814,0.71450293,0.42487016",0.0
"0.0,0.0,0.0,2.8652207e-07,0.005789075,0.993462,-0.029824562,0.42988303,0.47972226","-0.9586219,-0.95664006,-0.7565801","-0.09154145,-0.13153309,-0.081279874,-0.36821336,0.11494959,0.8986477,-0.029824562,0.42988303,0.47972226",0.0
"-0.09154145,-0.13153309,-0.081279874,-0.36821336,0.11494959,0.8986477,-0.029824562,0.42988303,0.47972226","-0.99263674,-0.8459518,-0.40121746","-0.18633105,-0.24784711,-0.12438292,-0.53218836,0.35972312,0.70829904,-0.029824562,0.42988303,0.47972226",0.0
"-0.18633105,-0.24784711,-0.12438292,-0.53218836,0.35972312,0.70829904,-0.029824562,0.42988303,0.47972226","-0.9736969,0.20401454,-0.86891925","-0.27931204,-0.21979618,-0.21773146,-0.42421848,0.5196016,0.6318762,-0.029824562,0.42988303,0.47972226",0.0
"-0.27931204,-0.21979618,-0.21773146,-0.42421848,0.5196016,0.6318762,-0.029824562,0.42988303,0.47972226","-0.9398236,0.5310637,-0.88248974","-0.3690584,-0.14677767,-0.3125379,-0.24272817,0.57087237,0.61257684,-0.029824562,0.42988303,0.47972226",0.0
"-0.3690584,-0.14677767,-0.3125379,-0.24272817,0.57087237,0.61257684,-0.029824562,0.42988303,0.47972226","-0.78319097,0.6985624,-0.9513828","-0.44384745,-0.050728947,-0.41474563,-0.087656245,0.52472544,0.5973232,-0.029824562,0.42988303,0.47972226",0.0
"-0.44384745,-0.050728947,-0.41474563,-0.087656245,0.52472544,0.5973232,-0.029824562,0.42988303,0.47972226","-0.57881045,0.45061553,-0.9390637","-0.49911964,0.011228368,-0.5156298,0.004458342,0.48188385,0.5208309,-0.029824562,0.42988303,0.47972226",0.0
"-0.49911964,0.011228368,-0.5156298,0.004458342,0.48188385,0.5208309,-0.029824562,0.42988303,0.47972226","0.1954019,0.13239908,-0.5695287","-0.4804602,0.029432563,-0.5768147,-0.022939356,0.467614,0.44690168,-0.029824562,0.42988303,0.47972226",0.0
"-0.4804602,0.029432563,-0.5768147,-0.022939356,0.467614,0.44690168,-0.029824562,0.42988303,0.47972226","0.0852623,0.3612857,-0.28616762","-0.47231823,0.07910749,-0.6075579,-0.030239766,0.41351867,0.45242006,-0.029824562,0.42988303,0.47972226",0.0
"-0.47231823,0.07910749,-0.6075579,-0.030239766,0.41351867,0.45242006,-0.029824562,0.42988303,0.47972226","-0.047374368,0.10695684,0.08054674","-0.47684216,0.09381352,-0.5989048,-0.023074772,0.3962744,0.48044673,-0.029824562,0.42988303,0.47972226",0.0
"-0.47684216,0.09381352,-0.5989048,-0.023074772,0.3962744,0.48044673,-0.029824562,0.42988303,0.47972226","-0.036595106,-0.07655048,0.09121859","-0.48033676,0.08328823,-0.5891051,-0.01939646,0.40738896,0.48532876,-0.029824562,0.42988303,0.47972226",0.0
"-0.48033676,0.08328823,-0.5891051,-0.01939646,0.40738896,0.48532876,-0.029824562,0.42988303,0.47972226","-0.029067159,-0.08200717,0.040240407","-0.48311245,0.07201268,-0.5847822,-0.016511988,0.4201402,0.48065242,-0.029824562,0.42988303,0.47972226",0.0
"0.0,0.0,0.0,2.8652207e-07,0.005789075,0.993462,0.76649123,0.13380116,-0.23054375","0.67149234,0.9969237,0.99406743","0.06412265,0.13707188,0.106793284,0.4170118,0.091069624,0.87215596,0.76649123,0.13380116,-0.23054375",0.0
"0.06412265,0.13707188,0.106793284,0.4170118,0.091069624,0.87215596,0.76649123,0.13380116,-0.23054375","-0.5425869,0.98260474,0.9935577","0.012309538,0.27217498,0.21353179,0.7399434,0.03442251,0.5475707,0.76649123,0.13380116,-0.23054375",0.0
"0.012309538,0.27217498,0.21353179,0.7399434,0.03442251,0.5475707,0.76649123,0.13380116,-0.23054375","-0.67592573,0.9561032,0.9688723","-0.052236464,0.40363428,0.31761834,0.8606619,-0.13665336,0.12441142,0.76649123,0.13380116,-0.23054375",0.0
"-0.052236464,0.40363428,0.31761834,0.8606619,-0.13665336,0.12441142,0.76649123,0.13380116,-0.23054375","0.42065644,0.17587876,0.9866774","-0.012066823,0.42781675,0.4236177,0.8241726,-0.025464894,-0.079301976,0.76649123,0.13380116,-0.23054375",0.0
"-0.012066823,0.42781675,0.4236177,0.8241726,-0.025464894,-0.079301976,0.76649123,0.13380116,-0.23054375","0.22150743,-0.29012042,0.9139832","0.009085531,0.38792676,0.5218075,0.74127144,0.026955573,-0.12579425,0.76649123,0.13380116,-0.23054375",0.0
"0.009085531,0.38792676,0.5218075,0.74127144,0.026955573,-0.12579425,0.76649123,0.13380116,-0.23054375","0.21970391,0.25217438,0.040454388","0.030065663,0.42259946,0.5261535,0.73085314,0.0750534,-0.19310103,0.76649123,0.13380116,-0.23054375",0.0
"0.030065663,0.42259946,0.5261535,0.73085314,0.0750534,-0.19310103,0.76649123,0.13380116,-0.23054375","0.17907405,0.2933433,-0.43691647","0.047165938,0.46293274,0.47921532,0.7654776,0.12011674,-0.21629365,0.76649123,0.13380116,-0.23054375",0.0
"0.047165938,0.46293274,0.47921532,0.7654776,0.12011674,-0.21629365,0.76649123,0.13380116,-0.23054375","0.051506758,0.0582453,-0.08912265","0.052084457,0.47094122,0.4696408,0.7711882,0.13319479,-0.22080603,0.76649123,0.13380116,-0.23054375",0.0
"0.0,0.0,0.0,2.8652207e-07,0.005789075,0.993462,0.0011695907,-0.0057894737,0.23331277","0.602916,-0.7437718,-0.9883239","0.057574097,-0.10226479,-0.10617626,-0.35283366,-0.058638692,0.90598345,0.0011695907,-0.0057894737,0.23331277",0.0
"0.057574097,-0.10226479,-0.10617626,-0.35283366,-0.058638692,0.90598345,0.0011695907,-0.0057894737,0.23331277","-0.42613566,0.9770981,-0.99196047","0.016881239,0.032081176,-0.21274325,-0.21565376,-0.005650373,0.9170832,0.0011695907,-0.0057894737,0.23331277",0.0
"0.016881239,0.032081176,-0.21274325,-0.21565376,-0.005650373,0.9170832,0.0011695907,-0.0057894737,0.23331277","-0.32561862,0.9569459,-0.99209845","-0.014212962,0.16365634,-0.31932506,-0.081695996,0.00944514,0.88061154,0.0011695907,-0.0057894737,0.23331277",0.0
"-0.014212962,0.16365634,-0.31932506,-0.081695996,0.00944514,0.88061154,0.0011695907,-0.0057894737,0.23331277","0.075392604,0.57052827,-0.9692058","-0.007013505,0.24210107,-0.42344752,-0.055076353,0.0070043444,0.80273867,0.0011695907,-0.0057894737,0.23331277",0.0
"-0.007013505,0.24210107,-0.42344752,-0.055076353,0.0070043444,0.80273867,0.0011695907,-0.0057894737,0.23331277","-0.011533439,0.20231843,-0.95908123","-0.008114855,0.26991883,-0.5264823,-0.11109881,0.008623909,0.6970216,0.0011695907,-0.0057894737,0.23331277",0.0
"-0.008114855,0.26991883,-0.5264823,-0.11109881,0.008623909,0.6970216,0.0011695907,-0.0057894737,0.23331277","0.049406767,0.6852033,-0.9722354","-0.003396861,0.3641308,-0.63093024,-0.059051234,0.0064197253,0.5863041,0.0011695907,-0.0057894737,0.23331277",0.0
"-0.003396861,0.3641308,-0.63093024,-0.059051234,0.0064197253,0.5863041,0.0011695907,-0.0057894737,0.23331277","0.2770226,0.17454875,-0.9506387","0.023056794,0.38813037,-0.73305804,-0.09600235,-0.0011615934,0.45038682,0.0011695907,-0.0057894737,0.23331277",0.0
"0.023056794,0.38813037,-0.73305804,-0.09600235,-0.0011615934,0.45038682,0.0011695907,-0.0057894737,0.23331277","0.13588595,0.1847794,-0.9104549","0.036032923,0.4135366,-0.83086884,-0.10635378,-0.0062645134,0.3095774,0.0011695907,-0.0057894737,0.23331277",0.0
"0.036032923,0.4135366,-0.83086884,-0.10635378,-0.0062645134,0.3095774,0.0011695907,-0.0057894737,0.23331277","-0.021263003,0.27035153,-0.76037383","0.034002464,0.4507086,-0.91255635,-0.08877745,-0.0036970128,0.1914872,0.0011695907,-0.0057894737,0.23331277",0.0
"0.034002464,0.4507086,-0.91255635,-0.08877745,-0.0036970128,0.1914872,0.0011695907,-0.0057894737,0.23331277","-0.027869463,0.5264038,-0.43160176","0.031341136,0.5230865,-0.9589237,-0.050754663,0.0008040353,0.13125332,0.0011695907,-0.0057894737,0.23331277",0.0
"0.031341136,0.5230865,-0.9589237,-0.050754663,0.0008040353,0.13125332,0.0011695907,-0.0057894737,0.23331277","-0.050304532,0.5556818,-0.10750866","0.026537422,0.5994899,-0.9704735,-0.016133152,0.004461399,0.11943259,0.0011695907,-0.0057894737,0.23331277",0.0
"0.026537422,0.5994899,-0.9704735,-0.016133152,0.004461399,0.11943259,0.0011695907,-0.0057894737,0.23331277","0.035482883,0.37749517,0.16679335","0.029925782,0.6513936,-0.9525548,0.015338703,0.0072613833,0.14655547,0.0011695907,-0.0057894737,0.23331277",0.0
"0.029925782,0.6513936,-0.9525548,0.015338703,0.0072613833,0.14655547,0.0011695907,-0.0057894737,0.23331277","0.06517792,0.19496393,0.24599695","0.0361498,0.67820024,-0.9261273,0.044103596,0.010857243,0.18259272,0.0011695907,-0.0057894737,0.23331277",0.0
"0.0361498,0.67820024,-0.9261273,0.044103596,0.010857243,0.18259272,0.0011695907,-0.0057894737,0.23331277","0.07911754,-0.022518218,0.2616223","0.04370495,0.67510414,-0.89802116,0.060557846,0.0142117515,0.22148424,0.0011695907,-0.0057894737,0.23331277",0.0
"0.04370495,0.67510414,-0.89802116,0.060557846,0.0142117515,0.22148424,0.0011695907,-0.0057894737,0.23331277","0.057577968,-0.24339122,0.17919981","0.049203232,0.6416392,-0.87876964,0.050750483,0.013767165,0.2521431,0.0011695907,-0.0057894737,0.23331277",0.0
"0.049203232,0.6416392,-0.87876964,0.050750483,0.013767165,0.2521431,0.0011695907,-0.0057894737,0.23331277","-0.004809499,-0.280743,-0.008372843","0.048743963,0.6030385,-0.8796692,0.022544825,0.009337463,0.25447124,0.0011695907,-0.0057894737,0.23331277",0.0
"0.048743963,0.6030385,-0.8796692,0.022544825,0.009337463,0.25447124,0.0011695907,-0.0057894737,0.23331277","-0.064815104,-0.11564374,-0.19051826","0.0425546,0.5871381,-0.9001367,0.0010994704,0.005989273,0.2253467,0.0011695907,-0.0057894737,0.23331277",0.0
"0.0,0.0,0.0,2.8652207e-07,0.005789075,0.993462,0.029824562,0.42988303,0.47972226","-0.9801744,-0.9502121,-0.69208634","-0.09359956,-0.13064927,-0.07435126,-0.3576689,0.11436198,0.9046848,0.029824562,0.42988303,0.47972226",0.0
"-0.09359956,-0.13064927,-0.07435126,-0.3576689,0.11436198,0.9046848,0.029824562,0.42988303,0.47972226","-0.9916859,-0.76512384,-0.59394","-0.18829837,-0.23584989,-0.1381586,-0.52387255,0.35891947,0.71022296,0.029824562,0.42988303,0.47972226",0.0
"-0.18829837,-0.23584989,-0.1381586,-0.52387255,0.35891947,0.71022296,0.029824562,0.42988303,0.47972226","-0.9700924,-0.1894427,-0.8430438","-0.28093517,-0.2618973,-0.22872734,-0.46242628,0.5714499,0.5439628,0.029824562,0.42988303,0.47972226",0.0
"-0.28093517,-0.2618973,-0.22872734,-0.46242628,0.5714499,0.5439628,0.029824562,0.42988303,0.47972226","-0.9723202,0.64581513,-0.7935056","-0.3737847,-0.17310107,-0.31397414,-0.24855956,0.608649,0.5694353,0.029824562,0.42988303,0.47972226",0.0
"-0.3737847,-0.17310107,-0.31397414,-0.24855956,0.608649,0.5694353,0.029824562,0.42988303,0.47972226","-0.91085064,0.7056422,-0.91889876","-0.46076432,-0.0760789,-0.41269207,-0.06381977,0.5622335,0.5664574,0.029824562,0.42988303,0.47972226",0.0
"-0.46076432,-0.0760789,-0.41269207,-0.06381977,0.5622335,0.5664574,0.029824562,0.42988303,0.47972226","-0.6394785,0.54749787,-0.9324876","-0.52182984,-0.0008007631,-0.51286983,0.039779846,0.49462438,0.5107435,0.029824562,0.42988303,0.47972226",0.0
"-0.52182984,-0.0008007631,-0.51286983,0.039779846,0.49462438,0.5107435,0.029824562,0.42988303,0.47972226","-0.008044362,0.31817555,-0.67772174","-0.522598,0.04294674,-0.5856779,0.037949037,0.45199922,0.44826275,0.029824562,0.42988303,0.47972226",0.0
"-0.522598,0.04294674,-0.5856779,0.037949037,0.45199922,0.44826275,0.029824562,0.42988303,0.47972226","0.0083966255,0.18203521,-0.07654637","-0.5217962,0.06797565,-0.5939014,0.034928944,0.42466378,0.46229273,0.029824562,0.42988303,0.47972226",0.0
"0.0,0.0,0.0,2.8652207e-07,0.005789075,0.993462,-0.6792983,-0.53608185,-0.0990687","0.9871303,-0.97203356,-0.8636943","0.09426377,-0.13364962,-0.09278723,-0.38783133,-0.11227882,0.88749313,-0.6792983,-0.53608185,-0.0990687",0.0
"0.09426377,-0.13364962,-0.09278723,-0.38783133,-0.11227882,0.88749313,-0.6792983,-0.53608185,-0.0990687","0.9939482,-0.9911544,-0.5381189","0.1891786,-0.26992828,-0.15059768,-0.58137244,-0.38592467,0.6389427,-0.6792983,-0.53608185,-0.0990687",0.0
"0.1891786,-0.26992828,-0.15059768,-0.58137244,-0.38592467,0.6389427,-0.6792983,-0.53608185,-0.0990687","0.79435873,-0.96908164,-0.8737718","0.2650341,-0.40317202,-0.24446751,-0.5969629,-0.6475943,0.238881,-0.6792983,-0.53608185,-0.0990687",0.0
"0.2650341,-0.40317202,-0.24446751,-0.5969629,-0.6475943,0.238881,-0.6792983,-0.53608185,-0.0990687","-0.6452746,-0.81168747,-0.9636671","0.20341507,-0.5147749,-0.34799483,-0.7084654,-0.51922387,-0.15862396,-0.6792983,-0.53608185,-0.0990687",0.0
"0.20341507,-0.5147749,-0.34799483,-0.7084654,-0.51922387,-0.15862396,-0.6792983,-0.53608185,-0.0990687","0.14208472,0.41197944,-0.06489295","0.21698312,-0.45812994,-0.3549663,-0.68096036,-0.54509866,-0.04723869,-0.6792983,-0.53608185,-0.0990687",0.0
"0.21698312,-0.45812994,-0.3549663,-0.68096036,-0.54509866,-0.04723869,-0.6792983,-0.53608185,-0.0990687","-0.025528312,-0.18036413,-0.28833246","0.21454535,-0.48292914,-0.38594204,-0.6700819,-0.5278589,-0.14209001,-0.6792983,-0.53608185,-0.0990687",0.0
"0.21454535,-0.48292914,-0.38594204,-0.6700819,-0.5278589,-0.14209001,-0.6792983,-0.53608185,-0.0990687","0.042923093,0.1009469,0.21210301","0.2186442,-0.4690495,-0.3631557,-0.6751929,-0.54625535,-0.081969686,-0.6792983,-0.53608185,-0.0990687",0.0
"0.2186442,-0.4690495,-0.3631557,-0.6751929,-0.54625535,-0.081969686,-0.6792983,-0.53608185,-0.0990687","-0.05793631,-0.044917464,-0.1344397","0.2131117,-0.47522548,-0.37759864,-0.6772776,-0.52865416,-0.11483611,-0.6792983,-0.53608185,-0.0990687",0.0
"0.0,0.0,0.0,2.8652207e-07,0.005789075,0.993462,0.38169593,-0.19999999,0.47972226","-0.35532832,0.94517076,0.93260694","-0.03393127,0.12995611,0.10019055,0.40356618,-0.03736095,0.8850285,0.38169593,-0.19999999,0.47972226",0.0
"-0.03393127,0.12995611,0.10019055,0.40356618,-0.03736095,0.8850285,0.38169593,-0.19999999,0.47972226","-0.9181321,0.21357203,0.97639036","-0.12160622,0.15932117,0.2050848,0.5275744,-0.20572859,0.7399355,0.38169593,-0.19999999,0.47972226",0.0
"-0.12160622,0.15932117,0.2050848,0.5275744,-0.20572859,0.7399355,0.38169593,-0.19999999,0.47972226","-0.44692433,-0.23848534,0.947116","-0.16428426,0.12653068,0.3068341,0.5138511,-0.28491038,0.650583,0.38169593,-0.19999999,0.47972226",0.0
"-0.16428426,0.12653068,0.3068341,0.5138511,-0.28491038,0.650583,0.38169593,-0.19999999,0.47972226","0.127303,-0.33214462,0.92048466","-0.15212774,0.0808625,0.40572238,0.5085735,-0.25690857,0.5703547,0.38169593,-0.19999999,0.47972226",0.0
"-0.15212774,0.0808625,0.40572238,0.5085735,-0.25690857,0.5703547,0.38169593,-0.19999999,0.47972226","-0.056196272,-0.5333516,0.8773618","-0.15749408,0.0075294035,0.49997795,0.4444355,-0.2332162,0.52245754,0.38169593,-0.19999999,0.47972226",0.0
"-0.15749408,0.0075294035,0.49997795,0.4444355,-0.2332162,0.52245754,0.38169593,-0.19999999,0.47972226","0.032232165,-0.47050875,0.6433042","-0.15441614,-0.057163134,0.5690885,0.38813204,-0.19805078,0.48951966,0.38169593,-0.19999999,0.47972226",0.0
"0.0,0.0,0.0,2.8652207e-07,0.005789075,0.993462,0.82824564,-0.13233918,0.12066658","-0.12571299,0.97972333,0.9881029","-0.0120046735,0.13470691,0.10615252,0.421401,-0.010106771,0.8751621,0.82824564,-0.13233918,0.12066658",0.0
"-0.0120046735,0.13470691,0.10615252,0.421401,-0.010106771,0.8751621,0.82824564,-0.13233918,0.12066658","-0.7300267,0.92076135,0.99053335","-0.081716925,0.26130688,0.21256615,0.70354676,-0.1787057,0.5684037,0.82824564,-0.13233918,0.12066658",0.0
"-0.081716925,0.26130688,0.21256615,0.70354676,-0.1787057,0.5684037,0.82824564,-0.13233918,0.12066658","-0.4035629,0.871649,0.9455712","-0.12025425,0.38115415,0.31414947,0.8018953,-0.31200588,0.17724529,0.82824564,-0.13233918,0.12066658",0.0
"-0.12025425,0.38115415,0.31414947,0.8018953,-0.31200588,0.17724529,0.82824564,-0.13233918,0.12066658","0.45736372,-0.16757917,0.59557104","-0.07657933,0.3581129,0.37813205,0.8078204,-0.19222397,0.12703212,0.82824564,-0.13233918,0.12066658",0.0
"-0.07657933,0.3581129,0.37813205,0.8078204,-0.19222397,0.12703212,0.82824564,-0.13233918,0.12066658","0.31287336,0.026331425,-0.034493327","-0.046702195,0.36173335,0.37442642,0.82532895,-0.11611599,0.1252672,0.82824564,-0.13233918,0.12066658",0.0
"0.0,0.0,0.0,2.8652207e-07,0.005789075,0.993462,-0.49391815,-0.5280117,0.53209","0.978533,-0.98351026,-0.59726787","0.09344279,-0.13522759,-0.064164855,-0.35778236,-0.10210743,0.90790194,-0.49391815,-0.5280117,0.53209",0.0
"0.09344279,-0.13522759,-0.064164855,-0.35778236,-0.10210743,0.90790194,-0.49391815,-0.5280117,0.53209","0.9765421,-0.96900755,-0.65837383","0.18669549,-0.26846117,-0.13489436,-0.5724525,-0.37346122,0.66185105,-0.49391815,-0.5280117,0.53209",0.0
"0.18669549,-0.26846117,-0.13489436,-0.5724525,-0.37346122,0.66185105,-0.49391815,-0.5280117,0.53209","0.9226377,-0.8116248,-0.17831624","0.2748007,-0.3800554,-0.15405098,-0.55056596,-0.63490784,0.42642593,-0.49391815,-0.5280117,0.53209",0.0
"0.2748007,-0.3800554,-0.15405098,-0.55056596,-0.63490784,0.42642593,-0.49391815,-0.5280117,0.53209","0.046833158,0.8249817,-0.8980029","0.2792729,-0.2666247,-0.250524,-0.4843035,-0.57365197,0.50315833,-0.49391815,-0.5280117,0.53209",0.0
"0.2792729,-0.2666247,-0.250524,-0.4843035,-0.57365197,0.50315833,-0.49391815,-0.5280117,0.53209","-0.1758548,0.324188,-0.42073256","0.26248005,-0.22205053,-0.2957236,-0.48846233,-0.51982284,0.5148725,-0.49391815,-0.5280117,0.53209",0.0
"0.26248005,-0.22205053,-0.2957236,-0.48846233,-0.51982284,0.5148725,-0.49391815,-0.5280117,0.53209","0.022393584,0.024595141,-0.011853397","0.2646185,-0.21866885,-0.296997,-0.48244646,-0.5203379,0.5188213,-0.49391815,-0.5280117,0.53209",0.0
"0.2646185,-0.21866885,-0.296997,-0.48244646,-0.5203379,0.5188213,-0.49391815,-0.5280117,0.53209","0.011820674,-0.04342544,0.028897643","0.26574728,-0.22463964,-0.29389253,-0.48480314,-0.52668846,0.51312166,-0.49391815,-0.5280117,0.53209",0.0
"0.26574728,-0.22463964,-0.29389253,-0.48480314,-0.52668846,0.51312166,-0.49391815,-0.5280117,0.53209","-0.0027382374,0.029540896,-0.006239116","0.2654858,-0.22057793,-0.29456282,-0.48202166,-0.5227475,0.5191801,-0.49391815,-0.5280117,0.53209",0.0
"0.0,0.0,0.0,2.8652207e-07,0.005789075,0.993462,0.4220468,-0.65660816,-0.029571943","-0.5683787,0.9657228,0.98472536","-0.054276034,0.13278192,0.10578966,0.4122555,-0.06511022,0.8774457,0.4220468,-0.65660816,-0.029571943",0.0
"-0.054276034,0.13278192,0.10578966,0.4122555,-0.06511022,0.8774457,0.4220468,-0.65660816,-0.029571943","-0.994336,0.9554194,0.91699016","-0.1492279,0.2641472,0.20430247,0.64941984,-0.3224254,0.575179,0.4220468,-0.65660816,-0.029571943",0.0
"-0.1492279,0.2641472,0.20430247,0.64941984,-0.3224254,0.575179,0.4220468,-0.65660816,-0.029571943","-0.9720193,0.85194564,0.9807794","-0.24204868,0.38128537,0.3096682,0.6280682,-0.58946043,0.18390377,0.4220468,-0.65660816,-0.029571943",0.0
"-0.24204868,0.38128537,0.3096682,0.6280682,-0.58946043,0.18390377,0.4220468,-0.65660816,-0.029571943","-0.8532664,0.21910071,0.8980284","-0.32352945,0.41141063,0.40614393,0.44405064,-0.706172,-0.022213798,0.4220468,-0.65660816,-0.029571943",0.0
"-0.32352945,0.41141063,0.40614393,0.44405064,-0.706172,-0.022213798,0.4220468,-0.65660816,-0.029571943","0.25571823,-0.16943371,0.39898956","-0.2991102,0.3881144,0.44900763,0.47767782,-0.64380807,-0.034572203,0.4220468,-0.65660816,-0.029571943",0.0
"-0.2991102,0.3881144,0.44900763,0.47767782,-0.64380807,-0.034572203,0.4220468,-0.65660816,-0.029571943","-0.20860124,-0.23212022,0.35791254","-0.3190301,0.3561991,0.48745838,0.41843614,-0.6441801,-0.024657363,0.4220468,-0.65660816,-0.029571943",0.0
"0.0,0.0,0.0,2.8652207e-07,0.005789075,0.993462,-0.22953217,0.34076023,0.62924165","-0.8956027,-0.88454556,-0.75510484","-0.08552357,-0.12162047,-0.081121385,-0.3510855,0.10267193,0.907852,-0.22953217,0.34076023,0.62924165",0.0
"-0.08552357,-0.12162047,-0.081121385,-0.3510855,0.10267193,0.907852,-0.22953217,0.34076023,0.62924165","-0.9215884,-0.8076507,-0.7760797","-0.17352858,-0.2326683,-0.16449612,-0.5543343,0.34295312,0.6821763,-0.22953217,0.34076023,0.62924165",0.0
"-0.17352858,-0.2326683,-0.16449612,-0.5543343,0.34295312,0.6821763,-0.22953217,0.34076023,0.62924165","-0.90315294,0.8727348,-0.7621836","-0.25977314,-0.11267176,-0.24637802,-0.3535365,0.38439265,0.750322,-0.22953217,0.34076023,0.62924165",0.0
"-0.25977314,-0.11267176,-0.24637802,-0.3535365,0.38439265,0.750322,-0.22953217,0.34076023,0.62924165","-0.738472,0.7385535,-0.88281214","-0.33029184,-0.0111244535,-0.34121916,-0.211752,0.37019604,0.74701595,-0.22953217,0.34076023,0.62924165",0.0
"-0.33029184,-0.0111244535,-0.34121916,-0.211752,0.37019604,0.74701595,-0.22953217,0.34076023,0.62924165","0.20410037,-0.008500695,-0.84034026","-0.31080174,-0.012293249,-0.43149745,-0.2666864,0.40489075,0.6201771,-0.22953217,0.34076023,0.62924165",0.0
"-0.31080174,-0.012293249,-0.43149745,-0.2666864,0.40489075,0.6201771,-0.22953217,0.34076023,0.62924165","-0.28351808,0.7618122,-0.6582594","-0.33787566,0.09245202,-0.5022147,-0.17396031,0.32336497,0.6254582,-0.22953217,0.34076023,0.62924165",0.0
"-0.33787566,0.09245202,-0.5022147,-0.17396031,0.32336497,0.6254582,-0.22953217,0.34076023,0.62924165","0.08924377,-0.30684406,0.37037516","-0.32935354,0.050262555,-0.4624251,-0.20369613,0.35417616,0.64323646,-0.22953217,0.34076023,0.62924165",0.0
"-0.32935354,0.050262555,-0.4624251,-0.20369613,0.35417616,0.64323646,-0.22953217,0.34076023,0.62924165","0.11931479,0.014820337,-0.20982361","-0.31795985,0.052300286,-0.4849666,-0.22063333,0.35348466,0.61236066,-0.22953217,0.34076023,0.62924165",0.0
"-0.31795985,0.052300286,-0.4849666,-0.22063333,0.35348466,0.61236066,-0.22953217,0.34076023,0.62924165","0.07348275,0.20357692,-0.14203572","-0.31094277,0.08029108,-0.50022566,-0.20993929,0.32123893,0.6172276,-0.22953217,0.34076023,0.62924165",0.0
"-0.31094277,0.08029108,-0.50022566,-0.20993929,0.32123893,0.6172276,-0.22953217,0.34076023,0.62924165","0.009331584,-0.05764997,0.15177155","-0.31005168,0.07236452,-0.48392078,-0.21275516,0.32347253,0.6335646,-0.22953217,0.34076023,0.62924165",0.0
"-0.31005168,0.07236452,-0.48392078,-0.21275516,0.32347253,0.6335646,-0.22953217,0.34076023,0.62924165","0.0065430403,-0.084429145,0.025290728","-0.30942687,0.06075596,-0.48120382,-0.22216988,0.3359241,0.6263377,-0.22953217,0.34076023,0.62924165",0.0
"0.0,0.0,0.0,2.8652207e-07,0.005789075,0.993462,0.77087724,-0.12274853,-0.029571943","-0.22664738,0.98795533,0.9841517","-0.021643175,0.13583878,0.105728045,0.42259833,-0.022976127,0.87436557,0.77087724,-0.12274853,-0.029571943",0.0
"-0.021643175,0.13583878,0.105728045,0.42259833,-0.022976127,0.87436557,0.77087724,-0.12274853,-0.029571943","-0.81431323,0.9352493,0.98980045","-0.09940418,0.26443076,0.21206291,0.6962412,-0.21869949,0.56358004,0.77087724,-0.12274853,-0.029571943",0.0
"-0.09940418,0.26443076,0.21206291,0.6962412,-0.21869949,0.56358004,0.77087724,-0.12274853,-0.029571943","-0.38320756,0.91042924,0.9570656","-0.13599773,0.38961008,0.31488106,0.7896439,-0.35316136,0.15832002,0.77087724,-0.12274853,-0.029571943",0.0
"-0.13599773,0.38961008,0.31488106,0.7896439,-0.35316136,0.15832002,0.77087724,-0.12274853,-0.029571943","0.5983988,-0.14182234,0.95319915","-0.07885498,0.37011027,0.41728383,0.7936793,-0.19477047,0.04521456,0.77087724,-0.12274853,-0.029571943",0.0
"-0.07885498,0.37011027,0.41728383,0.7936793,-0.19477047,0.04521456,0.77087724,-0.12274853,-0.029571943","0.3378122,-0.09836334,0.5497726","-0.046596363,0.35658586,0.47634622,0.7688894,-0.10751435,-0.010622172,0.77087724,-0.12274853,-0.029571943",0.0
"-0.046596363,0.35658586,0.47634622,0.7688894,-0.10751435,-0.010622172,0.77087724,-0.12274853,-0.029571943","-0.071238875,0.051940918,-0.05222875","-0.053399157,0.36372748,0.47073525,0.77180403,-0.124833524,-0.016670227,0.77087724,-0.12274853,-0.029571943",0.0
"0.0,0.0,0.0,2.8652207e-07,0.005789075,0.993462,-0.22988304,-0.24116959,0.404603","0.9671849,-0.95188946,-0.96306556","0.092359126,-0.13087991,-0.10346273,-0.395385,-0.11201307,0.88135713,-0.22988304,-0.24116959,0.404603",0.0
"0.092359126,-0.13087991,-0.10346273,-0.395385,-0.11201307,0.88135713,-0.22988304,-0.24116959,0.404603","0.93088377,-0.67913973,-0.97437286","0.18125178,-0.22425812,-0.20814022,-0.5682371,-0.35688373,0.6377718,-0.22988304,-0.24116959,0.404603",0.0
"0.18125178,-0.22425812,-0.20814022,-0.5682371,-0.35688373,0.6377718,-0.22988304,-0.24116959,0.404603","0.65864444,0.4021505,-0.9955693","0.24414754,-0.1689645,-0.3150949,-0.4736955,-0.4485499,0.5743818,-0.22988304,-0.24116959,0.404603",0.0
"0.24414754,-0.1689645,-0.3150949,-0.4736955,-0.4485499,0.5743818,-0.22988304,-0.24116959,0.404603","0.38955724,0.5719187,-0.98714405","0.28134742,-0.09032864,-0.42114443,-0.3767417,-0.45022053,0.5335577,-0.22988304,-0.24116959,0.404603",0.0
"0.28134742,-0.09032864,-0.42114443,-0.3767417,-0.45022053,0.5335577,-0.22988304,-0.24116959,0.404603","0.39050722,0.53450024,-0.97050977","0.31863806,-0.016837614,-0.52540696,-0.28377897,-0.43223336,0.47145364,-0.22988304,-0.24116959,0.404603",0.0
"0.31863806,-0.016837614,-0.52540696,-0.28377897,-0.43223336,0.47145364,-0.22988304,-0.24116959,0.404603","-0.17887306,0.61992145,-0.9400457","0.30155697,0.06839839,-0.62639666,-0.25359073,-0.34273738,0.4120326,-0.22988304,-0.24116959,0.404603",0.0
"0.30155697,0.06839839,-0.62639666,-0.25359073,-0.34273738,0.4120326,-0.22988304,-0.24116959,0.404603","-0.29485786,0.5196383,-0.6789973","0.2734002,0.139846,-0.6993418,-0.23306818,-0.26126575,0.365971,-0.22988304,-0.24116959,0.404603",0.0
"0.2734002,0.139846,-0.6993418,-0.23306818,-0.26126575,0.365971,-0.22988304,-0.24116959,0.404603","-0.14074624,0.27934217,0.009650707","0.25995994,0.17825411,-0.6983051,-0.21823296,-0.22388063,0.39864996,-0.22988304,-0.24116959,0.404603",0.0
"0.25995994,0.17825411,-0.6983051,-0.21823296,-0.22388063,0.39864996,-0.22988304,-0.24116959,0.404603","0.016414165,-0.14353329,0.25562978","0.26152736,0.15851904,-0.67084265,-0.23034714,-0.23916605,0.42598388,-0.22988304,-0.24116959,0.404603",0.0
"0.26152736,0.15851904,-0.67084265,-0.23034714,-0.23916605,0.42598388,-0.22988304,-0.24116959,0.404603","-0.010576487,-0.075896144,-0.05264014","0.2605174,0.14808372,-0.6764978,-0.23868434,-0.24653135,0.408566,-0.22988304,-0.24116959,0.404603",0.0
"0.0,0.0,0.0,2.8652207e-07,0.005789075,0.993462,0.5516375,-0.59070176,0.22827868","-0.83580244,0.9847431,0.9713392","-0.079813056,0.13539712,0.10435159,0.409009,-0.098783955,0.8760141,0.5516375,-0.59070176,0.22827868",0.0
"-0.079813056,0.13539712,0.10435159,0.409009,-0.098783955,0.8760141,0.5516375,-0.59070176,0.22827868","-0.9797536,0.96839905,0.87706983","-0.17337242,0.26854703,0.19857574,0.62537795,-0.37207964,0.5755196,0.5516375,-0.59070176,0.22827868",0.0
"-0.17337242,0.26854703,0.19857574,0.62537795,-0.37207964,0.5755196,0.5516375,-0.59070176,0.22827868","-0.88233125,0.66843724,0.94042134","-0.25762865,0.36045372,0.2996058,0.5900402,-0.61063355,0.24301691,0.5516375,-0.59070176,0.22827868",0.0
"-0.25762865,0.36045372,0.2996058,0.5900402,-0.61063355,0.24301691,0.5516375,-0.59070176,0.22827868","0.10928774,-0.2635225,0.469972","-0.24719247,0.32422078,0.35009518,0.58746046,-0.56907344,0.23818672,0.5516375,-0.59070176,0.22827868",0.0
"-0.24719247,0.32422078,0.35009518,0.58746046,-0.56907344,0.23818672,0.5516375,-0.59070176,0.22827868","-0.090170085,-0.21719861,0.31804037","-0.25580305,0.29435712,0.38426244,0.5530515,-0.56525445,0.24390398,0.5516375,-0.59070176,0.22827868",0.0
"-0.25580305,0.29435712,0.38426244,0.5530515,-0.56525445,0.24390398,0.5516375,-0.59070176,0.22827868","-0.062266827,0.010243416,0.05513513","-0.2617491,0.29576558,0.39018565,0.5421975,-0.57527167,0.23205166,0.5516375,-0.59070176,0.22827868",0.0
"-0.2617491,0.29576558,0.39018565,0.5421975,-0.57527167,0.23205166,0.5516375,-0.59070176,0.22827868","-0.0032058358,0.08429706,-0.06435156","-0.26205522,0.307356,0.38327232,0.54802746,-0.5826791,0.22021057,0.5516375,-0.59070176,0.22827868",0.0
"0.0,0.0,0.0,2.8652207e-07,0.005789075,0.993462,0.6443275,0.49415204,0.5180991","0.70994675,0.89726925,0.9870808","0.06779477,0.12336991,0.10604271,0.3890074,0.09005113,0.8866048,0.6443275,0.49415204,0.5180991",0.0
"0.06779477,0.12336991,0.10604271,0.3890074,0.09005113,0.8866048,0.6443275,0.49415204,0.5180991","0.33593512,0.89908695,0.73007786","0.09987413,0.24698974,0.18447542,0.65292317,0.21794882,0.63234794,0.6443275,0.49415204,0.5180991",0.0
"0.09987413,0.24698974,0.18447542,0.65292317,0.21794882,0.63234794,0.6443275,0.49415204,0.5180991","0.5493113,0.11784434,0.51886284","0.15232937,0.26319277,0.2402172,0.65610105,0.34689346,0.5247402,0.6443275,0.49415204,0.5180991",0.0
"0.15232937,0.26319277,0.2402172,0.65610105,0.34689346,0.5247402,0.6443275,0.49415204,0.5180991","0.44563472,-0.2055533,0.22593963","0.19488426,0.23493026,0.26449004,0.58346033,0.41682124,0.53910995,0.6443275,0.49415204,0.5180991",0.0
"0.19488426,0.23493026,0.26449004,0.58346033,0.41682124,0.53910995,0.6443275,0.49415204,0.5180991","0.16599154,0.31907868,-0.6692991","0.21073525,0.27880198,0.19258682,0.57851857,0.4582303,0.56569487,0.6443275,0.49415204,0.5180991",0.0
"0.21073525,0.27880198,0.19258682,0.57851857,0.4582303,0.56569487,0.6443275,0.49415204,0.5180991","0.08536422,0.4146607,-0.6445757","0.2188869,0.33581573,0.12333964,0.59198,0.4937446,0.5575735,0.6443275,0.49415204,0.5180991",0.0
"0.2188869,0.33581573,0.12333964,0.59198,0.4937446,0.5575735,0.6443275,0.49415204,0.5180991","-0.055104136,0.29348624,-0.36203164","0.21362486,0.3761686,0.084446326,0.6204654,0.5000945,0.5335552,0.6443275,0.49415204,0.5180991",0.0
"0.21362486,0.3761686,0.084446326,0.6204654,0.5000945,0.5335552,0.6443275,0.49415204,0.5180991","-0.10553479,0.033593297,0.12799978","0.20354706,0.38078755,0.0981974,0.6478464,0.48902446,0.505555,0.6443275,0.49415204,0.5180991",0.0
"0.0,0.0,0.0,2.8652207e-07,0.005789075,0.993462,-0.8263743,0.14374268,0.12066658","-0.61881965,-0.9182012,-0.9487771","-0.05909279,-0.12624794,-0.10192772,-0.39209405,0.079528786,0.8872259,-0.8263743,0.14374268,0.12066658",0.0
"-0.05909279,-0.12624794,-0.10192772,-0.39209405,0.079528786,0.8872259,-0.8263743,0.14374268,0.12066658","-0.2056638,-0.95746404,-0.8687572","-0.07873219,-0.25789434,-0.19525884,-0.6879543,0.17969014,0.5988824,-0.8263743,0.14374268,0.12066658",0.0
"-0.07873219,-0.25789434,-0.19525884,-0.6879543,0.17969014,0.5988824,-0.8263743,0.14374268,0.12066658","0.09292281,-0.9282023,-0.84229827","-0.069858745,-0.3855174,-0.28574747,-0.845122,0.19444491,0.2121389,-0.8263743,0.14374268,0.12066658",0.0
"-0.069858745,-0.3855174,-0.28574747,-0.845122,0.19444491,0.2121389,-0.8263743,0.14374268,0.12066658","0.29106474,0.2141248,-0.8039715","-0.04206417,-0.3560764,-0.37211865,-0.82346773,0.11529795,0.14024116,-0.8263743,0.14374268,0.12066658",0.0
"-0.04206417,-0.3560764,-0.37211865,-0.82346773,0.11529795,0.14024116,-0.8263743,0.14374268,0.12066658","-0.18554026,0.123488784,-0.29673046","-0.05978192,-0.33909735,-0.4039966,-0.7958836,0.157151,0.12632956,-0.8263743,0.14374268,0.12066658",0.0
"-0.05978192,-0.33909735,-0.4039966,-0.7958836,0.157151,0.12632956,-0.8263743,0.14374268,0.12066658","0.06939483,-0.13485807,0.09343481","-0.05315522,-0.35763967,-0.39395884,-0.8114385,0.14264894,0.10430222,-0.8263743,0.14374268,0.12066658",0.0
"-0.05315522,-0.35763967,-0.39395884,-0.8114385,0.14264894,0.10430222,-0.8263743,0.14374268,0.12066658","-0.00687325,0.08881307,0.02463901","-0.05381157,-0.34542835,-0.39131185,-0.806638,0.14355294,0.13273212,-0.8263743,0.14374268,0.12066658",0.0
"-0.05381157,-0.34542835,-0.39131185,-0.806638,0.14355294,0.13273212,-0.8263743,0.14374268,0.12066658","-0.024739861,-0.07320213,-0.023713171","-0.056174044,-0.35549328,-0.3938594,-0.8091648,0.15018027,0.108761206,-0.8263743,0.14374268,0.12066658",0.0
"-0.056174044,-0.35549328,-0.3938594,-0.8091648,0.15018027,0.108761206,-0.8263743,0.14374268,0.12066658","0.04341066,0.042002916,0.034592867","-0.05202864,-0.34971812,-0.39014304,-0.80991507,0.13944235,0.1259,-0.8263743,0.14374268,0.12066658",0.0
"-0.05202864,-0.34971812,-0.39014304,-0.80991507,0.13944235,0.1259,-0.8263743,0.14374268,0.12066658","-0.044003963,-0.0030644536,-0.046016514","-0.0562307,-0.3501395,-0.39508662,-0.80626076,0.14981054,0.11765973,-0.8263743,0.14374268,0.12066658",0.0
"-0.0562307,-0.3501395,-0.39508662,-0.80626076,0.14981054,0.11765973,-0.8263743,0.14374268,0.12066658","0.028758287,-0.02196145,0.037391543","-0.053484492,-0.35315913,-0.39106962,-0.81049514,0.14335322,0.11760966,-0.8263743,0.14374268,0.12066658",0.0
"0.0,0.0,0.0,2.8652207e-07,0.005789075,0.993462,-0.5052047,0.76269,0.05502712","-0.9910607,-0.99508417,-0.37906396","-0.09463911,-0.13681896,-0.040723067,-0.32880655,0.10680115,0.92219895,-0.5052047,0.76269,0.05502712",0.0
"-0.09463911,-0.13681896,-0.040723067,-0.32880655,0.10680115,0.92219895,-0.5052047,0.76269,0.05502712","-0.9849794,-0.9895438,0.22538626","-0.1886975,-0.27287614,-0.016509652,-0.47475886,0.32679462,0.7872803,-0.5052047,0.76269,0.05502712",0.0
"-0.1886975,-0.27287614,-0.016509652,-0.47475886,0.32679462,0.7872803,-0.5052047,0.76269,0.05502712","-0.9679413,-0.98579293,-0.40052974","-0.28112885,-0.40841764,-0.05953878,-0.51589197,0.6372529,0.5038107,-0.5052047,0.76269,0.05502712",0.0
"-0.28112885,-0.40841764,-0.05953878,-0.51589197,0.6372529,0.5038107,-0.5052047,0.76269,0.05502712","-0.39591086,-0.9540402,-0.88086694","-0.31893545,-0.5395933,-0.15417084,-0.5100943,0.80862135,0.0731219,-0.5052047,0.76269,0.05502712",0.0
"-0.31893545,-0.5395933,-0.15417084,-0.5100943,0.80862135,0.0731219,-0.5052047,0.76269,0.05502712","0.247195,0.5243869,-0.72102624","-0.29533014,-0.46749285,-0.2316311,-0.5462518,0.7387715,0.1175459,-0.5052047,0.76269,0.05502712",0.0
"-0.29533014,-0.46749285,-0.2316311,-0.5462518,0.7387715,0.1175459,-0.5052047,0.76269,0.05502712","-0.15441877,0.077139735,-0.5475421","-0.310076,-0.4568866,-0.29045388,-0.5014586,0.7485599,0.05063419,-0.5052047,0.76269,0.05502712",0.0
"0.0,0.0,0.0,2.8652207e-07,0.005789075,0.993462,-0.56222224,0.6192982,0.33098742","-0.97893417,-0.9755249,-0.5279063","-0.093481116,-0.13412966,-0.056713298,-0.34339643,0.10989975,0.9140738,-0.56222224,0.6192982,0.33098742",0.0
"-0.093481116,-0.13412966,-0.056713298,-0.34339643,0.10989975,0.9140738,-0.56222224,0.6192982,0.33098742","-0.9828394,-0.9651909,-0.3143822","-0.18733515,-0.26683846,-0.090487555,-0.5310539,0.36140215,0.718681,-0.56222224,0.6192982,0.33098742",0.0
"-0.18733515,-0.26683846,-0.090487555,-0.5310539,0.36140215,0.718681,-0.56222224,0.6192982,0.33098742","-0.91514856,-0.9706408,-0.66892874","-0.2747252,-0.4002966,-0.16235097,-0.55726683,0.6602438,0.37188226,-0.56222224,0.6192982,0.33098742",0.0
"-0.2747252,-0.4002966,-0.16235097,-0.55726683,0.6602438,0.37188226,-0.56222224,0.6192982,0.33098742","0.08314204,0.4530778,-0.7324269","-0.26678574,-0.33800077,-0.24103604,-0.5480852,0.61782646,0.3801129,-0.56222224,0.6192982,0.33098742",0.0
"-0.26678574,-0.33800077,-0.24103604,-0.5480852,0.61782646,0.3801129,-0.56222224,0.6192982,0.33098742","0.026868582,-0.07167107,-0.33665264","-0.26421997,-0.34785518,-0.27720284,-0.5623837,0.62359816,0.3039355,-0.56222224,0.6192982,0.33098742",0.0
"-0.26421997,-0.34785518,-0.27720284,-0.5623837,0.62359816,0.3039355,-0.56222224,0.6192982,0.33098742","0.022409558,0.3590834,-0.22852802","-0.26208,-0.2984831,-0.30175376,-0.53825754,0.58926314,0.36434406,-0.56222224,0.6192982,0.33098742",0.0
"-0.26208,-0.2984831,-0.30175376,-0.53825754,0.58926314,0.36434406,-0.56222224,0.6192982,0.33098742","-0.040531576,-0.29865646,0.1206485","-0.2659505,-0.33954683,-0.2887924,-0.55473405,0.6219467,0.3028074,-0.56222224,0.6192982,0.33098742",0.0
"-0.2659505,-0.33954683,-0.2887924,-0.55473405,0.6219467,0.3028074,-0.56222224,0.6192982,0.33098742","0.053672075,0.26225066,-0.10578209","-0.26082522,-0.30348873,-0.30015668,-0.54365677,0.59043413,0.35705817,-0.56222224,0.6192982,0.33098742",0.0
"-0.26082522,-0.30348873,-0.30015668,-0.54365677,0.59043413,0.35705817,-0.56222224,0.6192982,0.33098742","-0.033654988,-0.22152054,0.080910325","-0.264039,-0.3339467,-0.29146442,-0.5553923,0.61525434,0.3099912,-0.56222224,0.6192982,0.33098742",0.0
"-0.264039,-0.3339467,-0.29146442,-0.5553923,0.61525434,0.3099912,-0.56222224,0.6192982,0.33098742","0.03351748,0.18068981,-0.057792664","-0.26083833,-0.3091028,-0.29767314,-0.546998,0.59405947,0.3499018,-0.56222224,0.6192982,0.33098742",0.0
"-0.26083833,-0.3091028,-0.29767314,-0.546998,0.59405947,0.3499018,-0.56222224,0.6192982,0.33098742","-0.026984394,-0.15139538,0.0466218","-0.26341516,-0.32991892,-0.29266453,-0.5543389,0.6117077,0.3162462,-0.56222224,0.6192982,0.33098742",0.0
"0.0,0.0,0.0,2.8652207e-07,0.005789075,0.993462,-0.29473686,-0.043333333,0.5737357","0.29774415,-0.90124154,-0.948111","0.0284324,-0.123916075,-0.101856165,-0.3943121,-0.029502803,0.8895471,-0.29473686,-0.043333333,0.5737357",0.0
"0.0284324,-0.123916075,-0.101856165,-0.3943121,-0.029502803,0.8895471,-0.29473686,-0.043333333,0.5737357","0.31373417,0.25585997,-0.9847626","0.058391735,-0.088736646,-0.20764986,-0.43799084,-0.07537218,0.8241021,-0.29473686,-0.043333333,0.5737357",0.0
"0.058391735,-0.088736646,-0.20764986,-0.43799084,-0.07537218,0.8241021,-0.29473686,-0.043333333,0.5737357","0.097620964,0.38779068,-0.98875254","0.06771383,-0.03541742,-0.3138722,-0.4371181,-0.08849384,0.7562679,-0.29473686,-0.043333333,0.5737357",0.0
"0.06771383,-0.03541742,-0.3138722,-0.4371181,-0.08849384,0.7562679,-0.29473686,-0.043333333,0.5737357","-0.035424054,0.43275094,-0.9783324","0.06433109,0.024083616,-0.41897509,-0.41607788,-0.079344794,0.67854375,-0.29473686,-0.043333333,0.5737357",0.0
"0.06433109,0.024083616,-0.41897509,-0.41607788,-0.079344794,0.67854375,-0.29473686,-0.043333333,0.5737357","-0.06798047,0.40477622,-0.93899477","0.057839453,0.079738274,-0.5198519,-0.38771144,-0.06534994,0.5876374,-0.29473686,-0.043333333,0.5737357",0.0
"0.057839453,0.079738274,-0.5198519,-0.38771144,-0.06534994,0.5876374,-0.29473686,-0.043333333,0.5737357","-0.016204298,0.48108423,-0.7522829","0.056292064,0.14588489,-0.6006702,-0.32999173,-0.053093094,0.524201,-0.29473686,-0.043333333,0.5737357",0.0
"0.056292064,0.14588489,-0.6006702,-0.32999173,-0.053093094,0.524201,-0.29473686,-0.043333333,0.5737357","-0.022316694,0.32732475,0.01714003","0.054160994,0.19089039,-0.5988289,-0.2724726,-0.040940452,0.56047046,-0.29473686,-0.043333333,0.5737357",0.0
"0.054160994,0.19089039,-0.5988289,-0.2724726,-0.040940452,0.56047046,-0.29473686,-0.043333333,0.5737357","-0.03283018,-0.20846087,0.3110845","0.051025957,0.16222811,-0.565409,-0.29619867,-0.042028114,0.58972853,-0.29473686,-0.043333333,0.5737357",0.0
"0.0,0.0,0.0,2.8652207e-07,0.005789075,0.993462,-0.7583041,0.41695905,-0.0990687","-0.9823825,-0.9796378,-0.9436017","-0.09381041,-0.13469516,-0.10137173,-0.39627647,0.1263414,0.8792868,-0.7583041,0.41695905,-0.0990687",0.0
"-0.09381041,-0.13469516,-0.10137173,-0.39627647,0.1263414,0.8792868,-0.7583041,0.41695905,-0.0990687","-0.8293695,-0.9841284,-0.9279434","-0.17300917,-0.2700078,-0.20106126,-0.6227242,0.38303375,0.56938636,-0.7583041,0.41695905,-0.0990687",0.0
"-0.17300917,-0.2700078,-0.20106126,-0.6227242,0.38303375,0.56938636,-0.7583041,0.41695905,-0.0990687","-0.058543146,-0.9754771,-0.84105486","-0.17859963,-0.40413088,-0.29141632,-0.73990655,0.4718445,0.16371581,-0.7583041,0.41695905,-0.0990687",0.0
"-0.17859963,-0.40413088,-0.29141632,-0.73990655,0.4718445,0.16371581,-0.7583041,0.41695905,-0.0990687","0.40037274,-0.7224599,-0.8488904","-0.14036693,-0.5034654,-0.38261315,-0.76965594,0.36965945,-0.18049546,-0.7583041,0.41695905,-0.0990687",0.0
"-0.14036693,-0.5034654,-0.38261315,-0.76965594,0.36965945,-0.18049546,-0.7583041,0.41695905,-0.0990687","-0.23289466,0.42461634,0.18584323","-0.16260667,-0.44508293,-0.3626479,-0.7525117,0.42839584,-0.030544322,-0.7583041,0.41695905,-0.0990687",0.0
"-0.16260667,-0.44508293,-0.3626479,-0.7525117,0.42839584,-0.030544322,-0.7583041,0.41695905,-0.0990687","0.035548806,-0.28957224,-0.24596089","-0.15921202,-0.48489764,-0.38907164,-0.74357337,0.41298795,-0.15030035,-0.7583041,0.41695905,-0.0990687",0.0
"-0.15921202,-0.48489764,-0.38907164,-0.74357337,0.41298795,-0.15030035,-0.7583041,0.41695905,-0.0990687","0.08641124,0.13178456,0.27799082","-0.15096037,-0.46677798,-0.3592069,-0.77198803,0.40279436,-0.07162487,-0.7583041,0.41695905,-0.0990687",0.0
"-0.15096037,-0.46677798,-0.3592069,-0.77198803,0.40279436,-0.07162487,-0.7583041,0.41695905,-0.0990687","-0.029714227,-0.020587683,-0.21224225","-0.15379786,-0.46960875,-0.3820082,-0.755344,0.4028274,-0.10905768,-0.7583041,0.41695905,-0.0990687",0.0
"0.0,0.0,0.0,2.8652207e-07,0.005789075,0.993462,-0.9032749,-0.1448538,0.05502712","-0.11718446,-0.84232116,-0.9765534","-0.01119027,-0.11581483,-0.104911745,-0.38259733,0.019248437,0.89474446,-0.9032749,-0.1448538,0.05502712",0.0
"-0.01119027,-0.11581483,-0.104911745,-0.38259733,0.019248437,0.89474446,-0.9032749,-0.1448538,0.05502712","0.4882306,-0.97486794,-0.82367814","0.035432205,-0.24985415,-0.19339998,-0.694768,-0.07183302,0.615286,-0.9032749,-0.1448538,0.05502712",0.0
"0.035432205,-0.24985415,-0.19339998,-0.694768,-0.07183302,0.615286,-0.9032749,-0.1448538,0.05502712","0.16374516,-0.97287655,-0.60897166","0.05106868,-0.3836197,-0.2588222,-0.8567426,-0.13278076,0.2581548,-0.9032749,-0.1448538,0.05502712",0.0
"0.05106868,-0.3836197,-0.2588222,-0.8567426,-0.13278076,0.2581548,-0.9032749,-0.1448538,0.05502712","-0.038316786,-0.8379545,-0.33167994","0.047409702,-0.4988342,-0.29445475,-0.8999552,-0.1291871,-0.048032355,-0.9032749,-0.1448538,0.05502712",0.0
"0.047409702,-0.4988342,-0.29445475,-0.8999552,-0.1291871,-0.048032355,-0.9032749,-0.1448538,0.05502712","0.22146702,0.46955144,0.28449035","0.068558194,-0.43427333,-0.26389176,-0.8785049,-0.18626927,0.1410904,-0.9032749,-0.1448538,0.05502712",0.0
"0.068558194,-0.43427333,-0.26389176,-0.8785049,-0.18626927,0.1410904,-0.9032749,-0.1448538,0.05502712","-0.24699807,-0.31790376,-0.39059424","0.04497167,-0.47798353,-0.30585352,-0.89235955,-0.121072866,-0.018823108,-0.9032749,-0.1448538,0.05502712",0.0
"0.04497167,-0.47798353,-0.30585352,-0.89235955,-0.121072866,-0.018823108,-0.9032749,-0.1448538,0.05502712","0.22287273,0.30608106,0.2625432","0.0662544,-0.43589902,-0.27764833,-0.8780732,-0.17953505,0.116255045,-0.9032749,-0.1448538,0.05502712",0.0
"0.0662544,-0.43589902,-0.27764833,-0.8780732,-0.17953505,0.116255045,-0.9032749,-0.1448538,0.05502712","-0.19996017,-0.24693966,-0.2393707","0.047159657,-0.469852,-0.30336404,-0.8908425,-0.12710467,0.0027293002,-0.9032749,-0.1448538,0.05502712",0.0
"0.047159657,-0.469852,-0.30336404,-0.8908425,-0.12710467,0.0027293002,-0.9032749,-0.1448538,0.05502712","0.17883396,0.19598651,0.22460783","0.064237,-0.44290495,-0.27923426,-0.8818545,-0.17451084,0.09847385,-0.9032749,-0.1448538,0.05502712",0.0
"0.064237,-0.44290495,-0.27923426,-0.8818545,-0.17451084,0.09847385,-0.9032749,-0.1448538,0.05502712","-0.15420514,-0.16729152,-0.16542661","0.049511526,-0.4659067,-0.2970061,-0.89138556,-0.13391976,0.020911554,-0.9032749,-0.1448538,0.05502712",0.0
"0.049511526,-0.4659067,-0.2970061,-0.89138556,-0.13391976,0.020911554,-0.9032749,-0.1448538,0.05502712","0.13592637,0.11413729,0.17502844","0.062491506,-0.4502135,-0.27820268,-0.8859805,-0.17030531,0.08400227,-0.9032749,-0.1448538,0.05502712",0.0
"0.062491506,-0.4502135,-0.27820268,-0.8859805,-0.17030531,0.08400227,-0.9032749,-0.1448538,0.05502712","-0.11307055,-0.092927516,-0.11800486","0.05169409,-0.4629906,-0.29088,-0.8918202,-0.14025389,0.03656083,-0.9032749,-0.1448538,0.05502712",0.0
"0.05169409,-0.4629906,-0.29088,-0.8918202,-0.14025389,0.03656083,-0.9032749,-0.1448538,0.05502712","0.09774506,0.04106331,0.13331378","0.061028033,-0.45734468,-0.27655798,-0.88985753,-0.16683254,0.07080032,-0.9032749,-0.1448538,0.05502712",0.0
"0.061028033,-0.45734468,-0.27655798,-0.88985753,-0.16683254,0.07080032,-0.9032749,-0.1448538,0.05502712","-0.0769912,-0.022278309,-0.08837807","0.05367593,-0.46040788,-0.28605247,-0.8917228,-0.14593872,0.049565993,-0.9032749,-0.1448538,0.05502712",0.0
"0.0,0.0,0.0,2.8652207e-07,0.005789075,0.993462,0.0805848,-0.9022807,0.10628343","0.9807129,-0.93281984,-0.9394119","0.09365095,-0.12825793,-0.100921616,-0.38715905,-0.11126308,0.8860932,0.0805848,-0.9022807,0.10628343",0.0
"0.09365095,-0.12825793,-0.100921616,-0.38715905,-0.11126308,0.8860932,0.0805848,-0.9022807,0.10628343","0.9949691,-0.94520646,-0.92460334","0.18866329,-0.25821897,-0.20025231,-0.5958881,-0.394339,0.59131825,0.0805848,-0.9022807,0.10628343",0.0
"0.18866329,-0.25821897,-0.20025231,-0.5958881,-0.394339,0.59131825,0.0805848,-0.9022807,0.10628343","0.99619913,-0.8453639,-0.9528146","0.28379306,-0.37445217,-0.30261377,-0.5436274,-0.66409725,0.20918202,0.0805848,-0.9022807,0.10628343",0.0
"0.28379306,-0.37445217,-0.30261377,-0.5436274,-0.66409725,0.20918202,0.0805848,-0.9022807,0.10628343","0.98859644,-0.29260528,-0.5616314","0.37819687,-0.41468394,-0.36295018,-0.32597932,-0.79439634,0.03297976,0.0805848,-0.9022807,0.10628343",0.0
"0.37819687,-0.41468394,-0.36295018,-0.32597932,-0.79439634,0.03297976,0.0805848,-0.9022807,0.10628343","0.9339615,0.3756566,0.15385807","0.4673834,-0.3630331,-0.3464211,-0.091973186,-0.8378655,0.16519874,0.0805848,-0.9022807,0.10628343",0.0
"0.4673834,-0.3630331,-0.3464211,-0.091973186,-0.8378655,0.16519874,0.0805848,-0.9022807,0.10628343","0.7890494,-0.34527493,0.033940673","0.5427319,-0.41050667,-0.34277484,0.11017314,-0.8589743,0.07170785,0.0805848,-0.9022807,0.10628343",0.0
"0.5427319,-0.41050667,-0.34277484,0.11017314,-0.8589743,0.07170785,0.0805848,-0.9022807,0.10628343","-0.028579652,-0.2700585,0.5812088","0.54000276,-0.44763836,-0.2803352,0.107142836,-0.8942252,0.08639446,0.0805848,-0.9022807,0.10628343",0.0
"0.54000276,-0.44763836,-0.2803352,0.107142836,-0.8942252,0.08639446,0.0805848,-0.9022807,0.10628343","-0.08032024,-0.04662776,0.1734513","0.5323328,-0.4540495,-0.2617012,0.08628098,-0.9035527,0.10092176,0.0805848,-0.9022807,0.10628343",0.0
"0.0,0.0,0.0,2.8652207e-07,0.005789075,0.993462,-0.7140936,-0.11327485,0.53209","0.020602107,-0.80690885,-0.8828796","0.0019673463,-0.11094581,-0.09484831,-0.3612351,0.0035565814,0.907055,-0.7140936,-0.11327485,0.53209",0.0
"0.0019673463,-0.11094581,-0.09484831,-0.3612351,0.0035565814,0.907055,-0.7140936,-0.11327485,0.53209","0.41704583,-0.96113706,-0.4314648","0.04179219,-0.24309725,-0.14120084,-0.64438164,-0.079253644,0.69511503,-0.7140936,-0.11327485,0.53209",0.0
"0.04179219,-0.24309725,-0.14120084,-0.64438164,-0.079253644,0.69511503,-0.7140936,-0.11327485,0.53209","0.17068672,-0.65229565,-0.5257466","0.058091532,-0.33278456,-0.19768213,-0.79448766,-0.14073859,0.45640656,-0.7140936,-0.11327485,0.53209",0.0
"0.058091532,-0.33278456,-0.19768213,-0.79448766,-0.14073859,0.45640656,-0.7140936,-0.11327485,0.53209","0.07943046,0.7093501,-0.5011086","0.06567656,-0.23525262,-0.25151655,-0.6975493,-0.140088,0.55765665,-0.7140936,-0.11327485,0.53209",0.0
"0.06567656,-0.23525262,-0.25151655,-0.6975493,-0.140088,0.55765665,-0.7140936,-0.11327485,0.53209","-0.1541158,-0.049368322,-0.17594683","0.050959613,-0.24204053,-0.27041864,-0.7200819,-0.11041232,0.5177431,-0.7140936,-0.11327485,0.53209",0.0
"0.0,0.0,0.0,2.8652207e-07,0.005789075,0.993462,-0.73491234,0.40432748,0.12066658","-0.9779883,-0.96379757,-0.8908416","-0.0933908,-0.1325172,-0.09570367,-0.3859793,0.122657746,0.88621676,-0.73491234,0.40432748,0.12066658",0.0
"-0.0933908,-0.1325172,-0.09570367,-0.3859793,0.122657746,0.88621676,-0.73491234,0.40432748,0.12066658","-0.87252694,-0.9722913,-0.89622957","-0.17671078,-0.26620227,-0.19198617,-0.60927004,0.3846937,0.58895826,-0.73491234,0.40432748,0.12066658",0.0
"-0.17671078,-0.26620227,-0.19198617,-0.60927004,0.3846937,0.58895826,-0.73491234,0.40432748,0.12066658","-0.13243347,-0.9603342,-0.8129567","-0.18935722,-0.3982433,-0.2793226,-0.7221268,0.49561954,0.195087,-0.73491234,0.40432748,0.12066658",0.0
"-0.18935722,-0.3982433,-0.2793226,-0.7221268,0.49561954,0.195087,-0.73491234,0.40432748,0.12066658","0.42375278,0.1254301,-0.6821717","-0.14889191,-0.38099736,-0.35260874,-0.75620115,0.3884806,0.118666865,-0.73491234,0.40432748,0.12066658",0.0
"-0.14889191,-0.38099736,-0.35260874,-0.75620115,0.3884806,0.118666865,-0.73491234,0.40432748,0.12066658","0.0070171356,0.26078522,-0.3211096","-0.14822182,-0.34514076,-0.38710576,-0.7307304,0.37367827,0.13963622,-0.73491234,0.40432748,0.12066658",0.0
"-0.14822182,-0.34514076,-0.38710576,-0.7307304,0.37367827,0.13963622,-0.73491234,0.40432748,0.12066658","-0.13992763,-0.046343803,-0.120609164","-0.16158389,-0.35151282,-0.4000629,-0.71253437,0.4029748,0.107505806,-0.73491234,0.40432748,0.12066658",0.0
"-0.16158389,-0.35151282,-0.4000629,-0.71253437,0.4029748,0.107505806,-0.73491234,0.40432748,0.12066658","0.0473783,-0.06720215,0.16655695","-0.15705961,-0.36075276,-0.38216957,-0.72830516,0.39824638,0.11562072,-0.73491234,0.40432748,0.12066658",0.0
"0.0,0.0,0.0,2.8652207e-07,0.005789075,0.993462,0.06567252,0.86286545,-0.0990687","-0.76826036,-0.9953385,-0.80978143","-0.0733633,-0.13685392,-0.086995326,-0.39111575,0.097720645,0.88903594,0.06567252,0.86286545,-0.0990687",0.0
"-0.0733633,-0.13685392,-0.086995326,-0.39111575,0.097720645,0.88903594,0.06567252,0.86286545,-0.0990687","-0.9591389,-0.9975425,-0.51138824","-0.1649541,-0.2740109,-0.14193408,-0.6028901,0.3504322,0.6433886,0.06567252,0.86286545,-0.0990687",0.0
"-0.1649541,-0.2740109,-0.14193408,-0.6028901,0.3504322,0.6433886,0.06567252,0.86286545,-0.0990687","-0.9965548,-0.989389,-0.30889094","-0.26011786,-0.41004682,-0.17511842,-0.59569496,0.6432838,0.3317134,0.06567252,0.86286545,-0.0990687",0.0
"-0.26011786,-0.41004682,-0.17511842,-0.59569496,0.6432838,0.3317134,0.06567252,0.86286545,-0.0990687","-0.9951291,-0.8848942,-0.3473","-0.35514545,-0.5317153,-0.21242906,-0.41004723,0.85115623,0.0010919305,0.06567252,0.86286545,-0.0990687",0.0
"-0.35514545,-0.5317153,-0.21242906,-0.41004723,0.85115623,0.0010919305,0.06567252,0.86286545,-0.0990687","-0.9497355,0.44945836,-0.6487249","-0.4458383,-0.46991712,-0.28212196,-0.1480176,0.89569837,0.034520723,0.06567252,0.86286545,-0.0990687",0.0
"-0.4458383,-0.46991712,-0.28212196,-0.1480176,0.89569837,0.034520723,0.06567252,0.86286545,-0.0990687","-0.85939234,0.069950104,-0.80886567","-0.52790403,-0.4602994,-0.3690189,0.081422895,0.8602718,-0.071658775,0.06567252,0.86286545,-0.0990687",0.0
"-0.52790403,-0.4602994,-0.3690189,0.081422895,0.8602718,-0.071658775,0.06567252,0.86286545,-0.0990687","-0.01513052,-0.1275959,-0.09410238","-0.5293489,-0.47784328,-0.37912837,0.084772974,0.85390157,-0.12238441,0.06567252,0.86286545,-0.0990687",0.0
"-0.5293489,-0.47784328,-0.37912837,0.084772974,0.85390157,-0.12238441,0.06567252,0.86286545,-0.0990687","0.050925016,0.049260616,0.14206958","-0.52448595,-0.47107026,-0.36386573,0.07249245,0.8651437,-0.08723855,0.06567252,0.86286545,-0.0990687",0.0
"0.0,0.0,0.0,2.8652207e-07,0.005789075,0.993462,-0.7038012,-0.0057894737,0.62845707","-0.43092394,-0.80130756,-0.891086","-0.041150115,-0.11017566,-0.095729925,-0.35698465,0.052246403,0.9070645,-0.7038012,-0.0057894737,0.62845707",0.0
"-0.041150115,-0.11017566,-0.095729925,-0.35698465,0.052246403,0.9070645,-0.7038012,-0.0057894737,0.62845707","0.13902128,-0.9162322,-0.4433266","-0.027874596,-0.2361529,-0.14335679,-0.6370007,0.061736986,0.7033559,-0.7038012,-0.0057894737,0.62845707",0.0
"-0.027874596,-0.2361529,-0.14335679,-0.6370007,0.061736986,0.7033559,-0.7038012,-0.0057894737,0.62845707","0.29046214,-0.37638414,-0.122920334","-0.00013757343,-0.2879038,-0.1565622,-0.72788155,0.0061037727,0.599664,-0.7038012,-0.0057894737,0.62845707",0.0
"-0.00013757343,-0.2879038,-0.1565622,-0.72788155,0.0061037727,0.599664,-0.7038012,-0.0057894737,0.62845707","0.16534722,0.46526945,-0.33663332","0.015651882,-0.22393166,-0.19272693,-0.6592553,-0.026646445,0.65915376,-0.7038012,-0.0057894737,0.62845707",0.0
"0.015651882,-0.22393166,-0.19272693,-0.6592553,-0.026646445,0.65915376,-0.7038012,-0.0057894737,0.62845707","-0.20671284,-0.21178973,-0.020862043","-0.004087697,-0.25305167,-0.19496815,-0.7038782,0.014829381,0.6076449,-0.7038012,-0.0057894737,0.62845707",0.0
"-0.004087697,-0.25305167,-0.19496815,-0.7038782,0.014829381,0.6076449,-0.7038012,-0.0057894737,0.62845707","0.16576147,0.26442707,-0.08762193","0.011741317,-0.21669433,-0.20438145,-0.6568911,-0.01844805,0.6551342,-0.7038012,-0.0057894737,0.62845707",0.0
"0.011741317,-0.21669433,-0.20438145,-0.6568911,-0.01844805,0.6551342,-0.7038012,-0.0057894737,0.62845707","-0.14777362,-0.23747367,0.0753057","-0.002369995,-0.24934576,-0.19629131,-0.6995312,0.010997952,0.61215323,-0.7038012,-0.0057894737,0.62845707",0.0
"-0.002369995,-0.24934576,-0.19629131,-0.6995312,0.010997952,0.61215323,-0.7038012,-0.0057894737,0.62845707","0.14517403,0.20622468,-0.05036193","0.011493067,-0.22099094,-0.20170176,-0.6614921,-0.018101653,0.65183955,-0.7038012,-0.0057894737,0.62845707",0.0
"0.011493067,-0.22099094,-0.20170176,-0.6614921,-0.018101653,0.65183955,-0.7038012,-0.0057894737,0.62845707","-0.13488233,-0.19444263,0.04790497","-0.0013872198,-0.24772583,-0.1965553,-0.6974197,0.0088285245,0.6145485,-0.7038012,-0.0057894737,0.62845707",0.0
"-0.0013872198,-0.24772583,-0.1965553,-0.6974197,0.0088285245,0.6145485,-0.7038012,-0.0057894737,0.62845707","0.13267958,0.17790449,-0.03761232","0.011282713,-0.22326489,-0.20059605,-0.664141,-0.017757738,0.6496558,-0.7038012,-0.0057894737,0.62845707",0.0
"0.011282713,-0.22326489,-0.20059605,-0.664141,-0.017757738,0.6496558,-0.7038012,-0.0057894737,0.62845707","-0.12631035,-0.16893202,0.034975886","-0.0007790116,-0.2464922,-0.19683859,-0.6958533,0.007492132,0.61625314,-0.7038012,-0.0057894737,0.62845707",0.0
"-0.0007790116,-0.2464922,-0.19683859,-0.6958533,0.007492132,0.61625314,-0.7038012,-0.0057894737,0.62845707","0.124592304,0.15722752,-0.028117657","0.011118646,-0.22487426,-0.19985932,-0.66604376,-0.017481776,0.64804035,-0.7038012,-0.0057894737,0.62845707",0.0
"0.011118646,-0.22487426,-0.19985932,-0.66604376,-0.017481776,0.64804035,-0.7038012,-0.0057894737,0.62845707","-0.11990869,-0.15038264,0.026125193","-0.00033176728,-0.24555111,-0.1970527,-0.69465226,0.006513218,0.61755335,-0.7038012,-0.0057894737,0.62845707",0.0
"-0.00033176728,-0.24555111,-0.1970527,-0.69465226,0.006513218,0.61755335,-0.7038012,-0.0057894737,0.62845707","0.118588924,0.14138412,-0.0208534","0.010992611,-0.22611155,-0.19929302,-0.6675042,-0.01726803,0.6467938,-0.7038012,-0.0057894737,0.62845707",0.0
"0.010992611,-0.22611155,-0.19929302,-0.6675042,-0.01726803,0.6467938,-0.7038012,-0.0057894737,0.62845707","-0.114970505,-0.13604033,0.019355059","1.3759061e-05,-0.24481641,-0.19721372,-0.69370824,0.005759315,0.61857545,-0.7038012,-0.0057894737,0.62845707",0.0
"1.3759061e-05,-0.24481641,-0.19721372,-0.69370824,0.005759315,0.61857545,-0.7038012,-0.0057894737,0.62845707","0.11393702,0.1289146,-0.015176237","0.010893914,-0.22709133,-0.19884415,-0.6686586,-0.017100431,0.64580446,-0.7038012,-0.0057894737,0.62845707",0.0
"0.010893914,-0.22709133,-0.19884415,-0.6686586,-0.017100431,0.64580446,-0.7038012,-0.0057894737,0.62845707","-0.1110723,-0.124639034,0.014007926","0.000287312,-0.24422857,-0.1973393,-0.69294953,0.0051637157,0.6193959,-0.7038012,-0.0057894737,0.62845707",0.0
"0.0,0.0,0.0,2.8652207e-07,0.005789075,0.993462,0.7383626,-0.39298245,0.33098742","-0.95964575,0.98358023,0.96716106","-0.09163919,0.13523723,0.10390272,0.40425944,-0.11367179,0.87656546,0.7383626,-0.39298245,0.33098742",0.0
"-0.09163919,0.13523723,0.10390272,0.40425944,-0.11367179,0.87656546,0.7383626,-0.39298245,0.33098742","-0.93041265,0.9105437,0.9799701","-0.18048686,0.2604323,0.2091815,0.6127899,-0.3833418,0.5747887,0.7383626,-0.39298245,0.33098742",0.0
"-0.18048686,0.2604323,0.2091815,0.6127899,-0.3833418,0.5747887,0.7383626,-0.39298245,0.33098742","-0.32874107,0.74211454,0.6347095","-0.21187924,0.36246926,0.27736872,0.6731561,-0.5211886,0.27353263,0.7383626,-0.39298245,0.33098742",0.0
"-0.21187924,0.36246926,0.27736872,0.6731561,-0.5211886,0.27353263,0.7383626,-0.39298245,0.33098742","0.6104802,0.021277785,-0.39215326","-0.15358281,0.3653949,0.23523946,0.75577396,-0.38932884,0.33306336,0.7383626,-0.39298245,0.33098742",0.0
"-0.15358281,0.3653949,0.23523946,0.75577396,-0.38932884,0.33306336,0.7383626,-0.39298245,0.33098742","0.004938841,-0.23917711,0.29848027","-0.15311119,0.33250928,0.26730537,0.7344483,-0.37677822,0.35051912,0.7383626,-0.39298245,0.33098742",0.0
"-0.15311119,0.33250928,0.26730537,0.7344483,-0.37677822,0.35051912,0.7383626,-0.39298245,0.33098742","-0.042479873,-0.044588387,0.07926917","-0.1571677,0.32637864,0.2758213,0.7256351,-0.38398024,0.3495948,0.7383626,-0.39298245,0.33098742",0.0
"-0.1571677,0.32637864,0.2758213,0.7256351,-0.38398024,0.3495948,0.7383626,-0.39298245,0.33098742","-0.012296617,0.025800586,-0.013889968","-0.15834194,0.32992613,0.27432913,0.7268854,-0.38810518,0.3447985,0.7383626,-0.39298245,0.33098742",0.0
"-0.15834194,0.32992613,0.27432913,0.7268854,-0.38810518,0.3447985,0.7383626,-0.39298245,0.33098742","0.013579011,0.011711717,-0.007238686","-0.15704525,0.33153644,0.27355143,0.729658,-0.38578495,0.34276897,0.7383626,-0.39298245,0.33098742",0.0
"0.0,0.0,0.0,2.8652207e-07,0.005789075,0.993462,0.3383041,0.37608185,0.18532537","-0.7850039,0.97326374,0.9868443","-0.07496217,0.13381876,0.10601731,0.40937167,-0.09227648,0.87619084,0.3383041,0.37608185,0.18532537",0.0
"-0.07496217,0.13381876,0.10601731,0.40937167,-0.09227648,0.87619084,0.3383041,0.37608185,0.18532537","0.8913059,0.9534602,0.9847753","0.010151081,0.26491466,0.21181233,0.72970945,0.029070722,0.5630784,0.3383041,0.37608185,0.18532537",0.0
"0.010151081,0.26491466,0.21181233,0.72970945,0.029070722,0.5630784,0.3383041,0.37608185,0.18532537","0.8878205,0.21732855,0.97791576","0.0949315,0.29479623,0.31687045,0.7590864,0.23940347,0.34795853,0.3383041,0.37608185,0.18532537",0.0
"0.0949315,0.29479623,0.31687045,0.7590864,0.23940347,0.34795853,0.3383041,0.37608185,0.18532537","0.3826264,-0.5450882,0.98668134","0.13146955,0.21984945,0.42287025,0.6626645,0.29672167,0.3220255,0.3383041,0.37608185,0.18532537",0.0
"0.13146955,0.21984945,0.42287025,0.6626645,0.29672167,0.3220255,0.3383041,0.37608185,0.18532537","0.3144127,-0.5580143,0.97750616","0.16149367,0.14312537,0.52788436,0.5567833,0.3161299,0.28817314,0.3383041,0.37608185,0.18532537",0.0
"0.16149367,0.14312537,0.52788436,0.5567833,0.3161299,0.28817314,0.3383041,0.37608185,0.18532537","0.30999494,-0.62037396,0.9466145","0.19109595,0.05782716,0.6295798,0.4405035,0.30860516,0.25771692,0.3383041,0.37608185,0.18532537",0.0
"0.19109595,0.05782716,0.6295798,0.4405035,0.30860516,0.25771692,0.3383041,0.37608185,0.18532537","0.42136967,-0.43981254,0.7515707","0.2313337,-0.0026447896,0.71032155,0.33716398,0.30751747,0.21319202,0.3383041,0.37608185,0.18532537",0.0
"0.2313337,-0.0026447896,0.71032155,0.33716398,0.30751747,0.21319202,0.3383041,0.37608185,0.18532537","0.37236214,0.11691785,-0.060475647","0.26689157,0.013430822,0.70382464,0.3100838,0.35353273,0.2043048,0.3383041,0.37608185,0.18532537",0.0
"0.26689157,0.013430822,0.70382464,0.3100838,0.35353273,0.2043048,0.3383041,0.37608185,0.18532537","0.038082123,0.26544642,-0.35472494","0.27052817,0.04992835,0.66571635,0.33545807,0.39054987,0.2149938,0.3383041,0.37608185,0.18532537",0.0
"0.27052817,0.04992835,0.66571635,0.33545807,0.39054987,0.2149938,0.3383041,0.37608185,0.18532537","-0.15484953,0.10630679,-0.028717518","0.25574115,0.064545,0.6626313,0.3608759,0.3824748,0.20086066,0.3383041,0.37608185,0.18532537",0.0
"0.25574115,0.064545,0.6626313,0.3608759,0.3824748,0.20086066,0.3383041,0.37608185,0.18532537","-0.08540672,-0.11530733,0.24375665","0.24758543,0.048690848,0.6888183,0.35262856,0.35544577,0.18372487,0.3383041,0.37608185,0.18532537",0.0
"0.24758543,0.048690848,0.6888183,0.35262856,0.35544577,0.18372487,0.3383041,0.37608185,0.18532537","0.06215191,-0.08725971,0.14716506","0.2535205,0.0366931,0.70462835,0.33410004,0.34985384,0.1761041,0.3383041,0.37608185,0.18532537",0.0
"0.2535205,0.0366931,0.70462835,0.33410004,0.34985384,0.1761041,0.3383041,0.37608185,0.18532537","0.086266756,0.034715414,-0.07781768","0.26175836,0.041466303,0.6962684,0.33041888,0.36428702,0.18205678,0.3383041,0.37608185,0.18532537",0.0
"0.0,0.0,0.0,2.8652207e-07,0.005789075,0.993462,0.75520474,-0.40210524,0.2833269","-0.9632008,0.9879432,0.9693413","-0.09197868,0.13583711,0.104136944,0.40551457,-0.114511885,0.8757478,0.75520474,-0.40210524,0.2833269",0.0
"-0.09197868,0.13583711,0.104136944,0.40551457,-0.114511885,0.8757478,0.75520474,-0.40210524,0.2833269","-0.94454694,0.9367124,0.9812052","-0.18217605,0.26463026,0.20954844,0.61566406,-0.38975593,0.56683266,0.75520474,-0.40210524,0.2833269",0.0
"-0.18217605,0.26463026,0.20954844,0.61566406,-0.38975593,0.56683266,0.75520474,-0.40210524,0.2833269","-0.31957936,0.7974236,0.76223254","-0.21269357,0.3742719,0.29143554,0.6780599,-0.5278341,0.2269576,0.75520474,-0.40210524,0.2833269",0.0
"-0.21269357,0.3742719,0.29143554,0.6780599,-0.5278341,0.2269576,0.75520474,-0.40210524,0.2833269","0.59587026,0.13209832,-0.5139523","-0.15579228,0.39243478,0.23622133,0.7728111,-0.40509012,0.2747078,0.75520474,-0.40210524,0.2833269",0.0
"-0.15579228,0.39243478,0.23622133,0.7728111,-0.40509012,0.2747078,0.75520474,-0.40210524,0.2833269","0.03808534,-0.26055497,0.27521837","-0.15215541,0.35660985,0.2657882,0.7540289,-0.38413152,0.30373383,0.75520474,-0.40210524,0.2833269",0.0
"-0.15215541,0.35660985,0.2657882,0.7540289,-0.38413152,0.30373383,0.75520474,-0.40210524,0.2833269","-0.05005914,-0.06374496,0.12024546","-0.15693569,0.34784526,0.27870625,0.7425044,-0.39236468,0.3016103,0.75520474,-0.40210524,0.2833269",0.0
"-0.15693569,0.34784526,0.27870625,0.7425044,-0.39236468,0.3016103,0.75520474,-0.40210524,0.2833269","-0.016390383,0.027731061,-0.0060995817","-0.15850085,0.35165817,0.27805096,0.7432627,-0.39747676,0.29480767,0.75520474,-0.40210524,0.2833269",0.0
"0.0,0.0,0.0,2.8652207e-07,0.005789075,0.993462,-0.7343275,0.56421053,-0.1823602","-0.98910385,-0.9843775,-0.8729205","-0.09445225,-0.13534684,-0.0937784,-0.38868567,0.12489731,0.88499856,-0.7343275,0.56421053,-0.1823602",0.0
"-0.09445225,-0.13534684,-0.0937784,-0.38868567,0.12489731,0.88499856,-0.7343275,0.56421053,-0.1823602","-0.96687824,-0.9911675,-0.8633082","-0.18678209,-0.27162728,-0.18652414,-0.60022575,0.40605602,0.58705246,-0.7343275,0.56421053,-0.1823602",0.0
"-0.18678209,-0.27162728,-0.18652414,-0.60022575,0.40605602,0.58705246,-0.7343275,0.56421053,-0.1823602","-0.46554983,-0.98892355,-0.8375623","-0.23123872,-0.4075992,-0.27650398,-0.6552765,0.58999765,0.1794152,-0.7343275,0.56421053,-0.1823602",0.0
"-0.23123872,-0.4075992,-0.27650398,-0.6552765,0.58999765,0.1794152,-0.7343275,0.56421053,-0.1823602","-0.051520824,-0.9534831,-0.6938976","-0.2361586,-0.53869826,-0.3510498,-0.6395737,0.5940924,-0.21378906,-0.7343275,0.56421053,-0.1823602",0.0
"-0.2361586,-0.53869826,-0.3510498,-0.6395737,0.5940924,-0.21378906,-0.7343275,0.56421053,-0.1823602","0.25566697,-0.45060134,0.70734644","-0.21174425,-0.60065365,-0.2750591,-0.7158656,0.56895185,-0.24766031,-0.7343275,0.56421053,-0.1823602",0.0
"-0.21174425,-0.60065365,-0.2750591,-0.7158656,0.56895185,-0.24766031,-0.7343275,0.56421053,-0.1823602","0.1075865,0.20074809,0.32415295","-0.20147051,-0.57305187,-0.2402351,-0.7533721,0.5598742,-0.13582811,-0.7343275,0.56421053,-0.1823602",0.0
"-0.20147051,-0.57305187,-0.2402351,-0.7533721,0.5598742,-0.13582811,-0.7343275,0.56421053,-0.1823602","-0.020873547,-0.03741491,-0.33365452","-0.20346378,-0.5781963,-0.27607977,-0.7335939,0.55249655,-0.19886112,-0.7343275,0.56421053,-0.1823602",0.0
"-0.20346378,-0.5781963,-0.27607977,-0.7335939,0.55249655,-0.19886112,-0.7343275,0.56421053,-0.1823602","0.0044995546,0.03984487,0.124461174","-0.2030341,-0.5727179,-0.26270878,-0.7412481,0.55662704,-0.16762277,-0.7343275,0.56421053,-0.1823602",0.0
"0.0,0.0,0.0,2.8652207e-07,0.005789075,0.993462,-0.62292403,0.6852047,-0.1823602","-0.98951364,-0.98808616,-0.72470915","-0.09449138,-0.13585676,-0.07785595,-0.371349,0.119646594,0.8971838,-0.62292403,0.6852047,-0.1823602",0.0
"-0.09449138,-0.13585676,-0.07785595,-0.371349,0.119646594,0.8971838,-0.62292403,0.6852047,-0.1823602","-0.96811545,-0.9935422,-0.37472498","-0.18693937,-0.27246374,-0.11811288,-0.5594193,0.37932375,0.6764196,-0.62292403,0.6852047,-0.1823602",0.0
"-0.18693937,-0.27246374,-0.11811288,-0.5594193,0.37932375,0.6764196,-0.62292403,0.6852047,-0.1823602","-0.92547256,-0.9928532,-0.7459544","-0.27531528,-0.40897596,-0.1982512,-0.5669815,0.67411005,0.2983441,-0.62292403,0.6852047,-0.1823602",0.0
"-0.27531528,-0.40897596,-0.1982512,-0.5669815,0.67411005,0.2983441,-0.62292403,0.6852047,-0.1823602","0.015601873,-0.9644004,-0.8135491","-0.2738254,-0.54157615,-0.28565127,-0.59310836,0.6981528,-0.1304453,-0.62292403,0.6852047,-0.1823602",0.0
"-0.2738254,-0.54157615,-0.28565127,-0.59310836,0.6981528,-0.1304453,-0.62292403,0.6852047,-0.1823602","-0.031317353,-0.42781627,0.14012218","-0.27681598,-0.6003987,-0.27059782,-0.5874288,0.70476705,-0.24098434,-0.62292403,0.6852047,-0.1823602",0.0
"-0.27681598,-0.6003987,-0.27059782,-0.5874288,0.70476705,-0.24098434,-0.62292403,0.6852047,-0.1823602","0.11781275,0.13012958,0.35541224","-0.26556572,-0.5825066,-0.23241562,-0.6284018,0.70169693,-0.14604749,-0.62292403,0.6852047,-0.1823602",0.0
"-0.26556572,-0.5825066,-0.23241562,-0.6284018,0.70169693,-0.14604749,-0.62292403,0.6852047,-0.1823602","0.027581334,-0.015410304,-0.26787913","-0.2629319,-0.5846255,-0.261194,-0.6236487,0.6850422,-0.19238451,-0.62292403,0.6852047,-0.1823602",0.0
"0.0,0.0,0.0,2.8652207e-07,0.005789075,0.993462,-0.854503,-0.13672514,-0.0990687","0.21647608,-0.9350001,-0.96834886","0.02067189,-0.1285577,-0.104030326,-0.40655476,-0.020638626,0.88319373,-0.854503,-0.13672514,-0.0990687",0.0
"0.02067189,-0.1285577,-0.104030326,-0.40655476,-0.020638626,0.88319373,-0.854503,-0.13672514,-0.0990687","0.40929973,-0.98540527,-0.80996245","0.05975704,-0.26404586,-0.19104509,-0.7054485,-0.12812093,0.59405714,-0.854503,-0.13672514,-0.0990687",0.0
"0.05975704,-0.26404586,-0.19104509,-0.7054485,-0.12812093,0.59405714,-0.854503,-0.13672514,-0.0990687","-0.2539633,-0.95599407,-0.8576367","0.035505384,-0.39549017,-0.28318152,-0.8689263,-0.091501616,0.19495732,-0.854503,-0.13672514,-0.0990687",0.0
"0.035505384,-0.39549017,-0.28318152,-0.8689263,-0.091501616,0.19495732,-0.854503,-0.13672514,-0.0990687","0.35926604,-0.8406559,-0.8233113","0.069812685,-0.51107603,-0.37163037,-0.8420104,-0.18175994,-0.18216312,-0.854503,-0.13672514,-0.0990687",0.0
"0.069812685,-0.51107603,-0.37163037,-0.8420104,-0.18175994,-0.18216312,-0.854503,-0.13672514,-0.0990687","-0.18983072,0.44241714,0.14787841","0.05168523,-0.45024604,-0.3557437,-0.8600826,-0.13502942,-0.03159142,-0.854503,-0.13672514,-0.0990687",0.0
"0.05168523,-0.45024604,-0.3557437,-0.8600826,-0.13502942,-0.03159142,-0.854503,-0.13672514,-0.0990687","0.030572772,-0.2596482,-0.267204","0.054604705,-0.4859464,-0.3844496,-0.84241074,-0.14007097,-0.1464001,-0.854503,-0.13672514,-0.0990687",0.0
"0.054604705,-0.4859464,-0.3844496,-0.84241074,-0.14007097,-0.1464001,-0.854503,-0.13672514,-0.0990687","0.058925033,0.11010635,0.27574468","0.060231622,-0.47080737,-0.35482615,-0.85923594,-0.15866153,-0.074038215,-0.854503,-0.13672514,-0.0990687",0.0
"0.060231622,-0.47080737,-0.35482615,-0.85923594,-0.15866153,-0.074038215,-0.854503,-0.13672514,-0.0990687","-0.061859787,0.00063335896,-0.20756012","0.05432446,-0.47072032,-0.3771245,-0.8479066,-0.14025527,-0.10474874,-0.854503,-0.13672514,-0.0990687",0.0
"0.0,0.0,0.0,2.8652207e-07,0.005789075,0.993462,-0.7363743,-0.25888887,-0.029571943","0.6976757,-0.95595837,-0.9666078","0.06662296,-0.13143936,-0.10384329,-0.4046427,-0.08003321,0.88047194,-0.7363743,-0.25888887,-0.029571943",0.0
"0.06662296,-0.13143936,-0.10384329,-0.4046427,-0.08003321,0.88047194,-0.7363743,-0.25888887,-0.029571943","0.72647893,-0.9788126,-0.90660006","0.13599642,-0.26602107,-0.20123988,-0.66295725,-0.29547814,0.5762165,-0.7363743,-0.25888887,-0.029571943",0.0
"0.13599642,-0.26602107,-0.20123988,-0.66295725,-0.29547814,0.5762165,-0.7363743,-0.25888887,-0.029571943","-0.2968371,-0.89709294,-0.94701827","0.10765064,-0.38936678,-0.30297863,-0.8200098,-0.2822667,0.17722666,-0.7363743,-0.25888887,-0.029571943",0.0
"0.10765064,-0.38936678,-0.30297863,-0.8200098,-0.2822667,0.17722666,-0.7363743,-0.25888887,-0.029571943","0.14556646,-0.32519192,-0.93193614","0.12155118,-0.43407905,-0.40309712,-0.78113264,-0.30744576,-0.064277165,-0.7363743,-0.25888887,-0.029571943",0.0
"0.12155118,-0.43407905,-0.40309712,-0.78113264,-0.30744576,-0.064277165,-0.7363743,-0.25888887,-0.029571943","-0.072369635,0.49248195,-0.36298192","0.1146404,-0.36636534,-0.4420925,-0.75221014,-0.27708003,0.017457016,-0.7363743,-0.25888887,-0.029571943",0.0
"0.1146404,-0.36636534,-0.4420925,-0.75221014,-0.27708003,0.017457016,-0.7363743,-0.25888887,-0.029571943","-0.0029338002,-0.09467471,-0.3145485","0.114360236,-0.37938264,-0.47588465,-0.7327196,-0.2690063,-0.05330765,-0.7363743,-0.25888887,-0.029571943",0.0
"0.114360236,-0.37938264,-0.47588465,-0.7327196,-0.2690063,-0.05330765,-0.7363743,-0.25888887,-0.029571943","0.041534424,0.0692395,0.09809816","0.11832647,-0.3698626,-0.4653459,-0.7352052,-0.28041282,-0.0211773,-0.7363743,-0.25888887,-0.029571943",0.0
"0.11832647,-0.3698626,-0.4653459,-0.7352052,-0.28041282,-0.0211773,-0.7363743,-0.25888887,-0.029571943","-0.026585996,0.0034811497,-0.10371846","0.11578771,-0.369384,-0.47648844,-0.7297315,-0.27161372,-0.035084363,-0.7363743,-0.25888887,-0.029571943",0.0
"0.0,0.0,0.0,2.8652207e-07,0.005789075,0.993462,-0.68368423,0.37660816,-0.029571943","-0.9679112,-0.97249633,-0.95620096","-0.092428505,-0.13371325,-0.10272527,-0.3965071,0.12452604,0.8791285,-0.68368423,0.37660816,-0.029571943",0.0
"-0.092428505,-0.13371325,-0.10272527,-0.3965071,0.12452604,0.8791285,-0.68368423,0.37660816,-0.029571943","-0.71980035,-0.97635216,-0.92944294","-0.16116421,-0.26795664,-0.20257589,-0.63488895,0.3586837,0.5708811,-0.68368423,0.37660816,-0.029571943",0.0
"-0.16116421,-0.26795664,-0.20257589,-0.63488895,0.3586837,0.5708811,-0.68368423,0.37660816,-0.029571943","-0.127756,-0.8909316,-0.94198537","-0.17336398,-0.3904552,-0.30377397,-0.7391518,0.4545133,0.17369193,-0.68368423,0.37660816,-0.029571943",0.0
"-0.17336398,-0.3904552,-0.30377397,-0.7391518,0.4545133,0.17369193,-0.68368423,0.37660816,-0.029571943","0.29928446,-0.25540566,-0.9010612","-0.1447845,-0.42557222,-0.40057552,-0.7520748,0.37425214,-0.04337658,-0.68368423,0.37660816,-0.029571943",0.0
"-0.1447845,-0.42557222,-0.40057552,-0.7520748,0.37425214,-0.04337658,-0.68368423,0.37660816,-0.029571943","-0.032033443,0.5589173,-0.55974793","-0.14784345,-0.348724,-0.4607096,-0.6992658,0.3568228,0.025686223,-0.68368423,0.37660816,-0.029571943",0.0
"-0.14784345,-0.348724,-0.4607096,-0.6992658,0.3568228,0.025686223,-0.68368423,0.37660816,-0.029571943","-0.09761351,-0.15453899,-0.27648705","-0.15716484,-0.36997232,-0.49041277,-0.6734886,0.36905518,-0.054303758,-0.68368423,0.37660816,-0.029571943",0.0
"-0.15716484,-0.36997232,-0.49041277,-0.6734886,0.36905518,-0.054303758,-0.68368423,0.37660816,-0.029571943","0.009766459,0.027531624,0.17641842","-0.15623221,-0.36618692,-0.47146004,-0.6867457,0.37358907,-0.02232998,-0.68368423,0.37660816,-0.029571943",0.0
"0.0,0.0,0.0,2.8652207e-07,0.005789075,0.993462,0.10292398,-0.43005848,0.46932715","0.92829466,-0.920627,-0.8916173","0.08864539,-0.12658148,-0.09578701,-0.37982643,-0.10257823,0.89192855,0.10292398,-0.43005848,0.46932715",0.0
"0.08864539,-0.12658148,-0.09578701,-0.37982643,-0.10257823,0.89192855,0.10292398,-0.43005848,0.46932715","0.979257,-0.8041908,-0.96899223","0.18215732,-0.2371536,-0.19988647,-0.578479,-0.3657517,0.6277748,0.10292398,-0.43005848,0.46932715",0.0
"0.18215732,-0.2371536,-0.19988647,-0.578479,-0.3657517,0.6277748,0.10292398,-0.43005848,0.46932715","0.99528146,-0.56755376,-0.9498694","0.27719948,-0.31518936,-0.30193153,-0.5283205,-0.618325,0.3312313,0.10292398,-0.43005848,0.46932715",0.0
"0.27719948,-0.31518936,-0.30193153,-0.5283205,-0.618325,0.3312313,0.10292398,-0.43005848,0.46932715","0.9957522,0.001972437,-0.8243258","0.3722866,-0.31491816,-0.39048934,-0.31885597,-0.7367819,0.1943622,0.10292398,-0.43005848,0.46932715",0.0
"0.3722866,-0.31491816,-0.39048934,-0.31885597,-0.7367819,0.1943622,0.10292398,-0.43005848,0.46932715","0.97655416,0.2719059,-0.7562163","0.46554044,-0.27753255,-0.47173014,-0.08685378,-0.7455906,0.14349754,0.10292398,-0.43005848,0.46932715",0.0
"0.46554044,-0.27753255,-0.47173014,-0.08685378,-0.7455906,0.14349754,0.10292398,-0.43005848,0.46932715","0.9417231,0.5149238,-0.7478794","0.55546814,-0.2067332,-0.5520753,0.11073513,-0.6623952,0.15030289,0.10292398,-0.43005848,0.46932715",0.0
"0.55546814,-0.2067332,-0.5520753,0.11073513,-0.6623952,0.15030289,0.10292398,-0.43005848,0.46932715","0.09792471,0.6983,-0.74227667","0.5648193,-0.110720575,-0.6318186,0.10993339,-0.5609849,0.18280767,0.10292398,-0.43005848,0.46932715",0.0
"0.5648193,-0.110720575,-0.6318186,0.10993339,-0.5609849,0.18280767,0.10292398,-0.43005848,0.46932715","-0.06525087,0.64454556,-0.296521","0.5585883,-0.02209889,-0.66367406,0.08522183,-0.489389,0.2523182,0.10292398,-0.43005848,0.46932715",0.0
"0.5585883,-0.02209889,-0.66367406,0.08522183,-0.489389,0.2523182,0.10292398,-0.43005848,0.46932715","0.046388984,0.46952105,0.2136401","0.56301814,0.042457834,-0.64072263,0.08290098,-0.44267938,0.3619865,0.10292398,-0.43005848,0.46932715",0.0
"0.56301814,0.042457834,-0.64072263,0.08290098,-0.44267938,0.3619865,0.10292398,-0.43005848,0.46932715","0.007936716,0.35061073,0.12509","0.563776,0.090665005,-0.62728417,0.07449578,-0.3959044,0.43316785,0.10292398,-0.43005848,0.46932715",0.0
"0.563776,0.090665005,-0.62728417,0.07449578,-0.3959044,0.43316785,0.10292398,-0.43005848,0.46932715","0.14765239,-0.055983245,0.302531","0.57787573,0.0829676,-0.5947831,0.093445584,-0.3981922,0.47619015,0.10292398,-0.43005848,0.46932715",0.0
"0.57787573,0.0829676,-0.5947831,0.093445584,-0.3981922,0.47619015,0.10292398,-0.43005848,0.46932715","0.064431906,-0.1917519,0.12688398","0.5840285,0.056602713,-0.58115196,0.108660884,-0.42419374,0.47016737,0.10292398,-0.43005848,0.46932715",0.0
"0.0,0.0,0.0,2.8652207e-07,0.005789075,0.993462,0.06567252,0.86286545,-0.0990687","-0.76826036,-0.9953385,-0.80978143","-0.0733633,-0.13685392,-0.086995326,-0.39111575,0.097720645,0.88903594,0.06567252,0.86286545,-0.0990687",0.0
"-0.0733633,-0.13685392,-0.086995326,-0.39111575,0.097720645,0.88903594,0.06567252,0.86286545,-0.0990687","-0.9591389,-0.9975425,-0.51138824","-0.1649541,-0.2740109,-0.14193408,-0.6028901,0.3504322,0.6433886,0.06567252,0.86286545,-0.0990687",0.0
"-0.1649541,-0.2740109,-0.14193408,-0.6028901,0.3504322,0.6433886,0.06567252,0.86286545,-0.0990687","-0.9965548,-0.989389,-0.30889094","-0.26011786,-0.41004682,-0.17511842,-0.59569496,0.6432838,0.3317134,0.06567252,0.86286545,-0.0990687",0.0
"-0.26011786,-0.41004682,-0.17511842,-0.59569496,0.6432838,0.3317134,0.06567252,0.86286545,-0.0990687","-0.9951291,-0.8848942,-0.3473","-0.35514545,-0.5317153,-0.21242906,-0.41004723,0.85115623,0.0010919305,0.06567252,0.86286545,-0.0990687",0.0
"-0.35514545,-0.5317153,-0.21242906,-0.41004723,0.85115623,0.0010919305,0.06567252,0.86286545,-0.0990687","-0.9497355,0.44945836,-0.6487249","-0.4458383,-0.46991712,-0.28212196,-0.1480176,0.89569837,0.034520723,0.06567252,0.86286545,-0.0990687",0.0
"-0.4458383,-0.46991712,-0.28212196,-0.1480176,0.89569837,0.034520723,0.06567252,0.86286545,-0.0990687","-0.85939234,0.069950104,-0.80886567","-0.52790403,-0.4602994,-0.3690189,0.081422895,0.8602718,-0.071658775,0.06567252,0.86286545,-0.0990687",0.0
"-0.52790403,-0.4602994,-0.3690189,0.081422895,0.8602718,-0.071658775,0.06567252,0.86286545,-0.0990687","-0.01513052,-0.1275959,-0.09410238","-0.5293489,-0.47784328,-0.37912837,0.084772974,0.85390157,-0.12238441,0.06567252,0.86286545,-0.0990687",0.0
"-0.5293489,-0.47784328,-0.37912837,0.084772974,0.85390157,-0.12238441,0.06567252,0.86286545,-0.0990687","0.050925016,0.049260616,0.14206958","-0.52448595,-0.47107026,-0.36386573,0.07249245,0.8651437,-0.08723855,0.06567252,0.86286545,-0.0990687",0.0
"0.0,0.0,0.0,2.8652207e-07,0.005789075,0.993462,0.2040351,0.78204674,0.22827868","-0.8926889,-0.98831046,-0.5964111","-0.08524531,-0.13588761,-0.06407282,-0.35839313,0.10434552,0.9073677,0.2040351,0.78204674,0.22827868",0.0
"-0.08524531,-0.13588761,-0.06407282,-0.35839313,0.10434552,0.9073677,0.2040351,0.78204674,0.22827868","-0.9807319,-0.9919046,-0.34953177","-0.1788981,-0.2722694,-0.10162322,-0.5564716,0.35729387,0.6969145,0.2040351,0.78204674,0.22827868",0.0
"-0.1788981,-0.2722694,-0.10162322,-0.5564716,0.35729387,0.6969145,0.2040351,0.78204674,0.22827868","-0.9832299,-0.9890857,0.26733363","-0.27278942,-0.40826362,-0.07290337,-0.53809035,0.6300791,0.48576364,0.2040351,0.78204674,0.22827868",0.0
"-0.27278942,-0.40826362,-0.07290337,-0.53809035,0.6300791,0.48576364,0.2040351,0.78204674,0.22827868","-0.96267825,-0.8834816,0.15335763","-0.3647182,-0.52973783,-0.056428023,-0.38054994,0.85488653,0.24704853,0.2040351,0.78204674,0.22827868",0.0
"-0.3647182,-0.52973783,-0.056428023,-0.38054994,0.85488653,0.24704853,0.2040351,0.78204674,0.22827868","-0.9271372,0.26486468,-0.64317477","-0.45325306,-0.49332038,-0.12552465,-0.13033102,0.92064524,0.22434026,0.2040351,0.78204674,0.22827868",0.0
"-0.45325306,-0.49332038,-0.12552465,-0.13033102,0.92064524,0.22434026,0.2040351,0.78204674,0.22827868","-0.83544123,0.6784221,-0.76846355","-0.53303164,-0.40004086,-0.20808116,0.09641884,0.86988103,0.30224898,0.2040351,0.78204674,0.22827868",0.0
"-0.53303164,-0.40004086,-0.20808116,0.09641884,0.86988103,0.30224898,0.2040351,0.78204674,0.22827868","-0.42884052,0.28546906,-0.7131121","-0.5739828,-0.36079037,-0.2846912,0.20142727,0.82582676,0.26558694,0.2040351,0.78204674,0.22827868",0.0
"-0.5739828,-0.36079037,-0.2846912,0.20142727,0.82582676,0.26558694,0.2040351,0.78204674,0.22827868","0.10055661,0.16768289,-0.4483263","-0.56438035,-0.33773485,-0.3328552,0.17236279,0.8117072,0.2377908,0.2040351,0.78204674,0.22827868",0.0
"-0.56438035,-0.33773485,-0.3328552,0.17236279,0.8117072,0.2377908,0.2040351,0.78204674,0.22827868","-0.047293305,0.36098528,-0.45099664","-0.56889653,-0.2881013,-0.38130605,0.17463334,0.76721436,0.26051554,0.2040351,0.78204674,0.22827868",0.0
"-0.56889653,-0.2881013,-0.38130605,0.17463334,0.76721436,0.26051554,0.2040351,0.78204674,0.22827868","-0.15430641,0.04917431,-0.24243748","-0.58363163,-0.2813401,-0.40735126,0.20727308,0.74835974,0.23322573,0.2040351,0.78204674,0.22827868",0.0
"-0.58363163,-0.2813401,-0.40735126,0.20727308,0.74835974,0.23322573,0.2040351,0.78204674,0.22827868","-0.032121062,-0.019594371,0.07386112","-0.58669895,-0.28403425,-0.3994163,0.2154881,0.7499553,0.24031223,0.2040351,0.78204674,0.22827868",0.0
"-0.58669895,-0.28403425,-0.3994163,0.2154881,0.7499553,0.24031223,0.2040351,0.78204674,0.22827868","-0.01413852,-0.094264746,0.107136846","-0.5880491,-0.2969952,-0.38790652,0.22182709,0.7601662,0.23318973,0.2040351,0.78204674,0.22827868",0.0
"-0.5880491,-0.2969952,-0.38790652,0.22182709,0.7601662,0.23318973,0.2040351,0.78204674,0.22827868","0.00020384789,-0.081694245,0.14662242","-0.5880296,-0.30822778,-0.3721548,0.22479156,0.77078813,0.23565038,0.2040351,0.78204674,0.22827868",0.0
"-0.5880296,-0.30822778,-0.3721548,0.22479156,0.77078813,0.23565038,0.2040351,0.78204674,0.22827868","0.0042630434,-0.08957851,0.12874246","-0.5876226,-0.32054436,-0.3583239,0.22681387,0.78172517,0.23275407,0.2040351,0.78204674,0.22827868",0.0
"-0.5876226,-0.32054436,-0.3583239,0.22681387,0.78172517,0.23275407,0.2040351,0.78204674,0.22827868","0.013396621,-0.07080537,0.12419951","-0.5863433,-0.33027977,-0.34498107,0.22606263,0.79123217,0.23399372,0.2040351,0.78204674,0.22827868",0.0
"-0.5863433,-0.33027977,-0.34498107,0.22606263,0.79123217,0.23399372,0.2040351,0.78204674,0.22827868","0.0150927305,-0.056481957,0.090737104","-0.58490205,-0.33804578,-0.33523312,0.22426978,0.79880565,0.23346812,0.2040351,0.78204674,0.22827868",0.0
"-0.58490205,-0.33804578,-0.33523312,0.22426978,0.79880565,0.23346812,0.2040351,0.78204674,0.22827868","0.032896996,-0.0029386282,0.018861532","-0.5817606,-0.33844987,-0.33320683,0.21651815,0.80152386,0.23579709,0.2040351,0.78204674,0.22827868",0.0
"-0.5817606,-0.33844987,-0.33320683,0.21651815,0.80152386,0.23579709,0.2040351,0.78204674,0.22827868","0.03316331,0.06851637,-0.09731257","-0.5785938,-0.32902926,-0.34366116,0.20657232,0.79585886,0.23855083,0.2040351,0.78204674,0.22827868",0.0
"0.0,0.0,0.0,2.8652207e-07,0.005789075,0.993462,-0.68368423,0.37660816,-0.029571943","-0.9679112,-0.97249633,-0.95620096","-0.092428505,-0.13371325,-0.10272527,-0.3965071,0.12452604,0.8791285,-0.68368423,0.37660816,-0.029571943",0.0
"-0.092428505,-0.13371325,-0.10272527,-0.3965071,0.12452604,0.8791285,-0.68368423,0.37660816,-0.029571943","-0.71980035,-0.97635216,-0.92944294","-0.16116421,-0.26795664,-0.20257589,-0.63488895,0.3586837,0.5708811,-0.68368423,0.37660816,-0.029571943",0.0
"-0.16116421,-0.26795664,-0.20257589,-0.63488895,0.3586837,0.5708811,-0.68368423,0.37660816,-0.029571943","-0.127756,-0.8909316,-0.94198537","-0.17336398,-0.3904552,-0.30377397,-0.7391518,0.4545133,0.17369193,-0.68368423,0.37660816,-0.029571943",0.0
"-0.17336398,-0.3904552,-0.30377397,-0.7391518,0.4545133,0.17369193,-0.68368423,0.37660816,-0.029571943","0.29928446,-0.25540566,-0.9010612","-0.1447845,-0.42557222,-0.40057552,-0.7520748,0.37425214,-0.04337658,-0.68368423,0.37660816,-0.029571943",0.0
"-0.1447845,-0.42557222,-0.40057552,-0.7520748,0.37425214,-0.04337658,-0.68368423,0.37660816,-0.029571943","-0.032033443,0.5589173,-0.55974793","-0.14784345,-0.348724,-0.4607096,-0.6992658,0.3568228,0.025686223,-0.68368423,0.37660816,-0.029571943",0.0
"-0.14784345,-0.348724,-0.4607096,-0.6992658,0.3568228,0.025686223,-0.68368423,0.37660816,-0.029571943","-0.09761351,-0.15453899,-0.27648705","-0.15716484,-0.36997232,-0.49041277,-0.6734886,0.36905518,-0.054303758,-0.68368423,0.37660816,-0.029571943",0.0
"-0.15716484,-0.36997232,-0.49041277,-0.6734886,0.36905518,-0.054303758,-0.68368423,0.37660816,-0.029571943","0.009766459,0.027531624,0.17641842","-0.15623221,-0.36618692,-0.47146004,-0.6867457,0.37358907,-0.02232998,-0.68368423,0.37660816,-0.029571943",0.0
"0.0,0.0,0.0,2.8652207e-07,0.005789075,0.993462,-0.63859653,-0.33900583,0.53209","0.80854344,-0.9746112,-0.6451101","0.07721003,-0.13400404,-0.06930457,-0.36632594,-0.08467821,0.90531266,-0.63859653,-0.33900583,0.53209",0.0
"0.07721003,-0.13400404,-0.06930457,-0.36632594,-0.08467821,0.90531266,-0.63859653,-0.33900583,0.53209","0.9296956,-0.97402155,-0.3762833","0.1659892,-0.267927,-0.10972891,-0.5765088,-0.32453772,0.69413286,-0.63859653,-0.33900583,0.53209",0.0
"0.1659892,-0.267927,-0.10972891,-0.5765088,-0.32453772,0.69413286,-0.63859653,-0.33900583,0.53209","-0.0011239648,-0.75860727,-0.49745643","0.16588187,-0.3722316,-0.16317095,-0.7277985,-0.41113114,0.4288514,-0.63859653,-0.33900583,0.53209",0.0
"0.16588187,-0.3722316,-0.16317095,-0.7277985,-0.41113114,0.4288514,-0.63859653,-0.33900583,0.53209","-0.08904147,0.8429402,-0.8169451","0.15737906,-0.25633168,-0.25093588,-0.6525768,-0.34521532,0.5212369,-0.63859653,-0.33900583,0.53209",0.0
"0.15737906,-0.25633168,-0.25093588,-0.6525768,-0.34521532,0.5212369,-0.63859653,-0.33900583,0.53209","0.034694314,0.19011879,-0.21745825","0.16069213,-0.23019136,-0.27429757,-0.6287603,-0.340833,0.5328137,-0.63859653,-0.33900583,0.53209",0.0
"0.0,0.0,0.0,2.8652207e-07,0.005789075,0.993462,-0.5689474,0.43549708,0.42487016","-0.9480209,-0.9374606,-0.62270236","-0.09052913,-0.12889601,-0.066897295,-0.34652627,0.107331716,0.91163987,-0.5689474,0.43549708,0.42487016",0.0
"-0.09052913,-0.12889601,-0.066897295,-0.34652627,0.107331716,0.91163987,-0.5689474,0.43549708,0.42487016","-0.9495375,-0.95230824,-0.7592094","-0.18120307,-0.25983348,-0.14845963,-0.5705244,0.3719719,0.6587195,-0.5689474,0.43549708,0.42487016",0.0
"-0.18120307,-0.25983348,-0.14845963,-0.5705244,0.3719719,0.6587195,-0.5689474,0.43549708,0.42487016","-0.19950336,-0.71389806,-0.85665894","-0.20025419,-0.35799083,-0.24049103,-0.6793534,0.5015695,0.34022596,-0.5689474,0.43549708,0.42487016",0.0
"-0.20025419,-0.35799083,-0.24049103,-0.6793534,0.5015695,0.34022596,-0.5689474,0.43549708,0.42487016","-0.49930418,0.935688,-0.84112865","-0.24793412,-0.22933859,-0.33085403,-0.5166867,0.5181591,0.44834185,-0.5689474,0.43549708,0.42487016",0.0
"-0.24793412,-0.22933859,-0.33085403,-0.5166867,0.5181591,0.44834185,-0.5689474,0.43549708,0.42487016","0.24108231,0.12890983,-0.41038114","-0.2249125,-0.21161416,-0.37494153,-0.5432354,0.4713219,0.411296,-0.5689474,0.43549708,0.42487016",0.0
"-0.2249125,-0.21161416,-0.37494153,-0.5432354,0.4713219,0.411296,-0.5689474,0.43549708,0.42487016","0.13534725,0.19430053,-0.20087689","-0.21198782,-0.18489885,-0.3965219,-0.54140776,0.43276417,0.42369276,-0.5689474,0.43549708,0.42487016",0.0
"-0.21198782,-0.18489885,-0.3965219,-0.54140776,0.43276417,0.42369276,-0.5689474,0.43549708,0.42487016","0.012265086,-0.1361835,0.15114856","-0.21081659,-0.2036234,-0.38028395,-0.5573965,0.44199836,0.41691566,-0.5689474,0.43549708,0.42487016",0.0
"0.0,0.0,0.0,2.8652207e-07,0.005789075,0.993462,-0.47812867,0.72128654,-0.0990687","-0.9873142,-0.99069136,-0.4655413","-0.094281346,-0.13621497,-0.050013382,-0.33906153,0.109524384,0.91674274,-0.47812867,0.72128654,-0.0990687",0.0
"-0.094281346,-0.13621497,-0.050013382,-0.33906153,0.109524384,0.91674274,-0.47812867,0.72128654,-0.0990687","-0.9704815,-0.9916223,0.0074921846","-0.18695529,-0.27255794,-0.04920847,-0.5054585,0.34344223,0.7553889,-0.47812867,0.72128654,-0.0990687",0.0
"-0.18695529,-0.27255794,-0.04920847,-0.5054585,0.34344223,0.7553889,-0.47812867,0.72128654,-0.0990687","-0.9580364,-0.98470664,-0.6559328","-0.2784408,-0.4079501,-0.11967571,-0.5433309,0.65929383,0.41953838,-0.47812867,0.72128654,-0.0990687",0.0
"-0.2784408,-0.4079501,-0.11967571,-0.5433309,0.65929383,0.41953838,-0.47812867,0.72128654,-0.0990687","-0.260082,-0.8956658,-0.95385104","-0.30327678,-0.5310996,-0.22214851,-0.5410934,0.7711006,-0.012373563,-0.47812867,0.72128654,-0.0990687",0.0
"-0.30327678,-0.5310996,-0.22214851,-0.5410934,0.7711006,-0.012373563,-0.47812867,0.72128654,-0.0990687","-0.15085715,0.2679274,-0.82782096","-0.31768253,-0.49426103,-0.3110818,-0.48314837,0.7598933,-0.06224444,-0.47812867,0.72128654,-0.0990687",0.0
"-0.31768253,-0.49426103,-0.3110818,-0.48314837,0.7598933,-0.06224444,-0.47812867,0.72128654,-0.0990687","0.06964636,0.16204357,-0.48587704","-0.3110318,-0.47198093,-0.36327985,-0.4810844,0.7232062,-0.08835336,-0.47812867,0.72128654,-0.0990687",0.0
"0.0,0.0,0.0,2.8652207e-07,0.005789075,0.993462,-0.31315792,-0.11362573,0.404603","0.47258282,-0.9224061,-0.95905197","0.045128226,-0.1268261,-0.10303155,-0.39925393,-0.05113851,0.88574153,-0.31315792,-0.11362573,0.404603",0.0
"0.045128226,-0.1268261,-0.10303155,-0.39925393,-0.05113851,0.88574153,-0.31315792,-0.11362573,0.404603","0.66592276,-0.4244374,-0.97676","0.10871901,-0.18518408,-0.20796551,-0.5775083,-0.19915073,0.6991302,-0.31315792,-0.11362573,0.404603",0.0
"0.10871901,-0.18518408,-0.20796551,-0.5775083,-0.19915073,0.6991302,-0.31315792,-0.11362573,0.404603","0.33747506,0.20617378,-0.99551755","0.14094543,-0.15683626,-0.3149146,-0.5768201,-0.26711982,0.59370077,-0.31315792,-0.11362573,0.404603",0.0
"0.14094543,-0.15683626,-0.3149146,-0.5768201,-0.26711982,0.59370077,-0.31315792,-0.11362573,0.404603","-0.2427808,0.4829167,-0.98685944","0.11776163,-0.0904377,-0.42093357,-0.5494775,-0.20688722,0.53372437,-0.31315792,-0.11362573,0.404603",0.0
"0.11776163,-0.0904377,-0.42093357,-0.5494775,-0.20688722,0.53372437,-0.31315792,-0.11362573,0.404603","-0.09374851,0.6566931,-0.9726208","0.10880933,-0.00014578325,-0.5254229,-0.47065106,-0.16131432,0.492085,-0.31315792,-0.11362573,0.404603",0.0
"0.10880933,-0.00014578325,-0.5254229,-0.47065106,-0.16131432,0.492085,-0.31315792,-0.11362573,0.404603","-0.0066408515,0.5522188,-0.91634095","0.10817517,0.075781465,-0.62386596,-0.39664134,-0.1340962,0.42359108,-0.31315792,-0.11362573,0.404603",0.0
"0.10817517,0.075781465,-0.62386596,-0.39664134,-0.1340962,0.42359108,-0.31315792,-0.11362573,0.404603","0.0071507692,0.4881581,-0.67243046","0.10885803,0.14290069,-0.6961056,-0.32929078,-0.1110743,0.37360924,-0.31315792,-0.11362573,0.404603",0.0
"0.10885803,0.14290069,-0.6961056,-0.32929078,-0.1110743,0.37360924,-0.31315792,-0.11362573,0.404603","0.025402546,0.20715797,0.04409492","0.111283794,0.17138386,-0.6913685,-0.30210128,-0.10397976,0.4041805,-0.31315792,-0.11362573,0.404603",0.0
"0.0,0.0,0.0,2.8652207e-07,0.005789075,0.993462,0.18152048,0.6930994,0.42493555","-0.9501054,-0.96377975,-0.026846468","-0.09072818,-0.13251476,-0.0028841135,-0.2740893,0.086343236,0.9460273,0.18152048,0.6930994,0.42493555",0.0
"-0.09072818,-0.13251476,-0.0028841135,-0.2740893,0.086343236,0.9460273,0.18152048,0.6930994,0.42493555","-0.98865956,-0.96785474,-0.42682832","-0.18513799,-0.2655898,-0.04873852,-0.4970144,0.33371514,0.7661561,0.18152048,0.6930994,0.42493555",0.0
"-0.18513799,-0.2655898,-0.04873852,-0.4970144,0.33371514,0.7661561,0.18152048,0.6930994,0.42493555","-0.9593293,-0.9520777,-0.6298897","-0.27674696,-0.39649564,-0.116407946,-0.5378253,0.6457305,0.44798297,0.18152048,0.6930994,0.42493555",0.0
"-0.27674696,-0.39649564,-0.116407946,-0.5378253,0.6457305,0.44798297,0.18152048,0.6930994,0.42493555","-0.97264934,-0.12351251,-0.46557128","-0.36962792,-0.41347802,-0.16642454,-0.3440825,0.80712765,0.3376846,0.18152048,0.6930994,0.42493555",0.0
"-0.36962792,-0.41347802,-0.16642454,-0.3440825,0.80712765,0.3376846,0.18152048,0.6930994,0.42493555","-0.975094,0.61753225,-0.3419916","-0.4627423,-0.32857051,-0.2031649,-0.088174656,0.799471,0.45648536,0.18152048,0.6930994,0.42493555",0.0
"-0.4627423,-0.32857051,-0.2031649,-0.088174656,0.799471,0.45648536,0.18152048,0.6930994,0.42493555","-0.80475414,0.19925857,-0.5725837","-0.5395905,-0.30117354,-0.2646779,0.104280084,0.7873992,0.41651085,0.18152048,0.6930994,0.42493555",0.0
"-0.5395905,-0.30117354,-0.2646779,0.104280084,0.7873992,0.41651085,0.18152048,0.6930994,0.42493555","-0.53833705,0.3544805,-0.3296671","-0.59099776,-0.2524343,-0.30009428,0.21715909,0.71827275,0.4539536,0.18152048,0.6930994,0.42493555",0.0
"-0.59099776,-0.2524343,-0.30009428,0.21715909,0.71827275,0.4539536,0.18152048,0.6930994,0.42493555","0.08872414,-0.22548127,0.0032228231","-0.58252525,-0.28343683,-0.29974806,0.20637679,0.7555082,0.39648098,0.18152048,0.6930994,0.42493555",0.0
"-0.58252525,-0.28343683,-0.29974806,0.20637679,0.7555082,0.39648098,0.18152048,0.6930994,0.42493555","0.093310356,0.12111783,0.0036767721","-0.5736148,-0.2667838,-0.2993531,0.18117991,0.7441328,0.42855728,0.18152048,0.6930994,0.42493555",0.0
"-0.5736148,-0.2667838,-0.2993531,0.18117991,0.7441328,0.42855728,0.18152048,0.6930994,0.42493555","0.02114427,0.11405158,-0.23656827","-0.57159567,-0.25110233,-0.3247678,0.17382067,0.73374736,0.41831803,0.18152048,0.6930994,0.42493555",0.0
"-0.57159567,-0.25110233,-0.3247678,0.17382067,0.73374736,0.41831803,0.18152048,0.6930994,0.42493555","-0.01174587,0.16038644,-0.20489007","-0.5727173,-0.22905003,-0.34677926,0.17190787,0.7137881,0.42419422,0.18152048,0.6930994,0.42493555",0.0
"-0.5727173,-0.22905003,-0.34677926,0.17190787,0.7137881,0.42419422,0.18152048,0.6930994,0.42493555","-0.036628127,0.10299981,-0.17401361","-0.576215,-0.2148881,-0.3654737,0.17676802,0.69967955,0.42028368,0.18152048,0.6930994,0.42493555",0.0
"0.0,0.0,0.0,2.8652207e-07,0.005789075,0.993462,-0.6123977,-0.4839766,-0.029571943","0.98527384,-0.9637319,-0.9050775","0.09408649,-0.13250819,-0.09723305,-0.39079842,-0.112947255,0.8849608,-0.6123977,-0.4839766,-0.029571943",0.0
"0.09408649,-0.13250819,-0.09723305,-0.39079842,-0.112947255,0.8849608,-0.6123977,-0.4839766,-0.029571943","0.9944627,-0.9868736,-0.7036835","0.18905047,-0.26819825,-0.17283021,-0.5924983,-0.39309838,0.6120149,-0.6123977,-0.4839766,-0.029571943",0.0
"0.18905047,-0.26819825,-0.17283021,-0.5924983,-0.39309838,0.6120149,-0.6123977,-0.4839766,-0.029571943","0.65946627,-0.92394525,-0.93684316","0.2520247,-0.395236,-0.27347586,-0.618529,-0.61821073,0.21061271,-0.6123977,-0.4839766,-0.029571943",0.0
"0.2520247,-0.395236,-0.27347586,-0.618529,-0.61821073,0.21061271,-0.6123977,-0.4839766,-0.029571943","-0.40763342,-0.37413538,-0.96937436","0.21309868,-0.44667774,-0.37761632,-0.67584753,-0.5274777,-0.05507724,-0.6123977,-0.4839766,-0.029571943",0.0
"0.21309868,-0.44667774,-0.37761632,-0.67584753,-0.5274777,-0.05507724,-0.6123977,-0.4839766,-0.029571943","-0.0017190576,0.58592725,-0.6206689","0.21293452,-0.3661158,-0.44429514,-0.63128537,-0.49168542,0.014872678,-0.6123977,-0.4839766,-0.029571943",0.0
"0.21293452,-0.3661158,-0.44429514,-0.63128537,-0.49168542,0.014872678,-0.6123977,-0.4839766,-0.029571943","0.0188272,-0.06720257,-0.32880616","0.21473238,-0.37535584,-0.479619,-0.6105061,-0.48085323,-0.050512142,-0.6123977,-0.4839766,-0.029571943",0.0
"0.21473238,-0.37535584,-0.479619,-0.6105061,-0.48085323,-0.050512142,-0.6123977,-0.4839766,-0.029571943","0.021288753,0.024575233,0.11917305","0.2167653,-0.3719769,-0.46681616,-0.61446446,-0.49044883,-0.027201934,-0.6123977,-0.4839766,-0.029571943",0.0
"0.0,0.0,0.0,2.8652207e-07,0.005789075,0.993462,-0.63286555,-0.33590642,0.42493555","0.80741405,-0.95432836,-0.8485594","0.07710218,-0.13121524,-0.091161266,-0.38678843,-0.08960275,0.891188,-0.63286555,-0.33590642,0.42493555",0.0
"0.07710218,-0.13121524,-0.091161266,-0.38678843,-0.08960275,0.891188,-0.63286555,-0.33590642,0.42493555","0.94565344,-0.97364426,-0.5362906","0.16740522,-0.26508632,-0.1487753,-0.5989754,-0.34098095,0.64952964,-0.63286555,-0.33590642,0.42493555",0.0
"0.16740522,-0.26508632,-0.1487753,-0.5989754,-0.34098095,0.64952964,-0.63286555,-0.33590642,0.42493555","-0.01754731,-0.716085,-0.83246565","0.16572957,-0.36354434,-0.2382076,-0.73936886,-0.41730478,0.33229607,-0.63286555,-0.33590642,0.42493555",0.0
"0.16572957,-0.36354434,-0.2382076,-0.73936886,-0.41730478,0.33229607,-0.63286555,-0.33590642,0.42493555","-0.034142196,0.88687444,-0.86019796","0.16246924,-0.24160372,-0.33061922,-0.65285265,-0.35889807,0.42661414,-0.63286555,-0.33590642,0.42493555",0.0
"0.16246924,-0.24160372,-0.33061922,-0.65285265,-0.35889807,0.42661414,-0.63286555,-0.33590642,0.42493555","-0.0052752495,0.20544863,-0.30788887","0.16196549,-0.2133556,-0.36369595,-0.6314415,-0.34560457,0.42574242,-0.63286555,-0.33590642,0.42493555",0.0
"0.0,0.0,0.0,2.8652207e-07,0.005789075,0.993462,-0.21339183,0.8191228,-0.31978464","-0.74437416,-0.9968581,-0.72708225","-0.07108233,-0.13706286,-0.078110896,-0.38176712,0.09263559,0.89583594,-0.21339183,0.8191228,-0.31978464",0.0
"-0.07108233,-0.13706286,-0.078110896,-0.38176712,0.09263559,0.89583594,-0.21339183,0.8191228,-0.31978464","-0.83915585,-0.99129134,-0.68907964","-0.15121563,-0.27336034,-0.15213914,-0.6233592,0.32713252,0.6310302,-0.21339183,0.8191228,-0.31978464",0.0
"-0.15121563,-0.27336034,-0.15213914,-0.6233592,0.32713252,0.6310302,-0.21339183,0.8191228,-0.31978464","-0.99428946,-0.9837864,-0.50436366","-0.24616304,-0.4086259,-0.2063232,-0.62697345,0.62013006,0.2865786,-0.21339183,0.8191228,-0.31978464",0.0
"-0.24616304,-0.4086259,-0.2063232,-0.62697345,0.62013006,0.2865786,-0.21339183,0.8191228,-0.31978464","-0.9840726,-0.9189063,-0.7958635","-0.34013486,-0.5349709,-0.2918233,-0.43430337,0.80281925,-0.12454786,-0.21339183,0.8191228,-0.31978464",0.0
"-0.34013486,-0.5349709,-0.2918233,-0.43430337,0.80281925,-0.12454786,-0.21339183,0.8191228,-0.31978464","-0.9152721,-0.46066952,-0.7769436","-0.4275367,-0.5983106,-0.37529078,-0.18199018,0.8112363,-0.36726424,-0.21339183,0.8191228,-0.31978464",0.0
"-0.4275367,-0.5983106,-0.37529078,-0.18199018,0.8112363,-0.36726424,-0.21339183,0.8191228,-0.31978464","0.06265998,0.06991243,0.27179146","-0.42155313,-0.5886981,-0.34609205,-0.20486628,0.8381203,-0.31348848,-0.21339183,0.8191228,-0.31978464",0.0
"-0.42155313,-0.5886981,-0.34609205,-0.20486628,0.8381203,-0.31348848,-0.21339183,0.8191228,-0.31978464","0.073679924,0.16603458,-0.30569798","-0.41451722,-0.5658692,-0.3789333,-0.21775578,0.8130926,-0.30519122,-0.21339183,0.8191228,-0.31978464",0.0
"0.0,0.0,0.0,2.8652207e-07,0.005789075,0.993462,-0.07251462,-0.80497074,0.22827868","0.9879097,-0.95896834,-0.8615624","0.09433819,-0.13185321,-0.09255819,-0.38416937,-0.111259215,0.8894404,-0.07251462,-0.80497074,0.22827868",0.0
"0.09433819,-0.13185321,-0.09255819,-0.38416937,-0.111259215,0.8894404,-0.07251462,-0.80497074,0.22827868","0.99593496,-0.96178865,-0.8061019","0.18944274,-0.26409423,-0.17915823,-0.59067583,-0.39292285,0.6104495,-0.07251462,-0.80497074,0.22827868",0.0
"0.18944274,-0.26409423,-0.17915823,-0.59067583,-0.39292285,0.6104495,-0.07251462,-0.80497074,0.22827868","0.98915184,-0.8042625,-0.9473599","0.28389958,-0.3746762,-0.28093368,-0.5446627,-0.6658376,0.24248558,-0.07251462,-0.80497074,0.22827868",0.0
"0.28389958,-0.3746762,-0.28093368,-0.5446627,-0.6658376,0.24248558,-0.07251462,-0.80497074,0.22827868","0.96806264,0.29954362,-0.6836469","0.3763425,-0.33349055,-0.3543783,-0.3172135,-0.7597728,0.2130022,-0.07251462,-0.80497074,0.22827868",0.0
"0.3763425,-0.33349055,-0.3543783,-0.3172135,-0.7597728,0.2130022,-0.07251462,-0.80497074,0.22827868","0.87405205,0.188416,-0.20277566","0.45980814,-0.30758435,-0.37616262,-0.106689714,-0.7945127,0.23071992,-0.07251462,-0.80497074,0.22827868",0.0
"0.45980814,-0.30758435,-0.37616262,-0.106689714,-0.7945127,0.23071992,-0.07251462,-0.80497074,0.22827868","0.084442854,0.24350882,-0.31186926","0.4678718,-0.27410316,-0.40966693,-0.08343652,-0.7664081,0.2433248,-0.07251462,-0.80497074,0.22827868",0.0
"0.4678718,-0.27410316,-0.40966693,-0.08343652,-0.7664081,0.2433248,-0.07251462,-0.80497074,0.22827868","0.16866004,-0.16603094,0.11749601","0.48397762,-0.29693156,-0.3970443,-0.045507975,-0.78831816,0.21926239,-0.07251462,-0.80497074,0.22827868",0.0
"0.48397762,-0.29693156,-0.3970443,-0.045507975,-0.78831816,0.21926239,-0.07251462,-0.80497074,0.22827868","-0.03070432,-0.12395948,0.24863672","0.48104557,-0.31397542,-0.37033308,-0.053812392,-0.80538845,0.22717747,-0.07251462,-0.80497074,0.22827868",0.0
"0.48104557,-0.31397542,-0.37033308,-0.053812392,-0.80538845,0.22717747,-0.07251462,-0.80497074,0.22827868","-0.06793988,0.005199671,0.026104212","0.47455782,-0.3132605,-0.3675287,-0.07022123,-0.8041995,0.23291753,-0.07251462,-0.80497074,0.22827868",0.0
"0.0,0.0,0.0,2.8652207e-07,0.005789075,0.993462,-0.069005854,0.90321636,0.10628343","-0.76871943,-0.99638575,-0.2896278","-0.073407136,-0.13699791,-0.031114882,-0.32351443,0.08190541,0.9278777,-0.069005854,0.90321636,0.10628343",0.0
"-0.073407136,-0.13699791,-0.031114882,-0.32351443,0.08190541,0.9278777,-0.069005854,0.90321636,0.10628343","-0.92215693,-0.9835329,-0.17861575","-0.16146643,-0.27222863,-0.050303664,-0.5318136,0.30218962,0.754736,-0.069005854,0.90321636,0.10628343",0.0
"-0.16146643,-0.27222863,-0.050303664,-0.5318136,0.30218962,0.754736,-0.069005854,0.90321636,0.10628343","-0.99073166,-0.98200154,0.38416708","-0.25607413,-0.40724885,-0.009032315,-0.53637415,0.5655957,0.57175636,-0.069005854,0.90321636,0.10628343",0.0
"-0.25607413,-0.40724885,-0.009032315,-0.53637415,0.5655957,0.57175636,-0.069005854,0.90321636,0.10628343","-0.9847229,-0.97114456,-0.16329515","-0.350108,-0.54077625,-0.026575165,-0.41768527,0.8332072,0.26658458,-0.069005854,0.90321636,0.10628343",0.0
"-0.350108,-0.54077625,-0.026575165,-0.41768527,0.8332072,0.26658458,-0.069005854,0.90321636,0.10628343","-0.948303,-0.13584912,-0.6465441","-0.44066405,-0.5594549,-0.09603375,-0.17268866,0.9468935,0.11728805,-0.069005854,0.90321636,0.10628343",0.0
"-0.44066405,-0.5594549,-0.09603375,-0.17268866,0.9468935,0.11728805,-0.069005854,0.90321636,0.10628343","-0.52082026,0.64290607,-0.7471132","-0.49039862,-0.4710587,-0.17629656,-0.022029523,0.9221888,0.19580573,-0.069005854,0.90321636,0.10628343",0.0
"-0.49039862,-0.4710587,-0.17629656,-0.022029523,0.9221888,0.19580573,-0.069005854,0.90321636,0.10628343","0.13487148,-0.39031374,-0.26422387","-0.4775194,-0.5247249,-0.20468229,-0.060886532,0.94276553,0.029131254,-0.069005854,0.90321636,0.10628343",0.0
"-0.4775194,-0.5247249,-0.20468229,-0.060886532,0.94276553,0.029131254,-0.069005854,0.90321636,0.10628343","0.18103755,0.5754311,-0.09722924","-0.4602316,-0.4456061,-0.21512766,-0.107430816,0.90189254,0.19206087,-0.069005854,0.90321636,0.10628343",0.0
"-0.4602316,-0.4456061,-0.21512766,-0.107430816,0.90189254,0.19206087,-0.069005854,0.90321636,0.10628343","-0.086479425,0.04072523,-0.6235324","-0.46848977,-0.44000664,-0.28211412,-0.08288726,0.8931833,0.10039666,-0.069005854,0.90321636,0.10628343",0.0
"-0.46848977,-0.44000664,-0.28211412,-0.08288726,0.8931833,0.10039666,-0.069005854,0.90321636,0.10628343","-0.042252243,0.21600127,-0.1640063","-0.47252455,-0.41030762,-0.2997334,-0.0700172,0.8763424,0.13763212,-0.069005854,0.90321636,0.10628343",0.0
"-0.47252455,-0.41030762,-0.2997334,-0.0700172,0.8763424,0.13763212,-0.069005854,0.90321636,0.10628343","-0.05061692,-0.09444338,-0.090783834","-0.4773581,-0.4232931,-0.3094864,-0.05694213,0.8806691,0.0947777,-0.069005854,0.90321636,0.10628343",0.0
"-0.4773581,-0.4232931,-0.3094864,-0.05694213,0.8806691,0.0947777,-0.069005854,0.90321636,0.10628343","-0.018199265,-0.0099233985,0.1710794","-0.479096,-0.42465755,-0.2911072,-0.05249558,0.88647276,0.11998567,-0.069005854,0.90321636,0.10628343",0.0
"-0.479096,-0.42465755,-0.2911072,-0.05249558,0.88647276,0.11998567,-0.069005854,0.90321636,0.10628343","0.0031073093,-0.10412902,0.06269026","-0.47879928,-0.43897483,-0.28437233,-0.05385387,0.8944011,0.09918401,-0.069005854,0.90321636,0.10628343",0.0
"-0.47879928,-0.43897483,-0.28437233,-0.05385387,0.8944011,0.09918401,-0.069005854,0.90321636,0.10628343","0.01786995,0.026257515,0.08667791","-0.47709283,-0.43536463,-0.27506047,-0.05868509,0.8946146,0.1214169,-0.069005854,0.90321636,0.10628343",0.0
"-0.47709283,-0.43536463,-0.27506047,-0.05868509,0.8946146,0.1214169,-0.069005854,0.90321636,0.10628343","0.01041472,-0.018393219,-0.05064583","-0.4760983,-0.43789366,-0.28050137,-0.06147626,0.8943821,0.10749828,-0.069005854,0.90321636,0.10628343",0.0
"0.0,0.0,0.0,2.8652207e-07,0.005789075,0.993462,-0.05391813,0.7209941,0.53209","-0.9743456,-0.9933044,0.48637116","-0.09304294,-0.13657425,0.052251194,-0.20979477,0.06917757,0.9626633,-0.05391813,0.7209941,0.53209",0.0
"-0.09304294,-0.13657425,0.052251194,-0.20979477,0.06917757,0.9626633,-0.05391813,0.7209941,0.53209","-0.9860047,-0.973509,0.55132234","-0.18719925,-0.27042678,0.11148014,-0.339998,0.23367366,0.87847847,-0.05391813,0.7209941,0.53209",0.0
"-0.18719925,-0.27042678,0.11148014,-0.339998,0.23367366,0.87847847,-0.05391813,0.7209941,0.53209","-0.98960894,-0.96507007,0.09556651","-0.28169972,-0.403119,0.12174697,-0.39932123,0.4971216,0.7137743,-0.05391813,0.7209941,0.53209",0.0
"-0.28169972,-0.403119,0.12174697,-0.39932123,0.4971216,0.7137743,-0.05391813,0.7209941,0.53209","-0.98091567,-0.7937362,0.10361791","-0.37537003,-0.5122537,0.13287878,-0.29377848,0.7267584,0.5341621,-0.05391813,0.7209941,0.53209",0.0
"-0.37537003,-0.5122537,0.13287878,-0.29377848,0.7267584,0.5341621,-0.05391813,0.7209941,0.53209","-0.8935637,0.4159453,-0.46935576","-0.4606989,-0.45506343,0.08245565,-0.08776673,0.7542605,0.5879648,-0.05391813,0.7209941,0.53209",0.0
"-0.4606989,-0.45506343,0.08245565,-0.08776673,0.7542605,0.5879648,-0.05391813,0.7209941,0.53209","-0.45661497,0.14396393,-0.44233155","-0.5043023,-0.4352692,0.034935754,0.01631002,0.7780696,0.5715252,-0.05391813,0.7209941,0.53209",0.0
"-0.5043023,-0.4352692,0.034935754,0.01631002,0.7780696,0.5715252,-0.05391813,0.7209941,0.53209","0.32168818,-0.06998807,-0.28069896","-0.47358343,-0.44489226,0.0047801384,-0.061924357,0.8143244,0.5158037,-0.05391813,0.7209941,0.53209",0.0
"-0.47358343,-0.44489226,0.0047801384,-0.061924357,0.8143244,0.5158037,-0.05391813,0.7209941,0.53209","-0.39747715,0.57299054,-0.48153365","-0.5115396,-0.36610904,-0.04695129,0.033148095,0.7541554,0.60161054,-0.05391813,0.7209941,0.53209",0.0
"-0.5115396,-0.36610904,-0.04695129,0.033148095,0.7541554,0.60161054,-0.05391813,0.7209941,0.53209","0.31326973,-0.36418414,-0.16151828","-0.4816246,-0.41618255,-0.064303264,-0.042238634,0.83126104,0.48163107,-0.05391813,0.7209941,0.53209",0.0
"-0.4816246,-0.41618255,-0.064303264,-0.042238634,0.83126104,0.48163107,-0.05391813,0.7209941,0.53209","-0.2750985,0.64854336,-0.40534115","-0.5078945,-0.3270112,-0.10784931,0.024341421,0.74769694,0.59480876,-0.05391813,0.7209941,0.53209",0.0
"-0.5078945,-0.3270112,-0.10784931,0.024341421,0.74769694,0.59480876,-0.05391813,0.7209941,0.53209","0.2522806,-0.35638678,-0.08736521","-0.48380357,-0.37601256,-0.11723498,-0.035787325,0.81660724,0.4882146,-0.05391813,0.7209941,0.53209",0.0
"-0.48380357,-0.37601256,-0.11723498,-0.035787325,0.81660724,0.4882146,-0.05391813,0.7209941,0.53209","-0.12851751,0.54503715,-0.3278935","-0.49607605,-0.30107278,-0.15246078,-0.0033721912,0.74338365,0.5816606,-0.05391813,0.7209941,0.53209",0.0
"-0.49607605,-0.30107278,-0.15246078,-0.0033721912,0.74338365,0.5816606,-0.05391813,0.7209941,0.53209","0.13601077,-0.24433267,-0.085057676","-0.48308802,-0.3346673,-0.16159858,-0.036285967,0.7913851,0.50579435,-0.05391813,0.7209941,0.53209",0.0
"-0.48308802,-0.3346673,-0.16159858,-0.036285967,0.7913851,0.50579435,-0.05391813,0.7209941,0.53209","-0.002849102,0.37140656,-0.24925572","-0.48336008,-0.28360087,-0.18837626,-0.032984365,0.7412407,0.56301993,-0.05391813,0.7209941,0.53209",0.0
"-0.48336008,-0.28360087,-0.18837626,-0.032984365,0.7412407,0.56301993,-0.05391813,0.7209941,0.53209","0.027567983,-0.09550995,-0.11824405","-0.48072755,-0.296733,-0.20107931,-0.040548686,0.76461715,0.52056,-0.05391813,0.7209941,0.53209",0.0
"-0.48072755,-0.296733,-0.20107931,-0.040548686,0.76461715,0.52056,-0.05391813,0.7209941,0.53209","0.052655935,0.19961691,-0.1544627","-0.47569928,-0.26928672,-0.21767332,-0.05059553,0.73739433,0.5467756,-0.05391813,0.7209941,0.53209",0.0
"-0.47569928,-0.26928672,-0.21767332,-0.05059553,0.73739433,0.5467756,-0.05391813,0.7209941,0.53209","-0.019965112,0.03188157,-0.1473301","-0.47760582,-0.26490322,-0.23350112,-0.0463274,0.73980147,0.53155226,-0.05391813,0.7209941,0.53209",0.0
"-0.47760582,-0.26490322,-0.23350112,-0.0463274,0.73980147,0.53155226,-0.05391813,0.7209941,0.53209","-0.0031235814,0.0833503,-0.09043789","-0.4779041,-0.253443,-0.24321695,-0.044935104,0.7297908,0.53783315,-0.05391813,0.7209941,0.53209",0.0
"0.0,0.0,0.0,2.8652207e-07,0.005789075,0.993462,-0.685731,0.22929823,0.53209","-0.9298941,-0.9284167,-0.71623695","-0.08879814,-0.12765253,-0.07694578,-0.3566688,0.108185165,0.9055022,-0.685731,0.22929823,0.53209",0.0
"-0.08879814,-0.12765253,-0.07694578,-0.3566688,0.108185165,0.9055022,-0.685731,0.22929823,0.53209","-0.6166692,-0.91185474,-0.69921875","-0.14768557,-0.2530279,-0.15206328,-0.5997053,0.30656707,0.6652939,-0.685731,0.22929823,0.53209",0.0
"-0.14768557,-0.2530279,-0.15206328,-0.5997053,0.30656707,0.6652939,-0.685731,0.22929823,0.53209","0.37838054,-0.41263187,-0.6653887","-0.111552976,-0.30976266,-0.2235464,-0.74086285,0.27698174,0.46249327,-0.685731,0.22929823,0.53209",0.0
"-0.111552976,-0.30976266,-0.2235464,-0.74086285,0.27698174,0.46249327,-0.685731,0.22929823,0.53209","-0.23576188,0.8613465,-0.6452037","-0.13406652,-0.19133197,-0.29286107,-0.6113354,0.28021735,0.57108396,-0.685731,0.22929823,0.53209",0.0
"-0.13406652,-0.19133197,-0.29286107,-0.6113354,0.28021735,0.57108396,-0.685731,0.22929823,0.53209","0.13864052,-0.41679496,0.19372487","-0.12082737,-0.24863914,-0.2720491,-0.6825736,0.2785376,0.50349987,-0.685731,0.22929823,0.53209",0.0
"-0.12082737,-0.24863914,-0.2720491,-0.6825736,0.2785376,0.50349987,-0.685731,0.22929823,0.53209","0.009819865,0.4207157,-0.2412517","-0.11988964,-0.19079292,-0.29796696,-0.6246762,0.2533021,0.56442654,-0.685731,0.22929823,0.53209",0.0
"-0.11988964,-0.19079292,-0.29796696,-0.6246762,0.2533021,0.56442654,-0.685731,0.22929823,0.53209","0.063453436,-0.42356038,0.2796328","-0.1138303,-0.2490303,-0.26792586,-0.6875184,0.263089,0.5089931,-0.685731,0.22929823,0.53209",0.0
"-0.1138303,-0.2490303,-0.26792586,-0.6875184,0.263089,0.5089931,-0.685731,0.22929823,0.53209","0.0797801,0.40021694,-0.26739812","-0.10621188,-0.19400255,-0.29665262,-0.638463,0.22744142,0.56108195,-0.685731,0.22929823,0.53209",0.0
"-0.10621188,-0.19400255,-0.29665262,-0.638463,0.22744142,0.56108195,-0.685731,0.22929823,0.53209","-0.054566145,-0.35742712,0.20094085","-0.11142255,-0.24314696,-0.27506545,-0.6852763,0.25634328,0.508802,-0.685731,0.22929823,0.53209",0.0
"-0.11142255,-0.24314696,-0.27506545,-0.6852763,0.25634328,0.508802,-0.685731,0.22929823,0.53209","0.120508194,0.34787095,-0.2143951","-0.09991489,-0.19531651,-0.2980981,-0.6450841,0.21549681,0.5567612,-0.685731,0.22929823,0.53209",0.0
"-0.09991489,-0.19531651,-0.2980981,-0.6450841,0.21549681,0.5567612,-0.685731,0.22929823,0.53209","-0.097157,-0.27156824,0.10816085","-0.10919268,-0.23265576,-0.2864783,-0.6789246,0.2486326,0.5102337,-0.685731,0.22929823,0.53209",0.0
"-0.10919268,-0.23265576,-0.2864783,-0.6789246,0.2486326,0.5102337,-0.685731,0.22929823,0.53209","0.1313734,0.24123824,-0.10320461","-0.09664747,-0.19948675,-0.29756567,-0.6522632,0.21043077,0.5506078,-0.685731,0.22929823,0.53209",0.0
"-0.09664747,-0.19948675,-0.29756567,-0.6522632,0.21043077,0.5506078,-0.685731,0.22929823,0.53209","-0.11626196,-0.1802842,0.038702726","-0.10774964,-0.22427492,-0.29340786,-0.67268896,0.24296233,0.5144893,-0.685731,0.22929823,0.53209",0.0
"-0.10774964,-0.22427492,-0.29340786,-0.67268896,0.24296233,0.5144893,-0.685731,0.22929823,0.53209","0.114846826,0.13502443,-0.0011957884","-0.0967826,-0.20570977,-0.29353634,-0.658292,0.21262757,0.54615813,-0.685731,0.22929823,0.53209",0.0
"-0.0967826,-0.20570977,-0.29353634,-0.658292,0.21262757,0.54615813,-0.685731,0.22929823,0.53209","-0.083028615,-0.11620414,-0.004658103","-0.104711235,-0.22168726,-0.29403678,-0.67216295,0.23556939,0.5180467,-0.685731,0.22929823,0.53209",0.0
"-0.104711235,-0.22168726,-0.29403678,-0.67216295,0.23556939,0.5180467,-0.685731,0.22929823,0.53209","0.070340514,0.096398234,0.021237254","-0.09799422,-0.208433,-0.29175526,-0.66013205,0.21597551,0.54420835,-0.685731,0.22929823,0.53209",0.0
"-0.09799422,-0.208433,-0.29175526,-0.66013205,0.21597551,0.54420835,-0.685731,0.22929823,0.53209","-0.055178165,-0.09814793,-0.007362604","-0.10326334,-0.22192785,-0.29254624,-0.6729889,0.23242924,0.51987255,-0.685731,0.22929823,0.53209",0.0
"0.0,0.0,0.0,2.8652207e-07,0.005789075,0.993462,-0.23292398,0.8962573,-0.1823602","-0.82335573,-0.9953413,-0.38415807","-0.0786245,-0.13685432,-0.04127033,-0.33450967,0.09031884,0.9218264,-0.23292398,0.8962573,-0.1823602",0.0
"-0.0786245,-0.13685432,-0.04127033,-0.33450967,0.09031884,0.9218264,-0.23292398,0.8962573,-0.1823602","-0.8990274,-0.99129087,-0.10932666","-0.16447508,-0.27315173,-0.053015336,-0.53273,0.30935973,0.75050175,-0.23292398,0.8962573,-0.1823602",0.0
"-0.16447508,-0.27315173,-0.053015336,-0.53273,0.30935973,0.75050175,-0.23292398,0.8962573,-0.1823602","-0.9797046,-0.98138916,-0.007707298","-0.25802976,-0.40808773,-0.053843305,-0.5577296,0.5950067,0.51217675,-0.23292398,0.8962573,-0.1823602",0.0
"-0.25802976,-0.40808773,-0.053843305,-0.5577296,0.5950067,0.51217675,-0.23292398,0.8962573,-0.1823602","-0.9829651,-0.9535944,-0.7805123","-0.3518958,-0.5392021,-0.1376942,-0.42385092,0.85715574,0.099748895,-0.23292398,0.8962573,-0.1823602",0.0
"-0.3518958,-0.5392021,-0.1376942,-0.42385092,0.85715574,0.099748895,-0.23292398,0.8962573,-0.1823602","-0.9159168,-0.743271,-0.88664496","-0.4393592,-0.6413981,-0.23294696,-0.17053038,0.9148652,-0.2814912,-0.23292398,0.8962573,-0.1823602",0.0
"-0.4393592,-0.6413981,-0.23294696,-0.17053038,0.9148652,-0.2814912,-0.23292398,0.8962573,-0.1823602","0.19593155,0.34665895,0.31309414","-0.42064914,-0.5937343,-0.19931103,-0.23021981,0.9277758,-0.12292265,-0.23292398,0.8962573,-0.1823602",0.0
"-0.42064914,-0.5937343,-0.19931103,-0.23021981,0.9277758,-0.12292265,-0.23292398,0.8962573,-0.1823602","0.060640216,0.13633895,-0.64562714","-0.41485846,-0.5749885,-0.26867113,-0.23844092,0.8919862,-0.1812321,-0.23292398,0.8962573,-0.1823602",0.0
"0.0,0.0,0.0,2.8652207e-07,0.005789075,0.993462,-0.4894737,-0.5231579,0.42493555","0.9758476,-0.9728294,-0.7807579","0.093186356,-0.13375904,-0.08387731,-0.37818918,-0.10794535,0.89451844,-0.4894737,-0.5231579,0.42493555",0.0
"0.093186356,-0.13375904,-0.08387731,-0.37818918,-0.10794535,0.89451844,-0.4894737,-0.5231579,0.42493555","0.9712517,-0.9559902,-0.74489874","0.18593386,-0.2652028,-0.16390224,-0.5875613,-0.38148892,0.6292744,-0.4894737,-0.5231579,0.42493555",0.0
"0.18593386,-0.2652028,-0.16390224,-0.5875613,-0.38148892,0.6292744,-0.4894737,-0.5231579,0.42493555","0.9016969,-0.8310571,-0.5294466","0.27203935,-0.37946886,-0.22078103,-0.568941,-0.6449167,0.32611117,-0.4894737,-0.5231579,0.42493555",0.0
"0.27203935,-0.37946886,-0.22078103,-0.568941,-0.6449167,0.32611117,-0.4894737,-0.5231579,0.42493555","0.10257506,0.8732796,-0.85501","0.28183454,-0.25939745,-0.3126353,-0.48595124,-0.5852117,0.42178628,-0.4894737,-0.5231579,0.42493555",0.0
"0.28183454,-0.25939745,-0.3126353,-0.48595124,-0.5852117,0.42178628,-0.4894737,-0.5231579,0.42493555","-0.14314342,0.31061196,-0.48965335","0.26816538,-0.21668993,-0.3652391,-0.48589998,-0.5360879,0.41747272,-0.4894737,-0.5231579,0.42493555",0.0
"0.0,0.0,0.0,2.8652207e-07,0.005789075,0.993462,-0.675731,-0.23812865,0.42487016","0.4922055,-0.9128068,-0.8644028","0.04700205,-0.12550624,-0.09286333,-0.38439623,-0.051323798,0.89529306,-0.675731,-0.23812865,0.42487016",0.0
"0.04700205,-0.12550624,-0.09286333,-0.38439623,-0.051323798,0.89529306,-0.675731,-0.23812865,0.42487016","0.7100408,-0.9554189,-0.7800224","0.11480579,-0.25687143,-0.17666163,-0.6545112,-0.24067597,0.62625134,-0.675731,-0.23812865,0.42487016",0.0
"0.11480579,-0.25687143,-0.17666163,-0.6545112,-0.24067597,0.62625134,-0.675731,-0.23812865,0.42487016","-0.023656785,-0.6592456,-0.7732581","0.11254674,-0.34751433,-0.25973323,-0.7880716,-0.2846961,0.3318464,-0.675731,-0.23812865,0.42487016",0.0
"0.11254674,-0.34751433,-0.25973323,-0.7880716,-0.2846961,0.3318464,-0.675731,-0.23812865,0.42487016","0.10738504,0.82226443,-0.67253476","0.12280123,-0.23445725,-0.33198407,-0.68551564,-0.2721697,0.43742254,-0.675731,-0.23812865,0.42487016",0.0
"0.12280123,-0.23445725,-0.33198407,-0.68551564,-0.2721697,0.43742254,-0.675731,-0.23812865,0.42487016","-0.09593642,0.1598767,-0.31940758","0.113639995,-0.21247505,-0.36629823,-0.67586875,-0.24591644,0.4232412,-0.675731,-0.23812865,0.42487016",0.0
"0.0,0.0,0.0,2.8652207e-07,0.005789075,0.993462,0.06567252,0.86286545,-0.0990687","-0.76826036,-0.9953385,-0.80978143","-0.0733633,-0.13685392,-0.086995326,-0.39111575,0.097720645,0.88903594,0.06567252,0.86286545,-0.0990687",0.0
"-0.0733633,-0.13685392,-0.086995326,-0.39111575,0.097720645,0.88903594,0.06567252,0.86286545,-0.0990687","-0.9591389,-0.9975425,-0.51138824","-0.1649541,-0.2740109,-0.14193408,-0.6028901,0.3504322,0.6433886,0.06567252,0.86286545,-0.0990687",0.0
"-0.1649541,-0.2740109,-0.14193408,-0.6028901,0.3504322,0.6433886,0.06567252,0.86286545,-0.0990687","-0.9965548,-0.989389,-0.30889094","-0.26011786,-0.41004682,-0.17511842,-0.59569496,0.6432838,0.3317134,0.06567252,0.86286545,-0.0990687",0.0
"-0.26011786,-0.41004682,-0.17511842,-0.59569496,0.6432838,0.3317134,0.06567252,0.86286545,-0.0990687","-0.9951291,-0.8848942,-0.3473","-0.35514545,-0.5317153,-0.21242906,-0.41004723,0.85115623,0.0010919305,0.06567252,0.86286545,-0.0990687",0.0
"-0.35514545,-0.5317153,-0.21242906,-0.41004723,0.85115623,0.0010919305,0.06567252,0.86286545,-0.0990687","-0.9497355,0.44945836,-0.6487249","-0.4458383,-0.46991712,-0.28212196,-0.1480176,0.89569837,0.034520723,0.06567252,0.86286545,-0.0990687",0.0
"-0.4458383,-0.46991712,-0.28212196,-0.1480176,0.89569837,0.034520723,0.06567252,0.86286545,-0.0990687","-0.85939234,0.069950104,-0.80886567","-0.52790403,-0.4602994,-0.3690189,0.081422895,0.8602718,-0.071658775,0.06567252,0.86286545,-0.0990687",0.0
"-0.52790403,-0.4602994,-0.3690189,0.081422895,0.8602718,-0.071658775,0.06567252,0.86286545,-0.0990687","-0.01513052,-0.1275959,-0.09410238","-0.5293489,-0.47784328,-0.37912837,0.084772974,0.85390157,-0.12238441,0.06567252,0.86286545,-0.0990687",0.0
"-0.5293489,-0.47784328,-0.37912837,0.084772974,0.85390157,-0.12238441,0.06567252,0.86286545,-0.0990687","0.050925016,0.049260616,0.14206958","-0.52448595,-0.47107026,-0.36386573,0.07249245,0.8651437,-0.08723855,0.06567252,0.86286545,-0.0990687",0.0
"0.0,0.0,0.0,2.8652207e-07,0.005789075,0.993462,-0.053391814,0.71450293,0.42493555","-0.95870954,-0.99285364,0.033851743","-0.091549814,-0.13651228,0.0036367355,-0.27346644,0.0869325,0.94616234,-0.053391814,0.71450293,0.42493555",0.0
"-0.091549814,-0.13651228,0.0036367355,-0.27346644,0.0869325,0.94616234,-0.053391814,0.71450293,0.42493555","-0.9857405,-0.9714348,0.20020926","-0.18568088,-0.27007958,0.02514538,-0.43304694,0.2927234,0.82665783,-0.053391814,0.71450293,0.42493555",0.0
"-0.18568088,-0.27007958,0.02514538,-0.43304694,0.2927234,0.82665783,-0.053391814,0.71450293,0.42493555","-0.9949103,-0.97765476,0.07713294","-0.2806876,-0.4045021,0.03343187,-0.46381536,0.5722371,0.6266704,-0.053391814,0.71450293,0.42493555",0.0
"-0.2806876,-0.4045021,0.03343187,-0.46381536,0.5722371,0.6266704,-0.053391814,0.71450293,0.42493555","-0.97619534,-0.60772836,-0.3400157","-0.37390718,-0.48806164,-0.003096179,-0.3310067,0.80643415,0.41638553,-0.053391814,0.71450293,0.42493555",0.0
"-0.37390718,-0.48806164,-0.003096179,-0.3310067,0.80643415,0.41638553,-0.053391814,0.71450293,0.42493555","-0.85011333,0.6999042,-0.7174283","-0.45508683,-0.39182848,-0.08016992,-0.10867572,0.8062763,0.508643,-0.053391814,0.71450293,0.42493555",0.0
"-0.45508683,-0.39182848,-0.08016992,-0.10867572,0.8062763,0.508643,-0.053391814,0.71450293,0.42493555","-0.5342198,0.4148835,-0.8454821","-0.5061009,-0.33478418,-0.17100058,0.02106912,0.79689974,0.4919176,-0.053391814,0.71450293,0.42493555",0.0
"-0.5061009,-0.33478418,-0.17100058,0.02106912,0.79689974,0.4919176,-0.053391814,0.71450293,0.42493555","0.35769844,0.043397427,-0.62926257","-0.4719433,-0.32881728,-0.23860265,-0.0660762,0.81350595,0.40224665,-0.053391814,0.71450293,0.42493555",0.0
"-0.4719433,-0.32881728,-0.23860265,-0.0660762,0.81350595,0.40224665,-0.053391814,0.71450293,0.42493555","-0.26985586,0.5959357,-0.59444124","-0.49771258,-0.24687922,-0.30246386,0.00044015137,0.74475425,0.46044767,-0.053391814,0.71450293,0.42493555",0.0
"-0.49771258,-0.24687922,-0.30246386,0.00044015137,0.74475425,0.46044767,-0.053391814,0.71450293,0.42493555","0.058277488,-0.23328102,-0.052736163","-0.49214754,-0.27895418,-0.30812937,-0.013448577,0.7798587,0.39202097,-0.053391814,0.71450293,0.42493555",0.0
"-0.49214754,-0.27895418,-0.30812937,-0.013448577,0.7798587,0.39202097,-0.053391814,0.71450293,0.42493555","0.17754078,0.34789026,-0.22139376","-0.47519368,-0.23112111,-0.33191386,-0.051361408,0.7321204,0.44351798,-0.053391814,0.71450293,0.42493555",0.0
"-0.47519368,-0.23112111,-0.33191386,-0.051361408,0.7321204,0.44351798,-0.053391814,0.71450293,0.42493555","-0.044178665,0.103310704,-0.30877018","-0.4794124,-0.21691643,-0.36508527,-0.040996708,0.7225832,0.41731274,-0.053391814,0.71450293,0.42493555",0.0
"0.0,0.0,0.0,2.8652207e-07,0.005789075,0.993462,0.0648538,0.8530994,0.2833269","-0.8858391,-0.995974,-0.12629539","-0.08459121,-0.13694131,-0.013567976,-0.29821396,0.08717061,0.9376017,0.0648538,0.8530994,0.2833269",0.0
"-0.08459121,-0.13694131,-0.013567976,-0.29821396,0.08717061,0.9376017,0.0648538,0.8530994,0.2833269","-0.9635102,-0.9882441,-0.076193154","-0.17659944,-0.27281982,-0.021753425,-0.4917082,0.3115397,0.78241456,0.0648538,0.8530994,0.2833269",0.0
"-0.17659944,-0.27281982,-0.021753425,-0.4917082,0.3115397,0.78241456,0.0648538,0.8530994,0.2833269","-0.9917424,-0.99297816,0.7258879","-0.27130365,-0.40934926,0.05622921,-0.47002196,0.54635483,0.6426364,0.0648538,0.8530994,0.2833269",0.0
"-0.27130365,-0.40934926,0.05622921,-0.47002196,0.54635483,0.6426364,0.0648538,0.8530994,0.2833269","-0.98159873,-0.953672,-0.037643015","-0.3650392,-0.5404743,0.05218526,-0.35935223,0.81021595,0.37893355,0.0648538,0.8530994,0.2833269",0.0
"-0.3650392,-0.5404743,0.05218526,-0.35935223,0.81021595,0.37893355,0.0648538,0.8530994,0.2833269","-0.9159769,-0.105626464,-0.38019705","-0.45250836,-0.55499744,0.011340509,-0.13172069,0.9152557,0.2898718,0.0648538,0.8530994,0.2833269",0.0
"-0.45250836,-0.55499744,0.011340509,-0.13172069,0.9152557,0.2898718,0.0648538,0.8530994,0.2833269","-0.8028204,0.6152457,-0.6236664","-0.5291719,-0.47040442,-0.05566032,0.08679425,0.8811116,0.3801564,0.0648538,0.8530994,0.2833269",0.0
"-0.5291719,-0.47040442,-0.05566032,0.08679425,0.8811116,0.3801564,0.0648538,0.8530994,0.2833269","0.15421629,-0.26438856,-0.408772","-0.51444536,-0.50675654,-0.0995749,0.048110586,0.93171644,0.23376116,0.0648538,0.8530994,0.2833269",0.0
"-0.51444536,-0.50675654,-0.0995749,0.048110586,0.93171644,0.23376116,0.0648538,0.8530994,0.2833269","-0.22420079,0.5349194,-0.20395154","-0.5358549,-0.43320796,-0.12148552,0.104695536,0.87398505,0.36340618,0.0648538,0.8530994,0.2833269",0.0
"-0.5358549,-0.43320796,-0.12148552,0.104695536,0.87398505,0.36340618,0.0648538,0.8530994,0.2833269","0.14401007,-0.34627563,-0.17530549","-0.522103,-0.48081917,-0.14031866,0.06990325,0.92157805,0.22973269,0.0648538,0.8530994,0.2833269",0.0
"-0.522103,-0.48081917,-0.14031866,0.06990325,0.92157805,0.22973269,0.0648538,0.8530994,0.2833269","0.014323473,0.45500565,-0.09157342","-0.5207352,-0.4182583,-0.15015642,0.062851176,0.87448543,0.35222998,0.0648538,0.8530994,0.2833269",0.0
"-0.5207352,-0.4182583,-0.15015642,0.062851176,0.87448543,0.35222998,0.0648538,0.8530994,0.2833269","0.053554654,-0.07173616,-0.4026053","-0.5156211,-0.42812172,-0.19340855,0.04969094,0.89364314,0.26438516,0.0648538,0.8530994,0.2833269",0.0
"-0.5156211,-0.42812172,-0.19340855,0.04969094,0.89364314,0.26438516,0.0648538,0.8530994,0.2833269","-0.055263996,0.35506868,-0.22899806","-0.5208984,-0.37930164,-0.21800995,0.06215903,0.8571071,0.33075044,0.0648538,0.8530994,0.2833269",0.0
"-0.5208984,-0.37930164,-0.21800995,0.06215903,0.8571071,0.33075044,0.0648538,0.8530994,0.2833269","0.004216194,-0.08483434,-0.23004961","-0.52049583,-0.39096594,-0.24272433,0.061879445,0.8696607,0.26769373,0.0648538,0.8530994,0.2833269",0.0
"-0.52049583,-0.39096594,-0.24272433,0.061879445,0.8696607,0.26769373,0.0648538,0.8530994,0.2833269","0.033576608,0.22429705,-0.08162916","-0.5172895,-0.36012626,-0.2514938,0.051812533,0.84626883,0.3187305,0.0648538,0.8530994,0.2833269",0.0
"-0.5172895,-0.36012626,-0.2514938,0.051812533,0.84626883,0.3187305,0.0648538,0.8530994,0.2833269","-0.06254858,-0.04606998,-0.17052013","-0.52326244,-0.36646068,-0.26981288,0.06815192,0.85155624,0.27702335,0.0648538,0.8530994,0.2833269",0.0
"0.0,0.0,0.0,2.8652207e-07,0.005789075,0.993462,-0.63859653,-0.33900583,0.53209","0.80854344,-0.9746112,-0.6451101","0.07721003,-0.13400404,-0.06930457,-0.36632594,-0.08467821,0.90531266,-0.63859653,-0.33900583,0.53209",0.0
"0.07721003,-0.13400404,-0.06930457,-0.36632594,-0.08467821,0.90531266,-0.63859653,-0.33900583,0.53209","0.9296956,-0.97402155,-0.3762833","0.1659892,-0.267927,-0.10972891,-0.5765088,-0.32453772,0.69413286,-0.63859653,-0.33900583,0.53209",0.0
"0.1659892,-0.267927,-0.10972891,-0.5765088,-0.32453772,0.69413286,-0.63859653,-0.33900583,0.53209","-0.0011239648,-0.75860727,-0.49745643","0.16588187,-0.3722316,-0.16317095,-0.7277985,-0.41113114,0.4288514,-0.63859653,-0.33900583,0.53209",0.0
"0.16588187,-0.3722316,-0.16317095,-0.7277985,-0.41113114,0.4288514,-0.63859653,-0.33900583,0.53209","-0.08904147,0.8429402,-0.8169451","0.15737906,-0.25633168,-0.25093588,-0.6525768,-0.34521532,0.5212369,-0.63859653,-0.33900583,0.53209",0.0
"0.15737906,-0.25633168,-0.25093588,-0.6525768,-0.34521532,0.5212369,-0.63859653,-0.33900583,0.53209","0.034694314,0.19011879,-0.21745825","0.16069213,-0.23019136,-0.27429757,-0.6287603,-0.340833,0.5328137,-0.63859653,-0.33900583,0.53209",0.0
"0.0,0.0,0.0,2.8652207e-07,0.005789075,0.993462,0.070701756,0.9233333,-0.1823602","-0.69202447,-0.997493,-0.807665","-0.06608332,-0.13715017,-0.08676796,-0.39355198,0.08881479,0.8889274,0.070701756,0.9233333,-0.1823602",0.0
"-0.06608332,-0.13715017,-0.08676796,-0.39355198,0.08881479,0.8889274,0.070701756,0.9233333,-0.1823602","-0.9451866,-0.9985839,-0.5123586","-0.15634178,-0.27445033,-0.14181095,-0.6126426,0.33425727,0.6428023,0.070701756,0.9233333,-0.1823602",0.0
"-0.15634178,-0.27445033,-0.14181095,-0.6126426,0.33425727,0.6428023,0.070701756,0.9233333,-0.1823602","-0.99606127,-0.9947231,-0.2842368","-0.2514584,-0.41121966,-0.17234667,-0.6131846,0.6270565,0.33345374,0.070701756,0.9233333,-0.1823602",0.0
"-0.2514584,-0.41121966,-0.17234667,-0.6131846,0.6270565,0.33345374,0.070701756,0.9233333,-0.1823602","-0.99702895,-0.9553857,-0.025700688","-0.3466674,-0.5425803,-0.17510767,-0.43732095,0.8490239,0.033562064,0.070701756,0.9233333,-0.1823602",0.0
"-0.3466674,-0.5425803,-0.17510767,-0.43732095,0.8490239,0.033562064,0.070701756,0.9233333,-0.1823602","-0.9743962,-0.44399393,-0.35881603","-0.43971518,-0.60362726,-0.21365547,-0.17301212,0.9333401,-0.16721922,0.070701756,0.9233333,-0.1823602",0.0
"-0.43971518,-0.60362726,-0.21365547,-0.17301212,0.9333401,-0.16721922,0.070701756,0.9233333,-0.1823602","-0.83550096,0.62861276,-0.62140155","-0.5194994,-0.5171963,-0.280413,0.061974104,0.91577363,-0.06828946,0.070701756,0.9233333,-0.1823602",0.0
"-0.5194994,-0.5171963,-0.280413,0.061974104,0.91577363,-0.06828946,0.070701756,0.9233333,-0.1823602","-0.2270742,-0.37983763,-0.46979284","-0.5411834,-0.56942207,-0.33088312,0.1194955,0.87353337,-0.2533964,0.070701756,0.9233333,-0.1823602",0.0
"-0.5411834,-0.56942207,-0.33088312,0.1194955,0.87353337,-0.2533964,0.070701756,0.9233333,-0.1823602","0.13882208,-0.05681914,0.6035242","-0.52792686,-0.57723445,-0.26604608,0.08678121,0.9204809,-0.18257396,0.070701756,0.9233333,-0.1823602",0.0
"0.0,0.0,0.0,2.8652207e-07,0.005789075,0.993462,-0.4469006,0.6733918,0.22827868","-0.9880424,-0.9885301,-0.5620806","-0.0943509,-0.13591781,-0.060384665,-0.35092983,0.113230504,0.9099492,-0.4469006,0.6733918,0.22827868",0.0
"-0.0943509,-0.13591781,-0.060384665,-0.35092983,0.113230504,0.9099492,-0.4469006,0.6733918,0.22827868","-0.9843926,-0.98008925,-0.02712226","-0.18835324,-0.27067503,-0.06329841,-0.5132494,0.351912,0.7432349,-0.4469006,0.6733918,0.22827868",0.0
"-0.18835324,-0.27067503,-0.06329841,-0.5132494,0.351912,0.7432349,-0.4469006,0.6733918,0.22827868","-0.96518195,-0.97056603,-0.568696","-0.28052112,-0.40412292,-0.12439375,-0.5378674,0.66144466,0.42057273,-0.4469006,0.6733918,0.22827868",0.0
"-0.28052112,-0.40412292,-0.12439375,-0.5378674,0.66144466,0.42057273,-0.4469006,0.6733918,0.22827868","-0.39911675,-0.22224534,-0.9041772","-0.31863388,-0.43468055,-0.22153005,-0.4814312,0.7622014,0.20618291,-0.4469006,0.6733918,0.22827868",0.0
"-0.31863388,-0.43468055,-0.22153005,-0.4814312,0.7622014,0.20618291,-0.4469006,0.6733918,0.22827868","-0.07665807,0.81235266,-0.8224872","-0.32595417,-0.32298627,-0.30989036,-0.42146838,0.70356196,0.30327702,-0.4469006,0.6733918,0.22827868",0.0
"-0.32595417,-0.32298627,-0.30989036,-0.42146838,0.70356196,0.30327702,-0.4469006,0.6733918,0.22827868","0.14833105,-0.103761554,-0.51673883","-0.3117896,-0.337253,-0.36540395,-0.4540144,0.6865976,0.18847334,-0.4469006,0.6733918,0.22827868",0.0
"-0.3117896,-0.337253,-0.36540395,-0.4540144,0.6865976,0.18847334,-0.4469006,0.6733918,0.22827868","0.07801211,0.44206142,-0.2809124","-0.30434,-0.27647185,-0.39558253,-0.44258368,0.63700676,0.26057988,-0.4469006,0.6733918,0.22827868",0.0
"-0.30434,-0.27647185,-0.39558253,-0.44258368,0.63700676,0.26057988,-0.4469006,0.6733918,0.22827868","-0.09957063,-0.20686746,0.013445497","-0.3138483,-0.3049151,-0.39413807,-0.43434742,0.66653585,0.20828182,-0.4469006,0.6733918,0.22827868",0.0
"-0.3138483,-0.3049151,-0.39413807,-0.43434742,0.66653585,0.20828182,-0.4469006,0.6733918,0.22827868","0.002744317,0.067518234,0.08226311","-0.3135862,-0.2956317,-0.3853005,-0.43264282,0.6627804,0.23984173,-0.4469006,0.6733918,0.22827868",0.0
"-0.3135862,-0.2956317,-0.3853005,-0.43264282,0.6627804,0.23984173,-0.4469006,0.6733918,0.22827868","-0.025221407,-0.09293866,0.013929844","-0.31599465,-0.30841035,-0.38380396,-0.43252227,0.6735563,0.21733548,-0.4469006,0.6733918,0.22827868",0.0
"0.0,0.0,0.0,2.8652207e-07,0.005789075,0.993462,-0.46163744,-0.49292397,0.021030586","0.98359394,-0.965489,-0.9255625","0.09392607,-0.13274977,-0.09943376,-0.3937917,-0.1136427,0.88288397,-0.46163744,-0.49292397,0.021030586",0.0
"0.09392607,-0.13274977,-0.09943376,-0.3937917,-0.1136427,0.88288397,-0.46163744,-0.49292397,0.021030586","0.9883096,-0.9587909,-0.7916079","0.18830247,-0.26457858,-0.18447669,-0.5955287,-0.3931215,0.60226965,-0.46163744,-0.49292397,0.021030586",0.0
"0.18830247,-0.26457858,-0.18447669,-0.5955287,-0.3931215,0.60226965,-0.46163744,-0.49292397,0.021030586","0.87732184,-0.8186125,-0.9694482","0.27208033,-0.37713364,-0.28862512,-0.5697983,-0.64607084,0.22533174,-0.46163744,-0.49292397,0.021030586",0.0
"0.27208033,-0.37713364,-0.28862512,-0.5697983,-0.64607084,0.22533174,-0.46163744,-0.49292397,0.021030586","0.45680046,0.04184282,-0.9774778","0.31570145,-0.37138048,-0.39363617,-0.45878506,-0.6912218,0.07706728,-0.46163744,-0.49292397,0.021030586",0.0
"0.31570145,-0.37138048,-0.39363617,-0.45878506,-0.6912218,0.07706728,-0.46163744,-0.49292397,0.021030586","-0.3818403,0.54690766,-0.9208716","0.2792385,-0.29618353,-0.49256596,-0.48236173,-0.5711888,0.079472676,-0.46163744,-0.49292397,0.021030586",0.0
"0.2792385,-0.29618353,-0.49256596,-0.48236173,-0.5711888,0.079472676,-0.46163744,-0.49292397,0.021030586","0.09824455,0.15708888,-0.68077016","0.2886201,-0.27458465,-0.5657015,-0.42923352,-0.53904736,0.018939799,-0.46163744,-0.49292397,0.021030586",0.0
"0.2886201,-0.27458465,-0.5657015,-0.42923352,-0.53904736,0.018939799,-0.46163744,-0.49292397,0.021030586","-0.17647207,0.06716573,-0.081802905","0.27176833,-0.26534975,-0.57448965,-0.4508895,-0.5083898,0.02311264,-0.46163744,-0.49292397,0.021030586",0.0
"0.27176833,-0.26534975,-0.57448965,-0.4508895,-0.5083898,0.02311264,-0.46163744,-0.49292397,0.021030586","-0.021767735,-0.019114256,-0.007063806","0.26968965,-0.2679779,-0.57524854,-0.45426443,-0.50550747,0.017789727,-0.46163744,-0.49292397,0.021030586",0.0
"0.0,0.0,0.0,2.8652207e-07,0.005789075,0.993462,-0.19280702,-0.78485376,0.22827868","0.98269403,-0.9662471,-0.78163415","0.09384014,-0.13285401,-0.08397145,-0.3763639,-0.10823506,0.8953109,-0.19280702,-0.78485376,0.22827868",0.0
"0.09384014,-0.13285401,-0.08397145,-0.3763639,-0.10823506,0.8953109,-0.19280702,-0.78485376,0.22827868","0.9830512,-0.9465751,-0.79649645","0.18771438,-0.26300323,-0.16953954,-0.5860603,-0.38519952,0.62543786,-0.19280702,-0.78485376,0.22827868",0.0
"0.18771438,-0.26300323,-0.16953954,-0.5860603,-0.38519952,0.62543786,-0.19280702,-0.78485376,0.22827868","0.98232865,-0.9024057,-0.8582353","0.28151965,-0.38707942,-0.2617403,-0.55548984,-0.66890424,0.24627247,-0.19280702,-0.78485376,0.22827868",0.0
"0.28151965,-0.38707942,-0.2617403,-0.55548984,-0.66890424,0.24627247,-0.19280702,-0.78485376,0.22827868","0.94705045,0.25136268,-0.5454883","0.37195608,-0.35251835,-0.32034245,-0.33478907,-0.77210194,0.2271,-0.19280702,-0.78485376,0.22827868",0.0
"0.37195608,-0.35251835,-0.32034245,-0.33478907,-0.77210194,0.2271,-0.19280702,-0.78485376,0.22827868","0.7234802,0.42164707,-0.46800756","0.44104323,-0.2945441,-0.37062082,-0.15178457,-0.77867603,0.26466742,-0.19280702,-0.78485376,0.22827868",0.0
"0.44104323,-0.2945441,-0.37062082,-0.15178457,-0.77867603,0.26466742,-0.19280702,-0.78485376,0.22827868","-0.09461635,-0.34140694,0.13773274","0.43200803,-0.3414858,-0.35582408,-0.18118098,-0.80797464,0.19466957,-0.19280702,-0.78485376,0.22827868",0.0
"0.43200803,-0.3414858,-0.35582408,-0.18118098,-0.80797464,0.19466957,-0.19280702,-0.78485376,0.22827868","-0.06912881,0.27198339,-0.05214399","0.42540675,-0.30408952,-0.36142597,-0.19179393,-0.7784796,0.26037258,-0.19280702,-0.78485376,0.22827868",0.0
"0.42540675,-0.30408952,-0.36142597,-0.19179393,-0.7784796,0.26037258,-0.19280702,-0.78485376,0.22827868","-0.023962677,-0.06420201,-0.19863981","0.4231185,-0.312917,-0.38276595,-0.19783647,-0.7789124,0.21011326,-0.19280702,-0.78485376,0.22827868",0.0
"0.4231185,-0.312917,-0.38276595,-0.19783647,-0.7789124,0.21011326,-0.19280702,-0.78485376,0.22827868","0.0036633015,0.17293835,-0.0689618","0.42346832,-0.28913888,-0.39017454,-0.19275726,-0.76190376,0.24480984,-0.19280702,-0.78485376,0.22827868",0.0
"0.42346832,-0.28913888,-0.39017454,-0.19275726,-0.76190376,0.24480984,-0.19280702,-0.78485376,0.22827868","0.045532346,-0.09097421,-0.02882433","0.42781633,-0.3016474,-0.39327118,-0.18408202,-0.7720493,0.21594416,-0.19280702,-0.78485376,0.22827868",0.0
"0.42781633,-0.3016474,-0.39327118,-0.18408202,-0.7720493,0.21594416,-0.19280702,-0.78485376,0.22827868","0.0041264296,0.017318726,0.08357108","0.42821035,-0.2992662,-0.3842931,-0.18324529,-0.77279496,0.23436692,-0.19280702,-0.78485376,0.22827868",0.0
"0.0,0.0,0.0,2.8652207e-07,0.005789075,0.993462,0.89444447,-0.1433918,0.10628343","-0.13741338,0.9692037,0.9923111","-0.013121976,0.13326053,0.106604606,0.4190844,-0.011491997,0.8762531,0.89444447,-0.1433918,0.10628343",0.0
"-0.013121976,0.13326053,0.106604606,0.4190844,-0.011491997,0.8762531,0.89444447,-0.1433918,0.10628343","-0.6950996,0.9055507,0.9923049","-0.07949894,0.2577691,0.21320856,0.7005115,-0.17271148,0.573729,0.89444447,-0.1433918,0.10628343",0.0
"-0.07949894,0.2577691,0.21320856,0.7005115,-0.17271148,0.573729,0.89444447,-0.1433918,0.10628343","-0.5066831,0.8574791,0.9539733","-0.1278835,0.37566808,0.3156945,0.7909678,-0.3297663,0.1863461,0.89444447,-0.1433918,0.10628343",0.0
"-0.1278835,0.37566808,0.3156945,0.7909678,-0.3297663,0.1863461,0.89444447,-0.1433918,0.10628343","0.43758142,0.24561572,0.037632108","-0.08609764,0.409439,0.31973734,0.8432645,-0.22781226,0.10882005,0.89444447,-0.1433918,0.10628343",0.0
"-0.08609764,0.409439,0.31973734,0.8432645,-0.22781226,0.10882005,0.89444447,-0.1433918,0.10628343","0.40184808,0.18694866,-0.29105985","-0.047724072,0.43514353,0.28846863,0.8841752,-0.12771137,0.101257354,0.89444447,-0.1433918,0.10628343",0.0
"-0.047724072,0.43514353,0.28846863,0.8841752,-0.12771137,0.101257354,0.89444447,-0.1433918,0.10628343","-0.04956186,-0.05246365,0.02506864","-0.052456867,0.4279301,0.29116178,0.8783894,-0.1402134,0.112806894,0.89444447,-0.1433918,0.10628343",0.0
"0.0,0.0,0.0,2.8652207e-07,0.005789075,0.993462,-0.42391816,0.07660819,0.30614382","-0.024314463,-0.83897257,-0.963852","-0.0023218598,-0.11535441,-0.10354723,-0.38044345,0.008564403,0.8962742,-0.42391816,0.07660819,0.30614382",0.0
"-0.0023218598,-0.11535441,-0.10354723,-0.38044345,0.008564403,0.8962742,-0.42391816,0.07660819,0.30614382","-0.3244729,-0.35346377,-0.9449957","-0.03330667,-0.16395387,-0.20506872,-0.5702079,0.065704204,0.7335135,-0.42391816,0.07660819,0.30614382",0.0
"-0.03330667,-0.16395387,-0.20506872,-0.5702079,0.065704204,0.7335135,-0.42391816,0.07660819,0.30614382","-0.33521903,0.7217634,-0.974075","-0.06531765,-0.06471513,-0.30971426,-0.4804131,0.10590229,0.728137,-0.42391816,0.07660819,0.30614382",0.0
"-0.06531765,-0.06471513,-0.30971426,-0.4804131,0.10590229,0.728137,-0.42391816,0.07660819,0.30614382","-0.1085673,0.5106721,-0.9502169","-0.07568504,0.005499658,-0.4117967,-0.43398967,0.111136936,0.6689128,-0.42391816,0.07660819,0.30614382",0.0
"-0.07568504,0.005499658,-0.4117967,-0.43398967,0.111136936,0.6689128,-0.42391816,0.07660819,0.30614382","-0.09397137,0.25228012,-0.9370271","-0.08465862,0.04018688,-0.51246214,-0.42672324,0.12224693,0.5583939,-0.42391816,0.07660819,0.30614382",0.0
"-0.08465862,0.04018688,-0.51246214,-0.42672324,0.12224693,0.5583939,-0.42391816,0.07660819,0.30614382","0.0648247,-0.04911363,-0.8919742","-0.07846833,0.03343401,-0.6082876,-0.44781348,0.11865477,0.4023405,-0.42391816,0.07660819,0.30614382",0.0
"-0.07846833,0.03343401,-0.6082876,-0.44781348,0.11865477,0.4023405,-0.42391816,0.07660819,0.30614382","0.16318667,-0.047337234,-0.52873445","-0.06288519,0.026925383,-0.66508985,-0.44803128,0.09558699,0.3073344,-0.42391816,0.07660819,0.30614382",0.0
"-0.06288519,0.026925383,-0.66508985,-0.44803128,0.09558699,0.3073344,-0.42391816,0.07660819,0.30614382","0.09166956,0.25849175,-0.30666465","-0.054131407,0.062466666,-0.69803506,-0.4112538,0.07649358,0.29530773,-0.42391816,0.07660819,0.30614382",0.0
"0.0,0.0,0.0,2.8652207e-07,0.005789075,0.993462,-0.039239768,0.13134502,0.36001524","-0.3406626,-0.87511146,-0.9478978","-0.03253081,-0.12032332,-0.10183326,-0.38565153,0.04537031,0.8929997,-0.039239768,0.13134502,0.36001524",0.0
"-0.03253081,-0.12032332,-0.10183326,-0.38565153,0.04537031,0.8929997,-0.039239768,0.13134502,0.36001524","-0.92258334,0.95680034,-0.96333057","-0.120630816,0.011231807,-0.2053245,-0.22895746,0.097407214,0.9111925,-0.039239768,0.13134502,0.36001524",0.0
"-0.120630816,0.011231807,-0.2053245,-0.22895746,0.097407214,0.9111925,-0.039239768,0.13134502,0.36001524","-0.84797776,0.87682366,-0.9808565","-0.20160653,0.13179058,-0.31069857,-0.10449991,0.083914794,0.8793428,-0.039239768,0.13134502,0.36001524",0.0
"-0.20160653,0.13179058,-0.31069857,-0.10449991,0.083914794,0.8793428,-0.039239768,0.13134502,0.36001524","-0.6452397,0.4853834,-0.9648439","-0.26322222,0.19852832,-0.41435245,-0.07952808,0.09497557,0.802258,-0.039239768,0.13134502,0.36001524",0.0
"-0.26322222,0.19852832,-0.41435245,-0.07952808,0.09497557,0.802258,-0.039239768,0.13134502,0.36001524","-0.39906085,0.39330876,-0.93730557","-0.30132964,0.25260627,-0.51504785,-0.070601,0.10793916,0.70575666,-0.039239768,0.13134502,0.36001524",0.0
"-0.30132964,0.25260627,-0.51504785,-0.070601,0.10793916,0.70575666,-0.039239768,0.13134502,0.36001524","-0.31809503,0.22259784,-0.8848666","-0.3317054,0.28321236,-0.61010975,-0.07371356,0.13765849,0.5929236,-0.039239768,0.13134502,0.36001524",0.0
"-0.3317054,0.28321236,-0.61010975,-0.07371356,0.13765849,0.5929236,-0.039239768,0.13134502,0.36001524","-0.27248448,0.2959547,-0.8854039","-0.35772568,0.32390466,-0.7052293,-0.062020674,0.14278755,0.47171363,-0.039239768,0.13134502,0.36001524",0.0
"-0.35772568,0.32390466,-0.7052293,-0.062020674,0.14278755,0.47171363,-0.039239768,0.13134502,0.36001524","-0.12572241,0.071038365,-0.73696077","-0.36973128,0.3336721,-0.7844015,-0.06164011,0.15666243,0.35489738,-0.039239768,0.13134502,0.36001524",0.0
"-0.36973128,0.3336721,-0.7844015,-0.06164011,0.15666243,0.35489738,-0.039239768,0.13134502,0.36001524","-0.037337482,0.36316276,-0.35219538","-0.37329674,0.38360512,-0.8222381,-0.04502003,0.1220004,0.31430987,-0.039239768,0.13134502,0.36001524",0.0
"-0.37329674,0.38360512,-0.8222381,-0.04502003,0.1220004,0.31430987,-0.039239768,0.13134502,0.36001524","-0.029092848,0.14820874,0.15929282","-0.3760749,0.4039831,-0.80512524,-0.035757616,0.10241139,0.34661615,-0.039239768,0.13134502,0.36001524",0.0
"-0.3760749,0.4039831,-0.80512524,-0.035757616,0.10241139,0.34661615,-0.039239768,0.13134502,0.36001524","-0.015368164,-0.0613783,0.12529314","-0.37754247,0.39554393,-0.791665,-0.036718797,0.1061161,0.36488035,-0.039239768,0.13134502,0.36001524",0.0
"-0.37754247,0.39554393,-0.791665,-0.036718797,0.1061161,0.36488035,-0.039239768,0.13134502,0.36001524","-0.022258997,-0.05943364,0.0066485405","-0.37966803,0.38737214,-0.79095083,-0.03876954,0.11330907,0.36365938,-0.039239768,0.13134502,0.36001524",0.0
"-0.37966803,0.38737214,-0.79095083,-0.03876954,0.11330907,0.36365938,-0.039239768,0.13134502,0.36001524","-0.025915623,-0.026303947,-0.025559485","-0.3821428,0.3837555,-0.79369676,-0.03938576,0.11746721,0.35838458,-0.039239768,0.13134502,0.36001524",0.0
"0.0,0.0,0.0,2.8652207e-07,0.005789075,0.993462,-0.52269006,0.57637423,-0.23054375","-0.9641786,-0.984665,-0.9442291","-0.09207207,-0.13538636,-0.10143913,-0.39832485,0.124581456,0.8785272,-0.52269006,0.57637423,-0.23054375",0.0
"-0.09207207,-0.13538636,-0.10143913,-0.39832485,0.124581456,0.8785272,-0.52269006,0.57637423,-0.23054375","-0.9456113,-0.9902031,-0.7255306","-0.1823711,-0.2715342,-0.17938334,-0.6019124,0.39519495,0.5971673,-0.52269006,0.57637423,-0.23054375",0.0
"-0.1823711,-0.2715342,-0.17938334,-0.6019124,0.39519495,0.5971673,-0.52269006,0.57637423,-0.23054375","-0.7380204,-0.96952593,-0.8860255","-0.2528467,-0.40483907,-0.2745696,-0.61276764,0.632091,0.18835522,-0.52269006,0.57637423,-0.23054375",0.0
"-0.2528467,-0.40483907,-0.2745696,-0.61276764,0.632091,0.18835522,-0.52269006,0.57637423,-0.23054375","0.32491946,-0.7709526,-0.94087446","-0.22181922,-0.51084113,-0.37564835,-0.654482,0.55531627,-0.18689068,-0.52269006,0.57637423,-0.23054375",0.0
"-0.22181922,-0.51084113,-0.37564835,-0.654482,0.55531627,-0.18689068,-0.52269006,0.57637423,-0.23054375","-0.5467535,0.2963822,-0.56943667","-0.27403024,-0.47009015,-0.43682325,-0.5254744,0.62035453,-0.18069999,-0.52269006,0.57637423,-0.23054375",0.0
"-0.27403024,-0.47009015,-0.43682325,-0.5254744,0.62035453,-0.18069999,-0.52269006,0.57637423,-0.23054375","0.12355113,-0.0889405,-0.29137403","-0.262232,-0.48231906,-0.46812576,-0.52676,0.57740706,-0.2408286,-0.52269006,0.57637423,-0.23054375",0.0
"0.0,0.0,0.0,2.8652207e-07,0.005789075,0.993462,0.89444447,-0.1433918,0.10628343","-0.13741338,0.9692037,0.9923111","-0.013121976,0.13326053,0.106604606,0.4190844,-0.011491997,0.8762531,0.89444447,-0.1433918,0.10628343",0.0
"-0.013121976,0.13326053,0.106604606,0.4190844,-0.011491997,0.8762531,0.89444447,-0.1433918,0.10628343","-0.6950996,0.9055507,0.9923049","-0.07949894,0.2577691,0.21320856,0.7005115,-0.17271148,0.573729,0.89444447,-0.1433918,0.10628343",0.0
"-0.07949894,0.2577691,0.21320856,0.7005115,-0.17271148,0.573729,0.89444447,-0.1433918,0.10628343","-0.5066831,0.8574791,0.9539733","-0.1278835,0.37566808,0.3156945,0.7909678,-0.3297663,0.1863461,0.89444447,-0.1433918,0.10628343",0.0
"-0.1278835,0.37566808,0.3156945,0.7909678,-0.3297663,0.1863461,0.89444447,-0.1433918,0.10628343","0.43758142,0.24561572,0.037632108","-0.08609764,0.409439,0.31973734,0.8432645,-0.22781226,0.10882005,0.89444447,-0.1433918,0.10628343",0.0
"-0.08609764,0.409439,0.31973734,0.8432645,-0.22781226,0.10882005,0.89444447,-0.1433918,0.10628343","0.40184808,0.18694866,-0.29105985","-0.047724072,0.43514353,0.28846863,0.8841752,-0.12771137,0.101257354,0.89444447,-0.1433918,0.10628343",0.0
"-0.047724072,0.43514353,0.28846863,0.8841752,-0.12771137,0.101257354,0.89444447,-0.1433918,0.10628343","-0.04956186,-0.05246365,0.02506864","-0.052456867,0.4279301,0.29116178,0.8783894,-0.1402134,0.112806894,0.89444447,-0.1433918,0.10628343",0.0
"0.0,0.0,0.0,2.8652207e-07,0.005789075,0.993462,-0.38157895,-0.19994152,0.30614382","0.78799415,-0.91667837,-0.9743282","0.07524772,-0.12603857,-0.10467269,-0.39301744,-0.088724144,0.88514143,-0.38157895,-0.19994152,0.30614382",0.0
"0.07524772,-0.12603857,-0.10467269,-0.39301744,-0.088724144,0.88514143,-0.38157895,-0.19994152,0.30614382","0.79564214,-0.71206224,-0.97434694","0.15122576,-0.22394347,-0.20934741,-0.5996305,-0.3019317,0.63663214,-0.38157895,-0.19994152,0.30614382",0.0
"0.15122576,-0.22394347,-0.20934741,-0.5996305,-0.3019317,0.63663214,-0.38157895,-0.19994152,0.30614382","0.16384721,0.058303,-0.99484634","0.16687198,-0.21592712,-0.3162244,-0.619805,-0.35169107,0.49443036,-0.38157895,-0.19994152,0.30614382",0.0
"0.16687198,-0.21592712,-0.3162244,-0.619805,-0.35169107,0.49443036,-0.38157895,-0.19994152,0.30614382","-0.23489845,0.5044904,-0.9847505","0.14444089,-0.14656231,-0.4220168,-0.59037685,-0.28149745,0.4469813,-0.38157895,-0.19994152,0.30614382",0.0
"0.14444089,-0.14656231,-0.4220168,-0.59037685,-0.28149745,0.4469813,-0.38157895,-0.19994152,0.30614382","0.027857661,0.6067383,-0.9733516","0.14710109,-0.06313893,-0.52658457,-0.5105611,-0.24784686,0.40831572,-0.38157895,-0.19994152,0.30614382",0.0
"0.14710109,-0.06313893,-0.52658457,-0.5105611,-0.24784686,0.40831572,-0.38157895,-0.19994152,0.30614382","0.041990995,0.4402094,-0.910935","0.15111092,-0.002612412,-0.6244469,-0.44277996,-0.22104904,0.33512783,-0.38157895,-0.19994152,0.30614382",0.0
"0.15111092,-0.002612412,-0.6244469,-0.44277996,-0.22104904,0.33512783,-0.38157895,-0.19994152,0.30614382","0.04819441,0.34183264,-0.59883994","0.15571314,0.044387814,-0.6887807,-0.38753977,-0.19974673,0.29047266,-0.38157895,-0.19994152,0.30614382",0.0
"0.0,0.0,0.0,2.8652207e-07,0.005789075,0.993462,-0.13695908,-0.0057894737,0.36001524","0.25205255,-0.85911757,-0.97188854","0.024069184,-0.118124254,-0.104410596,-0.3863322,-0.0234629,0.8929827,-0.13695908,-0.0057894737,0.36001524",0.0
"0.024069184,-0.118124254,-0.104410596,-0.3863322,-0.0234629,0.8929827,-0.13695908,-0.0057894737,0.36001524","0.20451474,0.735996,-0.9772598","0.04359886,-0.016928589,-0.20939825,-0.3073408,-0.036517818,0.8885005,-0.13695908,-0.0057894737,0.36001524",0.0
"0.04359886,-0.016928589,-0.20939825,-0.3073408,-0.036517818,0.8885005,-0.13695908,-0.0057894737,0.36001524","0.17326713,0.49372482,-0.97467345","0.06014462,0.05095605,-0.3141081,-0.28768364,-0.049120165,0.83393484,-0.13695908,-0.0057894737,0.36001524",0.0
"0.06014462,0.05095605,-0.3141081,-0.28768364,-0.049120165,0.83393484,-0.13695908,-0.0057894737,0.36001524","0.04958105,0.32728624,-0.97037905","0.06487925,0.095956236,-0.4183566,-0.30139908,-0.056386083,0.7435103,-0.13695908,-0.0057894737,0.36001524",0.0
"0.06487925,0.095956236,-0.4183566,-0.30139908,-0.056386083,0.7435103,-0.13695908,-0.0057894737,0.36001524","0.042294145,0.3922217,-0.9728669","0.06891805,0.14988473,-0.5228724,-0.2885001,-0.05753109,0.6421336,-0.13695908,-0.0057894737,0.36001524",0.0
"0.06891805,0.14988473,-0.5228724,-0.2885001,-0.05753109,0.6421336,-0.13695908,-0.0057894737,0.36001524","-0.04002291,0.32600355,-0.96459293","0.065096155,0.19470856,-0.6264993,-0.27657115,-0.05144982,0.52157015,-0.13695908,-0.0057894737,0.36001524",0.0
"0.065096155,0.19470856,-0.6264993,-0.27657115,-0.05144982,0.52157015,-0.13695908,-0.0057894737,0.36001524","-0.139817,0.33391595,-0.9129517","0.05174466,0.24062032,-0.7245784,-0.24863754,-0.034911986,0.40052348,-0.13695908,-0.0057894737,0.36001524",0.0
"0.05174466,0.24062032,-0.7245784,-0.24863754,-0.034911986,0.40052348,-0.13695908,-0.0057894737,0.36001524","-0.11145347,0.4177785,-0.71245277","0.041101668,0.2980627,-0.80111766,-0.1998212,-0.020108262,0.31278068,-0.13695908,-0.0057894737,0.36001524",0.0
"0.041101668,0.2980627,-0.80111766,-0.1998212,-0.020108262,0.31278068,-0.13695908,-0.0057894737,0.36001524","-0.005281329,0.46397352,-0.21680063","0.04059735,0.36185673,-0.82440877,-0.14782514,-0.013119892,0.30355206,-0.13695908,-0.0057894737,0.36001524",0.0
"0.04059735,0.36185673,-0.82440877,-0.14782514,-0.013119892,0.30355206,-0.13695908,-0.0057894737,0.36001524","0.021510124,0.29797304,0.0928365","0.042651415,0.4028265,-0.81443536,-0.11157427,-0.009198708,0.33203405,-0.13695908,-0.0057894737,0.36001524",0.0
"0.042651415,0.4028265,-0.81443536,-0.11157427,-0.009198708,0.33203405,-0.13695908,-0.0057894737,0.36001524","0.017627954,-0.018688917,0.18678617","0.04433476,0.4002569,-0.794369,-0.10830472,-0.009337325,0.36203393,-0.13695908,-0.0057894737,0.36001524",0.0
"0.04433476,0.4002569,-0.794369,-0.10830472,-0.009337325,0.36203393,-0.13695908,-0.0057894737,0.36001524","-0.01894778,-0.13469297,0.059868693","0.042525392,0.38173732,-0.78793734,-0.12373862,-0.010788794,0.3665901,-0.13695908,-0.0057894737,0.36001524",0.0
"0.0,0.0,0.0,2.8652207e-07,0.005789075,0.993462,-0.8653217,-0.0057894737,-0.0990687","-0.35062337,-0.936075,-0.96343523","-0.033481993,-0.12870549,-0.10350246,-0.40385008,0.048458274,0.8834918,-0.8653217,-0.0057894737,-0.0990687",0.0
"-0.033481993,-0.12870549,-0.10350246,-0.40385008,0.048458274,0.8834918,-0.8653217,-0.0057894737,-0.0990687","0.1954428,-0.98204297,-0.80426353","-0.014818627,-0.26373136,-0.18990499,-0.71477145,0.039094973,0.5961988,-0.8653217,-0.0057894737,-0.0990687",0.0
"-0.014818627,-0.26373136,-0.18990499,-0.71477145,0.039094973,0.5961988,-0.8653217,-0.0057894737,-0.0990687","0.07977605,-0.943892,-0.8878173","-0.0072005964,-0.39351168,-0.28528374,-0.8719019,0.025517737,0.19590007,-0.8653217,-0.0057894737,-0.0990687",0.0
"-0.0072005964,-0.39351168,-0.28528374,-0.8719019,0.025517737,0.19590007,-0.8653217,-0.0057894737,-0.0990687","0.15431702,-0.7739451,-0.90075076","0.0075355577,-0.4999252,-0.38205197,-0.8545445,-0.014442617,-0.17239147,-0.8653217,-0.0057894737,-0.0990687",0.0
"0.0075355577,-0.4999252,-0.38205197,-0.8545445,-0.014442617,-0.17239147,-0.8653217,-0.0057894737,-0.0990687","-8.511543e-05,0.29002476,0.27994835","0.0075274277,-0.46004838,-0.35197693,-0.87409395,-0.014883296,-0.0470599,-0.8653217,-0.0057894737,-0.0990687",0.0
"0.0075274277,-0.46004838,-0.35197693,-0.87409395,-0.014883296,-0.0470599,-0.8653217,-0.0057894737,-0.0990687","-0.021457374,-0.11511505,-0.2902574","0.0054784026,-0.47587618,-0.38315946,-0.8552075,-0.008930128,-0.12369025,-0.8653217,-0.0057894737,-0.0990687",0.0
"0.0054784026,-0.47587618,-0.38315946,-0.8552075,-0.008930128,-0.12369025,-0.8653217,-0.0057894737,-0.0990687","0.008592963,0.05276501,0.16446733","0.0062989667,-0.46862134,-0.36549062,-0.86691433,-0.011366747,-0.0843139,-0.8653217,-0.0057894737,-0.0990687",0.0
"0.0,0.0,0.0,2.8652207e-07,0.005789075,0.993462,0.7135088,-0.37953216,0.22827868","-0.9551189,0.98963475,0.9668294","-0.091206916,0.1360697,0.1038671,0.405923,-0.11356743,0.87574196,0.7135088,-0.37953216,0.22827868",0.0
"-0.091206916,0.1360697,0.1038671,0.405923,-0.11356743,0.87574196,0.7135088,-0.37953216,0.22827868","-0.9384204,0.9592171,0.97823405","-0.18081926,0.26795712,0.20895939,0.6207802,-0.38933706,0.5617479,0.7135088,-0.37953216,0.22827868",0.0
"-0.18081926,0.26795712,0.20895939,0.6207802,-0.38933706,0.5617479,0.7135088,-0.37953216,0.22827868","-0.365875,0.84254766,0.87843096","-0.21575765,0.3838031,0.30332977,0.6765468,-0.537234,0.18842888,0.7135088,-0.37953216,0.22827868",0.0
"-0.21575765,0.3838031,0.30332977,0.6765468,-0.537234,0.18842888,0.7135088,-0.37953216,0.22827868","0.7144611,-0.115744114,-0.033593833","-0.1475318,0.36788893,0.29972076,0.76669216,-0.3767189,0.22739086,0.7135088,-0.37953216,0.22827868",0.0
"-0.1475318,0.36788893,0.29972076,0.76669216,-0.3767189,0.22739086,0.7135088,-0.37953216,0.22827868","-0.077064574,-0.43462276,0.5444168","-0.15489091,0.30813056,0.3582078,0.71441436,-0.37140086,0.25744995,0.7135088,-0.37953216,0.22827868",0.0
"-0.15489091,0.30813056,0.3582078,0.71441436,-0.37140086,0.25744995,0.7135088,-0.37953216,0.22827868","-0.012789249,-0.025898755,0.086851","-0.1561122,0.30456963,0.36753827,0.70943314,-0.37224334,0.24995166,0.7135088,-0.37953216,0.22827868",0.0
"-0.1561122,0.30456963,0.36753827,0.70943314,-0.37224334,0.24995166,0.7135088,-0.37953216,0.22827868","-0.0065891743,0.0058698654,0.014831781","-0.15674141,0.30537674,0.36913165,0.7089629,-0.373788,0.24590571,0.7135088,-0.37953216,0.22827868",0.0
"0.0,0.0,0.0,2.8652207e-07,0.005789075,0.993462,-0.53122807,-0.568538,-0.23054375","0.9921348,-0.9898183,-0.75722206","0.094741665,-0.13609493,-0.081348844,-0.37914935,-0.11024958,0.8942516,-0.53122807,-0.568538,-0.23054375",0.0
"0.094741665,-0.13609493,-0.081348844,-0.37914935,-0.11024958,0.8942516,-0.53122807,-0.568538,-0.23054375","0.9956846,-0.99102986,-0.46027994","0.18982232,-0.27235645,-0.130797,-0.5709465,-0.3805532,0.6605872,-0.53122807,-0.568538,-0.23054375",0.0
"0.18982232,-0.27235645,-0.130797,-0.5709465,-0.3805532,0.6605872,-0.53122807,-0.568538,-0.23054375","0.9414624,-0.96143275,-0.88353944","0.27972513,-0.40454853,-0.22571619,-0.5665306,-0.6745445,0.265174,-0.53122807,-0.568538,-0.23054375",0.0
"0.27972513,-0.40454853,-0.22571619,-0.5665306,-0.6745445,0.265174,-0.53122807,-0.568538,-0.23054375","0.28464305,-0.81656736,-0.9795749","0.30690646,-0.5168224,-0.3309525,-0.5119559,-0.7276408,-0.13972892,-0.53122807,-0.568538,-0.23054375",0.0
"0.30690646,-0.5168224,-0.3309525,-0.5119559,-0.7276408,-0.13972892,-0.53122807,-0.568538,-0.23054375","-0.3107735,0.20422912,-0.8708129","0.27722988,-0.48874202,-0.42450446,-0.533287,-0.62434316,-0.20289747,-0.53122807,-0.568538,-0.23054375",0.0
"0.27722988,-0.48874202,-0.42450446,-0.533287,-0.62434316,-0.20289747,-0.53122807,-0.568538,-0.23054375","-0.016447723,0.10325241,-0.4167366","0.27565923,-0.47454542,-0.46927473,-0.51117074,-0.592086,-0.2272749,-0.53122807,-0.568538,-0.23054375",0.0
"0.27565923,-0.47454542,-0.46927473,-0.51117074,-0.592086,-0.2272749,-0.53122807,-0.568538,-0.23054375","-0.09188068,-0.02113074,-0.016846776","0.26688528,-0.47745082,-0.4710846,-0.5256768,-0.57597387,-0.23481657,-0.53122807,-0.568538,-0.23054375",0.0
"0.0,0.0,0.0,2.8652207e-07,0.005789075,0.993462,-0.7076024,-0.11222222,0.42493555","-0.07396704,-0.7814796,-0.93094844","-0.007063321,-0.10744942,-0.10001238,-0.3602886,0.013786591,0.9061952,-0.7076024,-0.11222222,0.42493555",0.0
"-0.007063321,-0.10744942,-0.10001238,-0.3602886,0.013786591,0.9061952,-0.7076024,-0.11222222,0.42493555","0.47710693,-0.959318,-0.6712638","0.038496926,-0.23935072,-0.17212668,-0.6638306,-0.074846745,0.6614949,-0.7076024,-0.11222222,0.42493555",0.0
"0.038496926,-0.23935072,-0.17212668,-0.6638306,-0.074846745,0.6614949,-0.7076024,-0.11222222,0.42493555","0.17166328,-0.6837956,-0.8448092","0.05488952,-0.3333691,-0.26288503,-0.8143328,-0.13595638,0.3556504,-0.7076024,-0.11222222,0.42493555",0.0
"0.05488952,-0.3333691,-0.26288503,-0.8143328,-0.13595638,0.3556504,-0.7076024,-0.11222222,0.42493555","0.13047361,0.7857685,-0.62158835","0.0673488,-0.22533001,-0.32966268,-0.7120091,-0.14701647,0.4573123,-0.7076024,-0.11222222,0.42493555",0.0
"0.0673488,-0.22533001,-0.32966268,-0.7120091,-0.14701647,0.4573123,-0.7076024,-0.11222222,0.42493555","-0.16433781,0.016061068,-0.30787706","0.05165573,-0.2231217,-0.36273813,-0.72126156,-0.112219624,0.40996447,-0.7076024,-0.11222222,0.42493555",0.0
"0.05165573,-0.2231217,-0.36273813,-0.72126156,-0.112219624,0.40996447,-0.7076024,-0.11222222,0.42493555","0.042812824,0.12891316,-0.0075697303","0.055744037,-0.20539683,-0.3635514,-0.70136565,-0.118218854,0.4398587,-0.7076024,-0.11222222,0.42493555",0.0
"0.0,0.0,0.0,2.8652207e-07,0.005789075,0.993462,0.22134504,0.24900584,0.404603","-0.77533346,0.8987479,0.96349716","-0.074038714,0.12357322,0.103509106,0.38731045,-0.08579956,0.8885149,0.22134504,0.24900584,0.404603",0.0
"-0.074038714,0.12357322,0.103509106,0.38731045,-0.08579956,0.8885149,0.22134504,0.24900584,0.404603","0.74557877,0.7275307,0.81411743","-0.0028413476,0.22360496,0.19097027,0.6580222,-8.4602754e-05,0.662021,0.22134504,0.24900584,0.404603",0.0
"-0.0028413476,0.22360496,0.19097027,0.6580222,-8.4602754e-05,0.662021,0.22134504,0.24900584,0.404603","0.3485663,-0.7634678,0.95766973","0.030444207,0.11863208,0.29385337,0.56418306,0.059941325,0.6798223,0.22134504,0.24900584,0.404603",0.0
"0.030444207,0.11863208,0.29385337,0.56418306,0.059941325,0.6798223,0.22134504,0.24900584,0.404603","0.3397702,-0.56658065,0.95576537","0.0628898,0.04073016,0.39653188,0.49813965,0.1056246,0.63683856,0.22134504,0.24900584,0.404603",0.0
"0.0628898,0.04073016,0.39653188,0.49813965,0.1056246,0.63683856,0.22134504,0.24900584,0.404603","0.35009718,-0.53212523,0.944816","0.09632154,-0.032434326,0.4980341,0.4272705,0.13945498,0.57182795,0.22134504,0.24900584,0.404603",0.0
"0.09632154,-0.032434326,0.4980341,0.4272705,0.13945498,0.57182795,0.22134504,0.24900584,0.404603","0.33312035,-0.5352825,0.9166205","0.12813212,-0.106032915,0.59650725,0.34924427,0.15499699,0.49577233,0.22134504,0.24900584,0.404603",0.0
"0.12813212,-0.106032915,0.59650725,0.34924427,0.15499699,0.49577233,0.22134504,0.24900584,0.404603","0.395841,-0.58785844,0.8628156","0.16593206,-0.18686044,0.6892001,0.2601645,0.15608291,0.4193209,0.22134504,0.24900584,0.404603",0.0
"0.16593206,-0.18686044,0.6892001,0.2601645,0.15608291,0.4193209,0.22134504,0.24900584,0.404603","0.5945616,-0.2984805,0.49567223","0.22270836,-0.2279,0.7424506,0.19845876,0.17461145,0.3646471,0.22134504,0.24900584,0.404603",0.0
"0.22270836,-0.2279,0.7424506,0.19845876,0.17461145,0.3646471,0.22134504,0.24900584,0.404603","0.34083772,0.12016189,-0.29673994","0.25525588,-0.21137838,0.7105717,0.19019836,0.20491195,0.4034301,0.22134504,0.24900584,0.404603",0.0
"0.25525588,-0.21137838,0.7105717,0.19019836,0.20491195,0.4034301,0.22134504,0.24900584,0.404603","0.1572386,0.2653867,-0.26631606","0.27027103,-0.17488909,0.68196124,0.20403217,0.24059016,0.42157182,0.22134504,0.24900584,0.404603",0.0
"0.27027103,-0.17488909,0.68196124,0.20403217,0.24059016,0.42157182,0.22134504,0.24900584,0.404603","-0.047109485,0.16277456,-0.12365878","0.26577243,-0.15250845,0.6686765,0.22275095,0.25462243,0.4244493,0.22134504,0.24900584,0.404603",0.0
"0.26577243,-0.15250845,0.6686765,0.22275095,0.25462243,0.4244493,0.22134504,0.24900584,0.404603","-0.11608893,0.016524792,0.061548114","0.25468677,-0.1502364,0.67528874,0.23329635,0.24858092,0.41224903,0.22134504,0.24900584,0.404603",0.0
"0.0,0.0,0.0,2.8652207e-07,0.005789075,0.993462,0.5518129,-0.43684208,0.62845707","-0.9511012,0.6159868,0.68273365","-0.09082325,0.08469502,0.0733465,0.27099487,-0.073458925,0.94216335,0.5518129,-0.43684208,0.62845707",0.0
"-0.09082325,0.08469502,0.0733465,0.27099487,-0.073458925,0.94216335,0.5518129,-0.43684208,0.62845707","-0.9390606,0.29991615,0.80862236","-0.18049672,0.12593195,0.16021733,0.3949839,-0.24466695,0.833199,0.5518129,-0.43684208,0.62845707",0.0
"-0.18049672,0.12593195,0.16021733,0.3949839,-0.24466695,0.833199,0.5518129,-0.43684208,0.62845707","-0.55233884,0.2528758,0.6507281","-0.23324107,0.16070108,0.23012547,0.44143283,-0.3894492,0.7060502,0.5518129,-0.43684208,0.62845707",0.0
"-0.23324107,0.16070108,0.23012547,0.44143283,-0.3894492,0.7060502,0.5518129,-0.43684208,0.62845707","-0.22541696,0.2600944,-0.2077328","-0.25476676,0.19646274,0.20780864,0.44189164,-0.44701752,0.682286,0.5518129,-0.43684208,0.62845707",0.0
"-0.25476676,0.19646274,0.20780864,0.44189164,-0.44701752,0.682286,0.5518129,-0.43684208,0.62845707","0.07867241,0.31363702,-0.29209387","-0.2472541,0.23958622,0.17642882,0.4830064,-0.466628,0.6554261,0.5518129,-0.43684208,0.62845707",0.0
"-0.2472541,0.23958622,0.17642882,0.4830064,-0.466628,0.6554261,0.5518129,-0.43684208,0.62845707","0.19043303,0.22446573,-0.20224869","-0.22906913,0.27044913,0.15470113,0.5314225,-0.45806026,0.6326096,0.5518129,-0.43684208,0.62845707",0.0
"-0.22906913,0.27044913,0.15470113,0.5314225,-0.45806026,0.6326096,0.5518129,-0.43684208,0.62845707","0.18613195,-0.080256104,0.10958934","-0.21129487,0.25941437,0.16647437,0.5501053,-0.42295182,0.6356687,0.5518129,-0.43684208,0.62845707",0.0
"0.0,0.0,0.0,2.8652207e-07,0.005789075,0.993462,-0.7076024,-0.11222222,0.42493555","-0.07396704,-0.7814796,-0.93094844","-0.007063321,-0.10744942,-0.10001238,-0.3602886,0.013786591,0.9061952,-0.7076024,-0.11222222,0.42493555",0.0
"-0.007063321,-0.10744942,-0.10001238,-0.3602886,0.013786591,0.9061952,-0.7076024,-0.11222222,0.42493555","0.47710693,-0.959318,-0.6712638","0.038496926,-0.23935072,-0.17212668,-0.6638306,-0.074846745,0.6614949,-0.7076024,-0.11222222,0.42493555",0.0
"0.038496926,-0.23935072,-0.17212668,-0.6638306,-0.074846745,0.6614949,-0.7076024,-0.11222222,0.42493555","0.17166328,-0.6837956,-0.8448092","0.05488952,-0.3333691,-0.26288503,-0.8143328,-0.13595638,0.3556504,-0.7076024,-0.11222222,0.42493555",0.0
"0.05488952,-0.3333691,-0.26288503,-0.8143328,-0.13595638,0.3556504,-0.7076024,-0.11222222,0.42493555","0.13047361,0.7857685,-0.62158835","0.0673488,-0.22533001,-0.32966268,-0.7120091,-0.14701647,0.4573123,-0.7076024,-0.11222222,0.42493555",0.0
"0.0673488,-0.22533001,-0.32966268,-0.7120091,-0.14701647,0.4573123,-0.7076024,-0.11222222,0.42493555","-0.16433781,0.016061068,-0.30787706","0.05165573,-0.2231217,-0.36273813,-0.72126156,-0.112219624,0.40996447,-0.7076024,-0.11222222,0.42493555",0.0
"0.05165573,-0.2231217,-0.36273813,-0.72126156,-0.112219624,0.40996447,-0.7076024,-0.11222222,0.42493555","0.042812824,0.12891316,-0.0075697303","0.055744037,-0.20539683,-0.3635514,-0.70136565,-0.118218854,0.4398587,-0.7076024,-0.11222222,0.42493555",0.0
"0.0,0.0,0.0,2.8652207e-07,0.005789075,0.993462,0.57134503,-0.61210525,0.42970812","-0.92636144,0.90684533,0.89483356","-0.08846079,0.12468657,0.09613254,0.3766897,-0.101446,0.89346075,0.57134503,-0.61210525,0.42970812",0.0
"-0.08846079,0.12468657,0.09613254,0.3766897,-0.101446,0.89346075,0.57134503,-0.61210525,0.42970812","-0.9726443,0.8384663,0.84068954","-0.18134128,0.2399714,0.18644832,0.5751756,-0.36155215,0.641385,0.57134503,-0.61210525,0.42970812",0.0
"-0.18134128,0.2399714,0.18644832,0.5751756,-0.36155215,0.641385,0.57134503,-0.61210525,0.42970812","-0.8668442,0.27821374,0.839278","-0.2641186,0.2782244,0.2766125,0.5259347,-0.5662151,0.4420568,0.57134503,-0.61210525,0.42970812",0.0
"-0.2641186,0.2782244,0.2766125,0.5259347,-0.5662151,0.4420568,0.57134503,-0.61210525,0.42970812","-0.25016558,0.19936216,-0.26248884","-0.28800762,0.3056357,0.24841315,0.49551028,-0.6212498,0.43278173,0.57134503,-0.61210525,0.42970812",0.0
"-0.28800762,0.3056357,0.24841315,0.49551028,-0.6212498,0.43278173,0.57134503,-0.61210525,0.42970812","0.040552855,0.315441,-0.38410378","-0.2841351,0.34900725,0.20714863,0.5237775,-0.64092773,0.40978694,0.57134503,-0.61210525,0.42970812",0.0
"-0.2841351,0.34900725,0.20714863,0.5237775,-0.64092773,0.40978694,0.57134503,-0.61210525,0.42970812","0.18291926,0.03902054,-0.12321848","-0.26666763,0.3543724,0.1939112,0.55889153,-0.6120662,0.4190002,0.57134503,-0.61210525,0.42970812",0.0
"0.0,0.0,0.0,2.8652207e-07,0.005789075,0.993462,-0.79812866,-0.12730993,0.22827868","-0.21518058,-0.7524494,-0.97713727","-0.020548187,-0.10345792,-0.10497447,-0.35743338,0.028907215,0.9058724,-0.79812866,-0.12730993,0.22827868",0.0
"-0.020548187,-0.10345792,-0.10497447,-0.35743338,0.028907215,0.9058724,-0.79812866,-0.12730993,0.22827868","0.41438556,-0.95578504,-0.8631723","0.019022623,-0.23487347,-0.19770563,-0.6787194,-0.034810033,0.634554,-0.79812866,-0.12730993,0.22827868",0.0
"0.019022623,-0.23487347,-0.19770563,-0.6787194,-0.034810033,0.634554,-0.79812866,-0.12730993,0.22827868","0.4213518,-0.8933811,-0.85793215","0.05925866,-0.35770878,-0.2898738,-0.83403105,-0.15119663,0.26387882,-0.79812866,-0.12730993,0.22827868",0.0
"0.05925866,-0.35770878,-0.2898738,-0.83403105,-0.15119663,0.26387882,-0.79812866,-0.12730993,0.22827868","0.0025206804,0.13644922,-0.48152125","0.059499364,-0.33894777,-0.34160393,-0.81590885,-0.14842135,0.22176178,-0.79812866,-0.12730993,0.22827868",0.0
"0.059499364,-0.33894777,-0.34160393,-0.81590885,-0.14842135,0.22176178,-0.79812866,-0.12730993,0.22827868","-0.0116478205,0.2056613,-0.17845416","0.058387075,-0.31067044,-0.36077538,-0.79414207,-0.14143619,0.24847266,-0.79812866,-0.12730993,0.22827868",0.0
"0.058387075,-0.31067044,-0.36077538,-0.79414207,-0.14143619,0.24847266,-0.79812866,-0.12730993,0.22827868","-0.029695094,-0.09950143,-0.03388512","0.055551406,-0.32435137,-0.3644157,-0.8039053,-0.13586119,0.21577613,-0.79812866,-0.12730993,0.22827868",0.0
"0.0,0.0,0.0,2.8652207e-07,0.005789075,0.993462,-0.7140936,-0.11327485,0.53209","0.020602107,-0.80690885,-0.8828796","0.0019673463,-0.11094581,-0.09484831,-0.3612351,0.0035565814,0.907055,-0.7140936,-0.11327485,0.53209",0.0
"0.0019673463,-0.11094581,-0.09484831,-0.3612351,0.0035565814,0.907055,-0.7140936,-0.11327485,0.53209","0.41704583,-0.96113706,-0.4314648","0.04179219,-0.24309725,-0.14120084,-0.64438164,-0.079253644,0.69511503,-0.7140936,-0.11327485,0.53209",0.0
"0.04179219,-0.24309725,-0.14120084,-0.64438164,-0.079253644,0.69511503,-0.7140936,-0.11327485,0.53209","0.17068672,-0.65229565,-0.5257466","0.058091532,-0.33278456,-0.19768213,-0.79448766,-0.14073859,0.45640656,-0.7140936,-0.11327485,0.53209",0.0
"0.058091532,-0.33278456,-0.19768213,-0.79448766,-0.14073859,0.45640656,-0.7140936,-0.11327485,0.53209","0.07943046,0.7093501,-0.5011086","0.06567656,-0.23525262,-0.25151655,-0.6975493,-0.140088,0.55765665,-0.7140936,-0.11327485,0.53209",0.0
"0.06567656,-0.23525262,-0.25151655,-0.6975493,-0.140088,0.55765665,-0.7140936,-0.11327485,0.53209","-0.1541158,-0.049368322,-0.17594683","0.050959613,-0.24204053,-0.27041864,-0.7200819,-0.11041232,0.5177431,-0.7140936,-0.11327485,0.53209",0.0
"0.0,0.0,0.0,2.8652207e-07,0.005789075,0.993462,-0.1860234,-0.7580702,-0.029571943","0.98787737,-0.9422359,-0.85250974","0.09433511,-0.12955259,-0.09158566,-0.37872514,-0.1095929,0.8924522,-0.1860234,-0.7580702,-0.029571943",0.0
"0.09433511,-0.12955259,-0.09158566,-0.37872514,-0.1095929,0.8924522,-0.1860234,-0.7580702,-0.029571943","0.9884498,-0.9506739,-0.89158916","0.18872489,-0.26026538,-0.18736964,-0.59151036,-0.3915558,0.6057475,-0.1860234,-0.7580702,-0.029571943",0.0
"0.18872489,-0.26026538,-0.18736964,-0.59151036,-0.3915558,0.6057475,-0.1860234,-0.7580702,-0.029571943","0.9805882,-0.8688006,-0.91117626","0.28236395,-0.379721,-0.28525788,-0.5498936,-0.66568696,0.2251365,-0.1860234,-0.7580702,-0.029571943",0.0
"0.28236395,-0.379721,-0.28525788,-0.5498936,-0.66568696,0.2251365,-0.1860234,-0.7580702,-0.029571943","0.96309996,-0.6168561,-0.91429734","0.374333,-0.4645356,-0.3834814,-0.3341443,-0.7868919,-0.10047023,-0.1860234,-0.7580702,-0.029571943",0.0
"0.374333,-0.4645356,-0.3834814,-0.3341443,-0.7868919,-0.10047023,-0.1860234,-0.7580702,-0.029571943","0.6690446,0.76755905,-0.5486682","0.4382219,-0.3590002,-0.4424252,-0.15984473,-0.7832237,0.03137197,-0.1860234,-0.7580702,-0.029571943",0.0
"0.4382219,-0.3590002,-0.4424252,-0.15984473,-0.7832237,0.03137197,-0.1860234,-0.7580702,-0.029571943","-0.08468133,-0.24137032,-0.22817743","0.43013543,-0.39218745,-0.4669384,-0.17741308,-0.7687101,-0.06619454,-0.1860234,-0.7580702,-0.029571943",0.0
"0.43013543,-0.39218745,-0.4669384,-0.17741308,-0.7687101,-0.06619454,-0.1860234,-0.7580702,-0.029571943","-0.0012764931,0.24478567,0.059995294","0.43001354,-0.3585307,-0.4604931,-0.17745447,-0.76751107,0.0071730493,-0.1860234,-0.7580702,-0.029571943",0.0
"0.43001354,-0.3585307,-0.4604931,-0.17745447,-0.76751107,0.0071730493,-0.1860234,-0.7580702,-0.029571943","-0.0129160285,-0.10129416,-0.15774518","0.42878017,-0.37245813,-0.47743976,-0.1783504,-0.7576923,-0.0421718,-0.1860234,-0.7580702,-0.029571943",0.0
"0.0,0.0,0.0,2.8652207e-07,0.005789075,0.993462,0.89444447,-0.1433918,0.10628343","-0.13741338,0.9692037,0.9923111","-0.013121976,0.13326053,0.106604606,0.4190844,-0.011491997,0.8762531,0.89444447,-0.1433918,0.10628343",0.0
"-0.013121976,0.13326053,0.106604606,0.4190844,-0.011491997,0.8762531,0.89444447,-0.1433918,0.10628343","-0.6950996,0.9055507,0.9923049","-0.07949894,0.2577691,0.21320856,0.7005115,-0.17271148,0.573729,0.89444447,-0.1433918,0.10628343",0.0
"-0.07949894,0.2577691,0.21320856,0.7005115,-0.17271148,0.573729,0.89444447,-0.1433918,0.10628343","-0.5066831,0.8574791,0.9539733","-0.1278835,0.37566808,0.3156945,0.7909678,-0.3297663,0.1863461,0.89444447,-0.1433918,0.10628343",0.0
"-0.1278835,0.37566808,0.3156945,0.7909678,-0.3297663,0.1863461,0.89444447,-0.1433918,0.10628343","0.43758142,0.24561572,0.037632108","-0.08609764,0.409439,0.31973734,0.8432645,-0.22781226,0.10882005,0.89444447,-0.1433918,0.10628343",0.0
"-0.08609764,0.409439,0.31973734,0.8432645,-0.22781226,0.10882005,0.89444447,-0.1433918,0.10628343","0.40184808,0.18694866,-0.29105985","-0.047724072,0.43514353,0.28846863,0.8841752,-0.12771137,0.101257354,0.89444447,-0.1433918,0.10628343",0.0
"-0.047724072,0.43514353,0.28846863,0.8841752,-0.12771137,0.101257354,0.89444447,-0.1433918,0.10628343","-0.04956186,-0.05246365,0.02506864","-0.052456867,0.4279301,0.29116178,0.8783894,-0.1402134,0.112806894,0.89444447,-0.1433918,0.10628343",0.0
"0.0,0.0,0.0,2.8652207e-07,0.005789075,0.993462,0.07023392,-0.7773684,-0.029571943","0.9823892,-0.96378875,-0.9610232","0.093811035,-0.132516,-0.10324332,-0.39767507,-0.114666745,0.87989795,0.07023392,-0.7773684,-0.029571943",0.0
"0.093811035,-0.132516,-0.10324332,-0.39767507,-0.114666745,0.87989795,0.07023392,-0.7773684,-0.029571943","0.9940876,-0.95021075,-0.9458182","0.18873918,-0.2631651,-0.20485315,-0.6036632,-0.39978313,0.5761316,0.07023392,-0.7773684,-0.029571943",0.0
"0.18873918,-0.2631651,-0.20485315,-0.6036632,-0.39978313,0.5761316,0.07023392,-0.7773684,-0.029571943","0.9952631,-0.844362,-0.94884104","0.2837796,-0.37926054,-0.30678773,-0.54516125,-0.665939,0.1926203,0.07023392,-0.7773684,-0.029571943",0.0
"0.2837796,-0.37926054,-0.30678773,-0.54516125,-0.665939,0.1926203,0.07023392,-0.7773684,-0.029571943","0.98526347,-0.6175235,-0.7605219","0.3778651,-0.4641669,-0.38849106,-0.32408658,-0.78731745,-0.10648811,0.07023392,-0.7773684,-0.029571943",0.0
"0.3778651,-0.4641669,-0.38849106,-0.32408658,-0.78731745,-0.10648811,0.07023392,-0.7773684,-0.029571943","0.93417704,0.5275347,-0.14161545","0.46707222,-0.39163363,-0.40370488,-0.09157246,-0.82602197,0.0214114,0.07023392,-0.7773684,-0.029571943",0.0
"0.46707222,-0.39163363,-0.40370488,-0.09157246,-0.82602197,0.0214114,0.07023392,-0.7773684,-0.029571943","0.8080661,0.26254153,-0.6582204","0.54423666,-0.35553554,-0.47441792,0.101972856,-0.77079827,-0.006039579,0.07023392,-0.7773684,-0.029571943",0.0
"0.54423666,-0.35553554,-0.47441792,0.101972856,-0.77079827,-0.006039579,0.07023392,-0.7773684,-0.029571943","-0.07390827,-0.22544432,0.088814735","0.537179,-0.386533,-0.46487647,0.08629636,-0.7851199,-0.052614015,0.07023392,-0.7773684,-0.029571943",0.0
"0.537179,-0.386533,-0.46487647,0.08629636,-0.7851199,-0.052614015,0.07023392,-0.7773684,-0.029571943","-0.06752974,0.12543523,0.028995872","0.53073037,-0.36928633,-0.46176142,0.07031968,-0.78614527,-0.015242058,0.07023392,-0.7773684,-0.029571943",0.0
"0.0,0.0,0.0,2.8652207e-07,0.005789075,0.993462,-0.6503509,0.71502924,-0.024995487","-0.9929016,-0.9870807,-0.65421844","-0.09481491,-0.13571852,-0.07028309,-0.36210927,0.117224745,0.9030131,-0.6503509,0.71502924,-0.024995487",0.0
"-0.09481491,-0.13571852,-0.07028309,-0.36210927,0.117224745,0.9030131,-0.6503509,0.71502924,-0.024995487","-0.98377794,-0.9903639,-0.24773782","-0.18875855,-0.27188846,-0.09689771,-0.5411093,0.37164277,0.7031684,-0.6503509,0.71502924,-0.024995487",0.0
"-0.18875855,-0.27188846,-0.09689771,-0.5411093,0.37164277,0.7031684,-0.6503509,0.71502924,-0.024995487","-0.92897207,-0.9919205,-0.6073038","-0.27746865,-0.40827245,-0.16214071,-0.556336,0.6707079,0.35531947,-0.6503509,0.71502924,-0.024995487",0.0
"-0.27746865,-0.40827245,-0.16214071,-0.556336,0.6707079,0.35531947,-0.6503509,0.71502924,-0.024995487","-0.08040142,-0.9774443,-0.6146561","-0.28514642,-0.5426661,-0.22817355,-0.5841547,0.73909974,-0.048112515,-0.6503509,0.71502924,-0.024995487",0.0
"-0.28514642,-0.5426661,-0.22817355,-0.5841547,0.73909974,-0.048112515,-0.6503509,0.71502924,-0.024995487","0.18402255,-0.08750707,0.29672563","-0.2675736,-0.5546979,-0.1962961,-0.631753,0.7143485,-0.027373277,-0.6503509,0.71502924,-0.024995487",0.0
"-0.2675736,-0.5546979,-0.1962961,-0.631753,0.7143485,-0.027373277,-0.6503509,0.71502924,-0.024995487","0.01880002,0.0031558275,0.038522005","-0.2657783,-0.554264,-0.19215761,-0.6364182,0.71148753,-0.020009516,-0.6503509,0.71502924,-0.024995487",0.0
"0.0,0.0,0.0,2.8652207e-07,0.005789075,0.993462,0.6892398,-0.36643273,-0.029571943","-0.9250822,0.9954661,0.9631921","-0.08833862,0.13687147,0.10347633,0.40798837,-0.11020644,0.87525445,0.6892398,-0.36643273,-0.029571943",0.0
"-0.08833862,0.13687147,0.10347633,0.40798837,-0.11020644,0.87525445,0.6892398,-0.36643273,-0.029571943","-0.94739354,0.978889,0.9837657","-0.17880782,0.2714637,0.20916289,0.62723935,-0.38793126,0.5551672,0.6892398,-0.36643273,-0.029571943",0.0
"-0.17880782,0.2714637,0.20916289,0.62723935,-0.38793126,0.5551672,0.6892398,-0.36643273,-0.029571943","-0.5123846,0.9653411,0.96311593","-0.22773683,0.40419313,0.312631,0.6627397,-0.5682926,0.13086663,0.6892398,-0.36643273,-0.029571943",0.0
"-0.22773683,0.40419313,0.312631,0.6627397,-0.5682926,0.13086663,0.6892398,-0.36643273,-0.029571943","0.79109,0.23306358,0.75357425","-0.15219347,0.43623823,0.39358798,0.75374097,-0.38409588,-0.055626575,0.6892398,-0.36643273,-0.029571943",0.0
"-0.15219347,0.43623823,0.39358798,0.75374097,-0.38409588,-0.055626575,0.6892398,-0.36643273,-0.029571943","0.0020822287,-0.5566484,0.6174147","-0.15199465,0.35970196,0.45991722,0.7028784,-0.35718235,0.005710959,0.6892398,-0.36643273,-0.029571943",0.0
"-0.15199465,0.35970196,0.45991722,0.7028784,-0.35718235,0.005710959,0.6892398,-0.36643273,-0.029571943","-0.018011153,-0.09382641,0.21038961","-0.15371458,0.34680134,0.4825195,0.68446326,-0.35233715,-0.00045861784,0.6892398,-0.36643273,-0.029571943",0.0
"-0.15371458,0.34680134,0.4825195,0.68446326,-0.35233715,-0.00045861784,0.6892398,-0.36643273,-0.029571943","-0.051439226,0.051053643,0.013026118","-0.15862665,0.35382098,0.4839189,0.67938143,-0.3630949,-0.015514407,0.6892398,-0.36643273,-0.029571943",0.0
"0.0,0.0,0.0,2.8652207e-07,0.005789075,0.993462,-0.46842107,-0.7276023,-0.0990687","0.99514234,-0.9921411,-0.43791664","0.09502886,-0.1364143,-0.047045648,-0.3389988,-0.098266445,0.91851395,-0.46842107,-0.7276023,-0.0990687",0.0
"0.09502886,-0.1364143,-0.047045648,-0.3389988,-0.098266445,0.91851395,-0.46842107,-0.7276023,-0.0990687","0.9933517,-0.97860444,-0.47163582","0.18988675,-0.2709674,-0.09771376,-0.5456838,-0.36356592,0.7036739,-0.46842107,-0.7276023,-0.0990687",0.0
"0.18988675,-0.2709674,-0.09771376,-0.5456838,-0.36356592,0.7036739,-0.46842107,-0.7276023,-0.0990687","0.99306583,-0.976439,-0.48983145","0.28471732,-0.40522274,-0.15033664,-0.54561806,-0.6705586,0.3796424,-0.46842107,-0.7276023,-0.0990687",0.0
"0.28471732,-0.40522274,-0.15033664,-0.54561806,-0.6705586,0.3796424,-0.46842107,-0.7276023,-0.0990687","0.8320463,-0.8969572,-0.94410574","0.3641717,-0.5285498,-0.25176248,-0.39078397,-0.8455382,-0.051359177,-0.46842107,-0.7276023,-0.0990687",0.0
"0.3641717,-0.5285498,-0.25176248,-0.39078397,-0.8455382,-0.051359177,-0.46842107,-0.7276023,-0.0990687","-0.5317727,0.27798188,-0.77863663","0.31339127,-0.49032882,-0.33541188,-0.4953922,-0.7354586,-0.08855774,-0.46842107,-0.7276023,-0.0990687",0.0
"0.31339127,-0.49032882,-0.33541188,-0.4953922,-0.7354586,-0.08855774,-0.46842107,-0.7276023,-0.0990687","0.016442537,0.16728508,-0.3218999","0.3149614,-0.467328,-0.36999378,-0.47928077,-0.71890295,-0.087827735,-0.46842107,-0.7276023,-0.0990687",0.0
"0.0,0.0,0.0,2.8652207e-07,0.005789075,0.993462,-0.7363743,-0.25888887,-0.029571943","0.6976757,-0.95595837,-0.9666078","0.06662296,-0.13143936,-0.10384329,-0.4046427,-0.08003321,0.88047194,-0.7363743,-0.25888887,-0.029571943",0.0
"0.06662296,-0.13143936,-0.10384329,-0.4046427,-0.08003321,0.88047194,-0.7363743,-0.25888887,-0.029571943","0.72647893,-0.9788126,-0.90660006","0.13599642,-0.26602107,-0.20123988,-0.66295725,-0.29547814,0.5762165,-0.7363743,-0.25888887,-0.029571943",0.0
"0.13599642,-0.26602107,-0.20123988,-0.66295725,-0.29547814,0.5762165,-0.7363743,-0.25888887,-0.029571943","-0.2968371,-0.89709294,-0.94701827","0.10765064,-0.38936678,-0.30297863,-0.8200098,-0.2822667,0.17722666,-0.7363743,-0.25888887,-0.029571943",0.0
"0.10765064,-0.38936678,-0.30297863,-0.8200098,-0.2822667,0.17722666,-0.7363743,-0.25888887,-0.029571943","0.14556646,-0.32519192,-0.93193614","0.12155118,-0.43407905,-0.40309712,-0.78113264,-0.30744576,-0.064277165,-0.7363743,-0.25888887,-0.029571943",0.0
"0.12155118,-0.43407905,-0.40309712,-0.78113264,-0.30744576,-0.064277165,-0.7363743,-0.25888887,-0.029571943","-0.072369635,0.49248195,-0.36298192","0.1146404,-0.36636534,-0.4420925,-0.75221014,-0.27708003,0.017457016,-0.7363743,-0.25888887,-0.029571943",0.0
"0.1146404,-0.36636534,-0.4420925,-0.75221014,-0.27708003,0.017457016,-0.7363743,-0.25888887,-0.029571943","-0.0029338002,-0.09467471,-0.3145485","0.114360236,-0.37938264,-0.47588465,-0.7327196,-0.2690063,-0.05330765,-0.7363743,-0.25888887,-0.029571943",0.0
"0.114360236,-0.37938264,-0.47588465,-0.7327196,-0.2690063,-0.05330765,-0.7363743,-0.25888887,-0.029571943","0.041534424,0.0692395,0.09809816","0.11832647,-0.3698626,-0.4653459,-0.7352052,-0.28041282,-0.0211773,-0.7363743,-0.25888887,-0.029571943",0.0
"0.11832647,-0.3698626,-0.4653459,-0.7352052,-0.28041282,-0.0211773,-0.7363743,-0.25888887,-0.029571943","-0.026585996,0.0034811497,-0.10371846","0.11578771,-0.369384,-0.47648844,-0.7297315,-0.27161372,-0.035084363,-0.7363743,-0.25888887,-0.029571943",0.0
"0.0,0.0,0.0,2.8652207e-07,0.005789075,0.993462,-0.0053216377,-0.0025730995,0.23331277","0.16121292,-0.70971924,-0.9895253","0.015394659,-0.09758274,-0.10630532,-0.34828123,-0.011061479,0.909916,-0.0053216377,-0.0025730995,0.23331277",0.0
"0.015394659,-0.09758274,-0.10630532,-0.34828123,-0.011061479,0.909916,-0.0053216377,-0.0025730995,0.23331277","-0.34297132,0.96609783,-0.99151224","-0.017356606,0.035250746,-0.21282417,-0.20871392,0.017189756,0.9186632,-0.0053216377,-0.0025730995,0.23331277",0.0
"-0.017356606,0.035250746,-0.21282417,-0.20871392,0.017189756,0.9186632,-0.0053216377,-0.0025730995,0.23331277","-0.27914476,0.9459363,-0.9918823","-0.044012893,0.16531216,-0.31938276,-0.07732723,0.016605537,0.8808906,-0.0053216377,-0.0025730995,0.23331277",0.0
"-0.044012893,0.16531216,-0.31938276,-0.07732723,0.016605537,0.8808906,-0.0053216377,-0.0025730995,0.23331277","0.1006273,0.51711035,-0.96944433","-0.034403704,0.2364122,-0.42353088,-0.06451959,0.012823847,0.80182105,-0.0053216377,-0.0025730995,0.23331277",0.0
"-0.034403704,0.2364122,-0.42353088,-0.06451959,0.012823847,0.80182105,-0.0053216377,-0.0025730995,0.23331277","0.07328224,0.3321854,-0.9623573","-0.02740577,0.282086,-0.5269176,-0.09145164,0.013703964,0.69952404,-0.0053216377,-0.0025730995,0.23331277",0.0
"-0.02740577,0.282086,-0.5269176,-0.09145164,0.013703964,0.69952404,-0.0053216377,-0.0025730995,0.23331277","0.13584757,0.521724,-0.9640043","-0.014433308,0.3538204,-0.63048124,-0.072590366,0.009088811,0.58522475,-0.0053216377,-0.0025730995,0.23331277",0.0
"-0.014433308,0.3538204,-0.63048124,-0.072590366,0.009088811,0.58522475,-0.0053216377,-0.0025730995,0.23331277","0.24066472,0.26389968,-0.9526623","0.008548433,0.39010528,-0.7328264,-0.09364628,0.0032758003,0.45117968,-0.0053216377,-0.0025730995,0.23331277",0.0
"0.008548433,0.39010528,-0.7328264,-0.09364628,0.0032758003,0.45117968,-0.0053216377,-0.0025730995,0.23331277","0.12774861,0.17894077,-0.91042185","0.020747505,0.41470873,-0.8306337,-0.10550476,-0.0010849091,0.31024295,-0.0053216377,-0.0025730995,0.23331277",0.0
"0.020747505,0.41470873,-0.8306337,-0.10550476,-0.0010849091,0.31024295,-0.0053216377,-0.0025730995,0.23331277","-0.03251475,0.26190162,-0.75448686","0.017642587,0.4507189,-0.91168875,-0.088835225,0.0008693978,0.19284375,-0.0053216377,-0.0025730995,0.23331277",0.0
"0.017642587,0.4507189,-0.91168875,-0.088835225,0.0008693978,0.19284375,-0.0053216377,-0.0025730995,0.23331277","-0.03726518,0.52867484,-0.42410648","0.014084037,0.52340907,-0.95725083,-0.05039259,0.0035639263,0.13390234,-0.0053216377,-0.0025730995,0.23331277",0.0
"0.014084037,0.52340907,-0.95725083,-0.05039259,0.0035639263,0.13390234,-0.0053216377,-0.0025730995,0.23331277","-0.043394685,0.53497493,-0.07763946","0.009940163,0.5969654,-0.9655917,-0.015894342,0.0052956636,0.1268426,-0.0053216377,-0.0025730995,0.23331277",0.0
"0.009940163,0.5969654,-0.9655917,-0.015894342,0.0052956636,0.1268426,-0.0053216377,-0.0025730995,0.23331277","0.020037651,0.33597016,0.19090235","0.011853615,0.6431596,-0.945083,0.01479996,0.00634474,0.15788744,-0.0053216377,-0.0025730995,0.23331277",0.0
"0.011853615,0.6431596,-0.945083,0.01479996,0.00634474,0.15788744,-0.0053216377,-0.0025730995,0.23331277","0.04532194,0.15630627,0.24508643","0.016181532,0.664651,-0.9187534,0.041168265,0.007891476,0.19433881,-0.0053216377,-0.0025730995,0.23331277",0.0
"0.016181532,0.664651,-0.9187534,0.041168265,0.007891476,0.19433881,-0.0053216377,-0.0025730995,0.23331277","0.04520631,-0.09194505,0.2252022","0.02049841,0.65200907,-0.8945598,0.048363693,0.008920214,0.22930682,-0.0053216377,-0.0025730995,0.23331277",0.0
"0.02049841,0.65200907,-0.8945598,0.048363693,0.008920214,0.22930682,-0.0053216377,-0.0025730995,0.23331277","0.00897336,-0.24052012,0.09777808","0.021355303,0.61893886,-0.88405555,0.03207339,0.007957368,0.24718846,-0.0053216377,-0.0025730995,0.23331277",0.0
"0.021355303,0.61893886,-0.88405555,0.03207339,0.007957368,0.24718846,-0.0053216377,-0.0025730995,0.23331277","-0.046073973,-0.19645774,-0.08178735","0.016955575,0.591927,-0.8928421,0.008353095,0.006242985,0.23596716,-0.0053216377,-0.0025730995,0.23331277",0.0
"0.0,0.0,0.0,2.8652207e-07,0.005789075,0.993462,-0.41426903,0.3150877,0.79726297","-0.8928269,-0.83080035,-0.17940253","-0.0852585,-0.114230774,-0.019273313,-0.25991315,0.077334434,0.9509177,-0.41426903,0.3150877,0.79726297",0.0
"-0.0852585,-0.114230774,-0.019273313,-0.25991315,0.077334434,0.9509177,-0.41426903,0.3150877,0.79726297","-0.8777891,-0.7302936,-0.51184076","-0.16908099,-0.2146424,-0.07426067,-0.45902103,0.27639323,0.8111517,-0.41426903,0.3150877,0.79726297",0.0
"-0.16908099,-0.2146424,-0.07426067,-0.45902103,0.27639323,0.8111517,-0.41426903,0.3150877,0.79726297","-0.3715557,0.53692603,-0.6855904","-0.20456186,-0.14081787,-0.14791408,-0.38017935,0.29186207,0.8287439,-0.41426903,0.3150877,0.79726297",0.0
"-0.20456186,-0.14081787,-0.14791408,-0.38017935,0.29186207,0.8287439,-0.41426903,0.3150877,0.79726297","0.06381869,0.06162882,-0.45772284","-0.19846764,-0.13234422,-0.19708756,-0.4128871,0.3040856,0.7850698,-0.41426903,0.3150877,0.79726297",0.0
"0.0,0.0,0.0,2.8652207e-07,0.005789075,0.993462,-0.50163746,-0.7783626,-0.1823602","0.99671984,-0.9945536,-0.11625612","0.0951795,-0.13674602,-0.012489449,-0.2968168,-0.08543828,0.9383026,-0.50163746,-0.7783626,-0.1823602",0.0
"0.0951795,-0.13674602,-0.012489449,-0.2968168,-0.08543828,0.9383026,-0.50163746,-0.7783626,-0.1823602","0.9939611,-0.98445165,-0.38871825","0.19009556,-0.27210307,-0.05424967,-0.5122207,-0.3413297,0.7507713,-0.50163746,-0.7783626,-0.1823602",0.0
"0.19009556,-0.27210307,-0.05424967,-0.5122207,-0.3413297,0.7507713,-0.50163746,-0.7783626,-0.1823602","0.9963807,-0.98412824,-0.36046374","0.28524268,-0.4074157,-0.092974484,-0.52906805,-0.6521525,0.45927215,-0.50163746,-0.7783626,-0.1823602",0.0
"0.28524268,-0.4074157,-0.092974484,-0.52906805,-0.6521525,0.45927215,-0.50163746,-0.7783626,-0.1823602","0.8949969,-0.9656931,-0.79984367","0.37070838,-0.54019356,-0.17890215,-0.38215014,-0.8738703,0.033227757,-0.50163746,-0.7783626,-0.1823602",0.0
"0.37070838,-0.54019356,-0.17890215,-0.38215014,-0.8738703,0.033227757,-0.50163746,-0.7783626,-0.1823602","-0.5689316,-0.6313473,-0.8739134","0.31637955,-0.6270006,-0.27278715,-0.5000259,-0.7578431,-0.30317992,-0.50163746,-0.7783626,-0.1823602",0.0
"0.31637955,-0.6270006,-0.27278715,-0.5000259,-0.7578431,-0.30317992,-0.50163746,-0.7783626,-0.1823602","0.080749154,0.47552145,0.38919485","0.3240905,-0.5616189,-0.23097567,-0.49977717,-0.7993308,-0.09589643,-0.50163746,-0.7783626,-0.1823602",0.0
"0.3240905,-0.5616189,-0.23097567,-0.49977717,-0.7993308,-0.09589643,-0.50163746,-0.7783626,-0.1823602","-0.054214895,-0.25803232,-0.5161917","0.31891337,-0.5970971,-0.28643042,-0.4937214,-0.7613984,-0.25516224,-0.50163746,-0.7783626,-0.1823602",0.0
"0.31891337,-0.5970971,-0.28643042,-0.4937214,-0.7613984,-0.25516224,-0.50163746,-0.7783626,-0.1823602","0.032791734,0.25420403,0.30113792","0.32204476,-0.5621454,-0.25407895,-0.49932396,-0.78718317,-0.1311835,-0.50163746,-0.7783626,-0.1823602",0.0
"0.32204476,-0.5621454,-0.25407895,-0.49932396,-0.78718317,-0.1311835,-0.50163746,-0.7783626,-0.1823602","-0.05971259,-0.14625418,-0.33399624","0.31634265,-0.5822547,-0.28996035,-0.5004631,-0.7583215,-0.22706603,-0.50163746,-0.7783626,-0.1823602",0.0
"0.31634265,-0.5822547,-0.28996035,-0.5004631,-0.7583215,-0.22706603,-0.50163746,-0.7783626,-0.1823602","0.043210864,0.16053963,0.18364215","0.32046896,-0.5601814,-0.27023154,-0.4987261,-0.77760565,-0.1500968,-0.50163746,-0.7783626,-0.1823602",0.0
"0.32046896,-0.5601814,-0.27023154,-0.4987261,-0.77760565,-0.1500968,-0.50163746,-0.7783626,-0.1823602","-0.03555411,-0.10332447,-0.19040543","0.3170738,-0.574388,-0.29068688,-0.49929675,-0.76035947,-0.2106153,-0.50163746,-0.7783626,-0.1823602",0.0
"0.3170738,-0.574388,-0.29068688,-0.49929675,-0.76035947,-0.2106153,-0.50163746,-0.7783626,-0.1823602","0.030703187,0.08821797,0.13412905","0.3200057,-0.5622586,-0.2762773,-0.4979421,-0.77386093,-0.16339776,-0.50163746,-0.7783626,-0.1823602",0.0
"0.3200057,-0.5622586,-0.2762773,-0.4979421,-0.77386093,-0.16339776,-0.50163746,-0.7783626,-0.1823602","-0.026355982,-0.06151414,-0.107219696","0.3174889,-0.5707165,-0.28779593,-0.4996641,-0.76311564,-0.1984679,-0.50163746,-0.7783626,-0.1823602",0.0
"0.3174889,-0.5707165,-0.28779593,-0.4996641,-0.76311564,-0.1984679,-0.50163746,-0.7783626,-0.1823602","0.019277573,0.051400065,0.075097084","0.3193298,-0.56364924,-0.2797282,-0.49842313,-0.7709809,-0.17140314,-0.50163746,-0.7783626,-0.1823602",0.0
"0.0,0.0,0.0,2.8652207e-07,0.005789075,0.993462,-0.2922807,-0.10643274,0.5664788","0.5124959,-0.9264494,-0.9337574","0.048939634,-0.12738203,-0.10031415,-0.39651582,-0.055590544,0.88745475,-0.2922807,-0.10643274,0.5664788",0.0
"0.048939634,-0.12738203,-0.10031415,-0.39651582,-0.055590544,0.88745475,-0.2922807,-0.10643274,0.5664788","0.638448,-0.12761486,-0.98657197","0.109906785,-0.14492843,-0.20630221,-0.51284856,-0.17831522,0.7579115,-0.2922807,-0.10643274,0.5664788",0.0
"0.109906785,-0.14492843,-0.20630221,-0.51284856,-0.17831522,0.7579115,-0.2922807,-0.10643274,0.5664788","0.24489307,0.4161489,-0.9940624","0.13329229,-0.0877101,-0.313095,-0.48798016,-0.21085116,0.6948857,-0.2922807,-0.10643274,0.5664788",0.0
"0.13329229,-0.0877101,-0.313095,-0.48798016,-0.21085116,0.6948857,-0.2922807,-0.10643274,0.5664788","-0.094699204,0.5176724,-0.9801506","0.124249205,-0.016532803,-0.41839322,-0.45038792,-0.17905362,0.6343599,-0.2922807,-0.10643274,0.5664788",0.0
"0.124249205,-0.016532803,-0.41839322,-0.45038792,-0.17905362,0.6343599,-0.2922807,-0.10643274,0.5664788","-0.078522265,0.6115445,-0.9458021","0.1167509,0.06755143,-0.52000135,-0.3846505,-0.14156865,0.5754773,-0.2922807,-0.10643274,0.5664788",0.0
"0.1167509,0.06755143,-0.52000135,-0.3846505,-0.14156865,0.5754773,-0.2922807,-0.10643274,0.5664788","-0.0019533038,0.5142293,-0.7509346","0.11656438,0.13825533,-0.6006748,-0.32298565,-0.117663436,0.51788574,-0.2922807,-0.10643274,0.5664788",0.0
"0.11656438,0.13825533,-0.6006748,-0.32298565,-0.117663436,0.51788574,-0.2922807,-0.10643274,0.5664788","-0.07075477,0.2722826,0.028610349","0.10980782,0.1756928,-0.59760123,-0.27953878,-0.094298,0.5517273,-0.2922807,-0.10643274,0.5664788",0.0
"0.10980782,0.1756928,-0.59760123,-0.27953878,-0.094298,0.5517273,-0.2922807,-0.10643274,0.5664788","-0.037100434,-0.24405581,0.32426977","0.10626501,0.1421364,-0.56276476,-0.3093813,-0.10117304,0.5783306,-0.2922807,-0.10643274,0.5664788",0.0
"0.10626501,0.1421364,-0.56276476,-0.3093813,-0.10117304,0.5783306,-0.2922807,-0.10643274,0.5664788","-0.017669916,-0.038983285,-0.14588499","0.104577675,0.1367764,-0.5784373,-0.3224266,-0.103797495,0.5504903,-0.2922807,-0.10643274,0.5664788",0.0
"0.104577675,0.1367764,-0.5784373,-0.3224266,-0.103797495,0.5504903,-0.2922807,-0.10643274,0.5664788","-0.019031823,0.15668714,-0.12022954","0.10276028,0.15832008,-0.5913537,-0.30078915,-0.09451979,0.54818374,-0.2922807,-0.10643274,0.5664788",0.0
"0.10276028,0.15832008,-0.5913537,-0.30078915,-0.09451979,0.54818374,-0.2922807,-0.10643274,0.5664788","-0.016513944,-0.05257666,0.14135957","0.101183325,0.15109108,-0.5761674,-0.3047657,-0.094184235,0.56538486,-0.2922807,-0.10643274,0.5664788",0.0
"0.0,0.0,0.0,2.8652207e-07,0.005789075,0.993462,-0.8464328,-0.0057894737,-0.31978464","0.115100145,-0.978733,-0.966885","0.010991224,-0.13457076,-0.10387306,-0.41851848,-0.008664556,0.8772725,-0.8464328,-0.0057894737,-0.31978464",0.0
"0.010991224,-0.13457076,-0.10387306,-0.41851848,-0.008664556,0.8772725,-0.8464328,-0.0057894737,-0.31978464","0.03306496,-0.9888862,-0.88088757","0.014148683,-0.27053753,-0.19850735,-0.7298558,-0.02666825,0.5720771,-0.8464328,-0.0057894737,-0.31978464",0.0
"0.014148683,-0.27053753,-0.19850735,-0.7298558,-0.02666825,0.5720771,-0.8464328,-0.0057894737,-0.31978464","-0.2520877,-0.96332854,-0.917711","-0.009923866,-0.40299025,-0.29709762,-0.8752679,0.033088647,0.15736355,-0.8464328,-0.0057894737,-0.31978464",0.0
"-0.009923866,-0.40299025,-0.29709762,-0.8752679,0.033088647,0.15736355,-0.8464328,-0.0057894737,-0.31978464","0.39648294,-0.81033456,-0.93556464","0.027937375,-0.5144071,-0.3976059,-0.83698606,-0.06783784,-0.2220197,-0.8464328,-0.0057894737,-0.31978464",0.0
"0.027937375,-0.5144071,-0.3976059,-0.83698606,-0.06783784,-0.2220197,-0.8464328,-0.0057894737,-0.31978464","-0.44131982,-0.3831998,-0.31148797","-0.014205467,-0.56709516,-0.4310692,-0.78818434,0.04099358,-0.36450142,-0.8464328,-0.0057894737,-0.31978464",0.0
"-0.014205467,-0.56709516,-0.4310692,-0.78818434,0.04099358,-0.36450142,-0.8464328,-0.0057894737,-0.31978464","0.22755814,-0.1968615,0.5626199","0.0075246827,-0.59416264,-0.37062657,-0.8377859,-0.014017246,-0.35360104,-0.8464328,-0.0057894737,-0.31978464",0.0
"0.0075246827,-0.59416264,-0.37062657,-0.8377859,-0.014017246,-0.35360104,-0.8464328,-0.0057894737,-0.31978464","-0.02045399,0.13409281,0.16306531","0.005571474,-0.5757256,-0.35310835,-0.8613304,-0.009287416,-0.29475337,-0.8464328,-0.0057894737,-0.31978464",0.0
"0.005571474,-0.5757256,-0.35310835,-0.8613304,-0.009287416,-0.29475337,-0.8464328,-0.0057894737,-0.31978464","0.031740308,0.0077596903,-0.18943685","0.008602441,-0.57465875,-0.37345958,-0.8433259,-0.017004933,-0.3168557,-0.8464328,-0.0057894737,-0.31978464",0.0
"0.0,0.0,0.0,2.8652207e-07,0.005789075,0.993462,-0.9032749,-0.1448538,0.05502712","-0.11718446,-0.84232116,-0.9765534","-0.01119027,-0.11581483,-0.104911745,-0.38259733,0.019248437,0.89474446,-0.9032749,-0.1448538,0.05502712",0.0
"-0.01119027,-0.11581483,-0.104911745,-0.38259733,0.019248437,0.89474446,-0.9032749,-0.1448538,0.05502712","0.4882306,-0.97486794,-0.82367814","0.035432205,-0.24985415,-0.19339998,-0.694768,-0.07183302,0.615286,-0.9032749,-0.1448538,0.05502712",0.0
"0.035432205,-0.24985415,-0.19339998,-0.694768,-0.07183302,0.615286,-0.9032749,-0.1448538,0.05502712","0.16374516,-0.97287655,-0.60897166","0.05106868,-0.3836197,-0.2588222,-0.8567426,-0.13278076,0.2581548,-0.9032749,-0.1448538,0.05502712",0.0
"0.05106868,-0.3836197,-0.2588222,-0.8567426,-0.13278076,0.2581548,-0.9032749,-0.1448538,0.05502712","-0.038316786,-0.8379545,-0.33167994","0.047409702,-0.4988342,-0.29445475,-0.8999552,-0.1291871,-0.048032355,-0.9032749,-0.1448538,0.05502712",0.0
"0.047409702,-0.4988342,-0.29445475,-0.8999552,-0.1291871,-0.048032355,-0.9032749,-0.1448538,0.05502712","0.22146702,0.46955144,0.28449035","0.068558194,-0.43427333,-0.26389176,-0.8785049,-0.18626927,0.1410904,-0.9032749,-0.1448538,0.05502712",0.0
"0.068558194,-0.43427333,-0.26389176,-0.8785049,-0.18626927,0.1410904,-0.9032749,-0.1448538,0.05502712","-0.24699807,-0.31790376,-0.39059424","0.04497167,-0.47798353,-0.30585352,-0.89235955,-0.121072866,-0.018823108,-0.9032749,-0.1448538,0.05502712",0.0
"0.04497167,-0.47798353,-0.30585352,-0.89235955,-0.121072866,-0.018823108,-0.9032749,-0.1448538,0.05502712","0.22287273,0.30608106,0.2625432","0.0662544,-0.43589902,-0.27764833,-0.8780732,-0.17953505,0.116255045,-0.9032749,-0.1448538,0.05502712",0.0
"0.0662544,-0.43589902,-0.27764833,-0.8780732,-0.17953505,0.116255045,-0.9032749,-0.1448538,0.05502712","-0.19996017,-0.24693966,-0.2393707","0.047159657,-0.469852,-0.30336404,-0.8908425,-0.12710467,0.0027293002,-0.9032749,-0.1448538,0.05502712",0.0
"0.047159657,-0.469852,-0.30336404,-0.8908425,-0.12710467,0.0027293002,-0.9032749,-0.1448538,0.05502712","0.17883396,0.19598651,0.22460783","0.064237,-0.44290495,-0.27923426,-0.8818545,-0.17451084,0.09847385,-0.9032749,-0.1448538,0.05502712",0.0
"0.064237,-0.44290495,-0.27923426,-0.8818545,-0.17451084,0.09847385,-0.9032749,-0.1448538,0.05502712","-0.15420514,-0.16729152,-0.16542661","0.049511526,-0.4659067,-0.2970061,-0.89138556,-0.13391976,0.020911554,-0.9032749,-0.1448538,0.05502712",0.0
"0.049511526,-0.4659067,-0.2970061,-0.89138556,-0.13391976,0.020911554,-0.9032749,-0.1448538,0.05502712","0.13592637,0.11413729,0.17502844","0.062491506,-0.4502135,-0.27820268,-0.8859805,-0.17030531,0.08400227,-0.9032749,-0.1448538,0.05502712",0.0
"0.062491506,-0.4502135,-0.27820268,-0.8859805,-0.17030531,0.08400227,-0.9032749,-0.1448538,0.05502712","-0.11307055,-0.092927516,-0.11800486","0.05169409,-0.4629906,-0.29088,-0.8918202,-0.14025389,0.03656083,-0.9032749,-0.1448538,0.05502712",0.0
"0.05169409,-0.4629906,-0.29088,-0.8918202,-0.14025389,0.03656083,-0.9032749,-0.1448538,0.05502712","0.09774506,0.04106331,0.13331378","0.061028033,-0.45734468,-0.27655798,-0.88985753,-0.16683254,0.07080032,-0.9032749,-0.1448538,0.05502712",0.0
"0.061028033,-0.45734468,-0.27655798,-0.88985753,-0.16683254,0.07080032,-0.9032749,-0.1448538,0.05502712","-0.0769912,-0.022278309,-0.08837807","0.05367593,-0.46040788,-0.28605247,-0.8917228,-0.14593872,0.049565993,-0.9032749,-0.1448538,0.05502712",0.0
"0.0,0.0,0.0,2.8652207e-07,0.005789075,0.993462,-0.29309943,-0.65380114,0.42493555","0.9804492,-0.98104495,-0.65777445","0.09362578,-0.13488863,-0.07066511,-0.36476853,-0.104447074,0.90350074,-0.29309943,-0.65380114,0.42493555",0.0
"0.09362578,-0.13488863,-0.07066511,-0.36476853,-0.104447074,0.90350074,-0.29309943,-0.65380114,0.42493555","0.9844425,-0.9590038,-0.66908705","0.18763289,-0.26674676,-0.14254555,-0.5742016,-0.37705243,0.6548563,-0.29309943,-0.65380114,0.42493555",0.0
"0.18763289,-0.26674676,-0.14254555,-0.5742016,-0.37705243,0.6548563,-0.29309943,-0.65380114,0.42493555","0.9647188,-0.9222331,-0.743208","0.27975655,-0.39354908,-0.22238885,-0.5607989,-0.6677634,0.29387057,-0.29309943,-0.65380114,0.42493555",0.0
"0.27975655,-0.39354908,-0.22238885,-0.5607989,-0.6677634,0.29387057,-0.29309943,-0.65380114,0.42493555","0.76630044,0.8630575,-0.8844342","0.35293266,-0.27488312,-0.31740418,-0.35159704,-0.6930717,0.38533777,-0.29309943,-0.65380114,0.42493555",0.0
"0.35293266,-0.27488312,-0.31740418,-0.35159704,-0.6930717,0.38533777,-0.29309943,-0.65380114,0.42493555","0.2694794,0.59397864,-0.4870134","0.37866598,-0.19321415,-0.36972436,-0.26533836,-0.6464914,0.45123503,-0.29309943,-0.65380114,0.42493555",0.0
"0.37866598,-0.19321415,-0.36972436,-0.26533836,-0.6464914,0.45123503,-0.29309943,-0.65380114,0.42493555","-0.056826532,-0.28211474,0.07281828","0.37323946,-0.2320035,-0.36190152,-0.2918584,-0.6788067,0.3953566,-0.29309943,-0.65380114,0.42493555",0.0
"0.37323946,-0.2320035,-0.36190152,-0.2918584,-0.6788067,0.3953566,-0.29309943,-0.65380114,0.42493555","0.014767051,0.23035288,-0.048886478","0.37464958,-0.20033117,-0.36715347,-0.27633148,-0.64996827,0.44302619,-0.29309943,-0.65380114,0.42493555",0.0
"0.37464958,-0.20033117,-0.36715347,-0.27633148,-0.64996827,0.44302619,-0.29309943,-0.65380114,0.42493555","-0.046275973,-0.15809774,-0.0073457956","0.37023056,-0.22206882,-0.36794266,-0.2944717,-0.6672419,0.40373173,-0.29309943,-0.65380114,0.42493555",0.0
"0.37023056,-0.22206882,-0.36794266,-0.2944717,-0.6672419,0.40373173,-0.29309943,-0.65380114,0.42493555","-0.021140814,0.18715024,-0.07694149","0.36821175,-0.19633663,-0.3762086,-0.28817993,-0.64142555,0.43582937,-0.29309943,-0.65380114,0.42493555",0.0
"0.0,0.0,0.0,2.8652207e-07,0.005789075,0.993462,0.9032749,-0.1448538,0.05502712","-0.16132587,0.97294116,0.99250853","-0.015405445,0.1337744,0.10662582,0.4200116,-0.014547606,0.8757085,0.9032749,-0.1448538,0.05502712",0.0
"-0.015405445,0.1337744,0.10662582,0.4200116,-0.014547606,0.8757085,0.9032749,-0.1448538,0.05502712","-0.72130466,0.90678155,0.99266934","-0.084284805,0.2584522,0.21326892,0.69875747,-0.18347386,0.5724399,0.9032749,-0.1448538,0.05502712",0.0
"-0.084284805,0.2584522,0.21326892,0.69875747,-0.18347386,0.5724399,0.9032749,-0.1448538,0.05502712","-0.51642245,0.8845577,0.9623649","-0.1335994,0.38007435,0.31665638,0.78709966,-0.34488904,0.17563543,0.9032749,-0.1448538,0.05502712",0.0
"-0.1335994,0.38007435,0.31665638,0.78709966,-0.34488904,0.17563543,0.9032749,-0.1448538,0.05502712","0.4296193,0.3391633,0.22177231","-0.09257387,0.42670763,0.34048152,0.8374598,-0.24462235,0.040777784,0.9032749,-0.1448538,0.05502712",0.0
"-0.09257387,0.42670763,0.34048152,0.8374598,-0.24462235,0.040777784,0.9032749,-0.1448538,0.05502712","0.46029592,0.24451077,-0.47598147","-0.04861895,0.46032667,0.28934652,0.8928355,-0.13158566,0.044746548,0.9032749,-0.1448538,0.05502712",0.0
"-0.04861895,0.46032667,0.28934652,0.8928355,-0.13158566,0.044746548,0.9032749,-0.1448538,0.05502712","-0.037708223,-0.053199053,0.03156519","-0.052219816,0.45301214,0.29273757,0.88781834,-0.14110263,0.05567396,0.9032749,-0.1448538,0.05502712",0.0
"0.0,0.0,0.0,2.8652207e-07,0.005789075,0.993462,-0.48842108,-0.25771928,0.5050889","0.8423257,-0.9646271,-0.85105646","0.080435984,-0.13263126,-0.09142953,-0.38883743,-0.09442571,0.88959527,-0.48842108,-0.25771928,0.5050889",0.0
"0.080435984,-0.13263126,-0.09142953,-0.38883743,-0.09442571,0.88959527,-0.48842108,-0.25771928,0.5050889","0.8081114,-0.8466371,-0.90186524","0.15760475,-0.24903953,-0.18831746,-0.61332947,-0.32461673,0.6236559,-0.48842108,-0.25771928,0.5050889",0.0
"0.15760475,-0.24903953,-0.18831746,-0.61332947,-0.32461673,0.6236559,-0.48842108,-0.25771928,0.5050889","0.012873769,0.6096208,-0.9781404","0.15883411,-0.16521983,-0.29339972,-0.56172156,-0.299543,0.61199886,-0.48842108,-0.25771928,0.5050889",0.0
"0.15883411,-0.16521983,-0.29339972,-0.56172156,-0.299543,0.61199886,-0.48842108,-0.25771928,0.5050889","0.040373087,0.27160692,-0.9099896","0.16268945,-0.1278753,-0.3911605,-0.54898655,-0.30124003,0.523879,-0.48842108,-0.25771928,0.5050889",0.0
"0.16268945,-0.1278753,-0.3911605,-0.54898655,-0.30124003,0.523879,-0.48842108,-0.25771928,0.5050889","-0.012382507,0.46620905,-0.71647346","0.16150701,-0.06377395,-0.4681317,-0.49634767,-0.26931465,0.49849412,-0.48842108,-0.25771928,0.5050889",0.0
"0.0,0.0,0.0,2.8652207e-07,0.005789075,0.993462,0.5518129,-0.43684208,0.62845707","-0.9511012,0.6159868,0.68273365","-0.09082325,0.08469502,0.0733465,0.27099487,-0.073458925,0.94216335,0.5518129,-0.43684208,0.62845707",0.0
"-0.09082325,0.08469502,0.0733465,0.27099487,-0.073458925,0.94216335,0.5518129,-0.43684208,0.62845707","-0.9390606,0.29991615,0.80862236","-0.18049672,0.12593195,0.16021733,0.3949839,-0.24466695,0.833199,0.5518129,-0.43684208,0.62845707",0.0
"-0.18049672,0.12593195,0.16021733,0.3949839,-0.24466695,0.833199,0.5518129,-0.43684208,0.62845707","-0.55233884,0.2528758,0.6507281","-0.23324107,0.16070108,0.23012547,0.44143283,-0.3894492,0.7060502,0.5518129,-0.43684208,0.62845707",0.0
"-0.23324107,0.16070108,0.23012547,0.44143283,-0.3894492,0.7060502,0.5518129,-0.43684208,0.62845707","-0.22541696,0.2600944,-0.2077328","-0.25476676,0.19646274,0.20780864,0.44189164,-0.44701752,0.682286,0.5518129,-0.43684208,0.62845707",0.0
"-0.25476676,0.19646274,0.20780864,0.44189164,-0.44701752,0.682286,0.5518129,-0.43684208,0.62845707","0.07867241,0.31363702,-0.29209387","-0.2472541,0.23958622,0.17642882,0.4830064,-0.466628,0.6554261,0.5518129,-0.43684208,0.62845707",0.0
"-0.2472541,0.23958622,0.17642882,0.4830064,-0.466628,0.6554261,0.5518129,-0.43684208,0.62845707","0.19043303,0.22446573,-0.20224869","-0.22906913,0.27044913,0.15470113,0.5314225,-0.45806026,0.6326096,0.5518129,-0.43684208,0.62845707",0.0
"-0.22906913,0.27044913,0.15470113,0.5314225,-0.45806026,0.6326096,0.5518129,-0.43684208,0.62845707","0.18613195,-0.080256104,0.10958934","-0.21129487,0.25941437,0.16647437,0.5501053,-0.42295182,0.6356687,0.5518129,-0.43684208,0.62845707",0.0
"0.0,0.0,0.0,2.8652207e-07,0.005789075,0.993462,-0.37269008,0.2082456,0.7237781","-0.8379287,-0.8412878,-0.81612736","-0.08001612,-0.115672745,-0.08767707,-0.34907725,0.095623866,0.9082731,-0.37269008,0.2082456,0.7237781",0.0
"-0.08001612,-0.115672745,-0.08767707,-0.34907725,0.095623866,0.9082731,-0.37269008,0.2082456,0.7237781","-0.38812715,-0.5478314,-0.92846906","-0.11707945,-0.19099677,-0.18742311,-0.5613651,0.22252789,0.7168289,-0.37269008,0.2082456,0.7237781",0.0
"-0.11707945,-0.19099677,-0.18742311,-0.5613651,0.22252789,0.7168289,-0.37269008,0.2082456,0.7237781","-0.7903657,0.8841562,-0.86354685","-0.19255364,-0.06942984,-0.28019452,-0.3886947,0.27577898,0.76056767,-0.37269008,0.2082456,0.7237781",0.0
"-0.19255364,-0.06942984,-0.28019452,-0.3886947,0.27577898,0.76056767,-0.37269008,0.2082456,0.7237781","-0.18102586,0.5863979,-0.7815309","-0.2098403,0.011196861,-0.3641549,-0.31787047,0.25363472,0.7398671,-0.37269008,0.2082456,0.7237781",0.0
"-0.2098403,0.011196861,-0.3641549,-0.31787047,0.25363472,0.7398671,-0.37269008,0.2082456,0.7237781","0.24074805,-0.044895828,-0.16490406","-0.1868506,0.005023927,-0.38187072,-0.35450777,0.24278362,0.7099523,-0.37269008,0.2082456,0.7237781",0.0
"-0.1868506,0.005023927,-0.38187072,-0.35450777,0.24278362,0.7099523,-0.37269008,0.2082456,0.7237781","0.16583502,0.2601099,-0.22160017","-0.17101456,0.04078771,-0.40567738,-0.33059424,0.20367675,0.71339935,-0.37269008,0.2082456,0.7237781",0.0
"-0.17101456,0.04078771,-0.40567738,-0.33059424,0.20367675,0.71339935,-0.37269008,0.2082456,0.7237781","-0.011948347,-0.13994932,0.24136162","-0.17215554,0.021545414,-0.3797478,-0.34087685,0.2114758,0.72954243,-0.37269008,0.2082456,0.7237781",0.0
"-0.17215554,0.021545414,-0.3797478,-0.34087685,0.2114758,0.72954243,-0.37269008,0.2082456,0.7237781","0.056730986,-0.06350374,-0.015086591","-0.16673815,0.012813988,-0.38136864,-0.3578692,0.21340919,0.7186712,-0.37269008,0.2082456,0.7237781",0.0
"0.0,0.0,0.0,2.8652207e-07,0.005789075,0.993462,-0.61532164,0.67695904,0.05502712","-0.9916725,-0.98189974,-0.67207533","-0.094697535,-0.13500616,-0.07220147,-0.36304978,0.11736649,0.9022549,-0.61532164,0.67695904,0.05502712",0.0
"-0.094697535,-0.13500616,-0.07220147,-0.36304978,0.11736649,0.9022549,-0.61532164,0.67695904,0.05502712","-0.9828487,-0.98734695,-0.3107443","-0.18855245,-0.27076128,-0.105584905,-0.54631126,0.3746311,0.6945761,-0.61532164,0.67695904,0.05502712",0.0
"-0.18855245,-0.27076128,-0.105584905,-0.54631126,0.3746311,0.6945761,-0.61532164,0.67695904,0.05502712","-0.9261685,-0.9876984,-0.66691566","-0.27699482,-0.40656477,-0.17723206,-0.5591426,0.6720239,0.33590806,-0.61532164,0.67695904,0.05502712",0.0
"-0.27699482,-0.40656477,-0.17723206,-0.5591426,0.6720239,0.33590806,-0.61532164,0.67695904,0.05502712","0.005301237,-0.9037881,-0.66282094","-0.2764886,-0.530831,-0.24843931,-0.5982225,0.71606386,-0.051565904,-0.61532164,0.67695904,0.05502712",0.0
"-0.2764886,-0.530831,-0.24843931,-0.5982225,0.71606386,-0.051565904,-0.61532164,0.67695904,0.05502712","0.3459195,0.7027087,-0.1951654","-0.2434558,-0.43421224,-0.26940605,-0.6432097,0.625317,0.13267979,-0.61532164,0.67695904,0.05502712",0.0
"-0.2434558,-0.43421224,-0.26940605,-0.6432097,0.625317,0.13267979,-0.61532164,0.67695904,0.05502712","-0.24940854,-0.29515958,-0.22426301","-0.2672725,-0.47479522,-0.29349872,-0.59997684,0.6775709,0.0065900837,-0.61532164,0.67695904,0.05502712",0.0
"-0.2672725,-0.47479522,-0.29349872,-0.59997684,0.6775709,0.0065900837,-0.61532164,0.67695904,0.05502712","0.07428765,0.2306993,0.14023173","-0.26017857,-0.4430753,-0.27843353,-0.6109556,0.6597976,0.09933154,-0.61532164,0.67695904,0.05502712",0.0
"-0.26017857,-0.4430753,-0.27843353,-0.6109556,0.6597976,0.09933154,-0.61532164,0.67695904,0.05502712","-0.064661086,-0.18906617,-0.10928267","-0.26635322,-0.469071,-0.29017383,-0.6017743,0.675661,0.024221795,-0.61532164,0.67695904,0.05502712",0.0
"-0.26635322,-0.469071,-0.29017383,-0.6017743,0.675661,0.024221795,-0.61532164,0.67695904,0.05502712","0.04901409,0.14583445,0.098088026","-0.26167274,-0.44901955,-0.27963614,-0.60930234,0.6642196,0.08443061,-0.61532164,0.67695904,0.05502712",0.0
"-0.26167274,-0.44901955,-0.27963614,-0.60930234,0.6642196,0.08443061,-0.61532164,0.67695904,0.05502712","-0.04125738,-0.12159729,-0.07223517","-0.2656125,-0.4657386,-0.2873964,-0.60335666,0.674272,0.03577149,-0.61532164,0.67695904,0.05502712",0.0
"-0.2656125,-0.4657386,-0.2873964,-0.60335666,0.674272,0.03577149,-0.61532164,0.67695904,0.05502712","0.030698419,0.09169376,0.06910932","-0.26268104,-0.45313123,-0.2799719,-0.6082094,0.6672448,0.07486877,-0.61532164,0.67695904,0.05502712",0.0
"-0.26268104,-0.45313123,-0.2799719,-0.6082094,0.6672448,0.07486877,-0.61532164,0.67695904,0.05502712","-0.025667548,-0.07668966,-0.049823523","-0.2651321,-0.46367574,-0.28532445,-0.60441464,0.67340595,0.04346395,-0.61532164,0.67695904,0.05502712",0.0
"0.0,0.0,0.0,2.8652207e-07,0.005789075,0.993462,0.4421053,0.24584794,0.18532537","0.41613126,0.9842937,0.9800079","0.039737523,0.13533533,0.10528286,0.4176887,0.05825103,0.87527114,0.4421053,0.24584794,0.18532537",0.0
"0.039737523,0.13533533,0.10528286,0.4176887,0.05825103,0.87527114,0.4421053,0.24584794,0.18532537","0.3053658,0.9366535,0.9876684","0.06889775,0.26412037,0.21138868,0.71072304,0.16221097,0.5651006,0.4421053,0.24584794,0.18532537",0.0
"0.06889775,0.26412037,0.21138868,0.71072304,0.16221097,0.5651006,0.4421053,0.24584794,0.18532537","0.20744729,0.12902975,0.98210764","0.088707455,0.28186134,0.31689712,0.752013,0.22119422,0.37284142,0.4421053,0.24584794,0.18532537",0.0
"0.088707455,0.28186134,0.31689712,0.752013,0.22119422,0.37284142,0.4421053,0.24584794,0.18532537","0.1873734,-0.45384133,0.9837587","0.10660025,0.21946052,0.42258298,0.68352,0.24399702,0.32316098,0.4421053,0.24584794,0.18532537",0.0
"0.10660025,0.21946052,0.42258298,0.68352,0.24399702,0.32316098,0.4421053,0.24584794,0.18532537","0.08573866,-0.5492407,0.96712947","0.114787675,0.14394276,0.52648234,0.598017,0.23170383,0.2890339,0.4421053,0.24584794,0.18532537",0.0
"0.114787675,0.14394276,0.52648234,0.598017,0.23170383,0.2890339,0.4421053,0.24584794,0.18532537","0.12827742,-0.5628685,0.91893363","0.12703724,0.06655126,0.62520397,0.50090957,0.21753317,0.25267383,0.4421053,0.24584794,0.18532537",0.0
"0.12703724,0.06655126,0.62520397,0.50090957,0.21753317,0.25267383,0.4421053,0.24584794,0.18532537","0.14042413,-0.37823355,0.613894","0.14044672,0.014546106,0.6911551,0.42970031,0.20934175,0.22117151,0.4421053,0.24584794,0.18532537",0.0
"0.14044672,0.014546106,0.6911551,0.42970031,0.20934175,0.22117151,0.4421053,0.24584794,0.18532537","0.16167235,0.15364659,-0.17588508","0.15588526,0.03567173,0.6722597,0.4402266,0.24121884,0.22322947,0.4421053,0.24584794,0.18532537",0.0
"0.15588526,0.03567173,0.6722597,0.4402266,0.24121884,0.22322947,0.4421053,0.24584794,0.18532537","-0.015428722,0.07433736,-0.044681072","0.15441193,0.04589275,0.6674596,0.44955686,0.24351068,0.2175327,0.4421053,0.24584794,0.18532537",0.0
"0.15441193,0.04589275,0.6674596,0.44955686,0.24351068,0.2175327,0.4421053,0.24584794,0.18532537","-0.023993134,-0.006358266,0.055311203","0.15212075,0.04501853,0.6734017,0.44792265,0.23852019,0.21007772,0.4421053,0.24584794,0.18532537",0.0
"0.15212075,0.04501853,0.6734017,0.44792265,0.23852019,0.21007772,0.4421053,0.24584794,0.18532537","0.0069613457,0.0014582872,0.034893274","0.15278551,0.045219053,0.67715037,0.44567162,0.23854297,0.20447147,0.4421053,0.24584794,0.18532537",0.0
"0.15278551,0.045219053,0.67715037,0.44567162,0.23854297,0.20447147,0.4421053,0.24584794,0.18532537","0.011706114,0.015537143,0.009839058","0.15390337,0.047355343,0.67820746,0.44547796,0.24044617,0.20033045,0.4421053,0.24584794,0.18532537",0.0
"0.0,0.0,0.0,2.8652207e-07,0.005789075,0.993462,-0.7377778,0.24713449,-0.23054375","-0.48132443,-0.97152156,-0.99124736","-0.045962997,-0.13357921,-0.10649033,-0.41448668,0.06612022,0.8760262,-0.7377778,0.24713449,-0.23054375",0.0
"-0.045962997,-0.13357921,-0.10649033,-0.41448668,0.06612022,0.8760262,-0.7377778,0.24713449,-0.23054375","-0.2507562,-0.9833393,-0.9668815","-0.069908395,-0.26878333,-0.21036302,-0.71569586,0.16569243,0.55825114,-0.7377778,0.24713449,-0.23054375",0.0
"-0.069908395,-0.26878333,-0.21036302,-0.71569586,0.16569243,0.55825114,-0.7377778,0.24713449,-0.23054375","-0.33329237,-0.92431927,-0.9231406","-0.1017354,-0.39587247,-0.30953658,-0.82366705,0.27869782,0.15331112,-0.7377778,0.24713449,-0.23054375",0.0
"-0.1017354,-0.39587247,-0.30953658,-0.82366705,0.27869782,0.15331112,-0.7377778,0.24713449,-0.23054375","0.36729765,-0.5663936,-0.9692964","-0.06666114,-0.4737487,-0.4136687,-0.8126902,0.1786468,-0.1591933,-0.7377778,0.24713449,-0.23054375",0.0
"-0.06666114,-0.4737487,-0.4136687,-0.8126902,0.1786468,-0.1591933,-0.7377778,0.24713449,-0.23054375","-0.36053717,0.005874753,-0.45714742","-0.10108983,-0.47294104,-0.46278033,-0.74754167,0.25181842,-0.21688233,-0.7377778,0.24713449,-0.23054375",0.0
"0.0,0.0,0.0,2.8652207e-07,0.005789075,0.993462,0.06567252,0.86286545,-0.0990687","-0.76826036,-0.9953385,-0.80978143","-0.0733633,-0.13685392,-0.086995326,-0.39111575,0.097720645,0.88903594,0.06567252,0.86286545,-0.0990687",0.0
"-0.0733633,-0.13685392,-0.086995326,-0.39111575,0.097720645,0.88903594,0.06567252,0.86286545,-0.0990687","-0.9591389,-0.9975425,-0.51138824","-0.1649541,-0.2740109,-0.14193408,-0.6028901,0.3504322,0.6433886,0.06567252,0.86286545,-0.0990687",0.0
"-0.1649541,-0.2740109,-0.14193408,-0.6028901,0.3504322,0.6433886,0.06567252,0.86286545,-0.0990687","-0.9965548,-0.989389,-0.30889094","-0.26011786,-0.41004682,-0.17511842,-0.59569496,0.6432838,0.3317134,0.06567252,0.86286545,-0.0990687",0.0
"-0.26011786,-0.41004682,-0.17511842,-0.59569496,0.6432838,0.3317134,0.06567252,0.86286545,-0.0990687","-0.9951291,-0.8848942,-0.3473","-0.35514545,-0.5317153,-0.21242906,-0.41004723,0.85115623,0.0010919305,0.06567252,0.86286545,-0.0990687",0.0
"-0.35514545,-0.5317153,-0.21242906,-0.41004723,0.85115623,0.0010919305,0.06567252,0.86286545,-0.0990687","-0.9497355,0.44945836,-0.6487249","-0.4458383,-0.46991712,-0.28212196,-0.1480176,0.89569837,0.034520723,0.06567252,0.86286545,-0.0990687",0.0
"-0.4458383,-0.46991712,-0.28212196,-0.1480176,0.89569837,0.034520723,0.06567252,0.86286545,-0.0990687","-0.85939234,0.069950104,-0.80886567","-0.52790403,-0.4602994,-0.3690189,0.081422895,0.8602718,-0.071658775,0.06567252,0.86286545,-0.0990687",0.0
"-0.52790403,-0.4602994,-0.3690189,0.081422895,0.8602718,-0.071658775,0.06567252,0.86286545,-0.0990687","-0.01513052,-0.1275959,-0.09410238","-0.5293489,-0.47784328,-0.37912837,0.084772974,0.85390157,-0.12238441,0.06567252,0.86286545,-0.0990687",0.0
"-0.5293489,-0.47784328,-0.37912837,0.084772974,0.85390157,-0.12238441,0.06567252,0.86286545,-0.0990687","0.050925016,0.049260616,0.14206958","-0.52448595,-0.47107026,-0.36386573,0.07249245,0.8651437,-0.08723855,0.06567252,0.86286545,-0.0990687",0.0
"0.0,0.0,0.0,2.8652207e-07,0.005789075,0.993462,-0.30725148,0.71485376,-0.23054375","-0.92047024,-0.9943984,-0.72787726","-0.08789824,-0.13672467,-0.0781963,-0.37579864,0.11251115,0.8960941,-0.30725148,0.71485376,-0.23054375",0.0
"-0.08789824,-0.13672467,-0.0781963,-0.37579864,0.11251115,0.8960941,-0.30725148,0.71485376,-0.23054375","-0.95007086,-0.98847467,-0.34574205","-0.17862311,-0.27263486,-0.11533958,-0.5673782,0.3634746,0.6795836,-0.30725148,0.71485376,-0.23054375",0.0
"-0.17862311,-0.27263486,-0.11533958,-0.5673782,0.3634746,0.6795836,-0.30725148,0.71485376,-0.23054375","-0.978875,-0.9792648,-0.70952165","-0.27209857,-0.40727875,-0.1915639,-0.5720133,0.6663331,0.31232733,-0.30725148,0.71485376,-0.23054375",0.0
"-0.27209857,-0.40727875,-0.1915639,-0.5720133,0.6663331,0.31232733,-0.30725148,0.71485376,-0.23054375","-0.8456994,-0.87809014,-0.9524901","-0.35285673,-0.5280116,-0.2938905,-0.40137154,0.8185134,-0.11202673,-0.30725148,0.71485376,-0.23054375",0.0
"-0.35285673,-0.5280116,-0.2938905,-0.40137154,0.8185134,-0.11202673,-0.30725148,0.71485376,-0.23054375","-0.46167886,-0.03861469,-0.9057271","-0.39694372,-0.533321,-0.39119327,-0.26202327,0.7990389,-0.2529682,-0.30725148,0.71485376,-0.23054375",0.0
"-0.39694372,-0.533321,-0.39119327,-0.26202327,0.7990389,-0.2529682,-0.30725148,0.71485376,-0.23054375","0.34865785,0.41248202,-0.38230252","-0.36364943,-0.47660694,-0.43226427,-0.33372575,0.7447802,-0.18809491,-0.30725148,0.71485376,-0.23054375",0.0
"-0.36364943,-0.47660694,-0.43226427,-0.33372575,0.7447802,-0.18809491,-0.30725148,0.71485376,-0.23054375","-0.095187485,0.18868077,-0.55782646","-0.37273914,-0.45066437,-0.4921919,-0.2921591,0.7062819,-0.20763078,-0.30725148,0.71485376,-0.23054375",0.0
"-0.37273914,-0.45066437,-0.4921919,-0.2921591,0.7062819,-0.20763078,-0.30725148,0.71485376,-0.23054375","-0.14093393,-0.26455057,0.17966282","-0.3861973,-0.48703876,-0.47289065,-0.2659957,0.7285751,-0.25497055,-0.30725148,0.71485376,-0.23054375",0.0
"-0.3861973,-0.48703876,-0.47289065,-0.2659957,0.7285751,-0.25497055,-0.30725148,0.71485376,-0.23054375","-0.023894489,-0.1447972,0.4046061","-0.38847905,-0.5069477,-0.42942354,-0.27355227,0.7654519,-0.24501802,-0.30725148,0.71485376,-0.23054375",0.0
"-0.38847905,-0.5069477,-0.42942354,-0.27355227,0.7654519,-0.24501802,-0.30725148,0.71485376,-0.23054375","0.14666533,0.17609215,-0.12140739","-0.37447357,-0.482736,-0.4424664,-0.30431944,0.74634343,-0.21242987,-0.30725148,0.71485376,-0.23054375",0.0
"-0.37447357,-0.482736,-0.4424664,-0.30431944,0.74634343,-0.21242987,-0.30725148,0.71485376,-0.23054375","0.0023708344,0.1011951,-0.29177457","-0.3742472,-0.46882224,-0.47381195,-0.2944468,0.72117734,-0.22143619,-0.30725148,0.71485376,-0.23054375",0.0
"0.0,0.0,0.0,2.8652207e-07,0.005789075,0.993462,-0.11169591,0.41754386,0.79987806","-0.9783184,-0.93914825,-0.43141103","-0.09342231,-0.12912805,-0.046346746,-0.32113415,0.1031019,0.92509216,-0.11169591,0.41754386,0.79987806",0.0
"-0.09342231,-0.12912805,-0.046346746,-0.32113415,0.1031019,0.92509216,-0.11169591,0.41754386,0.79987806","-0.96944237,-0.7294823,-0.45421952","-0.18599702,-0.22942814,-0.095143825,-0.48382226,0.32692707,0.7694402,-0.11169591,0.41754386,0.79987806",0.0
"-0.18599702,-0.22942814,-0.095143825,-0.48382226,0.32692707,0.7694402,-0.11169591,0.41754386,0.79987806","-0.93930733,0.11636245,-0.3405245","-0.27569407,-0.21342891,-0.13172658,-0.3791074,0.45478097,0.75144035,-0.11169591,0.41754386,0.79987806",0.0
"-0.27569407,-0.21342891,-0.13172658,-0.3791074,0.45478097,0.75144035,-0.11169591,0.41754386,0.79987806","-0.89056647,0.65041447,-0.53505355","-0.3607367,-0.12400028,-0.18920775,-0.20251752,0.44663656,0.80426395,-0.11169591,0.41754386,0.79987806",0.0
"-0.3607367,-0.12400028,-0.18920775,-0.20251752,0.44663656,0.80426395,-0.11169591,0.41754386,0.79987806","-0.62796855,0.41630888,-0.54989386","-0.42070314,-0.066759944,-0.24828322,-0.10378525,0.43144143,0.8021479,-0.11169591,0.41754386,0.79987806",0.0
"0.0,0.0,0.0,2.8652207e-07,0.005789075,0.993462,0.07643275,-0.85216373,0.2833269","0.98446584,-0.9552326,-0.8686267","0.09400934,-0.13133956,-0.093317114,-0.38418427,-0.11083182,0.8893256,0.07643275,-0.85216373,0.2833269",0.0
"0.09400934,-0.13133956,-0.093317114,-0.38418427,-0.11083182,0.8893256,0.07643275,-0.85216373,0.2833269","0.99440134,-0.94674003,-0.9231247","0.18896744,-0.26151147,-0.19248898,-0.5953509,-0.39479998,0.5964634,0.07643275,-0.85216373,0.2833269",0.0
"0.18896744,-0.26151147,-0.19248898,-0.5953509,-0.39479998,0.5964634,0.07643275,-0.85216373,0.2833269","0.99556947,-0.85800266,-0.947762","0.28403708,-0.37948245,-0.29430762,-0.5457602,-0.6677911,0.21154456,0.07643275,-0.85216373,0.2833269",0.0
"0.28403708,-0.37948245,-0.29430762,-0.5457602,-0.6677911,0.21154456,0.07643275,-0.85216373,0.2833269","0.9857309,0.31935024,-0.5358325","0.37816727,-0.33557346,-0.35187244,-0.313544,-0.76329595,0.21268485,0.07643275,-0.85216373,0.2833269",0.0
"0.37816727,-0.33557346,-0.35187244,-0.313544,-0.76329595,0.21268485,0.07643275,-0.85216373,0.2833269","0.9341823,0.22713256,0.023876071","0.4673749,-0.30434394,-0.34930745,-0.08795376,-0.79856306,0.27872145,0.07643275,-0.85216373,0.2833269",0.0
"0.4673749,-0.30434394,-0.34930745,-0.08795376,-0.79856306,0.27872145,0.07643275,-0.85216373,0.2833269","0.73376894,-0.12548327,0.26865697","0.53744453,-0.32159725,-0.32044545,0.09035344,-0.8138354,0.2895793,0.07643275,-0.85216373,0.2833269",0.0
"0.53744453,-0.32159725,-0.32044545,0.09035344,-0.8138354,0.2895793,0.07643275,-0.85216373,0.2833269","0.028421998,-0.3047359,0.33119822","0.54015857,-0.3634969,-0.28486463,0.10146831,-0.84598076,0.25969756,0.07643275,-0.85216373,0.2833269",0.0
"0.54015857,-0.3634969,-0.28486463,0.10146831,-0.84598076,0.25969756,0.07643275,-0.85216373,0.2833269","-0.07625365,-0.021163523,0.18575406","0.5328769,-0.3664068,-0.26490894,0.08229943,-0.8500938,0.2847881,0.07643275,-0.85216373,0.2833269",0.0
"0.0,0.0,0.0,2.8652207e-07,0.005789075,0.993462,0.17140351,0.65321636,0.021030586","-0.9367055,-0.9913916,-0.93068874","-0.08944859,-0.13631125,-0.09998448,-0.39943215,0.12132126,0.8788252,0.17140351,0.65321636,0.021030586",0.0
"-0.08944859,-0.13631125,-0.09998448,-0.39943215,0.12132126,0.8788252,0.17140351,0.65321636,0.021030586","-0.98602134,-0.9811415,-0.94760966","-0.18360648,-0.27121317,-0.20178677,-0.61132604,0.4046535,0.5661991,0.17140351,0.65321636,0.021030586",0.0
"-0.18360648,-0.27121317,-0.20178677,-0.61132604,0.4046535,0.5661991,0.17140351,0.65321636,0.021030586","-0.986964,-0.9299693,-0.6490021","-0.27785435,-0.3990792,-0.27150947,-0.5591832,0.6757456,0.20546737,0.17140351,0.65321636,0.021030586",0.0
"-0.27785435,-0.3990792,-0.27150947,-0.5591832,0.6757456,0.20546737,0.17140351,0.65321636,0.021030586","-0.98039204,0.12767684,-0.7821753","-0.37147468,-0.3815243,-0.35553902,-0.32838127,0.7833343,0.113142334,0.17140351,0.65321636,0.021030586",0.0
"-0.37147468,-0.3815243,-0.35553902,-0.32838127,0.7833343,0.113142334,0.17140351,0.65321636,0.021030586","-0.97267765,0.6597972,-0.94939524","-0.46435833,-0.2908056,-0.45753315,-0.079620235,0.75993425,0.13981824,0.17140351,0.65321636,0.021030586",0.0
"-0.46435833,-0.2908056,-0.45753315,-0.079620235,0.75993425,0.13981824,0.17140351,0.65321636,0.021030586","-0.8970552,0.14251459,-0.9142926","-0.5500206,-0.27121064,-0.5557562,0.11461429,0.68633085,0.037534103,0.17140351,0.65321636,0.021030586",0.0
"-0.5500206,-0.27121064,-0.5557562,0.11461429,0.68633085,0.037534103,0.17140351,0.65321636,0.021030586","-0.31226397,0.40622008,-0.56953096","-0.5798395,-0.2153575,-0.61694133,0.16201054,0.60897607,0.048954345,0.17140351,0.65321636,0.021030586",0.0
"-0.5798395,-0.2153575,-0.61694133,0.16201054,0.60897607,0.048954345,0.17140351,0.65321636,0.021030586","-0.107257366,-0.20319492,0.09015334","-0.5900818,-0.24329579,-0.6072561,0.18607442,0.61911553,0.017584091,0.17140351,0.65321636,0.021030586",0.0
"-0.5900818,-0.24329579,-0.6072561,0.18607442,0.61911553,0.017584091,0.17140351,0.65321636,0.021030586","-0.0177387,-0.14748734,0.2835065","-0.5917757,-0.26357457,-0.5767988,0.19809975,0.6475614,0.023103287,0.17140351,0.65321636,0.021030586",0.0
"-0.5917757,-0.26357457,-0.5767988,0.19809975,0.6475614,0.023103287,0.17140351,0.65321636,0.021030586","-0.0021663904,-0.1537829,0.20940888","-0.5919826,-0.28471896,-0.55430186,0.2052444,0.6700489,0.016415704,0.17140351,0.65321636,0.021030586",0.0
"-0.5919826,-0.28471896,-0.55430186,0.2052444,0.6700489,0.016415704,0.17140351,0.65321636,0.021030586","0.019386053,-0.0946638,0.16081965","-0.59013134,-0.29773477,-0.5370249,0.20603824,0.6873639,0.016332196,0.17140351,0.65321636,0.021030586",0.0
"-0.59013134,-0.29773477,-0.5370249,0.20603824,0.6873639,0.016332196,0.17140351,0.65321636,0.021030586","0.06136489,0.003760457,0.012306094","-0.58427143,-0.29721776,-0.5357029,0.19357748,0.6918786,0.018968362,0.17140351,0.65321636,0.021030586",0.0
"-0.58427143,-0.29721776,-0.5357029,0.19357748,0.6918786,0.018968362,0.17140351,0.65321636,0.021030586","0.059512615,0.12352753,-0.17141593","-0.5785884,-0.2802334,-0.55411816,0.17661485,0.67705464,0.024315007,0.17140351,0.65321636,0.021030586",0.0
"-0.5785884,-0.2802334,-0.55411816,0.17661485,0.67705464,0.024315007,0.17140351,0.65321636,0.021030586","-0.012979507,0.14182007,-0.21961117","-0.5798279,-0.2607339,-0.57771116,0.17328115,0.653062,0.026625749,0.17140351,0.65321636,0.021030586",0.0
"0.0,0.0,0.0,2.8652207e-07,0.005789075,0.993462,0.060994156,0.8059064,0.22827868","-0.88480884,-0.9920584,-0.4467035","-0.084492825,-0.13640293,-0.047989625,-0.34016153,0.098474786,0.9179091,0.060994156,0.8059064,0.22827868",0.0
"-0.084492825,-0.13640293,-0.047989625,-0.34016153,0.098474786,0.9179091,0.060994156,0.8059064,0.22827868","-0.9768803,-0.9850255,-0.1732263","-0.17777781,-0.2718389,-0.06659942,-0.529107,0.3374501,0.7378619,0.060994156,0.8059064,0.22827868",0.0
"-0.17777781,-0.2718389,-0.06659942,-0.529107,0.3374501,0.7378619,0.060994156,0.8059064,0.22827868","-0.9936611,-0.9848965,0.33815503","-0.27266523,-0.40725714,-0.030271174,-0.51758593,0.6059319,0.5449039,0.060994156,0.8059064,0.22827868",0.0
"-0.27266523,-0.40725714,-0.030271174,-0.51758593,0.6059319,0.5449039,0.060994156,0.8059064,0.22827868","-0.97881866,-0.84429437,-0.34616363","-0.3661353,-0.5233433,-0.0674597,-0.37643546,0.8558901,0.2449497,0.060994156,0.8059064,0.22827868",0.0
"-0.3661353,-0.5233433,-0.0674597,-0.37643546,0.8558901,0.2449497,0.060994156,0.8059064,0.22827868","-0.89333564,0.6271194,-0.6196251","-0.4514424,-0.4371177,-0.13402638,-0.12926814,0.87892514,0.33607918,0.060994156,0.8059064,0.22827868",0.0
"-0.4514424,-0.4371177,-0.13402638,-0.12926814,0.87892514,0.33607918,0.060994156,0.8059064,0.22827868","-0.7389275,0.331838,-0.8457521","-0.5220046,-0.3914917,-0.22488604,0.06591892,0.86817026,0.29436088,0.060994156,0.8059064,0.22827868",0.0
"-0.5220046,-0.3914917,-0.22488604,0.06591892,0.86817026,0.29436088,0.060994156,0.8059064,0.22827868","-0.009797096,0.14134216,-0.61605334","-0.52294016,-0.37205794,-0.29106903,0.06754405,0.8551506,0.23216565,0.060994156,0.8059064,0.22827868",0.0
"-0.52294016,-0.37205794,-0.29106903,0.06754405,0.8551506,0.23216565,0.060994156,0.8059064,0.22827868","0.096484184,0.31537235,-0.4070288","-0.5137266,-0.3286959,-0.3347964,0.04127268,0.8221209,0.25299543,0.060994156,0.8059064,0.22827868",0.0
"-0.5137266,-0.3286959,-0.3347964,0.04127268,0.8221209,0.25299543,0.060994156,0.8059064,0.22827868","-0.041186094,0.21420062,-0.43742007","-0.5176596,-0.29924443,-0.3817887,0.049851235,0.7931719,0.2382733,0.060994156,0.8059064,0.22827868",0.0
"-0.5176596,-0.29924443,-0.3817887,0.049851235,0.7931719,0.2382733,0.060994156,0.8059064,0.22827868","-0.11342108,0.051897407,-0.11109227","-0.5284905,-0.29210883,-0.39372343,0.07613196,0.7835103,0.23364063,0.060994156,0.8059064,0.22827868",0.0
"-0.5284905,-0.29210883,-0.39372343,0.07613196,0.7835103,0.23364063,0.060994156,0.8059064,0.22827868","-0.05426544,-0.13947737,0.18732774","-0.53367245,-0.3112863,-0.37359866,0.09072378,0.7995599,0.22742394,0.060994156,0.8059064,0.22827868",0.0
"-0.53367245,-0.3112863,-0.37359866,0.09072378,0.7995599,0.22742394,0.060994156,0.8059064,0.22827868","-0.0044688582,-0.14860839,0.2423346","-0.53409916,-0.33171922,-0.34756452,0.09380085,0.81808597,0.22709903,0.060994156,0.8059064,0.22827868",0.0
"-0.53409916,-0.33171922,-0.34756452,0.09380085,0.81808597,0.22709903,0.060994156,0.8059064,0.22827868","0.018211842,-0.09996998,0.16850722","-0.5323601,-0.34546462,-0.32946166,0.090559974,0.83064175,0.22736171,0.060994156,0.8059064,0.22827868",0.0
"-0.5323601,-0.34546462,-0.32946166,0.090559974,0.83064175,0.22736171,0.060994156,0.8059064,0.22827868","0.046090722,-0.00717324,0.037991643","-0.52795875,-0.34645092,-0.3253802,0.079173245,0.8330384,0.23169011,0.060994156,0.8059064,0.22827868",0.0
"-0.52795875,-0.34645092,-0.3253802,0.079173245,0.8330384,0.23169011,0.060994156,0.8059064,0.22827868","0.053820014,0.094506025,-0.13307095","-0.52281934,-0.33345684,-0.3396761,0.064932786,0.8233319,0.2358361,0.060994156,0.8059064,0.22827868",0.0
"-0.52281934,-0.33345684,-0.3396761,0.064932786,0.8233319,0.2358361,0.060994156,0.8059064,0.22827868","0.0037003756,0.1294086,-0.2084316","-0.522466,-0.31566387,-0.36206806,0.062893435,0.807487,0.2366247,0.060994156,0.8059064,0.22827868",0.0
"0.0,0.0,0.0,2.8652207e-07,0.005789075,0.993462,-0.2263158,-0.50152045,0.34138253","0.9656333,-0.9534772,-0.9422799","0.09221096,-0.13109821,-0.10122972,-0.3933322,-0.11120168,0.88302463,-0.2263158,-0.50152045,0.34138253",0.0
"0.09221096,-0.13109821,-0.10122972,-0.3933322,-0.11120168,0.88302463,-0.2263158,-0.50152045,0.34138253","0.9676831,-0.94889915,-0.8651128","0.18461767,-0.26156697,-0.19416933,-0.6016265,-0.3872409,0.59401673,-0.2263158,-0.50152045,0.34138253",0.0
"0.18461767,-0.26156697,-0.19416933,-0.6016265,-0.3872409,0.59401673,-0.2263158,-0.50152045,0.34138253","0.9778887,-0.59573555,-0.9637166","0.27799895,-0.34347758,-0.297702,-0.5417491,-0.63753164,0.28089413,-0.2263158,-0.50152045,0.34138253",0.0
"0.27799895,-0.34347758,-0.297702,-0.5417491,-0.63753164,0.28089413,-0.2263158,-0.50152045,0.34138253","0.5806664,0.91321814,-0.9209046","0.33344838,-0.21791479,-0.3966354,-0.36786687,-0.6261145,0.3663411,-0.2263158,-0.50152045,0.34138253",0.0
"0.33344838,-0.21791479,-0.3966354,-0.36786687,-0.6261145,0.3663411,-0.2263158,-0.50152045,0.34138253","0.63939166,0.7762611,-0.91872585","0.39450565,-0.111182906,-0.4953347,-0.20654425,-0.5824362,0.38756722,-0.2263158,-0.50152045,0.34138253",0.0
"0.39450565,-0.111182906,-0.4953347,-0.20654425,-0.5824362,0.38756722,-0.2263158,-0.50152045,0.34138253","-0.11767751,0.1100899,-0.56981754","0.3832683,-0.09604613,-0.5565506,-0.21821554,-0.55198216,0.31521565,-0.2263158,-0.50152045,0.34138253",0.0
"0.3832683,-0.09604613,-0.5565506,-0.21821554,-0.55198216,0.31521565,-0.2263158,-0.50152045,0.34138253","-0.045663,0.28008354,-0.10999316","0.3789078,-0.057536095,-0.5683673,-0.21213779,-0.5148866,0.35107598,-0.2263158,-0.50152045,0.34138253",0.0
"0.3789078,-0.057536095,-0.5683673,-0.21213779,-0.5148866,0.35107598,-0.2263158,-0.50152045,0.34138253","-0.06269789,-0.07037836,0.008292079","0.37292063,-0.06721277,-0.5674765,-0.22525719,-0.5190369,0.3392007,-0.2263158,-0.50152045,0.34138253",0.0
"0.37292063,-0.06721277,-0.5674765,-0.22525719,-0.5190369,0.3392007,-0.2263158,-0.50152045,0.34138253","-0.00131464,0.05899644,-0.0455817","0.3727951,-0.059101067,-0.57237345,-0.22221482,-0.5112601,0.3427652,-0.2263158,-0.50152045,0.34138253",0.0
"0.0,0.0,0.0,2.8652207e-07,0.005789075,0.993462,0.6892398,-0.36643273,-0.029571943","-0.9250822,0.9954661,0.9631921","-0.08833862,0.13687147,0.10347633,0.40798837,-0.11020644,0.87525445,0.6892398,-0.36643273,-0.029571943",0.0
"-0.08833862,0.13687147,0.10347633,0.40798837,-0.11020644,0.87525445,0.6892398,-0.36643273,-0.029571943","-0.94739354,0.978889,0.9837657","-0.17880782,0.2714637,0.20916289,0.62723935,-0.38793126,0.5551672,0.6892398,-0.36643273,-0.029571943",0.0
"-0.17880782,0.2714637,0.20916289,0.62723935,-0.38793126,0.5551672,0.6892398,-0.36643273,-0.029571943","-0.5123846,0.9653411,0.96311593","-0.22773683,0.40419313,0.312631,0.6627397,-0.5682926,0.13086663,0.6892398,-0.36643273,-0.029571943",0.0
"-0.22773683,0.40419313,0.312631,0.6627397,-0.5682926,0.13086663,0.6892398,-0.36643273,-0.029571943","0.79109,0.23306358,0.75357425","-0.15219347,0.43623823,0.39358798,0.75374097,-0.38409588,-0.055626575,0.6892398,-0.36643273,-0.029571943",0.0
"-0.15219347,0.43623823,0.39358798,0.75374097,-0.38409588,-0.055626575,0.6892398,-0.36643273,-0.029571943","0.0020822287,-0.5566484,0.6174147","-0.15199465,0.35970196,0.45991722,0.7028784,-0.35718235,0.005710959,0.6892398,-0.36643273,-0.029571943",0.0
"-0.15199465,0.35970196,0.45991722,0.7028784,-0.35718235,0.005710959,0.6892398,-0.36643273,-0.029571943","-0.018011153,-0.09382641,0.21038961","-0.15371458,0.34680134,0.4825195,0.68446326,-0.35233715,-0.00045861784,0.6892398,-0.36643273,-0.029571943",0.0
"-0.15371458,0.34680134,0.4825195,0.68446326,-0.35233715,-0.00045861784,0.6892398,-0.36643273,-0.029571943","-0.051439226,0.051053643,0.013026118","-0.15862665,0.35382098,0.4839189,0.67938143,-0.3630949,-0.015514407,0.6892398,-0.36643273,-0.029571943",0.0
"0.0,0.0,0.0,2.8652207e-07,0.005789075,0.993462,0.20923978,0.80269,0.44441816","-0.8716968,-0.97777903,0.6002219","-0.08324073,-0.1344396,0.06448224,-0.19111827,0.057143472,0.9662829,0.20923978,0.80269,0.44441816",0.0
"-0.08324073,-0.1344396,0.06448224,-0.19111827,0.057143472,0.9662829,0.20923978,0.80269,0.44441816","-0.95294714,-0.96813273,0.0806098","-0.17424026,-0.2675529,0.07314226,-0.3877276,0.24310912,0.86219496,0.20923978,0.80269,0.44441816",0.0
"-0.17424026,-0.2675529,0.07314226,-0.3877276,0.24310912,0.86219496,0.20923978,0.80269,0.44441816","-0.9749506,-0.986163,-0.15803748","-0.26734096,-0.40314528,0.056164246,-0.4706411,0.5336061,0.6534055,0.20923978,0.80269,0.44441816",0.0
"-0.26734096,-0.40314528,0.056164246,-0.4706411,0.5336061,0.6534055,0.20923978,0.80269,0.44441816","-0.9207028,-0.8550716,-0.60178214","-0.35526142,-0.52071327,-0.008485531,-0.39296553,0.8169992,0.3379735,0.20923978,0.80269,0.44441816",0.0
"-0.35526142,-0.52071327,-0.008485531,-0.39296553,0.8169992,0.3379735,0.20923978,0.80269,0.44441816","-0.96214056,0.46078324,0.06491709","-0.44713885,-0.457358,-0.0015114011,-0.13257702,0.8260133,0.48251143,0.20923978,0.80269,0.44441816",0.0
"-0.44713885,-0.457358,-0.0015114011,-0.13257702,0.8260133,0.48251143,0.20923978,0.80269,0.44441816","-0.81962496,-0.2527145,-0.097488046","-0.5254071,-0.492105,-0.011984554,0.07606562,0.8783049,0.39543584,0.20923978,0.80269,0.44441816",0.0
"-0.5254071,-0.492105,-0.011984554,0.07606562,0.8783049,0.39543584,0.20923978,0.80269,0.44441816","-0.65737003,0.45824814,0.064813256","-0.58818114,-0.4290983,-0.005021581,0.22566989,0.77247965,0.53455913,0.20923978,0.80269,0.44441816",0.0
"-0.58818114,-0.4290983,-0.005021581,0.22566989,0.77247965,0.53455913,0.20923978,0.80269,0.44441816","0.13886666,-0.46472174,-0.060934186","-0.5749204,-0.49299523,-0.01156773,0.21136543,0.8565295,0.39410242,0.20923978,0.80269,0.44441816",0.0
"-0.5749204,-0.49299523,-0.01156773,0.21136543,0.8565295,0.39410242,0.20923978,0.80269,0.44441816","0.0026488304,0.2156992,0.26578534","-0.57466745,-0.46333775,0.016985804,0.19839218,0.8052593,0.49438453,0.20923978,0.80269,0.44441816",0.0
"-0.57466745,-0.46333775,0.016985804,0.19839218,0.8052593,0.49438453,0.20923978,0.80269,0.44441816","-0.014588654,-0.23955965,0.020683289","-0.5760606,-0.49627605,0.019207874,0.21034026,0.83897096,0.42920616,0.20923978,0.80269,0.44441816",0.0
"-0.5760606,-0.49627605,0.019207874,0.21034026,0.83897096,0.42920616,0.20923978,0.80269,0.44441816","0.010680556,0.034850597,0.21166456","-0.5750407,-0.49148434,0.041947186,0.20235786,0.8176054,0.4688964,0.20923978,0.80269,0.44441816",0.0
"-0.5750407,-0.49148434,0.041947186,0.20235786,0.8176054,0.4688964,0.20923978,0.80269,0.44441816","-0.005986333,-0.13371027,0.11063433","-0.57561237,-0.50986886,0.05383276,0.20644102,0.8280414,0.44605815,0.20923978,0.80269,0.44441816",0.0
"-0.57561237,-0.50986886,0.05383276,0.20644102,0.8280414,0.44605815,0.20923978,0.80269,0.44441816","0.007913709,-0.045687735,0.18504012","-0.5748567,-0.5161508,0.0737118,0.20229562,0.8194355,0.45813185,0.20923978,0.80269,0.44441816",0.0
"-0.5748567,-0.5161508,0.0737118,0.20229562,0.8194355,0.45813185,0.20923978,0.80269,0.44441816","-0.0010418296,-0.094175875,0.15619612","-0.5749562,-0.5290995,0.0904921,0.2025804,0.8194928,0.45216614,0.20923978,0.80269,0.44441816",0.0
"-0.5749562,-0.5290995,0.0904921,0.2025804,0.8194928,0.45216614,0.20923978,0.80269,0.44441816","-0.0008585453,-0.071718514,0.18057263","-0.57503814,-0.5389605,0.1098912,0.20135762,0.8134704,0.45537594,0.20923978,0.80269,0.44441816",0.0
"0.0,0.0,0.0,2.8652207e-07,0.005789075,0.993462,-0.5689474,0.43549708,0.42487016","-0.9480209,-0.9374606,-0.62270236","-0.09052913,-0.12889601,-0.066897295,-0.34652627,0.107331716,0.91163987,-0.5689474,0.43549708,0.42487016",0.0
"-0.09052913,-0.12889601,-0.066897295,-0.34652627,0.107331716,0.91163987,-0.5689474,0.43549708,0.42487016","-0.9495375,-0.95230824,-0.7592094","-0.18120307,-0.25983348,-0.14845963,-0.5705244,0.3719719,0.6587195,-0.5689474,0.43549708,0.42487016",0.0
"-0.18120307,-0.25983348,-0.14845963,-0.5705244,0.3719719,0.6587195,-0.5689474,0.43549708,0.42487016","-0.19950336,-0.71389806,-0.85665894","-0.20025419,-0.35799083,-0.24049103,-0.6793534,0.5015695,0.34022596,-0.5689474,0.43549708,0.42487016",0.0
"-0.20025419,-0.35799083,-0.24049103,-0.6793534,0.5015695,0.34022596,-0.5689474,0.43549708,0.42487016","-0.49930418,0.935688,-0.84112865","-0.24793412,-0.22933859,-0.33085403,-0.5166867,0.5181591,0.44834185,-0.5689474,0.43549708,0.42487016",0.0
"-0.24793412,-0.22933859,-0.33085403,-0.5166867,0.5181591,0.44834185,-0.5689474,0.43549708,0.42487016","0.24108231,0.12890983,-0.41038114","-0.2249125,-0.21161416,-0.37494153,-0.5432354,0.4713219,0.411296,-0.5689474,0.43549708,0.42487016",0.0
"-0.2249125,-0.21161416,-0.37494153,-0.5432354,0.4713219,0.411296,-0.5689474,0.43549708,0.42487016","0.13534725,0.19430053,-0.20087689","-0.21198782,-0.18489885,-0.3965219,-0.54140776,0.43276417,0.42369276,-0.5689474,0.43549708,0.42487016",0.0
"-0.21198782,-0.18489885,-0.3965219,-0.54140776,0.43276417,0.42369276,-0.5689474,0.43549708,0.42487016","0.012265086,-0.1361835,0.15114856","-0.21081659,-0.2036234,-0.38028395,-0.5573965,0.44199836,0.41691566,-0.5689474,0.43549708,0.42487016",0.0
"0.0,0.0,0.0,2.8652207e-07,0.005789075,0.993462,-0.5533918,-0.19608186,0.5930222","0.7416166,-0.95692456,-0.6959818","0.070819,-0.1315722,-0.07476975,-0.36978313,-0.07772056,0.90352684,-0.5533918,-0.19608186,0.5930222",0.0
"0.070819,-0.1315722,-0.07476975,-0.36978313,-0.07772056,0.90352684,-0.5533918,-0.19608186,0.5930222","0.4207188,-0.9348295,-0.71978474","0.110994585,-0.26010644,-0.15209667,-0.64505845,-0.22835532,0.6535284,-0.5533918,-0.19608186,0.5930222",0.0
"0.110994585,-0.26010644,-0.15209667,-0.64505845,-0.22835532,0.6535284,-0.5533918,-0.19608186,0.5930222","0.059369087,0.5278692,-0.91385233","0.1166639,-0.18752716,-0.2502724,-0.60331225,-0.2253829,0.63841105,-0.5533918,-0.19608186,0.5930222",0.0
"0.1166639,-0.18752716,-0.2502724,-0.60331225,-0.2253829,0.63841105,-0.5533918,-0.19608186,0.5930222","-0.0077266693,0.29910743,-0.74667907","0.115926065,-0.14640145,-0.33048865,-0.58928883,-0.21843989,0.5868614,-0.5533918,-0.19608186,0.5930222",0.0
"0.115926065,-0.14640145,-0.33048865,-0.58928883,-0.21843989,0.5868614,-0.5533918,-0.19608186,0.5930222","0.02297473,0.39282215,-0.4647423","0.118119985,-0.09239043,-0.38041624,-0.5385006,-0.20332521,0.5921636,-0.5533918,-0.19608186,0.5930222",0.0
"0.0,0.0,0.0,2.8652207e-07,0.005789075,0.993462,0.18538013,-0.7556725,-0.23054375","0.5470854,-0.88682723,-0.97252387","0.05224268,-0.12193418,-0.10447885,-0.39022842,-0.058759898,0.88929474,0.18538013,-0.7556725,-0.23054375",0.0
"0.05224268,-0.12193418,-0.10447885,-0.39022842,-0.058759898,0.88929474,0.18538013,-0.7556725,-0.23054375","0.97291327,-0.8936644,-0.908752","0.14514883,-0.24480845,-0.20210665,-0.62819266,-0.30166537,0.61181104,0.18538013,-0.7556725,-0.23054375",0.0
"0.14514883,-0.24480845,-0.20210665,-0.62819266,-0.30166537,0.61181104,0.18538013,-0.7556725,-0.23054375","0.9922528,-0.9217594,-0.838136","0.2399018,-0.37154564,-0.29214814,-0.6291321,-0.5824917,0.23155548,0.18538013,-0.7556725,-0.23054375",0.0
"0.2399018,-0.37154564,-0.29214814,-0.6291321,-0.5824917,0.23155548,0.18538013,-0.7556725,-0.23054375","0.99590087,-0.89574367,-0.816165","0.3350031,-0.49470583,-0.37982923,-0.42954215,-0.74140376,-0.15859069,0.18538013,-0.7556725,-0.23054375",0.0
"0.3350031,-0.49470583,-0.37982923,-0.42954215,-0.74140376,-0.15859069,0.18538013,-0.7556725,-0.23054375","0.9893209,-0.44480526,0.012563109","0.42947605,-0.5558643,-0.37847954,-0.19146326,-0.82364887,-0.28406382,0.18538013,-0.7556725,-0.23054375",0.0
"0.42947605,-0.5558643,-0.37847954,-0.19146326,-0.82364887,-0.28406382,0.18538013,-0.7556725,-0.23054375","0.9591634,0.13971663,0.10547328","0.5210692,-0.53665406,-0.36714843,0.05114481,-0.8590345,-0.2301324,0.18538013,-0.7556725,-0.23054375",0.0
"0.5210692,-0.53665406,-0.36714843,0.05114481,-0.8590345,-0.2301324,0.18538013,-0.7556725,-0.23054375","0.69697964,0.49842608,-0.67808807","0.58762574,-0.4681231,-0.43999588,0.21472678,-0.7814995,-0.18066536,0.18538013,-0.7556725,-0.23054375",0.0
"0.58762574,-0.4681231,-0.43999588,0.21472678,-0.7814995,-0.18066536,0.18538013,-0.7556725,-0.23054375","-0.27652442,-0.25819665,-0.22869515","0.56121963,-0.50362384,-0.46456474,0.14327541,-0.76602024,-0.277548,0.18538013,-0.7556725,-0.23054375",0.0
"0.56121963,-0.50362384,-0.46456474,0.14327541,-0.76602024,-0.277548,0.18538013,-0.7556725,-0.23054375","0.09399128,0.2836541,-0.043943405","0.57019514,-0.46462294,-0.46928558,0.16587311,-0.7663941,-0.2083308,0.18538013,-0.7556725,-0.23054375",0.0
"0.57019514,-0.46462294,-0.46928558,0.16587311,-0.7663941,-0.2083308,0.18538013,-0.7556725,-0.23054375","0.042140007,-0.113075614,-0.1337676","0.57421917,-0.4801703,-0.48365632,0.17146055,-0.74702555,-0.25351825,0.18538013,-0.7556725,-0.23054375",0.0
"0.57421917,-0.4801703,-0.48365632,0.17146055,-0.74702555,-0.25351825,0.18538013,-0.7556725,-0.23054375","0.018905282,0.016836882,0.09827638","0.57602453,-0.4778554,-0.4730984,0.17835759,-0.7569775,-0.23779848,0.18538013,-0.7556725,-0.23054375",0.0
"0.0,0.0,0.0,2.8652207e-07,0.005789075,0.993462,-0.5204094,-0.18479532,0.5050889","0.7125002,-0.9490513,-0.8216895","0.0680386,-0.13048968,-0.08827461,-0.38439766,-0.07751563,0.8941879,-0.5204094,-0.18479532,0.5050889",0.0
"0.0680386,-0.13048968,-0.08827461,-0.38439766,-0.07751563,0.8941879,-0.5204094,-0.18479532,0.5050889","0.35089087,-0.8035233,-0.9307809","0.10154613,-0.24097,-0.18826897,-0.6494929,-0.20843,0.6372652,-0.5204094,-0.18479532,0.5050889",0.0
"0.10154613,-0.24097,-0.18826897,-0.6494929,-0.20843,0.6372652,-0.5204094,-0.18479532,0.5050889","0.15053606,0.47250402,-0.96953166","0.11592124,-0.17600316,-0.29242638,-0.6106165,-0.22655948,0.5964714,-0.5204094,-0.18479532,0.5050889",0.0
"0.11592124,-0.17600316,-0.29242638,-0.6106165,-0.22655948,0.5964714,-0.5204094,-0.18479532,0.5050889","-0.00864166,0.3513379,-0.9026847","0.11509602,-0.12769602,-0.3894024,-0.5870638,-0.21584617,0.52684116,-0.5204094,-0.18479532,0.5050889",0.0
"0.11509602,-0.12769602,-0.3894024,-0.5870638,-0.21584617,0.52684116,-0.5204094,-0.18479532,0.5050889","0.017809272,0.3991077,-0.6554628","0.11679667,-0.072820775,-0.4598192,-0.537964,-0.2005553,0.4988008,-0.5204094,-0.18479532,0.5050889",0.0
"0.11679667,-0.072820775,-0.4598192,-0.537964,-0.2005553,0.4988008,-0.5204094,-0.18479532,0.5050889","-0.003830731,0.20793605,-0.19148874","0.11643087,-0.044230644,-0.480391,-0.50934714,-0.18888831,0.50592357,-0.5204094,-0.18479532,0.5050889",0.0
"0.0,0.0,0.0,2.8652207e-07,0.005789075,0.993462,-0.01883041,0.29730994,0.5737357","-0.9897239,-0.93572074,-0.80664814","-0.09451146,-0.12865679,-0.086658716,-0.36790997,0.11862023,0.8971969,-0.01883041,0.29730994,0.5737357",0.0
"-0.09451146,-0.12865679,-0.086658716,-0.36790997,0.11862023,0.8971969,-0.01883041,0.29730994,0.5737357","-0.94406474,0.18515778,-0.9052943","-0.18466279,-0.10319855,-0.18391506,-0.37070194,0.24986604,0.8337957,-0.01883041,0.29730994,0.5737357",0.0
"-0.18466279,-0.10319855,-0.18391506,-0.37070194,0.24986604,0.8337957,-0.01883041,0.29730994,0.5737357","-0.94083023,0.56484175,-0.93052477","-0.27450526,-0.025535712,-0.28388196,-0.25757784,0.30953637,0.8031895,-0.01883041,0.29730994,0.5737357",0.0
"-0.27450526,-0.025535712,-0.28388196,-0.25757784,0.30953637,0.8031895,-0.01883041,0.29730994,0.5737357","-0.8741941,0.56796753,-0.9134297","-0.35798445,0.052556913,-0.3820123,-0.14613564,0.31893608,0.755049,-0.01883041,0.29730994,0.5737357",0.0
"-0.35798445,0.052556913,-0.3820123,-0.14613564,0.31893608,0.755049,-0.01883041,0.29730994,0.5737357","-0.76283276,0.4205464,-0.8813931","-0.4308294,0.1103799,-0.476701,-0.06453026,0.31912327,0.67688364,-0.01883041,0.29730994,0.5737357",0.0
"-0.4308294,0.1103799,-0.476701,-0.06453026,0.31912327,0.67688364,-0.01883041,0.29730994,0.5737357","-0.37846327,0.12505329,-0.82022905","-0.4669699,0.1275741,-0.56481874,-0.030064385,0.3445915,0.56333435,-0.01883041,0.29730994,0.5737357",0.0
"-0.4669699,0.1275741,-0.56481874,-0.030064385,0.3445915,0.56333435,-0.01883041,0.29730994,0.5737357","-0.13539547,0.38656557,-0.4812984","-0.4798992,0.18072489,-0.61652493,-0.012863438,0.29518443,0.5268409,-0.01883041,0.29730994,0.5737357",0.0
"-0.4798992,0.18072489,-0.61652493,-0.012863438,0.29518443,0.5268409,-0.01883041,0.29730994,0.5737357","0.0039777756,0.14482129,0.123200536","-0.47951937,0.2006371,-0.60328954,-0.011229904,0.26434729,0.5602792,-0.01883041,0.29730994,0.5737357",0.0
"-0.47951937,0.2006371,-0.60328954,-0.011229904,0.26434729,0.5602792,-0.01883041,0.29730994,0.5737357","0.013480067,-0.06399393,0.10813987","-0.47823212,0.1918383,-0.5916721,-0.012741727,0.27076572,0.57168514,-0.01883041,0.29730994,0.5737357",0.0
"-0.47823212,0.1918383,-0.5916721,-0.012741727,0.27076572,0.57168514,-0.01883041,0.29730994,0.5737357","0.0006375313,-0.0716452,0.01443851","-0.47817123,0.18198748,-0.59012103,-0.013651298,0.28325263,0.5673144,-0.01883041,0.29730994,0.5737357",0.0
"0.0,0.0,0.0,2.8652207e-07,0.005789075,0.993462,-0.27397662,0.30619884,0.62924165","-0.910603,-0.86846447,-0.7191181","-0.08695599,-0.119409405,-0.07725531,-0.34174728,0.101764716,0.9126084,-0.27397662,0.30619884,0.62924165",0.0
"-0.08695599,-0.119409405,-0.07725531,-0.34174728,0.101764716,0.9126084,-0.27397662,0.30619884,0.62924165","-0.8583826,-0.7711167,-0.8320683","-0.16892529,-0.22543399,-0.16664493,-0.55091906,0.33002004,0.69084245,-0.27397662,0.30619884,0.62924165",0.0
"-0.16892529,-0.22543399,-0.16664493,-0.55091906,0.33002004,0.69084245,-0.27397662,0.30619884,0.62924165","-0.87310743,0.91062176,-0.8418171","-0.2523007,-0.10022819,-0.2570819,-0.3538681,0.367269,0.7525418,-0.27397662,0.30619884,0.62924165",0.0
"-0.2523007,-0.10022819,-0.2570819,-0.3538681,0.367269,0.7525418,-0.27397662,0.30619884,0.62924165","-0.5775944,0.6889498,-0.9191933","-0.3074568,-0.005501134,-0.3558315,-0.23873721,0.35550532,0.73379177,-0.27397662,0.30619884,0.62924165",0.0
"-0.3074568,-0.005501134,-0.3558315,-0.23873721,0.35550532,0.73379177,-0.27397662,0.30619884,0.62924165","0.27669787,-0.02356571,-0.7839893","-0.28103414,-0.008741291,-0.44005597,-0.3025655,0.3772872,0.6117379,-0.27397662,0.30619884,0.62924165",0.0
"-0.28103414,-0.008741291,-0.44005597,-0.3025655,0.3772872,0.6117379,-0.27397662,0.30619884,0.62924165","-0.2100693,0.7181902,-0.6216934","-0.30109423,0.090006165,-0.50684494,-0.21348172,0.30586413,0.6164887,-0.27397662,0.30619884,0.62924165",0.0
"-0.30109423,0.090006165,-0.50684494,-0.21348172,0.30586413,0.6164887,-0.27397662,0.30619884,0.62924165","0.13265467,-0.24631304,0.39453888","-0.28842667,0.05613941,-0.46445942,-0.24270317,0.31910482,0.6461043,-0.27397662,0.30619884,0.62924165",0.0
"-0.28842667,0.05613941,-0.46445942,-0.24270317,0.31910482,0.6461043,-0.27397662,0.30619884,0.62924165","0.11886442,-0.05686921,-0.122323334","-0.277076,0.048320197,-0.47760072,-0.2655772,0.32407317,0.6191571,-0.27397662,0.30619884,0.62924165",0.0
"-0.277076,0.048320197,-0.47760072,-0.2655772,0.32407317,0.6191571,-0.27397662,0.30619884,0.62924165","0.07895315,0.198313,-0.17473269","-0.26953655,0.07558722,-0.4963724,-0.25308967,0.29497358,0.618448,-0.27397662,0.30619884,0.62924165",0.0
"-0.26953655,0.07558722,-0.4963724,-0.25308967,0.29497358,0.618448,-0.27397662,0.30619884,0.62924165","0.017193198,-0.055361927,0.16378546","-0.26789472,0.06797525,-0.47877687,-0.2561327,0.29537106,0.6368569,-0.27397662,0.30619884,0.62924165",0.0
"-0.26789472,0.06797525,-0.47877687,-0.2561327,0.29537106,0.6368569,-0.27397662,0.30619884,0.62924165","0.01719594,-0.08213925,0.01613605","-0.26625264,0.056681544,-0.4770434,-0.26814967,0.3056732,0.6283921,-0.27397662,0.30619884,0.62924165",0.0
"0.0,0.0,0.0,2.8652207e-07,0.005789075,0.993462,-0.6292398,-0.0057894737,0.18931343","-0.11544418,-0.8109942,-0.97652054","-0.011024087,-0.11150753,-0.10490822,-0.3740782,0.018753152,0.89872694,-0.6292398,-0.0057894737,0.18931343",0.0
"-0.011024087,-0.11150753,-0.10490822,-0.3740782,0.018753152,0.89872694,-0.6292398,-0.0057894737,0.18931343","-0.025687158,-0.9239208,-0.9128962","-0.013477027,-0.23854189,-0.20298125,-0.687563,0.03492259,0.6211862,-0.6292398,-0.0057894737,0.18931343",0.0
"-0.013477027,-0.23854189,-0.20298125,-0.687563,0.03492259,0.6211862,-0.6292398,-0.0057894737,0.18931343","0.34050155,-0.352898,-0.972375","0.019038396,-0.28706357,-0.30744413,-0.7867581,-0.041313518,0.37757966,-0.6292398,-0.0057894737,0.18931343",0.0
"0.019038396,-0.28706357,-0.30744413,-0.7867581,-0.041313518,0.37757966,-0.6292398,-0.0057894737,0.18931343","-0.0069093704,0.20060802,-0.97084177","0.018378599,-0.25948104,-0.41174227,-0.75887084,-0.03806567,0.2674265,-0.6292398,-0.0057894737,0.18931343",0.0
"0.018378599,-0.25948104,-0.41174227,-0.75887084,-0.03806567,0.2674265,-0.6292398,-0.0057894737,0.18931343","-0.061510563,0.47767222,-0.87936056","0.012504784,-0.19380361,-0.50621253,-0.6849432,-0.021127766,0.23906186,-0.6292398,-0.0057894737,0.18931343",0.0
"0.012504784,-0.19380361,-0.50621253,-0.6849432,-0.021127766,0.23906186,-0.6292398,-0.0057894737,0.18931343","-0.020398378,0.15488064,-0.53350675","0.010556885,-0.17250834,-0.5635276,-0.6459436,-0.01563813,0.1888594,-0.6292398,-0.0057894737,0.18931343",0.0
"0.010556885,-0.17250834,-0.5635276,-0.6459436,-0.01563813,0.1888594,-0.6292398,-0.0057894737,0.18931343","0.0009456873,0.07550275,-0.073325574","0.01064719,-0.16212712,-0.571405,-0.6356107,-0.015475874,0.19366528,-0.6292398,-0.0057894737,0.18931343",0.0
"0.0,0.0,0.0,2.8652207e-07,0.005789075,0.993462,-0.33309942,-0.0057894737,0.404603","0.08851659,-0.8533881,-0.97000706","0.0084526865,-0.11733648,-0.10420847,-0.38522285,-0.0044407467,0.89388895,-0.33309942,-0.0057894737,0.404603",0.0
"0.0084526865,-0.11733648,-0.10420847,-0.38522285,-0.0044407467,0.89388895,-0.33309942,-0.0057894737,0.404603","-0.08141029,-0.044811547,-0.9754192","0.00067859195,-0.12349784,-0.20899838,-0.50821674,0.0047056577,0.78216577,-0.33309942,-0.0057894737,0.404603",0.0
"0.00067859195,-0.12349784,-0.20899838,-0.50821674,0.0047056577,0.78216577,-0.33309942,-0.0057894737,0.404603","0.18527353,0.4174044,-0.9793931","0.018370869,-0.066106886,-0.31421524,-0.4970283,-0.022918543,0.7204931,-0.33309942,-0.0057894737,0.404603",0.0
"0.018370869,-0.066106886,-0.31421524,-0.4970283,-0.022918543,0.7204931,-0.33309942,-0.0057894737,0.404603","0.031754494,0.48550546,-0.9778296","0.021403192,0.00064762356,-0.41926414,-0.4589066,-0.025101328,0.6528858,-0.33309942,-0.0057894737,0.404603",0.0
"0.021403192,0.00064762356,-0.41926414,-0.4589066,-0.025101328,0.6528858,-0.33309942,-0.0057894737,0.404603","-0.10910612,0.3669386,-0.9659099","0.010984351,0.0510998,-0.5230325,-0.43272075,-0.009145532,0.5539765,-0.33309942,-0.0057894737,0.404603",0.0
"0.010984351,0.0510998,-0.5230325,-0.43272075,-0.009145532,0.5539765,-0.33309942,-0.0057894737,0.404603","-0.01854372,0.3191898,-0.9021704","0.009213565,0.09498676,-0.6199532,-0.3977705,-0.0057249977,0.44882506,-0.33309942,-0.0057894737,0.404603",0.0
"0.009213565,0.09498676,-0.6199532,-0.3977705,-0.0057249977,0.44882506,-0.33309942,-0.0057894737,0.404603","0.011392474,0.32965004,-0.6649436","0.010301469,0.14031196,-0.69138855,-0.3503505,-0.0055500334,0.3787568,-0.33309942,-0.0057894737,0.404603",0.0
"0.010301469,0.14031196,-0.69138855,-0.3503505,-0.0055500334,0.3787568,-0.33309942,-0.0057894737,0.404603","0.0075184107,0.14855254,0.07294476","0.011019428,0.16073717,-0.68355215,-0.33018783,-0.00564227,0.40794554,-0.33309942,-0.0057894737,0.404603",0.0
"0.0,0.0,0.0,2.8652207e-07,0.005789075,0.993462,0.5740936,0.43953216,0.53209","0.65229917,0.9225129,0.9647087","0.06228984,0.12684079,0.10363927,0.3943978,0.0840818,0.8852189,0.5740936,0.43953216,0.53209",0.0
"0.06228984,0.12684079,0.10363927,0.3943978,0.0840818,0.8852189,0.5740936,0.43953216,0.53209","0.22084391,0.92121327,0.40131116","0.08337884,0.25350288,0.14675237,0.645677,0.17910144,0.6713529,0.5740936,0.43953216,0.53209",0.0
"0.08337884,0.25350288,0.14675237,0.645677,0.17910144,0.6713529,0.5740936,0.43953216,0.53209","0.73621464,-0.07808852,0.73147523","0.153682,0.24276614,0.22533523,0.6242678,0.33376735,0.5825424,0.5740936,0.43953216,0.53209",0.0
"0.153682,0.24276614,0.22533523,0.6242678,0.33376735,0.5825424,0.5740936,0.43953216,0.53209","0.4992261,-0.38910967,0.6016604","0.20135446,0.1892656,0.289972,0.53558785,0.3997992,0.5787115,0.5740936,0.43953216,0.53209",0.0
"0.20135446,0.1892656,0.289972,0.53558785,0.3997992,0.5787115,0.5740936,0.43953216,0.53209","0.1261431,0.28982306,-0.42747664","0.2134002,0.22911477,0.24404794,0.5444573,0.4391069,0.5790782,0.5740936,0.43953216,0.53209",0.0
"0.2134002,0.22911477,0.24404794,0.5444573,0.4391069,0.5790782,0.5740936,0.43953216,0.53209","0.0105189085,0.22546494,-0.24119312","0.21440467,0.26011506,0.21813643,0.56485134,0.45820728,0.5625096,0.5740936,0.43953216,0.53209",0.0
"0.21440467,0.26011506,0.21813643,0.56485134,0.45820728,0.5625096,0.5740936,0.43953216,0.53209","-0.032223344,0.037299037,0.03971541","0.21132758,0.2652435,0.22240311,0.5763095,0.4582455,0.54717636,0.5740936,0.43953216,0.53209",0.0
"0.21132758,0.2652435,0.22240311,0.5763095,0.4582455,0.54717636,0.5740936,0.43953216,0.53209","-0.02317369,-0.079145014,0.14898455","0.20911467,0.2543615,0.23840863,0.5745703,0.45044068,0.5432609,0.5740936,0.43953216,0.53209",0.0
"0.0,0.0,0.0,2.8652207e-07,0.005789075,0.993462,-0.17836258,-0.39216372,0.30614382","0.9630308,-0.948443,-0.96885836","0.09196245,-0.13040604,-0.104085065,-0.3953374,-0.111464724,0.8813036,-0.17836258,-0.39216372,0.30614382",0.0
"0.09196245,-0.13040604,-0.104085065,-0.3953374,-0.111464724,0.8813036,-0.17836258,-0.39216372,0.30614382","0.95210433,-0.88621885,-0.95352256","0.18288149,-0.2522566,-0.20652261,-0.5991863,-0.3810122,0.5928474,-0.17836258,-0.39216372,0.30614382",0.0
"0.18288149,-0.2522566,-0.20652261,-0.5991863,-0.3810122,0.5928474,-0.17836258,-0.39216372,0.30614382","0.9743073,-0.31194586,-0.98480725","0.27592078,-0.29514757,-0.31232107,-0.5195773,-0.6029801,0.35436973,-0.17836258,-0.39216372,0.30614382",0.0
"0.27592078,-0.29514757,-0.31232107,-0.5195773,-0.6029801,0.35436973,-0.17836258,-0.39216372,0.30614382","0.61604404,0.795115,-0.9493838","0.3347485,-0.18582337,-0.41431403,-0.34979156,-0.6004604,0.39437428,-0.17836258,-0.39216372,0.30614382",0.0
"0.3347485,-0.18582337,-0.41431403,-0.34979156,-0.6004604,0.39437428,-0.17836258,-0.39216372,0.30614382","0.6950084,0.70814276,-0.948311","0.40111676,-0.08845739,-0.5161917,-0.18701316,-0.56357914,0.3886545,-0.17836258,-0.39216372,0.30614382",0.0
"0.40111676,-0.08845739,-0.5161917,-0.18701316,-0.56357914,0.3886545,-0.17836258,-0.39216372,0.30614382","-0.046722412,0.41724432,-0.8979853","0.3966551,-0.031088453,-0.61266285,-0.17223217,-0.49357188,0.31783524,-0.17836258,-0.39216372,0.30614382",0.0
"0.3966551,-0.031088453,-0.61266285,-0.17223217,-0.49357188,0.31783524,-0.17836258,-0.39216372,0.30614382","-0.20819122,0.3755262,-0.5593363","0.37677437,0.020544458,-0.6727528,-0.17927097,-0.42438385,0.28858113,-0.17836258,-0.39216372,0.30614382",0.0
"0.37677437,0.020544458,-0.6727528,-0.17927097,-0.42438385,0.28858113,-0.17836258,-0.39216372,0.30614382","-0.104509056,0.19579172,-0.07959956","0.3667945,0.04746481,-0.6813043,-0.18244764,-0.3959836,0.30507493,-0.17836258,-0.39216372,0.30614382",0.0
"0.0,0.0,0.0,2.8652207e-07,0.005789075,0.993462,-0.7683626,-0.122339174,-0.23054375","0.48525822,-0.96920395,-0.96169186","0.046338633,-0.13326055,-0.10331516,-0.4118158,-0.054527137,0.8790836,-0.7683626,-0.122339174,-0.23054375",0.0
"0.046338633,-0.13326055,-0.10331516,-0.4118158,-0.054527137,0.8790836,-0.7683626,-0.122339174,-0.23054375","0.14106405,-0.98740953,-0.86066794","0.05980922,-0.26902428,-0.19577725,-0.714969,-0.13005082,0.5786369,-0.7683626,-0.122339174,-0.23054375",0.0
"0.05980922,-0.26902428,-0.19577725,-0.714969,-0.13005082,0.5786369,-0.7683626,-0.122339174,-0.23054375","-0.08980036,-0.90408975,-0.96502775","0.051233936,-0.393332,-0.29945078,-0.859777,-0.13372922,0.17428903,-0.7683626,-0.122339174,-0.23054375",0.0
"0.051233936,-0.393332,-0.29945078,-0.859777,-0.13372922,0.17428903,-0.7683626,-0.122339174,-0.23054375","0.24295938,-0.64977795,-0.96586615","0.074434794,-0.48267317,-0.4032144,-0.81820047,-0.18894522,-0.16404502,-0.7683626,-0.122339174,-0.23054375",0.0
"0.074434794,-0.48267317,-0.4032144,-0.81820047,-0.18894522,-0.16404502,-0.7683626,-0.122339174,-0.23054375","-0.27728343,0.10739267,-0.64967185","0.047956236,-0.46790725,-0.47300905,-0.77194893,-0.11133328,-0.21879993,-0.7683626,-0.122339174,-0.23054375",0.0
