{
    "x": [
        -1.7099999284744263,
        1.7099999284744263
    ],
    "y": [
        -1.7100000476837158,
        1.7100000476837158
    ],
    "z": [
        -0.9995511865615845,
        2.054300079345703
    ]
}