state,action,next_state,reward
"0.0,0.0,0.0,2.8652207e-07,0.005789075,0.993462,-0.13397661,-0.06590643,0.6313337","0.7722939,-0.92899466,0.96873665","0.07374845,-0.127732,0.10407203,-0.12783834,-0.024212148,0.97210616,-0.13397661,-0.06590643,0.6313337",0.0
"0.07374845,-0.127732,0.10407203,-0.12783834,-0.024212148,0.97210616,-0.13397661,-0.06590643,0.6313337","0.012409687,-0.72688305,0.94244957","0.07493348,-0.22767471,0.20532005,-0.19315524,-0.04037645,0.9250493,-0.13397661,-0.06590643,0.6313337",0.0
"0.07493348,-0.22767471,0.20532005,-0.19315524,-0.04037645,0.9250493,-0.13397661,-0.06590643,0.6313337","0.7581308,-0.5939272,0.8476906","0.14732945,-0.3093367,0.29638803,-0.2108069,-0.09872357,0.8658291,-0.13397661,-0.06590643,0.6313337",0.0
"0.14732945,-0.3093367,0.29638803,-0.2108069,-0.09872357,0.8658291,-0.13397661,-0.06590643,0.6313337","-0.12965941,-0.58863676,0.96801424","0.13494791,-0.39027128,0.4003825,-0.22118093,-0.093472295,0.7852475,-0.13397661,-0.06590643,0.6313337",0.0
"0.13494791,-0.39027128,0.4003825,-0.22118093,-0.093472295,0.7852475,-0.13397661,-0.06590643,0.6313337","0.12105346,-0.11228579,0.98434186","0.14650764,-0.40571004,0.506131,-0.11951864,-0.05279364,0.7146151,-0.13397661,-0.06590643,0.6313337",0.0
"0.14650764,-0.40571004,0.506131,-0.11951864,-0.05279364,0.7146151,-0.13397661,-0.06590643,0.6313337","0.056670547,-0.4300382,0.60402596","0.15191926,-0.46483815,0.571022,-0.13182339,-0.06165428,0.64133894,-0.13397661,-0.06590643,0.6313337",0.0
"0.0,0.0,0.0,2.8652207e-07,0.005789075,0.993462,0.121286556,0.08707602,0.6313337","0.42251873,-0.741622,0.96165156","0.04034746,-0.10196922,0.10331087,-0.0761779,-0.0038719636,0.97862804,0.121286556,0.08707602,0.6313337",0.0
"0.04034746,-0.10196922,0.10331087,-0.0761779,-0.0038719636,0.97862804,0.121286556,0.08707602,0.6313337","0.24918473,0.5182023,0.9754369","0.064142786,-0.030719094,0.20810273,0.2073157,0.04825967,0.91996515,0.121286556,0.08707602,0.6313337",0.0
"0.064142786,-0.030719094,0.20810273,0.2073157,0.04825967,0.91996515,0.121286556,0.08707602,0.6313337","0.90283275,-0.3141055,0.9209269","0.15035675,-0.073907,0.30703855,0.21223614,0.11494069,0.85623014,0.121286556,0.08707602,0.6313337",0.0
"0.15035675,-0.073907,0.30703855,0.21223614,0.11494069,0.85623014,0.121286556,0.08707602,0.6313337","0.62700975,-0.5801927,0.9177948","0.21023162,-0.15368053,0.4056379,0.15057741,0.12430657,0.79418933,0.121286556,0.08707602,0.6313337",0.0
"0.21023162,-0.15368053,0.4056379,0.15057741,0.12430657,0.79418933,0.121286556,0.08707602,0.6313337","-0.15705228,-0.5333059,0.65938175","0.19523424,-0.22700739,0.47647575,0.10776491,0.08293679,0.7431613,0.121286556,0.08707602,0.6313337",0.0
"0.19523424,-0.22700739,0.47647575,0.10776491,0.08293679,0.7431613,0.121286556,0.08707602,0.6313337","-0.1561817,-0.39953983,0.75992334","0.18032002,-0.28194207,0.5581149,0.09780682,0.06906906,0.6613635,0.121286556,0.08707602,0.6313337",0.0
"0.18032002,-0.28194207,0.5581149,0.09780682,0.06906906,0.6613635,0.121286556,0.08707602,0.6313337","0.0895406,0.035710335,0.14791942","0.1888705,-0.2770321,0.574006,0.11240466,0.08279144,0.63933915,0.121286556,0.08707602,0.6313337",0.0
"0.0,0.0,0.0,2.8652207e-07,0.005789075,0.993462,-0.029824562,0.42988303,0.47972226","0.8040782,0.90623164,0.8923451","0.07678364,0.12460218,0.0958652,0.3769181,0.098688856,0.8937559,-0.029824562,0.42988303,0.47972226",0.0
"0.07678364,0.12460218,0.0958652,0.3769181,0.098688856,0.8937559,-0.029824562,0.42988303,0.47972226","0.96758616,-0.4767654,0.7286192","0.1691811,0.059049405,0.17414124,0.3005261,0.18340464,0.8864215,-0.029824562,0.42988303,0.47972226",0.0
"0.1691811,0.059049405,0.17414124,0.3005261,0.18340464,0.8864215,-0.029824562,0.42988303,0.47972226","0.8074012,-0.18635643,0.87779665","0.24628204,0.033426348,0.26844352,0.28383595,0.28537574,0.8133131,-0.029824562,0.42988303,0.47972226",0.0
"0.24628204,0.033426348,0.26844352,0.28383595,0.28537574,0.8133131,-0.029824562,0.42988303,0.47972226","0.96182704,-0.42254877,0.92044854","0.33812955,-0.024671942,0.36732793,0.18307874,0.34032437,0.7487813,-0.029824562,0.42988303,0.47972226",0.0
"0.33812955,-0.024671942,0.36732793,0.18307874,0.34032437,0.7487813,-0.029824562,0.42988303,0.47972226","0.93802786,0.010177255,0.8139725","0.4277044,-0.02327263,0.45477355,0.09440973,0.43421954,0.6262924,-0.029824562,0.42988303,0.47972226",0.0
"0.4277044,-0.02327263,0.45477355,0.09440973,0.43421954,0.6262924,-0.029824562,0.42988303,0.47972226","0.6128793,-0.61007583,0.9424758","0.4862299,-0.10715493,0.5560244,0.010204774,0.36964157,0.558773,-0.029824562,0.42988303,0.47972226",0.0
"0.4862299,-0.10715493,0.5560244,0.010204774,0.36964157,0.558773,-0.029824562,0.42988303,0.47972226","0.01894188,0.28349876,0.3110261","0.48803872,-0.068175316,0.58943814,0.010195582,0.42533073,0.4694516,-0.029824562,0.42988303,0.47972226",0.0
"0.48803872,-0.068175316,0.58943814,0.010195582,0.42533073,0.4694516,-0.029824562,0.42988303,0.47972226","0.34100592,-0.021713197,-0.043494403","0.52060235,-0.07116077,0.58476555,-0.033035636,0.42016077,0.47980344,-0.029824562,0.42988303,0.47972226",0.0
"0.0,0.0,0.0,2.8652207e-07,0.005789075,0.993462,-0.2266082,0.5309941,0.47593033","0.9657762,0.5898645,0.8741189","0.092224635,0.08110333,0.09390715,0.2854536,0.0911409,0.93178445,-0.2266082,0.5309941,0.47593033",0.0
"0.092224635,0.08110333,0.09390715,0.2854536,0.0911409,0.93178445,-0.2266082,0.5309941,0.47593033","0.948452,-0.5385059,0.76233506","0.18279491,0.007061537,0.17580532,0.20684074,0.14072254,0.9232575,-0.2266082,0.5309941,0.47593033",0.0
"0.18279491,0.007061537,0.17580532,0.20684074,0.14072254,0.9232575,-0.2266082,0.5309941,0.47593033","0.88121533,0.03927684,0.7393724","0.2669446,0.012461889,0.2552366,0.23003381,0.26458868,0.84708995,-0.2266082,0.5309941,0.47593033",0.0
"0.2669446,0.012461889,0.2552366,0.23003381,0.26458868,0.84708995,-0.2266082,0.5309941,0.47593033","0.9094472,-0.12036562,0.8296058","0.3537902,-0.004087776,0.34436172,0.17351864,0.36387402,0.758375,-0.2266082,0.5309941,0.47593033",0.0
"0.3537902,-0.004087776,0.34436172,0.17351864,0.36387402,0.758375,-0.2266082,0.5309941,0.47593033","0.90682364,0.42964053,0.8970431","0.44038525,0.054985583,0.44073167,0.096172966,0.5385942,0.5525399,-0.2266082,0.5309941,0.47593033",0.0
"0.44038525,0.054985583,0.44073167,0.096172966,0.5385942,0.5525399,-0.2266082,0.5309941,0.47593033","0.9670651,0.12416065,0.14813066","0.53273296,0.07205703,0.45664546,-0.064538926,0.5689718,0.504779,-0.2266082,0.5309941,0.47593033",0.0
"0.53273296,0.07205703,0.45664546,-0.064538926,0.5689718,0.504779,-0.2266082,0.5309941,0.47593033","0.52473474,-0.15452611,0.31912148","0.5828413,0.050810494,0.49092895,-0.14781855,0.532589,0.48078093,-0.2266082,0.5309941,0.47593033",0.0
"0.5828413,0.050810494,0.49092895,-0.14781855,0.532589,0.48078093,-0.2266082,0.5309941,0.47593033","0.45977688,0.080253124,-0.106645584","0.62674665,0.061844893,0.479472,-0.22407888,0.51775086,0.48355705,-0.2266082,0.5309941,0.47593033",0.0
"0.0,0.0,0.0,2.8652207e-07,0.005789075,0.993462,0.009181287,0.0016374269,0.64963955","-0.889609,-0.4711277,0.75516355","-0.08495121,-0.06477765,0.081127726,-0.024571674,0.012719602,0.98592526,0.009181287,0.0016374269,0.64963955",0.0
"-0.08495121,-0.06477765,0.081127726,-0.024571674,0.012719602,0.98592526,0.009181287,0.0016374269,0.64963955","-0.48630977,0.0062395334,0.96805286","-0.13139027,-0.063919775,0.1851263,0.10821708,-0.04107202,0.94873995,0.009181287,0.0016374269,0.64963955",0.0
"-0.13139027,-0.063919775,0.1851263,0.10821708,-0.04107202,0.94873995,0.009181287,0.0016374269,0.64963955","-0.84117305,-0.75507283,0.94430673","-0.2117162,-0.16773844,0.28657383,0.029956287,-0.016138732,0.9049883,0.009181287,0.0016374269,0.64963955",0.0
"-0.2117162,-0.16773844,0.28657383,0.029956287,-0.016138732,0.9049883,0.009181287,0.0016374269,0.64963955","-0.6259943,-0.7178434,0.9428408","-0.27149415,-0.26643825,0.38786387,-0.015947172,0.027061671,0.83380693,0.009181287,0.0016374269,0.64963955",0.0
"-0.27149415,-0.26643825,0.38786387,-0.015947172,0.027061671,0.83380693,0.009181287,0.0016374269,0.64963955","-0.7922377,-0.38626313,0.90073013","-0.34714708,-0.3195475,0.48462996,-0.0005341761,0.013557189,0.7484783,0.009181287,0.0016374269,0.64963955",0.0
"-0.34714708,-0.3195475,0.48462996,-0.0005341761,0.013557189,0.7484783,0.009181287,0.0016374269,0.64963955","-0.0029475093,-0.27546793,0.60734487","-0.34742856,-0.35742298,0.54987746,0.0030205613,0.0067417296,0.6816636,0.009181287,0.0016374269,0.64963955",0.0
"-0.34742856,-0.35742298,0.54987746,0.0030205613,0.0067417296,0.6816636,0.009181287,0.0016374269,0.64963955","-0.6779896,-0.1325301,0.2408309","-0.41217166,-0.37564525,0.5757502,0.003761513,0.007965782,0.65324485,0.009181287,0.0016374269,0.64963955",0.0
"0.0,0.0,0.0,2.8652207e-07,0.005789075,0.993462,0.5372515,-0.28415203,0.6657879","-0.8451748,0.85966885,0.9402466","-0.08070805,0.11820005,0.10101128,0.37229517,-0.09049209,0.8956605,0.5372515,-0.28415203,0.6657879",0.0
"-0.08070805,0.11820005,0.10101128,0.37229517,-0.09049209,0.8956605,0.5372515,-0.28415203,0.6657879","-0.23595285,0.503574,0.68975234","-0.103239834,0.18743889,0.17511182,0.5587522,-0.1817508,0.737276,0.5372515,-0.28415203,0.6657879",0.0
"-0.103239834,0.18743889,0.17511182,0.5587522,-0.1817508,0.737276,0.5372515,-0.28415203,0.6657879","-0.21814108,-0.048870265,0.49124384","-0.12407072,0.1807195,0.22788648,0.57446074,-0.22972888,0.6795329,0.5372515,-0.28415203,0.6657879",0.0
"-0.12407072,0.1807195,0.22788648,0.57446074,-0.22972888,0.6795329,0.5372515,-0.28415203,0.6657879","-0.25306368,-0.053383887,0.21208179","-0.14823647,0.1733795,0.25067058,0.55933124,-0.27462253,0.6597246,0.5372515,-0.28415203,0.6657879",0.0
"-0.14823647,0.1733795,0.25067058,0.55933124,-0.27462253,0.6597246,0.5372515,-0.28415203,0.6657879","-0.02811706,-0.15541768,0.12495029","-0.15092145,0.15201038,0.26409408,0.5358375,-0.26847297,0.6731677,0.5372515,-0.28415203,0.6657879",0.0
"0.0,0.0,0.0,2.8652207e-07,0.005789075,0.993462,-0.006549708,0.14918128,0.6313337","0.88283837,-0.54986167,0.8739724","0.084304646,-0.075603165,0.093891434,-0.032983672,-0.0029476413,0.9833225,-0.006549708,0.14918128,0.6313337",0.0
"0.084304646,-0.075603165,0.093891434,-0.032983672,-0.0029476413,0.9833225,-0.006549708,0.14918128,0.6313337","0.5164108,-0.20906669,0.94740033","0.13361812,-0.104348786,0.1956713,0.038865477,0.023685178,0.951051,-0.006549708,0.14918128,0.6313337",0.0
"0.13361812,-0.104348786,0.1956713,0.038865477,0.023685178,0.951051,-0.006549708,0.14918128,0.6313337","0.7243632,0.044742823,0.98454094","0.20278953,-0.0981969,0.30144122,0.14808123,0.11678498,0.8743371,-0.006549708,0.14918128,0.6313337",0.0
"0.20278953,-0.0981969,0.30144122,0.14808123,0.11678498,0.8743371,-0.006549708,0.14918128,0.6313337","0.9666376,-0.69321346,0.84704924","0.29509637,-0.19351022,0.39244032,0.061048344,0.0910062,0.822831,-0.006549708,0.14918128,0.6313337",0.0
"0.29509637,-0.19351022,0.39244032,0.061048344,0.0910062,0.822831,-0.006549708,0.14918128,0.6313337","0.85020137,-0.3395244,0.89044976","0.37628445,-0.24019311,0.48810196,0.041893665,0.117583476,0.73387253,-0.006549708,0.14918128,0.6313337",0.0
"0.37628445,-0.24019311,0.48810196,0.041893665,0.117583476,0.73387253,-0.006549708,0.14918128,0.6313337","0.7845731,-0.16821492,0.7146584","0.4512055,-0.26332182,0.5648782,0.017634815,0.1520555,0.6464441,-0.006549708,0.14918128,0.6313337",0.0
"0.4512055,-0.26332182,0.5648782,0.017634815,0.1520555,0.6464441,-0.006549708,0.14918128,0.6313337","0.58886003,-0.09647256,0.12923288","0.50743735,-0.27658632,0.5787619,-0.009145263,0.14352183,0.63291603,-0.006549708,0.14918128,0.6313337",0.0
"0.0,0.0,0.0,2.8652207e-07,0.005789075,0.993462,0.40941522,0.13444445,0.47972226","0.712044,0.59429777,0.842077","0.06799504,0.08171288,0.09046487,0.2885201,0.06851027,0.9336058,0.40941522,0.13444445,0.47972226",0.0
"0.06799504,0.08171288,0.09046487,0.2885201,0.06851027,0.9336058,0.40941522,0.13444445,0.47972226","0.53782976,0.17230225,0.99090314","0.11935388,0.10540355,0.19691823,0.4298659,0.17540912,0.8173726,0.40941522,0.13444445,0.47972226",0.0
"0.11935388,0.10540355,0.19691823,0.4298659,0.17540912,0.8173726,0.40941522,0.13444445,0.47972226","-0.41971648,-0.19600278,0.8035008","0.079274,0.07845418,0.28323886,0.4777003,0.12746567,0.74602044,0.40941522,0.13444445,0.47972226",0.0
"0.079274,0.07845418,0.28323886,0.4777003,0.12746567,0.74602044,0.40941522,0.13444445,0.47972226","0.17986703,-0.10945207,0.90542495","0.09644999,0.06340509,0.38050926,0.5082602,0.16496515,0.631277,0.40941522,0.13444445,0.47972226",0.0
"0.09644999,0.06340509,0.38050926,0.5082602,0.16496515,0.631277,0.40941522,0.13444445,0.47972226","-0.08811134,-0.5759409,0.9500923","0.088036,-0.015783826,0.48257834,0.4471747,0.13294767,0.57657814,0.40941522,0.13444445,0.47972226",0.0
"0.088036,-0.015783826,0.48257834,0.4471747,0.13294767,0.57657814,0.40941522,0.13444445,0.47972226","0.09168148,-0.35259068,0.7359277","0.09679092,-0.06426323,0.56163955,0.40459117,0.13303244,0.50851846,0.40941522,0.13444445,0.47972226",0.0
"0.09679092,-0.06426323,0.56163955,0.40459117,0.13303244,0.50851846,0.40941522,0.13444445,0.47972226","0.025710702,-0.017762363,0.19121695","0.0992461,-0.06670547,0.58218217,0.40395308,0.13627803,0.47921285,0.40941522,0.13444445,0.47972226",0.0
"0.0,0.0,0.0,2.8652207e-07,0.005789075,0.993462,-0.28362575,0.09122807,0.5737357","-0.22482103,-0.99608654,0.68673027","-0.021468788,-0.13695678,0.073775895,-0.1909881,0.01870319,0.96657395,-0.28362575,0.09122807,0.5737357",0.0
"-0.021468788,-0.13695678,0.073775895,-0.1909881,0.01870319,0.96657395,-0.28362575,0.09122807,0.5737357","-0.8681048,-0.1099872,0.94047844","-0.10436652,-0.1520795,0.17481214,-0.07683297,0.032250043,0.95650905,-0.28362575,0.09122807,0.5737357",0.0
"-0.10436652,-0.1520795,0.17481214,-0.07683297,0.032250043,0.95650905,-0.28362575,0.09122807,0.5737357","-0.3767103,-0.88870025,0.50701666","-0.14033963,-0.27427125,0.22928132,-0.23037606,0.11510861,0.8969693,-0.28362575,0.09122807,0.5737357",0.0
"-0.14033963,-0.27427125,0.22928132,-0.23037606,0.11510861,0.8969693,-0.28362575,0.09122807,0.5737357","0.5189563,-0.8806658,0.93490005","-0.090783074,-0.3953583,0.3297183,-0.3306822,0.10298783,0.79940695,-0.28362575,0.09122807,0.5737357",0.0
"-0.090783074,-0.3953583,0.3297183,-0.3306822,0.10298783,0.79940695,-0.28362575,0.09122807,0.5737357","-0.11475545,-0.22877729,0.76842046","-0.10174139,-0.42681405,0.41227025,-0.27100652,0.09579559,0.7572547,-0.28362575,0.09122807,0.5737357",0.0
"-0.10174139,-0.42681405,0.41227025,-0.27100652,0.09579559,0.7572547,-0.28362575,0.09122807,0.5737357","0.23180103,-0.570081,0.8472941","-0.07960606,-0.50519735,0.50329566,-0.2811284,0.07778592,0.66498554,-0.28362575,0.09122807,0.5737357",0.0
"-0.07960606,-0.50519735,0.50329566,-0.2811284,0.07778592,0.66498554,-0.28362575,0.09122807,0.5737357","-0.16287577,-0.33629072,0.6726135","-0.095159516,-0.5514356,0.57555497,-0.2511188,0.08345007,0.59455043,-0.28362575,0.09122807,0.5737357",0.0
"-0.095159516,-0.5514356,0.57555497,-0.2511188,0.08345007,0.59455043,-0.28362575,0.09122807,0.5737357","-0.123693585,-0.18203652,0.04685402","-0.10697135,-0.5764647,0.5805886,-0.2741017,0.10187898,0.5746022,-0.28362575,0.09122807,0.5737357",0.0
"0.0,0.0,0.0,2.8652207e-07,0.005789075,0.993462,-0.07198831,-0.14976607,0.3483126","-0.84079003,0.325907,0.7912965","-0.08028935,0.044810534,0.085009485,0.20741202,-0.047477257,0.95972055,-0.07198831,-0.14976607,0.3483126",0.0
"-0.08028935,0.044810534,0.085009485,0.20741202,-0.047477257,0.95972055,-0.07198831,-0.14976607,0.3483126","-0.38720626,-0.4307028,0.987298","-0.11726474,-0.014408899,0.19107556,0.21209884,-0.07566931,0.9241856,-0.07198831,-0.14976607,0.3483126",0.0
"-0.11726474,-0.014408899,0.19107556,0.21209884,-0.07566931,0.9241856,-0.07198831,-0.14976607,0.3483126","-0.37480044,-0.52221155,0.95391464","-0.15305547,-0.086210325,0.2935553,0.18251273,-0.08868331,0.87586427,-0.07198831,-0.14976607,0.3483126",0.0
"-0.15305547,-0.086210325,0.2935553,0.18251273,-0.08868331,0.87586427,-0.07198831,-0.14976607,0.3483126","0.18880987,-0.498428,0.8976128","-0.13502552,-0.15474163,0.38998646,0.16428292,-0.06784037,0.81175524,-0.07198831,-0.14976607,0.3483126",0.0
"-0.13502552,-0.15474163,0.38998646,0.16428292,-0.06784037,0.81175524,-0.07198831,-0.14976607,0.3483126","-0.87774825,-0.6051992,0.93681145","-0.21884412,-0.23795341,0.49062878,0.10471811,-0.07850096,0.7302248,-0.07198831,-0.14976607,0.3483126",0.0
"-0.21884412,-0.23795341,0.49062878,0.10471811,-0.07850096,0.7302248,-0.07198831,-0.14976607,0.3483126","-0.94567126,0.1666106,0.94960165","-0.30914885,-0.21504535,0.59264517,0.14017917,-0.19482698,0.584729,-0.07198831,-0.14976607,0.3483126",0.0
"-0.30914885,-0.21504535,0.59264517,0.14017917,-0.19482698,0.584729,-0.07198831,-0.14976607,0.3483126","-0.93900687,-0.7549944,0.91136384","-0.39881718,-0.31885323,0.69055355,0.05393547,-0.14539951,0.49152184,-0.07198831,-0.14976607,0.3483126",0.0
"-0.39881718,-0.31885323,0.69055355,0.05393547,-0.14539951,0.49152184,-0.07198831,-0.14976607,0.3483126","-0.9612864,-0.22445011,0.51986504","-0.49061307,-0.34971395,0.74640304,0.010002754,-0.1427649,0.4193361,-0.07198831,-0.14976607,0.3483126",0.0
"-0.49061307,-0.34971395,0.74640304,0.010002754,-0.1427649,0.4193361,-0.07198831,-0.14976607,0.3483126","-0.71533495,0.14553022,0.31713676","-0.55892235,-0.3297043,0.7804733,-0.02584485,-0.16947131,0.35934895,-0.07198831,-0.14976607,0.3483126",0.0
"-0.55892235,-0.3297043,0.7804733,-0.02584485,-0.16947131,0.35934895,-0.07198831,-0.14976607,0.3483126","-0.52463007,-0.13511312,0.055681586","-0.60902077,-0.3482817,0.78645533,-0.046630003,-0.14801705,0.35747668,-0.07198831,-0.14976607,0.3483126",0.0
"-0.60902077,-0.3482817,0.78645533,-0.046630003,-0.14801705,0.35747668,-0.07198831,-0.14976607,0.3483126","-0.38165772,0.009301186,0.046737432","-0.6454663,-0.3470029,0.7914764,-0.06414336,-0.1435675,0.34921423,-0.07198831,-0.14976607,0.3483126",0.0
"0.0,0.0,0.0,2.8652207e-07,0.005789075,0.993462,0.091345035,-0.0057894737,0.51554936","-0.52211034,-0.37771696,0.98020005","-0.04985776,-0.051934157,0.10530354,0.034493115,0.00041356822,0.9808134,0.091345035,-0.0057894737,0.51554936",0.0
"-0.04985776,-0.051934157,0.10530354,0.034493115,0.00041356822,0.9808134,0.091345035,-0.0057894737,0.51554936","0.58624697,-0.2692275,0.9963579","0.0061245565,-0.08895158,0.21234295,0.0987599,0.007690723,0.939207,0.091345035,-0.0057894737,0.51554936",0.0
"0.0061245565,-0.08895158,0.21234295,0.0987599,0.007690723,0.939207,0.091345035,-0.0057894737,0.51554936","0.041988134,-0.5963695,0.98240674","0.010134105,-0.17094935,0.31788358,0.06584596,0.007889211,0.8830563,0.091345035,-0.0057894737,0.51554936",0.0
"0.010134105,-0.17094935,0.31788358,0.06584596,0.007889211,0.8830563,0.091345035,-0.0057894737,0.51554936","-0.5479604,-0.2984259,0.9334569","-0.042192146,-0.21198143,0.41816553,0.10345744,-0.007953773,0.80208796,0.091345035,-0.0057894737,0.51554936",0.0
"-0.042192146,-0.21198143,0.41816553,0.10345744,-0.007953773,0.80208796,0.091345035,-0.0057894737,0.51554936","-0.017300963,-0.20256549,0.9241729","-0.04384427,-0.23983318,0.5174501,0.1507283,-0.015049236,0.69844323,0.091345035,-0.0057894737,0.51554936",0.0
"-0.04384427,-0.23983318,0.5174501,0.1507283,-0.015049236,0.69844323,0.091345035,-0.0057894737,0.51554936","-0.017017901,-0.44508648,0.9391403","-0.04546937,-0.3010303,0.6183426,0.13627832,-0.013751646,0.58796674,0.091345035,-0.0057894737,0.51554936",0.0
"-0.04546937,-0.3010303,0.6183426,0.13627832,-0.013751646,0.58796674,0.091345035,-0.0057894737,0.51554936","-0.08309311,-0.42833394,0.6149168","-0.05340416,-0.35992405,0.68440354,0.101468354,-0.0113136675,0.5132815,0.091345035,-0.0057894737,0.51554936",0.0
"0.0,0.0,0.0,2.8652207e-07,0.005789075,0.993462,0.02017544,0.030467836,0.3823091","0.8535168,-0.59014523,0.9611918","0.08150466,-0.08114195,0.10326146,-0.031927418,-0.0023744737,0.98136723,0.02017544,0.030467836,0.3823091",0.0
"0.08150466,-0.08114195,0.10326146,-0.031927418,-0.0023744737,0.98136723,0.02017544,0.030467836,0.3823091","0.8962332,-0.5146351,0.92114663","0.1670884,-0.15190165,0.20222087,-0.0420306,-0.017650953,0.948257,0.02017544,0.030467836,0.3823091",0.0
"0.1670884,-0.15190165,0.20222087,-0.0420306,-0.017650953,0.948257,0.02017544,0.030467836,0.3823091","0.87407947,0.19947934,0.95247364","0.25055662,-0.1244743,0.3045458,0.09540507,0.103941135,0.882149,0.02017544,0.030467836,0.3823091",0.0
"0.25055662,-0.1244743,0.3045458,0.09540507,0.103941135,0.882149,0.02017544,0.030467836,0.3823091","-0.62371826,-0.647375,0.992502","0.19099604,-0.21348506,0.41117096,0.07380091,0.057508044,0.80943084,0.02017544,0.030467836,0.3823091",0.0
"0.19099604,-0.21348506,0.41117096,0.07380091,0.057508044,0.80943084,0.02017544,0.030467836,0.3823091","0.6230782,-0.052117944,0.9789846","0.25049546,-0.22065103,0.51634395,0.12362068,0.13220648,0.6920643,0.02017544,0.030467836,0.3823091",0.0
"0.25049546,-0.22065103,0.51634395,0.12362068,0.13220648,0.6920643,0.02017544,0.030467836,0.3823091","0.5270219,-0.8393781,0.8557172","0.30082223,-0.33606124,0.6082743,0.042394135,0.06855316,0.6106348,0.02017544,0.030467836,0.3823091",0.0
"0.30082223,-0.33606124,0.6082743,0.042394135,0.06855316,0.6106348,0.02017544,0.030467836,0.3823091","0.62679887,-0.38704783,0.6853839","0.36067697,-0.38927832,0.6819055,0.021829773,0.060306773,0.5226793,0.02017544,0.030467836,0.3823091",0.0
"0.36067697,-0.38927832,0.6819055,0.021829773,0.060306773,0.5226793,0.02017544,0.030467836,0.3823091","-0.30321681,-0.5945723,0.800241","0.33172196,-0.471029,0.767876,0.008234746,0.025575912,0.4127861,0.02017544,0.030467836,0.3823091",0.0
"0.33172196,-0.471029,0.767876,0.008234746,0.025575912,0.4127861,0.02017544,0.030467836,0.3823091","-0.027181804,-0.032127082,0.1677618","0.32912633,-0.47544634,0.78589886,0.011568293,0.030759407,0.38757822,0.02017544,0.030467836,0.3823091",0.0
"0.0,0.0,0.0,2.8652207e-07,0.005789075,0.993462,0.24614036,0.3661988,0.60727465","0.95749867,0.9070282,0.7995975","0.09143418,0.124711715,0.08590126,0.3606468,0.112578586,0.90145886,0.24614036,0.3661988,0.60727465",0.0
"0.09143418,0.124711715,0.08590126,0.3606468,0.112578586,0.90145886,0.24614036,0.3661988,0.60727465","0.74823964,0.35754275,0.9418075","0.16288564,0.17387201,0.18708025,0.4987034,0.2867218,0.74188364,0.24614036,0.3661988,0.60727465",0.0
"0.16288564,0.17387201,0.18708025,0.4987034,0.2867218,0.74188364,0.24614036,0.3661988,0.60727465","0.947196,-0.7729579,0.9250934","0.25333598,0.06759429,0.28646365,0.33070198,0.34598303,0.7547992,0.24614036,0.3661988,0.60727465",0.0
"0.25333598,0.06759429,0.28646365,0.33070198,0.34598303,0.7547992,0.24614036,0.3661988,0.60727465","0.43123567,-0.42022526,0.9219408","0.29451585,0.009815471,0.38550836,0.2695524,0.367499,0.68892735,0.24614036,0.3661988,0.60727465",0.0
"0.29451585,0.009815471,0.38550836,0.2695524,0.367499,0.68892735,0.24614036,0.3661988,0.60727465","0.1636455,-0.22214782,0.668535","0.31014282,-0.020728718,0.4573295,0.24753842,0.37490135,0.61976564,0.24614036,0.3661988,0.60727465",0.0
"0.0,0.0,0.0,2.8652207e-07,0.005789075,0.993462,-0.031988304,0.01760234,0.3823091","-0.82382554,-0.872948,0.93593025","-0.07866938,-0.12002587,0.100547604,-0.113472894,0.034600347,0.9745261,-0.031988304,0.01760234,0.3823091",0.0
"-0.07866938,-0.12002587,0.100547604,-0.113472894,0.034600347,0.9745261,-0.031988304,0.01760234,0.3823091","-0.23710614,-0.3821997,0.9362185","-0.1013113,-0.1725764,0.2011262,-0.08336526,0.03356254,0.94520986,-0.031988304,0.01760234,0.3823091",0.0
"-0.1013113,-0.1725764,0.2011262,-0.08336526,0.03356254,0.94520986,-0.031988304,0.01760234,0.3823091","-0.14942658,-0.38384163,0.8285055","-0.11558047,-0.22535267,0.29013315,-0.069669686,0.03266422,0.8999026,-0.031988304,0.01760234,0.3823091",0.0
"-0.11558047,-0.22535267,0.29013315,-0.069669686,0.03266422,0.8999026,-0.031988304,0.01760234,0.3823091","0.5486815,-0.79282576,0.9737158","-0.06318537,-0.3343622,0.39474013,-0.1432362,0.034717273,0.8144639,-0.031988304,0.01760234,0.3823091",0.0
"-0.06318537,-0.3343622,0.39474013,-0.1432362,0.034717273,0.8144639,-0.031988304,0.01760234,0.3823091","-0.25160712,0.08462393,0.93412995","-0.08721203,-0.3227269,0.4950944,-0.0043432005,0.0072341,0.7382989,-0.031988304,0.01760234,0.3823091",0.0
"-0.08721203,-0.3227269,0.4950944,-0.0043432005,0.0072341,0.7382989,-0.031988304,0.01760234,0.3823091","0.2602172,-0.35029006,0.9095521","-0.062363185,-0.37089005,0.59280825,0.01753062,0.0024228548,0.6337716,-0.031988304,0.01760234,0.3823091",0.0
"-0.062363185,-0.37089005,0.59280825,0.01753062,0.0024228548,0.6337716,-0.031988304,0.01760234,0.3823091","-0.17815602,-0.74054277,0.6365528","-0.079375796,-0.4727109,0.66119355,-0.05685053,0.020451961,0.54917645,-0.031988304,0.01760234,0.3823091",0.0
"-0.079375796,-0.4727109,0.66119355,-0.05685053,0.020451961,0.54917645,-0.031988304,0.01760234,0.3823091","0.043839216,-0.62464917,0.89839137","-0.07518947,-0.558597,0.7577083,-0.069709495,0.022734312,0.42124096,-0.031988304,0.01760234,0.3823091",0.0
"-0.07518947,-0.558597,0.7577083,-0.069709495,0.022734312,0.42124096,-0.031988304,0.01760234,0.3823091","0.056197286,0.054743767,0.2737732","-0.06982304,-0.5510701,0.78712,-0.039183725,0.014667191,0.38505447,-0.031988304,0.01760234,0.3823091",0.0
"0.0,0.0,0.0,2.8652207e-07,0.005789075,0.993462,0.078713454,0.28730994,0.5737357","0.73140335,0.37875783,0.8406899","0.06984372,0.05207725,0.09031586,0.22800106,0.05677811,0.95290923,0.078713454,0.28730994,0.5737357",0.0
"0.06984372,0.05207725,0.09031586,0.22800106,0.05677811,0.95290923,0.078713454,0.28730994,0.5737357","0.91639614,0.056858063,0.9459704","0.1573529,0.05989493,0.1919421,0.32611412,0.18234383,0.86906093,0.078713454,0.28730994,0.5737357",0.0
"0.1573529,0.05989493,0.1919421,0.32611412,0.18234383,0.86906093,0.078713454,0.28730994,0.5737357","0.9726033,0.069684744,0.81862223","0.25022945,0.069476224,0.27988723,0.33251083,0.34118482,0.7608992,0.078713454,0.28730994,0.5737357",0.0
"0.25022945,0.069476224,0.27988723,0.33251083,0.34118482,0.7608992,0.078713454,0.28730994,0.5737357","0.97903323,-0.6984967,0.9909835","0.34372002,-0.026563486,0.38634926,0.18238738,0.35342655,0.72566587,0.078713454,0.28730994,0.5737357",0.0
"0.34372002,-0.026563486,0.38634926,0.18238738,0.35342655,0.72566587,0.078713454,0.28730994,0.5737357","0.7351382,-0.639532,0.97187924","0.41392037,-0.11449586,0.49075893,0.082048066,0.31764397,0.660555,0.078713454,0.28730994,0.5737357",0.0
"0.41392037,-0.11449586,0.49075893,0.082048066,0.31764397,0.660555,0.078713454,0.28730994,0.5737357","-0.023423254,-0.296234,0.65029013","0.41168362,-0.15522654,0.56062007,0.07839293,0.29639536,0.59159213,0.078713454,0.28730994,0.5737357",0.0
"0.41168362,-0.15522654,0.56062007,0.07839293,0.29639536,0.59159213,0.078713454,0.28730994,0.5737357","0.0986799,-0.06364894,0.10069728","0.42110682,-0.16397797,0.57143813,0.067862205,0.29177594,0.5821319,0.078713454,0.28730994,0.5737357",0.0
"0.0,0.0,0.0,2.8652207e-07,0.005789075,0.993462,-0.07198831,-0.14976607,0.3483126","-0.7792876,-0.09809965,0.86389184","-0.07441631,-0.013488207,0.09280846,0.09795989,-0.017377205,0.97853625,-0.07198831,-0.14976607,0.3483126",0.0
"-0.07441631,-0.013488207,0.09280846,0.09795989,-0.017377205,0.97853625,-0.07198831,-0.14976607,0.3483126","-0.6565867,0.27645683,0.9472343","-0.13711557,0.024523173,0.19457048,0.28177744,-0.12311782,0.89603096,-0.07198831,-0.14976607,0.3483126",0.0
"-0.13711557,0.024523173,0.19457048,0.28177744,-0.12311782,0.89603096,-0.07198831,-0.14976607,0.3483126","-0.436082,-0.42655766,0.84569097","-0.17875825,-0.034126323,0.28542364,0.25184566,-0.15161201,0.852241,-0.07198831,-0.14976607,0.3483126",0.0
"-0.17875825,-0.034126323,0.28542364,0.25184566,-0.15161201,0.852241,-0.07198831,-0.14976607,0.3483126","-0.6700804,-0.63809717,0.9112463","-0.24274608,-0.12186142,0.3833195,0.17059052,-0.154981,0.802693,-0.07198831,-0.14976607,0.3483126",0.0
"-0.24274608,-0.12186142,0.3833195,0.17059052,-0.154981,0.802693,-0.07198831,-0.14976607,0.3483126","-0.3134191,-0.5415442,0.95267856","-0.27267537,-0.19632098,0.48566642,0.13204092,-0.14349484,0.71969974,-0.07198831,-0.14976607,0.3483126",0.0
"-0.27267537,-0.19632098,0.48566642,0.13204092,-0.14349484,0.71969974,-0.07198831,-0.14976607,0.3483126","-0.8922728,-0.50279254,0.8294271","-0.35788092,-0.26545238,0.57477236,0.07305979,-0.13920784,0.6341354,-0.07198831,-0.14976607,0.3483126",0.0
"-0.35788092,-0.26545238,0.57477236,0.07305979,-0.13920784,0.6341354,-0.07198831,-0.14976607,0.3483126","-0.7591354,-0.16125298,0.7600093","-0.43037286,-0.28762388,0.6564207,0.044027966,-0.17138246,0.52890617,-0.07198831,-0.14976607,0.3483126",0.0
"-0.43037286,-0.28762388,0.6564207,0.044027966,-0.17138246,0.52890617,-0.07198831,-0.14976607,0.3483126","-0.79102564,-0.3745988,0.39705122","-0.50591004,-0.3391293,0.69907624,0.0032811046,-0.1351027,0.48618725,-0.07198831,-0.14976607,0.3483126",0.0
"-0.50591004,-0.3391293,0.69907624,0.0032811046,-0.1351027,0.48618725,-0.07198831,-0.14976607,0.3483126","-0.019348145,0.12863457,0.68499494","-0.50775766,-0.32144272,0.77266574,0.0014523851,-0.17796169,0.36794084,-0.07198831,-0.14976607,0.3483126",0.0
"-0.50775766,-0.32144272,0.77266574,0.0014523851,-0.17796169,0.36794084,-0.07198831,-0.14976607,0.3483126","-0.676508,-0.046811998,0.17839575","-0.57235926,-0.32787916,0.791831,-0.0336808,-0.17128655,0.34092772,-0.07198831,-0.14976607,0.3483126",0.0
"-0.57235926,-0.32787916,0.791831,-0.0336808,-0.17128655,0.34092772,-0.07198831,-0.14976607,0.3483126","-0.48563963,-0.10395008,-0.046548784","-0.6187343,-0.3421718,0.7868303,-0.053208463,-0.15185064,0.354542,-0.07198831,-0.14976607,0.3483126",0.0
"-0.6187343,-0.3421718,0.7868303,-0.053208463,-0.15185064,0.354542,-0.07198831,-0.14976607,0.3483126","-0.014881551,0.031008482,0.010355949","-0.6201554,-0.33790833,0.78794295,-0.055394907,-0.15541753,0.35112298,-0.07198831,-0.14976607,0.3483126",0.0
"-0.6201554,-0.33790833,0.78794295,-0.055394907,-0.15541753,0.35112298,-0.07198831,-0.14976607,0.3483126","-0.21949536,-0.031197786,-0.0004144907","-0.64111567,-0.3421979,0.7878985,-0.06381076,-0.14787507,0.35289666,-0.07198831,-0.14976607,0.3483126",0.0
"0.0,0.0,0.0,2.8652207e-07,0.005789075,0.993462,-0.06035088,-0.12309941,0.36001524","-0.84799623,0.01790297,0.952747","-0.08097749,0.0024615575,0.10235423,0.14295422,-0.031191083,0.96992177,-0.06035088,-0.12309941,0.36001524",0.0
"-0.08097749,0.0024615575,0.10235423,0.14295422,-0.031191083,0.96992177,-0.06035088,-0.12309941,0.36001524","-0.9509868,-0.11281246,0.8752811","-0.17178982,-0.0130495895,0.19638626,0.20401113,-0.11545726,0.9193694,-0.06035088,-0.12309941,0.36001524",0.0
"-0.17178982,-0.0130495895,0.19638626,0.20401113,-0.11545726,0.9193694,-0.06035088,-0.12309941,0.36001524","-0.877337,0.19731092,0.91124296","-0.25556913,0.014079636,0.2942817,0.27620986,-0.27771488,0.80208665,-0.06035088,-0.12309941,0.36001524",0.0
"-0.25556913,0.014079636,0.2942817,0.27620986,-0.27771488,0.80208665,-0.06035088,-0.12309941,0.36001524","-0.9546376,-0.6248649,0.9926295","-0.3467301,-0.071836084,0.40092057,0.15947402,-0.292695,0.74699795,-0.06035088,-0.12309941,0.36001524",0.0
"-0.3467301,-0.071836084,0.40092057,0.15947402,-0.292695,0.74699795,-0.06035088,-0.12309941,0.36001524","-0.9726392,-0.73202777,0.83502746","-0.4396101,-0.17248616,0.49062818,0.05045842,-0.2320688,0.70077854,-0.06035088,-0.12309941,0.36001524",0.0
"-0.4396101,-0.17248616,0.49062818,0.05045842,-0.2320688,0.70077854,-0.06035088,-0.12309941,0.36001524","-0.9276096,-0.27450937,0.9014709","-0.5281901,-0.21022981,0.5874738,-0.01580158,-0.2434031,0.5893628,-0.06035088,-0.12309941,0.36001524",0.0
"-0.5281901,-0.21022981,0.5874738,-0.01580158,-0.2434031,0.5893628,-0.06035088,-0.12309941,0.36001524","-0.51385725,-0.701611,0.75283206","-0.5772597,-0.30669773,0.6683511,-0.032586507,-0.15569489,0.51935065,-0.06035088,-0.12309941,0.36001524",0.0
"-0.5772597,-0.30669773,0.6683511,-0.032586507,-0.15569489,0.51935065,-0.06035088,-0.12309941,0.36001524","-0.14357364,-0.15109664,0.95704246","-0.59097,-0.32747278,0.77116686,-0.042898897,-0.16652994,0.37283495,-0.06035088,-0.12309941,0.36001524",0.0
"-0.59097,-0.32747278,0.77116686,-0.042898897,-0.16652994,0.37283495,-0.06035088,-0.12309941,0.36001524","-0.46950823,-0.30863178,0.22149253","-0.6358046,-0.3699081,0.794962,-0.051363207,-0.12698328,0.35203788,-0.06035088,-0.12309941,0.36001524",0.0
"0.0,0.0,0.0,2.8652207e-07,0.005789075,0.993462,-0.13122807,0.49461988,0.66238827","0.9760299,-0.3220185,0.9092834","0.09320375,-0.044275902,0.09768491,0.036599,0.017080091,0.9822334,-0.13122807,0.49461988,0.66238827",0.0
"0.09320375,-0.044275902,0.09768491,0.036599,0.017080091,0.9822334,-0.13122807,0.49461988,0.66238827","0.93220425,0.54378617,0.9720868","0.1822225,0.030491885,0.20211685,0.2724052,0.182441,0.88462067,-0.13122807,0.49461988,0.66238827",0.0
"0.1822225,0.030491885,0.20211685,0.2724052,0.182441,0.88462067,-0.13122807,0.49461988,0.66238827","0.98254526,-0.1570484,0.45727575","0.27604842,0.008898526,0.2512423,0.21532832,0.26275456,0.85424954,-0.13122807,0.49461988,0.66238827",0.0
"0.27604842,0.008898526,0.2512423,0.21532832,0.26275456,0.85424954,-0.13122807,0.49461988,0.66238827","0.9311062,0.3840754,0.6561581","0.36496234,0.06170691,0.3217338,0.19879319,0.45420685,0.71577805,-0.13122807,0.49461988,0.66238827",0.0
"0.36496234,0.06170691,0.3217338,0.19879319,0.45420685,0.71577805,-0.13122807,0.49461988,0.66238827","0.9257865,0.29222846,0.21732736","0.45336822,0.10188682,0.34508145,0.077823624,0.5670922,0.6307388,-0.13122807,0.49461988,0.66238827",0.0
"0.45336822,0.10188682,0.34508145,0.077823624,0.5670922,0.6307388,-0.13122807,0.49461988,0.66238827","0.7345357,-0.45520806,0.33011007","0.52351105,0.03929805,0.3805454,-0.04255308,0.4965905,0.6615955,-0.13122807,0.49461988,0.66238827",0.0
"0.52351105,0.03929805,0.3805454,-0.04255308,0.4965905,0.6615955,-0.13122807,0.49461988,0.66238827","0.61238694,-0.0018594265,-0.10925269","0.5819896,0.039042387,0.3688084,-0.1306818,0.4733438,0.67848635,-0.13122807,0.49461988,0.66238827",0.0
"0.5819896,0.039042387,0.3688084,-0.1306818,0.4733438,0.67848635,-0.13122807,0.49461988,0.66238827","0.026438355,0.12530482,-0.08015585","0.58451426,0.05627115,0.36019725,-0.1400511,0.49295577,0.66951007,-0.13122807,0.49461988,0.66238827",0.0
"0.0,0.0,0.0,2.8652207e-07,0.005789075,0.993462,0.0036842106,0.008596491,0.64963955","0.33389187,-0.7333624,0.98586726","0.031884234,-0.10083357,0.10591237,-0.07023092,-0.0012401398,0.9785428,0.0036842106,0.008596491,0.64963955",0.0
"0.031884234,-0.10083357,0.10591237,-0.07023092,-0.0012401398,0.9785428,0.0036842106,0.008596491,0.64963955","0.59126353,-0.5614707,0.9805957","0.0883456,-0.17803293,0.21125844,-0.08535091,-0.01829701,0.9409952,0.0036842106,0.008596491,0.64963955",0.0
"0.0883456,-0.17803293,0.21125844,-0.08535091,-0.01829701,0.9409952,0.0036842106,0.008596491,0.64963955","-0.03769982,-0.35687494,0.7119546","0.084745534,-0.22710145,0.28774425,-0.08196308,-0.016351745,0.90071017,0.0036842106,0.008596491,0.64963955",0.0
"0.084745534,-0.22710145,0.28774425,-0.08196308,-0.016351745,0.90071017,0.0036842106,0.008596491,0.64963955","-0.29728556,-0.5234987,0.98749113","0.05635691,-0.29907987,0.39383113,-0.08354369,-0.009066799,0.82497984,0.0036842106,0.008596491,0.64963955",0.0
"0.05635691,-0.29907987,0.39383113,-0.08354369,-0.009066799,0.82497984,0.0036842106,0.008596491,0.64963955","0.09850156,-0.23420465,0.7916782","0.065763086,-0.33128187,0.47888166,-0.03899373,-0.0022578135,0.7530746,0.0036842106,0.008596491,0.64963955",0.0
"0.065763086,-0.33128187,0.47888166,-0.03899373,-0.0022578135,0.7530746,0.0036842106,0.008596491,0.64963955","0.71755826,-0.14365572,0.8517599","0.13428469,-0.35103384,0.5703868,0.020771893,0.01566827,0.6587341,0.0036842106,0.008596491,0.64963955",0.0
"0.13428469,-0.35103384,0.5703868,0.020771893,0.01566827,0.6587341,0.0036842106,0.008596491,0.64963955","-0.0124281645,-0.1693263,0.11225855","0.13309787,-0.37431538,0.58244693,-0.0006387196,0.006051113,0.64576143,0.0036842106,0.008596491,0.64963955",0.0
"0.0,0.0,0.0,2.8652207e-07,0.005789075,0.993462,-0.048479535,0.6553801,0.51169205","0.7730622,0.9423677,0.96415496","0.073821835,0.12957072,0.103579774,0.39622054,0.09952287,0.8825662,-0.048479535,0.6553801,0.51169205",0.0
"0.073821835,0.12957072,0.103579774,0.39622054,0.09952287,0.8825662,-0.048479535,0.6553801,0.51169205","0.8997383,-0.047008097,0.83822083","0.15974031,0.123107344,0.19363038,0.42947337,0.24225287,0.8003627,-0.048479535,0.6553801,0.51169205",0.0
"0.15974031,0.123107344,0.19363038,0.42947337,0.24225287,0.8003627,-0.048479535,0.6553801,0.51169205","0.986367,0.098870754,0.61943686","0.25393122,0.13670157,0.2601769,0.39565983,0.41384718,0.7003447,-0.048479535,0.6553801,0.51169205",0.0
"0.25393122,0.13670157,0.2601769,0.39565983,0.41384718,0.7003447,-0.048479535,0.6553801,0.51169205","0.97296727,-0.03185618,0.37642157","0.34684253,0.1323215,0.30061615,0.26908472,0.52791727,0.65102935,-0.048479535,0.6553801,0.51169205",0.0
"0.34684253,0.1323215,0.30061615,0.26908472,0.52791727,0.65102935,-0.048479535,0.6553801,0.51169205","0.91223764,-0.6166605,0.7578739","0.4339546,0.047533866,0.38203505,0.099732615,0.5018598,0.64931834,-0.048479535,0.6553801,0.51169205",0.0
"0.4339546,0.047533866,0.38203505,0.099732615,0.5018598,0.64931834,-0.048479535,0.6553801,0.51169205","0.6544461,0.4669087,0.5170115","0.49644947,0.11173141,0.43757796,0.0010857229,0.6165467,0.47677132,-0.048479535,0.6553801,0.51169205",0.0
"0.49644947,0.11173141,0.43757796,0.0010857229,0.6165467,0.47677132,-0.048479535,0.6553801,0.51169205","0.25665092,0.2839477,-0.40908146","0.52095777,0.15077278,0.39363015,-0.048845608,0.6527703,0.48430428,-0.048479535,0.6553801,0.51169205",0.0
"0.52095777,0.15077278,0.39363015,-0.048845608,0.6527703,0.48430428,-0.048479535,0.6553801,0.51169205","0.028475523,0.10823321,-0.17867917","0.523677,0.1656543,0.37443456,-0.055422213,0.66577715,0.4899095,-0.048479535,0.6553801,0.51169205",0.0
"0.523677,0.1656543,0.37443456,-0.055422213,0.66577715,0.4899095,-0.048479535,0.6553801,0.51169205","0.022241592,-0.041396677,-0.04057467","0.5258009,0.15996248,0.3700756,-0.059223015,0.6575114,0.505829,-0.048479535,0.6553801,0.51169205",0.0
"0.0,0.0,0.0,2.8652207e-07,0.005789075,0.993462,0.2952047,0.32923976,0.46932715","0.726156,0.8000512,0.9392004","0.06934263,0.11000292,0.10089889,0.356761,0.08490165,0.90324545,0.2952047,0.32923976,0.46932715",0.0
"0.06934263,0.11000292,0.10089889,0.356761,0.08490165,0.90324545,0.2952047,0.32923976,0.46932715","0.9107969,0.06152606,0.93083405","0.15631713,0.118462436,0.20089899,0.4308655,0.2369848,0.79768914,0.2952047,0.32923976,0.46932715",0.0
"0.15631713,0.118462436,0.20089899,0.4308655,0.2369848,0.79768914,0.2952047,0.32923976,0.46932715","0.3975948,-0.12136382,0.9588556","0.19428454,0.10177554,0.30390948,0.44541454,0.318615,0.68893737,0.2952047,0.32923976,0.46932715",0.0
"0.19428454,0.10177554,0.30390948,0.44541454,0.318615,0.68893737,0.2952047,0.32923976,0.46932715","0.70438266,-0.62792265,0.936293","0.26154798,0.015439405,0.40449604,0.31970197,0.3522853,0.65572816,0.2952047,0.32923976,0.46932715",0.0
"0.26154798,0.015439405,0.40449604,0.31970197,0.3522853,0.65572816,0.2952047,0.32923976,0.46932715","-0.013841093,-0.28334177,0.8203051","0.26022625,-0.023518635,0.49262196,0.3101181,0.33917746,0.57013214,0.2952047,0.32923976,0.46932715",0.0
"0.26022625,-0.023518635,0.49262196,0.3101181,0.33917746,0.57013214,0.2952047,0.32923976,0.46932715","-0.011043787,-0.16569573,0.6638175","0.25917166,-0.046300948,0.56393635,0.3031865,0.32961658,0.48581603,0.2952047,0.32923976,0.46932715",0.0
"0.0,0.0,0.0,2.8652207e-07,0.005789075,0.993462,-0.078713454,0.28730994,0.5737357","0.81682956,0.74223447,0.9335561","0.0780013,0.10205342,0.10029251,0.3381769,0.09053671,0.91065866,-0.078713454,0.28730994,0.5737357",0.0
"0.0780013,0.10205342,0.10029251,0.3381769,0.09053671,0.91065866,-0.078713454,0.28730994,0.5737357","0.98892546,-0.708579,0.9204705","0.1724365,0.00462745,0.19917928,0.23113938,0.14585125,0.90617096,-0.078713454,0.28730994,0.5737357",0.0
"0.1724365,0.00462745,0.19917928,0.23113938,0.14585125,0.90617096,-0.078713454,0.28730994,0.5737357","0.9957247,-0.5593027,0.97674346","0.267521,-0.072273806,0.3041115,0.15663889,0.18358521,0.8581908,-0.078713454,0.28730994,0.5737357",0.0
"0.267521,-0.072273806,0.3041115,0.15663889,0.18358521,0.8581908,-0.078713454,0.28730994,0.5737357","0.9695351,-0.38587838,0.9221864","0.36010456,-0.12533012,0.40318263,0.098148055,0.22236058,0.78185034,-0.078713454,0.28730994,0.5737357",0.0
"0.36010456,-0.12533012,0.40318263,0.098148055,0.22236058,0.78185034,-0.078713454,0.28730994,0.5737357","0.95237243,-0.55825484,0.78772664","0.45104924,-0.20208731,0.48780867,0.022967074,0.18596582,0.71971804,-0.078713454,0.28730994,0.5737357",0.0
"0.45104924,-0.20208731,0.48780867,0.022967074,0.18596582,0.71971804,-0.078713454,0.28730994,0.5737357","0.6919129,0.23009717,0.74902916","0.5171219,-0.17045017,0.5682775,-0.021325983,0.2883868,0.5914226,-0.078713454,0.28730994,0.5737357",0.0
"0.5171219,-0.17045017,0.5682775,-0.021325983,0.2883868,0.5914226,-0.078713454,0.28730994,0.5737357","0.5683749,-0.031125188,0.08516145","0.57139754,-0.17472973,0.5774265,-0.06961228,0.27909485,0.5810063,-0.078713454,0.28730994,0.5737357",0.0
"0.0,0.0,0.0,2.8652207e-07,0.005789075,0.993462,-0.02894737,0.02222222,0.3823091","-0.6495292,-0.74223673,0.84116626","-0.06202534,-0.10205375,0.09036706,-0.09138315,0.023936396,0.9795769,-0.02894737,0.02222222,0.3823091",0.0
"-0.06202534,-0.10205375,0.09036706,-0.09138315,0.023936396,0.9795769,-0.02894737,0.02222222,0.3823091","-0.26633823,-0.771284,0.8074994","-0.087458715,-0.20810136,0.17711727,-0.18753538,0.05887899,0.9370266,-0.02894737,0.02222222,0.3823091",0.0
"-0.087458715,-0.20810136,0.17711727,-0.18753538,0.05887899,0.9370266,-0.02894737,0.02222222,0.3823091","0.32162607,-0.24903911,0.9213717","-0.05674577,-0.242343,0.2761009,-0.12626739,0.028633922,0.9016936,-0.02894737,0.02222222,0.3823091",0.0
"-0.05674577,-0.242343,0.2761009,-0.12626739,0.028633922,0.9016936,-0.02894737,0.02222222,0.3823091","-0.60299075,-0.6123347,0.9799292","-0.11432703,-0.32653594,0.38137537,-0.1387642,0.058283463,0.824706,-0.02894737,0.02222222,0.3823091",0.0
"-0.11432703,-0.32653594,0.38137537,-0.1387642,0.058283463,0.824706,-0.02894737,0.02222222,0.3823091","0.050186753,-0.50425506,0.97626805","-0.10953457,-0.39586845,0.48625654,-0.12848654,0.0521957,0.7330198,-0.02894737,0.02222222,0.3823091",0.0
"-0.10953457,-0.39586845,0.48625654,-0.12848654,0.0521957,0.7330198,-0.02894737,0.02222222,0.3823091","0.5892825,-0.43702722,0.92762756","-0.053262368,-0.4559575,0.5859122,-0.1127389,0.02491374,0.63083225,-0.02894737,0.02222222,0.3823091",0.0
"-0.053262368,-0.4559575,0.5859122,-0.1127389,0.02491374,0.63083225,-0.02894737,0.02222222,0.3823091","0.15379095,-0.25903141,0.95625234","-0.038576454,-0.491573,0.68864304,-0.05715334,0.012792647,0.5147555,-0.02894737,0.02222222,0.3823091",0.0
"-0.038576454,-0.491573,0.68864304,-0.05715334,0.012792647,0.5147555,-0.02894737,0.02222222,0.3823091","-0.6801808,-0.46035463,0.8926351","-0.10352879,-0.5548694,0.78453946,-0.042838212,0.02055555,0.38800693,-0.02894737,0.02222222,0.3823091",0.0
"0.0,0.0,0.0,2.8652207e-07,0.005789075,0.993462,0.11140351,0.41631576,0.47972226","0.979637,0.624812,0.9625895","0.09354822,0.085908435,0.10341159,0.30584282,0.09861335,0.92158985,0.11140351,0.41631576,0.47972226",0.0
"0.09354822,0.085908435,0.10341159,0.30584282,0.09861335,0.92158985,0.11140351,0.41631576,0.47972226","0.99779975,0.13865006,0.86555326","0.18883085,0.1049721,0.19639853,0.380602,0.26360106,0.81843007,0.11140351,0.41631576,0.47972226",0.0
"0.18883085,0.1049721,0.19639853,0.380602,0.26360106,0.81843007,0.11140351,0.41631576,0.47972226","0.9298258,0.24445868,0.69868445","0.27762246,0.13858391,0.2714587,0.37080905,0.45047805,0.6824805,0.11140351,0.41631576,0.47972226",0.0
"0.27762246,0.13858391,0.2714587,0.37080905,0.45047805,0.6824805,0.11140351,0.41631576,0.47972226","0.9448559,-0.88701284,0.8367839","0.36784935,0.016624212,0.36135492,0.17639457,0.41453952,0.7144994,0.11140351,0.41631576,0.47972226",0.0
"0.36784935,0.016624212,0.36135492,0.17639457,0.41453952,0.7144994,0.11140351,0.41631576,0.47972226","0.7220061,-0.1298151,0.94633794","0.43679568,-0.0012247004,0.46302062,0.08883824,0.4708683,0.58921623,0.11140351,0.41631576,0.47972226",0.0
"0.43679568,-0.0012247004,0.46302062,0.08883824,0.4708683,0.58921623,0.11140351,0.41631576,0.47972226","-0.008330524,-0.35226977,0.80474186","0.4360002,-0.049659982,0.5494746,0.08246441,0.4335994,0.5118668,0.11140351,0.41631576,0.47972226",0.0
"0.4360002,-0.049659982,0.5494746,0.08246441,0.4335994,0.5118668,0.11140351,0.41631576,0.47972226","-0.013435543,-0.06688833,0.2079829","0.43471718,-0.058856785,0.57181835,0.08273763,0.42617744,0.48707867,0.11140351,0.41631576,0.47972226",0.0
"0.43471718,-0.058856785,0.57181835,0.08273763,0.42617744,0.48707867,0.11140351,0.41631576,0.47972226","-0.3154639,0.049748182,0.041490793","0.40459266,-0.052016675,0.57627577,0.12515981,0.42460492,0.47283396,0.11140351,0.41631576,0.47972226",0.0
"0.0,0.0,0.0,2.8652207e-07,0.005789075,0.993462,-0.30309942,-0.32070175,0.60727465","0.48642552,-0.9128093,0.95144486","0.046450093,-0.1255066,0.102214366,-0.1273224,-0.012861605,0.9728399,-0.30309942,-0.32070175,0.60727465",0.0
"0.046450093,-0.1255066,0.102214366,-0.1273224,-0.012861605,0.9728399,-0.30309942,-0.32070175,0.60727465","0.41035652,-0.9128344,0.92152333","0.085636154,-0.25101665,0.20121424,-0.2427539,-0.060926635,0.91259885,-0.30309942,-0.32070175,0.60727465",0.0
"0.085636154,-0.25101665,0.20121424,-0.2427539,-0.060926635,0.91259885,-0.30309942,-0.32070175,0.60727465","0.72574115,-0.74631315,0.8680899","0.15493916,-0.35363093,0.29447377,-0.28483853,-0.1441949,0.8362939,-0.30309942,-0.32070175,0.60727465",0.0
"0.15493916,-0.35363093,0.29447377,-0.28483853,-0.1441949,0.8362939,-0.30309942,-0.32070175,0.60727465","0.6594465,-0.8551942,0.7927513","0.21791151,-0.47121575,0.37963966,-0.31908435,-0.25298983,0.7260188,-0.30309942,-0.32070175,0.60727465",0.0
"0.21791151,-0.47121575,0.37963966,-0.31908435,-0.25298983,0.7260188,-0.30309942,-0.32070175,0.60727465","0.6742804,-0.6234163,0.9044292","0.28230038,-0.5569324,0.4768031,-0.2605153,-0.31042236,0.6295907,-0.30309942,-0.32070175,0.60727465",0.0
"0.28230038,-0.5569324,0.4768031,-0.2605153,-0.31042236,0.6295907,-0.30309942,-0.32070175,0.60727465","-0.16435415,-0.16705477,-0.055113554","0.26660576,-0.5799016,0.47088224,-0.30310038,-0.32784903,0.6064932,-0.30309942,-0.32070175,0.60727465",0.0
"0.0,0.0,0.0,2.8652207e-07,0.005789075,0.993462,-0.26853803,0.08608187,0.7005036","-0.7199199,-0.9213709,0.7673335","-0.06874714,-0.12668377,0.08243515,-0.15304358,0.039504364,0.9718953,-0.26853803,0.08608187,0.7005036",0.0
"-0.06874714,-0.12668377,0.08243515,-0.15304358,0.039504364,0.9718953,-0.26853803,0.08608187,0.7005036","-0.1419928,-0.8022314,0.9117696","-0.08230643,-0.2369865,0.1803872,-0.24113268,0.06976654,0.92118937,-0.26853803,0.08608187,0.7005036",0.0
"-0.08230643,-0.2369865,0.1803872,-0.24113268,0.06976654,0.92118937,-0.26853803,0.08608187,0.7005036","0.39692795,-0.4469117,0.95486736","-0.044402704,-0.29843462,0.28296927,-0.22717187,0.037742455,0.87502944,-0.26853803,0.08608187,0.7005036",0.0
"-0.044402704,-0.29843462,0.28296927,-0.22717187,0.037742455,0.87502944,-0.26853803,0.08608187,0.7005036","-0.3261971,-0.651517,0.62400055","-0.075552166,-0.38801488,0.35000613,-0.2950234,0.07732662,0.8022534,-0.26853803,0.08608187,0.7005036",0.0
"-0.075552166,-0.38801488,0.35000613,-0.2950234,0.07732662,0.8022534,-0.26853803,0.08608187,0.7005036","0.0839746,-0.41835743,0.7275808","-0.0675332,-0.4455369,0.42817065,-0.2894763,0.06827623,0.73844004,-0.26853803,0.08608187,0.7005036",0.0
"-0.0675332,-0.4455369,0.42817065,-0.2894763,0.06827623,0.73844004,-0.26853803,0.08608187,0.7005036","-0.2009936,-0.17497331,0.32484007","-0.086726636,-0.4695949,0.46306852,-0.27736983,0.08351039,0.7079463,-0.26853803,0.08608187,0.7005036",0.0
"0.0,0.0,0.0,2.8652207e-07,0.005789075,0.993462,-0.061286554,-0.027134502,0.37832105","0.7375159,-0.8341346,0.9868016","0.0704274,-0.11468924,0.106012754,-0.098323755,-0.016182851,0.97566897,-0.061286554,-0.027134502,0.37832105",0.0
"0.0704274,-0.11468924,0.106012754,-0.098323755,-0.016182851,0.97566897,-0.061286554,-0.027134502,0.37832105","-0.39368653,-0.31524062,0.91850936","0.032833185,-0.15803324,0.20468883,-0.05491797,0.0001353119,0.9466322,-0.061286554,-0.027134502,0.37832105",0.0
"0.032833185,-0.15803324,0.20468883,-0.05491797,0.0001353119,0.9466322,-0.061286554,-0.027134502,0.37832105","0.15572739,-0.6839059,0.9890702","0.047704007,-0.25206685,0.31094533,-0.10151336,-0.009473755,0.88391113,-0.061286554,-0.027134502,0.37832105",0.0
"0.047704007,-0.25206685,0.31094533,-0.10151336,-0.009473755,0.88391113,-0.061286554,-0.027134502,0.37832105","-0.2832172,-0.34655654,0.97612476","0.020658812,-0.29971662,0.4158111,-0.057993907,0.0020321654,0.809114,-0.061286554,-0.027134502,0.37832105",0.0
"0.020658812,-0.29971662,0.4158111,-0.057993907,0.0020321654,0.809114,-0.061286554,-0.027134502,0.37832105","0.6062765,-0.77779406,0.9642142","0.07855381,-0.40665936,0.5193973,-0.114123456,-0.022779949,0.703583,-0.061286554,-0.027134502,0.37832105",0.0
"0.07855381,-0.40665936,0.5193973,-0.114123456,-0.022779949,0.703583,-0.061286554,-0.027134502,0.37832105","0.5504186,-0.7115007,0.92550015","0.1311148,-0.5044871,0.6188244,-0.13708311,-0.053574592,0.58480996,-0.061286554,-0.027134502,0.37832105",0.0
"0.1311148,-0.5044871,0.6188244,-0.13708311,-0.053574592,0.58480996,-0.061286554,-0.027134502,0.37832105","0.13024235,-0.28373373,0.9650221","0.14355199,-0.54349905,0.7224974,-0.08212799,-0.033339616,0.46601507,-0.061286554,-0.027134502,0.37832105",0.0
"0.14355199,-0.54349905,0.7224974,-0.08212799,-0.033339616,0.46601507,-0.061286554,-0.027134502,0.37832105","-0.035972238,-0.3239956,0.6231309","0.1401169,-0.58804685,0.7894409,-0.0708562,-0.026974984,0.37680653,-0.061286554,-0.027134502,0.37832105",0.0
"0.0,0.0,0.0,2.8652207e-07,0.005789075,0.993462,-0.06520468,-0.13432749,0.6313337","-0.9178944,-0.47170138,0.8466556","-0.087652266,-0.06485653,0.09095677,-0.01148377,0.009260387,0.98440725,-0.06520468,-0.13432749,0.6313337",0.0
"-0.087652266,-0.06485653,0.09095677,-0.01148377,0.009260387,0.98440725,-0.06520468,-0.13432749,0.6313337","-0.9176999,0.31286728,0.9828448","-0.17528594,-0.021838905,0.19654444,0.1876961,-0.108459204,0.9240839,-0.06520468,-0.13432749,0.6313337",0.0
"-0.17528594,-0.021838905,0.19654444,0.1876961,-0.108459204,0.9240839,-0.06520468,-0.13432749,0.6313337","-0.9852315,-0.6784577,0.8590089","-0.26936844,-0.11512337,0.28882834,0.09765902,-0.10159646,0.8921148,-0.06520468,-0.13432749,0.6313337",0.0
"-0.26936844,-0.11512337,0.28882834,0.09765902,-0.10159646,0.8921148,-0.06520468,-0.13432749,0.6313337","-0.74339974,-0.41874123,0.97061133","-0.3403577,-0.17269816,0.3931018,0.07633301,-0.12717873,0.8156265,-0.06520468,-0.13432749,0.6313337",0.0
"-0.3403577,-0.17269816,0.3931018,0.07633301,-0.12717873,0.8156265,-0.06520468,-0.13432749,0.6313337","-0.81232935,-0.25555956,0.6069244","-0.41792926,-0.2078363,0.45830417,0.04416207,-0.14476632,0.7573964,-0.06520468,-0.13432749,0.6313337",0.0
"-0.41792926,-0.2078363,0.45830417,0.04416207,-0.14476632,0.7573964,-0.06520468,-0.13432749,0.6313337","-0.74436283,-0.29591727,0.71365273","-0.4890105,-0.24852343,0.5349724,0.011038026,-0.151883,0.6796278,-0.06520468,-0.13432749,0.6313337",0.0
"-0.4890105,-0.24852343,0.5349724,0.011038026,-0.151883,0.6796278,-0.06520468,-0.13432749,0.6313337","-0.97470427,-0.048671365,0.30566692","-0.5820877,-0.25521553,0.5678105,-0.037034918,-0.16310906,0.6393885,-0.06520468,-0.13432749,0.6313337",0.0
"-0.5820877,-0.25521553,0.5678105,-0.037034918,-0.16310906,0.6393885,-0.06520468,-0.13432749,0.6313337","-0.6632955,-0.12204212,0.10451591","-0.6454276,-0.2719957,0.5790388,-0.061249617,-0.13772377,0.6309002,-0.06520468,-0.13432749,0.6313337",0.0
"0.0,0.0,0.0,2.8652207e-07,0.005789075,0.993462,-0.110409364,0.41239765,0.7237781","0.99620414,0.56277525,0.48429263","0.09513027,0.0773787,0.052027855,0.22528994,0.075467005,0.9582555,-0.110409364,0.41239765,0.7237781",0.0
"0.09513027,0.0773787,0.052027855,0.22528994,0.075467005,0.9582555,-0.110409364,0.41239765,0.7237781","0.9695188,-0.6304779,-0.04121816","0.18771228,-0.0093087675,0.047599778,0.035136614,0.03047704,0.9898074,-0.110409364,0.41239765,0.7237781",0.0
"0.18771228,-0.0093087675,0.047599778,0.035136614,0.03047704,0.9898074,-0.110409364,0.41239765,0.7237781","0.9800426,0.27636993,0.84636974","0.28129923,0.028690666,0.13852584,0.1529138,0.19551253,0.9368694,-0.110409364,0.41239765,0.7237781",0.0
"0.28129923,0.028690666,0.13852584,0.1529138,0.19551253,0.9368694,-0.110409364,0.41239765,0.7237781","0.8855486,0.24504042,0.83568716","0.3658627,0.062382452,0.22830427,0.16505344,0.38236558,0.8292464,-0.110409364,0.41239765,0.7237781",0.0
"0.3658627,0.062382452,0.22830427,0.16505344,0.38236558,0.8292464,-0.110409364,0.41239765,0.7237781","0.58016515,-0.4512409,0.88228273","0.42126426,0.00033914373,0.3230885,0.09059592,0.38240618,0.7806495,-0.110409364,0.41239765,0.7237781",0.0
"0.42126426,0.00033914373,0.3230885,0.09059592,0.38240618,0.7806495,-0.110409364,0.41239765,0.7237781","0.92803884,0.21624303,0.18697846","0.5098852,0.03007144,0.34317577,-0.02005515,0.45907733,0.72396916,-0.110409364,0.41239765,0.7237781",0.0
"0.5098852,0.03007144,0.34317577,-0.02005515,0.45907733,0.72396916,-0.110409364,0.41239765,0.7237781","0.58839905,-0.2898829,0.25984383","0.56607306,-0.009785976,0.37109098,-0.091021545,0.4040848,0.72932255,-0.110409364,0.41239765,0.7237781",0.0
"0.56607306,-0.009785976,0.37109098,-0.091021545,0.4040848,0.72932255,-0.110409364,0.41239765,0.7237781","0.25934303,-0.027600646,0.037392974","0.59083843,-0.013580934,0.37510815,-0.121219575,0.39260498,0.7278097,-0.110409364,0.41239765,0.7237781",0.0
"0.59083843,-0.013580934,0.37510815,-0.121219575,0.39260498,0.7278097,-0.110409364,0.41239765,0.7237781","-0.09394956,0.10989559,-0.097182155","0.5818669,0.0015291322,0.36466786,-0.114505015,0.4125838,0.72623324,-0.110409364,0.41239765,0.7237781",0.0
"0.0,0.0,0.0,2.8652207e-07,0.005789075,0.993462,-0.08894737,0.32754385,0.7721578","0.8945142,0.35802186,0.6828072","0.08541962,0.049226157,0.07335441,0.19764426,0.060353573,0.96324915,-0.08894737,0.32754385,0.7721578",0.0
"0.08541962,0.049226157,0.07335441,0.19764426,0.060353573,0.96324915,-0.08894737,0.32754385,0.7721578","0.93049335,-0.4645207,0.9056885","0.17427498,-0.014643056,0.17065313,0.16712268,0.10867049,0.9388377,-0.08894737,0.32754385,0.7721578",0.0
"0.17427498,-0.014643056,0.17065313,0.16712268,0.10867049,0.9388377,-0.08894737,0.32754385,0.7721578","0.97093534,-0.14468712,0.8873755","0.26699227,-0.034536805,0.26598448,0.1776729,0.20639428,0.8719536,-0.08894737,0.32754385,0.7721578",0.0
"0.26699227,-0.034536805,0.26598448,0.1776729,0.20639428,0.8719536,-0.08894737,0.32754385,0.7721578","0.98860645,-0.3920406,0.66820633","0.36139703,-0.088440396,0.33777037,0.09857685,0.22562173,0.83312994,-0.08894737,0.32754385,0.7721578",0.0
"0.36139703,-0.088440396,0.33777037,0.09857685,0.22562173,0.83312994,-0.08894737,0.32754385,0.7721578","0.9278207,0.1032176,0.33862972","0.44999716,-0.07424853,0.37414965,0.042240296,0.3036899,0.7821908,-0.08894737,0.32754385,0.7721578",0.0
"0.44999716,-0.07424853,0.37414965,0.042240296,0.3036899,0.7821908,-0.08894737,0.32754385,0.7721578","0.85336673,0.013439536,0.07438147","0.5314875,-0.07240068,0.38214058,-0.037044775,0.31463504,0.7710467,-0.08894737,0.32754385,0.7721578",0.0
"0.5314875,-0.07240068,0.38214058,-0.037044775,0.31463504,0.7710467,-0.08894737,0.32754385,0.7721578","0.42558312,0.043865442,0.016870975","0.5721276,-0.06636943,0.38395306,-0.07949228,0.31901184,0.7640505,-0.08894737,0.32754385,0.7721578",0.0
"0.0,0.0,0.0,2.8652207e-07,0.005789075,0.993462,0.21795322,-0.0057894737,0.47566882","-0.017599225,-0.4315163,0.97827804","-0.0016806105,-0.059331283,0.105097055,0.017885817,0.0056947353,0.98133653,0.21795322,-0.0057894737,0.47566882",0.0
"-0.0016806105,-0.059331283,0.105097055,0.017885817,0.0056947353,0.98133653,0.21795322,-0.0057894737,0.47566882","0.6190131,-0.49683493,0.9964844","0.05743063,-0.12764356,0.21215007,0.017205399,0.009023032,0.94485724,0.21795322,-0.0057894737,0.47566882",0.0
"0.05743063,-0.12764356,0.21215007,0.017205399,0.009023032,0.94485724,0.21795322,-0.0057894737,0.47566882","0.22163415,-0.021707296,0.9866719","0.07859507,-0.13062823,0.31814888,0.13897952,0.041000966,0.8724605,0.21795322,-0.0057894737,0.47566882",0.0
"0.07859507,-0.13062823,0.31814888,0.13897952,0.041000966,0.8724605,0.21795322,-0.0057894737,0.47566882","-0.10487759,-0.23771739,0.95303774","0.06858001,-0.16331318,0.42053443,0.18682477,0.046812292,0.7819395,0.21795322,-0.0057894737,0.47566882",0.0
"0.06858001,-0.16331318,0.42053443,0.18682477,0.046812292,0.7819395,0.21795322,-0.0057894737,0.47566882","-0.24979353,0.0034128428,0.9704673","0.044726532,-0.16284396,0.52479243,0.2724515,0.04438366,0.64844537,0.21795322,-0.0057894737,0.47566882",0.0
"0.044726532,-0.16284396,0.52479243,0.2724515,0.04438366,0.64844537,0.21795322,-0.0057894737,0.47566882","-0.3313179,-0.20601463,0.8028953","0.013088067,-0.19116993,0.611048,0.27964473,0.017298786,0.5424303,0.21795322,-0.0057894737,0.47566882",0.0
"0.013088067,-0.19116993,0.611048,0.27964473,0.017298786,0.5424303,0.21795322,-0.0057894737,0.47566882","-0.23472261,-0.49654907,0.31980288","-0.0093262475,-0.2594429,0.6454047,0.20732802,-0.0002846002,0.5318608,0.21795322,-0.0057894737,0.47566882",0.0
"-0.0093262475,-0.2594429,0.6454047,0.20732802,-0.0002846002,0.5318608,0.21795322,-0.0057894737,0.47566882","-0.13469827,0.0021864176,0.3760705","-0.022188963,-0.25914228,0.6858062,0.22293642,-0.009762421,0.47108883,0.21795322,-0.0057894737,0.47566882",0.0
"0.0,0.0,0.0,2.8652207e-07,0.005789075,0.993462,-0.021988304,0.06327485,0.37832105","-0.93269753,-0.73872983,0.9721768","-0.089065865,-0.10157157,0.1044416,-0.06916776,0.025898583,0.97858065,-0.021988304,0.06327485,0.37832105",0.0
"-0.089065865,-0.10157157,0.1044416,-0.06916776,0.025898583,0.97858065,-0.021988304,0.06327485,0.37832105","-0.93172175,-0.5725029,0.9116298","-0.17803855,-0.18028781,0.20237862,-0.08503349,0.060061835,0.9430416,-0.021988304,0.06327485,0.37832105",0.0
"-0.17803855,-0.18028781,0.20237862,-0.08503349,0.060061835,0.9430416,-0.021988304,0.06327485,0.37832105","-0.92068666,-0.91358775,0.9687178","-0.26595744,-0.30590147,0.30644864,-0.13809395,0.16131443,0.8650288,-0.021988304,0.06327485,0.37832105",0.0
"-0.26595744,-0.30590147,0.30644864,-0.13809395,0.16131443,0.8650288,-0.021988304,0.06327485,0.37832105","-0.64061606,-0.29452085,0.9770274","-0.32713163,-0.34639663,0.41141137,-0.07122437,0.12919712,0.80041546,-0.021988304,0.06327485,0.37832105",0.0
"-0.32713163,-0.34639663,0.41141137,-0.07122437,0.12919712,0.80041546,-0.021988304,0.06327485,0.37832105","-0.4617145,-0.7449696,0.9917295","-0.37122205,-0.44882616,0.5179536,-0.067518,0.17239183,0.6891891,-0.021988304,0.06327485,0.37832105",0.0
"-0.37122205,-0.44882616,0.5179536,-0.067518,0.17239183,0.6891891,-0.021988304,0.06327485,0.37832105","-0.44154203,-0.48978323,0.8437433","-0.4133861,-0.5161689,0.6085975,-0.041435845,0.17004378,0.58924043,-0.021988304,0.06327485,0.37832105",0.0
"-0.4133861,-0.5161689,0.6085975,-0.041435845,0.17004378,0.58924043,-0.021988304,0.06327485,0.37832105","0.44606805,-0.37153667,0.7312571","-0.37078983,-0.56725335,0.687157,-0.054751407,0.14205165,0.49690336,-0.021988304,0.06327485,0.37832105",0.0
"-0.37078983,-0.56725335,0.687157,-0.054751407,0.14205165,0.49690336,-0.021988304,0.06327485,0.37832105","0.14968848,-0.10683596,0.8133383","-0.35649568,-0.5819428,0.77453446,-0.030692952,0.0766919,0.39631358,-0.021988304,0.06327485,0.37832105",0.0
"-0.35649568,-0.5819428,0.77453446,-0.030692952,0.0766919,0.39631358,-0.021988304,0.06327485,0.37832105","-0.0020870566,0.029935002,0.11325443","-0.35669497,-0.5778269,0.78670156,-0.024362292,0.06371205,0.3820207,-0.021988304,0.06327485,0.37832105",0.0
"0.0,0.0,0.0,2.8652207e-07,0.005789075,0.993462,0.16842106,-0.13842104,0.47566882","-0.86631835,-0.5564899,0.978075","-0.08272713,-0.07651451,0.105075255,-0.01691799,0.010488835,0.98131657,0.16842106,-0.13842104,0.47566882",0.0
"-0.08272713,-0.07651451,0.105075255,-0.01691799,0.010488835,0.98131657,0.16842106,-0.13842104,0.47566882","-0.38141525,-0.14135492,0.94703674","-0.119149536,-0.095950104,0.20681606,0.074028075,-0.022861535,0.94393903,0.16842106,-0.13842104,0.47566882",0.0
"-0.119149536,-0.095950104,0.20681606,0.074028075,-0.022861535,0.94393903,0.16842106,-0.13842104,0.47566882","-0.31474364,0.7111523,0.95974684","-0.14920527,0.0018296585,0.3099223,0.34516022,-0.16829497,0.79515725,0.16842106,-0.13842104,0.47566882",0.0
"-0.14920527,0.0018296585,0.3099223,0.34516022,-0.16829497,0.79515725,0.16842106,-0.13842104,0.47566882","-0.28364384,-0.47945476,0.86992216","-0.1762912,-0.06409292,0.40337864,0.2991902,-0.17821142,0.7373866,0.16842106,-0.13842104,0.47566882",0.0
"-0.1762912,-0.06409292,0.40337864,0.2991902,-0.17821142,0.7373866,0.16842106,-0.13842104,0.47566882","-0.08171058,-0.7173496,0.44638145","-0.18409398,-0.16272482,0.45133376,0.18865797,-0.116244584,0.74516755,0.16842106,-0.13842104,0.47566882",0.0
"-0.18409398,-0.16272482,0.45133376,0.18865797,-0.116244584,0.74516755,0.16842106,-0.13842104,0.47566882","-0.31496763,-0.18848628,0.9611566","-0.2141711,-0.18864074,0.5545915,0.20382464,-0.15502235,0.6232416,0.16842106,-0.13842104,0.47566882",0.0
"-0.2141711,-0.18864074,0.5545915,0.20382464,-0.15502235,0.6232416,0.16842106,-0.13842104,0.47566882","-0.23236829,-0.2995034,0.79928637","-0.2363606,-0.22982094,0.64045936,0.18255273,-0.15968467,0.5229647,0.16842106,-0.13842104,0.47566882",0.0
"-0.2363606,-0.22982094,0.64045936,0.18255273,-0.15968467,0.5229647,0.16842106,-0.13842104,0.47566882","0.018835902,-0.19646746,0.4354204","-0.2345619,-0.25683424,0.6872369,0.1713669,-0.14768426,0.46764308,0.16842106,-0.13842104,0.47566882",0.0
"0.0,0.0,0.0,2.8652207e-07,0.005789075,0.993462,-0.044970762,0.05736842,0.2237676","-0.8011087,-0.83733976,0.8895035","-0.07650008,-0.115129925,0.09555995,-0.11032269,0.03299712,0.9760551,-0.044970762,0.05736842,0.2237676",0.0
"-0.07650008,-0.115129925,0.09555995,-0.11032269,0.03299712,0.9760551,-0.044970762,0.05736842,0.2237676","-0.9046967,-0.8856906,0.8987622","-0.16289207,-0.23690788,0.19211459,-0.20155665,0.11984343,0.92117876,-0.044970762,0.05736842,0.2237676",0.0
"-0.16289207,-0.23690788,0.19211459,-0.20155665,0.11984343,0.92117876,-0.044970762,0.05736842,0.2237676","-0.68318737,-0.57836497,0.9652873","-0.22813152,-0.31643012,0.2958161,-0.18249764,0.16667764,0.8618066,-0.044970762,0.05736842,0.2237676",0.0
"-0.22813152,-0.31643012,0.2958161,-0.18249764,0.16667764,0.8618066,-0.044970762,0.05736842,0.2237676","-0.51929504,0.24573064,0.9729276","-0.27772042,-0.2826435,0.40033838,-0.024839396,0.03859608,0.82293445,-0.044970762,0.05736842,0.2237676",0.0
"-0.27772042,-0.2826435,0.40033838,-0.024839396,0.03859608,0.82293445,-0.044970762,0.05736842,0.2237676","0.14830935,-0.56271946,0.6721872","-0.26355797,-0.36001456,0.47255194,-0.05994355,0.073840216,0.7537626,-0.044970762,0.05736842,0.2237676",0.0
"-0.26355797,-0.36001456,0.47255194,-0.05994355,0.073840216,0.7537626,-0.044970762,0.05736842,0.2237676","0.62329054,-0.8359185,0.9801047","-0.20403823,-0.47494912,0.5778453,-0.118628815,0.09573316,0.63184017,-0.044970762,0.05736842,0.2237676",0.0
"-0.20403823,-0.47494912,0.5778453,-0.118628815,0.09573316,0.63184017,-0.044970762,0.05736842,0.2237676","-0.17012447,0.2741549,0.9599111","-0.2202839,-0.43725428,0.6809691,0.005917025,0.002615267,0.5278221,-0.044970762,0.05736842,0.2237676",0.0
"-0.2202839,-0.43725428,0.6809691,0.005917025,0.002615267,0.5278221,-0.044970762,0.05736842,0.2237676","-0.08012086,-0.905944,0.7337141","-0.22793487,-0.56181693,0.75979257,-0.05251915,0.053374097,0.41811922,-0.044970762,0.05736842,0.2237676",0.0
"-0.22793487,-0.56181693,0.75979257,-0.05251915,0.053374097,0.41811922,-0.044970762,0.05736842,0.2237676","-0.23516232,-0.58365107,0.82074785","-0.2503912,-0.642066,0.84796613,-0.049179785,0.057498433,0.29279545,-0.044970762,0.05736842,0.2237676",0.0
"-0.2503912,-0.642066,0.84796613,-0.049179785,0.057498433,0.29279545,-0.044970762,0.05736842,0.2237676","-0.17737526,-0.37659746,0.522408","-0.26732922,-0.6938463,0.9040888,-0.04224215,0.055783793,0.21038868,-0.044970762,0.05736842,0.2237676",0.0
"0.0,0.0,0.0,2.8652207e-07,0.005789075,0.993462,-0.16777779,0.39690056,0.47972226","0.9514291,0.92711616,0.982342","0.090854585,0.12747371,0.105533615,0.38860095,0.12006458,0.882999,-0.16777779,0.39690056,0.47972226",0.0
"0.090854585,0.12747371,0.105533615,0.38860095,0.12006458,0.882999,-0.16777779,0.39690056,0.47972226","0.89332736,-0.6804348,0.78963983","0.17616087,0.03391742,0.19036515,0.27017984,0.17373008,0.89254165,-0.16777779,0.39690056,0.47972226",0.0
"0.17616087,0.03391742,0.19036515,0.27017984,0.17373008,0.89254165,-0.16777779,0.39690056,0.47972226","0.9359417,0.030171871,0.6893376","0.26553652,0.03806589,0.26442116,0.26916158,0.30542722,0.8133316,-0.16777779,0.39690056,0.47972226",0.0
"0.26553652,0.03806589,0.26442116,0.26916158,0.30542722,0.8133316,-0.16777779,0.39690056,0.47972226","0.9717448,-0.10986382,0.86848927","0.35833108,0.022960175,0.35772356,0.19204454,0.41607168,0.7123862,-0.16777779,0.39690056,0.47972226",0.0
"0.35833108,0.022960175,0.35772356,0.19204454,0.41607168,0.7123862,-0.16777779,0.39690056,0.47972226","0.995579,-0.71879536,0.67205274","0.45340165,-0.0758705,0.42992267,0.045108497,0.3456229,0.7122948,-0.16777779,0.39690056,0.47972226",0.0
"0.45340165,-0.0758705,0.42992267,0.045108497,0.3456229,0.7122948,-0.16777779,0.39690056,0.47972226","0.9320581,-0.49971545,0.7739583","0.54240644,-0.14457883,0.51306957,-0.045076303,0.29275417,0.65212107,-0.16777779,0.39690056,0.47972226",0.0
"0.54240644,-0.14457883,0.51306957,-0.045076303,0.29275417,0.65212107,-0.16777779,0.39690056,0.47972226","0.80624473,0.29561746,0.6906588","0.6193969,-0.10393296,0.5872675,-0.14559554,0.3539704,0.50808066,-0.16777779,0.39690056,0.47972226",0.0
"0.6193969,-0.10393296,0.5872675,-0.14559554,0.3539704,0.50808066,-0.16777779,0.39690056,0.47972226","0.3139881,0.20287025,0.012984395","0.64938056,-0.07603935,0.58866245,-0.19341035,0.36861712,0.4787309,-0.16777779,0.39690056,0.47972226",0.0
"0.64938056,-0.07603935,0.58866245,-0.19341035,0.36861712,0.4787309,-0.16777779,0.39690056,0.47972226","-0.13558143,0.15903997,-0.12088919","0.6364335,-0.05417218,0.5756753,-0.18816774,0.39785615,0.476089,-0.16777779,0.39690056,0.47972226",0.0
"0.6364335,-0.05417218,0.5756753,-0.18816774,0.39785615,0.476089,-0.16777779,0.39690056,0.47972226","-0.06521672,-0.018570483,-0.0022332668","0.63020575,-0.05672553,0.5754354,-0.17915641,0.39871213,0.47919345,-0.16777779,0.39690056,0.47972226",0.0
"0.0,0.0,0.0,2.8652207e-07,0.005789075,0.993462,0.17836258,-0.3922807,0.47972226","-0.9546108,0.38880992,0.94923365","-0.091158405,0.053459357,0.10197678,0.24420486,-0.065877974,0.94527465,0.17836258,-0.3922807,0.47972226",0.0
"-0.091158405,0.053459357,0.10197678,0.24420486,-0.065877974,0.94527465,0.17836258,-0.3922807,0.47972226","-0.9360639,0.39635658,0.9692528","-0.1805457,0.10795635,0.20610426,0.40612864,-0.25185126,0.8041987,0.17836258,-0.3922807,0.47972226",0.0
"-0.1805457,0.10795635,0.20610426,0.40612864,-0.25185126,0.8041987,0.17836258,-0.3922807,0.47972226","-0.8949328,-0.14668316,0.9731307","-0.26600528,0.08778817,0.31064832,0.3597604,-0.38925833,0.6981205,0.17836258,-0.3922807,0.47972226",0.0
"-0.26600528,0.08778817,0.31064832,0.3597604,-0.38925833,0.6981205,0.17836258,-0.3922807,0.47972226","-0.6761043,-0.458696,0.89105415","-0.33056834,0.024719829,0.40637487,0.25396353,-0.4197787,0.6420829,0.17836258,-0.3922807,0.47972226",0.0
"-0.33056834,0.024719829,0.40637487,0.25396353,-0.4197787,0.6420829,0.17836258,-0.3922807,0.47972226","-0.55778295,-0.5095611,0.9140482","-0.38383257,-0.045342207,0.50457174,0.16040857,-0.4036279,0.57586724,0.17836258,-0.3922807,0.47972226",0.0
"-0.38383257,-0.045342207,0.50457174,0.16040857,-0.4036279,0.57586724,0.17836258,-0.3922807,0.47972226","0.053287268,-0.080922544,0.7656081","-0.37874404,-0.056468647,0.5868215,0.16840549,-0.4049204,0.46119204,0.17836258,-0.3922807,0.47972226",0.0
"-0.37874404,-0.056468647,0.5868215,0.16840549,-0.4049204,0.46119204,0.17836258,-0.3922807,0.47972226","0.0706408,-0.026706874,-0.095279455","-0.37199837,-0.060140707,0.5765856,0.17488465,-0.39640865,0.4810305,0.17836258,-0.3922807,0.47972226",0.0
"0.0,0.0,0.0,2.8652207e-07,0.005789075,0.993462,0.28362575,0.09122807,0.5737357","0.3962971,-0.37244058,0.9671048","0.037843484,-0.051208675,0.103896715,0.032705598,0.009737003,0.98114574,0.28362575,0.09122807,0.5737357",0.0
"0.037843484,-0.051208675,0.103896715,0.032705598,0.009737003,0.98114574,0.28362575,0.09122807,0.5737357","0.38078952,0.41168797,0.96815646","0.07420612,0.0053962865,0.2079064,0.2759292,0.07146747,0.8981899,0.28362575,0.09122807,0.5737357",0.0
"0.07420612,0.0053962865,0.2079064,0.2759292,0.07146747,0.8981899,0.28362575,0.09122807,0.5737357","0.47907484,-0.35955793,0.9552393","0.11995428,-0.044041097,0.31052843,0.27778122,0.116161466,0.8328191,0.28362575,0.09122807,0.5737357",0.0
"0.11995428,-0.044041097,0.31052843,0.27778122,0.116161466,0.8328191,0.28362575,0.09122807,0.5737357","0.0051624775,0.023907185,0.87035096","0.120447256,-0.040753998,0.40403077,0.3576247,0.14840524,0.7155864,0.28362575,0.09122807,0.5737357",0.0
"0.120447256,-0.040753998,0.40403077,0.3576247,0.14840524,0.7155864,0.28362575,0.09122807,0.5737357","-0.4144218,-0.70801955,0.81740594","0.080872975,-0.13810307,0.49184528,0.28161377,0.07911132,0.6769149,0.28362575,0.09122807,0.5737357",0.0
"0.080872975,-0.13810307,0.49184528,0.28161377,0.07911132,0.6769149,0.28362575,0.09122807,0.5737357","0.19486272,-0.11902875,0.650242","0.09948094,-0.15446894,0.5617013,0.2913816,0.10023467,0.58943415,0.28362575,0.09122807,0.5737357",0.0
"0.09948094,-0.15446894,0.5617013,0.2913816,0.10023467,0.58943415,0.28362575,0.09122807,0.5737357","-0.046132445,-0.118729055,0.17995667","0.09507562,-0.17079361,0.5810342,0.27981335,0.09221204,0.57288444,0.28362575,0.09122807,0.5737357",0.0
"0.0,0.0,0.0,2.8652207e-07,0.005789075,0.993462,-0.06362573,-0.27473682,0.7005036","-0.91438735,0.35902166,0.88551545","-0.087317355,0.049363628,0.09513149,0.22825737,-0.058219902,0.95175076,-0.06362573,-0.27473682,0.7005036",0.0
"-0.087317355,0.049363628,0.09513149,0.22825737,-0.058219902,0.95175076,-0.06362573,-0.27473682,0.7005036","-0.9736958,-0.2551846,0.81025076","-0.18029824,0.014277053,0.18217728,0.23297103,-0.14129402,0.91369015,-0.06362573,-0.27473682,0.7005036",0.0
"-0.18029824,0.014277053,0.18217728,0.23297103,-0.14129402,0.91369015,-0.06362573,-0.27473682,0.7005036","-0.9125972,-0.58636737,0.54159546","-0.26744467,-0.06634546,0.24036127,0.124394394,-0.13016012,0.9119959,-0.06362573,-0.27473682,0.7005036",0.0
"-0.26744467,-0.06634546,0.24036127,0.124394394,-0.13016012,0.9119959,-0.06362573,-0.27473682,0.7005036","-0.77328974,0.17814028,0.8696985","-0.34128824,-0.04185211,0.33379358,0.16170852,-0.28488272,0.80494434,-0.06362573,-0.27473682,0.7005036",0.0
"-0.34128824,-0.04185211,0.33379358,0.16170852,-0.28488272,0.80494434,-0.06362573,-0.27473682,0.7005036","-0.980574,-0.460245,0.4997964","-0.4349259,-0.10513345,0.38748708,0.05929591,-0.25748107,0.7878064,-0.06362573,-0.27473682,0.7005036",0.0
"-0.4349259,-0.10513345,0.38748708,0.05929591,-0.25748107,0.7878064,-0.06362573,-0.27473682,0.7005036","-0.85700244,-0.087543726,0.34738433","-0.51676345,-0.11717029,0.4248069,-0.008750028,-0.27595714,0.75042564,-0.06362573,-0.27473682,0.7005036",0.0
"-0.51676345,-0.11717029,0.4248069,-0.008750028,-0.27595714,0.75042564,-0.06362573,-0.27473682,0.7005036","-0.6537466,-0.07996917,0.3597399","-0.5791915,-0.12816566,0.46345404,-0.0653605,-0.28078032,0.7081632,-0.06362573,-0.27473682,0.7005036",0.0
"0.0,0.0,0.0,2.8652207e-07,0.005789075,0.993462,-0.114970766,-0.11631579,0.62760717","0.9308312,-0.7819444,0.949316","0.08888762,-0.10751335,0.10198565,-0.08788275,-0.019177305,0.97762704,-0.114970766,-0.11631579,0.62760717",0.0
"0.08888762,-0.10751335,0.10198565,-0.08788275,-0.019177305,0.97762704,-0.114970766,-0.11631579,0.62760717","0.8686482,-0.6948184,0.96672165","0.1718372,-0.20304734,0.20584121,-0.12832515,-0.07014593,0.935281,-0.114970766,-0.11631579,0.62760717",0.0
"0.1718372,-0.20304734,0.20584121,-0.12832515,-0.07014593,0.935281,-0.114970766,-0.11631579,0.62760717","0.24210262,-0.8134114,0.89577675","0.19495623,-0.3148873,0.30207515,-0.19601586,-0.13064735,0.86129254,-0.114970766,-0.11631579,0.62760717",0.0
"0.19495623,-0.3148873,0.30207515,-0.19601586,-0.13064735,0.86129254,-0.114970766,-0.11631579,0.62760717","0.5447787,-0.22821331,0.6995125","0.24697864,-0.34626547,0.3772243,-0.14115426,-0.13038969,0.8185345,-0.114970766,-0.11631579,0.62760717",0.0
"0.24697864,-0.34626547,0.3772243,-0.14115426,-0.13038969,0.8185345,-0.114970766,-0.11631579,0.62760717","0.51025987,-0.5329158,0.7241156","0.29570475,-0.4195387,0.45501658,-0.13505581,-0.17103946,0.74282074,-0.114970766,-0.11631579,0.62760717",0.0
"0.29570475,-0.4195387,0.45501658,-0.13505581,-0.17103946,0.74282074,-0.114970766,-0.11631579,0.62760717","0.044240355,-0.32488322,0.7750931","0.29992938,-0.46420854,0.53828543,-0.11272988,-0.1452414,0.6676501,-0.114970766,-0.11631579,0.62760717",0.0
"0.29992938,-0.46420854,0.53828543,-0.11272988,-0.1452414,0.6676501,-0.114970766,-0.11631579,0.62760717","-0.21687037,-0.15671766,0.31337202","0.27921987,-0.48575646,0.57195127,-0.11641715,-0.13096912,0.63239014,-0.114970766,-0.11631579,0.62760717",0.0
"0.0,0.0,0.0,2.8652207e-07,0.005789075,0.993462,-0.028011696,0.0871345,0.51554936","0.08184099,-0.22461987,0.93984795","0.007815212,-0.030884085,0.10096847,0.07302504,0.007584001,0.97938997,-0.028011696,0.0871345,0.51554936",0.0
"0.007815212,-0.030884085,0.10096847,0.07302504,0.007584001,0.97938997,-0.028011696,0.0871345,0.51554936","0.7884989,-0.27621412,0.8940096","0.08311112,-0.06886213,0.19701254,0.11511396,0.036750913,0.9431327,-0.028011696,0.0871345,0.51554936",0.0
"0.08311112,-0.06886213,0.19701254,0.11511396,0.036750913,0.9431327,-0.028011696,0.0871345,0.51554936","0.34933543,-0.4121474,0.98962426","0.11647011,-0.1255303,0.30332857,0.12630938,0.054595754,0.88354266,-0.028011696,0.0871345,0.51554936",0.0
"0.11647011,-0.1255303,0.30332857,0.12630938,0.054595754,0.88354266,-0.028011696,0.0871345,0.51554936","0.79336095,-0.61605394,0.9987383","0.19223031,-0.21023458,0.41062373,0.07793223,0.06079805,0.80921006,-0.028011696,0.0871345,0.51554936",0.0
"0.19223031,-0.21023458,0.41062373,0.07793223,0.06079805,0.80921006,-0.028011696,0.0871345,0.51554936","0.82302356,-0.40847987,0.9916558","0.2708231,-0.26639852,0.51715803,0.06721772,0.08542219,0.70722187,-0.028011696,0.0871345,0.51554936",0.0
"0.2708231,-0.26639852,0.51715803,0.06721772,0.08542219,0.70722187,-0.028011696,0.0871345,0.51554936","0.98323774,-0.6294767,0.92142653","0.36471516,-0.35294834,0.6161475,0.020628361,0.05961859,0.60353005,-0.028011696,0.0871345,0.51554936",0.0
"0.36471516,-0.35294834,0.6161475,0.020628361,0.05961859,0.60353005,-0.028011696,0.0871345,0.51554936","0.4924779,-0.24213266,0.33894122","0.41174322,-0.3862404,0.6525603,0.007091991,0.046069175,0.56122535,-0.028011696,0.0871345,0.51554936",0.0
"0.41174322,-0.3862404,0.6525603,0.007091991,0.046069175,0.56122535,-0.028011696,0.0871345,0.51554936","0.79543924,0.22898006,0.2129091","0.48770186,-0.35475686,0.6754333,-0.0018111175,0.10303466,0.52458763,-0.028011696,0.0871345,0.51554936",0.0
"0.48770186,-0.35475686,0.6754333,-0.0018111175,0.10303466,0.52458763,-0.028011696,0.0871345,0.51554936","0.2210567,-0.101594925,0.11080444","0.5088112,-0.36872566,0.6873371,-0.008358299,0.09269381,0.5112503,-0.028011696,0.0871345,0.51554936",0.0
"0.5088112,-0.36872566,0.6873371,-0.008358299,0.09269381,0.5112503,-0.028011696,0.0871345,0.51554936","0.2966733,0.011318088,-0.023830712","0.5371413,-0.3671695,0.684777,-0.016603393,0.09191754,0.5144819,-0.028011696,0.0871345,0.51554936",0.0
"0.0,0.0,0.0,2.8652207e-07,0.005789075,0.993462,-0.03251462,0.024152046,0.52215254","-0.88986653,-0.7035599,0.95629776","-0.08497581,-0.09673588,0.1027357,-0.061799366,0.022903087,0.9795962,-0.03251462,0.024152046,0.52215254",0.0
"-0.08497581,-0.09673588,0.1027357,-0.061799366,0.022903087,0.9795962,-0.03251462,0.024152046,0.52215254","-0.19299495,-0.27705568,0.9740075","-0.103405446,-0.13482963,0.20737398,-0.0007584016,0.006364059,0.94719493,-0.03251462,0.024152046,0.52215254",0.0
"-0.103405446,-0.13482963,0.20737398,-0.0007584016,0.006364059,0.94719493,-0.03251462,0.024152046,0.52215254","-0.102936625,-0.5828952,0.97879195","-0.11323515,-0.21497476,0.3125263,-0.0232711,0.0148220975,0.8888673,-0.03251462,0.024152046,0.52215254",0.0
"-0.11323515,-0.21497476,0.3125263,-0.0232711,0.0148220975,0.8888673,-0.03251462,0.024152046,0.52215254","0.19463575,-0.5207643,0.950611","-0.09464886,-0.28657722,0.4146511,-0.032092456,0.015889125,0.81150544,-0.03251462,0.024152046,0.52215254",0.0
"-0.09464886,-0.28657722,0.4146511,-0.032092456,0.015889125,0.81150544,-0.03251462,0.024152046,0.52215254","-0.6622679,-0.80743,0.9687953","-0.15789065,-0.39759472,0.51872945,-0.08735063,0.053852934,0.70656526,-0.03251462,0.024152046,0.52215254",0.0
"-0.15789065,-0.39759472,0.51872945,-0.08735063,0.053852934,0.70656526,-0.03251462,0.024152046,0.52215254","-0.10162842,-0.38566935,0.77293134","-0.16759543,-0.45062232,0.601766,-0.0751002,0.050348073,0.61681753,-0.03251462,0.024152046,0.52215254",0.0
"-0.16759543,-0.45062232,0.601766,-0.0751002,0.050348073,0.61681753,-0.03251462,0.024152046,0.52215254","-0.008723736,-0.028009951,0.588397","-0.16842848,-0.4544736,0.6649779,-0.025482716,0.021607524,0.54684585,-0.03251462,0.024152046,0.52215254",0.0
"-0.16842848,-0.4544736,0.6649779,-0.025482716,0.021607524,0.54684585,-0.03251462,0.024152046,0.52215254","0.1557926,-0.167436,0.19207287","-0.15355141,-0.47749525,0.6856125,-0.035919692,0.025344748,0.5200953,-0.03251462,0.024152046,0.52215254",0.0
"0.0,0.0,0.0,2.8652207e-07,0.005789075,0.993462,0.05426901,-0.5846199,0.5930222","-0.95235443,0.87966204,0.81465495","-0.090942934,0.12094901,0.087518886,0.35878432,-0.09935635,0.90366775,0.05426901,-0.5846199,0.5930222",0.0
"-0.090942934,0.12094901,0.087518886,0.35878432,-0.09935635,0.90366775,0.05426901,-0.5846199,0.5930222","-0.88878703,0.5413984,0.7909149","-0.17581564,0.19538851,0.17248738,0.512519,-0.30908173,0.7289934,0.05426901,-0.5846199,0.5930222",0.0
"-0.17581564,0.19538851,0.17248738,0.512519,-0.30908173,0.7289934,0.05426901,-0.5846199,0.5930222","-0.96177995,0.2015568,0.03771174","-0.26765865,0.22310154,0.17653878,0.43530184,-0.47781196,0.6817818,0.05426901,-0.5846199,0.5930222",0.0
"-0.26765865,0.22310154,0.17653878,0.43530184,-0.47781196,0.6817818,0.05426901,-0.5846199,0.5930222","-0.96848345,-0.27755928,0.29986548","-0.36014178,0.1849386,0.20875354,0.26517335,-0.55056787,0.69847035,0.05426901,-0.5846199,0.5930222",0.0
"-0.36014178,0.1849386,0.20875354,0.26517335,-0.55056787,0.69847035,0.05426901,-0.5846199,0.5930222","-0.60689974,-0.2719344,0.64060926","-0.4180963,0.14754903,0.27757463,0.1586117,-0.58001995,0.66111195,0.05426901,-0.5846199,0.5930222",0.0
"-0.4180963,0.14754903,0.27757463,0.1586117,-0.58001995,0.66111195,0.05426901,-0.5846199,0.5930222","-0.75732535,-0.12530565,0.4736333","-0.4904154,0.13032015,0.3284574,0.023996819,-0.60447764,0.6140347,0.05426901,-0.5846199,0.5930222",0.0
"-0.4904154,0.13032015,0.3284574,0.023996819,-0.60447764,0.6140347,0.05426901,-0.5846199,0.5930222","0.17146134,-0.14729488,0.18408954","-0.47404206,0.11006787,0.3482343,0.05348674,-0.58338386,0.61459655,0.05426901,-0.5846199,0.5930222",0.0
"-0.47404206,0.11006787,0.3482343,0.05348674,-0.58338386,0.61459655,0.05426901,-0.5846199,0.5930222","-0.064214766,-0.0145254135,0.12881124","-0.48017412,0.10807071,0.36207262,0.04246586,-0.58794,0.5971034,0.05426901,-0.5846199,0.5930222",0.0
"0.0,0.0,0.0,2.8652207e-07,0.005789075,0.993462,0.35169592,0.26643273,0.60727465","0.95555377,0.7075355,0.9533756","0.09124846,0.09728249,0.10242174,0.3274213,0.10255444,0.9130968,0.35169592,0.26643273,0.60727465",0.0
"0.09124846,0.09728249,0.10242174,0.3274213,0.10255444,0.9130968,0.35169592,0.26643273,0.60727465","0.84111977,0.039537787,0.98204803","0.17156929,0.10271873,0.20792381,0.4005245,0.24628851,0.8082015,0.35169592,0.26643273,0.60727465",0.0
"0.17156929,0.10271873,0.20792381,0.4005245,0.24628851,0.8082015,0.35169592,0.26643273,0.60727465","0.33396614,-0.09182781,0.9782381","0.20346063,0.09009288,0.3130166,0.42614603,0.3239624,0.6918924,0.35169592,0.26643273,0.60727465",0.0
"0.20346063,0.09009288,0.3130166,0.42614603,0.3239624,0.6918924,0.35169592,0.26643273,0.60727465","-0.22648233,-0.59512043,0.9175606","0.18183321,0.008266885,0.41159073,0.39122078,0.25833082,0.6538134,0.35169592,0.26643273,0.60727465",0.0
"0.18183321,0.008266885,0.41159073,0.39122078,0.25833082,0.6538134,0.35169592,0.26643273,0.60727465","0.20587707,-0.2335003,0.37369156","0.20149298,-0.023838213,0.4517367,0.3529563,0.26615694,0.63134617,0.35169592,0.26643273,0.60727465",0.0
"0.20149298,-0.023838213,0.4517367,0.3529563,0.26615694,0.63134617,0.35169592,0.26643273,0.60727465","0.07500017,-0.066414356,0.13973701","0.20865494,-0.032969855,0.46674877,0.3420812,0.27034122,0.619116,0.35169592,0.26643273,0.60727465",0.0
"0.0,0.0,0.0,2.8652207e-07,0.005789075,0.993462,0.27982458,-0.10216374,0.5737357","-0.6717645,0.30861545,0.99157524","-0.06414863,0.042433027,0.10652556,0.23219249,-0.041528787,0.9491096,0.27982458,-0.10216374,0.5737357",0.0
"-0.06414863,0.042433027,0.10652556,0.23219249,-0.041528787,0.9491096,0.27982458,-0.10216374,0.5737357","-0.34249735,-0.2859279,0.98090374","-0.09685464,0.0031194047,0.2119047,0.27372435,-0.07988985,0.8962725,0.27982458,-0.10216374,0.5737357",0.0
"-0.09685464,0.0031194047,0.2119047,0.27372435,-0.07988985,0.8962725,0.27982458,-0.10216374,0.5737357","-0.42472744,-0.30046815,0.96597207","-0.13741302,-0.038193434,0.31567976,0.29026636,-0.1273448,0.82273006,0.27982458,-0.10216374,0.5737357",0.0
"-0.13741302,-0.038193434,0.31567976,0.29026636,-0.1273448,0.82273006,0.27982458,-0.10216374,0.5737357","0.31584096,-0.11806512,0.75061","-0.10725251,-0.054426797,0.3963183,0.34064186,-0.11319352,0.7382476,0.27982458,-0.10216374,0.5737357",0.0
"-0.10725251,-0.054426797,0.3963183,0.34064186,-0.11319352,0.7382476,0.27982458,-0.10216374,0.5737357","0.36138916,-0.25938892,0.9187628","-0.07274248,-0.090091445,0.49502155,0.35865733,-0.07747654,0.6337824,0.27982458,-0.10216374,0.5737357",0.0
"-0.07274248,-0.090091445,0.49502155,0.35865733,-0.07747654,0.6337824,0.27982458,-0.10216374,0.5737357","-0.54227364,-0.45474482,0.588117","-0.12452568,-0.15261655,0.5582034,0.2878726,-0.11247645,0.59318334,0.27982458,-0.10216374,0.5737357",0.0
"-0.12452568,-0.15261655,0.5582034,0.2878726,-0.11247645,0.59318334,0.27982458,-0.10216374,0.5737357","0.044722557,-0.09533632,0.1508292","-0.12025501,-0.16572483,0.57440716,0.27955988,-0.10471637,0.5790222,0.27982458,-0.10216374,0.5737357",0.0
"0.0,0.0,0.0,2.8652207e-07,0.005789075,0.993462,0.10269006,-0.4291228,0.60727465","-0.9253451,0.71478486,0.96290827","-0.08836374,0.09827924,0.10344584,0.334644,-0.08934087,0.9114912,0.10269006,-0.4291228,0.60727465",0.0
"-0.08836374,0.09827924,0.10344584,0.334644,-0.08934087,0.9114912,0.10269006,-0.4291228,0.60727465","-0.87777716,0.25874197,0.83305836","-0.17218508,0.13385493,0.19294183,0.4414781,-0.25844386,0.78797966,0.10269006,-0.4291228,0.60727465",0.0
"-0.17218508,0.13385493,0.19294183,0.4414781,-0.25844386,0.78797966,0.10269006,-0.4291228,0.60727465","-0.8963367,-0.48817217,0.79394937","-0.25777873,0.06673376,0.27823633,0.3285044,-0.336572,0.76612806,0.10269006,-0.4291228,0.60727465",0.0
"-0.25777873,0.06673376,0.27823633,0.3285044,-0.336572,0.76612806,0.10269006,-0.4291228,0.60727465","-0.760526,-0.13610649,0.5457095","-0.33040345,0.04801982,0.3368623,0.25096485,-0.4141935,0.7117814,0.10269006,-0.4291228,0.60727465",0.0
"-0.33040345,0.04801982,0.3368623,0.25096485,-0.4141935,0.7117814,0.10269006,-0.4291228,0.60727465","-0.73198056,-0.38748282,0.24528456","-0.40030226,-0.0052570812,0.3632134,0.13362738,-0.39380965,0.7351439,0.10269006,-0.4291228,0.60727465",0.0
"-0.40030226,-0.0052570812,0.3632134,0.13362738,-0.39380965,0.7351439,0.10269006,-0.4291228,0.60727465","-0.4758705,0.020667434,0.6862842","-0.44574443,-0.002415423,0.4369414,0.08475964,-0.4583256,0.6292454,0.10269006,-0.4291228,0.60727465",0.0
"-0.44574443,-0.002415423,0.4369414,0.08475964,-0.4583256,0.6292454,0.10269006,-0.4291228,0.60727465","0.04337299,-0.2231301,0.268659","-0.44160262,-0.033094674,0.4658036,0.08511324,-0.4269881,0.6206391,0.10269006,-0.4291228,0.60727465",0.0
"-0.44160262,-0.033094674,0.4658036,0.08511324,-0.4269881,0.6206391,0.10269006,-0.4291228,0.60727465","0.14605165,-0.013067782,0.06602478","-0.42765573,-0.034891434,0.47289675,0.10388614,-0.42350733,0.61208963,0.10269006,-0.4291228,0.60727465",0.0
"0.0,0.0,0.0,2.8652207e-07,0.005789075,0.993462,-0.14918129,-0.0057894737,0.83518213","0.7697866,-0.87295556,0.92694235","0.073509015,-0.12002691,0.09958203,-0.11798336,-0.021794492,0.9745523,-0.14918129,-0.0057894737,0.83518213",0.0
"0.073509015,-0.12002691,0.09958203,-0.11798336,-0.021794492,0.9745523,-0.14918129,-0.0057894737,0.83518213","-0.44354075,-0.65713406,0.93767023","0.031154083,-0.2103795,0.20031658,-0.16861016,-0.010738325,0.93346286,-0.14918129,-0.0057894737,0.83518213",0.0
"0.031154083,-0.2103795,0.20031658,-0.16861016,-0.010738325,0.93346286,-0.14918129,-0.0057894737,0.83518213","0.7105826,-0.34253043,0.7408595","0.09900956,-0.25747573,0.27990767,-0.14856225,-0.041679572,0.89509916,-0.14918129,-0.0057894737,0.83518213",0.0
"0.09900956,-0.25747573,0.27990767,-0.14856225,-0.041679572,0.89509916,-0.14918129,-0.0057894737,0.83518213","-0.30184913,-0.35513705,0.59169066","0.07018514,-0.3063053,0.34347343,-0.16016671,-0.029966662,0.8511367,-0.14918129,-0.0057894737,0.83518213",0.0
"0.07018514,-0.3063053,0.34347343,-0.16016671,-0.029966662,0.8511367,-0.14918129,-0.0057894737,0.83518213","-0.22630161,-0.068681836,0.20119786","0.048574973,-0.31574875,0.36508834,-0.15095964,-0.017360266,0.837198,-0.14918129,-0.0057894737,0.83518213",0.0
"0.0,0.0,0.0,2.8652207e-07,0.005789075,0.993462,0.16842106,-0.13842104,0.47566882","-0.9264023,0.46051157,0.9665015","-0.0884647,0.06331796,0.103831865,0.26663697,-0.070052534,0.9377531,0.16842106,-0.13842104,0.47566882",0.0
"-0.0884647,0.06331796,0.103831865,0.26663697,-0.070052534,0.9377531,0.16842106,-0.13842104,0.47566882","-0.3211187,-0.064643264,0.9883573","-0.1191292,0.054429844,0.21001174,0.3582772,-0.13449991,0.85623723,0.16842106,-0.13842104,0.47566882",0.0
"-0.1191292,0.054429844,0.21001174,0.3582772,-0.13449991,0.85623723,0.16842106,-0.13842104,0.47566882","-0.46459675,-0.6796489,0.95419836","-0.16349483,-0.03901839,0.31252193,0.2748526,-0.14840885,0.82687485,0.16842106,-0.13842104,0.47566882",0.0
"-0.16349483,-0.03901839,0.31252193,0.2748526,-0.14840885,0.82687485,0.16842106,-0.13842104,0.47566882","-0.40250087,-0.55974233,0.97657776","-0.20193073,-0.115980096,0.41743636,0.2223817,-0.15645234,0.75879514,0.16842106,-0.13842104,0.47566882",0.0
"-0.20193073,-0.115980096,0.41743636,0.2223817,-0.15645234,0.75879514,0.16842106,-0.13842104,0.47566882","0.30745983,-0.39170074,0.937999","-0.17257054,-0.16983695,0.51820624,0.22673434,-0.12981564,0.662158,0.16842106,-0.13842104,0.47566882",0.0
"-0.17257054,-0.16983695,0.51820624,0.22673434,-0.12981564,0.662158,0.16842106,-0.13842104,0.47566882","-0.27546674,-0.22541231,0.38013566","-0.19887564,-0.20083003,0.55904454,0.19887412,-0.13628256,0.624344,0.16842106,-0.13842104,0.47566882",0.0
"-0.19887564,-0.20083003,0.55904454,0.19887412,-0.13628256,0.624344,0.16842106,-0.13842104,0.47566882","-0.14183772,-0.24813354,0.8508073","-0.2124201,-0.23494712,0.65044737,0.19202474,-0.1439318,0.5109779,0.16842106,-0.13842104,0.47566882",0.0
"-0.2124201,-0.23494712,0.65044737,0.19202474,-0.1439318,0.5109779,0.16842106,-0.13842104,0.47566882","-0.05575812,-0.14595771,0.2916813","-0.21774462,-0.25501558,0.6817829,0.17927311,-0.1387108,0.4749515,0.16842106,-0.13842104,0.47566882",0.0
"0.0,0.0,0.0,2.8652207e-07,0.005789075,0.993462,-0.14970762,0.5677193,0.5930222","0.9778944,0.9425068,0.9654453","0.09338184,0.12958984,0.10371839,0.389552,0.12372515,0.88243026,-0.14970762,0.5677193,0.5930222",0.0
"0.09338184,0.12958984,0.10371839,0.389552,0.12372515,0.88243026,-0.14970762,0.5677193,0.5930222","0.96597993,-0.07102847,0.37802398","0.18562591,0.11982379,0.14432976,0.36079672,0.24495184,0.85575706,-0.14970762,0.5677193,0.5930222",0.0
"0.18562591,0.11982379,0.14432976,0.36079672,0.24495184,0.85575706,-0.14970762,0.5677193,0.5930222","0.9713371,0.036338806,0.6981518","0.27838156,0.12482018,0.21933267,0.32893962,0.40255663,0.76818913,-0.14970762,0.5677193,0.5930222",0.0
"0.27838156,0.12482018,0.21933267,0.32893962,0.40255663,0.76818913,-0.14970762,0.5677193,0.5930222","0.948251,0.59927726,-0.118602455","0.36893263,0.20721772,0.20659114,0.25255144,0.59275293,0.6672079,-0.14970762,0.5677193,0.5930222",0.0
"0.36893263,0.20721772,0.20659114,0.25255144,0.59275293,0.6672079,-0.14970762,0.5677193,0.5930222","-0.026999712,-0.949632,0.7575903","0.36635438,0.07664822,0.2879796,0.19653182,0.45446002,0.742109,-0.14970762,0.5677193,0.5930222",0.0
"0.36635438,0.07664822,0.2879796,0.19653182,0.45446002,0.742109,-0.14970762,0.5677193,0.5930222","0.9476044,-0.3455782,0.8577136","0.45684373,0.029132996,0.38012433,0.05948414,0.47889158,0.6743532,-0.14970762,0.5677193,0.5930222",0.0
"0.45684373,0.029132996,0.38012433,0.05948414,0.47889158,0.6743532,-0.14970762,0.5677193,0.5930222","0.9206009,0.08959079,0.60387504","0.54475445,0.041451268,0.44499904,-0.08008723,0.5245258,0.56384194,-0.14970762,0.5677193,0.5930222",0.0
"0.54475445,0.041451268,0.44499904,-0.08008723,0.5245258,0.56384194,-0.14970762,0.5677193,0.5930222","0.30042255,0.24361181,-0.41961616","0.5734426,0.07494664,0.39991945,-0.13358699,0.54334724,0.58721817,-0.14970762,0.5677193,0.5930222",0.0
"0.5734426,0.07494664,0.39991945,-0.13358699,0.54334724,0.58721817,-0.14970762,0.5677193,0.5930222","0.019945383,0.13926792,-0.16699547","0.57534724,0.09409526,0.38197905,-0.14131153,0.56109226,0.5874354,-0.14970762,0.5677193,0.5930222",0.0
"0.0,0.0,0.0,2.8652207e-07,0.005789075,0.993462,-0.14298247,0.042982455,0.6313337","0.80695856,-0.81288093,0.9884424","0.07705867,-0.111766964,0.10618903,-0.091669075,-0.016672872,0.9763414,-0.14298247,0.042982455,0.6313337",0.0
"0.07705867,-0.111766964,0.10618903,-0.091669075,-0.016672872,0.9763414,-0.14298247,0.042982455,0.6313337","-0.8765169,-0.897575,0.8292109","-0.0066423374,-0.23517896,0.19527173,-0.22633818,0.010514194,0.9220234,-0.14298247,0.042982455,0.6313337",0.0
"-0.0066423374,-0.23517896,0.19527173,-0.22633818,0.010514194,0.9220234,-0.14298247,0.042982455,0.6313337","-0.1284048,-0.84145814,0.7632034","-0.01890407,-0.3508752,0.27726322,-0.3371421,0.025845537,0.83930075,-0.14298247,0.042982455,0.6313337",0.0
"-0.01890407,-0.3508752,0.27726322,-0.3371421,0.025845537,0.83930075,-0.14298247,0.042982455,0.6313337","-0.31980693,0.24493456,0.97698236","-0.04944332,-0.317198,0.38222113,-0.12960131,0.026154278,0.8274534,-0.14298247,0.042982455,0.6313337",0.0
"-0.04944332,-0.317198,0.38222113,-0.12960131,0.026154278,0.8274534,-0.14298247,0.042982455,0.6313337","-0.2772696,-0.7740475,0.67858815","-0.07592056,-0.42362562,0.45512238,-0.21684818,0.05868228,0.7405585,-0.14298247,0.042982455,0.6313337",0.0
"-0.07592056,-0.42362562,0.45512238,-0.21684818,0.05868228,0.7405585,-0.14298247,0.042982455,0.6313337","0.061751246,-0.20868081,0.9095503","-0.07002377,-0.4523182,0.552836,-0.14318383,0.037948795,0.6611052,-0.14298247,0.042982455,0.6313337",0.0
"-0.07002377,-0.4523182,0.552836,-0.14318383,0.037948795,0.6611052,-0.14298247,0.042982455,0.6313337","-0.03756064,-0.12385076,0.21732903","-0.073610544,-0.46934712,0.57618386,-0.14083616,0.039109755,0.6353026,-0.14298247,0.042982455,0.6313337",0.0
"0.0,0.0,0.0,2.8652207e-07,0.005789075,0.993462,-0.06614035,-0.028830409,0.75542104","0.9815178,-0.74155575,0.75099134","0.09372782,-0.101960115,0.080679506,-0.104660586,-0.025691083,0.9798456,-0.06614035,-0.028830409,0.75542104",0.0
"0.09372782,-0.101960115,0.080679506,-0.104660586,-0.025691083,0.9798456,-0.06614035,-0.028830409,0.75542104","0.5045022,-0.4740383,0.9608588","0.1419041,-0.16713798,0.18390523,-0.09459436,-0.03878975,0.95094943,-0.06614035,-0.028830409,0.75542104",0.0
"0.1419041,-0.16713798,0.18390523,-0.09459436,-0.03878975,0.95094943,-0.06614035,-0.028830409,0.75542104","0.6991985,-0.24069291,0.7843237","0.20867248,-0.20023204,0.26816565,-0.04761939,-0.029317567,0.9145921,-0.06614035,-0.028830409,0.75542104",0.0
"0.20867248,-0.20023204,0.26816565,-0.04761939,-0.029317567,0.9145921,-0.06614035,-0.028830409,0.75542104","0.124727845,-0.83365184,0.6397481","0.22058308,-0.31485492,0.3368943,-0.14822318,-0.115554444,0.8502418,-0.06614035,-0.028830409,0.75542104",0.0
"0.22058308,-0.31485492,0.3368943,-0.14822318,-0.115554444,0.8502418,-0.06614035,-0.028830409,0.75542104","-0.112971306,-0.071490526,0.8880187","0.20979515,-0.3246846,0.43229476,-0.06864701,-0.045854528,0.7924405,-0.06614035,-0.028830409,0.75542104",0.0
"0.20979515,-0.3246846,0.43229476,-0.06864701,-0.045854528,0.7924405,-0.06614035,-0.028830409,0.75542104","-0.023273826,-0.281056,0.327276","0.20757267,-0.36332837,0.4674543,-0.08835509,-0.060178682,0.75692433,-0.06614035,-0.028830409,0.75542104",0.0
"0.20757267,-0.36332837,0.4674543,-0.08835509,-0.060178682,0.75692433,-0.06614035,-0.028830409,0.75542104","-0.18263894,0.08496785,0.05851257","0.19013196,-0.3516458,0.47374046,-0.06879846,-0.03979582,0.754579,-0.06614035,-0.028830409,0.75542104",0.0
"0.0,0.0,0.0,2.8652207e-07,0.005789075,0.993462,-0.24520469,0.13929825,0.7005036","-0.812101,-0.9455924,0.6852869","-0.07754977,-0.1300141,0.07362083,-0.17068024,0.048390865,0.96967894,-0.24520469,0.13929825,0.7005036",0.0
"-0.07754977,-0.1300141,0.07362083,-0.17068024,0.048390865,0.96967894,-0.24520469,0.13929825,0.7005036","-0.6363188,-0.9271976,0.9217552","-0.1383136,-0.25749907,0.17264563,-0.27247325,0.1328398,0.90676373,-0.24520469,0.13929825,0.7005036",0.0
"-0.1383136,-0.25749907,0.17264563,-0.27247325,0.1328398,0.90676373,-0.24520469,0.13929825,0.7005036","-0.1297881,-0.62170553,0.65626335","-0.15070744,-0.3429804,0.24314846,-0.32744735,0.17426549,0.84451276,-0.24520469,0.13929825,0.7005036",0.0
"-0.15070744,-0.3429804,0.24314846,-0.32744735,0.17426549,0.84451276,-0.24520469,0.13929825,0.7005036","-0.0007522106,-0.29458153,0.85700154","-0.15077928,-0.3834839,0.33521676,-0.27970514,0.14988635,0.8083426,-0.24520469,0.13929825,0.7005036",0.0
"-0.15077928,-0.3834839,0.33521676,-0.27970514,0.14988635,0.8083426,-0.24520469,0.13929825,0.7005036","0.09144807,-0.26161498,0.77019095","-0.14204666,-0.41945466,0.41795892,-0.23841397,0.120485105,0.76015544,-0.24520469,0.13929825,0.7005036",0.0
"-0.14204666,-0.41945466,0.41795892,-0.23841397,0.120485105,0.76015544,-0.24520469,0.13929825,0.7005036","-0.21367675,-0.3889447,0.47978234","-0.16245122,-0.47293258,0.46950233,-0.24701145,0.14491834,0.7028859,-0.24520469,0.13929825,0.7005036",0.0
"0.0,0.0,0.0,2.8652207e-07,0.005789075,0.993462,-0.061403513,0.15444444,0.3483126","0.8215406,0.6908332,0.9443853","0.07845117,0.094986014,0.10145591,0.32564032,0.08789306,0.91571766,-0.061403513,0.15444444,0.3483126",0.0
"0.07845117,0.094986014,0.10145591,0.32564032,0.08789306,0.91571766,-0.061403513,0.15444444,0.3483126","0.9281764,-0.8347307,0.9109812","0.16708528,-0.01978517,0.19932322,0.191169,0.11739692,0.9208721,-0.061403513,0.15444444,0.3483126",0.0
"0.16708528,-0.01978517,0.19932322,0.191169,0.11739692,0.9208721,-0.061403513,0.15444444,0.3483126","0.8219985,-0.42277098,0.9809966","0.24558017,-0.07791403,0.30471236,0.1616635,0.16531128,0.8608461,-0.061403513,0.15444444,0.3483126",0.0
"0.24558017,-0.07791403,0.30471236,0.1616635,0.16531128,0.8608461,-0.061403513,0.15444444,0.3483126","0.7356614,-0.21111846,0.9419532","0.3158305,-0.106941745,0.40590706,0.14687528,0.23546036,0.7669083,-0.061403513,0.15444444,0.3483126",0.0
"0.3158305,-0.106941745,0.40590706,0.14687528,0.23546036,0.7669083,-0.061403513,0.15444444,0.3483126","0.96301365,-0.27925658,0.8929306","0.40779132,-0.1453381,0.5018352,0.07668631,0.27754912,0.6682963,-0.061403513,0.15444444,0.3483126",0.0
"0.40779132,-0.1453381,0.5018352,0.07668631,0.27754912,0.6682963,-0.061403513,0.15444444,0.3483126","0.9420574,-0.21319854,0.98797476","0.49775097,-0.17465185,0.607974,-0.0036693802,0.30019528,0.53536665,-0.061403513,0.15444444,0.3483126",0.0
"0.49775097,-0.17465185,0.607974,-0.0036693802,0.30019528,0.53536665,-0.061403513,0.15444444,0.3483126","0.76910055,-0.60962516,0.9625008","0.57119447,-0.25847217,0.71137613,-0.0567437,0.22335097,0.43149173,-0.061403513,0.15444444,0.3483126",0.0
"0.57119447,-0.25847217,0.71137613,-0.0567437,0.22335097,0.43149173,-0.061403513,0.15444444,0.3483126","0.3920653,-0.5452562,0.6951206","0.6086339,-0.33344212,0.7860535,-0.06192238,0.15704061,0.3522388,-0.061403513,0.15444444,0.3483126",0.0
"0.0,0.0,0.0,2.8652207e-07,0.005789075,0.993462,0.16608188,-0.0057894737,0.3483126","0.06355941,0.1990087,0.96886635","0.0060694637,0.027362667,0.10408593,0.20095691,0.009622492,0.9585189,0.16608188,-0.0057894737,0.3483126",0.0
"0.0060694637,0.027362667,0.10408593,0.20095691,0.009622492,0.9585189,0.16608188,-0.0057894737,0.3483126","0.7217951,-0.36912942,0.9745244","0.07499565,-0.023390742,0.20877974,0.22075081,0.058948044,0.9154936,0.16608188,-0.0057894737,0.3483126",0.0
"0.07499565,-0.023390742,0.20877974,0.22075081,0.058948044,0.9154936,0.16608188,-0.0057894737,0.3483126","-0.11264336,-0.7708684,0.8978548","0.06423902,-0.1293812,0.30523688,0.12835355,0.032169946,0.88319767,0.16608188,-0.0057894737,0.3483126",0.0
"0.06423902,-0.1293812,0.30523688,0.12835355,0.032169946,0.88319767,0.16608188,-0.0057894737,0.3483126","-0.10974234,-0.2722944,0.76288366","0.053759407,-0.1668203,0.38719404,0.14959447,0.03138071,0.8195436,0.16608188,-0.0057894737,0.3483126",0.0
"0.053759407,-0.1668203,0.38719404,0.14959447,0.03138071,0.8195436,0.16608188,-0.0057894737,0.3483126","-0.29231507,0.12821603,0.9760983","0.02584543,-0.14919128,0.49205697,0.273943,0.028100323,0.68430525,0.16608188,-0.0057894737,0.3483126",0.0
"0.02584543,-0.14919128,0.49205697,0.273943,0.028100323,0.68430525,0.16608188,-0.0057894737,0.3483126","0.057792783,-0.32410705,0.9282384","0.031364214,-0.19375435,0.5917783,0.26660055,0.032171804,0.5727895,0.16608188,-0.0057894737,0.3483126",0.0
"0.031364214,-0.19375435,0.5917783,0.26660055,0.032171804,0.5727895,0.16608188,-0.0057894737,0.3483126","0.036920667,-0.5380123,0.94493437","0.034889862,-0.2677283,0.69329315,0.21361583,0.029332876,0.4642766,0.16608188,-0.0057894737,0.3483126",0.0
"0.034889862,-0.2677283,0.69329315,0.21361583,0.029332876,0.4642766,0.16608188,-0.0057894737,0.3483126","-0.43529797,-0.35360408,0.44764924","-0.0066779424,-0.3163471,0.7413845,0.17638052,0.002089744,0.41398594,0.16608188,-0.0057894737,0.3483126",0.0
"-0.0066779424,-0.3163471,0.7413845,0.17638052,0.002089744,0.41398594,0.16608188,-0.0057894737,0.3483126","-0.033858478,-0.10802722,0.44712102","-0.009911189,-0.3312003,0.78941905,0.17130111,0.0004566901,0.34607995,0.16608188,-0.0057894737,0.3483126",0.0
"0.0,0.0,0.0,2.8652207e-07,0.005789075,0.993462,0.21795322,-0.0057894737,0.47566882","0.210917,-0.21523178,0.9954848","0.020141035,-0.029593274,0.106945574,0.08355264,0.011094648,0.9770672,0.21795322,-0.0057894737,0.47566882",0.0
"0.020141035,-0.029593274,0.106945574,0.08355264,0.011094648,0.9770672,0.21795322,-0.0057894737,0.47566882","0.146106,-0.073260844,0.9806783","0.034093093,-0.03966628,0.21230052,0.19799529,0.027110634,0.9212668,0.21795322,-0.0057894737,0.47566882",0.0
"0.034093093,-0.03966628,0.21230052,0.19799529,0.027110634,0.9212668,0.21795322,-0.0057894737,0.47566882","0.44586658,-0.41871208,0.99850345","0.07667011,-0.09723706,0.31957042,0.20297863,0.05581991,0.8566586,0.21795322,-0.0057894737,0.47566882",0.0
"0.07667011,-0.09723706,0.31957042,0.20297863,0.05581991,0.8566586,0.21795322,-0.0057894737,0.47566882","-0.22662967,-0.35366356,0.9712024","0.05502861,-0.14586401,0.42390737,0.22171667,0.044593066,0.76910233,0.21795322,-0.0057894737,0.47566882",0.0
"0.05502861,-0.14586401,0.42390737,0.22171667,0.044593066,0.76910233,0.21795322,-0.0057894737,0.47566882","-0.21261752,-0.08427143,0.9070133","0.03472517,-0.15745091,0.5213485,0.2796161,0.03644932,0.64959365,0.21795322,-0.0057894737,0.47566882",0.0
"0.03472517,-0.15745091,0.5213485,0.2796161,0.03644932,0.64959365,0.21795322,-0.0057894737,0.47566882","-0.24034476,-0.2757492,0.88837945","0.011773983,-0.19536504,0.6167877,0.27653283,0.016026488,0.53666526,0.21795322,-0.0057894737,0.47566882",0.0
"0.011773983,-0.19536504,0.6167877,0.27653283,0.016026488,0.53666526,0.21795322,-0.0057894737,0.47566882","-0.327613,-0.4413222,0.50619316","-0.019510688,-0.25604457,0.6711684,0.2218148,-0.007812861,0.4916103,0.21795322,-0.0057894737,0.47566882",0.0
"0.0,0.0,0.0,2.8652207e-07,0.005789075,0.993462,-0.038011696,-0.0139766075,0.52215254","0.76328135,-0.20165592,0.81121516","0.072887816,-0.027726663,0.087149374,0.05814123,0.019495422,0.9831311,-0.038011696,-0.0139766075,0.52215254",0.0
"0.072887816,-0.027726663,0.087149374,0.05814123,0.019495422,0.9831311,-0.038011696,-0.0139766075,0.52215254","0.11562264,-0.47552115,0.9920342","0.08392892,-0.09310839,0.19372429,0.06222713,0.02279495,0.9505069,-0.038011696,-0.0139766075,0.52215254",0.0
"0.08392892,-0.09310839,0.19372429,0.06222713,0.02279495,0.9505069,-0.038011696,-0.0139766075,0.52215254","0.2558235,-0.8080156,0.9734142","0.108358204,-0.20420642,0.29829887,-0.024602404,-0.00257279,0.8980949,-0.038011696,-0.0139766075,0.52215254",0.0
"0.108358204,-0.20420642,0.29829887,-0.024602404,-0.00257279,0.8980949,-0.038011696,-0.0139766075,0.52215254","0.26703525,-0.67694175,0.9021814","0.13385813,-0.2972825,0.39522088,-0.07428102,-0.026877323,0.8243905,-0.038011696,-0.0139766075,0.52215254",0.0
"0.13385813,-0.2972825,0.39522088,-0.07428102,-0.026877323,0.8243905,-0.038011696,-0.0139766075,0.52215254","0.12421572,-0.5937346,0.9457612","0.14571981,-0.37891796,0.49682465,-0.09020879,-0.037992485,0.72960156,-0.038011696,-0.0139766075,0.52215254",0.0
"0.14571981,-0.37891796,0.49682465,-0.09020879,-0.037992485,0.72960156,-0.038011696,-0.0139766075,0.52215254","0.48781478,-0.32800627,0.9714699","0.19230258,-0.42401722,0.6011903,-0.0465219,-0.02507641,0.6220478,-0.038011696,-0.0139766075,0.52215254",0.0
"0.19230258,-0.42401722,0.6011903,-0.0465219,-0.02507641,0.6220478,-0.038011696,-0.0139766075,0.52215254","0.3903036,-0.37456727,0.7328851","0.22957373,-0.47551832,0.6799247,-0.03855039,-0.026186477,0.52707994,-0.038011696,-0.0139766075,0.52215254",0.0
"0.0,0.0,0.0,2.8652207e-07,0.005789075,0.993462,0.114970766,-0.11631579,0.62760717","-0.959336,0.3125353,0.78958654","-0.09160962,0.04297199,0.084825784,0.2016506,-0.053654905,0.9607591,0.114970766,-0.11631579,0.62760717",0.0
"-0.09160962,0.04297199,0.084825784,0.2016506,-0.053654905,0.9607591,0.114970766,-0.11631579,0.62760717","-0.09704536,-0.3986789,0.76728487","-0.100876756,-0.0118443165,0.16725571,0.19255912,-0.057060797,0.93974495,0.114970766,-0.11631579,0.62760717",0.0
"-0.100876756,-0.0118443165,0.16725571,0.19255912,-0.057060797,0.93974495,0.114970766,-0.11631579,0.62760717","-0.43229282,-0.15654445,0.88144207","-0.14215758,-0.033368386,0.26194963,0.24610378,-0.11143337,0.87505746,0.114970766,-0.11631579,0.62760717",0.0
"-0.14215758,-0.033368386,0.26194963,0.24610378,-0.11143337,0.87505746,0.114970766,-0.11631579,0.62760717","-0.013582051,-0.7511249,0.8294332","-0.14345458,-0.13664421,0.35105622,0.15562718,-0.06887509,0.84399,0.114970766,-0.11631579,0.62760717",0.0
"-0.14345458,-0.13664421,0.35105622,0.15562718,-0.06887509,0.84399,0.114970766,-0.11631579,0.62760717","-0.44474202,-0.5573219,0.92683446","-0.18592425,-0.21327314,0.4506267,0.11539653,-0.069342345,0.76796865,0.114970766,-0.11631579,0.62760717",0.0
"-0.18592425,-0.21327314,0.4506267,0.11539653,-0.069342345,0.76796865,0.114970766,-0.11631579,0.62760717","-0.36655867,-0.16797811,0.8128536","-0.22092792,-0.23636928,0.5379521,0.13694648,-0.10643469,0.6709676,0.114970766,-0.11631579,0.62760717",0.0
"-0.22092792,-0.23636928,0.5379521,0.13694648,-0.10643469,0.6709676,0.114970766,-0.11631579,0.62760717","-0.23197716,-0.1337443,0.3550396","-0.24308006,-0.25475845,0.5760943,0.12945287,-0.11592878,0.628042,0.114970766,-0.11631579,0.62760717",0.0
"0.0,0.0,0.0,2.8652207e-07,0.005789075,0.993462,0.070701756,0.017660819,0.2237676","-0.17189229,-0.7353228,0.97160554","-0.01641448,-0.10110312,0.10438023,-0.07231822,0.009529335,0.9786711,0.070701756,0.017660819,0.2237676",0.0
"-0.01641448,-0.10110312,0.10438023,-0.07231822,0.009529335,0.9786711,0.070701756,0.017660819,0.2237676","0.700518,-0.9702408,0.9656614","0.0504799,-0.23450626,0.2081219,-0.20553954,-0.027009463,0.92135996,0.070701756,0.017660819,0.2237676",0.0
"0.0504799,-0.23450626,0.2081219,-0.20553954,-0.027009463,0.92135996,0.070701756,0.017660819,0.2237676","-0.11540645,-0.85873085,0.99502873","0.03945941,-0.3525774,0.31501853,-0.28715643,-0.029947115,0.8344942,0.070701756,0.017660819,0.2237676",0.0
"0.03945941,-0.3525774,0.31501853,-0.28715643,-0.029947115,0.8344942,0.070701756,0.017660819,0.2237676","-0.042921007,0.13347507,0.99343765","0.03536076,-0.3342253,0.42174423,-0.112409666,-0.0067140404,0.7976851,0.070701756,0.017660819,0.2237676",0.0
"0.03536076,-0.3342253,0.42174423,-0.112409666,-0.0067140404,0.7976851,0.070701756,0.017660819,0.2237676","0.60952044,0.3689909,0.9760432","0.09356553,-0.283491,0.52660125,0.084231734,0.03154673,0.70020837,0.070701756,0.017660819,0.2237676",0.0
"0.09356553,-0.283491,0.52660125,0.084231734,0.03154673,0.70020837,0.070701756,0.017660819,0.2237676","0.24802566,-0.09215367,0.9887935","0.11725017,-0.29616168,0.632828,0.14037988,0.060387682,0.56614417,0.070701756,0.017660819,0.2237676",0.0
"0.11725017,-0.29616168,0.632828,0.14037988,0.060387682,0.56614417,0.070701756,0.017660819,0.2237676","0.5951245,-0.5166864,0.946486","0.17408024,-0.36720344,0.73450965,0.09913094,0.06713214,0.4427556,0.070701756,0.017660819,0.2237676",0.0
"0.17408024,-0.36720344,0.73450965,0.09913094,0.06713214,0.4427556,0.070701756,0.017660819,0.2237676","-0.44590795,-0.5599898,0.94544697","0.13149926,-0.4441992,0.8360797,0.072879314,0.03826717,0.30862123,0.070701756,0.017660819,0.2237676",0.0
"0.13149926,-0.4441992,0.8360797,0.072879314,0.03826717,0.30862123,0.070701756,0.017660819,0.2237676","-0.23926455,-0.22097707,0.5892793","0.10865123,-0.47458246,0.8993864,0.06659665,0.029801821,0.2167254,0.070701756,0.017660819,0.2237676",0.0
"0.0,0.0,0.0,2.8652207e-07,0.005789075,0.993462,-0.12748538,-0.1065497,0.3483126","-0.27100497,-0.9317553,0.9913105","-0.025879024,-0.12811157,0.10649715,-0.1265127,0.01611662,0.9719305,-0.12748538,-0.1065497,0.3483126",0.0
"-0.025879024,-0.12811157,0.10649715,-0.1265127,0.01611662,0.9719305,-0.12748538,-0.1065497,0.3483126","0.4894235,-0.42875355,0.7674223","0.020857358,-0.18706302,0.18894185,-0.13663054,-0.0031640795,0.9440977,-0.12748538,-0.1065497,0.3483126",0.0
"0.020857358,-0.18706302,0.18894185,-0.13663054,-0.0031640795,0.9440977,-0.12748538,-0.1065497,0.3483126","-0.48787844,-0.92688286,0.98211575","-0.025731498,-0.31450468,0.29445124,-0.24402474,0.025577474,0.8632512,-0.12748538,-0.1065497,0.3483126",0.0
"-0.025731498,-0.31450468,0.29445124,-0.24402474,0.025577474,0.8632512,-0.12748538,-0.1065497,0.3483126","0.885097,-0.11679733,0.52245426","0.058788836,-0.33056378,0.3505789,-0.19653854,-0.030827962,0.8374275,-0.12748538,-0.1065497,0.3483126",0.0
"0.058788836,-0.33056378,0.3505789,-0.19653854,-0.030827962,0.8374275,-0.12748538,-0.1065497,0.3483126","0.58826494,-0.70225143,0.94830704","0.114963874,-0.42711976,0.45245618,-0.22089027,-0.07725056,0.739989,-0.12748538,-0.1065497,0.3483126",0.0
"0.114963874,-0.42711976,0.45245618,-0.22089027,-0.07725056,0.739989,-0.12748538,-0.1065497,0.3483126","0.099233985,-0.7045237,0.97056174","0.12444,-0.5239882,0.5567243,-0.23311272,-0.08981693,0.6234314,-0.12748538,-0.1065497,0.3483126",0.0
"0.12444,-0.5239882,0.5567243,-0.23311272,-0.08981693,0.6234314,-0.12748538,-0.1065497,0.3483126","-0.10568273,-0.24134374,0.9256177","0.11434807,-0.5571717,0.656164,-0.16508837,-0.05581171,0.5301448,-0.12748538,-0.1065497,0.3483126",0.0
"0.11434807,-0.5571717,0.656164,-0.16508837,-0.05581171,0.5301448,-0.12748538,-0.1065497,0.3483126","0.43539214,-0.6202222,0.9613037","0.15592486,-0.64244914,0.7594375,-0.14197055,-0.069137886,0.3956013,-0.12748538,-0.1065497,0.3483126",0.0
"0.15592486,-0.64244914,0.7594375,-0.14197055,-0.069137886,0.3956013,-0.12748538,-0.1065497,0.3483126","0.6473938,-0.28242934,0.41622245","0.21774626,-0.68128175,0.8041526,-0.11856086,-0.08920664,0.33407077,-0.12748538,-0.1065497,0.3483126",0.0
"0.21774626,-0.68128175,0.8041526,-0.11856086,-0.08920664,0.33407077,-0.12748538,-0.1065497,0.3483126","0.13033903,0.04705894,-0.08124244","0.23019269,-0.6748114,0.79542476,-0.11730807,-0.09582553,0.34576127,-0.12748538,-0.1065497,0.3483126",0.0
"0.0,0.0,0.0,2.8652207e-07,0.005789075,0.993462,0.30309942,-0.32070175,0.60727465","-0.93746257,0.61261487,0.9108496","-0.08952086,0.08423139,0.09785314,0.3003438,-0.08074209,0.9267863,0.30309942,-0.32070175,0.60727465",0.0
"-0.08952086,0.08423139,0.09785314,0.3003438,-0.08074209,0.9267863,0.30309942,-0.32070175,0.60727465","-0.9348849,0.37408912,0.92104506","-0.17879559,0.13566671,0.1968016,0.4417676,-0.27117553,0.7812247,0.30309942,-0.32070175,0.60727465",0.0
"-0.17879559,0.13566671,0.1968016,0.4417676,-0.27117553,0.7812247,0.30309942,-0.32070175,0.60727465","-0.4485792,-0.28811073,0.9221221","-0.22163165,0.096052974,0.2958658,0.4126015,-0.33736682,0.7073906,0.30309942,-0.32070175,0.60727465",0.0
"-0.22163165,0.096052974,0.2958658,0.4126015,-0.33736682,0.7073906,0.30309942,-0.32070175,0.60727465","-0.39922166,-0.4350736,0.5699055","-0.25975442,0.03623259,0.35709113,0.33246142,-0.34503943,0.6980745,0.30309942,-0.32070175,0.60727465",0.0
"-0.25975442,0.03623259,0.35709113,0.33246142,-0.34503943,0.6980745,0.30309942,-0.32070175,0.60727465","-0.044873595,-0.36642516,0.77764964","-0.26403952,-0.014148987,0.44063455,0.30859724,-0.32852235,0.6369769,0.30309942,-0.32070175,0.60727465",0.0
"-0.26403952,-0.014148987,0.44063455,0.30859724,-0.32852235,0.6369769,0.30309942,-0.32070175,0.60727465","-0.018289804,-0.08987969,0.24995399","-0.26578605,-0.02650699,0.4674873,0.30333865,-0.32639903,0.6110772,0.30309942,-0.32070175,0.60727465",0.0
"0.0,0.0,0.0,2.8652207e-07,0.005789075,0.993462,-0.51906437,-0.2743275,0.5930222","0.057023525,-0.98587465,0.51996756","0.0054453225,-0.1355527,0.055860475,-0.21375622,0.002132837,0.96402395,-0.51906437,-0.2743275,0.5930222",0.0
"0.0054453225,-0.1355527,0.055860475,-0.21375622,0.002132837,0.96402395,-0.51906437,-0.2743275,0.5930222","0.57243836,-0.89305687,0.3884896","0.060109023,-0.2583435,0.097596206,-0.40139017,-0.07081802,0.8844724,-0.51906437,-0.2743275,0.5930222",0.0
"0.060109023,-0.2583435,0.097596206,-0.40139017,-0.07081802,0.8844724,-0.51906437,-0.2743275,0.5930222","0.89102626,-0.8569591,0.7473645","0.14519556,-0.376171,0.17788611,-0.47005296,-0.22418696,0.7885098,-0.51906437,-0.2743275,0.5930222",0.0
"0.14519556,-0.376171,0.17788611,-0.47005296,-0.22418696,0.7885098,-0.51906437,-0.2743275,0.5930222","0.44775295,-0.75806046,0.7384919","0.18795273,-0.48040044,0.25722283,-0.49345794,-0.32376587,0.6866258,-0.51906437,-0.2743275,0.5930222",0.0
"0.18795273,-0.48040044,0.25722283,-0.49345794,-0.32376587,0.6866258,-0.51906437,-0.2743275,0.5930222","-0.3001536,-0.61035043,0.51744723","0.15929022,-0.5643205,0.31281257,-0.5652076,-0.30248895,0.5896008,-0.51906437,-0.2743275,0.5930222",0.0
"0.15929022,-0.5643205,0.31281257,-0.5652076,-0.30248895,0.5896008,-0.51906437,-0.2743275,0.5930222","0.0077353716,-0.00034618378,0.40727878","0.16002889,-0.5643682,0.35656682,-0.51340115,-0.27569935,0.60948706,-0.51906437,-0.2743275,0.5930222",0.0
"0.0,0.0,0.0,2.8652207e-07,0.005789075,0.993462,0.0042105266,-0.040292397,0.52215254","-0.9000416,-0.052071095,0.8479974","-0.08594744,-0.007159517,0.09110092,0.10807835,-0.023906233,0.97753507,0.0042105266,-0.040292397,0.52215254",0.0
"-0.08594744,-0.007159517,0.09110092,0.10807835,-0.023906233,0.97753507,0.0042105266,-0.040292397,0.52215254","-0.8913945,-0.47754145,0.9380435","-0.17106916,-0.07281903,0.19187558,0.093892105,-0.049215104,0.9472631,0.0042105266,-0.040292397,0.52215254",0.0
"-0.17106916,-0.07281903,0.19187558,0.093892105,-0.049215104,0.9472631,0.0042105266,-0.040292397,0.52215254","-0.6255721,-0.5175526,0.50847507","-0.23080677,-0.14397988,0.24650145,0.026344683,-0.015609855,0.9277428,0.0042105266,-0.040292397,0.52215254",0.0
"-0.23080677,-0.14397988,0.24650145,0.026344683,-0.015609855,0.9277428,0.0042105266,-0.040292397,0.52215254","-0.7085999,-0.19909453,0.9167464","-0.29847294,-0.1713544,0.34498814,0.06235114,-0.07517451,0.86095226,0.0042105266,-0.040292397,0.52215254",0.0
"-0.29847294,-0.1713544,0.34498814,0.06235114,-0.07517451,0.86095226,0.0042105266,-0.040292397,0.52215254","-0.7106781,-0.2970513,0.90995264","-0.36633757,-0.21219745,0.442745,0.057703137,-0.11504401,0.7763035,0.0042105266,-0.040292397,0.52215254",0.0
"-0.36633757,-0.21219745,0.442745,0.057703137,-0.11504401,0.7763035,0.0042105266,-0.040292397,0.52215254","-0.5773207,-0.6117095,0.9115193","-0.42146748,-0.29630437,0.54067016,0.02571873,-0.078416154,0.6862882,0.0042105266,-0.040292397,0.52215254",0.0
"-0.42146748,-0.29630437,0.54067016,0.02571873,-0.078416154,0.6862882,0.0042105266,-0.040292397,0.52215254","0.43192005,-0.50515455,0.8128905","-0.38022226,-0.36576056,0.6279996,0.025422053,-0.048586007,0.59028167,0.0042105266,-0.040292397,0.52215254",0.0
"-0.38022226,-0.36576056,0.6279996,0.025422053,-0.048586007,0.59028167,0.0042105266,-0.040292397,0.52215254","-0.71907747,-0.25497526,0.52825737","-0.44888896,-0.4008184,0.6847506,0.013942076,-0.049872097,0.5204585,0.0042105266,-0.040292397,0.52215254",0.0
"0.0,0.0,0.0,2.8652207e-07,0.005789075,0.993462,0.061461993,-0.026666665,0.37832105","-0.86172205,-0.55567014,0.9332496","-0.08228821,-0.0764018,0.100259624,-0.023152124,0.0121103125,0.98222154,0.061461993,-0.026666665,0.37832105",0.0
"-0.08228821,-0.0764018,0.100259624,-0.023152124,0.0121103125,0.98222154,0.061461993,-0.026666665,0.37832105","-0.38328236,-0.22512138,0.98026323","-0.118888915,-0.10735486,0.20556997,0.050493702,-0.013570457,0.946411,0.061461993,-0.026666665,0.37832105",0.0
"-0.118888915,-0.10735486,0.20556997,0.050493702,-0.013570457,0.946411,0.061461993,-0.026666665,0.37832105","-0.57808936,-0.60874295,0.93338156","-0.17409228,-0.19105393,0.3058438,0.0129425265,-0.0011027338,0.8935742,0.061461993,-0.026666665,0.37832105",0.0
"-0.17409228,-0.19105393,0.3058438,0.0129425265,-0.0011027338,0.8935742,0.061461993,-0.026666665,0.37832105","-0.18542111,-0.55244565,0.9523089","-0.19179866,-0.26701242,0.408151,-0.0028867472,0.0090125315,0.8177876,0.061461993,-0.026666665,0.37832105",0.0
"-0.19179866,-0.26701242,0.408151,-0.0028867472,0.0090125315,0.8177876,0.061461993,-0.026666665,0.37832105","0.12126064,0.43542278,0.97484016","-0.18021917,-0.20714407,0.5128788,0.17147781,-0.102129556,0.69026035,0.061461993,-0.026666665,0.37832105",0.0
"-0.18021917,-0.20714407,0.5128788,0.17147781,-0.102129556,0.69026035,0.061461993,-0.026666665,0.37832105","0.7455516,-0.68832976,0.9355427","-0.10902441,-0.3017859,0.6133848,0.12668288,-0.039024405,0.5949741,0.061461993,-0.026666665,0.37832105",0.0
"-0.10902441,-0.3017859,0.6133848,0.12668288,-0.039024405,0.5949741,0.061461993,-0.026666665,0.37832105","-0.514444,-0.6136838,0.90784657","-0.15815009,-0.38616428,0.7109154,0.0784111,-0.035929933,0.4817895,0.061461993,-0.026666665,0.37832105",0.0
"-0.15815009,-0.38616428,0.7109154,0.0784111,-0.035929933,0.4817895,0.061461993,-0.026666665,0.37832105","0.22134161,-0.23404431,0.65778637","-0.13701358,-0.41834423,0.7815819,0.08106192,-0.03084965,0.38561288,0.061461993,-0.026666665,0.37832105",0.0
"-0.13701358,-0.41834423,0.7815819,0.08106192,-0.03084965,0.38561288,0.061461993,-0.026666665,0.37832105","-0.3265487,-0.085169315,0.10008812","-0.1681966,-0.43005463,0.7923345,0.07166739,-0.035134215,0.37194443,0.061461993,-0.026666665,0.37832105",0.0
"0.0,0.0,0.0,2.8652207e-07,0.005789075,0.993462,0.005789474,0.0012280701,0.23331277","-0.5090162,-0.9601539,0.9378784","-0.048607368,-0.13201623,0.100756906,-0.14116642,0.027583173,0.9706895,0.005789474,0.0012280701,0.23331277",0.0
"-0.048607368,-0.13201623,0.100756906,-0.14116642,0.027583173,0.9706895,0.005789474,0.0012280701,0.23331277","0.31018496,-0.45046353,0.9243244","-0.018986968,-0.19395268,0.20005772,-0.13481453,0.013850657,0.93960685,0.005789474,0.0012280701,0.23331277",0.0
"-0.018986968,-0.19395268,0.20005772,-0.13481453,0.013850657,0.93960685,0.005789474,0.0012280701,0.23331277","0.49575877,-0.68433464,0.95406663","0.028354388,-0.28804523,0.30255377,-0.18295506,-0.010528328,0.87486386,0.005789474,0.0012280701,0.23331277",0.0
"0.028354388,-0.28804523,0.30255377,-0.18295506,-0.010528328,0.87486386,0.005789474,0.0012280701,0.23331277","-0.4299999,-0.073225915,0.9867425","-0.01270749,-0.29811347,0.40856022,-0.06343887,0.008327627,0.814766,0.005789474,0.0012280701,0.23331277",0.0
"-0.01270749,-0.29811347,0.40856022,-0.06343887,0.008327627,0.814766,0.005789474,0.0012280701,0.23331277","-0.8153719,-0.5033249,0.9683372","-0.09056959,-0.3673181,0.51258934,-0.056373447,0.022519123,0.7180402,0.005789474,0.0012280701,0.23331277",0.0
"-0.09056959,-0.3673181,0.51258934,-0.056373447,0.022519123,0.7180402,0.005789474,0.0012280701,0.23331277","-0.4711203,-0.88731796,0.928211","-0.13555816,-0.4893198,0.61230767,-0.11911363,0.06039064,0.5960323,0.005789474,0.0012280701,0.23331277",0.0
"-0.13555816,-0.4893198,0.61230767,-0.11911363,0.06039064,0.5960323,0.005789474,0.0012280701,0.23331277","-0.3949474,-0.65634525,0.930169","-0.17327277,-0.5795639,0.71223634,-0.11661975,0.07736475,0.4672196,0.005789474,0.0012280701,0.23331277",0.0
"-0.17327277,-0.5795639,0.71223634,-0.11661975,0.07736475,0.4672196,0.005789474,0.0012280701,0.23331277","0.28063905,0.42440104,0.8256495","-0.14647378,-0.521211,0.8009364,-8.622195e-05,0.006504178,0.3679823,0.005789474,0.0012280701,0.23331277",0.0
"-0.14647378,-0.521211,0.8009364,-8.622195e-05,0.006504178,0.3679823,0.005789474,0.0012280701,0.23331277","-0.35399044,-0.28414226,0.85104287","-0.1802773,-0.5602792,0.89236456,0.014070906,-0.002086326,0.23650508,0.005789474,0.0012280701,0.23331277",0.0
"0.0,0.0,0.0,2.8652207e-07,0.005789075,0.993462,-0.21795322,-0.0057894737,0.47566882","-0.2664554,-0.94178647,0.98456335","-0.025444573,-0.12949081,0.1057723,-0.13046728,0.016259063,0.9715126,-0.21795322,-0.0057894737,0.47566882",0.0
"-0.025444573,-0.12949081,0.1057723,-0.13046728,0.016259063,0.9715126,-0.21795322,-0.0057894737,0.47566882","-0.8535463,-0.9634996,0.94128144","-0.10695206,-0.2619671,0.20689481,-0.24755114,0.0925874,0.9056375,-0.21795322,-0.0057894737,0.47566882",0.0
"-0.10695206,-0.2619671,0.20689481,-0.24755114,0.0925874,0.9056375,-0.21795322,-0.0057894737,0.47566882","0.5282502,-0.90724546,0.84232235","-0.056508,-0.38670874,0.2973861,-0.36892915,0.07207264,0.80815536,-0.21795322,-0.0057894737,0.47566882",0.0
"-0.056508,-0.38670874,0.2973861,-0.36892915,0.07207264,0.80815536,-0.21795322,-0.0057894737,0.47566882","0.388754,-0.5214396,0.94135904","-0.019384818,-0.45840406,0.39851698,-0.35863206,0.027667543,0.73587215,-0.21795322,-0.0057894737,0.47566882",0.0
"-0.019384818,-0.45840406,0.39851698,-0.35863206,0.027667543,0.73587215,-0.21795322,-0.0057894737,0.47566882","0.55059755,-0.12562412,0.7532377","0.03319325,-0.47567675,0.47943786,-0.2765083,-0.023118388,0.6965632,-0.21795322,-0.0057894737,0.47566882",0.0
"0.03319325,-0.47567675,0.47943786,-0.2765083,-0.023118388,0.6965632,-0.21795322,-0.0057894737,0.47566882","-0.24034333,-0.41403705,0.94044626","0.010242203,-0.53260475,0.5804706,-0.2320483,-0.0016769884,0.6027466,-0.21795322,-0.0057894737,0.47566882",0.0
"0.010242203,-0.53260475,0.5804706,-0.2320483,-0.0016769884,0.6027466,-0.21795322,-0.0057894737,0.47566882","-0.14571315,-0.4450587,0.6845927","-0.0036723472,-0.5937981,0.65401685,-0.22239403,0.008355444,0.5142372,-0.21795322,-0.0057894737,0.47566882",0.0
"-0.0036723472,-0.5937981,0.65401685,-0.22239403,0.008355444,0.5142372,-0.21795322,-0.0057894737,0.47566882","0.1514597,-0.17955709,0.28855145","0.0107909525,-0.6184863,0.6850162,-0.21512575,-0.0015031154,0.4758869,-0.21795322,-0.0057894737,0.47566882",0.0
"0.0,0.0,0.0,2.8652207e-07,0.005789075,0.993462,0.053450294,-0.5748538,0.47593033","-0.9168751,0.8371357,0.92332757","-0.08755491,0.11510186,0.09919366,0.36224908,-0.096217215,0.8999684,0.053450294,-0.5748538,0.47593033",0.0
"-0.08755491,0.11510186,0.09919366,0.36224908,-0.096217215,0.8999684,0.053450294,-0.5748538,0.47593033","-0.81464535,0.30770755,0.7178799","-0.16534762,0.15741009,0.17631598,0.46931824,-0.26170573,0.7770544,0.053450294,-0.5748538,0.47593033",0.0
"-0.16534762,0.15741009,0.17631598,0.46931824,-0.26170573,0.7770544,0.053450294,-0.5748538,0.47593033","-0.9684701,0.06712544,0.6891595","-0.2578295,0.16663949,0.25035283,0.4265624,-0.4396856,0.6703179,0.053450294,-0.5748538,0.47593033",0.0
"-0.2578295,0.16663949,0.25035283,0.4265624,-0.4396856,0.6703179,0.053450294,-0.5748538,0.47593033","-0.9470837,-0.121073544,0.65142894","-0.34826913,0.14999253,0.32033628,0.29361203,-0.5559676,0.5963017,0.053450294,-0.5748538,0.47593033",0.0
"-0.34826913,0.14999253,0.32033628,0.29361203,-0.5559676,0.5963017,0.053450294,-0.5748538,0.47593033","-0.8633935,-0.079354525,0.6187551","-0.43071693,0.1390817,0.3868096,0.14362516,-0.6226082,0.51325214,0.053450294,-0.5748538,0.47593033",0.0
"-0.43071693,0.1390817,0.3868096,0.14362516,-0.6226082,0.51325214,0.053450294,-0.5748538,0.47593033","-0.47844112,-0.33997267,0.46896267","-0.47640458,0.09233721,0.43719056,0.049717132,-0.5913262,0.5059948,0.053450294,-0.5748538,0.47593033",0.0
"-0.47640458,0.09233721,0.43719056,0.049717132,-0.5913262,0.5059948,0.053450294,-0.5748538,0.47593033","-0.025914788,-0.16361809,0.30608332","-0.47887927,0.06984058,0.47007334,0.043715157,-0.57057536,0.48707095,0.053450294,-0.5748538,0.47593033",0.0
"0.0,0.0,0.0,2.8652207e-07,0.005789075,0.993462,0.008187135,0.0045029237,0.64963955","-0.98530954,-0.46031713,0.9209312","-0.094089925,-0.06329125,0.09893625,0.0024993615,0.0052905525,0.9828747,0.008187135,0.0045029237,0.64963955",0.0
"-0.094089925,-0.06329125,0.09893625,0.0024993615,0.0052905525,0.9828747,0.008187135,0.0045029237,0.64963955","-0.9090777,-0.7686528,0.8881576","-0.18090026,-0.1689771,0.19435163,-0.07400973,0.054131027,0.9478938,0.008187135,0.0045029237,0.64963955",0.0
"-0.18090026,-0.1689771,0.19435163,-0.07400973,0.054131027,0.9478938,0.008187135,0.0045029237,0.64963955","-0.34044123,-0.29254556,0.9116428","-0.21340996,-0.20920064,0.29229006,-0.029139197,0.03049522,0.90111715,0.008187135,0.0045029237,0.64963955",0.0
"-0.21340996,-0.20920064,0.29229006,-0.029139197,0.03049522,0.90111715,0.008187135,0.0045029237,0.64963955","-0.711294,-0.29661238,0.92030644","-0.2813334,-0.24998334,0.3911592,0.0067890435,0.0008515055,0.8317777,0.008187135,0.0045029237,0.64963955",0.0
"-0.2813334,-0.24998334,0.3911592,0.0067890435,0.0008515055,0.8317777,0.008187135,0.0045029237,0.64963955","-0.67568517,-0.50537235,0.6167598","-0.3458564,-0.31946948,0.4574182,-0.014937841,0.0408325,0.77309555,0.008187135,0.0045029237,0.64963955",0.0
"-0.3458564,-0.31946948,0.4574182,-0.014937841,0.0408325,0.77309555,0.008187135,0.0045029237,0.64963955","-0.9125062,-0.33874977,0.92901075","-0.43299413,-0.36604586,0.5572225,0.0034630736,0.011498311,0.67363495,0.008187135,0.0045029237,0.64963955",0.0
"-0.43299413,-0.36604586,0.5572225,0.0034630736,0.011498311,0.67363495,0.008187135,0.0045029237,0.64963955","-0.10628384,-0.02807939,0.21988404","-0.44314346,-0.3699067,0.5808448,0.0069255787,-0.0057752104,0.6475296,0.008187135,0.0045029237,0.64963955",0.0
"0.0,0.0,0.0,2.8652207e-07,0.005789075,0.993462,0.036081873,-0.0057894737,0.3823091","0.40335965,-0.58626354,0.992234","0.038517907,-0.080608234,0.10659635,-0.026229039,0.0026423254,0.9807991,0.036081873,-0.0057894737,0.3823091",0.0
"0.038517907,-0.080608234,0.10659635,-0.026229039,0.0026423254,0.9807991,0.036081873,-0.0057894737,0.3823091","-0.6167748,-0.3072338,0.972265","-0.020379629,-0.12285132,0.21104744,0.027338874,0.0040481314,0.94512844,0.036081873,-0.0057894737,0.3823091",0.0
"-0.020379629,-0.12285132,0.21104744,0.027338874,0.0040481314,0.94512844,0.036081873,-0.0057894737,0.3823091","-0.35305977,-0.65524435,0.897925","-0.05409429,-0.21294409,0.30751216,-0.02802808,0.010683274,0.8920469,0.036081873,-0.0057894737,0.3823091",0.0
"-0.05409429,-0.21294409,0.30751216,-0.02802808,0.010683274,0.8920469,0.036081873,-0.0057894737,0.3823091","-0.051293194,-0.20247114,0.9426291","-0.058992423,-0.24078286,0.40877947,0.041481648,-0.0018870446,0.81616807,0.036081873,-0.0057894737,0.3823091",0.0
"-0.058992423,-0.24078286,0.40877947,0.041481648,-0.0018870446,0.81616807,0.036081873,-0.0057894737,0.3823091","-0.32911074,-0.36729687,0.9602754","-0.09042012,-0.29128432,0.5119425,0.06234557,-0.012171499,0.71843904,0.036081873,-0.0057894737,0.3823091",0.0
"-0.09042012,-0.29128432,0.5119425,0.06234557,-0.012171499,0.71843904,0.036081873,-0.0057894737,0.3823091","0.26669645,-0.7879131,0.7611474","-0.064952545,-0.39961833,0.59371316,-0.022853497,0.010641019,0.63246804,0.036081873,-0.0057894737,0.3823091",0.0
"-0.064952545,-0.39961833,0.59371316,-0.022853497,0.010641019,0.63246804,0.036081873,-0.0057894737,0.3823091","-0.07757884,0.2868874,0.8007251","-0.07236077,-0.3601728,0.6797356,0.09754339,-0.016622275,0.5198979,0.036081873,-0.0057894737,0.3823091",0.0
"-0.07236077,-0.3601728,0.6797356,0.09754339,-0.016622275,0.5198979,0.036081873,-0.0057894737,0.3823091","0.38473153,-0.70101535,0.71726227","-0.035621703,-0.45655888,0.75679165,0.03507509,0.0018840078,0.42726296,0.036081873,-0.0057894737,0.3823091",0.0
"-0.035621703,-0.45655888,0.75679165,0.03507509,0.0018840078,0.42726296,0.036081873,-0.0057894737,0.3823091","-0.3572116,-0.107893646,0.2970345","-0.06973282,-0.47139376,0.7887023,0.03822638,-0.0025798832,0.3832094,0.036081873,-0.0057894737,0.3823091",0.0
"0.0,0.0,0.0,2.8652207e-07,0.005789075,0.993462,0.24111111,-0.5353216,0.5930222","-0.69829893,0.8718164,0.69750273","-0.06668247,0.11987027,0.07493316,0.34802437,-0.06807447,0.9138615,0.24111111,-0.5353216,0.5930222",0.0
"-0.06668247,0.11987027,0.07493316,0.34802437,-0.06807447,0.9138615,0.24111111,-0.5353216,0.5930222","-0.9892385,0.48136985,0.6870909","-0.16114758,0.18605617,0.14874776,0.49358368,-0.26705292,0.7703842,0.24111111,-0.5353216,0.5930222",0.0
"-0.16114758,0.18605617,0.14874776,0.49358368,-0.26705292,0.7703842,0.24111111,-0.5353216,0.5930222","-0.8307212,0.23010969,0.9007702","-0.24047543,0.21769507,0.24551807,0.50225496,-0.46511114,0.59624094,0.24111111,-0.5353216,0.5930222",0.0
"-0.24047543,0.21769507,0.24551807,0.50225496,-0.46511114,0.59624094,0.24111111,-0.5353216,0.5930222","-0.9388414,-0.25363934,-0.016754806","-0.33012795,0.18282099,0.2437181,0.32687816,-0.5418508,0.65482867,0.24111111,-0.5353216,0.5930222",0.0
"-0.33012795,0.18282099,0.2437181,0.32687816,-0.5418508,0.65482867,0.24111111,-0.5353216,0.5930222","-0.63911724,-0.36939192,0.7364063","-0.391159,0.1320315,0.32283074,0.20814787,-0.5675649,0.619682,0.24111111,-0.5353216,0.5930222",0.0
"-0.391159,0.1320315,0.32283074,0.20814787,-0.5675649,0.619682,0.24111111,-0.5353216,0.5930222","0.32941055,-0.14226007,0.24133086","-0.35970268,0.112471476,0.3487571,0.2567224,-0.53067595,0.61038536,0.24111111,-0.5353216,0.5930222",0.0
"-0.35970268,0.112471476,0.3487571,0.2567224,-0.53067595,0.61038536,0.24111111,-0.5353216,0.5930222","-0.23426968,-0.013434947,0.1362325","-0.38207373,0.11062425,0.36339268,0.22030304,-0.55120516,0.5914623,0.24111111,-0.5353216,0.5930222",0.0
"-0.38207373,0.11062425,0.36339268,0.22030304,-0.55120516,0.5914623,0.24111111,-0.5353216,0.5930222","0.13054812,-0.027015388,0.020575047","-0.36960736,0.106909774,0.36560312,0.24004655,-0.5383107,0.5935419,0.24111111,-0.5353216,0.5930222",0.0
"0.0,0.0,0.0,2.8652207e-07,0.005789075,0.993462,0.39526317,-0.42081872,0.47593033","-0.9634962,0.9825735,0.8767986","-0.092006885,0.13509881,0.09419503,0.39294222,-0.11081221,0.8849015,0.39526317,-0.42081872,0.47593033",0.0
"-0.092006885,0.13509881,0.09419503,0.39294222,-0.11081221,0.8849015,0.39526317,-0.42081872,0.47593033","-0.80092907,0.6998384,0.6942495","-0.16848978,0.231323,0.16877869,0.566642,-0.3247862,0.6787976,0.39526317,-0.42081872,0.47593033",0.0
"-0.16848978,0.231323,0.16877869,0.566642,-0.3247862,0.6787976,0.39526317,-0.42081872,0.47593033","-0.67011905,0.07880461,0.94672346","-0.2324813,0.24215828,0.2704858,0.5466555,-0.4817972,0.51743335,0.39526317,-0.42081872,0.47593033",0.0
"-0.2324813,0.24215828,0.2704858,0.5466555,-0.4817972,0.51743335,0.39526317,-0.42081872,0.47593033","-0.5541338,-0.707505,0.7101927","-0.28539705,0.14488,0.34678227,0.39985126,-0.49110207,0.564963,0.39526317,-0.42081872,0.47593033",0.0
"-0.28539705,0.14488,0.34678227,0.39985126,-0.49110207,0.564963,0.39526317,-0.42081872,0.47593033","0.15897119,-0.4852991,0.7539265","-0.27021646,0.07815388,0.4277771,0.38319227,-0.42648348,0.5406441,0.39526317,-0.42081872,0.47593033",0.0
"-0.27021646,0.07815388,0.4277771,0.38319227,-0.42648348,0.5406441,0.39526317,-0.42081872,0.47593033","-0.0047837496,-0.018746614,0.37192357","-0.27067327,0.07557632,0.46773311,0.3860869,-0.4310278,0.48265353,0.39526317,-0.42081872,0.47593033",0.0
"0.0,0.0,0.0,2.8652207e-07,0.005789075,0.993462,0.29339182,-0.31017542,0.7237781","-0.9829901,0.6254958,0.8392153","-0.093868405,0.086002454,0.090157434,0.29340935,-0.08307377,0.93066174,0.29339182,-0.31017542,0.7237781",0.0
"-0.093868405,0.086002454,0.090157434,0.29340935,-0.08307377,0.93066174,0.29339182,-0.31017542,0.7237781","-0.9265293,0.09926808,0.93272567","-0.18234523,0.0996513,0.19036075,0.3788244,-0.23745449,0.83085066,0.29339182,-0.31017542,0.7237781",0.0
"-0.18234523,0.0996513,0.19036075,0.3788244,-0.23745449,0.83085066,0.29339182,-0.31017542,0.7237781","-0.41297877,-0.43700504,0.798066","-0.2217817,0.039565355,0.27609754,0.3263289,-0.26550618,0.7982539,0.29339182,-0.31017542,0.7237781",0.0
"-0.2217817,0.039565355,0.27609754,0.3263289,-0.26550618,0.7982539,0.29339182,-0.31017542,0.7237781","-0.31855094,-0.09035587,0.63483","-0.252201,0.027141882,0.34429774,0.3239575,-0.3202256,0.72574383,0.29339182,-0.31017542,0.7237781",0.0
"-0.252201,0.027141882,0.34429774,0.3239575,-0.3202256,0.72574383,0.29339182,-0.31017542,0.7237781","-0.0023617148,-0.18320465,0.13429666","-0.25242653,0.0019521768,0.35872537,0.30196154,-0.29835165,0.7336671,0.29339182,-0.31017542,0.7237781",0.0
"0.0,0.0,0.0,2.8652207e-07,0.005789075,0.993462,0.0022222223,-0.009064327,0.64963955","-0.99498343,-0.0075114965,0.8178147","-0.09501369,-0.0010328004,0.087858364,0.11566844,-0.02953276,0.9770257,0.0022222223,-0.009064327,0.64963955",0.0
"-0.09501369,-0.0010328004,0.087858364,0.11566844,-0.02953276,0.9770257,0.0022222223,-0.009064327,0.64963955","-0.9821082,-0.70817614,0.8712282","-0.18879792,-0.098403394,0.18145502,0.035287224,-0.016805416,0.95711476,0.0022222223,-0.009064327,0.64963955",0.0
"-0.18879792,-0.098403394,0.18145502,0.035287224,-0.016805416,0.95711476,0.0022222223,-0.009064327,0.64963955","-0.6291458,-0.27152693,0.654124","-0.24887681,-0.13573697,0.25172803,0.042120766,-0.03366635,0.92379594,0.0022222223,-0.009064327,0.64963955",0.0
"-0.24887681,-0.13573697,0.25172803,0.042120766,-0.03366635,0.92379594,0.0022222223,-0.009064327,0.64963955","-0.9025998,-0.1955685,0.9594352","-0.33506852,-0.16262667,0.35480082,0.06707859,-0.10597174,0.8497718,0.0022222223,-0.009064327,0.64963955",0.0
"-0.33506852,-0.16262667,0.35480082,0.06707859,-0.10597174,0.8497718,0.0022222223,-0.009064327,0.64963955","-0.82229286,-0.81851715,0.94999313","-0.41359153,-0.27516857,0.45685926,0.01453898,-0.030646188,0.77413136,0.0022222223,-0.009064327,0.64963955",0.0
"-0.41359153,-0.27516857,0.45685926,0.01453898,-0.030646188,0.77413136,0.0022222223,-0.009064327,0.64963955","-0.9549402,-0.5610731,0.81987774","-0.5047814,-0.3523133,0.54493934,0.005812771,0.0015255607,0.68698126,0.0022222223,-0.009064327,0.64963955",0.0
"-0.5047814,-0.3523133,0.54493934,0.005812771,0.0015255607,0.68698126,0.0022222223,-0.009064327,0.64963955","-0.7033035,-0.068196,0.2914312","-0.5719418,-0.36168995,0.57624805,0.0023166405,-0.015759338,0.6525455,0.0022222223,-0.009064327,0.64963955",0.0
"0.0,0.0,0.0,2.8652207e-07,0.005789075,0.993462,0.12766083,-0.049941517,0.36001524","-0.35481215,-0.32252264,0.9844167","-0.033881996,-0.04434522,0.105756536,0.051222272,0.00034909454,0.9798942,0.12766083,-0.049941517,0.36001524",0.0
"-0.033881996,-0.04434522,0.105756536,0.051222272,0.00034909454,0.9798942,0.12766083,-0.049941517,0.36001524","0.2391957,0.042001963,0.8835528","-0.01104055,-0.038570188,0.20067722,0.18776941,-0.00072271447,0.92930764,0.12766083,-0.049941517,0.36001524",0.0
"-0.01104055,-0.038570188,0.20067722,0.18776941,-0.00072271447,0.92930764,0.12766083,-0.049941517,0.36001524","-0.6229882,-0.1980437,0.9227977","-0.07053141,-0.06580019,0.29981402,0.24416207,-0.04907061,0.85860354,0.12766083,-0.049941517,0.36001524",0.0
"-0.07053141,-0.06580019,0.29981402,0.24416207,-0.04907061,0.85860354,0.12766083,-0.049941517,0.36001524","0.04107678,-0.5578735,0.7834679","-0.06660889,-0.14250495,0.38398254,0.19073798,-0.034588244,0.8126442,0.12766083,-0.049941517,0.36001524",0.0
"-0.06660889,-0.14250495,0.38398254,0.19073798,-0.034588244,0.8126442,0.12766083,-0.049941517,0.36001524","0.34321308,-0.4250672,0.84369123","-0.03383454,-0.2009495,0.4746209,0.17739156,-0.013105092,0.73538804,0.12766083,-0.049941517,0.36001524",0.0
"-0.03383454,-0.2009495,0.4746209,0.17739156,-0.013105092,0.73538804,0.12766083,-0.049941517,0.36001524","0.053157806,-0.05943197,0.9181601","-0.028758364,-0.20912112,0.57325953,0.2370853,-0.015665464,0.6090806,0.12766083,-0.049941517,0.36001524",0.0
"-0.028758364,-0.20912112,0.57325953,0.2370853,-0.015665464,0.6090806,0.12766083,-0.049941517,0.36001524","-0.37956107,-0.56963754,0.93665457","-0.0650037,-0.28744337,0.6738849,0.18254913,-0.03189431,0.5031354,0.12766083,-0.049941517,0.36001524",0.0
"-0.0650037,-0.28744337,0.6738849,0.18254913,-0.03189431,0.5031354,0.12766083,-0.049941517,0.36001524","-0.56012726,-0.5135259,0.598457","-0.1184918,-0.35805055,0.73817766,0.12419684,-0.042278633,0.43449688,0.12766083,-0.049941517,0.36001524",0.0
"-0.1184918,-0.35805055,0.73817766,0.12419684,-0.042278633,0.43449688,0.12766083,-0.049941517,0.36001524","-0.204032,-0.104789495,0.4472748","-0.13797538,-0.3724586,0.7862287,0.122570634,-0.050348833,0.36630425,0.12766083,-0.049941517,0.36001524",0.0
"0.0,0.0,0.0,2.8652207e-07,0.005789075,0.993462,-0.15906434,0.2328655,0.7005036","-0.85178614,-0.97882974,0.6349323","-0.081339404,-0.13458407,0.068211205,-0.18674389,0.05476969,0.9668422,-0.15906434,0.2328655,0.7005036",0.0
"-0.081339404,-0.13458407,0.068211205,-0.18674389,0.05476969,0.9668422,-0.15906434,0.2328655,0.7005036","-0.93488294,-0.9024069,0.8782443","-0.17061393,-0.2586604,0.1625616,-0.27165943,0.16810083,0.90438807,-0.15906434,0.2328655,0.7005036",0.0
"-0.17061393,-0.2586604,0.1625616,-0.27165943,0.16810083,0.90438807,-0.15906434,0.2328655,0.7005036","-0.6372546,-0.7914922,0.5552802","-0.23146711,-0.36748657,0.22221576,-0.32878023,0.30031314,0.8160285,-0.15906434,0.2328655,0.7005036",0.0
"-0.23146711,-0.36748657,0.22221576,-0.32878023,0.30031314,0.8160285,-0.15906434,0.2328655,0.7005036","-0.48750395,-0.027683675,0.9423361","-0.2780202,-0.37129298,0.3234516,-0.19558287,0.2424628,0.81945646,-0.15906434,0.2328655,0.7005036",0.0
"-0.2780202,-0.37129298,0.3234516,-0.19558287,0.2424628,0.81945646,-0.15906434,0.2328655,0.7005036","-0.34608012,-0.5533923,0.89234257","-0.31106836,-0.44738165,0.4193166,-0.1700063,0.26232362,0.7399378,-0.15906434,0.2328655,0.7005036",0.0
"-0.31106836,-0.44738165,0.4193166,-0.1700063,0.26232362,0.7399378,-0.15906434,0.2328655,0.7005036","-0.041186333,-0.18062413,0.47347057","-0.31500134,-0.47221658,0.47018194,-0.15122904,0.24077228,0.7030899,-0.15906434,0.2328655,0.7005036",0.0
"0.0,0.0,0.0,2.8652207e-07,0.005789075,0.993462,-0.39046785,0.12789473,0.62924165","-0.36241174,-0.9533365,-0.09879625","-0.034607697,-0.13107885,-0.0106137255,-0.292253,0.037724093,0.9434071,-0.39046785,0.12789473,0.62924165",0.0
"-0.034607697,-0.13107885,-0.0106137255,-0.292253,0.037724093,0.9434071,-0.39046785,0.12789473,0.62924165","0.007403493,-0.8699441,0.9014087","-0.033900727,-0.2506917,0.08622522,-0.40480846,0.049098972,0.88685846,-0.39046785,0.12789473,0.62924165",0.0
"-0.033900727,-0.2506917,0.08622522,-0.40480846,0.049098972,0.88685846,-0.39046785,0.12789473,0.62924165","-0.5022072,-0.76511246,0.8974941","-0.08185788,-0.35589078,0.18264362,-0.46078223,0.12716615,0.8153781,-0.39046785,0.12789473,0.62924165",0.0
"-0.08185788,-0.35589078,0.18264362,-0.46078223,0.12716615,0.8153781,-0.39046785,0.12789473,0.62924165","-0.71178603,-0.8272249,0.5575005","-0.14982828,-0.46963003,0.2425363,-0.52544665,0.27386755,0.6945461,-0.39046785,0.12789473,0.62924165",0.0
"-0.14982828,-0.46963003,0.2425363,-0.52544665,0.27386755,0.6945461,-0.39046785,0.12789473,0.62924165","0.5874443,-0.13465142,0.939173","-0.09373161,-0.48814392,0.3434323,-0.4626564,0.1463659,0.7055005,-0.39046785,0.12789473,0.62924165",0.0
"-0.09373161,-0.48814392,0.3434323,-0.4626564,0.1463659,0.7055005,-0.39046785,0.12789473,0.62924165","0.017574668,-0.42522812,0.46943617","-0.09205337,-0.54661065,0.3938642,-0.48292068,0.14972618,0.64257556,-0.39046785,0.12789473,0.62924165",0.0
"-0.09205337,-0.54661065,0.3938642,-0.48292068,0.14972618,0.64257556,-0.39046785,0.12789473,0.62924165","0.012919664,-0.013938844,0.36767423","-0.09081963,-0.54852724,0.4333638,-0.43337417,0.13315123,0.64278173,-0.39046785,0.12789473,0.62924165",0.0
"-0.09081963,-0.54852724,0.4333638,-0.43337417,0.13315123,0.64278173,-0.39046785,0.12789473,0.62924165","-0.03399408,0.0014590025,0.22912502","-0.094065815,-0.5483267,0.45797887,-0.3988746,0.12748127,0.6411545,-0.39046785,0.12789473,0.62924165",0.0
"0.0,0.0,0.0,2.8652207e-07,0.005789075,0.993462,-0.029707603,-0.2883041,0.43591902","-0.9583693,0.37783933,0.9521134","-0.09151731,0.05195096,0.10228615,0.24150936,-0.0653782,0.946012,-0.029707603,-0.2883041,0.43591902",0.0
"-0.09151731,0.05195096,0.10228615,0.24150936,-0.0653782,0.946012,-0.029707603,-0.2883041,0.43591902","-0.8598899,-0.45075595,0.94540894","-0.17363055,-0.0100256745,0.20385207,0.21622598,-0.12445575,0.9116572,-0.029707603,-0.2883041,0.43591902",0.0
"-0.17363055,-0.0100256745,0.20385207,0.21622598,-0.12445575,0.9116572,-0.029707603,-0.2883041,0.43591902","-0.7730598,0.041496515,0.9171792","-0.24745214,-0.004320131,0.30238527,0.26491427,-0.25258526,0.80963826,-0.029707603,-0.2883041,0.43591902",0.0
"-0.24745214,-0.004320131,0.30238527,0.26491427,-0.25258526,0.80963826,-0.029707603,-0.2883041,0.43591902","-0.89220005,-0.036370814,0.6180986","-0.33265075,-0.009320943,0.36878803,0.21239102,-0.35452318,0.73190165,-0.029707603,-0.2883041,0.43591902",0.0
"-0.33265075,-0.009320943,0.36878803,0.21239102,-0.35452318,0.73190165,-0.029707603,-0.2883041,0.43591902","-0.6561395,-0.24620688,0.7808986","-0.3953073,-0.04317313,0.4526805,0.13916212,-0.38982365,0.650165,-0.029707603,-0.2883041,0.43591902",0.0
"-0.3953073,-0.04317313,0.4526805,0.13916212,-0.38982365,0.650165,-0.029707603,-0.2883041,0.43591902","-0.81922257,-0.5952772,0.9764528","-0.47353712,-0.1250207,0.5575815,0.03454013,-0.3448072,0.572038,-0.029707603,-0.2883041,0.43591902",0.0
"-0.47353712,-0.1250207,0.5575815,0.03454013,-0.3448072,0.572038,-0.029707603,-0.2883041,0.43591902","-0.409227,-0.10093701,0.76498723","-0.5126153,-0.13889903,0.63976455,-0.00810869,-0.3505719,0.45805073,-0.029707603,-0.2883041,0.43591902",0.0
"-0.5126153,-0.13889903,0.63976455,-0.00810869,-0.3505719,0.45805073,-0.029707603,-0.2883041,0.43591902","-0.3280214,-0.37615013,0.3483386","-0.543939,-0.19061774,0.67718685,-0.03528086,-0.29602736,0.44077578,-0.029707603,-0.2883041,0.43591902",0.0
"0.0,0.0,0.0,2.8652207e-07,0.005789075,0.993462,0.1177193,0.0702924,0.36001524","0.6979604,-0.74273634,0.98561907","0.06665014,-0.10212245,0.10588571,-0.07241123,-0.009469201,0.9783215,0.1177193,0.0702924,0.36001524",0.0
"0.06665014,-0.10212245,0.10588571,-0.07241123,-0.009469201,0.9783215,0.1177193,0.0702924,0.36001524","0.4696424,-0.63926387,0.98256755","0.111497566,-0.19001798,0.2114436,-0.10679149,-0.032852605,0.93803656,0.1177193,0.0702924,0.36001524",0.0
"0.111497566,-0.19001798,0.2114436,-0.10679149,-0.032852605,0.93803656,0.1177193,0.0702924,0.36001524","0.80094385,0.4774195,0.93193936","0.18798187,-0.12437528,0.31156248,0.12079694,0.08794843,0.8760319,0.1177193,0.0702924,0.36001524",0.0
"0.18798187,-0.12437528,0.31156248,0.12079694,0.08794843,0.8760319,0.1177193,0.0702924,0.36001524","0.85046744,-0.52161306,0.9471204","0.26919532,-0.19609444,0.4133123,0.079910904,0.09890985,0.8025906,0.1177193,0.0702924,0.36001524",0.0
"0.26919532,-0.19609444,0.4133123,0.079910904,0.09890985,0.8025906,0.1177193,0.0702924,0.36001524","-0.77035964,-0.48774457,0.96408105","0.19563156,-0.2631568,0.5168842,0.08940392,0.070185475,0.7066696,0.1177193,0.0702924,0.36001524",0.0
"0.19563156,-0.2631568,0.5168842,0.08940392,0.070185475,0.7066696,0.1177193,0.0702924,0.36001524","0.57038105,-0.41874194,0.98544955","0.25009882,-0.3207317,0.6227517,0.07559929,0.083836146,0.5879779,0.1177193,0.0702924,0.36001524",0.0
"0.25009882,-0.3207317,0.6227517,0.07559929,0.083836146,0.5879779,0.1177193,0.0702924,0.36001524","-0.24423021,-0.07068008,0.9566486","0.2267766,-0.33044988,0.7255251,0.114448555,0.1065086,0.4438207,0.1177193,0.0702924,0.36001524",0.0
"0.2267766,-0.33044988,0.7255251,0.114448555,0.1065086,0.4438207,0.1177193,0.0702924,0.36001524","0.0149149895,-0.268564,0.6022899","0.22820088,-0.3673761,0.79022956,0.10032301,0.09512387,0.3584794,0.1177193,0.0702924,0.36001524",0.0
"0.22820088,-0.3673761,0.79022956,0.10032301,0.09512387,0.3584794,0.1177193,0.0702924,0.36001524","-0.5417387,-0.027535975,0.033097982","0.17646877,-0.37116215,0.7937854,0.11210526,0.07622106,0.35426742,0.1177193,0.0702924,0.36001524",0.0
"0.0,0.0,0.0,2.8652207e-07,0.005789075,0.993462,-0.4269006,-0.0057894737,0.7237781","0.083963394,-0.9251641,-0.23127198","0.008017887,-0.12720531,-0.024845678,-0.30545253,-0.0019047259,0.9390164,-0.4269006,-0.0057894737,0.7237781",0.0
"0.008017887,-0.12720531,-0.024845678,-0.30545253,-0.0019047259,0.9390164,-0.4269006,-0.0057894737,0.7237781","0.10344672,-0.72196865,0.89114606","0.01789629,-0.22647232,0.07089074,-0.38002115,-0.015590068,0.9030388,-0.4269006,-0.0057894737,0.7237781",0.0
"0.01789629,-0.22647232,0.07089074,-0.38002115,-0.015590068,0.9030388,-0.4269006,-0.0057894737,0.7237781","-0.19614851,-0.61863387,0.8026558","-0.00083447515,-0.31153134,0.15712062,-0.42992145,0.0069162496,0.8545268,-0.4269006,-0.0057894737,0.7237781",0.0
"-0.00083447515,-0.31153134,0.15712062,-0.42992145,0.0069162496,0.8545268,-0.4269006,-0.0057894737,0.7237781","-0.1304385,-0.2248075,0.82618093","-0.013290412,-0.34244126,0.24587782,-0.36550924,0.021064136,0.8452738,-0.4269006,-0.0057894737,0.7237781",0.0
"-0.013290412,-0.34244126,0.24587782,-0.36550924,0.021064136,0.8452738,-0.4269006,-0.0057894737,0.7237781","0.41049337,-0.58210814,0.6375289","0.02590872,-0.42247817,0.314368,-0.4147414,-0.028024139,0.77436686,-0.4269006,-0.0057894737,0.7237781",0.0
"0.02590872,-0.42247817,0.314368,-0.4147414,-0.028024139,0.77436686,-0.4269006,-0.0057894737,0.7237781","-0.26396286,-0.30853832,0.37799883","0.0007021793,-0.46490067,0.3549767,-0.43116483,0.004838095,0.73264706,-0.4269006,-0.0057894737,0.7237781",0.0
"0.0,0.0,0.0,2.8652207e-07,0.005789075,0.993462,0.02140351,-0.034385964,0.52215254","-0.7962403,-0.33248144,0.9122758","-0.07603518,-0.0457145,0.0980064,0.03763434,-0.0032064237,0.98228174,0.02140351,-0.034385964,0.52215254",0.0
"-0.07603518,-0.0457145,0.0980064,0.03763434,-0.0032064237,0.98228174,0.02140351,-0.034385964,0.52215254","-0.15508664,-0.57124126,0.937536","-0.090844855,-0.12425726,0.19872653,0.008997492,0.0033931555,0.95091826,0.02140351,-0.034385964,0.52215254",0.0
"-0.090844855,-0.12425726,0.19872653,0.008997492,0.0033931555,0.95091826,0.02140351,-0.034385964,0.52215254","-0.13684165,-0.2650063,0.96188664","-0.10391224,-0.1606943,0.3020627,0.06518244,-0.015956502,0.89331526,0.02140351,-0.034385964,0.52215254",0.0
"-0.10391224,-0.1606943,0.3020627,0.06518244,-0.015956502,0.89331526,0.02140351,-0.034385964,0.52215254","-0.8802352,-0.24255455,0.8963721","-0.18796834,-0.19404434,0.39836055,0.09864456,-0.0591531,0.81715673,0.02140351,-0.034385964,0.52215254",0.0
"-0.18796834,-0.19404434,0.39836055,0.09864456,-0.0591531,0.81715673,0.02140351,-0.034385964,0.52215254","-0.8540752,-0.65893626,0.8241253","-0.26952633,-0.2846447,0.48689693,0.036846206,-0.03292943,0.7446367,0.02140351,-0.034385964,0.52215254",0.0
"-0.26952633,-0.2846447,0.48689693,0.036846206,-0.03292943,0.7446367,0.02140351,-0.034385964,0.52215254","-0.18435127,-0.49361813,0.953593","-0.28713053,-0.35251465,0.58934206,0.029704541,-0.02825297,0.63659286,0.02140351,-0.034385964,0.52215254",0.0
"-0.28713053,-0.35251465,0.58934206,0.029704541,-0.02825297,0.63659286,0.02140351,-0.034385964,0.52215254","-0.21557093,-0.28773594,0.47856808","-0.30771598,-0.3920769,0.64075506,0.021195674,-0.02051996,0.57682073,0.02140351,-0.034385964,0.52215254",0.0
"-0.30771598,-0.3920769,0.64075506,0.021195674,-0.02051996,0.57682073,0.02140351,-0.034385964,0.52215254","-0.7897482,-0.061659575,0.40898013","-0.3831312,-0.40055484,0.684692,0.023978215,-0.04621961,0.5205042,0.02140351,-0.034385964,0.52215254",0.0
"0.0,0.0,0.0,2.8652207e-07,0.005789075,0.993462,0.14099416,0.08286549,0.62760717","0.8594744,-0.2861576,0.92219496","0.08207356,-0.039345212,0.099072,0.04924815,0.018974435,0.9812828,0.14099416,0.08286549,0.62760717",0.0
"0.08207356,-0.039345212,0.099072,0.04924815,0.018974435,0.9812828,0.14099416,0.08286549,0.62760717","0.81444156,-0.40553498,0.98675895","0.15984681,-0.09510421,0.2050802,0.064489804,0.042017777,0.9447515,0.14099416,0.08286549,0.62760717",0.0
"0.15984681,-0.09510421,0.2050802,0.064489804,0.042017777,0.9447515,0.14099416,0.08286549,0.62760717","0.1877774,-0.07772589,0.9137845","0.17777817,-0.10579115,0.3032487,0.14604749,0.098087475,0.8760683,0.14099416,0.08286549,0.62760717",0.0
"0.17777817,-0.10579115,0.3032487,0.14604749,0.098087475,0.8760683,0.14099416,0.08286549,0.62760717","0.4416567,-0.54774,0.9639721","0.21995316,-0.1811026,0.4068089,0.10977666,0.09830078,0.8043728,0.14099416,0.08286549,0.62760717",0.0
"0.21995316,-0.1811026,0.4068089,0.10977666,0.09830078,0.8043728,0.14099416,0.08286549,0.62760717","-0.22083676,-0.17244875,0.91821265","0.19886483,-0.20481345,0.50545317,0.1566928,0.120129846,0.6987096,0.14099416,0.08286549,0.62760717",0.0
"0.19886483,-0.20481345,0.50545317,0.1566928,0.120129846,0.6987096,0.14099416,0.08286549,0.62760717","0.01942563,-0.358495,0.67353964","0.20071983,-0.2541047,0.577812,0.13858494,0.108335204,0.6254295,0.14099416,0.08286549,0.62760717",0.0
"0.20071983,-0.2541047,0.577812,0.13858494,0.108335204,0.6254295,0.14099416,0.08286549,0.62760717","-0.28345025,-0.070491254,0.03216517","0.1736524,-0.2637969,0.5812676,0.13730972,0.090118386,0.62476003,0.14099416,0.08286549,0.62760717",0.0
"0.0,0.0,0.0,2.8652207e-07,0.005789075,0.993462,0.4220468,-0.064561404,0.7237781","-0.30645,0.5041263,0.7633134","-0.029263746,0.06931477,0.08200324,0.259451,-0.018106228,0.9472331,0.4220468,-0.064561404,0.7237781",0.0
"-0.029263746,0.06931477,0.08200324,0.259451,-0.018106228,0.9472331,0.4220468,-0.064561404,0.7237781","-0.08097178,0.21903813,0.9458387","-0.036995962,0.09943139,0.18361531,0.43739316,-0.045238234,0.838183,0.4220468,-0.064561404,0.7237781",0.0
"-0.036995962,0.09943139,0.18361531,0.43739316,-0.045238234,0.838183,0.4220468,-0.064561404,0.7237781","0.016354918,-0.2294563,0.8396263","-0.035434183,0.06788233,0.27381694,0.46625906,-0.046294093,0.77029145,0.4220468,-0.064561404,0.7237781",0.0
"-0.035434183,0.06788233,0.27381694,0.46625906,-0.046294093,0.77029145,0.4220468,-0.064561404,0.7237781","-0.42587554,-0.3759799,0.57597744","-0.076102205,0.01618702,0.3356946,0.41978726,-0.09636218,0.748861,0.4220468,-0.064561404,0.7237781",0.0
"-0.076102205,0.01618702,0.3356946,0.41978726,-0.09636218,0.748861,0.4220468,-0.064561404,0.7237781","0.21458113,-0.08414322,0.22036219","-0.055611264,0.0046177497,0.3593683,0.4238228,-0.06892938,0.73004156,0.4220468,-0.064561404,0.7237781",0.0
"0.0,0.0,0.0,2.8652207e-07,0.005789075,0.993462,-0.11140351,0.41631576,0.47972226","0.94470024,0.9378828,0.9151896","0.090212025,0.12895405,0.0983194,0.38345405,0.117710575,0.88756424,-0.11140351,0.41631576,0.47972226",0.0
"0.090212025,0.12895405,0.0983194,0.38345405,0.117710575,0.88756424,-0.11140351,0.41631576,0.47972226","0.95659304,-0.8949506,0.7134503","0.18155973,0.0059029493,0.17496584,0.20453851,0.13809244,0.9245923,-0.11140351,0.41631576,0.47972226",0.0
"0.18155973,0.0059029493,0.17496584,0.20453851,0.13809244,0.9245923,-0.11140351,0.41631576,0.47972226","0.7914654,-0.25526506,0.83493304","0.25713894,-0.029194696,0.26466328,0.19010165,0.20720357,0.86963093,-0.11140351,0.41631576,0.47972226",0.0
"0.25713894,-0.029194696,0.26466328,0.19010165,0.20720357,0.86963093,-0.11140351,0.41631576,0.47972226","0.9146172,0.11247814,0.8349186","0.34447822,-0.013729545,0.35435918,0.18014053,0.35121718,0.7550068,-0.11140351,0.41631576,0.47972226",0.0
"0.34447822,-0.013729545,0.35435918,0.18014053,0.35121718,0.7550068,-0.11140351,0.41631576,0.47972226","0.8632598,-0.8303967,0.7735231","0.42691326,-0.12790483,0.43745932,0.05544913,0.26267496,0.74164456,-0.11140351,0.41631576,0.47972226",0.0
"0.42691326,-0.12790483,0.43745932,0.05544913,0.26267496,0.74164456,-0.11140351,0.41631576,0.47972226","0.7253797,0.44998026,0.9841938","0.49618176,-0.06603488,0.5431919,-0.00076102716,0.41931683,0.53872097,-0.11140351,0.41631576,0.47972226",0.0
"0.49618176,-0.06603488,0.5431919,-0.00076102716,0.41931683,0.53872097,-0.11140351,0.41631576,0.47972226","0.58473885,0.017779946,0.42863858","0.5520201,-0.063590236,0.58924085,-0.07577744,0.4239511,0.46497142,-0.11140351,0.41631576,0.47972226",0.0
"0.5520201,-0.063590236,0.58924085,-0.07577744,0.4239511,0.46497142,-0.11140351,0.41631576,0.47972226","0.1459893,-0.13095033,-0.032308638","0.565961,-0.08159524,0.58577,-0.08987696,0.3993485,0.4888161,-0.11140351,0.41631576,0.47972226",0.0
"0.565961,-0.08159524,0.58577,-0.08987696,0.3993485,0.4888161,-0.11140351,0.41631576,0.47972226","0.22842848,0.055374265,-0.0148049","0.5877742,-0.07398157,0.5841795,-0.11939099,0.40066725,0.48360178,-0.11140351,0.41631576,0.47972226",0.0
"0.5877742,-0.07398157,0.5841795,-0.11939099,0.40066725,0.48360178,-0.11140351,0.41631576,0.47972226","-0.14177716,0.04624629,-0.06355572","0.57423556,-0.06762295,0.57735175,-0.10375001,0.4117113,0.48766828,-0.11140351,0.41631576,0.47972226",0.0
"0.0,0.0,0.0,2.8652207e-07,0.005789075,0.993462,-0.02391813,0.06888889,0.2237676","-0.9666934,-0.8957522,0.99585676","-0.09231221,-0.12316134,0.106985554,-0.109678134,0.03877169,0.97338295,-0.02391813,0.06888889,0.2237676",0.0
"-0.09231221,-0.12316134,0.106985554,-0.109678134,0.03877169,0.97338295,-0.02391813,0.06888889,0.2237676","-0.8505848,-0.530776,0.9787669","-0.17353691,-0.19614033,0.21213517,-0.10236819,0.06885665,0.9361005,-0.02391813,0.06888889,0.2237676",0.0
"-0.17353691,-0.19614033,0.21213517,-0.10236819,0.06885665,0.9361005,-0.02391813,0.06888889,0.2237676","-0.7980615,-0.8195309,0.9613184","-0.24974598,-0.30882168,0.3154103,-0.14140111,0.14935675,0.8607939,-0.02391813,0.06888889,0.2237676",0.0
"-0.24974598,-0.30882168,0.3154103,-0.14140111,0.14935675,0.8607939,-0.02391813,0.06888889,0.2237676","-0.16689503,-0.66478443,0.9592438","-0.26568323,-0.40022618,0.4184625,-0.15229507,0.1767163,0.7716772,-0.02391813,0.06888889,0.2237676",0.0
"-0.26568323,-0.40022618,0.4184625,-0.15229507,0.1767163,0.7716772,-0.02391813,0.06888889,0.2237676","0.29645443,-0.45427763,0.9506211","-0.237374,-0.46268705,0.5205884,-0.14553958,0.14230993,0.68081045,-0.02391813,0.06888889,0.2237676",0.0
"-0.237374,-0.46268705,0.5205884,-0.14553958,0.14230993,0.68081045,-0.02391813,0.06888889,0.2237676","-0.27732527,0.09317112,0.954612","-0.26385656,-0.44987655,0.6231431,-0.040931407,0.053228106,0.5947639,-0.02391813,0.06888889,0.2237676",0.0
"-0.26385656,-0.44987655,0.6231431,-0.040931407,0.053228106,0.5947639,-0.02391813,0.06888889,0.2237676","0.25502682,-0.72466457,0.9706898","-0.23950334,-0.54951423,0.7274249,-0.062206186,0.0661636,0.4590149,-0.02391813,0.06888889,0.2237676",0.0
"-0.23950334,-0.54951423,0.7274249,-0.062206186,0.0661636,0.4590149,-0.02391813,0.06888889,0.2237676","-0.08569592,-0.28695428,0.959291","-0.24768668,-0.588969,0.83048224,-0.027579907,0.035310514,0.32357606,-0.02391813,0.06888889,0.2237676",0.0
"-0.24768668,-0.588969,0.83048224,-0.027579907,0.035310514,0.32357606,-0.02391813,0.06888889,0.2237676","-0.42981112,-0.5074462,0.6336292","-0.28873053,-0.6587403,0.8985535,-0.026672814,0.043502353,0.22301047,-0.02391813,0.06888889,0.2237676",0.0
"-0.28873053,-0.6587403,0.8985535,-0.026672814,0.043502353,0.22301047,-0.02391813,0.06888889,0.2237676","-0.61387056,-0.11932945,-0.042086065","-0.3473507,-0.67514753,0.8940322,-0.02477722,0.06019145,0.22681315,-0.02391813,0.06888889,0.2237676",0.0
"0.0,0.0,0.0,2.8652207e-07,0.005789075,0.993462,0.0021052633,0.005497076,0.23331277","0.08602464,-0.9205326,0.92205095","0.008214716,-0.12656851,0.09905655,-0.1346133,0.0023162577,0.9725298,0.0021052633,0.005497076,0.23331277",0.0
"0.008214716,-0.12656851,0.09905655,-0.1346133,0.0023162577,0.9725298,0.0021052633,0.005497076,0.23331277","0.057991505,-0.90775067,0.91414094","0.013752474,-0.2513796,0.19726333,-0.25647283,-0.0052932487,0.9124255,0.0021052633,0.005497076,0.23331277",0.0
"0.013752474,-0.2513796,0.19726333,-0.25647283,-0.0052932487,0.9124255,0.0021052633,0.005497076,0.23331277","0.5802045,-0.40668952,0.61556256","0.06915778,-0.30729735,0.26339367,-0.2693506,-0.053530544,0.8726855,0.0021052633,0.005497076,0.23331277",0.0
"0.06915778,-0.30729735,0.26339367,-0.2693506,-0.053530544,0.8726855,0.0021052633,0.005497076,0.23331277","-0.43824816,-0.6297028,0.9018297","0.027308255,-0.3938783,0.3602779,-0.3006114,-0.020042831,0.79570144,0.0021052633,0.005497076,0.23331277",0.0
"0.027308255,-0.3938783,0.3602779,-0.3006114,-0.020042831,0.79570144,0.0021052633,0.005497076,0.23331277","0.8135464,-0.48553824,0.8097794","0.10499603,-0.46063733,0.44727308,-0.282291,-0.09052703,0.72059697,0.0021052633,0.005497076,0.23331277",0.0
"0.10499603,-0.46063733,0.44727308,-0.282291,-0.09052703,0.72059697,0.0021052633,0.005497076,0.23331277","-0.67105055,0.24644387,0.92598104","0.040915567,-0.42675263,0.5467519,-0.115708485,-0.009118291,0.67451406,0.0021052633,0.005497076,0.23331277",0.0
"0.040915567,-0.42675263,0.5467519,-0.115708485,-0.009118291,0.67451406,0.0021052633,0.005497076,0.23331277","0.6075878,-0.27852607,0.91511893","0.0989358,-0.46504855,0.64506376,-0.064318076,-0.014580128,0.5684273,0.0021052633,0.005497076,0.23331277",0.0
"0.0989358,-0.46504855,0.64506376,-0.064318076,-0.014580128,0.5684273,0.0021052633,0.005497076,0.23331277","-0.24831605,-0.17357892,0.96910906","0.075223416,-0.48891485,0.7491758,-0.006471601,0.0043963,0.43886453,0.0021052633,0.005497076,0.23331277",0.0
"0.075223416,-0.48891485,0.7491758,-0.006471601,0.0043963,0.43886453,0.0021052633,0.005497076,0.23331277","0.34356964,-0.72819626,0.9292029","0.108031824,-0.58903813,0.84900075,-0.031954948,-0.005142351,0.29835787,0.0021052633,0.005497076,0.23331277",0.0
"0.108031824,-0.58903813,0.84900075,-0.031954948,-0.005142351,0.29835787,0.0021052633,0.005497076,0.23331277","-0.05420834,-0.02176255,0.50002766","0.102855325,-0.5920304,0.9027191,-0.0055791563,0.004236962,0.22151206,0.0021052633,0.005497076,0.23331277",0.0
"0.0,0.0,0.0,2.8652207e-07,0.005789075,0.993462,0.39526317,-0.42081872,0.47593033","-0.9317723,0.82861686,0.90176","-0.08897748,0.11393055,0.09687664,0.35688266,-0.09641911,0.9028404,0.39526317,-0.42081872,0.47593033",0.0
"-0.08897748,0.11393055,0.09687664,0.35688266,-0.09641911,0.9028404,0.39526317,-0.42081872,0.47593033","-0.9668047,0.2918408,0.9715769","-0.18130031,0.15405717,0.20125377,0.46972764,-0.29392308,0.7518463,0.39526317,-0.42081872,0.47593033",0.0
"-0.18130031,0.15405717,0.20125377,0.46972764,-0.29392308,0.7518463,0.39526317,-0.42081872,0.47593033","-0.8179768,0.06719911,0.931152","-0.25941116,0.16329671,0.30128804,0.44178185,-0.4602702,0.60356253,0.39526317,-0.42081872,0.47593033",0.0
"-0.25941116,0.16329671,0.30128804,0.44178185,-0.4602702,0.60356253,0.39526317,-0.42081872,0.47593033","-0.13015401,-0.3519528,0.9482064","-0.27183992,0.11490503,0.4031545,0.40720794,-0.45849398,0.52512443,0.39526317,-0.42081872,0.47593033",0.0
"-0.27183992,0.11490503,0.4031545,0.40720794,-0.45849398,0.52512443,0.39526317,-0.42081872,0.47593033","-0.041304946,-0.30459654,0.45528793","-0.27578425,0.073024586,0.45206642,0.37537703,-0.43277067,0.5105017,0.39526317,-0.42081872,0.47593033",0.0
"-0.27578425,0.073024586,0.45206642,0.37537703,-0.43277067,0.5105017,0.39526317,-0.42081872,0.47593033","0.10332215,-0.00416404,0.23865795","-0.26591775,0.07245206,0.47770563,0.39088124,-0.423441,0.47155014,0.39526317,-0.42081872,0.47593033",0.0
"0.0,0.0,0.0,2.8652207e-07,0.005789075,0.993462,-0.014444445,0.03350877,0.3823091","-0.7087122,-0.94622713,0.9642601","-0.06767689,-0.13010138,0.103591114,-0.13141552,0.034291845,0.9713447,-0.014444445,0.03350877,0.3823091",0.0
"-0.06767689,-0.13010138,0.103591114,-0.13141552,0.034291845,0.9713447,-0.014444445,0.03350877,0.3823091","-0.8732792,-0.66455364,0.99002504","-0.15106873,-0.22147411,0.20995018,-0.15583315,0.08656983,0.9272402,-0.014444445,0.03350877,0.3823091",0.0
"-0.15106873,-0.22147411,0.20995018,-0.15583315,0.08656983,0.9272402,-0.014444445,0.03350877,0.3823091","-0.684728,-0.20934975,0.9774673","-0.21645531,-0.25025868,0.31496018,-0.06863137,0.06294672,0.88233423,-0.014444445,0.03350877,0.3823091",0.0
"-0.21645531,-0.25025868,0.31496018,-0.06863137,0.06294672,0.88233423,-0.014444445,0.03350877,0.3823091","-0.3716876,-0.6190171,0.96917534","-0.25194877,-0.3353704,0.41907936,-0.078716144,0.087924026,0.79914844,-0.014444445,0.03350877,0.3823091",0.0
"-0.25194877,-0.3353704,0.41907936,-0.078716144,0.087924026,0.79914844,-0.014444445,0.03350877,0.3823091","-0.70106554,-0.2533219,0.7989243","-0.31889543,-0.3702009,0.5049084,-0.03493808,0.065379485,0.72449607,-0.014444445,0.03350877,0.3823091",0.0
"-0.31889543,-0.3702009,0.5049084,-0.03493808,0.065379485,0.72449607,-0.014444445,0.03350877,0.3823091","0.41049623,-0.72178626,0.9884174","-0.27969602,-0.46944284,0.6110947,-0.06377484,0.08601293,0.60302407,-0.014444445,0.03350877,0.3823091",0.0
"-0.27969602,-0.46944284,0.6110947,-0.06377484,0.08601293,0.60302407,-0.014444445,0.03350877,0.3823091","-0.008136809,-0.24113917,0.9876754","-0.28047302,-0.5025983,0.7172014,-0.024840213,0.039216675,0.47904888,-0.014444445,0.03350877,0.3823091",0.0
"-0.28047302,-0.5025983,0.7172014,-0.024840213,0.039216675,0.47904888,-0.014444445,0.03350877,0.3823091","-0.27884734,-0.4572149,0.75821567","-0.30710095,-0.56546307,0.79865706,-0.021770881,0.041579723,0.36839256,-0.014444445,0.03350877,0.3823091",0.0
"0.0,0.0,0.0,2.8652207e-07,0.005789075,0.993462,0.012222223,-0.07187134,0.2237676","-0.8158067,-0.9181583,0.9555309","-0.077903636,-0.12624206,0.10265333,-0.1235514,0.036823686,0.97260183,0.012222223,-0.07187134,0.2237676",0.0
"-0.077903636,-0.12624206,0.10265333,-0.1235514,0.036823686,0.97260183,0.012222223,-0.07187134,0.2237676","-0.8388213,0.37248015,0.9527701","-0.15800498,-0.07502799,0.20501007,0.10670424,-0.05120956,0.9400183,0.012222223,-0.07187134,0.2237676",0.0
"-0.15800498,-0.07502799,0.20501007,0.10670424,-0.05120956,0.9400183,0.012222223,-0.07187134,0.2237676","-0.28667533,-0.09643835,0.8537452","-0.18538043,-0.088287786,0.2967285,0.17220165,-0.10647852,0.8739575,0.012222223,-0.07187134,0.2237676",0.0
"-0.18538043,-0.088287786,0.2967285,0.17220165,-0.10647852,0.8739575,0.012222223,-0.07187134,0.2237676","-0.6426255,-0.5774503,0.7759681","-0.24674651,-0.16768426,0.38009134,0.10663119,-0.0963691,0.8270523,0.012222223,-0.07187134,0.2237676",0.0
"-0.24674651,-0.16768426,0.38009134,0.10663119,-0.0963691,0.8270523,0.012222223,-0.07187134,0.2237676","0.23168874,0.46148622,0.9278085","-0.2246219,-0.1042323,0.4797665,0.26023233,-0.2141203,0.6676488,0.012222223,-0.07187134,0.2237676",0.0
"-0.2246219,-0.1042323,0.4797665,0.26023233,-0.2141203,0.6676488,0.012222223,-0.07187134,0.2237676","-0.6819683,-0.6726551,0.8377373","-0.28974494,-0.19671893,0.5697652,0.15987206,-0.19632994,0.6066444,0.012222223,-0.07187134,0.2237676",0.0
"-0.28974494,-0.19671893,0.5697652,0.15987206,-0.19632994,0.6066444,0.012222223,-0.07187134,0.2237676","-0.6448536,-0.76799875,0.9670558","-0.35132378,-0.30231482,0.67365664,0.080362804,-0.1464997,0.50986123,0.012222223,-0.07187134,0.2237676",0.0
"-0.35132378,-0.30231482,0.67365664,0.080362804,-0.1464997,0.50986123,0.012222223,-0.07187134,0.2237676","-0.6056012,-0.53547734,0.8601682","-0.40915427,-0.37594023,0.7660651,0.040140536,-0.116245024,0.39810088,0.012222223,-0.07187134,0.2237676",0.0
"-0.40915427,-0.37594023,0.7660651,0.040140536,-0.116245024,0.39810088,0.012222223,-0.07187134,0.2237676","0.12347937,-0.5910628,0.5784918","-0.3973629,-0.45720837,0.828213,0.027225677,-0.0632194,0.3229687,0.012222223,-0.07187134,0.2237676",0.0
"-0.3973629,-0.45720837,0.828213,0.027225677,-0.0632194,0.3229687,0.012222223,-0.07187134,0.2237676","-0.5904515,-0.14015627,0.5517992","-0.45374674,-0.47647917,0.88749313,0.01580286,-0.068006,0.23549946,0.012222223,-0.07187134,0.2237676",0.0
"0.0,0.0,0.0,2.8652207e-07,0.005789075,0.993462,0.2874854,0.3208772,0.30614382","0.8934473,0.8658714,0.98223925","0.085317746,0.119052865,0.10552258,0.37468934,0.10890917,0.8911925,0.2874854,0.3208772,0.30614382",0.0
"0.085317746,0.119052865,0.10552258,0.37468934,0.10890917,0.8911925,0.2874854,0.3208772,0.30614382","0.81184316,-0.004391551,0.8223331","0.16284287,0.11844905,0.19386634,0.41999012,0.24244022,0.8056533,0.2874854,0.3208772,0.30614382",0.0
"0.16284287,0.11844905,0.19386634,0.41999012,0.24244022,0.8056533,0.2874854,0.3208772,0.30614382","0.9148648,-0.45433557,0.94200563","0.2502058,0.05598025,0.29506665,0.32504818,0.3336625,0.75727826,0.2874854,0.3208772,0.30614382",0.0
"0.2502058,0.05598025,0.29506665,0.32504818,0.3336625,0.75727826,0.2874854,0.3208772,0.30614382","-0.027677774,-0.5080471,0.9691534","0.24756278,-0.013873619,0.39918345,0.3002229,0.30378625,0.6954956,0.2874854,0.3208772,0.30614382",0.0
"0.24756278,-0.013873619,0.39918345,0.3002229,0.30378625,0.6954956,0.2874854,0.3208772,0.30614382","0.29340482,-0.20805824,0.9097587","0.27558082,-0.042480566,0.49691942,0.2777311,0.3353198,0.5843494,0.2874854,0.3208772,0.30614382",0.0
"0.27558082,-0.042480566,0.49691942,0.2777311,0.3353198,0.5843494,0.2874854,0.3208772,0.30614382","-0.17533988,-0.059614003,0.86586666","0.2588371,-0.05067719,0.5899401,0.3017264,0.32738823,0.450087,0.2874854,0.3208772,0.30614382",0.0
"0.2588371,-0.05067719,0.5899401,0.3017264,0.32738823,0.450087,0.2874854,0.3208772,0.30614382","-0.06941086,-0.24533814,0.81761","0.2522089,-0.08440992,0.67777646,0.2800999,0.29226026,0.3483976,0.2874854,0.3208772,0.30614382",0.0
"0.2522089,-0.08440992,0.67777646,0.2800999,0.29226026,0.3483976,0.2874854,0.3208772,0.30614382","0.12411201,0.08418441,0.16642964","0.26406068,-0.072835006,0.6956562,0.27290264,0.3067192,0.3094068,0.2874854,0.3208772,0.30614382",0.0
"0.26406068,-0.072835006,0.6956562,0.27290264,0.3067192,0.3094068,0.2874854,0.3208772,0.30614382","-0.15648597,0.053056955,-0.05264944","0.2491174,-0.06553994,0.69,0.29250056,0.2990486,0.310662,0.2874854,0.3208772,0.30614382",0.0
"0.2491174,-0.06553994,0.69,0.29250056,0.2990486,0.310662,0.2874854,0.3208772,0.30614382","-0.0011503696,-0.0033880472,-0.039709747","0.24900755,-0.06600578,0.68573403,0.29319173,0.29953176,0.3176553,0.2874854,0.3208772,0.30614382",0.0
"0.24900755,-0.06600578,0.68573403,0.29319173,0.29953176,0.3176553,0.2874854,0.3208772,0.30614382","0.14850616,0.013423204,0.0047667027","0.2631888,-0.06416015,0.68624616,0.28052238,0.31333748,0.3149823,0.2874854,0.3208772,0.30614382",0.0
"0.0,0.0,0.0,2.8652207e-07,0.005789075,0.993462,0.023274856,0.06830409,0.75542104","0.6085948,-0.5356545,0.42571568","0.058116373,-0.07364975,0.045734927,-0.095017776,-0.011656621,0.9860406,0.023274856,0.06830409,0.75542104",0.0
"0.058116373,-0.07364975,0.045734927,-0.095017776,-0.011656621,0.9860406,0.023274856,0.06830409,0.75542104","-0.21093488,-0.521166,0.93377733","0.03797361,-0.14530742,0.14605126,-0.108634934,-0.007191202,0.9636257,0.023274856,0.06830409,0.75542104",0.0
"0.03797361,-0.14530742,0.14605126,-0.108634934,-0.007191202,0.9636257,0.023274856,0.06830409,0.75542104","0.8135905,0.4699607,0.9717963","0.115665585,-0.08069028,0.25045198,0.1506099,0.06346454,0.9101085,0.023274856,0.06830409,0.75542104",0.0
"0.115665585,-0.08069028,0.25045198,0.1506099,0.06346454,0.9101085,0.023274856,0.06830409,0.75542104","0.955387,-0.69144994,0.9257419","0.2068981,-0.17576112,0.3499051,0.071956985,0.061972853,0.85770565,0.023274856,0.06830409,0.75542104",0.0
"0.2068981,-0.17576112,0.3499051,0.071956985,0.061972853,0.85770565,0.023274856,0.06830409,0.75542104","0.9700855,-0.41015577,0.7454864","0.2995342,-0.23215546,0.4299932,0.042527843,0.0681845,0.7947179,0.023274856,0.06830409,0.75542104",0.0
"0.2995342,-0.23215546,0.4299932,0.042527843,0.0681845,0.7947179,0.023274856,0.06830409,0.75542104","0.5472077,-0.20283389,0.3708217","0.35178855,-0.2600441,0.4698309,0.027723601,0.06806896,0.7589638,0.023274856,0.06830409,0.75542104",0.0
"0.0,0.0,0.0,2.8652207e-07,0.005789075,0.993462,-0.040994152,-0.42497075,0.7237781","-0.92861116,0.42818284,0.56012845","-0.08867562,0.05887294,0.06017495,0.20290518,-0.052013777,0.96452045,-0.040994152,-0.42497075,0.7237781",0.0
"-0.08867562,0.05887294,0.06017495,0.20290518,-0.052013777,0.96452045,-0.040994152,-0.42497075,0.7237781","-0.97596514,0.0090584755,0.65778506","-0.1818732,0.06011843,0.13084123,0.2578582,-0.15889642,0.92120993,-0.040994152,-0.42497075,0.7237781",0.0
"-0.1818732,0.06011843,0.13084123,0.2578582,-0.15889642,0.92120993,-0.040994152,-0.42497075,0.7237781","-0.97771233,0.049961567,0.8021519","-0.27523762,0.06698789,0.21701694,0.2727717,-0.31093708,0.8367591,-0.040994152,-0.42497075,0.7237781",0.0
"-0.27523762,0.06698789,0.21701694,0.2727717,-0.31093708,0.8367591,-0.040994152,-0.42497075,0.7237781","-0.9864486,-0.18174028,0.61428","-0.36943632,0.04199953,0.28300944,0.17726187,-0.39313087,0.7874807,-0.040994152,-0.42497075,0.7237781",0.0
"-0.36943632,0.04199953,0.28300944,0.17726187,-0.39313087,0.7874807,-0.040994152,-0.42497075,0.7237781","-0.9392202,-0.17847139,0.48386228","-0.45912504,0.017460626,0.33499116,0.06109625,-0.42796737,0.7484286,-0.040994152,-0.42497075,0.7237781",0.0
"-0.45912504,0.017460626,0.33499116,0.06109625,-0.42796737,0.7484286,-0.040994152,-0.42497075,0.7237781","-0.64761704,-0.17491007,0.13050425","-0.5209678,-0.0065886183,0.34901136,-0.020723153,-0.40206876,0.75490135,-0.040994152,-0.42497075,0.7237781",0.0
"-0.5209678,-0.0065886183,0.34901136,-0.020723153,-0.40206876,0.75490135,-0.040994152,-0.42497075,0.7237781","-0.10545051,-0.009517908,0.15883768","-0.53103757,-0.007897293,0.36607546,-0.034502774,-0.41217485,0.73404586,-0.040994152,-0.42497075,0.7237781",0.0
"0.0,0.0,0.0,2.8652207e-07,0.005789075,0.993462,0.15362574,-0.24578947,0.43591902","-0.6619647,0.27759504,0.97582054","-0.06321283,0.038167883,0.10483302,0.22144292,-0.03865842,0.95249265,0.15362574,-0.24578947,0.43591902",0.0
"-0.06321283,0.038167883,0.10483302,0.22144292,-0.03865842,0.95249265,0.15362574,-0.24578947,0.43591902","-0.6358342,0.10075235,0.96140313","-0.12393038,0.052020807,0.2081172,0.35008964,-0.13737829,0.86037123,0.15362574,-0.24578947,0.43591902",0.0
"-0.12393038,0.052020807,0.2081172,0.35008964,-0.13737829,0.86037123,0.15362574,-0.24578947,0.43591902","-0.7620951,-0.27712703,0.55644953","-0.19670492,0.01391726,0.26789695,0.30174482,-0.20739135,0.83221525,0.15362574,-0.24578947,0.43591902",0.0
"-0.19670492,0.01391726,0.26789695,0.30174482,-0.20739135,0.83221525,0.15362574,-0.24578947,0.43591902","-0.6944171,-0.63301355,0.9048476","-0.26301673,-0.073118865,0.36510536,0.20782785,-0.2170175,0.7921576,0.15362574,-0.24578947,0.43591902",0.0
"-0.26301673,-0.073118865,0.36510536,0.20782785,-0.2170175,0.7921576,0.15362574,-0.24578947,0.43591902","-0.033492625,0.015608668,0.9299989","-0.26621503,-0.07097276,0.46501577,0.25820902,-0.2773158,0.6594163,0.15362574,-0.24578947,0.43591902",0.0
"-0.26621503,-0.07097276,0.46501577,0.25820902,-0.2773158,0.6594163,0.15362574,-0.24578947,0.43591902","-0.12850082,-0.37071288,0.93905926","-0.27848592,-0.12194389,0.56589955,0.2311918,-0.2677422,0.55690217,0.15362574,-0.24578947,0.43591902",0.0
"-0.27848592,-0.12194389,0.56589955,0.2311918,-0.2677422,0.55690217,0.15362574,-0.24578947,0.43591902","-0.6171856,-0.4823321,0.5913367","-0.33742267,-0.1882621,0.62942725,0.14690879,-0.25033298,0.51263255,0.15362574,-0.24578947,0.43591902",0.0
"-0.33742267,-0.1882621,0.62942725,0.14690879,-0.25033298,0.51263255,0.15362574,-0.24578947,0.43591902","0.14216089,-0.03813976,0.5642638","-0.32384732,-0.19350612,0.6900465,0.16071646,-0.24913216,0.42286307,0.15362574,-0.24578947,0.43591902",0.0
"0.0,0.0,0.0,2.8652207e-07,0.005789075,0.993462,0.15520468,-0.059415203,0.3483126","-0.5139861,0.003028512,0.84654593","-0.049081944,0.00041639648,0.09094498,0.125898,-0.013709643,0.9754043,0.15520468,-0.059415203,0.3483126",0.0
"-0.049081944,0.00041639648,0.09094498,0.125898,-0.013709643,0.9754043,0.15520468,-0.059415203,0.3483126","-0.24010146,-0.32764852,0.9771116","-0.0720099,-0.044633605,0.19591674,0.16629058,-0.03233396,0.9352662,0.15520468,-0.059415203,0.3483126",0.0
"-0.0720099,-0.044633605,0.19591674,0.16629058,-0.03233396,0.9352662,0.15520468,-0.059415203,0.3483126","0.6592659,-0.52878416,0.92767525","-0.009054806,-0.11733873,0.29557753,0.1445249,0.0016791952,0.88726825,0.15520468,-0.059415203,0.3483126",0.0
"-0.009054806,-0.11733873,0.29557753,0.1445249,0.0016791952,0.88726825,0.15520468,-0.059415203,0.3483126","-0.13574904,-0.40566432,0.89776564","-0.022017865,-0.17311552,0.3920251,0.14637263,-0.004337972,0.81688344,0.15520468,-0.059415203,0.3483126",0.0
"-0.022017865,-0.17311552,0.3920251,0.14637263,-0.004337972,0.81688344,0.15520468,-0.059415203,0.3483126","-0.17195511,0.09857273,0.9291568","-0.03843834,-0.15956229,0.4918451,0.25767085,-0.025436059,0.6913471,0.15520468,-0.059415203,0.3483126",0.0
"-0.03843834,-0.15956229,0.4918451,0.25767085,-0.025436059,0.6913471,0.15520468,-0.059415203,0.3483126","-0.21985394,-0.28182715,0.7997879","-0.059432805,-0.1983121,0.5777669,0.25187024,-0.041690215,0.59612566,0.15520468,-0.059415203,0.3483126",0.0
"-0.059432805,-0.1983121,0.5777669,0.25187024,-0.041690215,0.59612566,0.15520468,-0.059415203,0.3483126","-0.3736624,-0.5027529,0.909372","-0.09511486,-0.26743805,0.67546135,0.20228156,-0.05625217,0.49113652,0.15520468,-0.059415203,0.3483126",0.0
"-0.09511486,-0.26743805,0.67546135,0.20228156,-0.05625217,0.49113652,0.15520468,-0.059415203,0.3483126","-0.2124058,-0.49653208,0.8803265","-0.11539808,-0.33570868,0.7700355,0.15512657,-0.05264749,0.3779542,0.15520468,-0.059415203,0.3483126",0.0
"-0.11539808,-0.33570868,0.7700355,0.15512657,-0.05264749,0.3779542,0.15520468,-0.059415203,0.3483126","-0.14299858,-0.035240293,0.17423654","-0.12905341,-0.34055406,0.78875387,0.15169708,-0.05881037,0.35092142,0.15520468,-0.059415203,0.3483126",0.0
"0.0,0.0,0.0,2.8652207e-07,0.005789075,0.993462,0.13923977,-0.053918127,0.6313337","-0.68066335,-0.53911364,0.99216986","-0.064998426,-0.074125364,0.10658947,-0.010404362,0.008066487,0.9810974,0.13923977,-0.053918127,0.6313337",0.0
"-0.064998426,-0.074125364,0.10658947,-0.010404362,0.008066487,0.9810974,0.13923977,-0.053918127,0.6313337","-0.29406655,0.45453453,0.97173524","-0.09307965,-0.011629227,0.21098362,0.24552128,-0.067868076,0.9067718,0.13923977,-0.053918127,0.6313337",0.0
"-0.09307965,-0.011629227,0.21098362,0.24552128,-0.067868076,0.9067718,0.13923977,-0.053918127,0.6313337","0.101704955,-0.48941058,0.96657205","-0.083367564,-0.078920685,0.31482312,0.23339768,-0.05657218,0.8513313,0.13923977,-0.053918127,0.6313337",0.0
"-0.083367564,-0.078920685,0.31482312,0.23339768,-0.05657218,0.8513313,0.13923977,-0.053918127,0.6313337","-0.1620745,-0.7123413,0.97865605","-0.09884451,-0.17686397,0.41996083,0.16179901,-0.045843214,0.788543,0.13923977,-0.053918127,0.6313337",0.0
"-0.09884451,-0.17686397,0.41996083,0.16179901,-0.045843214,0.788543,0.13923977,-0.053918127,0.6313337","-0.612817,-0.39592338,0.84506965","-0.1573641,-0.23130143,0.51074725,0.14301357,-0.070510656,0.7035452,0.13923977,-0.053918127,0.6313337",0.0
"-0.1573641,-0.23130143,0.51074725,0.14301357,-0.070510656,0.7035452,0.13923977,-0.053918127,0.6313337","0.20195925,-0.24668217,0.6522057","-0.13807847,-0.26521897,0.5808142,0.14921024,-0.062735975,0.62593776,0.13923977,-0.053918127,0.6313337",0.0
"0.0,0.0,0.0,2.8652207e-07,0.005789075,0.993462,0.33333334,-0.26678362,0.7237781","-0.9090456,0.866421,0.9464201","-0.08680724,0.11912843,0.1016745,0.37302452,-0.09831673,0.8942561,0.33333334,-0.26678362,0.7237781",0.0
"-0.08680724,0.11912843,0.1016745,0.37302452,-0.09831673,0.8942561,0.33333334,-0.26678362,0.7237781","-0.8854056,-0.18162245,0.952754","-0.17135705,0.09415628,0.20402949,0.38995034,-0.22612329,0.82213694,0.33333334,-0.26678362,0.7237781",0.0
"-0.17135705,0.09415628,0.20402949,0.38995034,-0.22612329,0.82213694,0.33333334,-0.26678362,0.7237781","-0.47963274,-0.38159227,0.65727973","-0.21715851,0.041689303,0.27464148,0.33206546,-0.26229385,0.7977871,0.33333334,-0.26678362,0.7237781",0.0
"-0.21715851,0.041689303,0.27464148,0.33206546,-0.26229385,0.7977871,0.33333334,-0.26678362,0.7237781","-0.23357457,-0.20052665,0.4521054","-0.23946318,0.014117911,0.32321152,0.30844167,-0.2807406,0.7668841,0.33333334,-0.26678362,0.7237781",0.0
"-0.23946318,0.014117911,0.32321152,0.30844167,-0.2807406,0.7668841,0.33333334,-0.26678362,0.7237781","0.30296123,-0.098669946,0.29876876","-0.21053258,0.0005512916,0.35530847,0.3346251,-0.2531242,0.7395963,0.33333334,-0.26678362,0.7237781",0.0
"-0.21053258,0.0005512916,0.35530847,0.3346251,-0.2531242,0.7395963,0.33333334,-0.26678362,0.7237781","-0.09645641,0.024945736,0.07546711","-0.21974346,0.0039811917,0.363416,0.3362042,-0.27016848,0.7253308,0.33333334,-0.26678362,0.7237781",0.0
"0.0,0.0,0.0,2.8652207e-07,0.005789075,0.993462,0.034619883,0.011637427,0.3823091","0.5924016,-0.84314156,0.9787173","0.056570042,-0.115927644,0.105144255,-0.10272856,-0.012569913,0.9754213,0.034619883,0.011637427,0.3823091",0.0
"0.056570042,-0.115927644,0.105144255,-0.10272856,-0.012569913,0.9754213,0.034619883,0.011637427,0.3823091","-0.264485,-0.5574718,0.989964","0.03131363,-0.19257718,0.21149677,-0.116784014,-0.0057085822,0.9373096,0.034619883,0.011637427,0.3823091",0.0
"0.03131363,-0.19257718,0.21149677,-0.116784014,-0.0057085822,0.9373096,0.034619883,0.011637427,0.3823091","-0.38010132,-0.49796116,0.9546604","-0.0049832966,-0.26104432,0.3140566,-0.11507191,0.007591357,0.88004047,0.034619883,0.011637427,0.3823091",0.0
"-0.0049832966,-0.26104432,0.3140566,-0.11507191,0.007591357,0.88004047,0.034619883,0.011637427,0.3823091","0.42558408,-0.5326151,0.93426764","0.035656884,-0.33427623,0.4144256,-0.12168906,-0.007863245,0.80251795,0.034619883,0.011637427,0.3823091",0.0
"0.035656884,-0.33427623,0.4144256,-0.12168906,-0.007863245,0.80251795,0.034619883,0.011637427,0.3823091","-0.072066486,-0.25010395,0.9686158","0.028775053,-0.36866426,0.51848465,-0.056292724,0.00071015576,0.7123777,0.034619883,0.011637427,0.3823091",0.0
"0.028775053,-0.36866426,0.51848465,-0.056292724,0.00071015576,0.7123777,0.034619883,0.011637427,0.3823091","0.6511216,-0.19580162,0.968907","0.09095243,-0.39558604,0.62257504,0.006434888,0.007924189,0.5992889,0.034619883,0.011637427,0.3823091",0.0
"0.09095243,-0.39558604,0.62257504,0.006434888,0.007924189,0.5992889,0.034619883,0.011637427,0.3823091","0.3616488,-0.3059355,0.9493692","0.12548727,-0.43765065,0.7245664,0.029970057,0.01873796,0.47031826,0.034619883,0.011637427,0.3823091",0.0
"0.12548727,-0.43765065,0.7245664,0.029970057,0.01873796,0.47031826,0.034619883,0.011637427,0.3823091","0.01229012,-0.13768566,0.67147446","0.12666087,-0.4565818,0.79670334,0.049570557,0.027116414,0.3698622,0.034619883,0.011637427,0.3823091",0.0
"0.12666087,-0.4565818,0.79670334,0.049570557,0.027116414,0.3698622,0.034619883,0.011637427,0.3823091","-0.5130948,-0.06122446,-0.05065453","0.07766403,-0.46499988,0.7912616,0.04270237,0.01659669,0.37885904,0.034619883,0.011637427,0.3823091",0.0
"0.0,0.0,0.0,2.8652207e-07,0.005789075,0.993462,0.23836258,0.35421053,0.7237781","0.78778195,0.89715624,0.8552406","0.07522747,0.12335437,0.09187904,0.3703343,0.0951441,0.89809006,0.23836258,0.35421053,0.7237781",0.0
"0.07522747,0.12335437,0.09187904,0.3703343,0.0951441,0.89809006,0.23836258,0.35421053,0.7237781","0.9477699,0.06207037,0.24258661","0.16573262,0.13188873,0.117940284,0.36978388,0.21872452,0.8676419,0.23836258,0.35421053,0.7237781",0.0
"0.16573262,0.13188873,0.117940284,0.36978388,0.21872452,0.8676419,0.23836258,0.35421053,0.7237781","0.76329625,-0.22576475,0.82119083","0.23862188,0.100847244,0.20616135,0.3364361,0.3211149,0.8123103,0.23836258,0.35421053,0.7237781",0.0
"0.23862188,0.100847244,0.20616135,0.3364361,0.3211149,0.8123103,0.23836258,0.35421053,0.7237781","0.5823064,-0.2870922,0.88589334","0.2942279,0.06137354,0.30133346,0.28446996,0.38658288,0.74303967,0.23836258,0.35421053,0.7237781",0.0
"0.2942279,0.06137354,0.30133346,0.28446996,0.38658288,0.74303967,0.23836258,0.35421053,0.7237781","0.13485622,-0.36808395,0.5039506","0.3071057,0.010763884,0.35547325,0.24394631,0.3621932,0.7287143,0.23836258,0.35421053,0.7237781",0.0
"0.0,0.0,0.0,2.8652207e-07,0.005789075,0.993462,-0.045730997,0.15701754,0.62760717","0.9224225,-0.54159117,0.96450365","0.088084646,-0.07446601,0.103617266,-0.017616602,0.0010146579,0.98169345,-0.045730997,0.15701754,0.62760717",0.0
"0.088084646,-0.07446601,0.103617266,-0.017616602,0.0010146579,0.98169345,-0.045730997,0.15701754,0.62760717","0.7121968,-0.37208176,0.9599813","0.15609425,-0.12562536,0.20674871,0.0109915845,0.012430583,0.94733393,-0.045730997,0.15701754,0.62760717",0.0
"0.15609425,-0.12562536,0.20674871,0.0109915845,0.012430583,0.94733393,-0.045730997,0.15701754,0.62760717","0.9194013,-0.0049813986,0.96550107","0.24389039,-0.1263103,0.31047314,0.09995553,0.10422489,0.8776778,-0.045730997,0.15701754,0.62760717",0.0
"0.24389039,-0.1263103,0.31047314,0.09995553,0.10422489,0.8776778,-0.045730997,0.15701754,0.62760717","0.97698987,-0.76377714,0.8771807","0.33718583,-0.23132575,0.40470934,0.021267178,0.049714904,0.81876945,-0.045730997,0.15701754,0.62760717",0.0
"0.33718583,-0.23132575,0.40470934,0.021267178,0.049714904,0.81876945,-0.045730997,0.15701754,0.62760717","0.6827588,-0.0060669184,0.90626013","0.40238437,-0.23215994,0.5020695,0.03991727,0.14523567,0.7145515,-0.045730997,0.15701754,0.62760717",0.0
"0.40238437,-0.23215994,0.5020695,0.03991727,0.14523567,0.7145515,-0.045730997,0.15701754,0.62760717","0.9863403,-0.06447685,0.7232971","0.4965727,-0.24102521,0.57977384,-0.003679394,0.19602813,0.61680263,-0.045730997,0.15701754,0.62760717",0.0
"0.4965727,-0.24102521,0.57977384,-0.003679394,0.19602813,0.61680263,-0.045730997,0.15701754,0.62760717","0.6342976,-0.088347375,0.026023746","0.5571435,-0.25317255,0.58256966,-0.03790236,0.17643046,0.61852175,-0.045730997,0.15701754,0.62760717",0.0
"0.5571435,-0.25317255,0.58256966,-0.03790236,0.17643046,0.61852175,-0.045730997,0.15701754,0.62760717","0.19693232,-0.05102682,-0.07498658","0.57594913,-0.2601885,0.5745139,-0.044537656,0.15860784,0.6324161,-0.045730997,0.15701754,0.62760717",0.0
"0.0,0.0,0.0,2.8652207e-07,0.005789075,0.993462,-0.13461989,0.0974269,0.3483126","0.1771015,-0.98748463,0.9630513","0.016911894,-0.13577408,0.10346125,-0.14802173,-0.0020745525,0.9693823,-0.13461989,0.0974269,0.3483126",0.0
"0.016911894,-0.13577408,0.10346125,-0.14802173,-0.0020745525,0.9693823,-0.13461989,0.0974269,0.3483126","-0.8725375,-0.7409097,0.9819088","-0.06640911,-0.2376454,0.20894837,-0.20663078,0.049663667,0.9196665,-0.13461989,0.0974269,0.3483126",0.0
"-0.06640911,-0.2376454,0.20894837,-0.20663078,0.049663667,0.9196665,-0.13461989,0.0974269,0.3483126","-0.9072344,-0.8233666,0.83878326","-0.15304342,-0.35085413,0.29905945,-0.27008128,0.1474119,0.83798635,-0.13461989,0.0974269,0.3483126",0.0
"-0.15304342,-0.35085413,0.29905945,-0.27008128,0.1474119,0.83798635,-0.13461989,0.0974269,0.3483126","-0.16438735,-0.89830065,0.96505225","-0.16874123,-0.4743659,0.4027357,-0.32505247,0.19721508,0.72080326,-0.13461989,0.0974269,0.3483126",0.0
"-0.16874123,-0.4743659,0.4027357,-0.32505247,0.19721508,0.72080326,-0.13461989,0.0974269,0.3483126","0.403113,-0.06069541,0.8871008","-0.13024686,-0.48271126,0.49803758,-0.23976095,0.11028499,0.68280786,-0.13461989,0.0974269,0.3483126",0.0
"-0.13024686,-0.48271126,0.49803758,-0.23976095,0.11028499,0.68280786,-0.13461989,0.0974269,0.3483126","-0.4221102,-0.64358246,0.83138657","-0.17055532,-0.57120055,0.587354,-0.2347715,0.14613004,0.5743502,-0.13461989,0.0974269,0.3483126",0.0
"-0.17055532,-0.57120055,0.587354,-0.2347715,0.14613004,0.5743502,-0.13461989,0.0974269,0.3483126","0.5305947,-0.8628173,0.73168135","-0.11988738,-0.6898335,0.665959,-0.2949818,0.12289664,0.44249412,-0.13461989,0.0974269,0.3483126",0.0
"-0.11988738,-0.6898335,0.665959,-0.2949818,0.12289664,0.44249412,-0.13461989,0.0974269,0.3483126","-0.81331986,0.23292124,0.83303475","-0.19755352,-0.6578082,0.7554526,-0.14097746,0.10789641,0.3933127,-0.13461989,0.0974269,0.3483126",0.0
"-0.19755352,-0.6578082,0.7554526,-0.14097746,0.10789641,0.3933127,-0.13461989,0.0974269,0.3483126","0.039375663,-0.15518558,0.31921184","-0.19379343,-0.6791454,0.78974575,-0.12890665,0.09692664,0.35006163,-0.13461989,0.0974269,0.3483126",0.0
"0.0,0.0,0.0,2.8652207e-07,0.005789075,0.993462,-0.019766083,-0.16830409,0.49515146","-0.96550614,-0.13775188,0.9487226","-0.09219884,-0.018940184,0.101921886,0.09752064,-0.023023643,0.9765286,-0.019766083,-0.16830409,0.49515146",0.0
"-0.09219884,-0.018940184,0.101921886,0.09752064,-0.023023643,0.9765286,-0.019766083,-0.16830409,0.49515146","-0.5890095,0.057769895,0.96956074","-0.14844498,-0.010997137,0.20608245,0.22601637,-0.10729263,0.91043097,-0.019766083,-0.16830409,0.49515146",0.0
"-0.14844498,-0.010997137,0.20608245,0.22601637,-0.10729263,0.91043097,-0.019766083,-0.16830409,0.49515146","-0.84854525,-0.19244027,0.88714623","-0.22947489,-0.0374567,0.3013892,0.23225038,-0.19637004,0.8378441,-0.019766083,-0.16830409,0.49515146",0.0
"-0.22947489,-0.0374567,0.3013892,0.23225038,-0.19637004,0.8378441,-0.019766083,-0.16830409,0.49515146","-0.9387725,0.067794085,0.8355777","-0.31912082,-0.028135376,0.39115584,0.21937105,-0.33281633,0.72077614,-0.019766083,-0.16830409,0.49515146",0.0
"-0.31912082,-0.028135376,0.39115584,0.21937105,-0.33281633,0.72077614,-0.019766083,-0.16830409,0.49515146","-0.87190247,-0.573055,0.85303736","-0.40238118,-0.10692751,0.48279825,0.10655946,-0.31732714,0.6656102,-0.019766083,-0.16830409,0.49515146",0.0
"-0.40238118,-0.10692751,0.48279825,0.10655946,-0.31732714,0.6656102,-0.019766083,-0.16830409,0.49515146","-0.80898565,-0.7983639,0.7146795","-0.47963342,-0.21669845,0.5595768,0.019730702,-0.21741812,0.63249034,-0.019766083,-0.16830409,0.49515146",0.0
"-0.47963342,-0.21669845,0.5595768,0.019730702,-0.21741812,0.63249034,-0.019766083,-0.16830409,0.49515146","-0.4908532,-0.32182539,0.7608175","-0.5265063,-0.26094782,0.641312,-0.01115051,-0.20318922,0.53863317,-0.019766083,-0.16830409,0.49515146",0.0
"-0.5265063,-0.26094782,0.641312,-0.01115051,-0.20318922,0.53863317,-0.019766083,-0.16830409,0.49515146","-0.30390143,-0.28591454,0.386253","-0.55552673,-0.30025962,0.68280745,-0.024441909,-0.1720428,0.4955142,-0.019766083,-0.16830409,0.49515146",0.0
"0.0,0.0,0.0,2.8652207e-07,0.005789075,0.993462,-0.03140351,0.08596491,0.51554936","-0.94450384,-0.00058209896,0.96472526","-0.090193264,-8.004489e-05,0.103641056,0.13846248,-0.034288663,0.97024196,-0.03140351,0.08596491,0.51554936",0.0
"-0.090193264,-8.004489e-05,0.103641056,0.13846248,-0.034288663,0.97024196,-0.03140351,0.08596491,0.51554936","-0.23151582,-0.9734809,0.9755316","-0.112301365,-0.13392867,0.20844309,0.0025203137,0.0052410737,0.9467242,-0.03140351,0.08596491,0.51554936",0.0
"-0.112301365,-0.13392867,0.20844309,0.0025203137,0.0052410737,0.9467242,-0.03140351,0.08596491,0.51554936","-0.81986,-0.8454821,0.99517846","-0.19059205,-0.25017816,0.3153558,-0.072952874,0.056785993,0.8821498,-0.03140351,0.08596491,0.51554936",0.0
"-0.19059205,-0.25017816,0.3153558,-0.072952874,0.056785993,0.8821498,-0.03140351,0.08596491,0.51554936","-0.7006613,-0.936669,0.9189999","-0.25750014,-0.37896538,0.4140846,-0.13512664,0.15003684,0.7850612,-0.03140351,0.08596491,0.51554936",0.0
"-0.25750014,-0.37896538,0.4140846,-0.13512664,0.15003684,0.7850612,-0.03140351,0.08596491,0.51554936","-0.85124373,-0.41413987,0.9644213","-0.33878773,-0.4359075,0.5176931,-0.07495227,0.14705169,0.69489205,-0.03140351,0.08596491,0.51554936",0.0
"-0.33878773,-0.4359075,0.5176931,-0.07495227,0.14705169,0.69489205,-0.03140351,0.08596491,0.51554936","-0.03673476,-0.6226988,0.9536431","-0.34229565,-0.52152544,0.6201436,-0.075157695,0.15125586,0.5770644,-0.03140351,0.08596491,0.51554936",0.0
"-0.34229565,-0.52152544,0.6201436,-0.075157695,0.15125586,0.5770644,-0.03140351,0.08596491,0.51554936","0.015606523,-0.03236872,0.63910675","-0.34080535,-0.52597606,0.68880326,-0.04306496,0.09087969,0.5079125,-0.03140351,0.08596491,0.51554936",0.0
"0.0,0.0,0.0,2.8652207e-07,0.005789075,0.993462,-0.5478948,0.1819883,0.47593033","-0.03745538,-0.93114316,-0.43734062","-0.0035767236,-0.1280274,-0.04698377,-0.3357175,0.009561947,0.9255982,-0.5478948,0.1819883,0.47593033",0.0
"-0.0035767236,-0.1280274,-0.04698377,-0.3357175,0.009561947,0.9255982,-0.5478948,0.1819883,0.47593033","-0.5845543,-0.9620853,0.38304782","-0.059397426,-0.2603092,-0.005832674,-0.5311277,0.10616786,0.81400394,-0.5478948,0.1819883,0.47593033",0.0
"-0.059397426,-0.2603092,-0.005832674,-0.5311277,0.10616786,0.81400394,-0.5478948,0.1819883,0.47593033","-0.48807812,-0.47896612,0.5680647","-0.10600534,-0.3261646,0.055194914,-0.5531117,0.19745226,0.77472436,-0.5478948,0.1819883,0.47593033",0.0
"-0.10600534,-0.3261646,0.055194914,-0.5531117,0.19745226,0.77472436,-0.5478948,0.1819883,0.47593033","-0.36920184,-0.65175307,0.7771969","-0.14126143,-0.41577736,0.13868973,-0.57341766,0.27902123,0.7074481,-0.5478948,0.1819883,0.47593033",0.0
"-0.14126143,-0.41577736,0.13868973,-0.57341766,0.27902123,0.7074481,-0.5478948,0.1819883,0.47593033","0.55554974,-0.8432879,0.8001182","-0.08821046,-0.5317251,0.22464697,-0.6785057,0.19901335,0.5840508,-0.5478948,0.1819883,0.47593033",0.0
"-0.08821046,-0.5317251,0.22464697,-0.6785057,0.19901335,0.5840508,-0.5478948,0.1819883,0.47593033","-0.30260313,-0.28473306,0.809453","-0.11710687,-0.5708745,0.31160706,-0.6059026,0.23975074,0.57859343,-0.5478948,0.1819883,0.47593033",0.0
"-0.11710687,-0.5708745,0.31160706,-0.6059026,0.23975074,0.57859343,-0.5478948,0.1819883,0.47593033","0.19577599,-0.7297414,0.76337767","-0.09841168,-0.6712102,0.39361724,-0.63646746,0.20937295,0.46273246,-0.5478948,0.1819883,0.47593033",0.0
"-0.09841168,-0.6712102,0.39361724,-0.63646746,0.20937295,0.46273246,-0.5478948,0.1819883,0.47593033","-0.32363075,-0.076113045,0.15158737","-0.12931606,-0.68167543,0.40990242,-0.60440123,0.26631033,0.45456252,-0.5478948,0.1819883,0.47593033",0.0
"-0.12931606,-0.68167543,0.40990242,-0.60440123,0.26631033,0.45456252,-0.5478948,0.1819883,0.47593033","0.38554966,-0.05259961,0.12164819","-0.092498876,-0.6889076,0.42297122,-0.6222811,0.19214179,0.4496477,-0.5478948,0.1819883,0.47593033",0.0
"-0.092498876,-0.6889076,0.42297122,-0.6222811,0.19214179,0.4496477,-0.5478948,0.1819883,0.47593033","-0.03715408,0.0914731,0.5529108","-0.09604681,-0.67633057,0.48237082,-0.5292304,0.17078297,0.4888622,-0.5478948,0.1819883,0.47593033",0.0
"-0.09604681,-0.67633057,0.48237082,-0.5292304,0.17078297,0.4888622,-0.5478948,0.1819883,0.47593033","-0.31375468,-0.018820822,-0.17499322","-0.12600811,-0.6789184,0.46357122,-0.53756034,0.23093702,0.4806514,-0.5478948,0.1819883,0.47593033",0.0
"-0.12600811,-0.6789184,0.46357122,-0.53756034,0.23093702,0.4806514,-0.5478948,0.1819883,0.47593033","0.46284914,-0.16410089,0.0052684546","-0.08180938,-0.70148146,0.4641373,-0.5884055,0.16063355,0.44794577,-0.5478948,0.1819883,0.47593033",0.0
"-0.08180938,-0.70148146,0.4641373,-0.5884055,0.16063355,0.44794577,-0.5478948,0.1819883,0.47593033","-0.31304157,0.14147186,0.040116787","-0.11170258,-0.68202984,0.4684471,-0.5445122,0.20549823,0.47761086,-0.5478948,0.1819883,0.47593033",0.0
"-0.11170258,-0.68202984,0.4684471,-0.5445122,0.20549823,0.47761086,-0.5478948,0.1819883,0.47593033","0.32854867,0.14752793,0.20479465","-0.08032857,-0.66174555,0.49044836,-0.5091385,0.1372638,0.50941247,-0.5478948,0.1819883,0.47593033",0.0
"-0.08032857,-0.66174555,0.49044836,-0.5091385,0.1372638,0.50941247,-0.5478948,0.1819883,0.47593033","-0.04752958,-0.22372931,-0.042344928","-0.08486729,-0.69250727,0.48589924,-0.54835194,0.1557681,0.46741885,-0.5478948,0.1819883,0.47593033",0.0
"-0.08486729,-0.69250727,0.48589924,-0.54835194,0.1557681,0.46741885,-0.5478948,0.1819883,0.47593033","-0.21798581,-0.026414216,-0.11259723","-0.10568336,-0.69613916,0.4738029,-0.5566179,0.19803295,0.4589902,-0.5478948,0.1819883,0.47593033",0.0
"-0.10568336,-0.69613916,0.4738029,-0.5566179,0.19803295,0.4589902,-0.5478948,0.1819883,0.47593033","0.2035389,0.053798318,0.019103289","-0.08624686,-0.6887422,0.47585523,-0.55684793,0.16069205,0.4701376,-0.5478948,0.1819883,0.47593033",0.0
"-0.08624686,-0.6887422,0.47585523,-0.55684793,0.16069205,0.4701376,-0.5478948,0.1819883,0.47593033","-0.079719186,0.047314644,0.04757905","-0.09385947,-0.68223673,0.48096672,-0.5388967,0.16972545,0.4804872,-0.5478948,0.1819883,0.47593033",0.0
"0.0,0.0,0.0,2.8652207e-07,0.005789075,0.993462,0.11046784,0.12853801,0.49515146","0.9014571,0.25427055,0.8593564","0.08608261,0.03496089,0.09232121,0.19273777,0.059439834,0.96094924,0.11046784,0.12853801,0.49515146",0.0
"0.08608261,0.03496089,0.09232121,0.19273777,0.059439834,0.96094924,0.11046784,0.12853801,0.49515146","0.7859664,-0.73588204,0.9745219","0.16113667,-0.06621912,0.19701476,0.10754199,0.06624218,0.94233555,0.11046784,0.12853801,0.49515146",0.0
"0.16113667,-0.06621912,0.19701476,0.10754199,0.06624218,0.94233555,0.11046784,0.12853801,0.49515146","-0.20175427,-0.4060887,0.8703091","0.14187059,-0.12205426,0.29051268,0.1140271,0.06089376,0.8930221,0.11046784,0.12853801,0.49515146",0.0
"0.14187059,-0.12205426,0.29051268,0.1140271,0.06089376,0.8930221,0.11046784,0.12853801,0.49515146","0.3349676,0.36693287,0.9770919","0.17385755,-0.0716029,0.39548233,0.2783678,0.17598812,0.75374126,0.11046784,0.12853801,0.49515146",0.0
"0.17385755,-0.0716029,0.39548233,0.2783678,0.17598812,0.75374126,0.11046784,0.12853801,0.49515146","0.9275992,-0.70715916,0.9831948","0.26243657,-0.16883367,0.50110763,0.16613284,0.18817692,0.6847303,0.11046784,0.12853801,0.49515146",0.0
"0.26243657,-0.16883367,0.50110763,0.16613284,0.18817692,0.6847303,0.11046784,0.12853801,0.49515146","-0.12535107,-0.59619826,0.84539056","0.25046644,-0.2508079,0.5919286,0.12989259,0.1384734,0.6045016,0.11046784,0.12853801,0.49515146",0.0
"0.25046644,-0.2508079,0.5919286,0.12989259,0.1384734,0.6045016,0.11046784,0.12853801,0.49515146","0.07174754,-0.2228921,0.77130914","0.2573178,-0.28145444,0.67479086,0.12900321,0.14345805,0.49902642,0.11046784,0.12853801,0.49515146",0.0
"0.2573178,-0.28145444,0.67479086,0.12900321,0.14345805,0.49902642,0.11046784,0.12853801,0.49515146","0.07001901,-0.121626616,0.07455385","0.2640041,-0.2981775,0.68280023,0.11469629,0.13383299,0.4946365,0.11046784,0.12853801,0.49515146",0.0
"0.0,0.0,0.0,2.8652207e-07,0.005789075,0.993462,0.08456141,-0.14,0.62760717","-0.8466079,0.5497118,0.9814745","-0.08084491,0.07558254,0.10544044,0.29454955,-0.07048064,0.9280219,0.08456141,-0.14,0.62760717",0.0
"-0.08084491,0.07558254,0.10544044,0.29454955,-0.07048064,0.9280219,0.08456141,-0.14,0.62760717","-0.18783927,-0.7119944,0.9409814","-0.098782204,-0.022313034,0.20653068,0.21876009,-0.06407584,0.91666895,0.08456141,-0.14,0.62760717",0.0
"-0.098782204,-0.022313034,0.20653068,0.21876009,-0.06407584,0.91666895,0.08456141,-0.14,0.62760717","-0.6340155,-0.34454733,0.90338576","-0.15932609,-0.06968653,0.303582,0.21826406,-0.11279221,0.8571827,0.08456141,-0.14,0.62760717",0.0
"-0.15932609,-0.06968653,0.303582,0.21826406,-0.11279221,0.8571827,0.08456141,-0.14,0.62760717","-0.12764162,-0.2855668,0.33543015","-0.17151494,-0.108950526,0.33961755,0.18304601,-0.10268752,0.8426132,0.08456141,-0.14,0.62760717",0.0
"-0.17151494,-0.108950526,0.33961755,0.18304601,-0.10268752,0.8426132,0.08456141,-0.14,0.62760717","-0.6680711,-0.6472478,0.840418","-0.23531091,-0.19794379,0.42990425,0.10789043,-0.09053147,0.78559035,0.08456141,-0.14,0.62760717",0.0
"-0.23531091,-0.19794379,0.42990425,0.10789043,-0.09053147,0.78559035,0.08456141,-0.14,0.62760717","-0.5600279,-0.21622461,0.9133923","-0.2887895,-0.22767359,0.52803063,0.114883184,-0.13755025,0.6801097,0.08456141,-0.14,0.62760717",0.0
"-0.2887895,-0.22767359,0.52803063,0.114883184,-0.13755025,0.6801097,0.08456141,-0.14,0.62760717","-0.5257512,-0.19782221,0.3900025","-0.33899492,-0.25487313,0.56992894,0.087036364,-0.14519346,0.63640964,0.08456141,-0.14,0.62760717",0.0
"0.0,0.0,0.0,2.8652207e-07,0.005789075,0.993462,0.015438597,0.0374269,0.52215254","0.9189106,0.12456834,0.94437873","0.087749295,0.017127499,0.10145522,0.16784613,0.053495847,0.9645797,0.015438597,0.0374269,0.52215254",0.0
"0.087749295,0.017127499,0.10145522,0.16784613,0.053495847,0.9645797,0.015438597,0.0374269,0.52215254","0.6786858,-0.84590757,0.9648076","0.15255885,-0.09918046,0.20510517,0.057959314,0.036645394,0.9454591,0.015438597,0.0374269,0.52215254",0.0
"0.15255885,-0.09918046,0.20510517,0.057959314,0.036645394,0.9454591,0.015438597,0.0374269,0.52215254","0.803612,-0.5945375,0.87114096","0.22929795,-0.18092634,0.29869244,0.013184341,0.019274874,0.8978886,0.015438597,0.0374269,0.52215254",0.0
"0.22929795,-0.18092634,0.29869244,0.013184341,0.019274874,0.8978886,0.015438597,0.0374269,0.52215254","0.4537084,-0.06314182,0.83896494","0.27262378,-0.18960805,0.38882306,0.06942828,0.08890906,0.82529306,0.015438597,0.0374269,0.52215254",0.0
"0.27262378,-0.18960805,0.38882306,0.06942828,0.08890906,0.82529306,0.015438597,0.0374269,0.52215254","0.25518703,-0.8009274,0.9366894","0.29699227,-0.29973146,0.48945224,0.011045098,0.024627214,0.7433775,0.015438597,0.0374269,0.52215254",0.0
"0.29699227,-0.29973146,0.48945224,0.011045098,0.024627214,0.7433775,0.015438597,0.0374269,0.52215254","0.061443448,-0.34617865,0.96158624","0.3028597,-0.34732926,0.59275615,0.025011832,0.04505748,0.6318812,0.015438597,0.0374269,0.52215254",0.0
"0.3028597,-0.34732926,0.59275615,0.025011832,0.04505748,0.6318812,0.015438597,0.0374269,0.52215254","0.5866711,-0.3978964,0.8038635","0.35888255,-0.402038,0.6791158,0.014446339,0.043918543,0.5281366,0.015438597,0.0374269,0.52215254",0.0
"0.0,0.0,0.0,2.8652207e-07,0.005789075,0.993462,0.006549708,0.14918128,0.6313337","0.9238552,0.07385218,0.8924129","0.08822147,0.010154287,0.095872484,0.14640993,0.047669213,0.97000486,0.006549708,0.14918128,0.6313337",0.0
"0.08822147,0.010154287,0.095872484,0.14640993,0.047669213,0.97000486,0.006549708,0.14918128,0.6313337","0.87324595,-0.29920948,0.96968246","0.17161012,-0.03098549,0.20004612,0.17070214,0.10886812,0.92615724,0.006549708,0.14918128,0.6313337",0.0
"0.17161012,-0.03098549,0.20004612,0.17070214,0.10886812,0.92615724,0.006549708,0.14918128,0.6313337","0.93284786,-0.46200943,0.90051115","0.2606903,-0.09450943,0.29678866,0.12579748,0.14302096,0.8768825,0.006549708,0.14918128,0.6313337",0.0
"0.2606903,-0.09450943,0.29678866,0.12579748,0.14302096,0.8768825,0.006549708,0.14918128,0.6313337","0.8989798,-0.4839748,0.8298273","0.34653634,-0.16105351,0.3859376,0.06996915,0.14619195,0.818626,0.006549708,0.14918128,0.6313337",0.0
"0.34653634,-0.16105351,0.3859376,0.06996915,0.14619195,0.818626,0.006549708,0.14918128,0.6313337","0.5853324,-0.55279905,0.9631337","0.40243134,-0.23706056,0.48940772,0.03403921,0.12673724,0.73137176,0.006549708,0.14918128,0.6313337",0.0
"0.40243134,-0.23706056,0.48940772,0.03403921,0.12673724,0.73137176,0.006549708,0.14918128,0.6313337","0.6434362,-0.12500918,0.7244297","0.46387482,-0.2542487,0.56723374,0.0132928975,0.16774833,0.6397645,0.006549708,0.14918128,0.6313337",0.0
"0.46387482,-0.2542487,0.56723374,0.0132928975,0.16774833,0.6397645,0.006549708,0.14918128,0.6313337","0.34907055,-0.0634591,0.10369277","0.49720854,-0.26297402,0.5783736,-0.004357368,0.16334963,0.6283375,0.006549708,0.14918128,0.6313337",0.0
"0.49720854,-0.26297402,0.5783736,-0.004357368,0.16334963,0.6283375,0.006549708,0.14918128,0.6313337","-0.1967262,-0.044632316,0.030298471","0.47842258,-0.26911077,0.5816287,0.0048365477,0.15671462,0.6263527,0.006549708,0.14918128,0.6313337",0.0
"0.0,0.0,0.0,2.8652207e-07,0.005789075,0.993462,0.19444445,-0.09865497,0.47566882","-0.5571006,0.2085309,0.7979901","-0.05319906,0.02867192,0.085728586,0.1780488,-0.024166616,0.96709114,0.19444445,-0.09865497,0.47566882",0.0
"-0.05319906,0.02867192,0.085728586,0.1780488,-0.024166616,0.96709114,0.19444445,-0.09865497,0.47566882","-0.3520428,-0.30996388,0.9806607","-0.086816594,-0.013946531,0.1910816,0.21926908,-0.05532116,0.92392653,0.19444445,-0.09865497,0.47566882",0.0
"-0.086816594,-0.013946531,0.1910816,0.21926908,-0.05532116,0.92392653,0.19444445,-0.09865497,0.47566882","0.12060821,-0.37417138,0.90180564","-0.0752994,-0.06539319,0.2879632,0.2316263,-0.049884107,0.86995846,0.19444445,-0.09865497,0.47566882",0.0
"-0.0752994,-0.06539319,0.2879632,0.2316263,-0.049884107,0.86995846,0.19444445,-0.09865497,0.47566882","-0.071694255,-0.1505748,0.9735242","-0.08214568,-0.086096466,0.3925496,0.29343712,-0.07146678,0.7685658,0.19444445,-0.09865497,0.47566882",0.0
"-0.08214568,-0.086096466,0.3925496,0.29343712,-0.07146678,0.7685658,0.19444445,-0.09865497,0.47566882","-0.38582903,-0.65845823,0.9454372","-0.118989564,-0.17663111,0.4941186,0.21945438,-0.07986477,0.69859177,0.19444445,-0.09865497,0.47566882",0.0
"-0.118989564,-0.17663111,0.4941186,0.21945438,-0.07986477,0.69859177,0.19444445,-0.09865497,0.47566882","-0.103851855,-0.16732675,0.62834835","-0.12890667,-0.1996377,0.5616225,0.22680618,-0.09092587,0.6200024,0.19444445,-0.09865497,0.47566882",0.0
"-0.12890667,-0.1996377,0.5616225,0.22680618,-0.09092587,0.6200024,0.19444445,-0.09865497,0.47566882","-0.27562416,-0.13935626,0.8364897","-0.1552268,-0.21879849,0.6514872,0.2323252,-0.116669066,0.49955875,0.19444445,-0.09865497,0.47566882",0.0
"-0.1552268,-0.21879849,0.6514872,0.2323252,-0.116669066,0.49955875,0.19444445,-0.09865497,0.47566882","0.03093183,-0.22067237,0.25144958","-0.15227304,-0.24913982,0.6785006,0.20897526,-0.101843596,0.47666043,0.19444445,-0.09865497,0.47566882",0.0
"0.0,0.0,0.0,2.8652207e-07,0.005789075,0.993462,0.15362574,-0.24578947,0.43591902","-0.8241411,0.4985783,0.97602785","-0.07869949,0.06855194,0.1048553,0.2803518,-0.06479184,0.9334836,0.15362574,-0.24578947,0.43591902",0.0
"-0.07869949,0.06855194,0.1048553,0.2803518,-0.06479184,0.9334836,0.15362574,-0.24578947,0.43591902","-0.7417928,0.11398697,0.9172299","-0.14953531,0.08422457,0.2033939,0.38760522,-0.19029054,0.8335128,0.15362574,-0.24578947,0.43591902",0.0
"-0.14953531,0.08422457,0.2033939,0.38760522,-0.19029054,0.8335128,0.15362574,-0.24578947,0.43591902","-0.678968,-0.21076238,0.7254164","-0.21437183,0.055245824,0.28132588,0.35769328,-0.27800363,0.7752441,0.15362574,-0.24578947,0.43591902",0.0
"-0.21437183,0.055245824,0.28132588,0.35769328,-0.27800363,0.7752441,0.15362574,-0.24578947,0.43591902","-0.46234792,-0.10977125,0.93690026","-0.2585227,0.04015284,0.38197768,0.34849918,-0.35926494,0.6585124,0.15362574,-0.24578947,0.43591902",0.0
"-0.2585227,0.04015284,0.38197768,0.34849918,-0.35926494,0.6585124,0.15362574,-0.24578947,0.43591902","-0.26489592,-0.79740596,0.9407022","-0.28381833,-0.06948638,0.48303795,0.25003645,-0.30051777,0.6321157,0.15362574,-0.24578947,0.43591902",0.0
"-0.28381833,-0.06948638,0.48303795,0.25003645,-0.30051777,0.6321157,0.15362574,-0.24578947,0.43591902","-0.37078226,-0.54700243,0.8512919","-0.31922537,-0.1446964,0.5744928,0.18065163,-0.27237418,0.56285596,0.15362574,-0.24578947,0.43591902",0.0
"-0.31922537,-0.1446964,0.5744928,0.18065163,-0.27237418,0.56285596,0.15362574,-0.24578947,0.43591902","-0.0038630366,-0.36291927,0.76455474","-0.31959426,-0.19459596,0.65662944,0.16053696,-0.24147291,0.47544837,0.15362574,-0.24578947,0.43591902",0.0
"-0.31959426,-0.19459596,0.65662944,0.16053696,-0.24147291,0.47544837,0.15362574,-0.24578947,0.43591902","-0.095243275,-0.007923007,0.25125027","-0.32868934,-0.19568534,0.68362147,0.15536103,-0.2489563,0.4344301,0.15362574,-0.24578947,0.43591902",0.0
"0.0,0.0,0.0,2.8652207e-07,0.005789075,0.993462,-0.060877196,0.04005848,0.2237676","-0.24045289,-0.52353436,0.98211336","-0.02296152,-0.0719833,0.10550909,-0.008282714,0.006402727,0.98138076,-0.060877196,0.04005848,0.2237676",0.0
"-0.02296152,-0.0719833,0.10550909,-0.008282714,0.006402727,0.98138076,-0.060877196,0.04005848,0.2237676","-0.1729374,-0.6518127,0.92840576","-0.0394758,-0.16160421,0.20524837,-0.060081076,0.0133233955,0.94593376,-0.060877196,0.04005848,0.2237676",0.0
"-0.0394758,-0.16160421,0.20524837,-0.060081076,0.0133233955,0.94593376,-0.060877196,0.04005848,0.2237676","-0.9246673,-0.7219321,0.9915488","-0.12777483,-0.26086622,0.31177112,-0.10624207,0.051385093,0.88116056,-0.060877196,0.04005848,0.2237676",0.0
"-0.12777483,-0.26086622,0.31177112,-0.10624207,0.051385093,0.88116056,-0.060877196,0.04005848,0.2237676","0.00516212,-0.67675257,0.95765305","-0.12728189,-0.35391626,0.41465247,-0.14205879,0.06632448,0.7957061,-0.060877196,0.04005848,0.2237676",0.0
"-0.12728189,-0.35391626,0.41465247,-0.14205879,0.06632448,0.7957061,-0.060877196,0.04005848,0.2237676","-0.49332178,-0.71015,0.96286917","-0.17439054,-0.45155826,0.5180942,-0.15847282,0.10347755,0.68784356,-0.060877196,0.04005848,0.2237676",0.0
"-0.17439054,-0.45155826,0.5180942,-0.15847282,0.10347755,0.68784356,-0.060877196,0.04005848,0.2237676","0.017015457,0.020532489,0.95083284","-0.17276569,-0.44873524,0.62024283,-0.055452928,0.040209275,0.59805685,-0.060877196,0.04005848,0.2237676",0.0
"-0.17276569,-0.44873524,0.62024283,-0.055452928,0.040209275,0.59805685,-0.060877196,0.04005848,0.2237676","0.42492843,-0.9460632,0.91693115","-0.1321881,-0.57881415,0.7187494,-0.11865173,0.05864374,0.46065632,-0.060877196,0.04005848,0.2237676",0.0
"-0.1321881,-0.57881415,0.7187494,-0.11865173,0.05864374,0.46065632,-0.060877196,0.04005848,0.2237676","0.4464692,-0.26301217,0.89826584","-0.089553535,-0.614977,0.81525075,-0.07430875,0.027501997,0.33946928,-0.060877196,0.04005848,0.2237676",0.0
"-0.089553535,-0.614977,0.81525075,-0.07430875,0.027501997,0.33946928,-0.060877196,0.04005848,0.2237676","-0.41738737,-0.43194354,0.7176906","-0.129411,-0.6743671,0.8923528,-0.057899002,0.03123127,0.22917366,-0.060877196,0.04005848,0.2237676",0.0
"0.0,0.0,0.0,2.8652207e-07,0.005789075,0.993462,-0.23081872,-0.36391813,0.47972226","-0.8011136,-0.58321595,0.95168185","-0.07650055,-0.080189206,0.10223981,-0.028596545,0.012968539,0.98161614,-0.23081872,-0.36391813,0.47972226",0.0
"-0.07650055,-0.080189206,0.10223981,-0.028596545,0.012968539,0.98161614,-0.23081872,-0.36391813,0.47972226","-0.9366895,0.1176343,0.84883606","-0.16594762,-0.06401513,0.19343086,0.11226165,-0.05780054,0.9438518,-0.23081872,-0.36391813,0.47972226",0.0
"-0.16594762,-0.06401513,0.19343086,0.11226165,-0.05780054,0.9438518,-0.23081872,-0.36391813,0.47972226","-0.97411853,-0.36273497,0.5162852","-0.2589689,-0.11388935,0.24889573,0.06904559,-0.064622656,0.9216817,-0.23081872,-0.36391813,0.47972226",0.0
"-0.2589689,-0.11388935,0.24889573,0.06904559,-0.064622656,0.9216817,-0.23081872,-0.36391813,0.47972226","-0.9812469,-0.4708144,0.77256775","-0.35267082,-0.17862396,0.33189324,0.035568472,-0.058313984,0.8733346,-0.23081872,-0.36391813,0.47972226",0.0
"-0.35267082,-0.17862396,0.33189324,0.035568472,-0.058313984,0.8733346,-0.23081872,-0.36391813,0.47972226","-0.8323657,0.40707052,0.7256913","-0.43215573,-0.12265388,0.4098548,0.05932442,-0.24674381,0.77230465,-0.23081872,-0.36391813,0.47972226",0.0
"-0.43215573,-0.12265388,0.4098548,0.05932442,-0.24674381,0.77230465,-0.23081872,-0.36391813,0.47972226","-0.95262647,-0.16073388,0.6287502","-0.52312464,-0.144754,0.47740194,-0.01395965,-0.2715603,0.70098865,-0.23081872,-0.36391813,0.47972226",0.0
"-0.52312464,-0.144754,0.47740194,-0.01395965,-0.2715603,0.70098865,-0.23081872,-0.36391813,0.47972226","-0.74922633,0.15273881,-0.067433834","-0.5946703,-0.12375322,0.47015756,-0.08241629,-0.28864,0.6960333,-0.23081872,-0.36391813,0.47972226",0.0
"-0.5946703,-0.12375322,0.47015756,-0.08241629,-0.28864,0.6960333,-0.23081872,-0.36391813,0.47972226","-0.690344,0.034076095,0.7495786","-0.66059315,-0.119067945,0.5506853,-0.16497947,-0.31074932,0.5772845,-0.23081872,-0.36391813,0.47972226",0.0
"-0.66059315,-0.119067945,0.5506853,-0.16497947,-0.31074932,0.5772845,-0.23081872,-0.36391813,0.47972226","-0.64733404,0.42418694,0.2671287","-0.7224089,-0.06074444,0.5793831,-0.2740106,-0.33516088,0.47731853,-0.23081872,-0.36391813,0.47972226",0.0
"-0.7224089,-0.06074444,0.5793831,-0.2740106,-0.33516088,0.47731853,-0.23081872,-0.36391813,0.47972226","0.40920484,-0.0038906336,-0.06708205","-0.6833328,-0.061279386,0.57217646,-0.23003927,-0.36485645,0.48907954,-0.23081872,-0.36391813,0.47972226",0.0
"0.0,0.0,0.0,2.8652207e-07,0.005789075,0.993462,0.3205848,0.48011693,0.47593033","0.7179748,0.8317435,0.9809537","0.06856139,0.114360444,0.10538447,0.37069148,0.0870283,0.895717,0.3205848,0.48011693,0.47593033",0.0
"0.06856139,0.114360444,0.10538447,0.37069148,0.0870283,0.895717,0.3205848,0.48011693,0.47593033","0.938298,0.68712544,0.661644","0.15816203,0.20883667,0.1764653,0.54552543,0.30240244,0.7039742,0.3205848,0.48011693,0.47593033",0.0
"0.15816203,0.20883667,0.1764653,0.54552543,0.30240244,0.7039742,0.3205848,0.48011693,0.47593033","0.5686096,-0.39475518,0.78790176","0.21246013,0.15455988,0.2611101,0.46862146,0.37670806,0.67351544,0.3205848,0.48011693,0.47593033",0.0
"0.21246013,0.15455988,0.2611101,0.46862146,0.37670806,0.67351544,0.3205848,0.48011693,0.47593033","0.37960088,-0.031460702,0.7162864","0.24870926,0.15023421,0.33806124,0.4481129,0.45264912,0.56970286,0.3205848,0.48011693,0.47593033",0.0
"0.24870926,0.15023421,0.33806124,0.4481129,0.45264912,0.56970286,0.3205848,0.48011693,0.47593033","0.79512775,-0.49893987,0.7712039","0.32463822,0.08163255,0.42091218,0.2964757,0.49363405,0.54624563,0.3205848,0.48011693,0.47593033",0.0
"0.32463822,0.08163255,0.42091218,0.2964757,0.49363405,0.54624563,0.3205848,0.48011693,0.47593033","-0.2870623,-0.14517188,0.4495418","0.29722583,0.061672162,0.46920678,0.32982785,0.45548195,0.49971828,0.3205848,0.48011693,0.47593033",0.0
"0.29722583,0.061672162,0.46920678,0.32982785,0.45548195,0.49971828,0.3205848,0.48011693,0.47593033","0.03650427,0.058608413,0.06526196","0.30071172,0.06973052,0.47621796,0.33102602,0.46764892,0.47767836,0.3205848,0.48011693,0.47593033",0.0
"0.0,0.0,0.0,2.8652207e-07,0.005789075,0.993462,0.72298247,-0.0057894737,0.53209","-0.23379517,0.95794916,0.98723316","-0.022325737,0.13171308,0.106059074,0.4149458,-0.023348095,0.8782993,0.72298247,-0.0057894737,0.53209",0.0
"-0.022325737,0.13171308,0.106059074,0.4149458,-0.023348095,0.8782993,0.72298247,-0.0057894737,0.53209","0.24008918,0.7905185,0.83577514","0.00060104,0.24040532,0.19584695,0.6864128,0.0070850896,0.6278799,0.72298247,-0.0057894737,0.53209",0.0
"0.00060104,0.24040532,0.19584695,0.6864128,0.0070850896,0.6278799,0.72298247,-0.0057894737,0.53209","-0.021922648,0.0030122995,0.626289","-0.0014924109,0.24081951,0.2631296,0.7239652,0.002394846,0.5307788,0.72298247,-0.0057894737,0.53209",0.0
"0.0,0.0,0.0,2.8652207e-07,0.005789075,0.993462,0.39058483,-0.608421,0.53209","-0.7933464,0.96795523,0.6894107","-0.07575882,0.13308886,0.074063815,0.37062794,-0.08395795,0.90265006,0.39058483,-0.608421,0.53209",0.0
"-0.07575882,0.13308886,0.074063815,0.37062794,-0.08395795,0.90265006,0.39058483,-0.608421,0.53209","-0.95454144,0.82930994,0.64151835","-0.16691059,0.24711473,0.14298253,0.57165724,-0.32394376,0.6864819,0.39058483,-0.608421,0.53209",0.0
"-0.16691059,0.24711473,0.14298253,0.57165724,-0.32394376,0.6864819,0.39058483,-0.608421,0.53209","-0.8852662,0.42728925,0.4699489","-0.2514471,0.3058648,0.19346942,0.5483752,-0.5451611,0.514527,0.39058483,-0.608421,0.53209",0.0
"-0.2514471,0.3058648,0.19346942,0.5483752,-0.5451611,0.514527,0.39058483,-0.608421,0.53209","-0.684132,-0.24066055,0.18336618","-0.31677672,0.27277526,0.21316856,0.40838757,-0.6187055,0.54701215,0.39058483,-0.608421,0.53209",0.0
"-0.31677672,0.27277526,0.21316856,0.40838757,-0.6187055,0.54701215,0.39058483,-0.608421,0.53209","-0.062311232,-0.2424944,0.32206094","-0.32272702,0.23943357,0.24776779,0.3829155,-0.6040107,0.5558672,0.39058483,-0.608421,0.53209",0.0
"-0.32272702,0.23943357,0.24776779,0.3829155,-0.6040107,0.5558672,0.39058483,-0.608421,0.53209","0.007897615,-0.080599785,0.25330126","-0.32197285,0.22835153,0.27498013,0.38327459,-0.6013913,0.53500193,0.39058483,-0.608421,0.53209",0.0
"0.0,0.0,0.0,2.8652207e-07,0.005789075,0.993462,0.121286556,0.08707602,0.83518213","0.8933052,-0.2559117,0.8962357","0.08530415,-0.03518655,0.09628319,0.053971358,0.020823613,0.9815529,0.121286556,0.08707602,0.83518213",0.0
"0.08530415,-0.03518655,0.09628319,0.053971358,0.020823613,0.9815529,0.121286556,0.08707602,0.83518213","0.28240132,-0.18542331,0.8792553","0.11227142,-0.06068132,0.19074218,0.11961102,0.050198406,0.9444479,0.121286556,0.08707602,0.83518213",0.0
"0.11227142,-0.06068132,0.19074218,0.11961102,0.050198406,0.9444479,0.121286556,0.08707602,0.83518213","0.5797235,-0.41327703,0.9441087","0.16763078,-0.11750481,0.29216844,0.11818238,0.07540737,0.8901726,0.121286556,0.08707602,0.83518213",0.0
"0.16763078,-0.11750481,0.29216844,0.11818238,0.07540737,0.8901726,0.121286556,0.08707602,0.83518213","0.14343977,-0.26622772,0.5605272","0.18132822,-0.15410978,0.3523863,0.11364593,0.07966363,0.8492864,0.121286556,0.08707602,0.83518213",0.0
"0.0,0.0,0.0,2.8652207e-07,0.005789075,0.993462,-0.040058482,-0.0057894737,0.52215254","0.45891225,-0.4540031,0.8935019","0.043822777,-0.062423106,0.095989496,-0.0021430627,0.005547581,0.9834943,-0.040058482,-0.0057894737,0.52215254",0.0
"0.043822777,-0.062423106,0.095989496,-0.0021430627,0.005547581,0.9834943,-0.040058482,-0.0057894737,0.52215254","-0.06520373,-0.31184047,0.9498267","0.037596274,-0.10529959,0.19803002,0.045282006,0.011202999,0.94999534,-0.040058482,-0.0057894737,0.52215254",0.0
"0.037596274,-0.10529959,0.19803002,0.045282006,0.011202999,0.94999534,-0.040058482,-0.0057894737,0.52215254","0.5800936,-0.8527429,0.9794214","0.092990994,-0.2225474,0.30324996,-0.05329099,-0.009981704,0.8935243,-0.040058482,-0.0057894737,0.52215254",0.0
"0.092990994,-0.2225474,0.30324996,-0.05329099,-0.009981704,0.8935243,-0.040058482,-0.0057894737,0.52215254","-0.080352485,-0.5506114,0.93370116","0.0853179,-0.2982537,0.40355814,-0.069188654,-0.012998766,0.81837153,-0.040058482,-0.0057894737,0.52215254",0.0
"0.0853179,-0.2982537,0.40355814,-0.069188654,-0.012998766,0.81837153,-0.040058482,-0.0057894737,0.52215254","-0.5044052,-0.735739,0.969895","0.037150864,-0.39941406,0.5077546,-0.11821763,-0.008031638,0.715229,-0.040058482,-0.0057894737,0.52215254",0.0
"0.037150864,-0.39941406,0.5077546,-0.11821763,-0.008031638,0.715229,-0.040058482,-0.0057894737,0.52215254","0.6100874,-0.38414133,0.85795474","0.09540978,-0.4522316,0.59992534,-0.092012614,-0.022377165,0.61829025,-0.040058482,-0.0057894737,0.52215254",0.0
"0.09540978,-0.4522316,0.59992534,-0.092012614,-0.022377165,0.61829025,-0.040058482,-0.0057894737,0.52215254","0.21724546,-0.06404388,0.6294091","0.11615514,-0.46103734,0.66754323,-0.038559973,-0.008533481,0.54323053,-0.040058482,-0.0057894737,0.52215254",0.0
"0.11615514,-0.46103734,0.66754323,-0.038559973,-0.008533481,0.54323053,-0.040058482,-0.0057894737,0.52215254","-0.039717793,-0.10107738,0.1428473","0.112362385,-0.47493502,0.6828894,-0.042188384,-0.009373862,0.5236184,-0.040058482,-0.0057894737,0.52215254",0.0
"0.0,0.0,0.0,2.8652207e-07,0.005789075,0.993462,-0.23152047,-0.18754385,0.5737357","0.5613959,-0.7950085,0.67957926","0.05360922,-0.1093096,0.07300766,-0.1331267,-0.016763326,0.9774888,-0.23152047,-0.18754385,0.5737357",0.0
"0.05360922,-0.1093096,0.07300766,-0.1331267,-0.016763326,0.9774888,-0.23152047,-0.18754385,0.5737357","0.5226531,-0.7358597,0.98674","0.10351879,-0.21048656,0.1790138,-0.19017066,-0.058013562,0.93575704,-0.23152047,-0.18754385,0.5737357",0.0
"0.10351879,-0.21048656,0.1790138,-0.19017066,-0.058013562,0.93575704,-0.23152047,-0.18754385,0.5737357","0.7182791,-0.9661057,0.96034026","0.17210923,-0.34332117,0.28218386,-0.27480838,-0.15823698,0.8451539,-0.23152047,-0.18754385,0.5737357",0.0
"0.17210923,-0.34332117,0.28218386,-0.27480838,-0.15823698,0.8451539,-0.23152047,-0.18754385,0.5737357","0.40079737,-0.7742163,0.74475455","0.21038246,-0.44977197,0.36219338,-0.31595284,-0.23835398,0.7478666,-0.23152047,-0.18754385,0.5737357",0.0
"0.21038246,-0.44977197,0.36219338,-0.31595284,-0.23835398,0.7478666,-0.23152047,-0.18754385,0.5737357","0.01641345,-0.66521025,0.9023354","0.21194984,-0.54123497,0.4591319,-0.32328302,-0.24658987,0.6481277,-0.23152047,-0.18754385,0.5737357",0.0
"0.21194984,-0.54123497,0.4591319,-0.32328302,-0.24658987,0.6481277,-0.23152047,-0.18754385,0.5737357","0.043159008,-0.0935967,0.8348608","0.2160712,-0.5541041,0.54882157,-0.23960488,-0.18584955,0.60754883,-0.23152047,-0.18754385,0.5737357",0.0
"0.2160712,-0.5541041,0.54882157,-0.23960488,-0.18584955,0.60754883,-0.23152047,-0.18754385,0.5737357","0.08929598,-0.19082117,0.3389902","0.22459832,-0.5803411,0.5852395,-0.22566661,-0.18464091,0.5692451,-0.23152047,-0.18754385,0.5737357",0.0
"0.0,0.0,0.0,2.8652207e-07,0.005789075,0.993462,0.8240351,0.1433918,0.33098742","0.004799485,0.98214185,0.9751241","0.00045832107,0.13503946,0.1047582,0.4204993,0.006394492,0.87602955,0.8240351,0.1433918,0.33098742",0.0
"0.00045832107,0.13503946,0.1047582,0.4204993,0.006394492,0.87602955,0.8240351,0.1433918,0.33098742","0.42454588,0.9467585,0.9979458","0.040999375,0.2652139,0.21196814,0.7239508,0.099603906,0.56232125,0.8240351,0.1433918,0.33098742",0.0
"0.040999375,0.2652139,0.21196814,0.7239508,0.099603906,0.56232125,0.8240351,0.1433918,0.33098742","-0.033551276,0.6435877,0.8236352","0.037795477,0.35370392,0.3004518,0.8375865,0.10575383,0.25563815,0.8240351,0.1433918,0.33098742",0.0
"0.037795477,0.35370392,0.3004518,0.8375865,0.10575383,0.25563815,0.8240351,0.1433918,0.33098742","-0.03915274,0.062425137,-0.37060535","0.034056675,0.36228707,0.26063743,0.84501725,0.09657948,0.30001467,0.8240351,0.1433918,0.33098742",0.0
"0.034056675,0.36228707,0.26063743,0.84501725,0.09657948,0.30001467,0.8240351,0.1433918,0.33098742","-0.09069747,-0.023933291,-0.05087161","0.025395727,0.35899642,0.25517225,0.84412277,0.07329775,0.31534213,0.8240351,0.1433918,0.33098742",0.0
"0.025395727,0.35899642,0.25517225,0.84412277,0.07329775,0.31534213,0.8240351,0.1433918,0.33098742","0.0971508,-0.11075491,0.024858594","0.034672927,0.3437682,0.2578428,0.82875055,0.096457094,0.34242415,0.8240351,0.1433918,0.33098742",0.0
"0.034672927,0.3437682,0.2578428,0.82875055,0.096457094,0.34242415,0.8240351,0.1433918,0.33098742","0.13563848,-0.011160076,0.07110429","0.047625422,0.34223378,0.26548162,0.82375616,0.13003287,0.33367252,0.8240351,0.1433918,0.33098742",0.0
"0.0,0.0,0.0,2.8652207e-07,0.005789075,0.993462,-0.4809357,-0.5138596,0.62845707","0.7365742,-0.46591365,0.8252696","0.070337474,-0.06406075,0.08865926,-0.015948448,0.0023506407,0.9848292,-0.4809357,-0.5138596,0.62845707",0.0
"0.070337474,-0.06406075,0.08865926,-0.015948448,0.0023506407,0.9848292,-0.4809357,-0.5138596,0.62845707","0.20977402,-0.69383115,0.8139168","0.09036936,-0.159459,0.17609891,-0.094556816,-0.021559928,0.9545891,-0.4809357,-0.5138596,0.62845707",0.0
"0.09036936,-0.159459,0.17609891,-0.094556816,-0.021559928,0.9545891,-0.4809357,-0.5138596,0.62845707","0.6092906,-0.7064599,0.1395905","0.14855218,-0.25659364,0.19109526,-0.24868016,-0.11880535,0.9089275,-0.4809357,-0.5138596,0.62845707",0.0
"0.14855218,-0.25659364,0.19109526,-0.24868016,-0.11880535,0.9089275,-0.4809357,-0.5138596,0.62845707","0.6449652,-0.8768454,0.0076361895","0.21014166,-0.37715542,0.19191569,-0.4015019,-0.30439493,0.7938659,-0.4809357,-0.5138596,0.62845707",0.0
"0.21014166,-0.37715542,0.19191569,-0.4015019,-0.30439493,0.7938659,-0.4809357,-0.5138596,0.62845707","0.08430338,-0.83871216,0.96293736","0.21819203,-0.49247408,0.2953647,-0.43570763,-0.34882253,0.68672353,-0.4809357,-0.5138596,0.62845707",0.0
"0.21819203,-0.49247408,0.2953647,-0.43570763,-0.34882253,0.68672353,-0.4809357,-0.5138596,0.62845707","0.6292726,-0.3981005,-0.26075232","0.278283,-0.54721093,0.26735198,-0.4380013,-0.5146537,0.5892947,-0.4809357,-0.5138596,0.62845707",0.0
"0.278283,-0.54721093,0.26735198,-0.4380013,-0.5146537,0.5892947,-0.4809357,-0.5138596,0.62845707","0.17832744,0.1280812,-0.44023383","0.29531196,-0.52960044,0.22005747,-0.43017066,-0.5644525,0.58405745,-0.4809357,-0.5138596,0.62845707",0.0
"0.29531196,-0.52960044,0.22005747,-0.43017066,-0.5644525,0.58405745,-0.4809357,-0.5138596,0.62845707","-0.47242135,0.0034040213,-0.10704851","0.25019914,-0.5291325,0.20855723,-0.5147715,-0.5072256,0.5753921,-0.4809357,-0.5138596,0.62845707",0.0
"0.25019914,-0.5291325,0.20855723,-0.5147715,-0.5072256,0.5753921,-0.4809357,-0.5138596,0.62845707","0.7061727,0.12655413,0.46705687","0.3176335,-0.511732,0.2587335,-0.34963158,-0.53130585,0.6405878,-0.4809357,-0.5138596,0.62845707",0.0
"0.3176335,-0.511732,0.2587335,-0.34963158,-0.53130585,0.6405878,-0.4809357,-0.5138596,0.62845707","-0.5073906,0.029765248,-0.59129196","0.2691814,-0.50763947,0.19521071,-0.474392,-0.5265841,0.60172373,-0.4809357,-0.5138596,0.62845707",0.0
"0.2691814,-0.50763947,0.19521071,-0.474392,-0.5265841,0.60172373,-0.4809357,-0.5138596,0.62845707","-0.075740695,0.036357284,0.057617307","0.2619487,-0.5026406,0.20140062,-0.476398,-0.5050663,0.61531454,-0.4809357,-0.5138596,0.62845707",0.0
"0.0,0.0,0.0,2.8652207e-07,0.005789075,0.993462,0.06520468,-0.13432749,0.6313337","-0.83004117,-0.32277966,0.9631218","-0.07926292,-0.044380557,0.103468806,0.047641773,-0.006141559,0.9805916,0.06520468,-0.13432749,0.6313337",0.0
"-0.07926292,-0.044380557,0.103468806,0.047641773,-0.006141559,0.9805916,0.06520468,-0.13432749,0.6313337","-0.6511855,0.06600523,0.9564899","-0.14144641,-0.0353052,0.20622517,0.18413106,-0.081258066,0.9237024,0.06520468,-0.13432749,0.6313337",0.0
"-0.14144641,-0.0353052,0.20622517,0.18413106,-0.081258066,0.9237024,0.06520468,-0.13432749,0.6313337","-0.48311782,-0.4298849,0.78231454","-0.18758069,-0.094412185,0.29026976,0.15546115,-0.09696924,0.8826974,0.06520468,-0.13432749,0.6313337",0.0
"-0.18758069,-0.094412185,0.29026976,0.15546115,-0.09696924,0.8826974,0.06520468,-0.13432749,0.6313337","-0.65486354,-0.17851126,0.85211515","-0.25011542,-0.11895659,0.3818131,0.16961649,-0.16155002,0.8027432,0.06520468,-0.13432749,0.6313337",0.0
"-0.25011542,-0.11895659,0.3818131,0.16961649,-0.16155002,0.8027432,0.06520468,-0.13432749,0.6313337","-0.697103,-0.6307671,0.95209324","-0.3166837,-0.20568384,0.48409715,0.10191044,-0.14631711,0.7259028,0.06520468,-0.13432749,0.6313337",0.0
"-0.3166837,-0.20568384,0.48409715,0.10191044,-0.14631711,0.7259028,0.06520468,-0.13432749,0.6313337","-0.55360854,-0.3349806,0.6199169","-0.36954933,-0.25174198,0.5506953,0.06891381,-0.14410523,0.6606069,0.06520468,-0.13432749,0.6313337",0.0
"-0.36954933,-0.25174198,0.5506953,0.06891381,-0.14410523,0.6606069,0.06520468,-0.13432749,0.6313337","0.025742888,-0.11762154,0.27530062","-0.36709106,-0.26791435,0.5802711,0.06914333,-0.1415819,0.627718,0.06520468,-0.13432749,0.6313337",0.0
"0.0,0.0,0.0,2.8652207e-07,0.005789075,0.993462,-0.21760234,-0.111169584,0.8102732","0.6088712,-0.9773929,0.6045532","0.058142774,-0.13438651,0.06494756,-0.19638288,-0.030388739,0.96639013,-0.21760234,-0.111169584,0.8102732",0.0
"0.058142774,-0.13438651,0.06494756,-0.19638288,-0.030388739,0.96639013,-0.21760234,-0.111169584,0.8102732","0.54416025,-0.693152,0.9879048","0.11010612,-0.2296914,0.17107885,-0.23633188,-0.079020336,0.9253714,-0.21760234,-0.111169584,0.8102732",0.0
"0.11010612,-0.2296914,0.17107885,-0.23633188,-0.079020336,0.9253714,-0.21760234,-0.111169584,0.8102732","0.51129174,-0.558822,0.89613783","0.15893076,-0.3065266,0.26735157,-0.23766331,-0.123025045,0.87275434,-0.21760234,-0.111169584,0.8102732",0.0
"0.15893076,-0.3065266,0.26735157,-0.23766331,-0.123025045,0.87275434,-0.21760234,-0.111169584,0.8102732","0.14176416,-0.26247835,0.69349647","0.17246822,-0.34261608,0.34185442,-0.20274024,-0.11527529,0.8342135,-0.21760234,-0.111169584,0.8102732",0.0
"0.17246822,-0.34261608,0.34185442,-0.20274024,-0.11527529,0.8342135,-0.21760234,-0.111169584,0.8102732","0.018405199,-0.18388867,0.3162794","0.17422576,-0.36789986,0.3758326,-0.20220482,-0.11645672,0.80789363,-0.21760234,-0.111169584,0.8102732",0.0
"0.0,0.0,0.0,2.8652207e-07,0.005789075,0.993462,-0.06035088,-0.12309941,0.36001524","-0.8948955,-0.14335084,0.9008621","-0.085456036,-0.019710012,0.0967802,0.08966838,-0.01866439,0.9785793,-0.06035088,-0.12309941,0.36001524",0.0
"-0.085456036,-0.019710012,0.0967802,0.08966838,-0.01866439,0.9785793,-0.06035088,-0.12309941,0.36001524","-0.8146185,-0.0006777644,0.98468995","-0.16324618,-0.019803219,0.2025661,0.20164798,-0.1069064,0.9183759,-0.06035088,-0.12309941,0.36001524",0.0
"-0.16324618,-0.019803219,0.2025661,0.20164798,-0.1069064,0.9183759,-0.06035088,-0.12309941,0.36001524","-0.4333694,-0.5457841,0.95075417","-0.20462984,-0.09484575,0.30470628,0.1624632,-0.11445295,0.8697285,-0.06035088,-0.12309941,0.36001524",0.0
"-0.20462984,-0.09484575,0.30470628,0.1624632,-0.11445295,0.8697285,-0.06035088,-0.12309941,0.36001524","0.019027114,-0.046573102,0.9930613","-0.20281288,-0.10124933,0.41139153,0.23807073,-0.16900168,0.7561752,-0.06035088,-0.12309941,0.36001524",0.0
"-0.20281288,-0.10124933,0.41139153,0.23807073,-0.16900168,0.7561752,-0.06035088,-0.12309941,0.36001524","-0.36036628,-0.46999383,0.8584175","-0.23722525,-0.16587108,0.5036119,0.19305857,-0.17027579,0.67952716,-0.06035088,-0.12309941,0.36001524",0.0
"-0.23722525,-0.16587108,0.5036119,0.19305857,-0.17027579,0.67952716,-0.06035088,-0.12309941,0.36001524","-0.5178023,-0.5419359,0.8228886","-0.2866716,-0.2403845,0.59201545,0.13154101,-0.15664892,0.5993674,-0.06035088,-0.12309941,0.36001524",0.0
"-0.2866716,-0.2403845,0.59201545,0.13154101,-0.15664892,0.5993674,-0.06035088,-0.12309941,0.36001524","-0.89972556,-0.6401927,0.7845439","-0.37258887,-0.3284077,0.6762995,0.058410075,-0.123191066,0.5156712,-0.06035088,-0.12309941,0.36001524",0.0
"-0.37258887,-0.3284077,0.6762995,0.058410075,-0.123191066,0.5156712,-0.06035088,-0.12309941,0.36001524","-0.9766171,-0.3338802,0.8398838","-0.4658487,-0.37431455,0.76652884,0.019102491,-0.1233027,0.3969086,-0.06035088,-0.12309941,0.36001524",0.0
"-0.4658487,-0.37431455,0.76652884,0.019102491,-0.1233027,0.3969086,-0.06035088,-0.12309941,0.36001524","-0.906887,-0.049891353,0.2042321","-0.5524498,-0.38117436,0.7884697,-0.0147531945,-0.12401417,0.36560538,-0.06035088,-0.12309941,0.36001524",0.0
"-0.5524498,-0.38117436,0.7884697,-0.0147531945,-0.12401417,0.36560538,-0.06035088,-0.12309941,0.36001524","-0.6451707,0.06953454,-0.027721882","-0.614059,-0.37161374,0.7854916,-0.041219175,-0.1265723,0.36716124,-0.06035088,-0.12309941,0.36001524",0.0
"-0.614059,-0.37161374,0.7854916,-0.041219175,-0.1265723,0.36716124,-0.06035088,-0.12309941,0.36001524","-0.5863639,0.031288385,-0.0037375093","-0.6700524,-0.36731178,0.78509015,-0.064753644,-0.12081996,0.366361,-0.06035088,-0.12309941,0.36001524",0.0
"0.0,0.0,0.0,2.8652207e-07,0.005789075,0.993462,-0.2183041,0.32356724,0.8230218","-0.8691399,-0.6460266,0.7631538","-0.08299656,-0.08882535,0.08198612,-0.07349096,0.02560026,0.98277414,-0.2183041,0.32356724,0.8230218",0.0
"-0.08299656,-0.08882535,0.08198612,-0.07349096,0.02560026,0.98277414,-0.2183041,0.32356724,0.8230218","-0.5212498,-0.8149216,0.31847775","-0.13277215,-0.20087291,0.11620045,-0.2412925,0.11325332,0.93763053,-0.2183041,0.32356724,0.8230218",0.0
"-0.13277215,-0.20087291,0.11620045,-0.2412925,0.11325332,0.93763053,-0.2183041,0.32356724,0.8230218","-0.91313934,-0.6609689,0.74792445","-0.21997032,-0.2917528,0.1965505,-0.2564119,0.2195956,0.8831099,-0.2183041,0.32356724,0.8230218",0.0
"-0.21997032,-0.2917528,0.1965505,-0.2564119,0.2195956,0.8831099,-0.2183041,0.32356724,0.8230218","-0.55937684,-0.47828513,0.6214495","-0.27338675,-0.3575146,0.2633133,-0.23728262,0.28385028,0.8331749,-0.2183041,0.32356724,0.8230218",0.0
"-0.27338675,-0.3575146,0.2633133,-0.23728262,0.28385028,0.8331749,-0.2183041,0.32356724,0.8230218","-0.5828227,0.22288024,0.1266694","-0.32904208,-0.32686976,0.27692157,-0.14506896,0.2549384,0.857808,-0.2183041,0.32356724,0.8230218",0.0
"-0.32904208,-0.32686976,0.27692157,-0.14506896,0.2549384,0.857808,-0.2183041,0.32356724,0.8230218","0.12185156,-0.47108388,0.1641773","-0.31740615,-0.3916414,0.2945593,-0.20607871,0.3296224,0.8034558,-0.2183041,0.32356724,0.8230218",0.0
"-0.31740615,-0.3916414,0.2945593,-0.20607871,0.3296224,0.8034558,-0.2183041,0.32356724,0.8230218","-0.020539045,-0.01375109,-0.082395256","-0.31936747,-0.39353216,0.2857076,-0.21250483,0.3441599,0.8009862,-0.2183041,0.32356724,0.8230218",0.0
"-0.31936747,-0.39353216,0.2857076,-0.21250483,0.3441599,0.8009862,-0.2183041,0.32356724,0.8230218","0.12724733,0.16914165,-0.1492852","-0.3072163,-0.3702761,0.2696699,-0.21419404,0.31949335,0.82192415,-0.2183041,0.32356724,0.8230218",0.0
"0.0,0.0,0.0,2.8652207e-07,0.005789075,0.993462,-0.014678363,0.24748537,0.7141676","0.9766618,-0.15807718,0.9376912","0.09326411,-0.021734811,0.10073678,0.08684113,0.03224509,0.9776221,-0.014678363,0.24748537,0.7141676",0.0
"0.09326411,-0.021734811,0.10073678,0.08684113,0.03224509,0.9776221,-0.014678363,0.24748537,0.7141676","0.9152676,0.037890077,0.9329567","0.18066552,-0.016525136,0.20096494,0.19323096,0.1300613,0.91778284,-0.014678363,0.24748537,0.7141676",0.0
"0.18066552,-0.016525136,0.20096494,0.19323096,0.1300613,0.91778284,-0.014678363,0.24748537,0.7141676","0.8741708,-0.5923574,0.77286375","0.26414248,-0.09797125,0.28399426,0.10972741,0.12851493,0.88969105,-0.014678363,0.24748537,0.7141676",0.0
"0.26414248,-0.09797125,0.28399426,0.10972741,0.12851493,0.88969105,-0.014678363,0.24748537,0.7141676","0.80562747,0.050003648,0.92865","0.34107402,-0.09109603,0.3837598,0.13162258,0.25343835,0.7828153,-0.014678363,0.24748537,0.7141676",0.0
"0.34107402,-0.09109603,0.3837598,0.13162258,0.25343835,0.7828153,-0.014678363,0.24748537,0.7141676","0.9420469,-0.34853536,0.42492878","0.4310327,-0.13901787,0.42941022,0.046532292,0.23832512,0.7585635,-0.014678363,0.24748537,0.7141676",0.0
"0.4310327,-0.13901787,0.42941022,0.046532292,0.23832512,0.7585635,-0.014678363,0.24748537,0.7141676","0.6067805,-0.097865224,0.30938745","0.48897582,-0.15247387,0.46264797,0.002800959,0.24805588,0.725115,-0.014678363,0.24748537,0.7141676",0.0
"0.48897582,-0.15247387,0.46264797,0.002800959,0.24805588,0.725115,-0.014678363,0.24748537,0.7141676","0.27096212,-0.010890782,0.04295802","0.51485074,-0.15397131,0.46726307,-0.017406953,0.24868041,0.7201051,-0.014678363,0.24748537,0.7141676",0.0
"0.0,0.0,0.0,2.8652207e-07,0.005789075,0.993462,0.63309944,0.34918126,0.53209","0.6334003,0.7366679,0.9382336","0.06048514,0.10128804,0.10079503,0.3417394,0.07162549,0.91093343,0.63309944,0.34918126,0.53209",0.0
"0.06048514,0.10128804,0.10079503,0.3417394,0.07162549,0.91093343,0.63309944,0.34918126,0.53209","0.79931676,0.8784869,0.9429338","0.13681409,0.22207546,0.202095,0.60084337,0.28179324,0.6495548,0.63309944,0.34918126,0.53209",0.0
"0.13681409,0.22207546,0.202095,0.60084337,0.28179324,0.6495548,0.63309944,0.34918126,0.53209","0.14865375,0.2670889,0.5121231","0.15100944,0.25879884,0.25711274,0.6590366,0.3449412,0.5075647,0.63309944,0.34918126,0.53209",0.0
"0.15100944,0.25879884,0.25711274,0.6590366,0.3449412,0.5075647,0.63309944,0.34918126,0.53209","-0.038249016,-0.100957155,-0.10116863","0.14735694,0.24491778,0.24624415,0.6430396,0.32741868,0.5484895,0.63309944,0.34918126,0.53209",0.0
"0.14735694,0.24491778,0.24624415,0.6430396,0.32741868,0.5484895,0.63309944,0.34918126,0.53209","0.092602134,-0.032123744,0.09503019","0.15619978,0.24050096,0.25645334,0.63284194,0.3446974,0.5412316,0.63309944,0.34918126,0.53209",0.0
"0.0,0.0,0.0,2.8652207e-07,0.005789075,0.993462,0.10017544,-0.4191228,0.47972226","-0.8654293,0.91705537,0.91431284","-0.082642205,0.1260904,0.0982252,0.38357013,-0.09589551,0.89042264,0.10017544,-0.4191228,0.47972226",0.0
"-0.082642205,0.1260904,0.0982252,0.38357013,-0.09589551,0.89042264,0.10017544,-0.4191228,0.47972226","-0.9337995,0.4107108,0.95862484","-0.17181328,0.18256103,0.20121087,0.5188111,-0.30407867,0.7117203,0.10017544,-0.4191228,0.47972226",0.0
"-0.17181328,0.18256103,0.20121087,0.5188111,-0.30407867,0.7117203,0.10017544,-0.4191228,0.47972226","-0.86096966,-0.642508,0.8348472","-0.25402963,0.0942195,0.29089907,0.37160936,-0.37284762,0.7163934,0.10017544,-0.4191228,0.47972226",0.0
"-0.25402963,0.0942195,0.29089907,0.37160936,-0.37284762,0.7163934,0.10017544,-0.4191228,0.47972226","-0.93925136,-0.5693126,0.95908916","-0.3437213,0.015941948,0.39393464,0.22689606,-0.412124,0.6701888,0.10017544,-0.4191228,0.47972226",0.0
"-0.3437213,0.015941948,0.39393464,0.22689606,-0.412124,0.6701888,0.10017544,-0.4191228,0.47972226","-0.6785863,0.0040642023,0.93928075","-0.40852135,0.016500752,0.49484217,0.15066224,-0.48931336,0.51928425,0.10017544,-0.4191228,0.47972226",0.0
"-0.40852135,0.016500752,0.49484217,0.15066224,-0.48931336,0.51928425,0.10017544,-0.4191228,0.47972226","-0.40230238,-0.38276124,0.541245","-0.4469383,-0.03612695,0.5529885,0.081754744,-0.4510006,0.4915736,0.10017544,-0.4191228,0.47972226",0.0
"-0.4469383,-0.03612695,0.5529885,0.081754744,-0.4510006,0.4915736,0.10017544,-0.4191228,0.47972226","0.20816314,-0.21952438,0.1990428","-0.42706022,-0.06631043,0.5743719,0.10232103,-0.4132059,0.49093148,0.10017544,-0.4191228,0.47972226",0.0
"0.0,0.0,0.0,2.8652207e-07,0.005789075,0.993462,0.06491228,-0.7135087,0.42487016","-0.94766325,0.95138025,0.9026642","-0.09049496,0.13080989,0.09697378,0.38855994,-0.10751144,0.8868526,0.06491228,-0.7135087,0.42487016",0.0
"-0.09049496,0.13080989,0.09697378,0.38855994,-0.10751144,0.8868526,0.06491228,-0.7135087,0.42487016","-0.97018147,0.7528496,0.68524814","-0.18314025,0.23432285,0.17059043,0.5561737,-0.35380468,0.6716449,0.06491228,-0.7135087,0.42487016",0.0
"-0.18314025,0.23432285,0.17059043,0.5561737,-0.35380468,0.6716449,0.06491228,-0.7135087,0.42487016","-0.9782841,0.22928035,-0.10920125","-0.27655926,0.26584774,0.15885887,0.45502543,-0.52911764,0.63492304,0.06491228,-0.7135087,0.42487016",0.0
"-0.27655926,0.26584774,0.15885887,0.45502543,-0.52911764,0.63492304,0.06491228,-0.7135087,0.42487016","-0.95621103,0.5183995,0.4788853","-0.36787048,0.33712503,0.21030581,0.3344889,-0.744636,0.42882496,0.06491228,-0.7135087,0.42487016",0.0
"-0.36787048,0.33712503,0.21030581,0.3344889,-0.744636,0.42882496,0.06491228,-0.7135087,0.42487016","-0.77167577,-0.19716907,0.39459038","-0.4415599,0.31001535,0.25269687,0.15182666,-0.78595614,0.41770723,0.06491228,-0.7135087,0.42487016",0.0
"-0.4415599,0.31001535,0.25269687,0.15182666,-0.78595614,0.41770723,0.06491228,-0.7135087,0.42487016","-0.34435153,-0.49203795,0.50401926","-0.474443,0.2423627,0.306844,0.06517962,-0.7379096,0.4619117,0.06491228,-0.7135087,0.42487016",0.0
"-0.474443,0.2423627,0.306844,0.06517962,-0.7379096,0.4619117,0.06491228,-0.7135087,0.42487016","0.16387773,-0.11370927,0.57001925","-0.45879385,0.22672826,0.36808157,0.10049494,-0.7271365,0.3951987,0.06491228,-0.7135087,0.42487016",0.0
"-0.45879385,0.22672826,0.36808157,0.10049494,-0.7271365,0.3951987,0.06491228,-0.7135087,0.42487016","0.1419704,-0.05632043,0.029869914","-0.4452367,0.21898451,0.37129056,0.13006514,-0.7147216,0.40399024,0.06491228,-0.7135087,0.42487016",0.0
"-0.4452367,0.21898451,0.37129056,0.13006514,-0.7147216,0.40399024,0.06491228,-0.7135087,0.42487016","0.15492332,-0.040778816,0.06109166","-0.43044266,0.21337765,0.3778537,0.16199839,-0.7028079,0.4036594,0.06491228,-0.7135087,0.42487016",0.0
"-0.43044266,0.21337765,0.3778537,0.16199839,-0.7028079,0.4036594,0.06491228,-0.7135087,0.42487016","-0.46679926,-0.0899207,0.041326523","-0.47501862,0.20101404,0.3822935,0.06133995,-0.7061695,0.41830477,0.06491228,-0.7135087,0.42487016",0.0
"0.0,0.0,0.0,2.8652207e-07,0.005789075,0.993462,-0.006549708,0.14918128,0.6313337","0.748893,0.1625284,0.98380935","0.07151385,0.022346811,0.10569127,0.1865341,0.04856616,0.96007526,-0.006549708,0.14918128,0.6313337",0.0
"0.07151385,0.022346811,0.10569127,0.1865341,0.04856616,0.96007526,-0.006549708,0.14918128,0.6313337","0.8989999,-0.5330786,0.9024732","0.1573618,-0.05094877,0.20264459,0.14230923,0.08328288,0.9332509,-0.006549708,0.14918128,0.6313337",0.0
"0.1573618,-0.05094877,0.20264459,0.14230923,0.08328288,0.9332509,-0.006549708,0.14918128,0.6313337","0.9158945,-0.5282383,0.96418285","0.24482307,-0.12357884,0.30622742,0.09992571,0.10478454,0.88039374,-0.006549708,0.14918128,0.6313337",0.0
"0.24482307,-0.12357884,0.30622742,0.09992571,0.10478454,0.88039374,-0.006549708,0.14918128,0.6313337","0.5152166,-0.46159482,0.95614266","0.2940225,-0.18704578,0.40894648,0.0790324,0.11419389,0.8042024,-0.006549708,0.14918128,0.6313337",0.0
"0.2940225,-0.18704578,0.40894648,0.0790324,0.11419389,0.8042024,-0.006549708,0.14918128,0.6313337","0.91900194,-0.38532293,0.8899119","0.3817805,-0.24002571,0.50455034,0.045381278,0.13247287,0.71432734,-0.006549708,0.14918128,0.6313337",0.0
"0.3817805,-0.24002571,0.50455034,0.045381278,0.13247287,0.71432734,-0.006549708,0.14918128,0.6313337","0.813216,-0.23875916,0.61127996","0.4594367,-0.27285388,0.5702206,0.012406587,0.14238586,0.6428652,-0.006549708,0.14918128,0.6313337",0.0
"0.4594367,-0.27285388,0.5702206,0.012406587,0.14238586,0.6428652,-0.006549708,0.14918128,0.6313337","0.5242995,-0.014825165,0.054811954","0.50950354,-0.2748923,0.5761092,-0.010092215,0.14397958,0.63582945,-0.006549708,0.14918128,0.6313337",0.0
"0.0,0.0,0.0,2.8652207e-07,0.005789075,0.993462,0.73362577,0.40362573,0.42970812","0.44206333,0.9116101,0.9886837","0.042213842,0.1253417,0.10621491,0.39901012,0.05906909,0.88453,0.73362577,0.40362573,0.42970812",0.0
"0.042213842,0.1253417,0.10621491,0.39901012,0.05906909,0.88453,0.73362577,0.40362573,0.42970812","0.76761436,0.87891674,0.77309084","0.11551545,0.24618824,0.18926853,0.6433955,0.25050333,0.62716943,0.73362577,0.40362573,0.42970812",0.0
"0.11551545,0.24618824,0.18926853,0.6433955,0.25050333,0.62716943,0.73362577,0.40362573,0.42970812","0.61143017,0.51947,0.5269704","0.17390259,0.3176127,0.24588129,0.68616205,0.4240101,0.41326314,0.73362577,0.40362573,0.42970812",0.0
"0.17390259,0.3176127,0.24588129,0.68616205,0.4240101,0.41326314,0.73362577,0.40362573,0.42970812","-0.25108588,0.13990283,-0.37049484","0.14992571,0.33684865,0.2060788,0.7231935,0.37477022,0.43576086,0.73362577,0.40362573,0.42970812",0.0
"0.14992571,0.33684865,0.2060788,0.7231935,0.37477022,0.43576086,0.73362577,0.40362573,0.42970812","0.1123116,0.10156846,-0.21141398","0.16065064,0.35081384,0.18336646,0.7158576,0.4020687,0.44200313,0.73362577,0.40362573,0.42970812",0.0
"0.16065064,0.35081384,0.18336646,0.7158576,0.4020687,0.44200313,0.73362577,0.40362573,0.42970812","-0.14829886,-0.015281796,-0.10692912","0.14648919,0.34871268,0.171879,0.7265287,0.3666098,0.46325955,0.73362577,0.40362573,0.42970812",0.0
"0.14648919,0.34871268,0.171879,0.7265287,0.3666098,0.46325955,0.73362577,0.40362573,0.42970812","-0.02105838,0.015714765,-0.009166658","0.14447826,0.3508734,0.1708942,0.73062867,0.36289,0.46041968,0.73362577,0.40362573,0.42970812",0.0
"0.14447826,0.3508734,0.1708942,0.73062867,0.36289,0.46041968,0.73362577,0.40362573,0.42970812","0.16659927,0.050589085,0.116559744","0.16038728,0.35782918,0.18341629,0.72283614,0.40514064,0.42781368,0.73362577,0.40362573,0.42970812",0.0
"0.0,0.0,0.0,2.8652207e-07,0.005789075,0.993462,0.11959065,0.2871345,0.5664788","0.727595,-0.15512174,0.90903175","0.06948004,-0.021328455,0.097657874,0.08576854,0.024954235,0.9786276,0.11959065,0.2871345,0.5664788",0.0
"0.06948004,-0.021328455,0.097657874,0.08576854,0.024954235,0.9786276,0.11959065,0.2871345,0.5664788","0.8655596,0.61836886,0.7491766","0.15213469,0.063694075,0.17814241,0.32198653,0.17330979,0.8786977,0.11959065,0.2871345,0.5664788",0.0
"0.15213469,0.063694075,0.17814241,0.32198653,0.17330979,0.8786977,0.11959065,0.2871345,0.5664788","0.7719301,-0.25927997,0.94941044","0.2258484,0.028044406,0.2801382,0.30250236,0.26739064,0.8050971,0.11959065,0.2871345,0.5664788",0.0
"0.2258484,0.028044406,0.2801382,0.30250236,0.26739064,0.8050971,0.11959065,0.2871345,0.5664788","0.6888652,-0.49960917,0.8803754","0.29163003,-0.040649295,0.3747175,0.21773992,0.29320595,0.7539457,0.11959065,0.2871345,0.5664788",0.0
"0.29163003,-0.040649295,0.3747175,0.21773992,0.29320595,0.7539457,0.11959065,0.2871345,0.5664788","0.845683,-0.5218301,0.9628717","0.37238663,-0.11239826,0.4781595,0.12085522,0.29996297,0.6764625,0.11959065,0.2871345,0.5664788",0.0
"0.37238663,-0.11239826,0.4781595,0.12085522,0.29996297,0.6764625,0.11959065,0.2871345,0.5664788","0.41253662,-0.19699818,0.7672379","0.41178086,-0.13948451,0.56058437,0.08421233,0.31719452,0.5794585,0.11959065,0.2871345,0.5664788",0.0
"0.41178086,-0.13948451,0.56058437,0.08421233,0.31719452,0.5794585,0.11959065,0.2871345,0.5664788","-0.34212738,-0.13299775,0.12775397","0.37911016,-0.15777104,0.57430905,0.10925145,0.28931797,0.5732727,0.11959065,0.2871345,0.5664788",0.0
"0.0,0.0,0.0,2.8652207e-07,0.005789075,0.993462,-0.20023392,0.47093567,0.66238827","0.7288883,0.28811002,0.8778597","0.06960355,0.039613638,0.09430903,0.2076567,0.052075706,0.9575504,-0.20023392,0.47093567,0.66238827",0.0
"0.06960355,0.039613638,0.09430903,0.2076567,0.052075706,0.9575504,-0.20023392,0.47093567,0.66238827","0.97180295,0.3831625,0.8548026","0.16240366,0.0922965,0.18614103,0.37151724,0.21454646,0.8431267,-0.20023392,0.47093567,0.66238827",0.0
"0.16240366,0.0922965,0.18614103,0.37151724,0.21454646,0.8431267,-0.20023392,0.47093567,0.66238827","0.93365693,-0.6794616,0.802817","0.25156114,-0.0011259754,0.27238822,0.23694247,0.24750645,0.8403461,-0.20023392,0.47093567,0.66238827",0.0
"0.25156114,-0.0011259754,0.27238822,0.23694247,0.24750645,0.8403461,-0.20023392,0.47093567,0.66238827","0.92623806,-0.25197375,0.5494425","0.3400101,-0.035771083,0.33141524,0.15691203,0.29746258,0.80279607,-0.20023392,0.47093567,0.66238827",0.0
"0.3400101,-0.035771083,0.33141524,0.15691203,0.29746258,0.80279607,-0.20023392,0.47093567,0.66238827","0.9842628,-0.1846857,0.38103855","0.43400005,-0.061164435,0.37235048,0.061830785,0.3220427,0.77425647,-0.20023392,0.47093567,0.66238827",0.0
"0.43400005,-0.061164435,0.37235048,0.061830785,0.3220427,0.77425647,-0.20023392,0.47093567,0.66238827","0.9658377,0.25706136,0.33501744","0.5262305,-0.025819836,0.40834165,-0.039855327,0.41220257,0.6951148,-0.20023392,0.47093567,0.66238827",0.0
"0.5262305,-0.025819836,0.40834165,-0.039855327,0.41220257,0.6951148,-0.20023392,0.47093567,0.66238827","0.7955632,0.21375537,0.009762883","0.60220104,0.0035704179,0.40939054,-0.15080331,0.43508077,0.66228384,-0.20023392,0.47093567,0.66238827",0.0
"0.60220104,0.0035704179,0.40939054,-0.15080331,0.43508077,0.66228384,-0.20023392,0.47093567,0.66238827","0.34594274,0.2332412,-0.19022655","0.635236,0.03563988,0.3889544,-0.21036921,0.450946,0.654025,-0.20023392,0.47093567,0.66238827",0.0
"0.635236,0.03563988,0.3889544,-0.21036921,0.450946,0.654025,-0.20023392,0.47093567,0.66238827","-0.06668311,0.1333456,-0.18649876","0.6288683,0.053974207,0.36891875,-0.20778958,0.47019196,0.6600256,-0.20023392,0.47093567,0.66238827",0.0
"0.0,0.0,0.0,2.8652207e-07,0.005789075,0.993462,0.82947373,-0.0057894737,0.44441816","-0.37693375,0.94740486,0.9592662","-0.035994433,0.1302633,0.103054576,0.40726268,-0.04042408,0.88231933,0.82947373,-0.0057894737,0.44441816",0.0
"-0.035994433,0.1302633,0.103054576,0.40726268,-0.04042408,0.88231933,0.82947373,-0.0057894737,0.44441816","0.20047414,0.9479909,-0.957584","-0.016850604,0.26060718,0.00018069812,0.5350882,-0.02255549,0.81842273,0.82947373,-0.0057894737,0.44441816",0.0
"-0.016850604,0.26060718,0.00018069812,0.5350882,-0.02255549,0.81842273,0.82947373,-0.0057894737,0.44441816","0.6189623,0.61158466,0.9938694","0.04225581,0.34469694,0.10695268,0.763936,0.107853346,0.563229,0.82947373,-0.0057894737,0.44441816",0.0
"0.04225581,0.34469694,0.10695268,0.763936,0.107853346,0.563229,0.82947373,-0.0057894737,0.44441816","-0.07171041,0.06688011,0.8026954","0.03540799,0.35389265,0.19318676,0.82230335,0.097675525,0.4210629,0.82947373,-0.0057894737,0.44441816",0.0
"0.03540799,0.35389265,0.19318676,0.82230335,0.097675525,0.4210629,0.82947373,-0.0057894737,0.44441816","-0.4155234,0.031052828,-0.094037056","-0.004271477,0.35816228,0.1830843,0.82884264,-0.005333151,0.42763832,0.82947373,-0.0057894737,0.44441816",0.0
"0.0,0.0,0.0,2.8652207e-07,0.005789075,0.993462,0.11111112,0.2677193,0.43591902","0.8796706,-0.3678105,0.88586664","0.084002145,-0.05057206,0.095169246,0.020675084,0.011583075,0.9833649,0.11111112,0.2677193,0.43591902",0.0
"0.084002145,-0.05057206,0.095169246,0.020675084,0.011583075,0.9833649,0.11111112,0.2677193,0.43591902","0.91300344,0.62688875,0.9897518","0.17118734,0.035621904,0.20149894,0.28657448,0.17766675,0.88103294,0.11111112,0.2677193,0.43591902",0.0
"0.17118734,0.035621904,0.20149894,0.28657448,0.17766675,0.88103294,0.11111112,0.2677193,0.43591902","0.90940976,-0.3937974,0.91790664","0.25802937,-0.018523224,0.30011028,0.22862597,0.24886383,0.82442003,0.11111112,0.2677193,0.43591902",0.0
"0.25802937,-0.018523224,0.30011028,0.22862597,0.24886383,0.82442003,0.11111112,0.2677193,0.43591902","0.8932266,-0.3622254,0.9706447","0.343326,-0.068327375,0.40438727,0.15646863,0.30404854,0.7396399,0.11111112,0.2677193,0.43591902",0.0
"0.343326,-0.068327375,0.40438727,0.15646863,0.30404854,0.7396399,0.11111112,0.2677193,0.43591902","0.17179346,-0.41426116,0.8607414","0.35973102,-0.12528616,0.49685737,0.1292754,0.28769687,0.6604643,0.11111112,0.2677193,0.43591902",0.0
"0.35973102,-0.12528616,0.49685737,0.1292754,0.28769687,0.6604643,0.11111112,0.2677193,0.43591902","0.11103594,-0.5560976,0.9931767","0.37033415,-0.20174675,0.603555,0.09894822,0.24393037,0.56060064,0.11111112,0.2677193,0.43591902",0.0
"0.37033415,-0.20174675,0.603555,0.09894822,0.24393037,0.56060064,0.11111112,0.2677193,0.43591902","0.19295251,-0.0884186,0.73094344","0.38875973,-0.21390389,0.68208075,0.0881213,0.2587159,0.44941342,0.11111112,0.2677193,0.43591902",0.0
"0.38875973,-0.21390389,0.68208075,0.0881213,0.2587159,0.44941342,0.11111112,0.2677193,0.43591902","-0.13677967,0.11119807,0.03246844","0.37569827,-0.19861476,0.6855689,0.10522091,0.27082068,0.4334884,0.11111112,0.2677193,0.43591902",0.0
"0.0,0.0,0.0,2.8652207e-07,0.005789075,0.993462,0.24789475,-0.0057894737,0.7141676","-0.42768312,-0.100619555,0.92880404","-0.040840637,-0.013834682,0.09978203,0.10789251,-0.008082494,0.976046,0.24789475,-0.0057894737,0.7141676",0.0
"-0.040840637,-0.013834682,0.09978203,0.10789251,-0.008082494,0.976046,0.24789475,-0.0057894737,0.7141676","0.104204774,0.12959218,0.9203882","-0.03088984,0.003983562,0.19865994,0.2706323,-0.020529317,0.9070326,0.24789475,-0.0057894737,0.7141676",0.0
"-0.03088984,0.003983562,0.19865994,0.2706323,-0.020529317,0.9070326,0.24789475,-0.0057894737,0.7141676","0.1126405,-0.25230545,0.8399234","-0.020133493,-0.030707153,0.2888935,0.30372113,-0.013435786,0.8461312,0.24789475,-0.0057894737,0.7141676",0.0
"-0.020133493,-0.030707153,0.2888935,0.30372113,-0.013435786,0.8461312,0.24789475,-0.0057894737,0.7141676","0.061198592,-0.5042511,0.8393378","-0.01428948,-0.10003911,0.37906414,0.2653949,-0.00612711,0.7943631,0.24789475,-0.0057894737,0.7141676",0.0
"-0.01428948,-0.10003911,0.37906414,0.2653949,-0.00612711,0.7943631,0.24789475,-0.0057894737,0.7141676","-0.23032653,-0.27072537,0.6319083","-0.036284003,-0.13726248,0.44695053,0.2594804,-0.023879796,0.7356683,0.24789475,-0.0057894737,0.7141676",0.0
"-0.036284003,-0.13726248,0.44695053,0.2594804,-0.023879796,0.7356683,0.24789475,-0.0057894737,0.7141676","0.04654169,-0.13642728,0.17424643","-0.031839617,-0.15602057,0.46567002,0.24395123,-0.01866512,0.72338265,0.24789475,-0.0057894737,0.7141676",0.0
"0.0,0.0,0.0,2.8652207e-07,0.005789075,0.993462,-0.00011695907,-0.024093566,0.9189313","-0.9979237,-0.7975897,0.8273735","-0.09529448,-0.1096645,0.08888529,-0.105928354,0.03875382,0.97770065,-0.00011695907,-0.024093566,0.9189313",0.0
"-0.09529448,-0.1096645,0.08888529,-0.105928354,0.03875382,0.97770065,-0.00011695907,-0.024093566,0.9189313","-0.9994575,-0.35863698,0.60977244","-0.19073543,-0.15897527,0.15439358,-0.100701354,0.07578784,0.958576,-0.00011695907,-0.024093566,0.9189313",0.0
"-0.19073543,-0.15897527,0.15439358,-0.100701354,0.07578784,0.958576,-0.00011695907,-0.024093566,0.9189313","-0.96266377,0.1477902,0.6807368","-0.28266284,-0.13865493,0.22752562,0.014672073,-0.008865437,0.9376964,-0.00011695907,-0.024093566,0.9189313",0.0
"-0.28266284,-0.13865493,0.22752562,0.014672073,-0.008865437,0.9376964,-0.00011695907,-0.024093566,0.9189313","-0.97351974,-0.15091944,0.30926037","-0.37562692,-0.15940562,0.26074973,0.011900375,-0.013690847,0.9204383,-0.00011695907,-0.024093566,0.9189313",0.0
"0.0,0.0,0.0,2.8652207e-07,0.005789075,0.993462,0.63309944,0.34918126,0.53209","0.45598173,0.9677708,0.9953084","0.04354295,0.13306351,0.106926605,0.41448814,0.06289956,0.87617546,0.63309944,0.34918126,0.53209",0.0
"0.04354295,0.13306351,0.106926605,0.41448814,0.06289956,0.87617546,0.63309944,0.34918126,0.53209","0.77605116,0.6593548,0.86990213","0.11765021,0.22372141,0.20038074,0.6178949,0.24558958,0.6492065,0.63309944,0.34918126,0.53209",0.0
"0.11765021,0.22372141,0.20038074,0.6178949,0.24558958,0.6492065,0.63309944,0.34918126,0.53209","0.25026178,0.26649284,0.6082964","0.1415484,0.26036283,0.2657304,0.6736416,0.32741693,0.4917688,0.63309944,0.34918126,0.53209",0.0
"0.1415484,0.26036283,0.2657304,0.6736416,0.32741693,0.4917688,0.63309944,0.34918126,0.53209","0.012892485,-0.018230736,-0.14264476","0.14277953,0.25785625,0.25040603,0.6642054,0.32609054,0.5192759,0.63309944,0.34918126,0.53209",0.0
"0.14277953,0.25785625,0.25040603,0.6642054,0.32609054,0.5192759,0.63309944,0.34918126,0.53209","0.17283845,-0.040728867,-0.03877777","0.15928434,0.25225627,0.24624012,0.638614,0.35581273,0.5354938,0.63309944,0.34918126,0.53209",0.0
"0.0,0.0,0.0,2.8652207e-07,0.005789075,0.993462,0.29309943,-0.65380114,0.42487016","0.0074316263,0.9550128,0.9077066","0.00070967164,0.13130936,0.09751549,0.40472487,0.0066914894,0.885913,0.29309943,-0.65380114,0.42487016",0.0
"0.00070967164,0.13130936,0.09751549,0.40472487,0.0066914894,0.885913,0.29309943,-0.65380114,0.42487016","-0.85852164,0.84386873,0.6821495","-0.081272915,0.24733698,0.17079926,0.6585332,-0.16590989,0.6501277,0.29309943,-0.65380114,0.42487016",0.0
"-0.081272915,0.24733698,0.17079926,0.6585332,-0.16590989,0.6501277,0.29309943,-0.65380114,0.42487016","-0.9834497,0.51080585,0.20599103","-0.17518522,0.31757018,0.192929,0.6739639,-0.40675408,0.49304074,0.29309943,-0.65380114,0.42487016",0.0
"-0.17518522,0.31757018,0.192929,0.6739639,-0.40675408,0.49304074,0.29309943,-0.65380114,0.42487016","-0.95743465,-0.13906133,0.24541235","-0.26661327,0.29845,0.2192938,0.52371556,-0.5728006,0.49047795,0.29309943,-0.65380114,0.42487016",0.0
"-0.26661327,0.29845,0.2192938,0.52371556,-0.5728006,0.49047795,0.29309943,-0.65380114,0.42487016","-0.8721537,-0.18806714,0.63693523","-0.34989762,0.27259174,0.28772017,0.35470155,-0.68284804,0.43559954,0.29309943,-0.65380114,0.42487016",0.0
"-0.34989762,0.27259174,0.28772017,0.35470155,-0.68284804,0.43559954,0.29309943,-0.65380114,0.42487016","-0.21406221,-0.40855062,0.43668604","-0.370339,0.21641816,0.33463365,0.28978223,-0.6569996,0.46536008,0.29309943,-0.65380114,0.42487016",0.0
"-0.370339,0.21641816,0.33463365,0.28978223,-0.6569996,0.46536008,0.29309943,-0.65380114,0.42487016","-0.15709805,-0.062479734,0.32631397","-0.38534072,0.20782752,0.3696898,0.2573192,-0.66676646,0.4260936,0.29309943,-0.65380114,0.42487016",0.0
"-0.38534072,0.20782752,0.3696898,0.2573192,-0.66676646,0.4260936,0.29309943,-0.65380114,0.42487016","0.26071882,-0.059982717,0.01042974","-0.36044398,0.19958022,0.3708103,0.3049315,-0.6367323,0.43864217,0.29309943,-0.65380114,0.42487016",0.0
"-0.36044398,0.19958022,0.3708103,0.3049315,-0.6367323,0.43864217,0.29309943,-0.65380114,0.42487016","0.033622146,0.013278484,0.12317836","-0.35723332,0.20140596,0.38404348,0.31281543,-0.6366932,0.4149005,0.29309943,-0.65380114,0.42487016",0.0
"-0.35723332,0.20140596,0.38404348,0.31281543,-0.6366932,0.4149005,0.29309943,-0.65380114,0.42487016","-0.09159714,0.026924253,-0.024983764","-0.36598018,0.20510791,0.38135952,0.29668406,-0.6483537,0.41266084,0.29309943,-0.65380114,0.42487016",0.0
"0.0,0.0,0.0,2.8652207e-07,0.005789075,0.993462,-0.107309945,-0.012046783,0.7507792","0.8955674,-0.94262034,0.92543125","0.08552018,-0.12960546,0.099419706,-0.13696007,-0.031704374,0.97151244,-0.107309945,-0.012046783,0.7507792",0.0
"0.08552018,-0.12960546,0.099419706,-0.13696007,-0.031704374,0.97151244,-0.107309945,-0.012046783,0.7507792","-0.054857492,-0.2386235,0.9869697","0.08028167,-0.16241501,0.20545053,-0.062137306,-0.010034546,0.94574225,-0.107309945,-0.012046783,0.7507792",0.0
"0.08028167,-0.16241501,0.20545053,-0.062137306,-0.010034546,0.94574225,-0.107309945,-0.012046783,0.7507792","-0.064620316,-0.71352994,0.9697652","0.07411089,-0.26052174,0.3096331,-0.11815116,-0.022067137,0.882243,-0.107309945,-0.012046783,0.7507792",0.0
"0.07411089,-0.26052174,0.3096331,-0.11815116,-0.022067137,0.882243,-0.107309945,-0.012046783,0.7507792","0.17964387,-0.4918952,0.9126935","0.09126556,-0.32815486,0.40768442,-0.116110966,-0.028199082,0.8086587,-0.107309945,-0.012046783,0.7507792",0.0
"0.09126556,-0.32815486,0.40768442,-0.116110966,-0.028199082,0.8086587,-0.107309945,-0.012046783,0.7507792","-0.36462295,-0.22291178,0.5013068","0.05644671,-0.35880414,0.4615402,-0.10555973,-0.013036542,0.7626004,-0.107309945,-0.012046783,0.7507792",0.0
"0.0,0.0,0.0,2.8652207e-07,0.005789075,0.993462,-0.4269006,-0.0057894737,0.7237781","-0.1728527,-0.9752907,-0.110002995","-0.016506186,-0.13409746,-0.011817672,-0.30175436,0.021458615,0.9406166,-0.4269006,-0.0057894737,0.7237781",0.0
"-0.016506186,-0.13409746,-0.011817672,-0.30175436,0.021458615,0.9406166,-0.4269006,-0.0057894737,0.7237781","-0.28920478,-0.7778867,0.4771235","-0.044123147,-0.24105288,0.03944004,-0.44493452,0.06791865,0.87116444,-0.4269006,-0.0057894737,0.7237781",0.0
"-0.044123147,-0.24105288,0.03944004,-0.44493452,0.06791865,0.87116444,-0.4269006,-0.0057894737,0.7237781","0.26725876,-0.12399012,0.93532753","-0.018601883,-0.25810096,0.13992292,-0.34865072,0.026197273,0.89986444,-0.4269006,-0.0057894737,0.7237781",0.0
"-0.018601883,-0.25810096,0.13992292,-0.34865072,0.026197273,0.89986444,-0.4269006,-0.0057894737,0.7237781","0.20181131,-0.74585044,0.4207337","0.0006696279,-0.36065158,0.18512268,-0.4832975,0.0047724536,0.8108219,-0.4269006,-0.0057894737,0.7237781",0.0
"0.0006696279,-0.36065158,0.18512268,-0.4832975,0.0047724536,0.8108219,-0.4269006,-0.0057894737,0.7237781","-0.21931261,-0.17122674,0.8900759","-0.02027314,-0.38419443,0.28074417,-0.39336297,0.030888142,0.80964,-0.4269006,-0.0057894737,0.7237781",0.0
"-0.02027314,-0.38419443,0.28074417,-0.39336297,0.030888142,0.80964,-0.4269006,-0.0057894737,0.7237781","0.26691425,-0.4821871,0.3970754","0.0052152304,-0.4504927,0.3234023,-0.45110306,-0.0016016461,0.7456163,-0.4269006,-0.0057894737,0.7237781",0.0
"0.0052152304,-0.4504927,0.3234023,-0.45110306,-0.0016016461,0.7456163,-0.4269006,-0.0057894737,0.7237781","0.18647671,-0.13211668,0.3154409","0.0230224,-0.46865815,0.35729036,-0.4334306,-0.025599182,0.7287683,-0.4269006,-0.0057894737,0.7237781",0.0
"0.0230224,-0.46865815,0.35729036,-0.4334306,-0.025599182,0.7287683,-0.4269006,-0.0057894737,0.7237781","-0.011054575,0.0033255816,0.04423082","0.021966767,-0.46820098,0.3620422,-0.42614132,-0.023652308,0.7293793,-0.4269006,-0.0057894737,0.7237781",0.0
"0.021966767,-0.46820098,0.3620422,-0.42614132,-0.023652308,0.7293793,-0.4269006,-0.0057894737,0.7237781","-0.06150371,-0.046474755,0.045158148","0.016093604,-0.47459108,0.36689362,-0.4302535,-0.015975343,0.7227795,-0.4269006,-0.0057894737,0.7237781",0.0
"0.0,0.0,0.0,2.8652207e-07,0.005789075,0.993462,0.41730997,-0.33216372,0.78797925","-0.9677481,0.67051053,0.91870046","-0.092412904,0.09219175,0.098696575,0.31610715,-0.08840003,0.9199883,0.41730997,-0.33216372,0.78797925",0.0
"-0.092412904,0.09219175,0.098696575,0.31610715,-0.08840003,0.9199883,0.41730997,-0.33216372,0.78797925","-0.8539785,0.35374558,0.8476162","-0.17396167,0.14082995,0.18975654,0.4479824,-0.26574245,0.7828798,0.41730997,-0.33216372,0.78797925",0.0
"-0.17396167,0.14082995,0.18975654,0.4479824,-0.26574245,0.7828798,0.41730997,-0.33216372,0.78797925","-0.17573363,0.035570145,0.042829752","-0.19074294,0.14572068,0.19435778,0.4439168,-0.2961927,0.7711989,0.41730997,-0.33216372,0.78797925",0.0
"-0.19074294,0.14572068,0.19435778,0.4439168,-0.2961927,0.7711989,0.41730997,-0.33216372,0.78797925","-0.15311974,-0.045376003,0.0013412237","-0.20536478,0.13948172,0.19450189,0.42126408,-0.3098048,0.7790685,0.41730997,-0.33216372,0.78797925",0.0
"-0.20536478,0.13948172,0.19450189,0.42126408,-0.3098048,0.7790685,0.41730997,-0.33216372,0.78797925","-0.08414316,-0.034069717,0.043328643","-0.21339983,0.13479732,0.19915673,0.41024792,-0.31791046,0.77956766,0.41730997,-0.33216372,0.78797925",0.0
"-0.21339983,0.13479732,0.19915673,0.41024792,-0.31791046,0.77956766,0.41730997,-0.33216372,0.78797925","0.14290369,-0.0122718215,0.038123965","-0.19975355,0.13311,0.20325243,0.4241474,-0.30050856,0.77688515,0.41730997,-0.33216372,0.78797925",0.0
"-0.19975355,0.13311,0.20325243,0.4241474,-0.30050856,0.77688515,0.41730997,-0.33216372,0.78797925","-0.070721686,0.022920609,-0.055292428","-0.20650697,0.13626146,0.19731236,0.41772392,-0.30947492,0.77987427,0.41730997,-0.33216372,0.78797925",0.0
"-0.20650697,0.13626146,0.19731236,0.41772392,-0.30947492,0.77987427,0.41730997,-0.33216372,0.78797925","0.0008776188,-0.0309937,0.026578426","-0.20642316,0.13199998,0.20016772,0.41394967,-0.30644318,0.7819114,0.41730997,-0.33216372,0.78797925",0.0
"-0.20642316,0.13199998,0.20016772,0.41394967,-0.30644318,0.7819114,0.41730997,-0.33216372,0.78797925","0.027543902,0.021600127,0.017958641","-0.20379291,0.13496989,0.20209706,0.42205787,-0.30717626,0.77588695,0.41730997,-0.33216372,0.78797925",0.0
"-0.20379291,0.13496989,0.20209706,0.42205787,-0.30717626,0.77588695,0.41730997,-0.33216372,0.78797925","-0.0029924512,0.021937132,-0.035164833","-0.20407867,0.13798614,0.1983193,0.42323226,-0.3086376,0.7764966,0.41730997,-0.33216372,0.78797925",0.0
"-0.20407867,0.13798614,0.1983193,0.42323226,-0.3086376,0.7764966,0.41730997,-0.33216372,0.78797925","0.078282356,-0.025285125,0.01733911","-0.19660327,0.13450958,0.20018208,0.42680284,-0.29608446,0.7787284,0.41730997,-0.33216372,0.78797925",0.0
"-0.19660327,0.13450958,0.20018208,0.42680284,-0.29608446,0.7787284,0.41730997,-0.33216372,0.78797925","-0.04978317,0.036120057,0.012526274","-0.2013572,0.13947591,0.20152782,0.430301,-0.30826628,0.7707845,0.41730997,-0.33216372,0.78797925",0.0
"-0.2013572,0.13947591,0.20152782,0.430301,-0.30826628,0.7707845,0.41730997,-0.33216372,0.78797925","-0.09561217,0.011356115,0.00039958954","-0.21048748,0.14103732,0.20157076,0.42344856,-0.3221656,0.768712,0.41730997,-0.33216372,0.78797925",0.0
"-0.21048748,0.14103732,0.20157076,0.42344856,-0.3221656,0.768712,0.41730997,-0.33216372,0.78797925","0.19318807,-0.04318136,-0.024576366","-0.19203943,0.13510011,0.19893053,0.430907,-0.2898683,0.77944976,0.41730997,-0.33216372,0.78797925",0.0
"-0.19203943,0.13510011,0.19893053,0.430907,-0.2898683,0.77944976,0.41730997,-0.33216372,0.78797925","-0.08187926,0.0239048,-0.002777934","-0.19985831,0.1383869,0.1986321,0.42808506,-0.30357793,0.7756153,0.41730997,-0.33216372,0.78797925",0.0
"-0.19985831,0.1383869,0.1986321,0.42808506,-0.30357793,0.7756153,0.41730997,-0.33216372,0.78797925","-0.12661415,-0.024238408,0.008612037","-0.21194904,0.13505425,0.19955733,0.41233584,-0.3165426,0.7787725,0.41730997,-0.33216372,0.78797925",0.0
"-0.21194904,0.13505425,0.19955733,0.41233584,-0.3165426,0.7787725,0.41730997,-0.33216372,0.78797925","0.11922133,-0.0034891367,0.06366253","-0.20056427,0.13457452,0.20639665,0.42774427,-0.3047699,0.7712866,0.41730997,-0.33216372,0.78797925",0.0
"-0.20056427,0.13457452,0.20639665,0.42774427,-0.3047699,0.7712866,0.41730997,-0.33216372,0.78797925","-0.15593779,0.00824213,-0.03435892","-0.21545519,0.13570777,0.20270549,0.4119569,-0.32358253,0.77422583,0.41730997,-0.33216372,0.78797925",0.0
"0.0,0.0,0.0,2.8652207e-07,0.005789075,0.993462,-0.028070176,-0.029181285,0.52215254","0.69232106,-0.32185233,0.9218538","0.066111624,-0.04425305,0.09903537,0.03978266,0.01429985,0.9818578,-0.028070176,-0.029181285,0.52215254",0.0
"0.066111624,-0.04425305,0.09903537,0.03978266,0.01429985,0.9818578,-0.028070176,-0.029181285,0.52215254","0.46333563,-0.7007004,0.96691954","0.1103568,-0.14059578,0.20291218,-0.021479554,-0.0016049857,0.94890326,-0.028070176,-0.029181285,0.52215254",0.0
"0.1103568,-0.14059578,0.20291218,-0.021479554,-0.0016049857,0.94890326,-0.028070176,-0.029181285,0.52215254","0.6639595,-0.59902966,0.9390476","0.1737601,-0.22295931,0.3037947,-0.049165692,-0.023092603,0.8931692,-0.028070176,-0.029181285,0.52215254",0.0
"0.1737601,-0.22295931,0.3037947,-0.049165692,-0.023092603,0.8931692,-0.028070176,-0.029181285,0.52215254","0.6459863,-0.4656092,0.8800051","0.23544711,-0.28697824,0.3983343,-0.04523887,-0.03344365,0.8238803,-0.028070176,-0.029181285,0.52215254",0.0
"0.23544711,-0.28697824,0.3983343,-0.04523887,-0.03344365,0.8238803,-0.028070176,-0.029181285,0.52215254","0.2544967,-0.44627428,0.9194124","0.2597497,-0.3483387,0.49710745,-0.036163185,-0.029999875,0.73473966,-0.028070176,-0.029181285,0.52215254",0.0
"0.2597497,-0.3483387,0.49710745,-0.036163185,-0.029999875,0.73473966,-0.028070176,-0.029181285,0.52215254","-0.6527077,-0.7645599,0.86283445","0.19742087,-0.4534618,0.5898024,-0.09071954,-0.057681117,0.62783784,-0.028070176,-0.029181285,0.52215254",0.0
"0.19742087,-0.4534618,0.5898024,-0.09071954,-0.057681117,0.62783784,-0.028070176,-0.029181285,0.52215254","0.7638165,-0.022912443,0.7400465","0.27035978,-0.4566122,0.66930604,-0.02532832,-0.020029614,0.5415177,-0.028070176,-0.029181285,0.52215254",0.0
"0.27035978,-0.4566122,0.66930604,-0.02532832,-0.020029614,0.5415177,-0.028070176,-0.029181285,0.52215254","0.74979544,-0.14541465,0.16155553","0.34195983,-0.47660598,0.68666214,-0.024874056,-0.033760197,0.51892966,-0.028070176,-0.029181285,0.52215254",0.0
"0.0,0.0,0.0,2.8652207e-07,0.005789075,0.993462,-0.13023393,-0.28245613,0.5664788","-0.96523786,-0.18869567,0.8601321","-0.09217322,-0.025944695,0.09240455,0.07072966,-0.015033082,0.98127526,-0.13023393,-0.28245613,0.5664788",0.0
"-0.09217322,-0.025944695,0.09240455,0.07072966,-0.015033082,0.98127526,-0.13023393,-0.28245613,0.5664788","-0.97194123,-0.32226676,0.95549107","-0.18498658,-0.070254736,0.1950536,0.09954041,-0.05845367,0.9447121,-0.13023393,-0.28245613,0.5664788",0.0
"-0.18498658,-0.070254736,0.1950536,0.09954041,-0.05845367,0.9447121,-0.13023393,-0.28245613,0.5664788","-0.9285898,-0.020500958,0.91528296","-0.27366015,-0.07307354,0.2933831,0.15321383,-0.16899912,0.8691221,-0.13023393,-0.28245613,0.5664788",0.0
"-0.27366015,-0.07307354,0.2933831,0.15321383,-0.16899912,0.8691221,-0.13023393,-0.28245613,0.5664788","-0.8689087,-0.24008298,0.81557655","-0.35663465,-0.10608374,0.38100109,0.11684635,-0.22834863,0.7959663,-0.13023393,-0.28245613,0.5664788",0.0
"-0.35663465,-0.10608374,0.38100109,0.11684635,-0.22834863,0.7959663,-0.13023393,-0.28245613,0.5664788","-0.4695645,0.032812953,0.8132707","-0.40147465,-0.10157215,0.46837136,0.107202634,-0.31620908,0.6813187,-0.13023393,-0.28245613,0.5664788",0.0
"-0.40147465,-0.10157215,0.46837136,0.107202634,-0.31620908,0.6813187,-0.13023393,-0.28245613,0.5664788","-0.96214056,-0.2842561,0.39309657","-0.4933521,-0.14065592,0.51060206,0.012063369,-0.30035263,0.65273,-0.13023393,-0.28245613,0.5664788",0.0
"-0.4933521,-0.14065592,0.51060206,0.012063369,-0.30035263,0.65273,-0.13023393,-0.28245613,0.5664788","-0.9202923,0.023361325,0.45916367","-0.5812333,-0.13744387,0.5599303,-0.07786435,-0.32138363,0.5787918,-0.13023393,-0.28245613,0.5664788",0.0
"-0.5812333,-0.13744387,0.5599303,-0.07786435,-0.32138363,0.5787918,-0.13023393,-0.28245613,0.5664788","-0.6072725,-0.086747885,0.12876892","-0.63922346,-0.14937128,0.5737641,-0.13041107,-0.2925663,0.56763566,-0.13023393,-0.28245613,0.5664788",0.0
"0.0,0.0,0.0,2.8652207e-07,0.005789075,0.993462,0.019473685,-0.16502923,0.3483126","-0.696732,0.44195902,0.8628056","-0.06653284,0.060767084,0.092691764,0.2517091,-0.04747402,0.9463347,0.019473685,-0.16502923,0.3483126",0.0
"-0.06653284,0.060767084,0.092691764,0.2517091,-0.04747402,0.9463347,0.019473685,-0.16502923,0.3483126","-0.5109706,-0.027325451,0.9736302","-0.11532683,0.057009973,0.1972895,0.35166255,-0.12710412,0.8665009,0.019473685,-0.16502923,0.3483126",0.0
"-0.11532683,0.057009973,0.1972895,0.35166255,-0.12710412,0.8665009,0.019473685,-0.16502923,0.3483126","-0.7747218,-0.8894074,0.96136856","-0.18930712,-0.06527898,0.30056998,0.21096535,-0.13571267,0.8575299,0.019473685,-0.16502923,0.3483126",0.0
"-0.18930712,-0.06527898,0.30056998,0.21096535,-0.13571267,0.8575299,0.019473685,-0.16502923,0.3483126","-0.87199736,-0.4348513,0.9273884","-0.27257657,-0.12506881,0.40019995,0.16208145,-0.1780383,0.7851896,0.019473685,-0.16502923,0.3483126",0.0
"-0.27257657,-0.12506881,0.40019995,0.16208145,-0.1780383,0.7851896,0.019473685,-0.16502923,0.3483126","0.10360789,0.1485411,0.97908545","-0.26268274,-0.1046452,0.50538373,0.24237429,-0.25396818,0.6315431,0.019473685,-0.16502923,0.3483126",0.0
"-0.26268274,-0.1046452,0.50538373,0.24237429,-0.25396818,0.6315431,0.019473685,-0.16502923,0.3483126","-0.6973058,-0.7007526,0.9259269","-0.3292704,-0.2009951,0.6048567,0.14026232,-0.2246071,0.55819005,0.019473685,-0.16502923,0.3483126",0.0
"-0.3292704,-0.2009951,0.6048567,0.14026232,-0.2246071,0.55819005,0.019473685,-0.16502923,0.3483126","-0.49158472,-0.69808275,0.67525804","-0.37621316,-0.2969779,0.6774001,0.07179557,-0.15994787,0.5021212,0.019473685,-0.16502923,0.3483126",0.0
"-0.37621316,-0.2969779,0.6774001,0.07179557,-0.15994787,0.5021212,0.019473685,-0.16502923,0.3483126","-0.70835614,-0.10449284,0.4806099","-0.44385603,-0.31134516,0.72903246,0.036950614,-0.17432478,0.4307104,0.019473685,-0.16502923,0.3483126",0.0
"-0.44385603,-0.31134516,0.72903246,0.036950614,-0.17432478,0.4307104,0.019473685,-0.16502923,0.3483126","0.049317837,-0.12694466,0.5832839","-0.43914655,-0.32879943,0.79169506,0.038675886,-0.16936824,0.34152985,0.019473685,-0.16502923,0.3483126",0.0
"-0.43914655,-0.32879943,0.79169506,0.038675886,-0.16936824,0.34152985,0.019473685,-0.16502923,0.3483126","-0.17737699,-0.026509583,-0.002053678","-0.4560848,-0.33244437,0.7914745,0.029158885,-0.16791649,0.34340197,0.019473685,-0.16502923,0.3483126",0.0
"0.0,0.0,0.0,2.8652207e-07,0.005789075,0.993462,-0.09567252,0.13584796,0.3483126","-0.8376939,-0.7716422,0.7997","-0.079993695,-0.10609686,0.08591231,-0.104295805,0.03275335,0.978706,-0.09567252,0.13584796,0.3483126",0.0
"-0.079993695,-0.10609686,0.08591231,-0.104295805,0.03275335,0.978706,-0.09567252,0.13584796,0.3483126","0.46628737,-0.9798253,0.9025347","-0.035466645,-0.24081784,0.18287224,-0.25302118,0.0341346,0.91887856,-0.09567252,0.13584796,0.3483126",0.0
"-0.035466645,-0.24081784,0.18287224,-0.25302118,0.0341346,0.91887856,-0.09567252,0.13584796,0.3483126","-0.9233515,-0.9424946,0.54685163","-0.12364002,-0.37040603,0.2416209,-0.39005867,0.16587412,0.81768066,-0.09567252,0.13584796,0.3483126",0.0
"-0.12364002,-0.37040603,0.2416209,-0.39005867,0.16587412,0.81768066,-0.09567252,0.13584796,0.3483126","-0.92515457,-0.61807275,0.9338678","-0.21198556,-0.4553879,0.34194696,-0.33725777,0.27235273,0.74205,-0.09567252,0.13584796,0.3483126",0.0
"-0.21198556,-0.4553879,0.34194696,-0.33725777,0.27235273,0.74205,-0.09567252,0.13584796,0.3483126","-0.49766302,-0.11820954,0.83987355","-0.25950876,-0.47164115,0.4321752,-0.22547188,0.24780576,0.71705574,-0.09567252,0.13584796,0.3483126",0.0
"-0.25950876,-0.47164115,0.4321752,-0.22547188,0.24780576,0.71705574,-0.09567252,0.13584796,0.3483126","-0.080014765,-0.8134852,0.95698035","-0.2671496,-0.58349127,0.53498423,-0.23811108,0.2739249,0.5894768,-0.09567252,0.13584796,0.3483126",0.0
"-0.2671496,-0.58349127,0.53498423,-0.23811108,0.2739249,0.5894768,-0.09567252,0.13584796,0.3483126","-0.12498063,-0.26805788,0.96544695","-0.27908432,-0.6203479,0.63870287,-0.17086223,0.21438324,0.50920427,-0.09567252,0.13584796,0.3483126",0.0
"-0.27908432,-0.6203479,0.63870287,-0.17086223,0.21438324,0.50920427,-0.09567252,0.13584796,0.3483126","0.21919465,-0.29385018,0.79649866","-0.25815284,-0.6607508,0.72427124,-0.14435445,0.16035101,0.42047298,-0.09567252,0.13584796,0.3483126",0.0
"-0.25815284,-0.6607508,0.72427124,-0.14435445,0.16035101,0.42047298,-0.09567252,0.13584796,0.3483126","-0.37577844,-0.07353526,0.67077017","-0.29403695,-0.6708616,0.7963326,-0.083913825,0.12066516,0.34622747,-0.09567252,0.13584796,0.3483126",0.0
"-0.29403695,-0.6708616,0.7963326,-0.083913825,0.12066516,0.34622747,-0.09567252,0.13584796,0.3483126","-0.123146534,-0.050400257,-0.08197832","-0.30579656,-0.6777914,0.78752565,-0.08822476,0.1363061,0.35288584,-0.09567252,0.13584796,0.3483126",0.0
"0.0,0.0,0.0,2.8652207e-07,0.005789075,0.993462,0.00625731,0.006900585,0.64963955","0.4770348,-0.6379981,0.81129897","0.045553345,-0.08772147,0.0871584,-0.06815045,-0.0039713355,0.9826186,0.00625731,0.006900585,0.64963955",0.0
"0.045553345,-0.08772147,0.0871584,-0.06815045,-0.0039713355,0.9826186,0.00625731,0.006900585,0.64963955","0.0002502203,-0.38801342,0.91186786","0.045577228,-0.14107135,0.18512098,-0.046254896,-0.0008196488,0.9553169,0.00625731,0.006900585,0.64963955",0.0
"0.045577228,-0.14107135,0.18512098,-0.046254896,-0.0008196488,0.9553169,0.00625731,0.006900585,0.64963955","0.47495413,-0.68413347,0.7476635","0.09093189,-0.23513624,0.26544303,-0.12581578,-0.03091922,0.90784526,0.00625731,0.006900585,0.64963955",0.0
"0.09093189,-0.23513624,0.26544303,-0.12581578,-0.03091922,0.90784526,0.00625731,0.006900585,0.64963955","-0.89255583,-0.37373626,0.90917265","0.0056992755,-0.2865231,0.36311606,-0.09972427,0.0040043467,0.84724927,0.00625731,0.006900585,0.64963955",0.0
"0.0056992755,-0.2865231,0.36311606,-0.09972427,0.0040043467,0.84724927,0.00625731,0.006900585,0.64963955","0.52434194,-0.15329987,0.8835354","0.055770114,-0.3076011,0.45803493,-0.022409247,0.0019122503,0.77349526,0.00625731,0.006900585,0.64963955",0.0
"0.055770114,-0.3076011,0.45803493,-0.022409247,0.0019122503,0.77349526,0.00625731,0.006900585,0.64963955","-0.18134367,-0.32870775,0.85859823","0.038453102,-0.35279676,0.5502747,0.0023107869,0.006112123,0.6812446,0.00625731,0.006900585,0.64963955",0.0
"0.038453102,-0.35279676,0.5502747,0.0023107869,0.006112123,0.6812446,0.00625731,0.006900585,0.64963955","0.050030947,-0.07004726,0.29957128","0.04323069,-0.36242795,0.58245796,0.01863528,0.008389489,0.64543754,0.00625731,0.006900585,0.64963955",0.0
"0.0,0.0,0.0,2.8652207e-07,0.005789075,0.993462,0.5425731,0.18011695,0.6989999","0.30569828,0.8554537,0.9838716","0.02919197,0.11762049,0.105697945,0.3853804,0.04125601,0.8924073,0.5425731,0.18011695,0.6989999",0.0
"0.02919197,0.11762049,0.105697945,0.3853804,0.04125601,0.8924073,0.5425731,0.18011695,0.6989999","0.6311343,0.577528,0.9142344","0.089460716,0.19702762,0.20391473,0.6003169,0.17933162,0.68654966,0.5425731,0.18011695,0.6989999",0.0
"0.089460716,0.19702762,0.20391473,0.6003169,0.17933162,0.68654966,0.5425731,0.18011695,0.6989999","0.08140218,-0.38888806,0.25679922","0.09723403,0.14355753,0.23150286,0.5340254,0.17447008,0.7283254,0.5425731,0.18011695,0.6989999",0.0
"0.09723403,0.14355753,0.23150286,0.5340254,0.17447008,0.7283254,0.5425731,0.18011695,0.6989999","0.048244238,-0.1490624,0.2589072","0.101841,0.12306223,0.25931746,0.52011204,0.1784257,0.72015184,0.5425731,0.18011695,0.6989999",0.0
"0.101841,0.12306223,0.25931746,0.52011204,0.1784257,0.72015184,0.5425731,0.18011695,0.6989999","-0.049916863,0.018807173,0.11605644","0.0970743,0.12564811,0.27178553,0.53550285,0.17463961,0.70013106,0.5425731,0.18011695,0.6989999",0.0
"0.0,0.0,0.0,2.8652207e-07,0.005789075,0.993462,0.5037427,0.08994152,0.66238827","0.0017780066,0.8048326,0.94139314","0.00016979182,0.11066034,0.101134464,0.3682701,0.0059854863,0.9024727,0.5037427,0.08994152,0.66238827",0.0
"0.00016979182,0.11066034,0.101134464,0.3682701,0.0059854863,0.9024727,0.5037427,0.08994152,0.66238827","0.5160762,0.29638386,0.8833604","0.049451325,0.15141161,0.19603443,0.53750277,0.09004237,0.7617133,0.5037427,0.08994152,0.66238827",0.0
"0.049451325,0.15141161,0.19603443,0.53750277,0.09004237,0.7617133,0.5037427,0.08994152,0.66238827","-0.042197704,-0.46257806,0.89261746","0.045421753,0.0878095,0.29192892,0.51058614,0.07920623,0.7231847,0.5037427,0.08994152,0.66238827",0.0
"0.045421753,0.0878095,0.29192892,0.51058614,0.07920623,0.7231847,0.5037427,0.08994152,0.66238827","0.17434525,-0.22563082,0.49904966","0.06207046,0.05678643,0.3455422,0.49343646,0.103359625,0.6893468,0.5037427,0.08994152,0.66238827",0.0
"0.06207046,0.05678643,0.3455422,0.49343646,0.103359625,0.6893468,0.5037427,0.08994152,0.66238827","-0.15689683,-0.09939706,0.23370087","0.047087952,0.04311984,0.37064886,0.49214372,0.07919239,0.6709775,0.5037427,0.08994152,0.66238827",0.0
"0.047087952,0.04311984,0.37064886,0.49214372,0.07919239,0.6709775,0.5037427,0.08994152,0.66238827","0.14691961,0.055087686,0.007094145","0.06111771,0.05069411,0.37141103,0.49998716,0.103096075,0.6605766,0.5037427,0.08994152,0.66238827",0.0
"0.0,0.0,0.0,2.8652207e-07,0.005789075,0.993462,-0.024912281,-0.026725145,0.3823091","-0.78447443,-0.87924457,0.9748211","-0.074911624,-0.12089163,0.10472568,-0.109997004,0.032328967,0.9741249,-0.024912281,-0.026725145,0.3823091",0.0
"-0.074911624,-0.12089163,0.10472568,-0.109997004,0.032328967,0.9741249,-0.024912281,-0.026725145,0.3823091","0.15406084,-0.23117065,0.9417623","-0.06019995,-0.15267645,0.20589985,-0.04000189,0.013550946,0.9468233,-0.024912281,-0.026725145,0.3823091",0.0
"-0.06019995,-0.15267645,0.20589985,-0.04000189,0.013550946,0.9468233,-0.024912281,-0.026725145,0.3823091","-0.3425442,-0.06005025,0.9903507","-0.092910446,-0.16093309,0.3122939,0.07720533,-0.017152997,0.8856047,-0.024912281,-0.026725145,0.3823091",0.0
"-0.092910446,-0.16093309,0.3122939,0.07720533,-0.017152997,0.8856047,-0.024912281,-0.026725145,0.3823091","0.2780931,-0.76897436,0.9408351","-0.06635458,-0.26666316,0.41336846,0.00051653,0.0058080195,0.8134318,-0.024912281,-0.026725145,0.3823091",0.0
"-0.06635458,-0.26666316,0.41336846,0.00051653,0.0058080195,0.8134318,-0.024912281,-0.026725145,0.3823091","0.97371554,-0.5313249,0.8769187","0.026628178,-0.33971766,0.50757647,-0.021152351,0.004035827,0.7255302,-0.024912281,-0.026725145,0.3823091",0.0
"0.026628178,-0.33971766,0.50757647,-0.021152351,0.004035827,0.7255302,-0.024912281,-0.026725145,0.3823091","0.9554534,-0.87003744,0.9878855","0.117867045,-0.45934334,0.6137057,-0.08591526,-0.027141945,0.6028326,-0.024912281,-0.026725145,0.3823091",0.0
"0.117867045,-0.45934334,0.6137057,-0.08591526,-0.027141945,0.6028326,-0.024912281,-0.026725145,0.3823091","0.85873866,-0.37757528,0.4826901","0.19987035,-0.51125807,0.66556144,-0.08881105,-0.057316124,0.53658813,-0.024912281,-0.026725145,0.3823091",0.0
"0.19987035,-0.51125807,0.66556144,-0.08881105,-0.057316124,0.53658813,-0.024912281,-0.026725145,0.3823091","0.68741345,-0.07079762,0.90763855","0.26551333,-0.5209924,0.7630696,-0.02389939,-0.01773337,0.4191433,-0.024912281,-0.026725145,0.3823091",0.0
"0.26551333,-0.5209924,0.7630696,-0.02389939,-0.01773337,0.4191433,-0.024912281,-0.026725145,0.3823091","-0.010954261,-0.24153823,0.2787305","0.2644673,-0.55420274,0.79301393,-0.031275064,-0.025669476,0.3769991,-0.024912281,-0.026725145,0.3823091",0.0
"0.0,0.0,0.0,2.8652207e-07,0.005789075,0.993462,-0.7038012,-0.0057894737,0.62845707","0.039008737,-0.99767727,-0.92828035","0.0037250463,-0.13717549,-0.099725746,-0.41882747,0.00088781235,0.8781643,-0.7038012,-0.0057894737,0.62845707",0.0
"0.0037250463,-0.13717549,-0.099725746,-0.41882747,0.00088781235,0.8781643,-0.7038012,-0.0057894737,0.62845707","-0.1767627,-0.84460187,0.085933685","-0.013154514,-0.25330392,-0.09049382,-0.61919785,0.031397674,0.73951215,-0.7038012,-0.0057894737,0.62845707",0.0
"-0.013154514,-0.25330392,-0.09049382,-0.61919785,0.031397674,0.73951215,-0.7038012,-0.0057894737,0.62845707","0.109213114,0.17546761,0.77499616","-0.0027254603,-0.22917807,-0.0072354763,-0.48540822,0.009945593,0.8518663,-0.7038012,-0.0057894737,0.62845707",0.0
"-0.0027254603,-0.22917807,-0.0072354763,-0.48540822,0.009945593,0.8518663,-0.7038012,-0.0057894737,0.62845707","-0.27218115,-0.9371225,0.2590909","-0.02871679,-0.35802764,0.020598864,-0.6757237,0.06694007,0.69321215,-0.7038012,-0.0057894737,0.62845707",0.0
"-0.02871679,-0.35802764,0.020598864,-0.6757237,0.06694007,0.69321215,-0.7038012,-0.0057894737,0.62845707","0.583235,-0.42615783,0.46198487","0.02697792,-0.41662222,0.070230246,-0.71477556,-0.054915104,0.6443692,-0.7038012,-0.0057894737,0.62845707",0.0
"0.02697792,-0.41662222,0.070230246,-0.71477556,-0.054915104,0.6443692,-0.7038012,-0.0057894737,0.62845707","-0.5015374,-0.47378123,0.5142641","-0.020915262,-0.48176473,0.12547801,-0.7493243,0.05510888,0.5836168,-0.7038012,-0.0057894737,0.62845707",0.0
"-0.020915262,-0.48176473,0.12547801,-0.7493243,0.05510888,0.5836168,-0.7038012,-0.0057894737,0.62845707","0.4439528,0.28142428,0.21317077","0.021479007,-0.4430704,0.14837915,-0.6679324,-0.0393372,0.67166626,-0.7038012,-0.0057894737,0.62845707",0.0
"0.021479007,-0.4430704,0.14837915,-0.6679324,-0.0393372,0.67166626,-0.7038012,-0.0057894737,0.62845707","-0.1828708,-0.21016622,0.17532659","0.0040161693,-0.47196722,0.16721465,-0.6903939,-0.0029216644,0.63930255,-0.7038012,-0.0057894737,0.62845707",0.0
"0.0,0.0,0.0,2.8652207e-07,0.005789075,0.993462,0.3866667,-0.13888888,0.62924165","-0.5743685,0.7050719,0.95858276","-0.05484802,0.096943766,0.10298115,0.33897457,-0.05311763,0.9129626,0.3866667,-0.13888888,0.62924165",0.0
"-0.05484802,0.096943766,0.10298115,0.33897457,-0.05311763,0.9129626,0.3866667,-0.13888888,0.62924165","-0.47790933,-0.32881176,0.9474416","-0.10048489,0.051733837,0.20476542,0.35529605,-0.109951526,0.8639622,0.3866667,-0.13888888,0.62924165",0.0
"-0.10048489,0.051733837,0.20476542,0.35529605,-0.109951526,0.8639622,0.3866667,-0.13888888,0.62924165","-0.16058004,0.20886338,0.94091797","-0.11581913,0.08045147,0.30584887,0.4832025,-0.17781489,0.71394765,0.3866667,-0.13888888,0.62924165",0.0
"-0.11581913,0.08045147,0.30584887,0.4832025,-0.17781489,0.71394765,0.3866667,-0.13888888,0.62924165","-0.16297007,-0.62865186,0.608011","-0.13138157,-0.0059849294,0.3711679,0.38750565,-0.16336988,0.7253511,0.3866667,-0.13888888,0.62924165",0.0
"-0.13138157,-0.0059849294,0.3711679,0.38750565,-0.16336988,0.7253511,0.3866667,-0.13888888,0.62924165","0.15013039,-0.31069088,0.7575271","-0.117045216,-0.04870334,0.45254955,0.38046005,-0.14036056,0.6558793,0.3866667,-0.13888888,0.62924165",0.0
"-0.117045216,-0.04870334,0.45254955,0.38046005,-0.14036056,0.6558793,0.3866667,-0.13888888,0.62924165","0.039537907,-0.013967454,0.17353475","-0.11326963,-0.050623804,0.4711925,0.3886847,-0.13828607,0.6308758,0.3866667,-0.13888888,0.62924165",0.0
"0.0,0.0,0.0,2.8652207e-07,0.005789075,0.993462,0.62731,0.34608185,0.42487016","0.42098367,0.6752807,0.9292221","0.040200893,0.09284762,0.09982692,0.32754755,0.0474245,0.9186478,0.62731,0.34608185,0.42487016",0.0
"0.040200893,0.09284762,0.09982692,0.32754755,0.0474245,0.9186478,0.62731,0.34608185,0.42487016","0.69337416,0.9202398,0.9572997","0.106413096,0.21937586,0.20267025,0.6215283,0.22201288,0.65313536,0.62731,0.34608185,0.42487016",0.0
"0.106413096,0.21937586,0.20267025,0.6215283,0.22201288,0.65313536,0.62731,0.34608185,0.42487016","0.48512232,0.18397927,0.9518781","0.15273875,0.24467207,0.3049311,0.6563107,0.34807843,0.46066767,0.62731,0.34608185,0.42487016",0.0
"0.15273875,0.24467207,0.3049311,0.6563107,0.34807843,0.46066767,0.62731,0.34608185,0.42487016","-0.07144457,-0.16328269,0.31376255","0.14591631,0.22222157,0.33863884,0.647952,0.3262011,0.4489633,0.62731,0.34608185,0.42487016",0.0
"0.14591631,0.22222157,0.33863884,0.647952,0.3262011,0.4489633,0.62731,0.34608185,0.42487016","0.10586214,0.0020422935,0.08938885","0.15602538,0.22250238,0.34824196,0.639031,0.34755233,0.4335961,0.62731,0.34608185,0.42487016",0.0
"0.0,0.0,0.0,2.8652207e-07,0.005789075,0.993462,-0.03140351,0.08596491,0.51554936","-0.45853108,-0.08892864,0.8911214","-0.043786395,-0.012227241,0.095733754,0.1057822,-0.008799402,0.97715646,-0.03140351,0.08596491,0.51554936",0.0
"-0.043786395,-0.012227241,0.095733754,0.1057822,-0.008799402,0.97715646,-0.03140351,0.08596491,0.51554936","-0.049823403,-0.2271235,0.6544336","-0.04854418,-0.04345557,0.16604002,0.13281934,-0.014557299,0.9533848,-0.03140351,0.08596491,0.51554936",0.0
"-0.04854418,-0.04345557,0.16604002,0.13281934,-0.014557299,0.9533848,-0.03140351,0.08596491,0.51554936","-0.55997896,-0.85325384,0.8908453","-0.102018125,-0.16077362,0.26174414,0.016732791,0.00054537813,0.91991705,-0.03140351,0.08596491,0.51554936",0.0
"-0.102018125,-0.16077362,0.26174414,0.016732791,0.00054537813,0.91991705,-0.03140351,0.08596491,0.51554936","-0.6151926,-0.85659564,0.62538135","-0.16076456,-0.27855116,0.3289293,-0.11034368,0.06762276,0.8677572,-0.03140351,0.08596491,0.51554936",0.0
"-0.16076456,-0.27855116,0.3289293,-0.11034368,0.06762276,0.8677572,-0.03140351,0.08596491,0.51554936","-0.75967073,0.13276565,0.9888898","-0.23330761,-0.2602966,0.43516645,0.030404875,-0.01958244,0.7936738,-0.03140351,0.08596491,0.51554936",0.0
"-0.23330761,-0.2602966,0.43516645,0.030404875,-0.01958244,0.7936738,-0.03140351,0.08596491,0.51554936","-0.83265495,-0.88599664,0.88692164","-0.31282014,-0.38211665,0.5304491,-0.030842584,0.056696188,0.699168,-0.03140351,0.08596491,0.51554936",0.0
"-0.31282014,-0.38211665,0.5304491,-0.030842584,0.056696188,0.699168,-0.03140351,0.08596491,0.51554936","0.09857559,-0.73844826,0.96959805","-0.3034069,-0.4836495,0.63461363,-0.054006238,0.086028725,0.5757777,-0.03140351,0.08596491,0.51554936",0.0
"-0.3034069,-0.4836495,0.63461363,-0.054006238,0.086028725,0.5757777,-0.03140351,0.08596491,0.51554936","-0.6427736,-0.2052505,0.46490145","-0.3647871,-0.51187044,0.68455833,-0.03068336,0.08188318,0.5158267,-0.03140351,0.08596491,0.51554936",0.0
"0.0,0.0,0.0,2.8652207e-07,0.005789075,0.993462,0.7122223,0.12473684,0.53209","0.04451275,0.95191383,0.9791689","0.0042506494,0.13088325,0.10519273,0.41282195,0.011302823,0.8798806,0.7122223,0.12473684,0.53209",0.0
"0.0042506494,0.13088325,0.10519273,0.41282195,0.011302823,0.8798806,0.7122223,0.12473684,0.53209","0.29901433,0.84413123,0.8282294","0.03280435,0.24694698,0.19416992,0.6904984,0.077234566,0.619164,0.7122223,0.12473684,0.53209",0.0
"0.03280435,0.24694698,0.19416992,0.6904984,0.077234566,0.619164,0.7122223,0.12473684,0.53209","0.32204223,0.011785269,0.5842223","0.06355705,0.2485674,0.2569333,0.7154031,0.15068065,0.52623785,0.7122223,0.12473684,0.53209",0.0
"0.06355705,0.2485674,0.2569333,0.7154031,0.15068065,0.52623785,0.7122223,0.12473684,0.53209","-0.2313844,-0.09960449,0.013450861","0.041461524,0.23487233,0.25837836,0.7074025,0.09850619,0.54824185,0.7122223,0.12473684,0.53209",0.0
"0.041461524,0.23487233,0.25837836,0.7074025,0.09850619,0.54824185,0.7122223,0.12473684,0.53209","-0.050916374,-0.01426059,0.06785083","0.036599383,0.23291159,0.26566762,0.70957077,0.08777594,0.54089063,0.7122223,0.12473684,0.53209",0.0
"0.036599383,0.23291159,0.26566762,0.70957077,0.08777594,0.54089063,0.7122223,0.12473684,0.53209","0.09199798,-0.01687175,0.06895542","0.045384523,0.23059185,0.27307558,0.70709276,0.107354306,0.53393507,0.7122223,0.12473684,0.53209",0.0
"0.045384523,0.23059185,0.27307558,0.70709276,0.107354306,0.53393507,0.7122223,0.12473684,0.53209","-0.11886227,0.017174006,-0.024206817","0.03403404,0.23295322,0.27047503,0.7123692,0.082281366,0.53368056,0.7122223,0.12473684,0.53209",0.0
"0.03403404,0.23295322,0.27047503,0.7123692,0.082281366,0.53368056,0.7122223,0.12473684,0.53209","-0.06569028,-0.012746453,-0.033314764","0.0277611,0.23120068,0.266896,0.71007925,0.067897536,0.5420514,0.7122223,0.12473684,0.53209",0.0
"0.0277611,0.23120068,0.266896,0.71007925,0.067897536,0.5420514,0.7122223,0.12473684,0.53209","0.27078784,-0.0130268335,-0.0017088652","0.053619377,0.22940959,0.26671246,0.69986725,0.12489318,0.5454342,0.7122223,0.12473684,0.53209",0.0
"0.0,0.0,0.0,2.8652207e-07,0.005789075,0.993462,0.18309942,0.6994737,0.53209","0.8635256,0.9505956,0.97724247","0.08246044,0.13070202,0.10498577,0.39709917,0.11122538,0.88023984,0.18309942,0.6994737,0.53209",0.0
"0.08246044,0.13070202,0.10498577,0.39709917,0.11122538,0.88023984,0.18309942,0.6994737,0.53209","0.9689419,0.62287617,0.5559348","0.17498736,0.2163443,0.16471021,0.5308251,0.33205158,0.7073502,0.18309942,0.6994737,0.53209",0.0
"0.17498736,0.2163443,0.16471021,0.5308251,0.33205158,0.7073502,0.18309942,0.6994737,0.53209","0.9695432,-0.30086064,0.8338336","0.26757172,0.17497753,0.25428948,0.41447663,0.4716444,0.6522909,0.18309942,0.6994737,0.53209",0.0
"0.26757172,0.17497753,0.25428948,0.41447663,0.4716444,0.6522909,0.18309942,0.6994737,0.53209","0.9604026,0.09241724,0.23046136","0.3592832,0.18768443,0.27904812,0.27742502,0.5996642,0.59720206,0.18309942,0.6994737,0.53209",0.0
"0.3592832,0.18768443,0.27904812,0.27742502,0.5996642,0.59720206,0.18309942,0.6994737,0.53209","0.8606105,0.058094263,0.29902136","0.44146526,0.1956721,0.3111722,0.11971815,0.67534053,0.5366345,0.18309942,0.6994737,0.53209",0.0
"0.44146526,0.1956721,0.3111722,0.11971815,0.67534053,0.5366345,0.18309942,0.6994737,0.53209","0.070513725,0.21024013,-0.23087502","0.44819883,0.22457904,0.28636917,0.109796345,0.7044584,0.5245433,0.18309942,0.6994737,0.53209",0.0
"0.44819883,0.22457904,0.28636917,0.109796345,0.7044584,0.5245433,0.18309942,0.6994737,0.53209","-0.22099352,0.12408936,-0.13126767","0.42709556,0.24164072,0.272267,0.15980427,0.7109912,0.5156854,0.18309942,0.6994737,0.53209",0.0
"0.42709556,0.24164072,0.272267,0.15980427,0.7109912,0.5156854,0.18309942,0.6994737,0.53209","0.10438061,-0.17121363,0.04056084","0.43706313,0.21809973,0.2766245,0.1319464,0.6880958,0.55023795,0.18309942,0.6994737,0.53209",0.0
"0.43706313,0.21809973,0.2766245,0.1319464,0.6880958,0.55023795,0.18309942,0.6994737,0.53209","-0.29806423,0.013566971,0.021763086","0.40860015,0.21996514,0.27896255,0.19384004,0.6768615,0.5435745,0.18309942,0.6994737,0.53209",0.0
"0.40860015,0.21996514,0.27896255,0.19384004,0.6768615,0.5435745,0.18309942,0.6994737,0.53209","0.081026316,-0.1630944,0.14203465","0.41633758,0.1975405,0.29422143,0.17143655,0.65946245,0.5588214,0.18309942,0.6994737,0.53209",0.0
"0.41633758,0.1975405,0.29422143,0.17143655,0.65946245,0.5588214,0.18309942,0.6994737,0.53209","0.13876057,0.042556047,0.07508087","0.42958817,0.20339176,0.30228743,0.14624329,0.6766974,0.5369916,0.18309942,0.6994737,0.53209",0.0
"0.42958817,0.20339176,0.30228743,0.14624329,0.6766974,0.5369916,0.18309942,0.6994737,0.53209","0.001257658,0.12451124,-0.07160956","0.42970827,0.22051142,0.2945944,0.15007809,0.6949718,0.51924783,0.18309942,0.6994737,0.53209",0.0
"0.42970827,0.22051142,0.2945944,0.15007809,0.6949718,0.51924783,0.18309942,0.6994737,0.53209","0.13553488,0.022707462,-0.088558376","0.44265088,0.2236336,0.28508052,0.12175377,0.7007723,0.52811617,0.18309942,0.6994737,0.53209",0.0
"0.44265088,0.2236336,0.28508052,0.12175377,0.7007723,0.52811617,0.18309942,0.6994737,0.53209","-0.36797142,0.0047295094,-0.115243316","0.4075123,0.2242839,0.2726999,0.19697386,0.6789426,0.54543394,0.18309942,0.6994737,0.53209",0.0
"0.4075123,0.2242839,0.2726999,0.19697386,0.6789426,0.54543394,0.18309942,0.6994737,0.53209","0.51786876,-0.15458477,0.13433719","0.456965,0.2030293,0.28713182,0.086655,0.68000674,0.56016845,0.18309942,0.6994737,0.53209",0.0
"0.456965,0.2030293,0.28713182,0.086655,0.68000674,0.56016845,0.18309942,0.6994737,0.53209","-0.27980745,0.3077991,-0.22567654","0.43024543,0.24535014,0.26288727,0.15294367,0.7133583,0.5231079,0.18309942,0.6994737,0.53209",0.0
"0.43024543,0.24535014,0.26288727,0.15294367,0.7133583,0.5231079,0.18309942,0.6994737,0.53209","0.26899076,-0.15963268,0.07117462","0.45593208,0.22340149,0.27053365,0.09152813,0.698861,0.5501589,0.18309942,0.6994737,0.53209",0.0
"0.45593208,0.22340149,0.27053365,0.09152813,0.698861,0.5501589,0.18309942,0.6994737,0.53209","-0.36463642,0.1440444,-0.1435126","0.42111194,0.24320686,0.25511602,0.17185764,0.7027915,0.5384413,0.18309942,0.6994737,0.53209",0.0
"0.0,0.0,0.0,2.8652207e-07,0.005789075,0.993462,-0.24789475,-0.0057894737,0.7141676","0.50261736,-0.9328708,0.91272867","0.047996297,-0.12826495,0.09805505,-0.13880333,-0.015233935,0.9719584,-0.24789475,-0.0057894737,0.7141676",0.0
"0.047996297,-0.12826495,0.09805505,-0.13880333,-0.015233935,0.9719584,-0.24789475,-0.0057894737,0.7141676","-0.5849824,-0.7450002,0.93348885","-0.007865287,-0.23069869,0.1983404,-0.21291615,0.011052784,0.92422765,-0.24789475,-0.0057894737,0.7141676",0.0
"-0.007865287,-0.23069869,0.1983404,-0.21291615,0.011052784,0.92422765,-0.24789475,-0.0057894737,0.7141676","0.08496797,-0.5127504,0.90355253","0.000248529,-0.30119926,0.29540968,-0.21839802,0.0056186914,0.87055,-0.24789475,-0.0057894737,0.7141676",0.0
"0.000248529,-0.30119926,0.29540968,-0.21839802,0.0056186914,0.87055,-0.24789475,-0.0057894737,0.7141676","0.10460544,-0.6042822,0.9205767","0.010237583,-0.384285,0.3943079,-0.23771344,-0.0018558563,0.7912148,-0.24789475,-0.0057894737,0.7141676",0.0
"0.010237583,-0.384285,0.3943079,-0.23771344,-0.0018558563,0.7912148,-0.24789475,-0.0057894737,0.7141676","0.019090056,-0.42747283,0.4861529","0.012060541,-0.44306037,0.4465357,-0.2684331,-0.004382168,0.733005,-0.24789475,-0.0057894737,0.7141676",0.0
"0.012060541,-0.44306037,0.4465357,-0.2684331,-0.004382168,0.733005,-0.24789475,-0.0057894737,0.7141676","-0.069935024,-0.08193302,0.25452662","0.0053822496,-0.4543258,0.47387975,-0.2505615,0.0015529967,0.71301377,-0.24789475,-0.0057894737,0.7141676",0.0
"0.0,0.0,0.0,2.8652207e-07,0.005789075,0.993462,-0.14619884,0.030292397,0.6313337","-0.3085904,-0.40160608,0.9575896","-0.029468156,-0.055218786,0.10287449,0.024053521,0.0035809057,0.9816997,-0.14619884,0.030292397,0.6313337",0.0
"-0.029468156,-0.055218786,0.10287449,0.024053521,0.0035809057,0.9816997,-0.14619884,0.030292397,0.6313337","0.3306285,-0.9757457,0.8517256","0.0021044547,-0.18937883,0.19437596,-0.13384728,0.0049043195,0.94228053,-0.14619884,0.030292397,0.6313337",0.0
"0.0021044547,-0.18937883,0.19437596,-0.13384728,0.0049043195,0.94228053,-0.14619884,0.030292397,0.6313337","0.30846465,-0.5650059,0.92804825","0.03156058,-0.26706427,0.29407686,-0.15361911,-0.009463754,0.8864725,-0.14619884,0.030292397,0.6313337",0.0
"0.03156058,-0.26706427,0.29407686,-0.15361911,-0.009463754,0.8864725,-0.14619884,0.030292397,0.6313337","0.05435419,-0.71248865,0.90415144","0.036751002,-0.36502784,0.39121047,-0.20669717,-0.018143244,0.8030029,-0.14619884,0.030292397,0.6313337",0.0
"0.036751002,-0.36502784,0.39121047,-0.20669717,-0.018143244,0.8030029,-0.14619884,0.030292397,0.6313337","-0.7829098,-0.30476868,0.8548846","-0.03801121,-0.40693203,0.48305136,-0.15905905,0.024915721,0.7312784,-0.14619884,0.030292397,0.6313337",0.0
"-0.03801121,-0.40693203,0.48305136,-0.15905905,0.024915721,0.7312784,-0.14619884,0.030292397,0.6313337","0.02128017,-0.34405553,0.75159276","-0.03597911,-0.45423794,0.5637955,-0.13649891,0.021321047,0.6512029,-0.14619884,0.030292397,0.6313337",0.0
"-0.03597911,-0.45423794,0.5637955,-0.13649891,0.021321047,0.6512029,-0.14619884,0.030292397,0.6313337","-0.044817924,-0.13199306,0.15041041","-0.0402589,-0.47238633,0.57995427,-0.14422533,0.024174802,0.63096035,-0.14619884,0.030292397,0.6313337",0.0
"0.0,0.0,0.0,2.8652207e-07,0.005789075,0.993462,-0.15479533,0.58771926,0.6657879","0.9885868,0.5273483,0.6919017","0.09440287,0.07250767,0.07433144,0.24378984,0.08055271,0.9495848,-0.15479533,0.58771926,0.6657879",0.0
"0.09440287,0.07250767,0.07433144,0.24378984,0.08055271,0.9495848,-0.15479533,0.58771926,0.6657879","0.8648634,0.47998,0.87276685","0.17699103,0.13850246,0.16809334,0.41797838,0.26656416,0.8101225,-0.15479533,0.58771926,0.6657879",0.0
"0.17699103,0.13850246,0.16809334,0.41797838,0.26656416,0.8101225,-0.15479533,0.58771926,0.6657879","0.97481894,0.6283181,0.50979066","0.27007917,0.22489297,0.22286047,0.446136,0.5150545,0.61633426,-0.15479533,0.58771926,0.6657879",0.0
"0.27007917,0.22489297,0.22286047,0.446136,0.5150545,0.61633426,-0.15479533,0.58771926,0.6657879","0.7158507,-0.44352734,-0.086526215","0.3384377,0.16391027,0.21356493,0.2772637,0.5104425,0.7228476,-0.15479533,0.58771926,0.6657879",0.0
"0.3384377,0.16391027,0.21356493,0.2772637,0.5104425,0.7228476,-0.15479533,0.58771926,0.6657879","0.9453304,-0.37168175,0.35389757","0.4287099,0.11280595,0.2515844,0.11133795,0.5148566,0.74358094,-0.15479533,0.58771926,0.6657879",0.0
"0.4287099,0.11280595,0.2515844,0.11133795,0.5148566,0.74358094,-0.15479533,0.58771926,0.6657879","0.7941699,0.087203026,0.4006095","0.50454736,0.12479591,0.29462218,-0.01403876,0.5772252,0.6701542,-0.15479533,0.58771926,0.6657879",0.0
"0.50454736,0.12479591,0.29462218,-0.01403876,0.5772252,0.6701542,-0.15479533,0.58771926,0.6657879","0.71183217,0.10815108,-0.08721745","0.57252216,0.13966613,0.2852524,-0.13984567,0.5775032,0.6619287,-0.15479533,0.58771926,0.6657879",0.0
"0.57252216,0.13966613,0.2852524,-0.13984567,0.5775032,0.6619287,-0.15479533,0.58771926,0.6657879","0.434021,0.031365395,0.028141499","0.613968,0.14397871,0.2882757,-0.21658662,0.5623208,0.6514069,-0.15479533,0.58771926,0.6657879",0.0
"0.613968,0.14397871,0.2882757,-0.21658662,0.5623208,0.6514069,-0.15479533,0.58771926,0.6657879","-0.28606194,0.0956831,-0.13512051","0.5866512,0.15713467,0.27375963,-0.17049861,0.5892302,0.6522238,-0.15479533,0.58771926,0.6657879",0.0
"0.5866512,0.15713467,0.27375963,-0.17049861,0.5892302,0.6522238,-0.15479533,0.58771926,0.6657879","0.031370282,-0.14431691,-0.021672487","0.5896468,0.13729182,0.2714314,-0.167148,0.55687994,0.6843534,-0.15479533,0.58771926,0.6657879",0.0
"0.5896468,0.13729182,0.2714314,-0.167148,0.55687994,0.6843534,-0.15479533,0.58771926,0.6657879","0.20344865,0.08082497,0.05306518","0.6090747,0.14840485,0.27713227,-0.2078312,0.56534374,0.6604702,-0.15479533,0.58771926,0.6657879",0.0
"0.6090747,0.14840485,0.27713227,-0.2078312,0.56534374,0.6604702,-0.15479533,0.58771926,0.6657879","-0.36113685,0.1131587,-0.034011185","0.5745887,0.16396362,0.27347845,-0.15038012,0.6050188,0.6423171,-0.15479533,0.58771926,0.6657879",0.0
"0.5745887,0.16396362,0.27347845,-0.15038012,0.6050188,0.6423171,-0.15479533,0.58771926,0.6657879","0.24346423,-0.15445942,-0.041547596","0.5978378,0.14272626,0.269015,-0.18348989,0.5589114,0.6798917,-0.15479533,0.58771926,0.6657879",0.0
"0.5978378,0.14272626,0.269015,-0.18348989,0.5589114,0.6798917,-0.15479533,0.58771926,0.6657879","0.105588436,0.00063586235,0.07384932","0.60792077,0.1428137,0.27694872,-0.20290053,0.55792785,0.66887987,-0.15479533,0.58771926,0.6657879",0.0
"0.60792077,0.1428137,0.27694872,-0.20290053,0.55792785,0.66887987,-0.15479533,0.58771926,0.6657879","-0.23233062,0.08682704,-0.045676112","0.58573484,0.15475199,0.27204177,-0.16755675,0.58520865,0.65816796,-0.15479533,0.58771926,0.6657879",0.0
"0.0,0.0,0.0,2.8652207e-07,0.005789075,0.993462,0.091345035,-0.0057894737,0.51554936","-0.30753708,-0.46938467,0.91918015","-0.02936757,-0.064537995,0.09874813,-0.0015471425,0.0059569743,0.9829127,0.091345035,-0.0057894737,0.51554936",0.0
"-0.02936757,-0.064537995,0.09874813,-0.0015471425,0.0059569743,0.9829127,0.091345035,-0.0057894737,0.51554936","0.4703462,-0.22399747,0.94488084","0.015547064,-0.09533652,0.20025733,0.069597155,0.009198013,0.94743246,0.091345035,-0.0057894737,0.51554936",0.0
"0.015547064,-0.09533652,0.20025733,0.069597155,0.009198013,0.94743246,0.091345035,-0.0057894737,0.51554936","0.2683972,-0.66974795,0.91370964","0.041177038,-0.18742345,0.29841778,0.008565545,0.0069520343,0.89832157,0.091345035,-0.0057894737,0.51554936",0.0
"0.041177038,-0.18742345,0.29841778,0.008565545,0.0069520343,0.89832157,0.091345035,-0.0057894737,0.51554936","-0.078472674,-0.303684,0.9731376","0.033683453,-0.22917847,0.40296265,0.05478979,0.011641256,0.82007885,0.091345035,-0.0057894737,0.51554936",0.0
"0.033683453,-0.22917847,0.40296265,0.05478979,0.011641256,0.82007885,0.091345035,-0.0057894737,0.51554936","0.045554757,-0.13315225,0.98594844","0.038033593,-0.24748625,0.5088838,0.13002367,0.02144114,0.7115711,0.091345035,-0.0057894737,0.51554936",0.0
"0.038033593,-0.24748625,0.5088838,0.13002367,0.02144114,0.7115711,0.091345035,-0.0057894737,0.51554936","-0.63338727,-0.28668344,0.824615","-0.0224503,-0.28690377,0.5974728,0.14234908,-0.004252985,0.6115136,0.091345035,-0.0057894737,0.51554936",0.0
"-0.0224503,-0.28690377,0.5974728,0.14234908,-0.004252985,0.6115136,0.091345035,-0.0057894737,0.51554936","-0.12340784,-0.46102667,0.7959683","-0.03423486,-0.3502926,0.6829842,0.11292536,-0.0063695055,0.5127651,0.091345035,-0.0057894737,0.51554936",0.0
"-0.03423486,-0.3502926,0.6829842,0.11292536,-0.0063695055,0.5127651,0.091345035,-0.0057894737,0.51554936","-0.25532413,-0.0878911,-0.0030677319","-0.058616467,-0.36237717,0.6826547,0.09724695,-0.0122243725,0.51633734,0.091345035,-0.0057894737,0.51554936",0.0
"0.0,0.0,0.0,2.8652207e-07,0.005789075,0.993462,-0.4597661,-0.3651462,0.5930222","0.26940155,-0.9865435,0.7586335","0.02572588,-0.13564467,0.08150051,-0.17816994,-0.008623116,0.96813685,-0.4597661,-0.3651462,0.5930222",0.0
"0.02572588,-0.13564467,0.08150051,-0.17816994,-0.008623116,0.96813685,-0.4597661,-0.3651462,0.5930222","0.7248552,-0.9224434,0.8576274","0.09494428,-0.26247594,0.17363602,-0.29957405,-0.08604732,0.90316194,-0.4597661,-0.3651462,0.5930222",0.0
"0.09494428,-0.26247594,0.17363602,-0.29957405,-0.08604732,0.90316194,-0.4597661,-0.3651462,0.5930222","0.116012454,-0.45381546,0.6366086","0.106022626,-0.3248733,0.24202733,-0.3214647,-0.105091475,0.86008406,-0.4597661,-0.3651462,0.5930222",0.0
"0.106022626,-0.3248733,0.24202733,-0.3214647,-0.105091475,0.86008406,-0.4597661,-0.3651462,0.5930222","0.79376864,-0.9073284,0.69478893","0.18182178,-0.4496263,0.316669,-0.38923958,-0.24327438,0.74565125,-0.4597661,-0.3651462,0.5930222",0.0
"0.18182178,-0.4496263,0.316669,-0.38923958,-0.24327438,0.74565125,-0.4597661,-0.3651462,0.5930222","0.31986344,-0.71011806,0.77454996","0.2123664,-0.547264,0.39987943,-0.39493027,-0.30370075,0.6425741,-0.4597661,-0.3651462,0.5930222",0.0
"0.2123664,-0.547264,0.39987943,-0.39493027,-0.30370075,0.6425741,-0.4597661,-0.3651462,0.5930222","0.30134487,-0.4871875,0.048140764","0.24114265,-0.61424977,0.40505126,-0.42889518,-0.3976993,0.55508834,-0.4597661,-0.3651462,0.5930222",0.0
"0.24114265,-0.61424977,0.40505126,-0.42889518,-0.3976993,0.55508834,-0.4597661,-0.3651462,0.5930222","-0.187262,0.08387971,-0.350011","0.22326049,-0.6027168,0.3674494,-0.47780955,-0.39601636,0.55758375,-0.4597661,-0.3651462,0.5930222",0.0
"0.22326049,-0.6027168,0.3674494,-0.47780955,-0.39601636,0.55758375,-0.4597661,-0.3651462,0.5930222","0.076093316,0.27409744,-0.16710871","0.23052685,-0.56502986,0.34949684,-0.44817093,-0.38870794,0.6058473,-0.4597661,-0.3651462,0.5930222",0.0
"0.23052685,-0.56502986,0.34949684,-0.44817093,-0.38870794,0.6058473,-0.4597661,-0.3651462,0.5930222","0.12770963,-0.14472681,0.2167511","0.2427222,-0.5849291,0.37278262,-0.43020093,-0.40296048,0.58599436,-0.4597661,-0.3651462,0.5930222",0.0
"0.2427222,-0.5849291,0.37278262,-0.43020093,-0.40296048,0.58599436,-0.4597661,-0.3651462,0.5930222","-0.19516826,0.05942893,-0.104634345","0.22408505,-0.57675797,0.36154172,-0.45605513,-0.37965268,0.5935771,-0.4597661,-0.3651462,0.5930222",0.0
"0.0,0.0,0.0,2.8652207e-07,0.005789075,0.993462,0.81719303,0.14222223,0.44441816","-0.23119676,0.99234843,0.99983144","-0.022077607,0.1364428,0.107412525,0.4256762,-0.023768676,0.8722667,0.81719303,0.14222223,0.44441816",0.0
"-0.022077607,0.1364428,0.107412525,0.4256762,-0.023768676,0.8722667,0.81719303,0.14222223,0.44441816","0.31710184,0.93618214,0.96104383","0.008203319,0.26516303,0.21065806,0.72957265,0.024597295,0.56429374,0.81719303,0.14222223,0.44441816",0.0
"0.008203319,0.26516303,0.21065806,0.72957265,0.024597295,0.56429374,0.81719303,0.14222223,0.44441816","0.48795795,0.49084508,0.34488094","0.05479977,0.33265173,0.24770884,0.8089847,0.1465424,0.38057584,0.81719303,0.14222223,0.44441816",0.0
"0.05479977,0.33265173,0.24770884,0.8089847,0.1465424,0.38057584,0.81719303,0.14222223,0.44441816","-0.22038585,0.19350731,-0.42786038","0.033754524,0.359258,0.20174353,0.8311279,0.094289266,0.39720097,0.81719303,0.14222223,0.44441816",0.0
"0.033754524,0.359258,0.20174353,0.8311279,0.094289266,0.39720097,0.81719303,0.14222223,0.44441816","0.22646487,-0.021531284,-0.14513934","0.05538028,0.35629758,0.18615112,0.8145188,0.14903742,0.4268005,0.81719303,0.14222223,0.44441816",0.0
"0.0,0.0,0.0,2.8652207e-07,0.005789075,0.993462,0.4272515,-0.06543859,0.79987806","-0.55409634,0.3611139,0.98755527","-0.052912176,0.0496513,0.1060937,0.24776317,-0.035698887,0.94509107,0.4272515,-0.06543859,0.79987806",0.0
"-0.052912176,0.0496513,0.1060937,0.24776317,-0.035698887,0.94509107,0.4272515,-0.06543859,0.79987806","0.36591625,0.18630195,0.4207139","-0.017969824,0.07526686,0.15129128,0.35735524,-0.01439721,0.8925502,0.4272515,-0.06543859,0.79987806",0.0
"-0.017969824,0.07526686,0.15129128,0.35735524,-0.01439721,0.8925502,0.4272515,-0.06543859,0.79987806","-0.29544175,-0.0081064105,0.7720748","-0.046182368,0.07415227,0.2342358,0.43994662,-0.058431238,0.8102888,0.4272515,-0.06543859,0.79987806",0.0
"0.0,0.0,0.0,2.8652207e-07,0.005789075,0.993462,0.27982458,-0.10216374,0.5737357","-0.40414548,0.36217117,0.98366463","-0.038592957,0.04979667,0.10567572,0.24888459,-0.024492277,0.94525903,0.27982458,-0.10216374,0.5737357",0.0
"-0.038592957,0.04979667,0.10567572,0.24888459,-0.024492277,0.94525903,0.27982458,-0.10216374,0.5737357","-0.09896904,-0.3967101,0.8627887","-0.048043784,-0.0047489367,0.19836569,0.251468,-0.032390166,0.9128639,0.27982458,-0.10216374,0.5737357",0.0
"-0.048043784,-0.0047489367,0.19836569,0.251468,-0.032390166,0.9128639,0.27982458,-0.10216374,0.5737357","-0.47749108,-0.026675224,0.9671223","-0.093640715,-0.008416656,0.3022643,0.3447203,-0.09839177,0.813397,0.27982458,-0.10216374,0.5737357",0.0
"-0.093640715,-0.008416656,0.3022643,0.3447203,-0.09839177,0.813397,0.27982458,-0.10216374,0.5737357","-0.026810586,-0.16168976,0.9659233","-0.09620093,-0.03064818,0.4060341,0.38822696,-0.1149755,0.7031067,0.27982458,-0.10216374,0.5737357",0.0
"-0.09620093,-0.03064818,0.4060341,0.38822696,-0.1149755,0.7031067,0.27982458,-0.10216374,0.5737357","-0.42710644,-0.51772445,0.83975816","-0.13698651,-0.10183264,0.49624988,0.32070306,-0.1408494,0.6422828,0.27982458,-0.10216374,0.5737357",0.0
"-0.13698651,-0.10183264,0.49624988,0.32070306,-0.1408494,0.6422828,0.27982458,-0.10216374,0.5737357","0.1471628,-0.3639617,0.6237186","-0.12293354,-0.15187553,0.5632564,0.29154098,-0.11229932,0.5851784,0.27982458,-0.10216374,0.5737357",0.0
"-0.12293354,-0.15187553,0.5632564,0.29154098,-0.11229932,0.5851784,0.27982458,-0.10216374,0.5737357","-0.12573862,-0.08964825,0.111359954","-0.13494067,-0.16420172,0.5752199,0.2766491,-0.11849842,0.5767068,0.27982458,-0.10216374,0.5737357",0.0
"0.0,0.0,0.0,2.8652207e-07,0.005789075,0.993462,0.36426902,0.5470175,0.51169205","0.9714906,0.9662099,0.84293187","0.092770316,0.13284889,0.0905567,0.38097218,0.120331526,0.8900876,0.36426902,0.5470175,0.51169205",0.0
"0.092770316,0.13284889,0.0905567,0.38097218,0.120331526,0.8900876,0.36426902,0.5470175,0.51169205","0.8932409,0.80219865,0.8066218","0.17806834,0.24314709,0.1772126,0.57114434,0.36444718,0.6485243,0.36426902,0.5470175,0.51169205",0.0
"0.17806834,0.24314709,0.1772126,0.57114434,0.36444718,0.6485243,0.36426902,0.5470175,0.51169205","0.8126087,-0.101964,0.86013746","0.25566658,0.22912759,0.2696177,0.49012533,0.51623267,0.54162127,0.36426902,0.5470175,0.51169205",0.0
"0.25566658,0.22912759,0.2696177,0.49012533,0.51623267,0.54162127,0.36426902,0.5470175,0.51169205","0.40466118,-0.35946786,0.5900986","0.29430878,0.17970262,0.3330124,0.40089005,0.5411437,0.5301821,0.36426902,0.5470175,0.51169205",0.0
"0.29430878,0.17970262,0.3330124,0.40089005,0.5411437,0.5301821,0.36426902,0.5470175,0.51169205","-0.053809404,-0.085822284,0.18545628","0.28917038,0.16790251,0.35293612,0.40443403,0.52801263,0.519195,0.36426902,0.5470175,0.51169205",0.0
"0.28917038,0.16790251,0.35293612,0.40443403,0.52801263,0.519195,0.36426902,0.5470175,0.51169205","-0.03597778,-0.028105259,0.024881601","0.28573474,0.1640382,0.3556092,0.40761486,0.52048844,0.52137244,0.36426902,0.5470175,0.51169205",0.0
"0.28573474,0.1640382,0.3556092,0.40761486,0.52048844,0.52137244,0.36426902,0.5470175,0.51169205","0.30908537,0.057179093,0.023344278","0.31525016,0.17190005,0.35811713,0.36337572,0.5646954,0.5047644,0.36426902,0.5470175,0.51169205",0.0
"0.31525016,0.17190005,0.35811713,0.36337572,0.5646954,0.5047644,0.36426902,0.5470175,0.51169205","-0.07931697,-0.064918876,0.087696314","0.307676,0.16297406,0.36753845,0.37197334,0.54902995,0.5048587,0.36426902,0.5470175,0.51169205",0.0
"0.0,0.0,0.0,2.8652207e-07,0.005789075,0.993462,-0.6675439,0.22304092,0.62845707","-0.814314,-0.9562833,-0.96302414","-0.077761084,-0.13148403,-0.103458285,-0.39844158,0.10528696,0.88075453,-0.6675439,0.22304092,0.62845707",0.0
"-0.077761084,-0.13148403,-0.103458285,-0.39844158,0.10528696,0.88075453,-0.6675439,0.22304092,0.62845707","-0.7574909,-0.8682069,0.14382601","-0.15009595,-0.25085804,-0.08800696,-0.54386175,0.28381693,0.7459744,-0.6675439,0.22304092,0.62845707",0.0
"-0.15009595,-0.25085804,-0.08800696,-0.54386175,0.28381693,0.7459744,-0.6675439,0.22304092,0.62845707","0.6274731,-0.18121165,0.5443716","-0.090176836,-0.2757737,-0.029524753,-0.5703617,0.17207867,0.7706377,-0.6675439,0.22304092,0.62845707",0.0
"-0.090176836,-0.2757737,-0.029524753,-0.5703617,0.17207867,0.7706377,-0.6675439,0.22304092,0.62845707","-0.25597513,-0.24943906,0.78745794","-0.11462061,-0.31007037,0.055072386,-0.5211292,0.202395,0.7971293,-0.6675439,0.22304092,0.62845707",0.0
"-0.11462061,-0.31007037,0.055072386,-0.5211292,0.202395,0.7971293,-0.6675439,0.22304092,0.62845707","0.3388183,-0.46964812,-0.07275224","-0.08226591,-0.3746446,0.047256622,-0.6529889,0.17861159,0.69267845,-0.6675439,0.22304092,0.62845707",0.0
"-0.08226591,-0.3746446,0.047256622,-0.6529889,0.17861159,0.69267845,-0.6675439,0.22304092,0.62845707","-0.4847368,-0.0024783015,0.5483812","-0.12855476,-0.37498543,0.10616962,-0.5585218,0.2449853,0.7442815,-0.6675439,0.22304092,0.62845707",0.0
"-0.12855476,-0.37498543,0.10616962,-0.5585218,0.2449853,0.7442815,-0.6675439,0.22304092,0.62845707","0.109567404,-0.31312186,0.68731415","-0.11809187,-0.4180381,0.18000826,-0.5475989,0.21923342,0.73295027,-0.6675439,0.22304092,0.62845707",0.0
"-0.11809187,-0.4180381,0.18000826,-0.5475989,0.21923342,0.73295027,-0.6675439,0.22304092,0.62845707","-0.068755984,-0.17925525,-0.26956534","-0.12465756,-0.44268483,0.15104875,-0.6127096,0.2592847,0.67446584,-0.6675439,0.22304092,0.62845707",0.0
"-0.12465756,-0.44268483,0.15104875,-0.6127096,0.2592847,0.67446584,-0.6675439,0.22304092,0.62845707","0.28864503,0.037689447,-0.5004175","-0.09709405,-0.4375028,0.09728867,-0.68387145,0.22139084,0.6349442,-0.6675439,0.22304092,0.62845707",0.0
"0.0,0.0,0.0,2.8652207e-07,0.005789075,0.993462,0.41543862,-0.14871344,0.60727465","-0.64056623,0.6660416,0.9501294","-0.061169423,0.0915773,0.102073,0.3261308,-0.057557743,0.91804475,0.41543862,-0.14871344,0.60727465",0.0
"-0.061169423,0.0915773,0.102073,0.3261308,-0.057557743,0.91804475,0.41543862,-0.14871344,0.60727465","-0.63906753,0.186988,0.9300797","-0.122195736,0.11728718,0.20199206,0.45710215,-0.17839377,0.79785013,0.41543862,-0.14871344,0.60727465",0.0
"-0.122195736,0.11728718,0.20199206,0.45710215,-0.17839377,0.79785013,0.41543862,-0.14871344,0.60727465","0.12011099,-0.019566417,0.9670892","-0.11072601,0.1145969,0.3058871,0.53673625,-0.18846323,0.6687442,0.41543862,-0.14871344,0.60727465",0.0
"-0.11072601,0.1145969,0.3058871,0.53673625,-0.18846323,0.6687442,0.41543862,-0.14871344,0.60727465","-0.28087556,-0.50927407,0.7755475","-0.13754758,0.044574343,0.38920468,0.46651334,-0.20877539,0.6426737,0.41543862,-0.14871344,0.60727465",0.0
"-0.13754758,0.044574343,0.38920468,0.46651334,-0.20877539,0.6426737,0.41543862,-0.14871344,0.60727465","0.35024464,-0.33332157,0.44279063","-0.10410176,-0.0012556623,0.436774,0.4447413,-0.14475508,0.62816954,0.41543862,-0.14871344,0.60727465",0.0
"-0.10410176,-0.0012556623,0.436774,0.4447413,-0.14475508,0.62816954,0.41543862,-0.14871344,0.60727465","-0.18408448,-0.15850818,0.2366854","-0.12168049,-0.023049727,0.4622013,0.417931,-0.16178885,0.6151232,0.41543862,-0.14871344,0.60727465",0.0
"0.0,0.0,0.0,2.8652207e-07,0.005789075,0.993462,0.59707606,0.19883041,0.18931343","0.6836201,0.9037857,0.9828241","0.06528076,0.124265894,0.105585404,0.39089808,0.08722372,0.88611346,0.59707606,0.19883041,0.18931343",0.0
"0.06528076,0.124265894,0.105585404,0.39089808,0.08722372,0.88611346,0.59707606,0.19883041,0.18931343","0.6004547,0.8234544,0.6946106","0.12261982,0.23748666,0.18020786,0.61980873,0.25756726,0.6538426,0.59707606,0.19883041,0.18931343",0.0
"0.12261982,0.23748666,0.18020786,0.61980873,0.25756726,0.6538426,0.59707606,0.19883041,0.18931343","-0.46929145,0.14213932,0.87174714","0.0778059,0.25703013,0.27386022,0.7242365,0.18660748,0.4855667,0.59707606,0.19883041,0.18931343",0.0
"0.0778059,0.25703013,0.27386022,0.7242365,0.18660748,0.4855667,0.59707606,0.19883041,0.18931343","0.15310717,0.03694594,0.91037405","0.09242652,0.26211002,0.37166226,0.7333019,0.22516184,0.32479647,0.59707606,0.19883041,0.18931343",0.0
"0.09242652,0.26211002,0.37166226,0.7333019,0.22516184,0.32479647,0.59707606,0.19883041,0.18931343","-0.06771004,-0.29881597,0.93133247","0.0859607,0.2210244,0.47171593,0.6886542,0.19663784,0.24473569,0.59707606,0.19883041,0.18931343",0.0
"0.0859607,0.2210244,0.47171593,0.6886542,0.19663784,0.24473569,0.59707606,0.19883041,0.18931343","0.2591921,-0.4299264,0.5922724","0.110711664,0.16191174,0.5353441,0.6108397,0.22761804,0.24726936,0.59707606,0.19883041,0.18931343",0.0
"0.110711664,0.16191174,0.5353441,0.6108397,0.22761804,0.24726936,0.59707606,0.19883041,0.18931343","-0.026088715,-0.16868943,0.52462125","0.108220376,0.13871785,0.5917046,0.573944,0.2091563,0.1998494,0.59707606,0.19883041,0.18931343",0.0
"0.108220376,0.13871785,0.5917046,0.573944,0.2091563,0.1998494,0.59707606,0.19883041,0.18931343","-0.04573047,0.08891201,-0.022030234","0.10385345,0.15094282,0.5893379,0.58497614,0.20404299,0.18491511,0.59707606,0.19883041,0.18931343",0.0
"0.0,0.0,0.0,2.8652207e-07,0.005789075,0.993462,0.7140936,-0.11327485,0.53209","-0.49425048,0.98033404,0.9999989","-0.047197327,0.1347909,0.10743052,0.41933817,-0.0567836,0.87396204,0.7140936,-0.11327485,0.53209",0.0
"-0.047197327,0.1347909,0.10743052,0.41933817,-0.0567836,0.87396204,0.7140936,-0.11327485,0.53209","0.15514636,0.5245937,0.78846693","-0.03238197,0.20691983,0.19213602,0.6303803,-0.05853218,0.68676037,0.7140936,-0.11327485,0.53209",0.0
"-0.03238197,0.20691983,0.19213602,0.6303803,-0.05853218,0.68676037,0.7140936,-0.11327485,0.53209","-0.15126598,0.34404516,0.72962034","-0.046826772,0.2542243,0.2705196,0.7361878,-0.10323695,0.49571848,0.7140936,-0.11327485,0.53209",0.0
"-0.046826772,0.2542243,0.2705196,0.7361878,-0.10323695,0.49571848,0.7140936,-0.11327485,0.53209","-0.10423726,-0.06818855,-0.09643453","-0.056780666,0.24484874,0.2601596,0.7172497,-0.123436265,0.5280594,0.7140936,-0.11327485,0.53209",0.0
"0.0,0.0,0.0,2.8652207e-07,0.005789075,0.993462,-0.097602345,-0.04625731,0.7507792","0.7290915,-0.6052209,0.965516","0.069622934,-0.083214775,0.10372602,-0.035705294,-0.002006255,0.9811189,-0.097602345,-0.04625731,0.7507792",0.0
"0.069622934,-0.083214775,0.10372602,-0.035705294,-0.002006255,0.9811189,-0.097602345,-0.04625731,0.7507792","0.9587259,-0.67958355,0.96003485","0.1611743,-0.17665404,0.20686322,-0.08174527,-0.03871389,0.94263524,-0.097602345,-0.04625731,0.7507792",0.0
"0.1611743,-0.17665404,0.20686322,-0.08174527,-0.03871389,0.94263524,-0.097602345,-0.04625731,0.7507792","-0.41902697,-0.45565856,0.96675813","0.12116025,-0.2393048,0.31072274,-0.07372461,-0.023265736,0.8868089,-0.097602345,-0.04625731,0.7507792",0.0
"0.12116025,-0.2393048,0.31072274,-0.07372461,-0.023265736,0.8868089,-0.097602345,-0.04625731,0.7507792","0.55365825,-0.56099194,0.9143276","0.17403059,-0.31643835,0.40894958,-0.08546822,-0.04524066,0.8109081,-0.097602345,-0.04625731,0.7507792",0.0
"0.17403059,-0.31643835,0.40894958,-0.08546822,-0.04524066,0.8109081,-0.097602345,-0.04625731,0.7507792","0.02382648,-0.3809862,0.5639007","0.17630586,-0.36882204,0.4695299,-0.09964307,-0.054818474,0.75386786,-0.097602345,-0.04625731,0.7507792",0.0
"0.0,0.0,0.0,2.8652207e-07,0.005789075,0.993462,-0.044619884,0.057660818,0.2237676","-0.46380937,-0.76494586,0.8229089","-0.044290442,-0.105176136,0.088405654,-0.10190754,0.020117586,0.97889495,-0.044619884,0.057660818,0.2237676",0.0
"-0.044290442,-0.105176136,0.088405654,-0.10190754,0.020117586,0.97889495,-0.044619884,0.057660818,0.2237676","-0.76233995,-0.7843653,0.9685681","-0.117088385,-0.21302237,0.19245958,-0.17073342,0.07200242,0.9333812,-0.044619884,0.057660818,0.2237676",0.0
"-0.117088385,-0.21302237,0.19245958,-0.17073342,0.07200242,0.9333812,-0.044619884,0.057660818,0.2237676","-0.12408006,-0.8920441,0.99019516","-0.12893714,-0.3356739,0.29883695,-0.25456414,0.115451,0.8488869,-0.044619884,0.057660818,0.2237676",0.0
"-0.12893714,-0.3356739,0.29883695,-0.25456414,0.115451,0.8488869,-0.044619884,0.057660818,0.2237676","-0.5777739,-0.54274225,0.93809855","-0.18411036,-0.4102982,0.39961755,-0.22807054,0.15581766,0.77292484,-0.044619884,0.057660818,0.2237676",0.0
"-0.18411036,-0.4102982,0.39961755,-0.22807054,0.15581766,0.77292484,-0.044619884,0.057660818,0.2237676","-0.7920398,-0.71425545,0.9625392","-0.2597444,-0.5085047,0.5030238,-0.19929644,0.22033854,0.6627361,-0.044619884,0.057660818,0.2237676",0.0
"-0.2597444,-0.5085047,0.5030238,-0.19929644,0.22033854,0.6627361,-0.044619884,0.057660818,0.2237676","-0.43354344,0.26933813,0.95302486","-0.30114466,-0.4714721,0.6054079,-0.063148536,0.097475894,0.6079988,-0.044619884,0.057660818,0.2237676",0.0
"-0.30114466,-0.4714721,0.6054079,-0.063148536,0.097475894,0.6079988,-0.044619884,0.057660818,0.2237676","0.5058403,-0.80682874,0.94912493","-0.25284058,-0.58240694,0.707373,-0.09973487,0.10979285,0.4711949,-0.044619884,0.057660818,0.2237676",0.0
"-0.25284058,-0.58240694,0.707373,-0.09973487,0.10979285,0.4711949,-0.044619884,0.057660818,0.2237676","0.27168572,-0.5763621,0.7037065","-0.22689657,-0.6616538,0.78297275,-0.111199036,0.1037774,0.36381978,-0.044619884,0.057660818,0.2237676",0.0
"-0.22689657,-0.6616538,0.78297275,-0.111199036,0.1037774,0.36381978,-0.044619884,0.057660818,0.2237676","-0.21964401,-0.13629931,0.8587049","-0.24787097,-0.68039435,0.87522405,-0.05491518,0.062318698,0.25043422,-0.044619884,0.057660818,0.2237676",0.0
"-0.24787097,-0.68039435,0.87522405,-0.05491518,0.062318698,0.25043422,-0.044619884,0.057660818,0.2237676","-0.08782613,-0.07620722,0.19596231","-0.2562577,-0.6908725,0.89627653,-0.04687892,0.05711271,0.22119045,-0.044619884,0.057660818,0.2237676",0.0
"0.0,0.0,0.0,2.8652207e-07,0.005789075,0.993462,0.35695907,0.39631578,0.78797925","0.9146526,0.8211682,0.9677582","0.08734269,0.1129064,0.10396687,0.360508,0.10749577,0.8981972,0.35695907,0.39631578,0.78797925",0.0
"0.08734269,0.1129064,0.10396687,0.360508,0.10749577,0.8981972,0.35695907,0.39631578,0.78797925","0.7458377,0.6447426,0.33230758","0.15856478,0.2015552,0.1396669,0.5061079,0.2818616,0.75924313,0.35695907,0.39631578,0.78797925",0.0
"0.15856478,0.2015552,0.1396669,0.5061079,0.2818616,0.75924313,0.35695907,0.39631578,0.78797925","0.44760358,-0.34797424,0.16080916","0.20130767,0.15371056,0.15694274,0.40956497,0.30732262,0.8035797,0.35695907,0.39631578,0.78797925",0.0
"0.20130767,0.15371056,0.15694274,0.40956497,0.30732262,0.8035797,0.35695907,0.39631578,0.78797925","0.38848078,-0.052562475,0.17379546","0.23840477,0.1464835,0.17561372,0.3750038,0.35653755,0.79191476,0.35695907,0.39631578,0.78797925",0.0
"0.23840477,0.1464835,0.17561372,0.3750038,0.35653755,0.79191476,0.35695907,0.39631578,0.78797925","0.21228278,-0.071956694,0.07745123","0.25867623,0.13658984,0.18393436,0.3449558,0.3727136,0.7948715,0.35695907,0.39631578,0.78797925",0.0
"0.25867623,0.13658984,0.18393436,0.3449558,0.3727136,0.7948715,0.35695907,0.39631578,0.78797925","0.1324215,0.066452146,0.15679038","0.2713215,0.14572668,0.20077847,0.35068345,0.40991437,0.7635328,0.35695907,0.39631578,0.78797925",0.0
"0.2713215,0.14572668,0.20077847,0.35068345,0.40991437,0.7635328,0.35695907,0.39631578,0.78797925","-0.16659862,-0.15245473,0.03569746","0.25541255,0.124764934,0.20461349,0.3477671,0.36813083,0.7857324,0.35695907,0.39631578,0.78797925",0.0
"0.25541255,0.124764934,0.20461349,0.3477671,0.36813083,0.7857324,0.35695907,0.39631578,0.78797925","-0.050143063,0.059117675,0.030337691","0.25062427,0.13289331,0.20787272,0.36540675,0.37504733,0.7716756,0.35695907,0.39631578,0.78797925",0.0
"0.25062427,0.13289331,0.20787272,0.36540675,0.37504733,0.7716756,0.35695907,0.39631578,0.78797925","0.08337736,-0.04500413,-0.1109609","0.2585862,0.12670548,0.19595213,0.34085244,0.368174,0.7933562,0.35695907,0.39631578,0.78797925",0.0
"0.2585862,0.12670548,0.19595213,0.34085244,0.368174,0.7933562,0.35695907,0.39631578,0.78797925","-0.16249394,0.038870335,0.0978415","0.2430692,0.13204995,0.20646332,0.37222597,0.36437505,0.77442807,0.35695907,0.39631578,0.78797925",0.0
"0.2430692,0.13204995,0.20646332,0.37222597,0.36437505,0.77442807,0.35695907,0.39631578,0.78797925","0.19524288,-0.05764234,-0.036150813","0.2617135,0.12412442,0.20257963,0.33835226,0.37272474,0.78888535,0.35695907,0.39631578,0.78797925",0.0
"0.2617135,0.12412442,0.20257963,0.33835226,0.37272474,0.78888535,0.35695907,0.39631578,0.78797925","0.005142927,0.0945158,0.035527587","0.2622046,0.13711986,0.2063964,0.35559973,0.39249122,0.76801217,0.35695907,0.39631578,0.78797925",0.0
"0.2622046,0.13711986,0.2063964,0.35559973,0.39249122,0.76801217,0.35695907,0.39631578,0.78797925","-0.11050391,-0.09647912,-0.0030120015","0.2516523,0.12385447,0.20607284,0.35191408,0.363818,0.78515345,0.35695907,0.39631578,0.78797925",0.0
"0.2516523,0.12385447,0.20607284,0.35191408,0.363818,0.78515345,0.35695907,0.39631578,0.78797925","0.09227109,0.0607661,0.03650391","0.2604635,0.13220951,0.2099945,0.35413182,0.38668546,0.77001226,0.35695907,0.39631578,0.78797925",0.0
"0.2604635,0.13220951,0.2099945,0.35413182,0.38668546,0.77001226,0.35695907,0.39631578,0.78797925","0.04236138,-0.0050340295,0.013746262","0.26450872,0.13151735,0.21147127,0.34927043,0.39124376,0.76912665,0.35695907,0.39631578,0.78797925",0.0
"0.26450872,0.13151735,0.21147127,0.34927043,0.39124376,0.76912665,0.35695907,0.39631578,0.78797925","-0.034971,0.00591743,-0.06259453","0.26116925,0.13233097,0.20474672,0.35018706,0.38415837,0.7761065,0.35695907,0.39631578,0.78797925",0.0
"0.0,0.0,0.0,2.8652207e-07,0.005789075,0.993462,0.12766083,-0.049941517,0.36001524","-0.1715768,-0.0081118345,0.90666986","-0.01638434,-0.0011153445,0.09740414,0.13207781,-0.0010076953,0.9732735,0.12766083,-0.049941517,0.36001524",0.0
"-0.01638434,-0.0011153445,0.09740414,0.13207781,-0.0010076953,0.9732735,0.12766083,-0.049941517,0.36001524","0.3937173,-0.55435157,0.986871","0.021212786,-0.07733585,0.20342436,0.11077721,0.01319531,0.94163764,0.12766083,-0.049941517,0.36001524",0.0
"0.021212786,-0.07733585,0.20342436,0.11077721,0.01319531,0.94163764,0.12766083,-0.049941517,0.36001524","-0.46282995,-0.5761186,0.96242845","-0.022984128,-0.15654923,0.30681872,0.08104231,-5.7761605e-05,0.8889829,0.12766083,-0.049941517,0.36001524",0.0
"-0.022984128,-0.15654923,0.30681872,0.08104231,-5.7761605e-05,0.8889829,0.12766083,-0.049941517,0.36001524","-0.6147927,-0.14853776,0.9681876","-0.08169238,-0.17697243,0.4108318,0.15502997,-0.034699585,0.7985464,0.12766083,-0.049941517,0.36001524",0.0
"-0.08169238,-0.17697243,0.4108318,0.15502997,-0.034699585,0.7985464,0.12766083,-0.049941517,0.36001524","-0.39177907,-0.08505595,0.5530971","-0.119104445,-0.18866721,0.47025144,0.18307847,-0.06567114,0.73513097,0.12766083,-0.049941517,0.36001524",0.0
"-0.119104445,-0.18866721,0.47025144,0.18307847,-0.06567114,0.73513097,0.12766083,-0.049941517,0.36001524","0.32271695,-0.44605988,0.95444024","-0.08828733,-0.24999817,0.57278764,0.17310601,-0.04326433,0.63048434,0.12766083,-0.049941517,0.36001524",0.0
"-0.08828733,-0.24999817,0.57278764,0.17310601,-0.04326433,0.63048434,0.12766083,-0.049941517,0.36001524","-0.45079166,-0.41089392,0.83251166","-0.13133466,-0.306494,0.66222495,0.14525758,-0.057263587,0.5281458,0.12766083,-0.049941517,0.36001524",0.0
"-0.13133466,-0.306494,0.66222495,0.14525758,-0.057263587,0.5281458,0.12766083,-0.049941517,0.36001524","-0.1441837,-0.15091705,0.7788081","-0.14510317,-0.32724434,0.7458928,0.15181,-0.067984425,0.4116363,0.12766083,-0.049941517,0.36001524",0.0
"-0.14510317,-0.32724434,0.7458928,0.15181,-0.067984425,0.4116363,0.12766083,-0.049941517,0.36001524","0.100884795,-0.28078562,0.4051348","-0.13546942,-0.36585093,0.78941685,0.12932064,-0.05226397,0.3592148,0.12766083,-0.049941517,0.36001524",0.0
"0.0,0.0,0.0,2.8652207e-07,0.005789075,0.993462,0.6675439,0.22304092,0.62845707","0.21563625,0.9657992,0.9939016","0.0205917,0.13279243,0.10677547,0.41724244,0.032830846,0.8765833,0.6675439,0.22304092,0.62845707",0.0
"0.0205917,0.13279243,0.10677547,0.41724244,0.032830846,0.8765833,0.6675439,0.22304092,0.62845707","0.5365479,0.85335386,0.5700896","0.071828134,0.25012422,0.16802056,0.6626524,0.15806134,0.64918935,0.6675439,0.22304092,0.62845707",0.0
"0.071828134,0.25012422,0.16802056,0.6626524,0.15806134,0.64918935,0.6675439,0.22304092,0.62845707","0.37878358,0.10129213,0.04049647","0.10799922,0.26405138,0.17237112,0.66266245,0.24001835,0.61980146,0.6675439,0.22304092,0.62845707",0.0
"0.10799922,0.26405138,0.17237112,0.66266245,0.24001835,0.61980146,0.6675439,0.22304092,0.62845707","-0.1182816,-0.08347672,-0.03548628","0.096704185,0.2525738,0.16855882,0.65215456,0.21052477,0.6443919,0.6675439,0.22304092,0.62845707",0.0
"0.096704185,0.2525738,0.16855882,0.65215456,0.21052477,0.6443919,0.6675439,0.22304092,0.62845707","0.09555805,0.0043922663,0.016174555","0.10582928,0.25317773,0.17029648,0.6478908,0.22983497,0.64106226,0.6675439,0.22304092,0.62845707",0.0
"0.10582928,0.25317773,0.17029648,0.6478908,0.22983497,0.64106226,0.6675439,0.22304092,0.62845707","-0.07813722,0.016022205,0.020304441","0.09836774,0.25538072,0.1724778,0.6576803,0.21604858,0.6344304,0.6675439,0.22304092,0.62845707",0.0
"0.0,0.0,0.0,2.8652207e-07,0.005789075,0.993462,0.2040351,0.78204674,0.22827868","0.75896645,0.9898981,0.98418236","0.07247579,0.1361059,0.10573133,0.41146174,0.10128129,0.8740867,0.2040351,0.78204674,0.22827868",0.0
"0.07247579,0.1361059,0.10573133,0.41146174,0.10128129,0.8740867,0.2040351,0.78204674,0.22827868","0.93376756,0.8941333,0.90051806","0.16164383,0.25904465,0.20247453,0.6237063,0.353718,0.58674437,0.2040351,0.78204674,0.22827868",0.0
"0.16164383,0.25904465,0.20247453,0.6237063,0.353718,0.58674437,0.2040351,0.78204674,0.22827868","0.9507884,0.22805548,0.65683675","0.25243723,0.29040113,0.27303895,0.5466598,0.56334853,0.42440668,0.2040351,0.78204674,0.22827868",0.0
"0.25243723,0.29040113,0.27303895,0.5466598,0.56334853,0.42440668,0.2040351,0.78204674,0.22827868","0.9204353,0.36688662,0.6051663","0.34033212,0.34084618,0.33805233,0.3945635,0.73152924,0.22342108,0.2040351,0.78204674,0.22827868",0.0
"0.34033212,0.34084618,0.33805233,0.3945635,0.73152924,0.22342108,0.2040351,0.78204674,0.22827868","0.7338345,-0.36204255,0.44280887","0.410408,0.2910672,0.38562354,0.21336117,0.7587739,0.2481368,0.2040351,0.78204674,0.22827868",0.0
"0.410408,0.2910672,0.38562354,0.21336117,0.7587739,0.2481368,0.2040351,0.78204674,0.22827868","0.42606354,-0.2297166,0.04219234","0.45109397,0.2594824,0.39015627,0.11108544,0.75515777,0.30089086,0.2040351,0.78204674,0.22827868",0.0
"0.45109397,0.2594824,0.39015627,0.11108544,0.75515777,0.30089086,0.2040351,0.78204674,0.22827868","-0.035848796,0.1357516,-0.07545358","0.4476707,0.27814758,0.38205025,0.12180452,0.7696168,0.27837235,0.2040351,0.78204674,0.22827868",0.0
"0.4476707,0.27814758,0.38205025,0.12180452,0.7696168,0.27837235,0.2040351,0.78204674,0.22827868","-0.016765356,0.10302496,-0.13285238","0.44606975,0.292313,0.36777785,0.12784033,0.7816594,0.27339682,0.2040351,0.78204674,0.22827868",0.0
"0.44606975,0.292313,0.36777785,0.12784033,0.7816594,0.27339682,0.2040351,0.78204674,0.22827868","0.21841693,-0.035773933,-0.11592603","0.46692696,0.28739432,0.35532385,0.07610867,0.78570944,0.3022736,0.2040351,0.78204674,0.22827868",0.0
"0.46692696,0.28739432,0.35532385,0.07610867,0.78570944,0.3022736,0.2040351,0.78204674,0.22827868","-0.35088348,0.14007819,-0.11426884","0.43342015,0.3066544,0.3430479,0.16163796,0.78935885,0.28393865,0.2040351,0.78204674,0.22827868",0.0
"0.43342015,0.3066544,0.3430479,0.16163796,0.78935885,0.28393865,0.2040351,0.78204674,0.22827868","0.049073458,-0.22693348,0.21986961","0.43810627,0.27545223,0.36666864,0.14477901,0.7651428,0.3074279,0.2040351,0.78204674,0.22827868",0.0
"0.43810627,0.27545223,0.36666864,0.14477901,0.7651428,0.3074279,0.2040351,0.78204674,0.22827868","0.06793928,-0.032120287,0.16140366","0.444594,0.27103585,0.38400835,0.12822591,0.76265085,0.288797,0.2040351,0.78204674,0.22827868",0.0
"0.444594,0.27103585,0.38400835,0.12822591,0.76265085,0.288797,0.2040351,0.78204674,0.22827868","0.08245599,0.0447793,-0.06262183","0.45246795,0.27719283,0.37728086,0.11017515,0.77125263,0.28759795,0.2040351,0.78204674,0.22827868",0.0
"0.45246795,0.27719283,0.37728086,0.11017515,0.77125263,0.28759795,0.2040351,0.78204674,0.22827868","-0.16305548,0.17918324,-0.17842364","0.4368973,0.30182964,0.3581127,0.15197498,0.78594786,0.26993686,0.2040351,0.78204674,0.22827868",0.0
"0.4368973,0.30182964,0.3581127,0.15197498,0.78594786,0.26993686,0.2040351,0.78204674,0.22827868","0.13080156,-0.21289295,-0.013809621","0.4493879,0.27255797,0.35662913,0.11726754,0.7678722,0.3285788,0.2040351,0.78204674,0.22827868",0.0
"0.4493879,0.27255797,0.35662913,0.11726754,0.7678722,0.3285788,0.2040351,0.78204674,0.22827868","-0.29699087,0.090141416,0.18970025","0.42102742,0.28495198,0.37700877,0.1871839,0.7625121,0.2732178,0.2040351,0.78204674,0.22827868",0.0
"0.42102742,0.28495198,0.37700877,0.1871839,0.7625121,0.2732178,0.2040351,0.78204674,0.22827868","0.45126307,-0.23004341,0.09338713","0.4641198,0.25332224,0.3870414,0.079557456,0.7542879,0.31717303,0.2040351,0.78204674,0.22827868",0.0
"0.4641198,0.25332224,0.3870414,0.079557456,0.7542879,0.31717303,0.2040351,0.78204674,0.22827868","-0.47656214,0.37756336,-0.13314533","0.41861156,0.3052353,0.3727375,0.19689998,0.7761195,0.24060205,0.2040351,0.78204674,0.22827868",0.0
"0.0,0.0,0.0,2.8652207e-07,0.005789075,0.993462,0.685731,0.22929823,0.53209","0.10196149,0.950037,0.98593116","0.009736587,0.1306252,0.105919205,0.41291183,0.018425975,0.87951916,0.685731,0.22929823,0.53209",0.0
"0.009736587,0.1306252,0.105919205,0.41291183,0.018425975,0.87951916,0.685731,0.22929823,0.53209","0.66777587,0.84369063,0.8980334","0.07350434,0.24662836,0.2023955,0.67971927,0.16575913,0.6083091,0.685731,0.22929823,0.53209",0.0
"0.07350434,0.24662836,0.2023955,0.67971927,0.16575913,0.6083091,0.685731,0.22929823,0.53209","0.19163382,0.14814019,0.35480797","0.091803975,0.2669969,0.24051276,0.71451306,0.2180227,0.51739323,0.685731,0.22929823,0.53209",0.0
"0.091803975,0.2669969,0.24051276,0.71451306,0.2180227,0.51739323,0.685731,0.22929823,0.53209","0.014668703,-0.035562992,-0.06888986","0.09320474,0.26210722,0.2331119,0.70442396,0.21841449,0.5371666,0.685731,0.22929823,0.53209",0.0
"0.09320474,0.26210722,0.2331119,0.70442396,0.21841449,0.5371666,0.685731,0.22929823,0.53209","-0.1547457,0.0072356462,0.045487165","0.07842765,0.26310208,0.23799862,0.7172332,0.18635222,0.5281813,0.685731,0.22929823,0.53209",0.0
"0.07842765,0.26310208,0.23799862,0.7172332,0.18635222,0.5281813,0.685731,0.22929823,0.53209","0.099729896,-0.015471697,-0.050206363","0.08795113,0.26097482,0.23260495,0.7063035,0.20629713,0.53994465,0.685731,0.22929823,0.53209",0.0
"0.08795113,0.26097482,0.23260495,0.7063035,0.20629713,0.53994465,0.685731,0.22929823,0.53209","0.053246975,0.031308055,-0.026049376","0.09303584,0.26527956,0.22980645,0.7069098,0.21875381,0.5362985,0.685731,0.22929823,0.53209",0.0
"0.09303584,0.26527956,0.22980645,0.7069098,0.21875381,0.5362985,0.685731,0.22929823,0.53209","0.04254079,0.0054643154,0.07350695","0.09709818,0.2660309,0.23770338,0.70845765,0.22914235,0.52331114,0.685731,0.22929823,0.53209",0.0
"0.09709818,0.2660309,0.23770338,0.70845765,0.22914235,0.52331114,0.685731,0.22929823,0.53209","-0.1806469,-0.008156657,0.015513778","0.079847716,0.26490945,0.23937005,0.7191912,0.19026676,0.52288204,0.685731,0.22929823,0.53209",0.0
"0.079847716,0.26490945,0.23937005,0.7191912,0.19026676,0.52288204,0.685731,0.22929823,0.53209","0.18898416,-0.0040978193,-0.09717989","0.09789433,0.26434603,0.22893,0.70194703,0.22902858,0.53926593,0.685731,0.22929823,0.53209",0.0
"0.0,0.0,0.0,2.8652207e-07,0.005789075,0.993462,-0.62169594,-0.32988304,0.62845707","0.35512877,-0.9834431,-0.7194547","0.033912215,-0.13521837,-0.07729146,-0.3865674,-0.0355186,0.89822197,-0.62169594,-0.32988304,0.62845707",0.0
"0.033912215,-0.13521837,-0.07729146,-0.3865674,-0.0355186,0.89822197,-0.62169594,-0.32988304,0.62845707","0.2869029,-0.95664823,0.39933598","0.061309356,-0.2667526,-0.034390528,-0.5755719,-0.10635399,0.7788497,-0.62169594,-0.32988304,0.62845707",0.0
"0.061309356,-0.2667526,-0.034390528,-0.5755719,-0.10635399,0.7788497,-0.62169594,-0.32988304,0.62845707","0.8947017,-0.8801583,0.11478925","0.14674687,-0.38776988,-0.02205861,-0.6868139,-0.33468986,0.59236467,-0.62169594,-0.32988304,0.62845707",0.0
"0.14674687,-0.38776988,-0.02205861,-0.6868139,-0.33468986,0.59236467,-0.62169594,-0.32988304,0.62845707","0.3017602,-0.03171563,-0.18724042","0.17556278,-0.39213067,-0.04217393,-0.6728681,-0.40717623,0.5587559,-0.62169594,-0.32988304,0.62845707",0.0
"0.17556278,-0.39213067,-0.04217393,-0.6728681,-0.40717623,0.5587559,-0.62169594,-0.32988304,0.62845707","-0.22958279,0.082585454,0.88205624","0.1536393,-0.38077566,0.05258597,-0.6057623,-0.31089145,0.6877864,-0.62169594,-0.32988304,0.62845707",0.0
"0.1536393,-0.38077566,0.05258597,-0.6057623,-0.31089145,0.6877864,-0.62169594,-0.32988304,0.62845707","0.46820784,-0.06435466,0.2514807","0.19834974,-0.38962415,0.079602756,-0.54337835,-0.38337153,0.69897586,-0.62169594,-0.32988304,0.62845707",0.0
"0.19834974,-0.38962415,0.079602756,-0.54337835,-0.38337153,0.69897586,-0.62169594,-0.32988304,0.62845707","-0.0550586,-0.22692204,-0.345913","0.19309205,-0.42082483,0.042441163,-0.62045103,-0.42348248,0.6070845,-0.62169594,-0.32988304,0.62845707",0.0
"0.19309205,-0.42082483,0.042441163,-0.62045103,-0.42348248,0.6070845,-0.62169594,-0.32988304,0.62845707","-0.06370497,0.30669534,0.24068415","0.18700868,-0.37865585,0.068298064,-0.55267113,-0.36109608,0.7062842,-0.62169594,-0.32988304,0.62845707",0.0
"0.18700868,-0.37865585,0.068298064,-0.55267113,-0.36109608,0.7062842,-0.62169594,-0.32988304,0.62845707","-0.4168585,-0.21682793,0.7979981","0.14720172,-0.40846863,0.15402757,-0.54569095,-0.26555973,0.7298195,-0.62169594,-0.32988304,0.62845707",0.0
"0.14720172,-0.40846863,0.15402757,-0.54569095,-0.26555973,0.7298195,-0.62169594,-0.32988304,0.62845707","0.48695064,-0.5560192,0.058706284","0.19370197,-0.48491848,0.16033448,-0.5917327,-0.40522736,0.6111226,-0.62169594,-0.32988304,0.62845707",0.0
"0.19370197,-0.48491848,0.16033448,-0.5917327,-0.40522736,0.6111226,-0.62169594,-0.32988304,0.62845707","-0.13772023,0.21706772,-0.3099687","0.18055068,-0.45507282,0.12703441,-0.6034265,-0.3775489,0.6327696,-0.62169594,-0.32988304,0.62845707",0.0
"0.18055068,-0.45507282,0.12703441,-0.6034265,-0.3775489,0.6327696,-0.62169594,-0.32988304,0.62845707","0.118023515,0.42248762,-0.036895514","0.19182107,-0.396983,0.12307078,-0.51901066,-0.3500512,0.7242773,-0.62169594,-0.32988304,0.62845707",0.0
"0.19182107,-0.396983,0.12307078,-0.51901066,-0.3500512,0.7242773,-0.62169594,-0.32988304,0.62845707","0.21745753,-0.31656837,0.698529","0.21258669,-0.4405096,0.19811425,-0.47740415,-0.36919355,0.71147245,-0.62169594,-0.32988304,0.62845707",0.0
"0.21258669,-0.4405096,0.19811425,-0.47740415,-0.36919355,0.71147245,-0.62169594,-0.32988304,0.62845707","0.06246054,-0.43633413,-0.2474879","0.21855122,-0.5005033,0.17152654,-0.5653805,-0.45592126,0.59371644,-0.62169594,-0.32988304,0.62845707",0.0
"0.21855122,-0.5005033,0.17152654,-0.5653805,-0.45592126,0.59371644,-0.62169594,-0.32988304,0.62845707","-0.64862317,0.17146313,0.009090781","0.15661241,-0.47692809,0.17250323,-0.6121547,-0.32153276,0.63533276,-0.62169594,-0.32988304,0.62845707",0.0
"0.0,0.0,0.0,2.8652207e-07,0.005789075,0.993462,0.007953216,0.1659649,0.3483126","0.8899481,-0.100447476,0.69966686","0.08498359,-0.013811019,0.07516567,0.07034434,0.025241917,0.9842035,0.007953216,0.1659649,0.3483126",0.0
"0.08498359,-0.013811019,0.07516567,0.07034434,0.025241917,0.9842035,0.007953216,0.1659649,0.3483126","0.92306554,-0.37231207,0.98147357","0.17312962,-0.06500204,0.18060604,0.08896072,0.060564067,0.95158577,0.007953216,0.1659649,0.3483126",0.0
"0.17312962,-0.06500204,0.18060604,0.08896072,0.060564067,0.95158577,0.007953216,0.1659649,0.3483126","0.95658684,0.46211195,0.91049695","0.26447672,-0.0014640382,0.27842134,0.23037465,0.26093087,0.8341007,0.007953216,0.1659649,0.3483126",0.0
"0.26447672,-0.0014640382,0.27842134,0.23037465,0.26093087,0.8341007,0.007953216,0.1659649,0.3483126","0.9737021,-0.8536502,0.992491","0.35745817,-0.11883657,0.38504538,0.097612515,0.21658075,0.79901516,0.007953216,0.1659649,0.3483126",0.0
"0.35745817,-0.11883657,0.38504538,0.097612515,0.21658075,0.79901516,0.007953216,0.1659649,0.3483126","0.8991041,-0.3864075,0.99706995","0.4433161,-0.17196563,0.4921613,0.036711074,0.2366536,0.69846636,0.007953216,0.1659649,0.3483126",0.0
"0.4433161,-0.17196563,0.4921613,0.036711074,0.2366536,0.69846636,0.007953216,0.1659649,0.3483126","0.8234885,-0.45304203,0.94680905","0.5219533,-0.23425661,0.5938777,-0.020531038,0.21319804,0.59360003,0.007953216,0.1659649,0.3483126",0.0
"0.5219533,-0.23425661,0.5938777,-0.020531038,0.21319804,0.59360003,0.007953216,0.1659649,0.3483126","0.083934665,-0.3416121,0.9806094","0.52996844,-0.28122655,0.6992252,-0.024761982,0.20064272,0.4621262,0.007953216,0.1659649,0.3483126",0.0
"0.52996844,-0.28122655,0.6992252,-0.024761982,0.20064272,0.4621262,0.007953216,0.1659649,0.3483126","-0.17996246,-0.3784076,0.696051","0.51278335,-0.33325568,0.77400243,-0.012484936,0.16650347,0.37083766,0.007953216,0.1659649,0.3483126",0.0
"0.51278335,-0.33325568,0.77400243,-0.012484936,0.16650347,0.37083766,0.007953216,0.1659649,0.3483126","-0.40215707,-0.06732917,0.1326878","0.4743803,-0.3425131,0.78825724,0.00715079,0.16066524,0.3524641,0.007953216,0.1659649,0.3483126",0.0
"0.0,0.0,0.0,2.8652207e-07,0.005789075,0.993462,0.10292398,-0.43005848,0.46932715","-0.9563305,0.8165461,0.88469934","-0.091322616,0.112270884,0.09504381,0.35085067,-0.097478546,0.9057339,0.10292398,-0.43005848,0.46932715",0.0
"-0.091322616,0.112270884,0.09504381,0.35085067,-0.097478546,0.9057339,0.10292398,-0.43005848,0.46932715","-0.8257948,0.16005206,0.9081596","-0.17018002,0.13427721,0.19260797,0.44346917,-0.25587797,0.78783756,0.10292398,-0.43005848,0.46932715",0.0
"-0.17018002,0.13427721,0.19260797,0.44346917,-0.25587797,0.78783756,0.10292398,-0.43005848,0.46932715","-0.91095454,0.21577597,0.85225105","-0.25716957,0.1639453,0.28416586,0.4392765,-0.45114785,0.62721276,0.10292398,-0.43005848,0.46932715",0.0
"-0.25716957,0.1639453,0.28416586,0.4392765,-0.45114785,0.62721276,0.10292398,-0.43005848,0.46932715","-0.9804509,-0.65179455,0.8113506","-0.35079554,0.07432692,0.37132978,0.25166613,-0.48417723,0.6302457,0.10292398,-0.43005848,0.46932715",0.0
"-0.35079554,0.07432692,0.37132978,0.25166613,-0.48417723,0.6302457,0.10292398,-0.43005848,0.46932715","-0.84471595,-0.38318646,0.8836428","-0.43145975,0.021640752,0.46626014,0.11485937,-0.4980641,0.5566952,0.10292398,-0.43005848,0.46932715",0.0
"-0.43145975,0.021640752,0.46626014,0.11485937,-0.4980641,0.5566952,0.10292398,-0.43005848,0.46932715","-0.09493339,-0.46117324,0.6639769","-0.44052523,-0.0417682,0.53759164,0.0890168,-0.4397032,0.5216333,0.10292398,-0.43005848,0.46932715",0.0
"-0.44052523,-0.0417682,0.53759164,0.0890168,-0.4397032,0.5216333,0.10292398,-0.43005848,0.46932715","-0.020137787,-0.16296512,0.40314937","-0.44244823,-0.06417507,0.5809023,0.082849294,-0.421035,0.47856286,0.10292398,-0.43005848,0.46932715",0.0
"-0.44244823,-0.06417507,0.5809023,0.082849294,-0.421035,0.47856286,0.10292398,-0.43005848,0.46932715","0.14108717,0.020910263,0.049871206","-0.4289754,-0.061300028,0.58626,0.101453386,-0.42095414,0.46720204,0.10292398,-0.43005848,0.46932715",0.0
"0.0,0.0,0.0,2.8652207e-07,0.005789075,0.993462,0.21649124,0.5080117,0.5050889","0.95870495,0.9152832,0.9628788","0.091549374,0.12584673,0.103442684,0.38292527,0.11931135,0.8863581,0.21649124,0.5080117,0.5050889",0.0
"0.091549374,0.12584673,0.103442684,0.38292527,0.11931135,0.8863581,0.21649124,0.5080117,0.5050889","0.99125016,0.77119017,0.90721226","0.18620658,0.23188144,0.20090507,0.56152534,0.3788524,0.63513494,0.21649124,0.5080117,0.5050889",0.0
"0.18620658,0.23188144,0.20090507,0.56152534,0.3788524,0.63513494,0.21649124,0.5080117,0.5050889","0.9676106,-0.5496982,0.7848172","0.27860636,0.15630078,0.2852185,0.39224878,0.47897875,0.63735926,0.21649124,0.5080117,0.5050889",0.0
"0.27860636,0.15630078,0.2852185,0.39224878,0.47897875,0.63735926,0.21649124,0.5080117,0.5050889","0.89955974,-0.4348355,0.8008715","0.3645078,0.096513145,0.37125665,0.23313126,0.5282304,0.5999594,0.21649124,0.5080117,0.5050889",0.0
"0.3645078,0.096513145,0.37125665,0.23313126,0.5282304,0.5999594,0.21649124,0.5080117,0.5050889","0.05944848,-0.2863269,0.64710784","0.3701847,0.057144675,0.4407759,0.21278907,0.50711054,0.5495838,0.21649124,0.5080117,0.5050889",0.0
"0.3701847,0.057144675,0.4407759,0.21278907,0.50711054,0.5495838,0.21649124,0.5080117,0.5050889","0.0651021,-0.05978948,0.22825086","0.37640148,0.048923932,0.46529707,0.20131811,0.5074367,0.52298903,0.21649124,0.5080117,0.5050889",0.0
"0.37640148,0.048923932,0.46529707,0.20131811,0.5074367,0.52298903,0.21649124,0.5080117,0.5050889","-0.005962491,0.060796976,0.05865228","0.3758321,0.057283208,0.47159815,0.20662606,0.51777923,0.50200975,0.21649124,0.5080117,0.5050889",0.0
"0.0,0.0,0.0,2.8652207e-07,0.005789075,0.993462,-0.053391814,0.71450293,0.42493555","0.48240662,0.87688005,0.77673495","0.046066336,0.1205665,0.083445124,0.36182603,0.058583036,0.9070734,-0.053391814,0.71450293,0.42493555",0.0
"0.046066336,0.1205665,0.083445124,0.36182603,0.058583036,0.9070734,-0.053391814,0.71450293,0.42493555","0.98544407,0.55181146,0.84904945","0.14016908,0.19643775,0.17465904,0.5421579,0.2618724,0.7247762,-0.053391814,0.71450293,0.42493555",0.0
"0.14016908,0.19643775,0.17465904,0.5421579,0.2618724,0.7247762,-0.053391814,0.71450293,0.42493555","0.96498513,-0.031759918,0.40220463","0.23231818,0.19207093,0.21786816,0.46497616,0.42375788,0.675657,-0.053391814,0.71450293,0.42493555",0.0
"0.23231818,0.19207093,0.21786816,0.46497616,0.42375788,0.675657,-0.053391814,0.71450293,0.42493555","0.95019054,-0.3448485,0.15821123","0.3230545,0.14465605,0.2348649,0.2938928,0.4840475,0.72249824,-0.053391814,0.71450293,0.42493555",0.0
"0.3230545,0.14465605,0.2348649,0.2938928,0.4840475,0.72249824,-0.053391814,0.71450293,0.42493555","0.9292915,-0.037688375,0.2932756","0.41179508,0.1394741,0.26637173,0.15346321,0.5607305,0.6881205,-0.053391814,0.71450293,0.42493555",0.0
"0.41179508,0.1394741,0.26637173,0.15346321,0.5607305,0.6881205,-0.053391814,0.71450293,0.42493555","0.6537852,0.13127375,0.3158449","0.47422683,0.15752357,0.30030316,0.04512188,0.62766224,0.61391276,-0.053391814,0.71450293,0.42493555",0.0
"0.47422683,0.15752357,0.30030316,0.04512188,0.62766224,0.61391276,-0.053391814,0.71450293,0.42493555","0.22374105,0.71967185,0.86052895","0.49559247,0.2564748,0.39275032,0.004738464,0.7604986,0.30244547,-0.053391814,0.71450293,0.42493555",0.0
"0.49559247,0.2564748,0.39275032,0.004738464,0.7604986,0.30244547,-0.053391814,0.71450293,0.42493555","-0.033813596,-0.23297352,-0.28463852","0.4923635,0.22444214,0.36217147,0.011750845,0.7311482,0.4084935,-0.053391814,0.71450293,0.42493555",0.0
"0.4923635,0.22444214,0.36217147,0.011750845,0.7311482,0.4084935,-0.053391814,0.71450293,0.42493555","0.44862175,-0.055742443,0.10070467","0.53520364,0.21677785,0.3729903,-0.08569994,0.7192548,0.40524557,-0.053391814,0.71450293,0.42493555",0.0
"0.53520364,0.21677785,0.3729903,-0.08569994,0.7192548,0.40524557,-0.053391814,0.71450293,0.42493555","-0.2987681,0.032444715,0.0025172234","0.50667346,0.22123884,0.3732608,-0.021070419,0.7285763,0.39691734,-0.053391814,0.71450293,0.42493555",0.0
"0.50667346,0.22123884,0.3732608,-0.021070419,0.7285763,0.39691734,-0.053391814,0.71450293,0.42493555","0.30979025,-0.002495408,0.06972432","0.5362562,0.22089575,0.38075134,-0.08859745,0.7235082,0.38584295,-0.053391814,0.71450293,0.42493555",0.0
"0.5362562,0.22089575,0.38075134,-0.08859745,0.7235082,0.38584295,-0.053391814,0.71450293,0.42493555","-0.3564235,-0.077026844,-0.10396397","0.50222033,0.21030496,0.36958247,-0.010795079,0.7172231,0.4219336,-0.053391814,0.71450293,0.42493555",0.0
"0.50222033,0.21030496,0.36958247,-0.010795079,0.7172231,0.4219336,-0.053391814,0.71450293,0.42493555","0.2985394,-0.057467043,0.08274186","0.53072864,0.20240356,0.37847155,-0.07418997,0.7060352,0.42185247,-0.053391814,0.71450293,0.42493555",0.0
"0.53072864,0.20240356,0.37847155,-0.07418997,0.7060352,0.42185247,-0.053391814,0.71450293,0.42493555","-0.084920704,0.11520541,0.043431044","0.52261937,0.21824372,0.3831374,-0.05734991,0.7241187,0.38682652,-0.053391814,0.71450293,0.42493555",0.0
"0.52261937,0.21824372,0.3831374,-0.05734991,0.7241187,0.38682652,-0.053391814,0.71450293,0.42493555","0.18598235,-0.037520528,-0.09994131","0.54037935,0.21308486,0.37240067,-0.09689606,0.71394944,0.41267177,-0.053391814,0.71450293,0.42493555",0.0
"0.54037935,0.21308486,0.37240067,-0.09689606,0.71394944,0.41267177,-0.053391814,0.71450293,0.42493555","0.043918967,0.07534468,0.060286045","0.54457325,0.22344437,0.3788773,-0.107809275,0.7233583,0.38422802,-0.053391814,0.71450293,0.42493555",0.0
"0.54457325,0.22344437,0.3788773,-0.107809275,0.7233583,0.38422802,-0.053391814,0.71450293,0.42493555","-0.4414978,0.046360254,-0.09649116","0.50241345,0.2298187,0.36851123,-0.0113806,0.7370632,0.38898334,-0.053391814,0.71450293,0.42493555",0.0
"0.50241345,0.2298187,0.36851123,-0.0113806,0.7370632,0.38898334,-0.053391814,0.71450293,0.42493555","0.23482049,-0.124067426,0.001024723","0.5248371,0.21276008,0.36862138,-0.0618785,0.71711427,0.41912663,-0.053391814,0.71450293,0.42493555",0.0
"0.0,0.0,0.0,2.8652207e-07,0.005789075,0.993462,0.005789474,0.0012280701,0.23331277","-0.5967462,-0.7624235,0.9067397","-0.056984946,-0.10482933,0.097411655,-0.08792586,0.021794291,0.97855043,0.005789474,0.0012280701,0.23331277",0.0
"-0.056984946,-0.10482933,0.097411655,-0.08792586,0.021794291,0.97855043,0.005789474,0.0012280701,0.23331277","-0.22806561,-0.62176496,0.99235","-0.07876357,-0.19031885,0.2040205,-0.11727765,0.035597708,0.93985593,0.005789474,0.0012280701,0.23331277",0.0
"-0.07876357,-0.19031885,0.2040205,-0.11727765,0.035597708,0.93985593,0.005789474,0.0012280701,0.23331277","-0.06671226,-0.77472997,0.99806476","-0.08513412,-0.29684028,0.3112433,-0.18008141,0.0553489,0.8679329,0.005789474,0.0012280701,0.23331277",0.0
"-0.08513412,-0.29684028,0.3112433,-0.18008141,0.0553489,0.8679329,0.005789474,0.0012280701,0.23331277","-0.110211074,0.41292322,0.9230461","-0.09565848,-0.24006549,0.4104068,0.04400554,-0.0075768614,0.8146191,0.005789474,0.0012280701,0.23331277",0.0
"-0.09565848,-0.24006549,0.4104068,0.04400554,-0.0075768614,0.8146191,0.005789474,0.0012280701,0.23331277","0.40113115,-0.74303365,0.94444585","-0.057353377,-0.34222883,0.51186925,-0.01883726,0.009315775,0.7211941,0.005789474,0.0012280701,0.23331277",0.0
"-0.057353377,-0.34222883,0.51186925,-0.01883726,0.009315775,0.7211941,0.005789474,0.0012280701,0.23331277","0.5793209,-0.6914094,0.9655678","-0.0020324397,-0.43729413,0.6156009,-0.05685252,0.0061522983,0.60479003,0.005789474,0.0012280701,0.23331277",0.0
"-0.0020324397,-0.43729413,0.6156009,-0.05685252,0.0061522983,0.60479003,0.005789474,0.0012280701,0.23331277","0.03675008,-0.72824895,0.9797561","0.0014769231,-0.5374246,0.7208568,-0.083067335,0.0054037934,0.46918592,0.005789474,0.0012280701,0.23331277",0.0
"0.0014769231,-0.5374246,0.7208568,-0.083067335,0.0054037934,0.46918592,0.005789474,0.0012280701,0.23331277","-0.51888186,-0.13617182,0.8568647","-0.04807253,-0.55614763,0.8129104,-0.026409099,0.009874886,0.35020155,0.005789474,0.0012280701,0.23331277",0.0
"-0.04807253,-0.55614763,0.8129104,-0.026409099,0.009874886,0.35020155,0.005789474,0.0012280701,0.23331277","-0.39070582,-0.35624313,0.64044905","-0.085382104,-0.6051293,0.8817142,-0.02163602,0.011950888,0.2514475,0.005789474,0.0012280701,0.23331277",0.0
"-0.085382104,-0.6051293,0.8817142,-0.02163602,0.011950888,0.2514475,0.005789474,0.0012280701,0.23331277","-0.9572947,0.20624948,0.079698086","-0.1767968,-0.5767711,0.8902763,0.0035668719,0.0045999293,0.239871,0.005789474,0.0012280701,0.23331277",0.0
"0.0,0.0,0.0,2.8652207e-07,0.005789075,0.993462,0.18251462,-0.4016959,0.60727465","-0.88700986,0.83034706,0.7326157","-0.084703,0.11416845,0.07870536,0.33705577,-0.08586988,0.9160799,0.18251462,-0.4016959,0.60727465",0.0
"-0.084703,0.11416845,0.07870536,0.33705577,-0.08586988,0.9160799,0.18251462,-0.4016959,0.60727465","-0.79784834,0.50767136,0.7673166","-0.16089173,0.18397066,0.16113867,0.50079894,-0.27053034,0.75890476,0.18251462,-0.4016959,0.60727465",0.0
"-0.16089173,0.18397066,0.16113867,0.50079894,-0.27053034,0.75890476,0.18251462,-0.4016959,0.60727465","-0.7395069,-0.5898873,0.58242226","-0.23150927,0.10286419,0.22370869,0.36637878,-0.31835717,0.7899022,0.18251462,-0.4016959,0.60727465",0.0
"-0.23150927,0.10286419,0.22370869,0.36637878,-0.31835717,0.7899022,0.18251462,-0.4016959,0.60727465","-0.5605738,-0.22192872,0.903088","-0.28504,0.07235014,0.32072803,0.32475564,-0.3962067,0.7040486,0.18251462,-0.4016959,0.60727465",0.0
"-0.28504,0.07235014,0.32072803,0.32475564,-0.3962067,0.7040486,0.18251462,-0.4016959,0.60727465","-0.50539255,-0.38544858,0.6995163","-0.3333013,0.019352943,0.39587754,0.24344082,-0.40997985,0.66349095,0.18251462,-0.4016959,0.60727465",0.0
"-0.3333013,0.019352943,0.39587754,0.24344082,-0.40997985,0.66349095,0.18251462,-0.4016959,0.60727465","-0.36603236,-0.2498241,0.53845346","-0.36825475,-0.014996592,0.45372397,0.18860756,-0.41497958,0.618749,0.18251462,-0.4016959,0.60727465",0.0
"-0.36825475,-0.014996592,0.45372397,0.18860756,-0.41497958,0.618749,0.18251462,-0.4016959,0.60727465","0.091806054,-0.0935266,0.12625706","-0.35948795,-0.027856028,0.46728787,0.19472975,-0.3985516,0.6128349,0.18251462,-0.4016959,0.60727465",0.0
"0.0,0.0,0.0,2.8652207e-07,0.005789075,0.993462,-0.15520468,-0.059415203,0.3483126","0.17385972,-0.8842769,0.934551","0.016602328,-0.12158354,0.10039943,-0.122152664,-0.00057999283,0.9740732,-0.15520468,-0.059415203,0.3483126",0.0
"0.016602328,-0.12158354,0.10039943,-0.122152664,-0.00057999283,0.9740732,-0.15520468,-0.059415203,0.3483126","-0.10662228,-0.81253994,0.81726074","0.0064206645,-0.23330365,0.18819831,-0.23264228,0.0010969765,0.92334193,-0.15520468,-0.059415203,0.3483126",0.0
"0.0064206645,-0.23330365,0.18819831,-0.23264228,0.0010969765,0.92334193,-0.15520468,-0.059415203,0.3483126","-0.18110442,-0.8056305,0.8488146","-0.010873499,-0.34407374,0.2793871,-0.32198784,0.016795915,0.8447164,-0.15520468,-0.059415203,0.3483126",0.0
"-0.010873499,-0.34407374,0.2793871,-0.32198784,0.016795915,0.8447164,-0.15520468,-0.059415203,0.3483126","0.34222317,-0.32123923,0.8462906","0.021806324,-0.38824254,0.3703047,-0.27710602,-0.013210705,0.7970796,-0.15520468,-0.059415203,0.3483126",0.0
"0.021806324,-0.38824254,0.3703047,-0.27710602,-0.013210705,0.7970796,-0.15520468,-0.059415203,0.3483126","0.056794405,-0.23213255,0.8508916","0.027229773,-0.4201596,0.4617166,-0.20987979,-0.012187666,0.738774,-0.15520468,-0.059415203,0.3483126",0.0
"0.027229773,-0.4201596,0.4617166,-0.20987979,-0.012187666,0.738774,-0.15520468,-0.059415203,0.3483126","0.33735144,-0.85390073,0.8295839","0.059444383,-0.53756666,0.55083936,-0.2731948,-0.045729008,0.6181872,-0.15520468,-0.059415203,0.3483126",0.0
"0.059444383,-0.53756666,0.55083936,-0.2731948,-0.045729008,0.6181872,-0.15520468,-0.059415203,0.3483126","0.568468,-0.51054794,0.2764182","0.11372895,-0.6077644,0.5805352,-0.31495917,-0.111398794,0.5507076,-0.15520468,-0.059415203,0.3483126",0.0
"0.11372895,-0.6077644,0.5805352,-0.31495917,-0.111398794,0.5507076,-0.15520468,-0.059415203,0.3483126","-0.15967584,-0.27807415,0.92706275","0.09848106,-0.64599824,0.6801301,-0.24230361,-0.07137507,0.4640276,-0.15520468,-0.059415203,0.3483126",0.0
"0.09848106,-0.64599824,0.6801301,-0.24230361,-0.07137507,0.4640276,-0.15520468,-0.059415203,0.3483126","0.24669743,-0.1329149,0.86747825","0.12203888,-0.6642734,0.7733239,-0.15476741,-0.05618403,0.3728125,-0.15520468,-0.059415203,0.3483126",0.0
"0.12203888,-0.6642734,0.7733239,-0.15476741,-0.05618403,0.3728125,-0.15520468,-0.059415203,0.3483126","0.118276715,-0.10303211,0.19195533","0.13333344,-0.67843986,0.7939459,-0.14501983,-0.05823,0.34596172,-0.15520468,-0.059415203,0.3483126",0.0
"0.0,0.0,0.0,2.8652207e-07,0.005789075,0.993462,-0.03140351,-0.025555555,0.52215254","0.9029877,-0.54195833,0.9136522","0.086228766,-0.0745165,0.09815426,-0.025011802,-0.0009381566,0.98270476,-0.03140351,-0.025555555,0.52215254",0.0
"0.086228766,-0.0745165,0.09815426,-0.025011802,-0.0009381566,0.98270476,-0.03140351,-0.025555555,0.52215254","0.87261534,-0.7476653,0.97155976","0.16955717,-0.17731667,0.20252958,-0.08700304,-0.044570178,0.9437309,-0.03140351,-0.025555555,0.52215254",0.0
"0.16955717,-0.17731667,0.20252958,-0.08700304,-0.044570178,0.9437309,-0.03140351,-0.025555555,0.52215254","-0.17337328,-0.2886095,0.924315","0.15300126,-0.21699901,0.3018294,-0.04239924,-0.01558071,0.89498436,-0.03140351,-0.025555555,0.52215254",0.0
"0.15300126,-0.21699901,0.3018294,-0.04239924,-0.01558071,0.89498436,-0.03140351,-0.025555555,0.52215254","0.7197902,-0.46986574,0.9082203","0.22173601,-0.2816032,0.39940017,-0.03805379,-0.024284504,0.82375246,-0.03140351,-0.025555555,0.52215254",0.0
"0.22173601,-0.2816032,0.39940017,-0.03805379,-0.024284504,0.82375246,-0.03140351,-0.025555555,0.52215254","0.43692517,-0.26315105,0.87287045","0.26345918,-0.31778517,0.49317324,-0.004232468,0.003949858,0.74022394,-0.03140351,-0.025555555,0.52215254",0.0
"0.26345918,-0.31778517,0.49317324,-0.004232468,0.003949858,0.74022394,-0.03140351,-0.025555555,0.52215254","-0.073245645,-0.694993,0.9882045","0.25646478,-0.41334316,0.59933674,-0.03115488,-0.024088359,0.625238,-0.03140351,-0.025555555,0.52215254",0.0
"0.25646478,-0.41334316,0.59933674,-0.03115488,-0.024088359,0.625238,-0.03140351,-0.025555555,0.52215254","0.18966317,-0.3884188,0.80841804","0.27457622,-0.4667488,0.68618566,-0.02370637,-0.018781628,0.5203629,-0.03140351,-0.025555555,0.52215254",0.0
"0.0,0.0,0.0,2.8652207e-07,0.005789075,0.993462,0.55222225,-0.0057894737,0.5050889","0.1531508,0.81445026,0.9636606","0.014624794,0.11198272,0.10352666,0.37312695,0.022950597,0.89939237,0.55222225,-0.0057894737,0.5050889",0.0
"0.014624794,0.11198272,0.10352666,0.37312695,0.022950597,0.89939237,0.55222225,-0.0057894737,0.5050889","-0.23308301,0.5468545,0.98076606","-0.0076329377,0.18717241,0.20889099,0.6146906,-0.008951884,0.69495165,0.55222225,-0.0057894737,0.5050889",0.0
"-0.0076329377,0.18717241,0.20889099,0.6146906,-0.008951884,0.69495165,0.55222225,-0.0057894737,0.5050889","0.05667758,-0.07920319,0.9195595","-0.0022206376,0.17628239,0.30767983,0.65894836,0.0011921348,0.5736485,0.55222225,-0.0057894737,0.5050889",0.0
"-0.0022206376,0.17628239,0.30767983,0.65894836,0.0011921348,0.5736485,0.55222225,-0.0057894737,0.5050889","0.039935827,-0.36566252,0.7376654","0.0015929462,0.12600571,0.38692775,0.62256503,0.008904893,0.53319204,0.55222225,-0.0057894737,0.5050889",0.0
"0.0015929462,0.12600571,0.38692775,0.62256503,0.008904893,0.53319204,0.55222225,-0.0057894737,0.5050889","-0.15711927,-0.36008477,0.3896668","-0.013410803,0.07649591,0.42878994,0.57120943,-0.018285537,0.5414115,0.55222225,-0.0057894737,0.5050889",0.0
"-0.013410803,0.07649591,0.42878994,0.57120943,-0.018285537,0.5414115,0.55222225,-0.0057894737,0.5050889","0.07807422,-0.09743184,0.30556214","-0.0059552807,0.06309953,0.4616167,0.5626493,-0.0047375592,0.50949925,0.55222225,-0.0057894737,0.5050889",0.0
"0.0,0.0,0.0,2.8652207e-07,0.005789075,0.993462,0.3337427,0.061578944,0.7721578","0.04751146,0.33649564,0.7625226","0.004537003,0.046266414,0.081918284,0.21157718,0.008805543,0.96054167,0.3337427,0.061578944,0.7721578",0.0
"0.004537003,0.046266414,0.081918284,0.21157718,0.008805543,0.96054167,0.3337427,0.061578944,0.7721578","0.30329967,0.16878211,0.78942347","0.033499923,0.06947309,0.16672657,0.3613604,0.0439931,0.884007,0.3337427,0.061578944,0.7721578",0.0
"0.033499923,0.06947309,0.16672657,0.3613604,0.0439931,0.884007,0.3337427,0.061578944,0.7721578","0.5126941,-0.4658013,0.92980516","0.08245849,0.005427798,0.26661617,0.3358666,0.094995804,0.8410079,0.3337427,0.061578944,0.7721578",0.0
"0.08245849,0.005427798,0.26661617,0.3358666,0.094995804,0.8410079,0.3337427,0.061578944,0.7721578","-0.34017146,-0.36369836,0.7064682","0.04997458,-0.04457887,0.34251255,0.3256991,0.057420425,0.79690903,0.3337427,0.061578944,0.7721578",0.0
"0.04997458,-0.04457887,0.34251255,0.3256991,0.057420425,0.79690903,0.3337427,0.061578944,0.7721578","0.09583259,-0.053403497,0.23821998","0.059125893,-0.051921595,0.3681047,0.3333883,0.06853943,0.77195835,0.3337427,0.061578944,0.7721578",0.0
"0.0,0.0,0.0,2.8652207e-07,0.005789075,0.993462,-0.11140351,0.41631576,0.47972226","0.90082204,0.9549732,0.80295837","0.08602198,0.1313039,0.086262316,0.3755303,0.11003784,0.89499575,-0.11140351,0.41631576,0.47972226",0.0
"0.08602198,0.1313039,0.086262316,0.3755303,0.11003784,0.89499575,-0.11140351,0.41631576,0.47972226","0.95446205,-0.55093265,0.93570125","0.17716618,0.055553503,0.18678533,0.30215788,0.19482173,0.8778443,-0.11140351,0.41631576,0.47972226",0.0
"0.17716618,0.055553503,0.18678533,0.30215788,0.19482173,0.8778443,-0.11140351,0.41631576,0.47972226","0.9847958,-0.85322547,0.80018616","0.27120703,-0.06176062,0.2727499,0.14506774,0.17460299,0.88216376,-0.11140351,0.41631576,0.47972226",0.0
"0.27120703,-0.06176062,0.2727499,0.14506774,0.17460299,0.88216376,-0.11140351,0.41631576,0.47972226","0.46894646,0.33984423,0.48834658","0.31598803,-0.015033803,0.32521334,0.19606061,0.3110984,0.7923359,-0.11140351,0.41631576,0.47972226",0.0
"0.31598803,-0.015033803,0.32521334,0.19606061,0.3110984,0.7923359,-0.11140351,0.41631576,0.47972226","0.9848306,-0.5817964,0.65806174","0.41003218,-0.095027834,0.3959094,0.07514858,0.27952155,0.7708888,-0.11140351,0.41631576,0.47972226",0.0
"0.41003218,-0.095027834,0.3959094,0.07514858,0.27952155,0.7708888,-0.11140351,0.41631576,0.47972226","0.7919897,-0.3850413,0.9081986","0.48566145,-0.14796905,0.49347782,0.0067438344,0.27819216,0.6815544,-0.11140351,0.41631576,0.47972226",0.0
"0.48566145,-0.14796905,0.49347782,0.0067438344,0.27819216,0.6815544,-0.11140351,0.41631576,0.47972226","0.8030188,0.0726192,0.6400455","0.5623439,-0.1379843,0.56223834,-0.07006916,0.32341087,0.57579064,-0.11140351,0.41631576,0.47972226",0.0
"0.5623439,-0.1379843,0.56223834,-0.07006916,0.32341087,0.57579064,-0.11140351,0.41631576,0.47972226","0.38757873,0.49507904,0.30367422","0.59935486,-0.06991349,0.5948623,-0.1357003,0.40168226,0.462805,-0.11140351,0.41631576,0.47972226",0.0
"0.59935486,-0.06991349,0.5948623,-0.1357003,0.40168226,0.462805,-0.11140351,0.41631576,0.47972226","-0.44833422,0.0833087,-0.22824979","0.5565422,-0.05845898,0.57034135,-0.08245001,0.42649433,0.48895025,-0.11140351,0.41631576,0.47972226",0.0
"0.5565422,-0.05845898,0.57034135,-0.08245001,0.42649433,0.48895025,-0.11140351,0.41631576,0.47972226","0.16034925,-0.059033155,0.13372672","0.5718544,-0.066575736,0.58470774,-0.10115889,0.4146159,0.47515032,-0.11140351,0.41631576,0.47972226",0.0
"0.0,0.0,0.0,2.8652207e-07,0.005789075,0.993462,-0.00011695907,-0.024093566,0.9189313","-0.99749285,-0.7596827,-0.15862","-0.09525334,-0.10445247,-0.017040633,-0.23494336,0.078541145,0.9580989,-0.00011695907,-0.024093566,0.9189313",0.0
"-0.09525334,-0.10445247,-0.017040633,-0.23494336,0.078541145,0.9580989,-0.00011695907,-0.024093566,0.9189313","-0.9987294,-0.1963414,0.9698119","-0.19062476,-0.13144843,0.08714691,-0.13013898,0.09582532,0.9703683,-0.00011695907,-0.024093566,0.9189313",0.0
"-0.19062476,-0.13144843,0.08714691,-0.13013898,0.09582532,0.9703683,-0.00011695907,-0.024093566,0.9189313","-0.95090145,-0.0860877,0.9036157","-0.28142896,-0.14328508,0.18422297,-0.028338468,0.043702103,0.9553392,-0.00011695907,-0.024093566,0.9189313",0.0
"-0.28142896,-0.14328508,0.18422297,-0.028338468,0.043702103,0.9553392,-0.00011695907,-0.024093566,0.9189313","-0.9014946,-0.018568575,0.45265818","-0.36751515,-0.1458382,0.23285237,0.008684423,-0.005327261,0.9351976,-0.00011695907,-0.024093566,0.9189313",0.0
"-0.36751515,-0.1458382,0.23285237,0.008684423,-0.005327261,0.9351976,-0.00011695907,-0.024093566,0.9189313","-0.9912138,-0.16997695,0.25501537","-0.46216887,-0.1692092,0.26024887,0.0053531225,0.003996805,0.9208859,-0.00011695907,-0.024093566,0.9189313",0.0
"-0.46216887,-0.1692092,0.26024887,0.0053531225,0.003996805,0.9208859,-0.00011695907,-0.024093566,0.9189313","-0.9776011,-0.015472293,0.12444425","-0.5555227,-0.17133659,0.27361807,0.0040101283,-0.010601409,0.9132808,-0.00011695907,-0.024093566,0.9189313",0.0
"0.0,0.0,0.0,2.8652207e-07,0.005789075,0.993462,0.28192985,-0.0057894737,0.7005036","-0.082804024,-0.10703957,0.9328685","-0.0079071885,-0.014717401,0.100218676,0.106856786,0.003135848,0.9761098,0.28192985,-0.0057894737,0.7005036",0.0
"-0.0079071885,-0.014717401,0.100218676,0.106856786,0.003135848,0.9761098,0.28192985,-0.0057894737,0.7005036","0.086349845,-0.027677119,0.89684594","0.00033858966,-0.01852288,0.19656743,0.2234619,0.0060267947,0.9222864,0.28192985,-0.0057894737,0.7005036",0.0
"0.00033858966,-0.01852288,0.19656743,0.2234619,0.0060267947,0.9222864,0.28192985,-0.0057894737,0.7005036","-0.08450091,0.10820401,0.91679025","-0.0077306353,-0.0036453998,0.29505882,0.36030862,-0.0029614805,0.817445,0.28192985,-0.0057894737,0.7005036",0.0
"-0.0077306353,-0.0036453998,0.29505882,0.36030862,-0.0029614805,0.817445,0.28192985,-0.0057894737,0.7005036","-0.02123797,-0.42453718,0.86982703","-0.009758713,-0.06201709,0.38850492,0.3399427,-0.004633287,0.7547695,0.28192985,-0.0057894737,0.7005036",0.0
"-0.009758713,-0.06201709,0.38850492,0.3399427,-0.004633287,0.7547695,0.28192985,-0.0057894737,0.7005036","-0.10286367,-0.47316706,0.5381142","-0.019581454,-0.12707515,0.44631496,0.2767495,-0.011246227,0.7298026,0.28192985,-0.0057894737,0.7005036",0.0
"-0.019581454,-0.12707515,0.44631496,0.2767495,-0.011246227,0.7298026,0.28192985,-0.0057894737,0.7005036","0.1383555,0.002277851,0.19726038","-0.0063695167,-0.12676199,0.46750686,0.29349387,-8.3322324e-05,0.7017712,0.28192985,-0.0057894737,0.7005036",0.0
"0.0,0.0,0.0,2.8652207e-07,0.005789075,0.993462,0.5689474,0.43549708,0.42493555","0.9838158,0.94989944,0.9928405","0.09394728,0.1306063,0.10666148,0.39452082,0.12599449,0.8789017,0.5689474,0.43549708,0.42493555",0.0
"0.09394728,0.1306063,0.10666148,0.39452082,0.12599449,0.8789017,0.5689474,0.43549708,0.42493555","0.9307091,0.905053,0.91547","0.18282324,0.25504643,0.20501101,0.59544957,0.39223093,0.5901371,0.5689474,0.43549708,0.42493555",0.0
"0.18282324,0.25504643,0.20501101,0.59544957,0.39223093,0.5901371,0.5689474,0.43549708,0.42493555","0.40159714,0.021919966,0.8337412","0.22117287,0.25806037,0.29458037,0.57642543,0.48798704,0.45208523,0.5689474,0.43549708,0.42493555",0.0
"0.22117287,0.25806037,0.29458037,0.57642543,0.48798704,0.45208523,0.5689474,0.43549708,0.42493555","-0.2299838,-0.22857761,0.2658708","0.19921109,0.22663212,0.32314306,0.5857979,0.43053684,0.46503884,0.5689474,0.43549708,0.42493555",0.0
"0.19921109,0.22663212,0.32314306,0.5857979,0.43053684,0.46503884,0.5689474,0.43549708,0.42493555","0.07754731,-0.096449375,0.19834411","0.20661628,0.21337084,0.34445134,0.56744486,0.43784136,0.4555485,0.5689474,0.43549708,0.42493555",0.0
"0.20661628,0.21337084,0.34445134,0.56744486,0.43784136,0.4555485,0.5689474,0.43549708,0.42493555","0.0014555454,-0.013843536,0.15622628","0.20675528,0.21146744,0.36123484,0.5678615,0.43855047,0.43287674,0.5689474,0.43549708,0.42493555",0.0
"0.0,0.0,0.0,2.8652207e-07,0.005789075,0.993462,0.5589474,0.4277193,0.62845707","0.9289955,0.82927215,0.8972938","0.08871234,0.11402065,0.09639683,0.3533909,0.10714266,0.90313035,0.5589474,0.4277193,0.62845707",0.0
"0.08871234,0.11402065,0.09639683,0.3533909,0.10714266,0.90313035,0.5589474,0.4277193,0.62845707","0.87127125,0.9108213,0.8052658","0.17191242,0.23925392,0.18290703,0.5766101,0.35244974,0.647334,0.5589474,0.4277193,0.62845707",0.0
"0.17191242,0.23925392,0.18290703,0.5766101,0.35244974,0.647334,0.5589474,0.4277193,0.62845707","0.31666088,0.1491692,0.018956184","0.20215124,0.25976396,0.18494351,0.5657647,0.42411536,0.6099662,0.5589474,0.4277193,0.62845707",0.0
"0.20215124,0.25976396,0.18494351,0.5657647,0.42411536,0.6099662,0.5589474,0.4277193,0.62845707","0.12187314,-0.057990253,0.051533103","0.21378924,0.2517906,0.19047976,0.54381955,0.43969223,0.61601174,0.5589474,0.4277193,0.62845707",0.0
"0.21378924,0.2517906,0.19047976,0.54381955,0.43969223,0.61601174,0.5589474,0.4277193,0.62845707","-0.17269349,-0.024910271,0.018711329","0.19729826,0.24836561,0.19248992,0.5629334,0.40885258,0.6190711,0.5589474,0.4277193,0.62845707",0.0
"0.19729826,0.24836561,0.19248992,0.5629334,0.40885258,0.6190711,0.5589474,0.4277193,0.62845707","0.009077787,0.09198344,-0.03724897","0.19816512,0.26101288,0.18848825,0.574327,0.4193628,0.60290134,0.5589474,0.4277193,0.62845707",0.0
"0.19816512,0.26101288,0.18848825,0.574327,0.4193628,0.60290134,0.5589474,0.4277193,0.62845707","0.0063271523,-0.065539,-0.022435904","0.19876933,0.25200164,0.18607794,0.56183,0.4120206,0.62169707,0.5589474,0.4277193,0.62845707",0.0
"0.0,0.0,0.0,2.8652207e-07,0.005789075,0.993462,0.061403513,0.15444444,0.3483126","0.7351841,0.5897069,0.9604273","0.07020475,0.081081666,0.10317932,0.30239066,0.073729426,0.9254777,0.061403513,0.15444444,0.3483126",0.0
"0.07020475,0.081081666,0.10317932,0.30239066,0.073729426,0.9254777,0.061403513,0.15444444,0.3483126","0.926818,-0.4283449,0.7376554","0.15870914,0.02218644,0.18242614,0.25068378,0.1430856,0.9080755,0.061403513,0.15444444,0.3483126",0.0
"0.15870914,0.02218644,0.18242614,0.25068378,0.1430856,0.9080755,0.061403513,0.15444444,0.3483126","0.92312765,-0.35155404,0.8908973","0.24686113,-0.026150443,0.27813584,0.21114272,0.21512717,0.853961,0.061403513,0.15444444,0.3483126",0.0
"0.24686113,-0.026150443,0.27813584,0.21114272,0.21512717,0.853961,0.061403513,0.15444444,0.3483126","0.8050897,-0.7833912,0.69913197","0.32374138,-0.13386272,0.3532441,0.088501215,0.15415673,0.840641,0.061403513,0.15444444,0.3483126",0.0
"0.32374138,-0.13386272,0.3532441,0.088501215,0.15415673,0.840641,0.061403513,0.15444444,0.3483126","0.66373813,-0.23518908,0.7966356","0.38712355,-0.16620004,0.43882722,0.06559138,0.19382173,0.7620691,0.061403513,0.15444444,0.3483126",0.0
"0.38712355,-0.16620004,0.43882722,0.06559138,0.19382173,0.7620691,0.061403513,0.15444444,0.3483126","0.2143507,-0.19471699,0.94304156","0.40759248,-0.19297265,0.54013884,0.063356906,0.23230234,0.6460937,0.061403513,0.15444444,0.3483126",0.0
"0.40759248,-0.19297265,0.54013884,0.063356906,0.23230234,0.6460937,0.061403513,0.15444444,0.3483126","0.42747927,-0.65284824,0.84037745","0.44841367,-0.2827359,0.6304212,0.021584537,0.16790016,0.56427485,0.061403513,0.15444444,0.3483126",0.0
"0.44841367,-0.2827359,0.6304212,0.021584537,0.16790016,0.56427485,0.061403513,0.15444444,0.3483126","-0.4950589,-0.07679498,0.9676745","0.4011391,-0.29329488,0.7343792,0.055161387,0.1908043,0.414216,0.061403513,0.15444444,0.3483126",0.0
"0.4011391,-0.29329488,0.7343792,0.055161387,0.1908043,0.414216,0.061403513,0.15444444,0.3483126","-0.14794469,-0.30284363,0.6411388","0.38701147,-0.33493435,0.80325717,0.05341887,0.16077484,0.32609007,0.061403513,0.15444444,0.3483126",0.0
"0.38701147,-0.33493435,0.80325717,0.05341887,0.16077484,0.32609007,0.061403513,0.15444444,0.3483126","-0.39572167,-0.012593925,-0.12609935","0.34922293,-0.33666596,0.7897103,0.07069999,0.15061492,0.34787738,0.061403513,0.15444444,0.3483126",0.0
"0.0,0.0,0.0,2.8652207e-07,0.005789075,0.993462,-0.05391813,0.7209941,0.53209","0.9368429,0.9906559,0.86727154","0.089461714,0.1362101,0.09317153,0.3915289,0.11905769,0.88463897,-0.05391813,0.7209941,0.53209",0.0
"0.089461714,0.1362101,0.09317153,0.3915289,0.11905769,0.88463897,-0.05391813,0.7209941,0.53209","0.9909005,0.3149495,0.63830614","0.18408552,0.17951405,0.16174516,0.4675094,0.31209117,0.76434374,-0.05391813,0.7209941,0.53209",0.0
"0.18408552,0.17951405,0.16174516,0.4675094,0.31209117,0.76434374,-0.05391813,0.7209941,0.53209","0.99101734,0.34462988,0.36203575","0.2787205,0.2268989,0.2006389,0.4245749,0.5180831,0.64368427,-0.05391813,0.7209941,0.53209",0.0
"0.2787205,0.2268989,0.2006389,0.4245749,0.5180831,0.64368427,-0.05391813,0.7209941,0.53209","0.9550543,6.318092e-05,0.7391808","0.36992124,0.2269076,0.2800496,0.27816156,0.6569307,0.52995276,-0.05391813,0.7209941,0.53209",0.0
"0.36992124,0.2269076,0.2800496,0.27816156,0.6569307,0.52995276,-0.05391813,0.7209941,0.53209","0.9722141,-0.019747615,0.32437015","0.46276063,0.22419241,0.31489688,0.078523204,0.71774274,0.48199502,-0.05391813,0.7209941,0.53209",0.0
"0.46276063,0.22419241,0.31489688,0.078523204,0.71774274,0.48199502,-0.05391813,0.7209941,0.53209","0.8007088,-0.16588014,-0.110675275","0.53922254,0.20138477,0.30300698,-0.09055646,0.68406355,0.53929675,-0.05391813,0.7209941,0.53209",0.0
"0.53922254,0.20138477,0.30300698,-0.09055646,0.68406355,0.53929675,-0.05391813,0.7209941,0.53209","-0.2909541,0.3079977,-0.01585579","0.5114385,0.2437329,0.3013036,-0.032405205,0.740161,0.4679259,-0.05391813,0.7209941,0.53209",0.0
"0.5114385,0.2437329,0.3013036,-0.032405205,0.740161,0.4679259,-0.05391813,0.7209941,0.53209","0.2879802,-0.021164417,-0.14286697","0.5389385,0.24082293,0.28595534,-0.09515798,0.7265339,0.4965234,-0.05391813,0.7209941,0.53209",0.0
"0.5389385,0.24082293,0.28595534,-0.09515798,0.7265339,0.4965234,-0.05391813,0.7209941,0.53209","-0.15508294,0.074304104,-0.092108965","0.5241292,0.2510394,0.27606001,-0.061932243,0.73895574,0.49312094,-0.05391813,0.7209941,0.53209",0.0
"0.5241292,0.2510394,0.27606001,-0.061932243,0.73895574,0.49312094,-0.05391813,0.7209941,0.53209","0.09739101,-0.14833295,0.013160706","0.5334294,0.2306444,0.2774739,-0.08092751,0.7124893,0.52728236,-0.05391813,0.7209941,0.53209",0.0
"0.5334294,0.2306444,0.2774739,-0.08092751,0.7124893,0.52728236,-0.05391813,0.7209941,0.53209","-0.05727589,-0.0022543669,0.0018558502","0.52795994,0.23033446,0.2776733,-0.0686461,0.7134659,0.527526,-0.05391813,0.7209941,0.53209",0.0
"0.0,0.0,0.0,2.8652207e-07,0.005789075,0.993462,0.18152048,0.6930994,0.42493555","0.9726639,0.6793369,0.9711895","0.09288235,0.09340533,0.1043355,0.32166165,0.102663055,0.9148919,0.18152048,0.6930994,0.42493555",0.0
"0.09288235,0.09340533,0.1043355,0.32166165,0.102663055,0.9148919,0.18152048,0.6930994,0.42493555","0.98188245,0.9448644,0.9247358","0.18664499,0.22331932,0.20368046,0.5520227,0.3736598,0.64538705,0.18152048,0.6930994,0.42493555",0.0
"0.18664499,0.22331932,0.20368046,0.5520227,0.3736598,0.64538705,0.18152048,0.6930994,0.42493555","0.97042084,-0.060560763,0.7285589","0.27931315,0.21499254,0.28195003,0.44219795,0.54124355,0.5476461,0.18152048,0.6930994,0.42493555",0.0
"0.27931315,0.21499254,0.28195003,0.44219795,0.54124355,0.5476461,0.18152048,0.6930994,0.42493555","0.8339696,-0.31249273,0.21545517","0.35895118,0.17202641,0.3050965,0.27429664,0.5914655,0.5842613,0.18152048,0.6930994,0.42493555",0.0
"0.35895118,0.17202641,0.3050965,0.27429664,0.5914655,0.5842613,0.18152048,0.6930994,0.42493555","0.9240072,-0.121507704,0.91568863","0.44718716,0.15531974,0.40346956,0.10354115,0.6533841,0.46176496,0.18152048,0.6930994,0.42493555",0.0
"0.44718716,0.15531974,0.40346956,0.10354115,0.6533841,0.46176496,0.18152048,0.6930994,0.42493555","-0.1260773,0.3236742,-0.28050178","0.43514767,0.19982328,0.3733351,0.13728885,0.6931175,0.43430042,0.18152048,0.6930994,0.42493555",0.0
"0.43514767,0.19982328,0.3733351,0.13728885,0.6931175,0.43430042,0.18152048,0.6930994,0.42493555","0.026727438,-0.024210215,0.003931284","0.43769997,0.19649452,0.37375748,0.13103677,0.6907155,0.43936723,0.18152048,0.6930994,0.42493555",0.0
"0.43769997,0.19649452,0.37375748,0.13103677,0.6907155,0.43936723,0.18152048,0.6930994,0.42493555","0.038709164,0.05498922,-0.04223889","0.44139642,0.20405526,0.36921975,0.12439284,0.6996326,0.433382,0.18152048,0.6930994,0.42493555",0.0
"0.44139642,0.20405526,0.36921975,0.12439284,0.6996326,0.433382,0.18152048,0.6930994,0.42493555","-0.19984901,0.043367624,-0.076532364","0.42231226,0.21001811,0.3609979,0.16736858,0.69605565,0.43577832,0.18152048,0.6930994,0.42493555",0.0
"0.0,0.0,0.0,2.8652207e-07,0.005789075,0.993462,-0.21894738,-0.1777193,0.7005036","0.83437634,-0.93527126,0.77179503","0.079676874,-0.12859501,0.08291446,-0.15775469,-0.034358677,0.9711865,-0.21894738,-0.1777193,0.7005036",0.0
"0.079676874,-0.12859501,0.08291446,-0.15775469,-0.034358677,0.9711865,-0.21894738,-0.1777193,0.7005036","0.6237953,-0.89877564,0.9657481","0.13924478,-0.25217205,0.18666545,-0.24961023,-0.11034444,0.9116942,-0.21894738,-0.1777193,0.7005036",0.0
"0.13924478,-0.25217205,0.18666545,-0.24961023,-0.11034444,0.9116942,-0.21894738,-0.1777193,0.7005036","0.3545636,-0.6208903,0.96462405","0.17310303,-0.33754134,0.2902957,-0.2553214,-0.1476112,0.84875226,-0.21894738,-0.1777193,0.7005036",0.0
"0.17310303,-0.33754134,0.2902957,-0.2553214,-0.1476112,0.84875226,-0.21894738,-0.1777193,0.7005036","0.66649973,-0.54496163,0.9602591","0.23674892,-0.41247082,0.393457,-0.21612036,-0.1909701,0.773431,-0.21894738,-0.1777193,0.7005036",0.0
"0.23674892,-0.41247082,0.393457,-0.21612036,-0.1909701,0.773431,-0.21894738,-0.1777193,0.7005036","-0.20279181,-0.40282834,0.6713153","0.21738377,-0.4678577,0.4655769,-0.22352393,-0.17437904,0.7081014,-0.21894738,-0.1777193,0.7005036",0.0
"0.0,0.0,0.0,2.8652207e-07,0.005789075,0.993462,-0.006549708,0.14918128,0.6313337","0.84329474,0.18532968,0.91351044","0.08052853,0.02548187,0.09813901,0.1818418,0.052990597,0.96251017,-0.006549708,0.14918128,0.6313337",0.0
"0.08052853,0.02548187,0.09813901,0.1818418,0.052990597,0.96251017,-0.006549708,0.14918128,0.6313337","0.83857095,-0.52654713,0.9772284","0.16060597,-0.046915665,0.20312332,0.14921403,0.089014776,0.9312543,-0.006549708,0.14918128,0.6313337",0.0
"0.16060597,-0.046915665,0.20312332,0.14921403,0.089014776,0.9312543,-0.006549708,0.14918128,0.6313337","0.66415274,-0.53167623,0.95518756","0.22402771,-0.12001843,0.30573976,0.11140808,0.10215807,0.8795324,-0.006549708,0.14918128,0.6313337",0.0
"0.22402771,-0.12001843,0.30573976,0.11140808,0.10215807,0.8795324,-0.006549708,0.14918128,0.6313337","0.95645404,-0.28811085,0.9401524","0.31536213,-0.15963222,0.406741,0.09690648,0.15845591,0.7957274,-0.006549708,0.14918128,0.6313337",0.0
"0.31536213,-0.15963222,0.406741,0.09690648,0.15845591,0.7957274,-0.006549708,0.14918128,0.6313337","0.97616124,-0.5324337,0.78199136","0.40857843,-0.23283912,0.4907509,0.033912234,0.13524891,0.7283963,-0.006549708,0.14918128,0.6313337",0.0
"0.40857843,-0.23283912,0.4907509,0.033912234,0.13524891,0.7283963,-0.006549708,0.14918128,0.6313337","0.7964308,-0.15408492,0.7250867","0.48463178,-0.25402504,0.5686475,0.0023983263,0.16960067,0.6377786,-0.006549708,0.14918128,0.6313337",0.0
"0.48463178,-0.25402504,0.5686475,0.0023983263,0.16960067,0.6377786,-0.006549708,0.14918128,0.6313337","0.33009684,-0.1598571,0.10131109","0.51615363,-0.27600458,0.5795315,-0.013143458,0.1446353,0.6316909,-0.006549708,0.14918128,0.6313337",0.0
"0.0,0.0,0.0,2.8652207e-07,0.005789075,0.993462,0.061461993,-0.026666665,0.37832105","-0.5144111,-0.37262785,0.97333944","-0.049122535,-0.051234424,0.10456651,0.03497456,0.00041798083,0.9809613,0.061461993,-0.026666665,0.37832105",0.0
"-0.049122535,-0.051234424,0.10456651,0.03497456,0.00041798083,0.9809613,0.061461993,-0.026666665,0.37832105","-0.13481003,-0.39097124,0.7988018","-0.061995927,-0.10499098,0.19038233,0.03719676,-0.0014370383,0.95363873,0.061461993,-0.026666665,0.37832105",0.0
"-0.061995927,-0.10499098,0.19038233,0.03719676,-0.0014370383,0.95363873,0.061461993,-0.026666665,0.37832105","-0.019320607,-0.5532111,0.9020883","-0.06384092,-0.1810547,0.2872943,0.008854385,0.004107527,0.9052012,0.061461993,-0.026666665,0.37832105",0.0
"-0.06384092,-0.1810547,0.2872943,0.008854385,0.004107527,0.9052012,0.061461993,-0.026666665,0.37832105","-0.14410341,-0.0036631227,0.8837273","-0.07760176,-0.1815584,0.38223377,0.11814649,-0.023422468,0.8294065,0.061461993,-0.026666665,0.37832105",0.0
"-0.07760176,-0.1815584,0.38223377,0.11814649,-0.023422468,0.8294065,0.061461993,-0.026666665,0.37832105","-0.22782016,-0.38266623,0.89968586","-0.09935694,-0.23417307,0.47888768,0.12177709,-0.033212915,0.74267036,0.061461993,-0.026666665,0.37832105",0.0
"-0.09935694,-0.23417307,0.47888768,0.12177709,-0.033212915,0.74267036,0.061461993,-0.026666665,0.37832105","0.05114436,-0.25418973,0.75902176","-0.09447304,-0.26912287,0.56042993,0.13639429,-0.035659548,0.65432924,0.061461993,-0.026666665,0.37832105",0.0
"-0.09447304,-0.26912287,0.56042993,0.13639429,-0.035659548,0.65432924,0.061461993,-0.026666665,0.37832105","-0.4303664,-0.17052376,0.9255303","-0.13556992,-0.29256904,0.6598603,0.15933727,-0.06593029,0.52599883,0.061461993,-0.026666665,0.37832105",0.0
"-0.13556992,-0.29256904,0.6598603,0.15933727,-0.06593029,0.52599883,0.061461993,-0.026666665,0.37832105","-0.34222662,-0.6874318,0.59015906","-0.16825008,-0.3870874,0.72326154,0.0822717,-0.041342717,0.4643308,0.061461993,-0.026666665,0.37832105",0.0
"-0.16825008,-0.3870874,0.72326154,0.0822717,-0.041342717,0.4643308,0.061461993,-0.026666665,0.37832105","0.12385464,-0.42537165,0.5407938","-0.15642287,-0.4455739,0.78135943,0.05521916,-0.022987572,0.3907937,0.061461993,-0.026666665,0.37832105",0.0
"0.0,0.0,0.0,2.8652207e-07,0.005789075,0.993462,-0.7038012,-0.0057894737,0.62845707","-0.032931328,-0.94030076,-0.94015783","-0.0031447078,-0.12928651,-0.101001754,-0.4048202,0.009788914,0.8850133,-0.7038012,-0.0057894737,0.62845707",0.0
"-0.0031447078,-0.12928651,-0.101001754,-0.4048202,0.009788914,0.8850133,-0.7038012,-0.0057894737,0.62845707","-0.23397708,-0.7510946,0.49032474","-0.025487825,-0.23255818,-0.048325844,-0.53747386,0.048936673,0.81243867,-0.7038012,-0.0057894737,0.62845707",0.0
"-0.025487825,-0.23255818,-0.048325844,-0.53747386,0.048936673,0.81243867,-0.7038012,-0.0057894737,0.62845707","0.2569033,-0.53027725,0.41900432","-0.00095543,-0.3054686,-0.0033119165,-0.6182255,0.007644805,0.75239056,-0.7038012,-0.0057894737,0.62845707",0.0
"-0.00095543,-0.3054686,-0.0033119165,-0.6182255,0.007644805,0.75239056,-0.7038012,-0.0057894737,0.62845707","-0.18958414,-0.6933776,0.57329226","-0.019059341,-0.40080452,0.058277275,-0.70410794,0.048009656,0.6596198,-0.7038012,-0.0057894737,0.62845707",0.0
"-0.019059341,-0.40080452,0.058277275,-0.70410794,0.048009656,0.6596198,-0.7038012,-0.0057894737,0.62845707","0.19013345,-0.1906817,0.4381379","-0.00090298045,-0.4270223,0.10534676,-0.6942203,0.007758518,0.66072136,-0.7038012,-0.0057894737,0.62845707",0.0
"-0.00090298045,-0.4270223,0.10534676,-0.6942203,0.007758518,0.66072136,-0.7038012,-0.0057894737,0.62845707","-0.058090568,-0.045410275,0.12444472","-0.006450211,-0.433266,0.11871601,-0.68834996,0.019740878,0.662412,-0.7038012,-0.0057894737,0.62845707",0.0
"-0.006450211,-0.433266,0.11871601,-0.68834996,0.019740878,0.662412,-0.7038012,-0.0057894737,0.62845707","0.082589984,-0.11991507,0.33012533","0.0014365301,-0.44975376,0.15418163,-0.67244345,0.0027545285,0.66547745,-0.7038012,-0.0057894737,0.62845707",0.0
"0.0014365301,-0.44975376,0.15418163,-0.67244345,0.0027545285,0.66547745,-0.7038012,-0.0057894737,0.62845707","0.20524037,0.1175189,0.335765","0.021035494,-0.4335956,0.19025314,-0.6013781,-0.03399819,0.7167339,-0.7038012,-0.0057894737,0.62845707",0.0
"0.021035494,-0.4335956,0.19025314,-0.6013781,-0.03399819,0.7167339,-0.7038012,-0.0057894737,0.62845707","0.101647854,-0.36084807,0.18636215","0.030742124,-0.48321038,0.21027419,-0.6523641,-0.057385236,0.65394145,-0.7038012,-0.0057894737,0.62845707",0.0
"0.030742124,-0.48321038,0.21027419,-0.6523641,-0.057385236,0.65394145,-0.7038012,-0.0057894737,0.62845707","-0.38030428,-0.07705146,-0.20369792","-0.0055741775,-0.4938046,0.18839087,-0.6969327,0.017995838,0.61982006,-0.7038012,-0.0057894737,0.62845707",0.0
"-0.0055741775,-0.4938046,0.18839087,-0.6969327,0.017995838,0.61982006,-0.7038012,-0.0057894737,0.62845707","0.20416176,0.20063794,0.23478317","0.013921787,-0.46621796,0.21361382,-0.62422246,-0.021524007,0.68269956,-0.7038012,-0.0057894737,0.62845707",0.0
"0.013921787,-0.46621796,0.21361382,-0.62422246,-0.021524007,0.68269956,-0.7038012,-0.0057894737,0.62845707","-0.10989934,-0.15514088,-0.23918277","0.0034271947,-0.48754913,0.18791835,-0.6886576,-0.0016254416,0.6300105,-0.7038012,-0.0057894737,0.62845707",0.0
"0.0,0.0,0.0,2.8652207e-07,0.005789075,0.993462,-0.057602342,0.07111111,0.51554936","-0.9461671,-0.9589401,0.7989141","-0.0903521,-0.13184935,0.08582788,-0.15600865,0.051542386,0.9701149,-0.057602342,0.07111111,0.51554936",0.0
"-0.0903521,-0.13184935,0.08582788,-0.15600865,0.051542386,0.9701149,-0.057602342,0.07111111,0.51554936","-0.87582093,-0.47896677,0.9777334","-0.17398667,-0.19770484,0.19086643,-0.13016734,0.08597447,0.9399706,-0.057602342,0.07111111,0.51554936",0.0
"-0.17398667,-0.19770484,0.19086643,-0.13016734,0.08597447,0.9399706,-0.057602342,0.07111111,0.51554936","-0.25321954,0.0076055527,0.9601395","-0.19816732,-0.19665916,0.2940149,-0.008480994,0.013213535,0.9009913,-0.057602342,0.07111111,0.51554936",0.0
"-0.19816732,-0.19665916,0.2940149,-0.008480994,0.013213535,0.9009913,-0.057602342,0.07111111,0.51554936","0.13965714,-0.70657164,0.9371159","-0.18483108,-0.29380918,0.3946899,-0.057905313,0.0449169,0.82540023,-0.057602342,0.07111111,0.51554936",0.0
"-0.18483108,-0.29380918,0.3946899,-0.057905313,0.0449169,0.82540023,-0.057602342,0.07111111,0.51554936","-0.603127,-0.69298655,0.86964965","-0.24242535,-0.38909134,0.48811698,-0.08649127,0.090469144,0.73379576,-0.057602342,0.07111111,0.51554936",0.0
"-0.24242535,-0.38909134,0.48811698,-0.08649127,0.090469144,0.73379576,-0.057602342,0.07111111,0.51554936","0.27866673,-0.66307926,0.8252169","-0.2158147,-0.4802614,0.5767706,-0.12204086,0.10572041,0.630713,-0.057602342,0.07111111,0.51554936",0.0
"-0.2158147,-0.4802614,0.5767706,-0.12204086,0.10572041,0.630713,-0.057602342,0.07111111,0.51554936","-0.23130685,-0.027708292,0.75461936","-0.23790282,-0.48407117,0.6578399,-0.0534373,0.05741581,0.55100703,-0.057602342,0.07111111,0.51554936",0.0
"-0.23790282,-0.48407117,0.6578399,-0.0534373,0.05741581,0.55100703,-0.057602342,0.07111111,0.51554936","-0.10171735,-0.16590476,0.24396682","-0.2476161,-0.5068823,0.6840494,-0.05404505,0.061368506,0.5174233,-0.057602342,0.07111111,0.51554936",0.0
"0.0,0.0,0.0,2.8652207e-07,0.005789075,0.993462,0.40736845,0.30970758,0.66238827","0.9152813,0.8449197,0.95544124","0.08740273,0.11617211,0.10264365,0.36518922,0.10888806,0.8962403,0.40736845,0.30970758,0.66238827",0.0
"0.08740273,0.11617211,0.10264365,0.36518922,0.10888806,0.8962403,0.40736845,0.30970758,0.66238827","0.7133628,0.5067109,0.6359049","0.1555237,0.18584226,0.17095931,0.5104936,0.27792576,0.7445908,0.40736845,0.30970758,0.66238827",0.0
"0.1555237,0.18584226,0.17095931,0.5104936,0.27792576,0.7445908,0.40736845,0.30970758,0.66238827","0.25648606,-0.47859138,0.86875606","0.18001625,0.12003841,0.26429033,0.4601395,0.29890382,0.71768665,0.40736845,0.30970758,0.66238827",0.0
"0.18001625,0.12003841,0.26429033,0.4601395,0.29890382,0.71768665,0.40736845,0.30970758,0.66238827","0.043914318,-0.31454283,0.58365345","0.18420975,0.07679039,0.32699263,0.43512923,0.2911984,0.6898752,0.40736845,0.30970758,0.66238827",0.0
"0.18420975,0.07679039,0.32699263,0.43512923,0.2911984,0.6898752,0.40736845,0.30970758,0.66238827","0.40998912,-0.1437031,0.22384572","0.22336075,0.05703195,0.35104057,0.38424376,0.33234897,0.6814074,0.40736845,0.30970758,0.66238827",0.0
"0.22336075,0.05703195,0.35104057,0.38424376,0.33234897,0.6814074,0.40736845,0.30970758,0.66238827","-0.04595685,-0.024630904,0.10808039","0.2189722,0.053645328,0.36265174,0.39022592,0.32820064,0.66932034,0.40736845,0.30970758,0.66238827",0.0
"0.2189722,0.053645328,0.36265174,0.39022592,0.32820064,0.66932034,0.40736845,0.30970758,0.66238827","-0.023735046,-0.009283483,0.036508083","0.21670568,0.052368894,0.36657387,0.39283377,0.32564119,0.6653613,0.40736845,0.30970758,0.66238827",0.0
"0.21670568,0.052368894,0.36657387,0.39283377,0.32564119,0.6653613,0.40736845,0.30970758,0.66238827","-0.14539707,0.013253093,0.054248333","0.20282133,0.054191124,0.37240183,0.41156715,0.3118343,0.6547836,0.40736845,0.30970758,0.66238827",0.0
"0.0,0.0,0.0,2.8652207e-07,0.005789075,0.993462,0.62731,0.34608185,0.42487016","0.83836555,0.9514339,0.98650384","0.08005784,0.13081726,0.10598073,0.39927027,0.10856993,0.8792729,0.62731,0.34608185,0.42487016",0.0
"0.08005784,0.13081726,0.10598073,0.39927027,0.10856993,0.8792729,0.62731,0.34608185,0.42487016","0.85771537,0.89476776,0.79763794","0.16196342,0.25384325,0.19167146,0.6111374,0.34753117,0.6108557,0.62731,0.34608185,0.42487016",0.0
"0.16196342,0.25384325,0.19167146,0.6111374,0.34753117,0.6108557,0.62731,0.34608185,0.42487016","0.051736355,0.02126646,0.9210379","0.16690388,0.25676733,0.29061916,0.648695,0.3818576,0.46053278,0.62731,0.34608185,0.42487016",0.0
"0.16690388,0.25676733,0.29061916,0.648695,0.3818576,0.46053278,0.62731,0.34608185,0.42487016","-0.18354607,-0.19827545,0.3309673","0.14937656,0.2295055,0.3261752,0.6492808,0.33571663,0.4552623,0.62731,0.34608185,0.42487016",0.0
"0.14937656,0.2295055,0.3261752,0.6492808,0.33571663,0.4552623,0.62731,0.34608185,0.42487016","-0.015316308,-0.13497567,0.13883829","0.14791396,0.21094705,0.3410907,0.6350372,0.32481968,0.46496215,0.62731,0.34608185,0.42487016",0.0
"0.14791396,0.21094705,0.3410907,0.6350372,0.32481968,0.46496215,0.62731,0.34608185,0.42487016","0.008049965,-0.024643242,0.14754677","0.14868268,0.20755875,0.35694176,0.6336135,0.32603064,0.44635376,0.62731,0.34608185,0.42487016",0.0
"0.14868268,0.20755875,0.35694176,0.6336135,0.32603064,0.44635376,0.62731,0.34608185,0.42487016","-0.009781361,0.046133995,-0.06389457","0.14774863,0.21390195,0.35007757,0.63975346,0.3267667,0.44591662,0.62731,0.34608185,0.42487016",0.0
"0.14774863,0.21390195,0.35007757,0.63975346,0.3267667,0.44591662,0.62731,0.34608185,0.42487016","0.04995513,-0.029088259,0.013923287","0.15251899,0.20990248,0.35157335,0.63110095,0.33440292,0.4505889,0.62731,0.34608185,0.42487016",0.0
"0.15251899,0.20990248,0.35157335,0.63110095,0.33440292,0.4505889,0.62731,0.34608185,0.42487016","0.027911305,0.018984318,0.06137252","0.15518431,0.21251273,0.3581667,0.6317699,0.3415268,0.43580988,0.62731,0.34608185,0.42487016",0.0
"0.0,0.0,0.0,2.8652207e-07,0.005789075,0.993462,-0.4520468,-0.35912278,0.47593033","0.5945976,-0.90171903,0.8952881","0.05677974,-0.123981744,0.09618139,-0.13193226,-0.017904326,0.9733706,-0.4520468,-0.35912278,0.47593033",0.0
"0.05677974,-0.123981744,0.09618139,-0.13193226,-0.017904326,0.9733706,-0.4520468,-0.35912278,0.47593033","-0.63210464,-0.935029,0.68930566","-0.0035816764,-0.25254345,0.170234,-0.29642138,0.0091249915,0.9100957,-0.4520468,-0.35912278,0.47593033",0.0
"-0.0035816764,-0.25254345,0.170234,-0.29642138,0.0091249915,0.9100957,-0.4520468,-0.35912278,0.47593033","0.27243435,-0.9521583,0.69528484","0.022433823,-0.38346037,0.24492894,-0.44223306,-0.025415706,0.80461615,-0.4520468,-0.35912278,0.47593033",0.0
"0.022433823,-0.38346037,0.24492894,-0.44223306,-0.025415706,0.80461615,-0.4520468,-0.35912278,0.47593033","0.95326877,-0.93034273,0.5632522","0.11346407,-0.51137775,0.30543953,-0.5397336,-0.19480042,0.66461056,-0.4520468,-0.35912278,0.47593033",0.0
"0.11346407,-0.51137775,0.30543953,-0.5397336,-0.19480042,0.66461056,-0.4520468,-0.35912278,0.47593033","0.6572467,-0.74600214,0.98050976","0.17622636,-0.61394924,0.41077635,-0.49355367,-0.29826704,0.5572965,-0.4520468,-0.35912278,0.47593033",0.0
"0.17622636,-0.61394924,0.41077635,-0.49355367,-0.29826704,0.5572965,-0.4520468,-0.35912278,0.47593033","0.7411096,-0.5630176,0.4278568","0.24699695,-0.6913613,0.4567413,-0.4384804,-0.42217436,0.46031338,-0.4520468,-0.35912278,0.47593033",0.0
"0.24699695,-0.6913613,0.4567413,-0.4384804,-0.42217436,0.46031338,-0.4520468,-0.35912278,0.47593033","-0.46642256,0.13397658,-0.1253196","0.20245698,-0.6729403,0.4432782,-0.49074396,-0.35517135,0.48277417,-0.4520468,-0.35912278,0.47593033",0.0
"0.20245698,-0.6729403,0.4432782,-0.49074396,-0.35517135,0.48277417,-0.4520468,-0.35912278,0.47593033","0.30518425,-0.08189845,0.2755636","0.23159987,-0.68420094,0.47288224,-0.43578112,-0.38035142,0.4757516,-0.4520468,-0.35912278,0.47593033",0.0
"0.23159987,-0.68420094,0.47288224,-0.43578112,-0.38035142,0.4757516,-0.4520468,-0.35912278,0.47593033","-0.10533649,0.062668204,0.0035666227","0.22154099,-0.67558444,0.47326544,-0.439435,-0.35958725,0.48789382,-0.4520468,-0.35912278,0.47593033",0.0
"0.0,0.0,0.0,2.8652207e-07,0.005789075,0.993462,-0.07614035,-0.32432747,0.404603","-0.98528785,-0.38410175,0.8570632","-0.09408785,-0.052812025,0.09207486,0.014975426,0.0014914188,0.98418105,-0.07614035,-0.32432747,0.404603",0.0
"-0.09408785,-0.052812025,0.09207486,0.014975426,0.0014914188,0.98418105,-0.07614035,-0.32432747,0.404603","-0.96345246,0.5619838,0.6459452","-0.18609057,0.024457842,0.16146919,0.22663622,-0.14304452,0.9230986,-0.07614035,-0.32432747,0.404603",0.0
"-0.18609057,0.024457842,0.16146919,0.22663622,-0.14304452,0.9230986,-0.07614035,-0.32432747,0.404603","-0.57207954,-0.2700948,0.74537134","-0.24072002,-0.012678816,0.24154496,0.21322851,-0.19318667,0.88032866,-0.07614035,-0.32432747,0.404603",0.0
"-0.24072002,-0.012678816,0.24154496,0.21322851,-0.19318667,0.88032866,-0.07614035,-0.32432747,0.404603","-0.82247406,0.0684104,0.96835256","-0.31926033,-0.003272751,0.34557572,0.22293036,-0.3387209,0.75602424,-0.07614035,-0.32432747,0.404603",0.0
"-0.31926033,-0.003272751,0.34557572,0.22293036,-0.3387209,0.75602424,-0.07614035,-0.32432747,0.404603","-0.9115484,-0.122309804,0.8784871","-0.4063066,-0.020089729,0.4399522,0.13363802,-0.4208767,0.6444315,-0.07614035,-0.32432747,0.404603",0.0
"-0.4063066,-0.020089729,0.4399522,0.13363802,-0.4208767,0.6444315,-0.07614035,-0.32432747,0.404603","-0.9849761,-0.16058296,0.7533479","-0.50036466,-0.042169064,0.5208849,0.0052794022,-0.44380328,0.5477035,-0.07614035,-0.32432747,0.404603",0.0
"-0.50036466,-0.042169064,0.5208849,0.0052794022,-0.44380328,0.5477035,-0.07614035,-0.32432747,0.404603","-0.6837889,-0.515374,0.9030247","-0.56566155,-0.113030344,0.6178974,-0.07160437,-0.37043944,0.46908492,-0.07614035,-0.32432747,0.404603",0.0
"-0.56566155,-0.113030344,0.6178974,-0.07160437,-0.37043944,0.46908492,-0.07614035,-0.32432747,0.404603","-0.17173469,-0.3319068,0.5878258","-0.582061,-0.15866584,0.6810479,-0.079116955,-0.32276273,0.4101805,-0.07614035,-0.32432747,0.404603",0.0
"0.0,0.0,0.0,2.8652207e-07,0.005789075,0.993462,-0.045730997,0.15701754,0.62760717","0.8792585,-0.32932818,0.7479955","0.0839628,-0.045280945,0.08035765,0.011903312,0.009211291,0.98636484,-0.045730997,0.15701754,0.62760717",0.0
"0.0839628,-0.045280945,0.08035765,0.011903312,0.009211291,0.98636484,-0.045730997,0.15701754,0.62760717","0.9838867,-0.065597475,0.96480083","0.17791681,-0.054300282,0.18400687,0.110674754,0.07605289,0.94646806,-0.045730997,0.15701754,0.62760717",0.0
"0.17791681,-0.054300282,0.18400687,0.110674754,0.07605289,0.94646806,-0.045730997,0.15701754,0.62760717","0.41110897,-0.5924407,0.9782965","0.21717471,-0.13575785,0.28910595,0.074223705,0.067760594,0.897964,-0.045730997,0.15701754,0.62760717",0.0
"0.21717471,-0.13575785,0.28910595,0.074223705,0.067760594,0.897964,-0.045730997,0.15701754,0.62760717","0.9792299,-0.44639874,0.7987764","0.31068406,-0.19713542,0.3749191,0.04180605,0.07213343,0.8401292,-0.045730997,0.15701754,0.62760717",0.0
"0.31068406,-0.19713542,0.3749191,0.04180605,0.07213343,0.8401292,-0.045730997,0.15701754,0.62760717","0.98583436,-0.30464852,0.9633007","0.40482405,-0.23902304,0.47840717,0.02907303,0.11397192,0.74465966,-0.045730997,0.15701754,0.62760717",0.0
"0.40482405,-0.23902304,0.47840717,0.02907303,0.11397192,0.74465966,-0.045730997,0.15701754,0.62760717","0.895005,0.108609796,0.8393831","0.49029055,-0.22408979,0.5685827,0.0007162654,0.21331549,0.6238878,-0.045730997,0.15701754,0.62760717",0.0
"0.49029055,-0.22408979,0.5685827,0.0007162654,0.21331549,0.6238878,-0.045730997,0.15701754,0.62760717","0.6754283,-0.24478531,0.10088098","0.55478907,-0.25774652,0.5794205,-0.035100546,0.16810243,0.6247858,-0.045730997,0.15701754,0.62760717",0.0
"0.0,0.0,0.0,2.8652207e-07,0.005789075,0.993462,-0.5533918,-0.19608186,0.5930222","0.29653752,-0.9882218,-0.3526479","0.028317174,-0.13587542,-0.037885174,-0.33928186,-0.024450667,0.92474294,-0.5533918,-0.19608186,0.5930222",0.0
"0.028317174,-0.13587542,-0.037885174,-0.33928186,-0.024450667,0.92474294,-0.5533918,-0.19608186,0.5930222","0.58588886,-0.9728119,0.6033566","0.0842653,-0.26963204,0.02693384,-0.5030829,-0.13038291,0.82860404,-0.5533918,-0.19608186,0.5930222",0.0
"0.0842653,-0.26963204,0.02693384,-0.5030829,-0.13038291,0.82860404,-0.5533918,-0.19608186,0.5930222","0.16243327,-0.8428076,0.9570496","0.0997765,-0.38551378,0.12975034,-0.5713263,-0.17910644,0.7464151,-0.5533918,-0.19608186,0.5930222",0.0
"0.0997765,-0.38551378,0.12975034,-0.5713263,-0.17910644,0.7464151,-0.5533918,-0.19608186,0.5930222","0.13396704,-0.47493052,0.7477306","0.11256938,-0.45081437,0.21007955,-0.5692915,-0.20399302,0.7036025,-0.5533918,-0.19608186,0.5930222",0.0
"0.11256938,-0.45081437,0.21007955,-0.5692915,-0.20399302,0.7036025,-0.5533918,-0.19608186,0.5930222","0.25578403,-0.369146,0.937526","0.13699488,-0.50157005,0.31079862,-0.50352573,-0.22479074,0.68009627,-0.5533918,-0.19608186,0.5930222",0.0
"0.13699488,-0.50157005,0.31079862,-0.50352573,-0.22479074,0.68009627,-0.5533918,-0.19608186,0.5930222","-0.052740753,-0.3084061,0.47803283","0.13195853,-0.54397434,0.36215407,-0.5016466,-0.21443176,0.63933545,-0.5533918,-0.19608186,0.5930222",0.0
"0.13195853,-0.54397434,0.36215407,-0.5016466,-0.21443176,0.63933545,-0.5533918,-0.19608186,0.5930222","-0.21332783,-0.23641646,0.18109477","0.11158727,-0.57648045,0.38160923,-0.5332313,-0.18882057,0.6008197,-0.5533918,-0.19608186,0.5930222",0.0
"0.11158727,-0.57648045,0.38160923,-0.5332313,-0.18882057,0.6008197,-0.5533918,-0.19608186,0.5930222","-0.011307001,-0.048943877,-0.08478534","0.11050753,-0.58321,0.37250075,-0.55436,-0.19442476,0.5883603,-0.5533918,-0.19608186,0.5930222",0.0
"0.0,0.0,0.0,2.8652207e-07,0.005789075,0.993462,0.7076024,-0.11222222,0.42487016","-0.5984174,0.9853091,-0.91575634","-0.057144508,0.13547495,-0.09838032,0.15293434,-0.021870675,0.96938074,0.7076024,-0.11222222,0.42487016",0.0
"-0.057144508,0.13547495,-0.09838032,0.15293434,-0.021870675,0.96938074,0.7076024,-0.11222222,0.42487016","-0.08082676,0.5582634,0.82778525","-0.06486287,0.21223332,-0.009450871,0.42443308,-0.081793785,0.8828268,0.7076024,-0.11222222,0.42487016",0.0
"-0.06486287,0.21223332,-0.009450871,0.42443308,-0.081793785,0.8828268,0.7076024,-0.11222222,0.42487016","0.2841196,0.49852884,0.67487824","-0.03773151,0.2807785,0.06305169,0.63506913,-0.06980369,0.7279639,0.7076024,-0.11222222,0.42487016",0.0
"-0.03773151,0.2807785,0.06305169,0.63506913,-0.06980369,0.7279639,0.7076024,-0.11222222,0.42487016","-0.35625595,0.4516021,0.96671486","-0.07175136,0.3428715,0.16690645,0.7856313,-0.17421407,0.4820986,0.7076024,-0.11222222,0.42487016",0.0
"-0.07175136,0.3428715,0.16690645,0.7856313,-0.17421407,0.4820986,0.7076024,-0.11222222,0.42487016","0.16663504,-0.44121432,0.82618773","-0.055838924,0.28220683,0.25566432,0.7601225,-0.12884839,0.46649227,0.7076024,-0.11222222,0.42487016",0.0
"-0.055838924,0.28220683,0.25566432,0.7601225,-0.12884839,0.46649227,0.7076024,-0.11222222,0.42487016","-0.0538612,-0.28735703,0.5802939","-0.060982272,0.24269676,0.31800568,0.7312509,-0.13593665,0.44413352,0.7076024,-0.11222222,0.42487016",0.0
"-0.060982272,0.24269676,0.31800568,0.7312509,-0.13593665,0.44413352,0.7076024,-0.11222222,0.42487016","0.063133,-0.2542178,0.24689984","-0.054953523,0.20774314,0.3445303,0.70080286,-0.11632777,0.46522197,0.7076024,-0.11222222,0.42487016",0.0
"-0.054953523,0.20774314,0.3445303,0.70080286,-0.11632777,0.46522197,0.7076024,-0.11222222,0.42487016","0.14641714,-0.09220022,0.25511575","-0.04097175,0.1950661,0.3719376,0.6961331,-0.08426418,0.44463933,0.7076024,-0.11222222,0.42487016",0.0
"-0.04097175,0.1950661,0.3719376,0.6961331,-0.08426418,0.44463933,0.7076024,-0.11222222,0.42487016","-0.17767137,-0.018279016,0.010574579","-0.05793807,0.19255283,0.37307367,0.6881029,-0.1207621,0.4471665,0.7076024,-0.11222222,0.42487016",0.0
"-0.05793807,0.19255283,0.37307367,0.6881029,-0.1207621,0.4471665,0.7076024,-0.11222222,0.42487016","0.08511031,-0.08186978,0.041727424","-0.049810644,0.18129618,0.37755653,0.6792749,-0.101311654,0.45923543,0.7076024,-0.11222222,0.42487016",0.0
"-0.049810644,0.18129618,0.37755653,0.6792749,-0.101311654,0.45923543,0.7076024,-0.11222222,0.42487016","-0.008383572,0.052657723,0.115564466","-0.050611213,0.18853636,0.38997173,0.68848646,-0.10453817,0.42773136,0.7076024,-0.11222222,0.42487016",0.0
"-0.050611213,0.18853636,0.38997173,0.68848646,-0.10453817,0.42773136,0.7076024,-0.11222222,0.42487016","-0.089439094,-0.0041211843,-0.07643366","-0.059151992,0.18796973,0.38176045,0.6839048,-0.12268392,0.4414662,0.7076024,-0.11222222,0.42487016",0.0
"-0.059151992,0.18796973,0.38176045,0.6839048,-0.12268392,0.4414662,0.7076024,-0.11222222,0.42487016","0.20074713,0.038967967,-0.016634047","-0.03998209,0.19332764,0.37997347,0.6955944,-0.08199888,0.43512678,0.7076024,-0.11222222,0.42487016",0.0
"-0.03998209,0.19332764,0.37997347,0.6955944,-0.08199888,0.43512678,0.7076024,-0.11222222,0.42487016","-0.16524458,0.054186106,-0.05945629","-0.055761747,0.20077795,0.3735861,0.6977977,-0.11762754,0.43226376,0.7076024,-0.11222222,0.42487016",0.0
"0.0,0.0,0.0,2.8652207e-07,0.005789075,0.993462,0.62731,0.34608185,0.42487016","0.5720458,0.9183259,0.99384975","0.054626226,0.1262651,0.106769904,0.39882448,0.0749992,0.8831502,0.62731,0.34608185,0.42487016",0.0
"0.054626226,0.1262651,0.106769904,0.39882448,0.0749992,0.8831502,0.62731,0.34608185,0.42487016","0.89435387,0.8582268,0.77065897","0.14003053,0.24426688,0.18956228,0.6198617,0.2981563,0.62999815,0.62731,0.34608185,0.42487016",0.0
"0.14003053,0.24426688,0.18956228,0.6198617,0.2981563,0.62999815,0.62731,0.34608185,0.42487016","0.16054535,0.08934355,0.922392","0.15536144,0.25655118,0.28865543,0.6614104,0.35771644,0.46393213,0.62731,0.34608185,0.42487016",0.0
"0.15536144,0.25655118,0.28865543,0.6614104,0.35771644,0.46393213,0.62731,0.34608185,0.42487016","0.03343129,-0.10922015,0.36751676","0.15855388,0.24153401,0.32813802,0.65124464,0.3607724,0.430584,0.62731,0.34608185,0.42487016",0.0
"0.15855388,0.24153401,0.32813802,0.65124464,0.3607724,0.430584,0.62731,0.34608185,0.42487016","-0.10626477,-0.12025237,0.036289573","0.14840637,0.22499993,0.33203664,0.64693755,0.3320434,0.4542366,0.62731,0.34608185,0.42487016",0.0
"0.14840637,0.22499993,0.33203664,0.64693755,0.3320434,0.4542366,0.62731,0.34608185,0.42487016","0.04749632,-0.110996544,0.14870667","0.15294193,0.2097385,0.3480123,0.6298952,0.3348446,0.4563818,0.62731,0.34608185,0.42487016",0.0
"0.15294193,0.2097385,0.3480123,0.6298952,0.3348446,0.4563818,0.62731,0.34608185,0.42487016","0.010192275,-0.0011649728,0.07846248","0.15391523,0.20957834,0.35644162,0.6300593,0.33739454,0.44361353,0.62731,0.34608185,0.42487016",0.0
"0.15391523,0.20957834,0.35644162,0.6300593,0.33739454,0.44361353,0.62731,0.34608185,0.42487016","0.019786358,-0.01470381,0.03207302","0.15580468,0.20755665,0.35988727,0.6265827,0.34034958,0.44179106,0.62731,0.34608185,0.42487016",0.0
"0.0,0.0,0.0,2.8652207e-07,0.005789075,0.993462,0.57134503,-0.61210525,0.42970812","-0.99379915,0.976637,-0.4913839","-0.0949006,0.13428257,-0.052789714,0.20745564,-0.0576945,0.9640066,0.57134503,-0.61210525,0.42970812",0.0
"-0.0949006,0.13428257,-0.052789714,0.20745564,-0.0576945,0.9640066,0.57134503,-0.61210525,0.42970812","-0.85264593,0.9900503,0.8497646","-0.1763221,0.2704094,0.038500994,0.50999653,-0.30864114,0.76950705,0.57134503,-0.61210525,0.42970812",0.0
"-0.1763221,0.2704094,0.038500994,0.50999653,-0.30864114,0.76950705,0.57134503,-0.61210525,0.42970812","-0.87998885,0.87782466,0.8299233","-0.26035464,0.3911058,0.12766014,0.578642,-0.6091035,0.4426591,0.57134503,-0.61210525,0.42970812",0.0
"0.0,0.0,0.0,2.8652207e-07,0.005789075,0.993462,-0.00023391814,0.06701754,0.37832105","0.7902019,0.021799445,0.99034107","0.07545855,0.0029973025,0.10639299,0.14709942,0.041495297,0.96787906,-0.00023391814,0.06701754,0.37832105",0.0
"0.07545855,0.0029973025,0.10639299,0.14709942,0.041495297,0.96787906,-0.00023391814,0.06701754,0.37832105","0.8569375,-0.48857772,0.97815216","0.15728986,-0.064179644,0.21147653,0.12820418,0.07564183,0.9322811,-0.00023391814,0.06701754,0.37832105",0.0
"0.15728986,-0.064179644,0.21147653,0.12820418,0.07564183,0.9322811,-0.00023391814,0.06701754,0.37832105","-0.031530738,-0.72314644,0.98570395","0.15427889,-0.1636086,0.31737137,0.06789264,0.042293254,0.8821491,-0.00023391814,0.06701754,0.37832105",0.0
"0.15427889,-0.1636086,0.31737137,0.06789264,0.042293254,0.8821491,-0.00023391814,0.06701754,0.37832105","0.8382304,-0.3604657,0.8175142","0.2343238,-0.21317081,0.40519753,0.060909633,0.06299962,0.8151838,-0.00023391814,0.06701754,0.37832105",0.0
"0.2343238,-0.21317081,0.40519753,0.060909633,0.06299962,0.8151838,-0.00023391814,0.06701754,0.37832105","0.9599775,-0.22224051,0.8429637","0.32599467,-0.24372776,0.49575773,0.06051604,0.11058645,0.7260084,-0.00023391814,0.06701754,0.37832105",0.0
"0.32599467,-0.24372776,0.49575773,0.06051604,0.11058645,0.7260084,-0.00023391814,0.06701754,0.37832105","0.8131646,-0.2420479,0.98574233","0.40364602,-0.27700812,0.60165673,0.041918136,0.15364398,0.6021805,-0.00023391814,0.06701754,0.37832105",0.0
"0.40364602,-0.27700812,0.60165673,0.041918136,0.15364398,0.6021805,-0.00023391814,0.06701754,0.37832105","0.31657755,-0.5764389,0.9239638","0.43387687,-0.35626554,0.7009188,0.018198961,0.11441596,0.48875096,-0.00023391814,0.06701754,0.37832105",0.0
"0.43387687,-0.35626554,0.7009188,0.018198961,0.11441596,0.48875096,-0.00023391814,0.06701754,0.37832105","0.32606268,-0.5329378,0.7435639","0.46501353,-0.4295418,0.7808004,0.0024898932,0.07534177,0.38898146,-0.00023391814,0.06701754,0.37832105",0.0
"0.0,0.0,0.0,2.8652207e-07,0.005789075,0.993462,-0.81198835,-0.0057894737,0.5180991","0.13144171,-0.8972171,-0.8640938","0.012551724,-0.123362735,-0.092830144,-0.38341138,-0.009332954,0.8973355,-0.81198835,-0.0057894737,0.5180991",0.0
"0.012551724,-0.123362735,-0.092830144,-0.38341138,-0.009332954,0.8973355,-0.81198835,-0.0057894737,0.5180991","0.16862178,-0.90889597,-0.75000024","0.028653879,-0.24833126,-0.17340314,-0.6802275,-0.055586424,0.6450103,-0.81198835,-0.0057894737,0.5180991",0.0
"0.028653879,-0.24833126,-0.17340314,-0.6802275,-0.055586424,0.6450103,-0.81198835,-0.0057894737,0.5180991","-0.0028065443,-0.3670693,-0.212628","0.028385872,-0.29880142,-0.1962459,-0.7633091,-0.062438168,0.5237404,-0.81198835,-0.0057894737,0.5180991",0.0
"0.028385872,-0.29880142,-0.1962459,-0.7633091,-0.062438168,0.5237404,-0.81198835,-0.0057894737,0.5180991","-0.14545023,-0.05924529,0.316046","0.014496427,-0.30694738,-0.16229288,-0.7569211,-0.028700272,0.55721056,-0.81198835,-0.0057894737,0.5180991",0.0
"0.014496427,-0.30694738,-0.16229288,-0.7569211,-0.028700272,0.55721056,-0.81198835,-0.0057894737,0.5180991","0.33813262,-0.40712637,-0.5263457","0.046785634,-0.36292517,-0.21883853,-0.8363868,-0.11797425,0.3635093,-0.81198835,-0.0057894737,0.5180991",0.0
"0.046785634,-0.36292517,-0.21883853,-0.8363868,-0.11797425,0.3635093,-0.81198835,-0.0057894737,0.5180991","-0.059188545,0.31840956,0.9319993","0.041133553,-0.31914553,-0.11871325,-0.73958623,-0.09027058,0.5946716,-0.81198835,-0.0057894737,0.5180991",0.0
"0.041133553,-0.31914553,-0.11871325,-0.73958623,-0.09027058,0.5946716,-0.81198835,-0.0057894737,0.5180991","-0.106337726,-0.026043713,0.57020617","0.030979067,-0.3227264,-0.05745563,-0.6975763,-0.062289074,0.6658338,-0.81198835,-0.0057894737,0.5180991",0.0
"0.030979067,-0.3227264,-0.05745563,-0.6975763,-0.062289074,0.6658338,-0.81198835,-0.0057894737,0.5180991","0.05702412,-0.5880196,0.9716414","0.036424454,-0.40357614,0.046928465,-0.7176225,-0.07665131,0.64297265,-0.81198835,-0.0057894737,0.5180991",0.0
"0.036424454,-0.40357614,0.046928465,-0.7176225,-0.07665131,0.64297265,-0.81198835,-0.0057894737,0.5180991","-0.27987647,-0.6850977,0.4145155","0.009698278,-0.49777362,0.09146018,-0.8062324,-0.018779816,0.5164048,-0.81198835,-0.0057894737,0.5180991",0.0
"0.0,0.0,0.0,2.8652207e-07,0.005789075,0.993462,0.0028070176,0.036432747,0.3823091","0.83831954,-0.74293864,0.9831655","0.08005341,-0.102150254,0.10562212,-0.07236151,-0.012615203,0.9783462,0.0028070176,0.036432747,0.3823091",0.0
"0.08005341,-0.102150254,0.10562212,-0.07236151,-0.012615203,0.9783462,0.0028070176,0.036432747,0.3823091","0.6126199,-0.56962824,0.9374757","0.13855416,-0.18047124,0.20633578,-0.09210639,-0.036447696,0.9419082,0.0028070176,0.036432747,0.3823091",0.0
"0.13855416,-0.18047124,0.20633578,-0.09210639,-0.036447696,0.9419082,0.0028070176,0.036432747,0.3823091","0.7481904,-0.2192213,0.9866091","0.2100009,-0.21061309,0.3123279,-0.018291334,-0.006861719,0.8892331,0.0028070176,0.036432747,0.3823091",0.0
"0.2100009,-0.21061309,0.3123279,-0.018291334,-0.006861719,0.8892331,0.0028070176,0.036432747,0.3823091","0.7795439,-0.090955555,0.76773894","0.28444168,-0.22311905,0.39480665,0.031568557,0.048501696,0.82664347,0.0028070176,0.036432747,0.3823091",0.0
"0.28444168,-0.22311905,0.39480665,0.031568557,0.048501696,0.82664347,0.0028070176,0.036432747,0.3823091","0.70181346,-0.34466803,0.97078323","0.35145977,-0.27050918,0.49909857,0.033016715,0.07840852,0.7290531,0.0028070176,0.036432747,0.3823091",0.0
"0.35145977,-0.27050918,0.49909857,0.033016715,0.07840852,0.7290531,0.0028070176,0.036432747,0.3823091","0.2705741,-0.48902375,0.97749424","0.37729764,-0.33774745,0.6041115,0.0227017,0.071342774,0.61626774,0.0028070176,0.036432747,0.3823091",0.0
"0.37729764,-0.33774745,0.6041115,0.0227017,0.071342774,0.61626774,0.0028070176,0.036432747,0.3823091","-0.07474911,-0.6000986,0.9670718","0.37015966,-0.42025796,0.70800465,0.0121304495,0.04266472,0.49125388,0.0028070176,0.036432747,0.3823091",0.0
"0.37015966,-0.42025796,0.70800465,0.0121304495,0.04266472,0.49125388,0.0028070176,0.036432747,0.3823091","-0.02209109,-0.3045181,0.7455597","0.3680501,-0.4621277,0.78810066,0.013477188,0.045002006,0.38312405,0.0028070176,0.036432747,0.3823091",0.0
"0.0,0.0,0.0,2.8652207e-07,0.005789075,0.993462,0.028011696,-0.13421053,0.36001524","-0.78322524,0.5355599,0.97746325","-0.074792325,0.073636726,0.105009496,0.29144472,-0.06381583,0.9297451,0.028011696,-0.13421053,0.36001524",0.0
"-0.074792325,0.073636726,0.105009496,0.29144472,-0.06381583,0.9297451,0.028011696,-0.13421053,0.36001524","-0.78746885,0.670753,0.97547317","-0.14998989,0.16586182,0.2098052,0.5203217,-0.25859964,0.72485906,0.028011696,-0.13421053,0.36001524",0.0
"-0.14998989,0.16586182,0.2098052,0.5203217,-0.25859964,0.72485906,0.028011696,-0.13421053,0.36001524","-0.72618896,-0.9286865,0.97800934","-0.21933566,0.0381722,0.3148734,0.3521217,-0.28256497,0.7519742,0.028011696,-0.13421053,0.36001524",0.0
"-0.21933566,0.0381722,0.3148734,0.3521217,-0.28256497,0.7519742,0.028011696,-0.13421053,0.36001524","-0.9321855,-0.8061291,0.9271883","-0.30835262,-0.072666414,0.41448185,0.19869965,-0.2789266,0.7300925,0.028011696,-0.13421053,0.36001524",0.0
"-0.30835262,-0.072666414,0.41448185,0.19869965,-0.2789266,0.7300925,0.028011696,-0.13421053,0.36001524","0.031696796,-0.16293687,0.9443742","-0.3053258,-0.0950694,0.51593655,0.21719731,-0.2996322,0.6077199,0.028011696,-0.13421053,0.36001524",0.0
"-0.3053258,-0.0950694,0.51593655,0.21719731,-0.2996322,0.6077199,0.028011696,-0.13421053,0.36001524","-0.9443393,-0.6604041,0.9601915","-0.39550334,-0.18587159,0.61909056,0.09891796,-0.2724602,0.5266298,0.028011696,-0.13421053,0.36001524",0.0
"-0.39550334,-0.18587159,0.61909056,0.09891796,-0.2724602,0.5266298,0.028011696,-0.13421053,0.36001524","-0.6784631,-0.88472563,0.76849425","-0.46029162,-0.30751684,0.70165044,0.027263792,-0.17089207,0.4704922,0.028011696,-0.13421053,0.36001524",0.0
"-0.46029162,-0.30751684,0.70165044,0.027263792,-0.17089207,0.4704922,0.028011696,-0.13421053,0.36001524","0.33396888,-0.51484346,0.7377447","-0.42840004,-0.37830517,0.78090686,0.033593137,-0.12086258,0.37628046,0.028011696,-0.13421053,0.36001524",0.0
"-0.42840004,-0.37830517,0.78090686,0.033593137,-0.12086258,0.37628046,0.028011696,-0.13421053,0.36001524","-0.3538915,0.102027416,0.10780394","-0.46219411,-0.36427695,0.7924884,0.022514336,-0.13981451,0.35394117,0.028011696,-0.13421053,0.36001524",0.0
"0.0,0.0,0.0,2.8652207e-07,0.005789075,0.993462,0.23081872,-0.36391813,0.47972226","-0.9371711,0.434767,0.9705353","-0.089493036,0.05977822,0.10426523,0.25992492,-0.069040775,0.939825,0.23081872,-0.36391813,0.47972226",0.0
"-0.089493036,0.05977822,0.10426523,0.25992492,-0.069040775,0.939825,0.23081872,-0.36391813,0.47972226","-0.92667484,-0.062163115,0.9638492","-0.17798376,0.051231105,0.20781219,0.32028058,-0.19359311,0.8613982,0.23081872,-0.36391813,0.47972226",0.0
"-0.17798376,0.051231105,0.20781219,0.32028058,-0.19359311,0.8613982,0.23081872,-0.36391813,0.47972226","-0.6961194,0.23028004,0.83342457","-0.24445812,0.082893424,0.29734755,0.37275743,-0.35195154,0.72219795,0.23081872,-0.36391813,0.47972226",0.0
"-0.24445812,0.082893424,0.29734755,0.37275743,-0.35195154,0.72219795,0.23081872,-0.36391813,0.47972226","-0.58595943,-0.17566758,0.5680102","-0.30041298,0.05874004,0.35836926,0.3069337,-0.41374776,0.66899526,0.23081872,-0.36391813,0.47972226",0.0
"-0.30041298,0.05874004,0.35836926,0.3069337,-0.41374776,0.66899526,0.23081872,-0.36391813,0.47972226","-0.087593734,-0.28906173,0.8467001","-0.30877757,0.018995536,0.44933084,0.28838795,-0.4106236,0.5855776,0.23081872,-0.36391813,0.47972226",0.0
"-0.30877757,0.018995536,0.44933084,0.28838795,-0.4106236,0.5855776,0.23081872,-0.36391813,0.47972226","-0.36364496,-0.41849792,0.88705647","-0.343503,-0.038545776,0.5446279,0.21943009,-0.39749855,0.50722194,0.23081872,-0.36391813,0.47972226",0.0
"-0.343503,-0.038545776,0.5446279,0.21943009,-0.39749855,0.50722194,0.23081872,-0.36391813,0.47972226","0.18783307,-0.20355606,0.28354776","-0.32556632,-0.06653369,0.57508963,0.22661425,-0.36017123,0.49004963,0.23081872,-0.36391813,0.47972226",0.0
"0.0,0.0,0.0,2.8652207e-07,0.005789075,0.993462,0.004502924,-0.003859649,0.23331277","-0.8809795,-0.7077427,0.97169113","-0.084127165,-0.097311,0.10438942,-0.060827192,0.022458648,0.97930485,0.004502924,-0.003859649,0.23331277",0.0
"-0.084127165,-0.097311,0.10438942,-0.060827192,0.022458648,0.97930485,0.004502924,-0.003859649,0.23331277","-0.95369077,-0.91641736,0.9642309","-0.17519774,-0.22331369,0.2079774,-0.15436374,0.10151863,0.9267281,0.004502924,-0.003859649,0.23331277",0.0
"-0.17519774,-0.22331369,0.2079774,-0.15436374,0.10151863,0.9267281,0.004502924,-0.003859649,0.23331277","0.1148026,-0.85244703,0.9500818","-0.16423494,-0.34052083,0.31004536,-0.23463243,0.13974147,0.84365726,0.004502924,-0.003859649,0.23331277",0.0
"-0.16423494,-0.34052083,0.31004536,-0.23463243,0.13974147,0.84365726,0.004502924,-0.003859649,0.23331277","-0.82536197,0.026962757,0.927637","-0.243051,-0.33681363,0.40970203,-0.091635674,0.09573387,0.80472803,0.004502924,-0.003859649,0.23331277",0.0
"-0.243051,-0.33681363,0.40970203,-0.091635674,0.09573387,0.80472803,0.004502924,-0.003859649,0.23331277","-0.937371,0.12943113,0.9669552","-0.33256313,-0.3190176,0.5135827,0.01484561,-0.014040122,0.7194666,0.004502924,-0.003859649,0.23331277",0.0
"-0.33256313,-0.3190176,0.5135827,0.01484561,-0.014040122,0.7194666,0.004502924,-0.003859649,0.23331277","-0.8636082,-0.86448735,0.96725845","-0.41503146,-0.4378802,0.61749595,-0.009137058,0.055361092,0.6026566,0.004502924,-0.003859649,0.23331277",0.0
"-0.41503146,-0.4378802,0.61749595,-0.009137058,0.055361092,0.6026566,0.004502924,-0.003859649,0.23331277","-0.8031786,-0.51923347,0.95766115","-0.49172917,-0.50927216,0.72037816,0.004460935,0.051192407,0.47436348,0.004502924,-0.003859649,0.23331277",0.0
"-0.49172917,-0.50927216,0.72037816,0.004460935,0.051192407,0.47436348,0.004502924,-0.003859649,0.23331277","-0.85506105,-0.30137277,0.50832355","-0.5733813,-0.55070937,0.77498776,0.01718128,0.04786526,0.40081263,0.004502924,-0.003859649,0.23331277",0.0
"-0.5733813,-0.55070937,0.77498776,0.01718128,0.04786526,0.40081263,0.004502924,-0.003859649,0.23331277","-0.4880036,-0.32623106,0.81917095","-0.6199821,-0.5955645,0.8629919,0.015735123,0.024019768,0.27843735,0.004502924,-0.003859649,0.23331277",0.0
"-0.6199821,-0.5955645,0.8629919,0.015735123,0.024019768,0.27843735,0.004502924,-0.003859649,0.23331277","-0.18354648,-0.005911052,0.26222134","-0.63750947,-0.5963773,0.89116263,0.0105410535,0.00903602,0.23829006,0.004502924,-0.003859649,0.23331277",0.0
"0.0,0.0,0.0,2.8652207e-07,0.005789075,0.993462,0.0036842106,0.008596491,0.64963955","-0.107700706,-0.9148252,0.95164394","-0.010284648,-0.12578377,0.10223576,-0.12814572,0.009933996,0.97275287,0.0036842106,0.008596491,0.64963955",0.0
"-0.010284648,-0.12578377,0.10223576,-0.12814572,0.009933996,0.97275287,0.0036842106,0.008596491,0.64963955","0.15065837,-0.5371884,0.91202474","0.0041021206,-0.19964446,0.20021519,-0.14698213,0.003895222,0.9376151,0.0036842106,0.008596491,0.64963955",0.0
"0.0041021206,-0.19964446,0.20021519,-0.14698213,0.003895222,0.9376151,0.0036842106,0.008596491,0.64963955","0.16208696,-0.18572825,0.9820136","0.019580238,-0.22518118,0.3057136,-0.056135666,0.0023425894,0.89181036,0.0036842106,0.008596491,0.64963955",0.0
"0.019580238,-0.22518118,0.3057136,-0.056135666,0.0023425894,0.89181036,0.0036842106,0.008596491,0.64963955","0.66201115,-0.62296295,0.6790879","0.08279748,-0.31083542,0.37866852,-0.1222194,-0.026537586,0.83149076,0.0036842106,0.008596491,0.64963955",0.0
"0.08279748,-0.31083542,0.37866852,-0.1222194,-0.026537586,0.83149076,0.0036842106,0.008596491,0.64963955","-0.13562107,0.21503377,0.8784449","0.069846645,-0.28126943,0.47304046,0.038070932,0.014421962,0.75857747,0.0036842106,0.008596491,0.64963955",0.0
"0.069846645,-0.28126943,0.47304046,0.038070932,0.014421962,0.75857747,0.0036842106,0.008596491,0.64963955","-0.6207876,-0.58003175,0.7117677","0.010565927,-0.36102083,0.5495062,-0.010770315,0.005434836,0.6819926,0.0036842106,0.008596491,0.64963955",0.0
"0.010565927,-0.36102083,0.5495062,-0.010770315,0.005434836,0.6819926,0.0036842106,0.008596491,0.64963955","0.31360304,-0.031655192,0.21724415","0.040512737,-0.36537334,0.572845,0.005230652,0.006505773,0.6564913,0.0036842106,0.008596491,0.64963955",0.0
"0.0,0.0,0.0,2.8652207e-07,0.005789075,0.993462,0.72333336,0.24216373,0.5901456","-0.180534,0.95441103,0.998374","-0.017239682,0.13122661,0.10725595,0.41571286,-0.016739527,0.87776166,0.72333336,0.24216373,0.5901456",0.0
"-0.017239682,0.13122661,0.10725595,0.41571286,-0.016739527,0.87776166,0.72333336,0.24216373,0.5901456","0.53569126,0.91402483,0.85130525","0.033914946,0.25690034,0.1987122,0.70710826,0.081448905,0.5957746,0.72333336,0.24216373,0.5901456",0.0
"0.033914946,0.25690034,0.1987122,0.70710826,0.081448905,0.5957746,0.72333336,0.24216373,0.5901456","0.70572674,0.44966364,-0.35321063","0.10130673,0.31872678,0.16076656,0.7312625,0.24702081,0.53739685,0.72333336,0.24216373,0.5901456",0.0
"0.10130673,0.31872678,0.16076656,0.7312625,0.24702081,0.53739685,0.72333336,0.24216373,0.5901456","-0.0043557286,0.031517744,-0.27410114","0.10089079,0.32306033,0.13131969,0.7195467,0.24211636,0.57042336,0.72333336,0.24216373,0.5901456",0.0
"0.10089079,0.32306033,0.13131969,0.7195467,0.24211636,0.57042336,0.72333336,0.24216373,0.5901456","-0.008266985,0.025545478,-0.13425744","0.10010136,0.32657275,0.11689632,0.715235,0.23873389,0.58352816,0.72333336,0.24216373,0.5901456",0.0
"0.0,0.0,0.0,2.8652207e-07,0.005789075,0.993462,0.1963158,0.1454386,0.8102732","0.77496135,0.17632878,0.94702613","0.07400318,0.024244294,0.10173962,0.18497461,0.04974547,0.96124595,0.1963158,0.1454386,0.8102732",0.0
"0.07400318,0.024244294,0.10173962,0.18497461,0.04974547,0.96124595,0.1963158,0.1454386,0.8102732","0.5218525,-0.028946996,0.91519845","0.123836316,0.02026422,0.20006,0.28033698,0.12117735,0.89437646,0.1963158,0.1454386,0.8102732",0.0
"0.123836316,0.02026422,0.20006,0.28033698,0.12117735,0.89437646,0.1963158,0.1454386,0.8102732","0.21461952,-0.47122377,0.66435456","0.14433092,-0.04452664,0.27143207,0.23024753,0.11863767,0.87318486,0.1963158,0.1454386,0.8102732",0.0
"0.14433092,-0.04452664,0.27143207,0.23024753,0.11863767,0.87318486,0.1963158,0.1454386,0.8102732","0.56890035,-0.34421134,0.63830876","0.19865677,-0.09185395,0.34000605,0.19307694,0.14617169,0.8327847,0.1963158,0.1454386,0.8102732",0.0
"0.19865677,-0.09185395,0.34000605,0.19307694,0.14617169,0.8327847,0.1963158,0.1454386,0.8102732","0.267066,-0.17118508,0.2730894","0.22415961,-0.115391046,0.36934432,0.1703212,0.15228865,0.8145995,0.1963158,0.1454386,0.8102732",0.0
"0.22415961,-0.115391046,0.36934432,0.1703212,0.15228865,0.8145995,0.1963158,0.1454386,0.8102732","-0.055142164,-0.024650216,0.06404817","0.2188939,-0.118780345,0.3762251,0.17331338,0.14985792,0.808895,0.1963158,0.1454386,0.8102732",0.0
"0.2188939,-0.118780345,0.3762251,0.17331338,0.14985792,0.808895,0.1963158,0.1454386,0.8102732","-0.13449264,0.023119926,0.049091578","0.2060508,-0.1156015,0.38149914,0.1878678,0.14928524,0.8011582,0.1963158,0.1454386,0.8102732",0.0
"0.0,0.0,0.0,2.8652207e-07,0.005789075,0.993462,0.036023393,-0.0057894737,0.3823091","-0.7616629,-0.7958338,0.9938023","-0.0727333,-0.10942307,0.10676485,-0.083605714,0.025386835,0.97680604,0.036023393,-0.0057894737,0.3823091",0.0
"-0.0727333,-0.10942307,0.10676485,-0.083605714,0.025386835,0.97680604,0.036023393,-0.0057894737,0.3823091","-0.73434246,-0.6808313,0.9791552","-0.14285769,-0.20303391,0.21195617,-0.12150587,0.06494004,0.93395066,0.036023393,-0.0057894737,0.3823091",0.0
"-0.14285769,-0.20303391,0.21195617,-0.12150587,0.06494004,0.93395066,0.036023393,-0.0057894737,0.3823091","-0.49804187,0.012374163,0.93331456","-0.1904171,-0.20133257,0.3122228,0.0028089322,0.005091387,0.88951766,0.036023393,-0.0057894737,0.3823091",0.0
"-0.1904171,-0.20133257,0.3122228,0.0028089322,0.005091387,0.88951766,0.036023393,-0.0057894737,0.3823091","0.4449103,-0.29363048,0.9316733","-0.1479314,-0.24170528,0.41231316,0.041441165,-0.014301214,0.813058,0.036023393,-0.0057894737,0.3823091",0.0
"-0.1479314,-0.24170528,0.41231316,0.041441165,-0.014301214,0.813058,0.036023393,-0.0057894737,0.3823091","0.360716,-0.29240495,0.95857334","-0.11348564,-0.2819095,0.51529336,0.07862185,-0.023104476,0.71299636,0.036023393,-0.0057894737,0.3823091",0.0
"-0.11348564,-0.2819095,0.51529336,0.07862185,-0.023104476,0.71299636,0.036023393,-0.0057894737,0.3823091","-0.46485174,-0.5350596,0.882633","-0.15787563,-0.35547745,0.6101153,0.050483163,-0.020733906,0.61149144,0.036023393,-0.0057894737,0.3823091",0.0
"-0.15787563,-0.35547745,0.6101153,0.050483163,-0.020733906,0.61149144,0.036023393,-0.0057894737,0.3823091","0.40569687,-0.5575942,0.8752215","-0.11913453,-0.4321438,0.7041409,0.027292058,-0.004500037,0.49749076,0.036023393,-0.0057894737,0.3823091",0.0
"-0.11913453,-0.4321438,0.7041409,0.027292058,-0.004500037,0.49749076,0.036023393,-0.0057894737,0.3823091","0.15639508,-0.30638528,0.6606846","-0.10419994,-0.47427028,0.7751187,0.0277017,-0.0032926511,0.40280622,0.036023393,-0.0057894737,0.3823091",0.0
"-0.10419994,-0.47427028,0.7751187,0.0277017,-0.0032926511,0.40280622,0.036023393,-0.0057894737,0.3823091","-0.46810842,0.010899305,0.11829591","-0.1489009,-0.47277173,0.78782743,0.034786295,-0.011087352,0.38459176,0.036023393,-0.0057894737,0.3823091",0.0
"0.0,0.0,0.0,2.8652207e-07,0.005789075,0.993462,-0.022865498,0.03339181,0.52215254","-0.95909226,-0.8291284,0.95816517","-0.09158636,-0.1140009,0.10293631,-0.09645174,0.034581147,0.9760412,-0.022865498,0.03339181,0.52215254",0.0
"-0.09158636,-0.1140009,0.10293631,-0.09645174,0.034581147,0.9760412,-0.022865498,0.03339181,0.52215254","-0.8229959,-0.29258525,0.9770763","-0.17017652,-0.15422991,0.2079043,-0.033488065,0.02655789,0.9459114,-0.022865498,0.03339181,0.52215254",0.0
"-0.17017652,-0.15422991,0.2079043,-0.033488065,0.02655789,0.9459114,-0.022865498,0.03339181,0.52215254","-0.27720696,-0.24407965,0.96941054","-0.19664778,-0.18778963,0.31204873,0.024434738,-0.010260852,0.8892169,-0.022865498,0.03339181,0.52215254",0.0
"-0.19664778,-0.18778963,0.31204873,0.024434738,-0.010260852,0.8892169,-0.022865498,0.03339181,0.52215254","-0.32527292,-0.62204444,0.73130095","-0.227709,-0.2733176,0.39061293,-0.026594777,0.030777847,0.83115983,-0.022865498,0.03339181,0.52215254",0.0
"-0.227709,-0.2733176,0.39061293,-0.026594777,0.030777847,0.83115983,-0.022865498,0.03339181,0.52215254","0.39155126,-0.3364042,0.6905254","-0.1903187,-0.3195715,0.46479657,-0.025430683,0.024324276,0.7666737,-0.022865498,0.03339181,0.52215254",0.0
"-0.1903187,-0.3195715,0.46479657,-0.025430683,0.024324276,0.7666737,-0.022865498,0.03339181,0.52215254","-0.4652146,-0.36595297,0.98462546","-0.23474333,-0.36988822,0.5705756,0.0016414806,0.0063302442,0.65903485,-0.022865498,0.03339181,0.52215254",0.0
"-0.23474333,-0.36988822,0.5705756,0.0016414806,0.0063302442,0.65903485,-0.022865498,0.03339181,0.52215254","0.5486443,-0.47042608,0.8444078","-0.18235177,-0.43456945,0.6612909,-0.0054690577,0.010416822,0.5523375,-0.022865498,0.03339181,0.52215254",0.0
"-0.18235177,-0.43456945,0.6612909,-0.0054690577,0.010416822,0.5523375,-0.022865498,0.03339181,0.52215254","-0.4893322,-0.25362754,0.28796577","-0.22907946,-0.46944195,0.6922273,-0.017089074,0.02267694,0.5127676,-0.022865498,0.03339181,0.52215254",0.0
"0.0,0.0,0.0,2.8652207e-07,0.005789075,0.993462,0.1597076,0.378538,0.62924165","0.9549036,0.9098393,0.85365427","0.09118637,0.12509823,0.091708615,0.36821812,0.11450232,0.8965908,0.1597076,0.378538,0.62924165",0.0
"0.09118637,0.12509823,0.091708615,0.36821812,0.11450232,0.8965908,0.1597076,0.378538,0.62924165","0.9896841,0.3066529,0.7919302","0.18569402,0.16726142,0.17678618,0.45988035,0.31045932,0.7633817,0.1597076,0.378538,0.62924165",0.0
"0.18569402,0.16726142,0.17678618,0.45988035,0.31045932,0.7633817,0.1597076,0.378538,0.62924165","0.9537804,-0.54557574,0.91468143","0.27677312,0.092247576,0.275051,0.3253072,0.39418432,0.73961794,0.1597076,0.378538,0.62924165",0.0
"0.27677312,0.092247576,0.275051,0.3253072,0.39418432,0.73961794,0.1597076,0.378538,0.62924165","0.82728696,-0.42643082,0.8608091","0.35577303,0.033615533,0.3675283,0.20567906,0.435664,0.6867123,0.1597076,0.378538,0.62924165",0.0
"0.35577303,0.033615533,0.3675283,0.20567906,0.435664,0.6867123,0.1597076,0.378538,0.62924165","0.50533056,-0.5267999,0.7252655","0.40402842,-0.038816754,0.44544402,0.11813595,0.39937603,0.65612954,0.1597076,0.378538,0.62924165",0.0
"0.40402842,-0.038816754,0.44544402,0.11813595,0.39937603,0.65612954,0.1597076,0.378538,0.62924165","-0.26600552,-0.026845694,0.17754543","0.37862682,-0.042507906,0.4645179,0.1513116,0.39296478,0.63235366,0.1597076,0.378538,0.62924165",0.0
