state,action,next_state,reward
"0.0,0.0,0.0,2.8652207e-07,0.005789075,0.993462,0.27175438,-0.28666666,0.3476588","-0.7387482,0.9697304,0.8302989","-0.070545085,0.13333295,0.08919953,0.39032906,-0.082016684,0.89070797,0.27175438,-0.28666666,0.3476588",0.0
"-0.070545085,0.13333295,0.08919953,0.39032906,-0.082016684,0.89070797,0.27175438,-0.28666666,0.3476588","-0.9086207,-0.084965706,0.9906275","-0.15731177,0.1216506,0.19562328,0.43619162,-0.2284477,0.79985917,0.27175438,-0.28666666,0.3476588",0.0
"-0.15731177,0.1216506,0.19562328,0.43619162,-0.2284477,0.79985917,0.27175438,-0.28666666,0.3476588","-0.22051424,-0.41424775,0.97272336","-0.17836928,0.06469367,0.3001236,0.4135294,-0.25263783,0.74069935,0.27175438,-0.28666666,0.3476588",0.0
"-0.17836928,0.06469367,0.3001236,0.4135294,-0.25263783,0.74069935,0.27175438,-0.28666666,0.3476588","-0.2810266,-0.365147,0.93324494","-0.20520529,0.01448783,0.4003827,0.38069445,-0.27897546,0.66270536,0.27175438,-0.28666666,0.3476588",0.0
"-0.20520529,0.01448783,0.4003827,0.38069445,-0.27897546,0.66270536,0.27175438,-0.28666666,0.3476588","-0.27820408,-0.15483814,0.8828937","-0.23177175,-0.006801622,0.49523258,0.36394724,-0.3167255,0.5469509,0.27175438,-0.28666666,0.3476588",0.0
"-0.23177175,-0.006801622,0.49523258,0.36394724,-0.3167255,0.5469509,0.27175438,-0.28666666,0.3476588","0.0838114,-0.29905272,0.7611921","-0.22376837,-0.047919832,0.57700795,0.34507146,-0.2848297,0.46724653,0.27175438,-0.28666666,0.3476588",0.0
"-0.22376837,-0.047919832,0.57700795,0.34507146,-0.2848297,0.46724653,0.27175438,-0.28666666,0.3476588","-0.28199732,-0.21187806,0.69421613","-0.25069708,-0.07705198,0.6515881,0.29739442,-0.29049554,0.38166267,0.27175438,-0.28666666,0.3476588",0.0
"-0.25069708,-0.07705198,0.6515881,0.29739442,-0.29049554,0.38166267,0.27175438,-0.28666666,0.3476588","-0.18454635,-0.069405735,0.31651378","-0.2683199,-0.08659492,0.6855914,0.27123293,-0.29569808,0.33847737,0.27175438,-0.28666666,0.3476588",0.0
"0.0,0.0,0.0,2.8652207e-07,0.005789075,0.993462,0.13824561,-0.0057894737,0.19748566","0.1497612,0.9814769,-0.992178","0.014301121,0.13494805,-0.10659035,0.14139834,0.012151953,0.96968406,0.13824561,-0.0057894737,0.19748566",0.0
"0.014301121,0.13494805,-0.10659035,0.14139834,0.012151953,0.96968406,0.13824561,-0.0057894737,0.19748566","0.34274507,0.89020884,-0.96261513","0.0470308,0.25734723,-0.21000476,0.24706922,0.042625714,0.9084628,0.13824561,-0.0057894737,0.19748566",0.0
"0.0470308,0.25734723,-0.21000476,0.24706922,0.042625714,0.9084628,0.13824561,-0.0057894737,0.19748566","0.01683104,0.48301613,-0.9891756","0.048638046,0.32375953,-0.3162726,0.22923344,0.041159704,0.8525486,0.13824561,-0.0057894737,0.19748566",0.0
"0.048638046,0.32375953,-0.3162726,0.22923344,0.041159704,0.8525486,0.13824561,-0.0057894737,0.19748566","-0.448076,0.34521508,-0.90293163","0.0058500464,0.37122485,-0.41327518,0.18908869,0.009265703,0.7891703,0.13824561,-0.0057894737,0.19748566",0.0
"0.0058500464,0.37122485,-0.41327518,0.18908869,0.009265703,0.7891703,0.13824561,-0.0057894737,0.19748566","-0.16161299,0.53564334,-0.9519005","-0.009582818,0.4448731,-0.5155385,0.18191238,0.00031362532,0.69265825,0.13824561,-0.0057894737,0.19748566",0.0
"-0.009582818,0.4448731,-0.5155385,0.18191238,0.00031362532,0.69265825,0.13824561,-0.0057894737,0.19748566","-0.39533842,0.5023868,-0.816747","-0.04733476,0.51394874,-0.6032822,0.1769947,-0.02066225,0.59466124,0.13824561,-0.0057894737,0.19748566",0.0
"-0.04733476,0.51394874,-0.6032822,0.1769947,-0.02066225,0.59466124,0.13824561,-0.0057894737,0.19748566","-0.15446305,0.19032395,-0.9255486","-0.062084857,0.5401174,-0.7027145,0.102762215,-0.014400225,0.48912326,0.13824561,-0.0057894737,0.19748566",0.0
"-0.062084857,0.5401174,-0.7027145,0.102762215,-0.014400225,0.48912326,0.13824561,-0.0057894737,0.19748566","0.10453665,0.6522285,-0.8942266","-0.052102365,0.6297955,-0.7987819,0.10638337,-0.011702827,0.3561766,0.13824561,-0.0057894737,0.19748566",0.0
"-0.052102365,0.6297955,-0.7987819,0.10638337,-0.011702827,0.3561766,0.13824561,-0.0057894737,0.19748566","0.018837452,0.5406747,-0.51301974","-0.050303522,0.7041355,-0.85389596,0.118259795,-0.012983748,0.2707552,0.13824561,-0.0057894737,0.19748566",0.0
"-0.050303522,0.7041355,-0.85389596,0.118259795,-0.012983748,0.2707552,0.13824561,-0.0057894737,0.19748566","0.044058084,0.31672835,-0.2181375","-0.0460963,0.74768406,-0.87733066,0.12765364,-0.012766095,0.23052406,0.13824561,-0.0057894737,0.19748566",0.0
"-0.0460963,0.74768406,-0.87733066,0.12765364,-0.012766095,0.23052406,0.13824561,-0.0057894737,0.19748566","0.102938056,0.261806,-0.14680737","-0.03626646,0.7836811,-0.8931022,0.1360674,-0.009743107,0.2012127,0.13824561,-0.0057894737,0.19748566",0.0
"0.0,0.0,0.0,2.8652207e-07,0.005789075,0.993462,0.424386,-0.22309941,0.23488185","0.43119037,0.97653043,0.8838954","0.041175555,0.13426791,0.09495743,0.40335247,0.05830725,0.8850981,0.424386,-0.22309941,0.23488185",0.0
"0.041175555,0.13426791,0.09495743,0.40335247,0.05830725,0.8850981,0.424386,-0.22309941,0.23488185","-0.89185756,0.5325955,0.97670245","-0.043990362,0.20749706,0.1998852,0.6345138,-0.08240712,0.6756893,0.424386,-0.22309941,0.23488185",0.0
"-0.043990362,0.20749706,0.1998852,0.6345138,-0.08240712,0.6756893,0.424386,-0.22309941,0.23488185","-0.91655946,-0.45839834,0.923388","-0.13151513,0.14446966,0.29908538,0.56068873,-0.23948637,0.6353868,0.424386,-0.22309941,0.23488185",0.0
"-0.13151513,0.14446966,0.29908538,0.56068873,-0.23948637,0.6353868,0.424386,-0.22309941,0.23488185","-0.14238018,-0.35454476,0.9702784","-0.14511141,0.095721595,0.40332305,0.53107053,-0.25395215,0.5529905,0.424386,-0.22309941,0.23488185",0.0
"-0.14511141,0.095721595,0.40332305,0.53107053,-0.25395215,0.5529905,0.424386,-0.22309941,0.23488185","0.116702676,-0.28900075,0.96057725","-0.13396715,0.055985484,0.5065185,0.5134237,-0.22347464,0.4494717,0.424386,-0.22309941,0.23488185",0.0
"-0.13396715,0.055985484,0.5065185,0.5134237,-0.22347464,0.4494717,0.424386,-0.22309941,0.23488185","0.03669405,-0.22065532,0.80765676","-0.13046314,0.025646519,0.5932856,0.48163334,-0.20294221,0.35455585,0.424386,-0.22309941,0.23488185",0.0
"-0.13046314,0.025646519,0.5932856,0.48163334,-0.20294221,0.35455585,0.424386,-0.22309941,0.23488185","-0.0462479,-0.15244162,0.79479146","-0.13487948,0.00468659,0.6786706,0.43748677,-0.19098276,0.2508783,0.424386,-0.22309941,0.23488185",0.0
"-0.13487948,0.00468659,0.6786706,0.43748677,-0.19098276,0.2508783,0.424386,-0.22309941,0.23488185","-0.19150287,-0.006514132,0.1161474","-0.15316662,0.0037909378,0.6911484,0.41992998,-0.21272354,0.23362528,0.424386,-0.22309941,0.23488185",0.0
"0.0,0.0,0.0,2.8652207e-07,0.005789075,0.993462,0.0048538013,0.011345029,0.074771255","0.1071434,0.7680352,-0.9937167","0.010231431,0.1056009,-0.106755644,0.07879986,0.008325814,0.9775817,0.0048538013,0.011345029,0.074771255",0.0
"0.010231431,0.1056009,-0.106755644,0.07879986,0.008325814,0.9775817,0.0048538013,0.011345029,0.074771255","0.88384104,0.20932567,-0.9875393","0.09463185,0.13438213,-0.21284766,-0.0069503635,0.003925306,0.9447251,0.0048538013,0.011345029,0.074771255",0.0
"0.09463185,0.13438213,-0.21284766,-0.0069503635,0.003925306,0.9447251,0.0048538013,0.011345029,0.074771255","0.05221069,0.7453351,-0.986871","0.0996176,0.2368619,-0.3188679,0.0568885,0.024493355,0.8827481,0.0048538013,0.011345029,0.074771255",0.0
"0.0996176,0.2368619,-0.3188679,0.0568885,0.024493355,0.8827481,0.0048538013,0.011345029,0.074771255","0.5228982,0.654688,-0.97254324","0.1495506,0.3268782,-0.42334893,0.084151655,0.04922064,0.79845566,0.0048538013,0.011345029,0.074771255",0.0
"0.1495506,0.3268782,-0.42334893,0.084151655,0.04922064,0.79845566,0.0048538013,0.011345029,0.074771255","0.46706843,0.42736912,-0.9791705","0.19415225,0.38563928,-0.52854186,0.055732626,0.046011068,0.7003623,0.0048538013,0.011345029,0.074771255",0.0
"0.19415225,0.38563928,-0.52854186,0.055732626,0.046011068,0.7003623,0.0048538013,0.011345029,0.074771255","-0.2223829,0.5495317,-0.9737355","0.1729163,0.46119714,-0.63315094,0.058964826,0.04236771,0.5820761,0.0048538013,0.011345029,0.074771255",0.0
"0.1729163,0.46119714,-0.63315094,0.058964826,0.04236771,0.5820761,0.0048538013,0.011345029,0.074771255","0.33372855,0.20784533,-0.9634492","0.20478494,0.48977485,-0.736655,0.008972368,0.013962969,0.45535988,0.0048538013,0.011345029,0.074771255",0.0
"0.20478494,0.48977485,-0.736655,0.008972368,0.013962969,0.45535988,0.0048538013,0.011345029,0.074771255","0.32716215,0.43479955,-0.95135134","0.23602656,0.5495576,-0.8388594,5.219328e-05,0.007898094,0.31437448,0.0048538013,0.011345029,0.074771255",0.0
"0.23602656,0.5495576,-0.8388594,5.219328e-05,0.007898094,0.31437448,0.0048538013,0.011345029,0.074771255","0.13626444,0.5002332,-0.98913133","0.24903882,0.61833715,-0.9451224,-0.0029241568,0.0052561797,0.15833336,0.0048538013,0.011345029,0.074771255",0.0
"0.24903882,0.61833715,-0.9451224,-0.0029241568,0.0052561797,0.15833336,0.0048538013,0.011345029,0.074771255","-0.2072751,0.6883173,-0.70325315","0.22924554,0.7129773,-1.0,0.012505417,0.018674405,0.07362373,0.0048538013,0.011345029,0.074771255",0.0
"0.0,0.0,0.0,2.8652207e-07,0.005789075,0.993462,-0.17216375,0.099766076,0.15400933","-0.96976644,-0.8996519,-0.9742493","-0.09260567,-0.123697504,-0.10466422,-0.37987074,0.11978609,0.8874361,-0.17216375,0.099766076,0.15400933",0.0
"-0.09260567,-0.123697504,-0.10466422,-0.37987074,0.11978609,0.8874361,-0.17216375,0.099766076,0.15400933","-0.2444272,0.43921375,-0.99543035","-0.115946695,-0.06330787,-0.21160395,-0.3727355,0.14830919,0.84611696,-0.17216375,0.099766076,0.15400933",0.0
"-0.115946695,-0.06330787,-0.21160395,-0.3727355,0.14830919,0.84611696,-0.17216375,0.099766076,0.15400933","0.23499656,0.3995036,-0.9727776","-0.09350623,-0.008378174,-0.31611013,-0.3821573,0.12165503,0.78141093,-0.17216375,0.099766076,0.15400933",0.0
"-0.09350623,-0.008378174,-0.31611013,-0.3821573,0.12165503,0.78141093,-0.17216375,0.099766076,0.15400933","-0.5142657,0.4934777,-0.98025125","-0.14261487,0.059472483,-0.42141917,-0.33010107,0.1650823,0.7093982,-0.17216375,0.099766076,0.15400933",0.0
"-0.14261487,0.059472483,-0.42141917,-0.33010107,0.1650823,0.7093982,-0.17216375,0.099766076,0.15400933","0.12414312,0.21485162,-0.9375849","-0.1307601,0.08901348,-0.52214456,-0.3472305,0.1575604,0.5929791,-0.17216375,0.099766076,0.15400933",0.0
"-0.1307601,0.08901348,-0.52214456,-0.3472305,0.1575604,0.5929791,-0.17216375,0.099766076,0.15400933","0.1830951,0.28881955,-0.9795588","-0.11327583,0.1287247,-0.6273792,-0.3359376,0.13104151,0.46847412,-0.17216375,0.099766076,0.15400933",0.0
"-0.11327583,0.1287247,-0.6273792,-0.3359376,0.13104151,0.46847412,-0.17216375,0.099766076,0.15400933","-0.17092383,0.06554437,-0.9267575","-0.12959781,0.13773672,-0.72694135,-0.31674504,0.1428979,0.32140413,-0.17216375,0.099766076,0.15400933",0.0
"-0.12959781,0.13773672,-0.72694135,-0.31674504,0.1428979,0.32140413,-0.17216375,0.099766076,0.15400933","0.2781372,0.34246492,-0.96524113","-0.103037715,0.1848239,-0.8306379,-0.2603327,0.09344917,0.20086078,-0.17216375,0.099766076,0.15400933",0.0
"-0.103037715,0.1848239,-0.8306379,-0.2603327,0.09344917,0.20086078,-0.17216375,0.099766076,0.15400933","-0.0755564,0.2092396,-0.47826582","-0.1102528,0.21359327,-0.8820184,-0.21740708,0.08462146,0.14447409,-0.17216375,0.099766076,0.15400933",0.0
"-0.1102528,0.21359327,-0.8820184,-0.21740708,0.08462146,0.14447409,-0.17216375,0.099766076,0.15400933","-0.22617763,0.17535257,-0.103946805","-0.13185112,0.23770337,-0.8931855,-0.19415906,0.09168845,0.14169408,-0.17216375,0.099766076,0.15400933",0.0
"-0.13185112,0.23770337,-0.8931855,-0.19415906,0.09168845,0.14169408,-0.17216375,0.099766076,0.15400933","-0.13191551,0.12123871,-0.00515604","-0.14444807,0.25437307,-0.8937395,-0.18241,0.09541138,0.14944169,-0.17216375,0.099766076,0.15400933",0.0
"0.0,0.0,0.0,2.8652207e-07,0.005789075,0.993462,-0.41789475,0.46245614,0.2042196","-0.61528444,-0.9938596,-0.9989655","-0.058755204,-0.13665058,-0.10731949,-0.41828457,0.08398721,0.8721322,-0.41789475,0.46245614,0.2042196",0.0
"-0.058755204,-0.13665058,-0.10731949,-0.41828457,0.08398721,0.8721322,-0.41789475,0.46245614,0.2042196","-0.92231476,-0.95979524,-0.98539495","-0.14682958,-0.2686175,-0.2131811,-0.65640235,0.33272538,0.55448526,-0.41789475,0.46245614,0.2042196",0.0
"-0.14682958,-0.2686175,-0.2131811,-0.65640235,0.33272538,0.55448526,-0.41789475,0.46245614,0.2042196","-0.8326089,-0.13516784,-0.96909565","-0.22633767,-0.28720242,-0.31729165,-0.59397876,0.5192808,0.36198148,-0.41789475,0.46245614,0.2042196",0.0
"-0.22633767,-0.28720242,-0.31729165,-0.59397876,0.5192808,0.36198148,-0.41789475,0.46245614,0.2042196","0.16219449,0.6386565,-0.94693536","-0.21084927,-0.19939044,-0.41902152,-0.55468345,0.43997487,0.36381128,-0.41789475,0.46245614,0.2042196",0.0
"-0.21084927,-0.19939044,-0.41902152,-0.55468345,0.43997487,0.36381128,-0.41789475,0.46245614,0.2042196","-0.13457239,0.31029332,-0.85884476","-0.22369996,-0.15672672,-0.5112878,-0.4967017,0.4283155,0.29202342,-0.41789475,0.46245614,0.2042196",0.0
"-0.22369996,-0.15672672,-0.5112878,-0.4967017,0.4283155,0.29202342,-0.41789475,0.46245614,0.2042196","-0.37229526,0.2572893,-0.533263","-0.25925145,-0.12135079,-0.56857663,-0.41413465,0.447373,0.25982252,-0.41789475,0.46245614,0.2042196",0.0
"-0.25925145,-0.12135079,-0.56857663,-0.41413465,0.447373,0.25982252,-0.41789475,0.46245614,0.2042196","-0.1400119,-0.16655338,-0.3016523","-0.27262157,-0.14425103,-0.6009834,-0.3946349,0.46396637,0.17829448,-0.41789475,0.46245614,0.2042196",0.0
"-0.27262157,-0.14425103,-0.6009834,-0.3946349,0.46396637,0.17829448,-0.41789475,0.46245614,0.2042196","0.11652148,-0.043239236,0.1299802","-0.2614946,-0.15019624,-0.58701956,-0.4182775,0.45813376,0.18937674,-0.41789475,0.46245614,0.2042196",0.0
"0.0,0.0,0.0,2.8652207e-07,0.005789075,0.993462,0.66426903,-0.10497076,0.037113562","0.02814579,0.9924443,0.35978937","0.002687726,0.13645598,0.038652387,0.3422175,0.008679025,0.92378885,0.66426903,-0.10497076,0.037113562",0.0
"0.002687726,0.13645598,0.038652387,0.3422175,0.008679025,0.92378885,0.66426903,-0.10497076,0.037113562","0.24600983,0.9681785,-0.9107892","0.026179885,0.26957557,-0.059194308,0.4772833,0.04515248,0.85138106,0.66426903,-0.10497076,0.037113562",0.0
"0.026179885,0.26957557,-0.059194308,0.4772833,0.04515248,0.85138106,0.66426903,-0.10497076,0.037113562","0.09344745,0.9986255,-0.9895083","0.035103444,0.40688148,-0.16549785,0.5855226,0.07065943,0.73981625,0.66426903,-0.10497076,0.037113562",0.0
"0.035103444,0.40688148,-0.16549785,0.5855226,0.07065943,0.73981625,0.66426903,-0.10497076,0.037113562","-0.59834087,0.9961289,-0.91941535","-0.022033766,0.5438441,-0.2642713,0.67378336,-0.04091174,0.59275806,0.66426903,-0.10497076,0.037113562",0.0
"-0.022033766,0.5438441,-0.2642713,0.67378336,-0.04091174,0.59275806,0.66426903,-0.10497076,0.037113562","-0.28626728,0.98558354,-0.87405866","-0.049370214,0.6793568,-0.35817197,0.71623826,-0.106129445,0.42614084,0.66426903,-0.10497076,0.037113562",0.0
"-0.049370214,0.6793568,-0.35817197,0.71623826,-0.106129445,0.42614084,0.66426903,-0.10497076,0.037113562","0.013733745,0.92038465,-0.92272764","-0.04805874,0.805905,-0.45730123,0.70970166,-0.10211721,0.27445537,0.66426903,-0.10497076,0.037113562",0.0
"-0.04805874,0.805905,-0.45730123,0.70970166,-0.10211721,0.27445537,0.66426903,-0.10497076,0.037113562","-0.07508522,0.9260497,-0.6470072","-0.055228833,0.9332321,-0.52680963,0.6996905,-0.11675665,0.106178306,0.66426903,-0.10497076,0.037113562",0.0
"-0.055228833,0.9332321,-0.52680963,0.6996905,-0.11675665,0.106178306,0.66426903,-0.10497076,0.037113562","-0.033665955,0.8261107,-0.5184254","-0.05844248,0.99998134,-0.5824907,0.6581335,-0.11632305,0.040082358,0.66426903,-0.10497076,0.037113562",0.0
"0.0,0.0,0.0,2.8652207e-07,0.005789075,0.993462,-0.19789475,-0.43672514,0.23488185","0.9890977,-0.98955786,-0.99956995","0.09445165,-0.13605912,-0.107384436,-0.408622,-0.11888487,0.87268996,-0.19789475,-0.43672514,0.23488185",0.0
"0.09445165,-0.13605912,-0.107384436,-0.408622,-0.11888487,0.87268996,-0.19789475,-0.43672514,0.23488185","0.9565494,0.19224429,-0.9911197","0.18579517,-0.109626524,-0.21386108,-0.41055396,-0.26421687,0.7933473,-0.19789475,-0.43672514,0.23488185",0.0
"0.18579517,-0.109626524,-0.21386108,-0.41055396,-0.26421687,0.7933473,-0.19789475,-0.43672514,0.23488185","0.7494813,0.09489155,-0.9876893","0.2573652,-0.096579425,-0.3199692,-0.38394022,-0.3937498,0.6736973,-0.19789475,-0.43672514,0.23488185",0.0
"0.2573652,-0.096579425,-0.3199692,-0.38394022,-0.3937498,0.6736973,-0.19789475,-0.43672514,0.23488185","0.010954857,0.35876894,-0.9965407","0.25841132,-0.047250547,-0.4270282,-0.37033504,-0.3820322,0.58345777,-0.19789475,-0.43672514,0.23488185",0.0
"0.25841132,-0.047250547,-0.4270282,-0.37033504,-0.3820322,0.58345777,-0.19789475,-0.43672514,0.23488185","0.585907,0.16363275,-0.995525","0.31436116,-0.024751887,-0.5339781,-0.29477957,-0.4362919,0.44801515,-0.19789475,-0.43672514,0.23488185",0.0
"0.31436116,-0.024751887,-0.5339781,-0.29477957,-0.4362919,0.44801515,-0.19789475,-0.43672514,0.23488185","-0.1781702,-0.1282444,-0.8495115","0.29734722,-0.04238484,-0.62524176,-0.31845194,-0.42098048,0.2842774,-0.19789475,-0.43672514,0.23488185",0.0
"0.29734722,-0.04238484,-0.62524176,-0.31845194,-0.42098048,0.2842774,-0.19789475,-0.43672514,0.23488185","0.20550644,0.2314074,-0.3799392","0.3169716,-0.010567523,-0.66605884,-0.26982385,-0.40572166,0.262625,-0.19789475,-0.43672514,0.23488185",0.0
"0.3169716,-0.010567523,-0.66605884,-0.26982385,-0.40572166,0.262625,-0.19789475,-0.43672514,0.23488185","0.24172032,-0.014921486,-0.1279459","0.34005412,-0.012619159,-0.6798042,-0.23740423,-0.41999215,0.23992743,-0.19789475,-0.43672514,0.23488185",0.0
"0.34005412,-0.012619159,-0.6798042,-0.23740423,-0.41999215,0.23992743,-0.19789475,-0.43672514,0.23488185","0.074404836,0.1158762,-0.13049686","0.34715927,0.0033132136,-0.6938236,-0.21968263,-0.40927222,0.23782517,-0.19789475,-0.43672514,0.23488185",0.0
"0.34715927,0.0033132136,-0.6938236,-0.21968263,-0.40927222,0.23782517,-0.19789475,-0.43672514,0.23488185","0.051526546,-0.19553971,0.012497783","0.3520797,-0.023572499,-0.692481,-0.22167344,-0.4292619,0.20868693,-0.19789475,-0.43672514,0.23488185",0.0
"0.3520797,-0.023572499,-0.692481,-0.22167344,-0.4292619,0.20868693,-0.19789475,-0.43672514,0.23488185","0.1646508,0.041585922,0.07690275","0.36780262,-0.017854657,-0.6842193,-0.20049353,-0.44033033,0.22732484,-0.19789475,-0.43672514,0.23488185",0.0
"0.0,0.0,0.0,2.8652207e-07,0.005789075,0.993462,0.17771931,-0.2825731,0.21768744","-0.72437495,0.9718038,-0.9763412","-0.06917254,0.13361803,-0.10488899,0.13927642,-0.024823522,0.97014964,0.17771931,-0.2825731,0.21768744",0.0
"-0.06917254,0.13361803,-0.10488899,0.13927642,-0.024823522,0.97014964,0.17771931,-0.2825731,0.21768744","-0.9381844,0.9001267,-0.98284274","-0.15876234,0.25738087,-0.21047646,0.22236627,-0.11453149,0.90842354,0.17771931,-0.2825731,0.21768744",0.0
"-0.15876234,0.25738087,-0.21047646,0.22236627,-0.11453149,0.90842354,0.17771931,-0.2825731,0.21768744","-0.84018004,0.84349036,-0.9833404","-0.23899344,0.37335652,-0.3161174,0.24188882,-0.21779601,0.8187753,0.17771931,-0.2825731,0.21768744",0.0
"-0.23899344,0.37335652,-0.3161174,0.24188882,-0.21779601,0.8187753,0.17771931,-0.2825731,0.21768744","-0.59345275,0.8545449,-0.95016587","-0.29566386,0.49085212,-0.41819438,0.23537815,-0.30519223,0.70316213,0.17771931,-0.2825731,0.21768744",0.0
"-0.29566386,0.49085212,-0.41819438,0.23537815,-0.30519223,0.70316213,0.17771931,-0.2825731,0.21768744","-0.10214299,0.804204,-0.9758719","-0.30541775,0.60142606,-0.52303296,0.23651692,-0.32738432,0.57612693,0.17771931,-0.2825731,0.21768744",0.0
"-0.30541775,0.60142606,-0.52303296,0.23651692,-0.32738432,0.57612693,0.17771931,-0.2825731,0.21768744","-0.43734902,0.90533185,-0.97971153","-0.3471814,0.7259046,-0.62828404,0.19413148,-0.3602739,0.42568865,0.17771931,-0.2825731,0.21768744",0.0
"-0.3471814,0.7259046,-0.62828404,0.19413148,-0.3602739,0.42568865,0.17771931,-0.2825731,0.21768744","0.050825953,0.90585375,-0.8952275","-0.3423279,0.85045487,-0.7244588,0.19090647,-0.341177,0.27797684,0.17771931,-0.2825731,0.21768744",0.0
"-0.3423279,0.85045487,-0.7244588,0.19090647,-0.341177,0.27797684,0.17771931,-0.2825731,0.21768744","0.049651265,0.4185481,-0.6237149","-0.33758655,0.90800315,-0.7914649,0.17091843,-0.2935388,0.20602673,0.17771931,-0.2825731,0.21768744",0.0
"0.0,0.0,0.0,2.8652207e-07,0.005789075,0.993462,-0.3708772,-0.39432746,0.35439274","0.88952875,-0.89957315,-0.9988171","0.08494353,-0.123686686,-0.107303545,-0.38867724,-0.10025453,0.88523775,-0.3708772,-0.39432746,0.35439274",0.0
"0.08494353,-0.123686686,-0.107303545,-0.38867724,-0.10025453,0.88523775,-0.3708772,-0.39432746,0.35439274","0.9212618,-0.45038927,-0.99021006","0.17291735,-0.1856129,-0.21368244,-0.5302215,-0.31340542,0.69101214,-0.3708772,-0.39432746,0.35439274",0.0
"0.17291735,-0.1856129,-0.21368244,-0.5302215,-0.31340542,0.69101214,-0.3708772,-0.39432746,0.35439274","0.3557992,0.62598586,-0.9842168","0.2068936,-0.09954307,-0.3194175,-0.44465917,-0.3307439,0.6704768,-0.3708772,-0.39432746,0.35439274",0.0
"0.2068936,-0.09954307,-0.3194175,-0.44465917,-0.3307439,0.6704768,-0.3708772,-0.39432746,0.35439274","0.21450424,0.3300712,-0.9671175","0.22737719,-0.054159988,-0.42331558,-0.41183752,-0.3494347,0.58000374,-0.3708772,-0.39432746,0.35439274",0.0
"0.22737719,-0.054159988,-0.42331558,-0.41183752,-0.3494347,0.58000374,-0.3708772,-0.39432746,0.35439274","0.045151114,-0.07011926,-0.84805536","0.2316888,-0.06380103,-0.5144227,-0.4283343,-0.37393197,0.4263773,-0.3708772,-0.39432746,0.35439274",0.0
"0.2316888,-0.06380103,-0.5144227,-0.4283343,-0.37393197,0.4263773,-0.3708772,-0.39432746,0.35439274","0.05249214,0.1445576,-0.40003097","0.23670141,-0.04392511,-0.5573983,-0.4055106,-0.36510324,0.38639528,-0.3708772,-0.39432746,0.35439274",0.0
"0.23670141,-0.04392511,-0.5573983,-0.4055106,-0.36510324,0.38639528,-0.3708772,-0.39432746,0.35439274","0.123438,-0.06781876,-0.01652962","0.24848886,-0.053249847,-0.5591742,-0.39797205,-0.3860638,0.37112433,-0.3708772,-0.39432746,0.35439274",0.0
"0.24848886,-0.053249847,-0.5591742,-0.39797205,-0.3860638,0.37112433,-0.3708772,-0.39432746,0.35439274","0.05750096,0.11276984,-0.15883851","0.25397977,-0.03774458,-0.57623833,-0.37909117,-0.38040102,0.36530098,-0.3708772,-0.39432746,0.35439274",0.0
"0.25397977,-0.03774458,-0.57623833,-0.37909117,-0.38040102,0.36530098,-0.3708772,-0.39432746,0.35439274","0.122535825,-0.00081288815,0.022839189","0.26568106,-0.037856355,-0.5737847,-0.3651949,-0.3944523,0.36895806,-0.3708772,-0.39432746,0.35439274",0.0
"0.0,0.0,0.0,2.8652207e-07,0.005789075,0.993462,-0.23035088,-0.24163742,0.21768744","0.8081293,-0.6187141,-0.990145","0.07717048,-0.08507001,-0.10637191,-0.3151986,-0.0719861,0.9201176,-0.23035088,-0.24163742,0.21768744",0.0
"0.07717048,-0.08507001,-0.10637191,-0.3151986,-0.0719861,0.9201176,-0.23035088,-0.24163742,0.21768744","0.5266881,0.5840864,-0.9787367","0.12746538,-0.004761121,-0.21151824,-0.2673699,-0.10689606,0.89546555,-0.23035088,-0.24163742,0.21768744",0.0
"0.12746538,-0.004761121,-0.21151824,-0.2673699,-0.10689606,0.89546555,-0.23035088,-0.24163742,0.21768744","0.39901733,0.40668023,-0.970358","0.16556863,0.051155332,-0.31576446,-0.25719845,-0.1406417,0.8322809,-0.23035088,-0.24163742,0.21768744",0.0
"0.16556863,0.051155332,-0.31576446,-0.25719845,-0.1406417,0.8322809,-0.23035088,-0.24163742,0.21768744","0.039291143,0.41847575,-0.97929734","0.16932066,0.108693615,-0.42097107,-0.25046203,-0.14068508,0.74941844,-0.23035088,-0.24163742,0.21768744",0.0
"0.16932066,0.108693615,-0.42097107,-0.25046203,-0.14068508,0.74941844,-0.23035088,-0.24163742,0.21768744","0.32788825,0.5187595,-0.94683087","0.20063162,0.18002039,-0.52268976,-0.20431757,-0.14189996,0.66234607,-0.23035088,-0.24163742,0.21768744",0.0
"0.20063162,0.18002039,-0.52268976,-0.20431757,-0.14189996,0.66234607,-0.23035088,-0.24163742,0.21768744","0.34685886,-0.6284547,-0.9618764","0.23375413,0.09361112,-0.6260248,-0.30047795,-0.26347297,0.43801636,-0.23035088,-0.24163742,0.21768744",0.0
"0.23375413,0.09361112,-0.6260248,-0.30047795,-0.26347297,0.43801636,-0.23035088,-0.24163742,0.21768744","-0.28186125,-0.0019988418,-0.8466686","0.20683841,0.0933363,-0.716983,-0.31175315,-0.22962828,0.2968658,-0.23035088,-0.24163742,0.21768744",0.0
"0.20683841,0.0933363,-0.716983,-0.31175315,-0.22962828,0.2968658,-0.23035088,-0.24163742,0.21768744","0.04116726,0.20877254,-0.68624616","0.21076961,0.12204145,-0.79070693,-0.26851583,-0.20198382,0.21236819,-0.23035088,-0.24163742,0.21768744",0.0
"0.21076961,0.12204145,-0.79070693,-0.26851583,-0.20198382,0.21236819,-0.23035088,-0.24163742,0.21768744","0.24223566,0.016742349,-0.016099155","0.23390135,0.12434343,-0.7924365,-0.25139225,-0.21936601,0.21173191,-0.23035088,-0.24163742,0.21768744",0.0
"0.23390135,0.12434343,-0.7924365,-0.25139225,-0.21936601,0.21173191,-0.23035088,-0.24163742,0.21768744","0.043991446,-0.036435843,-0.015909612","0.23810221,0.11933369,-0.79414576,-0.25016809,-0.2242352,0.20516194,-0.23035088,-0.24163742,0.21768744",0.0
"0.23810221,0.11933369,-0.79414576,-0.25016809,-0.2242352,0.20516194,-0.23035088,-0.24163742,0.21768744","0.06693745,0.04096353,0.06516969","0.24449424,0.124965966,-0.78714466,-0.24554804,-0.22914858,0.219963,-0.23035088,-0.24163742,0.21768744",0.0
"0.24449424,0.124965966,-0.78714466,-0.24554804,-0.22914858,0.219963,-0.23035088,-0.24163742,0.21768744","0.07538235,-0.036479533,-0.021908104","0.2516927,0.11995021,-0.7894984,-0.24178255,-0.23613748,0.21240732,-0.23035088,-0.24163742,0.21768744",0.0
"0.0,0.0,0.0,2.8652207e-07,0.005789075,0.993462,0.07807018,-0.0071345028,-0.29016843","-0.8427919,-0.7763842,-0.9810839","-0.080480516,-0.10674883,-0.10539846,-0.35255933,0.09706891,0.90263486,0.07807018,-0.0071345028,-0.29016843",0.0
"-0.080480516,-0.10674883,-0.10539846,-0.35255933,0.09706891,0.90263486,0.07807018,-0.0071345028,-0.29016843","-0.95892227,-0.79784405,-0.9845283","-0.17205064,-0.21644829,-0.21116698,-0.5641751,0.3453292,0.6463279,0.07807018,-0.0071345028,-0.29016843",0.0
"-0.17205064,-0.21644829,-0.21116698,-0.5641751,0.3453292,0.6463279,0.07807018,-0.0071345028,-0.29016843","-0.94925976,-0.79223484,-0.72642875","-0.26269805,-0.32537654,-0.28920767,-0.55291873,0.6074277,0.33076066,0.07807018,-0.0071345028,-0.29016843",0.0
"-0.26269805,-0.32537654,-0.28920767,-0.55291873,0.6074277,0.33076066,0.07807018,-0.0071345028,-0.29016843","-0.9995469,-0.95913625,-0.96012783","-0.35814753,-0.4572529,-0.39235482,-0.36049768,0.7681018,-0.097374044,0.07807018,-0.0071345028,-0.29016843",0.0
"-0.35814753,-0.4572529,-0.39235482,-0.36049768,0.7681018,-0.097374044,0.07807018,-0.0071345028,-0.29016843","-0.39042222,-0.66314733,-0.996998","-0.39543003,-0.5484323,-0.4994629,-0.22726926,0.6846881,-0.3925251,0.07807018,-0.0071345028,-0.29016843",0.0
"-0.39543003,-0.5484323,-0.4994629,-0.22726926,0.6846881,-0.3925251,0.07807018,-0.0071345028,-0.29016843","-0.9932458,0.121165514,-0.9686729","-0.4902778,-0.53177273,-0.60352796,-0.012501325,0.5988238,-0.43216655,0.07807018,-0.0071345028,-0.29016843",0.0
"-0.4902778,-0.53177273,-0.60352796,-0.012501325,0.5988238,-0.43216655,0.07807018,-0.0071345028,-0.29016843","-0.9597459,-0.26522458,-0.9972021","-0.5819266,-0.56823975,-0.71065795,0.11403853,0.41049528,-0.4955169,0.07807018,-0.0071345028,-0.29016843",0.0
"-0.5819266,-0.56823975,-0.71065795,0.11403853,0.41049528,-0.4955169,0.07807018,-0.0071345028,-0.29016843","-0.9595974,-0.5379604,-0.96739906","-0.67356116,-0.6422066,-0.8145863,0.12549089,0.19571032,-0.505789,0.07807018,-0.0071345028,-0.29016843",0.0
"-0.67356116,-0.6422066,-0.8145863,0.12549089,0.19571032,-0.505789,0.07807018,-0.0071345028,-0.29016843","-0.9832593,0.4443283,-0.96530133","-0.76745534,-0.5811138,-0.9182892,0.11792064,0.09787384,-0.38406995,0.07807018,-0.0071345028,-0.29016843",0.0
"-0.76745534,-0.5811138,-0.9182892,0.11792064,0.09787384,-0.38406995,0.07807018,-0.0071345028,-0.29016843","-0.76279026,0.005349636,-0.9274992","-0.84029627,-0.5803783,-1.0,0.06807006,0.030735405,-0.29221818,0.07807018,-0.0071345028,-0.29016843",0.0
"-0.84029627,-0.5803783,-1.0,0.06807006,0.030735405,-0.29221818,0.07807018,-0.0071345028,-0.29016843","-0.9413688,0.44326603,-0.79228896","-0.93019015,-0.51943153,-1.0,0.093468264,0.014901649,-0.27964234,0.07807018,-0.0071345028,-0.29016843",0.0
"-0.93019015,-0.51943153,-1.0,0.093468264,0.014901649,-0.27964234,0.07807018,-0.0071345028,-0.29016843","-0.9500302,0.30224347,-0.68772817","-0.99999994,-0.47787464,-1.0,0.10717844,-0.005790332,-0.2694148,0.07807018,-0.0071345028,-0.29016843",0.0
"-0.99999994,-0.47787464,-1.0,0.10717844,-0.005790332,-0.2694148,0.07807018,-0.0071345028,-0.29016843","-0.7755932,0.06238699,-0.6689658","-0.99999994,-0.46929678,-1.0,0.109695084,-0.0057903673,-0.26714578,0.07807018,-0.0071345028,-0.29016843",0.0
"-0.99999994,-0.46929678,-1.0,0.109695084,-0.0057903673,-0.26714578,0.07807018,-0.0071345028,-0.29016843","-0.8550208,-0.22445816,-0.6276444","-0.99999994,-0.50015867,-1.0,0.10046759,-0.0057902355,-0.27505943,0.07807018,-0.0071345028,-0.29016843",0.0
"-0.99999994,-0.50015867,-1.0,0.10046759,-0.0057902355,-0.27505943,0.07807018,-0.0071345028,-0.29016843","-0.7347395,0.2684307,-0.39587057","-0.99999994,-0.46325088,-1.0,0.11144579,-0.00579035,-0.26551518,0.07807018,-0.0071345028,-0.29016843",0.0
"-0.99999994,-0.46325088,-1.0,0.11144579,-0.00579035,-0.26551518,0.07807018,-0.0071345028,-0.29016843","-0.80730677,-0.13125515,-0.6122489","-0.99999994,-0.48129782,-1.0,0.10616365,-0.005790222,-0.27030557,0.07807018,-0.0071345028,-0.29016843",0.0
"-0.99999994,-0.48129782,-1.0,0.10616365,-0.005790222,-0.27030557,0.07807018,-0.0071345028,-0.29016843","-0.8985843,-0.3075062,-0.61569834","-0.99999994,-0.5235784,-1.0,0.09315902,-0.0057902364,-0.28059137,0.07807018,-0.0071345028,-0.29016843",0.0
"0.0,0.0,0.0,2.8652207e-07,0.005789075,0.993462,0.016783627,-0.023859648,0.07248303","-0.9702286,0.8642924,-0.9940914","-0.09264978,0.11883578,-0.10679591,0.104382984,-0.025227396,0.97457165,0.016783627,-0.023859648,0.07248303",0.0
"-0.09264978,0.11883578,-0.10679591,0.104382984,-0.025227396,0.97457165,0.016783627,-0.023859648,0.07248303","-0.9807859,0.68446517,-0.986252","-0.1863077,0.21294625,-0.21274963,0.13395426,-0.08183636,0.93021786,0.016783627,-0.023859648,0.07248303",0.0
"-0.1863077,0.21294625,-0.21274963,0.13395426,-0.08183636,0.93021786,0.016783627,-0.023859648,0.07248303","-0.6325449,0.60467887,-0.9837955","-0.24671115,0.29608652,-0.31843948,0.13055296,-0.11977898,0.8656822,0.016783627,-0.023859648,0.07248303",0.0
"-0.24671115,0.29608652,-0.31843948,0.13055296,-0.11977898,0.8656822,0.016783627,-0.023859648,0.07248303","-0.14247763,0.48761058,-0.9941819","-0.26031673,0.3631305,-0.42524514,0.11318301,-0.112302676,0.78586113,0.016783627,-0.023859648,0.07248303",0.0
"-0.26031673,0.3631305,-0.42524514,0.11318301,-0.112302676,0.78586113,0.016783627,-0.023859648,0.07248303","-0.8705458,0.63782215,-0.99013895","-0.3434475,0.45082784,-0.53161645,0.08599607,-0.14826198,0.6783956,0.016783627,-0.023859648,0.07248303",0.0
"-0.3434475,0.45082784,-0.53161645,0.08599607,-0.14826198,0.6783956,0.016783627,-0.023859648,0.07248303","-0.38947427,0.38625383,-0.98173356","-0.3806395,0.5039358,-0.6370847,0.051563427,-0.11519685,0.56766766,0.016783627,-0.023859648,0.07248303",0.0
"-0.3806395,0.5039358,-0.6370847,0.051563427,-0.11519685,0.56766766,0.016783627,-0.023859648,0.07248303","0.081447005,0.26840603,-0.95975065","-0.3728619,0.54084027,-0.7401914,0.032298867,-0.061631624,0.44560972,0.016783627,-0.023859648,0.07248303",0.0
"-0.3728619,0.54084027,-0.7401914,0.032298867,-0.061631624,0.44560972,0.016783627,-0.023859648,0.07248303","0.37181032,0.45963037,-0.9887031","-0.33735672,0.60403717,-0.8464084,0.027454145,-0.037132643,0.3004784,0.016783627,-0.023859648,0.07248303",0.0
"-0.33735672,0.60403717,-0.8464084,0.027454145,-0.037132643,0.3004784,0.016783627,-0.023859648,0.07248303","0.07993257,0.09156346,-0.9912824","-0.32972372,0.61662674,-0.95290256,0.0038859157,0.004798814,0.1466212,0.016783627,-0.023859648,0.07248303",0.0
"-0.32972372,0.61662674,-0.95290256,0.0038859157,0.004798814,0.1466212,0.016783627,-0.023859648,0.07248303","-0.48072731,0.6480689,-0.7973428","-0.3756297,0.70573294,-1.0,0.012591281,-0.015367929,0.07398348,0.016783627,-0.023859648,0.07248303",0.0
"0.0,0.0,0.0,2.8652207e-07,0.005789075,0.993462,-0.39497077,-0.0057894737,0.3476588","-0.38080794,-0.8749511,-0.9983518","-0.0363644,-0.12030128,-0.10725356,-0.39142653,0.050740063,0.8885663,-0.39497077,-0.0057894737,0.3476588",0.0
"-0.0363644,-0.12030128,-0.10725356,-0.39142653,0.050740063,0.8885663,-0.39497077,-0.0057894737,0.3476588","-0.16238391,0.76989067,-0.9931393","-0.051870886,-0.014445269,-0.21394716,-0.30468327,0.0559616,0.88621926,-0.39497077,-0.0057894737,0.3476588",0.0
"-0.051870886,-0.014445269,-0.21394716,-0.30468327,0.0559616,0.88621926,-0.39497077,-0.0057894737,0.3476588","0.12754571,-0.04246682,-0.9671215","-0.039691195,-0.020284228,-0.31784567,-0.41921687,0.058380593,0.7672917,-0.39497077,-0.0057894737,0.3476588",0.0
"-0.039691195,-0.020284228,-0.31784567,-0.41921687,0.058380593,0.7672917,-0.39497077,-0.0057894737,0.3476588","0.19986224,0.643095,-0.9759488","-0.020605797,0.06813804,-0.42269248,-0.35477054,0.028799618,0.71534646,-0.39497077,-0.0057894737,0.3476588",0.0
"-0.020605797,0.06813804,-0.42269248,-0.35477054,0.028799618,0.71534646,-0.39497077,-0.0057894737,0.3476588","0.00545907,-0.20762163,-0.9640296","-0.020084495,0.039591145,-0.5262588,-0.44733554,0.034064066,0.536673,-0.39497077,-0.0057894737,0.3476588",0.0
"-0.020084495,0.039591145,-0.5262588,-0.44733554,0.034064066,0.536673,-0.39497077,-0.0057894737,0.3476588","0.2582811,0.28528047,-0.9303917","0.0045794807,0.07881574,-0.6262114,-0.41547114,-0.00018783305,0.42301682,-0.39497077,-0.0057894737,0.3476588",0.0
"0.0045794807,0.07881574,-0.6262114,-0.41547114,-0.00018783305,0.42301682,-0.39497077,-0.0057894737,0.3476588","0.035609126,0.25362873,-0.47167945","0.007979899,0.113688394,-0.67688423,-0.3774298,-0.0036728089,0.3777236,-0.39497077,-0.0057894737,0.3476588",0.0
"0.007979899,0.113688394,-0.67688423,-0.3774298,-0.0036728089,0.3777236,-0.39497077,-0.0057894737,0.3476588","-0.010876536,0.0230937,-0.038716435","0.0069412724,0.116863675,-0.6810436,-0.3739522,-0.0023652096,0.37415838,-0.39497077,-0.0057894737,0.3476588",0.0
"0.0069412724,0.116863675,-0.6810436,-0.3739522,-0.0023652096,0.37415838,-0.39497077,-0.0057894737,0.3476588","-0.017791033,-0.13619965,-0.081428826","0.0052423617,0.09813693,-0.6897916,-0.39005408,-0.00063450844,0.3431306,-0.39497077,-0.0057894737,0.3476588",0.0
"0.0,0.0,0.0,2.8652207e-07,0.005789075,0.993462,-0.46690062,-0.49865496,0.31340078","0.6825751,0.3960824,-0.9980586","0.06518098,0.054459307,-0.107222095,-0.0317516,-0.00068168127,0.98047596,-0.46690062,-0.49865496,0.31340078",0.0
"0.06518098,0.054459307,-0.107222095,-0.0317516,-0.00068168127,0.98047596,-0.46690062,-0.49865496,0.31340078","0.4992981,-0.7533327,-0.9715077","0.11286032,-0.049120042,-0.21159181,-0.35295275,-0.12449242,0.8595467,-0.46690062,-0.49865496,0.31340078",0.0
"0.11286032,-0.049120042,-0.21159181,-0.35295275,-0.12449242,0.8595467,-0.46690062,-0.49865496,0.31340078","0.80790424,-0.95376784,-0.9932559","0.19000931,-0.18025821,-0.31829795,-0.5563077,-0.37109146,0.5514161,-0.46690062,-0.49865496,0.31340078",0.0
"0.19000931,-0.18025821,-0.31829795,-0.5563077,-0.37109146,0.5514161,-0.46690062,-0.49865496,0.31340078","0.52764463,-0.23689687,-0.7761618","0.24039553,-0.21283032,-0.4016815,-0.52912515,-0.49017096,0.36744103,-0.46690062,-0.49865496,0.31340078",0.0
"0.24039553,-0.21283032,-0.4016815,-0.52912515,-0.49017096,0.36744103,-0.46690062,-0.49865496,0.31340078","0.02983296,0.3011794,-0.55448306","0.24324436,-0.17141972,-0.46125,-0.49382368,-0.46527767,0.3453436,-0.46690062,-0.49865496,0.31340078",0.0
"0.24324436,-0.17141972,-0.46125,-0.49382368,-0.46527767,0.3453436,-0.46690062,-0.49865496,0.31340078","0.3051319,-0.18243253,-0.039301097","0.27238223,-0.19650327,-0.46547216,-0.46283737,-0.5241473,0.29664385,-0.46690062,-0.49865496,0.31340078",0.0
"0.27238223,-0.19650327,-0.46547216,-0.46283737,-0.5241473,0.29664385,-0.46690062,-0.49865496,0.31340078","-0.13757801,0.0890547,0.04567814","0.25924453,-0.18425871,-0.46056497,-0.47768328,-0.49783355,0.32497814,-0.46690062,-0.49865496,0.31340078",0.0
"0.0,0.0,0.0,2.8652207e-07,0.005789075,0.993462,0.078596495,-0.03596491,0.049404614","-0.949607,0.98950243,-0.99854994","-0.09068057,0.13605152,-0.10727489,0.1390433,-0.03468621,0.9692975,0.078596495,-0.03596491,0.049404614",0.0
"-0.09068057,0.13605152,-0.10727489,0.1390433,-0.03468621,0.9692975,0.078596495,-0.03596491,0.049404614","-0.7533462,0.9004679,-0.98862505","-0.16261967,0.25986126,-0.21348356,0.2216312,-0.11759273,0.9067785,0.078596495,-0.03596491,0.049404614",0.0
"-0.16261967,0.25986126,-0.21348356,0.2216312,-0.11759273,0.9067785,0.078596495,-0.03596491,0.049404614","-0.19521904,0.18431199,-0.99316686","-0.18126167,0.28520328,-0.32018018,0.13264789,-0.07804658,0.8693823,0.078596495,-0.03596491,0.049404614",0.0
"-0.18126167,0.28520328,-0.32018018,0.13264789,-0.07804658,0.8693823,0.078596495,-0.03596491,0.049404614","-0.10640252,0.78216124,-0.98062783","-0.19142234,0.39274645,-0.42552975,0.1771216,-0.114511654,0.7723276,0.078596495,-0.03596491,0.049404614",0.0
"-0.19142234,0.39274645,-0.42552975,0.1771216,-0.114511654,0.7723276,0.078596495,-0.03596491,0.049404614","0.34987164,0.7685909,-0.98743856","-0.15801214,0.49842378,-0.5316109,0.21750452,-0.11122758,0.6542562,0.078596495,-0.03596491,0.049404614",0.0
"-0.15801214,0.49842378,-0.5316109,0.21750452,-0.11122758,0.6542562,0.078596495,-0.03596491,0.049404614","-0.677788,0.5300696,-0.9955263","-0.22273597,0.5713057,-0.638561,0.16649833,-0.13260001,0.5384553,0.078596495,-0.03596491,0.049404614",0.0
"-0.22273597,0.5713057,-0.638561,0.16649833,-0.13260001,0.5384553,0.078596495,-0.03596491,0.049404614","0.49848473,0.75181055,-0.97934604","-0.17513429,0.67467576,-0.7437728,0.17982018,-0.103507034,0.3962781,0.078596495,-0.03596491,0.049404614",0.0
"-0.17513429,0.67467576,-0.7437728,0.17982018,-0.103507034,0.3962781,0.078596495,-0.03596491,0.049404614","0.004685402,0.6453326,-0.99164164","-0.17468688,0.76340574,-0.8503055,0.14504157,-0.08189992,0.25404635,0.078596495,-0.03596491,0.049404614",0.0
"-0.17468688,0.76340574,-0.8503055,0.14504157,-0.08189992,0.25404635,0.078596495,-0.03596491,0.049404614","0.27129722,0.84160733,-0.99286836","-0.14877996,0.8791225,-0.95697,0.11178382,-0.04993315,0.10137909,0.078596495,-0.03596491,0.049404614",0.0
"-0.14877996,0.8791225,-0.95697,0.11178382,-0.04993315,0.10137909,0.078596495,-0.03596491,0.049404614","-0.5459686,0.48460937,-0.79941833","-0.20091599,0.94575393,-1.0,0.086021304,-0.055706233,0.037632342,0.078596495,-0.03596491,0.049404614",0.0
"-0.20091599,0.94575393,-1.0,0.086021304,-0.055706233,0.037632342,0.078596495,-0.03596491,0.049404614","-0.12042189,-0.37784874,-0.208637","-0.21241541,0.8938017,-1.0,0.071071886,-0.048627477,0.049572654,0.078596495,-0.03596491,0.049404614",0.0
"0.0,0.0,0.0,2.8652207e-07,0.005789075,0.993462,-0.064502925,-0.05754386,0.049404614","-0.8559776,0.94633675,-0.9886561","-0.08173964,0.13011646,-0.10621199,0.1292055,-0.027942723,0.9713026,-0.064502925,-0.05754386,0.049404614",0.0
"-0.08173964,0.13011646,-0.10621199,0.1292055,-0.027942723,0.9713026,-0.064502925,-0.05754386,0.049404614","-0.9629611,0.7758775,-0.9887564","-0.17369542,0.23679566,-0.21243477,0.17896846,-0.10189301,0.91971517,-0.064502925,-0.05754386,0.049404614",0.0
"-0.17369542,0.23679566,-0.21243477,0.17896846,-0.10189301,0.91971517,-0.064502925,-0.05754386,0.049404614","-0.9474381,0.7769809,-0.9733734","-0.2641689,0.3436266,-0.31700498,0.18597537,-0.1947386,0.84020406,-0.064502925,-0.05754386,0.049404614",0.0
"-0.2641689,0.3436266,-0.31700498,0.18597537,-0.1947386,0.84020406,-0.064502925,-0.05754386,0.049404614","-0.99387485,0.20833802,-0.9783332","-0.3590767,0.37227204,-0.422108,0.08213467,-0.1597262,0.78390336,-0.064502925,-0.05754386,0.049404614",0.0
"-0.3590767,0.37227204,-0.422108,0.08213467,-0.1597262,0.78390336,-0.064502925,-0.05754386,0.049404614","-0.9934232,0.77111185,-0.99249053","-0.4539414,0.47829598,-0.52873194,0.037062284,-0.21420158,0.6674004,-0.064502925,-0.05754386,0.049404614",0.0
"-0.4539414,0.47829598,-0.52873194,0.037062284,-0.21420158,0.6674004,-0.064502925,-0.05754386,0.049404614","-0.9832871,0.92287374,-0.97418976","-0.54783815,0.6051864,-0.6333898,-0.03351013,-0.25995114,0.5226453,-0.064502925,-0.05754386,0.049404614",0.0
"-0.54783815,0.6051864,-0.6333898,-0.03351013,-0.25995114,0.5226453,-0.064502925,-0.05754386,0.049404614","-0.9852564,0.80059636,-0.99521005","-0.64192295,0.7152644,-0.74030596,-0.103230745,-0.22940242,0.3764043,-0.064502925,-0.05754386,0.049404614",0.0
"-0.64192295,0.7152644,-0.74030596,-0.103230745,-0.22940242,0.3764043,-0.064502925,-0.05754386,0.049404614","-0.6958419,0.74102426,-0.9869877","-0.70837086,0.8171515,-0.8463386,-0.12258,-0.16921714,0.23314172,-0.064502925,-0.05754386,0.049404614",0.0
"-0.70837086,0.8171515,-0.8463386,-0.12258,-0.16921714,0.23314172,-0.064502925,-0.05754386,0.049404614","-0.60180485,0.18575323,-0.95918244","-0.76583886,0.8426916,-0.9493842,-0.08028593,-0.08047666,0.1202249,-0.064502925,-0.05754386,0.049404614",0.0
"-0.76583886,0.8426916,-0.9493842,-0.08028593,-0.08047666,0.1202249,-0.064502925,-0.05754386,0.049404614","-0.34428924,0.3668046,-0.74279785","-0.79871595,0.8931254,-1.0,-0.06570676,-0.055321608,0.04971419,-0.064502925,-0.05754386,0.049404614",0.0
"0.0,0.0,0.0,2.8652207e-07,0.005789075,0.993462,0.026432749,-0.2491228,0.09418851","-0.7628528,0.96442604,-0.97473097","-0.07284689,0.13260363,-0.104716,0.1371175,-0.025995513,0.97049755,0.026432749,-0.2491228,0.09418851",0.0
"-0.07284689,0.13260363,-0.104716,0.1371175,-0.025995513,0.97049755,0.026432749,-0.2491228,0.09418851","-0.7882957,0.68128943,-0.99125624","-0.1481234,0.22627746,-0.21120733,0.16900927,-0.07838535,0.9249104,0.026432749,-0.2491228,0.09418851",0.0
"-0.1481234,0.22627746,-0.21120733,0.16900927,-0.07838535,0.9249104,0.026432749,-0.2491228,0.09418851","-0.548916,0.7489517,-0.99057144","-0.20054089,0.3292545,-0.3176251,0.19843067,-0.13751984,0.84900796,0.026432749,-0.2491228,0.09418851",0.0
"-0.20054089,0.3292545,-0.3176251,0.19843067,-0.13751984,0.84900796,0.026432749,-0.2491228,0.09418851","-0.82614124,0.08397126,-0.98905945","-0.27943137,0.34080017,-0.4238805,0.082066156,-0.08977852,0.79437554,0.026432749,-0.2491228,0.09418851",0.0
"-0.27943137,0.34080017,-0.4238805,0.082066156,-0.08977852,0.79437554,0.026432749,-0.2491228,0.09418851","-0.811229,0.94956374,-0.98624295","-0.35689786,0.47136033,-0.52983326,0.09441791,-0.18235482,0.6702397,0.026432749,-0.2491228,0.09418851",0.0
"-0.35689786,0.47136033,-0.52983326,0.09441791,-0.18235482,0.6702397,0.026432749,-0.2491228,0.09418851","-0.5667337,0.8512958,-0.992034","-0.41101682,0.5884092,-0.63640815,0.07100476,-0.226367,0.5307237,0.026432749,-0.2491228,0.09418851",0.0
"-0.41101682,0.5884092,-0.63640815,0.07100476,-0.226367,0.5307237,0.026432749,-0.2491228,0.09418851","-0.42387718,0.8754103,-0.966694","-0.45149404,0.7087736,-0.7402608,0.04295113,-0.24153896,0.38037166,0.026432749,-0.2491228,0.09418851",0.0
"-0.45149404,0.7087736,-0.7402608,0.04295113,-0.24153896,0.38037166,0.026432749,-0.2491228,0.09418851","-0.19237673,0.85270524,-0.9442238","-0.4698646,0.82601625,-0.84169936,0.026598712,-0.21887778,0.23237377,0.026432749,-0.2491228,0.09418851",0.0
"-0.4698646,0.82601625,-0.84169936,0.026598712,-0.21887778,0.23237377,0.026432749,-0.2491228,0.09418851","0.04847133,0.85181093,-0.5304931","-0.46523595,0.943136,-0.8986906,0.029561266,-0.21648534,0.12639369,0.026432749,-0.2491228,0.09418851",0.0
"-0.46523595,0.943136,-0.8986906,0.029561266,-0.21648534,0.12639369,0.026432749,-0.2491228,0.09418851","-0.21134782,0.57806396,0.011162996","-0.48541674,0.99998033,-0.8974909,0.017020203,-0.24484701,0.09490938,0.026432749,-0.2491228,0.09418851",0.0
"0.0,0.0,0.0,2.8652207e-07,0.005789075,0.993462,0.002748538,0.0054385965,-0.31108937","0.74249184,-0.9887906,-0.9766708","0.07090258,-0.13595362,-0.10492436,-0.4133145,-0.087682284,0.8749457,0.002748538,0.0054385965,-0.31108937",0.0
"0.07090258,-0.13595362,-0.10492436,-0.4133145,-0.087682284,0.8749457,0.002748538,0.0054385965,-0.31108937","-0.7976628,-0.9778949,-0.9783079","-0.0052684345,-0.27040917,-0.21002457,-0.7363656,0.017978737,0.5558215,0.002748538,0.0054385965,-0.31108937",0.0
"-0.0052684345,-0.27040917,-0.21002457,-0.7363656,0.017978737,0.5558215,0.002748538,0.0054385965,-0.31108937","-0.18057466,-0.9182987,-0.98769736","-0.022512008,-0.39667055,-0.31613353,-0.8658194,0.06714,0.1414662,0.002748538,0.0054385965,-0.31108937",0.0
"-0.022512008,-0.39667055,-0.31613353,-0.8658194,0.06714,0.1414662,0.002748538,0.0054385965,-0.31108937","0.3109237,-0.5911832,-0.9133187","0.007178948,-0.47795522,-0.41425192,-0.8311406,-0.012957191,-0.16846631,0.002748538,0.0054385965,-0.31108937",0.0
"0.007178948,-0.47795522,-0.41425192,-0.8311406,-0.012957191,-0.16846631,0.002748538,0.0054385965,-0.31108937","-0.8749695,-0.93787915,-0.99642074","-0.07637429,-0.6069088,-0.521298,-0.6359443,0.16154422,-0.5059389,0.002748538,0.0054385965,-0.31108937",0.0
"-0.07637429,-0.6069088,-0.521298,-0.6359443,0.16154422,-0.5059389,0.002748538,0.0054385965,-0.31108937","0.57494783,-0.42518187,-0.98945254","-0.021470943,-0.66536915,-0.6275954,-0.45787328,0.036734596,-0.6102436,0.002748538,0.0054385965,-0.31108937",0.0
"-0.021470943,-0.66536915,-0.6275954,-0.45787328,0.036734596,-0.6102436,0.002748538,0.0054385965,-0.31108937","-0.14042145,-0.6744398,-0.9847789","-0.034880172,-0.7581012,-0.73339075,-0.22464016,0.030539384,-0.63738143,0.002748538,0.0054385965,-0.31108937",0.0
"-0.034880172,-0.7581012,-0.73339075,-0.22464016,0.030539384,-0.63738143,0.002748538,0.0054385965,-0.31108937","0.82169867,-0.74746084,-0.96481174","0.04358609,-0.8608733,-0.83704096,-0.03186239,0.0014539394,-0.55152416,0.002748538,0.0054385965,-0.31108937",0.0
"0.04358609,-0.8608733,-0.83704096,-0.03186239,0.0014539394,-0.55152416,0.002748538,0.0054385965,-0.31108937","0.56742525,-0.010324836,-0.9357126","0.097771086,-0.86229295,-0.9375651,0.015617546,0.011027639,-0.40488374,0.002748538,0.0054385965,-0.31108937",0.0
"0.097771086,-0.86229295,-0.9375651,0.015617546,0.011027639,-0.40488374,0.002748538,0.0054385965,-0.31108937","-0.49097657,0.6186999,-0.7491101","0.050886385,-0.77722496,-1.0,-0.0036789705,0.005271024,-0.31105646,0.002748538,0.0054385965,-0.31108937",0.0
"0.0,0.0,0.0,2.8652207e-07,0.005789075,0.993462,-0.039532166,0.13263157,0.19748566","-0.8553876,0.036066413,-0.97450936","-0.081683315,0.004958956,-0.10469217,-0.127724,0.039500117,0.97142315,-0.039532166,0.13263157,0.19748566",0.0
"-0.081683315,0.004958956,-0.10469217,-0.127724,0.039500117,0.97142315,-0.039532166,0.13263157,0.19748566","-0.6543557,0.7549629,-0.9981326","-0.14416951,0.108762495,-0.21192223,-0.049064945,0.030316511,0.94322497,-0.039532166,0.13263157,0.19748566",0.0
"-0.14416951,0.108762495,-0.21192223,-0.049064945,0.030316511,0.94322497,-0.039532166,0.13263157,0.19748566","-0.67997795,0.29529476,-0.97920734","-0.20910245,0.14936402,-0.31711915,-0.08138644,0.07007387,0.8791036,-0.039532166,0.13263157,0.19748566",0.0
"-0.20910245,0.14936402,-0.31711915,-0.08138644,0.07007387,0.8791036,-0.039532166,0.13263157,0.19748566","-0.3213712,0.38131762,-0.9832745","-0.23979105,0.20179327,-0.42275304,-0.088401824,0.09084257,0.7944903,-0.039532166,0.13263157,0.19748566",0.0
"-0.23979105,0.20179327,-0.42275304,-0.088401824,0.09084257,0.7944903,-0.039532166,0.13263157,0.19748566","-0.4945714,0.38941312,-0.9897953","-0.287019,0.2553356,-0.5290874,-0.08020825,0.110761724,0.689424,-0.039532166,0.13263157,0.19748566",0.0
"-0.287019,0.2553356,-0.5290874,-0.08020825,0.110761724,0.689424,-0.039532166,0.13263157,0.19748566","-0.4602456,0.42253447,-0.99107105","-0.33096913,0.31343195,-0.6355589,-0.061510358,0.1161671,0.5683161,-0.039532166,0.13263157,0.19748566",0.0
"-0.33096913,0.31343195,-0.6355589,-0.061510358,0.1161671,0.5683161,-0.039532166,0.13263157,0.19748566","-0.18776536,0.3760805,-0.97765255","-0.34889936,0.3651411,-0.7405888,-0.051714726,0.11330095,0.43310487,-0.039532166,0.13263157,0.19748566",0.0
"-0.34889936,0.3651411,-0.7405888,-0.051714726,0.11330095,0.43310487,-0.039532166,0.13263157,0.19748566","-0.25249887,-0.27700734,-0.9350031","-0.37301117,0.32705402,-0.84103686,-0.0628446,0.16398388,0.26382867,-0.039532166,0.13263157,0.19748566",0.0
"-0.37301117,0.32705402,-0.84103686,-0.0628446,0.16398388,0.26382867,-0.039532166,0.13263157,0.19748566","-0.10278058,0.15738988,-0.60527253","-0.38282597,0.34869435,-0.9060617,-0.04837887,0.14152245,0.1718912,-0.039532166,0.13263157,0.19748566",0.0
"-0.38282597,0.34869435,-0.9060617,-0.04837887,0.14152245,0.1718912,-0.039532166,0.13263157,0.19748566","-0.0673092,0.16830957,-0.039493322","-0.3892535,0.3718361,-0.9103046,-0.04067525,0.12913541,0.17341003,-0.039532166,0.13263157,0.19748566",0.0
"-0.3892535,0.3718361,-0.9103046,-0.04067525,0.12913541,0.17341003,-0.039532166,0.13263157,0.19748566","-0.10316211,-0.012772918,0.090243936","-0.39910474,0.3700799,-0.90060973,-0.037602194,0.13320492,0.18779062,-0.039532166,0.13263157,0.19748566",0.0
"0.0,0.0,0.0,2.8652207e-07,0.005789075,0.993462,-0.37017545,-0.13321637,0.123935476","-0.11961317,-0.782064,-0.98196435","-0.011422195,-0.107529774,-0.10549305,-0.36685705,0.018962719,0.90186226,-0.37017545,-0.13321637,0.123935476",0.0
"-0.011422195,-0.107529774,-0.10549305,-0.36685705,0.018962719,0.90186226,-0.37017545,-0.13321637,0.123935476","0.12464011,0.30424154,-0.9925552","0.00048002903,-0.06569813,-0.21212392,-0.40615487,0.0051767007,0.8432207,-0.37017545,-0.13321637,0.123935476",0.0
"0.00048002903,-0.06569813,-0.21212392,-0.40615487,0.0051767007,0.8432207,-0.37017545,-0.13321637,0.123935476","0.030537605,0.5473163,-0.85831153","0.003396151,0.009555051,-0.3043329,-0.35836846,0.001965732,0.8120153,-0.37017545,-0.13321637,0.123935476",0.0
"0.003396151,0.009555051,-0.3043329,-0.35836846,0.001965732,0.8120153,-0.37017545,-0.13321637,0.123935476","0.42646778,-0.09297842,-0.981695","0.04412073,-0.003228994,-0.40979704,-0.456536,-0.05784332,0.66208756,-0.37017545,-0.13321637,0.123935476",0.0
"0.04412073,-0.003228994,-0.40979704,-0.456536,-0.05784332,0.66208756,-0.37017545,-0.13321637,0.123935476","0.19106185,0.07799661,-0.9808917","0.062365748,0.007495141,-0.5151749,-0.478235,-0.08901523,0.5171242,-0.37017545,-0.13321637,0.123935476",0.0
"0.062365748,0.007495141,-0.5151749,-0.478235,-0.08901523,0.5171242,-0.37017545,-0.13321637,0.123935476","0.25756133,0.10590756,-0.988862","0.086960986,0.022056883,-0.621409,-0.4568721,-0.122004375,0.36894333,-0.37017545,-0.13321637,0.123935476",0.0
"0.086960986,0.022056883,-0.621409,-0.4568721,-0.122004375,0.36894333,-0.37017545,-0.13321637,0.123935476","0.035901785,-0.15000236,-0.9109635","0.09038935,0.0014323245,-0.7192744,-0.43548554,-0.12106733,0.1990938,-0.37017545,-0.13321637,0.123935476",0.0
"0.09038935,0.0014323245,-0.7192744,-0.43548554,-0.12106733,0.1990938,-0.37017545,-0.13321637,0.123935476","0.105074406,0.138031,-0.58384347","0.100423194,0.020410867,-0.7819971,-0.38146776,-0.11841761,0.13304383,-0.37017545,-0.13321637,0.123935476",0.0
"0.100423194,0.020410867,-0.7819971,-0.38146776,-0.11841761,0.13304383,-0.37017545,-0.13321637,0.123935476","0.082588434,0.06551623,-0.038515925","0.10830978,0.029419007,-0.78613484,-0.3713171,-0.12531815,0.13627976,-0.37017545,-0.13321637,0.123935476",0.0
"0.0,0.0,0.0,2.8652207e-07,0.005789075,0.993462,-0.015555556,-0.08502924,0.049404614","-0.9855201,0.9639745,-0.9821584","-0.094110005,0.13254155,-0.10551394,0.13388439,-0.03472713,0.9705133,-0.015555556,-0.08502924,0.049404614",0.0
"-0.094110005,0.13254155,-0.10551394,0.13388439,-0.03472713,0.9705133,-0.015555556,-0.08502924,0.049404614","-0.930931,0.74633694,-0.9779326","-0.18300715,0.23515908,-0.2105739,0.17530312,-0.106689885,0.92075527,-0.015555556,-0.08502924,0.049404614",0.0
"-0.18300715,0.23515908,-0.2105739,0.17530312,-0.106689885,0.92075527,-0.015555556,-0.08502924,0.049404614","-0.98278385,0.51608324,-0.99451584","-0.2768559,0.30611792,-0.31741542,0.13193394,-0.14733626,0.8614627,-0.015555556,-0.08502924,0.049404614",0.0
"-0.2768559,0.30611792,-0.31741542,0.13193394,-0.14733626,0.8614627,-0.015555556,-0.08502924,0.049404614","-0.97584814,0.78176963,-0.9418387","-0.37004226,0.41360724,-0.41859785,0.10701633,-0.23281015,0.76363117,-0.015555556,-0.08502924,0.049404614",0.0
"-0.37004226,0.41360724,-0.41859785,0.10701633,-0.23281015,0.76363117,-0.015555556,-0.08502924,0.049404614","-0.97761863,0.09403372,-0.94844633","-0.46339777,0.42653644,-0.5204901,0.022577655,-0.14502667,0.69632703,-0.015555556,-0.08502924,0.049404614",0.0
"-0.46339777,0.42653644,-0.5204901,0.022577655,-0.14502667,0.69632703,-0.015555556,-0.08502924,0.049404614","-0.8248147,0.8256366,-0.9301477","-0.5421616,0.5400573,-0.62041646,-0.019813089,-0.19253933,0.5686437,-0.015555556,-0.08502924,0.049404614",0.0
"-0.5421616,0.5400573,-0.62041646,-0.019813089,-0.19253933,0.5686437,-0.015555556,-0.08502924,0.049404614","-0.60067,0.6000422,-0.9966478","-0.59952116,0.6225601,-0.727487,-0.047187794,-0.16479535,0.43556142,-0.015555556,-0.08502924,0.049404614",0.0
"-0.59952116,0.6225601,-0.727487,-0.047187794,-0.16479535,0.43556142,-0.015555556,-0.08502924,0.049404614","-0.026744425,0.7483902,-0.9889765","-0.6020751,0.72545993,-0.8337333,-0.043368038,-0.1489352,0.28614026,-0.015555556,-0.08502924,0.049404614",0.0
"-0.6020751,0.72545993,-0.8337333,-0.043368038,-0.1489352,0.28614026,-0.015555556,-0.08502924,0.049404614","0.2900176,0.33210444,-0.9774419","-0.5743805,0.77112263,-0.93874055,-0.01465474,-0.0865705,0.1506158,-0.015555556,-0.08502924,0.049404614",0.0
"-0.5743805,0.77112263,-0.93874055,-0.01465474,-0.0865705,0.1506158,-0.015555556,-0.08502924,0.049404614","0.3866366,0.36210406,-0.9552678","-0.53745955,0.82091016,-1.0,-0.0014249405,-0.0613599,0.0626708,-0.015555556,-0.08502924,0.049404614",0.0
"-0.53745955,0.82091016,-1.0,-0.0014249405,-0.0613599,0.0626708,-0.015555556,-0.08502924,0.049404614","-0.19469708,0.23746014,-0.5284356","-0.5560517,0.8535598,-1.0,-0.006992089,-0.07234224,0.057350338,-0.015555556,-0.08502924,0.049404614",0.0
"0.0,0.0,0.0,2.8652207e-07,0.005789075,0.993462,-0.7529825,-0.0057894737,0.12825042","-0.62171876,-0.98993963,-0.9675719","-0.059369635,-0.13611162,-0.103946865,-0.41325805,0.083876684,0.87563,-0.7529825,-0.0057894737,0.12825042",0.0
"-0.059369635,-0.13611162,-0.103946865,-0.41325805,0.083876684,0.87563,-0.7529825,-0.0057894737,0.12825042","0.10391021,-0.8688336,-0.96747744","-0.049446966,-0.25557178,-0.20788358,-0.705913,0.11640886,0.5851598,-0.7529825,-0.0057894737,0.12825042",0.0
"-0.049446966,-0.25557178,-0.20788358,-0.705913,0.11640886,0.5851598,-0.7529825,-0.0057894737,0.12825042","0.5188253,-0.35838175,-0.9808829","9.7079865e-05,-0.30484745,-0.31326047,-0.80474126,0.005543971,0.33396757,-0.7529825,-0.0057894737,0.12825042",0.0
"9.7079865e-05,-0.30484745,-0.31326047,-0.80474126,0.005543971,0.33396757,-0.7529825,-0.0057894737,0.12825042","-0.016747892,0.07718539,-0.8832507","-0.0015022248,-0.29423487,-0.40814862,-0.78477395,0.009493047,0.20744778,-0.7529825,-0.0057894737,0.12825042",0.0
"-0.0015022248,-0.29423487,-0.40814862,-0.78477395,0.009493047,0.20744778,-0.7529825,-0.0057894737,0.12825042","0.13872361,0.068657994,-0.6192497","0.011744871,-0.28479478,-0.474675,-0.75242794,-0.02198199,0.12588586,-0.7529825,-0.0057894737,0.12825042",0.0
"0.0,0.0,0.0,2.8652207e-07,0.005789075,0.993462,-0.45836258,0.5064912,0.31340078","-0.9361469,-0.9983813,-0.6852207","-0.08939524,-0.1372723,-0.07361368,-0.37094572,0.11303119,0.8990705,-0.45836258,0.5064912,0.31340078",0.0
"-0.08939524,-0.1372723,-0.07361368,-0.37094572,0.11303119,0.8990705,-0.45836258,0.5064912,0.31340078","-0.988252,-0.988484,-0.951087","-0.18376613,-0.27318376,-0.17578955,-0.60016274,0.39782104,0.59924453,-0.45836258,0.5064912,0.31340078",0.0
"-0.18376613,-0.27318376,-0.17578955,-0.60016274,0.39782104,0.59924453,-0.45836258,0.5064912,0.31340078","-0.8380026,0.19961965,-0.9011693","-0.2637893,-0.24573712,-0.27260274,-0.49169606,0.5448236,0.5078742,-0.45836258,0.5064912,0.31340078",0.0
"-0.2637893,-0.24573712,-0.27260274,-0.49169606,0.5448236,0.5078742,-0.45836258,0.5064912,0.31340078","0.18110394,-0.038847804,-0.91919154","-0.24649519,-0.25107852,-0.37135208,-0.5373222,0.5337182,0.345791,-0.45836258,0.5064912,0.31340078",0.0
"-0.24649519,-0.25107852,-0.37135208,-0.5373222,0.5337182,0.345791,-0.45836258,0.5064912,0.31340078","0.099604726,0.58061576,-0.6878307","-0.23698366,-0.17124684,-0.44524622,-0.49604338,0.4649216,0.37055025,-0.45836258,0.5064912,0.31340078",0.0
"-0.23698366,-0.17124684,-0.44524622,-0.49604338,0.4649216,0.37055025,-0.45836258,0.5064912,0.31340078","-0.32283533,-0.1830864,-0.3120848","-0.26781207,-0.19642031,-0.4787737,-0.45946845,0.5226878,0.2763444,-0.45836258,0.5064912,0.31340078",0.0
"-0.26781207,-0.19642031,-0.4787737,-0.45946845,0.5226878,0.2763444,-0.45836258,0.5064912,0.31340078","0.045861006,0.14234257,0.13949955","-0.26343268,-0.17684895,-0.46378723,-0.45785004,0.50677776,0.33238834,-0.45836258,0.5064912,0.31340078",0.0
"0.0,0.0,0.0,2.8652207e-07,0.005789075,0.993462,0.05549708,-0.24280702,0.096280605","-0.95936227,0.99146867,-0.96628207","-0.09161212,0.13632186,-0.103808336,0.14413239,-0.036629774,0.9691881,0.05549708,-0.24280702,0.096280605",0.0
"-0.09161212,0.13632186,-0.103808336,0.14413239,-0.036629774,0.9691881,0.05549708,-0.24280702,0.096280605","-0.98142904,0.9782028,-0.99453497","-0.18533148,0.27081975,-0.2106519,0.23423025,-0.14727902,0.89978695,0.05549708,-0.24280702,0.096280605",0.0
"-0.18533148,0.27081975,-0.2106519,0.23423025,-0.14727902,0.89978695,0.05549708,-0.24280702,0.096280605","-0.95367664,0.9439355,-0.9592181","-0.2764007,0.40060607,-0.31370136,0.24866045,-0.2847925,0.795521,0.05549708,-0.24280702,0.096280605",0.0
"-0.2764007,0.40060607,-0.31370136,0.24866045,-0.2847925,0.795521,0.05549708,-0.24280702,0.096280605","-0.95215726,0.89397967,-0.98764837","-0.36732477,0.52352375,-0.41980514,0.18118224,-0.39491972,0.67032045,0.05549708,-0.24280702,0.096280605",0.0
"-0.36732477,0.52352375,-0.41980514,0.18118224,-0.39491972,0.67032045,0.05549708,-0.24280702,0.096280605","-0.89526445,0.9277036,-0.9897667","-0.45281604,0.6510783,-0.52613646,0.07429295,-0.45832735,0.52302706,0.05549708,-0.24280702,0.096280605",0.0
"-0.45281604,0.6510783,-0.52613646,0.07429295,-0.45832735,0.52302706,0.05549708,-0.24280702,0.096280605","-0.43919432,0.9245918,-0.9891789","-0.49475592,0.7782049,-0.63240457,0.013301995,-0.45601824,0.36966106,0.05549708,-0.24280702,0.096280605",0.0
"-0.49475592,0.7782049,-0.63240457,0.013301995,-0.45601824,0.36966106,0.05549708,-0.24280702,0.096280605","0.014824629,0.9908955,-0.9900595","-0.4933403,0.91444796,-0.73876727,0.014499042,-0.41623312,0.21223421,0.05549708,-0.24280702,0.096280605",0.0
"-0.4933403,0.91444796,-0.73876727,0.014499042,-0.41623312,0.21223421,0.05549708,-0.24280702,0.096280605","0.5295248,0.26582623,-0.85239977","-0.4427745,0.9509978,-0.8303411,0.061483607,-0.30593088,0.15761259,0.05549708,-0.24280702,0.096280605",0.0
"-0.4427745,0.9509978,-0.8303411,0.061483607,-0.30593088,0.15761259,0.05549708,-0.24280702,0.096280605","-0.018412054,0.93763065,-0.5507449","-0.44453132,0.99998045,-0.88950723,0.050081663,-0.251094,0.09874928,0.05549708,-0.24280702,0.096280605",0.0
"0.0,0.0,0.0,2.8652207e-07,0.005789075,0.993462,-0.04532164,-0.021695906,0.066925906","-0.9699304,0.86022687,-0.99630886","-0.092621304,0.11827678,-0.107034124,0.102925174,-0.02478076,0.97470194,-0.04532164,-0.021695906,0.066925906",0.0
"-0.092621304,0.11827678,-0.107034124,0.102925174,-0.02478076,0.97470194,-0.04532164,-0.021695906,0.066925906","-0.96795344,0.8870914,-0.9900517","-0.18505381,0.24024734,-0.21339604,0.17993772,-0.111313626,0.917847,-0.04532164,-0.021695906,0.066925906",0.0
"-0.18505381,0.24024734,-0.21339604,0.17993772,-0.111313626,0.917847,-0.04532164,-0.021695906,0.066925906","-0.98693866,0.54127634,-0.99437857","-0.2792993,0.3146701,-0.32022282,0.13877164,-0.15793855,0.8562815,-0.04532164,-0.021695906,0.066925906",0.0
"-0.2792993,0.3146701,-0.32022282,0.13877164,-0.15793855,0.8562815,-0.04532164,-0.021695906,0.066925906","-0.97165835,0.8148259,-0.99527","-0.3720856,0.42670453,-0.4271454,0.109768495,-0.24349037,0.75178975,-0.04532164,-0.021695906,0.066925906",0.0
"-0.3720856,0.42670453,-0.4271454,0.109768495,-0.24349037,0.75178975,-0.04532164,-0.021695906,0.066925906","-0.93666166,0.47760594,-0.9951831","-0.46152997,0.49237293,-0.5340586,0.033711713,-0.22956608,0.65625805,-0.04532164,-0.021695906,0.066925906",0.0
"-0.46152997,0.49237293,-0.5340586,0.033711713,-0.22956608,0.65625805,-0.04532164,-0.021695906,0.066925906","-0.98878556,0.6508571,-0.9936732","-0.55595183,0.58186245,-0.6408096,-0.033386253,-0.22107494,0.5310685,-0.04532164,-0.021695906,0.066925906",0.0
"-0.55595183,0.58186245,-0.6408096,-0.033386253,-0.22107494,0.5310685,-0.04532164,-0.021695906,0.066925906","-0.9820297,0.50128233,-0.9872475","-0.6497285,0.6507862,-0.7468703,-0.07630456,-0.16284417,0.4046906,-0.04532164,-0.021695906,0.066925906",0.0
"-0.6497285,0.6507862,-0.7468703,-0.07630456,-0.16284417,0.4046906,-0.04532164,-0.021695906,0.066925906","-0.99474436,0.37785292,-0.91899544","-0.7447194,0.7027391,-0.8455986,-0.083100736,-0.09423046,0.28079882,-0.04532164,-0.021695906,0.066925906",0.0
"-0.7447194,0.7027391,-0.8455986,-0.083100736,-0.09423046,0.28079882,-0.04532164,-0.021695906,0.066925906","-0.71146184,0.18666828,-0.98874074","-0.8126588,0.7284051,-0.95181966,-0.043190718,-0.03578814,0.14085382,-0.04532164,-0.021695906,0.066925906",0.0
"-0.8126588,0.7284051,-0.95181966,-0.043190718,-0.03578814,0.14085382,-0.04532164,-0.021695906,0.066925906","-0.53180754,0.29640627,-0.60758084","-0.86344254,0.7691595,-1.0,-0.036248006,-0.022946702,0.069217354,-0.04532164,-0.021695906,0.066925906",0.0
"0.0,0.0,0.0,2.8652207e-07,0.005789075,0.993462,0.04760234,0.0622807,-0.29016843","-0.99392545,-0.9031103,-0.9921126","-0.09491268,-0.12417302,-0.106583275,-0.38204637,0.12347466,0.88536745,0.04760234,0.0622807,-0.29016843",0.0
"-0.09491268,-0.12417302,-0.106583275,-0.38204637,0.12347466,0.88536745,0.04760234,0.0622807,-0.29016843","-0.99438184,-0.6954824,-0.9855715","-0.18986893,-0.21979828,-0.21246384,-0.54880786,0.37963787,0.6391257,0.04760234,0.0622807,-0.29016843",0.0
"-0.18986893,-0.21979828,-0.21246384,-0.54880786,0.37963787,0.6391257,0.04760234,0.0622807,-0.29016843","-0.816165,-0.25436723,-0.9502985","-0.26780677,-0.2547725,-0.31455502,-0.499604,0.56756806,0.42737225,0.04760234,0.0622807,-0.29016843",0.0
"-0.26780677,-0.2547725,-0.31455502,-0.499604,0.56756806,0.42737225,0.04760234,0.0622807,-0.29016843","-0.9876713,-0.6508577,-0.9734834","-0.3621222,-0.3442621,-0.41913697,-0.33338642,0.73471755,0.09373468,0.04760234,0.0622807,-0.29016843",0.0
"-0.3621222,-0.3442621,-0.41913697,-0.33338642,0.73471755,0.09373468,0.04760234,0.0622807,-0.29016843","-0.8833752,-0.84541464,-0.9894199","-0.44647813,-0.46050233,-0.525431,-0.11602273,0.7181133,-0.2599924,0.04760234,0.0622807,-0.29016843",0.0
"-0.44647813,-0.46050233,-0.525431,-0.11602273,0.7181133,-0.2599924,0.04760234,0.0622807,-0.29016843","-0.57023627,0.3246112,-0.98650175","-0.50093156,-0.41587,-0.63141143,0.007595223,0.61620533,-0.2758837,0.04760234,0.0622807,-0.29016843",0.0
"-0.50093156,-0.41587,-0.63141143,0.007595223,0.61620533,-0.2758837,0.04760234,0.0622807,-0.29016843","-0.53102577,-0.83741224,-0.90792674","-0.5516407,-0.5310099,-0.72895056,0.07460049,0.4199357,-0.45485464,0.04760234,0.0622807,-0.29016843",0.0
"-0.5516407,-0.5310099,-0.72895056,0.07460049,0.4199357,-0.45485464,0.04760234,0.0622807,-0.29016843","-0.5901791,-0.22283506,-0.9686306","-0.6079985,-0.56164867,-0.83301115,0.09387278,0.24857813,-0.4435958,0.04760234,0.0622807,-0.29016843",0.0
"-0.6079985,-0.56164867,-0.83301115,0.09387278,0.24857813,-0.4435958,0.04760234,0.0622807,-0.29016843","-0.8269803,0.26477826,-0.8486905","-0.6869691,-0.5252431,-0.92418647,0.101272516,0.14166507,-0.35625517,0.04760234,0.0622807,-0.29016843",0.0
"-0.6869691,-0.5252431,-0.92418647,0.101272516,0.14166507,-0.35625517,0.04760234,0.0622807,-0.29016843","0.24686468,-0.11577332,-0.7705411","-0.6633953,-0.54116136,-1.0,0.04801814,0.07338917,-0.28446618,0.04760234,0.0622807,-0.29016843",0.0
"0.0,0.0,0.0,2.8652207e-07,0.005789075,0.993462,-0.47883043,-0.2525146,0.35439274","0.88306797,-0.97686315,-0.98155063","0.08432657,-0.13431366,-0.105448596,-0.4067693,-0.10435689,0.87617624,-0.47883043,-0.2525146,0.35439274",0.0
"0.08432657,-0.13431366,-0.105448596,-0.4067693,-0.10435689,0.87617624,-0.47883043,-0.2525146,0.35439274","0.53061795,-0.024694622,-0.9758507","0.13499673,-0.13770904,-0.21028487,-0.48912755,-0.21449208,0.76256365,-0.47883043,-0.2525146,0.35439274",0.0
"0.13499673,-0.13770904,-0.21028487,-0.48912755,-0.21449208,0.76256365,-0.47883043,-0.2525146,0.35439274","-0.119580865,0.3790692,-0.9641983","0.12357763,-0.08558898,-0.31386933,-0.49155438,-0.19478564,0.69657165,-0.47883043,-0.2525146,0.35439274",0.0
"0.12357763,-0.08558898,-0.31386933,-0.49155438,-0.19478564,0.69657165,-0.47883043,-0.2525146,0.35439274","0.21898842,0.21712565,-0.9350482","0.14448944,-0.055735316,-0.4143222,-0.4867321,-0.23103955,0.5914171,-0.47883043,-0.2525146,0.35439274",0.0
"0.14448944,-0.055735316,-0.4143222,-0.4867321,-0.23103955,0.5914171,-0.47883043,-0.2525146,0.35439274","-0.0050126314,0.14491856,-0.8911031","0.14401077,-0.035809763,-0.510054,-0.48586577,-0.2297174,0.4709652,-0.47883043,-0.2525146,0.35439274",0.0
"0.14401077,-0.035809763,-0.510054,-0.48586577,-0.2297174,0.4709652,-0.47883043,-0.2525146,0.35439274","0.097705364,0.042016625,-0.5120573","0.15334092,-0.030032696,-0.5650646,-0.47328374,-0.24090889,0.3927066,-0.47883043,-0.2525146,0.35439274",0.0
"0.15334092,-0.030032696,-0.5650646,-0.47328374,-0.24090889,0.3927066,-0.47883043,-0.2525146,0.35439274","0.10960007,0.020945668,-0.027283192","0.16380693,-0.027152779,-0.5679957,-0.46234977,-0.2547777,0.39186317,-0.47883043,-0.2525146,0.35439274",0.0
"0.16380693,-0.027152779,-0.5679957,-0.46234977,-0.2547777,0.39186317,-0.47883043,-0.2525146,0.35439274","-0.0804162,-0.09964687,-0.10065073","0.15612777,-0.040853716,-0.5788087,-0.47858793,-0.24901201,0.35723898,-0.47883043,-0.2525146,0.35439274",0.0
"0.0,0.0,0.0,2.8652207e-07,0.005789075,0.993462,-0.0056140353,0.0022807017,-0.31108937","-0.009514272,-0.8550093,-0.9966712","-0.0009085489,-0.11755939,-0.10707302,-0.3890334,0.0068994733,0.8913367,-0.0056140353,0.0022807017,-0.31108937",0.0
"-0.0009085489,-0.11755939,-0.10707302,-0.3890334,0.0068994733,0.8913367,-0.0056140353,0.0022807017,-0.31108937","0.81869245,-0.99239796,-0.9080378","0.077270634,-0.254009,-0.2046241,-0.69186884,-0.16536821,0.5924848,-0.0056140353,0.0022807017,-0.31108937",0.0
"0.077270634,-0.254009,-0.2046241,-0.69186884,-0.16536821,0.5924848,-0.0056140353,0.0022807017,-0.31108937","-0.8370776,-0.98428905,-0.8501669","-0.0026642077,-0.3893437,-0.29595804,-0.8682447,0.01305691,0.18816172,-0.0056140353,0.0022807017,-0.31108937",0.0
"-0.0026642077,-0.3893437,-0.29595804,-0.8682447,0.01305691,0.18816172,-0.0056140353,0.0022807017,-0.31108937","0.5874313,-0.86326426,-0.99288785","0.05343122,-0.50803816,-0.4026246,-0.8258623,-0.1340737,-0.21517742,-0.0056140353,0.0022807017,-0.31108937",0.0
"0.05343122,-0.50803816,-0.4026246,-0.8258623,-0.1340737,-0.21517742,-0.0056140353,0.0022807017,-0.31108937","-0.7693645,-0.9646774,-0.97850287","-0.020037504,-0.6406764,-0.50774574,-0.6451816,0.046468936,-0.55249035,-0.0056140353,0.0022807017,-0.31108937",0.0
"-0.020037504,-0.6406764,-0.50774574,-0.6451816,0.046468936,-0.55249035,-0.0056140353,0.0022807017,-0.31108937","0.5547359,-0.5734648,-0.9970413","0.03293575,-0.71952486,-0.61485845,-0.4200842,-0.03780151,-0.6705735,-0.0056140353,0.0022807017,-0.31108937",0.0
"0.03293575,-0.71952486,-0.61485845,-0.4200842,-0.03780151,-0.6705735,-0.0056140353,0.0022807017,-0.31108937","0.7040305,-0.75747395,-0.96038204","0.10016555,-0.82367367,-0.71803284,-0.16792691,-0.048570912,-0.6833132,-0.0056140353,0.0022807017,-0.31108937",0.0
"0.10016555,-0.82367367,-0.71803284,-0.16792691,-0.048570912,-0.6833132,-0.0056140353,0.0022807017,-0.31108937","0.6082237,-0.16746175,-0.9204801","0.1582465,-0.8466989,-0.8169205,-0.05388027,-0.022648705,-0.5769115,-0.0056140353,0.0022807017,-0.31108937",0.0
"0.1582465,-0.8466989,-0.8169205,-0.05388027,-0.022648705,-0.5769115,-0.0056140353,0.0022807017,-0.31108937","-0.46648693,0.12118697,-0.9503486","0.11370038,-0.83003634,-0.9190169,-0.009284518,0.002714534,-0.43318373,-0.0056140353,0.0022807017,-0.31108937",0.0
"0.11370038,-0.83003634,-0.9190169,-0.009284518,0.002714534,-0.43318373,-0.0056140353,0.0022807017,-0.31108937","-0.43342698,0.30713308,-0.842685","0.07231125,-0.78780717,-0.99999994,-0.00013935636,0.0059099616,-0.31107724,-0.0056140353,0.0022807017,-0.31108937",0.0
"0.0,0.0,0.0,2.8652207e-07,0.005789075,0.993462,-0.1180117,-0.0057894737,0.023057302","-0.981894,0.44641662,-0.9986725","-0.09376375,0.061380006,-0.10728804,-0.014087794,0.010324008,0.9808611,-0.1180117,-0.0057894737,0.023057302",0.0
"-0.09376375,0.061380006,-0.10728804,-0.014087794,0.010324008,0.9808611,-0.1180117,-0.0057894737,0.023057302","-0.9825888,0.6370282,-0.9972707","-0.18759383,0.14896813,-0.21442552,0.022031127,-0.0077662715,0.94372183,-0.1180117,-0.0057894737,0.023057302",0.0
"-0.18759383,0.14896813,-0.21442552,0.022031127,-0.0077662715,0.94372183,-0.1180117,-0.0057894737,0.023057302","-0.9809568,0.76326203,-0.9985609","-0.28126806,0.25391278,-0.32170162,0.062320124,-0.066820115,0.87801456,-0.1180117,-0.0057894737,0.023057302",0.0
"-0.28126806,0.25391278,-0.32170162,0.062320124,-0.066820115,0.87801456,-0.1180117,-0.0057894737,0.023057302","-0.9307905,0.7519469,-0.9960468","-0.3701518,0.35730165,-0.42870763,0.062684156,-0.13045202,0.7858856,-0.1180117,-0.0057894737,0.023057302",0.0
"-0.3701518,0.35730165,-0.42870763,0.062684156,-0.13045202,0.7858856,-0.1180117,-0.0057894737,0.023057302","-0.971757,0.8905239,-0.99052024","-0.46294755,0.47974417,-0.53511995,0.030307693,-0.20934798,0.6623938,-0.1180117,-0.0057894737,0.023057302",0.0
"-0.46294755,0.47974417,-0.53511995,0.030307693,-0.20934798,0.6623938,-0.1180117,-0.0057894737,0.023057302","-0.999328,0.8053558,-0.9992687","-0.55837613,0.59047645,-0.642472,-0.036680922,-0.22950426,0.5250058,-0.1180117,-0.0057894737,0.023057302",0.0
"-0.55837613,0.59047645,-0.642472,-0.036680922,-0.22950426,0.5250058,-0.1180117,-0.0057894737,0.023057302","-0.9941888,0.93197036,-0.9881941","-0.65331393,0.7186176,-0.7486344,-0.108169235,-0.21943444,0.3679766,-0.1180117,-0.0057894737,0.023057302",0.0
"-0.65331393,0.7186176,-0.7486344,-0.108169235,-0.21943444,0.3679766,-0.1180117,-0.0057894737,0.023057302","-0.99260044,0.95585644,-0.9531168","-0.74810004,0.850043,-0.8510283,-0.15413772,-0.16422398,0.2118874,-0.1180117,-0.0057894737,0.023057302",0.0
"-0.74810004,0.850043,-0.8510283,-0.15413772,-0.16422398,0.2118874,-0.1180117,-0.0057894737,0.023057302","-0.9980342,0.6829188,-0.96608514","-0.8434051,0.9439409,-0.9548154,-0.13052882,-0.07651835,0.08184386,-0.1180117,-0.0057894737,0.023057302",0.0
"-0.8434051,0.9439409,-0.9548154,-0.13052882,-0.07651835,0.08184386,-0.1180117,-0.0057894737,0.023057302","-0.9984064,0.4149406,-0.88356674","-0.93874407,0.99998003,-1.0000021,-0.1147475,-0.028256405,0.023042342,-0.1180117,-0.0057894737,0.023057302",0.0
"-0.93874407,0.99998003,-1.0000021,-0.1147475,-0.028256405,0.023042342,-0.1180117,-0.0057894737,0.023057302","-0.98130625,0.5833638,-0.98652226","-0.9999984,0.99998003,-1.0000021,-0.118036635,-0.0057892636,0.023044836,-0.1180117,-0.0057894737,0.023057302",0.0
"0.0,0.0,0.0,2.8652207e-07,0.005789075,0.993462,-0.043333337,0.05578947,0.224356","-0.6146125,-0.030054688,-0.99409366","-0.058691032,-0.004132356,-0.10679612,-0.15197168,0.034231983,0.96726286,-0.043333337,0.05578947,0.224356",0.0
"-0.058691032,-0.004132356,-0.10679612,-0.15197168,0.034231983,0.96726286,-0.043333337,0.05578947,0.224356","-0.8550146,0.81828725,-0.9980406","-0.1403387,0.10837795,-0.2140163,-0.052622687,0.031232106,0.94202477,-0.043333337,0.05578947,0.224356",0.0
"-0.1403387,0.10837795,-0.2140163,-0.052622687,0.031232106,0.94202477,-0.043333337,0.05578947,0.224356","-0.5485379,0.6889223,-0.9583399","-0.19272007,0.20310125,-0.31697145,0.0016603096,0.0058913394,0.88638145,-0.043333337,0.05578947,0.224356",0.0
"-0.19272007,0.20310125,-0.31697145,0.0016603096,0.0058913394,0.88638145,-0.043333337,0.05578947,0.224356","-0.2488935,0.42757607,-0.98578167","-0.21648757,0.26189077,-0.42287466,-0.011101324,0.01642517,0.8050577,-0.043333337,0.05578947,0.224356",0.0
"-0.21648757,0.26189077,-0.42287466,-0.011101324,0.01642517,0.8050577,-0.043333337,0.05578947,0.224356","-0.06724656,0.2575332,-0.99516463","-0.22290914,0.29730028,-0.5297859,-0.050317593,0.04997788,0.69920397,-0.043333337,0.05578947,0.224356",0.0
"-0.22290914,0.29730028,-0.5297859,-0.050317593,0.04997788,0.69920397,-0.043333337,0.05578947,0.224356","-0.50388473,0.45193517,-0.99016315","-0.27102646,0.35943907,-0.63615984,-0.041503247,0.056169964,0.57878876,-0.043333337,0.05578947,0.224356",0.0
"-0.27102646,0.35943907,-0.63615984,-0.041503247,0.056169964,0.57878876,-0.043333337,0.05578947,0.224356","0.054706693,0.30067146,-0.96728194","-0.26580238,0.40077987,-0.7400756,-0.05307731,0.0672536,0.44298893,-0.043333337,0.05578947,0.224356",0.0
"-0.26580238,0.40077987,-0.7400756,-0.05307731,0.0672536,0.44298893,-0.043333337,0.05578947,0.224356","-0.17563653,0.02605474,-0.94671994","-0.2825744,0.4043623,-0.8417824,-0.06860044,0.09347538,0.29019445,-0.043333337,0.05578947,0.224356",0.0
"-0.2825744,0.4043623,-0.8417824,-0.06860044,0.09347538,0.29019445,-0.043333337,0.05578947,0.224356","-0.020060837,0.31821644,-0.45036805","-0.28449008,0.44811547,-0.89016575,-0.051399328,0.073187985,0.22584924,-0.043333337,0.05578947,0.224356",0.0
"-0.28449008,0.44811547,-0.89016575,-0.051399328,0.073187985,0.22584924,-0.043333337,0.05578947,0.224356","-0.08945167,0.12539816,-0.095512986","-0.29303205,0.46535712,-0.90042686,-0.04312234,0.06626404,0.213401,-0.043333337,0.05578947,0.224356",0.0
"0.0,0.0,0.0,2.8652207e-07,0.005789075,0.993462,-0.17766082,-0.08953216,0.15400933","0.13050401,-0.65436375,-0.9812613","0.012462181,-0.08997165,-0.10541752,-0.33197284,-0.0072100093,0.9168967,-0.17766082,-0.08953216,0.15400933",0.0
"0.012462181,-0.08997165,-0.10541752,-0.33197284,-0.0072100093,0.9168967,-0.17766082,-0.08953216,0.15400933","0.20799756,0.9688444,-0.9964581","0.03232445,0.043239485,-0.21246769,-0.19230425,-0.013776827,0.92285156,-0.17766082,-0.08953216,0.15400933",0.0
"0.03232445,0.043239485,-0.21246769,-0.19230425,-0.013776827,0.92285156,-0.17766082,-0.08953216,0.15400933","-0.21667206,0.6335919,-0.9985055","0.011633851,0.13035513,-0.31973782,-0.14724961,0.0004088822,0.8709506,-0.17766082,-0.08953216,0.15400933",0.0
"0.011633851,0.13035513,-0.31973782,-0.14724961,0.0004088822,0.8709506,-0.17766082,-0.08953216,0.15400933","-0.0069510937,0.011695385,-0.9780042","0.010970081,0.13196322,-0.42480552,-0.2508735,-0.002856621,0.75993395,-0.17766082,-0.08953216,0.15400933",0.0
"0.010970081,0.13196322,-0.42480552,-0.2508735,-0.002856621,0.75993395,-0.17766082,-0.08953216,0.15400933","0.26025915,0.86700654,-0.9595574","0.03582295,0.25117218,-0.52789146,-0.14193529,-0.010215441,0.68949723,-0.17766082,-0.08953216,0.15400933",0.0
"0.03582295,0.25117218,-0.52789146,-0.14193529,-0.010215441,0.68949723,-0.17766082,-0.08953216,0.15400933","0.10662007,-0.08347988,-0.9890977","0.046004403,0.23969415,-0.6341509,-0.22580528,-0.027013958,0.53802013,-0.17766082,-0.08953216,0.15400933",0.0
"0.046004403,0.23969415,-0.6341509,-0.22580528,-0.027013958,0.53802013,-0.17766082,-0.08953216,0.15400933","0.38069963,0.11584771,-0.95895183","0.082358465,0.25562266,-0.7371718,-0.23081923,-0.055102367,0.38984826,-0.17766082,-0.08953216,0.15400933",0.0
"0.082358465,0.25562266,-0.7371718,-0.23081923,-0.055102367,0.38984826,-0.17766082,-0.08953216,0.15400933","0.19486856,0.010522366,-0.94352245","0.100967005,0.25706947,-0.8385351,-0.2166843,-0.06504035,0.2333558,-0.17766082,-0.08953216,0.15400933",0.0
"0.100967005,0.25706947,-0.8385351,-0.2166843,-0.06504035,0.2333558,-0.17766082,-0.08953216,0.15400933","0.10678303,-0.11779201,-0.55925775","0.11116402,0.24087368,-0.89861655,-0.19934094,-0.06643051,0.13555713,-0.17766082,-0.08953216,0.15400933",0.0
"0.11116402,0.24087368,-0.89861655,-0.19934094,-0.06643051,0.13555713,-0.17766082,-0.08953216,0.15400933","0.1914382,-0.006308317,0.093113184","0.12944499,0.24000634,-0.8886135,-0.20059942,-0.08008893,0.1494879,-0.17766082,-0.08953216,0.15400933",0.0
"0.12944499,0.24000634,-0.8886135,-0.20059942,-0.08008893,0.1494879,-0.17766082,-0.08953216,0.15400933","0.084877014,0.19826555,-0.02882272","0.13755013,0.26726687,-0.89171,-0.18395588,-0.07846474,0.15879454,-0.17766082,-0.08953216,0.15400933",0.0
"0.0,0.0,0.0,2.8652207e-07,0.005789075,0.993462,0.027251463,0.010409356,0.07248303","0.8681271,0.8793032,-0.9643514","0.08289985,0.120899685,-0.10360092,0.11068502,0.03548765,0.9741701,0.027251463,0.010409356,0.07248303",0.0
"0.08289985,0.120899685,-0.10360092,0.11068502,0.03548765,0.9741701,0.027251463,0.010409356,0.07248303","0.5829562,0.38430035,-0.99875474","0.13856794,0.17373905,-0.21089782,0.06892952,0.03844238,0.9419784,0.027251463,0.010409356,0.07248303",0.0
"0.13856794,0.17373905,-0.21089782,0.06892952,0.03844238,0.9419784,0.027251463,0.010409356,0.07248303","0.64907014,0.7089982,-0.9777166","0.20054944,0.27122268,-0.3159346,0.10361541,0.082719535,0.8761026,0.027251463,0.010409356,0.07248303",0.0
"0.20054944,0.27122268,-0.3159346,0.10361541,0.082719535,0.8761026,0.027251463,0.010409356,0.07248303","-0.16117889,0.5988884,-0.9946963","0.18515803,0.3535668,-0.42279553,0.118446045,0.08481752,0.7909148,0.027251463,0.010409356,0.07248303",0.0
"0.18515803,0.3535668,-0.42279553,0.118446045,0.08481752,0.7909148,0.027251463,0.010409356,0.07248303","-0.5723657,0.19503462,-0.98399717","0.13050127,0.3803831,-0.52850705,0.0560936,0.030691294,0.7012649,0.027251463,0.010409356,0.07248303",0.0
"0.13050127,0.3803831,-0.52850705,0.0560936,0.030691294,0.7012649,0.027251463,0.010409356,0.07248303","-0.0053317547,0.79158664,-0.97172034","0.12999213,0.48922223,-0.6328996,0.09936643,0.04930484,0.5760761,0.027251463,0.010409356,0.07248303",0.0
"0.12999213,0.48922223,-0.6328996,0.09936643,0.04930484,0.5760761,0.027251463,0.010409356,0.07248303","0.0025601387,0.2408061,-0.99718463","0.1302366,0.52233183,-0.7400279,0.042715874,0.024832707,0.4484841,0.027251463,0.010409356,0.07248303",0.0
"0.1302366,0.52233183,-0.7400279,0.042715874,0.024832707,0.4484841,0.027251463,0.010409356,0.07248303","-0.0396322,0.7654712,-0.9859872","0.126452,0.6275802,-0.84595317,0.057993285,0.030610453,0.2978919,0.027251463,0.010409356,0.07248303",0.0
"0.126452,0.6275802,-0.84595317,0.057993285,0.030610453,0.2978919,0.027251463,0.010409356,0.07248303","-0.27431172,0.41703093,-0.99399483","0.100257225,0.6849199,-0.95273876,0.029679608,0.01575891,0.14428084,0.027251463,0.010409356,0.07248303",0.0
"0.100257225,0.6849199,-0.95273876,0.029679608,0.01575891,0.14428084,0.027251463,0.010409356,0.07248303","0.43746567,0.52254474,-0.8451717","0.14203203,0.75676715,-1.0,0.03175046,0.021606756,0.07043374,0.027251463,0.010409356,0.07248303",0.0
"0.0,0.0,0.0,2.8652207e-07,0.005789075,0.993462,0.048713453,0.061461985,-0.29016843","-0.98962253,-0.6538345,-0.9933178","-0.09450177,-0.089898884,-0.10671275,-0.3171661,0.103084035,0.916,0.048713453,0.061461985,-0.29016843",0.0
"-0.09450177,-0.089898884,-0.10671275,-0.3171661,0.103084035,0.916,0.048713453,0.061461985,-0.29016843","-0.9980184,-0.7840098,-0.791743","-0.18980528,-0.19769621,-0.1917702,-0.50823015,0.35193613,0.7013107,0.048713453,0.061461985,-0.29016843",0.0
"-0.18980528,-0.19769621,-0.1917702,-0.50823015,0.35193613,0.7013107,0.048713453,0.061461985,-0.29016843","-0.8879698,-0.5058516,-0.9888241","-0.27459994,-0.2672482,-0.29800022,-0.49384668,0.58565384,0.42977634,0.048713453,0.061461985,-0.29016843",0.0
"-0.27459994,-0.2672482,-0.29800022,-0.49384668,0.58565384,0.42977634,0.048713453,0.061461985,-0.29016843","-0.9912154,-0.7108429,-0.9636238","-0.3692538,-0.3649855,-0.40152293,-0.32349542,0.7572755,0.07836582,0.048713453,0.061461985,-0.29016843",0.0
"-0.3692538,-0.3649855,-0.40152293,-0.32349542,0.7572755,0.07836582,0.048713453,0.061461985,-0.29016843","-0.2525435,-0.40686244,-0.9572145","-0.3933699,-0.42092705,-0.50435704,-0.2432205,0.71630937,-0.16607447,0.048713453,0.061461985,-0.29016843",0.0
"-0.3933699,-0.42092705,-0.50435704,-0.2432205,0.71630937,-0.16607447,0.048713453,0.061461985,-0.29016843","-0.81108016,-0.41999114,-0.9957088","-0.47082216,-0.47867373,-0.6113267,-0.050744995,0.61531276,-0.3574099,0.048713453,0.061461985,-0.29016843",0.0
"-0.47082216,-0.47867373,-0.6113267,-0.050744995,0.61531276,-0.3574099,0.048713453,0.061461985,-0.29016843","-0.66041875,-0.44442707,-0.9417057","-0.5338873,-0.5397802,-0.7124947,0.052892588,0.44044772,-0.46516824,0.048713453,0.061461985,-0.29016843",0.0
"-0.5338873,-0.5397802,-0.7124947,0.052892588,0.44044772,-0.46516824,0.048713453,0.061461985,-0.29016843","-0.9001429,-0.008174121,-0.98692656","-0.6198445,-0.54090416,-0.81852084,0.11480351,0.2746245,-0.43746424,0.048713453,0.061461985,-0.29016843",0.0
"-0.6198445,-0.54090416,-0.81852084,0.11480351,0.2746245,-0.43746424,0.048713453,0.061461985,-0.29016843","-0.59467405,0.3659476,-0.9252847","-0.67663157,-0.49058834,-0.91792476,0.10888099,0.16465953,-0.34556904,0.048713453,0.061461985,-0.29016843",0.0
"-0.67663157,-0.49058834,-0.91792476,0.10888099,0.16465953,-0.34556904,0.048713453,0.061461985,-0.29016843","0.094383,-0.591928,-0.4347931","-0.6676187,-0.57197547,-0.96463484,0.060240656,0.09210223,-0.33210185,0.048713453,0.061461985,-0.29016843",0.0
"-0.6676187,-0.57197547,-0.96463484,0.060240656,0.09210223,-0.33210185,0.048713453,0.061461985,-0.29016843","-0.31999677,0.115269065,-0.7760232","-0.698176,-0.5561266,-1.0,0.052872267,0.06372724,-0.2875715,0.048713453,0.061461985,-0.29016843",0.0
"0.0,0.0,0.0,2.8652207e-07,0.005789075,0.993462,-0.3077778,-0.68725145,0.12825042","0.9952328,-0.9707623,-0.99771214","0.095037505,-0.13347483,-0.10718484,-0.40339923,-0.11809707,0.8755301,-0.3077778,-0.68725145,0.12825042",0.0
"0.095037505,-0.13347483,-0.10718484,-0.40339923,-0.11809707,0.8755301,-0.3077778,-0.68725145,0.12825042","0.98355603,-0.9940752,-0.9863779","0.18895997,-0.27015504,-0.21315202,-0.6148844,-0.4079616,0.55176365,-0.3077778,-0.68725145,0.12825042",0.0
"0.18895997,-0.27015504,-0.21315202,-0.6148844,-0.4079616,0.55176365,-0.3077778,-0.68725145,0.12825042","0.95863485,-0.6779282,-0.9073535","0.28050265,-0.3633667,-0.31062958,-0.54524416,-0.65211326,0.21981679,-0.3077778,-0.68725145,0.12825042",0.0
"0.28050265,-0.3633667,-0.31062958,-0.54524416,-0.65211326,0.21981679,-0.3077778,-0.68725145,0.12825042","0.15209174,0.4110483,-0.7450659","0.2950263,-0.30684972,-0.39067248,-0.48353514,-0.6344785,0.20983264,-0.3077778,-0.68725145,0.12825042",0.0
"0.2950263,-0.30684972,-0.39067248,-0.48353514,-0.6344785,0.20983264,-0.3077778,-0.68725145,0.12825042","0.39395428,-0.013977468,-0.5099792","0.33264604,-0.30877155,-0.44545987,-0.3957198,-0.67047006,0.1237564,-0.3077778,-0.68725145,0.12825042",0.0
"0.33264604,-0.30877155,-0.44545987,-0.3957198,-0.67047006,0.1237564,-0.3077778,-0.68725145,0.12825042","0.19439018,0.095724344,-0.18088102","0.3512089,-0.29561,-0.46489203,-0.34888983,-0.67836875,0.12010799,-0.3077778,-0.68725145,0.12825042",0.0
"0.3512089,-0.29561,-0.46489203,-0.34888983,-0.67836875,0.12010799,-0.3077778,-0.68725145,0.12825042","0.0135781765,0.14945197,0.14390206","0.35250553,-0.27506116,-0.44943255,-0.34442112,-0.67637664,0.18110034,-0.3077778,-0.68725145,0.12825042",0.0
"0.35250553,-0.27506116,-0.44943255,-0.34442112,-0.67637664,0.18110034,-0.3077778,-0.68725145,0.12825042","0.054924607,-0.12460941,-0.26663136","0.35775045,-0.29219434,-0.47807693,-0.33120573,-0.67773527,0.10737078,-0.3077778,-0.68725145,0.12825042",0.0
"0.35775045,-0.29219434,-0.47807693,-0.33120573,-0.67773527,0.10737078,-0.3077778,-0.68725145,0.12825042","0.06046939,-0.043128073,-0.0010008812","0.36352482,-0.29812428,-0.47818446,-0.31988975,-0.68589115,0.09628745,-0.3077778,-0.68725145,0.12825042",0.0
"0.36352482,-0.29812428,-0.47818446,-0.31988975,-0.68589115,0.09628745,-0.3077778,-0.68725145,0.12825042","0.12935841,-0.060569108,0.13196015","0.3758776,-0.30645224,-0.46400788,-0.29733646,-0.708245,0.10114341,-0.3077778,-0.68725145,0.12825042",0.0
"0.3758776,-0.30645224,-0.46400788,-0.29733646,-0.708245,0.10114341,-0.3077778,-0.68725145,0.12825042","-0.13136625,0.12756085,0.020282388","0.36333308,-0.28891328,-0.46182895,-0.32209173,-0.6896056,0.13702857,-0.3077778,-0.68725145,0.12825042",0.0
"0.0,0.0,0.0,2.8652207e-07,0.005789075,0.993462,-0.59140354,0.19690058,0.2042196","-0.9534839,-0.9951757,-0.9899157","-0.0910508,-0.13683155,-0.10634727,-0.40688512,0.12570351,0.87279695,-0.59140354,0.19690058,0.2042196",0.0
"-0.0910508,-0.13683155,-0.10634727,-0.40688512,0.12570351,0.87279695,-0.59140354,0.19690058,0.2042196","-0.77099854,-0.97741735,-0.9715221","-0.16467556,-0.27122143,-0.21071848,-0.6385581,0.37002647,0.5533599,-0.59140354,0.19690058,0.2042196",0.0
"-0.16467556,-0.27122143,-0.21071848,-0.6385581,0.37002647,0.5533599,-0.59140354,0.19690058,0.2042196","0.7799611,0.03185618,-0.9841576","-0.09019494,-0.2668414,-0.31644717,-0.73669255,0.22054814,0.40199023,-0.59140354,0.19690058,0.2042196",0.0
"-0.09019494,-0.2668414,-0.31644717,-0.73669255,0.22054814,0.40199023,-0.59140354,0.19690058,0.2042196","-0.008449554,0.2661953,-0.98572725","-0.091001816,-0.23024096,-0.42234448,-0.70339787,0.21279344,0.30432573,-0.59140354,0.19690058,0.2042196",0.0
"-0.091001816,-0.23024096,-0.42234448,-0.70339787,0.21279344,0.30432573,-0.59140354,0.19690058,0.2042196","-0.012013376,0.28270018,-0.80330396","-0.092149004,-0.19137116,-0.508644,-0.65259576,0.20042458,0.2394584,-0.59140354,0.19690058,0.2042196",0.0
"-0.092149004,-0.19137116,-0.508644,-0.65259576,0.20042458,0.2394584,-0.59140354,0.19690058,0.2042196","-0.010444462,0.3448372,-0.3780831","-0.09314638,-0.14395784,-0.54926175,-0.60499287,0.1883172,0.25452325,-0.59140354,0.19690058,0.2042196",0.0
"-0.09314638,-0.14395784,-0.54926175,-0.60499287,0.1883172,0.25452325,-0.59140354,0.19690058,0.2042196","-0.002619028,-0.06217134,-0.30041158","-0.09339647,-0.1525061,-0.58153516,-0.59627354,0.18620288,0.1937842,-0.59140354,0.19690058,0.2042196",0.0
"0.0,0.0,0.0,2.8652207e-07,0.005789075,0.993462,0.034561403,0.11298245,0.023057302","0.4971695,0.80723476,-0.9717706","0.047476094,0.11099064,-0.10439796,0.09193031,0.019668195,0.9766608,0.034561403,0.11298245,0.023057302",0.0
"0.047476094,0.11099064,-0.10439796,0.09193031,0.019668195,0.9766608,0.034561403,0.11298245,0.023057302","0.97609437,0.86012673,-0.99668336","0.14068604,0.22925368,-0.21147233,0.17098123,0.08731287,0.92349917,0.034561403,0.11298245,0.023057302",0.0
"0.14068604,0.22925368,-0.21147233,0.17098123,0.08731287,0.92349917,0.034561403,0.11298245,0.023057302","0.94086075,0.9365634,-0.98436075","0.2305314,0.3580264,-0.3172229,0.2176469,0.20025785,0.8302412,0.034561403,0.11298245,0.023057302",0.0
"0.2305314,0.3580264,-0.3172229,0.2176469,0.20025785,0.8302412,0.034561403,0.11298245,0.023057302","0.9648845,0.97216654,-0.9554668","0.32267085,0.4916943,-0.41986936,0.19832328,0.32933202,0.70211524,0.034561403,0.11298245,0.023057302",0.0
"0.32267085,0.4916943,-0.41986936,0.19832328,0.32933202,0.70211524,0.034561403,0.11298245,0.023057302","0.5327687,0.9838381,-0.99915683","0.3735464,0.6269671,-0.52720946,0.16179729,0.4005889,0.5492619,0.034561403,0.11298245,0.023057302",0.0
"0.3735464,0.6269671,-0.52720946,0.16179729,0.4005889,0.5492619,0.034561403,0.11298245,0.023057302","-0.20897985,0.97562015,-0.9992543","0.35359034,0.7611099,-0.63456005,0.18862388,0.3937958,0.38797623,0.034561403,0.11298245,0.023057302",0.0
"0.35359034,0.7611099,-0.63456005,0.18862388,0.3937958,0.38797623,0.034561403,0.11298245,0.023057302","0.45195043,0.9842007,-0.99253404","0.3967483,0.89643246,-0.7411886,0.12236663,0.3820815,0.22985853,0.034561403,0.11298245,0.023057302",0.0
"0.3967483,0.89643246,-0.7411886,0.12236663,0.3820815,0.22985853,0.034561403,0.11298245,0.023057302","-0.4188882,0.97307014,-0.9927921","0.35674885,0.99998057,-0.8478429,0.13067736,0.28380793,0.114446566,0.034561403,0.11298245,0.023057302",0.0
"0.35674885,0.99998057,-0.8478429,0.13067736,0.28380793,0.114446566,0.034561403,0.11298245,0.023057302","-0.05752176,0.6446786,-0.96999377","0.35125744,0.9999802,-0.95205104,0.0737936,0.15910643,0.061734192,0.034561403,0.11298245,0.023057302",0.0
"0.35125744,0.9999802,-0.95205104,0.0737936,0.15910643,0.061734192,0.034561403,0.11298245,0.023057302","0.40236628,0.79030323,-0.77239066","0.38968208,0.99998003,-1.0000021,0.03464965,0.112987004,0.02304651,0.034561403,0.11298245,0.023057302",0.0
"0.0,0.0,0.0,2.8652207e-07,0.005789075,0.993462,-0.1488889,-0.61140347,0.18931343","0.99953294,-0.9971508,-0.9950363","0.09544813,-0.1371031,-0.10689737,-0.40963823,-0.12059347,0.8720319,-0.1488889,-0.61140347,0.18931343",0.0
"0.09544813,-0.1371031,-0.10689737,-0.40963823,-0.12059347,0.8720319,-0.1488889,-0.61140347,0.18931343","0.9685943,-0.5933882,-0.98227835","0.18794185,-0.21869093,-0.21242416,-0.55615944,-0.36576352,0.6409799,-0.1488889,-0.61140347,0.18931343",0.0
"0.18794185,-0.21869093,-0.21242416,-0.55615944,-0.36576352,0.6409799,-0.1488889,-0.61140347,0.18931343","0.9586394,0.72511125,-0.8789758","0.27948496,-0.11899187,-0.30685312,-0.37242198,-0.43963793,0.6612559,-0.1488889,-0.61140347,0.18931343",0.0
"0.27948496,-0.11899187,-0.30685312,-0.37242198,-0.43963793,0.6612559,-0.1488889,-0.61140347,0.18931343","0.6371678,-0.04532671,-0.9621572","0.34032986,-0.12522407,-0.4102183,-0.30684057,-0.5474771,0.49864617,-0.1488889,-0.61140347,0.18931343",0.0
"0.34032986,-0.12522407,-0.4102183,-0.30684057,-0.5474771,0.49864617,-0.1488889,-0.61140347,0.18931343","0.21776593,-0.61347604,-0.9652072","0.3611249,-0.2095739,-0.5139111,-0.2978972,-0.6252195,0.20105395,-0.1488889,-0.61140347,0.18931343",0.0
"0.3611249,-0.2095739,-0.5139111,-0.2978972,-0.6252195,0.20105395,-0.1488889,-0.61140347,0.18931343","-0.06801522,0.49558604,-0.5109833","0.35462996,-0.14143339,-0.56880647,-0.28024375,-0.5572445,0.22926655,-0.1488889,-0.61140347,0.18931343",0.0
"0.35462996,-0.14143339,-0.56880647,-0.28024375,-0.5572445,0.22926655,-0.1488889,-0.61140347,0.18931343","0.27528656,-0.26689005,-0.28090954","0.38091782,-0.17812942,-0.5989848,-0.2349946,-0.58272815,0.12994596,-0.1488889,-0.61140347,0.18931343",0.0
"0.38091782,-0.17812942,-0.5989848,-0.2349946,-0.58272815,0.12994596,-0.1488889,-0.61140347,0.18931343","0.25801635,0.12245047,0.30561984","0.40555647,-0.16129313,-0.5661519,-0.19204034,-0.6083477,0.20260468,-0.1488889,-0.61140347,0.18931343",0.0
"0.40555647,-0.16129313,-0.5661519,-0.19204034,-0.6083477,0.20260468,-0.1488889,-0.61140347,0.18931343","0.037563086,-0.061053514,-0.04507208","0.4091435,-0.1696877,-0.5709941,-0.18590274,-0.61296004,0.18249062,-0.1488889,-0.61140347,0.18931343",0.0
"0.4091435,-0.1696877,-0.5709941,-0.18590274,-0.61296004,0.18249062,-0.1488889,-0.61140347,0.18931343","0.046078682,0.22931814,0.033507586","0.4135437,-0.13815767,-0.5673944,-0.17247367,-0.5977384,0.23633607,-0.1488889,-0.61140347,0.18931343",0.0
"0.4135437,-0.13815767,-0.5673944,-0.17247367,-0.5977384,0.23633607,-0.1488889,-0.61140347,0.18931343","0.08707106,0.0010638237,-0.23251605","0.42185837,-0.1380114,-0.5923738,-0.15387504,-0.5903536,0.19993322,-0.1488889,-0.61140347,0.18931343",0.0
"0.42185837,-0.1380114,-0.5923738,-0.15387504,-0.5903536,0.19993322,-0.1488889,-0.61140347,0.18931343","0.053441763,-0.13709927,0.061426878","0.4269617,-0.15686187,-0.58577466,-0.14778036,-0.6072573,0.18104123,-0.1488889,-0.61140347,0.18931343",0.0
"0.0,0.0,0.0,2.8652207e-07,0.005789075,0.993462,-0.014795322,0.24865496,0.096280605","-0.96701837,-0.82289,-0.9793952","-0.09234325,-0.11314314,-0.10521704,-0.36065996,0.11370846,0.89697844,-0.014795322,0.24865496,0.096280605",0.0
"-0.09234325,-0.11314314,-0.10521704,-0.36065996,0.11370846,0.89697844,-0.014795322,0.24865496,0.096280605","-0.9884959,0.6854117,-0.95894223","-0.18673743,-0.018902555,-0.20823684,-0.25663447,0.17754172,0.88806087,-0.014795322,0.24865496,0.096280605",0.0
"-0.18673743,-0.018902555,-0.20823684,-0.25663447,0.17754172,0.88806087,-0.014795322,0.24865496,0.096280605","-0.82842183,0.34145832,-0.9645399","-0.26584572,0.02804622,-0.311858,-0.21836612,0.24989389,0.8189973,-0.014795322,0.24865496,0.096280605",0.0
"-0.26584572,0.02804622,-0.311858,-0.21836612,0.24989389,0.8189973,-0.014795322,0.24865496,0.096280605","-0.66693974,0.47345972,-0.96377885","-0.3295336,0.093144506,-0.41539744,-0.15266746,0.26863137,0.74517775,-0.014795322,0.24865496,0.096280605",0.0
"-0.3295336,0.093144506,-0.41539744,-0.15266746,0.26863137,0.74517775,-0.014795322,0.24865496,0.096280605","-0.45287502,0.2597866,-0.9931096","-0.37277988,0.12886384,-0.5220879,-0.120961204,0.3012407,0.6273894,-0.014795322,0.24865496,0.096280605",0.0
"-0.37277988,0.12886384,-0.5220879,-0.120961204,0.3012407,0.6273894,-0.014795322,0.24865496,0.096280605","-0.28594637,0.44169033,-0.99280286","-0.40008572,0.189594,-0.6287454,-0.08352185,0.27604195,0.5146095,-0.014795322,0.24865496,0.096280605",0.0
"-0.40008572,0.189594,-0.6287454,-0.08352185,0.27604195,0.5146095,-0.014795322,0.24865496,0.096280605","-0.3476497,-0.50973576,-0.964923","-0.43328372,0.11950798,-0.7324077,-0.06949516,0.35452855,0.29725975,-0.014795322,0.24865496,0.096280605",0.0
"-0.43328372,0.11950798,-0.7324077,-0.06949516,0.35452855,0.29725975,-0.014795322,0.24865496,0.096280605","-0.441038,0.25738215,-0.9285754","-0.47539964,0.15489672,-0.8321652,-0.016902592,0.2932701,0.17782451,-0.014795322,0.24865496,0.096280605",0.0
"-0.47539964,0.15489672,-0.8321652,-0.016902592,0.2932701,0.17782451,-0.014795322,0.24865496,0.096280605","-0.025221527,-0.009206414,-0.5501572","-0.47780812,0.1536309,-0.8912689,-0.011979473,0.2546699,0.096059375,-0.014795322,0.24865496,0.096280605",0.0
"0.0,0.0,0.0,2.8652207e-07,0.005789075,0.993462,-0.2408772,-0.088830404,0.2937874","0.20749116,-0.56037605,-0.98358685","0.019813895,-0.077048816,-0.10566736,-0.305851,-0.013262731,0.92677546,-0.2408772,-0.088830404,0.2937874",0.0
"0.019813895,-0.077048816,-0.10566736,-0.305851,-0.013262731,0.92677546,-0.2408772,-0.088830404,0.2937874","0.039206624,0.8314792,-0.9957496","0.023557851,0.037275303,-0.21264142,-0.20488705,-0.00938637,0.9198269,-0.2408772,-0.088830404,0.2937874",0.0
"0.023557851,0.037275303,-0.21264142,-0.20488705,-0.00938637,0.9198269,-0.2408772,-0.088830404,0.2937874","-0.06985575,0.46805882,-0.9773271","0.016887145,0.10163101,-0.3176363,-0.1999721,-0.0048216735,0.860739,-0.2408772,-0.088830404,0.2937874",0.0
"0.016887145,0.10163101,-0.3176363,-0.1999721,-0.0048216735,0.860739,-0.2408772,-0.088830404,0.2937874","0.05292523,0.5270649,-0.99336296","0.021941133,0.17409974,-0.424354,-0.17721121,-0.00643167,0.7824787,-0.2408772,-0.088830404,0.2937874",0.0
"0.021941133,0.17409974,-0.424354,-0.17721121,-0.00643167,0.7824787,-0.2408772,-0.088830404,0.2937874","0.20710576,-0.17725474,-0.9810757","0.041718237,0.14972816,-0.52975166,-0.29653817,-0.03324957,0.63225067,-0.2408772,-0.088830404,0.2937874",0.0
"0.041718237,0.14972816,-0.52975166,-0.29653817,-0.03324957,0.63225067,-0.2408772,-0.088830404,0.2937874","0.19141567,0.34377575,-0.96686125","0.059997052,0.19699557,-0.63362217,-0.27688575,-0.046922524,0.5123346,-0.2408772,-0.088830404,0.2937874",0.0
"0.059997052,0.19699557,-0.63362217,-0.27688575,-0.046922524,0.5123346,-0.2408772,-0.088830404,0.2937874","0.21680951,0.043466687,-0.83959234","0.0807008,0.20297204,-0.7238202,-0.2804651,-0.06668946,0.37693286,-0.2408772,-0.088830404,0.2937874",0.0
"0.0807008,0.20297204,-0.7238202,-0.2804651,-0.06668946,0.37693286,-0.2408772,-0.088830404,0.2937874","0.22925925,0.13430989,-0.621277","0.10259341,0.22143897,-0.7905644,-0.252746,-0.07830145,0.28566772,-0.2408772,-0.088830404,0.2937874",0.0
"0.0,0.0,0.0,2.8652207e-07,0.005789075,0.993462,-0.27175438,-0.28666666,0.3476588","0.91378736,-0.86602956,-0.99564373","0.08726005,-0.11907461,-0.10696263,-0.37883678,-0.10052133,0.8899845,-0.27175438,-0.28666666,0.3476588",0.0
"0.08726005,-0.11907461,-0.10696263,-0.37883678,-0.10052133,0.8899845,-0.27175438,-0.28666666,0.3476588","0.68660915,0.8455764,-0.9968395","0.15282625,-0.002812204,-0.21405376,-0.25718376,-0.12740444,0.89458907,-0.27175438,-0.28666666,0.3476588",0.0
"0.15282625,-0.002812204,-0.21405376,-0.25718376,-0.12740444,0.89458907,-0.27175438,-0.28666666,0.3476588","0.4876511,-0.08332229,-0.99053556","0.19939338,-0.014268579,-0.32046768,-0.33960316,-0.23860325,0.7701636,-0.27175438,-0.28666666,0.3476588",0.0
"0.19939338,-0.014268579,-0.32046768,-0.33960316,-0.23860325,0.7701636,-0.27175438,-0.28666666,0.3476588","-0.15597594,0.5462024,-0.9683802","0.1844988,0.06083145,-0.4245014,-0.31188917,-0.19725165,0.7064482,-0.27175438,-0.28666666,0.3476588",0.0
"0.1844988,0.06083145,-0.4245014,-0.31188917,-0.19725165,0.7064482,-0.27175438,-0.28666666,0.3476588","0.20304501,0.059029102,-0.969398","0.20388813,0.068947665,-0.52864444,-0.3329984,-0.24098833,0.56382227,-0.27175438,-0.28666666,0.3476588",0.0
"0.20388813,0.068947665,-0.52864444,-0.3329984,-0.24098833,0.56382227,-0.27175438,-0.28666666,0.3476588","-0.030889452,0.034103274,-0.86831266","0.2009384,0.073636696,-0.62192786,-0.3432327,-0.2437519,0.42442,-0.27175438,-0.28666666,0.3476588",0.0
"0.2009384,0.073636696,-0.62192786,-0.3432327,-0.2437519,0.42442,-0.27175438,-0.28666666,0.3476588","0.30090904,0.11034119,-0.42576724","0.22967304,0.08880805,-0.66766834,-0.30590656,-0.26142472,0.3683938,-0.27175438,-0.28666666,0.3476588",0.0
"0.22967304,0.08880805,-0.66766834,-0.30590656,-0.26142472,0.3683938,-0.27175438,-0.28666666,0.3476588","0.18007672,-0.038865685,-0.12634552","0.24686906,0.08346423,-0.68124175,-0.29318535,-0.2793667,0.34211025,-0.27175438,-0.28666666,0.3476588",0.0
"0.24686906,0.08346423,-0.68124175,-0.29318535,-0.2793667,0.34211025,-0.27175438,-0.28666666,0.3476588","0.01869154,0.047792077,0.03592825","0.24865398,0.0900354,-0.677382,-0.28789005,-0.27731368,0.3545274,-0.27175438,-0.28666666,0.3476588",0.0
"0.24865398,0.0900354,-0.677382,-0.28789005,-0.27731368,0.3545274,-0.27175438,-0.28666666,0.3476588","0.0008635521,-0.064590216,-0.046350956","0.24873643,0.081154585,-0.68236154,-0.29283738,-0.28236768,0.33809635,-0.27175438,-0.28666666,0.3476588",0.0
"0.24873643,0.081154585,-0.68236154,-0.29283738,-0.28236768,0.33809635,-0.27175438,-0.28666666,0.3476588","0.03090012,0.08495033,0.042245507","0.25168717,0.09283482,-0.6778232,-0.2833621,-0.27815205,0.35656413,-0.27175438,-0.28666666,0.3476588",0.0
"0.0,0.0,0.0,2.8652207e-07,0.005789075,0.993462,0.07040936,-0.0057894737,0.224356","-0.2338618,0.86413145,-0.99017864","-0.02233209,0.11881365,-0.10637556,0.10791202,-0.0017798048,0.9746028,0.07040936,-0.0057894737,0.224356",0.0
"-0.02233209,0.11881365,-0.10637556,0.10791202,-0.0017798048,0.9746028,0.07040936,-0.0057894737,0.224356","0.03567779,0.1798681,-0.9223043","-0.018925106,0.14354463,-0.20545934,0.023749614,0.004385631,0.94772124,0.07040936,-0.0057894737,0.224356",0.0
"-0.018925106,0.14354463,-0.20545934,0.023749614,0.004385631,0.94772124,0.07040936,-0.0057894737,0.224356","-0.54891396,0.8864114,-0.9945669","-0.071342394,0.2654217,-0.31230634,0.12417018,-0.022368006,0.8795605,0.07040936,-0.0057894737,0.224356",0.0
"-0.071342394,0.2654217,-0.31230634,0.12417018,-0.022368006,0.8795605,0.07040936,-0.0057894737,0.224356","0.019026637,0.069763064,-0.9470602","-0.06952548,0.2750138,-0.4140497,0.01596394,0.00238663,0.81270224,0.07040936,-0.0057894737,0.224356",0.0
"-0.06952548,0.2750138,-0.4140497,0.01596394,0.00238663,0.81270224,0.07040936,-0.0057894737,0.224356","-0.4602294,0.8283553,-0.98128504","-0.11347404,0.38890845,-0.51946986,0.08411839,-0.025148092,0.70793414,0.07040936,-0.0057894737,0.224356",0.0
"-0.11347404,0.38890845,-0.51946986,0.08411839,-0.025148092,0.70793414,0.07040936,-0.0057894737,0.224356","-0.19820976,0.318357,-0.98333275","-0.13240163,0.43268093,-0.62511,0.039861232,-0.011278946,0.59486747,0.07040936,-0.0057894737,0.224356",0.0
"-0.13240163,0.43268093,-0.62511,0.039861232,-0.011278946,0.59486747,0.07040936,-0.0057894737,0.224356","0.24036086,0.8091266,-0.8462249","-0.1094489,0.5439317,-0.7160205,0.09148446,-0.026608545,0.4733252,0.07040936,-0.0057894737,0.224356",0.0
"-0.1094489,0.5439317,-0.7160205,0.09148446,-0.026608545,0.4733252,0.07040936,-0.0057894737,0.224356","0.4768467,0.11678946,-0.85023695","-0.0639135,0.55998975,-0.8073621,0.03547356,-0.0013119688,0.3573972,0.07040936,-0.0057894737,0.224356",0.0
"-0.0639135,0.55998975,-0.8073621,0.03547356,-0.0013119688,0.3573972,0.07040936,-0.0057894737,0.224356","0.19736326,0.35471773,-0.57482433","-0.045066744,0.6087616,-0.8691158,0.03484216,0.00088160846,0.26889113,0.07040936,-0.0057894737,0.224356",0.0
"-0.045066744,0.6087616,-0.8691158,0.03484216,0.00088160846,0.26889113,0.07040936,-0.0057894737,0.224356","0.15253997,0.22316527,-0.16453016","-0.030500283,0.6394458,-0.8867915,0.045648187,0.0014285508,0.24143487,0.07040936,-0.0057894737,0.224356",0.0
"-0.030500283,0.6394458,-0.8867915,0.045648187,0.0014285508,0.24143487,0.07040936,-0.0057894737,0.224356","0.08840668,0.11727178,0.15742302","-0.022058085,0.6555701,-0.86987954,0.0691271,0.0010051922,0.2619563,0.07040936,-0.0057894737,0.224356",0.0
"-0.022058085,0.6555701,-0.86987954,0.0691271,0.0010051922,0.2619563,0.07040936,-0.0057894737,0.224356","-0.08971888,0.066280484,-0.116185546","-0.030625584,0.66468334,-0.88236153,0.06641486,-0.0005935498,0.2439947,0.07040936,-0.0057894737,0.224356",0.0
"-0.030625584,0.66468334,-0.88236153,0.06641486,-0.0005935498,0.2439947,0.07040936,-0.0057894737,0.224356","0.14340079,0.006066084,-0.08196497","-0.016931847,0.66551745,-0.89116716,0.06058569,0.002571729,0.2321174,0.07040936,-0.0057894737,0.224356",0.0
"0.0,0.0,0.0,2.8652207e-07,0.005789075,0.993462,-0.74368423,-0.11824561,0.12825042","0.3259653,-0.9977112,-0.9940705","0.031127315,-0.13718016,-0.10679361,-0.42553532,-0.03592911,0.8720428,-0.74368423,-0.11824561,0.12825042",0.0
"0.031127315,-0.13718016,-0.10679361,-0.42553532,-0.03592911,0.8720428,-0.74368423,-0.11824561,0.12825042","-0.11981392,-0.94144523,-0.9725153","0.019685952,-0.26662403,-0.21127154,-0.7311969,-0.039478656,0.56080693,-0.74368423,-0.11824561,0.12825042",0.0
"0.019685952,-0.26662403,-0.21127154,-0.7311969,-0.039478656,0.56080693,-0.74368423,-0.11824561,0.12825042","0.3060348,-0.22929484,-0.96978515","0.048910048,-0.29815093,-0.31545618,-0.7903512,-0.116548724,0.34363952,-0.74368423,-0.11824561,0.12825042",0.0
"0.048910048,-0.29815093,-0.31545618,-0.7903512,-0.116548724,0.34363952,-0.74368423,-0.11824561,0.12825042","-0.11570966,0.034359813,-0.9075754","0.037860617,-0.29342666,-0.41295758,-0.778013,-0.08714725,0.20166256,-0.74368423,-0.11824561,0.12825042",0.0
"0.037860617,-0.29342666,-0.41295758,-0.778013,-0.08714725,0.20166256,-0.74368423,-0.11824561,0.12825042","0.25423026,-0.07836181,-0.48896784","0.062137756,-0.30420104,-0.46548772,-0.7529143,-0.14297222,0.10322276,-0.74368423,-0.11824561,0.12825042",0.0
"0.062137756,-0.30420104,-0.46548772,-0.7529143,-0.14297222,0.10322276,-0.74368423,-0.11824561,0.12825042","-0.24050629,0.24729419,0.049783945","0.03917115,-0.2701994,-0.4601394,-0.7468854,-0.086545,0.17406385,-0.74368423,-0.11824561,0.12825042",0.0
"0.03917115,-0.2701994,-0.4601394,-0.7468854,-0.086545,0.17406385,-0.74368423,-0.11824561,0.12825042","0.20273614,0.033796787,-0.15679014","0.058530975,-0.26555252,-0.47698346,-0.7303938,-0.12995112,0.15759121,-0.74368423,-0.11824561,0.12825042",0.0
"0.058530975,-0.26555252,-0.47698346,-0.7303938,-0.12995112,0.15759121,-0.74368423,-0.11824561,0.12825042","-0.12066215,-0.082244754,-0.05392325","0.04700861,-0.27686077,-0.48277646,-0.7374918,-0.10385991,0.12862673,-0.74368423,-0.11824561,0.12825042",0.0
"0.0,0.0,0.0,2.8652207e-07,0.005789075,0.993462,-0.08935673,0.10561403,0.19748566","-0.85482323,-0.3609326,-0.9764259","-0.08162941,-0.049626373,-0.10489806,-0.23906659,0.06867293,0.94583803,-0.08935673,0.10561403,0.19748566",0.0
"-0.08162941,-0.049626373,-0.10489806,-0.23906659,0.06867293,0.94583803,-0.08935673,0.10561403,0.19748566","-0.52425617,0.7752061,-0.9937951","-0.13169205,0.056960493,-0.21166214,-0.14760906,0.071132526,0.929401,-0.08935673,0.10561403,0.19748566",0.0
"-0.13169205,0.056960493,-0.21166214,-0.14760906,0.071132526,0.929401,-0.08935673,0.10561403,0.19748566","-0.58834434,0.33530688,-0.99414885","-0.18787464,0.10306349,-0.31846422,-0.16137937,0.11507358,0.86063707,-0.08935673,0.10561403,0.19748566",0.0
"-0.18787464,0.10306349,-0.31846422,-0.16137937,0.11507358,0.86063707,-0.08935673,0.10561403,0.19748566","-0.04874581,0.7700958,-0.9953171","-0.19252951,0.20894773,-0.42539185,-0.092636935,0.07107582,0.793847,-0.08935673,0.10561403,0.19748566",0.0
"-0.19252951,0.20894773,-0.42539185,-0.092636935,0.07107582,0.793847,-0.08935673,0.10561403,0.19748566","-0.055942655,0.3938899,-0.99108297","-0.19787164,0.2631056,-0.5318646,-0.099672794,0.07852501,0.6884821,-0.08935673,0.10561403,0.19748566",0.0
"-0.19787164,0.2631056,-0.5318646,-0.099672794,0.07852501,0.6884821,-0.08935673,0.10561403,0.19748566","-0.024356961,0.08304596,-0.9950311","-0.20019756,0.274524,-0.6387615,-0.14587058,0.11327897,0.5487735,-0.08935673,0.10561403,0.19748566",0.0
"-0.20019756,0.274524,-0.6387615,-0.14587058,0.11327897,0.5487735,-0.08935673,0.10561403,0.19748566","-0.07020241,0.4775386,-0.97693694","-0.20690137,0.3401831,-0.7437145,-0.11757693,0.096654974,0.41997924,-0.08935673,0.10561403,0.19748566",0.0
"-0.20690137,0.3401831,-0.7437145,-0.11757693,0.096654974,0.41997924,-0.08935673,0.10561403,0.19748566","-0.2094385,0.12614048,-0.8595769","-0.22690123,0.3575268,-0.83605945,-0.111488655,0.104030825,0.2837908,-0.08935673,0.10561403,0.19748566",0.0
"-0.22690123,0.3575268,-0.83605945,-0.111488655,0.104030825,0.2837908,-0.08935673,0.10561403,0.19748566","-0.10167366,0.033938646,-0.53387713","-0.23661032,0.36219326,-0.8934143,-0.1024027,0.101994574,0.19620098,-0.08935673,0.10561403,0.19748566",0.0
"0.0,0.0,0.0,2.8652207e-07,0.005789075,0.993462,-0.016783627,-0.023859648,0.07248303","-0.95882356,0.8631635,-0.9985879","-0.091560684,0.11868055,-0.107278965,0.10350491,-0.024584902,0.9745822,-0.016783627,-0.023859648,0.07248303",0.0
"-0.091560684,0.11868055,-0.107278965,0.10350491,-0.024584902,0.9745822,-0.016783627,-0.023859648,0.07248303","-0.97947305,0.44481337,-0.97104496","-0.18509324,0.17984015,-0.21159899,0.07869426,-0.04479786,0.9404983,-0.016783627,-0.023859648,0.07248303",0.0
"-0.18509324,0.17984015,-0.21159899,0.07869426,-0.04479786,0.9404983,-0.016783627,-0.023859648,0.07248303","-0.96890396,0.69875646,-0.997489","-0.27761653,0.2759156,-0.31875992,0.093042426,-0.10176918,0.87329787,-0.016783627,-0.023859648,0.07248303",0.0
"-0.27761653,0.2759156,-0.31875992,0.093042426,-0.10176918,0.87329787,-0.016783627,-0.023859648,0.07248303","-0.9791411,0.5896058,-0.9917658","-0.37111738,0.35698342,-0.425306,0.0637803,-0.13412325,0.78813124,-0.016783627,-0.023859648,0.07248303",0.0
"-0.37111738,0.35698342,-0.425306,0.0637803,-0.13412325,0.78813124,-0.016783627,-0.023859648,0.07248303","-0.98746866,0.53576493,-0.9986007","-0.46541345,0.4306484,-0.5325864,0.020787397,-0.13717742,0.6852665,-0.016783627,-0.023859648,0.07248303",0.0
"-0.46541345,0.4306484,-0.5325864,0.020787397,-0.13717742,0.6852665,-0.016783627,-0.023859648,0.07248303","-0.9888282,0.70291317,-0.9955452","-0.55983937,0.52729535,-0.63953847,-0.02316745,-0.15275612,0.55733365,-0.016783627,-0.023859648,0.07248303",0.0
"-0.55983937,0.52729535,-0.63953847,-0.02316745,-0.15275612,0.55733365,-0.016783627,-0.023859648,0.07248303","-0.9916351,0.5881393,-0.985146","-0.6545334,0.60816157,-0.7453734,-0.058840718,-0.123931006,0.42269737,-0.016783627,-0.023859648,0.07248303",0.0
"-0.6545334,0.60816157,-0.7453734,-0.058840718,-0.123931006,0.42269737,-0.016783627,-0.023859648,0.07248303","-0.6235719,0.14668155,-0.98688424","-0.71408,0.6283296,-0.8513951,-0.033982087,-0.05196133,0.29062894,-0.016783627,-0.023859648,0.07248303",0.0
"-0.71408,0.6283296,-0.8513951,-0.033982087,-0.05196133,0.29062894,-0.016783627,-0.023859648,0.07248303","-0.52818376,0.2566861,-0.97315603","-0.76451766,0.6636226,-0.955942,-0.011327358,-0.018176675,0.14102621,-0.016783627,-0.023859648,0.07248303",0.0
"-0.76451766,0.6636226,-0.955942,-0.011327358,-0.018176675,0.14102621,-0.016783627,-0.023859648,0.07248303","-0.5580933,0.35665393,-0.85409427","-0.81781155,0.7126608,-1.0,-0.015020227,-0.016564544,0.07364045,-0.016783627,-0.023859648,0.07248303",0.0
"0.0,0.0,0.0,2.8652207e-07,0.005789075,0.993462,0.37391815,0.12222222,0.123935476","0.58988154,0.9875777,-0.7977896","0.05632942,0.13578686,-0.08570707,0.16900773,0.03610542,0.96848696,0.37391815,0.12222222,0.123935476",0.0
"0.05632942,0.13578686,-0.08570707,0.16900773,0.03610542,0.96848696,0.37391815,0.12222222,0.123935476","0.83401966,0.9886656,-0.88494086","0.13597225,0.27172333,-0.18077688,0.28891566,0.13787526,0.89701575,0.37391815,0.12222222,0.123935476",0.0
"0.13597225,0.27172333,-0.18077688,0.28891566,0.13787526,0.89701575,0.37391815,0.12222222,0.123935476","0.63812864,0.9845017,-0.9819623","0.1969089,0.4070873,-0.28626975,0.34515566,0.2527915,0.7872918,0.37391815,0.12222222,0.123935476",0.0
"0.1969089,0.4070873,-0.28626975,0.34515566,0.2527915,0.7872918,0.37391815,0.12222222,0.123935476","-0.5997431,0.96290207,-0.9039675","0.13963778,0.5394814,-0.38338366,0.4587918,0.22164884,0.6497742,0.37391815,0.12222222,0.123935476",0.0
"0.13963778,0.5394814,-0.38338366,0.4587918,0.22164884,0.6497742,0.37391815,0.12222222,0.123935476","0.07668412,0.9754549,-0.9128773","0.14696057,0.6736015,-0.48145467,0.4935081,0.25201467,0.49237627,0.37391815,0.12222222,0.123935476",0.0
"0.14696057,0.6736015,-0.48145467,0.4935081,0.25201467,0.49237627,0.37391815,0.12222222,0.123935476","-0.52861655,0.9115094,-0.86261815","0.096481524,0.79892933,-0.5741263,0.5294681,0.17165323,0.34079054,0.37391815,0.12222222,0.123935476",0.0
"0.096481524,0.79892933,-0.5741263,0.5294681,0.17165323,0.34079054,0.37391815,0.12222222,0.123935476","-0.38095897,0.39815378,-0.9562014","0.060102712,0.8536735,-0.6768517,0.4502669,0.091937765,0.28186432,0.37391815,0.12222222,0.123935476",0.0
"0.060102712,0.8536735,-0.6768517,0.4502669,0.091937765,0.28186432,0.37391815,0.12222222,0.123935476","0.40975404,0.88819027,-0.7303511","0.09923125,0.97579527,-0.75531375,0.4066007,0.13711053,0.14825763,0.37391815,0.12222222,0.123935476",0.0
"0.09923125,0.97579527,-0.75531375,0.4066007,0.13711053,0.14825763,0.37391815,0.12222222,0.123935476","-0.024787545,0.3579532,-0.20177418","0.09686552,0.99998087,-0.7769857,0.39018524,0.12861279,0.1240194,0.37391815,0.12222222,0.123935476",0.0
"0.0,0.0,0.0,2.8652207e-07,0.005789075,0.993462,-0.0116959065,-0.06964912,0.224356","0.86479855,0.5351312,-0.9975676","0.08258199,0.0735778,-0.107169345,0.00803304,0.008121704,0.98098785,-0.0116959065,-0.06964912,0.224356",0.0
"0.08258199,0.0735778,-0.107169345,0.00803304,0.008121704,0.98098785,-0.0116959065,-0.06964912,0.224356","0.6095493,0.50292516,-0.989365","0.14078954,0.14272746,-0.2134575,0.0074590445,0.009938216,0.9443943,-0.0116959065,-0.06964912,0.224356",0.0
"0.14078954,0.14272746,-0.2134575,0.0074590445,0.009938216,0.9443943,-0.0116959065,-0.06964912,0.224356","0.10846758,0.42212653,-0.99850523","0.15114741,0.20076773,-0.32072762,-0.012677758,-8.0692835e-06,0.88379455,-0.0116959065,-0.06964912,0.224356",0.0
"0.15114741,0.20076773,-0.32072762,-0.012677758,-8.0692835e-06,0.88379455,-0.0116959065,-0.06964912,0.224356","0.3960606,0.665117,-0.9789357","0.18896833,0.29221794,-0.42589536,0.023345908,0.022739602,0.8019847,-0.0116959065,-0.06964912,0.224356",0.0
"0.18896833,0.29221794,-0.42589536,0.023345908,0.022739602,0.8019847,-0.0116959065,-0.06964912,0.224356","0.38755214,0.50792,-0.99476427","0.22597675,0.36205438,-0.5327636,0.01879222,0.023783447,0.6992174,-0.0116959065,-0.06964912,0.224356",0.0
"0.22597675,0.36205438,-0.5327636,0.01879222,0.023783447,0.6992174,-0.0116959065,-0.06964912,0.224356","0.3315754,0.2085892,-0.994151","0.2576398,0.39073437,-0.63956594,-0.024724523,-0.017549882,0.57821625,-0.0116959065,-0.06964912,0.224356",0.0
"0.2576398,0.39073437,-0.63956594,-0.024724523,-0.017549882,0.57821625,-0.0116959065,-0.06964912,0.224356","0.065378785,0.3130523,-0.98596406","0.263883,0.4337775,-0.74548876,-0.039672107,-0.034724098,0.44077602,-0.0116959065,-0.06964912,0.224356",0.0
"0.263883,0.4337775,-0.74548876,-0.039672107,-0.034724098,0.44077602,-0.0116959065,-0.06964912,0.224356","0.15364683,-0.25297356,-0.8945846","0.27855515,0.39899498,-0.84159464,-0.08138308,-0.0884386,0.28894234,-0.0116959065,-0.06964912,0.224356",0.0
"0.27855515,0.39899498,-0.84159464,-0.08138308,-0.0884386,0.28894234,-0.0116959065,-0.06964912,0.224356","0.5383135,0.28965437,-0.6739956","0.3299602,0.43882102,-0.9140025,-0.053743716,-0.07947955,0.18655545,-0.0116959065,-0.06964912,0.224356",0.0
"0.3299602,0.43882102,-0.9140025,-0.053743716,-0.07947955,0.18655545,-0.0116959065,-0.06964912,0.224356","0.21590114,0.18020928,0.15948653","0.3505772,0.4635989,-0.8968689,-0.041181993,-0.06839084,0.21859957,-0.0116959065,-0.06964912,0.224356",0.0
"0.3505772,0.4635989,-0.8968689,-0.041181993,-0.06839084,0.21859957,-0.0116959065,-0.06964912,0.224356","0.21205068,0.17435646,0.03958261","0.37082648,0.48757204,-0.8926166,-0.030176567,-0.055569027,0.22936955,-0.0116959065,-0.06964912,0.224356",0.0
"0.37082648,0.48757204,-0.8926166,-0.030176567,-0.055569027,0.22936955,-0.0116959065,-0.06964912,0.224356","0.18528831,0.071752906,-0.07078993","0.38852018,0.49743778,-0.9002217,-0.025298156,-0.052383836,0.21907164,-0.0116959065,-0.06964912,0.224356",0.0
"0.38852018,0.49743778,-0.9002217,-0.025298156,-0.052383836,0.21907164,-0.0116959065,-0.06964912,0.224356","0.053879976,0.05156803,0.013032198","0.3936653,0.50452816,-0.8988217,-0.022814829,-0.04807973,0.2221898,-0.0116959065,-0.06964912,0.224356",0.0
"0.3936653,0.50452816,-0.8988217,-0.022814829,-0.04807973,0.2221898,-0.0116959065,-0.06964912,0.224356","0.15742421,-0.0519132,0.03871727","0.40869817,0.4973904,-0.8946624,-0.021609753,-0.05279886,0.22764571,-0.0116959065,-0.06964912,0.224356",0.0
"0.40869817,0.4973904,-0.8946624,-0.021609753,-0.05279886,0.22764571,-0.0116959065,-0.06964912,0.224356","0.18698764,0.034497976,-0.11988336","0.42655414,0.5021337,-0.9075416,-0.018497936,-0.05342704,0.20840684,-0.0116959065,-0.06964912,0.224356",0.0
"0.42655414,0.5021337,-0.9075416,-0.018497936,-0.05342704,0.20840684,-0.0116959065,-0.06964912,0.224356","0.09293687,0.06674445,0.07834649","0.43542892,0.5113108,-0.8991248,-0.015435249,-0.04630802,0.22256199,-0.0116959065,-0.06964912,0.224356",0.0
"0.43542892,0.5113108,-0.8991248,-0.015435249,-0.04630802,0.22256199,-0.0116959065,-0.06964912,0.224356","0.21532595,-0.0065639615,0.035380483","0.455991,0.51040834,-0.895324,-0.012366253,-0.04686602,0.22829321,-0.0116959065,-0.06964912,0.224356",0.0
"0.455991,0.51040834,-0.895324,-0.012366253,-0.04686602,0.22829321,-0.0116959065,-0.06964912,0.224356","0.2810291,-0.11677319,-0.111215115","0.48282725,0.4943527,-0.907272,-0.009077963,-0.06074493,0.20771058,-0.0116959065,-0.06964912,0.224356",0.0
"0.48282725,0.4943527,-0.907272,-0.009077963,-0.06074493,0.20771058,-0.0116959065,-0.06964912,0.224356","0.083595276,-0.1432122,0.04201913","0.49080998,0.47466186,-0.90275794,-0.007897018,-0.072905235,0.21149775,-0.0116959065,-0.06964912,0.224356",0.0
"0.0,0.0,0.0,2.8652207e-07,0.005789075,0.993462,-0.0151462,0.024970759,0.07248303","-0.81082153,0.27221274,-0.89663875","-0.077427566,0.037427865,-0.096326485,-0.049858853,0.018337747,0.98184186,-0.0151462,0.024970759,0.07248303",0.0
"-0.077427566,0.037427865,-0.096326485,-0.049858853,0.018337747,0.98184186,-0.0151462,0.024970759,0.07248303","-0.85660124,0.77360964,-0.99502873","-0.15922675,0.14379524,-0.20322311,0.02645798,-0.007864428,0.94859356,-0.0151462,0.024970759,0.07248303",0.0
"-0.15922675,0.14379524,-0.20322311,0.02645798,-0.007864428,0.94859356,-0.0151462,0.024970759,0.07248303","-0.7622532,0.40611923,-0.9844207","-0.23201637,0.19963458,-0.30898014,0.0048403614,0.0034391487,0.89163095,-0.0151462,0.024970759,0.07248303",0.0
"-0.23201637,0.19963458,-0.30898014,0.0048403614,0.0034391487,0.89163095,-0.0151462,0.024970759,0.07248303","-0.41779774,0.41666245,-0.9980165","-0.27191302,0.25692356,-0.41619772,-0.008948827,0.0190886,0.8107527,-0.0151462,0.024970759,0.07248303",0.0
"-0.27191302,0.25692356,-0.41619772,-0.008948827,0.0190886,0.8107527,-0.0151462,0.024970759,0.07248303","-0.15853745,0.29578924,-0.97510487","-0.28705218,0.2975931,-0.52095395,-0.033776633,0.052056357,0.70931304,-0.0151462,0.024970759,0.07248303",0.0
"-0.28705218,0.2975931,-0.52095395,-0.033776633,0.052056357,0.70931304,-0.0151462,0.024970759,0.07248303","0.406685,0.5544214,-0.9806118","-0.2482167,0.3738232,-0.62630177,-0.025772056,0.033626854,0.59337753,-0.0151462,0.024970759,0.07248303",0.0
"-0.2482167,0.3738232,-0.62630177,-0.025772056,0.033626854,0.59337753,-0.0151462,0.024970759,0.07248303","-0.12285483,0.071621895,-0.99234605","-0.25994846,0.3836709,-0.73291016,-0.06472863,0.07736256,0.4495335,-0.0151462,0.024970759,0.07248303",0.0
"-0.25994846,0.3836709,-0.73291016,-0.06472863,0.07736256,0.4495335,-0.0151462,0.024970759,0.07248303","0.49868298,0.7085353,-0.95027375","-0.21232785,0.4810909,-0.8349987,-0.036279317,0.035937455,0.31623918,-0.0151462,0.024970759,0.07248303",0.0
"-0.21232785,0.4810909,-0.8349987,-0.036279317,0.035937455,0.31623918,-0.0151462,0.024970759,0.07248303","-0.06496972,0.21234357,-0.9509319","-0.21853198,0.5102871,-0.937158,-0.039269824,0.039668165,0.1635286,-0.0151462,0.024970759,0.07248303",0.0
"-0.21853198,0.5102871,-0.937158,-0.039269824,0.039668165,0.1635286,-0.0151462,0.024970759,0.07248303","0.20158052,0.30149436,-0.81900007","-0.1992825,0.55174106,-1.0000001,-0.02794047,0.02734841,0.0702555,-0.0151462,0.024970759,0.07248303",0.0
"0.0,0.0,0.0,2.8652207e-07,0.005789075,0.993462,0.17771931,-0.2825731,0.21768744","-0.61078084,0.9806993,-0.9921447","-0.05832512,0.13484111,-0.10658678,0.1402642,-0.020105062,0.96972114,0.17771931,-0.2825731,0.21768744",0.0
"-0.05832512,0.13484111,-0.10658678,0.1402642,-0.020105062,0.96972114,0.17771931,-0.2825731,0.21768744","-0.8672212,0.9757328,-0.9768403","-0.14113845,0.2689994,-0.2115294,0.24798387,-0.11136882,0.9010038,0.17771931,-0.2825731,0.21768744",0.0
"-0.14113845,0.2689994,-0.2115294,0.24798387,-0.11136882,0.9010038,0.17771931,-0.2825731,0.21768744","-0.92261326,0.843995,-0.9678076","-0.22924131,0.38504443,-0.31550166,0.26507363,-0.22487235,0.8092333,0.17771931,-0.2825731,0.21768744",0.0
"-0.22924131,0.38504443,-0.31550166,0.26507363,-0.22487235,0.8092333,0.17771931,-0.2825731,0.21768744","-0.5290938,0.6986277,-0.9860557","-0.27976593,0.48110217,-0.4214343,0.23743327,-0.2775051,0.71152234,0.17771931,-0.2825731,0.21768744",0.0
"-0.27976593,0.48110217,-0.4214343,0.23743327,-0.2775051,0.71152234,0.17771931,-0.2825731,0.21768744","-0.34878922,0.66412973,-0.94101894","-0.31307277,0.5724166,-0.5225286,0.20675029,-0.30018502,0.60345936,0.17771931,-0.2825731,0.21768744",0.0
"-0.31307277,0.5724166,-0.5225286,0.20675029,-0.30018502,0.60345936,0.17771931,-0.2825731,0.21768744","-0.13439637,0.8666117,-0.9605535","-0.32590663,0.69157135,-0.6257215,0.20004174,-0.31740505,0.459361,0.17771931,-0.2825731,0.21768744",0.0
"-0.32590663,0.69157135,-0.6257215,0.20004174,-0.31740505,0.459361,0.17771931,-0.2825731,0.21768744","-0.2328611,0.9328344,-0.91925895","-0.3481432,0.8198313,-0.724478,0.17337145,-0.32280323,0.30626568,0.17771931,-0.2825731,0.21768744",0.0
"-0.3481432,0.8198313,-0.724478,0.17337145,-0.32280323,0.30626568,0.17771931,-0.2825731,0.21768744","0.12910783,0.6910248,-0.58353114","-0.33581436,0.91484374,-0.78716713,0.17756054,-0.30141976,0.20170958,0.17771931,-0.2825731,0.21768744",0.0
"-0.33581436,0.91484374,-0.78716713,0.17756054,-0.30141976,0.20170958,0.17771931,-0.2825731,0.21768744","0.15659916,-0.12971818,0.11583507","-0.32086024,0.89700824,-0.77472293,0.19448248,-0.2974445,0.22098856,0.17771931,-0.2825731,0.21768744",0.0
"-0.32086024,0.89700824,-0.77472293,0.19448248,-0.2974445,0.22098856,0.17771931,-0.2825731,0.21768744","-0.06498277,0.036516547,-0.13781399","-0.32706565,0.90202916,-0.78952837,0.17991574,-0.28672063,0.21166474,0.17771931,-0.2825731,0.21768744",0.0
"0.0,0.0,0.0,2.8652207e-07,0.005789075,0.993462,0.023391813,-0.11584795,0.023057302","-0.9685875,0.9719316,-0.99914944","-0.092493065,0.13363561,-0.1073393,0.1338436,-0.03398206,0.9701255,0.023391813,-0.11584795,0.023057302",0.0
"-0.092493065,0.13363561,-0.1073393,0.1338436,-0.03398206,0.9701255,0.023391813,-0.11584795,0.023057302","-0.99258983,0.6389835,-0.9887985","-0.18727817,0.22149259,-0.21356659,0.14728095,-0.09130237,0.9266232,0.023391813,-0.11584795,0.023057302",0.0
"-0.18727817,0.22149259,-0.21356659,0.14728095,-0.09130237,0.9266232,0.023391813,-0.11584795,0.023057302","-0.81892586,0.6308234,-0.9914523","-0.26547965,0.3082276,-0.320079,0.13738275,-0.14282379,0.85953736,0.023391813,-0.11584795,0.023057302",0.0
"-0.26547965,0.3082276,-0.320079,0.13738275,-0.14282379,0.85953736,0.023391813,-0.11584795,0.023057302","-0.8194876,0.7438159,-0.9663463","-0.34373477,0.41049853,-0.4238943,0.11999585,-0.21219192,0.7632632,0.023391813,-0.11584795,0.023057302",0.0
"-0.34373477,0.41049853,-0.4238943,0.11999585,-0.21219192,0.7632632,0.023391813,-0.11584795,0.023057302","-0.7116499,0.7344651,-0.9310965","-0.41169217,0.5114837,-0.5239226,0.080573045,-0.26180488,0.6503664,0.023391813,-0.11584795,0.023057302",0.0
"-0.41169217,0.5114837,-0.5239226,0.080573045,-0.26180488,0.6503664,0.023391813,-0.11584795,0.023057302","-0.09819865,0.5831065,-0.9846245","-0.42106944,0.59165794,-0.6297015,0.066871405,-0.24054252,0.53363305,0.023391813,-0.11584795,0.023057302",0.0
"-0.42106944,0.59165794,-0.6297015,0.066871405,-0.24054252,0.53363305,0.023391813,-0.11584795,0.023057302","0.0022751093,0.70420897,-0.9927533","-0.4208522,0.6884831,-0.7363537,0.062191762,-0.22141956,0.39525536,0.023391813,-0.11584795,0.023057302",0.0
"-0.4208522,0.6884831,-0.7363537,0.062191762,-0.22141956,0.39525536,0.023391813,-0.11584795,0.023057302","-0.32472324,0.8905786,-0.9946342","-0.45186093,0.8109331,-0.84320784,0.037093185,-0.20497462,0.2389952,0.023391813,-0.11584795,0.023057302",0.0
"-0.45186093,0.8109331,-0.84320784,0.037093185,-0.20497462,0.2389952,0.023391813,-0.11584795,0.023057302","0.14679182,0.8409604,-0.9535095","-0.43784335,0.926561,-0.94564396,0.035684437,-0.1505793,0.096563935,0.023391813,-0.11584795,0.023057302",0.0
"-0.43784335,0.926561,-0.94564396,0.035684437,-0.1505793,0.096563935,0.023391813,-0.11584795,0.023057302","-0.012686253,0.5131295,-0.87629634","-0.43905482,0.9971137,-1.0,0.027994154,-0.11399789,0.023864377,0.023391813,-0.11584795,0.023057302",0.0
"0.0,0.0,0.0,2.8652207e-07,0.005789075,0.993462,-0.17807019,-0.18491228,0.2937874","0.8328501,-0.7297154,-0.98395604","0.07953113,-0.10033212,-0.10570702,-0.34365496,-0.081721835,0.90802085,-0.17807019,-0.18491228,0.2937874",0.0
"0.07953113,-0.10033212,-0.10570702,-0.34365496,-0.081721835,0.90802085,-0.17807019,-0.18491228,0.2937874","0.7218658,0.9274999,-0.9959527","0.14846408,0.027194355,-0.2127029,-0.20398197,-0.096215926,0.91448605,-0.17807019,-0.18491228,0.2937874",0.0
"0.14846408,0.027194355,-0.2127029,-0.20398197,-0.096215926,0.91448605,-0.17807019,-0.18491228,0.2937874","0.013598323,0.7639624,-0.99379855","0.14976263,0.13223527,-0.31946737,-0.13026077,-0.059754223,0.87185687,-0.17807019,-0.18491228,0.2937874",0.0
"0.14976263,0.13223527,-0.31946737,-0.13026077,-0.059754223,0.87185687,-0.17807019,-0.18491228,0.2937874","0.33108282,0.0941211,-0.9487575","0.18137866,0.14517647,-0.42139307,-0.19256549,-0.116503775,0.77170527,-0.17807019,-0.18491228,0.2937874",0.0
"0.18137866,0.14517647,-0.42139307,-0.19256549,-0.116503775,0.77170527,-0.17807019,-0.18491228,0.2937874","-0.17276013,0.51278424,-0.9852408","0.16488133,0.21568169,-0.5272382,-0.17414589,-0.092582025,0.6756399,-0.17807019,-0.18491228,0.2937874",0.0
"0.16488133,0.21568169,-0.5272382,-0.17414589,-0.092582025,0.6756399,-0.17807019,-0.18491228,0.2937874","0.3906567,-0.05731547,-0.93482554","0.20218621,0.20780113,-0.6276671,-0.21694401,-0.15271549,0.528535,-0.17807019,-0.18491228,0.2937874",0.0
"0.20218621,0.20780113,-0.6276671,-0.21694401,-0.15271549,0.528535,-0.17807019,-0.18491228,0.2937874","-0.09713119,-0.07963604,-0.9270465","0.1929109,0.1968516,-0.7272604,-0.24492858,-0.16270491,0.3672176,-0.17807019,-0.18491228,0.2937874",0.0
"0.1929109,0.1968516,-0.7272604,-0.24492858,-0.16270491,0.3672176,-0.17807019,-0.18491228,0.2937874","0.1296246,0.17252147,-0.45615566","0.20528911,0.22057243,-0.7762656,-0.21758153,-0.15643008,0.3072209,-0.17807019,-0.18491228,0.2937874",0.0
"0.20528911,0.22057243,-0.7762656,-0.21758153,-0.15643008,0.3072209,-0.17807019,-0.18491228,0.2937874","0.1280576,0.047551513,0.010860562","0.21751767,0.22711053,-0.7750989,-0.20731035,-0.16133112,0.31326255,-0.17807019,-0.18491228,0.2937874",0.0
"0.21751767,0.22711053,-0.7750989,-0.20731035,-0.16133112,0.31326255,-0.17807019,-0.18491228,0.2937874","0.067465305,0.024080515,-0.17991662","0.22396013,0.23042151,-0.7944275,-0.19945243,-0.16163303,0.28541452,-0.17807019,-0.18491228,0.2937874",0.0
"0.22396013,0.23042151,-0.7944275,-0.19945243,-0.16163303,0.28541452,-0.17807019,-0.18491228,0.2937874","0.12860072,-0.06064689,-0.01670754","0.23624057,0.2220829,-0.7962225,-0.19757201,-0.17333466,0.27736372,-0.17807019,-0.18491228,0.2937874",0.0
"0.23624057,0.2220829,-0.7962225,-0.19757201,-0.17333466,0.27736372,-0.17807019,-0.18491228,0.2937874","0.06296182,-0.021996379,0.096615314","0.24225296,0.21905851,-0.7858432,-0.19762242,-0.1802351,0.29141057,-0.17807019,-0.18491228,0.2937874",0.0
"0.24225296,0.21905851,-0.7858432,-0.19762242,-0.1802351,0.29141057,-0.17807019,-0.18491228,0.2937874","0.043058515,0.075677514,0.02892685","0.24636474,0.22946382,-0.78273565,-0.18965095,-0.1772731,0.3029083,-0.17807019,-0.18491228,0.2937874",0.0
"0.0,0.0,0.0,2.8652207e-07,0.005789075,0.993462,-0.11736842,-0.01374269,0.023057302","-0.9609296,0.54590535,-0.99924153","-0.09176179,0.07505919,-0.10734918,0.013894916,0.0019179232,0.9809085,-0.11736842,-0.01374269,0.023057302",0.0
"-0.09176179,0.07505919,-0.10734918,0.013894916,0.0019179232,0.9809085,-0.11736842,-0.01374269,0.023057302","-0.99045277,0.7919787,-0.9574594","-0.18634282,0.18395221,-0.2102097,0.08718306,-0.05085088,0.9399538,-0.11736842,-0.01374269,0.023057302",0.0
"-0.18634282,0.18395221,-0.2102097,0.08718306,-0.05085088,0.9399538,-0.11736842,-0.01374269,0.023057302","-0.9845181,0.61457014,-0.8794446","-0.28035715,0.2684525,-0.30468905,0.09496247,-0.105958514,0.8818441,-0.11736842,-0.01374269,0.023057302",0.0
"-0.28035715,0.2684525,-0.30468905,0.09496247,-0.105958514,0.8818441,-0.11736842,-0.01374269,0.023057302","-0.9882991,0.74957335,-0.9553695","-0.37473255,0.37151504,-0.40732506,0.08111269,-0.18026267,0.7920909,-0.11736842,-0.01374269,0.023057302",0.0
"-0.37473255,0.37151504,-0.40732506,0.08111269,-0.18026267,0.7920909,-0.11736842,-0.01374269,0.023057302","-0.9716447,0.87784934,-0.995283","-0.46751758,0.49221483,-0.514249,0.031969283,-0.25537065,0.6680945,-0.11736842,-0.01374269,0.023057302",0.0
"-0.46751758,0.49221483,-0.514249,0.031969283,-0.25537065,0.6680945,-0.11736842,-0.01374269,0.023057302","-0.9898768,0.93551123,-0.98587763","-0.56204367,0.6208428,-0.6201625,-0.0521356,-0.29396546,0.5202233,-0.11736842,-0.01374269,0.023057302",0.0
"-0.56204367,0.6208428,-0.6201625,-0.0521356,-0.29396546,0.5202233,-0.11736842,-0.01374269,0.023057302","-0.9830454,0.9593699,-0.9841772","-0.65591735,0.7527513,-0.72589326,-0.13851792,-0.27210394,0.36063904,-0.11736842,-0.01374269,0.023057302",0.0
"-0.65591735,0.7527513,-0.72589326,-0.13851792,-0.27210394,0.36063904,-0.11736842,-0.01374269,0.023057302","-0.9828363,0.86882424,-0.83386755","-0.74977106,0.8722102,-0.8154762,-0.19685078,-0.2053253,0.22214277,-0.11736842,-0.01374269,0.023057302",0.0
"-0.74977106,0.8722102,-0.8154762,-0.19685078,-0.2053253,0.22214277,-0.11736842,-0.01374269,0.023057302","-0.91304845,0.40857553,-0.94746786","-0.83696055,0.92838734,-0.91726315,-0.16159542,-0.097498365,0.11997558,-0.11736842,-0.01374269,0.023057302",0.0
"-0.83696055,0.92838734,-0.91726315,-0.16159542,-0.097498365,0.11997558,-0.11736842,-0.01374269,0.023057302","-0.9517218,0.42301023,-0.90291494","-0.92784303,0.9865492,-1.0,-0.11006165,-0.031326637,0.026847789,-0.11736842,-0.01374269,0.023057302",0.0
"-0.92784303,0.9865492,-1.0,-0.11006165,-0.031326637,0.026847789,-0.11736842,-0.01374269,0.023057302","-0.9071804,0.43030572,-0.73216534","-0.9999984,0.99998003,-1.0000021,-0.118033506,-0.0057892725,0.02304238,-0.11736842,-0.01374269,0.023057302",0.0
"0.0,0.0,0.0,2.8652207e-07,0.005789075,0.993462,0.25415206,-0.036549706,0.2937874","0.66868496,0.9860835,-0.9110998","0.063854575,0.13558143,-0.097880065,0.15103827,0.036619745,0.9693235,0.25415206,-0.036549706,0.2937874",0.0
"0.063854575,0.13558143,-0.097880065,0.15103827,0.036619745,0.9693235,0.25415206,-0.036549706,0.2937874","0.59442985,0.8673942,-0.9810655","0.12061831,0.2548437,-0.2032766,0.23479228,0.099720046,0.91019875,0.25415206,-0.036549706,0.2937874",0.0
"0.12061831,0.2548437,-0.2032766,0.23479228,0.099720046,0.91019875,0.25415206,-0.036549706,0.2937874","-0.7729148,0.8898387,-0.9643029","0.046810564,0.37719202,-0.30687234,0.34075972,0.056328792,0.8163737,0.25415206,-0.036549706,0.2937874",0.0
"0.046810564,0.37719202,-0.30687234,0.34075972,0.056328792,0.8163737,0.25415206,-0.036549706,0.2937874","-0.5840179,0.11541486,-0.8887873","-0.008958899,0.393061,-0.4023554,0.24237144,-0.0010319185,0.7827958,0.25415206,-0.036549706,0.2937874",0.0
"-0.008958899,0.393061,-0.4023554,0.24237144,-0.0010319185,0.7827958,0.25415206,-0.036549706,0.2937874","-0.17377108,0.39078474,-0.87866104","-0.025552772,0.44679195,-0.4967506,0.20839468,-0.010957239,0.7042518,0.25415206,-0.036549706,0.2937874",0.0
"-0.025552772,0.44679195,-0.4967506,0.20839468,-0.010957239,0.7042518,0.25415206,-0.036549706,0.2937874","0.29772544,0.37573135,-0.7461109","0.002877851,0.4984531,-0.5769058,0.18758422,0.0074855066,0.6228591,0.25415206,-0.036549706,0.2937874",0.0
"0.002877851,0.4984531,-0.5769058,0.18758422,0.0074855066,0.6228591,0.25415206,-0.036549706,0.2937874","0.05261302,0.634395,-0.77780545","0.007902014,0.5856792,-0.66046596,0.20457593,0.0108706085,0.513218,0.25415206,-0.036549706,0.2937874",0.0
"0.007902014,0.5856792,-0.66046596,0.20457593,0.0108706085,0.513218,0.25415206,-0.036549706,0.2937874","-0.14056677,0.43463778,-0.48496604","-0.0055210902,0.6454397,-0.7125662,0.21304691,0.0020945221,0.43851054,0.25415206,-0.036549706,0.2937874",0.0
"-0.0055210902,0.6454397,-0.7125662,0.21304691,0.0020945221,0.43851054,0.25415206,-0.036549706,0.2937874","-0.40892863,0.657145,-0.4949988","-0.044570807,0.7357938,-0.7657442,0.23829465,-0.027740031,0.34437647,0.25415206,-0.036549706,0.2937874",0.0
"-0.044570807,0.7357938,-0.7657442,0.23829465,-0.027740031,0.34437647,0.25415206,-0.036549706,0.2937874","-0.005011201,0.3513341,-0.20841026","-0.045049343,0.78410053,-0.78813386,0.25226387,-0.030094588,0.29812792,0.25415206,-0.036549706,0.2937874",0.0
"0.0,0.0,0.0,2.8652207e-07,0.005789075,0.993462,-0.37847954,0.5687134,0.31340078","-0.62991506,-0.9988002,-0.87238","-0.060152322,-0.13732989,-0.09372034,-0.4036053,0.08308608,0.8830628,-0.37847954,0.5687134,0.31340078",0.0
"-0.060152322,-0.13732989,-0.09372034,-0.4036053,0.08308608,0.8830628,-0.37847954,0.5687134,0.31340078","-0.9802027,-0.9799307,-0.9863105","-0.15375456,-0.27206534,-0.19968028,-0.6464862,0.34560266,0.56768084,-0.37847954,0.5687134,0.31340078",0.0
"-0.15375456,-0.27206534,-0.19968028,-0.6464862,0.34560266,0.56768084,-0.37847954,0.5687134,0.31340078","-0.91740525,0.0042779446,-0.95400345","-0.24136011,-0.27147716,-0.3021695,-0.5560534,0.5346335,0.41540664,-0.37847954,0.5687134,0.31340078",0.0
"-0.24136011,-0.27147716,-0.3021695,-0.5560534,0.5346335,0.41540664,-0.37847954,0.5687134,0.31340078","-0.6031287,0.5933906,-0.8172644","-0.29895452,-0.18988903,-0.38996875,-0.40732914,0.5665932,0.425436,-0.37847954,0.5687134,0.31340078",0.0
"-0.29895452,-0.18988903,-0.38996875,-0.40732914,0.5665932,0.425436,-0.37847954,0.5687134,0.31340078","-0.21790975,0.25101113,-0.7163148","-0.31976333,-0.1553763,-0.4669229,-0.35080123,0.56266135,0.36276874,-0.37847954,0.5687134,0.31340078",0.0
"-0.31976333,-0.1553763,-0.4669229,-0.35080123,0.56266135,0.36276874,-0.37847954,0.5687134,0.31340078","0.027019858,-0.33089787,-0.047551155","-0.31718314,-0.20087308,-0.47203138,-0.37604138,0.5917746,0.2790921,-0.37847954,0.5687134,0.31340078",0.0
"-0.31718314,-0.20087308,-0.47203138,-0.37604138,0.5917746,0.2790921,-0.37847954,0.5687134,0.31340078","0.041213512,0.06674647,0.109938264","-0.31324756,-0.1916958,-0.4602207,-0.38067108,0.58308107,0.3129374,-0.37847954,0.5687134,0.31340078",0.0
"0.0,0.0,0.0,2.8652207e-07,0.005789075,0.993462,-0.027894737,-0.008538011,0.07248303","-0.9957801,0.8982971,-0.9945406","-0.09508976,0.12351124,-0.10684416,0.113644384,-0.028939249,0.9732897,-0.027894737,-0.008538011,0.07248303",0.0
"-0.09508976,0.12351124,-0.10684416,0.113644384,-0.028939249,0.9732897,-0.027894737,-0.008538011,0.07248303","-0.9575302,0.7039455,-0.9871451","-0.18652692,0.22030017,-0.21289383,0.14624745,-0.090126,0.9272437,-0.027894737,-0.008538011,0.07248303",0.0
"-0.18652692,0.22030017,-0.21289383,0.14624745,-0.090126,0.9272437,-0.027894737,-0.008538011,0.07248303","-0.99621546,0.85261667,-0.9909742","-0.2816583,0.3375306,-0.3193549,0.16571039,-0.19330858,0.84356695,-0.027894737,-0.008538011,0.07248303",0.0
"-0.2816583,0.3375306,-0.3193549,0.16571039,-0.19330858,0.84356695,-0.027894737,-0.008538011,0.07248303","-0.9690169,0.23354256,-0.9950897","-0.37419236,0.36964157,-0.42625806,0.07060251,-0.15419926,0.78264934,-0.027894737,-0.008538011,0.07248303",0.0
"-0.37419236,0.36964157,-0.42625806,0.07060251,-0.15419926,0.78264934,-0.027894737,-0.008538011,0.07248303","-0.98786867,0.57868755,-0.9990453","-0.46852666,0.44920817,-0.5335862,0.022184469,-0.16499296,0.677574,-0.027894737,-0.008538011,0.07248303",0.0
"-0.46852666,0.44920817,-0.5335862,0.022184469,-0.16499296,0.677574,-0.027894737,-0.008538011,0.07248303","-0.9858724,0.4849571,-0.99548185","-0.5626703,0.5158873,-0.6405315,-0.021360746,-0.13668081,0.56046826,-0.027894737,-0.008538011,0.07248303",0.0
"-0.5626703,0.5158873,-0.6405315,-0.021360746,-0.13668081,0.56046826,-0.027894737,-0.008538011,0.07248303","-0.9928705,0.6021123,-0.9957464","-0.65748227,0.5986747,-0.7475052,-0.05421295,-0.112679616,0.42341718,-0.027894737,-0.008538011,0.07248303",0.0
"-0.65748227,0.5986747,-0.7475052,-0.05421295,-0.112679616,0.42341718,-0.027894737,-0.008538011,0.07248303","-0.9922135,-0.15145868,-0.98570555","-0.7522314,0.57785,-0.8534003,-0.01020994,-0.018198313,0.2929328,-0.027894737,-0.008538011,0.07248303",0.0
"-0.7522314,0.57785,-0.8534003,-0.01020994,-0.018198313,0.2929328,-0.027894737,-0.008538011,0.07248303","-0.88868487,0.68254805,-0.9798057","-0.83709437,0.67169684,-0.9586615,-0.017522128,-0.016482266,0.13661176,-0.027894737,-0.008538011,0.07248303",0.0
"-0.83709437,0.67169684,-0.9586615,-0.017522128,-0.016482266,0.13661176,-0.027894737,-0.008538011,0.07248303","-0.8941486,0.40272307,-0.96077204","-0.92247903,0.72706926,-1.0,-0.024782585,-0.012123092,0.07278677,-0.027894737,-0.008538011,0.07248303",0.0
"0.0,0.0,0.0,2.8652207e-07,0.005789075,0.993462,-0.18994153,0.059122805,0.15400933","-0.7167727,-0.9705051,-0.9886096","-0.06844659,-0.13343945,-0.10620695,-0.4082001,0.09507977,0.87641454,-0.18994153,0.059122805,0.15400933",0.0
"-0.06844659,-0.13343945,-0.10620695,-0.4082001,0.09507977,0.87641454,-0.18994153,0.059122805,0.15400933","-0.077157855,0.6902344,-0.98151207","-0.07581461,-0.038535777,-0.21165144,-0.34263468,0.089144684,0.86888885,-0.18994153,0.059122805,0.15400933",0.0
"-0.07581461,-0.038535777,-0.21165144,-0.34263468,0.089144684,0.86888885,-0.18994153,0.059122805,0.15400933","0.12804282,0.15396917,-0.9808181","-0.06358745,-0.0173658,-0.3170214,-0.40802738,0.088518575,0.77131397,-0.18994153,0.059122805,0.15400933",0.0
"-0.06358745,-0.0173658,-0.3170214,-0.40802738,0.088518575,0.77131397,-0.18994153,0.059122805,0.15400933","-0.37467372,0.106045604,-0.98221827","-0.09936607,-0.0027850685,-0.42254177,-0.44212314,0.14876507,0.64428306,-0.18994153,0.059122805,0.15400933",0.0
"-0.09936607,-0.0027850685,-0.42254177,-0.44212314,0.14876507,0.64428306,-0.18994153,0.059122805,0.15400933","0.49810123,0.17187607,-0.9939605","-0.05180102,0.020847011,-0.52932364,-0.46558264,0.082310945,0.510885,-0.18994153,0.059122805,0.15400933",0.0
"-0.05180102,0.020847011,-0.52932364,-0.46558264,0.082310945,0.510885,-0.18994153,0.059122805,0.15400933","0.1942451,0.7998811,-0.7873471","-0.033252016,0.13082655,-0.6139088,-0.3532824,0.042861074,0.4911829,-0.18994153,0.059122805,0.15400933",0.0
"-0.033252016,0.13082655,-0.6139088,-0.3532824,0.042861074,0.4911829,-0.18994153,0.059122805,0.15400933","-0.30597466,0.37506342,-0.9176118","-0.06247037,0.18239586,-0.71248853,-0.3013351,0.065812804,0.37964833,-0.18994153,0.059122805,0.15400933",0.0
"-0.06247037,0.18239586,-0.71248853,-0.3013351,0.065812804,0.37964833,-0.18994153,0.059122805,0.15400933","-0.07769668,-0.24237645,-0.97943854","-0.069889836,0.14907035,-0.8177102,-0.29645506,0.072089486,0.19434048,-0.18994153,0.059122805,0.15400933",0.0
"-0.069889836,0.14907035,-0.8177102,-0.29645506,0.072089486,0.19434048,-0.18994153,0.059122805,0.15400933","-0.046962976,0.5006547,-0.731549","-0.074374445,0.21790782,-0.8963011,-0.2151803,0.057164323,0.12671615,-0.18994153,0.059122805,0.15400933",0.0
"-0.074374445,0.21790782,-0.8963011,-0.2151803,0.057164323,0.12671615,-0.18994153,0.059122805,0.15400933","-0.02516216,0.23637831,-0.047537982","-0.07677724,0.25040865,-0.90140826,-0.19648999,0.054296967,0.13636689,-0.18994153,0.059122805,0.15400933",0.0
"-0.07677724,0.25040865,-0.90140826,-0.19648999,0.054296967,0.13636689,-0.18994153,0.059122805,0.15400933","0.005797267,0.03590679,0.12732553","-0.076223634,0.25534567,-0.88772964,-0.20090356,0.055009652,0.1587105,-0.18994153,0.059122805,0.15400933",0.0
"0.0,0.0,0.0,2.8652207e-07,0.005789075,0.993462,-0.0049707606,-0.0034502924,-0.31108937","-0.99645203,-0.9396621,-0.9802622","-0.09515395,-0.1291987,-0.105310194,-0.3899111,0.12621678,0.8814709,-0.0049707606,-0.0034502924,-0.31108937",0.0
"-0.09515395,-0.1291987,-0.105310194,-0.3899111,0.12621678,0.8814709,-0.0049707606,-0.0034502924,-0.31108937","-0.987097,-0.9355004,-0.9764466","-0.18941455,-0.2578252,-0.21021049,-0.5928671,0.4083121,0.57790923,-0.0049707606,-0.0034502924,-0.31108937",0.0
"-0.18941455,-0.2578252,-0.21021049,-0.5928671,0.4083121,0.57790923,-0.0049707606,-0.0034502924,-0.31108937","-0.9521222,-0.94399965,-0.9960797","-0.2803353,-0.38762033,-0.31721994,-0.54518944,0.66953284,0.15891056,-0.0049707606,-0.0034502924,-0.31108937",0.0
"-0.2803353,-0.38762033,-0.31721994,-0.54518944,0.66953284,0.15891056,-0.0049707606,-0.0034502924,-0.31108937","-0.32663155,-0.739547,-0.9687736","-0.31152624,-0.48930427,-0.42129588,-0.45496187,0.6867863,-0.20012225,-0.0049707606,-0.0034502924,-0.31108937",0.0
"-0.31152624,-0.48930427,-0.42129588,-0.45496187,0.6867863,-0.20012225,-0.0049707606,-0.0034502924,-0.31108937","-0.87609124,-0.93539214,-0.98872644","-0.3951866,-0.6179159,-0.52751535,-0.20127062,0.6068996,-0.5265768,-0.0049707606,-0.0034502924,-0.31108937",0.0
"-0.3951866,-0.6179159,-0.52751535,-0.20127062,0.6068996,-0.5265768,-0.0049707606,-0.0034502924,-0.31108937","-0.9789447,-0.8954831,-0.9892078","-0.48866874,-0.7410403,-0.6337865,-0.007462624,0.37225544,-0.685681,-0.0049707606,-0.0034502924,-0.31108937",0.0
"-0.48866874,-0.7410403,-0.6337865,-0.007462624,0.37225544,-0.685681,-0.0049707606,-0.0034502924,-0.31108937","-0.9902128,-0.68423826,-0.9926183","-0.58322686,-0.83511955,-0.74042404,0.04138684,0.13226525,-0.6650525,-0.0049707606,-0.0034502924,-0.31108937",0.0
"-0.58322686,-0.83511955,-0.74042404,0.04138684,0.13226525,-0.6650525,-0.0049707606,-0.0034502924,-0.31108937","-0.9853342,-0.30861485,-0.99518883","-0.6773191,-0.87755257,-0.84733766,0.010748781,0.006305949,-0.5380117,-0.0049707606,-0.0034502924,-0.31108937",0.0
"-0.6773191,-0.87755257,-0.84733766,0.010748781,0.006305949,-0.5380117,-0.0049707606,-0.0034502924,-0.31108937","-0.9756354,0.3849573,-0.9641728","-0.7704852,-0.824623,-0.9509193,0.0021879785,-0.0057849227,-0.38553432,-0.0049707606,-0.0034502924,-0.31108937",0.0
"-0.7704852,-0.824623,-0.9509193,0.0021879785,-0.0057849227,-0.38553432,-0.0049707606,-0.0034502924,-0.31108937","-0.99212676,0.5983243,-0.9294744","-0.8652261,-0.74235654,-1.0,0.016886327,0.0012596056,-0.31026053,-0.0049707606,-0.0034502924,-0.31108937",0.0
"-0.8652261,-0.74235654,-1.0,0.016886327,0.0012596056,-0.31026053,-0.0049707606,-0.0034502924,-0.31108937","-0.76664335,0.17288375,-0.7628159","-0.93843496,-0.71858597,-1.0,0.02545874,-0.00091335835,-0.30907974,-0.0049707606,-0.0034502924,-0.31108937",0.0
"-0.93843496,-0.71858597,-1.0,0.02545874,-0.00091335835,-0.30907974,-0.0049707606,-0.0034502924,-0.31108937","-0.53698856,-0.46602523,-0.3141768","-0.9897135,-0.7826621,-0.99999994,0.00093075185,-0.0057625663,-0.3110801,-0.0049707606,-0.0034502924,-0.31108937",0.0
"0.0,0.0,0.0,2.8652207e-07,0.005789075,0.993462,-0.07456141,0.18444444,0.15400933","-0.95716095,-0.44162297,-0.9868899","-0.09140193,-0.060720883,-0.10602222,-0.2602347,0.08288601,0.9380709,-0.07456141,0.18444444,0.15400933",0.0
"-0.09140193,-0.060720883,-0.10602222,-0.2602347,0.08288601,0.9380709,-0.07456141,0.18444444,0.15400933","-0.79872835,0.80549455,-0.99829316","-0.16767468,0.050030485,-0.21326952,-0.15258886,0.095439844,0.92534566,-0.07456141,0.18444444,0.15400933",0.0
"-0.16767468,0.050030485,-0.21326952,-0.15258886,0.095439844,0.92534566,-0.07456141,0.18444444,0.15400933","-0.50899833,0.7194145,-0.9933885","-0.2162803,0.1489463,-0.31998992,-0.08305233,0.07452986,0.87659615,-0.07456141,0.18444444,0.15400933",0.0
"-0.2162803,0.1489463,-0.31998992,-0.08305233,0.07452986,0.87659615,-0.07456141,0.18444444,0.15400933","-0.43090153,-0.15258217,-0.9627418","-0.25742826,0.12796706,-0.42341796,-0.17287792,0.18952675,0.7591591,-0.07456141,0.18444444,0.15400933",0.0
"-0.25742826,0.12796706,-0.42341796,-0.17287792,0.18952675,0.7591591,-0.07456141,0.18444444,0.15400933","-0.498017,0.4399433,-0.99943763","-0.30498528,0.18845703,-0.53078824,-0.1340401,0.20076916,0.65630573,-0.07456141,0.18444444,0.15400933",0.0
"-0.30498528,0.18845703,-0.53078824,-0.1340401,0.20076916,0.65630573,-0.07456141,0.18444444,0.15400933","0.07010412,0.20525372,-0.9868673","-0.29829085,0.21667838,-0.63680804,-0.14780255,0.21093056,0.52043664,-0.07456141,0.18444444,0.15400933",0.0
"-0.29829085,0.21667838,-0.63680804,-0.14780255,0.21093056,0.52043664,-0.07456141,0.18444444,0.15400933","-0.18804908,0.48096514,-0.98523676","-0.31624815,0.28280863,-0.7426527,-0.110200785,0.17981574,0.39618585,-0.07456141,0.18444444,0.15400933",0.0
"-0.31624815,0.28280863,-0.7426527,-0.110200785,0.17981574,0.39618585,-0.07456141,0.18444444,0.15400933","-0.13090086,-0.2951746,-0.9611604","-0.32874823,0.2422237,-0.8459109,-0.1147534,0.20360653,0.21383488,-0.07456141,0.18444444,0.15400933",0.0
"-0.32874823,0.2422237,-0.8459109,-0.1147534,0.20360653,0.21383488,-0.07456141,0.18444444,0.15400933","-0.31692302,0.07848585,-0.3547051","-0.35901207,0.25301513,-0.88401717,-0.08530999,0.19335136,0.16296497,-0.07456141,0.18444444,0.15400933",0.0
"0.0,0.0,0.0,2.8652207e-07,0.005789075,0.993462,0.05023392,0.12894736,0.19748566","0.8375603,0.83385265,-0.99877864","0.07998094,0.11465047,-0.10729946,0.09309683,0.02987402,0.9755826,0.05023392,0.12894736,0.19748566",0.0
"0.07998094,0.11465047,-0.10729946,0.09309683,0.02987402,0.9755826,0.05023392,0.12894736,0.19748566","0.979262,0.44246423,-0.94047976","0.17349336,0.17548707,-0.20833585,0.07039369,0.04945041,0.9424392,0.05023392,0.12894736,0.19748566",0.0
"0.17349336,0.17548707,-0.20833585,0.07039369,0.04945041,0.9424392,0.05023392,0.12894736,0.19748566","0.978246,0.376243,-0.97805715","0.26690876,0.22721858,-0.31340924,0.02904129,0.040962122,0.8871933,0.05023392,0.12894736,0.19748566",0.0
"0.26690876,0.22721858,-0.31340924,0.02904129,0.040962122,0.8871933,0.05023392,0.12894736,0.19748566","0.8953371,0.73334205,-0.98369396","0.35240695,0.3280494,-0.41908816,0.041666158,0.09627098,0.80113024,0.05023392,0.12894736,0.19748566",0.0
"0.35240695,0.3280494,-0.41908816,0.041666158,0.09627098,0.80113024,0.05023392,0.12894736,0.19748566","0.6735498,0.73510396,-0.97379005","0.41672608,0.42912245,-0.5237031,0.032395534,0.14337692,0.6928897,0.05023392,0.12894736,0.19748566",0.0
"0.41672608,0.42912245,-0.5237031,0.032395534,0.14337692,0.6928897,0.05023392,0.12894736,0.19748566","0.40777922,0.8975345,-0.94653225","0.45566604,0.55252886,-0.6253897,0.022605471,0.20295757,0.558554,0.05023392,0.12894736,0.19748566",0.0
"0.45566604,0.55252886,-0.6253897,0.022605471,0.20295757,0.558554,0.05023392,0.12894736,0.19748566","-0.43353468,0.8803561,-0.98848176","0.41426662,0.6735734,-0.73158294,0.053075116,0.21402715,0.407425,0.05023392,0.12894736,0.19748566",0.0
"0.41426662,0.6735734,-0.73158294,0.053075116,0.21402715,0.407425,0.05023392,0.12894736,0.19748566","-0.406569,0.52431893,-0.9430646","0.37544224,0.7456646,-0.83289695,0.060128372,0.16091552,0.2789515,0.05023392,0.12894736,0.19748566",0.0
"0.37544224,0.7456646,-0.83289695,0.060128372,0.16091552,0.2789515,0.05023392,0.12894736,0.19748566","-0.03491336,0.37963057,-0.5611997","0.37210828,0.7978619,-0.89318705,0.051364873,0.13569267,0.19625534,0.05023392,0.12894736,0.19748566",0.0
"0.0,0.0,0.0,2.8652207e-07,0.005789075,0.993462,0.19520469,0.03842105,0.15400933","0.8453338,0.97875404,-0.995375","0.080723256,0.13457367,-0.10693381,0.13458006,0.040860884,0.9698108,0.19520469,0.03842105,0.15400933",0.0
"0.080723256,0.13457367,-0.10693381,0.13458006,0.040860884,0.9698108,0.19520469,0.03842105,0.15400933","0.635813,0.94657147,-0.9888153","0.1414388,0.26472244,-0.2131629,0.2331521,0.11741492,0.90375555,0.19520469,0.03842105,0.15400933",0.0
"0.1414388,0.26472244,-0.2131629,0.2331521,0.11741492,0.90375555,0.19520469,0.03842105,0.15400933","-0.17946672,0.94699264,-0.9809086","0.12430103,0.39492908,-0.3185426,0.33173072,0.14281558,0.8005263,0.19520469,0.03842105,0.15400933",0.0
"0.12430103,0.39492908,-0.3185426,0.33173072,0.14281558,0.8005263,0.19520469,0.03842105,0.15400933","-0.85872054,0.2803706,-0.95931053","0.042299457,0.43347862,-0.421602,0.28272647,0.04363423,0.749333,0.19520469,0.03842105,0.15400933",0.0
"0.042299457,0.43347862,-0.421602,0.28272647,0.04363423,0.749333,0.19520469,0.03842105,0.15400933","0.33323526,0.7109839,-0.98590344","0.07412101,0.53123534,-0.5275183,0.28904334,0.074499406,0.63475585,0.19520469,0.03842105,0.15400933",0.0
"0.07412101,0.53123534,-0.5275183,0.28904334,0.074499406,0.63475585,0.19520469,0.03842105,0.15400933","-0.04301226,0.6463778,-0.9372908","0.07001365,0.62010896,-0.62821203,0.2790054,0.06830988,0.5159795,0.19520469,0.03842105,0.15400933",0.0
"0.07001365,0.62010896,-0.62821203,0.2790054,0.06830988,0.5159795,0.19520469,0.03842105,0.15400933","-0.4995923,0.80632925,-0.9877666","0.022306215,0.73097515,-0.73432845,0.2728863,0.024958024,0.37065372,0.19520469,0.03842105,0.15400933",0.0
"0.022306215,0.73097515,-0.73432845,0.2728863,0.024958024,0.37065372,0.19520469,0.03842105,0.15400933","0.1267972,0.8341993,-0.909587","0.034414425,0.84567326,-0.8320459,0.24346799,0.032249186,0.22860129,0.19520469,0.03842105,0.15400933",0.0
"0.034414425,0.84567326,-0.8320459,0.24346799,0.032249186,0.22860129,0.19520469,0.03842105,0.15400933","0.25076044,0.49431407,-0.6878716","0.05836022,0.91363895,-0.9059444,0.19082394,0.041271865,0.13590504,0.19520469,0.03842105,0.15400933",0.0
"0.0,0.0,0.0,2.8652207e-07,0.005789075,0.993462,0.31397662,0.23701754,0.123935476","0.3627478,0.998448,-0.93314606","0.034639794,0.13728148,-0.100248516,0.1540576,0.022655187,0.96875644,0.31397662,0.23701754,0.123935476",0.0
"0.034639794,0.13728148,-0.100248516,0.1540576,0.022655187,0.96875644,0.31397662,0.23701754,0.123935476","0.8966968,0.9796102,-0.8402368","0.120267846,0.2719729,-0.19051574,0.28322026,0.11863922,0.8979599,0.31397662,0.23701754,0.123935476",0.0
"0.120267846,0.2719729,-0.19051574,0.28322026,0.11863922,0.8979599,0.31397662,0.23701754,0.123935476","0.91506267,0.9028764,-0.94695073","0.2076497,0.3961138,-0.2922473,0.3143068,0.24739115,0.7990091,0.31397662,0.23701754,0.123935476",0.0
"0.2076497,0.3961138,-0.2922473,0.3143068,0.24739115,0.7990091,0.31397662,0.23701754,0.123935476","0.7270528,0.9262688,-0.98931766","0.27707797,0.52347106,-0.3985304,0.29465783,0.3585799,0.67039084,0.31397662,0.23701754,0.123935476",0.0
"0.27707797,0.52347106,-0.3985304,0.29465783,0.3585799,0.67039084,0.31397662,0.23701754,0.123935476","0.034957767,0.9063792,-0.9944324","0.2804162,0.6480936,-0.5053629,0.3070727,0.38127494,0.5272415,0.31397662,0.23701754,0.123935476",0.0
"0.2804162,0.6480936,-0.5053629,0.3070727,0.38127494,0.5272415,0.31397662,0.23701754,0.123935476","-0.42928112,0.97315145,-0.78450894","0.23942293,0.78189695,-0.58964324,0.3752737,0.35905677,0.36555466,0.31397662,0.23701754,0.123935476",0.0
"0.23942293,0.78189695,-0.58964324,0.3752737,0.35905677,0.36555466,0.31397662,0.23701754,0.123935476","-0.073578,0.5587785,-0.838155","0.23239678,0.85872614,-0.6796868,0.33850032,0.3107589,0.27608627,0.31397662,0.23701754,0.123935476",0.0
"0.23239678,0.85872614,-0.6796868,0.33850032,0.3107589,0.27608627,0.31397662,0.23701754,0.123935476","-0.019596756,0.77273035,-0.73835284","0.23052542,0.96497273,-0.75900847,0.30937064,0.28138566,0.15945794,0.31397662,0.23701754,0.123935476",0.0
"0.23052542,0.96497273,-0.75900847,0.30937064,0.28138566,0.15945794,0.31397662,0.23701754,0.123935476","-0.21688128,0.47946286,-0.17428315","0.20981614,0.99998087,-0.77772707,0.3203725,0.25553435,0.124032214,0.31397662,0.23701754,0.123935476",0.0
"0.20981614,0.99998087,-0.77772707,0.3203725,0.25553435,0.124032214,0.31397662,0.23701754,0.123935476","-0.051909268,0.2291485,-0.10366148","0.2048605,0.9999808,-0.7888592,0.31188065,0.24119078,0.12393725,0.31397662,0.23701754,0.123935476",0.0
"0.0,0.0,0.0,2.8652207e-07,0.005789075,0.993462,-0.08409357,0.01988304,0.049404614","-0.549139,-0.29673553,-0.9947032","-0.052438796,-0.0407996,-0.1068616,-0.22873506,0.04389539,0.9498445,-0.08409357,0.01988304,0.049404614",0.0
"-0.052438796,-0.0407996,-0.1068616,-0.22873506,0.04389539,0.9498445,-0.08409357,0.01988304,0.049404614","0.005350113,0.89786255,-0.98853576","-0.051927887,0.0826519,-0.21306066,-0.11035737,0.024031809,0.9371371,-0.08409357,0.01988304,0.049404614",0.0
"-0.051927887,0.0826519,-0.21306066,-0.11035737,0.024031809,0.9371371,-0.08409357,0.01988304,0.049404614","-0.45867693,0.61485004,-0.9800769","-0.095728196,0.16719064,-0.318351,-0.06893459,0.027441023,0.8820519,-0.08409357,0.01988304,0.049404614",0.0
"-0.095728196,0.16719064,-0.318351,-0.06893459,0.027441023,0.8820519,-0.08409357,0.01988304,0.049404614","-0.3040501,0.31780958,-0.9975267","-0.12476276,0.21088786,-0.42551598,-0.10249103,0.048628036,0.7942617,-0.08409357,0.01988304,0.049404614",0.0
"-0.12476276,0.21088786,-0.42551598,-0.10249103,0.048628036,0.7942617,-0.08409357,0.01988304,0.049404614","-0.17516655,0.42659783,-0.95601237","-0.14148988,0.2695429,-0.5282211,-0.09990774,0.05399796,0.69481975,-0.08409357,0.01988304,0.049404614",0.0
"-0.14148988,0.2695429,-0.5282211,-0.09990774,0.05399796,0.69481975,-0.08409357,0.01988304,0.049404614","0.55533814,0.600983,-0.96605253","-0.08845911,0.352175,-0.6320048,-0.07182742,0.02651146,0.58293366,-0.08409357,0.01988304,0.049404614",0.0
"-0.08845911,0.352175,-0.6320048,-0.07182742,0.02651146,0.58293366,-0.08409357,0.01988304,0.049404614","0.44817066,-0.0636698,-0.9429056","-0.045662057,0.34342074,-0.73330176,-0.14266858,0.026456906,0.43688324,-0.08409357,0.01988304,0.049404614",0.0
"-0.045662057,0.34342074,-0.73330176,-0.14266858,0.026456906,0.43688324,-0.08409357,0.01988304,0.049404614","-0.3380232,0.13984776,-0.9840603","-0.07794081,0.3626491,-0.83902,-0.14261527,0.04160299,0.28104985,-0.08409357,0.01988304,0.049404614",0.0
"-0.07794081,0.3626491,-0.83902,-0.14261527,0.04160299,0.28104985,-0.08409357,0.01988304,0.049404614","-0.039825022,0.07018781,-0.9692697","-0.0817438,0.3722996,-0.9431494,-0.12008863,0.03752152,0.12338238,-0.08409357,0.01988304,0.049404614",0.0
"-0.0817438,0.3722996,-0.9431494,-0.12008863,0.03752152,0.12338238,-0.08409357,0.01988304,0.049404614","0.21300375,0.3331058,-0.6011752","-0.06140348,0.4181,-1.0000001,-0.0827387,0.022060454,0.049883466,-0.08409357,0.01988304,0.049404614",0.0
"0.0,0.0,0.0,2.8652207e-07,0.005789075,0.993462,0.0058479533,-0.0016374269,-0.31108937","-0.9500408,-0.988186,-0.9756114","-0.09072201,-0.13587049,-0.10481054,-0.40352085,0.124259524,0.87513006,0.0058479533,-0.0016374269,-0.31108937",0.0
"-0.09072201,-0.13587049,-0.10481054,-0.40352085,0.124259524,0.87513006,0.0058479533,-0.0016374269,-0.31108937","-0.69602406,-0.95822877,-0.9842524","-0.15718727,-0.26762205,-0.21054938,-0.64283216,0.3526139,0.56006205,0.0058479533,-0.0016374269,-0.31108937",0.0
"-0.15718727,-0.26762205,-0.21054938,-0.64283216,0.3526139,0.56006205,0.0058479533,-0.0016374269,-0.31108937","0.41716433,-0.5824713,-0.9598306","-0.11735109,-0.34770888,-0.3136646,-0.78048044,0.3077322,0.2473491,0.0058479533,-0.0016374269,-0.31108937",0.0
"-0.11735109,-0.34770888,-0.3136646,-0.78048044,0.3077322,0.2473491,0.0058479533,-0.0016374269,-0.31108937","0.14115381,-0.21096647,-0.98717403","-0.10387193,-0.3767157,-0.4197173,-0.77282566,0.2676533,0.028562706,0.0058479533,-0.0016374269,-0.31108937",0.0
"-0.10387193,-0.3767157,-0.4197173,-0.77282566,0.2676533,0.028562706,0.0058479533,-0.0016374269,-0.31108937","0.74646544,-0.9318,-0.94605637","-0.032589898,-0.50483346,-0.52135277,-0.712157,0.07898943,-0.3343838,0.0058479533,-0.0016374269,-0.31108937",0.0
"-0.032589898,-0.50483346,-0.52135277,-0.712157,0.07898943,-0.3343838,0.0058479533,-0.0016374269,-0.31108937","-0.39068913,-0.93310124,-0.92603946","-0.069897875,-0.63313013,-0.6208377,-0.4853219,0.11425092,-0.57275623,0.0058479533,-0.0016374269,-0.31108937",0.0
"-0.069897875,-0.63313013,-0.6208377,-0.4853219,0.11425092,-0.57275623,0.0058479533,-0.0016374269,-0.31108937","0.6954304,-0.83968246,-0.9692818","-0.0034893157,-0.7485822,-0.7249682,-0.24631292,0.00849008,-0.63863057,0.0058479533,-0.0016374269,-0.31108937",0.0
"-0.0034893157,-0.7485822,-0.7249682,-0.24631292,0.00849008,-0.63863057,0.0058479533,-0.0016374269,-0.31108937","0.37363756,-0.7594235,-0.9948873","0.032190364,-0.85299903,-0.83184946,-0.042003848,0.0015569404,-0.5578859,0.0058479533,-0.0016374269,-0.31108937",0.0
"0.032190364,-0.85299903,-0.83184946,-0.042003848,0.0015569404,-0.5578859,0.0058479533,-0.0016374269,-0.31108937","-0.7780789,-0.22444987,-0.9822263","-0.04211052,-0.8838598,-0.9373706,0.03072772,0.0017515966,-0.40390727,0.0058479533,-0.0016374269,-0.31108937",0.0
"-0.04211052,-0.8838598,-0.9373706,0.03072772,0.0017515966,-0.40390727,0.0058479533,-0.0016374269,-0.31108937","-0.40364915,0.17069674,-0.9065395","-0.08065608,-0.86038995,-0.99999994,0.028966015,-0.0015204413,-0.3084499,0.0058479533,-0.0016374269,-0.31108937",0.0
"-0.08065608,-0.86038995,-0.99999994,0.028966015,-0.0015204413,-0.3084499,0.0058479533,-0.0016374269,-0.31108937","-0.83138555,0.5117203,-0.65920556","-0.16004737,-0.79003114,-0.99999994,0.0045717503,0.004093057,-0.3110685,0.0058479533,-0.0016374269,-0.31108937",0.0
"0.0,0.0,0.0,2.8652207e-07,0.005789075,0.993462,0.02894737,0.0038011696,0.07248303","0.62889504,0.83830404,-0.96226335","0.060054928,0.115262516,-0.10337659,0.1014418,0.025262829,0.97569686,0.02894737,0.0038011696,0.07248303",0.0
"0.060054928,0.115262516,-0.10337659,0.1014418,0.025262829,0.97569686,0.02894737,0.0038011696,0.07248303","0.33603597,0.62761664,-0.9654098","0.09214393,0.20155661,-0.20709123,0.13380426,0.045893457,0.9355407,0.02894737,0.0038011696,0.07248303",0.0
"0.09214393,0.20155661,-0.20709123,0.13380426,0.045893457,0.9355407,0.02894737,0.0038011696,0.07248303","-0.664416,0.43987167,-0.9798029","0.028697034,0.26203677,-0.31235215,0.118375316,0.016513785,0.88055277,0.02894737,0.0038011696,0.07248303",0.0
"0.028697034,0.26203677,-0.31235215,0.118375316,0.016513785,0.88055277,0.02894737,0.0038011696,0.07248303","-0.09003204,0.4573356,-0.9991182","0.020099634,0.3249181,-0.4196881,0.09781062,0.01198516,0.80149096,0.02894737,0.0038011696,0.07248303",0.0
"0.020099634,0.3249181,-0.4196881,0.09781062,0.01198516,0.80149096,0.02894737,0.0038011696,0.07248303","0.03186333,0.5190078,-0.99178195","0.023142356,0.39627904,-0.52623594,0.090990506,0.012431611,0.7003288,0.02894737,0.0038011696,0.07248303",0.0
"0.023142356,0.39627904,-0.52623594,0.090990506,0.012431611,0.7003288,0.02894737,0.0038011696,0.07248303","0.48080647,0.4145987,-0.9939942","0.069055885,0.4532843,-0.6330214,0.05899206,0.018930983,0.58351076,0.02894737,0.0038011696,0.07248303",0.0
"0.069055885,0.4532843,-0.6330214,0.05899206,0.018930983,0.58351076,0.02894737,0.0038011696,0.07248303","0.20373368,0.84174967,-0.9927708","0.088510975,0.56902057,-0.73967546,0.09521895,0.03320175,0.44037268,0.02894737,0.0038011696,0.07248303",0.0
"0.088510975,0.56902057,-0.73967546,0.09521895,0.03320175,0.44037268,0.02894737,0.0038011696,0.07248303","-0.7135646,0.18944919,-0.9902356","0.020370735,0.595069,-0.8460572,0.038271382,0.008253742,0.30188003,0.02894737,0.0038011696,0.07248303",0.0
"0.020370735,0.595069,-0.8460572,0.038271382,0.008253742,0.30188003,0.02894737,0.0038011696,0.07248303","-0.009227037,0.47432303,-0.98312396","0.019489622,0.660286,-0.9516748,0.020570941,0.0070613725,0.14744881,0.02894737,0.0038011696,0.07248303",0.0
"0.019489622,0.660286,-0.9516748,0.020570941,0.0070613725,0.14744881,0.02894737,0.0038011696,0.07248303","0.16839492,0.34711182,-0.86090815","0.035570115,0.7080121,-1.0,0.019089255,0.007967768,0.073875464,0.02894737,0.0038011696,0.07248303",0.0
"0.0,0.0,0.0,2.8652207e-07,0.005789075,0.993462,0.07040936,-0.0058479533,0.224356","0.1786884,0.87822866,-0.99731225","0.01706346,0.12075194,-0.10714193,0.11036445,0.0117193945,0.97404194,0.07040936,-0.0058479533,0.224356",0.0
"0.01706346,0.12075194,-0.10714193,0.11036445,0.0117193945,0.97404194,0.07040936,-0.0058479533,0.224356","-0.13434148,0.3299582,-0.97966105","0.0042348383,0.16611953,-0.21238758,0.060831726,0.006599036,0.9427678,0.07040936,-0.0058479533,0.224356",0.0
"0.0042348383,0.16611953,-0.21238758,0.060831726,0.006599036,0.9427678,0.07040936,-0.0058479533,0.224356","0.30671883,0.7337581,-0.99175906","0.033524267,0.26700753,-0.31893295,0.11900492,0.01840152,0.8760223,0.07040936,-0.0058479533,0.224356",0.0
"0.033524267,0.26700753,-0.31893295,0.11900492,0.01840152,0.8760223,0.07040936,-0.0058479533,0.224356","-0.23382425,0.39129233,-0.99153334","0.011195757,0.32080826,-0.42545408,0.08359712,0.008734283,0.7982836,0.07040936,-0.0058479533,0.224356",0.0
"0.011195757,0.32080826,-0.42545408,0.08359712,0.008734283,0.7982836,0.07040936,-0.0058479533,0.224356","0.037536383,0.67268527,-0.955566","0.014780215,0.41329908,-0.5281112,0.11616718,0.01119331,0.6943798,0.07040936,-0.0058479533,0.224356",0.0
"0.014780215,0.41329908,-0.5281112,0.11616718,0.01119331,0.6943798,0.07040936,-0.0058479533,0.224356","-0.2724449,0.32349157,-0.9581707","-0.011236291,0.45777756,-0.6310482,0.06997868,0.00332168,0.58493656,0.07040936,-0.0058479533,0.224356",0.0
"-0.011236291,0.45777756,-0.6310482,0.06997868,0.00332168,0.58493656,0.07040936,-0.0058479533,0.224356","-0.3024813,0.5081122,-0.87976545","-0.040121052,0.5276404,-0.725562,0.06775842,-0.0027504798,0.46542796,0.07040936,-0.0058479533,0.224356",0.0
"-0.040121052,0.5276404,-0.725562,0.06775842,-0.0027504798,0.46542796,0.07040936,-0.0058479533,0.224356","0.105501294,0.39936543,-0.66064346","-0.030046444,0.5825511,-0.79653543,0.06472709,-0.00031291132,0.36881894,0.07040936,-0.0058479533,0.224356",0.0
"-0.030046444,0.5825511,-0.79653543,0.06472709,-0.00031291132,0.36881894,0.07040936,-0.0058479533,0.224356","-0.006541431,0.12818253,-0.66189355","-0.030671101,0.6001756,-0.8676432,0.029208709,0.002993103,0.27160764,0.07040936,-0.0058479533,0.224356",0.0
"-0.030671101,0.6001756,-0.8676432,0.029208709,0.002993103,0.27160764,0.07040936,-0.0058479533,0.224356","0.1429367,0.19337392,-0.070703685","-0.01702168,0.6267636,-0.875239,0.044058207,0.0034393207,0.25870886,0.07040936,-0.0058479533,0.224356",0.0
"-0.01702168,0.6267636,-0.875239,0.044058207,0.0034393207,0.25870886,0.07040936,-0.0058479533,0.224356","0.06627917,0.091581464,-0.09445393","-0.0106925,0.6393556,-0.88538635,0.046333168,0.0042355154,0.24337868,0.07040936,-0.0058479533,0.224356",0.0
"-0.0106925,0.6393556,-0.88538635,0.046333168,0.0042355154,0.24337868,0.07040936,-0.0058479533,0.224356","0.075745344,0.12244856,0.046185493","-0.0034593677,0.6561917,-0.8804247,0.061607424,0.005120059,0.24789406,0.07040936,-0.0058479533,0.224356",0.0
"-0.0034593677,0.6561917,-0.8804247,0.061607424,0.005120059,0.24789406,0.07040936,-0.0058479533,0.224356","-0.09727633,0.07225466,-0.17335945","-0.012748551,0.66612643,-0.8990489,0.05545447,0.0035717604,0.22137895,0.07040936,-0.0058479533,0.224356",0.0
"-0.012748551,0.66612643,-0.8990489,0.05545447,0.0035717604,0.22137895,0.07040936,-0.0058479533,0.224356","-0.07723153,0.11250436,-0.036576033","-0.020123601,0.68159527,-0.90297836,0.062889524,0.0018196823,0.21384583,0.07040936,-0.0058479533,0.224356",0.0
"0.0,0.0,0.0,2.8652207e-07,0.005789075,0.993462,-0.028596492,-0.0057894737,0.07248303","-0.9832046,0.7566086,-0.9987208","-0.093888886,0.104029804,-0.10729324,0.0733656,-0.016239787,0.977818,-0.028596492,-0.0057894737,0.07248303",0.0
"-0.093888886,0.104029804,-0.10729324,0.0733656,-0.016239787,0.977818,-0.028596492,-0.0057894737,0.07248303","-0.99450105,0.6920817,-0.98971486","-0.18885651,0.19918752,-0.21361896,0.10891009,-0.066462345,0.9347922,-0.028596492,-0.0057894737,0.07248303",0.0
"-0.18885651,0.19918752,-0.21361896,0.10891009,-0.066462345,0.9347922,-0.028596492,-0.0057894737,0.07248303","-0.9858488,0.78001785,-0.994089","-0.2829979,0.306436,-0.32041466,0.12687594,-0.14715494,0.8602783,-0.028596492,-0.0057894737,0.07248303",0.0
"-0.2829979,0.306436,-0.32041466,0.12687594,-0.14715494,0.8602783,-0.028596492,-0.0057894737,0.07248303","-0.98773277,0.6766218,-0.99935615","-0.37731922,0.39946806,-0.42777622,0.087888345,-0.20123473,0.76767266,-0.028596492,-0.0057894737,0.07248303",0.0
"-0.37731922,0.39946806,-0.42777622,0.087888345,-0.20123473,0.76767266,-0.028596492,-0.0057894737,0.07248303","-0.9968099,0.5468304,-0.9994942","-0.47250733,0.47465447,-0.5351526,0.023334162,-0.20238729,0.6649483,-0.028596492,-0.0057894737,0.07248303",0.0
"-0.47250733,0.47465447,-0.5351526,0.023334162,-0.20238729,0.6649483,-0.028596492,-0.0057894737,0.07248303","-0.9992924,0.6131406,-0.99341637","-0.5679325,0.55895823,-0.641876,-0.035214778,-0.18982285,0.5418402,-0.028596492,-0.0057894737,0.07248303",0.0
"-0.5679325,0.55895823,-0.641876,-0.035214778,-0.18982285,0.5418402,-0.028596492,-0.0057894737,0.07248303","-0.950593,0.37944114,-0.98244244","-0.6587072,0.61112946,-0.74742043,-0.06095782,-0.12406196,0.4195135,-0.028596492,-0.0057894737,0.07248303",0.0
"-0.6587072,0.61112946,-0.74742043,-0.06095782,-0.12406196,0.4195135,-0.028596492,-0.0057894737,0.07248303","-0.9915719,0.12186158,-0.93128026","-0.75339514,0.62788486,-0.84746855,-0.041981526,-0.049196377,0.29586008,-0.028596492,-0.0057894737,0.07248303",0.0
"-0.75339514,0.62788486,-0.84746855,-0.041981526,-0.049196377,0.29586008,-0.028596492,-0.0057894737,0.07248303","-0.9798051,0.056480765,-0.9628888","-0.8469594,0.6356507,-0.95091236,-0.004854733,-0.009061975,0.14946145,-0.028596492,-0.0057894737,0.07248303",0.0
"-0.8469594,0.6356507,-0.95091236,-0.004854733,-0.009061975,0.14946145,-0.028596492,-0.0057894737,0.07248303","-0.98194414,0.67492604,-0.935376","-0.94072795,0.72844964,-1.0,-0.025941294,-0.010778223,0.07269515,-0.028596492,-0.0057894737,0.07248303",0.0
"0.0,0.0,0.0,2.8652207e-07,0.005789075,0.993462,-0.02894737,0.0038011696,0.07248303","-0.9768834,0.66999364,-0.97581375","-0.093285255,0.0921207,-0.10483232,0.05226673,-0.00972475,0.9799892,-0.02894737,0.0038011696,0.07248303",0.0
"-0.093285255,0.0921207,-0.10483232,0.05226673,-0.00972475,0.9799892,-0.02894737,0.0038011696,0.07248303","-0.9505614,0.81777513,-0.9768477","-0.18405695,0.20456061,-0.20977573,0.12358418,-0.07374374,0.9339152,-0.02894737,0.0038011696,0.07248303",0.0
"-0.18405695,0.20456061,-0.20977573,0.12358418,-0.07374374,0.9339152,-0.02894737,0.0038011696,0.07248303","-0.68993247,0.67260695,-0.99584305","-0.2499405,0.29704067,-0.31675985,0.13223767,-0.12400307,0.86588806,-0.02894737,0.0038011696,0.07248303",0.0
"-0.2499405,0.29704067,-0.31675985,0.13223767,-0.12400307,0.86588806,-0.02894737,0.0038011696,0.07248303","-0.79031223,0.6989602,-0.95709205","-0.32540956,0.39314413,-0.41958094,0.11933746,-0.1842025,0.7750631,-0.02894737,0.0038011696,0.07248303",0.0
"-0.32540956,0.39314413,-0.41958094,0.11933746,-0.1842025,0.7750631,-0.02894737,0.0038011696,0.07248303","-0.79504836,0.29490745,-0.99536055","-0.40133092,0.43369246,-0.5265132,0.051481266,-0.14174905,0.6890323,-0.02894737,0.0038011696,0.07248303",0.0
"-0.40133092,0.43369246,-0.5265132,0.051481266,-0.14174905,0.6890323,-0.02894737,0.0038011696,0.07248303","-0.70611113,0.48658955,-0.99665123","-0.46875942,0.5005961,-0.63358414,0.018048586,-0.124229476,0.5721206,-0.02894737,0.0038011696,0.07248303",0.0
"-0.46875942,0.5005961,-0.63358414,0.018048586,-0.124229476,0.5721206,-0.02894737,0.0038011696,0.07248303","-0.93564636,0.31997132,-0.9912039","-0.55810684,0.54459053,-0.74006987,-0.0076630795,-0.07340031,0.44510257,-0.02894737,0.0038011696,0.07248303",0.0
"-0.55810684,0.54459053,-0.74006987,-0.0076630795,-0.07340031,0.44510257,-0.02894737,0.0038011696,0.07248303","-0.9698232,0.34410524,-0.9864185","-0.6507179,0.59190327,-0.84604156,-0.011326037,-0.034800872,0.30219027,-0.02894737,0.0038011696,0.07248303",0.0
"-0.6507179,0.59190327,-0.84604156,-0.011326037,-0.034800872,0.30219027,-0.02894737,0.0038011696,0.07248303","0.0523355,-0.09315902,-0.96427536","-0.64572024,0.57909447,-0.9496343,0.014338543,0.016002458,0.15055941,-0.02894737,0.0038011696,0.07248303",0.0
"-0.64572024,0.57909447,-0.9496343,0.014338543,0.016002458,0.15055941,-0.02894737,0.0038011696,0.07248303","0.4219159,0.22030437,-0.7911012","-0.60543036,0.60938525,-1.0000001,0.011081757,0.01442167,0.074191265,-0.02894737,0.0038011696,0.07248303",0.0
"-0.60543036,0.60938525,-1.0000001,0.011081757,0.01442167,0.074191265,-0.02894737,0.0038011696,0.07248303","0.57989395,-0.13160557,-0.5607158","-0.55005467,0.5912902,-1.0000001,0.009478613,0.02280942,0.07328069,-0.02894737,0.0038011696,0.07248303",0.0
"-0.55005467,0.5912902,-1.0000001,0.009478613,0.02280942,0.07328069,-0.02894737,0.0038011696,0.07248303","0.7070364,-0.012186527,-0.30672342","-0.48253784,0.5896147,-1.0000001,0.0044299965,0.02491796,0.07318124,-0.02894737,0.0038011696,0.07248303",0.0
"-0.48253784,0.5896147,-1.0000001,0.0044299965,0.02491796,0.07318124,-0.02894737,0.0038011696,0.07248303","0.46508873,-0.00089383125,-0.14682078","-0.43812525,0.5894919,-1.0000001,0.00091252296,0.025336832,0.07317388,-0.02894737,0.0038011696,0.07248303",0.0
"-0.43812525,0.5894919,-1.0000001,0.00091252296,0.025336832,0.07317388,-0.02894737,0.0038011696,0.07248303","0.662222,0.029539108,-0.43666625","-0.37488785,0.5935534,-1.0000001,-0.003525249,0.023618136,0.073410966,-0.02894737,0.0038011696,0.07248303",0.0
"-0.37488785,0.5935534,-1.0000001,-0.003525249,0.023618136,0.073410966,-0.02894737,0.0038011696,0.07248303","0.69611526,-0.107375205,-0.19091415","-0.30841392,0.57878995,-1.0000001,-0.0114599215,0.026908563,0.07247744,-0.02894737,0.0038011696,0.07248303",0.0
"-0.30841392,0.57878995,-1.0000001,-0.0114599215,0.026908563,0.07247744,-0.02894737,0.0038011696,0.07248303","0.739445,0.028736353,-0.30410987","-0.23780228,0.5827411,-1.0000001,-0.016021373,0.022729302,0.07274671,-0.02894737,0.0038011696,0.07248303",0.0
"-0.23780228,0.5827411,-1.0000001,-0.016021373,0.022729302,0.07274671,-0.02894737,0.0038011696,0.07248303","0.46766412,-0.12304294,-0.23350781","-0.19314376,0.5658233,-1.0000001,-0.024198776,0.023844747,0.07149462,-0.02894737,0.0038011696,0.07248303",0.0
"-0.19314376,0.5658233,-1.0000001,-0.024198776,0.023844747,0.07149462,-0.02894737,0.0038011696,0.07248303","0.48556912,0.1617893,0.022628546","-0.14677542,0.58806854,-0.9975692,-0.01980811,0.016305821,0.07687384,-0.02894737,0.0038011696,0.07248303",0.0
"0.0,0.0,0.0,2.8652207e-07,0.005789075,0.993462,0.113508776,0.032865494,0.023057302","0.7348002,0.9909557,-0.9427773","0.0701681,0.13625133,-0.1012832,0.14703354,0.038880054,0.96917063,0.113508776,0.032865494,0.023057302",0.0
"0.0701681,0.13625133,-0.1012832,0.14703354,0.038880054,0.96917063,0.113508776,0.032865494,0.023057302","0.38801956,0.9838023,-0.99421996","0.10722116,0.27151915,-0.20809293,0.263849,0.09853166,0.89928293,0.113508776,0.032865494,0.023057302",0.0
"0.10722116,0.27151915,-0.20809293,0.263849,0.09853166,0.89928293,0.113508776,0.032865494,0.023057302","-0.3910724,0.7692764,-0.9978823","0.06987659,0.37729073,-0.3152961,0.32449558,0.078332804,0.8156926,0.113508776,0.032865494,0.023057302",0.0
"0.06987659,0.37729073,-0.3152961,0.32449558,0.078332804,0.8156926,0.113508776,0.032865494,0.023057302","0.17656088,0.8855189,-0.9986275","0.08673687,0.49904507,-0.42257938,0.37630507,0.11116691,0.6947483,0.113508776,0.032865494,0.023057302",0.0
"0.08673687,0.49904507,-0.42257938,0.37630507,0.11116691,0.6947483,0.113508776,0.032865494,0.023057302","-0.14117062,0.79835653,-0.9808987","0.073256105,0.6088151,-0.5279579,0.39493608,0.09847635,0.5676924,0.113508776,0.032865494,0.023057302",0.0
"0.073256105,0.6088151,-0.5279579,0.39493608,0.09847635,0.5676924,0.113508776,0.032865494,0.023057302","0.23067999,0.7655314,-0.9870308","0.09528437,0.71407175,-0.6339953,0.36971575,0.120160066,0.4355078,0.113508776,0.032865494,0.023057302",0.0
"0.09528437,0.71407175,-0.6339953,0.36971575,0.120160066,0.4355078,0.113508776,0.032865494,0.023057302","0.012832403,0.8210001,-0.9800337","0.09650977,0.826955,-0.7392809,0.3343542,0.11066544,0.29436898,0.113508776,0.032865494,0.023057302",0.0
"0.09650977,0.826955,-0.7392809,0.3343542,0.11066544,0.29436898,0.113508776,0.032865494,0.023057302","-0.20609927,0.7215427,-0.9765136","0.07682878,0.92616355,-0.8441884,0.2703229,0.072506,0.169356,0.113508776,0.032865494,0.023057302",0.0
"0.07682878,0.92616355,-0.8441884,0.2703229,0.072506,0.169356,0.113508776,0.032865494,0.023057302","-0.36659634,0.56758213,-0.95229334","0.041822974,0.9999802,-0.9464949,0.17987941,0.029611094,0.06565269,0.113508776,0.032865494,0.023057302",0.0
"0.041822974,0.9999802,-0.9464949,0.17987941,0.029611094,0.06565269,0.113508776,0.032865494,0.023057302","0.179178,0.39991045,-0.6824992","0.058934767,0.99998003,-1.0000021,0.114953294,0.027420128,0.02304464,0.113508776,0.032865494,0.023057302",0.0
"0.0,0.0,0.0,2.8652207e-07,0.005789075,0.993462,-0.6725147,-0.0057894737,0.037113562","-0.70490646,-0.97563004,-0.97896755","-0.067313455,-0.13414411,-0.1051711,-0.4086956,0.093660474,0.87658983,-0.6725147,-0.0057894737,0.037113562",0.0
"-0.067313455,-0.13414411,-0.1051711,-0.4086956,0.093660474,0.87658983,-0.6725147,-0.0057894737,0.037113562","0.018766046,-0.9053263,-0.9987967","-0.06552144,-0.25862184,-0.21247247,-0.7057738,0.15327905,0.57328,-0.6725147,-0.0057894737,0.037113562",0.0
"-0.06552144,-0.25862184,-0.21247247,-0.7057738,0.15327905,0.57328,-0.6725147,-0.0057894737,0.037113562","0.58322465,-0.5382502,-0.8493536","-0.009827724,-0.3326285,-0.30371907,-0.82739556,0.031345632,0.29352832,-0.6725147,-0.0057894737,0.037113562",0.0
"-0.009827724,-0.3326285,-0.30371907,-0.82739556,0.031345632,0.29352832,-0.6725147,-0.0057894737,0.037113562","0.08760631,0.7045655,-0.9448418","-0.0014619596,-0.23575442,-0.40522403,-0.7416788,0.009195609,0.321003,-0.6725147,-0.0057894737,0.037113562",0.0
"-0.0014619596,-0.23575442,-0.40522403,-0.7416788,0.009195609,0.321003,-0.6725147,-0.0057894737,0.037113562","-0.14635646,-0.16495562,-0.9640387","-0.015437942,-0.25843498,-0.5087913,-0.72076225,0.04078055,0.124152005,-0.6725147,-0.0057894737,0.037113562",0.0
"-0.015437942,-0.25843498,-0.5087913,-0.72076225,0.04078055,0.124152005,-0.6725147,-0.0057894737,0.037113562","0.41898108,0.062291265,-0.7340747","0.024571707,-0.2498703,-0.58765346,-0.6629919,-0.045474295,0.031691745,-0.6725147,-0.0057894737,0.037113562",0.0
"0.024571707,-0.2498703,-0.58765346,-0.6629919,-0.045474295,0.031691745,-0.6725147,-0.0057894737,0.037113562","-0.26057595,-0.18568039,-0.0038838983","-0.00031140825,-0.27540043,-0.5880707,-0.67057806,0.006445301,-0.010412133,-0.6725147,-0.0057894737,0.037113562",0.0
"-0.00031140825,-0.27540043,-0.5880707,-0.67057806,0.006445301,-0.010412133,-0.6725147,-0.0057894737,0.037113562","0.15602851,0.2910875,0.14949298","0.014588178,-0.23537743,-0.5720106,-0.6711569,-0.024985246,0.075766906,-0.6725147,-0.0057894737,0.037113562",0.0
"0.014588178,-0.23537743,-0.5720106,-0.6711569,-0.024985246,0.075766906,-0.6725147,-0.0057894737,0.037113562","-0.15368193,-0.08700585,-0.06669599","-8.733444e-05,-0.24734032,-0.5791758,-0.6704383,0.0059731505,0.04672684,-0.6725147,-0.0057894737,0.037113562",0.0
"0.0,0.0,0.0,2.8652207e-07,0.005789075,0.993462,-0.17807019,-0.18491228,0.2937874","0.7862071,-0.6390092,-0.99134296","0.075077064,-0.08786047,-0.106500596,-0.32131085,-0.07126823,0.9178034,-0.17807019,-0.18491228,0.2937874",0.0
"0.075077064,-0.08786047,-0.106500596,-0.32131085,-0.07126823,0.9178034,-0.17807019,-0.18491228,0.2937874","0.634205,0.7062355,-0.9953276","0.13563903,0.009243284,-0.2134293,-0.24123812,-0.103149354,0.9032077,-0.17807019,-0.18491228,0.2937874",0.0
"0.13563903,0.009243284,-0.2134293,-0.24123812,-0.103149354,0.9032077,-0.17807019,-0.18491228,0.2937874","0.1552422,0.8251891,-0.9428446","0.15046355,0.12270256,-0.31471974,-0.14168473,-0.06595009,0.8726059,-0.17807019,-0.18491228,0.2937874",0.0
"0.15046355,0.12270256,-0.31471974,-0.14168473,-0.06595009,0.8726059,-0.17807019,-0.18491228,0.2937874","0.258798,0.08924973,-0.9873747","0.17517689,0.13497396,-0.4207941,-0.20939569,-0.121686414,0.76660746,-0.17807019,-0.18491228,0.2937874",0.0
"0.17517689,0.13497396,-0.4207941,-0.20939569,-0.121686414,0.76660746,-0.17807019,-0.18491228,0.2937874","-0.17271578,0.30012536,-0.981768","0.15868379,0.17623968,-0.52626616,-0.22830814,-0.11769578,0.6551023,-0.17807019,-0.18491228,0.2937874",0.0
"0.15868379,0.17623968,-0.52626616,-0.22830814,-0.11769578,0.6551023,-0.17807019,-0.18491228,0.2937874","0.077732205,0.22043335,-0.9486017","0.16610666,0.20654817,-0.628175,-0.23435725,-0.12807932,0.52695745,-0.17807019,-0.18491228,0.2937874",0.0
"0.16610666,0.20654817,-0.628175,-0.23435725,-0.12807932,0.52695745,-0.17807019,-0.18491228,0.2937874","0.1391412,-0.16231418,-0.9030086","0.17939365,0.18423082,-0.72518593,-0.26175717,-0.15856957,0.36121765,-0.17807019,-0.18491228,0.2937874",0.0
"0.17939365,0.18423082,-0.72518593,-0.26175717,-0.15856957,0.36121765,-0.17807019,-0.18491228,0.2937874","0.1426661,0.18337989,-0.5874407","0.19301723,0.20944461,-0.78829515,-0.22881708,-0.1516502,0.2812778,-0.17807019,-0.18491228,0.2937874",0.0
"0.19301723,0.20944461,-0.78829515,-0.22881708,-0.1516502,0.2812778,-0.17807019,-0.18491228,0.2937874","0.2889322,0.16749191,0.063648105","0.22060814,0.23247391,-0.7814575,-0.20159796,-0.15990117,0.30678856,-0.17807019,-0.18491228,0.2937874",0.0
"0.22060814,0.23247391,-0.7814575,-0.20159796,-0.15990117,0.30678856,-0.17807019,-0.18491228,0.2937874","0.18504822,-0.20445341,-0.043220937","0.2382789,0.20436263,-0.78610086,-0.20831059,-0.18560667,0.28122002,-0.17807019,-0.18491228,0.2937874",0.0
"0.2382789,0.20436263,-0.78610086,-0.20831059,-0.18560667,0.28122002,-0.17807019,-0.18491228,0.2937874","-0.019832313,0.26437235,0.031866074","0.23638506,0.24071251,-0.78267753,-0.18825631,-0.1649456,0.30999225,-0.17807019,-0.18491228,0.2937874",0.0
"0.23638506,0.24071251,-0.78267753,-0.18825631,-0.1649456,0.30999225,-0.17807019,-0.18491228,0.2937874","0.116341114,0.0014113188,-0.08869189","0.2474948,0.24090657,-0.7922058,-0.18130046,-0.17034571,0.29531613,-0.17807019,-0.18491228,0.2937874",0.0
"0.0,0.0,0.0,2.8652207e-07,0.005789075,0.993462,0.021988304,0.06315789,0.060191978","-0.9933798,-0.15173542,-0.99469113","-0.094860554,-0.020862833,-0.10686032,-0.18095767,0.06163918,0.96015453,0.021988304,0.06315789,0.060191978",0.0
"-0.094860554,-0.020862833,-0.10686032,-0.18095767,0.06163918,0.96015453,0.021988304,0.06315789,0.060191978","-0.9989561,0.8720803,-0.98974067","-0.1902536,0.09904374,-0.21318884,-0.062163614,0.04932223,0.9408976,0.021988304,0.06315789,0.060191978",0.0
"-0.1902536,0.09904374,-0.21318884,-0.062163614,0.04932223,0.9408976,0.021988304,0.06315789,0.060191978","-0.98798007,0.6116097,-0.9708059","-0.2845985,0.18313695,-0.3174832,-0.021623923,0.03616609,0.8849587,0.021988304,0.06315789,0.060191978",0.0
"-0.2845985,0.18313695,-0.3174832,-0.021623923,0.03616609,0.8849587,0.021988304,0.06315789,0.060191978","-0.947854,0.36711562,-0.9857596","-0.37511167,0.23361349,-0.423384,-0.021564493,0.06725381,0.80149955,0.021988304,0.06315789,0.060191978",0.0
"-0.37511167,0.23361349,-0.423384,-0.021564493,0.06725381,0.80149955,0.021988304,0.06315789,0.060191978","-0.8711956,0.7898705,-0.970372","-0.45830455,0.34221667,-0.52763176,0.006186048,-0.0026323597,0.7052565,0.021988304,0.06315789,0.060191978",0.0
"-0.45830455,0.34221667,-0.52763176,0.006186048,-0.0026323597,0.7052565,0.021988304,0.06315789,0.060191978","-0.93672043,-0.05927539,-0.95927095","-0.5477545,0.33406663,-0.6306869,0.020687357,0.098119244,0.58078307,0.021988304,0.06315789,0.060191978",0.0
"-0.5477545,0.33406663,-0.6306869,0.020687357,0.098119244,0.58078307,0.021988304,0.06315789,0.060191978","-0.054594696,0.22203624,-0.9903732","-0.55296797,0.36459547,-0.7370834,0.026172046,0.120870985,0.43816155,0.021988304,0.06315789,0.060191978",0.0
"-0.55296797,0.36459547,-0.7370834,0.026172046,0.120870985,0.43816155,0.021988304,0.06315789,0.060191978","-0.27536595,0.15168738,-0.9730448","-0.5792634,0.38545176,-0.84161824,0.037834294,0.1252897,0.28476232,0.021988304,0.06315789,0.060191978",0.0
"-0.5792634,0.38545176,-0.84161824,0.037834294,0.1252897,0.28476232,0.021988304,0.06315789,0.060191978","-0.24848866,0.22758996,-0.956454","-0.60299224,0.41674426,-0.9443708,0.038531665,0.09669093,0.13396879,0.021988304,0.06315789,0.060191978",0.0
"-0.60299224,0.41674426,-0.9443708,0.038531665,0.09669093,0.13396879,0.021988304,0.06315789,0.060191978","0.08517182,0.12712038,-0.5532282","-0.59485894,0.43422273,-1.0000001,0.02905335,0.07486936,0.05313872,0.021988304,0.06315789,0.060191978",0.0
"0.0,0.0,0.0,2.8652207e-07,0.005789075,0.993462,-0.10532164,-0.22573099,0.096280605","0.90631986,0.20300889,-0.96987236","0.08654697,0.02791269,-0.10419402,-0.08241192,-0.01696662,0.9777103,-0.10532164,-0.22573099,0.096280605",0.0
"0.08654697,0.02791269,-0.10419402,-0.08241192,-0.01696662,0.9777103,-0.10532164,-0.22573099,0.096280605","0.6183684,0.79038656,-0.982661","0.14559668,0.1365868,-0.20976196,0.000316739,0.006608351,0.9461291,-0.10532164,-0.22573099,0.096280605",0.0
"0.14559668,0.1365868,-0.20976196,0.000316739,0.006608351,0.9461291,-0.10532164,-0.22573099,0.096280605","0.80402803,-0.31906736,-0.9747227","0.22237554,0.09271671,-0.3144771,-0.16721193,-0.13288502,0.8593084,-0.10532164,-0.22573099,0.096280605",0.0
"0.22237554,0.09271671,-0.3144771,-0.16721193,-0.13288502,0.8593084,-0.10532164,-0.22573099,0.096280605","0.39451241,0.82486916,-0.9878785","0.26004863,0.20613201,-0.4206056,-0.084062435,-0.08108699,0.79801905,-0.10532164,-0.22573099,0.096280605",0.0
"0.26004863,0.20613201,-0.4206056,-0.084062435,-0.08108699,0.79801905,-0.10532164,-0.22573099,0.096280605","-0.07779473,0.16241145,-0.9556921","0.25261983,0.22846277,-0.52327627,-0.12624218,-0.12008274,0.6865723,-0.10532164,-0.22573099,0.096280605",0.0
"0.25261983,0.22846277,-0.52327627,-0.12624218,-0.12008274,0.6865723,-0.10532164,-0.22573099,0.096280605","0.17046165,-0.3048858,-0.96195614","0.26889768,0.18654257,-0.6266199,-0.19781865,-0.21410179,0.5156833,-0.10532164,-0.22573099,0.096280605",0.0
"0.26889768,0.18654257,-0.6266199,-0.19781865,-0.21410179,0.5156833,-0.10532164,-0.22573099,0.096280605","-0.24106497,-0.24661279,-0.95259386","0.24587771,0.15263459,-0.72895765,-0.24333857,-0.22903349,0.3306746,-0.10532164,-0.22573099,0.096280605",0.0
"0.24587771,0.15263459,-0.72895765,-0.24333857,-0.22903349,0.3306746,-0.10532164,-0.22573099,0.096280605","0.032274604,0.07191408,-0.9785461","0.2489597,0.16252242,-0.83408356,-0.20854113,-0.19902253,0.1804898,-0.10532164,-0.22573099,0.096280605",0.0
"0.2489597,0.16252242,-0.83408356,-0.20854113,-0.19902253,0.1804898,-0.10532164,-0.22573099,0.096280605","0.20487285,0.03543377,-0.6791904","0.26852357,0.1673944,-0.90704936,-0.16190721,-0.17323169,0.08384722,-0.10532164,-0.22573099,0.096280605",0.0
"0.26852357,0.1673944,-0.90704936,-0.16190721,-0.17323169,0.08384722,-0.10532164,-0.22573099,0.096280605","0.4142071,-0.08316004,0.08938658","0.30807737,0.15596034,-0.8974466,-0.14604552,-0.2019237,0.08947303,-0.10532164,-0.22573099,0.096280605",0.0
"0.30807737,0.15596034,-0.8974466,-0.14604552,-0.2019237,0.08947303,-0.10532164,-0.22573099,0.096280605","0.15274835,0.11801696,0.01028347","0.32266372,0.17218708,-0.89634186,-0.13351913,-0.20338784,0.10066492,-0.10532164,-0.22573099,0.096280605",0.0
"0.32266372,0.17218708,-0.89634186,-0.13351913,-0.20338784,0.10066492,-0.10532164,-0.22573099,0.096280605","0.11443114,0.048648477,0.038249493","0.33359104,0.17887601,-0.8922328,-0.12648517,-0.20789504,0.110124044,-0.10532164,-0.22573099,0.096280605",0.0
"0.33359104,0.17887601,-0.8922328,-0.12648517,-0.20789504,0.110124044,-0.10532164,-0.22573099,0.096280605","0.11572039,0.08375549,-0.048774958","0.3446415,0.19039197,-0.89747274,-0.115070656,-0.20439522,0.10975724,-0.10532164,-0.22573099,0.096280605",0.0
"0.3446415,0.19039197,-0.89747274,-0.115070656,-0.20439522,0.10975724,-0.10532164,-0.22573099,0.096280605","0.12100482,-0.03067118,-0.026504993","0.3561966,0.18617485,-0.9003203,-0.10750834,-0.20829606,0.1035077,-0.10532164,-0.22573099,0.096280605",0.0
"0.3561966,0.18617485,-0.9003203,-0.10750834,-0.20829606,0.1035077,-0.10532164,-0.22573099,0.096280605","0.011340499,-0.053406477,-0.0034119487","0.35727954,0.17883176,-0.9006869,-0.10804519,-0.21125105,0.09879526,-0.10532164,-0.22573099,0.096280605",0.0
"0.0,0.0,0.0,2.8652207e-07,0.005789075,0.993462,0.04760234,0.0622807,-0.29016843","-0.9954159,-0.75698924,-0.99636245","-0.09505501,-0.10408212,-0.10703985,-0.34456104,0.1121235,0.9037145,0.04760234,0.0622807,-0.29016843",0.0
"-0.09505501,-0.10408212,-0.10703985,-0.34456104,0.1121235,0.9037145,0.04760234,0.0622807,-0.29016843","-0.9961446,-0.61180735,-0.93662065","-0.19017959,-0.18820249,-0.2076616,-0.5055512,0.35099256,0.6950119,0.04760234,0.0622807,-0.29016843",0.0
"-0.19017959,-0.18820249,-0.2076616,-0.5055512,0.35099256,0.6950119,0.04760234,0.0622807,-0.29016843","-0.8779123,-0.36940062,-0.9125159","-0.27401385,-0.23899321,-0.30569378,-0.4757358,0.5624171,0.46974635,0.04760234,0.0622807,-0.29016843",0.0
"-0.27401385,-0.23899321,-0.30569378,-0.4757358,0.5624171,0.46974635,0.04760234,0.0622807,-0.29016843","-0.98812217,-0.83935535,-0.89157224","-0.36837235,-0.35440028,-0.40147594,-0.32388157,0.75248116,0.0996436,0.04760234,0.0622807,-0.29016843",0.0
"-0.36837235,-0.35440028,-0.40147594,-0.32388157,0.75248116,0.0996436,0.04760234,0.0622807,-0.29016843","-0.87604064,-0.39894724,-0.7580537","-0.45202786,-0.4092535,-0.48291412,-0.110872015,0.7686701,-0.11893844,0.04760234,0.0622807,-0.29016843",0.0
"-0.45202786,-0.4092535,-0.48291412,-0.110872015,0.7686701,-0.11893844,0.04760234,0.0622807,-0.29016843","-0.8108218,-0.5005179,-0.875005","-0.5294554,-0.4780722,-0.57691646,0.06685807,0.6577558,-0.33366317,0.04760234,0.0622807,-0.29016843",0.0
"-0.5294554,-0.4780722,-0.57691646,0.06685807,0.6577558,-0.33366317,0.04760234,0.0622807,-0.29016843","-0.15060258,-0.74898595,-0.973229","-0.5438369,-0.581054,-0.681471,0.06847969,0.45191333,-0.51186746,0.04760234,0.0622807,-0.29016843",0.0
"-0.5438369,-0.581054,-0.681471,0.06847969,0.45191333,-0.51186746,0.04760234,0.0622807,-0.29016843","0.036343098,-0.109274626,-0.72184277","-0.5403664,-0.59607875,-0.75901896,0.04858658,0.33528683,-0.5079308,0.04760234,0.0622807,-0.29016843",0.0
"-0.5403664,-0.59607875,-0.75901896,0.04858658,0.33528683,-0.5079308,0.04760234,0.0622807,-0.29016843","-0.62598646,0.44015348,-0.95051605","-0.60014355,-0.53555995,-0.8611335,0.081481144,0.23167582,-0.40938973,0.04760234,0.0622807,-0.29016843",0.0
"-0.60014355,-0.53555995,-0.8611335,0.081481144,0.23167582,-0.40938973,0.04760234,0.0622807,-0.29016843","-0.7574546,-0.43081987,-0.96367","-0.6724749,-0.5947955,-0.9646611,0.056639463,0.08286742,-0.3379206,0.04760234,0.0622807,-0.29016843",0.0
"-0.6724749,-0.5947955,-0.9646611,0.056639463,0.08286742,-0.3379206,0.04760234,0.0622807,-0.29016843","-0.20793247,0.44597852,-0.62859166","-0.692331,-0.5334758,-1.0,0.055893965,0.070772134,-0.28280237,0.04760234,0.0622807,-0.29016843",0.0
"0.0,0.0,0.0,2.8652207e-07,0.005789075,0.993462,-0.4263743,-0.45461988,0.2042196","0.7415254,-0.8562034,-0.9987786","0.07081029,-0.117723554,-0.10729941,-0.38131934,-0.08031952,0.8909941,-0.4263743,-0.45461988,0.2042196",0.0
"0.07081029,-0.117723554,-0.10729941,-0.38131934,-0.08031952,0.8909941,-0.4263743,-0.45461988,0.2042196","0.8722825,-0.84985286,-0.99060017","0.15410694,-0.23457396,-0.2137202,-0.61300766,-0.3158317,0.61293143,-0.4263743,-0.45461988,0.2042196",0.0
"0.15410694,-0.23457396,-0.2137202,-0.61300766,-0.3158317,0.61293143,-0.4263743,-0.45461988,0.2042196","0.6048063,0.66789246,-0.99285585","0.21186155,-0.1427422,-0.32038337,-0.4900966,-0.37741035,0.6072622,-0.4263743,-0.45461988,0.2042196",0.0
"0.21186155,-0.1427422,-0.32038337,-0.4900966,-0.37741035,0.6072622,-0.4263743,-0.45461988,0.2042196","0.27818668,-0.23129433,-0.968075","0.23842636,-0.17454399,-0.4243843,-0.50462234,-0.46129525,0.39762026,-0.4263743,-0.45461988,0.2042196",0.0
"0.23842636,-0.17454399,-0.4243843,-0.50462234,-0.46129525,0.39762026,-0.4263743,-0.45461988,0.2042196","-0.2494272,-0.016810179,-0.90043044","0.21460788,-0.17685533,-0.5211181,-0.5253231,-0.4123919,0.24459532,-0.4263743,-0.45461988,0.2042196",0.0
"0.21460788,-0.17685533,-0.5211181,-0.5253231,-0.4123919,0.24459532,-0.4263743,-0.45461988,0.2042196","0.20855999,-0.09722704,-0.4494077","0.23452385,-0.19022357,-0.56939834,-0.4874082,-0.43436095,0.15237238,-0.4263743,-0.45461988,0.2042196",0.0
"0.23452385,-0.19022357,-0.56939834,-0.4874082,-0.43436095,0.15237238,-0.4263743,-0.45461988,0.2042196","0.0814538,0.2161156,0.22564912","0.24230209,-0.1605088,-0.5451567,-0.4723832,-0.44207555,0.23481318,-0.4263743,-0.45461988,0.2042196",0.0
"0.24230209,-0.1605088,-0.5451567,-0.4723832,-0.44207555,0.23481318,-0.4263743,-0.45461988,0.2042196","0.01652348,0.008476853,-0.2127009","0.24387994,-0.1593433,-0.56800735,-0.46213326,-0.43666264,0.2029259,-0.4263743,-0.45461988,0.2042196",0.0
"0.24387994,-0.1593433,-0.56800735,-0.46213326,-0.43666264,0.2029259,-0.4263743,-0.45461988,0.2042196","0.12423873,0.07743156,0.020897388","0.25574383,-0.14869687,-0.5657624,-0.44151238,-0.44940323,0.22265613,-0.4263743,-0.45461988,0.2042196",0.0
"0.25574383,-0.14869687,-0.5657624,-0.44151238,-0.44940323,0.22265613,-0.4263743,-0.45461988,0.2042196","-0.03369814,-0.09618753,-0.09501463","0.25252593,-0.16192219,-0.5759699,-0.4483383,-0.44725937,0.18737797,-0.4263743,-0.45461988,0.2042196",0.0
"0.25252593,-0.16192219,-0.5759699,-0.4483383,-0.44725937,0.18737797,-0.4263743,-0.45461988,0.2042196","-0.0086272955,-0.008492827,0.123776555","0.25170207,-0.16308993,-0.56267256,-0.45476347,-0.45142317,0.20488718,-0.4263743,-0.45461988,0.2042196",0.0
"0.25170207,-0.16308993,-0.56267256,-0.45476347,-0.45142317,0.20488718,-0.4263743,-0.45461988,0.2042196","0.04819429,0.11755085,-0.13586485","0.2563043,-0.14692731,-0.5772686,-0.43612912,-0.4454034,0.2084755,-0.4263743,-0.45461988,0.2042196",0.0
"0.0,0.0,0.0,2.8652207e-07,0.005789075,0.993462,-0.038362574,-0.39315787,0.3476588","0.75950825,-0.9158647,-0.9104291","0.07252752,-0.12592669,-0.09780798,-0.38562462,-0.08347543,0.89092016,-0.038362574,-0.39315787,0.3476588",0.0
"0.07252752,-0.12592669,-0.09780798,-0.38562462,-0.08347543,0.89092016,-0.038362574,-0.39315787,0.3476588","0.95957255,0.6412858,-0.9992577","0.16415974,-0.037753195,-0.20515889,-0.3032867,-0.16527782,0.87581146,-0.038362574,-0.39315787,0.3476588",0.0
"0.16415974,-0.037753195,-0.20515889,-0.3032867,-0.16527782,0.87581146,-0.038362574,-0.39315787,0.3476588","0.8391861,0.25748038,-0.9717653","0.24429592,-0.0023509567,-0.3095563,-0.28077203,-0.26284203,0.79510516,-0.038362574,-0.39315787,0.3476588",0.0
"0.24429592,-0.0023509567,-0.3095563,-0.28077203,-0.26284203,0.79510516,-0.038362574,-0.39315787,0.3476588","0.8440223,-0.085395336,-0.9819385","0.32489392,-0.014092369,-0.41504663,-0.2555208,-0.40558854,0.64209235,-0.038362574,-0.39315787,0.3476588",0.0
"0.32489392,-0.014092369,-0.41504663,-0.2555208,-0.40558854,0.64209235,-0.038362574,-0.39315787,0.3476588","0.4505186,0.7082982,-0.97600144","0.36791518,0.083294995,-0.5198991,-0.16181903,-0.35296497,0.5909565,-0.038362574,-0.39315787,0.3476588",0.0
"0.36791518,0.083294995,-0.5198991,-0.16181903,-0.35296497,0.5909565,-0.038362574,-0.39315787,0.3476588","0.41479003,-0.14758801,-0.9271907","0.4075246,0.063002415,-0.6195078,-0.12934002,-0.4123994,0.41713193,-0.038362574,-0.39315787,0.3476588",0.0
"0.4075246,0.063002415,-0.6195078,-0.12934002,-0.4123994,0.41713193,-0.038362574,-0.39315787,0.3476588","0.2502513,0.24152076,-0.5435522","0.4314218,0.09621028,-0.67790204,-0.08985798,-0.3835331,0.35969788,-0.038362574,-0.39315787,0.3476588",0.0
"0.4314218,0.09621028,-0.67790204,-0.08985798,-0.3835331,0.35969788,-0.038362574,-0.39315787,0.3476588","0.10101974,0.01687932,-0.02160263","0.44106844,0.09853111,-0.68022287,-0.077730134,-0.3835969,0.35832104,-0.038362574,-0.39315787,0.3476588",0.0
"0.44106844,0.09853111,-0.68022287,-0.077730134,-0.3835969,0.35832104,-0.038362574,-0.39315787,0.3476588","0.16429746,0.10781181,-0.04573697","0.45675766,0.11335468,-0.68513644,-0.05676073,-0.37250882,0.3645803,-0.038362574,-0.39315787,0.3476588",0.0
"0.45675766,0.11335468,-0.68513644,-0.05676073,-0.37250882,0.3645803,-0.038362574,-0.39315787,0.3476588","0.13738513,-0.03921026,-0.11624706","0.46987695,0.10796348,-0.697625,-0.04163671,-0.3774075,0.34024975,-0.038362574,-0.39315787,0.3476588",0.0
"0.0,0.0,0.0,2.8652207e-07,0.005789075,0.993462,-0.10842106,-0.23274854,0.2937874","0.9870727,-0.6350204,-0.9664815","0.09425828,-0.087312035,-0.10382971,-0.31221822,-0.08920257,0.92018366,-0.10842106,-0.23274854,0.2937874",0.0
"0.09425828,-0.087312035,-0.10382971,-0.31221822,-0.08920257,0.92018366,-0.10842106,-0.23274854,0.2937874","0.61769533,0.8256922,-0.9834758","0.1532437,0.026216399,-0.20948517,-0.20082885,-0.09838764,0.9164948,-0.10842106,-0.23274854,0.2937874",0.0
"0.1532437,0.026216399,-0.20948517,-0.20082885,-0.09838764,0.9164948,-0.10842106,-0.23274854,0.2937874","0.61684453,0.62652326,-0.98028004","0.2121479,0.11236014,-0.3147973,-0.14208409,-0.10439045,0.8683423,-0.10842106,-0.23274854,0.2937874",0.0
"0.2121479,0.11236014,-0.3147973,-0.14208409,-0.10439045,0.8683423,-0.10842106,-0.23274854,0.2937874","0.23312783,0.26848674,-0.9965823","0.23440994,0.14927572,-0.42186087,-0.16561773,-0.14232679,0.7733699,-0.10842106,-0.23274854,0.2937874",0.0
"0.23440994,0.14927572,-0.42186087,-0.16561773,-0.14232679,0.7733699,-0.10842106,-0.23274854,0.2937874","0.1404252,0.11153948,-0.99068683","0.24781953,0.16461185,-0.52829105,-0.20020474,-0.18934937,0.64473504,-0.10842106,-0.23274854,0.2937874",0.0
"0.24781953,0.16461185,-0.52829105,-0.20020474,-0.18934937,0.64473504,-0.10842106,-0.23274854,0.2937874","0.10436201,0.20968556,-0.9726983","0.25778535,0.19344255,-0.63278866,-0.20064364,-0.20231248,0.51115066,-0.10842106,-0.23274854,0.2937874",0.0
"0.25778535,0.19344255,-0.63278866,-0.20064364,-0.20231248,0.51115066,-0.10842106,-0.23274854,0.2937874","0.2530135,-0.06658906,-0.94692117","0.2819463,0.18428692,-0.73451704,-0.19751015,-0.23259397,0.3467255,-0.10842106,-0.23274854,0.2937874",0.0
"0.2819463,0.18428692,-0.73451704,-0.19751015,-0.23259397,0.3467255,-0.10842106,-0.23274854,0.2937874","0.13467503,0.1478051,-0.49539447","0.2948068,0.20460938,-0.7877376,-0.1718842,-0.2190057,0.2788745,-0.10842106,-0.23274854,0.2937874",0.0
"0.2948068,0.20460938,-0.7877376,-0.1718842,-0.2190057,0.2788745,-0.10842106,-0.23274854,0.2937874","0.060388327,0.19394541,-0.018179893","0.30057344,0.23127592,-0.78969085,-0.15530708,-0.20470078,0.29327396,-0.10842106,-0.23274854,0.2937874",0.0
"0.30057344,0.23127592,-0.78969085,-0.15530708,-0.20470078,0.29327396,-0.10842106,-0.23274854,0.2937874","0.2145375,-0.17897731,-0.035290778","0.3210602,0.20666747,-0.79348224,-0.15161537,-0.2298153,0.27145547,-0.10842106,-0.23274854,0.2937874",0.0
"0.3210602,0.20666747,-0.79348224,-0.15161537,-0.2298153,0.27145547,-0.10842106,-0.23274854,0.2937874","0.018984556,0.1547308,0.018512845","0.32287312,0.22794217,-0.7914934,-0.14182186,-0.21703896,0.28838766,-0.10842106,-0.23274854,0.2937874",0.0
"0.32287312,0.22794217,-0.7914934,-0.14182186,-0.21703896,0.28838766,-0.10842106,-0.23274854,0.2937874","0.21325171,0.10308647,0.12910712","0.34323707,0.24211606,-0.7776235,-0.12312295,-0.21721376,0.318711,-0.10842106,-0.23274854,0.2937874",0.0
"0.34323707,0.24211606,-0.7776235,-0.12312295,-0.21721376,0.318711,-0.10842106,-0.23274854,0.2937874","0.101647854,-0.05733764,-0.15720367","0.3529437,0.23423246,-0.79451203,-0.11823358,-0.224463,0.2876555,-0.10842106,-0.23274854,0.2937874",0.0
"0.0,0.0,0.0,2.8652207e-07,0.005789075,0.993462,-0.4188889,0.23327485,0.23488185","-0.9907765,-0.9810931,-0.9883989","-0.09461198,-0.13489527,-0.10618431,-0.40168917,0.12909465,0.874941,-0.4188889,0.23327485,0.23488185",0.0
"-0.09461198,-0.13489527,-0.10618431,-0.40168917,0.12909465,0.874941,-0.4188889,0.23327485,0.23488185","-0.8938507,-0.9329205,-0.98140126","-0.17996824,-0.26316705,-0.21161686,-0.6114633,0.39481792,0.56646717,-0.4188889,0.23327485,0.23488185",0.0
"-0.17996824,-0.26316705,-0.21161686,-0.6114633,0.39481792,0.56646717,-0.4188889,0.23327485,0.23488185","0.7050179,0.77797127,-0.9699702","-0.112644136,-0.15620004,-0.3158214,-0.5938248,0.22555102,0.59335643,-0.4188889,0.23327485,0.23488185",0.0
"-0.112644136,-0.15620004,-0.3158214,-0.5938248,0.22555102,0.59335643,-0.4188889,0.23327485,0.23488185","-0.27800125,0.30701542,-0.96804905","-0.13919124,-0.113987006,-0.41981956,-0.55562323,0.2661252,0.5008737,-0.4188889,0.23327485,0.23488185",0.0
"-0.13919124,-0.113987006,-0.41981956,-0.55562323,0.2661252,0.5008737,-0.4188889,0.23327485,0.23488185","0.016725898,0.091320395,-0.89344764","-0.13759404,-0.10143094,-0.5158033,-0.54820377,0.25929815,0.37026757,-0.4188889,0.23327485,0.23488185",0.0
"-0.13759404,-0.10143094,-0.5158033,-0.54820377,0.25929815,0.37026757,-0.4188889,0.23327485,0.23488185","0.0056147575,0.45038068,-0.8982121","-0.13705787,-0.03950592,-0.6122988,-0.47912645,0.22644511,0.30758354,-0.4188889,0.23327485,0.23488185",0.0
"-0.13705787,-0.03950592,-0.6122988,-0.47912645,0.22644511,0.30758354,-0.4188889,0.23327485,0.23488185","-0.06936258,0.30271447,-0.5078607","-0.1436815,0.0021157502,-0.6668586,-0.42696634,0.2134143,0.27635312,-0.4188889,0.23327485,0.23488185",0.0
"-0.1436815,0.0021157502,-0.6668586,-0.42696634,0.2134143,0.27635312,-0.4188889,0.23327485,0.23488185","-0.17937839,-0.11536133,-0.14630842","-0.16081083,-0.013745846,-0.68257666,-0.41883433,0.23826396,0.23455246,-0.4188889,0.23327485,0.23488185",0.0
"0.0,0.0,0.0,2.8652207e-07,0.005789075,0.993462,-0.16210528,-0.6636257,0.31340078","-0.23333585,-0.99447566,-0.99656886","-0.022281885,-0.13673529,-0.10706202,-0.42501107,0.035603166,0.87227035,-0.16210528,-0.6636257,0.31340078",0.0
"-0.022281885,-0.13673529,-0.10706202,-0.42501107,0.035603166,0.87227035,-0.16210528,-0.6636257,0.31340078","0.9990742,-0.9877977,-0.86872447","0.07312245,-0.2725524,-0.20038962,-0.7161296,-0.16152069,0.56579727,-0.16210528,-0.6636257,0.31340078",0.0
"0.07312245,-0.2725524,-0.20038962,-0.7161296,-0.16152069,0.56579727,-0.16210528,-0.6636257,0.31340078","0.98775434,-0.3536204,-0.801999","0.16744581,-0.32117343,-0.28654885,-0.70980406,-0.40543202,0.3433036,-0.16210528,-0.6636257,0.31340078",0.0
"0.16744581,-0.32117343,-0.28654885,-0.70980406,-0.40543202,0.3433036,-0.16210528,-0.6636257,0.31340078","0.9838505,0.5817448,-0.8307291","0.2613964,-0.24118656,-0.37579465,-0.51401824,-0.5437131,0.3570212,-0.16210528,-0.6636257,0.31340078",0.0
"0.2613964,-0.24118656,-0.37579465,-0.51401824,-0.5437131,0.3570212,-0.16210528,-0.6636257,0.31340078","0.92269325,0.3165089,-0.5515211","0.3495069,-0.19766822,-0.4350449,-0.32626075,-0.6251687,0.3418076,-0.16210528,-0.6636257,0.31340078",0.0
"0.3495069,-0.19766822,-0.4350449,-0.32626075,-0.6251687,0.3418076,-0.16210528,-0.6636257,0.31340078","0.4932282,0.18391848,-0.29294348","0.3966066,-0.17238039,-0.46651605,-0.22204913,-0.64125896,0.33557472,-0.16210528,-0.6636257,0.31340078",0.0
"0.3966066,-0.17238039,-0.46651605,-0.22204913,-0.64125896,0.33557472,-0.16210528,-0.6636257,0.31340078","0.17956638,0.08095384,0.021044016","0.4137539,-0.16124967,-0.4642553,-0.18457669,-0.6428449,0.35738036,-0.16210528,-0.6636257,0.31340078",0.0
"0.4137539,-0.16124967,-0.4642553,-0.18457669,-0.6428449,0.35738036,-0.16210528,-0.6636257,0.31340078","0.115703344,-0.0670315,-0.13474369","0.42480275,-0.17046617,-0.47873098,-0.16356963,-0.65473485,0.31981236,-0.16210528,-0.6636257,0.31340078",0.0
"0.0,0.0,0.0,2.8652207e-07,0.005789075,0.993462,-0.123333335,0.4633333,0.23488185","-0.93185675,-0.9874765,-0.9986966","-0.08898556,-0.13577294,-0.1072906,-0.4067724,0.12279688,0.873069,-0.123333335,0.4633333,0.23488185",0.0
"-0.08898556,-0.13577294,-0.1072906,-0.4067724,0.12279688,0.873069,-0.123333335,0.4633333,0.23488185","-0.9640298,0.40401292,-0.9266583","-0.18104342,-0.080223255,-0.20684212,-0.357366,0.23530944,0.8340304,-0.123333335,0.4633333,0.23488185",0.0
"-0.18104342,-0.080223255,-0.20684212,-0.357366,0.23530944,0.8340304,-0.123333335,0.4633333,0.23488185","-0.86186033,0.30012608,-0.99811155","-0.26334482,-0.038957458,-0.3140699,-0.3017636,0.33674362,0.7521378,-0.123333335,0.4633333,0.23488185",0.0
"-0.26334482,-0.038957458,-0.3140699,-0.3017636,0.33674362,0.7521378,-0.123333335,0.4633333,0.23488185","-0.88259697,0.19856548,-0.9894475","-0.34762645,-0.01165572,-0.4203669,-0.21524908,0.4273456,0.637215,-0.123333335,0.4633333,0.23488185",0.0
"-0.34762645,-0.01165572,-0.4203669,-0.21524908,0.4273456,0.637215,-0.123333335,0.4633333,0.23488185","-0.5765469,-0.29864192,-0.9681876","-0.4026825,-0.052717447,-0.52437997,-0.16203828,0.53262275,0.42604637,-0.123333335,0.4633333,0.23488185",0.0
"-0.4026825,-0.052717447,-0.52437997,-0.16203828,0.53262275,0.42604637,-0.123333335,0.4633333,0.23488185","-0.118245006,0.10269308,-0.9399198","-0.41397402,-0.038597688,-0.6253562,-0.13452981,0.50729305,0.2889671,-0.123333335,0.4633333,0.23488185",0.0
"-0.41397402,-0.038597688,-0.6253562,-0.13452981,0.50729305,0.2889671,-0.123333335,0.4633333,0.23488185","-0.10132021,0.042063236,-0.42186624","-0.42364937,-0.03281422,-0.67067754,-0.11336058,0.48788354,0.22901872,-0.123333335,0.4633333,0.23488185",0.0
"-0.42364937,-0.03281422,-0.67067754,-0.11336058,0.48788354,0.22901872,-0.123333335,0.4633333,0.23488185","0.058157444,-0.044792175,-0.03861165","-0.41809577,-0.03897292,-0.67482567,-0.12234077,0.48767647,0.21548215,-0.123333335,0.4633333,0.23488185",0.0
"-0.41809577,-0.03897292,-0.67482567,-0.12234077,0.48767647,0.21548215,-0.123333335,0.4633333,0.23488185","0.0040239096,0.0916121,-0.073920846","-0.41771153,-0.026376741,-0.6827671,-0.11972803,0.47542226,0.2193005,-0.123333335,0.4633333,0.23488185",0.0
"-0.41771153,-0.026376741,-0.6827671,-0.11972803,0.47542226,0.2193005,-0.123333335,0.4633333,0.23488185","-0.053957462,-0.03439969,-0.11267316","-0.42286408,-0.031106532,-0.69487166,-0.11110173,0.47359595,0.19637966,-0.123333335,0.4633333,0.23488185",0.0
"-0.42286408,-0.031106532,-0.69487166,-0.11110173,0.47359595,0.19637966,-0.123333335,0.4633333,0.23488185","-0.018187582,-0.02493763,0.1581862","-0.42460087,-0.034535337,-0.67787766,-0.111282855,0.48565724,0.21650803,-0.123333335,0.4633333,0.23488185",0.0
"-0.42460087,-0.034535337,-0.67787766,-0.111282855,0.48565724,0.21650803,-0.123333335,0.4633333,0.23488185","0.099998,-0.09950739,0.040298343","-0.4150518,-0.048217107,-0.6735484,-0.12874858,0.49288505,0.20590113,-0.123333335,0.4633333,0.23488185",0.0
"-0.4150518,-0.048217107,-0.6735484,-0.12874858,0.49288505,0.20590113,-0.123333335,0.4633333,0.23488185","0.07314336,0.11762583,0.03182578","-0.40806714,-0.03204417,-0.6701294,-0.13702905,0.48151764,0.23075639,-0.123333335,0.4633333,0.23488185",0.0
"-0.40806714,-0.03204417,-0.6701294,-0.13702905,0.48151764,0.23075639,-0.123333335,0.4633333,0.23488185","-0.15518898,0.06776726,-0.14933234","-0.42288658,-0.02272653,-0.6861723,-0.11096913,0.47320262,0.21873888,-0.123333335,0.4633333,0.23488185",0.0
"-0.42288658,-0.02272653,-0.6861723,-0.11096913,0.47320262,0.21873888,-0.123333335,0.4633333,0.23488185","0.08669984,-0.013241172,0.16105056","-0.41460738,-0.024547132,-0.66887057,-0.12589806,0.4798319,0.24170843,-0.123333335,0.4633333,0.23488185",0.0
"-0.41460738,-0.024547132,-0.66887057,-0.12589806,0.4798319,0.24170843,-0.123333335,0.4633333,0.23488185","0.0312922,-0.02970928,-0.025296926","-0.41161922,-0.028632013,-0.6715883,-0.13080764,0.4800707,0.23278621,-0.123333335,0.4633333,0.23488185",0.0
"-0.41161922,-0.028632013,-0.6715883,-0.13080764,0.4800707,0.23278621,-0.123333335,0.4633333,0.23488185","-0.054100513,0.2079593,-0.045817673","-0.4167854,-3.8689403e-05,-0.6765106,-0.11714893,0.46026382,0.2594699,-0.123333335,0.4633333,0.23488185",0.0
"-0.4167854,-3.8689403e-05,-0.6765106,-0.11714893,0.46026382,0.2594699,-0.123333335,0.4633333,0.23488185","0.077453494,-0.17267168,-0.07414931","-0.40938917,-0.023780163,-0.6844765,-0.13137858,0.4696107,0.21993253,-0.123333335,0.4633333,0.23488185",0.0
"0.0,0.0,0.0,2.8652207e-07,0.005789075,0.993462,-0.24900585,-0.0057894737,0.096280605","-0.5198197,-0.80171216,-0.97529364","-0.04963901,-0.110231295,-0.104776405,-0.36639985,0.06346668,0.8999935,-0.24900585,-0.0057894737,0.096280605",0.0
"-0.04963901,-0.110231295,-0.104776405,-0.36639985,0.06346668,0.8999935,-0.24900585,-0.0057894737,0.096280605","-0.26023722,0.44335544,-0.947008","-0.07448977,-0.049272202,-0.20651409,-0.35764605,0.09120854,0.864461,-0.24900585,-0.0057894737,0.096280605",0.0
"-0.07448977,-0.049272202,-0.20651409,-0.35764605,0.09120854,0.864461,-0.24900585,-0.0057894737,0.096280605","0.011700869,0.10020065,-0.9953395","-0.07337242,-0.035495125,-0.31344408,-0.43262267,0.1074732,0.75672835,-0.24900585,-0.0057894737,0.096280605",0.0
"-0.07337242,-0.035495125,-0.31344408,-0.43262267,0.1074732,0.75672835,-0.24900585,-0.0057894737,0.096280605","-0.019415498,0.5347991,-0.9912189","-0.07522646,0.03803701,-0.4199314,-0.38973486,0.09981519,0.69126576,-0.24900585,-0.0057894737,0.096280605",0.0
"-0.07522646,0.03803701,-0.4199314,-0.38973486,0.09981519,0.69126576,-0.24900585,-0.0057894737,0.096280605","0.2218374,0.6735103,-0.9731928","-0.054042593,0.13064122,-0.5244822,-0.31763867,0.06032656,0.6253407,-0.24900585,-0.0057894737,0.096280605",0.0
"-0.054042593,0.13064122,-0.5244822,-0.31763867,0.06032656,0.6253407,-0.24900585,-0.0057894737,0.096280605","0.15713525,-0.367234,-0.98351246","-0.039037313,0.08014844,-0.63014156,-0.41015783,0.05638824,0.41823044,-0.24900585,-0.0057894737,0.096280605",0.0
"-0.039037313,0.08014844,-0.63014156,-0.41015783,0.05638824,0.41823044,-0.24900585,-0.0057894737,0.096280605","0.32297242,-0.21147203,-0.98892164","-0.008195791,0.051072124,-0.7363821,-0.41017848,0.016354697,0.22677419,-0.24900585,-0.0057894737,0.096280605",0.0
"-0.008195791,0.051072124,-0.7363821,-0.41017848,0.016354697,0.22677419,-0.24900585,-0.0057894737,0.096280605","0.026227951,0.5500437,-0.94420093","-0.005691206,0.1267003,-0.8378183,-0.30558267,0.011254502,0.14926863,-0.24900585,-0.0057894737,0.096280605",0.0
"-0.005691206,0.1267003,-0.8378183,-0.30558267,0.011254502,0.14926863,-0.24900585,-0.0057894737,0.096280605","0.12412572,0.15922809,-0.43739045","0.0061619068,0.14859335,-0.8848075,-0.26201797,0.0007176728,0.10132391,-0.24900585,-0.0057894737,0.096280605",0.0
"0.0,0.0,0.0,2.8652207e-07,0.005789075,0.993462,-0.102573104,0.38146198,0.3476588","-0.95908093,-0.82861006,-0.99828655","-0.09158528,-0.113929614,-0.10724655,-0.36474618,0.1139788,0.8946086,-0.102573104,0.38146198,0.3476588",0.0
"-0.09158528,-0.113929614,-0.10724655,-0.36474618,0.1139788,0.8946086,-0.102573104,0.38146198,0.3476588","-0.9418798,0.5623578,-0.9950981","-0.18152796,-0.036608316,-0.2141506,-0.29401448,0.19545108,0.86810815,-0.102573104,0.38146198,0.3476588",0.0
"-0.18152796,-0.036608316,-0.2141506,-0.29401448,0.19545108,0.86810815,-0.102573104,0.38146198,0.3476588","-0.8209201,0.1500274,-0.97298896","-0.25991988,-0.015980313,-0.31867948,-0.28095025,0.30748618,0.77065766,-0.102573104,0.38146198,0.3476588",0.0
"-0.25991988,-0.015980313,-0.31867948,-0.28095025,0.30748618,0.77065766,-0.102573104,0.38146198,0.3476588","-0.51702136,0.36786103,-0.97878015","-0.30929166,0.034598697,-0.42383045,-0.22650972,0.34197617,0.6824379,-0.102573104,0.38146198,0.3476588",0.0
"-0.30929166,0.034598697,-0.42383045,-0.22650972,0.34197617,0.6824379,-0.102573104,0.38146198,0.3476588","-0.42610204,0.15434432,-0.90853447","-0.3499813,0.055820256,-0.5214349,-0.18828475,0.3822288,0.5613495,-0.102573104,0.38146198,0.3476588",0.0
"-0.3499813,0.055820256,-0.5214349,-0.18828475,0.3822288,0.5613495,-0.102573104,0.38146198,0.3476588","-0.24439597,-0.020425797,-0.90449005","-0.37331936,0.05301182,-0.6186049,-0.16617525,0.41020748,0.407882,-0.102573104,0.38146198,0.3476588",0.0
"-0.37331936,0.05301182,-0.6186049,-0.16617525,0.41020748,0.407882,-0.102573104,0.38146198,0.3476588","-0.2905388,0.2625029,-0.49650627","-0.4010637,0.08910462,-0.6719449,-0.11726372,0.38397962,0.36204594,-0.102573104,0.38146198,0.3476588",0.0
"-0.4010637,0.08910462,-0.6719449,-0.11726372,0.38397962,0.36204594,-0.102573104,0.38146198,0.3476588","-0.099524915,0.011017442,-0.084405184","-0.41056764,0.09061947,-0.6810127,-0.10493201,0.3844807,0.3494757,-0.102573104,0.38146198,0.3476588",0.0
"0.0,0.0,0.0,2.8652207e-07,0.005789075,0.993462,0.4188889,0.23327485,0.23488185","0.58082104,0.99424005,-0.79770136","0.055464208,0.13670291,-0.08569759,0.17103106,0.035985015,0.96809804,0.4188889,0.23327485,0.23488185",0.0
"0.055464208,0.13670291,-0.08569759,0.17103106,0.035985015,0.96809804,0.4188889,0.23327485,0.23488185","-0.19011891,0.9588382,-0.9646345","0.03730924,0.26853827,-0.18932894,0.2990985,0.041048,0.90040046,0.4188889,0.23327485,0.23488185",0.0
"0.03730924,0.26853827,-0.18932894,0.2990985,0.041048,0.90040046,0.4188889,0.23327485,0.23488185","0.5613029,0.9791844,-0.7001607","0.09090959,0.40317112,-0.2645477,0.43109348,0.13261487,0.78760314,0.4188889,0.23327485,0.23488185",0.0
"0.09090959,0.40317112,-0.2645477,0.43109348,0.13261487,0.78760314,0.4188889,0.23327485,0.23488185","0.1126554,0.9788673,-0.97804713","0.10166737,0.5377604,-0.36962,0.497566,0.17065328,0.6492942,0.4188889,0.23327485,0.23488185",0.0
"0.10166737,0.5377604,-0.36962,0.497566,0.17065328,0.6492942,0.4188889,0.23327485,0.23488185","0.12384522,0.8769319,-0.99609554","0.11349369,0.658334,-0.4766312,0.50618404,0.19471672,0.51192737,0.4188889,0.23327485,0.23488185",0.0
"0.11349369,0.658334,-0.4766312,0.50618404,0.19471672,0.51192737,0.4188889,0.23327485,0.23488185","0.7936059,0.91972256,-0.8909043","0.18927729,0.78479123,-0.5723416,0.44913977,0.31073633,0.3594537,0.4188889,0.23327485,0.23488185",0.0
"0.18927729,0.78479123,-0.5723416,0.44913977,0.31073633,0.3594537,0.4188889,0.23327485,0.23488185","-0.1765796,0.3373052,-0.86868167","0.17241523,0.83116895,-0.6656647,0.38860047,0.24057262,0.3076614,0.4188889,0.23327485,0.23488185",0.0
"0.17241523,0.83116895,-0.6656647,0.38860047,0.24057262,0.3076614,0.4188889,0.23327485,0.23488185","-0.033964396,0.43836522,-0.16104901","0.16917187,0.891442,-0.6829663,0.40988386,0.24768347,0.23866318,0.4188889,0.23327485,0.23488185",0.0
"0.0,0.0,0.0,2.8652207e-07,0.005789075,0.993462,-0.059707604,-0.1019883,0.023057302","-0.97719187,0.93108964,-0.9945817","-0.093314715,0.12802005,-0.106848575,0.12298542,-0.031076597,0.97194856,-0.059707604,-0.1019883,0.023057302",0.0
"-0.093314715,0.12802005,-0.106848575,0.12298542,-0.031076597,0.97194856,-0.059707604,-0.1019883,0.023057302","-0.9484784,0.5652344,-0.97737664","-0.1838875,0.2057369,-0.21184883,0.12324476,-0.07343093,0.9330484,-0.059707604,-0.1019883,0.023057302",0.0
"-0.1838875,0.2057369,-0.21184883,0.12324476,-0.07343093,0.9330484,-0.059707604,-0.1019883,0.023057302","-0.9421051,0.6865163,-0.9385682","-0.2738517,0.3001294,-0.31267986,0.13004619,-0.14228083,0.8659154,-0.059707604,-0.1019883,0.023057302",0.0
"-0.2738517,0.3001294,-0.31267986,0.13004619,-0.14228083,0.8659154,-0.059707604,-0.1019883,0.023057302","-0.9741534,0.7320632,-0.9699452","-0.36687627,0.4007844,-0.41688177,0.101258494,-0.21358086,0.77206874,-0.059707604,-0.1019883,0.023057302",0.0
"-0.36687627,0.4007844,-0.41688177,0.101258494,-0.21358086,0.77206874,-0.059707604,-0.1019883,0.023057302","-0.948743,0.48091555,-0.99407816","-0.45747435,0.46690786,-0.52367634,0.033195224,-0.20353267,0.6766313,-0.059707604,-0.1019883,0.023057302",0.0
"-0.45747435,0.46690786,-0.52367634,0.033195224,-0.20353267,0.6766313,-0.059707604,-0.1019883,0.023057302","-0.77406067,0.8869978,-0.9895932","-0.5313915,0.5888655,-0.62998897,-0.018429844,-0.24506108,0.5351164,-0.059707604,-0.1019883,0.023057302",0.0
"-0.5313915,0.5888655,-0.62998897,-0.018429844,-0.24506108,0.5351164,-0.059707604,-0.1019883,0.023057302","-0.816651,0.9460902,-0.98150986","-0.6093758,0.7189481,-0.7354332,-0.08249113,-0.24772671,0.3777207,-0.059707604,-0.1019883,0.023057302",0.0
"-0.6093758,0.7189481,-0.7354332,-0.08249113,-0.24772671,0.3777207,-0.059707604,-0.1019883,0.023057302","-0.7731944,0.9330783,-0.9927919","-0.68321025,0.8472416,-0.8420895,-0.122625984,-0.19962147,0.22029707,-0.059707604,-0.1019883,0.023057302",0.0
"-0.68321025,0.8472416,-0.8420895,-0.122625984,-0.19962147,0.22029707,-0.059707604,-0.1019883,0.023057302","-0.13481271,0.86065495,-0.9427399","-0.6960839,0.9655773,-0.94336855,-0.09531205,-0.1446569,0.08288501,-0.059707604,-0.1019883,0.023057302",0.0
"-0.6960839,0.9655773,-0.94336855,-0.09531205,-0.1446569,0.08288501,-0.059707604,-0.1019883,0.023057302","0.26856506,0.5783222,-0.9434623","-0.67043626,0.99998003,-1.0000021,-0.055244524,-0.104467556,0.02304238,-0.059707604,-0.1019883,0.023057302",0.0
"0.0,0.0,0.0,2.8652207e-07,0.005789075,0.993462,-0.043216377,-0.19421051,0.15400933","0.89294183,0.4357556,-0.9918011","0.08526947,0.059914168,-0.10654985,-0.019474262,0.0006578884,0.9809889,-0.043216377,-0.19421051,0.15400933",0.0
"0.08526947,0.059914168,-0.10654985,-0.019474262,0.0006578884,0.9809889,-0.043216377,-0.19421051,0.15400933","0.90579593,0.33955693,-0.96703935","0.17176643,0.10660152,-0.21043955,-0.054379676,-0.025820797,0.94371986,-0.043216377,-0.19421051,0.15400933",0.0
"0.17176643,0.10660152,-0.21043955,-0.054379676,-0.025820797,0.94371986,-0.043216377,-0.19421051,0.15400933","0.36980748,0.41074777,-0.9920193","0.20708038,0.16307727,-0.31701288,-0.0674706,-0.044076454,0.88232774,-0.043216377,-0.19421051,0.15400933",0.0
"0.20708038,0.16307727,-0.31701288,-0.0674706,-0.044076454,0.88232774,-0.043216377,-0.19421051,0.15400933","0.6975242,0.56829715,-0.9682146","0.27368888,0.24121521,-0.42102885,-0.039708108,-0.037235238,0.8049109,-0.043216377,-0.19421051,0.15400933",0.0
"0.27368888,0.24121521,-0.42102885,-0.039708108,-0.037235238,0.8049109,-0.043216377,-0.19421051,0.15400933","0.3856417,0.10879934,-0.99253565","0.31051487,0.2561746,-0.5276577,-0.07998555,-0.10778202,0.6914733,-0.043216377,-0.19421051,0.15400933",0.0
"0.31051487,0.2561746,-0.5276577,-0.07998555,-0.10778202,0.6914733,-0.043216377,-0.19421051,0.15400933","0.19853234,-0.07441914,-0.9851849","0.3294733,0.24594235,-0.63349676,-0.11677938,-0.18537933,0.5423876,-0.043216377,-0.19421051,0.15400933",0.0
"0.3294733,0.24594235,-0.63349676,-0.11677938,-0.18537933,0.5423876,-0.043216377,-0.19421051,0.15400933","0.18657768,0.057105422,-0.98597723","0.3472901,0.25379407,-0.739421,-0.115559705,-0.20956223,0.38528228,-0.043216377,-0.19421051,0.15400933",0.0
"0.3472901,0.25379407,-0.739421,-0.115559705,-0.20956223,0.38528228,-0.043216377,-0.19421051,0.15400933","-0.03759426,-4.5716763e-05,-0.90714043","0.3437001,0.25378782,-0.83687574,-0.11303864,-0.19912444,0.23406717,-0.043216377,-0.19421051,0.15400933",0.0
"0.3437001,0.25378782,-0.83687574,-0.11303864,-0.19912444,0.23406717,-0.043216377,-0.19421051,0.15400933","-0.031700015,0.17814124,-0.46806037","0.340673,0.27828136,-0.8871598,-0.099049464,-0.1690135,0.17085807,-0.043216377,-0.19421051,0.15400933",0.0
"0.340673,0.27828136,-0.8871598,-0.099049464,-0.1690135,0.17085807,-0.043216377,-0.19421051,0.15400933","0.2399844,-0.06522125,-0.113850415","0.36358976,0.2693138,-0.89939094,-0.08637981,-0.17514177,0.14849643,-0.043216377,-0.19421051,0.15400933",0.0
"0.36358976,0.2693138,-0.89939094,-0.08637981,-0.17514177,0.14849643,-0.043216377,-0.19421051,0.15400933","0.15422475,-0.118293464,0.070277214","0.37831712,0.25304908,-0.8918411,-0.08274721,-0.19029203,0.15153845,-0.043216377,-0.19421051,0.15400933",0.0
"0.37831712,0.25304908,-0.8918411,-0.08274721,-0.19029203,0.15153845,-0.043216377,-0.19421051,0.15400933","0.09152293,0.07279396,0.007865548","0.3870569,0.2630579,-0.8909962,-0.0757845,-0.18788311,0.15777919,-0.043216377,-0.19421051,0.15400933",0.0
"0.3870569,0.2630579,-0.8909962,-0.0757845,-0.18788311,0.15777919,-0.043216377,-0.19421051,0.15400933","0.14970279,0.10096645,-0.093761384","0.4013524,0.2769403,-0.90106916,-0.06358831,-0.17958991,0.14962016,-0.043216377,-0.19421051,0.15400933",0.0
"0.4013524,0.2769403,-0.90106916,-0.06358831,-0.17958991,0.14962016,-0.043216377,-0.19421051,0.15400933","0.096264005,-0.04622048,0.053466678","0.4105449,0.27058527,-0.89532524,-0.06004784,-0.18714277,0.15507405,-0.043216377,-0.19421051,0.15400933",0.0
"0.4105449,0.27058527,-0.89532524,-0.06004784,-0.18714277,0.15507405,-0.043216377,-0.19421051,0.15400933","0.082308054,-0.07518649,0.010422349","0.41840473,0.26024753,-0.8942057,-0.056932606,-0.19438092,0.15168668,-0.043216377,-0.19421051,0.15400933",0.0
"0.0,0.0,0.0,2.8652207e-07,0.005789075,0.993462,-0.2374269,0.07538012,0.096280605","-0.7905922,-0.9689055,-0.9870752","-0.075495824,-0.13321953,-0.10604211,-0.40539306,0.10395029,0.8767819,-0.2374269,0.07538012,0.096280605",0.0
"-0.075495824,-0.13321953,-0.10604211,-0.40539306,0.10395029,0.8767819,-0.2374269,0.07538012,0.096280605","-0.009410799,-0.41360617,-0.99843925","-0.07639448,-0.19008826,-0.21330507,-0.6034272,0.153629,0.6847495,-0.2374269,0.07538012,0.096280605",0.0
"-0.07639448,-0.19008826,-0.21330507,-0.6034272,0.153629,0.6847495,-0.2374269,0.07538012,0.096280605","-0.006648779,0.5303931,-0.9236146","-0.0770294,-0.11716193,-0.31252962,-0.55861557,0.14384738,0.6558442,-0.2374269,0.07538012,0.096280605",0.0
"-0.0770294,-0.11716193,-0.31252962,-0.55861557,0.14384738,0.6558442,-0.2374269,0.07538012,0.096280605","-0.093532085,0.5115876,-0.98958063","-0.08596103,-0.046821274,-0.41884091,-0.5075177,0.14649677,0.5962696,-0.2374269,0.07538012,0.096280605",0.0
"-0.08596103,-0.046821274,-0.41884091,-0.5075177,0.14649677,0.5962696,-0.2374269,0.07538012,0.096280605","0.44140005,-0.70383286,-0.9774586","-0.04381053,-0.14359468,-0.5238499,-0.63493156,0.0937893,0.293598,-0.2374269,0.07538012,0.096280605",0.0
"-0.04381053,-0.14359468,-0.5238499,-0.63493156,0.0937893,0.293598,-0.2374269,0.07538012,0.096280605","0.17467809,0.3576814,-0.9949956","-0.027130045,-0.09441534,-0.63074297,-0.559743,0.053633887,0.20689575,-0.2374269,0.07538012,0.096280605",0.0
"-0.027130045,-0.09441534,-0.63074297,-0.559743,0.053633887,0.20689575,-0.2374269,0.07538012,0.096280605","0.17254949,0.6410607,-0.98778445","-0.010652823,-0.006272807,-0.73686117,-0.44497302,0.020689834,0.1661569,-0.2374269,0.07538012,0.096280605",0.0
"-0.010652823,-0.006272807,-0.73686117,-0.44497302,0.020689834,0.1661569,-0.2374269,0.07538012,0.096280605","-0.4192903,0.15127218,-0.92171454","-0.050692003,0.014526327,-0.83588153,-0.35093006,0.06222794,0.060724642,-0.2374269,0.07538012,0.096280605",0.0
"-0.050692003,0.014526327,-0.83588153,-0.35093006,0.06222794,0.060724642,-0.2374269,0.07538012,0.096280605","-0.09048784,0.55283856,-0.34515417","-0.059332933,0.09053878,-0.87296164,-0.288927,0.060379893,0.07687859,-0.2374269,0.07538012,0.096280605",0.0
"-0.059332933,0.09053878,-0.87296164,-0.288927,0.060379893,0.07687859,-0.2374269,0.07538012,0.096280605","-0.0902648,0.30737722,-0.19655114","-0.06795255,0.13280158,-0.89407724,-0.25385147,0.060954362,0.07935612,-0.2374269,0.07538012,0.096280605",0.0
"-0.06795255,0.13280158,-0.89407724,-0.25385147,0.060954362,0.07935612,-0.2374269,0.07538012,0.096280605","-0.18421203,0.034736037,0.06863344","-0.08554345,0.13757761,-0.8867039,-0.25404015,0.07596902,0.091783464,-0.2374269,0.07538012,0.096280605",0.0
"0.0,0.0,0.0,2.8652207e-07,0.005789075,0.993462,0.47385967,-0.07321637,0.23488185","0.59942544,0.9891211,0.9879724","0.057240784,0.13599907,0.1061385,0.4160968,0.081526764,0.8738422,0.47385967,-0.07321637,0.23488185",0.0
"0.057240784,0.13599907,0.1061385,0.4160968,0.081526764,0.8738422,0.47385967,-0.07321637,0.23488185","-0.50656295,0.5600655,0.95028305","0.0088677015,0.2130052,0.20822802,0.6538374,0.02401098,0.6558414,0.47385967,-0.07321637,0.23488185",0.0
"0.0088677015,0.2130052,0.20822802,0.6538374,0.02401098,0.6558414,0.47385967,-0.07321637,0.23488185","-0.73636377,-0.34109414,0.9626398","-0.061449688,0.16610652,0.31164506,0.6359864,-0.11842675,0.5840049,0.47385967,-0.07321637,0.23488185",0.0
"-0.061449688,0.16610652,0.31164506,0.6359864,-0.11842675,0.5840049,0.47385967,-0.07321637,0.23488185","0.45720816,-0.43581927,0.9755225","-0.017789625,0.10618363,0.4164461,0.60510176,-0.02805468,0.5176979,0.47385967,-0.07321637,0.23488185",0.0
"-0.017789625,0.10618363,0.4164461,0.60510176,-0.02805468,0.5176979,0.47385967,-0.07321637,0.23488185","-0.51732224,-0.15335667,0.8986747","-0.06719015,0.08509788,0.5129913,0.5787665,-0.118095316,0.39849573,0.47385967,-0.07321637,0.23488185",0.0
"-0.06719015,0.08509788,0.5129913,0.5787665,-0.118095316,0.39849573,0.47385967,-0.07321637,0.23488185","-0.007197678,-0.33589017,0.8767946","-0.06787747,0.03891472,0.60718596,0.5201551,-0.10670857,0.31614137,0.47385967,-0.07321637,0.23488185",0.0
"-0.06787747,0.03891472,0.60718596,0.5201551,-0.10670857,0.31614137,0.47385967,-0.07321637,0.23488185","0.49486113,-0.17492008,0.6596769","-0.020621823,0.01486412,0.67805547,0.4841863,-0.025610656,0.23983842,0.47385967,-0.07321637,0.23488185",0.0
"-0.020621823,0.01486412,0.67805547,0.4841863,-0.025610656,0.23983842,0.47385967,-0.07321637,0.23488185","-0.38035,0.101282954,-0.13434005","-0.056942485,0.028790014,0.6636233,0.49455342,-0.08354361,0.2442462,0.47385967,-0.07321637,0.23488185",0.0
"-0.056942485,0.028790014,0.6636233,0.49455342,-0.08354361,0.2442462,0.47385967,-0.07321637,0.23488185","0.18052709,-0.04569155,0.17370832","-0.039703455,0.022507671,0.6822849,0.48485044,-0.054957263,0.22461316,0.47385967,-0.07321637,0.23488185",0.0
"-0.039703455,0.022507671,0.6822849,0.48485044,-0.054957263,0.22461316,0.47385967,-0.07321637,0.23488185","-0.12373716,-0.082993805,-0.0929786","-0.051519457,0.011096459,0.6722962,0.47945017,-0.072419435,0.25276062,0.47385967,-0.07321637,0.23488185",0.0
"0.0,0.0,0.0,2.8652207e-07,0.005789075,0.993462,-0.08935673,0.10561403,0.19748566","-0.9364308,-0.74891376,-0.9725254","-0.08942235,-0.10297179,-0.104479015,-0.34138164,0.10453464,0.9066792,-0.08935673,0.10561403,0.19748566",0.0
"-0.08942235,-0.10297179,-0.104479015,-0.34138164,0.10453464,0.9066792,-0.08935673,0.10561403,0.19748566","-0.33606136,0.78054655,-0.9963004","-0.12151377,0.004349349,-0.21151222,-0.24822769,0.10588685,0.90166795,-0.08935673,0.10561403,0.19748566",0.0
"-0.12151377,0.004349349,-0.21151222,-0.24822769,0.10588685,0.90166795,-0.08935673,0.10561403,0.19748566","-0.47520804,0.83191884,-0.9975785","-0.16689266,0.118733935,-0.31868276,-0.14281777,0.08927869,0.8674359,-0.08935673,0.10561403,0.19748566",0.0
"-0.16689266,0.118733935,-0.31868276,-0.14281777,0.08927869,0.8674359,-0.08935673,0.10561403,0.19748566","-0.30179095,0.78670454,-0.9789057","-0.1957115,0.22690178,-0.4238473,-0.06439852,0.052562516,0.7997895,-0.08935673,0.10561403,0.19748566",0.0
"-0.1957115,0.22690178,-0.4238473,-0.06439852,0.052562516,0.7997895,-0.08935673,0.10561403,0.19748566","-0.16934013,-0.07957196,-0.990106","-0.21188225,0.21596108,-0.530215,-0.15289123,0.12741022,0.671851,-0.08935673,0.10561403,0.19748566",0.0
"-0.21188225,0.21596108,-0.530215,-0.15289123,0.12741022,0.671851,-0.08935673,0.10561403,0.19748566","-0.2037186,0.6804645,-0.9674631","-0.2313359,0.30952147,-0.6341503,-0.09753267,0.09446353,0.5689955,-0.08935673,0.10561403,0.19748566",0.0
"-0.2313359,0.30952147,-0.6341503,-0.09753267,0.09446353,0.5689955,-0.08935673,0.10561403,0.19748566","-0.18783402,0.26616335,-0.96811587","-0.24927269,0.3461176,-0.7381557,-0.09788622,0.10560883,0.4305279,-0.08935673,0.10561403,0.19748566",0.0
"-0.24927269,0.3461176,-0.7381557,-0.09788622,0.10560883,0.4305279,-0.08935673,0.10561403,0.19748566","-0.01488322,0.13334823,-0.92331517","-0.25069395,0.3644523,-0.8373481,-0.099602535,0.10824325,0.28430864,-0.08935673,0.10561403,0.19748566",0.0
"-0.25069395,0.3644523,-0.8373481,-0.099602535,0.10824325,0.28430864,-0.08935673,0.10561403,0.19748566","0.025873542,0.09554136,-0.62345374","-0.2482232,0.37758878,-0.90432614,-0.09059802,0.09773453,0.18452695,-0.08935673,0.10561403,0.19748566",0.0
"0.0,0.0,0.0,2.8652207e-07,0.005789075,0.993462,-0.2874854,0.3208772,0.30614382","-0.9643147,-0.9609372,-0.9728631","-0.09208507,-0.13212393,-0.104515284,-0.39568114,0.1238124,0.87920797,-0.2874854,0.3208772,0.30614382",0.0
"-0.09208507,-0.13212393,-0.104515284,-0.39568114,0.1238124,0.87920797,-0.2874854,0.3208772,0.30614382","-0.92575806,-0.26769352,-0.9958132","-0.18048824,-0.16893043,-0.21149613,-0.4923704,0.32039216,0.71833384,-0.2874854,0.3208772,0.30614382",0.0
"-0.18048824,-0.16893043,-0.21149613,-0.4923704,0.32039216,0.71833384,-0.2874854,0.3208772,0.30614382","-0.66829455,0.5035727,-0.98996603","-0.24430552,-0.09969176,-0.31784883,-0.39422828,0.3884152,0.67246604,-0.2874854,0.3208772,0.30614382",0.0
"-0.24430552,-0.09969176,-0.31784883,-0.39422828,0.3884152,0.67246604,-0.2874854,0.3208772,0.30614382","0.16753376,0.7792498,-0.99280244","-0.22830726,0.0074510695,-0.42450628,-0.33696565,0.30158788,0.6529192,-0.2874854,0.3208772,0.30614382",0.0
"-0.22830726,0.0074510695,-0.42450628,-0.33696565,0.30158788,0.6529192,-0.2874854,0.3208772,0.30614382","-0.18691826,-0.20137513,-0.9821346","-0.2461566,-0.020236975,-0.5300177,-0.36897266,0.36825934,0.4599632,-0.2874854,0.3208772,0.30614382",0.0
"-0.2461566,-0.020236975,-0.5300177,-0.36897266,0.36825934,0.4599632,-0.2874854,0.3208772,0.30614382","0.16210902,0.31216693,-0.92433685","-0.23067637,0.02268437,-0.6293198,-0.34869754,0.3164709,0.35741627,-0.2874854,0.3208772,0.30614382",0.0
"-0.23067637,0.02268437,-0.6293198,-0.34869754,0.3164709,0.35741627,-0.2874854,0.3208772,0.30614382","-0.13284492,0.18831646,-0.40343964","-0.24336208,0.04857691,-0.6726616,-0.31180298,0.30708507,0.31943998,-0.2874854,0.3208772,0.30614382",0.0
"-0.24336208,0.04857691,-0.6726616,-0.31180298,0.30708507,0.31943998,-0.2874854,0.3208772,0.30614382","-0.12759161,0.056119204,-0.09685534","-0.25554618,0.056293014,-0.68306684,-0.293206,0.31194067,0.311694,-0.2874854,0.3208772,0.30614382",0.0
"0.0,0.0,0.0,2.8652207e-07,0.005789075,0.993462,0.017660819,-0.03760234,-0.30553225","0.99755454,-0.92866397,-0.98684424","0.09525921,-0.12768653,-0.10601729,-0.3912546,-0.11465637,0.88237804,0.017660819,-0.03760234,-0.30553225",0.0
"0.09525921,-0.12768653,-0.10601729,-0.3912546,-0.11465637,0.88237804,0.017660819,-0.03760234,-0.30553225","0.9809613,-0.81730634,-0.981671","0.1889339,-0.24006197,-0.21147884,-0.5801672,-0.38446447,0.60679376,0.017660819,-0.03760234,-0.30553225",0.0
"0.1889339,-0.24006197,-0.21147884,-0.5801672,-0.38446447,0.60679376,0.017660819,-0.03760234,-0.30553225","0.8822119,-0.7987877,-0.96498597","0.27317873,-0.3498912,-0.31514788,-0.5537821,-0.63208055,0.24056955,0.017660819,-0.03760234,-0.30553225",0.0
"0.27317873,-0.3498912,-0.31514788,-0.5537821,-0.63208055,0.24056955,0.017660819,-0.03760234,-0.30553225","0.030292869,-0.878282,-0.95639","0.2760715,-0.4706505,-0.41789344,-0.54061013,-0.6283571,-0.15828234,0.017660819,-0.03760234,-0.30553225",0.0
"0.2760715,-0.4706505,-0.41789344,-0.54061013,-0.6283571,-0.15828234,0.017660819,-0.03760234,-0.30553225","0.8171561,-0.8631272,-0.9817435","0.35410395,-0.5893261,-0.5233627,-0.29999855,-0.5949539,-0.4787666,0.017660819,-0.03760234,-0.30553225",0.0
"0.35410395,-0.5893261,-0.5233627,-0.29999855,-0.5949539,-0.4787666,0.017660819,-0.03760234,-0.30553225","0.97581434,-0.68735635,-0.9310341","0.44728714,-0.68383414,-0.6233842,-0.079403855,-0.43998146,-0.6311639,0.017660819,-0.03760234,-0.30553225",0.0
"0.44728714,-0.68383414,-0.6233842,-0.079403855,-0.43998146,-0.6311639,0.017660819,-0.03760234,-0.30553225","0.8698157,-0.9017661,-0.9647842","0.53034824,-0.8078224,-0.7270314,0.011564154,-0.18173319,-0.6678477,0.017660819,-0.03760234,-0.30553225",0.0
"0.53034824,-0.8078224,-0.7270314,0.011564154,-0.18173319,-0.6678477,0.017660819,-0.03760234,-0.30553225","0.91042566,-0.5844282,-0.99031085","0.6172873,-0.88817835,-0.83342105,-0.001661595,-0.011770091,-0.55794996,0.017660819,-0.03760234,-0.30553225",0.0
"0.6172873,-0.88817835,-0.83342105,-0.001661595,-0.011770091,-0.55794996,0.017660819,-0.03760234,-0.30553225","-0.20473838,0.2814176,-0.98902506","0.59773624,-0.84948486,-0.9396725,-0.009065778,0.009436587,-0.40214393,0.017660819,-0.03760234,-0.30553225",0.0
"0.59773624,-0.84948486,-0.9396725,-0.009065778,0.009436587,-0.40214393,0.017660819,-0.03760234,-0.30553225","0.5923817,0.78420043,-0.6887501","0.6543044,-0.7416614,-1.0,0.002414496,-0.01700819,-0.31023332,0.017660819,-0.03760234,-0.30553225",0.0
"0.6543044,-0.7416614,-1.0,0.002414496,-0.01700819,-0.31023332,0.017660819,-0.03760234,-0.30553225","0.20223677,0.64280224,-0.85927594","0.6736166,-0.6532795,-1.0,0.020385258,-0.04475171,-0.3032041,0.017660819,-0.03760234,-0.30553225",0.0
"0.0,0.0,0.0,2.8652207e-07,0.005789075,0.993462,-0.40274855,0.30608186,0.18532537","-0.9770321,-0.9860132,-0.9615689","-0.093299486,-0.13557175,-0.10330195,-0.40026703,0.12684846,0.8767407,-0.40274855,0.30608186,0.18532537",0.0
"-0.093299486,-0.13557175,-0.10330195,-0.40026703,0.12684846,0.8767407,-0.40274855,0.30608186,0.18532537","-0.9223812,-0.90959233,-0.9856958","-0.1813802,-0.26063603,-0.20919585,-0.60570365,0.39496195,0.5744092,-0.40274855,0.30608186,0.18532537",0.0
"-0.1813802,-0.26063603,-0.20919585,-0.60570365,0.39496195,0.5744092,-0.40274855,0.30608186,0.18532537","0.24145508,0.28786635,-0.9913137","-0.15832299,-0.22105591,-0.31569332,-0.62871546,0.3479265,0.4862888,-0.40274855,0.30608186,0.18532537",0.0
"-0.15832299,-0.22105591,-0.31569332,-0.62871546,0.3479265,0.4862888,-0.40274855,0.30608186,0.18532537","-0.11583847,0.38175666,-0.9754354","-0.16938473,-0.16856636,-0.42048496,-0.5808539,0.34872118,0.41362998,-0.40274855,0.30608186,0.18532537",0.0
"-0.16938473,-0.16856636,-0.42048496,-0.5808539,0.34872118,0.41362998,-0.40274855,0.30608186,0.18532537","0.0013079643,0.20242715,-0.98516643","-0.16925983,-0.14073369,-0.52632207,-0.5476524,0.32888162,0.29428902,-0.40274855,0.30608186,0.18532537",0.0
"-0.16925983,-0.14073369,-0.52632207,-0.5476524,0.32888162,0.29428902,-0.40274855,0.30608186,0.18532537","0.09006047,0.33401132,-0.95212525","-0.16065972,-0.09480886,-0.62860954,-0.49058488,0.27764183,0.2094301,-0.40274855,0.30608186,0.18532537",0.0
"-0.16065972,-0.09480886,-0.62860954,-0.49058488,0.27764183,0.2094301,-0.40274855,0.30608186,0.18532537","-0.23956108,0.39561415,-0.48360282","-0.18353605,-0.040413972,-0.6805633,-0.41642264,0.27771166,0.20549886,-0.40274855,0.30608186,0.18532537",0.0
"-0.18353605,-0.040413972,-0.6805633,-0.41642264,0.27771166,0.20549886,-0.40274855,0.30608186,0.18532537","-0.21236396,-0.17421198,-0.092417955","-0.20381527,-0.064367235,-0.69049186,-0.4042969,0.30842847,0.16210942,-0.40274855,0.30608186,0.18532537",0.0
"-0.20381527,-0.064367235,-0.69049186,-0.4042969,0.30842847,0.16210942,-0.40274855,0.30608186,0.18532537","0.04513073,-0.00878787,0.10256338","-0.19950563,-0.06557553,-0.67947346,-0.41477916,0.3075202,0.17582424,-0.40274855,0.30608186,0.18532537",0.0
"0.0,0.0,0.0,2.8652207e-07,0.005789075,0.993462,-0.039532166,0.13263157,0.19748566","-0.8791854,-0.102032244,-0.99569154","-0.083955824,-0.0140289,-0.106967784,-0.16919708,0.051687676,0.9631656,-0.039532166,0.13263157,0.19748566",0.0
"-0.083955824,-0.0140289,-0.106967784,-0.16919708,0.051687676,0.9631656,-0.039532166,0.13263157,0.19748566","-0.9320087,0.76666784,-0.99672025","-0.17295587,0.091384,-0.21404612,-0.079235174,0.054621454,0.93875337,-0.039532166,0.13263157,0.19748566",0.0
"-0.17295587,0.091384,-0.21404612,-0.079235174,0.054621454,0.93875337,-0.039532166,0.13263157,0.19748566","-0.80697876,0.462016,-0.96406204","-0.25001645,0.15490885,-0.31761596,-0.06451674,0.07271103,0.8800769,-0.039532166,0.13263157,0.19748566",0.0
"-0.25001645,0.15490885,-0.31761596,-0.06451674,0.07271103,0.8800769,-0.039532166,0.13263157,0.19748566","-0.14604318,0.47327614,-0.9886973","-0.2639625,0.21998192,-0.42383242,-0.060094014,0.07418293,0.79830027,-0.039532166,0.13263157,0.19748566",0.0
"-0.2639625,0.21998192,-0.42383242,-0.060094014,0.07418293,0.79830027,-0.039532166,0.13263157,0.19748566","-0.035972834,0.2618327,-0.9857751","-0.26739764,0.2559826,-0.5297349,-0.08656437,0.1052591,0.68883485,-0.039532166,0.13263157,0.19748566",0.0
"-0.26739764,0.2559826,-0.5297349,-0.08656437,0.1052591,0.68883485,-0.039532166,0.13263157,0.19748566","-0.14151394,0.5725266,-0.8990121","-0.2809112,0.33470207,-0.6263164,-0.056556076,0.07787856,0.58676815,-0.039532166,0.13263157,0.19748566",0.0
"-0.2809112,0.33470207,-0.6263164,-0.056556076,0.07787856,0.58676815,-0.039532166,0.13263157,0.19748566","-0.33745736,0.0050433874,-0.9128309","-0.31313592,0.33539554,-0.7243825,-0.0784675,0.12839656,0.4473876,-0.039532166,0.13263157,0.19748566",0.0
"-0.31313592,0.33539554,-0.7243825,-0.0784675,0.12839656,0.4473876,-0.039532166,0.13263157,0.19748566","-0.15220803,0.30704713,-0.97005856","-0.3276707,0.37761298,-0.82859653,-0.064995185,0.11932271,0.3024886,-0.039532166,0.13263157,0.19748566",0.0
"-0.3276707,0.37761298,-0.82859653,-0.064995185,0.11932271,0.3024886,-0.039532166,0.13263157,0.19748566","-0.37574786,-0.14536846,-0.6106253","-0.36355186,0.3576256,-0.89419645,-0.05585669,0.13615263,0.19336818,-0.039532166,0.13263157,0.19748566",0.0
"0.0,0.0,0.0,2.8652207e-07,0.005789075,0.993462,0.123333335,0.4633333,0.23488185","-0.100831866,0.04872334,-0.98210657","-0.009628708,0.0066992184,-0.10550834,-0.13072653,0.009747367,0.9716315,0.123333335,0.4633333,0.23488185",0.0
"-0.009628708,0.0066992184,-0.10550834,-0.13072653,0.009747367,0.9716315,0.123333335,0.4633333,0.23488185","-0.47484428,0.27007067,-0.9623606","-0.05497288,0.043832563,-0.2088954,-0.18333209,0.03785714,0.9257671,0.123333335,0.4633333,0.23488185",0.0
"-0.05497288,0.043832563,-0.2088954,-0.18333209,0.03785714,0.9257671,0.123333335,0.4633333,0.23488185","-0.8828923,0.45624077,-0.90559494","-0.13928269,0.106563345,-0.30618408,-0.15848158,0.08053152,0.87374157,0.123333335,0.4633333,0.23488185",0.0
"-0.13928269,0.106563345,-0.30618408,-0.15848158,0.08053152,0.87374157,0.123333335,0.4633333,0.23488185","-0.8014681,0.04286194,-0.7542559","-0.21581706,0.11245667,-0.38721436,-0.19179238,0.16189812,0.7927256,0.123333335,0.4633333,0.23488185",0.0
"-0.21581706,0.11245667,-0.38721436,-0.19179238,0.16189812,0.7927256,0.123333335,0.4633333,0.23488185","-0.97715735,-0.542672,-0.5757247","-0.3091285,0.037842084,-0.44906488,-0.2321901,0.34991297,0.6499417,0.123333335,0.4633333,0.23488185",0.0
"-0.3091285,0.037842084,-0.44906488,-0.2321901,0.34991297,0.6499417,0.123333335,0.4633333,0.23488185","-0.941562,-0.11702663,-0.920829","-0.39904085,0.021751529,-0.54799014,-0.1425241,0.45275408,0.48298195,0.123333335,0.4633333,0.23488185",0.0
"-0.39904085,0.021751529,-0.54799014,-0.1425241,0.45275408,0.48298195,0.123333335,0.4633333,0.23488185","-0.90593356,-0.34069562,-0.9166224","-0.4855509,-0.02509237,-0.6464635,-0.01718844,0.5060177,0.27423885,0.123333335,0.4633333,0.23488185",0.0
"-0.4855509,-0.02509237,-0.6464635,-0.01718844,0.5060177,0.27423885,0.123333335,0.4633333,0.23488185","-0.69384074,0.19539046,-0.37204707","-0.55180764,0.0017728029,-0.6864328,0.08172794,0.46195975,0.24690501,0.123333335,0.4633333,0.23488185",0.0
"-0.55180764,0.0017728029,-0.6864328,0.08172794,0.46195975,0.24690501,0.123333335,0.4633333,0.23488185","-0.19219303,0.02202189,0.06005907","-0.5701607,0.004800693,-0.67998064,0.10837113,0.45718867,0.25990075,0.123333335,0.4633333,0.23488185",0.0
"-0.5701607,0.004800693,-0.67998064,0.10837113,0.45718867,0.25990075,0.123333335,0.4633333,0.23488185","-0.07605207,-0.07354784,-0.022711754","-0.5774231,-0.005311763,-0.6824206,0.120265536,0.46061167,0.24463402,0.123333335,0.4633333,0.23488185",0.0
"0.0,0.0,0.0,2.8652207e-07,0.005789075,0.993462,-0.026783627,0.08216374,0.049404614","-0.9787971,-0.55694085,-0.971524","-0.09346802,-0.07657649,-0.10437144,-0.2888336,0.09338554,0.9280262,-0.026783627,0.08216374,0.049404614",0.0
"-0.09346802,-0.07657649,-0.10437144,-0.2888336,0.09338554,0.9280262,-0.026783627,0.08216374,0.049404614","-0.9814907,0.928535,-0.95074105","-0.18719324,0.0510923,-0.20651022,-0.13766986,0.098754555,0.9306307,-0.026783627,0.08216374,0.049404614",0.0
"-0.18719324,0.0510923,-0.20651022,-0.13766986,0.098754555,0.9306307,-0.026783627,0.08216374,0.049404614","-0.637547,0.888886,-0.9949293","-0.24807434,0.17330958,-0.31339616,-0.035741456,0.04344987,0.8868016,-0.026783627,0.08216374,0.049404614",0.0
"-0.24807434,0.17330958,-0.31339616,-0.035741456,0.04344987,0.8868016,-0.026783627,0.08216374,0.049404614","-0.78761303,0.31688643,-0.94763356","-0.32328567,0.21687987,-0.41520107,-0.043365143,0.08090115,0.80622005,-0.026783627,0.08216374,0.049404614",0.0
"-0.32328567,0.21687987,-0.41520107,-0.043365143,0.08090115,0.80622005,-0.026783627,0.08216374,0.049404614","-0.64148575,0.19107723,-0.98571014","-0.3845429,0.24315204,-0.5210966,-0.04751183,0.14151004,0.6951203,-0.026783627,0.08216374,0.049404614",0.0
"-0.3845429,0.24315204,-0.5210966,-0.04751183,0.14151004,0.6951203,-0.026783627,0.08216374,0.049404614","0.43170702,0.46652055,-0.99853027","-0.34331805,0.30729625,-0.62836945,-0.058660585,0.1216396,0.5762613,-0.026783627,0.08216374,0.049404614",0.0
"-0.34331805,0.30729625,-0.62836945,-0.058660585,0.1216396,0.5762613,-0.026783627,0.08216374,0.049404614","0.2541952,0.393304,-0.9586374","-0.31904426,0.36137354,-0.7313565,-0.062200144,0.10811834,0.44569287,-0.026783627,0.08216374,0.049404614",0.0
"-0.31904426,0.36137354,-0.7313565,-0.062200144,0.10811834,0.44569287,-0.026783627,0.08216374,0.049404614","-0.50711733,-0.23316067,-0.9880478","-0.3674703,0.3293152,-0.8375032,-0.06511549,0.16156718,0.2702995,-0.026783627,0.08216374,0.049404614",0.0
"-0.3674703,0.3293152,-0.8375032,-0.06511549,0.16156718,0.2702995,-0.026783627,0.08216374,0.049404614","0.46750414,-0.005357027,-0.99101967","-0.32282704,0.32857865,-0.94396913,-0.071837954,0.12641136,0.10769838,-0.026783627,0.08216374,0.049404614",0.0
"-0.32282704,0.32857865,-0.94396913,-0.071837954,0.12641136,0.10769838,-0.026783627,0.08216374,0.049404614","-0.06320882,0.16477287,-0.54807824","-0.32886302,0.35123408,-1.0,-0.049491387,0.09431277,0.03421533,-0.026783627,0.08216374,0.049404614",0.0
"-0.32886302,0.35123408,-1.0,-0.049491387,0.09431277,0.03421533,-0.026783627,0.08216374,0.049404614","-0.37359965,0.20132363,-0.258919","-0.36453906,0.37891507,-1.0,-0.035160407,0.09159625,0.041114587,-0.026783627,0.08216374,0.049404614",0.0
"0.0,0.0,0.0,2.8652207e-07,0.005789075,0.993462,0.74368423,-0.11824561,0.12825042","0.6075797,0.9489026,0.9840162","0.058019456,0.13046922,0.10571347,0.40485144,0.080508634,0.8798524,0.74368423,-0.11824561,0.12825042",0.0
"0.058019456,0.13046922,0.10571347,0.40485144,0.080508634,0.8798524,0.74368423,-0.11824561,0.12825042","0.47903085,0.8189107,0.8902216","0.103763424,0.24306525,0.20135055,0.6554779,0.22769047,0.61581695,0.74368423,-0.11824561,0.12825042",0.0
"0.103763424,0.24306525,0.20135055,0.6554779,0.22769047,0.61581695,0.74368423,-0.11824561,0.12825042","-0.88212764,0.68746114,0.8710363","0.019526636,0.33758762,0.29492652,0.8300038,0.056780707,0.29721296,0.74368423,-0.11824561,0.12825042",0.0
"0.019526636,0.33758762,0.29492652,0.8300038,0.056780707,0.29721296,0.74368423,-0.11824561,0.12825042","-0.88147086,-0.08998293,0.74062824","-0.06464743,0.32521546,0.37449268,0.7979075,-0.1584066,0.19855577,0.74368423,-0.11824561,0.12825042",0.0
"-0.06464743,0.32521546,0.37449268,0.7979075,-0.1584066,0.19855577,0.74368423,-0.11824561,0.12825042","0.17624032,-0.14272296,0.518769","-0.04781775,0.30559182,0.43022433,0.775704,-0.11155871,0.15237182,0.74368423,-0.11824561,0.12825042",0.0
"-0.04781775,0.30559182,0.43022433,0.775704,-0.11155871,0.15237182,0.74368423,-0.11824561,0.12825042","-0.11995566,-0.08309537,0.2459569","-0.059272643,0.29416665,0.45664766,0.7539909,-0.13615555,0.1348462,0.74368423,-0.11824561,0.12825042",0.0
"-0.059272643,0.29416665,0.45664766,0.7539909,-0.13615555,0.1348462,0.74368423,-0.11824561,0.12825042","0.13459814,-0.09424794,0.13850081","-0.046419494,0.2812081,0.4715269,0.7454148,-0.103630535,0.13705601,0.74368423,-0.11824561,0.12825042",0.0
"0.0,0.0,0.0,2.8652207e-07,0.005789075,0.993462,-0.015730996,0.03842105,-0.30553225","-0.9855845,-0.9986996,-0.99768287","-0.09411617,-0.13731605,-0.107181706,-0.4074732,0.1301696,0.8715601,-0.015730996,0.03842105,-0.30553225",0.0
"-0.09411617,-0.13731605,-0.107181706,-0.4074732,0.1301696,0.8715601,-0.015730996,0.03842105,-0.30553225","-0.93315136,-0.88988686,-0.8699666","-0.18322535,-0.25967094,-0.20064275,-0.5981148,0.3950341,0.58823365,-0.015730996,0.03842105,-0.30553225",0.0
"-0.18322535,-0.25967094,-0.20064275,-0.5981148,0.3950341,0.58823365,-0.015730996,0.03842105,-0.30553225","-0.45695353,-0.8014159,-0.9965628","-0.22686109,-0.3698615,-0.30770412,-0.64280593,0.5631942,0.21086086,-0.015730996,0.03842105,-0.30553225",0.0
"-0.22686109,-0.3698615,-0.30770412,-0.64280593,0.5631942,0.21086086,-0.015730996,0.03842105,-0.30553225","0.27076685,-0.46192902,-0.9089759","-0.20100483,-0.43337443,-0.40535593,-0.6728521,0.49928215,-0.065922216,-0.015730996,0.03842105,-0.30553225",0.0
"-0.20100483,-0.43337443,-0.40535593,-0.6728521,0.49928215,-0.065922216,-0.015730996,0.03842105,-0.30553225","-0.2517408,-0.19327796,-0.9829023","-0.22504425,-0.4599492,-0.51094973,-0.5612566,0.4871094,-0.24460629,-0.015730996,0.03842105,-0.30553225",0.0
"-0.22504425,-0.4599492,-0.51094973,-0.5612566,0.4871094,-0.24460629,-0.015730996,0.03842105,-0.30553225","-0.02419287,-0.19761884,-0.9765158","-0.2273545,-0.48712084,-0.6158575,-0.45515767,0.40226465,-0.37261537,-0.015730996,0.03842105,-0.30553225",0.0
"-0.2273545,-0.48712084,-0.6158575,-0.45515767,0.40226465,-0.37261537,-0.015730996,0.03842105,-0.30553225","-0.4134345,-0.7726049,-0.9927739","-0.2668345,-0.59335005,-0.72251177,-0.2568473,0.2942192,-0.5181904,-0.015730996,0.03842105,-0.30553225",0.0
"-0.2668345,-0.59335005,-0.72251177,-0.2568473,0.2942192,-0.5181904,-0.015730996,0.03842105,-0.30553225","0.12666571,-0.07360053,-0.9831059","-0.25473884,-0.60346985,-0.8281274,-0.1657952,0.17911974,-0.47292104,-0.015730996,0.03842105,-0.30553225",0.0
"-0.25473884,-0.60346985,-0.8281274,-0.1657952,0.17911974,-0.47292104,-0.015730996,0.03842105,-0.30553225","-0.050374568,-0.81245726,-0.9678188","-0.25954923,-0.7151786,-0.9321008,-0.042140458,0.053192873,-0.40396526,-0.015730996,0.03842105,-0.30553225",0.0
"-0.25954923,-0.7151786,-0.9321008,-0.042140458,0.053192873,-0.40396526,-0.015730996,0.03842105,-0.30553225","-0.45215225,0.26041222,-0.7216207","-0.3027265,-0.6793733,-1.0,-0.01812908,0.03537513,-0.30601063,-0.015730996,0.03842105,-0.30553225",0.0
"0.0,0.0,0.0,2.8652207e-07,0.005789075,0.993462,-0.6342105,-0.22385964,0.037113562","0.5716138,-0.99406207,-0.9936917","0.054584965,-0.13667841,-0.106752925,-0.42073318,-0.06698932,0.8726006,-0.6342105,-0.22385964,0.037113562",0.0
"0.054584965,-0.13667841,-0.106752925,-0.42073318,-0.06698932,0.8726006,-0.6342105,-0.22385964,0.037113562","0.24013746,-0.6837245,-0.98415357","0.07751635,-0.23068705,-0.21248117,-0.66444206,-0.15911965,0.62116516,-0.6342105,-0.22385964,0.037113562",0.0
"0.07751635,-0.23068705,-0.21248117,-0.66444206,-0.15911965,0.62116516,-0.6342105,-0.22385964,0.037113562","-0.15160525,0.46043372,-0.9163645","0.06303914,-0.1673798,-0.31092682,-0.6367702,-0.1218785,0.5830513,-0.6342105,-0.22385964,0.037113562",0.0
"0.06303914,-0.1673798,-0.31092682,-0.6367702,-0.1218785,0.5830513,-0.6342105,-0.22385964,0.037113562","0.26695323,-0.38382244,-0.9649276","0.08853123,-0.22015342,-0.41458964,-0.7008548,-0.19409454,0.33437237,-0.6342105,-0.22385964,0.037113562",0.0
"0.08853123,-0.22015342,-0.41458964,-0.7008548,-0.19409454,0.33437237,-0.6342105,-0.22385964,0.037113562","0.09788501,-0.33639598,-0.95988035","0.097878546,-0.26640615,-0.51771015,-0.68817395,-0.2124677,0.097506694,-0.6342105,-0.22385964,0.037113562",0.0
"0.097878546,-0.26640615,-0.51771015,-0.68817395,-0.2124677,0.097506694,-0.6342105,-0.22385964,0.037113562","0.049684882,0.10729253,-0.40022898","0.10262309,-0.251654,-0.56070703,-0.65221244,-0.21177135,0.06393567,-0.6342105,-0.22385964,0.037113562",0.0
"0.10262309,-0.251654,-0.56070703,-0.65221244,-0.21177135,0.06393567,-0.6342105,-0.22385964,0.037113562","0.12225008,0.030369401,-0.1634031","0.114297085,-0.24747841,-0.5782615,-0.6304168,-0.23044169,0.047690917,-0.6342105,-0.22385964,0.037113562",0.0
"0.0,0.0,0.0,2.8652207e-07,0.005789075,0.993462,-0.26906434,0.6278947,0.31340078","-0.9555504,-0.9898957,-0.99687755","-0.09124813,-0.13610557,-0.10709518,-0.40628922,0.12580308,0.87289554,-0.26906434,0.6278947,0.31340078",0.0
"-0.09124813,-0.13610557,-0.10709518,-0.40628922,0.12580308,0.87289554,-0.26906434,0.6278947,0.31340078","-0.9672468,-0.8199221,-0.99198115","-0.18361318,-0.24884066,-0.21366435,-0.59157455,0.3918204,0.58866334,-0.26906434,0.6278947,0.31340078",0.0
"-0.18361318,-0.24884066,-0.21366435,-0.59157455,0.3918204,0.58866334,-0.26906434,0.6278947,0.31340078","-0.9754554,0.23279452,-0.94121027","-0.2767621,-0.21683264,-0.31477916,-0.45578906,0.54865605,0.49505883,-0.26906434,0.6278947,0.31340078",0.0
"-0.2767621,-0.21683264,-0.31477916,-0.45578906,0.54865605,0.49505883,-0.26906434,0.6278947,0.31340078","-0.9175458,0.059963107,-0.952385","-0.36438105,-0.20858803,-0.4170945,-0.29089212,0.6549412,0.35083538,-0.26906434,0.6278947,0.31340078",0.0
"-0.36438105,-0.20858803,-0.4170945,-0.29089212,0.6549412,0.35083538,-0.26906434,0.6278947,0.31340078","-0.14554012,0.21634066,-0.48466027","-0.3782791,-0.17884234,-0.46916187,-0.24977624,0.6365526,0.3207363,-0.26906434,0.6278947,0.31340078",0.0
"-0.3782791,-0.17884234,-0.46916187,-0.24977624,0.6365526,0.3207363,-0.26906434,0.6278947,0.31340078","-0.0012628436,-0.046588182,0.012441516","-0.37839967,-0.18524797,-0.46782532,-0.25165308,0.6419187,0.3120748,-0.26906434,0.6278947,0.31340078",0.0
"-0.37839967,-0.18524797,-0.46782532,-0.25165308,0.6419187,0.3120748,-0.26906434,0.6278947,0.31340078","0.117536426,-0.017035484,-0.072319984","-0.36717582,-0.18759029,-0.47559473,-0.27423784,0.63289833,0.2961488,-0.26906434,0.6278947,0.31340078",0.0
"0.0,0.0,0.0,2.8652207e-07,0.005789075,0.993462,-0.094678365,-0.00994152,-0.45276338","0.84135175,-0.9959303,-0.98768884","0.08034298,-0.1369353,-0.10610803,-0.41370073,-0.10071732,0.87289846,-0.094678365,-0.00994152,-0.45276338",0.0
"0.08034298,-0.1369353,-0.10610803,-0.41370073,-0.10071732,0.87289846,-0.094678365,-0.00994152,-0.45276338","0.76322854,-0.969315,-0.8846082","0.15322576,-0.27021113,-0.20114204,-0.6509558,-0.33350056,0.5689088,-0.094678365,-0.00994152,-0.45276338",0.0
"0.15322576,-0.27021113,-0.20114204,-0.6509558,-0.33350056,0.5689088,-0.094678365,-0.00994152,-0.45276338","0.29642236,-0.94009495,-0.97594714","0.18153195,-0.39946938,-0.30598864,-0.7372808,-0.46600842,0.15114097,-0.094678365,-0.00994152,-0.45276338",0.0
"0.18153195,-0.39946938,-0.30598864,-0.7372808,-0.46600842,0.15114097,-0.094678365,-0.00994152,-0.45276338","0.84410334,-0.9025249,-0.8983844","0.26213768,-0.52356195,-0.40250266,-0.5706129,-0.6073613,-0.24665104,-0.094678365,-0.00994152,-0.45276338",0.0
"0.26213768,-0.52356195,-0.40250266,-0.5706129,-0.6073613,-0.24665104,-0.094678365,-0.00994152,-0.45276338","0.8519789,-0.98944986,-0.9134992","0.3434955,-0.6596063,-0.5006404,-0.30711532,-0.56120914,-0.57876015,-0.094678365,-0.00994152,-0.45276338",0.0
"0.3434955,-0.6596063,-0.5006404,-0.30711532,-0.56120914,-0.57876015,-0.094678365,-0.00994152,-0.45276338","0.9697652,-0.90497506,-0.86283815","0.43610102,-0.7840357,-0.59333557,-0.08090389,-0.3685611,-0.7397617,-0.094678365,-0.00994152,-0.45276338",0.0
"0.43610102,-0.7840357,-0.59333557,-0.08090389,-0.3685611,-0.7397617,-0.094678365,-0.00994152,-0.45276338","0.9842942,-0.8587821,-0.98920786","0.53009397,-0.90211385,-0.6996067,0.0040398203,-0.10392643,-0.7290724,-0.094678365,-0.00994152,-0.45276338",0.0
"0.53009397,-0.90211385,-0.6996067,0.0040398203,-0.10392643,-0.7290724,-0.094678365,-0.00994152,-0.45276338","0.7636522,-0.88820976,-0.47958922","0.60301435,-0.99998087,-0.75113505,-0.021112962,0.044737723,-0.6694577,-0.094678365,-0.00994152,-0.45276338",0.0
"0.60301435,-0.99998087,-0.75113505,-0.021112962,0.044737723,-0.6694577,-0.094678365,-0.00994152,-0.45276338","0.923784,-0.9524498,-0.8932742","0.6912262,-0.99998057,-0.8471021,-0.054790847,0.069714874,-0.526728,-0.094678365,-0.00994152,-0.45276338",0.0
"0.6912262,-0.99998057,-0.8471021,-0.054790847,0.069714874,-0.526728,-0.094678365,-0.00994152,-0.45276338","0.9900093,-0.9251231,0.46394134","0.785762,-0.9999807,-0.7972646,-0.060158156,0.040554997,-0.602328,-0.094678365,-0.00994152,-0.45276338",0.0
"0.785762,-0.9999807,-0.7972646,-0.060158156,0.040554997,-0.602328,-0.094678365,-0.00994152,-0.45276338","0.9169402,-0.94900197,-0.5462223","0.87332034,-0.99998045,-0.8559473,-0.08554047,0.029680947,-0.51307625,-0.094678365,-0.00994152,-0.45276338",0.0
"0.87332034,-0.99998045,-0.8559473,-0.08554047,0.029680947,-0.51307625,-0.094678365,-0.00994152,-0.45276338","0.91818416,-0.7322712,-0.15429592","0.96099746,-0.99998045,-0.8725245,-0.09307312,0.0056276196,-0.48737624,-0.094678365,-0.00994152,-0.45276338",0.0
"0.96099746,-0.99998045,-0.8725245,-0.09307312,0.0056276196,-0.48737624,-0.094678365,-0.00994152,-0.45276338","0.89360094,-0.8203069,0.4512992","0.9999971,-0.99998057,-0.8240439,-0.082176246,-0.0057894774,-0.5620056,-0.094678365,-0.00994152,-0.45276338",0.0
"0.9999971,-0.99998057,-0.8240439,-0.082176246,-0.0057894774,-0.5620056,-0.094678365,-0.00994152,-0.45276338","0.77906203,-0.86966443,-0.4976948","0.99999714,-0.99998045,-0.8775125,-0.09366897,-0.0057894476,-0.47961342,-0.094678365,-0.00994152,-0.45276338",0.0
"0.99999714,-0.99998045,-0.8775125,-0.09366897,-0.0057894476,-0.47961342,-0.094678365,-0.00994152,-0.45276338","0.71984494,-0.95209885,0.123062134","0.99999714,-0.99998045,-0.86429334,-0.091854416,-0.005789456,-0.50014323,-0.094678365,-0.00994152,-0.45276338",0.0
"0.99999714,-0.99998045,-0.86429334,-0.091854416,-0.005789456,-0.50014323,-0.094678365,-0.00994152,-0.45276338","0.6502478,-0.68042094,0.16185272","0.99999714,-0.99998057,-0.84690744,-0.088438466,-0.005789504,-0.52700603,-0.094678365,-0.00994152,-0.45276338",0.0
"0.99999714,-0.99998057,-0.84690744,-0.088438466,-0.005789504,-0.52700603,-0.094678365,-0.00994152,-0.45276338","0.57831454,-0.7533169,-0.39256","0.99999726,-0.99998033,-0.889081,-0.09470055,-0.005789546,-0.46158308,-0.094678365,-0.00994152,-0.45276338",0.0
"0.0,0.0,0.0,2.8652207e-07,0.005789075,0.993462,-0.03888889,-0.014444444,-0.30553225","0.6551163,-0.9749096,-0.94623977","0.06255885,-0.13404505,-0.10165513,-0.4080975,-0.07535128,0.87970436,-0.03888889,-0.014444444,-0.30553225",0.0
"0.06255885,-0.13404505,-0.10165513,-0.4080975,-0.07535128,0.87970436,-0.03888889,-0.014444444,-0.30553225","0.8152852,-0.8130066,-0.7713851","0.14041267,-0.24582928,-0.1845255,-0.6233889,-0.28793097,0.6342264,-0.03888889,-0.014444444,-0.30553225",0.0
"0.14041267,-0.24582928,-0.1845255,-0.6233889,-0.28793097,0.6342264,-0.03888889,-0.014444444,-0.30553225","0.9449558,-0.9779266,-0.95412904","0.23064908,-0.3802892,-0.2870282,-0.65050673,-0.5681302,0.22118056,-0.03888889,-0.014444444,-0.30553225",0.0
"0.23064908,-0.3802892,-0.2870282,-0.65050673,-0.5681302,0.22118056,-0.03888889,-0.014444444,-0.30553225","-0.52003384,-0.99667674,-0.936791","0.18098962,-0.5173272,-0.38766822,-0.7173083,-0.45148277,-0.21569149,-0.03888889,-0.014444444,-0.30553225",0.0
"0.18098962,-0.5173272,-0.38766822,-0.7173083,-0.45148277,-0.21569149,-0.03888889,-0.014444444,-0.30553225","-0.36530185,-0.8228429,-0.9769212","0.14610595,-0.6304639,-0.49261945,-0.6077177,-0.2938834,-0.5277498,-0.03888889,-0.014444444,-0.30553225",0.0
"0.14610595,-0.6304639,-0.49261945,-0.6077177,-0.2938834,-0.5277498,-0.03888889,-0.014444444,-0.30553225","-0.34138542,-0.5997219,-0.95966727","0.11350612,-0.71292263,-0.5957171,-0.42876968,-0.15354516,-0.6668316,-0.03888889,-0.014444444,-0.30553225",0.0
"0.11350612,-0.71292263,-0.5957171,-0.42876968,-0.15354516,-0.6668316,-0.03888889,-0.014444444,-0.30553225","0.762074,0.055378795,-0.93526185","0.18627867,-0.70530844,-0.6961928,-0.2753496,-0.17551365,-0.62706536,-0.03888889,-0.014444444,-0.30553225",0.0
"0.18627867,-0.70530844,-0.6961928,-0.2753496,-0.17551365,-0.62706536,-0.03888889,-0.014444444,-0.30553225","-0.87619627,-0.87491286,-0.8102231","0.102608286,-0.82560444,-0.7832355,-0.1027833,-0.028226122,-0.61441016,-0.03888889,-0.014444444,-0.30553225",0.0
"0.102608286,-0.82560444,-0.7832355,-0.1027833,-0.028226122,-0.61441016,-0.03888889,-0.014444444,-0.30553225","0.6998502,-0.18285853,-0.9163415","0.1694389,-0.85074663,-0.88167846,-0.013689122,-0.0013439322,-0.4881381,-0.03888889,-0.014444444,-0.30553225",0.0
"0.1694389,-0.85074663,-0.88167846,-0.013689122,-0.0013439322,-0.4881381,-0.03888889,-0.014444444,-0.30553225","-0.09235877,0.7047305,-0.69178194","0.1606193,-0.7538499,-0.95599693,-0.030695591,-0.010339119,-0.37543973,-0.03888889,-0.014444444,-0.30553225",0.0
"0.1606193,-0.7538499,-0.95599693,-0.030695591,-0.010339119,-0.37543973,-0.03888889,-0.014444444,-0.30553225","0.20714605,0.6151228,-0.8652493","0.18040024,-0.66927373,-1.0,-0.039404668,-0.018214181,-0.3049962,-0.03888889,-0.014444444,-0.30553225",0.0
"0.0,0.0,0.0,2.8652207e-07,0.005789075,0.993462,-0.3446199,0.19309941,0.3476588","-0.95430934,-0.76727307,-0.99027604","-0.09112962,-0.10549609,-0.106385976,-0.34786418,0.108438954,0.90297455,-0.3446199,0.19309941,0.3476588",0.0
"-0.09112962,-0.10549609,-0.106385976,-0.34786418,0.108438954,0.90297455,-0.3446199,0.19309941,0.3476588","-0.81349736,-0.3602773,-0.9681333","-0.16881272,-0.15503238,-0.21039315,-0.48319343,0.29004392,0.7392375,-0.3446199,0.19309941,0.3476588",0.0
"-0.16881272,-0.15503238,-0.21039315,-0.48319343,0.29004392,0.7392375,-0.3446199,0.19309941,0.3476588","0.28371477,0.8950758,-0.99550813","-0.14172003,-0.031964067,-0.31734124,-0.3971908,0.19594695,0.7555916,-0.3446199,0.19309941,0.3476588",0.0
"-0.14172003,-0.031964067,-0.31734124,-0.3971908,0.19594695,0.7555916,-0.3446199,0.19309941,0.3476588","-0.33295393,0.13086164,-0.98643225","-0.17351471,-0.01397126,-0.4233143,-0.4102735,0.25556135,0.63020086,-0.3446199,0.19309941,0.3476588",0.0
"-0.17351471,-0.01397126,-0.4233143,-0.4102735,0.25556135,0.63020086,-0.3446199,0.19309941,0.3476588","0.32681322,0.27801168,-0.9805188","-0.14230642,0.024253918,-0.5286521,-0.41989413,0.20773683,0.5158334,-0.3446199,0.19309941,0.3476588",0.0
"-0.14230642,0.024253918,-0.5286521,-0.41989413,0.20773683,0.5158334,-0.3446199,0.19309941,0.3476588","-0.01968342,0.15755904,-0.8415523","-0.14418603,0.045917474,-0.61906064,-0.40185127,0.20203122,0.3994509,-0.3446199,0.19309941,0.3476588",0.0
"-0.14418603,0.045917474,-0.61906064,-0.40185127,0.20203122,0.3994509,-0.3446199,0.19309941,0.3476588","0.06424153,0.35256624,-0.5125935","-0.13805144,0.09439352,-0.6741289,-0.35704052,0.17172882,0.3638021,-0.3446199,0.19309941,0.3476588",0.0
"-0.13805144,0.09439352,-0.6741289,-0.35704052,0.17172882,0.3638021,-0.3446199,0.19309941,0.3476588","-0.13722813,-0.24706894,0.029937267","-0.15115574,0.06042281,-0.67091274,-0.37778047,0.2007296,0.33462566,-0.3446199,0.19309941,0.3476588",0.0
"-0.15115574,0.06042281,-0.67091274,-0.37778047,0.2007296,0.33462566,-0.3446199,0.19309941,0.3476588","0.001026392,0.19068205,-0.033663392","-0.15105772,0.08664062,-0.67452925,-0.35609978,0.18944375,0.35562134,-0.3446199,0.19309941,0.3476588",0.0
"0.0,0.0,0.0,2.8652207e-07,0.005789075,0.993462,-0.25982457,-0.20959064,0.21768744","0.8734126,-0.5454142,-0.9977183","0.08340456,-0.074991636,-0.10718551,-0.2949157,-0.07309964,0.927247,-0.25982457,-0.20959064,0.21768744",0.0
"0.08340456,-0.074991636,-0.10718551,-0.2949157,-0.07309964,0.927247,-0.25982457,-0.20959064,0.21768744","0.42458904,0.77390075,-0.9851364","0.123949744,0.031415742,-0.21301939,-0.20325555,-0.07714919,0.9165157,-0.25982457,-0.20959064,0.21768744",0.0
"0.123949744,0.031415742,-0.21301939,-0.20325555,-0.07714919,0.9165157,-0.25982457,-0.20959064,0.21768744","0.40537953,-0.30905253,-0.99664086","0.16266054,-0.011077378,-0.3200892,-0.35970497,-0.19504623,0.773842,-0.25982457,-0.20959064,0.21768744",0.0
"0.16266054,-0.011077378,-0.3200892,-0.35970497,-0.19504623,0.773842,-0.25982457,-0.20959064,0.21768744","-0.021785378,0.65483665,-0.9878641","0.1605802,0.07895931,-0.42621613,-0.30114177,-0.15965705,0.7198409,-0.25982457,-0.20959064,0.21768744",0.0
"0.1605802,0.07895931,-0.42621613,-0.30114177,-0.15965705,0.7198409,-0.25982457,-0.20959064,0.21768744","0.029476285,0.18702853,-0.9829017","0.16339497,0.10467478,-0.5318099,-0.31963,-0.17353855,0.59284174,-0.25982457,-0.20959064,0.21768744",0.0
"0.16339497,0.10467478,-0.5318099,-0.31963,-0.17353855,0.59284174,-0.25982457,-0.20959064,0.21768744","-0.017325819,-0.08573216,-0.9581192","0.16174048,0.09288706,-0.6347413,-0.3527468,-0.1898176,0.4237053,-0.25982457,-0.20959064,0.21768744",0.0
"0.16174048,0.09288706,-0.6347413,-0.3527468,-0.1898176,0.4237053,-0.25982457,-0.20959064,0.21768744","0.1350987,0.18513358,-0.91616416","0.17464142,0.11834199,-0.73316544,-0.31184077,-0.1838287,0.29507613,-0.25982457,-0.20959064,0.21768744",0.0
"0.17464142,0.11834199,-0.73316544,-0.31184077,-0.1838287,0.29507613,-0.25982457,-0.20959064,0.21768744","0.10296118,-0.054469883,-0.40867615","0.18447347,0.110852666,-0.77706987,-0.29607332,-0.18686484,0.2228975,-0.25982457,-0.20959064,0.21768744",0.0
"0.18447347,0.110852666,-0.77706987,-0.29607332,-0.18686484,0.2228975,-0.25982457,-0.20959064,0.21768744","0.16428113,0.105003595,-0.107350945","0.20016113,0.12529011,-0.78860277,-0.27423552,-0.19229797,0.21809512,-0.25982457,-0.20959064,0.21768744",0.0
"0.20016113,0.12529011,-0.78860277,-0.27423552,-0.19229797,0.21809512,-0.25982457,-0.20959064,0.21768744","0.17594266,0.038639188,-0.047997415","0.21696237,0.13060282,-0.7937593,-0.25904897,-0.20271789,0.21486096,-0.25982457,-0.20959064,0.21768744",0.0
"0.0,0.0,0.0,2.8652207e-07,0.005789075,0.993462,0.011461989,-0.06824561,-0.61392003","-0.98560345,-0.97851723,-0.907075","-0.094117984,-0.1345411,-0.09744764,-0.3914584,0.12529373,0.8827543,0.011461989,-0.06824561,-0.61392003",0.0
"-0.094117984,-0.1345411,-0.09744764,-0.3914584,0.12529373,0.8827543,0.011461989,-0.06824561,-0.61392003","-0.9961128,-0.75606203,-0.8243058","-0.18923953,-0.23849575,-0.18600331,-0.5574677,0.38390008,0.6444259,0.011461989,-0.06824561,-0.61392003",0.0
"-0.18923953,-0.23849575,-0.18600331,-0.5574677,0.38390008,0.6444259,0.011461989,-0.06824561,-0.61392003","-0.97287935,-0.9896442,-0.2242518","-0.28214243,-0.37456676,-0.21009481,-0.5350727,0.66488785,0.3528569,0.011461989,-0.06824561,-0.61392003",0.0
"-0.28214243,-0.37456676,-0.21009481,-0.5350727,0.66488785,0.3528569,0.011461989,-0.06824561,-0.61392003","-0.6895224,-0.98009074,0.073443174","-0.34798682,-0.50932425,-0.20220473,-0.42695725,0.8376108,0.06837552,0.011461989,-0.06824561,-0.61392003",0.0
"-0.34798682,-0.50932425,-0.20220473,-0.42695725,0.8376108,0.06837552,0.011461989,-0.06824561,-0.61392003","0.2598822,-0.98728734,-0.72757995","-0.32316995,-0.64507127,-0.28036907,-0.46689895,0.7631498,-0.35275292,0.011461989,-0.06824561,-0.61392003",0.0
"-0.32316995,-0.64507127,-0.28036907,-0.46689895,0.7631498,-0.35275292,0.011461989,-0.06824561,-0.61392003","0.6869682,-0.88745445,-0.96396005","-0.25756946,-0.7670917,-0.38392785,-0.46803322,0.49923113,-0.6904954,0.011461989,-0.06824561,-0.61392003",0.0
"-0.25756946,-0.7670917,-0.38392785,-0.46803322,0.49923113,-0.6904954,0.011461989,-0.06824561,-0.61392003","0.06696284,-0.9127574,-0.945233","-0.25117502,-0.8925912,-0.4854748,-0.26291156,0.27307895,-0.872901,0.011461989,-0.06824561,-0.61392003",0.0
"-0.25117502,-0.8925912,-0.4854748,-0.26291156,0.27307895,-0.872901,0.011461989,-0.06824561,-0.61392003","-0.8112653,-0.9981422,-0.98756963","-0.3286475,-0.9999812,-0.5915832,-0.03891006,0.07645276,-0.86522675,0.011461989,-0.06824561,-0.61392003",0.0
"-0.3286475,-0.9999812,-0.5915832,-0.03891006,0.07645276,-0.86522675,0.011461989,-0.06824561,-0.61392003","-0.37873507,-0.8304543,-0.9256656","-0.36481678,-0.9999811,-0.69103646,0.008452228,-0.0046394807,-0.75091773,0.011461989,-0.06824561,-0.61392003",0.0
"-0.36481678,-0.9999811,-0.69103646,0.008452228,-0.0046394807,-0.75091773,0.011461989,-0.06824561,-0.61392003","-0.18910944,-0.9656613,-0.11784792","-0.3828782,-0.999981,-0.7037048,0.011678868,-0.014199151,-0.7344104,0.011461989,-0.06824561,-0.61392003",0.0
"-0.3828782,-0.999981,-0.7037048,0.011678868,-0.014199151,-0.7344104,0.011461989,-0.06824561,-0.61392003","0.007842064,-0.9787252,-0.13987446","-0.38213226,-0.999981,-0.71873873,0.015646433,-0.024306973,-0.714336,0.011461989,-0.06824561,-0.61392003",0.0
"-0.38213226,-0.999981,-0.71873873,0.015646433,-0.024306973,-0.714336,0.011461989,-0.06824561,-0.61392003","0.117311954,-0.18309325,-0.084094524","-0.3709327,-0.999981,-0.72777987,0.018926585,-0.02941337,-0.70202327,0.011461989,-0.06824561,-0.61392003",0.0
"-0.3709327,-0.999981,-0.72777987,0.018926585,-0.02941337,-0.70202327,0.011461989,-0.06824561,-0.61392003","-0.29267788,-0.9847097,-0.27415347","-0.39888424,-0.99998087,-0.7572379,0.021942297,-0.04819913,-0.66077024,0.011461989,-0.06824561,-0.61392003",0.0
"-0.39888424,-0.99998087,-0.7572379,0.021942297,-0.04819913,-0.66077024,0.011461989,-0.06824561,-0.61392003","-0.27173102,-0.94067824,-0.20770633","-0.42483547,-0.9999808,-0.7795565,0.020680267,-0.061196707,-0.6284818,0.011461989,-0.06824561,-0.61392003",0.0
"0.0,0.0,0.0,2.8652207e-07,0.005789075,0.993462,0.07497077,-0.0057894737,-0.29193363","-0.9482057,-0.90520155,-0.8901543","-0.09054677,-0.124460556,-0.09562984,-0.37176058,0.11473094,0.89407897,0.07497077,-0.0057894737,-0.29193363",0.0
"-0.09054677,-0.124460556,-0.09562984,-0.37176058,0.11473094,0.89407897,0.07497077,-0.0057894737,-0.29193363","-0.9947958,-0.27679533,-0.9770972","-0.18554255,-0.1625185,-0.20060001,-0.47084326,0.31737128,0.7410725,0.07497077,-0.0057894737,-0.29193363",0.0
"-0.18554255,-0.1625185,-0.20060001,-0.47084326,0.31737128,0.7410725,0.07497077,-0.0057894737,-0.29193363","-0.98885113,-0.85384434,-0.95154727","-0.27997065,-0.27991772,-0.30282533,-0.4928608,0.60473824,0.39841864,0.07497077,-0.0057894737,-0.29193363",0.0
"-0.27997065,-0.27991772,-0.30282533,-0.4928608,0.60473824,0.39841864,0.07497077,-0.0057894737,-0.29193363","-0.9976213,-0.9085302,-0.9808628","-0.37523624,-0.40483597,-0.40820006,-0.31231698,0.7707462,-0.011736704,0.07497077,-0.0057894737,-0.29193363",0.0
"-0.37523624,-0.40483597,-0.40820006,-0.31231698,0.7707462,-0.011736704,0.07497077,-0.0057894737,-0.29193363","-0.9198781,-0.9496588,-0.99672204","-0.46307793,-0.5354092,-0.51527846,-0.076341264,0.70524025,-0.38254097,0.07497077,-0.0057894737,-0.29193363",0.0
"-0.46307793,-0.5354092,-0.51527846,-0.076341264,0.70524025,-0.38254097,0.07497077,-0.0057894737,-0.29193363","-0.8204591,-0.13823038,-0.99479264","-0.5414258,-0.5544152,-0.62214965,0.07828078,0.5534698,-0.47120795,0.07497077,-0.0057894737,-0.29193363",0.0
"-0.5414258,-0.5544152,-0.62214965,0.07828078,0.5534698,-0.47120795,0.07497077,-0.0057894737,-0.29193363","-0.98032594,-0.3933506,-0.9779527","-0.6350398,-0.60849893,-0.72721165,0.15842557,0.33668777,-0.5308683,0.07497077,-0.0057894737,-0.29193363",0.0
"-0.6350398,-0.60849893,-0.72721165,0.15842557,0.33668777,-0.5308683,0.07497077,-0.0057894737,-0.29193363","-0.82994866,-0.8129412,-0.97280896","-0.7142939,-0.72027415,-0.8317211,0.09954932,0.11553747,-0.5264136,0.07497077,-0.0057894737,-0.29193363",0.0
"-0.7142939,-0.72027415,-0.8317211,0.09954932,0.11553747,-0.5264136,0.07497077,-0.0057894737,-0.29193363","-0.97829604,0.85630584,-0.98488426","-0.80771405,-0.6025366,-0.93752784,0.104075626,0.064792216,-0.37099978,0.07497077,-0.0057894737,-0.29193363",0.0
"-0.80771405,-0.6025366,-0.93752784,0.104075626,0.064792216,-0.37099978,0.07497077,-0.0057894737,-0.29193363","-0.96331584,0.50733757,-0.8204268","-0.89970374,-0.53278035,-1.0,0.08757253,0.022454206,-0.28264946,0.07497077,-0.0057894737,-0.29193363",0.0
"-0.89970374,-0.53278035,-1.0,0.08757253,0.022454206,-0.28264946,0.07497077,-0.0057894737,-0.29193363","-0.9480365,0.34420228,-0.61399853","-0.9902343,-0.48545438,-1.0,0.105051726,-0.00256914,-0.2713756,0.07497077,-0.0057894737,-0.29193363",0.0
"-0.9902343,-0.48545438,-1.0,0.105051726,-0.00256914,-0.2713756,0.07497077,-0.0057894737,-0.29193363","-0.88056684,0.050940394,-0.7502887","-0.99999994,-0.4784504,-1.0,0.10700819,-0.005790264,-0.2695652,0.07497077,-0.0057894737,-0.29193363",0.0
"-0.99999994,-0.4784504,-1.0,0.10700819,-0.005790264,-0.2695652,0.07497077,-0.0057894737,-0.29193363","-0.80839944,-0.069830894,-0.4904852","-0.99999994,-0.4880518,-1.0,0.104144126,-0.005790322,-0.2720379,0.07497077,-0.0057894737,-0.29193363",0.0
"-0.99999994,-0.4880518,-1.0,0.104144126,-0.005790322,-0.2720379,0.07497077,-0.0057894737,-0.29193363","-0.56878746,-0.40274572,-0.5028426","-0.99999994,-0.54342735,-1.0,0.086773686,-0.0057901717,-0.284948,0.07497077,-0.0057894737,-0.29193363",0.0
"0.0,0.0,0.0,2.8652207e-07,0.005789075,0.993462,0.009766082,0.036725145,-0.30644754","-0.69979143,-0.98272413,-0.99000317","-0.066825,-0.13511951,-0.10635666,-0.4120348,0.09371429,0.8745601,0.009766082,0.036725145,-0.30644754",0.0
"-0.066825,-0.13511951,-0.10635666,-0.4120348,0.09371429,0.8745601,0.009766082,0.036725145,-0.30644754","-0.6161046,-0.961064,-0.98871756","-0.12565853,-0.26726088,-0.2125752,-0.67511904,0.28755322,0.55779123,0.009766082,0.036725145,-0.30644754",0.0
"-0.12565853,-0.26726088,-0.2125752,-0.67511904,0.28755322,0.55779123,0.009766082,0.036725145,-0.30644754","-0.7731193,-0.6849844,-0.9817702","-0.19948581,-0.36144271,-0.31804737,-0.68324465,0.5018708,0.21227713,0.009766082,0.036725145,-0.30644754",0.0
"-0.19948581,-0.36144271,-0.31804737,-0.68324465,0.5018708,0.21227713,0.009766082,0.036725145,-0.30644754","-0.9500863,-0.876938,-0.96395546","-0.29021215,-0.48201722,-0.4216057,-0.5003853,0.6554379,-0.1858522,0.009766082,0.036725145,-0.30644754",0.0
"-0.29021215,-0.48201722,-0.4216057,-0.5003853,0.6554379,-0.1858522,0.009766082,0.036725145,-0.30644754","0.41986358,-0.44556797,-0.9915026","-0.25011823,-0.5432806,-0.5281234,-0.48321897,0.49177024,-0.40572178,0.009766082,0.036725145,-0.30644754",0.0
"-0.25011823,-0.5432806,-0.5281234,-0.48321897,0.49177024,-0.40572178,0.009766082,0.036725145,-0.30644754","-0.5500158,-0.6698389,-0.9404117","-0.30264074,-0.63538,-0.6291524,-0.27706516,0.39804322,-0.5756162,0.009766082,0.036725145,-0.30644754",0.0
"-0.30264074,-0.63538,-0.6291524,-0.27706516,0.39804322,-0.5756162,0.009766082,0.036725145,-0.30644754","-0.27734202,-0.119231224,-0.85409766","-0.3291249,-0.65177375,-0.72090864,-0.17093511,0.2985529,-0.5711752,0.009766082,0.036725145,-0.30644754",0.0
"-0.3291249,-0.65177375,-0.72090864,-0.17093511,0.2985529,-0.5711752,0.009766082,0.036725145,-0.30644754","-0.47329497,-0.59986293,-0.99774045","-0.37432116,-0.7342519,-0.8280964,-0.05035032,0.13587931,-0.5353902,0.009766082,0.036725145,-0.30644754",0.0
"-0.37432116,-0.7342519,-0.8280964,-0.05035032,0.13587931,-0.5353902,0.009766082,0.036725145,-0.30644754","-0.93208486,0.30732763,-0.96482474","-0.46332848,-0.69199604,-0.9317481,-0.0035298755,0.080871545,-0.40023196,0.009766082,0.036725145,-0.30644754",0.0
"-0.46332848,-0.69199604,-0.9317481,-0.0035298755,0.080871545,-0.40023196,0.009766082,0.036725145,-0.30644754","-0.81801194,0.06264639,-0.90985745","-0.5414427,-0.6833825,-1.0,0.010655174,0.0367812,-0.30638802,0.009766082,0.036725145,-0.30644754",0.0
"0.0,0.0,0.0,2.8652207e-07,0.005789075,0.993462,0.033625733,-0.017660819,-0.30644754","0.9774611,-0.9793415,-0.99771327","0.093340434,-0.13465442,-0.10718497,-0.40621176,-0.11660545,0.87431735,0.033625733,-0.017660819,-0.30644754",0.0
"0.093340434,-0.13465442,-0.10718497,-0.40621176,-0.11660545,0.87431735,0.033625733,-0.017660819,-0.30644754","0.9706726,-0.9668407,-0.9602735","0.18603264,-0.26759005,-0.21034774,-0.6145458,-0.39960083,0.56040895,0.033625733,-0.017660819,-0.30644754",0.0
"0.18603264,-0.26759005,-0.21034774,-0.6145458,-0.39960083,0.56040895,0.033625733,-0.017660819,-0.30644754","0.9779208,-0.9616828,-0.9927768","0.27941695,-0.3998165,-0.31700236,-0.5600776,-0.6654381,0.13346313,0.033625733,-0.017660819,-0.30644754",0.0
"0.27941695,-0.3998165,-0.31700236,-0.5600776,-0.6654381,0.13346313,0.033625733,-0.017660819,-0.30644754","0.8256589,-0.85176337,-0.95405555","0.3582614,-0.5169296,-0.41949713,-0.3582135,-0.7371369,-0.25336114,0.033625733,-0.017660819,-0.30644754",0.0
"0.3582614,-0.5169296,-0.41949713,-0.3582135,-0.7371369,-0.25336114,0.033625733,-0.017660819,-0.30644754","0.7711263,-0.80798674,-0.99581283","0.4318984,-0.6280237,-0.5264779,-0.13995731,-0.61689544,-0.5417621,0.033625733,-0.017660819,-0.30644754",0.0
"0.4318984,-0.6280237,-0.5264779,-0.13995731,-0.61689544,-0.5417621,0.033625733,-0.017660819,-0.30644754","0.9760921,-0.68924147,-0.95695204","0.5251081,-0.7227909,-0.6292838,0.025620256,-0.3975855,-0.67005247,0.033625733,-0.017660819,-0.30644754",0.0
"0.5251081,-0.7227909,-0.6292838,0.025620256,-0.3975855,-0.67005247,0.033625733,-0.017660819,-0.30644754","0.9320252,-0.7321335,-0.9485322","0.6141097,-0.8234555,-0.7311851,0.050947923,-0.152478,-0.67033446,0.033625733,-0.017660819,-0.30644754",0.0
"0.6141097,-0.8234555,-0.7311851,0.050947923,-0.152478,-0.67033446,0.033625733,-0.017660819,-0.30644754","0.87878203,-0.4176656,-0.63572186","0.698027,-0.88088244,-0.799481,0.018482814,-0.03570832,-0.60391754,0.033625733,-0.017660819,-0.30644754",0.0
"0.698027,-0.88088244,-0.799481,0.018482814,-0.03570832,-0.60391754,0.033625733,-0.017660819,-0.30644754","0.62176085,0.4287107,-0.8989104","0.75740063,-0.82193696,-0.8960514,0.013914862,-0.021286007,-0.46620375,0.033625733,-0.017660819,-0.30644754",0.0
"0.75740063,-0.82193696,-0.8960514,0.013914862,-0.021286007,-0.46620375,0.033625733,-0.017660819,-0.30644754","0.8207649,0.47493827,-0.9822912","0.8357777,-0.7566355,-1.0,0.0063181883,-0.010239167,-0.3107214,0.033625733,-0.017660819,-0.30644754",0.0
"0.8357777,-0.7566355,-1.0,0.0063181883,-0.010239167,-0.3107214,0.033625733,-0.017660819,-0.30644754","0.8013468,0.73223495,-0.926919","0.9123005,-0.655957,-1.0,0.044485025,-0.018592339,-0.30351985,0.033625733,-0.017660819,-0.30644754",0.0
"0.0,0.0,0.0,2.8652207e-07,0.005789075,0.993462,-0.002748538,0.005555555,-0.7596475","-0.9994739,-0.99771863,-0.9919374","-0.09544252,-0.1371812,-0.10656446,-0.40599743,0.13157894,0.8722429,-0.002748538,0.005555555,-0.7596475",0.0
"-0.09544252,-0.1371812,-0.10656446,-0.40599743,0.13157894,0.8722429,-0.002748538,0.005555555,-0.7596475","-0.9997637,-0.9564291,-0.99471134","-0.1909127,-0.26868528,-0.21342692,-0.6043658,0.42027932,0.55400836,-0.002748538,0.005555555,-0.7596475",0.0
"-0.1909127,-0.26868528,-0.21342692,-0.6043658,0.42027932,0.55400836,-0.002748538,0.005555555,-0.7596475","-0.9996715,-0.9863093,-0.71532506","-0.28637406,-0.40429774,-0.29027474,-0.541354,0.6910429,0.16512693,-0.002748538,0.005555555,-0.7596475",0.0
"-0.28637406,-0.40429774,-0.29027474,-0.541354,0.6910429,0.16512693,-0.002748538,0.005555555,-0.7596475","-0.9468676,-0.9785334,-0.7767621","-0.37679303,-0.53884107,-0.37372273,-0.31721404,0.793536,-0.24295713,-0.002748538,0.005555555,-0.7596475",0.0
"-0.37679303,-0.53884107,-0.37372273,-0.31721404,0.793536,-0.24295713,-0.002748538,0.005555555,-0.7596475","0.5118151,-0.8338795,-0.50845414","-0.3279184,-0.65349525,-0.42834625,-0.37445492,0.6350745,-0.523387,-0.002748538,0.005555555,-0.7596475",0.0
"-0.3279184,-0.65349525,-0.42834625,-0.37445492,0.6350745,-0.523387,-0.002748538,0.005555555,-0.7596475","0.5157343,-0.92973584,-0.6729025","-0.2786695,-0.78132915,-0.5006365,-0.32170942,0.39462563,-0.750322,-0.002748538,0.005555555,-0.7596475",0.0
"-0.2786695,-0.78132915,-0.5006365,-0.32170942,0.39462563,-0.750322,-0.002748538,0.005555555,-0.7596475","0.26703107,-0.9975916,-0.939329","-0.25316998,-0.91849285,-0.6015492,-0.12918016,0.14005035,-0.8286806,-0.002748538,0.005555555,-0.7596475",0.0
"-0.25316998,-0.91849285,-0.6015492,-0.12918016,0.14005035,-0.8286806,-0.002748538,0.005555555,-0.7596475","-0.13600206,-0.98636657,-0.08985883","-0.26615983,-0.9999812,-0.611215,-0.039259043,0.052099746,-0.84503025,-0.002748538,0.005555555,-0.7596475",0.0
"-0.26615983,-0.9999812,-0.611215,-0.039259043,0.052099746,-0.84503025,-0.002748538,0.005555555,-0.7596475","-0.32853198,0.42919004,-0.6731197","-0.29753226,-0.9409698,-0.6835286,-0.038184628,0.06145543,-0.75544,-0.002748538,0.005555555,-0.7596475",0.0
"-0.29753226,-0.9409698,-0.6835286,-0.038184628,0.06145543,-0.75544,-0.002748538,0.005555555,-0.7596475","0.8171829,-0.5890347,-0.32931828","-0.2195001,-0.999981,-0.7189146,0.025627777,-0.013629212,-0.71410054,-0.002748538,0.005555555,-0.7596475",0.0
"-0.2195001,-0.999981,-0.7189146,0.025627777,-0.013629212,-0.71410054,-0.002748538,0.005555555,-0.7596475","-0.3456366,-0.4015689,-0.4953134","-0.2525088,-0.9999808,-0.7721314,0.046668068,-0.03915672,-0.6393194,-0.002748538,0.005555555,-0.7596475",0.0
"-0.2525088,-0.9999808,-0.7721314,0.046668068,-0.03915672,-0.6393194,-0.002748538,0.005555555,-0.7596475","0.42253733,0.7835157,0.5518426","-0.21215954,-0.89225143,-0.7128465,-0.07690677,0.06786139,-0.7119348,-0.002748538,0.005555555,-0.7596475",0.0
"-0.21215954,-0.89225143,-0.7128465,-0.07690677,0.06786139,-0.7119348,-0.002748538,0.005555555,-0.7596475","-0.33567655,-0.99998915,0.5356271","-0.24421696,-0.9999811,-0.6553139,-0.012168354,0.019777186,-0.7952637,-0.002748538,0.005555555,-0.7596475",0.0
"-0.24421696,-0.9999811,-0.6553139,-0.012168354,0.019777186,-0.7952637,-0.002748538,0.005555555,-0.7596475","0.123486996,0.9996302,-0.7245967","-0.23242486,-0.86253715,-0.73315763,-0.08259627,0.0817152,-0.68144435,-0.002748538,0.005555555,-0.7596475",0.0
"-0.23242486,-0.86253715,-0.73315763,-0.08259627,0.0817152,-0.68144435,-0.002748538,0.005555555,-0.7596475","-0.12958801,0.75294423,0.50106573","-0.24479957,-0.75901127,-0.67932785,-0.20604621,0.20747899,-0.6773363,-0.002748538,0.005555555,-0.7596475",0.0
"-0.24479957,-0.75901127,-0.67932785,-0.20604621,0.20747899,-0.6773363,-0.002748538,0.005555555,-0.7596475","-0.7318982,-0.999905,0.7771404","-0.31469053,-0.8964931,-0.5958391,-0.12039966,0.1934339,-0.8218093,-0.002748538,0.005555555,-0.7596475",0.0
"-0.31469053,-0.8964931,-0.5958391,-0.12039966,0.1934339,-0.8218093,-0.002748538,0.005555555,-0.7596475","0.7108668,-0.9968389,-0.7506185","-0.24681072,-0.9999811,-0.6764876,0.0011190859,0.0070101595,-0.76938057,-0.002748538,0.005555555,-0.7596475",0.0
"0.0,0.0,0.0,2.8652207e-07,0.005789075,0.993462,0.012807018,-0.074093565,-0.29193363","0.98738766,-0.9263797,-0.95241725","0.09428835,-0.12737244,-0.102318786,-0.38685444,-0.112013265,0.88579977,0.012807018,-0.074093565,-0.29193363",0.0
"0.09428835,-0.12737244,-0.102318786,-0.38685444,-0.112013265,0.88579977,0.012807018,-0.074093565,-0.29193363","0.9497421,-0.96660316,-0.9538127","0.18498182,-0.26027542,-0.20478748,-0.6050241,-0.39045176,0.5813144,0.012807018,-0.074093565,-0.29193363",0.0
"0.18498182,-0.26027542,-0.20478748,-0.6050241,-0.39045176,0.5813144,0.012807018,-0.074093565,-0.29193363","0.9615822,-0.723633,-0.97316206","0.27680597,-0.35977125,-0.30933487,-0.5513279,-0.644016,0.22927567,0.012807018,-0.074093565,-0.29193363",0.0
"0.27680597,-0.35977125,-0.30933487,-0.5513279,-0.644016,0.22927567,0.012807018,-0.074093565,-0.29193363","0.03298819,-0.57684946,-0.9716691","0.2799561,-0.43908513,-0.4137219,-0.5351665,-0.6376454,-0.08885833,0.012807018,-0.074093565,-0.29193363",0.0
"0.2799561,-0.43908513,-0.4137219,-0.5351665,-0.6376454,-0.08885833,0.012807018,-0.074093565,-0.29193363","0.8097563,0.029703379,-0.99220127","0.35728192,-0.4350011,-0.5203147,-0.32541505,-0.66313523,-0.20920841,0.012807018,-0.074093565,-0.29193363",0.0
"0.35728192,-0.4350011,-0.5203147,-0.32541505,-0.66313523,-0.20920841,0.012807018,-0.074093565,-0.29193363","0.33083582,-0.8710265,-0.987846","0.38887435,-0.5547628,-0.6264396,-0.19453964,-0.5174965,-0.47293198,0.012807018,-0.074093565,-0.29193363",0.0
"0.38887435,-0.5547628,-0.6264396,-0.19453964,-0.5174965,-0.47293198,0.012807018,-0.074093565,-0.29193363","0.56611943,-0.7683227,-0.9186785","0.44293463,-0.66040325,-0.7251337,-0.06466163,-0.3243475,-0.57627046,0.012807018,-0.074093565,-0.29193363",0.0
"0.44293463,-0.66040325,-0.7251337,-0.06466163,-0.3243475,-0.57627046,0.012807018,-0.074093565,-0.29193363","-0.2595417,-0.8449825,-0.8964426","0.4181503,-0.776584,-0.821439,-0.035056002,-0.1105491,-0.5563891,0.012807018,-0.074093565,-0.29193363",0.0
"0.4181503,-0.776584,-0.821439,-0.035056002,-0.1105491,-0.5563891,0.012807018,-0.074093565,-0.29193363","0.78751004,0.2435621,-0.9611192","0.4933518,-0.7430956,-0.92469263,-0.006975528,-0.05672842,-0.41819292,0.012807018,-0.074093565,-0.29193363",0.0
"0.4933518,-0.7430956,-0.92469263,-0.006975528,-0.05672842,-0.41819292,0.012807018,-0.074093565,-0.29193363","0.80512214,0.730528,-0.9095361","0.57023513,-0.6426518,-1.0,0.0058771055,-0.052653246,-0.30188844,0.012807018,-0.074093565,-0.29193363",0.0
"0.57023513,-0.6426518,-1.0,0.0058771055,-0.052653246,-0.30188844,0.012807018,-0.074093565,-0.29193363","0.5822073,0.41868734,-0.769646","0.6258317,-0.5850845,-1.0,0.022714693,-0.06946857,-0.29306382,0.012807018,-0.074093565,-0.29193363",0.0
"0.0,0.0,0.0,2.8652207e-07,0.005789075,0.993462,-0.22304094,-0.114093564,0.09418851","-0.12955272,-0.78063995,-0.9765582","-0.012371349,-0.10733397,-0.104912266,-0.36570972,0.02001411,0.90249413,-0.22304094,-0.114093564,0.09418851",0.0
"-0.012371349,-0.10733397,-0.104912266,-0.36570972,0.02001411,0.90249413,-0.22304094,-0.114093564,0.09418851","0.2864678,0.883266,-0.99270034","0.01498425,0.014110558,-0.21155871,-0.2503724,-0.0059993295,0.9078218,-0.22304094,-0.114093564,0.09418851",0.0
"0.01498425,0.014110558,-0.21155871,-0.2503724,-0.0059993295,0.9078218,-0.22304094,-0.114093564,0.09418851","0.38340652,0.81310654,-0.97313386","0.0515968,0.12590854,-0.31610313,-0.15050809,-0.018746754,0.8725727,-0.22304094,-0.114093564,0.09418851",0.0
"0.0515968,0.12590854,-0.31610313,-0.15050809,-0.018746754,0.8725727,-0.22304094,-0.114093564,0.09418851","0.119467854,0.76476455,-0.94900787","0.06300513,0.23105974,-0.41805574,-0.0689306,-0.007920481,0.8062162,-0.22304094,-0.114093564,0.09418851",0.0
"0.06300513,0.23105974,-0.41805574,-0.0689306,-0.007920481,0.8062162,-0.22304094,-0.114093564,0.09418851","0.22500277,-0.26557076,-0.9825035","0.08449126,0.19454516,-0.5236068,-0.22066797,-0.053989943,0.66953206,-0.22304094,-0.114093564,0.09418851",0.0
"0.08449126,0.19454516,-0.5236068,-0.22066797,-0.053989943,0.66953206,-0.22304094,-0.114093564,0.09418851","-0.17570865,0.1929605,-0.98232615","0.067712374,0.22107626,-0.6291387,-0.24459697,-0.046908397,0.53465605,-0.22304094,-0.114093564,0.09418851",0.0
"0.067712374,0.22107626,-0.6291387,-0.24459697,-0.046908397,0.53465605,-0.22304094,-0.114093564,0.09418851","0.018306375,-0.04568082,-0.96857655","0.06946051,0.21479541,-0.73319364,-0.27146843,-0.05426771,0.37044922,-0.22304094,-0.114093564,0.09418851",0.0
"0.06946051,0.21479541,-0.73319364,-0.27146843,-0.05426771,0.37044922,-0.22304094,-0.114093564,0.09418851","0.23794413,-0.15444309,-0.95568836","0.09218246,0.1935603,-0.8358639,-0.25912595,-0.07117273,0.1989882,-0.22304094,-0.114093564,0.09418851",0.0
"0.09218246,0.1935603,-0.8358639,-0.25912595,-0.07117273,0.1989882,-0.22304094,-0.114093564,0.09418851","0.37641263,-0.2147479,-0.6054683","0.12812714,0.16403359,-0.90090966,-0.22600298,-0.08993345,0.08983166,-0.22304094,-0.114093564,0.09418851",0.0
"0.12812714,0.16403359,-0.90090966,-0.22600298,-0.08993345,0.08983166,-0.22304094,-0.114093564,0.09418851","0.21903753,0.08524752,0.07829058","0.14904365,0.1757547,-0.89249897,-0.22077294,-0.105167836,0.10790948,-0.22304094,-0.114093564,0.09418851",0.0
"0.0,0.0,0.0,2.8652207e-07,0.005789075,0.993462,0.097543865,0.02736842,0.03855188","0.66919017,0.99125636,-0.9955575","0.06390282,0.13629267,-0.10695341,0.14009865,0.034417503,0.9692138,0.097543865,0.02736842,0.03855188",0.0
"0.06390282,0.13629267,-0.10695341,0.14009865,0.034417503,0.9692138,0.097543865,0.02736842,0.03855188","0.72207403,0.80521274,-0.99503416","0.13285567,0.24700531,-0.2138506,0.20289035,0.09630096,0.91420716,0.097543865,0.02736842,0.03855188",0.0
"0.13285567,0.24700531,-0.2138506,0.20289035,0.09630096,0.91420716,0.097543865,0.02736842,0.03855188","0.22184694,0.9264245,-0.99233776","0.15404044,0.37438396,-0.32045814,0.2816887,0.15460138,0.8174702,0.097543865,0.02736842,0.03855188",0.0
"0.15404044,0.37438396,-0.32045814,0.2816887,0.15460138,0.8174702,0.097543865,0.02736842,0.03855188","-0.60287887,0.7975066,-0.9860062","0.09646989,0.48403707,-0.4263855,0.34478408,0.1138805,0.70790726,0.097543865,0.02736842,0.03855188",0.0
"0.09646989,0.48403707,-0.4263855,0.34478408,0.1138805,0.70790726,0.097543865,0.02736842,0.03855188","-0.21803492,0.8136823,-0.9877982","0.075649135,0.5959143,-0.53250533,0.3711809,0.095870376,0.5789526,0.097543865,0.02736842,0.03855188",0.0
"0.075649135,0.5959143,-0.53250533,0.3711809,0.095870376,0.5789526,0.097543865,0.02736842,0.03855188","0.14909399,0.5769191,-0.98290217","0.08988653,0.6752377,-0.63809913,0.32486963,0.10028586,0.4683888,0.097543865,0.02736842,0.03855188",0.0
"0.08988653,0.6752377,-0.63809913,0.32486963,0.10028586,0.4683888,0.097543865,0.02736842,0.03855188","-0.32900304,0.8713639,-0.98717326","0.058469128,0.7950458,-0.7441517,0.3127872,0.06399812,0.3182465,0.097543865,0.02736842,0.03855188",0.0
"0.058469128,0.7950458,-0.7441517,0.3127872,0.06399812,0.3182465,0.097543865,0.02736842,0.03855188","0.58663416,0.71132016,-0.98063445","0.11448844,0.89284873,-0.8495019,0.23536265,0.094689384,0.18795943,0.097543865,0.02736842,0.03855188",0.0
"0.11448844,0.89284873,-0.8495019,0.23536265,0.094689384,0.18795943,0.097543865,0.02736842,0.03855188","-0.51828647,0.26749134,-0.90882385","0.06499583,0.9296276,-0.9471374,0.14984028,0.036940567,0.09405835,0.097543865,0.02736842,0.03855188",0.0
"0.06499583,0.9296276,-0.9471374,0.14984028,0.036940567,0.09405835,0.097543865,0.02736842,0.03855188","0.15571189,0.10587084,-0.74649775","0.07986518,0.94418436,-1.0,0.09721633,0.03089354,0.03802304,0.097543865,0.02736842,0.03855188",0.0
"0.0,0.0,0.0,2.8652207e-07,0.005789075,0.993462,0.43058482,-0.3425146,0.34138253","-0.12596452,0.9886422,0.729656","-0.012028691,0.13593322,0.078387395,0.39084217,-0.00898335,0.8967025,0.43058482,-0.3425146,0.34138253",0.0
"-0.012028691,0.13593322,0.078387395,0.39084217,-0.00898335,0.8967025,0.43058482,-0.3425146,0.34138253","-0.9191428,0.9165616,0.9776461","-0.099800155,0.26195574,0.18341652,0.67638296,-0.21321537,0.60828644,0.43058482,-0.3425146,0.34138253",0.0
"-0.099800155,0.26195574,0.18341652,0.67638296,-0.21321537,0.60828644,0.43058482,-0.3425146,0.34138253","-0.9061656,-0.08595407,0.9906421","-0.1863324,0.2501375,0.28984183,0.62409455,-0.40675873,0.4738303,0.43058482,-0.3425146,0.34138253",0.0
"-0.1863324,0.2501375,0.28984183,0.62409455,-0.40675873,0.4738303,0.43058482,-0.3425146,0.34138253","-0.006949544,-0.5255773,0.9669143","-0.18699603,0.17787337,0.3937181,0.57359326,-0.37499595,0.43986914,0.43058482,-0.3425146,0.34138253",0.0
"-0.18699603,0.17787337,0.3937181,0.57359326,-0.37499595,0.43986914,0.43058482,-0.3425146,0.34138253","-0.25057435,-0.5487284,0.8777845","-0.21092406,0.10242605,0.48801905,0.48404092,-0.370374,0.4120898,0.43058482,-0.3425146,0.34138253",0.0
"-0.21092406,0.10242605,0.48801905,0.48404092,-0.370374,0.4120898,0.43058482,-0.3425146,0.34138253","0.07405281,-0.29010653,0.5841341","-0.20385255,0.0625379,0.550773,0.45612636,-0.33268622,0.37148976,0.43058482,-0.3425146,0.34138253",0.0
"-0.20385255,0.0625379,0.550773,0.45612636,-0.33268622,0.37148976,0.43058482,-0.3425146,0.34138253","-0.08144671,-0.096660554,0.114675045","-0.21163012,0.04924758,0.56309265,0.43644327,-0.3347792,0.37043443,0.43058482,-0.3425146,0.34138253",0.0
"-0.21163012,0.04924758,0.56309265,0.43644327,-0.3347792,0.37043443,0.43058482,-0.3425146,0.34138253","-0.077527404,-0.028721511,0.013504624","-0.21903343,0.045298528,0.5645435,0.42545608,-0.34230325,0.37346178,0.43058482,-0.3425146,0.34138253",0.0
"-0.21903343,0.045298528,0.5645435,0.42545608,-0.34230325,0.37346178,0.43058482,-0.3425146,0.34138253","-0.067890584,0.08566809,0.117524266","-0.2255165,0.057077456,0.5771692,0.42486516,-0.35644007,0.33812043,0.43058482,-0.3425146,0.34138253",0.0
"0.0,0.0,0.0,2.8652207e-07,0.005789075,0.993462,-0.07497077,-0.0057894737,-0.29193363","-0.89902985,-0.9908367,-0.91156757","-0.085850835,-0.13623495,-0.09793028,-0.3983125,0.11611772,0.88064307,-0.07497077,-0.0057894737,-0.29193363",0.0
"-0.085850835,-0.13623495,-0.09793028,-0.3983125,0.11611772,0.88064307,-0.07497077,-0.0057894737,-0.29193363","-0.2119863,-0.7185666,-0.96498317","-0.10609399,-0.23503418,-0.20159905,-0.64298034,0.22873987,0.62895584,-0.07497077,-0.0057894737,-0.29193363",0.0
"-0.10609399,-0.23503418,-0.20159905,-0.64298034,0.22873987,0.62895584,-0.07497077,-0.0057894737,-0.29193363","-0.092879295,-0.6576861,-0.88842064","-0.11496329,-0.32546267,-0.2970426,-0.7668378,0.29585195,0.31836912,-0.07497077,-0.0057894737,-0.29193363",0.0
"-0.11496329,-0.32546267,-0.2970426,-0.7668378,0.29585195,0.31836912,-0.07497077,-0.0057894737,-0.29193363","0.7440798,-0.8835745,-0.9868432","-0.04390907,-0.44694966,-0.40305978,-0.8317027,0.12130676,-0.09059836,-0.07497077,-0.0057894737,-0.29193363",0.0
"-0.04390907,-0.44694966,-0.40305978,-0.8317027,0.12130676,-0.09059836,-0.07497077,-0.0057894737,-0.29193363","0.055604815,-0.7084604,-0.9391282","-0.03859921,-0.5443594,-0.5039509,-0.7122453,0.09262709,-0.3890257,-0.07497077,-0.0057894737,-0.29193363",0.0
"-0.03859921,-0.5443594,-0.5039509,-0.7122453,0.09262709,-0.3890257,-0.07497077,-0.0057894737,-0.29193363","0.119944096,0.037867904,-0.9178446","-0.027145425,-0.53915274,-0.60255545,-0.59297013,0.056501854,-0.44248605,-0.07497077,-0.0057894737,-0.29193363",0.0
"-0.027145425,-0.53915274,-0.60255545,-0.59297013,0.056501854,-0.44248605,-0.07497077,-0.0057894737,-0.29193363","0.14003468,0.20489275,-0.9112138","-0.013773132,-0.51098114,-0.70044774,-0.47829795,0.026503514,-0.43233028,-0.07497077,-0.0057894737,-0.29193363",0.0
"-0.013773132,-0.51098114,-0.70044774,-0.47829795,0.026503514,-0.43233028,-0.07497077,-0.0057894737,-0.29193363","-0.084435105,-0.64127266,-0.9862665","-0.021836074,-0.59915286,-0.8064029,-0.273279,0.024579551,-0.4850199,-0.07497077,-0.0057894737,-0.29193363",0.0
"-0.021836074,-0.59915286,-0.8064029,-0.273279,0.024579551,-0.4850199,-0.07497077,-0.0057894737,-0.29193363","0.09733546,-0.6509725,-0.8865653","-0.012541244,-0.6886583,-0.90164715,-0.10769114,0.01003922,-0.43696308,-0.07497077,-0.0057894737,-0.29193363",0.0
"-0.012541244,-0.6886583,-0.90164715,-0.10769114,0.01003922,-0.43696308,-0.07497077,-0.0057894737,-0.29193363","0.8482994,0.41305983,-0.79860854","0.06846519,-0.6318647,-0.98744214,-0.06553386,-0.008391135,-0.31707203,-0.07497077,-0.0057894737,-0.29193363",0.0
"0.06846519,-0.6318647,-0.98744214,-0.06553386,-0.008391135,-0.31707203,-0.07497077,-0.0057894737,-0.29193363","0.03515494,0.3697667,-0.66760135","0.071822226,-0.5810238,-1.0,-0.07365618,-0.010967354,-0.2923353,-0.07497077,-0.0057894737,-0.29193363",0.0
"0.0,0.0,0.0,2.8652207e-07,0.005789075,0.993462,0.012807018,-0.074093565,-0.29193363","0.9950483,-0.95490617,-0.87322336","0.09501988,-0.13129468,-0.09381093,-0.38430834,-0.11219822,0.8889678,0.012807018,-0.074093565,-0.29193363",0.0
"0.09501988,-0.13129468,-0.09381093,-0.38430834,-0.11219822,0.8889678,0.012807018,-0.074093565,-0.29193363","0.95362425,-0.88328606,-0.988863","0.18608409,-0.252742,-0.2000451,-0.5925918,-0.3852146,0.6011032,0.012807018,-0.074093565,-0.29193363",0.0
"0.18608409,-0.252742,-0.2000451,-0.5925918,-0.3852146,0.6011032,0.012807018,-0.074093565,-0.29193363","0.91908264,-0.55690956,-0.9608781","0.2738498,-0.32931423,-0.30327284,-0.5426299,-0.62183416,0.30090746,0.012807018,-0.074093565,-0.29193363",0.0
"0.2738498,-0.32931423,-0.30327284,-0.5426299,-0.62183416,0.30090746,0.012807018,-0.074093565,-0.29193363","0.5750543,-0.52264255,-0.97866815","0.32876334,-0.4011749,-0.40841174,-0.4305988,-0.71039367,-0.0046118195,0.012807018,-0.074093565,-0.29193363",0.0
"0.32876334,-0.4011749,-0.40841174,-0.4305988,-0.71039367,-0.0046118195,0.012807018,-0.074093565,-0.29193363","0.81660867,-0.6839938,-0.9372469","0.40674353,-0.4952206,-0.50910074,-0.217608,-0.70134205,-0.30638888,0.012807018,-0.074093565,-0.29193363",0.0
"0.40674353,-0.4952206,-0.50910074,-0.217608,-0.70134205,-0.30638888,0.012807018,-0.074093565,-0.29193363","0.28408003,-0.7803644,-0.97593147","0.43387112,-0.6025167,-0.61394566,-0.11584023,-0.52148813,-0.533435,0.012807018,-0.074093565,-0.29193363",0.0
"0.43387112,-0.6025167,-0.61394566,-0.11584023,-0.52148813,-0.533435,0.012807018,-0.074093565,-0.29193363","0.15685368,-0.8842009,-0.9923851","0.4488495,-0.7240898,-0.72055805,-0.049945906,-0.27195516,-0.62620926,0.012807018,-0.074093565,-0.29193363",0.0
"0.4488495,-0.7240898,-0.72055805,-0.049945906,-0.27195516,-0.62620926,0.012807018,-0.074093565,-0.29193363","0.03825426,-0.5602875,-0.85289705","0.4525025,-0.80112654,-0.8121852,-0.021012457,-0.10082899,-0.5738916,0.012807018,-0.074093565,-0.29193363",0.0
"0.4525025,-0.80112654,-0.8121852,-0.021012457,-0.10082899,-0.5738916,0.012807018,-0.074093565,-0.29193363","0.48114276,0.18716621,-0.9656621","0.49844813,-0.7753922,-0.9159268,-0.0059995903,-0.043113306,-0.4342406,0.012807018,-0.074093565,-0.29193363",0.0
"0.49844813,-0.7753922,-0.9159268,-0.0059995903,-0.043113306,-0.4342406,0.012807018,-0.074093565,-0.29193363","0.75623643,0.73251855,-0.42390156","0.5706632,-0.67467475,-0.96146685,0.009084005,-0.06653942,-0.35826313,0.012807018,-0.074093565,-0.29193363",0.0
"0.5706632,-0.67467475,-0.96146685,0.009084005,-0.06653942,-0.35826313,0.012807018,-0.074093565,-0.29193363","0.1379714,0.5812849,-0.8773117","0.58383846,-0.5947511,-1.0,0.01251504,-0.06864763,-0.29474282,0.012807018,-0.074093565,-0.29193363",0.0
"0.0,0.0,0.0,2.8652207e-07,0.005789075,0.993462,-0.070643276,0.018128654,0.2237676","0.12755203,-0.3881607,-0.98668665","0.012180289,-0.053370096,-0.10600038,-0.25787482,-0.004079067,0.9428445,-0.070643276,0.018128654,0.2237676",0.0
"0.012180289,-0.053370096,-0.10600038,-0.25787482,-0.004079067,0.9428445,-0.070643276,0.018128654,0.2237676","-0.20331758,0.95880663,-0.99876636","-0.007235051,0.0784609,-0.21329853,-0.12155995,0.00855407,0.9357872,-0.070643276,0.018128654,0.2237676",0.0
"-0.007235051,0.0784609,-0.21329853,-0.12155995,0.00855407,0.9357872,-0.070643276,0.018128654,0.2237676","0.20521843,0.54438853,-0.98639995","0.012361835,0.15331154,-0.31926817,-0.102254584,0.0018205374,0.87833434,-0.070643276,0.018128654,0.2237676",0.0
"0.012361835,0.15331154,-0.31926817,-0.102254584,0.0018205374,0.87833434,-0.070643276,0.018128654,0.2237676","-0.12338686,0.39096904,-0.97542495","0.00057929603,0.2070678,-0.42405877,-0.11859143,0.0055733384,0.79469895,-0.070643276,0.018128654,0.2237676",0.0
"0.00057929603,0.2070678,-0.42405877,-0.11859143,0.0055733384,0.79469895,-0.070643276,0.018128654,0.2237676","-0.054790914,0.59150815,-0.9865725","-0.00465283,0.28839716,-0.53004694,-0.085015155,0.007032416,0.6972086,-0.070643276,0.018128654,0.2237676",0.0
"-0.00465283,0.28839716,-0.53004694,-0.085015155,0.007032416,0.6972086,-0.070643276,0.018128654,0.2237676","-0.2704066,0.2654314,-0.9756143","-0.03047469,0.32489264,-0.6348579,-0.11437315,0.016799403,0.5727296,-0.070643276,0.018128654,0.2237676",0.0
"-0.03047469,0.32489264,-0.6348579,-0.11437315,0.016799403,0.5727296,-0.070643276,0.018128654,0.2237676","-0.17581677,0.2692188,-0.96089405","-0.047263913,0.36190885,-0.7380874,-0.12461321,0.024493983,0.4358452,-0.070643276,0.018128654,0.2237676",0.0
"-0.047263913,0.36190885,-0.7380874,-0.12461321,0.024493983,0.4358452,-0.070643276,0.018128654,0.2237676","0.035372972,0.09997535,-0.9174958","-0.043886043,0.37565497,-0.83665466,-0.1359866,0.024713205,0.28928545,-0.070643276,0.018128654,0.2237676",0.0
"-0.043886043,0.37565497,-0.83665466,-0.1359866,0.024713205,0.28928545,-0.070643276,0.018128654,0.2237676","0.11489093,0.23398829,-0.584695","-0.032914788,0.4078272,-0.8994689,-0.11419112,0.017670672,0.20125136,-0.070643276,0.018128654,0.2237676",0.0
"-0.032914788,0.4078272,-0.8994689,-0.11419112,0.017670672,0.20125136,-0.070643276,0.018128654,0.2237676","0.062311053,0.2756741,-0.10866594","-0.02696453,0.445731,-0.911143,-0.09085374,0.01352503,0.19259864,-0.070643276,0.018128654,0.2237676",0.0
"-0.02696453,0.445731,-0.911143,-0.09085374,0.01352503,0.19259864,-0.070643276,0.018128654,0.2237676","-0.00036293268,0.119096994,0.119561076","-0.026999183,0.46210626,-0.89829856,-0.07996641,0.012609301,0.21608214,-0.070643276,0.018128654,0.2237676",0.0
"0.0,0.0,0.0,2.8652207e-07,0.005789075,0.993462,5.8479534e-05,0.070643276,0.224356","-0.7799984,0.53183293,-0.9855128","-0.07448417,0.073124304,-0.10587429,0.011717871,0.0031582161,0.98127586,5.8479534e-05,0.070643276,0.224356",0.0
"-0.07448417,0.073124304,-0.10587429,0.011717871,0.0031582161,0.98127586,5.8479534e-05,0.070643276,0.224356","-0.6626489,0.21390843,-0.9473166","-0.13776232,0.10253564,-0.20764516,-0.056297764,0.03238696,0.94462067,5.8479534e-05,0.070643276,0.224356",0.0
"-0.13776232,0.10253564,-0.20764516,-0.056297764,0.03238696,0.94462067,5.8479534e-05,0.070643276,0.224356","-0.65428734,0.80909145,-0.9858553","-0.20024198,0.21378158,-0.31355628,0.022255821,-0.009035868,0.88830477,5.8479534e-05,0.070643276,0.224356",0.0
"-0.20024198,0.21378158,-0.31355628,0.022255821,-0.009035868,0.88830477,5.8479534e-05,0.070643276,0.224356","-0.3754936,0.3685993,-0.99188286","-0.23609889,0.2644621,-0.42011496,-0.0043089213,0.011799824,0.80759436,5.8479534e-05,0.070643276,0.224356",0.0
"-0.23609889,0.2644621,-0.42011496,-0.0043089213,0.011799824,0.80759436,5.8479534e-05,0.070643276,0.224356","-0.16033566,0.08696842,-0.92289895","-0.25140977,0.27641985,-0.5192627,-0.06229446,0.071072616,0.7072226,5.8479534e-05,0.070643276,0.224356",0.0
"-0.25140977,0.27641985,-0.5192627,-0.06229446,0.071072616,0.7072226,5.8479534e-05,0.070643276,0.224356","-0.57044244,0.81953204,-0.9407581","-0.3058829,0.38910133,-0.62032896,-0.0041320855,0.016022291,0.6018003,5.8479534e-05,0.070643276,0.224356",0.0
"-0.3058829,0.38910133,-0.62032896,-0.0041320855,0.016022291,0.6018003,5.8479534e-05,0.070643276,0.224356","-0.18739909,-0.4069333,-0.85373604","-0.32377812,0.33315015,-0.7120464,-0.07282586,0.12883513,0.46499705,5.8479534e-05,0.070643276,0.224356",0.0
"-0.32377812,0.33315015,-0.7120464,-0.07282586,0.12883513,0.46499705,5.8479534e-05,0.070643276,0.224356","-0.24288106,0.41583443,-0.92410076","-0.3469715,0.39032525,-0.81132317,-0.051321797,0.1109186,0.33325943,5.8479534e-05,0.070643276,0.224356",0.0
"-0.3469715,0.39032525,-0.81132317,-0.051321797,0.1109186,0.33325943,5.8479534e-05,0.070643276,0.224356","-0.22407055,0.40709233,-0.84900695","-0.36836863,0.4462984,-0.90253264,-0.031339306,0.08582196,0.20616417,5.8479534e-05,0.070643276,0.224356",0.0
"-0.36836863,0.4462984,-0.90253264,-0.031339306,0.08582196,0.20616417,5.8479534e-05,0.070643276,0.224356","-0.34828556,0.24013138,-0.108513","-0.40162736,0.47931525,-0.9141903,-0.016194219,0.069756955,0.19452262,5.8479534e-05,0.070643276,0.224356",0.0
"-0.40162736,0.47931525,-0.9141903,-0.016194219,0.069756955,0.19452262,5.8479534e-05,0.070643276,0.224356","-0.18242508,0.19871688,-0.01972121","-0.41904762,0.5066379,-0.91630906,-0.008222067,0.054641813,0.19543846,5.8479534e-05,0.070643276,0.224356",0.0
"-0.41904762,0.5066379,-0.91630906,-0.008222067,0.054641813,0.19543846,5.8479534e-05,0.070643276,0.224356","-0.082987964,0.064318776,0.14418936","-0.4269724,0.51548135,-0.9008188,-0.0048513063,0.046231378,0.22044055,5.8479534e-05,0.070643276,0.224356",0.0
"-0.4269724,0.51548135,-0.9008188,-0.0048513063,0.046231378,0.22044055,5.8479534e-05,0.070643276,0.224356","-0.0824312,-0.026573598,0.06238711","-0.43484396,0.51182765,-0.89411664,-0.0038537118,0.047045592,0.230309,5.8479534e-05,0.070643276,0.224356",0.0
"-0.43484396,0.51182765,-0.89411664,-0.0038537118,0.047045592,0.230309,5.8479534e-05,0.070643276,0.224356","-0.1812514,-0.0059520006,0.041671753","-0.45215216,0.51100934,-0.8896399,-0.0011929513,0.04653678,0.23707007,5.8479534e-05,0.070643276,0.224356",0.0
"-0.45215216,0.51100934,-0.8896399,-0.0011929513,0.04653678,0.23707007,5.8479534e-05,0.070643276,0.224356","-0.12803298,-0.091655195,-0.06893915","-0.4643784,0.49840727,-0.8970462,-0.00056620874,0.056880984,0.22410996,5.8479534e-05,0.070643276,0.224356",0.0
"0.0,0.0,0.0,2.8652207e-07,0.005789075,0.993462,-0.033625733,-0.017660819,-0.30644754","0.48026085,-0.87046665,-0.950052","0.04586142,-0.11968469,-0.10206469,-0.38410246,-0.04987717,0.8934158,-0.033625733,-0.017660819,-0.30644754",0.0
"0.04586142,-0.11968469,-0.10206469,-0.38410246,-0.04987717,0.8934158,-0.033625733,-0.017660819,-0.30644754","0.82087886,-0.82759345,-0.9645578","0.1242494,-0.23347455,-0.20568776,-0.63369185,-0.25447524,0.62592417,-0.033625733,-0.017660819,-0.30644754",0.0
"0.1242494,-0.23347455,-0.20568776,-0.63369185,-0.25447524,0.62592417,-0.033625733,-0.017660819,-0.30644754","0.46915495,-0.9076658,-0.90520537","0.16905029,-0.35827395,-0.30293453,-0.73354065,-0.42415246,0.24233894,-0.033625733,-0.017660819,-0.30644754",0.0
"0.16905029,-0.35827395,-0.30293453,-0.73354065,-0.42415246,0.24233894,-0.033625733,-0.017660819,-0.30644754","0.44803667,-0.91506976,-0.972453","0.21183454,-0.4840914,-0.4074058,-0.66133267,-0.5117555,-0.17228495,-0.033625733,-0.017660819,-0.30644754",0.0
"0.21183454,-0.4840914,-0.4074058,-0.66133267,-0.5117555,-0.17228495,-0.033625733,-0.017660819,-0.30644754","0.7038667,-0.97798747,-0.98828965","0.2790487,-0.61855966,-0.5135783,-0.42488742,-0.50143844,-0.5203601,-0.033625733,-0.017660819,-0.30644754",0.0
"0.2790487,-0.61855966,-0.5135783,-0.42488742,-0.50143844,-0.5203601,-0.033625733,-0.017660819,-0.30644754","-0.69608116,-0.8238034,-0.98580927","0.212578,-0.73182845,-0.61948436,-0.31919464,-0.24438651,-0.6817471,-0.033625733,-0.017660819,-0.30644754",0.0
"0.212578,-0.73182845,-0.61948436,-0.31919464,-0.24438651,-0.6817471,-0.033625733,-0.017660819,-0.30644754","-0.8382089,-0.60150707,-0.99379003","0.13253514,-0.81453264,-0.7262477,-0.1629838,-0.065745726,-0.6715225,-0.033625733,-0.017660819,-0.30644754",0.0
"0.13253514,-0.81453264,-0.7262477,-0.1629838,-0.065745726,-0.6715225,-0.033625733,-0.017660819,-0.30644754","0.5472727,-0.17719358,-0.98952997","0.18479571,-0.83889586,-0.8325535,-0.047658004,-0.024337757,-0.5553135,-0.033625733,-0.017660819,-0.30644754",0.0
"0.18479571,-0.83889586,-0.8325535,-0.047658004,-0.024337757,-0.5553135,-0.033625733,-0.017660819,-0.30644754","-0.06327587,0.28511,-0.8961789","0.17875332,-0.7996948,-0.92883044,-0.021033801,-0.0063931863,-0.41773772,-0.033625733,-0.017660819,-0.30644754",0.0
"0.17875332,-0.7996948,-0.92883044,-0.021033801,-0.0063931863,-0.41773772,-0.033625733,-0.017660819,-0.30644754","0.6489067,0.5700017,-0.5430336","0.24071918,-0.72132254,-0.98716885,-0.025914833,-0.016487285,-0.32795775,-0.033625733,-0.017660819,-0.30644754",0.0
"0.24071918,-0.72132254,-0.98716885,-0.025914833,-0.016487285,-0.32795775,-0.033625733,-0.017660819,-0.30644754","0.20539439,0.37286735,0.22817636","0.26033285,-0.67005527,-0.9626558,-0.050846376,-0.045792893,-0.35592848,-0.033625733,-0.017660819,-0.30644754",0.0
"0.26033285,-0.67005527,-0.9626558,-0.050846376,-0.045792893,-0.35592848,-0.033625733,-0.017660819,-0.30644754","-0.4743567,-0.20462543,-0.7662663","0.21503526,-0.6981903,-1.0,-0.028895387,-0.015735935,-0.3076567,-0.033625733,-0.017660819,-0.30644754",0.0
"0.0,0.0,0.0,2.8652207e-07,0.005789075,0.993462,0.06701755,-0.7390058,0.1668234","0.65690064,-0.98909324,-0.98262376","0.06272924,-0.13599524,-0.105563894,-0.41623583,-0.077202864,0.874347,0.06701755,-0.7390058,0.1668234",0.0
"0.06272924,-0.13599524,-0.105563894,-0.41623583,-0.077202864,0.874347,0.06701755,-0.7390058,0.1668234","0.95831525,-0.7955416,-0.87648034","0.15424138,-0.24537814,-0.19972473,-0.61869377,-0.3191543,0.61414945,0.06701755,-0.7390058,0.1668234",0.0
"0.15424138,-0.24537814,-0.19972473,-0.61869377,-0.3191543,0.61414945,0.06701755,-0.7390058,0.1668234","0.9867101,-0.24132907,-0.98004836","0.24846505,-0.27855965,-0.30501196,-0.55762714,-0.5441284,0.3976099,0.06701755,-0.7390058,0.1668234",0.0
"0.24846505,-0.27855965,-0.30501196,-0.55762714,-0.5441284,0.3976099,0.06701755,-0.7390058,0.1668234","0.90557325,0.56538916,-0.89109254","0.33494073,-0.20082158,-0.40074262,-0.35672665,-0.6134603,0.3898647,0.06701755,-0.7390058,0.1668234",0.0
"0.33494073,-0.20082158,-0.40074262,-0.35672665,-0.6134603,0.3898647,0.06701755,-0.7390058,0.1668234","0.76882863,-0.5767515,-0.9244975","0.4083583,-0.28012198,-0.5000619,-0.21470462,-0.7046574,0.09798188,0.06701755,-0.7390058,0.1668234",0.0
"0.4083583,-0.28012198,-0.5000619,-0.21470462,-0.7046574,0.09798188,0.06701755,-0.7390058,0.1668234","0.25994694,0.14372325,-0.27328682","0.43318135,-0.26036078,-0.5294213,-0.15368195,-0.69354945,0.09172267,0.06701755,-0.7390058,0.1668234",0.0
"0.43318135,-0.26036078,-0.5294213,-0.15368195,-0.69354945,0.09172267,0.06701755,-0.7390058,0.1668234","0.39512086,0.15893793,0.27991343","0.47091252,-0.23850766,-0.4993501,-0.07113742,-0.7128885,0.17280906,0.06701755,-0.7390058,0.1668234",0.0
"0.47091252,-0.23850766,-0.4993501,-0.07113742,-0.7128885,0.17280906,0.06701755,-0.7390058,0.1668234","0.32001328,0.07979715,-0.16844022","0.50147146,-0.227536,-0.5174458,-0.0025441332,-0.7014412,0.16532075,0.06701755,-0.7390058,0.1668234",0.0
"0.50147146,-0.227536,-0.5174458,-0.0025441332,-0.7014412,0.16532075,0.06701755,-0.7390058,0.1668234","0.3753904,-0.09478992,0.08454418","0.5373185,-0.24056914,-0.50836325,0.0776679,-0.7089035,0.15604249,0.06701755,-0.7390058,0.1668234",0.0
"0.5373185,-0.24056914,-0.50836325,0.0776679,-0.7089035,0.15604249,0.06701755,-0.7390058,0.1668234","0.01782298,-0.26204753,0.07931411","0.5390205,-0.27659935,-0.4998425,0.08416191,-0.73042953,0.10461689,0.06701755,-0.7390058,0.1668234",0.0
"0.5390205,-0.27659935,-0.4998425,0.08416191,-0.73042953,0.10461689,0.06701755,-0.7390058,0.1668234","-0.0794009,0.04803884,0.26188803","0.5314383,-0.2699943,-0.47170767,0.067868106,-0.74360406,0.15729679,0.06701755,-0.7390058,0.1668234",0.0
"0.0,0.0,0.0,2.8652207e-07,0.005789075,0.993462,-0.18789475,-0.070643276,0.1523095","-0.13334113,-0.48061132,-0.98828536","-0.012733114,-0.066081576,-0.10617213,-0.28381485,0.017152963,0.9343284,-0.18789475,-0.070643276,0.1523095",0.0
"-0.012733114,-0.066081576,-0.10617213,-0.28381485,0.017152963,0.9343284,-0.18789475,-0.070643276,0.1523095","0.41185963,0.78608227,-0.91509503","0.0265965,0.0420007,-0.20448141,-0.18522653,-0.0097033605,0.928138,-0.18789475,-0.070643276,0.1523095",0.0
"0.0265965,0.0420007,-0.20448141,-0.18522653,-0.0097033605,0.928138,-0.18789475,-0.070643276,0.1523095","-0.4821692,0.35062313,-0.99360245","-0.01944715,0.0902096,-0.31122482,-0.21399026,0.018890053,0.8611678,-0.18789475,-0.070643276,0.1523095",0.0
"-0.01944715,0.0902096,-0.31122482,-0.21399026,0.018890053,0.8611678,-0.18789475,-0.070643276,0.1523095","-0.17372322,0.50644386,-0.96721166","-0.036036443,0.15984306,-0.41513303,-0.19155376,0.027605668,0.7864371,-0.18789475,-0.070643276,0.1523095",0.0
"-0.036036443,0.15984306,-0.41513303,-0.19155376,0.027605668,0.7864371,-0.18789475,-0.070643276,0.1523095","-0.10422701,0.33928275,-0.96466804","-0.045989357,0.2064927,-0.518768,-0.20207267,0.035250396,0.6822578,-0.18789475,-0.070643276,0.1523095",0.0
"-0.045989357,0.2064927,-0.518768,-0.20207267,0.035250396,0.6822578,-0.18789475,-0.070643276,0.1523095","0.4743322,0.25414646,-0.9869698","-0.0006940662,0.24143657,-0.6247989,-0.22074462,0.006270628,0.55274475,-0.18789475,-0.070643276,0.1523095",0.0
"-0.0006940662,0.24143657,-0.6247989,-0.22074462,0.006270628,0.55274475,-0.18789475,-0.070643276,0.1523095","0.36096025,-0.06790626,-0.9696501","0.033775024,0.23209985,-0.7289691,-0.25903177,-0.021766746,0.38837138,-0.18789475,-0.070643276,0.1523095",0.0
"0.033775024,0.23209985,-0.7289691,-0.25903177,-0.021766746,0.38837138,-0.18789475,-0.070643276,0.1523095","0.18508339,0.04832542,-0.9459196","0.051449154,0.23874438,-0.8305899,-0.23895405,-0.033096895,0.2350178,-0.18789475,-0.070643276,0.1523095",0.0
"0.051449154,0.23874438,-0.8305899,-0.23895405,-0.033096895,0.2350178,-0.18789475,-0.070643276,0.1523095","0.33982134,0.13801062,-0.54678667","0.08389964,0.25772014,-0.88933164,-0.20055817,-0.048125774,0.15756217,-0.18789475,-0.070643276,0.1523095",0.0
"0.08389964,0.25772014,-0.88933164,-0.20055817,-0.048125774,0.15756217,-0.18789475,-0.070643276,0.1523095","0.21767259,-0.08893627,-0.059217274","0.1046858,0.24549189,-0.8956935,-0.19997911,-0.06213061,0.14211506,-0.18789475,-0.070643276,0.1523095",0.0
"0.0,0.0,0.0,2.8652207e-07,0.005789075,0.993462,0.083450295,0.022514619,0.049404614","0.6077688,0.9539046,-0.97145087","0.058037523,0.131157,-0.10436363,0.1335396,0.030508524,0.9709875,0.083450295,0.022514619,0.049404614",0.0
"0.058037523,0.131157,-0.10436363,0.1335396,0.030508524,0.9709875,0.083450295,0.022514619,0.049404614","0.2692907,0.91353726,-0.9963936","0.08375283,0.25676373,-0.21140686,0.2375016,0.069969624,0.9087572,0.083450295,0.022514619,0.049404614",0.0
"0.08375283,0.25676373,-0.21140686,0.2375016,0.069969624,0.9087572,0.083450295,0.022514619,0.049404614","0.052793264,0.3817184,-0.9953714","0.08879422,0.3092481,-0.3183403,0.19298755,0.061298143,0.8596252,0.083450295,0.022514619,0.049404614",0.0
"0.08879422,0.3092481,-0.3183403,0.19298755,0.061298143,0.8596252,0.083450295,0.022514619,0.049404614","0.48806238,0.8271048,-0.998345","0.13540064,0.4229708,-0.42559323,0.2369638,0.11370844,0.7548337,0.083450295,0.022514619,0.049404614",0.0
"0.13540064,0.4229708,-0.42559323,0.2369638,0.11370844,0.7548337,0.083450295,0.022514619,0.049404614","-0.4373895,0.77592456,-0.96355927","0.09363311,0.5296565,-0.529109,0.2796971,0.09078225,0.63512045,0.083450295,0.022514619,0.049404614",0.0
"0.09363311,0.5296565,-0.529109,0.2796971,0.09078225,0.63512045,0.083450295,0.022514619,0.049404614","-0.21284682,0.77530026,-0.99800956","0.07330778,0.63625634,-0.63632584,0.28730324,0.07330817,0.49960995,0.083450295,0.022514619,0.049404614",0.0
"0.07330778,0.63625634,-0.63632584,0.28730324,0.07330817,0.49960995,0.083450295,0.022514619,0.049404614","-0.00037932396,0.59408665,-0.97449476","0.07327156,0.7179403,-0.74101645,0.24520114,0.06340724,0.37422073,0.083450295,0.022514619,0.049404614",0.0
"0.07327156,0.7179403,-0.74101645,0.24520114,0.06340724,0.37422073,0.083450295,0.022514619,0.049404614","0.03662193,0.732159,-0.9939741","0.07676869,0.8186084,-0.8477997,0.20075291,0.055339817,0.23114903,0.083450295,0.022514619,0.049404614",0.0
"0.07676869,0.8186084,-0.8477997,0.20075291,0.055339817,0.23114903,0.083450295,0.022514619,0.049404614","-0.106165886,0.8194512,-0.9791036","0.06663061,0.9312789,-0.9529854,0.14382066,0.03647153,0.08812372,0.083450295,0.022514619,0.049404614",0.0
"0.06663061,0.9312789,-0.9529854,0.14382066,0.03647153,0.08812372,0.083450295,0.022514619,0.049404614","0.2780614,-0.41101706,-0.39219916","0.09318346,0.87476623,-0.99511963,0.07873751,0.029778471,0.059273344,0.083450295,0.022514619,0.049404614",0.0
"0.0,0.0,0.0,2.8652207e-07,0.005789075,0.993462,-0.25994152,-0.27385965,0.15361705","0.9606378,-0.9125784,-0.9843972","0.09173393,-0.12547484,-0.105754405,-0.3880595,-0.10899967,0.88478714,-0.25994152,-0.27385965,0.15361705",0.0
"0.09173393,-0.12547484,-0.105754405,-0.3880595,-0.10899967,0.88478714,-0.25994152,-0.27385965,0.15361705","0.4221667,0.7184851,-0.99637645","0.13204779,-0.02668683,-0.21279578,-0.3064741,-0.12864512,0.8777069,-0.25994152,-0.27385965,0.15361705",0.0
"0.13204779,-0.02668683,-0.21279578,-0.3064741,-0.12864512,0.8777069,-0.25994152,-0.27385965,0.15361705","0.46625328,0.58854985,-0.96719646","0.1765716,0.05423576,-0.31670234,-0.24812566,-0.14693207,0.8334479,-0.25994152,-0.27385965,0.15361705",0.0
"0.1765716,0.05423576,-0.31670234,-0.24812566,-0.14693207,0.8334479,-0.25994152,-0.27385965,0.15361705","0.29708123,-0.22676772,-0.9942796","0.20494069,0.023056379,-0.42351848,-0.3456769,-0.2522034,0.6710783,-0.25994152,-0.27385965,0.15361705",0.0
"0.20494069,0.023056379,-0.42351848,-0.3456769,-0.2522034,0.6710783,-0.25994152,-0.27385965,0.15361705","-0.29119658,-0.16260463,-0.98786104","0.17713355,0.0006990818,-0.5296451,-0.4251308,-0.25763923,0.48655057,-0.25994152,-0.27385965,0.15361705",0.0
"0.17713355,0.0006990818,-0.5296451,-0.4251308,-0.25763923,0.48655057,-0.25994152,-0.27385965,0.15361705","0.34842014,0.2691909,-0.9936506","0.21040514,0.03771144,-0.6363936,-0.36314794,-0.2750943,0.36344734,-0.25994152,-0.27385965,0.15361705",0.0
"0.21040514,0.03771144,-0.6363936,-0.36314794,-0.2750943,0.36344734,-0.25994152,-0.27385965,0.15361705","-0.0065989494,-0.055526495,-0.91208017","0.20977497,0.030076832,-0.734379,-0.33977172,-0.25584742,0.20825759,-0.25994152,-0.27385965,0.15361705",0.0
"0.20977497,0.030076832,-0.734379,-0.33977172,-0.25584742,0.20825759,-0.25994152,-0.27385965,0.15361705","0.14809215,0.15831375,-0.42112505","0.2239167,0.051844154,-0.7796208,-0.29707393,-0.24439082,0.16631351,-0.25994152,-0.27385965,0.15361705",0.0
"0.2239167,0.051844154,-0.7796208,-0.29707393,-0.24439082,0.16631351,-0.25994152,-0.27385965,0.15361705","0.15516484,-0.006136298,0.08942151","0.23873381,0.051000442,-0.77001435,-0.2902679,-0.26250342,0.17881083,-0.25994152,-0.27385965,0.15361705",0.0
"0.23873381,0.051000442,-0.77001435,-0.2902679,-0.26250342,0.17881083,-0.25994152,-0.27385965,0.15361705","0.051770687,0.05219543,-0.06755531","0.24367753,0.058177046,-0.77727187,-0.27986363,-0.26093233,0.17548661,-0.25994152,-0.27385965,0.15361705",0.0
"0.24367753,0.058177046,-0.77727187,-0.27986363,-0.26093233,0.17548661,-0.25994152,-0.27385965,0.15361705","0.21064043,0.083596945,0.006617546","0.26379216,0.0696712,-0.776561,-0.25858706,-0.2734608,0.18712118,-0.25994152,-0.27385965,0.15361705",0.0
"0.26379216,0.0696712,-0.776561,-0.25858706,-0.2734608,0.18712118,-0.25994152,-0.27385965,0.15361705","0.049830556,-0.053142667,-0.10787004","0.2685506,0.062364355,-0.78814965,-0.25238445,-0.27495128,0.16431303,-0.25994152,-0.27385965,0.15361705",0.0
"0.0,0.0,0.0,2.8652207e-07,0.005789075,0.993462,-0.08403509,0.099883035,0.008674155","-0.9710363,-0.4483286,-0.9915054","-0.09272692,-0.06164287,-0.10651806,-0.2623094,0.084694766,0.9371311,-0.08403509,0.099883035,0.008674155",0.0
"-0.09272692,-0.06164287,-0.10651806,-0.2623094,0.084694766,0.9371311,-0.08403509,0.099883035,0.008674155","-0.79569733,0.65021944,-0.9958722","-0.16871025,0.027758969,-0.21350528,-0.19145027,0.11888859,0.9141576,-0.08403509,0.099883035,0.008674155",0.0
"-0.16871025,0.027758969,-0.21350528,-0.19145027,0.11888859,0.9141576,-0.08403509,0.099883035,0.008674155","-0.8946348,0.87043834,-0.9876051","-0.25414136,0.14743978,-0.31960437,-0.07534573,0.08562827,0.87650675,-0.08403509,0.099883035,0.008674155",0.0
"-0.25414136,0.14743978,-0.31960437,-0.07534573,0.08562827,0.87650675,-0.08403509,0.099883035,0.008674155","-0.5788051,-0.21877348,-0.98506063","-0.30941305,0.11735958,-0.42543015,-0.1509046,0.2314436,0.7497725,-0.08403509,0.099883035,0.008674155",0.0
"-0.30941305,0.11735958,-0.42543015,-0.1509046,0.2314436,0.7497725,-0.08403509,0.099883035,0.008674155","0.47483706,0.78764236,-0.9969996","-0.26406953,0.22565638,-0.53253853,-0.12112442,0.14090976,0.6733436,-0.08403509,0.099883035,0.008674155",0.0
"-0.26406953,0.22565638,-0.53253853,-0.12112442,0.14090976,0.6733436,-0.08403509,0.099883035,0.008674155","0.06704581,0.4220624,-0.94938475","-0.25766715,0.2836878,-0.6345316,-0.113276035,0.12726085,0.5588168,-0.08403509,0.099883035,0.008674155",0.0
"-0.25766715,0.2836878,-0.6345316,-0.113276035,0.12726085,0.5588168,-0.08403509,0.099883035,0.008674155","-0.4022029,-0.028001726,-0.9288242","-0.2960746,0.27983776,-0.7343158,-0.122320145,0.17375217,0.40756854,-0.08403509,0.099883035,0.008674155",0.0
"-0.2960746,0.27983776,-0.7343158,-0.122320145,0.17375217,0.40756854,-0.08403509,0.099883035,0.008674155","0.45584548,0.14804065,-0.9664351","-0.2525447,0.30019262,-0.83814067,-0.13314337,0.14354351,0.25616813,-0.08403509,0.099883035,0.008674155",0.0
"-0.2525447,0.30019262,-0.83814067,-0.13314337,0.14354351,0.25616813,-0.08403509,0.099883035,0.008674155","0.109357715,-0.19504213,-0.9532584","-0.2421018,0.27337536,-0.9405499,-0.119611606,0.12181037,0.091320515,-0.08403509,0.099883035,0.008674155",0.0
"-0.2421018,0.27337536,-0.9405499,-0.119611606,0.12181037,0.091320515,-0.08403509,0.099883035,0.008674155","0.18068898,0.26406407,-0.64913493","-0.22484732,0.30968282,-1.0,-0.08618874,0.08115136,0.022825638,-0.08403509,0.099883035,0.008674155",0.0
"-0.22484732,0.30968282,-1.0,-0.08618874,0.08115136,0.022825638,-0.08403509,0.099883035,0.008674155","-0.016740978,-0.28049743,-0.17756599","-0.22644593,0.2711159,-1.0,-0.0934805,0.08822073,0.011217218,-0.08403509,0.099883035,0.008674155",0.0
"0.0,0.0,0.0,2.8652207e-07,0.005789075,0.993462,0.5114035,0.1694152,0.10360293","0.29717803,0.9949604,-0.16827369","0.028378354,0.13680196,-0.018077772,0.26647398,0.029632403,0.95193166,0.5114035,0.1694152,0.10360293",0.0
"0.028378354,0.13680196,-0.018077772,0.26647398,0.029632403,0.95193166,0.5114035,0.1694152,0.10360293","0.546348,0.9775226,-0.67318094","0.08055063,0.27120632,-0.090398066,0.42653203,0.11628153,0.867659,0.5114035,0.1694152,0.10360293",0.0
"0.08055063,0.27120632,-0.090398066,0.42653203,0.11628153,0.867659,0.5114035,0.1694152,0.10360293","0.7028645,0.93694675,-0.78713876","0.14766909,0.40003172,-0.17496094,0.50361145,0.25844857,0.7552915,0.5114035,0.1694152,0.10360293",0.0
"0.14766909,0.40003172,-0.17496094,0.50361145,0.25844857,0.7552915,0.5114035,0.1694152,0.10360293","0.15657246,0.92450094,-0.82812846","0.16262062,0.5271459,-0.26392737,0.5657711,0.32376608,0.61955893,0.5114035,0.1694152,0.10360293",0.0
"0.16262062,0.5271459,-0.26392737,0.5657711,0.32376608,0.61955893,0.5114035,0.1694152,0.10360293","-0.5767152,0.88281024,-0.97117144","0.107548505,0.6485278,-0.36826095,0.6365351,0.2297808,0.4854605,0.5114035,0.1694152,0.10360293",0.0
"0.107548505,0.6485278,-0.36826095,0.6365351,0.2297808,0.4854605,0.5114035,0.1694152,0.10360293","0.19474113,0.84744596,-0.82184094","0.12614487,0.7650474,-0.45655185,0.6286205,0.26931214,0.3438116,0.5114035,0.1694152,0.10360293",0.0
"0.12614487,0.7650474,-0.45655185,0.6286205,0.26931214,0.3438116,0.5114035,0.1694152,0.10360293","0.14548206,0.7890496,-0.9394163","0.14003734,0.87353766,-0.557474,0.5745456,0.27684242,0.22555916,0.5114035,0.1694152,0.10360293",0.0
"0.14003734,0.87353766,-0.557474,0.5745456,0.27684242,0.22555916,0.5114035,0.1694152,0.10360293","-0.17563623,0.9542546,-0.8557245","0.1232666,0.9999812,-0.6493945,0.5393124,0.22621015,0.08654971,0.5114035,0.1694152,0.10360293",0.0
"0.1232666,0.9999812,-0.6493945,0.5393124,0.22621015,0.08654971,0.5114035,0.1694152,0.10360293","-0.33505058,0.17837405,-0.17907846","0.09127295,0.9999812,-0.6686235,0.5350284,0.16379897,0.096602745,0.5114035,0.1694152,0.10360293",0.0
"0.09127295,0.9999812,-0.6686235,0.5350284,0.16379897,0.096602745,0.5114035,0.1694152,0.10360293","-0.05386263,0.4943844,0.10648966","0.0861307,0.9999812,-0.65717316,0.55217546,0.15917674,0.09079869,0.5114035,0.1694152,0.10360293",0.0
"0.0861307,0.9999812,-0.65717316,0.55217546,0.15917674,0.09079869,0.5114035,0.1694152,0.10360293","0.22832894,0.18542278,-0.24285859","0.10793571,0.9999811,-0.6832548,0.5072907,0.18506752,0.103226654,0.5114035,0.1694152,0.10360293",0.0
"0.0,0.0,0.0,2.8652207e-07,0.005789075,0.993462,-0.0022807019,-0.0057894737,-0.7596475","-0.9990361,-0.99947083,-0.8694254","-0.0954007,-0.1374221,-0.09340292,-0.39176524,0.12712204,0.88323367,-0.0022807019,-0.0057894737,-0.7596475",0.0
"-0.0954007,-0.1374221,-0.09340292,-0.39176524,0.12712204,0.88323367,-0.0022807019,-0.0057894737,-0.7596475","-0.9996751,-0.95339376,-0.99420345","-0.19086242,-0.26850885,-0.20021082,-0.5982056,0.41592744,0.5732655,-0.0022807019,-0.0057894737,-0.7596475",0.0
"-0.19086242,-0.26850885,-0.20021082,-0.5982056,0.41592744,0.5732655,-0.0022807019,-0.0057894737,-0.7596475","-0.99923307,-0.9813571,-0.9751851","-0.28628194,-0.40344042,-0.30497554,-0.5394691,0.6882624,0.14424297,-0.0022807019,-0.0057894737,-0.7596475",0.0
"-0.28628194,-0.40344042,-0.30497554,-0.5394691,0.6882624,0.14424297,-0.0022807019,-0.0057894737,-0.7596475","-0.9620085,-0.3913676,-0.7303191","-0.37814677,-0.45725152,-0.3834342,-0.31382996,0.7948622,-0.085219294,-0.0022807019,-0.0057894737,-0.7596475",0.0
"-0.37814677,-0.45725152,-0.3834342,-0.31382996,0.7948622,-0.085219294,-0.0022807019,-0.0057894737,-0.7596475","0.5744009,0.31866074,0.09279895","-0.32329565,-0.41343734,-0.37346476,-0.44472286,0.72806233,0.020226805,-0.0022807019,-0.0057894737,-0.7596475",0.0
"-0.32329565,-0.41343734,-0.37346476,-0.44472286,0.72806233,0.020226805,-0.0022807019,-0.0057894737,-0.7596475","-0.89268064,-0.94512314,-0.2702756","-0.40854016,-0.54338694,-0.4025006,-0.22897622,0.7952974,-0.286815,-0.0022807019,-0.0057894737,-0.7596475",0.0
"-0.40854016,-0.54338694,-0.4025006,-0.22897622,0.7952974,-0.286815,-0.0022807019,-0.0057894737,-0.7596475","0.911886,-0.9478835,-0.50798184","-0.32146168,-0.6737161,-0.45707336,-0.35902837,0.58240914,-0.57824963,-0.0022807019,-0.0057894737,-0.7596475",0.0
"-0.32146168,-0.6737161,-0.45707336,-0.35902837,0.58240914,-0.57824963,-0.0022807019,-0.0057894737,-0.7596475","0.62506807,-0.99675596,0.096016526","-0.26177222,-0.81076497,-0.4467582,-0.367856,0.4046329,-0.7813673,-0.0022807019,-0.0057894737,-0.7596475",0.0
"-0.26177222,-0.81076497,-0.4467582,-0.367856,0.4046329,-0.7813673,-0.0022807019,-0.0057894737,-0.7596475","-0.043171406,0.9097302,-0.8917788","-0.26589477,-0.6856818,-0.54256254,-0.36994308,0.4174961,-0.63096535,-0.0022807019,-0.0057894737,-0.7596475",0.0
"-0.26589477,-0.6856818,-0.54256254,-0.36994308,0.4174961,-0.63096535,-0.0022807019,-0.0057894737,-0.7596475","-0.44474077,-0.7902519,-0.37441158","-0.3083643,-0.7943374,-0.5827858,-0.20987934,0.31566447,-0.75289875,-0.0022807019,-0.0057894737,-0.7596475",0.0
"-0.3083643,-0.7943374,-0.5827858,-0.20987934,0.31566447,-0.75289875,-0.0022807019,-0.0057894737,-0.7596475","0.93780196,-0.9919985,-0.27312118","-0.218811,-0.9307321,-0.6121273,-0.120819986,0.106684476,-0.8250118,-0.0022807019,-0.0057894737,-0.7596475",0.0
"-0.218811,-0.9307321,-0.6121273,-0.120819986,0.106684476,-0.8250118,-0.0022807019,-0.0057894737,-0.7596475","-0.7479641,-0.994461,-0.6050229","-0.29023895,-0.9999811,-0.6771344,0.002390667,0.0063685644,-0.7685757,-0.0022807019,-0.0057894737,-0.7596475",0.0
"0.0,0.0,0.0,2.8652207e-07,0.005789075,0.993462,-0.0059649125,-0.0017543859,-0.7596475","-0.99951166,-0.9995557,-0.9035495","-0.09544612,-0.13743377,-0.09706889,-0.39589706,0.1284611,0.88015425,-0.0059649125,-0.0017543859,-0.7596475",0.0
"-0.09544612,-0.13743377,-0.09706889,-0.39589706,0.1284611,0.88015425,-0.0059649125,-0.0017543859,-0.7596475","-0.9997748,-0.9974847,-0.9456941","-0.19091736,-0.2745828,-0.19866538,-0.604127,0.4201289,0.5646181,-0.0059649125,-0.0017543859,-0.7596475",0.0
"-0.19091736,-0.2745828,-0.19866538,-0.604127,0.4201289,0.5646181,-0.0059649125,-0.0017543859,-0.7596475","-0.999225,-0.9752846,0.010370731","-0.2863361,-0.40867943,-0.19755122,-0.5430802,0.6930475,0.30006465,-0.0059649125,-0.0017543859,-0.7596475",0.0
"-0.2863361,-0.40867943,-0.19755122,-0.5430802,0.6930475,0.30006465,-0.0059649125,-0.0017543859,-0.7596475","-0.9822565,-0.009863913,-0.98674184","-0.38013446,-0.4100357,-0.30355752,-0.31751794,0.8186999,0.13232794,-0.0059649125,-0.0017543859,-0.7596475",0.0
"-0.38013446,-0.4100357,-0.30355752,-0.31751794,0.8186999,0.13232794,-0.0059649125,-0.0017543859,-0.7596475","-0.4541248,-0.9402027,-0.5958394","-0.42350012,-0.5393088,-0.36756882,-0.19897872,0.83626693,-0.23623262,-0.0059649125,-0.0017543859,-0.7596475",0.0
"-0.42350012,-0.5393088,-0.36756882,-0.19897872,0.83626693,-0.23623262,-0.0059649125,-0.0017543859,-0.7596475","0.7119107,-0.9416288,-0.53599817","-0.3555178,-0.668778,-0.42515144,-0.31429663,0.6574173,-0.5482895,-0.0059649125,-0.0017543859,-0.7596475",0.0
"-0.3555178,-0.668778,-0.42515144,-0.31429663,0.6574173,-0.5482895,-0.0059649125,-0.0017543859,-0.7596475","0.86589146,-0.88434774,-0.73403746","-0.27283147,-0.7903713,-0.5040095,-0.31844074,0.376589,-0.761503,-0.0059649125,-0.0017543859,-0.7596475",0.0
"-0.27283147,-0.7903713,-0.5040095,-0.31844074,0.376589,-0.761503,-0.0059649125,-0.0017543859,-0.7596475","-0.18495649,0.8533056,-0.736012","-0.29049346,-0.67304623,-0.5830797,-0.30980715,0.4101487,-0.61997885,-0.0059649125,-0.0017543859,-0.7596475",0.0
"-0.29049346,-0.67304623,-0.5830797,-0.30980715,0.4101487,-0.61997885,-0.0059649125,-0.0017543859,-0.7596475","0.49288416,-0.97726256,-0.8282143","-0.24342659,-0.8074149,-0.6720552,-0.17411403,0.17509148,-0.71418804,-0.0059649125,-0.0017543859,-0.7596475",0.0
"-0.24342659,-0.8074149,-0.6720552,-0.17411403,0.17509148,-0.71418804,-0.0059649125,-0.0017543859,-0.7596475","0.010046959,-0.9716092,-0.47619265","-0.24246718,-0.94100606,-0.72321284,-0.022495426,0.029455917,-0.7078954,-0.0059649125,-0.0017543859,-0.7596475",0.0
"-0.24246718,-0.94100606,-0.72321284,-0.022495426,0.029455917,-0.7078954,-0.0059649125,-0.0017543859,-0.7596475","-0.49894655,-0.28444254,0.15338254","-0.29011294,-0.98011553,-0.7067348,0.002090755,0.0067531276,-0.7307881,-0.0059649125,-0.0017543859,-0.7596475",0.0
"-0.29011294,-0.98011553,-0.7067348,0.002090755,0.0067531276,-0.7307881,-0.0059649125,-0.0017543859,-0.7596475","0.94689965,-0.9383342,-0.31470776","-0.19969381,-0.99998087,-0.7405503,0.037992932,-0.02039629,-0.68435067,-0.0059649125,-0.0017543859,-0.7596475",0.0
"-0.19969381,-0.99998087,-0.7405503,0.037992932,-0.02039629,-0.68435067,-0.0059649125,-0.0017543859,-0.7596475","-0.71184707,-0.93822515,0.33270144","-0.26767293,-0.999981,-0.7048158,0.016502658,-0.009762021,-0.7329444,-0.0059649125,-0.0017543859,-0.7596475",0.0
"-0.26767293,-0.999981,-0.7048158,0.016502658,-0.009762021,-0.7329444,-0.0059649125,-0.0017543859,-0.7596475","0.52343297,-0.99660516,-0.68055856","-0.21769178,-0.9999808,-0.7779333,0.052912753,-0.035661463,-0.6308622,-0.0059649125,-0.0017543859,-0.7596475",0.0
"-0.21769178,-0.9999808,-0.7779333,0.052912753,-0.035661463,-0.6308622,-0.0059649125,-0.0017543859,-0.7596475","-0.11453217,-0.99998564,0.33677268","-0.22863166,-0.99998087,-0.7417598,0.03655164,-0.024257181,-0.6826541,-0.0059649125,-0.0017543859,-0.7596475",0.0
"-0.22863166,-0.99998087,-0.7417598,0.03655164,-0.024257181,-0.6826541,-0.0059649125,-0.0017543859,-0.7596475","0.03619528,-0.9868484,0.52318287","-0.2251781,-0.9999811,-0.6855626,0.006305257,0.0022262856,-0.75792235,-0.0059649125,-0.0017543859,-0.7596475",0.0
"0.0,0.0,0.0,2.8652207e-07,0.005789075,0.993462,-0.0049707606,-0.0034502924,-0.31108937","-0.99813277,-0.9816571,-0.94927645","-0.09531444,-0.13497281,-0.10198137,-0.39687243,0.12858202,0.87848485,-0.0049707606,-0.0034502924,-0.31108937",0.0
"-0.09531444,-0.13497281,-0.10198137,-0.39687243,0.12858202,0.87848485,-0.0049707606,-0.0034502924,-0.31108937","-0.98600703,-0.78335786,-0.8889066","-0.18947096,-0.2426805,-0.19747718,-0.5687481,0.39213315,0.62181854,-0.0049707606,-0.0034502924,-0.31108937",0.0
"-0.18947096,-0.2426805,-0.19747718,-0.5687481,0.39213315,0.62181854,-0.0049707606,-0.0034502924,-0.31108937","-0.7945935,-0.9772087,-0.9601945","-0.26534888,-0.37704167,-0.30063146,-0.57387877,0.6406896,0.20683661,-0.0049707606,-0.0034502924,-0.31108937",0.0
"-0.26534888,-0.37704167,-0.30063146,-0.57387877,0.6406896,0.20683661,-0.0049707606,-0.0034502924,-0.31108937","-0.9283477,-0.93692696,-0.98400414","-0.35399935,-0.5058644,-0.40634364,-0.36400837,0.7502394,-0.2153175,-0.0049707606,-0.0034502924,-0.31108937",0.0
"-0.35399935,-0.5058644,-0.40634364,-0.36400837,0.7502394,-0.2153175,-0.0049707606,-0.0034502924,-0.31108937","-0.9799598,-0.9232684,-0.98923284","-0.4475784,-0.63280904,-0.51261747,-0.100355536,0.63917756,-0.5425224,-0.0049707606,-0.0034502924,-0.31108937",0.0
"-0.4475784,-0.63280904,-0.51261747,-0.100355536,0.63917756,-0.5425224,-0.0049707606,-0.0034502924,-0.31108937","-0.97254884,-0.89949733,-0.9923553","-0.54044974,-0.75648534,-0.6192268,0.053221356,0.3708612,-0.70519096,-0.0049707606,-0.0034502924,-0.31108937",0.0
"-0.54044974,-0.75648534,-0.6192268,0.053221356,0.3708612,-0.70519096,-0.0049707606,-0.0034502924,-0.31108937","-0.9830372,-0.5869175,-0.99114174","-0.63432264,-0.83718354,-0.7257057,0.06735179,0.13588046,-0.6811007,-0.0049707606,-0.0034502924,-0.31108937",0.0
"-0.63432264,-0.83718354,-0.7257057,0.06735179,0.13588046,-0.6811007,-0.0049707606,-0.0034502924,-0.31108937","-0.99598426,-0.24891376,-0.9961517","-0.7294319,-0.8714079,-0.8327228,0.020998586,0.015131331,-0.55819523,-0.0049707606,-0.0034502924,-0.31108937",0.0
"-0.7294319,-0.8714079,-0.8327228,0.020998586,0.015131331,-0.55819523,-0.0049707606,-0.0034502924,-0.31108937","-0.99203306,0.65612984,-0.9936403","-0.82416385,-0.7811935,-0.9394701,0.025372736,0.008838824,-0.40123552,-0.0049707606,-0.0034502924,-0.31108937",0.0
"-0.82416385,-0.7811935,-0.9394701,0.025372736,0.008838824,-0.40123552,-0.0049707606,-0.0034502924,-0.31108937","-0.9896066,-0.05559832,-0.9613386","-0.91866404,-0.7888381,-0.99999994,-6.890698e-05,-0.006001935,-0.31107372,-0.0049707606,-0.0034502924,-0.31108937",0.0
"0.0,0.0,0.0,2.8652207e-07,0.005789075,0.993462,-0.035380118,-0.066315785,-0.29193363","0.8746426,-0.84951997,-0.93394476","0.083522014,-0.11680463,-0.10033427,-0.3680274,-0.09285259,0.8974997,-0.035380118,-0.066315785,-0.29193363",0.0
"0.083522014,-0.11680463,-0.10033427,-0.3680274,-0.09285259,0.8974997,-0.035380118,-0.066315785,-0.29193363","0.96247816,-0.9001308,-0.97089237","0.17543168,-0.240568,-0.20463787,-0.5929098,-0.3576485,0.6154793,-0.035380118,-0.066315785,-0.29193363",0.0
"0.17543168,-0.240568,-0.20463787,-0.5929098,-0.3576485,0.6154793,-0.035380118,-0.066315785,-0.29193363","0.76198936,-0.74604475,-0.9847543","0.24819614,-0.3431453,-0.31043065,-0.5984549,-0.58357054,0.2617118,-0.035380118,-0.066315785,-0.29193363",0.0
"0.24819614,-0.3431453,-0.31043065,-0.5984549,-0.58357054,0.2617118,-0.035380118,-0.066315785,-0.29193363","0.30163407,-0.7497976,-0.98972297","0.277,-0.4462387,-0.41675717,-0.5398054,-0.63115335,-0.10739498,-0.035380118,-0.066315785,-0.29193363",0.0
"0.277,-0.4462387,-0.41675717,-0.5398054,-0.63115335,-0.10739498,-0.035380118,-0.066315785,-0.29193363","-0.17403287,-0.6463841,-0.9697952","0.26038113,-0.5351132,-0.52094287,-0.48461068,-0.5088312,-0.38647726,-0.035380118,-0.066315785,-0.29193363",0.0
"0.26038113,-0.5351132,-0.52094287,-0.48461068,-0.5088312,-0.38647726,-0.035380118,-0.066315785,-0.29193363","-0.84419036,-0.42623222,-0.9874783","0.17976709,-0.59371805,-0.6270282,-0.44493324,-0.27505377,-0.52420664,-0.035380118,-0.066315785,-0.29193363",0.0
"0.17976709,-0.59371805,-0.6270282,-0.44493324,-0.27505377,-0.52420664,-0.035380118,-0.066315785,-0.29193363","0.851593,-0.29244113,-0.9776265","0.26108804,-0.6339272,-0.73205525,-0.23919925,-0.24798487,-0.5512159,-0.035380118,-0.066315785,-0.29193363",0.0
"0.26108804,-0.6339272,-0.73205525,-0.23919925,-0.24798487,-0.5512159,-0.035380118,-0.066315785,-0.29193363","0.9285259,-0.5847848,-0.94553524","0.34975553,-0.71433216,-0.83363473,-0.07570069,-0.13555671,-0.52215135,-0.035380118,-0.066315785,-0.29193363",0.0
"0.34975553,-0.71433216,-0.83363473,-0.07570069,-0.13555671,-0.52215135,-0.035380118,-0.066315785,-0.29193363","-0.45959818,-0.21869016,-0.97529316","0.30586725,-0.74440104,-0.9384111,-0.031744,-0.03532223,-0.39944774,-0.035380118,-0.066315785,-0.29193363",0.0
"0.30586725,-0.74440104,-0.9384111,-0.031744,-0.03532223,-0.39944774,-0.035380118,-0.066315785,-0.29193363","0.5749321,0.6497226,-0.90611035","0.36076906,-0.65506756,-1.0,-0.025655957,-0.04119813,-0.30341575,-0.035380118,-0.066315785,-0.29193363",0.0
"0.36076906,-0.65506756,-1.0,-0.025655957,-0.04119813,-0.30341575,-0.035380118,-0.066315785,-0.29193363","0.02420628,0.4036913,-0.44975483","0.3630806,-0.59956217,-1.0,-0.033565875,-0.05927767,-0.29554912,-0.035380118,-0.066315785,-0.29193363",0.0
"0.0,0.0,0.0,2.8652207e-07,0.005789075,0.993462,0.00076023396,0.006140351,-0.7596475","-0.99961543,-0.98526585,-0.93092406","-0.09545603,-0.13546899,-0.100009754,-0.39553332,0.12836239,0.87965983,0.00076023396,0.006140351,-0.7596475",0.0
"-0.09545603,-0.13546899,-0.100009754,-0.39553332,0.12836239,0.87965983,0.00076023396,0.006140351,-0.7596475","-0.99982125,-0.9851659,-0.96273905","-0.19093171,-0.27092424,-0.2034374,-0.60229933,0.41891906,0.5643566,0.00076023396,0.006140351,-0.7596475",0.0
"-0.19093171,-0.27092424,-0.2034374,-0.60229933,0.41891906,0.5643566,0.00076023396,0.006140351,-0.7596475","-0.9991493,-0.39882493,-0.842517","-0.28634322,-0.32576066,-0.29394954,-0.5067107,0.64728814,0.3225968,0.00076023396,0.006140351,-0.7596475",0.0
"-0.28634322,-0.32576066,-0.29394954,-0.5067107,0.64728814,0.3225968,0.00076023396,0.006140351,-0.7596475","-0.9803395,-0.82105505,-0.9443353","-0.3799585,-0.43865153,-0.39540008,-0.30579737,0.78779024,-0.06310533,0.00076023396,0.006140351,-0.7596475",0.0
"-0.3799585,-0.43865153,-0.39540008,-0.30579737,0.78779024,-0.06310533,0.00076023396,0.006140351,-0.7596475","-0.03114146,-0.6574709,-0.42270696","-0.3829323,-0.5290504,-0.4408117,-0.2804435,0.7439463,-0.30107972,0.00076023396,0.006140351,-0.7596475",0.0
"-0.3829323,-0.5290504,-0.4408117,-0.2804435,0.7439463,-0.30107972,0.00076023396,0.006140351,-0.7596475","0.86009955,0.4971485,-0.44965518","-0.300799,-0.46069515,-0.48911843,-0.44367427,0.6237862,-0.22298183,0.00076023396,0.006140351,-0.7596475",0.0
"-0.300799,-0.46069515,-0.48911843,-0.44367427,0.6237862,-0.22298183,0.00076023396,0.006140351,-0.7596475","-0.5145269,-0.820108,-0.21896559","-0.3499326,-0.5734558,-0.51264197,-0.3084859,0.6178721,-0.4455762,0.00076023396,0.006140351,-0.7596475",0.0
"-0.3499326,-0.5734558,-0.51264197,-0.3084859,0.6178721,-0.4455762,0.00076023396,0.006140351,-0.7596475","0.8490763,-0.99400777,0.57010233","-0.268852,-0.71012676,-0.45139554,-0.43181935,0.49497753,-0.6346787,0.00076023396,0.006140351,-0.7596475",0.0
"-0.268852,-0.71012676,-0.45139554,-0.43181935,0.49497753,-0.6346787,0.00076023396,0.006140351,-0.7596475","-0.42857516,-0.9903925,-0.9408877","-0.3097778,-0.84630066,-0.55247563,-0.19376342,0.29497764,-0.81028974,0.00076023396,0.006140351,-0.7596475",0.0
"-0.3097778,-0.84630066,-0.55247563,-0.19376342,0.29497764,-0.81028974,0.00076023396,0.006140351,-0.7596475","0.7586734,-0.94978225,-0.7716694","-0.23733,-0.9768908,-0.6353765,-0.049353775,0.053453952,-0.81529105,0.00076023396,0.006140351,-0.7596475",0.0
"-0.23733,-0.9768908,-0.6353765,-0.049353775,0.053453952,-0.81529105,0.00076023396,0.006140351,-0.7596475","0.31550968,-0.9976049,-0.45185256","-0.20720395,-0.9999811,-0.6839281,0.0051136343,0.0033828358,-0.760008,0.00076023396,0.006140351,-0.7596475",0.0
"0.0,0.0,0.0,2.8652207e-07,0.005789075,0.993462,-0.07274854,0.01883041,-0.29193363","-0.94414926,-0.94754386,-0.5480368","-0.090159416,-0.13028242,-0.05887593,-0.33968815,0.104902446,0.9159657,-0.07274854,0.01883041,-0.29193363",0.0
"-0.090159416,-0.13028242,-0.05887593,-0.33968815,0.104902446,0.9159657,-0.07274854,0.01883041,-0.29193363","-0.5390112,-0.94303226,-0.97891986","-0.14163107,-0.25994453,-0.16404189,-0.6229493,0.3034605,0.6380233,-0.07274854,0.01883041,-0.29193363",0.0
"-0.14163107,-0.25994453,-0.16404189,-0.6229493,0.3034605,0.6380233,-0.07274854,0.01883041,-0.29193363","0.3232931,-0.79175186,-0.99503213","-0.11075892,-0.36880636,-0.2709388,-0.8027954,0.29734707,0.27037305,-0.07274854,0.01883041,-0.29193363",0.0
"-0.11075892,-0.36880636,-0.2709388,-0.8027954,0.29734707,0.27037305,-0.07274854,0.01883041,-0.29193363","0.7536092,-0.6613636,-0.99760956","-0.03879472,-0.4597405,-0.3781126,-0.8511636,0.1100868,-0.08310065,-0.07274854,0.01883041,-0.29193363",0.0
"-0.03879472,-0.4597405,-0.3781126,-0.8511636,0.1100868,-0.08310065,-0.07274854,0.01883041,-0.29193363","-0.5289962,-0.7144563,-0.97799724","-0.08931002,-0.5579746,-0.48317942,-0.70512146,0.20922561,-0.39592502,-0.07274854,0.01883041,-0.29193363",0.0
"-0.08931002,-0.5579746,-0.48317942,-0.70512146,0.20922561,-0.39592502,-0.07274854,0.01883041,-0.29193363","0.29619706,0.45327067,-0.9879924","-0.061025348,-0.49565226,-0.58932006,-0.624723,0.12715667,-0.36995,-0.07274854,0.01883041,-0.29193363",0.0
"-0.061025348,-0.49565226,-0.58932006,-0.624723,0.12715667,-0.36995,-0.07274854,0.01883041,-0.29193363","-0.32795012,-0.5774281,-0.96929115","-0.092342205,-0.5750457,-0.6934516,-0.42465118,0.13281046,-0.5045214,-0.07274854,0.01883041,-0.29193363",0.0
"-0.092342205,-0.5750457,-0.6934516,-0.42465118,0.13281046,-0.5045214,-0.07274854,0.01883041,-0.29193363","0.15425467,-0.5620316,-0.77083063","-0.077612005,-0.65232223,-0.7762624,-0.26213396,0.07117855,-0.5402491,-0.07274854,0.01883041,-0.29193363",0.0
"-0.077612005,-0.65232223,-0.7762624,-0.26213396,0.07117855,-0.5402491,-0.07274854,0.01883041,-0.29193363","0.22197819,0.2230779,-0.9647958","-0.056414697,-0.6216502,-0.879911,-0.1678761,0.035950173,-0.43788293,-0.07274854,0.01883041,-0.29193363",0.0
"-0.056414697,-0.6216502,-0.879911,-0.1678761,0.035950173,-0.43788293,-0.07274854,0.01883041,-0.29193363","-0.48295647,0.09640694,-0.98245627","-0.102533534,-0.6083948,-0.9854569,-0.07071207,0.029703055,-0.3155484,-0.07274854,0.01883041,-0.29193363",0.0
"-0.102533534,-0.6083948,-0.9854569,-0.07071207,0.029703055,-0.3155484,-0.07274854,0.01883041,-0.29193363","0.09886956,0.3611312,-0.8011356","-0.0930922,-0.5587412,-1.0,-0.07659549,0.029108485,-0.28809547,-0.07274854,0.01883041,-0.29193363",0.0
"0.0,0.0,0.0,2.8652207e-07,0.005789075,0.993462,-0.07298246,0.018070174,-0.29193363","-0.87960684,-0.9784534,-0.9987908","-0.08399607,-0.1345323,-0.10730072,-0.40634054,0.11578284,0.8743423,-0.07298246,0.018070174,-0.29193363",0.0
"-0.08399607,-0.1345323,-0.10730072,-0.40634054,0.11578284,0.8743423,-0.07298246,0.018070174,-0.29193363","-0.74311256,-0.9500438,-0.95723313","-0.15495794,-0.26515844,-0.21013686,-0.6421947,0.34646684,0.5650502,-0.07298246,0.018070174,-0.29193363",0.0
"-0.15495794,-0.26515844,-0.21013686,-0.6421947,0.34646684,0.5650502,-0.07298246,0.018070174,-0.29193363","0.37222373,-0.9355947,-0.9870718","-0.119413264,-0.3937979,-0.3161786,-0.8045044,0.32303405,0.14747663,-0.07298246,0.018070174,-0.29193363",0.0
"-0.119413264,-0.3937979,-0.3161786,-0.8045044,0.32303405,0.14747663,-0.07298246,0.018070174,-0.29193363","0.5844513,-0.87335056,-0.9933718","-0.06360241,-0.5138792,-0.42289713,-0.7997712,0.16787277,-0.25122684,-0.07298246,0.018070174,-0.29193363",0.0
"-0.06360241,-0.5138792,-0.42289713,-0.7997712,0.16787277,-0.25122684,-0.07298246,0.018070174,-0.29193363","0.14420891,-0.38582838,-0.98900384","-0.049831502,-0.5669286,-0.52914643,-0.66478753,0.11079257,-0.4457535,-0.07298246,0.018070174,-0.29193363",0.0
"-0.049831502,-0.5669286,-0.52914643,-0.66478753,0.11079257,-0.4457535,-0.07298246,0.018070174,-0.29193363","-9.506941e-05,-0.45265412,-0.99006605","-0.04984058,-0.6291663,-0.6355098,-0.47477823,0.08081522,-0.56825393,-0.07298246,0.018070174,-0.29193363",0.0
"-0.04984058,-0.6291663,-0.6355098,-0.47477823,0.08081522,-0.56825393,-0.07298246,0.018070174,-0.29193363","0.009652615,0.12121749,-0.9930694","-0.048918825,-0.61249954,-0.7421958,-0.34353328,0.05907348,-0.528777,-0.07298246,0.018070174,-0.29193363",0.0
"-0.048918825,-0.61249954,-0.7421958,-0.34353328,0.05907348,-0.528777,-0.07298246,0.018070174,-0.29193363","-0.10651046,-0.1975367,-0.92396885","-0.059089802,-0.6396599,-0.8414584,-0.19813405,0.04309999,-0.48183867,-0.07298246,0.018070174,-0.29193363",0.0
"-0.059089802,-0.6396599,-0.8414584,-0.19813405,0.04309999,-0.48183867,-0.07298246,0.018070174,-0.29193363","-0.18281907,-0.13085443,-0.9942232","-0.0765477,-0.6576517,-0.94826835,-0.08157644,0.025965892,-0.37219372,-0.07298246,0.018070174,-0.29193363",0.0
"-0.0765477,-0.6576517,-0.94826835,-0.08157644,0.025965892,-0.37219372,-0.07298246,0.018070174,-0.29193363","-0.1537503,0.44720626,-0.983378","-0.09122973,-0.5961633,-1.0,-0.06459758,0.025073973,-0.29498148,-0.07298246,0.018070174,-0.29193363",0.0
"0.0,0.0,0.0,2.8652207e-07,0.005789075,0.993462,-0.0031578948,0.0053216373,-0.7596475","-0.9991251,-0.94066983,-0.95065343","-0.09540921,-0.12933727,-0.102129295,-0.38649958,0.12550637,0.8840196,-0.0031578948,0.0053216373,-0.7596475",0.0
"-0.09540921,-0.12933727,-0.102129295,-0.38649958,0.12550637,0.8840196,-0.0031578948,0.0053216373,-0.7596475","-0.9998625,-0.93807733,-0.7123523","-0.19088882,-0.2583181,-0.17865776,-0.57524455,0.40030253,0.6210692,-0.0031578948,0.0053216373,-0.7596475",0.0
"-0.19088882,-0.2583181,-0.17865776,-0.57524455,0.40030253,0.6210692,-0.0031578948,0.0053216373,-0.7596475","-0.99928445,-0.9527659,-0.9457462","-0.28631324,-0.38931853,-0.28025985,-0.5367015,0.6849168,0.21263263,-0.0031578948,0.0053216373,-0.7596475",0.0
"-0.28631324,-0.38931853,-0.28025985,-0.5367015,0.6849168,0.21263263,-0.0031578948,0.0053216373,-0.7596475","-0.9758661,-0.993966,-0.26507688","-0.37950134,-0.5259838,-0.30873722,-0.3284072,0.84135234,-0.12869345,-0.0031578948,0.0053216373,-0.7596475",0.0
"-0.37950134,-0.5259838,-0.30873722,-0.3284072,0.84135234,-0.12869345,-0.0031578948,0.0053216373,-0.7596475","-0.029859245,-0.9572943,-0.40921772","-0.38235268,-0.6576069,-0.35269967,-0.2908098,0.766698,-0.46264592,-0.0031578948,0.0053216373,-0.7596475",0.0
"-0.38235268,-0.6576069,-0.35269967,-0.2908098,0.766698,-0.46264592,-0.0031578948,0.0053216373,-0.7596475","0.57901835,-0.03421414,-0.44995117","-0.32706064,-0.6623112,-0.40103814,-0.38940656,0.6559888,-0.5173104,-0.0031578948,0.0053216373,-0.7596475",0.0
"-0.32706064,-0.6623112,-0.40103814,-0.38940656,0.6559888,-0.5173104,-0.0031578948,0.0053216373,-0.7596475","0.24535632,-0.7389703,-0.7426427","-0.3036309,-0.7639159,-0.4808207,-0.3179406,0.45828247,-0.7250216,-0.0031578948,0.0053216373,-0.7596475",0.0
"-0.3036309,-0.7639159,-0.4808207,-0.3179406,0.45828247,-0.7250216,-0.0031578948,0.0053216373,-0.7596475","0.62558615,-0.9185116,-0.95866525","-0.24389195,-0.8902066,-0.5838106,-0.17722121,0.17858277,-0.8263828,-0.0031578948,0.0053216373,-0.7596475",0.0
"-0.24389195,-0.8902066,-0.5838106,-0.17722121,0.17858277,-0.8263828,-0.0031578948,0.0053216373,-0.7596475","-0.330177,-0.99791485,-0.86842906","-0.27542427,-0.9999811,-0.6771156,0.0020816182,0.0064848196,-0.76859933,-0.0031578948,0.0053216373,-0.7596475",0.0
"0.0,0.0,0.0,2.8652207e-07,0.005789075,0.993462,-0.04649123,0.059064325,-0.29193363","-0.987095,-0.9443147,-0.99515903","-0.094260424,-0.12983842,-0.106910564,-0.3932452,0.12603125,0.87946224,-0.04649123,0.059064325,-0.29193363",0.0
"-0.094260424,-0.12983842,-0.106910564,-0.3932452,0.12603125,0.87946224,-0.04649123,0.059064325,-0.29193363","-0.98367566,-0.9507407,-0.9585286","-0.1881943,-0.2605604,-0.20988588,-0.5973498,0.40799752,0.5735575,-0.04649123,0.059064325,-0.29193363",0.0
"-0.1881943,-0.2605604,-0.20988588,-0.5973498,0.40799752,0.5735575,-0.04649123,0.059064325,-0.29193363","-0.27389455,-0.49679673,-0.9963861","-0.21434924,-0.3288674,-0.31692827,-0.64104277,0.51883084,0.28049478,-0.04649123,0.059064325,-0.29193363",0.0
"-0.21434924,-0.3288674,-0.31692827,-0.64104277,0.51883084,0.28049478,-0.04649123,0.059064325,-0.29193363","-0.37757868,-0.18618506,-0.97832274","-0.25040528,-0.35446692,-0.4220301,-0.5674512,0.5770977,0.069402024,-0.04649123,0.059064325,-0.29193363",0.0
"-0.25040528,-0.35446692,-0.4220301,-0.5674512,0.5770977,0.069402024,-0.04649123,0.059064325,-0.29193363","0.46782053,-0.3920493,-0.99048716","-0.2057318,-0.40837175,-0.52843875,-0.5825726,0.44675955,-0.1700754,-0.04649123,0.059064325,-0.29193363",0.0
"-0.2057318,-0.40837175,-0.52843875,-0.5825726,0.44675955,-0.1700754,-0.04649123,0.059064325,-0.29193363","0.21949196,-0.7462163,-0.9717524","-0.18477191,-0.5109727,-0.63283473,-0.4751183,0.31853145,-0.41499972,-0.04649123,0.059064325,-0.29193363",0.0
"-0.18477191,-0.5109727,-0.63283473,-0.4751183,0.31853145,-0.41499972,-0.04649123,0.059064325,-0.29193363","-0.51731664,-0.5097029,-0.9829301","-0.2341719,-0.5810542,-0.73843145,-0.27639833,0.25800174,-0.5022279,-0.04649123,0.059064325,-0.29193363",0.0
"-0.2341719,-0.5810542,-0.73843145,-0.27639833,0.25800174,-0.5022279,-0.04649123,0.059064325,-0.29193363","-0.4908445,-0.2605294,-0.97128594","-0.28104398,-0.61687577,-0.8427774,-0.13332632,0.17136393,-0.46904263,-0.04649123,0.059064325,-0.29193363",0.0
"-0.28104398,-0.61687577,-0.8427774,-0.13332632,0.17136393,-0.46904263,-0.04649123,0.059064325,-0.29193363","-0.49685025,-0.35878527,-0.8358976","-0.3284896,-0.66620696,-0.9325784,-0.04331836,0.08374376,-0.39368135,-0.04649123,0.059064325,-0.29193363",0.0
"-0.3284896,-0.66620696,-0.9325784,-0.04331836,0.08374376,-0.39368135,-0.04649123,0.059064325,-0.29193363","0.49802232,0.49661577,-0.9235587","-0.28093207,-0.5979249,-1.0,-0.039000124,0.056540336,-0.2952769,-0.04649123,0.059064325,-0.29193363",0.0
"0.0,0.0,0.0,2.8652207e-07,0.005789075,0.993462,0.062690064,0.041461986,-0.29193363","-0.90473944,-0.94371665,-0.9574011","-0.08639605,-0.12975618,-0.1028542,-0.39150855,0.114961796,0.8829938,0.062690064,0.041461986,-0.29193363",0.0
"-0.08639605,-0.12975618,-0.1028542,-0.39150855,0.114961796,0.8829938,0.062690064,0.041461986,-0.29193363","-0.99814963,-0.5975937,-0.9503977","-0.1817121,-0.21192226,-0.20495602,-0.5440553,0.35626793,0.6619704,0.062690064,0.041461986,-0.29193363",0.0
"-0.1817121,-0.21192226,-0.20495602,-0.5440553,0.35626793,0.6619704,0.062690064,0.041461986,-0.29193363","-0.99558085,-0.4069085,-0.9383498","-0.27678287,-0.26787013,-0.30576354,-0.49124607,0.59071714,0.41661996,0.062690064,0.041461986,-0.29193363",0.0
"-0.27678287,-0.26787013,-0.30576354,-0.49124607,0.59071714,0.41661996,0.062690064,0.041461986,-0.29193363","-0.9891846,-0.6298158,-0.9049597","-0.37124282,-0.3544666,-0.40298393,-0.31682867,0.7547774,0.09728079,0.062690064,0.041461986,-0.29193363",0.0
"-0.37124282,-0.3544666,-0.40298393,-0.31682867,0.7547774,0.09728079,0.062690064,0.041461986,-0.29193363","-0.92262244,-0.31993878,-0.9882101","-0.45934656,-0.39845657,-0.50914794,-0.0901992,0.747877,-0.13022408,0.062690064,0.041461986,-0.29193363",0.0
"-0.45934656,-0.39845657,-0.50914794,-0.0901992,0.747877,-0.13022408,0.062690064,0.041461986,-0.29193363","-0.79578483,-0.33170998,-0.9586242","-0.5353382,-0.44406503,-0.61213356,0.0756392,0.6262415,-0.3052216,0.062690064,0.041461986,-0.29193363",0.0
"-0.5353382,-0.44406503,-0.61213356,0.0756392,0.6262415,-0.3052216,0.062690064,0.041461986,-0.29193363","-0.9340629,-0.37053692,-0.97752255","-0.6245344,-0.495012,-0.71714944,0.18277366,0.42789826,-0.41562518,0.062690064,0.041461986,-0.29193363",0.0
"-0.6245344,-0.495012,-0.71714944,0.18277366,0.42789826,-0.41562518,0.062690064,0.041461986,-0.29193363","-0.9241844,0.63116777,-0.9300914","-0.7127874,-0.40822974,-0.8170697,0.23314133,0.28584555,-0.32927224,0.062690064,0.041461986,-0.29193363",0.0
"-0.7127874,-0.40822974,-0.8170697,0.23314133,0.28584555,-0.32927224,0.062690064,0.041461986,-0.29193363","-0.20292366,-0.571908,-0.851671","-0.7321651,-0.4868642,-0.9085653,0.14466849,0.1531717,-0.35039768,0.062690064,0.041461986,-0.29193363",0.0
"-0.7321651,-0.4868642,-0.9085653,0.14466849,0.1531717,-0.35039768,0.062690064,0.041461986,-0.29193363","-0.4064287,-0.25043297,-0.60182476","-0.7709761,-0.5212975,-0.9732197,0.094982795,0.075523816,-0.30858725,0.062690064,0.041461986,-0.29193363",0.0
"-0.7709761,-0.5212975,-0.9732197,0.094982795,0.075523816,-0.30858725,0.062690064,0.041461986,-0.29193363","0.55254495,-0.51717556,-0.3440497","-0.7182121,-0.5924065,-1.0,0.049017303,0.05078846,-0.29434282,0.062690064,0.041461986,-0.29193363",0.0
"0.0,0.0,0.0,2.8652207e-07,0.005789075,0.993462,0.006023392,0.00064327486,-0.31108937","-0.08154601,-0.79154146,-0.9901189","-0.0077870567,-0.10883287,-0.10636909,-0.37069407,0.014861099,0.89999545,0.006023392,0.00064327486,-0.31108937",0.0
"-0.0077870567,-0.10883287,-0.10636909,-0.37069407,0.014861099,0.89999545,0.006023392,0.00064327486,-0.31108937","-0.6900772,-0.98228467,-0.925108","-0.073684424,-0.24389197,-0.20575404,-0.67789954,0.16573693,0.6082895,0.006023392,0.00064327486,-0.31108937",0.0
"-0.073684424,-0.24389197,-0.20575404,-0.67789954,0.16573693,0.6082895,0.006023392,0.00064327486,-0.31108937","0.88973284,-0.94823176,-0.99465567","0.011278601,-0.37426898,-0.3126105,-0.8562986,-0.024560459,0.19404714,0.006023392,0.00064327486,-0.31108937",0.0
"0.011278601,-0.37426898,-0.3126105,-0.8562986,-0.024560459,0.19404714,0.006023392,0.00064327486,-0.31108937","0.4654262,-0.9325398,-0.99137014","0.05572343,-0.50248843,-0.41911402,-0.81172204,-0.13769095,-0.22397089,0.006023392,0.00064327486,-0.31108937",0.0
"0.05572343,-0.50248843,-0.41911402,-0.81172204,-0.13769095,-0.22397089,0.006023392,0.00064327486,-0.31108937","-0.6449942,-0.8848983,-0.97076267","-0.0058688386,-0.6241575,-0.52340364,-0.6395884,0.01758427,-0.53430057,0.006023392,0.00064327486,-0.31108937",0.0
"-0.0058688386,-0.6241575,-0.52340364,-0.6395884,0.01758427,-0.53430057,0.006023392,0.00064327486,-0.31108937","0.3104608,-0.657647,-0.9929168","0.023777915,-0.7145806,-0.63007325,-0.40536463,-0.02453172,-0.6617702,0.006023392,0.00064327486,-0.31108937",0.0
"0.023777915,-0.7145806,-0.63007325,-0.40536463,-0.02453172,-0.6617702,0.006023392,0.00064327486,-0.31108937","0.05214131,-0.85050404,-0.97135884","0.028757034,-0.83152056,-0.7344268,-0.14845213,-0.0076349624,-0.67007643,0.006023392,0.00064327486,-0.31108937",0.0
"0.028757034,-0.83152056,-0.7344268,-0.14845213,-0.0076349624,-0.67007643,0.006023392,0.00064327486,-0.31108937","-0.025329292,-0.50215137,-0.92875654","0.026338272,-0.90056384,-0.8342036,0.00022019734,0.0058277156,-0.5569871,0.006023392,0.00064327486,-0.31108937",0.0
"0.026338272,-0.90056384,-0.8342036,0.00022019734,0.0058277156,-0.5569871,0.006023392,0.00064327486,-0.31108937","-0.50758296,0.12713742,-0.8328704","-0.022132216,-0.8830831,-0.92367935,0.026577786,0.003952568,-0.4249615,0.006023392,0.00064327486,-0.31108937",0.0
"-0.022132216,-0.8830831,-0.92367935,0.026577786,0.003952568,-0.4249615,0.006023392,0.00064327486,-0.31108937","-0.7514876,0.32688046,-0.6618446","-0.09389383,-0.83813876,-0.9947816,0.020248871,-0.00010156753,-0.3178734,0.006023392,0.00064327486,-0.31108937",0.0
"0.0,0.0,0.0,2.8652207e-07,0.005789075,0.993462,-0.10654971,-0.05111111,0.023057302","-0.9895733,0.8198588,-0.9972512","-0.09449706,0.11272638,-0.10713536,0.09131633,-0.021880724,0.97604465,-0.10654971,-0.05111111,0.023057302",0.0
"-0.09449706,0.11272638,-0.10713536,0.09131633,-0.021880724,0.97604465,-0.10654971,-0.05111111,0.023057302","-0.988486,0.7334336,-0.998685","-0.18889028,0.21356976,-0.21442477,0.13242033,-0.082336724,0.9296383,-0.10654971,-0.05111111,0.023057302",0.0
"-0.18889028,0.21356976,-0.21442477,0.13242033,-0.082336724,0.9296383,-0.10654971,-0.05111111,0.023057302","-0.992383,0.81079614,-0.9208915","-0.28365564,0.32505012,-0.31335682,0.15490018,-0.18247256,0.8525812,-0.10654971,-0.05111111,0.023057302",0.0
"-0.28365564,0.32505012,-0.31335682,0.15490018,-0.18247256,0.8525812,-0.10654971,-0.05111111,0.023057302","-0.99679476,0.7731354,-0.99572337","-0.37884232,0.43135232,-0.42032808,0.11093438,-0.26165688,0.75126904,-0.10654971,-0.05111111,0.023057302",0.0
"-0.37884232,0.43135232,-0.42032808,0.11093438,-0.26165688,0.75126904,-0.10654971,-0.05111111,0.023057302","-0.9914346,0.9001236,-0.9920057","-0.47351712,0.5551147,-0.5268999,0.033518363,-0.3322912,0.6166081,-0.10654971,-0.05111111,0.023057302",0.0
"-0.47351712,0.5551147,-0.5268999,0.033518363,-0.3322912,0.6166081,-0.10654971,-0.05111111,0.023057302","-0.9871981,0.8753196,-0.9960278","-0.56778735,0.6754667,-0.6339038,-0.067429535,-0.33921292,0.47014812,-0.10654971,-0.05111111,0.023057302",0.0
"-0.56778735,0.6754667,-0.6339038,-0.067429535,-0.33921292,0.47014812,-0.10654971,-0.05111111,0.023057302","-0.9854018,0.84087706,-0.9828691","-0.66188604,0.791083,-0.7394941,-0.1517132,-0.2840196,0.323778,-0.10654971,-0.05111111,0.023057302",0.0
"-0.66188604,0.791083,-0.7394941,-0.1517132,-0.2840196,0.323778,-0.10654971,-0.05111111,0.023057302","-0.7908147,0.81791687,-0.9753858","-0.7374031,0.9035424,-0.84428036,-0.17671053,-0.19981071,0.18438615,-0.10654971,-0.05111111,0.023057302",0.0
"-0.7374031,0.9035424,-0.84428036,-0.17671053,-0.19981071,0.18438615,-0.10654971,-0.05111111,0.023057302","-0.8886016,0.72994137,-0.9903341","-0.8222566,0.9999802,-0.9506737,-0.14704674,-0.098688,0.06271569,-0.10654971,-0.05111111,0.023057302",0.0
"-0.8222566,0.9999802,-0.9506737,-0.14704674,-0.098688,0.06271569,-0.10654971,-0.05111111,0.023057302","-0.35359412,0.5234555,-0.8176131","-0.8560207,0.99998003,-1.0000021,-0.10363592,-0.05679536,0.02304464,-0.10654971,-0.05111111,0.023057302",0.0
"0.0,0.0,0.0,2.8652207e-07,0.005789075,0.993462,-0.07497077,-0.0057894737,-0.29193363","-0.96376306,-0.9923744,-0.9520536","-0.09203239,-0.13644639,-0.102279715,-0.40125507,0.12539884,0.87672395,-0.07497077,-0.0057894737,-0.29193363",0.0
"-0.09203239,-0.13644639,-0.102279715,-0.40125507,0.12539884,0.87672395,-0.07497077,-0.0057894737,-0.29193363","-0.09058082,-0.86881924,-0.961802","-0.1006822,-0.2559046,-0.2056067,-0.6772922,0.22776337,0.5878019,-0.07497077,-0.0057894737,-0.29193363",0.0
"-0.1006822,-0.2559046,-0.2056067,-0.6772922,0.22776337,0.5878019,-0.07497077,-0.0057894737,-0.29193363","0.21503747,-0.7587027,-0.9612984","-0.08014768,-0.3602223,-0.30887958,-0.8199227,0.2169043,0.22905129,-0.07497077,-0.0057894737,-0.29193363",0.0
"-0.08014768,-0.3602223,-0.30887958,-0.8199227,0.2169043,0.22905129,-0.07497077,-0.0057894737,-0.29193363","-0.15436202,-0.65662783,-0.9915809","-0.094888136,-0.45050532,-0.41540572,-0.7931894,0.24976887,-0.114267565,-0.07497077,-0.0057894737,-0.29193363",0.0
"-0.094888136,-0.45050532,-0.41540572,-0.7931894,0.24976887,-0.114267565,-0.07497077,-0.0057894737,-0.29193363","0.5270994,-0.61253774,-0.9770894","-0.04455397,-0.53472614,-0.520375,-0.6958565,0.103887096,-0.3853723,-0.07497077,-0.0057894737,-0.29193363",0.0
"-0.04455397,-0.53472614,-0.520375,-0.6958565,0.103887096,-0.3853723,-0.07497077,-0.0057894737,-0.29193363","0.23427498,-0.515898,-0.96767783","-0.02218241,-0.60565954,-0.6243332,-0.5155055,0.041786518,-0.53899634,-0.07497077,-0.0057894737,-0.29193363",0.0
"-0.02218241,-0.60565954,-0.6243332,-0.5155055,0.041786518,-0.53899634,-0.07497077,-0.0057894737,-0.29193363","0.015225768,-0.08706945,-0.9779712","-0.020728463,-0.61763114,-0.7293973,-0.3605132,0.029311938,-0.5382635,-0.07497077,-0.0057894737,-0.29193363",0.0
"-0.020728463,-0.61763114,-0.7293973,-0.3605132,0.029311938,-0.5382635,-0.07497077,-0.0057894737,-0.29193363","-0.12690645,0.041001797,-0.9794354","-0.03284711,-0.6119937,-0.8346186,-0.2283508,0.029468527,-0.4729394,-0.07497077,-0.0057894737,-0.29193363",0.0
"-0.03284711,-0.6119937,-0.8346186,-0.2283508,0.029468527,-0.4729394,-0.07497077,-0.0057894737,-0.29193363","0.05923915,0.15921152,-0.5505608","-0.027190207,-0.590103,-0.89376575,-0.1740119,0.020711144,-0.41132382,-0.07497077,-0.0057894737,-0.29193363",0.0
"-0.027190207,-0.590103,-0.89376575,-0.1740119,0.020711144,-0.41132382,-0.07497077,-0.0057894737,-0.29193363","0.37013853,-0.39316416,-0.8186359","0.008155336,-0.64416105,-0.9817123,-0.065372564,0.0041161138,-0.32656422,-0.07497077,-0.0057894737,-0.29193363",0.0
"0.008155336,-0.64416105,-0.9817123,-0.065372564,0.0041161138,-0.32656422,-0.07497077,-0.0057894737,-0.29193363","0.818329,0.2171259,-0.24969655","0.086299814,-0.61430746,-1.0,-0.06198902,-0.011221746,-0.2978981,-0.07497077,-0.0057894737,-0.29193363",0.0
"0.0,0.0,0.0,2.8652207e-07,0.005789075,0.993462,-0.037368424,0.006725146,-0.30644754","-0.53688955,-0.9687431,-0.99855125","-0.05126906,-0.13319719,-0.10727499,-0.41349423,0.07304738,0.87573636,-0.037368424,0.006725146,-0.30644754",0.0
"-0.05126906,-0.13319719,-0.10727499,-0.41349423,0.07304738,0.87573636,-0.037368424,0.006725146,-0.30644754","-0.3268658,-0.96654326,-0.9974039","-0.08248237,-0.26609194,-0.21442671,-0.7072693,0.19347663,0.5572124,-0.037368424,0.006725146,-0.30644754",0.0
"-0.08248237,-0.26609194,-0.21442671,-0.7072693,0.19347663,0.5572124,-0.037368424,0.006725146,-0.30644754","-0.43939805,-0.9192163,-0.97021073","-0.1244417,-0.39247948,-0.31865704,-0.79811877,0.33521554,0.14645165,-0.037368424,0.006725146,-0.30644754",0.0
"-0.1244417,-0.39247948,-0.31865704,-0.79811877,0.33521554,0.14645165,-0.037368424,0.006725146,-0.30644754","0.81877387,-0.8792206,-0.9970833","-0.046254735,-0.51336783,-0.4257743,-0.80519605,0.12368763,-0.25354114,-0.037368424,0.006725146,-0.30644754",0.0
"-0.046254735,-0.51336783,-0.4257743,-0.80519605,0.12368763,-0.25354114,-0.037368424,0.006725146,-0.30644754","-0.47182262,-0.85057193,-0.92863876","-0.09131037,-0.63031715,-0.5255385,-0.6044359,0.18434268,-0.54486585,-0.037368424,0.006725146,-0.30644754",0.0
"-0.09131037,-0.63031715,-0.5255385,-0.6044359,0.18434268,-0.54486585,-0.037368424,0.006725146,-0.30644754","0.53282905,-0.56685925,-0.99481916","-0.040429056,-0.70825744,-0.6324125,-0.40548393,0.0576164,-0.6548505,-0.037368424,0.006725146,-0.30644754",0.0
"-0.040429056,-0.70825744,-0.6324125,-0.40548393,0.0576164,-0.6548505,-0.037368424,0.006725146,-0.30644754","-0.0866465,-0.13883889,-0.9892489","-0.048703168,-0.7273471,-0.73868805,-0.24697539,0.043944284,-0.6152536,-0.037368424,0.006725146,-0.30644754",0.0
"-0.048703168,-0.7273471,-0.73868805,-0.24697539,0.043944284,-0.6152536,-0.037368424,0.006725146,-0.30644754","0.2972678,-0.42806947,-0.98389965","-0.020316249,-0.78620446,-0.8443889,-0.08710325,0.011368357,-0.53095937,-0.037368424,0.006725146,-0.30644754",0.0
"-0.020316249,-0.78620446,-0.8443889,-0.08710325,0.011368357,-0.53095937,-0.037368424,0.006725146,-0.30644754","-0.28050262,0.3113637,-0.9583979","-0.047102213,-0.74339366,-0.9473502,-0.040863324,0.011944849,-0.38681248,-0.037368424,0.006725146,-0.30644754",0.0
"-0.047102213,-0.74339366,-0.9473502,-0.040863324,0.011944849,-0.38681248,-0.037368424,0.006725146,-0.30644754","0.70669925,0.1752193,-0.94543403","0.020382436,-0.71930194,-1.0,-0.024861516,0.00420719,-0.30912277,-0.037368424,0.006725146,-0.30644754",0.0
"0.0,0.0,0.0,2.8652207e-07,0.005789075,0.993462,0.0026900587,0.037894737,-0.30644754","-0.94042546,-0.9922065,-0.9809289","-0.08980382,-0.13642329,-0.10538181,-0.40554273,0.12357752,0.87406296,0.0026900587,0.037894737,-0.30644754",0.0
"-0.08980382,-0.13642329,-0.10538181,-0.40554273,0.12357752,0.87406296,0.0026900587,0.037894737,-0.30644754","-0.8536364,-0.9080967,-0.858389","-0.1713199,-0.26128194,-0.19759908,-0.61280125,0.37259108,0.5897019,0.0026900587,0.037894737,-0.30644754",0.0
"-0.1713199,-0.26128194,-0.19759908,-0.61280125,0.37259108,0.5897019,0.0026900587,0.037894737,-0.30644754","-0.94539607,-0.6977463,-0.9941859","-0.26159838,-0.35721847,-0.3044051,-0.5720954,0.62388784,0.24222776,0.0026900587,0.037894737,-0.30644754",0.0
"-0.26159838,-0.35721847,-0.3044051,-0.5720954,0.62388784,0.24222776,0.0026900587,0.037894737,-0.30644754","0.73579097,0.30743325,-0.9924128","-0.19133568,-0.31494802,-0.4110206,-0.65330327,0.45502454,0.16314407,0.0026900587,0.037894737,-0.30644754",0.0
"-0.19133568,-0.31494802,-0.4110206,-0.65330327,0.45502454,0.16314407,0.0026900587,0.037894737,-0.30644754","-0.75416565,-0.51023495,-0.9135082","-0.26335302,-0.38510278,-0.5091594,-0.5055694,0.5584265,-0.10569935,0.0026900587,0.037894737,-0.30644754",0.0
"-0.26335302,-0.38510278,-0.5091594,-0.5055694,0.5584265,-0.10569935,0.0026900587,0.037894737,-0.30644754","-0.00889051,-0.81155896,-0.88099104","-0.264202,-0.496688,-0.6038048,-0.4129996,0.46018156,-0.38019672,0.0026900587,0.037894737,-0.30644754",0.0
"-0.264202,-0.496688,-0.6038048,-0.4129996,0.46018156,-0.38019672,0.0026900587,0.037894737,-0.30644754","-0.5403948,-0.40164757,-0.98395836","-0.31580576,-0.5519125,-0.709512,-0.23543969,0.3709954,-0.47839582,0.0026900587,0.037894737,-0.30644754",0.0
"-0.31580576,-0.5519125,-0.709512,-0.23543969,0.3709954,-0.47839582,0.0026900587,0.037894737,-0.30644754","-0.53293496,-0.5852305,-0.98253465","-0.3666972,-0.63237876,-0.81506634,-0.09198715,0.22089899,-0.4997604,0.0026900587,0.037894737,-0.30644754",0.0
"-0.3666972,-0.63237876,-0.81506634,-0.09198715,0.22089899,-0.4997604,0.0026900587,0.037894737,-0.30644754","-0.20096207,-0.5998146,-0.92237765","-0.38588762,-0.71485025,-0.914158,-0.023144877,0.07827292,-0.42741537,0.0026900587,0.037894737,-0.30644754",0.0
"-0.38588762,-0.71485025,-0.914158,-0.023144877,0.07827292,-0.42741537,0.0026900587,0.037894737,-0.30644754","-0.7382481,0.5785192,-0.89706916","-0.45638496,-0.6353069,-1.0,-0.0018170463,0.055564914,-0.30092138,0.0026900587,0.037894737,-0.30644754",0.0
"-0.45638496,-0.6353069,-1.0,-0.0018170463,0.055564914,-0.30092138,0.0026900587,0.037894737,-0.30644754","0.23106802,-0.045096874,-0.7696377","-0.43431965,-0.6415075,-1.0,-0.0052068373,0.05313362,-0.30174085,0.0026900587,0.037894737,-0.30644754",0.0
"-0.43431965,-0.6415075,-1.0,-0.0052068373,0.05313362,-0.30174085,0.0026900587,0.037894737,-0.30644754","-0.9297601,0.09847069,-0.83332163","-0.52310497,-0.6279684,-1.0,0.009974038,0.05733317,-0.2999082,0.0026900587,0.037894737,-0.30644754",0.0
"-0.52310497,-0.6279684,-1.0,0.009974038,0.05733317,-0.2999082,0.0026900587,0.037894737,-0.30644754","0.17605639,0.40940595,-0.747069","-0.5062929,-0.5716772,-1.0,0.0073189246,0.07727852,-0.29060653,0.0026900587,0.037894737,-0.30644754",0.0
"-0.5062929,-0.5716772,-1.0,0.0073189246,0.07727852,-0.29060653,0.0026900587,0.037894737,-0.30644754","-0.19676578,-0.7031336,-0.8730931","-0.5250826,-0.6683545,-1.0,0.0091848625,0.042768117,-0.3048994,0.0026900587,0.037894737,-0.30644754",0.0
"0.0,0.0,0.0,2.8652207e-07,0.005789075,0.993462,-0.07298246,0.018070174,-0.29193363","-0.9669428,-0.97751915,-0.9952781","-0.09233603,-0.13440385,-0.10692336,-0.40251026,0.12619196,0.87480354,-0.07298246,0.018070174,-0.29193363",0.0
"-0.09233603,-0.13440385,-0.10692336,-0.40251026,0.12619196,0.87480354,-0.07298246,0.018070174,-0.29193363","-0.7847209,-0.85821104,-0.9952184","-0.16727118,-0.25240347,-0.2138403,-0.61522156,0.36345056,0.5822253,-0.07298246,0.018070174,-0.29193363",0.0
"-0.16727118,-0.25240347,-0.2138403,-0.61522156,0.36345056,0.5822253,-0.07298246,0.018070174,-0.29193363","0.5960603,-0.8310138,-0.99412763","-0.110351756,-0.3666636,-0.32064006,-0.7980398,0.2944645,0.1974422,-0.07298246,0.018070174,-0.29193363",0.0
"-0.110351756,-0.3666636,-0.32064006,-0.7980398,0.2944645,0.1974422,-0.07298246,0.018070174,-0.29193363","0.09007108,-0.8458337,-0.9848609","-0.10175063,-0.48296142,-0.42644426,-0.7769117,0.26326534,-0.19368497,-0.07298246,0.018070174,-0.29193363",0.0
"-0.10175063,-0.48296142,-0.42644426,-0.7769117,0.26326534,-0.19368497,-0.07298246,0.018070174,-0.29193363","0.35502493,-0.38351953,-0.9902731","-0.067848325,-0.53569347,-0.5328299,-0.6710059,0.151156,-0.39639026,-0.07298246,0.018070174,-0.29193363",0.0
"-0.067848325,-0.53569347,-0.5328299,-0.6710059,0.151156,-0.39639026,-0.07298246,0.018070174,-0.29193363","0.2948177,-0.3232684,-0.9046522","-0.039695375,-0.5801413,-0.63001716,-0.52461404,0.07159887,-0.5072699,-0.07298246,0.018070174,-0.29193363",0.0
"-0.039695375,-0.5801413,-0.63001716,-0.52461404,0.07159887,-0.5072699,-0.07298246,0.018070174,-0.29193363","-0.603183,-0.49309844,-0.9915622","-0.09729497,-0.64793986,-0.7365413,-0.30967218,0.1037883,-0.56056607,-0.07298246,0.018070174,-0.29193363",0.0
"-0.09729497,-0.64793986,-0.7365413,-0.30967218,0.1037883,-0.56056607,-0.07298246,0.018070174,-0.29193363","0.2140826,-0.56965184,-0.98495907","-0.076851636,-0.72626406,-0.8423559,-0.13170046,0.038392466,-0.5169257,-0.07298246,0.018070174,-0.29193363",0.0
"-0.076851636,-0.72626406,-0.8423559,-0.13170046,0.038392466,-0.5169257,-0.07298246,0.018070174,-0.29193363","-0.21341258,0.59107995,-0.8008249","-0.097230986,-0.6449937,-0.9283891,-0.10241809,0.038365953,-0.39349166,-0.07298246,0.018070174,-0.29193363",0.0
"-0.097230986,-0.6449937,-0.9283891,-0.10241809,0.038365953,-0.39349166,-0.07298246,0.018070174,-0.29193363","-0.27445287,0.1411624,-0.8988729","-0.123439245,-0.62558466,-1.0,-0.05219949,0.027576353,-0.299569,-0.07298246,0.018070174,-0.29193363",0.0
"-0.123439245,-0.62558466,-1.0,-0.05219949,0.027576353,-0.299569,-0.07298246,0.018070174,-0.29193363","0.2299676,0.26512444,-0.8524075","-0.101479,-0.5891315,-1.0,-0.06605599,0.02789949,-0.2937763,-0.07298246,0.018070174,-0.29193363",0.0
"0.0,0.0,0.0,2.8652207e-07,0.005789075,0.993462,0.037543863,-0.0057894737,-0.30644754","-0.9932623,-0.9601264,-0.9927686","-0.094849356,-0.13201244,-0.10665376,-0.3967669,0.127912,0.8774833,0.037543863,-0.0057894737,-0.30644754",0.0
"-0.094849356,-0.13201244,-0.10665376,-0.3967669,0.127912,0.8774833,0.037543863,-0.0057894737,-0.30644754","-0.968941,-0.93923724,-0.9670078","-0.18737619,-0.26115274,-0.21054,-0.59936637,0.40710843,0.57157713,0.037543863,-0.0057894737,-0.30644754",0.0
"-0.18737619,-0.26115274,-0.21054,-0.59936637,0.40710843,0.57157713,0.037543863,-0.0057894737,-0.30644754","-0.9961265,-0.9790639,-0.99668604","-0.28249905,-0.39576903,-0.3176146,-0.5432573,0.6764558,0.14109963,0.037543863,-0.0057894737,-0.30644754",0.0
"-0.28249905,-0.39576903,-0.3176146,-0.5432573,0.6764558,0.14109963,0.037543863,-0.0057894737,-0.30644754","-0.9851158,-0.99062574,-0.9893713","-0.37657043,-0.53197503,-0.42390332,-0.3012398,0.7528457,-0.28830963,0.037543863,-0.0057894737,-0.30644754",0.0
"-0.37657043,-0.53197503,-0.42390332,-0.3012398,0.7528457,-0.28830963,0.037543863,-0.0057894737,-0.30644754","-0.96407366,-0.86431,-0.9710559","-0.4686325,-0.6508132,-0.5282244,-0.05430583,0.6081661,-0.57705927,0.037543863,-0.0057894737,-0.30644754",0.0
"-0.4686325,-0.6508132,-0.5282244,-0.05430583,0.6081661,-0.57705927,0.037543863,-0.0057894737,-0.30644754","-0.9617308,-0.7886763,-0.96407133","-0.5604708,-0.7592522,-0.63179517,0.07262629,0.3470174,-0.702632,0.037543863,-0.0057894737,-0.30644754",0.0
"-0.5604708,-0.7592522,-0.63179517,0.07262629,0.3470174,-0.702632,0.037543863,-0.0057894737,-0.30644754","-0.6774415,-0.26700532,-0.99038833","-0.6251615,-0.7959641,-0.7381931,0.07515184,0.16605979,-0.65198207,0.037543863,-0.0057894737,-0.30644754",0.0
"-0.6251615,-0.7959641,-0.7381931,0.07515184,0.16605979,-0.65198207,0.037543863,-0.0057894737,-0.30644754","-0.9237852,0.10345638,-0.9574829","-0.7133763,-0.7817395,-0.841056,0.06298144,0.0701207,-0.5341161,0.037543863,-0.0057894737,-0.30644754",0.0
"-0.7133763,-0.7817395,-0.841056,0.06298144,0.0701207,-0.5341161,0.037543863,-0.0057894737,-0.30644754","-0.98480487,0.023589015,-0.9285963","-0.807418,-0.77849615,-0.94081557,0.025513748,0.010604088,-0.39911434,0.037543863,-0.0057894737,-0.30644754",0.0
"-0.807418,-0.77849615,-0.94081557,0.025513748,0.010604088,-0.39911434,0.037543863,-0.0057894737,-0.30644754","-0.9760178,0.29138505,-0.7719194","-0.90062064,-0.7384323,-1.0,0.018322956,-0.00016980787,-0.31010118,0.037543863,-0.0057894737,-0.30644754",0.0
"-0.90062064,-0.7384323,-1.0,0.018322956,-0.00016980787,-0.31010118,0.037543863,-0.0057894737,-0.30644754","-0.8298561,0.65589106,-0.72030854","-0.9798659,-0.6482507,-1.0,0.05091378,-0.0025767463,-0.30259398,0.037543863,-0.0057894737,-0.30644754",0.0
"0.0,0.0,0.0,2.8652207e-07,0.005789075,0.993462,-0.60046786,0.33152047,-0.15444382","-0.93270284,-0.85571957,-0.8692003","-0.08906636,-0.117657036,-0.09337874,-0.3567134,0.10852472,0.90217096,-0.60046786,0.33152047,-0.15444382",0.0
"-0.08906636,-0.117657036,-0.09337874,-0.3567134,0.10852472,0.90217096,-0.60046786,0.33152047,-0.15444382","-0.88419825,-0.8758415,-0.9631097","-0.17350088,-0.23808077,-0.19684623,-0.5816281,0.35943636,0.630396,-0.60046786,0.33152047,-0.15444382",0.0
"-0.17350088,-0.23808077,-0.19684623,-0.5816281,0.35943636,0.630396,-0.60046786,0.33152047,-0.15444382","-0.70717806,-0.6380273,-0.97282696","-0.24103126,-0.32580626,-0.30135763,-0.5936617,0.569084,0.3109462,-0.60046786,0.33152047,-0.15444382",0.0
"-0.24103126,-0.32580626,-0.30135763,-0.5936617,0.569084,0.3109462,-0.60046786,0.33152047,-0.15444382","0.44017696,-0.658876,-0.93928576","-0.19899756,-0.4163984,-0.40226567,-0.6756936,0.49481723,-0.02696068,-0.60046786,0.33152047,-0.15444382",0.0
"-0.19899756,-0.4163984,-0.40226567,-0.6756936,0.49481723,-0.02696068,-0.60046786,0.33152047,-0.15444382","0.7886934,0.11438584,-0.9686253","-0.12368305,-0.40067098,-0.50632566,-0.6972793,0.29170495,-0.13098435,-0.60046786,0.33152047,-0.15444382",0.0
"-0.12368305,-0.40067098,-0.50632566,-0.6972793,0.29170495,-0.13098435,-0.60046786,0.33152047,-0.15444382","-0.44990563,0.20496845,-0.35772526","-0.16664577,-0.37248892,-0.5447563,-0.62080777,0.3650548,-0.1245253,-0.60046786,0.33152047,-0.15444382",0.0
"-0.16664577,-0.37248892,-0.5447563,-0.62080777,0.3650548,-0.1245253,-0.60046786,0.33152047,-0.15444382","-0.0013462305,0.09973645,-0.59797525","-0.16677433,-0.35877573,-0.60899717,-0.56367016,0.33237633,-0.16853975,-0.60046786,0.33152047,-0.15444382",0.0
"-0.16677433,-0.35877573,-0.60899717,-0.56367016,0.33237633,-0.16853975,-0.60046786,0.33152047,-0.15444382","-0.2691012,-0.093729556,-0.034399033","-0.19247155,-0.37166312,-0.61269265,-0.5303284,0.37350073,-0.19246142,-0.60046786,0.33152047,-0.15444382",0.0
"-0.19247155,-0.37166312,-0.61269265,-0.5303284,0.37350073,-0.19246142,-0.60046786,0.33152047,-0.15444382","0.018128395,-0.14644706,0.088133335","-0.19074042,-0.39179888,-0.60322446,-0.5384951,0.37480688,-0.21602784,-0.60046786,0.33152047,-0.15444382",0.0
"-0.19074042,-0.39179888,-0.60322446,-0.5384951,0.37480688,-0.21602784,-0.60046786,0.33152047,-0.15444382","-0.13644785,0.033395767,0.33487582","-0.2037702,-0.3872072,-0.5672485,-0.5551348,0.42068282,-0.174149,-0.60046786,0.33152047,-0.15444382",0.0
"-0.2037702,-0.3872072,-0.5672485,-0.5551348,0.42068282,-0.174149,-0.60046786,0.33152047,-0.15444382","0.44626665,0.13055539,-0.0843513","-0.16115497,-0.36925656,-0.57631046,-0.5993968,0.33898008,-0.15314566,-0.60046786,0.33152047,-0.15444382",0.0
"0.0,0.0,0.0,2.8652207e-07,0.005789075,0.993462,0.13935673,-0.3033333,0.21768744","-0.32746089,0.9131222,-0.9383339","-0.031270124,0.12554961,-0.10080585,0.12983961,-0.006979269,0.97284734,0.13935673,-0.3033333,0.21768744",0.0
"-0.031270124,0.12554961,-0.10080585,0.12983961,-0.006979269,0.97284734,0.13935673,-0.3033333,0.21768744","-0.687096,0.8397826,-0.9683051","-0.0968828,0.24101546,-0.20483153,0.21638961,-0.06190584,0.9182253,0.13935673,-0.3033333,0.21768744",0.0
"-0.0968828,0.24101546,-0.20483153,0.21638961,-0.06190584,0.9182253,0.13935673,-0.3033333,0.21768744","-0.91578084,0.8853519,-0.7963363","-0.18433322,0.36274683,-0.2903825,0.28926364,-0.18222795,0.82916754,0.13935673,-0.3033333,0.21768744",0.0
"-0.18433322,0.36274683,-0.2903825,0.28926364,-0.18222795,0.82916754,0.13935673,-0.3033333,0.21768744","-0.9288303,0.6223357,-0.9890832","-0.27302977,0.44831485,-0.39664042,0.23028654,-0.25742677,0.74490106,0.13935673,-0.3033333,0.21768744",0.0
"-0.27302977,0.44831485,-0.39664042,0.23028654,-0.25742677,0.74490106,0.13935673,-0.3033333,0.21768744","-0.68050534,0.76357865,-0.9474268","-0.33801308,0.55330306,-0.4984231,0.18536392,-0.3203652,0.6279648,0.13935673,-0.3033333,0.21768744",0.0
"-0.33801308,0.55330306,-0.4984231,0.18536392,-0.3203652,0.6279648,0.13935673,-0.3033333,0.21768744","-0.16996688,0.8674786,-0.95878917","-0.3542437,0.6725769,-0.6014265,0.17597134,-0.3439586,0.48547179,0.13935673,-0.3033333,0.21768744",0.0
"-0.3542437,0.6725769,-0.6014265,0.17597134,-0.3439586,0.48547179,0.13935673,-0.3033333,0.21768744","-0.3248812,0.9572079,-0.8814632","-0.3852675,0.80418813,-0.69612265,0.14358394,-0.36453962,0.33003458,0.13935673,-0.3033333,0.21768744",0.0
"-0.3852675,0.80418813,-0.69612265,0.14358394,-0.36453962,0.33003458,0.13935673,-0.3033333,0.21768744","0.16707933,0.4472766,-0.59073114","-0.3693126,0.8656864,-0.75958526,0.14670342,-0.32250977,0.2532489,0.13935673,-0.3033333,0.21768744",0.0
"-0.3693126,0.8656864,-0.75958526,0.14670342,-0.32250977,0.2532489,0.13935673,-0.3033333,0.21768744","0.14331031,0.43783748,-0.36058545","-0.35562754,0.92588687,-0.7983233,0.15474372,-0.30424252,0.18884607,0.13935673,-0.3033333,0.21768744",0.0
"-0.35562754,0.92588687,-0.7983233,0.15474372,-0.30424252,0.18884607,0.13935673,-0.3033333,0.21768744","0.06750679,-0.39195585,0.023201704","-0.34918115,0.87199503,-0.7958307,0.1466131,-0.2732371,0.23272449,0.13935673,-0.3033333,0.21768744",0.0
"-0.34918115,0.87199503,-0.7958307,0.1466131,-0.2732371,0.23272449,0.13935673,-0.3033333,0.21768744","-0.19299912,0.11368179,-0.020883441","-0.36761114,0.8876258,-0.7980742,0.13359135,-0.28813577,0.21970472,0.13935673,-0.3033333,0.21768744",0.0
"0.0,0.0,0.0,2.8652207e-07,0.005789075,0.993462,-0.026783627,0.08216374,0.049404614","-0.8934496,-0.347453,-0.94931394","-0.085317954,-0.047772996,-0.1019854,-0.23091945,0.06942405,0.94869536,-0.026783627,0.08216374,0.049404614",0.0
"-0.085317954,-0.047772996,-0.1019854,-0.23091945,0.06942405,0.94869536,-0.026783627,0.08216374,0.049404614","-0.9347655,0.91015804,-0.99871254","-0.17458126,0.07736907,-0.20927776,-0.09839501,0.066903055,0.93802625,-0.026783627,0.08216374,0.049404614",0.0
"-0.17458126,0.07736907,-0.20927776,-0.09839501,0.066903055,0.93802625,-0.026783627,0.08216374,0.049404614","-0.6142948,0.18483377,-0.99339277","-0.23324193,0.102782786,-0.31599864,-0.14177686,0.13537133,0.8628659,-0.026783627,0.08216374,0.049404614",0.0
"-0.23324193,0.102782786,-0.31599864,-0.14177686,0.13537133,0.8628659,-0.026783627,0.08216374,0.049404614","-0.82067764,0.8007268,-0.9868911","-0.31161067,0.21287863,-0.42202103,-0.05437459,0.091264345,0.7983961,-0.026783627,0.08216374,0.049404614",0.0
"-0.31161067,0.21287863,-0.42202103,-0.05437459,0.091264345,0.7983961,-0.026783627,0.08216374,0.049404614","-0.29907393,0.7040949,-0.98975295","-0.34017006,0.30968806,-0.5283509,-0.018753758,0.04618516,0.70265067,-0.026783627,0.08216374,0.049404614",0.0
"-0.34017006,0.30968806,-0.5283509,-0.018753758,0.04618516,0.70265067,-0.026783627,0.08216374,0.049404614","-0.7142881,-0.12193948,-0.96862435","-0.4083794,0.29292205,-0.6324109,-0.03895446,0.15197325,0.5655082,-0.026783627,0.08216374,0.049404614",0.0
"-0.4083794,0.29292205,-0.6324109,-0.03895446,0.15197325,0.5655082,-0.026783627,0.08216374,0.049404614","-0.10267955,0.3566321,-0.9780592","-0.41818458,0.34195715,-0.73748446,-0.032046333,0.14469661,0.43005863,-0.026783627,0.08216374,0.049404614",0.0
"-0.41818458,0.34195715,-0.73748446,-0.032046333,0.14469661,0.43005863,-0.026783627,0.08216374,0.049404614","0.6072277,-0.079756916,-0.9859628","-0.36019874,0.330991,-0.8434071,-0.068059474,0.1584849,0.2618064,-0.026783627,0.08216374,0.049404614",0.0
"-0.36019874,0.330991,-0.8434071,-0.068059474,0.1584849,0.2618064,-0.026783627,0.08216374,0.049404614","0.0877682,-0.050421417,-0.86062115","-0.35181752,0.32405835,-0.93586427,-0.062660255,0.13763103,0.11798301,-0.026783627,0.08216374,0.049404614",0.0
"-0.35181752,0.32405835,-0.93586427,-0.062660255,0.13763103,0.11798301,-0.026783627,0.08216374,0.049404614","-0.18023354,0.15034401,-0.6872391","-0.36902854,0.3447299,-1.0,-0.037997022,0.10155183,0.032512765,-0.026783627,0.08216374,0.049404614",0.0
"-0.36902854,0.3447299,-1.0,-0.037997022,0.10155183,0.032512765,-0.026783627,0.08216374,0.049404614","0.113047004,0.23883367,-0.28258264","-0.35823336,0.3775683,-1.0,-0.037147872,0.09125867,0.040792085,-0.026783627,0.08216374,0.049404614",0.0
"0.0,0.0,0.0,2.8652207e-07,0.005789075,0.993462,0.009766082,0.036725145,-0.30644754","-0.9514108,-0.9392768,-0.9860942","-0.09085283,-0.12914573,-0.10593671,-0.39218524,0.12111402,0.8809907,0.009766082,0.036725145,-0.30644754",0.0
"-0.09085283,-0.12914573,-0.10593671,-0.39218524,0.12111402,0.8809907,0.009766082,0.036725145,-0.30644754","-0.93013257,-0.96672845,-0.96991783","-0.17967375,-0.26206595,-0.21013558,-0.60988706,0.39302298,0.5705404,0.009766082,0.036725145,-0.30644754",0.0
"-0.17967375,-0.26206595,-0.21013558,-0.60988706,0.39302298,0.5705404,0.009766082,0.036725145,-0.30644754","-0.95436376,-0.7982942,-0.99733126","-0.27080855,-0.3718273,-0.31727952,-0.55900973,0.6461105,0.19190925,0.009766082,0.036725145,-0.30644754",0.0
"-0.27080855,-0.3718273,-0.31727952,-0.55900973,0.6461105,0.19190925,0.009766082,0.036725145,-0.30644754","-0.34830904,-0.13452303,-0.9295659","-0.30406955,-0.39032355,-0.41714334,-0.47042835,0.6752399,0.00497403,0.009766082,0.036725145,-0.30644754",0.0
"-0.30406955,-0.39032355,-0.41714334,-0.47042835,0.6752399,0.00497403,0.009766082,0.036725145,-0.30644754","0.24748838,-0.41416788,-0.9592482","-0.2804362,-0.44726956,-0.52019596,-0.46410978,0.57167995,-0.23115686,0.009766082,0.036725145,-0.30644754",0.0
"-0.2804362,-0.44726956,-0.52019596,-0.46410978,0.57167995,-0.23115686,0.009766082,0.036725145,-0.30644754","0.49644148,-0.7184111,-0.97202176","-0.23302963,-0.54604745,-0.6246208,-0.41357693,0.3794573,-0.4605427,0.009766082,0.036725145,-0.30644754",0.0
"-0.23302963,-0.54604745,-0.6246208,-0.41357693,0.3794573,-0.4605427,0.009766082,0.036725145,-0.30644754","-0.8238406,0.7322123,-0.97967213","-0.31170043,-0.44537207,-0.72986764,-0.25938863,0.396483,-0.36060992,0.009766082,0.036725145,-0.30644754",0.0
"-0.31170043,-0.44537207,-0.72986764,-0.25938863,0.396483,-0.36060992,0.009766082,0.036725145,-0.30644754","-0.62995493,-0.68445,-0.9521922","-0.37185657,-0.53948045,-0.8321622,-0.10458125,0.2603726,-0.42932302,0.009766082,0.036725145,-0.30644754",0.0
"-0.37185657,-0.53948045,-0.8321622,-0.10458125,0.2603726,-0.42932302,0.009766082,0.036725145,-0.30644754","-0.7788982,-0.7401117,-0.94466627","-0.44623566,-0.6412421,-0.9336483,-0.012182627,0.105881914,-0.38627538,0.009766082,0.036725145,-0.30644754",0.0
"-0.44623566,-0.6412421,-0.9336483,-0.012182627,0.105881914,-0.38627538,0.009766082,0.036725145,-0.30644754","-0.8682686,-0.43391186,-0.9080456","-0.529149,-0.70090276,-1.0,0.008635437,0.030723196,-0.30786765,0.009766082,0.036725145,-0.30644754",0.0
"0.0,0.0,0.0,2.8652207e-07,0.005789075,0.993462,-0.020409357,-0.032046784,-0.30644754","0.6071911,-0.9750712,-0.96442187","0.057982337,-0.13406728,-0.103608444,-0.41142604,-0.06989772,0.8780133,-0.020409357,-0.032046784,-0.30644754",0.0
"0.057982337,-0.13406728,-0.103608444,-0.41142604,-0.06989772,0.8780133,-0.020409357,-0.032046784,-0.30644754","0.8352914,-0.9842178,-0.960749","0.1377466,-0.2693922,-0.20682229,-0.6682925,-0.30233845,0.56224924,-0.020409357,-0.032046784,-0.30644754",0.0
"0.1377466,-0.2693922,-0.20682229,-0.6682925,-0.30233845,0.56224924,-0.020409357,-0.032046784,-0.30644754","0.83257663,-0.68156433,-0.93307686","0.21725163,-0.3631038,-0.3070633,-0.6634344,-0.531801,0.22590855,-0.020409357,-0.032046784,-0.30644754",0.0
"0.21725163,-0.3631038,-0.3070633,-0.6634344,-0.531801,0.22590855,-0.020409357,-0.032046784,-0.30644754","0.8051226,-0.94342315,-0.95321536","0.294135,-0.4928197,-0.40946785,-0.50681037,-0.6615962,-0.19264947,-0.020409357,-0.032046784,-0.30644754",0.0
"0.294135,-0.4928197,-0.40946785,-0.50681037,-0.6615962,-0.19264947,-0.020409357,-0.032046784,-0.30644754","-0.71657044,-0.8957993,-0.8696463","0.22570772,-0.61598754,-0.50289446,-0.5146181,-0.43388078,-0.5100708,-0.020409357,-0.032046784,-0.30644754",0.0
"0.22570772,-0.61598754,-0.50289446,-0.5146181,-0.43388078,-0.5100708,-0.020409357,-0.032046784,-0.30644754","0.6488664,-0.873278,-0.9172067","0.28766975,-0.73605883,-0.6014305,-0.26571515,-0.3280714,-0.69061357,-0.020409357,-0.032046784,-0.30644754",0.0
"0.28766975,-0.73605883,-0.6014305,-0.26571515,-0.3280714,-0.69061357,-0.020409357,-0.032046784,-0.30644754","0.48833787,-0.4956138,-0.99627495","0.33430248,-0.8042032,-0.70846087,-0.10798941,-0.1767255,-0.6830036,-0.020409357,-0.032046784,-0.30644754",0.0
"0.33430248,-0.8042032,-0.70846087,-0.10798941,-0.1767255,-0.6830036,-0.020409357,-0.032046784,-0.30644754","-0.37103873,-0.4157943,-0.9350709","0.29887098,-0.8613729,-0.80891603,-0.034766555,-0.037695114,-0.5893245,-0.020409357,-0.032046784,-0.30644754",0.0
"0.29887098,-0.8613729,-0.80891603,-0.034766555,-0.037695114,-0.5893245,-0.020409357,-0.032046784,-0.30644754","0.14072394,0.2460258,-0.92447567","0.3123091,-0.82754564,-0.908233,-0.012886921,-0.008850222,-0.4489124,-0.020409357,-0.032046784,-0.30644754",0.0
"0.3123091,-0.82754564,-0.908233,-0.012886921,-0.008850222,-0.4489124,-0.020409357,-0.032046784,-0.30644754","0.519449,0.56915605,-0.9381561","0.3619127,-0.7492897,-1.0,-0.010847401,-0.009642693,-0.31050766,-0.020409357,-0.032046784,-0.30644754",0.0
"0.3619127,-0.7492897,-1.0,-0.010847401,-0.009642693,-0.31050766,-0.020409357,-0.032046784,-0.30644754","-0.118991494,0.36182165,-0.20489931","0.35054988,-0.69954115,-1.0,-0.01959103,-0.025818706,-0.30776256,-0.020409357,-0.032046784,-0.30644754",0.0
"0.0,0.0,0.0,2.8652207e-07,0.005789075,0.993462,0.0022807019,-0.0057894737,-0.7596475","-0.9993847,-0.998606,-0.976737","-0.095433995,-0.13730319,-0.104931474,-0.40442216,0.13108009,0.8735443,0.0022807019,-0.0057894737,-0.7596475",0.0
"-0.095433995,-0.13730319,-0.104931474,-0.40442216,0.13108009,0.8735443,0.0022807019,-0.0057894737,-0.7596475","-0.9997737,-0.7884139,-0.9689251","-0.19090512,-0.24570605,-0.20902373,-0.5765617,0.40124637,0.6006124,0.0022807019,-0.0057894737,-0.7596475",0.0
"-0.19090512,-0.24570605,-0.20902373,-0.5765617,0.40124637,0.6006124,0.0022807019,-0.0057894737,-0.7596475","-0.9995962,-0.9673672,-0.8909353","-0.2863593,-0.37871408,-0.30473745,-0.53066725,0.67752075,0.1969488,0.0022807019,-0.0057894737,-0.7596475",0.0
"-0.2863593,-0.37871408,-0.30473745,-0.53066725,0.67752075,0.1969488,0.0022807019,-0.0057894737,-0.7596475","-0.9608929,-0.9677169,-0.5717894","-0.3781176,-0.5117702,-0.36616513,-0.31797537,0.80494404,-0.1764667,0.0022807019,-0.0057894737,-0.7596475",0.0
"-0.3781176,-0.5117702,-0.36616513,-0.31797537,0.80494404,-0.1764667,0.0022807019,-0.0057894737,-0.7596475","0.5461447,-0.84270173,-0.530322","-0.32596475,-0.6276374,-0.4231379,-0.39152354,0.65441537,-0.47178876,0.0022807019,-0.0057894737,-0.7596475",0.0
"-0.32596475,-0.6276374,-0.4231379,-0.39152354,0.65441537,-0.47178876,0.0022807019,-0.0057894737,-0.7596475","0.8573475,-0.9431352,-0.5056358","-0.24409428,-0.7573136,-0.47745863,-0.40654653,0.39977506,-0.71518606,0.0022807019,-0.0057894737,-0.7596475",0.0
"-0.24409428,-0.7573136,-0.47745863,-0.40654653,0.39977506,-0.71518606,0.0022807019,-0.0057894737,-0.7596475","-0.6553767,-0.07283592,-0.8767936","-0.306678,-0.76732826,-0.57165307,-0.2390405,0.35410678,-0.7293424,0.0022807019,-0.0057894737,-0.7596475",0.0
"-0.306678,-0.76732826,-0.57165307,-0.2390405,0.35410678,-0.7293424,0.0022807019,-0.0057894737,-0.7596475","0.7997514,-0.11716455,-0.37010974","-0.23030753,-0.78343785,-0.61141413,-0.26115137,0.23841012,-0.7322319,0.0022807019,-0.0057894737,-0.7596475",0.0
"-0.23030753,-0.78343785,-0.61141413,-0.26115137,0.23841012,-0.7322319,0.0022807019,-0.0057894737,-0.7596475","-0.4525032,-0.9999949,-0.6994496","-0.2735183,-0.920932,-0.6865564,-0.056975912,0.07495161,-0.74798065,0.0022807019,-0.0057894737,-0.7596475",0.0
"-0.2735183,-0.920932,-0.6865564,-0.056975912,0.07495161,-0.74798065,0.0022807019,-0.0057894737,-0.7596475","0.8419728,-0.99746746,0.08529186","-0.19311883,-0.9999811,-0.67740256,0.0005506328,0.0066653546,-0.76824003,0.0022807019,-0.0057894737,-0.7596475",0.0
"0.0,0.0,0.0,2.8652207e-07,0.005789075,0.993462,-0.005146199,-0.0032163742,-0.31108937","-0.9994377,-0.9810697,-0.95590454","-0.095439054,-0.13489205,-0.10269342,-0.3974663,0.1289367,0.87795776,-0.005146199,-0.0032163742,-0.31108937",0.0
"-0.095439054,-0.13489205,-0.10269342,-0.3974663,0.1289367,0.87795776,-0.005146199,-0.0032163742,-0.31108937","-0.99716264,-0.96959966,-0.9694854","-0.19066085,-0.268207,-0.20684583,-0.60123277,0.4174352,0.5643336,-0.005146199,-0.0032163742,-0.31108937",0.0
"-0.19066085,-0.268207,-0.20684583,-0.60123277,0.4174352,0.5643336,-0.005146199,-0.0032163742,-0.31108937","-0.3872035,-0.8468146,-0.96915257","-0.22763598,-0.38463968,-0.3109625,-0.647804,0.5702906,0.17484625,-0.005146199,-0.0032163742,-0.31108937",0.0
"-0.22763598,-0.38463968,-0.3109625,-0.647804,0.5702906,0.17484625,-0.005146199,-0.0032163742,-0.31108937","-0.9668268,-0.72347116,-0.99620396","-0.3199609,-0.4841133,-0.4179853,-0.43853703,0.7016421,-0.18559532,-0.005146199,-0.0032163742,-0.31108937",0.0
"-0.3199609,-0.4841133,-0.4179853,-0.43853703,0.7016421,-0.18559532,-0.005146199,-0.0032163742,-0.31108937","-0.5971837,-0.94842315,-0.99299437","-0.3769876,-0.6145167,-0.52466327,-0.23805599,0.60038894,-0.51981443,-0.005146199,-0.0032163742,-0.31108937",0.0
"-0.3769876,-0.6145167,-0.52466327,-0.23805599,0.60038894,-0.51981443,-0.005146199,-0.0032163742,-0.31108937","-0.98900414,-0.85628057,-0.96212566","-0.47143033,-0.73225087,-0.628025,-0.029172374,0.38875923,-0.6795395,-0.005146199,-0.0032163742,-0.31108937",0.0
"-0.47143033,-0.73225087,-0.628025,-0.029172374,0.38875923,-0.6795395,-0.005146199,-0.0032163742,-0.31108937","-0.99700165,-0.8050273,-0.9922956","-0.56663674,-0.84293807,-0.7346278,0.03392361,0.13180992,-0.673828,-0.005146199,-0.0032163742,-0.31108937",0.0
"-0.56663674,-0.84293807,-0.7346278,0.03392361,0.13180992,-0.673828,-0.005146199,-0.0032163742,-0.31108937","-0.99902534,-0.17359537,-0.9966585","-0.6620364,-0.86680657,-0.84169936,0.016437888,0.017572634,-0.5454827,-0.005146199,-0.0032163742,-0.31108937",0.0
"-0.6620364,-0.86680657,-0.84169936,0.016437888,0.017572634,-0.5454827,-0.005146199,-0.0032163742,-0.31108937","-0.9689598,0.3439902,-0.9759337","-0.75456506,-0.81950974,-0.94654447,0.0055788904,-0.0026516877,-0.39211705,-0.005146199,-0.0032163742,-0.31108937",0.0
"-0.75456506,-0.81950974,-0.94654447,0.0055788904,-0.0026516877,-0.39211705,-0.005146199,-0.0032163742,-0.31108937","-0.99345255,0.49999928,-0.81638026","-0.8494326,-0.7507625,-1.0,0.013992478,0.0006571804,-0.31055447,-0.005146199,-0.0032163742,-0.31108937",0.0
"-0.8494326,-0.7507625,-1.0,0.013992478,0.0006571804,-0.31055447,-0.005146199,-0.0032163742,-0.31108937","-0.825048,0.3526641,-0.89318913","-0.9282187,-0.7022731,-1.0,0.03138895,0.0012607776,-0.30797175,-0.005146199,-0.0032163742,-0.31108937",0.0
"-0.9282187,-0.7022731,-1.0,0.03138895,0.0012607776,-0.30797175,-0.005146199,-0.0032163742,-0.31108937","-0.7801844,-0.17143989,-0.6022368","-0.99999994,-0.7258453,-1.0,0.022097722,-0.005789668,-0.309495,-0.005146199,-0.0032163742,-0.31108937",0.0
"-0.99999994,-0.7258453,-1.0,0.022097722,-0.005789668,-0.309495,-0.005146199,-0.0032163742,-0.31108937","-0.48822242,0.2663169,-0.7264764","-0.99999994,-0.6892281,-1.0,0.03570062,-0.0057897833,-0.30691236,-0.005146199,-0.0032163742,-0.31108937",0.0
"-0.99999994,-0.6892281,-1.0,0.03570062,-0.0057897833,-0.30691236,-0.005146199,-0.0032163742,-0.31108937","-0.6942463,-0.24869472,-0.681485","-0.99999994,-0.72342247,-1.0,0.023003085,-0.0057896674,-0.30936176,-0.005146199,-0.0032163742,-0.31108937",0.0
"-0.99999994,-0.72342247,-1.0,0.023003085,-0.0057896674,-0.30936176,-0.005146199,-0.0032163742,-0.31108937","-0.6029316,-0.3493743,-0.6262589","-0.99999994,-0.77145964,-1.0,0.0049655987,-0.005789644,-0.3110019,-0.005146199,-0.0032163742,-0.31108937",0.0
"0.0,0.0,0.0,2.8652207e-07,0.005789075,0.993462,-0.009766082,0.036725145,-0.30644754","-0.9733544,-0.98735934,-0.9883068","-0.09294829,-0.13575684,-0.106174424,-0.40394565,0.12747072,0.87406135,-0.009766082,0.036725145,-0.30644754",0.0
"-0.09294829,-0.13575684,-0.106174424,-0.40394565,0.12747072,0.87406135,-0.009766082,0.036725145,-0.30644754","-0.4095121,-0.26491928,-0.98941606","-0.13205372,-0.17218189,-0.21246803,-0.54079264,0.2445024,0.7124047,-0.009766082,0.036725145,-0.30644754",0.0
"-0.13205372,-0.17218189,-0.21246803,-0.54079264,0.2445024,0.7124047,-0.009766082,0.036725145,-0.30644754","-0.93858373,-0.8186356,-0.97456896","-0.22168165,-0.2847401,-0.3171666,-0.59972405,0.5090432,0.366908,-0.009766082,0.036725145,-0.30644754",0.0
"-0.22168165,-0.2847401,-0.3171666,-0.59972405,0.5090432,0.366908,-0.009766082,0.036725145,-0.30644754","0.08038056,-0.736539,-0.97591656","-0.21400589,-0.38601044,-0.4220099,-0.63712186,0.514573,0.006763532,-0.009766082,0.036725145,-0.30644754",0.0
"-0.21400589,-0.38601044,-0.4220099,-0.63712186,0.514573,0.006763532,-0.009766082,0.036725145,-0.30644754","0.22134662,-0.92271,-0.9074692","-0.19286889,-0.51287836,-0.5194999,-0.58455974,0.4120606,-0.34685105,-0.009766082,0.036725145,-0.30644754",0.0
"-0.19286889,-0.51287836,-0.5194999,-0.58455974,0.4120606,-0.34685105,-0.009766082,0.036725145,-0.30644754","0.61695874,-0.09447527,-0.98085237","-0.13395381,-0.5258683,-0.6248734,-0.5214174,0.23971228,-0.4326909,-0.009766082,0.036725145,-0.30644754",0.0
"-0.13395381,-0.5258683,-0.6248734,-0.5214174,0.23971228,-0.4326909,-0.009766082,0.036725145,-0.30644754","-0.8343679,-0.2567187,-0.7435634","-0.21362989,-0.56116587,-0.7047549,-0.34049264,0.27778178,-0.48866555,-0.009766082,0.036725145,-0.30644754",0.0
"-0.21362989,-0.56116587,-0.7047549,-0.34049264,0.27778178,-0.48866555,-0.009766082,0.036725145,-0.30644754","-0.31645608,-0.37400222,-0.8530067","-0.24384916,-0.6125893,-0.7963939,-0.1957929,0.19640312,-0.5004064,-0.009766082,0.036725145,-0.30644754",0.0
"-0.24384916,-0.6125893,-0.7963939,-0.1957929,0.19640312,-0.5004064,-0.009766082,0.036725145,-0.30644754","-0.9091785,-0.55281174,-0.9788364","-0.3306691,-0.6885981,-0.9015508,-0.049855217,0.09612115,-0.4370629,-0.009766082,0.036725145,-0.30644754",0.0
"-0.3306691,-0.6885981,-0.9015508,-0.049855217,0.09612115,-0.4370629,-0.009766082,0.036725145,-0.30644754","-0.55753815,-0.44847143,-0.9229378","-0.38390997,-0.7502606,-1.0,0.000791951,0.014157649,-0.31053877,-0.009766082,0.036725145,-0.30644754",0.0
"-0.38390997,-0.7502606,-1.0,0.000791951,0.014157649,-0.31053877,-0.009766082,0.036725145,-0.30644754","-0.57554924,0.91490173,-0.77433693","-0.43887073,-0.62446636,-1.0,-0.0056059686,0.059165183,-0.2994082,-0.009766082,0.036725145,-0.30644754",0.0
"-0.43887073,-0.62446636,-1.0,-0.0056059686,0.059165183,-0.2994082,-0.009766082,0.036725145,-0.30644754","-0.37739468,0.31676948,-0.9808164","-0.4749092,-0.58091223,-1.0,-7.733409e-05,0.07450612,-0.29231516,-0.009766082,0.036725145,-0.30644754",0.0
"-0.4749092,-0.58091223,-1.0,-7.733409e-05,0.07450612,-0.29231516,-0.009766082,0.036725145,-0.30644754","0.19444251,-0.407066,-0.94170475","-0.45634133,-0.63688177,-1.0,-0.0017477489,0.055007264,-0.30113268,-0.009766082,0.036725145,-0.30644754",0.0
"-0.45634133,-0.63688177,-1.0,-0.0017477489,0.055007264,-0.30113268,-0.009766082,0.036725145,-0.30644754","0.28268182,0.47651982,-0.85145974","-0.42934728,-0.5713628,-1.0,-0.011416483,0.07688691,-0.29054722,-0.009766082,0.036725145,-0.30644754",0.0
"-0.42934728,-0.5713628,-1.0,-0.011416483,0.07688691,-0.29054722,-0.009766082,0.036725145,-0.30644754","-0.6499696,0.3165455,-0.4503156","-0.49141464,-0.5278395,-1.0,0.003312074,0.091925226,-0.28155258,-0.009766082,0.036725145,-0.30644754",0.0
"-0.49141464,-0.5278395,-1.0,0.003312074,0.091925226,-0.28155258,-0.009766082,0.036725145,-0.30644754","0.955088,-0.42310357,-0.6561526","-0.40021065,-0.5860141,-1.0,-0.01686305,0.07079017,-0.29322872,-0.009766082,0.036725145,-0.30644754",0.0
"-0.40021065,-0.5860141,-1.0,-0.01686305,0.07079017,-0.29322872,-0.009766082,0.036725145,-0.30644754","-0.3975563,-0.18491346,-0.82928735","-0.4381744,-0.6114388,-1.0,-0.0066209803,0.06365525,-0.2974556,-0.009766082,0.036725145,-0.30644754",0.0
"-0.4381744,-0.6114388,-1.0,-0.0066209803,0.06365525,-0.2974556,-0.009766082,0.036725145,-0.30644754","0.44703794,-0.23967314,-0.85081667","-0.39548552,-0.64439267,-1.0,-0.011300276,0.05112453,-0.30211082,-0.009766082,0.036725145,-0.30644754",0.0
"0.0,0.0,0.0,2.8652207e-07,0.005789075,0.993462,-0.8263743,0.14374268,0.12066658","-0.86474997,-0.9997464,-0.96101576","-0.082577355,-0.13746,-0.103242524,-0.40778506,0.114218146,0.8748499,-0.8263743,0.14374268,0.12066658",0.0
"-0.082577355,-0.13746,-0.103242524,-0.40778506,0.114218146,0.8748499,-0.8263743,0.14374268,0.12066658","-0.44424176,-0.9892816,-0.9565525","-0.12499922,-0.27348113,-0.20600554,-0.68001044,0.28793448,0.5560817,-0.8263743,0.14374268,0.12066658",0.0
"-0.12499922,-0.27348113,-0.20600554,-0.68001044,0.28793448,0.5560817,-0.8263743,0.14374268,0.12066658","0.7755259,-0.73537517,-0.97879004","-0.050942123,-0.37459144,-0.31115755,-0.84518987,0.14229502,0.195626,-0.8263743,0.14374268,0.12066658",0.0
"-0.050942123,-0.37459144,-0.31115755,-0.84518987,0.14229502,0.195626,-0.8263743,0.14374268,0.12066658","-0.007024586,0.1679647,-0.531288","-0.05161292,-0.35149717,-0.3682342,-0.8185403,0.1397658,0.15541938,-0.8263743,0.14374268,0.12066658",0.0
"-0.05161292,-0.35149717,-0.3682342,-0.8185403,0.1397658,0.15541938,-0.8263743,0.14374268,0.12066658","-0.019639492,-0.03768164,-0.12128568","-0.053488348,-0.35667825,-0.38126397,-0.8158702,0.14427502,0.12522255,-0.8263743,0.14374268,0.12066658",0.0
"0.0,0.0,0.0,2.8652207e-07,0.005789075,0.993462,0.0036257312,-0.037836257,-0.30644754","0.97163856,-0.9908499,-0.95503336","0.09278442,-0.13623677,-0.10259984,-0.40425265,-0.115246795,0.8766635,0.0036257312,-0.037836257,-0.30644754",0.0
"0.09278442,-0.13623677,-0.10259984,-0.40425265,-0.115246795,0.8766635,0.0036257312,-0.037836257,-0.30644754","0.7565048,-0.98488164,-0.97474074","0.16502514,-0.27165294,-0.20731685,-0.6427943,-0.36004642,0.55748516,0.0036257312,-0.037836257,-0.30644754",0.0
"0.16502514,-0.27165294,-0.20731685,-0.6427943,-0.36004642,0.55748516,0.0036257312,-0.037836257,-0.30644754","0.5079659,-0.84590656,-0.98946","0.2135322,-0.38796076,-0.31361514,-0.6806682,-0.53279424,0.16375147,0.0036257312,-0.037836257,-0.30644754",0.0
"0.2135322,-0.38796076,-0.31361514,-0.6806682,-0.53279424,0.16375147,0.0036257312,-0.037836257,-0.30644754","0.4535818,-0.9238057,-0.9318212","0.25684598,-0.5149793,-0.41372126,-0.575103,-0.5920213,-0.24266031,0.0036257312,-0.037836257,-0.30644754",0.0
"0.25684598,-0.5149793,-0.41372126,-0.575103,-0.5920213,-0.24266031,0.0036257312,-0.037836257,-0.30644754","0.96344495,-0.5130982,-0.89988583","0.348848,-0.5855277,-0.5103965,-0.31854892,-0.6069744,-0.46431628,0.0036257312,-0.037836257,-0.30644754",0.0
"0.348848,-0.5855277,-0.5103965,-0.31854892,-0.6069744,-0.46431628,0.0036257312,-0.037836257,-0.30644754","0.877573,-0.6599753,-0.9980715","0.43264985,-0.67627096,-0.6176199,-0.10280954,-0.4510641,-0.6234468,0.0036257312,-0.037836257,-0.30644754",0.0
"0.43264985,-0.67627096,-0.6176199,-0.10280954,-0.4510641,-0.6234468,0.0036257312,-0.037836257,-0.30644754","0.83190525,-0.79952615,-0.9897363","0.51209074,-0.7862017,-0.7239478,0.002135262,-0.20862433,-0.6603574,0.0036257312,-0.037836257,-0.30644754",0.0
"0.51209074,-0.7862017,-0.7239478,0.002135262,-0.20862433,-0.6603574,0.0036257312,-0.037836257,-0.30644754","0.49590015,-0.6664864,-0.9551418","0.5594456,-0.8778402,-0.82655925,-0.0012933392,-0.024337068,-0.5670803,0.0036257312,-0.037836257,-0.30644754",0.0
"0.5594456,-0.8778402,-0.82655925,-0.0012933392,-0.024337068,-0.5670803,0.0036257312,-0.037836257,-0.30644754","-0.6126184,0.67400444,-0.9089398","0.50094503,-0.7851682,-0.92420715,-0.005693515,-0.03229652,-0.42344886,0.0036257312,-0.037836257,-0.30644754",0.0
"0.50094503,-0.7851682,-0.92420715,-0.005693515,-0.03229652,-0.42344886,0.0036257312,-0.037836257,-0.30644754","0.5676564,0.43077183,-0.7130725","0.55515206,-0.7259393,-1.0,-0.0018991106,-0.022730557,-0.30950007,0.0036257312,-0.037836257,-0.30644754",0.0
"0.0,0.0,0.0,2.8652207e-07,0.005789075,0.993462,0.21029241,-0.33245614,0.123935476","-0.5062798,0.9951478,-0.97842276","-0.048346035,0.13682772,-0.10511261,0.14702725,-0.01664785,0.96901804,0.21029241,-0.33245614,0.123935476",0.0
"-0.048346035,0.13682772,-0.10511261,0.14702725,-0.01664785,0.96901804,0.21029241,-0.33245614,0.123935476","-0.9839873,0.9987893,-0.9112447","-0.14230967,0.27415615,-0.20300825,0.26752993,-0.12184931,0.897263,0.21029241,-0.33245614,0.123935476",0.0
"-0.14230967,0.27415615,-0.20300825,0.26752993,-0.12184931,0.897263,0.21029241,-0.33245614,0.123935476","-0.96814156,0.99291205,-0.92477924","-0.23476015,0.41067648,-0.3023579,0.30861965,-0.27257657,0.78537977,0.21029241,-0.33245614,0.123935476",0.0
"-0.23476015,0.41067648,-0.3023579,0.30861965,-0.27257657,0.78537977,0.21029241,-0.33245614,0.123935476","-0.70792794,0.9545727,-0.909852","-0.30236214,0.5419254,-0.400104,0.289713,-0.3950933,0.64903224,0.21029241,-0.33245614,0.123935476",0.0
"-0.30236214,0.5419254,-0.400104,0.289713,-0.3950933,0.64903224,0.21029241,-0.33245614,0.123935476","0.3501426,0.9551418,-0.9826166","-0.26892605,0.67325246,-0.50566715,0.3495411,-0.38507092,0.49627036,0.21029241,-0.33245614,0.123935476",0.0
"-0.26892605,0.67325246,-0.50566715,0.3495411,-0.38507092,0.49627036,0.21029241,-0.33245614,0.123935476","-0.7697612,0.9952893,-0.9889978","-0.34243268,0.8100997,-0.6119158,0.24926116,-0.4495436,0.33205393,0.21029241,-0.33245614,0.123935476",0.0
"-0.34243268,0.8100997,-0.6119158,0.24926116,-0.4495436,0.33205393,0.21029241,-0.33245614,0.123935476","0.30458188,0.9791486,-0.9565985","-0.3133473,0.9447277,-0.7146838,0.2641453,-0.38714778,0.1795773,0.21029241,-0.33245614,0.123935476",0.0
"-0.3133473,0.9447277,-0.7146838,0.2641453,-0.38714778,0.1795773,0.21029241,-0.33245614,0.123935476","0.10180688,0.5605241,-0.73267967","-0.30362418,0.9999808,-0.7933919,0.22913043,-0.313037,0.12374365,0.21029241,-0.33245614,0.123935476",0.0
"-0.30362418,0.9999808,-0.7933919,0.22913043,-0.313037,0.12374365,0.21029241,-0.33245614,0.123935476","-0.27955806,0.2069993,0.049027085","-0.33031863,0.9999808,-0.78812057,0.20584369,-0.33746856,0.12396024,0.21029241,-0.33245614,0.123935476",0.0
"0.0,0.0,0.0,2.8652207e-07,0.005789075,0.993462,0.31397662,0.23701754,0.123935476","0.18800163,0.9925163,-0.9407251","0.017952804,0.13646589,-0.10106273,0.1521708,0.014389949,0.9690858,0.31397662,0.23701754,0.123935476",0.0
"0.017952804,0.13646589,-0.10106273,0.1521708,0.014389949,0.9690858,0.31397662,0.23701754,0.123935476","0.85724163,0.98919773,-0.92352784","0.09981317,0.27247554,-0.20027797,0.27825218,0.096315265,0.8983271,0.31397662,0.23701754,0.123935476",0.0
"0.09981317,0.27247554,-0.20027797,0.27825218,0.096315265,0.8983271,0.31397662,0.23701754,0.123935476","0.86830926,0.887316,-0.98893404","0.1827304,0.39447698,-0.30651984,0.3135022,0.2096424,0.8011501,0.31397662,0.23701754,0.123935476",0.0
"0.1827304,0.39447698,-0.30651984,0.3135022,0.2096424,0.8011501,0.31397662,0.23701754,0.123935476","0.77452433,0.824563,-0.9321967","0.25669187,0.5078502,-0.4066664,0.29232508,0.313248,0.6874072,0.31397662,0.23701754,0.123935476",0.0
"0.25669187,0.5078502,-0.4066664,0.29232508,0.313248,0.6874072,0.31397662,0.23701754,0.123935476","-0.09257895,0.9907267,-0.91488904","0.24785125,0.64407,-0.50495356,0.34119233,0.3447503,0.53202486,0.31397662,0.23701754,0.123935476",0.0
"0.24785125,0.64407,-0.50495356,0.34119233,0.3447503,0.53202486,0.31397662,0.23701754,0.123935476","-0.25044918,0.8157263,-0.9536523","0.22393517,0.75622827,-0.60740507,0.3543048,0.3081535,0.39670506,0.31397662,0.23701754,0.123935476",0.0
"0.22393517,0.75622827,-0.60740507,0.3543048,0.3081535,0.39670506,0.31397662,0.23701754,0.123935476","0.15937829,0.88072574,-0.87543505","0.23915464,0.87732357,-0.7014536,0.31979522,0.3066366,0.2544417,0.31397662,0.23701754,0.123935476",0.0
"0.23915464,0.87732357,-0.7014536,0.31979522,0.3066366,0.2544417,0.31397662,0.23701754,0.123935476","-0.037801743,0.79626036,-0.566797","0.23554486,0.9868053,-0.76234496,0.30983204,0.29073694,0.13703302,0.31397662,0.23701754,0.123935476",0.0
"0.23554486,0.9868053,-0.76234496,0.30983204,0.29073694,0.13703302,0.31397662,0.23701754,0.123935476","-0.38675964,0.61895645,-0.2764287","0.19861344,0.9999808,-0.7920377,0.3129515,0.23243047,0.12381092,0.31397662,0.23701754,0.123935476",0.0
"0.0,0.0,0.0,2.8652207e-07,0.005789075,0.993462,0.0031578948,0.0053216373,-0.7596475","-0.99950784,-0.99706036,-0.98021996","-0.09544575,-0.13709067,-0.10530564,-0.40443859,0.13110153,0.8734383,0.0031578948,0.0053216373,-0.7596475",0.0
"-0.09544575,-0.13709067,-0.10530564,-0.40443859,0.13110153,0.8734383,0.0031578948,0.0053216373,-0.7596475","-0.9996979,-0.9352102,-0.79595137","-0.19090964,-0.2656773,-0.19081518,-0.5903162,0.41066378,0.5915213,0.0031578948,0.0053216373,-0.7596475",0.0
"-0.19090964,-0.2656773,-0.19081518,-0.5903162,0.41066378,0.5915213,0.0031578948,0.0053216373,-0.7596475","-0.9995153,-0.98026085,-0.97254044","-0.2863561,-0.40045813,-0.2952958,-0.53953,0.6886666,0.16555826,0.0031578948,0.0053216373,-0.7596475",0.0
"-0.2863561,-0.40045813,-0.2952958,-0.53953,0.6886666,0.16555826,0.0031578948,0.0053216373,-0.7596475","-0.9819478,-0.5453193,-0.949256","-0.380125,-0.4754368,-0.39727494,-0.3053096,0.78775823,-0.14148432,0.0031578948,0.0053216373,-0.7596475",0.0
"-0.380125,-0.4754368,-0.39727494,-0.3053096,0.78775823,-0.14148432,0.0031578948,0.0053216373,-0.7596475","-0.12090224,-0.99088264,-0.516264","-0.39167026,-0.6116781,-0.45273745,-0.24110289,0.698228,-0.46736312,0.0031578948,0.0053216373,-0.7596475",0.0
"-0.39167026,-0.6116781,-0.45273745,-0.24110289,0.698228,-0.46736312,0.0031578948,0.0053216373,-0.7596475","0.82862663,-0.5270209,-0.46607393","-0.31254244,-0.6841408,-0.50280803,-0.33613437,0.5136312,-0.61719674,0.0031578948,0.0053216373,-0.7596475",0.0
"-0.31254244,-0.6841408,-0.50280803,-0.33613437,0.5136312,-0.61719674,0.0031578948,0.0053216373,-0.7596475","0.56764007,-0.6077466,-0.15941262","-0.25833693,-0.7677029,-0.51993376,-0.33913454,0.36579356,-0.73437476,0.0031578948,0.0053216373,-0.7596475",0.0
"-0.25833693,-0.7677029,-0.51993376,-0.33913454,0.36579356,-0.73437476,0.0031578948,0.0053216373,-0.7596475","-0.35798383,0.6184772,-0.66387725","-0.29252177,-0.68266547,-0.5912545,-0.2944784,0.39545935,-0.632086,0.0031578948,0.0053216373,-0.7596475",0.0
"-0.29252177,-0.68266547,-0.5912545,-0.2944784,0.39545935,-0.632086,0.0031578948,0.0053216373,-0.7596475","0.30075276,-0.13064718,-0.23435152","-0.26380208,-0.7006288,-0.61643094,-0.2927922,0.3279201,-0.6504096,0.0031578948,0.0053216373,-0.7596475",0.0
"-0.26380208,-0.7006288,-0.61643094,-0.2927922,0.3279201,-0.6504096,0.0031578948,0.0053216373,-0.7596475","-0.239833,-0.99999106,0.1643244","-0.2867044,-0.8381225,-0.5987774,-0.18305099,0.24033248,-0.78217316,0.0031578948,0.0053216373,-0.7596475",0.0
"-0.2867044,-0.8381225,-0.5987774,-0.18305099,0.24033248,-0.78217316,0.0031578948,0.0053216373,-0.7596475","0.66866565,-0.9861871,-0.5240317","-0.22285168,-0.9737181,-0.6550745,-0.04015329,0.041398697,-0.79298776,0.0031578948,0.0053216373,-0.7596475",0.0
"-0.22285168,-0.9737181,-0.6550745,-0.04015329,0.041398697,-0.79298776,0.0031578948,0.0053216373,-0.7596475","-0.19359076,-0.9997894,-0.63689864","-0.24134108,-0.999981,-0.7235039,0.026930561,-0.017530087,-0.7078721,0.0031578948,0.0053216373,-0.7596475",0.0
"-0.24134108,-0.999981,-0.7235039,0.026930561,-0.017530087,-0.7078721,0.0031578948,0.0053216373,-0.7596475","-0.21002758,-0.19438225,0.36571622","-0.2614,-0.9999811,-0.6842235,0.0057769627,0.002291171,-0.75963116,0.0031578948,0.0053216373,-0.7596475",0.0
"0.0,0.0,0.0,2.8652207e-07,0.005789075,0.993462,-0.37017545,-0.13321637,0.123935476","0.11749065,-0.62577224,-0.9951847","0.0112195,-0.08604046,-0.10691333,-0.32589823,-0.0056989957,0.9189557,-0.37017545,-0.13321637,0.123935476",0.0
"0.0112195,-0.08604046,-0.10691333,-0.32589823,-0.0056989957,0.9189557,-0.37017545,-0.13321637,0.123935476","0.27558947,0.42194843,-0.9631709","0.037536293,-0.02802472,-0.21038741,-0.33062762,-0.03334092,0.87889916,-0.37017545,-0.13321637,0.123935476",0.0
"0.037536293,-0.02802472,-0.21038741,-0.33062762,-0.03334092,0.87889916,-0.37017545,-0.13321637,0.123935476","-0.31201124,0.57116365,-0.96452934","0.0077414904,0.05050736,-0.31400746,-0.29257572,-0.0013261989,0.8337241,-0.37017545,-0.13321637,0.123935476",0.0
"0.0077414904,0.05050736,-0.31400746,-0.29257572,-0.0013261989,0.8337241,-0.37017545,-0.13321637,0.123935476","0.3378247,-0.6151898,-0.99045634","0.0400013,-0.03407806,-0.4204128,-0.5076377,-0.058296226,0.61008483,-0.37017545,-0.13321637,0.123935476",0.0
"0.0400013,-0.03407806,-0.4204128,-0.5076377,-0.058296226,0.61008483,-0.37017545,-0.13321637,0.123935476","0.41263223,-0.11675155,-0.9915109","0.07940468,-0.0501308,-0.52693146,-0.5382009,-0.13114019,0.42556724,-0.37017545,-0.13321637,0.123935476",0.0
"0.07940468,-0.0501308,-0.52693146,-0.5382009,-0.13114019,0.42556724,-0.37017545,-0.13321637,0.123935476","-0.022924066,0.37708604,-0.98875964","0.077215604,0.001716582,-0.6331546,-0.47589245,-0.11179726,0.3269642,-0.37017545,-0.13321637,0.123935476",0.0
"0.077215604,0.001716582,-0.6331546,-0.47589245,-0.11179726,0.3269642,-0.37017545,-0.13321637,0.123935476","0.20965981,0.10745156,-0.913646","0.097236596,0.01649061,-0.7313082,-0.41714966,-0.12547743,0.19835933,-0.37017545,-0.13321637,0.123935476",0.0
"0.097236596,0.01649061,-0.7313082,-0.41714966,-0.12547743,0.19835933,-0.37017545,-0.13321637,0.123935476","0.039486885,0.032722473,-0.41299474","0.101007305,0.020989774,-0.7756765,-0.3854216,-0.12048757,0.14197543,-0.37017545,-0.13321637,0.123935476",0.0
"0.101007305,0.020989774,-0.7756765,-0.3854216,-0.12048757,0.14197543,-0.37017545,-0.13321637,0.123935476","0.13213956,-0.020119667,-0.15537363","0.11362567,0.018223414,-0.79236835,-0.36970732,-0.13170108,0.117437184,-0.37017545,-0.13321637,0.123935476",0.0
"0.0,0.0,0.0,2.8652207e-07,0.005789075,0.993462,0.020000001,0.31175438,0.24253106","-0.9269469,-0.88559675,-0.997144","-0.08851671,-0.121765,-0.10712381,-0.3805244,0.114652775,0.8872604,0.020000001,0.31175438,0.24253106",0.0
"-0.08851671,-0.121765,-0.10712381,-0.3805244,0.114652775,0.8872604,0.020000001,0.31175438,0.24253106","-0.99151844,0.30051255,-0.98362994","-0.18319952,-0.08044608,-0.21279582,-0.36115903,0.24122503,0.8273856,0.020000001,0.31175438,0.24253106",0.0
"-0.18319952,-0.08044608,-0.21279582,-0.36115903,0.24122503,0.8273856,0.020000001,0.31175438,0.24253106","-0.9317158,0.3868345,-0.99576616","-0.27217162,-0.027258318,-0.31977162,-0.2822416,0.3334015,0.75754476,0.020000001,0.31175438,0.24253106",0.0
"-0.27217162,-0.027258318,-0.31977162,-0.2822416,0.3334015,0.75754476,0.020000001,0.31175438,0.24253106","-0.9712772,0.6913377,-0.99792093","-0.36492154,0.06779707,-0.42697895,-0.14273654,0.32998145,0.7092851,0.020000001,0.31175438,0.24253106",0.0
"-0.36492154,0.06779707,-0.42697895,-0.14273654,0.32998145,0.7092851,0.020000001,0.31175438,0.24253106","-0.71550506,0.51310146,-0.9841892","-0.43324706,0.13834591,-0.5327111,-0.06022046,0.3107516,0.6194628,0.020000001,0.31175438,0.24253106",0.0
"-0.43324706,0.13834591,-0.5327111,-0.06022046,0.3107516,0.6194628,0.020000001,0.31175438,0.24253106","-0.5923307,-0.11226636,-0.9704147","-0.48981035,0.12290988,-0.63696337,-0.0059954925,0.36815152,0.44839367,0.020000001,0.31175438,0.24253106",0.0
"-0.48981035,0.12290988,-0.63696337,-0.0059954925,0.36815152,0.44839367,0.020000001,0.31175438,0.24253106","-0.22317356,-0.2518164,-0.90192616","-0.5111218,0.08828642,-0.7338579,0.019240307,0.38466907,0.2666341,0.020000001,0.31175438,0.24253106",0.0
"-0.5111218,0.08828642,-0.7338579,0.019240307,0.38466907,0.2666341,0.020000001,0.31175438,0.24253106","0.118581295,0.32929075,-0.13887751","-0.49979815,0.1335622,-0.7487777,0.0055719563,0.3450034,0.28443533,0.020000001,0.31175438,0.24253106",0.0
"-0.49979815,0.1335622,-0.7487777,0.0055719563,0.3450034,0.28443533,0.020000001,0.31175438,0.24253106","-0.12700129,0.025275946,-0.35225832","-0.5119258,0.13703753,-0.78662115,0.018071536,0.32752264,0.23050664,0.020000001,0.31175438,0.24253106",0.0
"-0.5119258,0.13703753,-0.78662115,0.018071536,0.32752264,0.23050664,0.020000001,0.31175438,0.24253106","0.12874067,-0.10969484,0.10042715","-0.49963203,0.12195507,-0.77583224,0.005393974,0.34314406,0.23410393,0.020000001,0.31175438,0.24253106",0.0
"-0.49963203,0.12195507,-0.77583224,0.005393974,0.34314406,0.23410393,0.020000001,0.31175438,0.24253106","0.040963054,0.1076324,-0.003898859","-0.49572036,0.13675398,-0.7762512,0.0013181085,0.33266824,0.24567969,0.020000001,0.31175438,0.24253106",0.0
"-0.49572036,0.13675398,-0.7762512,0.0013181085,0.33266824,0.24567969,0.020000001,0.31175438,0.24253106","-0.18886805,0.07132089,-0.266873","-0.51375586,0.14656025,-0.8049216,0.019311853,0.3125625,0.21104233,0.020000001,0.31175438,0.24253106",0.0
"-0.51375586,0.14656025,-0.8049216,0.019311853,0.3125625,0.21104233,0.020000001,0.31175438,0.24253106","0.00635159,-0.01313597,0.19123554","-0.5131494,0.14475414,-0.78437716,0.019150661,0.32310656,0.2399695,0.020000001,0.31175438,0.24253106",0.0
"0.0,0.0,0.0,2.8652207e-07,0.005789075,0.993462,-0.3033918,-0.677193,0.1668234","-0.61060655,-0.9841709,-0.9751359","-0.0583085,-0.13531844,-0.10475947,-0.4129514,0.08239047,0.87574214,-0.3033918,-0.677193,0.1668234",0.0
"-0.0583085,-0.13531844,-0.10475947,-0.4129514,0.08239047,0.87574214,-0.3033918,-0.677193,0.1668234","0.99999046,-0.96919626,-0.9704776","0.03718333,-0.26857796,-0.20901847,-0.729277,-0.07975124,0.56055284,-0.3033918,-0.677193,0.1668234",0.0
"0.03718333,-0.26857796,-0.20901847,-0.729277,-0.07975124,0.56055284,-0.3033918,-0.677193,0.1668234","0.99689484,-0.8084361,-0.95999503","0.13237955,-0.3797338,-0.31215134,-0.789015,-0.34213498,0.18331705,-0.3033918,-0.677193,0.1668234",0.0
"0.13237955,-0.3797338,-0.31215134,-0.789015,-0.34213498,0.18331705,-0.3033918,-0.677193,0.1668234","0.99233747,0.37012613,-0.48045135","0.22714058,-0.32884338,-0.36376652,-0.6224549,-0.53125185,0.20782721,-0.3033918,-0.677193,0.1668234",0.0
"0.22714058,-0.32884338,-0.36376652,-0.6224549,-0.53125185,0.20782721,-0.3033918,-0.677193,0.1668234","0.85187817,0.42575586,-0.5873053","0.30848876,-0.27030417,-0.42686108,-0.43705514,-0.62635916,0.22408736,-0.3033918,-0.677193,0.1668234",0.0
"0.30848876,-0.27030417,-0.42686108,-0.43705514,-0.62635916,0.22408736,-0.3033918,-0.677193,0.1668234","0.33318937,-0.029612184,-0.33776456","0.34030595,-0.27437574,-0.4631473,-0.36715278,-0.65733683,0.16193098,-0.3033918,-0.677193,0.1668234",0.0
"0.34030595,-0.27437574,-0.4631473,-0.36715278,-0.65733683,0.16193098,-0.3033918,-0.677193,0.1668234","0.20701706,0.1966548,-0.058484495","0.36007458,-0.24733675,-0.4694304,-0.31780824,-0.6621884,0.20162424,-0.3033918,-0.677193,0.1668234",0.0
"0.36007458,-0.24733675,-0.4694304,-0.31780824,-0.6621884,0.20162424,-0.3033918,-0.677193,0.1668234","0.09487581,-0.07040268,-0.02809","0.36913455,-0.25701678,-0.4724481,-0.30067575,-0.6751884,0.17971833,-0.3033918,-0.677193,0.1668234",0.0
"0.0,0.0,0.0,2.8652207e-07,0.005789075,0.993462,-0.16385965,0.033216372,-0.06906022","-0.02344954,0.14665473,-0.9858622","-0.0022392548,0.020164281,-0.10591182,-0.10277798,0.0065123043,0.9753055,-0.16385965,0.033216372,-0.06906022",0.0
"-0.0022392548,0.020164281,-0.10591182,-0.10277798,0.0065123043,0.9753055,-0.16385965,0.033216372,-0.06906022","-0.33662814,-0.14817417,-0.9520384","-0.0343848,-0.0002088891,-0.20818995,-0.27277297,0.03540405,0.9014875,-0.16385965,0.033216372,-0.06906022",0.0
"-0.0343848,-0.0002088891,-0.20818995,-0.27277297,0.03540405,0.9014875,-0.16385965,0.033216372,-0.06906022","-0.6202154,0.9439113,-0.99066746","-0.09361086,0.12957408,-0.31461802,-0.1349487,0.046920728,0.87520117,-0.16385965,0.033216372,-0.06906022",0.0
"-0.09361086,0.12957408,-0.31461802,-0.1349487,0.046920728,0.87520117,-0.16385965,0.033216372,-0.06906022","-0.36073285,0.5380647,-0.9147824","-0.12805822,0.20355524,-0.41289377,-0.101859525,0.04963438,0.80520576,-0.16385965,0.033216372,-0.06906022",0.0
"-0.12805822,0.20355524,-0.41289377,-0.101859525,0.04963438,0.80520576,-0.16385965,0.033216372,-0.06906022","0.27341104,0.32639313,-0.96917343","-0.10194944,0.24843265,-0.5170128,-0.1284573,0.048709232,0.70201015,-0.16385965,0.033216372,-0.06906022",0.0
"-0.10194944,0.24843265,-0.5170128,-0.1284573,0.048709232,0.70201015,-0.16385965,0.033216372,-0.06906022","-0.115740895,0.27406263,-0.89849544","-0.113001846,0.28611487,-0.6135388,-0.14262289,0.059046254,0.58928275,-0.16385965,0.033216372,-0.06906022",0.0
"-0.113001846,0.28611487,-0.6135388,-0.14262289,0.059046254,0.58928275,-0.16385965,0.033216372,-0.06906022","-0.17220718,-0.4035548,-0.96846056","-0.12944637,0.23062818,-0.7175812,-0.23693778,0.10834681,0.40518516,-0.16385965,0.033216372,-0.06906022",0.0
"-0.12944637,0.23062818,-0.7175812,-0.23693778,0.10834681,0.40518516,-0.16385965,0.033216372,-0.06906022","0.4795786,0.31712115,-0.98492134","-0.08365009,0.27423072,-0.823392,-0.2084569,0.062073518,0.26594055,-0.16385965,0.033216372,-0.06906022",0.0
"-0.08365009,0.27423072,-0.823392,-0.2084569,0.062073518,0.26594055,-0.16385965,0.033216372,-0.06906022","0.34621668,-0.3070894,-0.94693995","-0.050588902,0.23200756,-0.9251224,-0.19424237,0.036996786,0.094076395,-0.16385965,0.033216372,-0.06906022",0.0
"-0.050588902,0.23200756,-0.9251224,-0.19424237,0.036996786,0.094076395,-0.16385965,0.033216372,-0.06906022","-0.037299097,-0.38648832,-0.81109285","-0.054150686,0.17886743,-1.0,-0.14578423,0.030916981,-0.020089654,-0.16385965,0.033216372,-0.06906022",0.0
"-0.054150686,0.17886743,-1.0,-0.14578423,0.030916981,-0.020089654,-0.16385965,0.033216372,-0.06906022","-0.041312873,-0.37176228,-0.2705688","-0.058095757,0.12775204,-1.0,-0.15406191,0.034321938,-0.039226826,-0.16385965,0.033216372,-0.06906022",0.0
"-0.058095757,0.12775204,-1.0,-0.15406191,0.034321938,-0.039226826,-0.16385965,0.033216372,-0.06906022","-0.118889034,-0.09744239,-0.23120987","-0.069448784,0.114354216,-1.0,-0.15468395,0.040224865,-0.0444146,-0.16385965,0.033216372,-0.06906022",0.0
"-0.069448784,0.114354216,-1.0,-0.15468395,0.040224865,-0.0444146,-0.16385965,0.033216372,-0.06906022","-0.0659861,-0.05790329,-0.33714938","-0.07574997,0.10639282,-1.0,-0.1549446,0.043542612,-0.047527347,-0.16385965,0.033216372,-0.06906022",0.0
"-0.07574997,0.10639282,-1.0,-0.1549446,0.043542612,-0.047527347,-0.16385965,0.033216372,-0.06906022","-0.112950444,-0.20881367,-0.31174624","-0.0865359,0.077682026,-1.0,-0.15687582,0.049741257,-0.058922395,-0.16385965,0.033216372,-0.06906022",0.0
"-0.0865359,0.077682026,-1.0,-0.15687582,0.049741257,-0.058922395,-0.16385965,0.033216372,-0.06906022","0.03952706,0.03947532,-0.27400494","-0.08276135,0.083109684,-1.0,-0.15683918,0.047713853,-0.056749117,-0.16385965,0.033216372,-0.06906022",0.0
"-0.08276135,0.083109684,-1.0,-0.15683918,0.047713853,-0.056749117,-0.16385965,0.033216372,-0.06906022","0.011758566,-0.10888922,-0.23406726","-0.08163848,0.06813797,-1.0,-0.15865187,0.0475918,-0.06276397,-0.16385965,0.033216372,-0.06906022",0.0
"0.0,0.0,0.0,2.8652207e-07,0.005789075,0.993462,0.032982457,-0.060818713,-0.61392003","-0.9811936,-0.96059877,-0.8884016","-0.09369688,-0.1320774,-0.09544155,-0.38473836,0.122688524,0.8868666,0.032982457,-0.060818713,-0.61392003",0.0
"-0.09369688,-0.1320774,-0.09544155,-0.38473836,0.122688524,0.8868666,0.032982457,-0.060818713,-0.61392003","-0.97693497,-0.9735322,-0.91565347","-0.18698707,-0.26593307,-0.19381076,-0.5971521,0.40456992,0.58686924,0.032982457,-0.060818713,-0.61392003",0.0
"-0.18698707,-0.26593307,-0.19381076,-0.5971521,0.40456992,0.58686924,0.032982457,-0.060818713,-0.61392003","-0.9291676,-0.99264425,-0.82554376","-0.27571583,-0.40241656,-0.28249943,-0.56425774,0.67261773,0.18121994,0.032982457,-0.060818713,-0.61392003",0.0
"-0.27571583,-0.40241656,-0.28249943,-0.56425774,0.67261773,0.18121994,0.032982457,-0.060818713,-0.61392003","-0.2673571,-0.99627435,-0.66528225","-0.3012465,-0.53939915,-0.3539711,-0.5042091,0.70963657,-0.21906947,0.032982457,-0.060818713,-0.61392003",0.0
"-0.3012465,-0.53939915,-0.3539711,-0.5042091,0.70963657,-0.21906947,0.032982457,-0.060818713,-0.61392003","0.6538427,-0.9450921,-0.9356016","-0.23880926,-0.6693445,-0.4544833,-0.5018058,0.47562274,-0.5693278,0.032982457,-0.060818713,-0.61392003",0.0
"-0.23880926,-0.6693445,-0.4544833,-0.5018058,0.47562274,-0.5693278,0.032982457,-0.060818713,-0.61392003","-0.2857952,-0.99890363,-0.96363103","-0.26610062,-0.80668867,-0.55800676,-0.26214442,0.29873827,-0.7721986,0.032982457,-0.060818713,-0.61392003",0.0
"-0.26610062,-0.80668867,-0.55800676,-0.26214442,0.29873827,-0.7721986,0.032982457,-0.060818713,-0.61392003","-0.26207817,-0.5885906,-0.7769889","-0.2911272,-0.8876169,-0.64147913,-0.10812691,0.14991045,-0.78120697,0.032982457,-0.060818713,-0.61392003",0.0
"-0.2911272,-0.8876169,-0.64147913,-0.10812691,0.14991045,-0.78120697,0.032982457,-0.060818713,-0.61392003","-0.0010154843,-0.93984395,-0.7985864","-0.29122704,-0.999981,-0.7272786,0.025419217,-0.023538945,-0.7027149,0.032982457,-0.060818713,-0.61392003",0.0
"-0.29122704,-0.999981,-0.7272786,0.025419217,-0.023538945,-0.7027149,0.032982457,-0.060818713,-0.61392003","-0.2471686,-0.99723125,-0.5849664","-0.31483275,-0.9999808,-0.7901261,0.04288181,-0.054669905,-0.61292887,0.032982457,-0.060818713,-0.61392003",0.0
"0.0,0.0,0.0,2.8652207e-07,0.005789075,0.993462,-0.011929825,-0.074210525,-0.29193363","0.9699018,-0.96278536,-0.9730491","0.09261857,-0.13237804,-0.104535274,-0.39929122,-0.11353243,0.87893355,-0.011929825,-0.074210525,-0.29193363",0.0
"0.09261857,-0.13237804,-0.104535274,-0.39929122,-0.11353243,0.87893355,-0.011929825,-0.074210525,-0.29193363","0.9818611,-0.80439734,-0.98404884","0.18637918,-0.24297854,-0.21025227,-0.5860374,-0.38165444,0.6035503,-0.011929825,-0.074210525,-0.29193363",0.0
"0.18637918,-0.24297854,-0.21025227,-0.5860374,-0.38165444,0.6035503,-0.011929825,-0.074210525,-0.29193363","0.7847018,-0.9160382,-0.97953975","0.2613125,-0.3689291,-0.31548482,-0.5855011,-0.6201776,0.20072474,-0.011929825,-0.074210525,-0.29193363",0.0
"0.2613125,-0.3689291,-0.31548482,-0.5855011,-0.6201776,0.20072474,-0.011929825,-0.074210525,-0.29193363","0.64726603,-0.6886202,-0.93507975","0.32312173,-0.4636109,-0.41594103,-0.44323212,-0.7028285,-0.14153798,-0.011929825,-0.074210525,-0.29193363",0.0
"0.32312173,-0.4636109,-0.41594103,-0.44323212,-0.7028285,-0.14153798,-0.011929825,-0.074210525,-0.29193363","-0.07321429,-0.53945553,-0.96840477","0.31613028,-0.53778327,-0.51997733,-0.3884043,-0.5852902,-0.39030692,-0.011929825,-0.074210525,-0.29193363",0.0
"0.31613028,-0.53778327,-0.51997733,-0.3884043,-0.5852902,-0.39030692,-0.011929825,-0.074210525,-0.29193363","0.6011994,-0.46340877,-0.97587615","0.37354046,-0.6014996,-0.62481624,-0.2064906,-0.47715783,-0.5337955,-0.011929825,-0.074210525,-0.29193363",0.0
"0.37354046,-0.6014996,-0.62481624,-0.2064906,-0.47715783,-0.5337955,-0.011929825,-0.074210525,-0.29193363","-0.15966696,-0.7650434,-0.9529506","0.35829344,-0.70668924,-0.7271923,-0.12797347,-0.25477257,-0.6098729,-0.011929825,-0.074210525,-0.29193363",0.0
"0.35829344,-0.70668924,-0.7271923,-0.12797347,-0.25477257,-0.6098729,-0.011929825,-0.074210525,-0.29193363","-0.020178556,-0.6510155,-0.8869889","0.35636652,-0.7962005,-0.82248193,-0.04795798,-0.08569152,-0.56026256,-0.011929825,-0.074210525,-0.29193363",0.0
"0.35636652,-0.7962005,-0.82248193,-0.04795798,-0.08569152,-0.56026256,-0.011929825,-0.074210525,-0.29193363","0.48779905,0.40044725,-0.9300925","0.4029478,-0.74114114,-0.9224023,-0.023409462,-0.05509879,-0.42102808,-0.011929825,-0.074210525,-0.29193363",0.0
"0.4029478,-0.74114114,-0.9224023,-0.023409462,-0.05509879,-0.42102808,-0.011929825,-0.074210525,-0.29193363","0.7279142,0.62966883,0.19404376","0.47245833,-0.654565,-0.9015561,-0.016915128,-0.12801608,-0.42720962,-0.011929825,-0.074210525,-0.29193363",0.0
"0.47245833,-0.654565,-0.9015561,-0.016915128,-0.12801608,-0.42720962,-0.011929825,-0.074210525,-0.29193363","-0.35415733,-0.33458054,-0.4073429","0.4386389,-0.70056814,-0.94531715,-0.01830623,-0.063564844,-0.38395998,-0.011929825,-0.074210525,-0.29193363",0.0
"0.4386389,-0.70056814,-0.94531715,-0.01830623,-0.063564844,-0.38395998,-0.011929825,-0.074210525,-0.29193363","0.062761426,0.5777538,-0.90413004","0.44463214,-0.62113,-1.0,-0.016142659,-0.05841516,-0.2989221,-0.011929825,-0.074210525,-0.29193363",0.0
"0.0,0.0,0.0,2.8652207e-07,0.005789075,0.993462,0.069181286,-0.7650292,0.32791466","0.968017,-0.9939104,-0.9953795","0.092438586,-0.13665757,-0.10693424,-0.4099759,-0.116480544,0.8724634,0.069181286,-0.7650292,0.32791466",0.0
"0.092438586,-0.13665757,-0.10693424,-0.4099759,-0.116480544,0.8724634,0.069181286,-0.7650292,0.32791466","0.9692012,-0.5797832,-0.96348864","0.18499027,-0.21637477,-0.21044245,-0.5555271,-0.35796332,0.6474333,0.069181286,-0.7650292,0.32791466",0.0
"0.18499027,-0.21637477,-0.21044245,-0.5555271,-0.35796332,0.6474333,0.069181286,-0.7650292,0.32791466","0.98572886,-0.7490214,-0.96665275","0.27912024,-0.3193614,-0.31429055,-0.5270475,-0.62446773,0.303647,0.069181286,-0.7650292,0.32791466",0.0
"0.27912024,-0.3193614,-0.31429055,-0.5270475,-0.62446773,0.303647,0.069181286,-0.7650292,0.32791466","0.9275887,0.5187974,-0.34425682","0.3676982,-0.24802944,-0.3512743,-0.30972674,-0.6874362,0.38274327,0.069181286,-0.7650292,0.32791466",0.0
"0.3676982,-0.24802944,-0.3512743,-0.30972674,-0.6874362,0.38274327,0.069181286,-0.7650292,0.32791466","0.62407684,0.66426945,-0.6779174","0.427293,-0.15669583,-0.42410344,-0.15625644,-0.646591,0.42742422,0.069181286,-0.7650292,0.32791466",0.0
"0.427293,-0.15669583,-0.42410344,-0.15625644,-0.646591,0.42742422,0.069181286,-0.7650292,0.32791466","0.7811246,-0.47980368,0.06960595","0.50188476,-0.22266638,-0.41662568,-0.001468979,-0.72922593,0.32673866,0.069181286,-0.7650292,0.32791466",0.0
"0.50188476,-0.22266638,-0.41662568,-0.001468979,-0.72922593,0.32673866,0.069181286,-0.7650292,0.32791466","0.43671286,-0.19877738,0.07112253","0.5435876,-0.24999727,-0.408985,0.097053684,-0.7467122,0.28919226,0.069181286,-0.7650292,0.32791466",0.0
"0.5435876,-0.24999727,-0.408985,0.097053684,-0.7467122,0.28919226,0.069181286,-0.7650292,0.32791466","-0.096351266,-0.1591227,0.07969785","0.5343868,-0.27187586,-0.400423,0.07740944,-0.76743597,0.26176876,0.069181286,-0.7650292,0.32791466",0.0
"0.5343868,-0.27187586,-0.400423,0.07740944,-0.76743597,0.26176876,0.069181286,-0.7650292,0.32791466","-0.07741594,0.118991256,0.17969823","0.5269941,-0.2555152,-0.38111794,0.058675807,-0.758549,0.32234094,0.069181286,-0.7650292,0.32791466",0.0
"0.0,0.0,0.0,2.8652207e-07,0.005789075,0.993462,0.0036257312,-0.037836257,-0.30644754","0.9016081,-0.9714839,-0.9514705","0.08609702,-0.13357404,-0.10221708,-0.4011656,-0.10522648,0.87970275,0.0036257312,-0.037836257,-0.30644754",0.0
"0.08609702,-0.13357404,-0.10221708,-0.4011656,-0.10522648,0.87970275,0.0036257312,-0.037836257,-0.30644754","0.9205036,-0.9389179,-0.941246","0.17399843,-0.26267043,-0.20333572,-0.6201994,-0.37060404,0.57916,0.0036257312,-0.037836257,-0.30644754",0.0
"0.17399843,-0.26267043,-0.20333572,-0.6201994,-0.37060404,0.57916,0.0036257312,-0.037836257,-0.30644754","0.294515,-0.5510485,-0.98254883","0.2021225,-0.33843678,-0.30889153,-0.6735822,-0.4890925,0.27369303,0.0036257312,-0.037836257,-0.30644754",0.0
"0.2021225,-0.33843678,-0.30889153,-0.6735822,-0.4890925,0.27369303,0.0036257312,-0.037836257,-0.30644754","-0.06606352,-0.63867366,-0.9797069","0.1958139,-0.42625117,-0.41414207,-0.6820796,-0.47489595,-0.06338401,0.0036257312,-0.037836257,-0.30644754",0.0
"0.1958139,-0.42625117,-0.41414207,-0.6820796,-0.47489595,-0.06338401,0.0036257312,-0.037836257,-0.30644754","0.9294946,-0.7856433,-0.8666709","0.28457388,-0.53427315,-0.50724906,-0.45511895,-0.5572838,-0.3740429,0.0036257312,-0.037836257,-0.30644754",0.0
"0.28457388,-0.53427315,-0.50724906,-0.45511895,-0.5572838,-0.3740429,0.0036257312,-0.037836257,-0.30644754","0.79765964,-0.9451554,-0.9708388","0.3607446,-0.6642272,-0.6115468,-0.20978434,-0.43487236,-0.60991025,0.0036257312,-0.037836257,-0.30644754",0.0
"0.3607446,-0.6642272,-0.6115468,-0.20978434,-0.43487236,-0.60991025,0.0036257312,-0.037836257,-0.30644754","0.14265597,-0.8913146,-0.8702226","0.37436718,-0.7867784,-0.7050353,-0.09384842,-0.210247,-0.6765868,0.0036257312,-0.037836257,-0.30644754",0.0
"0.37436718,-0.7867784,-0.7050353,-0.09384842,-0.210247,-0.6765868,0.0036257312,-0.037836257,-0.30644754","0.67854404,-0.47248018,-0.92009836","0.4391632,-0.851742,-0.80388194,-0.017799951,-0.06151982,-0.5944995,0.0036257312,-0.037836257,-0.30644754",0.0
"0.4391632,-0.851742,-0.80388194,-0.017799951,-0.06151982,-0.5944995,0.0036257312,-0.037836257,-0.30644754","0.31552887,0.1774863,-0.9464983","0.46929392,-0.82733864,-0.9055647,-0.0073054894,-0.015386882,-0.45278102,0.0036257312,-0.037836257,-0.30644754",0.0
"0.46929392,-0.82733864,-0.9055647,-0.0073054894,-0.015386882,-0.45278102,0.0036257312,-0.037836257,-0.30644754","0.5301068,0.5476804,-0.56605005","0.5199152,-0.75203544,-0.9663759,-0.004070749,-0.027613955,-0.3602968,0.0036257312,-0.037836257,-0.30644754",0.0
"0.5199152,-0.75203544,-0.9663759,-0.004070749,-0.027613955,-0.3602968,0.0036257312,-0.037836257,-0.30644754","0.65198684,0.6040782,-0.54053634","0.58217525,-0.66897786,-1.0,0.005413983,-0.04317983,-0.3049651,0.0036257312,-0.037836257,-0.30644754",0.0
"0.0,0.0,0.0,2.8652207e-07,0.005789075,0.993462,0.06339181,-0.027719298,-0.61392003","-0.9502658,-0.9993911,-0.9791828","-0.0907435,-0.13741113,-0.105194226,-0.4068022,0.12525074,0.8732031,0.06339181,-0.027719298,-0.61392003",0.0
"-0.0907435,-0.13741113,-0.105194226,-0.4068022,0.12525074,0.8732031,0.06339181,-0.027719298,-0.61392003","-0.9272987,-0.9860748,-0.8779893","-0.1792938,-0.2729914,-0.19951716,-0.61767536,0.39691702,0.56625617,0.06339181,-0.027719298,-0.61392003",0.0
"-0.1792938,-0.2729914,-0.19951716,-0.61767536,0.39691702,0.56625617,0.06339181,-0.027719298,-0.61392003","-0.76526695,-0.9935966,-0.8761838","-0.25237125,-0.4096058,-0.29364613,-0.6135088,0.6309697,0.14852999,0.06339181,-0.027719298,-0.61392003",0.0
"-0.25237125,-0.4096058,-0.29364613,-0.6135088,0.6309697,0.14852999,0.06339181,-0.027719298,-0.61392003","-0.047875762,-0.9799471,-0.9958566","-0.25694305,-0.54434353,-0.40063158,-0.56909955,0.6028582,-0.28658777,0.06339181,-0.027719298,-0.61392003",0.0
"-0.25694305,-0.54434353,-0.40063158,-0.56909955,0.6028582,-0.28658777,0.06339181,-0.027719298,-0.61392003","0.6925937,-0.9988236,-0.77877784","-0.19080536,-0.6816767,-0.48429614,-0.52603954,0.36645824,-0.6056266,0.06339181,-0.027719298,-0.61392003",0.0
"-0.19080536,-0.6816767,-0.48429614,-0.52603954,0.36645824,-0.6056266,0.06339181,-0.027719298,-0.61392003","-0.2161873,-0.9888934,-0.9795207","-0.21144968,-0.8176445,-0.5895266,-0.26461807,0.21454993,-0.7707167,0.06339181,-0.027719298,-0.61392003",0.0
"-0.21144968,-0.8176445,-0.5895266,-0.26461807,0.21454993,-0.7707167,0.06339181,-0.027719298,-0.61392003","0.06557906,-0.99218506,-0.85944724","-0.20518737,-0.95406485,-0.6818575,-0.042360324,0.039087325,-0.75943714,0.06339181,-0.027719298,-0.61392003",0.0
"-0.20518737,-0.95406485,-0.6818575,-0.042360324,0.039087325,-0.75943714,0.06339181,-0.027719298,-0.61392003","0.4518416,-0.9771037,-0.9760476","-0.16204268,-0.9999808,-0.78671914,0.061939344,-0.027940622,-0.61796397,0.06339181,-0.027719298,-0.61392003",0.0
"0.0,0.0,0.0,2.8652207e-07,0.005789075,0.993462,-0.5457895,0.09695906,0.04862008","-0.86238676,-0.9400493,-0.9909982","-0.082351685,-0.12925194,-0.10646357,-0.3960752,0.1108086,0.8804347,-0.5457895,0.09695906,0.04862008",0.0
"-0.082351685,-0.12925194,-0.10646357,-0.3960752,0.1108086,0.8804347,-0.5457895,0.09695906,0.04862008","-0.32640994,-0.5766064,-0.98928076","-0.113521464,-0.20853236,-0.21274263,-0.6076796,0.23258133,0.65685534,-0.5457895,0.09695906,0.04862008",0.0
"-0.113521464,-0.20853236,-0.21274263,-0.6076796,0.23258133,0.65685534,-0.5457895,0.09695906,0.04862008","0.44709575,-0.8178539,-0.97148776","-0.07082707,-0.3209831,-0.31711015,-0.7969636,0.18625344,0.29601097,-0.5457895,0.09695906,0.04862008",0.0
"-0.07082707,-0.3209831,-0.31711015,-0.7969636,0.18625344,0.29601097,-0.5457895,0.09695906,0.04862008","0.32889926,0.42012239,-0.98363614","-0.03941958,-0.26321846,-0.42278278,-0.7534646,0.099623255,0.24349856,-0.5457895,0.09695906,0.04862008",0.0
"-0.03941958,-0.26321846,-0.42278278,-0.7534646,0.099623255,0.24349856,-0.5457895,0.09695906,0.04862008","-0.18146318,0.5103167,-0.9827697","-0.056748,-0.19305259,-0.5283624,-0.66399467,0.12552936,0.2072398,-0.5457895,0.09695906,0.04862008",0.0
"-0.056748,-0.19305259,-0.5283624,-0.66399467,0.12552936,0.2072398,-0.5457895,0.09695906,0.04862008","0.14865541,0.18877697,-0.92208725","-0.04255249,-0.16709675,-0.62742287,-0.5973783,0.08617956,0.107967146,-0.5457895,0.09695906,0.04862008",0.0
"-0.04255249,-0.16709675,-0.62742287,-0.5973783,0.08617956,0.107967146,-0.5457895,0.09695906,0.04862008","0.021997571,0.22409356,-0.44844705","-0.040451884,-0.13628507,-0.6755998,-0.5484982,0.07591901,0.088560045,-0.5457895,0.09695906,0.04862008",0.0
"-0.040451884,-0.13628507,-0.6755998,-0.5484982,0.07591901,0.088560045,-0.5457895,0.09695906,0.04862008","-0.038375497,-0.1024884,-0.08006638","-0.044116475,-0.15037672,-0.6842015,-0.54569864,0.08196494,0.05879259,-0.5457895,0.09695906,0.04862008",0.0
"0.0,0.0,0.0,2.8652207e-07,0.005789075,0.993462,0.00023391814,-0.0061988304,-0.7596475","-0.99961334,-0.9990581,-0.9812994","-0.095455825,-0.13736536,-0.10542161,-0.40507,0.1313108,0.87305206,0.00023391814,-0.0061988304,-0.7596475",0.0
"-0.095455825,-0.13736536,-0.10542161,-0.40507,0.1313108,0.87305206,0.00023391814,-0.0061988304,-0.7596475","-0.9998567,-0.8566267,-0.94349575","-0.1909349,-0.25514713,-0.20678197,-0.5862443,0.40794802,0.5874599,0.00023391814,-0.0061988304,-0.7596475",0.0
"-0.1909349,-0.25514713,-0.20678197,-0.5862443,0.40794802,0.5874599,0.00023391814,-0.0061988304,-0.7596475","-0.99882567,-0.9926017,-0.6604165","-0.2863155,-0.39162478,-0.2777309,-0.5377532,0.6862503,0.21167335,0.00023391814,-0.0061988304,-0.7596475",0.0
"-0.2863155,-0.39162478,-0.2777309,-0.5377532,0.6862503,0.21167335,0.00023391814,-0.0061988304,-0.7596475","-0.9527746,-0.8455504,-0.44976747","-0.37729853,-0.50788367,-0.32604972,-0.33036345,0.8295506,-0.11345197,0.00023391814,-0.0061988304,-0.7596475",0.0
"-0.37729853,-0.50788367,-0.32604972,-0.33036345,0.8295506,-0.11345197,0.00023391814,-0.0061988304,-0.7596475","0.39397883,-0.59171176,-0.47838163","-0.33967644,-0.58924097,-0.37744248,-0.39723438,0.73282903,-0.35124484,0.00023391814,-0.0061988304,-0.7596475",0.0
"-0.33967644,-0.58924097,-0.37744248,-0.39723438,0.73282903,-0.35124484,0.00023391814,-0.0061988304,-0.7596475","-0.11167133,-0.8650803,-0.7065437","-0.35034022,-0.70818514,-0.45334685,-0.29212803,0.58763486,-0.6325594,0.00023391814,-0.0061988304,-0.7596475",0.0
"-0.35034022,-0.70818514,-0.45334685,-0.29212803,0.58763486,-0.6325594,0.00023391814,-0.0061988304,-0.7596475","0.8131155,0.07090032,0.24839115","-0.2726936,-0.6984368,-0.42666197,-0.45429534,0.5330145,-0.6010473,0.00023391814,-0.0061988304,-0.7596475",0.0
"-0.2726936,-0.6984368,-0.42666197,-0.45429534,0.5330145,-0.6010473,0.00023391814,-0.0061988304,-0.7596475","0.52181184,-0.77574915,-0.8545553","-0.22286436,-0.80509835,-0.51846737,-0.3436378,0.29710132,-0.7779201,0.00023391814,-0.0061988304,-0.7596475",0.0
"-0.22286436,-0.80509835,-0.51846737,-0.3436378,0.29710132,-0.7779201,0.00023391814,-0.0061988304,-0.7596475","-0.2514161,-0.9987016,-0.58248657","-0.24687278,-0.9424147,-0.5810442,-0.12531261,0.13098316,-0.8559786,0.00023391814,-0.0061988304,-0.7596475",0.0
"-0.24687278,-0.9424147,-0.5810442,-0.12531261,0.13098316,-0.8559786,0.00023391814,-0.0061988304,-0.7596475","-0.3082316,-0.15119874,-0.49744844","-0.27630666,-0.9632037,-0.6344853,-0.055069692,0.07397503,-0.81349,0.00023391814,-0.0061988304,-0.7596475",0.0
"-0.27630666,-0.9632037,-0.6344853,-0.055069692,0.07397503,-0.81349,0.00023391814,-0.0061988304,-0.7596475","0.84894466,0.35324085,-0.6845963","-0.1952386,-0.914635,-0.7080319,-0.06277417,0.051269066,-0.722405,0.00023391814,-0.0061988304,-0.7596475",0.0
"-0.1952386,-0.914635,-0.7080319,-0.06277417,0.051269066,-0.722405,0.00023391814,-0.0061988304,-0.7596475","-0.77012944,-0.99972486,0.13464916","-0.2687832,-0.999981,-0.6935748,0.010772555,-0.0034082353,-0.74764186,0.00023391814,-0.0061988304,-0.7596475",0.0
"0.0,0.0,0.0,2.8652207e-07,0.005789075,0.993462,0.0036257312,-0.037836257,-0.30644754","0.97669315,-0.92333406,-0.955701","0.0932671,-0.12695369,-0.102671556,-0.38682508,-0.11065462,0.8859168,0.0036257312,-0.037836257,-0.30644754",0.0
"0.0932671,-0.12695369,-0.102671556,-0.38682508,-0.11065462,0.8859168,0.0036257312,-0.037836257,-0.30644754","0.8738847,-0.96576667,-0.78191733","0.17671674,-0.25974166,-0.18667342,-0.60484546,-0.36834052,0.607616,0.0036257312,-0.037836257,-0.30644754",0.0
"0.17671674,-0.25974166,-0.18667342,-0.60484546,-0.36834052,0.607616,0.0036257312,-0.037836257,-0.30644754","0.4223683,-0.9949783,-0.80702853","0.21704985,-0.39654607,-0.273373,-0.68324554,-0.54718935,0.20797713,0.0036257312,-0.037836257,-0.30644754",0.0
"0.21704985,-0.39654607,-0.273373,-0.68324554,-0.54718935,0.20797713,0.0036257312,-0.037836257,-0.30644754","0.19149399,-0.49110228,-0.95504135","0.23533614,-0.46407014,-0.37597367,-0.63930285,-0.57512313,-0.089227065,0.0036257312,-0.037836257,-0.30644754",0.0
"0.23533614,-0.46407014,-0.37597367,-0.63930285,-0.57512313,-0.089227065,0.0036257312,-0.037836257,-0.30644754","0.96805453,-0.8009183,-0.95530075","0.32777834,-0.57419235,-0.47860217,-0.38180837,-0.62420094,-0.42113155,0.0036257312,-0.037836257,-0.30644754",0.0
"0.32777834,-0.57419235,-0.47860217,-0.38180837,-0.62420094,-0.42113155,0.0036257312,-0.037836257,-0.30644754","0.4275149,-0.36708808,-0.9896664","0.3686029,-0.6246651,-0.5849226,-0.22830632,-0.50686735,-0.5570639,0.0036257312,-0.037836257,-0.30644754",0.0
"0.3686029,-0.6246651,-0.5849226,-0.22830632,-0.50686735,-0.5570639,0.0036257312,-0.037836257,-0.30644754","0.8167392,-0.88269496,-0.9578086","0.44659558,-0.74603117,-0.68782055,-0.05504647,-0.29034758,-0.6627571,0.0036257312,-0.037836257,-0.30644754",0.0
"0.44659558,-0.74603117,-0.68782055,-0.05504647,-0.29034758,-0.6627571,0.0036257312,-0.037836257,-0.30644754","0.6452322,-0.8249998,-0.9152969","0.5082106,-0.85946447,-0.7861514,-0.003958485,-0.07103867,-0.61820376,0.0036257312,-0.037836257,-0.30644754",0.0
"0.5082106,-0.85946447,-0.7861514,-0.003958485,-0.07103867,-0.61820376,0.0036257312,-0.037836257,-0.30644754","-0.5124927,0.30089188,-0.8367478","0.45927125,-0.8180934,-0.8760436,-0.01079539,-0.038539104,-0.4940354,0.0036257312,-0.037836257,-0.30644754",0.0
"0.45927125,-0.8180934,-0.8760436,-0.01079539,-0.038539104,-0.4940354,0.0036257312,-0.037836257,-0.30644754","0.27391148,0.4829371,-0.5296988","0.4854278,-0.7516921,-0.93294936,-0.007911516,-0.046192504,-0.40789187,0.0036257312,-0.037836257,-0.30644754",0.0
"0.4854278,-0.7516921,-0.93294936,-0.007911516,-0.046192504,-0.40789187,0.0036257312,-0.037836257,-0.30644754","0.8049164,0.21164453,-0.4599551","0.56229144,-0.7225921,-0.98236257,0.00057637435,-0.032680996,-0.3350013,0.0036257312,-0.037836257,-0.30644754",0.0
"0.56229144,-0.7225921,-0.98236257,0.00057637435,-0.032680996,-0.3350013,0.0036257312,-0.037836257,-0.30644754","-0.3346911,0.23776054,-0.35136855","0.5303309,-0.68990135,-1.0,-0.0023900005,-0.035842326,-0.30697078,0.0036257312,-0.037836257,-0.30644754",0.0
"0.0,0.0,0.0,2.8652207e-07,0.005789075,0.993462,0.054853804,0.19309941,0.1523095","-0.50421345,0.041926146,-0.97067994","-0.04814872,0.005764639,-0.10428078,-0.12893033,0.025508562,0.9718608,0.054853804,0.19309941,0.1523095",0.0
"-0.04814872,0.005764639,-0.10428078,-0.12893033,0.025508562,0.9718608,0.054853804,0.19309941,0.1523095","-0.71774375,0.81851196,-0.9786891","-0.11668803,0.11830584,-0.209422,-0.029950865,0.017700478,0.9455959,0.054853804,0.19309941,0.1523095",0.0
"-0.11668803,0.11830584,-0.209422,-0.029950865,0.017700478,0.9455959,0.054853804,0.19309941,0.1523095","-0.5622504,0.5316365,-0.9941115","-0.17037883,0.19140315,-0.3162201,-0.017671332,0.01720973,0.886525,0.054853804,0.19309941,0.1523095",0.0
"-0.17037883,0.19140315,-0.3162201,-0.017671332,0.01720973,0.886525,0.054853804,0.19309941,0.1523095","-0.8266549,0.15633154,-0.9865332","-0.24931836,0.21289797,-0.42220408,-0.07119537,0.079060905,0.7982141,0.054853804,0.19309941,0.1523095",0.0
"-0.24931836,0.21289797,-0.42220408,-0.07119537,0.079060905,0.7982141,0.054853804,0.19309941,0.1523095","-0.67657,-0.0059720874,-0.96657693","-0.3139259,0.21207687,-0.52604413,-0.10654879,0.17151003,0.6754583,0.054853804,0.19309941,0.1523095",0.0
"-0.3139259,0.21207687,-0.52604413,-0.10654879,0.17151003,0.6754583,0.054853804,0.19309941,0.1523095","-0.6361402,-0.16921526,-0.94422454","-0.37467265,0.18881066,-0.6274828,-0.10548824,0.26902512,0.5159771,0.054853804,0.19309941,0.1523095",0.0
"-0.37467265,0.18881066,-0.6274828,-0.10548824,0.26902512,0.5159771,0.054853804,0.19309941,0.1523095","-0.836507,0.046530366,-0.97747535","-0.454553,0.19520837,-0.7324937,-0.03627874,0.2930597,0.35787454,0.054853804,0.19309941,0.1523095",0.0
"-0.454553,0.19520837,-0.7324937,-0.03627874,0.2930597,0.35787454,0.054853804,0.19309941,0.1523095","-0.4130354,-0.05084318,-0.872268","-0.4939949,0.18821771,-0.82620203,0.00057465956,0.27649507,0.20968768,0.054853804,0.19309941,0.1523095",0.0
"-0.4939949,0.18821771,-0.82620203,0.00057465956,0.27649507,0.20968768,0.054853804,0.19309941,0.1523095","-0.22228694,0.056539655,-0.6329852","-0.51522166,0.19599164,-0.89420414,0.016978245,0.23363921,0.117412634,0.054853804,0.19309941,0.1523095",0.0
"-0.51522166,0.19599164,-0.89420414,0.016978245,0.23363921,0.117412634,0.054853804,0.19309941,0.1523095","-0.33097267,0.3447305,0.056684375","-0.54682714,0.24339034,-0.88811463,0.03715554,0.21123949,0.15198651,0.054853804,0.19309941,0.1523095",0.0
"-0.54682714,0.24339034,-0.88811463,0.03715554,0.21123949,0.15198651,0.054853804,0.19309941,0.1523095","0.044083595,-0.041856885,0.05796337","-0.5426175,0.23763524,-0.8818877,0.035193793,0.21791297,0.15797438,0.054853804,0.19309941,0.1523095",0.0
"-0.5426175,0.23763524,-0.8818877,0.035193793,0.21791297,0.15797438,0.054853804,0.19309941,0.1523095","0.09257972,0.12082434,-0.21476853","-0.5337768,0.254248,-0.90496045,0.026934417,0.19820522,0.1331522,0.054853804,0.19309941,0.1523095",0.0
"-0.5337768,0.254248,-0.90496045,0.026934417,0.19820522,0.1331522,0.054853804,0.19309941,0.1523095","-0.15049797,0.12150693,0.069077015","-0.5481483,0.27095458,-0.89753956,0.0351415,0.19212171,0.15199377,0.054853804,0.19309941,0.1523095",0.0
"-0.5481483,0.27095458,-0.89753956,0.0351415,0.19212171,0.15199377,0.054853804,0.19309941,0.1523095","-0.13447762,-0.16439456,0.0707171","-0.5609899,0.24835122,-0.8899424,0.04583865,0.20589383,0.15190503,0.054853804,0.19309941,0.1523095",0.0
"0.0,0.0,0.0,2.8652207e-07,0.005789075,0.993462,-0.001754386,-0.005964912,-0.7596475","-0.9993248,-0.9998703,-0.95088446","-0.09542828,-0.13747703,-0.10215411,-0.4016654,0.1302199,0.8757729,-0.001754386,-0.005964912,-0.7596475",0.0
"-0.09542828,-0.13747703,-0.10215411,-0.4016654,0.1302199,0.8757729,-0.001754386,-0.005964912,-0.7596475","-0.99985266,-0.9925593,-0.9431421","-0.19090694,-0.27394885,-0.20347644,-0.60566086,0.4211488,0.558873,-0.001754386,-0.005964912,-0.7596475",0.0
"-0.19090694,-0.27394885,-0.20347644,-0.60566086,0.4211488,0.558873,-0.001754386,-0.005964912,-0.7596475","-0.99872833,0.0235914,-0.96790636","-0.28627825,-0.2707052,-0.30745924,-0.47542173,0.60763997,0.40866995,-0.001754386,-0.005964912,-0.7596475",0.0
"-0.28627825,-0.2707052,-0.30745924,-0.47542173,0.60763997,0.40866995,-0.001754386,-0.005964912,-0.7596475","-0.9834807,-0.33060277,-0.9563582","-0.3801935,-0.31616136,-0.4102014,-0.2875919,0.74342304,0.16202092,-0.001754386,-0.005964912,-0.7596475",0.0
"-0.3801935,-0.31616136,-0.4102014,-0.2875919,0.74342304,0.16202092,-0.001754386,-0.005964912,-0.7596475","-0.82825726,-0.98738045,-0.5113106","-0.4592861,-0.45192116,-0.46513182,-0.095010705,0.7841665,-0.17913015,-0.001754386,-0.005964912,-0.7596475",0.0
"-0.4592861,-0.45192116,-0.46513182,-0.095010705,0.7841665,-0.17913015,-0.001754386,-0.005964912,-0.7596475","0.9898989,-0.9556227,-0.038101614","-0.36475793,-0.5833144,-0.46922505,-0.29866087,0.67417175,-0.4297573,-0.001754386,-0.005964912,-0.7596475",0.0
"-0.36475793,-0.5833144,-0.46922505,-0.29866087,0.67417175,-0.4297573,-0.001754386,-0.005964912,-0.7596475","0.86731195,0.8170706,-0.7412348","-0.28193593,-0.47097144,-0.5488563,-0.43689412,0.54385465,-0.2995933,-0.001754386,-0.005964912,-0.7596475",0.0
"-0.28193593,-0.47097144,-0.5488563,-0.43689412,0.54385465,-0.2995933,-0.001754386,-0.005964912,-0.7596475","-0.46991944,-0.9622949,0.39970136","-0.32680982,-0.60328203,-0.5059162,-0.34636682,0.58368784,-0.49097106,-0.001754386,-0.005964912,-0.7596475",0.0
"-0.32680982,-0.60328203,-0.5059162,-0.34636682,0.58368784,-0.49097106,-0.001754386,-0.005964912,-0.7596475","0.8584709,-0.99584645,0.44258046","-0.24483207,-0.7402059,-0.45836943,-0.43834415,0.43239635,-0.6844843,-0.001754386,-0.005964912,-0.7596475",0.0
"-0.24483207,-0.7402059,-0.45836943,-0.43834415,0.43239635,-0.6844843,-0.001754386,-0.005964912,-0.7596475","-0.70404434,-0.964785,-0.6708154","-0.3120632,-0.8728589,-0.5304355,-0.1878303,0.29067564,-0.8413133,-0.001754386,-0.005964912,-0.7596475",0.0
"-0.3120632,-0.8728589,-0.5304355,-0.1878303,0.29067564,-0.8413133,-0.001754386,-0.005964912,-0.7596475","0.91208315,-0.99996424,-0.7801353","-0.22496851,-0.9999812,-0.614258,-0.04329294,0.044581566,-0.8417877,-0.001754386,-0.005964912,-0.7596475",0.0
"-0.22496851,-0.9999812,-0.614258,-0.04329294,0.044581566,-0.8417877,-0.001754386,-0.005964912,-0.7596475","-0.5562383,-0.93863326,-0.65275437","-0.27808806,-0.9999811,-0.6843926,0.0059765726,0.0018808228,-0.7594175,-0.001754386,-0.005964912,-0.7596475",0.0
"0.0,0.0,0.0,2.8652207e-07,0.005789075,0.993462,-0.036140352,-0.06590643,-0.29193363","0.9111525,-0.88777,-0.99370384","0.08700844,-0.12206381,-0.10675422,-0.38433325,-0.10174059,0.8872796,-0.036140352,-0.06590643,-0.29193363",0.0
"0.08700844,-0.12206381,-0.10675422,-0.38433325,-0.10174059,0.8872796,-0.036140352,-0.06590643,-0.29193363","0.96611404,-0.7702633,-0.9895071","0.17926532,-0.22797105,-0.2130576,-0.57777333,-0.35795245,0.62488014,-0.036140352,-0.06590643,-0.29193363",0.0
"0.17926532,-0.22797105,-0.2130576,-0.57777333,-0.35795245,0.62488014,-0.036140352,-0.06590643,-0.29193363","0.81079197,-0.74220383,-0.9735292","0.25669008,-0.33002028,-0.31764445,-0.5755212,-0.5918734,0.27705684,-0.036140352,-0.06590643,-0.29193363",0.0
"0.25669008,-0.33002028,-0.31764445,-0.5755212,-0.5918734,0.27705684,-0.036140352,-0.06590643,-0.29193363","0.033549547,-0.96776915,-0.89645576","0.2598938,-0.4630836,-0.41395125,-0.5742959,-0.60270196,-0.13790296,-0.036140352,-0.06590643,-0.29193363",0.0
"0.2598938,-0.4630836,-0.41395125,-0.5742959,-0.60270196,-0.13790296,-0.036140352,-0.06590643,-0.29193363","-0.48612535,-0.8345564,-0.9641424","0.21347235,-0.57783085,-0.51752967,-0.537563,-0.41906062,-0.45619738,-0.036140352,-0.06590643,-0.29193363",0.0
"0.21347235,-0.57783085,-0.51752967,-0.537563,-0.41906062,-0.45619738,-0.036140352,-0.06590643,-0.29193363","0.76714957,-0.60583305,-0.9574487","0.28672957,-0.66112983,-0.6203889,-0.29852363,-0.36747456,-0.6059615,-0.036140352,-0.06590643,-0.29193363",0.0
"0.28672957,-0.66112983,-0.6203889,-0.29852363,-0.36747456,-0.6059615,-0.036140352,-0.06590643,-0.29193363","0.027974367,-0.3314728,-0.7346284","0.28940094,-0.7067057,-0.6993105,-0.20178704,-0.24971162,-0.6265123,-0.036140352,-0.06590643,-0.29193363",0.0
"0.28940094,-0.7067057,-0.6993105,-0.20178704,-0.24971162,-0.6265123,-0.036140352,-0.06590643,-0.29193363","0.55656445,-0.3432231,-0.97829115","0.3425488,-0.7538972,-0.80440885,-0.07730254,-0.13112447,-0.56801385,-0.036140352,-0.06590643,-0.29193363",0.0
"0.3425488,-0.7538972,-0.80440885,-0.07730254,-0.13112447,-0.56801385,-0.036140352,-0.06590643,-0.29193363","0.10195351,0.03354299,-0.7281346","0.35228458,-0.7492852,-0.8826327,-0.042823132,-0.07262327,-0.47482395,-0.036140352,-0.06590643,-0.29193363",0.0
"0.35228458,-0.7492852,-0.8826327,-0.042823132,-0.07262327,-0.47482395,-0.036140352,-0.06590643,-0.29193363","-0.43749106,0.4191364,-0.85674417","0.31050736,-0.6916562,-0.9746733,-0.032865133,-0.03820172,-0.34277827,-0.036140352,-0.06590643,-0.29193363",0.0
"0.31050736,-0.6916562,-0.9746733,-0.032865133,-0.03820172,-0.34277827,-0.036140352,-0.06590643,-0.29193363","0.6467123,0.46737242,-0.638655","0.37226367,-0.627395,-1.0,-0.028027518,-0.051231362,-0.2998271,-0.036140352,-0.06590643,-0.29193363",0.0
"0.37226367,-0.627395,-1.0,-0.028027518,-0.051231362,-0.2998271,-0.036140352,-0.06590643,-0.29193363","-0.21713471,0.14211059,-0.40037346","0.3515289,-0.60785556,-1.0,-0.034397107,-0.055443704,-0.29689306,-0.036140352,-0.06590643,-0.29193363",0.0
"0.0,0.0,0.0,2.8652207e-07,0.005789075,0.993462,-0.16397661,-0.3593567,0.3476588","0.98347664,-0.9586765,-0.99523556","0.093914874,-0.1318131,-0.10691878,-0.40043166,-0.11564564,0.8774572,-0.16397661,-0.3593567,0.3476588",0.0
"0.093914874,-0.1318131,-0.10691878,-0.40043166,-0.11564564,0.8774572,-0.16397661,-0.3593567,0.3476588","0.8674693,0.09009957,-0.9694637","0.17675191,-0.119424865,-0.2110689,-0.43042985,-0.26022542,0.7847571,-0.16397661,-0.3593567,0.3476588",0.0
"0.17675191,-0.119424865,-0.2110689,-0.43042985,-0.26022542,0.7847571,-0.16397661,-0.3593567,0.3476588","0.6425204,0.868546,-0.9666631","0.23810793,-4.25759e-06,-0.3149182,-0.28628966,-0.25776264,0.7908871,-0.16397661,-0.3593567,0.3476588",0.0
"0.23810793,-4.25759e-06,-0.3149182,-0.28628966,-0.25776264,0.7908871,-0.16397661,-0.3593567,0.3476588","0.30050302,0.6730746,-0.95218235","0.2668038,0.09254005,-0.4172118,-0.21256964,-0.22763216,0.7424002,-0.16397661,-0.3593567,0.3476588",0.0
"0.2668038,0.09254005,-0.4172118,-0.21256964,-0.22763216,0.7424002,-0.16397661,-0.3593567,0.3476588","0.58593345,-0.037029266,-0.96757114","0.3227562,0.08744872,-0.52115864,-0.20733728,-0.3220984,0.5929875,-0.16397661,-0.3593567,0.3476588",0.0
"0.3227562,0.08744872,-0.52115864,-0.20733728,-0.3220984,0.5929875,-0.16397661,-0.3593567,0.3476588","0.1669625,-0.1047768,-0.9048438","0.3386999,0.07304246,-0.6183666,-0.20966399,-0.36578834,0.42936835,-0.16397661,-0.3593567,0.3476588",0.0
"0.3386999,0.07304246,-0.6183666,-0.20966399,-0.36578834,0.42936835,-0.16397661,-0.3593567,0.3476588","-0.018213868,0.16225696,-0.5279077","0.3369606,0.095351964,-0.6750801,-0.1986882,-0.34156668,0.36325046,-0.16397661,-0.3593567,0.3476588",0.0
"0.3369606,0.095351964,-0.6750801,-0.1986882,-0.34156668,0.36325046,-0.16397661,-0.3593567,0.3476588","0.056173444,0.0018123388,-0.007893741","0.34232476,0.09560116,-0.6759282,-0.19273283,-0.34454927,0.36217415,-0.16397661,-0.3593567,0.3476588",0.0
"0.34232476,0.09560116,-0.6759282,-0.19273283,-0.34454927,0.36217415,-0.16397661,-0.3593567,0.3476588","0.11406779,0.028104186,-0.022464335","0.3532174,0.09946534,-0.67834157,-0.17906001,-0.34737593,0.36213082,-0.16397661,-0.3593567,0.3476588",0.0
"0.3532174,0.09946534,-0.67834157,-0.17906001,-0.34737593,0.36213082,-0.16397661,-0.3593567,0.3476588","0.01615417,-0.021396995,-0.1250974","0.35476,0.096523374,-0.69178087,-0.17750035,-0.34849596,0.33852133,-0.16397661,-0.3593567,0.3476588",0.0
"0.35476,0.096523374,-0.69178087,-0.17750035,-0.34849596,0.33852133,-0.16397661,-0.3593567,0.3476588","-0.005698979,0.023390412,0.093104005","0.35421577,0.09973944,-0.68177867,-0.1776216,-0.34723008,0.3570598,-0.16397661,-0.3593567,0.3476588",0.0
"0.35421577,0.09973944,-0.68177867,-0.1776216,-0.34723008,0.3570598,-0.16397661,-0.3593567,0.3476588","0.11077726,-0.028087914,0.020320654","0.3647942,0.095877506,-0.67959565,-0.16760729,-0.3565245,0.35675204,-0.16397661,-0.3593567,0.3476588",0.0
"0.0,0.0,0.0,2.8652207e-07,0.005789075,0.993462,-0.026081873,-0.02760234,-0.30644754","-0.111292064,-0.49891102,-0.9770055","-0.010627588,-0.0685977,-0.10496032,-0.2875556,0.0153965065,0.933381,-0.026081873,-0.02760234,-0.30644754",0.0
"-0.010627588,-0.0685977,-0.10496032,-0.2875556,0.0153965065,0.933381,-0.026081873,-0.02760234,-0.30644754","0.8928484,-0.9029705,-0.81477773","0.07463295,-0.1927515,-0.19249241,-0.5954323,-0.13627271,0.7077971,-0.026081873,-0.02760234,-0.30644754",0.0
"0.07463295,-0.1927515,-0.19249241,-0.5954323,-0.13627271,0.7077971,-0.026081873,-0.02760234,-0.30644754","0.698581,-0.81537676,-0.9687624","0.14134236,-0.30486163,-0.29656717,-0.72805756,-0.33994535,0.359957,-0.026081873,-0.02760234,-0.30644754",0.0
"0.14134236,-0.30486163,-0.29656717,-0.72805756,-0.33994535,0.359957,-0.026081873,-0.02760234,-0.30644754","0.87372303,-0.89757395,-0.98421186","0.22477657,-0.42827347,-0.40230167,-0.6423352,-0.5402193,-0.05129714,-0.026081873,-0.02760234,-0.30644754",0.0
"0.22477657,-0.42827347,-0.40230167,-0.6423352,-0.5402193,-0.05129714,-0.026081873,-0.02760234,-0.30644754","0.14197636,-0.947742,-0.9910017","0.23833427,-0.5585832,-0.5087656,-0.5200002,-0.47531524,-0.4174716,-0.026081873,-0.02760234,-0.30644754",0.0
"0.23833427,-0.5585832,-0.5087656,-0.5200002,-0.47531524,-0.4174716,-0.026081873,-0.02760234,-0.30644754","0.097369075,-0.87014973,-0.95984906","0.24763231,-0.6782244,-0.6118827,-0.33791345,-0.32479724,-0.626138,-0.026081873,-0.02760234,-0.30644754",0.0
"0.24763231,-0.6782244,-0.6118827,-0.33791345,-0.32479724,-0.626138,-0.026081873,-0.02760234,-0.30644754","-0.584556,-0.5707438,-0.93585825","0.19181146,-0.7566988,-0.7124225,-0.21199773,-0.13881719,-0.6530959,-0.026081873,-0.02760234,-0.30644754",0.0
"0.19181146,-0.7566988,-0.7124225,-0.21199773,-0.13881719,-0.6530959,-0.026081873,-0.02760234,-0.30644754","0.6587342,-0.6698831,-0.98165935","0.2547158,-0.8488043,-0.8178826,-0.042840194,-0.03581715,-0.57594717,-0.026081873,-0.02760234,-0.30644754",0.0
"0.2547158,-0.8488043,-0.8178826,-0.042840194,-0.03581715,-0.57594717,-0.026081873,-0.02760234,-0.30644754","0.44347858,0.2976091,-0.96980846","0.29706478,-0.80788463,-0.9220696,-0.016428888,-0.012452913,-0.42797008,-0.026081873,-0.02760234,-0.30644754",0.0
"0.29706478,-0.80788463,-0.9220696,-0.016428888,-0.012452913,-0.42797008,-0.026081873,-0.02760234,-0.30644754","0.40940106,0.3636346,-0.7723123","0.33615962,-0.7578868,-1.0,-0.009999697,-0.0059205317,-0.31075284,-0.026081873,-0.02760234,-0.30644754",0.0
"0.33615962,-0.7578868,-1.0,-0.009999697,-0.0059205317,-0.31075284,-0.026081873,-0.02760234,-0.30644754","-0.084245205,0.5779141,-0.164541","0.3281148,-0.6784266,-1.0,-0.025363047,-0.031052088,-0.30591938,-0.026081873,-0.02760234,-0.30644754",0.0
"0.0,0.0,0.0,2.8652207e-07,0.005789075,0.993462,-0.10444445,0.029707601,-0.2683322","-0.9656926,-0.66947615,-0.8772731","-0.09221664,-0.092049524,-0.094246,-0.30726886,0.09763596,0.92325,-0.10444445,0.029707601,-0.2683322",0.0
"-0.09221664,-0.092049524,-0.094246,-0.30726886,0.09763596,0.92325,-0.10444445,0.029707601,-0.2683322","-0.9651471,-0.783361,-0.9997164","-0.18438119,-0.19975764,-0.20164618,-0.5232849,0.34919783,0.68534714,-0.10444445,0.029707601,-0.2683322",0.0
"-0.18438119,-0.19975764,-0.20164618,-0.5232849,0.34919783,0.68534714,-0.10444445,0.029707601,-0.2683322","0.24962616,-0.19796032,-0.98335755","-0.1605437,-0.22697617,-0.30728891,-0.6302342,0.3544909,0.48870382,-0.10444445,0.029707601,-0.2683322",0.0
"-0.1605437,-0.22697617,-0.30728891,-0.6302342,0.3544909,0.48870382,-0.10444445,0.029707601,-0.2683322","0.12649667,-0.5487361,-0.93125004","-0.14846419,-0.30242458,-0.40733367,-0.703141,0.36048773,0.19295792,-0.10444445,0.029707601,-0.2683322",0.0
"-0.14846419,-0.30242458,-0.40733367,-0.703141,0.36048773,0.19295792,-0.10444445,0.029707601,-0.2683322","0.08840716,-0.9381345,-0.97875285","-0.14002194,-0.43141326,-0.5124817,-0.6736089,0.32343227,-0.19433382,-0.10444445,0.029707601,-0.2683322",0.0
"-0.14002194,-0.43141326,-0.5124817,-0.6736089,0.32343227,-0.19433382,-0.10444445,0.029707601,-0.2683322","-0.1866715,-0.55043125,-0.9765689","-0.15784772,-0.5070948,-0.6173951,-0.5204598,0.28814238,-0.40269867,-0.10444445,0.029707601,-0.2683322",0.0
"-0.15784772,-0.5070948,-0.6173951,-0.5204598,0.28814238,-0.40269867,-0.10444445,0.029707601,-0.2683322","0.57712805,0.4030614,-0.8749546","-0.102736175,-0.451676,-0.711392,-0.46879596,0.16289383,-0.36374173,-0.10444445,0.029707601,-0.2683322",0.0
"-0.102736175,-0.451676,-0.711392,-0.46879596,0.16289383,-0.36374173,-0.10444445,0.029707601,-0.2683322","-0.1318968,-0.32238793,-0.9504076","-0.11533137,-0.49600276,-0.81349486,-0.30743432,0.12272732,-0.40509608,-0.10444445,0.029707601,-0.2683322",0.0
"-0.11533137,-0.49600276,-0.81349486,-0.30743432,0.12272732,-0.40509608,-0.10444445,0.029707601,-0.2683322","-0.69658345,-0.36369312,-0.9302421","-0.18185002,-0.54600877,-0.9134313,-0.14531787,0.100293346,-0.37451643,-0.10444445,0.029707601,-0.2683322",0.0
"-0.18185002,-0.54600877,-0.9134313,-0.14531787,0.100293346,-0.37451643,-0.10444445,0.029707601,-0.2683322","0.50051713,0.6890917,-0.91792136","-0.13405429,-0.45126227,-1.0,-0.102456555,0.052238848,-0.262206,-0.10444445,0.029707601,-0.2683322",0.0
"-0.13405429,-0.45126227,-1.0,-0.102456555,0.052238848,-0.262206,-0.10444445,0.029707601,-0.2683322","0.703104,0.25267386,-0.50371236","-0.06691296,-0.41652095,-1.0,-0.120356284,0.03159965,-0.25206745,-0.10444445,0.029707601,-0.2683322",0.0
"-0.06691296,-0.41652095,-1.0,-0.120356284,0.03159965,-0.25206745,-0.10444445,0.029707601,-0.2683322","-0.017502964,0.06411767,-0.83207655","-0.06858436,-0.40770516,-1.0,-0.122420006,0.032719575,-0.2493699,-0.10444445,0.029707601,-0.2683322",0.0
"-0.06858436,-0.40770516,-1.0,-0.122420006,0.032719575,-0.2493699,-0.10444445,0.029707601,-0.2683322","-0.123027205,0.21069944,-0.711064","-0.08033258,-0.37873513,-1.0,-0.12807418,0.039005462,-0.24016808,-0.10444445,0.029707601,-0.2683322",0.0
"-0.08033258,-0.37873513,-1.0,-0.12807418,0.039005462,-0.24016808,-0.10444445,0.029707601,-0.2683322","-0.24636638,0.15686536,-0.6444744","-0.10385879,-0.357167,-1.0,-0.12957501,0.049957,-0.23299818,-0.10444445,0.029707601,-0.2683322",0.0
"-0.10385879,-0.357167,-1.0,-0.12957501,0.049957,-0.23299818,-0.10444445,0.029707601,-0.2683322","-0.19141674,-0.40555727,-0.5598273","-0.12213771,-0.41292912,-1.0,-0.11396265,0.052252293,-0.2509743,-0.10444445,0.029707601,-0.2683322",0.0
"-0.12213771,-0.41292912,-1.0,-0.11396265,0.052252293,-0.2509743,-0.10444445,0.029707601,-0.2683322","0.30899847,-0.2671901,-0.7177528","-0.09263061,-0.44966644,-1.0,-0.10879897,0.03863004,-0.261758,-0.10444445,0.029707601,-0.2683322",0.0
"0.0,0.0,0.0,2.8652207e-07,0.005789075,0.993462,-0.0302924,0.022982456,-0.30644754","-0.9467173,-0.99082506,-0.9684702","-0.090404645,-0.13623336,-0.10404336,-0.40346465,0.12380446,0.87542117,-0.0302924,0.022982456,-0.30644754",0.0
"-0.090404645,-0.13623336,-0.10404336,-0.40346465,0.12380446,0.87542117,-0.0302924,0.022982456,-0.30644754","-0.8340118,-0.9405676,-0.9953374","-0.17004672,-0.26555657,-0.21097308,-0.62590706,0.3770115,0.56314033,-0.0302924,0.022982456,-0.30644754",0.0
"-0.17004672,-0.26555657,-0.21097308,-0.62590706,0.3770115,0.56314033,-0.0302924,0.022982456,-0.30644754","0.45347917,-0.7609118,-0.98682046","-0.12674275,-0.37017807,-0.3169878,-0.7843929,0.33623046,0.19579598,-0.0302924,0.022982456,-0.30644754",0.0
"-0.12674275,-0.37017807,-0.3169878,-0.7843929,0.33623046,0.19579598,-0.0302924,0.022982456,-0.30644754","-0.21737462,-0.9224559,-0.9831198","-0.14750046,-0.49701107,-0.42260498,-0.7320769,0.3722723,-0.21716975,-0.0302924,0.022982456,-0.30644754",0.0
"-0.14750046,-0.49701107,-0.42260498,-0.7320769,0.3722723,-0.21716975,-0.0302924,0.022982456,-0.30644754","0.5941483,-0.7893773,-0.8173108","-0.09076361,-0.6055464,-0.5104091,-0.642531,0.19437869,-0.49745488,-0.0302924,0.022982456,-0.30644754",0.0
"-0.09076361,-0.6055464,-0.5104091,-0.642531,0.19437869,-0.49745488,-0.0302924,0.022982456,-0.30644754","-0.7326915,-0.06621754,-0.94065344","-0.16073033,-0.614651,-0.6114641,-0.45894805,0.2602976,-0.54875255,-0.0302924,0.022982456,-0.30644754",0.0
"-0.16073033,-0.614651,-0.6114641,-0.45894805,0.2602976,-0.54875255,-0.0302924,0.022982456,-0.30644754","0.21710074,-0.21219146,-0.99280375","-0.13999878,-0.6438263,-0.71812165,-0.31847855,0.15626203,-0.5656093,-0.0302924,0.022982456,-0.30644754",0.0
"-0.13999878,-0.6438263,-0.71812165,-0.31847855,0.15626203,-0.5656093,-0.0302924,0.022982456,-0.30644754","-0.06532979,-0.81642944,-0.997741","-0.1462373,-0.7560812,-0.8253095,-0.11351829,0.06261973,-0.54579455,-0.0302924,0.022982456,-0.30644754",0.0
"-0.1462373,-0.7560812,-0.8253095,-0.11351829,0.06261973,-0.54579455,-0.0302924,0.022982456,-0.30644754","-0.47363842,-0.49741876,-0.9806421","-0.19146633,-0.8244738,-0.93066037,-0.001579789,0.008106388,-0.415867,-0.0302924,0.022982456,-0.30644754",0.0
"-0.19146633,-0.8244738,-0.93066037,-0.001579789,0.008106388,-0.415867,-0.0302924,0.022982456,-0.30644754","0.5270202,0.6938726,-0.96714514","-0.14113973,-0.72906995,-1.0,-0.016387684,0.014192567,-0.3096642,-0.0302924,0.022982456,-0.30644754",0.0
"0.0,0.0,0.0,2.8652207e-07,0.005789075,0.993462,0.055614036,-0.050584793,-0.29193363","0.97871256,-0.70286524,-0.9634701","0.093459934,-0.09664035,-0.1035062,-0.33008742,-0.09375473,0.91282403,0.055614036,-0.050584793,-0.29193363",0.0
"0.093459934,-0.09664035,-0.1035062,-0.33008742,-0.09375473,0.91282403,0.055614036,-0.050584793,-0.29193363","0.9927976,-0.9262402,-0.9819457","0.1882649,-0.22399361,-0.20899725,-0.5603887,-0.3694181,0.6370303,0.055614036,-0.050584793,-0.29193363",0.0
"0.1882649,-0.22399361,-0.20899725,-0.5603887,-0.3694181,0.6370303,0.055614036,-0.050584793,-0.29193363","0.99418926,-0.84105206,-0.9717995","0.28320277,-0.33963397,-0.31339827,-0.529028,-0.64355546,0.26423132,0.055614036,-0.050584793,-0.29193363",0.0
"0.28320277,-0.33963397,-0.31339827,-0.529028,-0.64355546,0.26423132,0.055614036,-0.050584793,-0.29193363","0.953256,-0.58480114,-0.9924309","0.3742318,-0.42004117,-0.42001575,-0.32341495,-0.76045936,-0.058799587,0.055614036,-0.050584793,-0.29193363",0.0
"0.3742318,-0.42004117,-0.42001575,-0.32341495,-0.76045936,-0.058799587,0.055614036,-0.050584793,-0.29193363","0.9005368,-0.75459874,-0.9830854","0.4602265,-0.52379465,-0.5256292,-0.09332369,-0.6965502,-0.3707427,0.055614036,-0.050584793,-0.29193363",0.0
"0.4602265,-0.52379465,-0.5256292,-0.09332369,-0.6965502,-0.3707427,0.055614036,-0.050584793,-0.29193363","0.5147704,-0.32733142,-0.9502278","0.5093834,-0.56880105,-0.6277127,0.010163127,-0.54101866,-0.49198902,0.055614036,-0.050584793,-0.29193363",0.0
"0.5093834,-0.56880105,-0.6277127,0.010163127,-0.54101866,-0.49198902,0.055614036,-0.050584793,-0.29193363","0.520229,-0.8197198,-0.9912637","0.55906147,-0.68150836,-0.7342048,0.04960277,-0.2956337,-0.5875111,0.055614036,-0.050584793,-0.29193363",0.0
"0.55906147,-0.68150836,-0.7342048,0.04960277,-0.2956337,-0.5875111,0.055614036,-0.050584793,-0.29193363","0.8207928,-0.27992725,-0.97592384","0.63744116,-0.7199969,-0.8390489,0.055515576,-0.13431416,-0.5184127,0.055614036,-0.050584793,-0.29193363",0.0
"0.63744116,-0.7199969,-0.8390489,0.055515576,-0.13431416,-0.5184127,0.055614036,-0.050584793,-0.29193363","0.7877636,-0.34622145,-0.9438639","0.71266687,-0.76760066,-0.9404487,0.016017525,-0.029641358,-0.39884186,0.055614036,-0.050584793,-0.29193363",0.0
"0.71266687,-0.76760066,-0.9404487,0.016017525,-0.029641358,-0.39884186,0.055614036,-0.050584793,-0.29193363","0.6686597,0.69692934,-0.95015","0.77651906,-0.67177653,-1.0,0.028411195,-0.031614482,-0.30525607,0.055614036,-0.050584793,-0.29193363",0.0
"0.77651906,-0.67177653,-1.0,0.028411195,-0.031614482,-0.30525607,0.055614036,-0.050584793,-0.29193363","0.25588977,0.6196356,-0.30009425","0.8009547,-0.5865799,-1.0,0.055268317,-0.04704208,-0.2933288,0.055614036,-0.050584793,-0.29193363",0.0
"0.0,0.0,0.0,2.8652207e-07,0.005789075,0.993462,0.038011696,-0.00046783625,-0.30644754","-0.99791974,-0.9906661,-0.99499816","-0.0952941,-0.13621148,-0.10689327,-0.40463072,0.13094875,0.87296236,0.038011696,-0.00046783625,-0.30644754",0.0
"-0.0952941,-0.13621148,-0.10689327,-0.40463072,0.13094875,0.87296236,0.038011696,-0.00046783625,-0.30644754","-0.99988914,-0.9421073,-0.99464595","-0.19077626,-0.2657464,-0.21374871,-0.6014937,0.41793475,0.558808,0.038011696,-0.00046783625,-0.30644754",0.0
"-0.19077626,-0.2657464,-0.21374871,-0.6014937,0.41793475,0.558808,0.038011696,-0.00046783625,-0.30644754","-0.98877525,-0.8386302,-0.96135753","-0.28519714,-0.38105375,-0.31702793,-0.53265214,0.6749725,0.17300826,0.038011696,-0.00046783625,-0.30644754",0.0
"-0.28519714,-0.38105375,-0.31702793,-0.53265214,0.6749725,0.17300826,0.038011696,-0.00046783625,-0.30644754","-0.9919886,-0.8526417,-0.99603677","-0.37992486,-0.49828768,-0.4240328,-0.2965618,0.76423764,-0.22143401,0.038011696,-0.00046783625,-0.30644754",0.0
"-0.37992486,-0.49828768,-0.4240328,-0.2965618,0.76423764,-0.22143401,0.038011696,-0.00046783625,-0.30644754","-0.98898005,-0.9633381,-0.9981845","-0.4743653,-0.6307418,-0.53126836,-0.044415694,0.62231815,-0.54807633,0.038011696,-0.00046783625,-0.30644754",0.0
"-0.4743653,-0.6307418,-0.53126836,-0.044415694,0.62231815,-0.54807633,0.038011696,-0.00046783625,-0.30644754","-0.9409466,-0.6319229,-0.9897962","-0.5642189,-0.71762794,-0.63760275,0.0843258,0.38338488,-0.66250867,0.038011696,-0.00046783625,-0.30644754",0.0
"-0.5642189,-0.71762794,-0.63760275,0.0843258,0.38338488,-0.66250867,0.038011696,-0.00046783625,-0.30644754","-0.9566507,-0.47553664,-0.95931435","-0.6555721,-0.78301185,-0.7406624,0.095647,0.16753028,-0.64373744,0.038011696,-0.00046783625,-0.30644754",0.0
"-0.6555721,-0.78301185,-0.7406624,0.095647,0.16753028,-0.64373744,0.038011696,-0.00046783625,-0.30644754","-0.9915598,0.15089822,-0.98996776","-0.75025886,-0.76226413,-0.8470152,0.07803803,0.069729194,-0.52211154,0.038011696,-0.00046783625,-0.30644754",0.0
"-0.75025886,-0.76226413,-0.8470152,0.07803803,0.069729194,-0.52211154,0.038011696,-0.00046783625,-0.30644754","-0.9888399,0.6737757,-0.92898715","-0.8446859,-0.66962355,-0.9468168,0.0739071,0.032670125,-0.37646425,0.038011696,-0.00046783625,-0.30644754",0.0
"-0.8446859,-0.66962355,-0.9468168,0.0739071,0.032670125,-0.37646425,0.038011696,-0.00046783625,-0.30644754","-0.9443802,0.040572524,-0.7554066","-0.9348674,-0.6640451,-1.0,0.045167882,0.0034602194,-0.30443528,0.038011696,-0.00046783625,-0.30644754",0.0
"0.0,0.0,0.0,2.8652207e-07,0.005789075,0.993462,-0.0012865497,0.006081871,-0.7596475","-0.9994788,-0.9873447,-0.94708717","-0.09544298,-0.13575482,-0.10174617,-0.39801046,0.12911026,0.87788886,-0.0012865497,0.006081871,-0.7596475",0.0
"-0.09544298,-0.13575482,-0.10174617,-0.39801046,0.12911026,0.87788886,-0.0012865497,0.006081871,-0.7596475","-0.9998184,-0.9341731,-0.95411503","-0.19091839,-0.2641988,-0.20424736,-0.59524375,0.41405734,0.57516664,-0.0012865497,0.006081871,-0.7596475",0.0
"-0.19091839,-0.2641988,-0.20424736,-0.59524375,0.41405734,0.57516664,-0.0012865497,0.006081871,-0.7596475","-0.9995105,-0.7340841,-0.86097443","-0.28636438,-0.36513162,-0.29674235,-0.52568644,0.671271,0.23777135,-0.0012865497,0.006081871,-0.7596475",0.0
"-0.28636438,-0.36513162,-0.29674235,-0.52568644,0.671271,0.23777135,-0.0012865497,0.006081871,-0.7596475","-0.98604244,-0.9875099,-0.9920344","-0.38052428,-0.5009092,-0.40331724,-0.30156752,0.78115225,-0.2014798,-0.0012865497,0.006081871,-0.7596475",0.0
"-0.38052428,-0.5009092,-0.40331724,-0.30156752,0.78115225,-0.2014798,-0.0012865497,0.006081871,-0.7596475","0.26377296,-0.9900516,-0.90557677","-0.3553359,-0.63703626,-0.50060385,-0.2842157,0.59490144,-0.54297626,-0.0012865497,0.006081871,-0.7596475",0.0
"-0.3553359,-0.63703626,-0.50060385,-0.2842157,0.59490144,-0.54297626,-0.0012865497,0.006081871,-0.7596475","0.9423926,-0.3097117,0.62153137","-0.26534423,-0.6796201,-0.43383235,-0.47196692,0.52842766,-0.57344645,-0.0012865497,0.006081871,-0.7596475",0.0
"-0.26534423,-0.6796201,-0.43383235,-0.47196692,0.52842766,-0.57344645,-0.0012865497,0.006081871,-0.7596475","-0.5841564,-0.73328686,-0.16018307","-0.32112694,-0.7804433,-0.45104086,-0.30359828,0.49302742,-0.7407314,-0.0012865497,0.006081871,-0.7596475",0.0
"-0.32112694,-0.7804433,-0.45104086,-0.30359828,0.49302742,-0.7407314,-0.0012865497,0.006081871,-0.7596475","0.3492173,-0.7127156,-0.87531304","-0.2877792,-0.8784381,-0.54507625,-0.19239233,0.25385267,-0.8397247,-0.0012865497,0.006081871,-0.7596475",0.0
"-0.2877792,-0.8784381,-0.54507625,-0.19239233,0.25385267,-0.8397247,-0.0012865497,0.006081871,-0.7596475","0.16907477,0.9000926,-0.94163966","-0.2716338,-0.7546801,-0.64623713,-0.21941026,0.26026943,-0.6922146,-0.0012865497,0.006081871,-0.7596475",0.0
"-0.2716338,-0.7546801,-0.64623713,-0.21941026,0.26026943,-0.6922146,-0.0012865497,0.006081871,-0.7596475","0.23946261,-0.9999458,-0.47279817","-0.24876685,-0.8921675,-0.6970301,-0.079896584,0.08743655,-0.7291657,-0.0012865497,0.006081871,-0.7596475",0.0
"-0.24876685,-0.8921675,-0.6970301,-0.079896584,0.08743655,-0.7291657,-0.0012865497,0.006081871,-0.7596475","-0.2589928,-0.9672539,-0.44931483","-0.2735017,-0.99998087,-0.7453063,0.034198064,-0.030795453,-0.6776852,-0.0012865497,0.006081871,-0.7596475",0.0
"-0.2735017,-0.99998087,-0.7453063,0.034198064,-0.030795453,-0.6776852,-0.0012865497,0.006081871,-0.7596475","0.8807719,-0.4019835,-0.06369442","-0.18939728,-0.99998087,-0.7521547,0.044425104,-0.023077508,-0.66801006,-0.0012865497,0.006081871,-0.7596475",0.0
"-0.18939728,-0.99998087,-0.7521547,0.044425104,-0.023077508,-0.66801006,-0.0012865497,0.006081871,-0.7596475","-0.7186817,-0.9890366,-0.22645819","-0.25802904,-0.9999808,-0.77648795,0.04749143,-0.041547604,-0.632973,-0.0012865497,0.006081871,-0.7596475",0.0
"-0.25802904,-0.9999808,-0.77648795,0.04749143,-0.041547604,-0.632973,-0.0012865497,0.006081871,-0.7596475","0.6054621,0.8989694,-0.3283096","-0.20021182,-0.87637717,-0.81175834,-0.024968173,0.02532565,-0.58711886,-0.0012865497,0.006081871,-0.7596475",0.0
"-0.20021182,-0.87637717,-0.81175834,-0.024968173,0.02532565,-0.58711886,-0.0012865497,0.006081871,-0.7596475","-0.9577801,-0.69282866,0.6766914","-0.29167286,-0.9716375,-0.7390609,0.010860768,-0.004643855,-0.68822646,-0.0012865497,0.006081871,-0.7596475",0.0
"-0.29167286,-0.9716375,-0.7390609,0.010860768,-0.004643855,-0.68822646,-0.0012865497,0.006081871,-0.7596475","0.94175804,-0.99977607,-0.17735308","-0.20174472,-0.99998087,-0.7581195,0.04624575,-0.026803292,-0.6595109,-0.0012865497,0.006081871,-0.7596475",0.0
"-0.20174472,-0.99998087,-0.7581195,0.04624575,-0.026803292,-0.6595109,-0.0012865497,0.006081871,-0.7596475","-0.52293503,-0.81361234,0.81302214","-0.251684,-0.9999811,-0.6707854,-0.0021586772,0.010413297,-0.7764672,-0.0012865497,0.006081871,-0.7596475",0.0
"0.0,0.0,0.0,2.8652207e-07,0.005789075,0.993462,-0.002748538,0.005555555,-0.7596475","-0.9990847,-0.9956439,-0.9860947","-0.09540535,-0.13689592,-0.10593677,-0.4047928,0.13115448,0.8730894,-0.002748538,0.005555555,-0.7596475",0.0
"-0.09540535,-0.13689592,-0.10593677,-0.4047928,0.13115448,0.8730894,-0.002748538,0.005555555,-0.7596475","-0.99984866,-0.9562874,-0.9829832","-0.19088365,-0.26838052,-0.21153927,-0.6032431,0.41943017,0.5572788,-0.002748538,0.005555555,-0.7596475",0.0
"-0.19088365,-0.26838052,-0.21153927,-0.6032431,0.41943017,0.5572788,-0.002748538,0.005555555,-0.7596475","-0.9996715,-0.9850984,-0.51707417","-0.28634503,-0.4038265,-0.26708886,-0.54303473,0.69303024,0.2021802,-0.002748538,0.005555555,-0.7596475",0.0
"-0.28634503,-0.4038265,-0.26708886,-0.54303473,0.69303024,0.2021802,-0.002748538,0.005555555,-0.7596475","-0.9781651,-0.96880245,-0.91077125","-0.3797527,-0.53703195,-0.36493355,-0.31265774,0.8035965,-0.22811794,-0.002748538,0.005555555,-0.7596475",0.0
"-0.3797527,-0.53703195,-0.36493355,-0.31265774,0.8035965,-0.22811794,-0.002748538,0.005555555,-0.7596475","0.26039243,-0.9269567,-0.9023826","-0.3548871,-0.6644837,-0.46187702,-0.29688516,0.61862814,-0.5657299,-0.002748538,0.005555555,-0.7596475",0.0
"-0.3548871,-0.6644837,-0.46187702,-0.29688516,0.61862814,-0.5657299,-0.002748538,0.005555555,-0.7596475","0.82489467,-0.5829271,-0.13381618","-0.27611566,-0.74463326,-0.4762529,-0.37482944,0.45094958,-0.69697815,-0.002748538,0.005555555,-0.7596475",0.0
"-0.27611566,-0.74463326,-0.4762529,-0.37482944,0.45094958,-0.69697815,-0.002748538,0.005555555,-0.7596475","0.39663553,-0.9640896,-0.9443757","-0.23823984,-0.87719065,-0.5777077,-0.19923939,0.19293763,-0.8217705,-0.002748538,0.005555555,-0.7596475",0.0
"-0.23823984,-0.87719065,-0.5777077,-0.19923939,0.19293763,-0.8217705,-0.002748538,0.005555555,-0.7596475","-0.6040814,-0.9993305,-0.31723106","-0.29592785,-0.9999812,-0.61180025,-0.033864148,0.055058114,-0.84440887,-0.002748538,0.005555555,-0.7596475",0.0
"-0.29592785,-0.9999812,-0.61180025,-0.033864148,0.055058114,-0.84440887,-0.002748538,0.005555555,-0.7596475","0.7310538,-0.43968415,-0.6454652","-0.22612034,-0.9999811,-0.68115187,0.003587433,0.0045510326,-0.7635231,-0.002748538,0.005555555,-0.7596475",0.0
"0.0,0.0,0.0,2.8652207e-07,0.005789075,0.993462,-0.615731,-0.09690058,0.2042196","0.3336165,-0.95356965,-0.96508664","0.03185795,-0.13111092,-0.103679866,-0.41012773,-0.035366923,0.8809412,-0.615731,-0.09690058,0.2042196",0.0
"0.03185795,-0.13111092,-0.103679866,-0.41012773,-0.035366923,0.8809412,-0.615731,-0.09690058,0.2042196","-0.25020105,-0.85801053,-0.98616326","0.007965561,-0.24908297,-0.20962402,-0.70741564,-0.011915403,0.5939598,-0.615731,-0.09690058,0.2042196",0.0
"0.007965561,-0.24908297,-0.20962402,-0.70741564,-0.011915403,0.5939598,-0.615731,-0.09690058,0.2042196","0.339599,0.3131442,-0.97293067","0.040394798,-0.20602727,-0.31414658,-0.6950227,-0.08284141,0.5146444,-0.615731,-0.09690058,0.2042196",0.0
"0.040394798,-0.20602727,-0.31414658,-0.6950227,-0.08284141,0.5146444,-0.615731,-0.09690058,0.2042196","0.10589635,0.59903204,-0.9791995","0.05050713,-0.12366346,-0.41934264,-0.6205359,-0.09343425,0.48693419,-0.615731,-0.09690058,0.2042196",0.0
"0.05050713,-0.12366346,-0.41934264,-0.6205359,-0.09343425,0.48693419,-0.615731,-0.09690058,0.2042196","0.004459381,-0.24615985,-0.95673954","0.050932962,-0.1575092,-0.5221258,-0.64580834,-0.09836331,0.27424693,-0.615731,-0.09690058,0.2042196",0.0
"0.050932962,-0.1575092,-0.5221258,-0.64580834,-0.09836331,0.27424693,-0.615731,-0.09690058,0.2042196","-0.107005894,0.06941497,-0.44959307","0.040714674,-0.147965,-0.5704259,-0.622935,-0.074279286,0.21691385,-0.615731,-0.09690058,0.2042196",0.0
"0.040714674,-0.147965,-0.5704259,-0.622935,-0.074279286,0.21691385,-0.615731,-0.09690058,0.2042196","0.085318804,-0.19134659,0.22594762","0.04886199,-0.1742742,-0.54615223,-0.64885384,-0.09453391,0.21146588,-0.615731,-0.09690058,0.2042196",0.0
"0.04886199,-0.1742742,-0.54615223,-0.64885384,-0.09453391,0.21146588,-0.615731,-0.09690058,0.2042196","0.015481114,0.10366297,-0.19055927","0.05034032,-0.1600211,-0.56662416,-0.629846,-0.094586104,0.20389295,-0.615731,-0.09690058,0.2042196",0.0
"0.0,0.0,0.0,2.8652207e-07,0.005789075,0.993462,0.4883041,-0.3873684,0.2042196","-0.18587768,0.9792514,0.8835746","-0.017749965,0.13464202,0.094922975,0.4078836,-0.016970329,0.8847543,0.4883041,-0.3873684,0.2042196",0.0
"-0.017749965,0.13464202,0.094922975,0.4078836,-0.016970329,0.8847543,0.4883041,-0.3873684,0.2042196","-0.90578943,0.8548199,0.9762876","-0.10424627,0.25217536,0.19980614,0.6701717,-0.22156584,0.6024131,0.4883041,-0.3873684,0.2042196",0.0
"-0.10424627,0.25217536,0.19980614,0.6701717,-0.22156584,0.6024131,0.4883041,-0.3873684,0.2042196","-0.988749,-0.033205688,0.82065487","-0.19866464,0.24760978,0.28796962,0.60502225,-0.4285749,0.48126382,0.4883041,-0.3873684,0.2042196",0.0
"-0.19866464,0.24760978,0.28796962,0.60502225,-0.4285749,0.48126382,0.4883041,-0.3873684,0.2042196","-0.25759244,-0.16164547,0.8507149","-0.22326285,0.22538437,0.3793625,0.5638809,-0.4687256,0.38000575,0.4883041,-0.3873684,0.2042196",0.0
"-0.22326285,0.22538437,0.3793625,0.5638809,-0.4687256,0.38000575,0.4883041,-0.3873684,0.2042196","0.7238542,-0.1297751,0.8253045","-0.15414003,0.20754099,0.46802554,0.62867033,-0.32415164,0.2737819,0.4883041,-0.3873684,0.2042196",0.0
"-0.15414003,0.20754099,0.46802554,0.62867033,-0.32415164,0.2737819,0.4883041,-0.3873684,0.2042196","-0.8238653,-0.1827836,0.82586765","-0.23281316,0.18240921,0.55674905,0.49171045,-0.4335073,0.18296522,0.4883041,-0.3873684,0.2042196",0.0
"-0.23281316,0.18240921,0.55674905,0.49171045,-0.4335073,0.18296522,0.4883041,-0.3873684,0.2042196","0.3970785,-0.13830632,-0.039165735","-0.19489504,0.16339283,0.5525415,0.53172445,-0.3663666,0.21930681,0.4883041,-0.3873684,0.2042196",0.0
"-0.19489504,0.16339283,0.5525415,0.53172445,-0.3663666,0.21930681,0.4883041,-0.3873684,0.2042196","-0.3604821,-0.07546407,0.22350752","-0.22931847,0.15301694,0.57655305,0.47542736,-0.40963754,0.20022754,0.4883041,-0.3873684,0.2042196",0.0
"-0.22931847,0.15301694,0.57655305,0.47542736,-0.40963754,0.20022754,0.4883041,-0.3873684,0.2042196","0.2035644,-0.008337259,0.11991501","-0.20987955,0.15187064,0.58943564,0.49359143,-0.375246,0.18337204,0.4883041,-0.3873684,0.2042196",0.0
"-0.20987955,0.15187064,0.58943564,0.49359143,-0.375246,0.18337204,0.4883041,-0.3873684,0.2042196","-0.051590323,-0.074005604,-0.052033007","-0.21480606,0.14169526,0.5838458,0.4851743,-0.3807993,0.2067995,0.4883041,-0.3873684,0.2042196",0.0
"0.0,0.0,0.0,2.8652207e-07,0.005789075,0.993462,0.037543863,-0.0057894737,-0.30644754","-0.9264144,-0.9793335,-0.91837263","-0.088465855,-0.13465333,-0.098661356,-0.3952062,0.118775725,0.881623,0.037543863,-0.0057894737,-0.30644754",0.0
"-0.088465855,-0.13465333,-0.098661356,-0.3952062,0.118775725,0.881623,0.037543863,-0.0057894737,-0.30644754","-0.99670947,-0.9055261,-0.9839673","-0.18364438,-0.25915852,-0.20436956,-0.5988588,0.39664397,0.5838657,0.037543863,-0.0057894737,-0.30644754",0.0
"-0.18364438,-0.25915852,-0.20436956,-0.5988588,0.39664397,0.5838657,0.037543863,-0.0057894737,-0.30644754","-0.9860413,-0.9332001,-0.930341","-0.27780417,-0.38746876,-0.3043167,-0.55208737,0.66707265,0.17916591,0.037543863,-0.0057894737,-0.30644754",0.0
"-0.27780417,-0.38746876,-0.3043167,-0.55208737,0.66707265,0.17916591,0.037543863,-0.0057894737,-0.30644754","-0.26632196,-0.98766005,-0.969947","-0.30323598,-0.523267,-0.4085187,-0.47512016,0.6781189,-0.25321406,0.037543863,-0.0057894737,-0.30644754",0.0
"-0.30323598,-0.523267,-0.4085187,-0.47512016,0.6781189,-0.25321406,0.037543863,-0.0057894737,-0.30644754","-0.9939234,-0.8325492,-0.9895419","-0.39814845,-0.6377383,-0.51482576,-0.1957885,0.60926974,-0.55134684,0.037543863,-0.0057894737,-0.30644754",0.0
"-0.39814845,-0.6377383,-0.51482576,-0.1957885,0.60926974,-0.55134684,0.037543863,-0.0057894737,-0.30644754","-0.96816456,-0.27962208,-0.99024993","-0.49060112,-0.67618495,-0.6212089,-0.0077233384,0.4576514,-0.6229943,0.037543863,-0.0057894737,-0.30644754",0.0
"-0.49060112,-0.67618495,-0.6212089,-0.0077233384,0.4576514,-0.6229943,0.037543863,-0.0057894737,-0.30644754","-0.9997922,-0.5122418,-0.922893","-0.586074,-0.7466156,-0.7203558,0.07343618,0.24324416,-0.6409302,0.037543863,-0.0057894737,-0.30644754",0.0
"-0.586074,-0.7466156,-0.7203558,0.07343618,0.24324416,-0.6409302,0.037543863,-0.0057894737,-0.30644754","-0.93229693,-0.14088655,-0.961922","-0.6751016,-0.76598686,-0.8236956,0.06909642,0.10159835,-0.5506865,0.037543863,-0.0057894737,-0.30644754",0.0
"-0.6751016,-0.76598686,-0.8236956,0.06909642,0.10159835,-0.5506865,0.037543863,-0.0057894737,-0.30644754","-0.97766304,0.2802707,-0.95493656","-0.76846135,-0.72745115,-0.92628497,0.052286085,0.038795505,-0.41371772,0.037543863,-0.0057894737,-0.30644754",0.0
"-0.76846135,-0.72745115,-0.92628497,0.052286085,0.038795505,-0.41371772,0.037543863,-0.0057894737,-0.30644754","-0.9387483,0.1986556,-0.81480753","-0.858105,-0.7001371,-1.0,0.03106958,0.008429909,-0.30780873,0.037543863,-0.0057894737,-0.30644754",0.0
"0.0,0.0,0.0,2.8652207e-07,0.005789075,0.993462,-0.015672516,-0.034619883,-0.30644754","0.78093743,-0.97566104,-0.91827625","0.07457385,-0.13414837,-0.09865099,-0.40172946,-0.08992647,0.88213956,-0.015672516,-0.034619883,-0.30644754",0.0
"0.07457385,-0.13414837,-0.09865099,-0.40172946,-0.08992647,0.88213956,-0.015672516,-0.034619883,-0.30644754","0.8986056,-0.89388764,-0.9781616","0.16038415,-0.25705335,-0.20373549,-0.6289474,-0.34014595,0.58844215,-0.015672516,-0.034619883,-0.30644754",0.0
"0.16038415,-0.25705335,-0.20373549,-0.6289474,-0.34014595,0.58844215,-0.015672516,-0.034619883,-0.30644754","0.59317136,-0.96736157,-0.9459784","0.21702771,-0.3900606,-0.30536252,-0.6769541,-0.54200435,0.17206855,-0.015672516,-0.034619883,-0.30644754",0.0
"0.21702771,-0.3900606,-0.30536252,-0.6769541,-0.54200435,0.17206855,-0.015672516,-0.034619883,-0.30644754","0.12641752,-0.89023083,-0.9582985","0.22909966,-0.5124628,-0.40831313,-0.62854725,-0.54328954,-0.23110934,-0.015672516,-0.034619883,-0.30644754",0.0
"0.22909966,-0.5124628,-0.40831313,-0.62854725,-0.54328954,-0.23110934,-0.015672516,-0.034619883,-0.30644754","0.42792988,-0.87571204,-0.9802657","0.26996386,-0.63286877,-0.51362365,-0.4313409,-0.48039687,-0.54312253,-0.015672516,-0.034619883,-0.30644754",0.0
"0.26996386,-0.63286877,-0.51362365,-0.4313409,-0.48039687,-0.54312253,-0.015672516,-0.034619883,-0.30644754","0.32279372,-0.8299819,-0.8292452","0.3007883,-0.7469871,-0.6027099,-0.24371673,-0.32731834,-0.70136595,-0.015672516,-0.034619883,-0.30644754",0.0
"0.3007883,-0.7469871,-0.6027099,-0.24371673,-0.32731834,-0.70136595,-0.015672516,-0.034619883,-0.30644754","0.18189538,-0.7911794,-0.9642949","0.318158,-0.85577023,-0.70630467,-0.08666317,-0.12412169,-0.70758784,-0.015672516,-0.034619883,-0.30644754",0.0
"0.318158,-0.85577023,-0.70630467,-0.08666317,-0.12412169,-0.70758784,-0.015672516,-0.034619883,-0.30644754","0.026598573,0.11365032,-0.994107","0.32069796,-0.840144,-0.8131021,-0.040697735,-0.05359921,-0.5808424,-0.015672516,-0.034619883,-0.30644754",0.0
"0.32069796,-0.840144,-0.8131021,-0.040697735,-0.05359921,-0.5808424,-0.015672516,-0.034619883,-0.30644754","-0.0013252497,-0.06403631,-0.851305","0.32057142,-0.8489487,-0.9045583,-0.006146313,0.0011119185,-0.4547377,-0.015672516,-0.034619883,-0.30644754",0.0
"0.32057142,-0.8489487,-0.9045583,-0.006146313,0.0011119185,-0.4547377,-0.015672516,-0.034619883,-0.30644754","0.5098523,0.6732259,-0.79340315","0.36925858,-0.75638366,-0.9897941,-0.011150047,-0.011102929,-0.326008,-0.015672516,-0.034619883,-0.30644754",0.0
"0.36925858,-0.75638366,-0.9897941,-0.011150047,-0.011102929,-0.326008,-0.015672516,-0.034619883,-0.30644754","-0.3136068,0.5403439,-0.18985552","0.33931142,-0.6820892,-1.0,-0.023604795,-0.030747669,-0.3062678,-0.015672516,-0.034619883,-0.30644754",0.0
"0.0,0.0,0.0,2.8652207e-07,0.005789075,0.993462,-0.07497077,-0.0057894737,-0.29193363","-0.4451996,-0.988106,-0.97897154","-0.042513337,-0.1358595,-0.105171524,-0.41804352,0.062009014,0.874828,-0.07497077,-0.0057894737,-0.29193363",0.0
"-0.042513337,-0.1358595,-0.105171524,-0.41804352,0.062009014,0.874828,-0.07497077,-0.0057894737,-0.29193363","-0.608107,-0.85402787,-0.9688521","-0.10058314,-0.25328395,-0.20925593,-0.6759791,0.22710018,0.5872015,-0.07497077,-0.0057894737,-0.29193363",0.0
"-0.10058314,-0.25328395,-0.20925593,-0.6759791,0.22710018,0.5872015,-0.07497077,-0.0057894737,-0.29193363","0.26527977,-0.7271168,-0.925923","-0.07525085,-0.3532588,-0.3087284,-0.8184954,0.20314078,0.24365236,-0.07497077,-0.0057894737,-0.29193363",0.0
"-0.07525085,-0.3532588,-0.3087284,-0.8184954,0.20314078,0.24365236,-0.07497077,-0.0057894737,-0.29193363","0.39379144,-0.36970568,-0.98529506","-0.037646625,-0.40409148,-0.41457927,-0.821029,0.10338879,-0.019150207,-0.07497077,-0.0057894737,-0.29193363",0.0
"-0.037646625,-0.40409148,-0.41457927,-0.821029,0.10338879,-0.019150207,-0.07497077,-0.0057894737,-0.29193363","-0.7685103,-0.032357335,-0.95352006","-0.11103378,-0.4085405,-0.51701653,-0.6984688,0.2601907,-0.15770686,-0.07497077,-0.0057894737,-0.29193363",0.0
"-0.11103378,-0.4085405,-0.51701653,-0.6984688,0.2601907,-0.15770686,-0.07497077,-0.0057894737,-0.29193363","0.39011216,-0.769931,-0.8267978","-0.0737809,-0.5144021,-0.6058399,-0.5885537,0.14486602,-0.40774092,-0.07497077,-0.0057894737,-0.29193363",0.0
"-0.0737809,-0.5144021,-0.6058399,-0.5885537,0.14486602,-0.40774092,-0.07497077,-0.0057894737,-0.29193363","0.7579752,-0.3773092,-0.9439949","-0.0013997707,-0.56628025,-0.7072538,-0.43215224,0.0076900064,-0.4938685,-0.07497077,-0.0057894737,-0.29193363",0.0
"-0.0013997707,-0.56628025,-0.7072538,-0.43215224,0.0076900064,-0.4938685,-0.07497077,-0.0057894737,-0.29193363","-0.05713725,-0.50659776,-0.93583477","-0.0068559647,-0.6359349,-0.8077912,-0.2452337,0.011073718,-0.5073862,-0.07497077,-0.0057894737,-0.29193363",0.0
"-0.0068559647,-0.6359349,-0.8077912,-0.2452337,0.011073718,-0.5073862,-0.07497077,-0.0057894737,-0.29193363","-0.67468154,-0.21032286,-0.8650307","-0.071283154,-0.6648533,-0.900722,-0.11917648,0.033081762,-0.43132558,-0.07497077,-0.0057894737,-0.29193363",0.0
"-0.071283154,-0.6648533,-0.900722,-0.11917648,0.033081762,-0.43132558,-0.07497077,-0.0057894737,-0.29193363","0.46654582,0.42890322,-0.57584095","-0.026731417,-0.60588133,-0.962585,-0.096457414,0.0139294965,-0.34304562,-0.07497077,-0.0057894737,-0.29193363",0.0
"-0.026731417,-0.60588133,-0.962585,-0.096457414,0.0139294965,-0.34304562,-0.07497077,-0.0057894737,-0.29193363","0.8748374,0.17065454,-0.2319752","0.0568092,-0.5824173,-0.9875062,-0.084238045,-0.009312925,-0.3079139,-0.07497077,-0.0057894737,-0.29193363",0.0
"0.0,0.0,0.0,2.8652207e-07,0.005789075,0.993462,-0.7864328,0.26385963,0.44441816","-0.9753794,-0.9998173,-0.8303442","-0.09314167,-0.13746974,-0.08920439,-0.38797557,0.12292818,0.8866388,-0.7864328,0.26385963,0.44441816",0.0
"-0.09314167,-0.13746974,-0.08920439,-0.38797557,0.12292818,0.8866388,-0.7864328,0.26385963,0.44441816","-0.86421484,-0.9832228,-0.8303593","-0.17566791,-0.27265784,-0.17841041,-0.6109036,0.38292727,0.5965415,-0.7864328,0.26385963,0.44441816",0.0
"-0.17566791,-0.27265784,-0.17841041,-0.6109036,0.38292727,0.5965415,-0.7864328,0.26385963,0.44441816","0.6875173,-0.7409467,-0.17258036","-0.110015005,-0.37453422,-0.19695082,-0.7977936,0.2934193,0.37308934,-0.7864328,0.26385963,0.44441816",0.0
"-0.110015005,-0.37453422,-0.19695082,-0.7977936,0.2934193,0.37308934,-0.7864328,0.26385963,0.44441816","-0.2147553,0.3521254,-0.07111776","-0.13052258,-0.32611883,-0.20459104,-0.73330545,0.32507327,0.45915392,-0.7864328,0.26385963,0.44441816",0.0
"-0.13052258,-0.32611883,-0.20459104,-0.73330545,0.32507327,0.45915392,-0.7864328,0.26385963,0.44441816","0.31987643,-0.07221198,-0.0054073334","-0.099976696,-0.33604762,-0.20517196,-0.77173716,0.2567778,0.4387187,-0.7864328,0.26385963,0.44441816",0.0
"0.0,0.0,0.0,2.8652207e-07,0.005789075,0.993462,0.014152047,-0.10035087,0.03855188","-0.999081,0.9625523,-0.99631697","-0.095404975,0.132346,-0.107035,0.13131608,-0.034521833,0.9705601,0.014152047,-0.10035087,0.03855188",0.0
"-0.095404975,0.132346,-0.107035,0.13131608,-0.034521833,0.9705601,0.014152047,-0.10035087,0.03855188","-0.91248643,0.7286235,-0.99059194","-0.1825408,0.23252805,-0.21345496,0.16760896,-0.10136268,0.92167413,0.014152047,-0.10035087,0.03855188",0.0
"-0.1825408,0.23252805,-0.21345496,0.16760896,-0.10136268,0.92167413,0.014152047,-0.10035087,0.03855188","-0.9780235,0.57403636,-0.9935607","-0.27593496,0.31145516,-0.3201939,0.13649863,-0.151829,0.85791546,0.014152047,-0.10035087,0.03855188",0.0
"-0.27593496,0.31145516,-0.3201939,0.13649863,-0.151829,0.85791546,0.014152047,-0.10035087,0.03855188","-0.8347566,0.7632055,-0.98229516","-0.35564813,0.41639203,-0.42572257,0.11532826,-0.22341971,0.7589046,0.014152047,-0.10035087,0.03855188",0.0
"-0.35564813,0.41639203,-0.42572257,0.11532826,-0.22341971,0.7589046,0.014152047,-0.10035087,0.03855188","-0.7748946,0.70802784,-0.9836426","-0.42964494,0.51374227,-0.531396,0.06428171,-0.25967687,0.6448203,0.014152047,-0.10035087,0.03855188",0.0
"-0.42964494,0.51374227,-0.531396,0.06428171,-0.25967687,0.6448203,0.014152047,-0.10035087,0.03855188","-0.41023833,0.36210322,-0.95088863","-0.46881974,0.5635297,-0.6335506,0.026176864,-0.20718695,0.5464616,0.014152047,-0.10035087,0.03855188",0.0
"-0.46881974,0.5635297,-0.6335506,0.026176864,-0.20718695,0.5464616,0.014152047,-0.10035087,0.03855188","-0.030356467,0.75456977,-0.9825816","-0.47171858,0.6672792,-0.73911005,0.023979811,-0.20394768,0.40414962,0.014152047,-0.10035087,0.03855188",0.0
"-0.47171858,0.6672792,-0.73911005,0.023979811,-0.20394768,0.40414962,0.014152047,-0.10035087,0.03855188","-0.27457374,0.6517534,-0.9885138","-0.49793836,0.75689197,-0.8453067,0.006870227,-0.1669452,0.2617755,0.014152047,-0.10035087,0.03855188",0.0
"-0.49793836,0.75689197,-0.8453067,0.006870227,-0.1669452,0.2617755,0.014152047,-0.10035087,0.03855188","0.6412134,0.7151768,-0.9742812","-0.43670717,0.8552251,-0.9499743,0.029128073,-0.11524699,0.11601363,0.014152047,-0.10035087,0.03855188",0.0
"-0.43670717,0.8552251,-0.9499743,0.029128073,-0.11524699,0.11601363,0.014152047,-0.10035087,0.03855188","0.12467635,0.49491298,-0.9287365","-0.42480147,0.92327327,-1.0,0.02795054,-0.091368794,0.04305377,0.014152047,-0.10035087,0.03855188",0.0
"0.0,0.0,0.0,2.8652207e-07,0.005789075,0.993462,0.040877193,0.052923974,0.060191978","0.9670987,0.7674395,-0.9949476","0.09235092,0.105519004,-0.106887884,0.07372315,0.02805191,0.9775836,0.040877193,0.052923974,0.060191978",0.0
"0.09235092,0.105519004,-0.106887884,0.07372315,0.02805191,0.9775836,0.040877193,0.052923974,0.060191978","0.88428605,0.345479,-0.9925771","0.17679383,0.15302064,-0.21352112,0.02434658,0.02192228,0.94382447,0.040877193,0.052923974,0.060191978",0.0
"0.17679383,0.15302064,-0.21352112,0.02434658,0.02192228,0.94382447,0.040877193,0.052923974,0.060191978","0.8588568,0.7434921,-0.996241","0.25880843,0.255247,-0.320548,0.061291344,0.073204555,0.87831384,0.040877193,0.052923974,0.060191978",0.0
"0.25880843,0.255247,-0.320548,0.061291344,0.073204555,0.87831384,0.040877193,0.052923974,0.060191978","0.09743154,0.75716496,-0.9575783","0.26811245,0.35935333,-0.42342132,0.098880775,0.119522676,0.7884094,0.040877193,0.052923974,0.060191978",0.0
"0.26811245,0.35935333,-0.42342132,0.098880775,0.119522676,0.7884094,0.040877193,0.052923974,0.060191978","-0.13425696,0.9105879,-0.9850499","0.2552919,0.48455453,-0.5292459,0.1531219,0.1666272,0.66368276,0.040877193,0.052923974,0.060191978",0.0
"0.2552919,0.48455453,-0.5292459,0.1531219,0.1666272,0.66368276,0.040877193,0.052923974,0.060191978","-0.44855106,0.59471166,-0.9749734","0.21245854,0.5663244,-0.63398796,0.16280168,0.13567941,0.54467875,0.040877193,0.052923974,0.060191978",0.0
"0.21245854,0.5663244,-0.63398796,0.16280168,0.13567941,0.54467875,0.040877193,0.052923974,0.060191978","0.13902712,0.85108984,-0.9889095","0.2257346,0.6833449,-0.7402272,0.16334292,0.14779007,0.3948383,0.040877193,0.052923974,0.060191978",0.0
"0.2257346,0.6833449,-0.7402272,0.16334292,0.14779007,0.3948383,0.040877193,0.052923974,0.060191978","0.13541925,0.87694263,-0.98214054","0.23866615,0.80392003,-0.84573925,0.14271665,0.14081001,0.24027081,0.040877193,0.052923974,0.060191978",0.0
"0.23866615,0.80392003,-0.84573925,0.14271665,0.14081001,0.24027081,0.040877193,0.052923974,0.060191978","0.19076943,-0.2939211,-0.949136","0.25688326,0.7635074,-0.9477055,0.048738062,0.05926326,0.14067854,0.040877193,0.052923974,0.060191978",0.0
"0.25688326,0.7635074,-0.9477055,0.048738062,0.05926326,0.14067854,0.040877193,0.052923974,0.060191978","-0.25603497,0.26708424,-0.45801586","0.23243377,0.8002302,-0.99691045,0.037806608,0.04161907,0.06973247,0.040877193,0.052923974,0.060191978",0.0
"0.0,0.0,0.0,2.8652207e-07,0.005789075,0.993462,0.005497076,-0.0021637427,0.23331277","0.030688763,0.8421235,-0.9941545","0.0029305678,0.11578767,-0.10680269,0.10066324,0.00671615,0.9753443,0.005497076,-0.0021637427,0.23331277",0.0
"0.0029305678,0.11578767,-0.10680269,0.10066324,0.00671615,0.9753443,0.005497076,-0.0021637427,0.23331277","-0.34914488,0.652745,-0.9593295","-0.030410223,0.20553678,-0.2098641,0.14556643,-0.008133788,0.9335517,0.005497076,-0.0021637427,0.23331277",0.0
"-0.030410223,0.20553678,-0.2098641,0.14556643,-0.008133788,0.9335517,0.005497076,-0.0021637427,0.23331277","-0.3533672,0.19208193,-0.98960626","-0.064154215,0.23194711,-0.3161782,0.05558535,-0.005448492,0.8849895,0.005497076,-0.0021637427,0.23331277",0.0
"-0.064154215,0.23194711,-0.3161782,0.05558535,-0.005448492,0.8849895,0.005497076,-0.0021637427,0.23331277","-0.33011758,0.56899905,-0.9932794","-0.09567805,0.3101816,-0.4228869,0.066628195,-0.0145920925,0.8021591,0.005497076,-0.0021637427,0.23331277",0.0
"-0.09567805,0.3101816,-0.4228869,0.066628195,-0.0145920925,0.8021591,0.005497076,-0.0021637427,0.23331277","-0.3381313,0.5044874,-0.9944725","-0.12796712,0.37954608,-0.52972376,0.058389693,-0.018535357,0.70024496,0.005497076,-0.0021637427,0.23331277",0.0
"-0.12796712,0.37954608,-0.52972376,0.058389693,-0.018535357,0.70024496,0.005497076,-0.0021637427,0.23331277","-0.05410421,0.23918688,-0.9736746","-0.13313366,0.4124331,-0.63432634,0.0063818363,0.0034988143,0.58530813,0.005497076,-0.0021637427,0.23331277",0.0
"-0.13313366,0.4124331,-0.63432634,0.0063818363,0.0034988143,0.58530813,0.005497076,-0.0021637427,0.23331277","-0.06373131,0.3319168,-0.9818497","-0.13921954,0.45806998,-0.73980707,-0.01754369,0.014593809,0.45089343,0.005497076,-0.0021637427,0.23331277",0.0
"-0.13921954,0.45806998,-0.73980707,-0.01754369,0.014593809,0.45089343,0.005497076,-0.0021637427,0.23331277","0.14560533,0.41818392,-0.83809584","-0.12531528,0.5155682,-0.82984436,-0.015134836,0.012555504,0.32677162,0.005497076,-0.0021637427,0.23331277",0.0
"-0.12531528,0.5155682,-0.82984436,-0.015134836,0.012555504,0.32677162,0.005497076,-0.0021637427,0.23331277","0.0312078,0.3439951,-0.6540824","-0.122335166,0.5628658,-0.9001129,-0.011142662,0.010751462,0.2250129,0.005497076,-0.0021637427,0.23331277",0.0
"-0.122335166,0.5628658,-0.9001129,-0.011142662,0.010751462,0.2250129,0.005497076,-0.0021637427,0.23331277","0.025759935,0.2736423,0.03353846","-0.11987528,0.6004902,-0.89650995,0.013915685,0.0007223621,0.23041289,0.005497076,-0.0021637427,0.23331277",0.0
"0.0,0.0,0.0,2.8652207e-07,0.005789075,0.993462,0.04649123,0.059064325,-0.29193363","-0.98995626,-0.5568076,-0.97205156","-0.09453364,-0.07655817,-0.10442812,-0.2885511,0.094361626,0.92800057,0.04649123,0.059064325,-0.29193363",0.0
"-0.09453364,-0.07655817,-0.10442812,-0.2885511,0.094361626,0.92800057,0.04649123,0.059064325,-0.29193363","-0.9956973,-0.851197,-0.9742187","-0.18961552,-0.19359338,-0.20908906,-0.5141028,0.35547146,0.68498296,0.04649123,0.059064325,-0.29193363",0.0
"-0.18961552,-0.19359338,-0.20908906,-0.5141028,0.35547146,0.68498296,0.04649123,0.059064325,-0.29193363","-0.70137393,-0.12891465,-0.9518585","-0.25659165,-0.2113185,-0.31134784,-0.4842412,0.5130877,0.5098162,0.04649123,0.059064325,-0.29193363",0.0
"-0.25659165,-0.2113185,-0.31134784,-0.4842412,0.5130877,0.5098162,0.04649123,0.059064325,-0.29193363","-0.97732586,-0.7685724,-0.9580347","-0.34991917,-0.31699327,-0.4142701,-0.35640502,0.71179575,0.1542854,0.04649123,0.059064325,-0.29193363",0.0
"-0.34991917,-0.31699327,-0.4142701,-0.35640502,0.71179575,0.1542854,0.04649123,0.059064325,-0.29193363","-0.8049388,-0.8468996,-0.99518305","-0.426785,-0.43343765,-0.52118325,-0.16262414,0.71991736,-0.207307,0.04649123,0.059064325,-0.29193363",0.0
"-0.426785,-0.43343765,-0.52118325,-0.16262414,0.71991736,-0.207307,0.04649123,0.059064325,-0.29193363","-0.6447577,-0.36538547,-0.9559751","-0.48835468,-0.4836763,-0.6238842,-0.016106948,0.5984123,-0.3718632,0.04649123,0.059064325,-0.29193363",0.0
"-0.48835468,-0.4836763,-0.6238842,-0.016106948,0.5984123,-0.3718632,0.04649123,0.059064325,-0.29193363","-0.5422805,-0.50442827,-0.9696524","-0.54013854,-0.55303264,-0.7280546,0.057654813,0.40874386,-0.47750556,0.04649123,0.059064325,-0.29193363",0.0
"-0.54013854,-0.55303264,-0.7280546,0.057654813,0.40874386,-0.47750556,0.04649123,0.059064325,-0.29193363","-0.59415364,-0.03586042,-0.9513084","-0.5968759,-0.5579634,-0.83025426,0.08689395,0.25731742,-0.44286573,0.04649123,0.059064325,-0.29193363",0.0
"-0.5968759,-0.5579634,-0.83025426,0.08689395,0.25731742,-0.44286573,0.04649123,0.059064325,-0.29193363","-0.8991853,-0.1982081,-0.8626994","-0.6827416,-0.585216,-0.9229346,0.08418721,0.119504,-0.38088664,0.04649123,0.059064325,-0.29193363",0.0
"-0.6827416,-0.585216,-0.9229346,0.08418721,0.119504,-0.38088664,0.04649123,0.059064325,-0.29193363","-0.5018452,-0.17685878,-0.49051452","-0.73066413,-0.60953325,-0.9756309,0.06020185,0.059264217,-0.32802305,0.04649123,0.059064325,-0.29193363",0.0
"-0.73066413,-0.60953325,-0.9756309,0.06020185,0.059264217,-0.32802305,0.04649123,0.059064325,-0.29193363","0.25688744,0.17000294,-0.64572525","-0.7061333,-0.58615875,-1.0,0.048348747,0.054321557,-0.29325435,0.04649123,0.059064325,-0.29193363",0.0
"0.0,0.0,0.0,2.8652207e-07,0.005789075,0.993462,0.051929828,-0.047894735,0.224356","-0.4294743,0.92235374,-0.9907628","-0.041011665,0.12681891,-0.10643832,0.124446094,-0.010285766,0.9723297,0.051929828,-0.047894735,0.224356",0.0
"-0.041011665,0.12681891,-0.10643832,0.124446094,-0.010285766,0.9723297,0.051929828,-0.047894735,0.224356","-0.28030145,0.48848128,-0.99093235","-0.06777841,0.19398262,-0.21289486,0.11631439,-0.019225495,0.9365365,0.051929828,-0.047894735,0.224356",0.0
"-0.06777841,0.19398262,-0.21289486,0.11631439,-0.019225495,0.9365365,0.051929828,-0.047894735,0.224356","-0.37503874,0.4960611,-0.9946645","-0.10359188,0.26218852,-0.31975237,0.1059241,-0.029633429,0.8769793,0.051929828,-0.047894735,0.224356",0.0
"-0.10359188,0.26218852,-0.31975237,0.1059241,-0.029633429,0.8769793,0.051929828,-0.047894735,0.224356","-0.05920595,0.6006105,-0.8228811","-0.10924561,0.34476942,-0.40815505,0.14197583,-0.044587024,0.8029368,0.051929828,-0.047894735,0.224356",0.0
"-0.10924561,0.34476942,-0.40815505,0.14197583,-0.044587024,0.8029368,0.051929828,-0.047894735,0.224356","-0.5566169,0.13889027,-0.9723434","-0.16239849,0.36386618,-0.5126146,0.05061901,-0.02169286,0.71850157,0.051929828,-0.047894735,0.224356",0.0
"-0.16239849,0.36386618,-0.5126146,0.05061901,-0.02169286,0.71850157,0.051929828,-0.047894735,0.224356","0.043940544,0.6114099,-0.92493016","-0.15820248,0.44793195,-0.6119805,0.06923463,-0.03096852,0.60691553,0.051929828,-0.047894735,0.224356",0.0
"-0.15820248,0.44793195,-0.6119805,0.06923463,-0.03096852,0.60691553,0.051929828,-0.047894735,0.224356","-0.26016068,0.5265306,-0.9414583","-0.18304595,0.52032727,-0.71312195,0.062213693,-0.03342338,0.48144346,0.051929828,-0.047894735,0.224356",0.0
"-0.18304595,0.52032727,-0.71312195,0.062213693,-0.03342338,0.48144346,0.051929828,-0.047894735,0.224356","-0.1371069,0.39947867,-0.8677366","-0.19613867,0.5752536,-0.8063435,0.044094972,-0.024132818,0.35716602,0.051929828,-0.047894735,0.224356",0.0
"-0.19613867,0.5752536,-0.8063435,0.044094972,-0.024132818,0.35716602,0.051929828,-0.047894735,0.224356","-0.058725595,0.26954138,-0.57394266","-0.20174654,0.61231416,-0.8680026,0.03386294,-0.017703202,0.27012184,0.051929828,-0.047894735,0.224356",0.0
"-0.20174654,0.61231416,-0.8680026,0.03386294,-0.017703202,0.27012184,0.051929828,-0.047894735,0.224356","-0.017742634,0.3122126,-0.21851134","-0.20344085,0.65524185,-0.8914775,0.04608498,-0.02703688,0.2331199,0.051929828,-0.047894735,0.224356",0.0
"-0.20344085,0.65524185,-0.8914775,0.04608498,-0.02703688,0.2331199,0.051929828,-0.047894735,0.224356","-0.208238,0.16240108,-0.09606111","-0.22332606,0.67757124,-0.90179753,0.050232053,-0.034867987,0.21603912,0.051929828,-0.047894735,0.224356",0.0
"0.0,0.0,0.0,2.8652207e-07,0.005789075,0.993462,0.5100585,-0.18122807,0.35439274","0.31946456,0.98992825,0.8834305","0.030506551,0.13611004,0.09490749,0.40860763,0.045096856,0.8833004,0.5100585,-0.18122807,0.35439274",0.0
"0.030506551,0.13611004,0.09490749,0.40860763,0.045096856,0.8833004,0.5100585,-0.18122807,0.35439274","-0.6384177,0.68004775,0.9890871","-0.030457705,0.22961313,0.20116575,0.6716566,-0.058649078,0.638518,0.5100585,-0.18122807,0.35439274",0.0
"-0.030457705,0.22961313,0.20116575,0.6716566,-0.058649078,0.638518,0.5100585,-0.18122807,0.35439274","-0.8247204,-0.26016897,0.98482037","-0.10921252,0.19384125,0.30696562,0.64405715,-0.22392972,0.545994,0.5100585,-0.18122807,0.35439274",0.0
"-0.10921252,0.19384125,0.30696562,0.64405715,-0.22392972,0.545994,0.5100585,-0.18122807,0.35439274","-0.0017275214,-0.6912372,0.97831845","-0.10937748,0.098799706,0.412067,0.5624312,-0.19509755,0.5352264,0.5100585,-0.18122807,0.35439274",0.0
"-0.10937748,0.098799706,0.412067,0.5624312,-0.19509755,0.5352264,0.5100585,-0.18122807,0.35439274","0.007826209,-0.28040755,0.8965175","-0.108630136,0.060245115,0.5083805,0.53404456,-0.18353246,0.44072378,0.5100585,-0.18122807,0.35439274",0.0
"-0.108630136,0.060245115,0.5083805,0.53404456,-0.18353246,0.44072378,0.5100585,-0.18122807,0.35439274","0.112822294,-0.22942173,0.38124228","-0.09785643,0.028700816,0.5493376,0.5076254,-0.15509272,0.41894916,0.5100585,-0.18122807,0.35439274",0.0
"-0.09785643,0.028700816,0.5493376,0.5076254,-0.15509272,0.41894916,0.5100585,-0.18122807,0.35439274","-0.1705631,0.073587656,0.12499416","-0.11414397,0.038818743,0.56276584,0.50766504,-0.18408978,0.38480717,0.5100585,-0.18122807,0.35439274",0.0
"-0.11414397,0.038818743,0.56276584,0.50766504,-0.18408978,0.38480717,0.5100585,-0.18122807,0.35439274","0.096981764,-0.036207676,0.26004434","-0.10488292,0.03384038,0.59070265,0.5039717,-0.16622278,0.3480183,0.5100585,-0.18122807,0.35439274",0.0
"0.0,0.0,0.0,2.8652207e-07,0.005789075,0.993462,-0.060643278,-0.66181284,0.3481818","0.96914613,-0.95641285,-0.9995194","0.09254641,-0.13150185,-0.107379,-0.4008588,-0.1139032,0.8773759,-0.060643278,-0.66181284,0.3481818",0.0
"0.09254641,-0.13150185,-0.107379,-0.4008588,-0.1139032,0.8773759,-0.060643278,-0.66181284,0.3481818","0.9847007,-0.8643447,-0.9903097","0.18657817,-0.2503448,-0.2137686,-0.5960792,-0.38884687,0.5859083,-0.060643278,-0.66181284,0.3481818",0.0
"0.18657817,-0.2503448,-0.2137686,-0.5960792,-0.38884687,0.5859083,-0.060643278,-0.66181284,0.3481818","0.98712707,0.43385184,-0.8636799","0.28084165,-0.19069242,-0.3065543,-0.43499678,-0.5195513,0.55182904,-0.060643278,-0.66181284,0.3481818",0.0
"0.28084165,-0.19069242,-0.3065543,-0.43499678,-0.5195513,0.55182904,-0.060643278,-0.66181284,0.3481818","0.53926086,-0.11458659,-0.7990954","0.33233714,-0.2064475,-0.39240164,-0.36443272,-0.61516595,0.39310673,-0.060643278,-0.66181284,0.3481818",0.0
"0.33233714,-0.2064475,-0.39240164,-0.36443272,-0.61516595,0.39310673,-0.060643278,-0.66181284,0.3481818","0.31251907,0.7195753,-0.5202641","0.36218044,-0.10750961,-0.44829395,-0.26248306,-0.55407566,0.46645153,-0.060643278,-0.66181284,0.3481818",0.0
"0.36218044,-0.10750961,-0.44829395,-0.26248306,-0.55407566,0.46645153,-0.060643278,-0.66181284,0.3481818","0.62381935,-0.35985136,-0.44885874","0.42175066,-0.15698734,-0.49651515,-0.16616288,-0.6384816,0.31429645,-0.060643278,-0.66181284,0.3481818",0.0
"0.42175066,-0.15698734,-0.49651515,-0.16616288,-0.6384816,0.31429645,-0.060643278,-0.66181284,0.3481818","0.2637745,0.10388625,0.2869048","0.4469392,-0.14270353,-0.46569282,-0.113718405,-0.6409832,0.38499686,-0.060643278,-0.66181284,0.3481818",0.0
"0.4469392,-0.14270353,-0.46569282,-0.113718405,-0.6409832,0.38499686,-0.060643278,-0.66181284,0.3481818","0.17626727,-0.1539107,-0.0051828623","0.46377146,-0.16386548,-0.46624967,-0.081951685,-0.6659717,0.35000443,-0.060643278,-0.66181284,0.3481818",0.0
"0.46377146,-0.16386548,-0.46624967,-0.081951685,-0.6659717,0.35000443,-0.060643278,-0.66181284,0.3481818","-0.0073675513,0.084922075,-0.13557601","0.46306792,-0.15218914,-0.48081473,-0.081966996,-0.6532945,0.34630617,-0.060643278,-0.66181284,0.3481818",0.0
"0.46306792,-0.15218914,-0.48081473,-0.081966996,-0.6532945,0.34630617,-0.060643278,-0.66181284,0.3481818","0.0948683,-0.08907527,-0.0010795593","0.47212714,-0.16443653,-0.48093075,-0.06429122,-0.6661608,0.32629403,-0.060643278,-0.66181284,0.3481818",0.0
"0.47212714,-0.16443653,-0.48093075,-0.06429122,-0.6661608,0.32629403,-0.060643278,-0.66181284,0.3481818","-0.003212154,0.045556426,0.12686765","0.47182038,-0.15817277,-0.4673013,-0.06461251,-0.6624868,0.3576486,-0.060643278,-0.66181284,0.3481818",0.0
"0.0,0.0,0.0,2.8652207e-07,0.005789075,0.993462,0.024795322,0.070935674,-0.29193363","-0.9133365,-0.9642771,-0.9948353","-0.08721702,-0.13258314,-0.106875785,-0.40103498,0.11873247,0.87671006,0.024795322,0.070935674,-0.29193363",0.0
"-0.08721702,-0.13258314,-0.106875785,-0.40103498,0.11873247,0.87671006,0.024795322,0.070935674,-0.29193363","-0.90979147,-0.7048236,-0.9686767","-0.1740955,-0.22949277,-0.21094134,-0.57820886,0.35884988,0.6252864,0.024795322,0.070935674,-0.29193363",0.0
"-0.1740955,-0.22949277,-0.21094134,-0.57820886,0.35884988,0.6252864,0.024795322,0.070935674,-0.29193363","-0.99269223,-0.1947397,-0.9620194","-0.2688904,-0.2562685,-0.3142917,-0.49869072,0.57041645,0.4250173,0.024795322,0.070935674,-0.29193363",0.0
"-0.2688904,-0.2562685,-0.3142917,-0.49869072,0.57041645,0.4250173,0.024795322,0.070935674,-0.29193363","-0.93243134,-0.81407833,-0.9519095","-0.35793084,-0.3682001,-0.41655594,-0.34742916,0.739453,0.05006892,0.024795322,0.070935674,-0.29193363",0.0
"-0.35793084,-0.3682001,-0.41655594,-0.34742916,0.739453,0.05006892,0.024795322,0.070935674,-0.29193363","-0.36314952,-0.54775536,-0.9787224","-0.39260897,-0.4435137,-0.5217007,-0.23801455,0.6960052,-0.22595416,0.024795322,0.070935674,-0.29193363",0.0
"-0.39260897,-0.4435137,-0.5217007,-0.23801455,0.6960052,-0.22595416,0.024795322,0.070935674,-0.29193363","-0.44826216,-0.6312554,-0.9987589","-0.43541476,-0.53030807,-0.6289979,-0.10828099,0.5550609,-0.44038236,0.024795322,0.070935674,-0.29193363",0.0
"-0.43541476,-0.53030807,-0.6289979,-0.10828099,0.5550609,-0.44038236,0.024795322,0.070935674,-0.29193363","-0.19163138,-0.05363792,-0.9931278","-0.45371416,-0.53768307,-0.7356903,-0.05406379,0.40914026,-0.4609557,0.024795322,0.070935674,-0.29193363",0.0
"-0.45371416,-0.53768307,-0.7356903,-0.05406379,0.40914026,-0.4609557,0.024795322,0.070935674,-0.29193363","-0.50674963,-0.18585002,-0.9383749","-0.50210506,-0.56323653,-0.8365005,0.0075111594,0.26014322,-0.4424099,0.024795322,0.070935674,-0.29193363",0.0
"-0.50210506,-0.56323653,-0.8365005,0.0075111594,0.26014322,-0.4424099,0.024795322,0.070935674,-0.29193363","-0.89035916,-0.3909607,-0.9623674","-0.5871279,-0.6169917,-0.93988824,0.036127426,0.10725392,-0.37248248,0.024795322,0.070935674,-0.29193363",0.0
"-0.5871279,-0.6169917,-0.93988824,0.036127426,0.10725392,-0.37248248,0.024795322,0.070935674,-0.29193363","0.049656034,0.22779596,-0.86573005","-0.5823861,-0.585671,-1.0,0.024193326,0.06875548,-0.293168,0.024795322,0.070935674,-0.29193363",0.0
"0.0,0.0,0.0,2.8652207e-07,0.005789075,0.993462,-0.06315789,0.040760234,-0.29193363","-0.9938278,-0.9885891,-0.97205526","-0.09490335,-0.13592592,-0.104428515,-0.40153247,0.12945049,0.8754042,-0.06315789,0.040760234,-0.29193363",0.0
"-0.09490335,-0.13592592,-0.104428515,-0.40153247,0.12945049,0.8754042,-0.06315789,0.040760234,-0.29193363","-0.82258266,-0.72098684,-0.9759993","-0.17345403,-0.23505792,-0.20928073,-0.5848911,0.36129656,0.61830384,-0.06315789,0.040760234,-0.29193363",0.0
"-0.17345403,-0.23505792,-0.20928073,-0.5848911,0.36129656,0.61830384,-0.06315789,0.040760234,-0.29193363","0.7275443,-0.85674244,-0.9837649","-0.10397883,-0.35285562,-0.31496722,-0.79600877,0.2757977,0.23476669,-0.06315789,0.040760234,-0.29193363",0.0
"-0.10397883,-0.35285562,-0.31496722,-0.79600877,0.2757977,0.23476669,-0.06315789,0.040760234,-0.29193363","-0.31272054,-0.80047673,-0.99565315","-0.13384137,-0.46291712,-0.42193082,-0.751818,0.3425123,-0.14779979,-0.06315789,0.040760234,-0.29193363",0.0
"-0.13384137,-0.46291712,-0.42193082,-0.751818,0.3425123,-0.14779979,-0.06315789,0.040760234,-0.29193363","0.13667428,-0.52490383,-0.98031855","-0.120789975,-0.5350888,-0.527247,-0.64340144,0.26282296,-0.3912437,-0.06315789,0.040760234,-0.29193363",0.0
"-0.120789975,-0.5350888,-0.527247,-0.64340144,0.26282296,-0.3912437,-0.06315789,0.040760234,-0.29193363","-0.4321198,-0.041022062,-0.9938069","-0.16205429,-0.5407291,-0.6340122,-0.47910956,0.27406457,-0.45621443,-0.06315789,0.040760234,-0.29193363",0.0
"-0.16205429,-0.5407291,-0.6340122,-0.47910956,0.27406457,-0.45621443,-0.06315789,0.040760234,-0.29193363","0.015098572,-0.68474835,-0.99764544","-0.16061246,-0.6348786,-0.7411899,-0.2873991,0.16533418,-0.54779154,-0.06315789,0.040760234,-0.29193363",0.0
"-0.16061246,-0.6348786,-0.7411899,-0.2873991,0.16533418,-0.54779154,-0.06315789,0.040760234,-0.29193363","-0.12903243,-0.4735902,-0.97341055","-0.17293414,-0.6999948,-0.845764,-0.1286389,0.08444988,-0.5038947,-0.06315789,0.040760234,-0.29193363",0.0
"-0.17293414,-0.6999948,-0.845764,-0.1286389,0.08444988,-0.5038947,-0.06315789,0.040760234,-0.29193363","-0.51999944,0.5804664,-0.95633495","-0.22259031,-0.6201837,-0.9485036,-0.07546945,0.07104052,-0.3632686,-0.06315789,0.040760234,-0.29193363",0.0
"-0.22259031,-0.6201837,-0.9485036,-0.07546945,0.07104052,-0.3632686,-0.06315789,0.040760234,-0.29193363","0.57230484,-0.034478426,-0.91336846","-0.16793935,-0.62492436,-1.0,-0.048049506,0.03469888,-0.29947427,-0.06315789,0.040760234,-0.29193363",0.0
"-0.16793935,-0.62492436,-1.0,-0.048049506,0.03469888,-0.29947427,-0.06315789,0.040760234,-0.29193363","-0.31177855,0.56720924,-0.8009571","-0.19771194,-0.5469361,-1.0,-0.066264816,0.05453958,-0.28568575,-0.06315789,0.040760234,-0.29193363",0.0
"0.0,0.0,0.0,2.8652207e-07,0.005789075,0.993462,-0.3289474,-0.34877193,0.23488185","0.96388507,-0.9075567,-0.994755","0.09204402,-0.12478438,-0.10686716,-0.38791227,-0.10936536,0.8845285,-0.3289474,-0.34877193,0.23488185",0.0
"0.09204402,-0.12478438,-0.10686716,-0.38791227,-0.10936536,0.8845285,-0.3289474,-0.34877193,0.23488185","0.86147904,0.6927246,-0.9808648","0.17430902,-0.029538313,-0.21224211,-0.29094967,-0.17064649,0.8759046,-0.3289474,-0.34877193,0.23488185",0.0
"0.17430902,-0.029538313,-0.21224211,-0.29094967,-0.17064649,0.8759046,-0.3289474,-0.34877193,0.23488185","0.6521504,-0.092109025,-0.90813416","0.23658463,-0.042202823,-0.30980358,-0.3383549,-0.30311057,0.7540043,-0.3289474,-0.34877193,0.23488185",0.0
"0.23658463,-0.042202823,-0.30980358,-0.3383549,-0.30311057,0.7540043,-0.3289474,-0.34877193,0.23488185","-0.1998071,-0.19840002,-0.97690815","0.21750452,-0.069481805,-0.41475347,-0.4361394,-0.34761935,0.5723852,-0.3289474,-0.34877193,0.23488185",0.0
"0.21750452,-0.069481805,-0.41475347,-0.4361394,-0.34761935,0.5723852,-0.3289474,-0.34877193,0.23488185","-0.00024396181,0.37438214,-0.9714271","0.21748121,-0.018006187,-0.5191145,-0.40517393,-0.32235962,0.47977343,-0.3289474,-0.34877193,0.23488185",0.0
"0.21748121,-0.018006187,-0.5191145,-0.40517393,-0.32235962,0.47977343,-0.3289474,-0.34877193,0.23488185","0.05207479,-0.02161038,-0.9315381","0.22245398,-0.020977512,-0.6191903,-0.39587912,-0.3251126,0.32062468,-0.3289474,-0.34877193,0.23488185",0.0
"0.22245398,-0.020977512,-0.6191903,-0.39587912,-0.3251126,0.32062468,-0.3289474,-0.34877193,0.23488185","0.13535285,0.009155273,-0.4952917","0.23537919,-0.019718716,-0.67239976,-0.36663365,-0.3265755,0.24234638,-0.3289474,-0.34877193,0.23488185",0.0
"0.23537919,-0.019718716,-0.67239976,-0.36663365,-0.3265755,0.24234638,-0.3289474,-0.34877193,0.23488185","0.1514206,-0.11151105,-0.08835477","0.24983875,-0.035050925,-0.6818918,-0.35523552,-0.34669384,0.2101207,-0.3289474,-0.34877193,0.23488185",0.0
"0.24983875,-0.035050925,-0.6818918,-0.35523552,-0.34669384,0.2101207,-0.3289474,-0.34877193,0.23488185","0.057777643,0.021793485,0.048306465","0.2553561,-0.03205444,-0.67670226,-0.34977514,-0.35342166,0.22121446,-0.3289474,-0.34877193,0.23488185",0.0
"0.2553561,-0.03205444,-0.67670226,-0.34977514,-0.35342166,0.22121446,-0.3289474,-0.34877193,0.23488185","-0.11573589,0.041870475,0.098974705","0.24430417,-0.026297476,-0.6660694,-0.36284018,-0.34203827,0.24369465,-0.3289474,-0.34877193,0.23488185",0.0
"0.24430417,-0.026297476,-0.6660694,-0.36284018,-0.34203827,0.24369465,-0.3289474,-0.34877193,0.23488185","0.07752025,0.07112086,-0.09909862","0.25170678,-0.016518734,-0.6767157,-0.34636694,-0.3418713,0.23983869,-0.3289474,-0.34877193,0.23488185",0.0
"0.25170678,-0.016518734,-0.6767157,-0.34636694,-0.3418713,0.23983869,-0.3289474,-0.34877193,0.23488185","0.07186329,-0.029616535,-0.05648482","0.2585692,-0.020590864,-0.68278396,-0.33873948,-0.34907135,0.22616816,-0.3289474,-0.34877193,0.23488185",0.0
"0.0,0.0,0.0,2.8652207e-07,0.005789075,0.993462,0.055614036,-0.050584793,-0.29193363","0.98689365,-0.8886606,-0.9483683","0.09424117,-0.12218627,-0.10188381,-0.3766342,-0.10883354,0.8911856,0.055614036,-0.050584793,-0.29193363",0.0
"0.09424117,-0.12218627,-0.10188381,-0.3766342,-0.10883354,0.8911856,0.055614036,-0.050584793,-0.29193363","0.9964224,-0.6929209,-0.90214324","0.18939228,-0.21745934,-0.19880162,-0.54511845,-0.36195323,0.6614066,0.055614036,-0.050584793,-0.29193363",0.0
"0.18939228,-0.21745934,-0.19880162,-0.54511845,-0.36195323,0.6614066,0.055614036,-0.050584793,-0.29193363","0.6893426,-0.73913,-0.97171825","0.2552195,-0.31908593,-0.30319393,-0.57211566,-0.5828701,0.32151517,0.055614036,-0.050584793,-0.29193363",0.0
"0.2552195,-0.31908593,-0.30319393,-0.57211566,-0.5828701,0.32151517,0.055614036,-0.050584793,-0.29193363","0.65018797,-0.881193,-0.9569989","0.3173077,-0.4402455,-0.4060049,-0.4598477,-0.70057595,-0.08084793,0.055614036,-0.050584793,-0.29193363",0.0
"0.3173077,-0.4402455,-0.4060049,-0.4598477,-0.70057595,-0.08084793,0.055614036,-0.050584793,-0.29193363","0.97652376,-0.58626926,-0.98413885","0.41055867,-0.52085453,-0.51173156,-0.20540313,-0.6907916,-0.35423538,0.055614036,-0.050584793,-0.29193363",0.0
"0.41055867,-0.52085453,-0.51173156,-0.20540313,-0.6907916,-0.35423538,0.055614036,-0.050584793,-0.29193363","0.3196348,-0.74495196,-0.97635704","0.44108146,-0.62328166,-0.61662215,-0.10011362,-0.50322914,-0.560321,0.055614036,-0.050584793,-0.29193363",0.0
"0.44108146,-0.62328166,-0.61662215,-0.10011362,-0.50322914,-0.560321,0.055614036,-0.050584793,-0.29193363","0.82108927,-0.48304057,-0.6223514","0.5194895,-0.68969727,-0.68348175,0.016178057,-0.3584882,-0.6200063,0.055614036,-0.050584793,-0.29193363",0.0
"0.5194895,-0.68969727,-0.68348175,0.016178057,-0.3584882,-0.6200063,0.055614036,-0.050584793,-0.29193363","0.9215665,-0.6868159,-0.8428074","0.60749245,-0.784131,-0.77402496,0.046087403,-0.1487202,-0.6113591,0.055614036,-0.050584793,-0.29193363",0.0
"0.60749245,-0.784131,-0.77402496,0.046087403,-0.1487202,-0.6113591,0.055614036,-0.050584793,-0.29193363","0.42131174,0.1979531,-0.1900239","0.6477247,-0.75691354,-0.7944392,0.06631093,-0.14540783,-0.5796426,0.055614036,-0.050584793,-0.29193363",0.0
"0.6477247,-0.75691354,-0.7944392,0.06631093,-0.14540783,-0.5796426,0.055614036,-0.050584793,-0.29193363","0.38178587,0.13183641,-0.9905402","0.68418247,-0.73878676,-0.90085346,0.037164897,-0.06748196,-0.4492707,0.055614036,-0.050584793,-0.29193363",0.0
"0.68418247,-0.73878676,-0.90085346,0.037164897,-0.06748196,-0.4492707,0.055614036,-0.050584793,-0.29193363","0.8050853,0.5160271,-0.9172101","0.76106226,-0.6678358,-0.9993899,0.02817381,-0.034197558,-0.30569607,0.055614036,-0.050584793,-0.29193363",0.0
"0.76106226,-0.6678358,-0.9993899,0.02817381,-0.034197558,-0.30569607,0.055614036,-0.050584793,-0.29193363","0.09010899,0.5546738,-0.20793176","0.769667,-0.59157103,-1.0,0.049101643,-0.051105164,-0.2941991,0.055614036,-0.050584793,-0.29193363",0.0
"0.0,0.0,0.0,2.8652207e-07,0.005789075,0.993462,-0.035380118,-0.066315785,-0.29193363","0.83406234,-0.9516095,-0.97205824","0.079646885,-0.13084142,-0.104428835,-0.40056527,-0.09639927,0.88057464,-0.035380118,-0.066315785,-0.29193363",0.0
"0.079646885,-0.13084142,-0.104428835,-0.40056527,-0.09639927,0.88057464,-0.035380118,-0.066315785,-0.29193363","0.9798815,-0.896385,-0.9848582","0.17321847,-0.25408977,-0.21023278,-0.61451143,-0.36509272,0.5844133,-0.035380118,-0.066315785,-0.29193363",0.0
"0.17321847,-0.25408977,-0.21023278,-0.61451143,-0.36509272,0.5844133,-0.035380118,-0.066315785,-0.29193363","0.5964956,-0.28404146,-0.9526027","0.23017947,-0.29314402,-0.3125715,-0.5991977,-0.52114415,0.35786498,-0.035380118,-0.066315785,-0.29193363",0.0
"0.23017947,-0.29314402,-0.3125715,-0.5991977,-0.52114415,0.35786498,-0.035380118,-0.066315785,-0.29193363","0.66906714,-0.5379931,-0.95070654","0.2940705,-0.36711532,-0.41470647,-0.4974354,-0.64890593,0.05489966,-0.035380118,-0.066315785,-0.29193363",0.0
"0.2940705,-0.36711532,-0.41470647,-0.4974354,-0.64890593,0.05489966,-0.035380118,-0.066315785,-0.29193363","-0.6299439,-0.9765292,-0.9930421","0.23391545,-0.5013831,-0.5213896,-0.53650177,-0.47704598,-0.32837945,-0.035380118,-0.066315785,-0.29193363",0.0
"0.23391545,-0.5013831,-0.5213896,-0.53650177,-0.47704598,-0.32837945,-0.035380118,-0.066315785,-0.29193363","-0.5418996,-0.8536532,-0.96111536","0.18216796,-0.6187561,-0.6246428,-0.42830735,-0.2690357,-0.5553668,-0.035380118,-0.066315785,-0.29193363",0.0
"0.18216796,-0.6187561,-0.6246428,-0.42830735,-0.2690357,-0.5553668,-0.035380118,-0.066315785,-0.29193363","0.96140504,-0.5307601,-0.98690146","0.27397516,-0.69173294,-0.73066616,-0.19656257,-0.21976998,-0.5970858,-0.035380118,-0.066315785,-0.29193363",0.0
"0.27397516,-0.69173294,-0.73066616,-0.19656257,-0.21976998,-0.5970858,-0.035380118,-0.066315785,-0.29193363","0.38427114,-0.5608133,-0.95532185","0.3106703,-0.7688419,-0.8332969,-0.0672538,-0.089078896,-0.54027814,-0.035380118,-0.066315785,-0.29193363",0.0
"0.3106703,-0.7688419,-0.8332969,-0.0672538,-0.089078896,-0.54027814,-0.035380118,-0.066315785,-0.29193363","0.065748334,0.31567264,-0.79630053","0.31694877,-0.72543865,-0.9188439,-0.043730143,-0.056825172,-0.42327827,-0.035380118,-0.066315785,-0.29193363",0.0
"0.31694877,-0.72543865,-0.9188439,-0.043730143,-0.056825172,-0.42327827,-0.035380118,-0.066315785,-0.29193363","0.21877635,0.54101,-0.71143866","0.33784032,-0.65105265,-0.99527425,-0.030821687,-0.04330344,-0.309389,-0.035380118,-0.066315785,-0.29193363",0.0
"0.33784032,-0.65105265,-0.99527425,-0.030821687,-0.04330344,-0.309389,-0.035380118,-0.066315785,-0.29193363","0.11383319,0.35725617,-0.49398172","0.3487106,-0.6019318,-1.0,-0.035830688,-0.05697155,-0.29593897,-0.035380118,-0.066315785,-0.29193363",0.0
"0.0,0.0,0.0,2.8652207e-07,0.005789075,0.993462,0.005497076,0.0025730995,-0.31108937","-0.5983075,-0.99592495,-0.97781986","-0.05713403,-0.13693456,-0.1050478,-0.41666254,0.08148486,0.873825,0.005497076,0.0025730995,-0.31108937",0.0
"-0.05713403,-0.13693456,-0.1050478,-0.41666254,0.08148486,0.873825,0.005497076,0.0025730995,-0.31108937","0.43785262,-0.932131,-0.9821204","-0.015322286,-0.2650978,-0.21055761,-0.72869784,0.040899914,0.5645543,0.005497076,0.0025730995,-0.31108937",0.0
"-0.015322286,-0.2650978,-0.21055761,-0.72869784,0.040899914,0.5645543,0.005497076,0.0025730995,-0.31108937","0.6456294,-0.8244201,-0.9827193","0.04633064,-0.37845132,-0.31613174,-0.85025305,-0.118786424,0.17984697,0.005497076,0.0025730995,-0.31108937",0.0
"0.04633064,-0.37845132,-0.31613174,-0.85025305,-0.118786424,0.17984697,0.005497076,0.0025730995,-0.31108937","-0.49681032,-0.9953291,-0.98297983","-0.0011111418,-0.515304,-0.42173386,-0.817866,0.008644238,-0.2527167,0.005497076,0.0025730995,-0.31108937",0.0
"-0.0011111418,-0.515304,-0.42173386,-0.817866,0.008644238,-0.2527167,0.005497076,0.0025730995,-0.31108937","0.117944,-0.9017888,-0.9410481","0.010151654,-0.6392954,-0.5228312,-0.62778884,-0.014235815,-0.5574423,0.005497076,0.0025730995,-0.31108937",0.0
"0.010151654,-0.6392954,-0.5228312,-0.62778884,-0.014235815,-0.5574423,0.005497076,0.0025730995,-0.31108937","0.43838704,-0.8639097,-0.88510096","0.052014433,-0.7580786,-0.6179181,-0.3705151,-0.055222355,-0.7071286,0.005497076,0.0025730995,-0.31108937",0.0
"0.052014433,-0.7580786,-0.6179181,-0.3705151,-0.055222355,-0.7071286,0.005497076,0.0025730995,-0.31108937","-0.22683483,-0.48554802,-0.9927007","0.030353356,-0.824839,-0.72456443,-0.16608903,-0.010070021,-0.67745805,0.005497076,0.0025730995,-0.31108937",0.0
"0.030353356,-0.824839,-0.72456443,-0.16608903,-0.010070021,-0.67745805,0.005497076,0.0025730995,-0.31108937","-0.10050678,-0.7313903,-0.9713956","0.020755691,-0.9254014,-0.82892203,0.01887884,0.0070346287,-0.563983,0.005497076,0.0025730995,-0.31108937",0.0
"0.020755691,-0.9254014,-0.82892203,0.01887884,0.0070346287,-0.563983,0.005497076,0.0025730995,-0.31108937","-0.095663965,0.14109159,-0.96817666","0.011620481,-0.90600204,-0.93293375,0.041538615,0.007310527,-0.40881395,0.005497076,0.0025730995,-0.31108937",0.0
"0.011620481,-0.90600204,-0.93293375,0.041538615,0.007310527,-0.40881395,0.005497076,0.0025730995,-0.31108937","-0.32317924,0.27376783,-0.94646543","-0.019240787,-0.86836046,-0.99999994,0.03167361,0.0038832426,-0.30786848,0.005497076,0.0025730995,-0.31108937",0.0
"-0.019240787,-0.86836046,-0.99999994,0.03167361,0.0038832426,-0.30786848,0.005497076,0.0025730995,-0.31108937","-0.79341227,0.549171,-0.22622025","-0.0950059,-0.79285234,-0.99999994,0.004662216,0.0046229064,-0.31105083,0.005497076,0.0025730995,-0.31108937",0.0
"0.0,0.0,0.0,2.8652207e-07,0.005789075,0.993462,0.21567252,0.50614035,0.34138253","0.6000252,0.8614392,-0.80000216","0.05729806,0.118443474,-0.08594477,0.1322771,0.029955626,0.9750216,0.21567252,0.50614035,0.34138253",0.0
"0.05729806,0.118443474,-0.08594477,0.1322771,0.029955626,0.9750216,0.21567252,0.50614035,0.34138253","0.84291935,0.91588426,-0.7965355","0.13779075,0.2443729,-0.17151713,0.25017983,0.12198929,0.9159536,0.21567252,0.50614035,0.34138253",0.0
"0.13779075,0.2443729,-0.17151713,0.25017983,0.12198929,0.9159536,0.21567252,0.50614035,0.34138253","0.84208214,0.9330287,-0.5969423","0.21820349,0.3726596,-0.23564708,0.33398464,0.2806152,0.8139763,0.21567252,0.50614035,0.34138253",0.0
"0.21820349,0.3726596,-0.23564708,0.33398464,0.2806152,0.8139763,0.21567252,0.50614035,0.34138253","0.74136317,0.88973594,-0.85810554","0.28899828,0.49499375,-0.32783395,0.3140435,0.41165113,0.6938371,0.21567252,0.50614035,0.34138253",0.0
"0.28899828,0.49499375,-0.32783395,0.3140435,0.41165113,0.6938371,0.21567252,0.50614035,0.34138253","0.6432569,0.78192365,-0.97679806","0.35042465,0.60250425,-0.43277204,0.23526031,0.4760393,0.5778645,0.21567252,0.50614035,0.34138253",0.0
"0.35042465,0.60250425,-0.43277204,0.23526031,0.4760393,0.5778645,0.21567252,0.50614035,0.34138253","0.48202693,0.8734076,-0.8768686","0.39645475,0.72259337,-0.5269746,0.16919203,0.5197582,0.43471605,0.21567252,0.50614035,0.34138253",0.0
"0.39645475,0.72259337,-0.5269746,0.16919203,0.5197582,0.43471605,0.21567252,0.50614035,0.34138253","-0.4317479,0.15740764,-0.474051","0.35522595,0.7442361,-0.5779022,0.21378347,0.45035276,0.4116952,0.21567252,0.50614035,0.34138253",0.0
"0.35522595,0.7442361,-0.5779022,0.21378347,0.45035276,0.4116952,0.21567252,0.50614035,0.34138253","0.18876922,0.6044158,0.106056094","0.37325203,0.82734025,-0.5665086,0.22394568,0.54729956,0.29885462,0.21567252,0.50614035,0.34138253",0.0
"0.37325203,0.82734025,-0.5665086,0.22394568,0.54729956,0.29885462,0.21567252,0.50614035,0.34138253","-0.0520972,-0.6162288,-0.16786629","0.36827713,0.74261194,-0.5845426,0.19073932,0.44870797,0.4136384,0.21567252,0.50614035,0.34138253",0.0
"0.36827713,0.74261194,-0.5845426,0.19073932,0.44870797,0.4136384,0.21567252,0.50614035,0.34138253","-0.12171072,0.5402659,-0.06010157","0.35665464,0.81689584,-0.5909994,0.23372541,0.49674106,0.32013354,0.21567252,0.50614035,0.34138253",0.0
"0.35665464,0.81689584,-0.5909994,0.23372541,0.49674106,0.32013354,0.21567252,0.50614035,0.34138253","0.19449317,-0.21088547,-0.0070789456","0.37522733,0.7879002,-0.59176,0.19407114,0.48463503,0.35813814,0.21567252,0.50614035,0.34138253",0.0
"0.37522733,0.7879002,-0.59176,0.19407114,0.48463503,0.35813814,0.21567252,0.50614035,0.34138253","0.14687288,-0.11006808,0.10569358","0.38925263,0.7727665,-0.58040524,0.17304371,0.4941137,0.37626913,0.21567252,0.50614035,0.34138253",0.0
"0.38925263,0.7727665,-0.58040524,0.17304371,0.4941137,0.37626913,0.21567252,0.50614035,0.34138253","-0.29204512,0.33369672,0.1320076","0.36136442,0.8186481,-0.5662236,0.2413608,0.5324027,0.3112256,0.21567252,0.50614035,0.34138253",0.0
"0.36136442,0.8186481,-0.5662236,0.2413608,0.5324027,0.3112256,0.21567252,0.50614035,0.34138253","-0.07261628,-0.16764975,0.013815165","0.3544301,0.7955972,-0.5647395,0.2449566,0.51087517,0.34317407,0.21567252,0.50614035,0.34138253",0.0
"0.3544301,0.7955972,-0.5647395,0.2449566,0.51087517,0.34317407,0.21567252,0.50614035,0.34138253","0.08603656,-0.041448474,-0.12734735","0.36264595,0.78989834,-0.5784205,0.22160251,0.4951188,0.35372582,0.21567252,0.50614035,0.34138253",0.0
"0.0,0.0,0.0,2.8652207e-07,0.005789075,0.993462,0.0022807019,-0.0057894737,-0.7596475","-0.99934286,-0.99840987,-0.9269706","-0.09543,-0.13727623,-0.09958504,-0.3984284,0.12922156,0.8781812,0.0022807019,-0.0057894737,-0.7596475",0.0
"-0.09543,-0.13727623,-0.09958504,-0.3984284,0.12922156,0.8781812,0.0022807019,-0.0057894737,-0.7596475","-0.9997506,-0.6031928,-0.9801826","-0.19089894,-0.22021215,-0.20488667,-0.543836,0.3788543,0.6487877,0.0022807019,-0.0057894737,-0.7596475",0.0
"-0.19089894,-0.22021215,-0.20488667,-0.543836,0.3788543,0.6487877,0.0022807019,-0.0057894737,-0.7596475","-0.9993927,-0.92839146,-0.9649826","-0.28633368,-0.34786123,-0.30855536,-0.5175768,0.6609288,0.2549997,0.0022807019,-0.0057894737,-0.7596475",0.0
"-0.28633368,-0.34786123,-0.30855536,-0.5175768,0.6609288,0.2549997,0.0022807019,-0.0057894737,-0.7596475","-0.9689973,-0.9771598,-0.8693222","-0.37886593,-0.4822157,-0.40194717,-0.3069106,0.78276354,-0.1614813,0.0022807019,-0.0057894737,-0.7596475",0.0
"-0.37886593,-0.4822157,-0.40194717,-0.3069106,0.78276354,-0.1614813,0.0022807019,-0.0057894737,-0.7596475","0.57820415,-0.99333143,0.25818563","-0.32365164,-0.61879367,-0.37421012,-0.42737368,0.70183223,-0.4073973,0.0022807019,-0.0057894737,-0.7596475",0.0
"-0.32365164,-0.61879367,-0.37421012,-0.42737368,0.70183223,-0.4073973,0.0022807019,-0.0057894737,-0.7596475","0.8567445,-0.9629076,-0.488559","-0.24183875,-0.7511886,-0.42669627,-0.46437728,0.44914222,-0.6877841,0.0022807019,-0.0057894737,-0.7596475",0.0
"-0.24183875,-0.7511886,-0.42669627,-0.46437728,0.44914222,-0.6877841,0.0022807019,-0.0057894737,-0.7596475","-0.7231951,-0.2311166,-0.965985","-0.31089863,-0.78296596,-0.5304726,-0.2557303,0.3889354,-0.7520504,0.0022807019,-0.0057894737,-0.7596475",0.0
"-0.31089863,-0.78296596,-0.5304726,-0.2557303,0.3889354,-0.7520504,0.0022807019,-0.0057894737,-0.7596475","0.8371401,-0.9925258,-0.9161303","-0.23095784,-0.9194331,-0.62889296,-0.113809094,0.10868584,-0.8056407,0.0022807019,-0.0057894737,-0.7596475",0.0
"-0.23095784,-0.9194331,-0.62889296,-0.113809094,0.10868584,-0.8056407,0.0022807019,-0.0057894737,-0.7596475","0.20563269,-0.99262184,-0.7692004","-0.21132427,-0.999981,-0.71153617,0.021844532,-0.009739329,-0.7240193,0.0022807019,-0.0057894737,-0.7596475",0.0
"-0.21132427,-0.999981,-0.71153617,0.021844532,-0.009739329,-0.7240193,0.0022807019,-0.0057894737,-0.7596475","0.32249403,0.9613464,0.35986245","-0.18052842,-0.8678009,-0.6728758,-0.14341764,0.09821458,-0.7445217,0.0022807019,-0.0057894737,-0.7596475",0.0
"-0.18052842,-0.8678009,-0.6728758,-0.14341764,0.09821458,-0.7445217,0.0022807019,-0.0057894737,-0.7596475","-0.7693526,-0.9858586,-0.7562593","-0.2539989,-0.99998087,-0.7541269,0.039658632,-0.032375325,-0.66520876,0.0022807019,-0.0057894737,-0.7596475",0.0
"-0.2539989,-0.99998087,-0.7541269,0.039658632,-0.032375325,-0.66520876,0.0022807019,-0.0057894737,-0.7596475","0.82635605,-0.99999136,0.14980745","-0.1750908,-0.99998087,-0.7380393,0.038112737,-0.016579097,-0.68784857,0.0022807019,-0.0057894737,-0.7596475",0.0
"-0.1750908,-0.99998087,-0.7380393,0.038112737,-0.016579097,-0.68784857,0.0022807019,-0.0057894737,-0.7596475","-0.7798938,0.86345184,-0.23427844","-0.249565,-0.88126075,-0.763208,-0.04429483,0.052350774,-0.65041405,0.0022807019,-0.0057894737,-0.7596475",0.0
"-0.249565,-0.88126075,-0.763208,-0.04429483,0.052350774,-0.65041405,0.0022807019,-0.0057894737,-0.7596475","0.16584098,0.4191035,0.40949023","-0.2337284,-0.82363623,-0.7192161,-0.12487382,0.12051752,-0.68215775,0.0022807019,-0.0057894737,-0.7596475",0.0
"-0.2337284,-0.82363623,-0.7192161,-0.12487382,0.12051752,-0.68215775,0.0022807019,-0.0057894737,-0.7596475","-0.2507825,-0.9997906,-0.63431144","-0.2576763,-0.96110225,-0.7873604,0.024838582,-0.017673919,-0.6216607,0.0022807019,-0.0057894737,-0.7596475",0.0
"-0.2576763,-0.96110225,-0.7873604,0.024838582,-0.017673919,-0.6216607,0.0022807019,-0.0057894737,-0.7596475","0.78249407,-0.9982092,0.3762164","-0.1829567,-0.99998087,-0.74694926,0.042300474,-0.020501072,-0.67536694,0.0022807019,-0.0057894737,-0.7596475",0.0
"-0.1829567,-0.99998087,-0.74694926,0.042300474,-0.020501072,-0.67536694,0.0022807019,-0.0057894737,-0.7596475","-0.6070508,-0.9180643,0.5652846","-0.24092847,-0.9999811,-0.68622905,0.0067979884,0.0015429585,-0.7570728,0.0022807019,-0.0057894737,-0.7596475",0.0
"0.0,0.0,0.0,2.8652207e-07,0.005789075,0.993462,0.014853802,0.03497076,-0.30644754","-0.9812371,-0.98780435,-0.9793606","-0.09370103,-0.13581802,-0.10521332,-0.40268993,0.12813668,0.8748347,0.014853802,0.03497076,-0.30644754",0.0
"-0.09370103,-0.13581802,-0.10521332,-0.40268993,0.12813668,0.8748347,0.014853802,0.03497076,-0.30644754","-0.71150196,-0.9870744,-0.9963897","-0.1616443,-0.27153566,-0.21225607,-0.64312166,0.36452377,0.55057204,0.014853802,0.03497076,-0.30644754",0.0
"-0.1616443,-0.27153566,-0.21225607,-0.64312166,0.36452377,0.55057204,0.014853802,0.03497076,-0.30644754","-0.7002367,-0.37602037,-0.9918063","-0.22851183,-0.32323658,-0.31880644,-0.6139429,0.543871,0.28885984,0.014853802,0.03497076,-0.30644754",0.0
"-0.22851183,-0.32323658,-0.31880644,-0.6139429,0.543871,0.28885984,0.014853802,0.03497076,-0.30644754","-0.41536307,-0.28559923,-0.98007137","-0.268176,-0.36250502,-0.4240961,-0.5354881,0.6091214,0.050536964,0.014853802,0.03497076,-0.30644754",0.0
"-0.268176,-0.36250502,-0.4240961,-0.5354881,0.6091214,0.050536964,0.014853802,0.03497076,-0.30644754","-0.5917983,-0.6631842,-0.9872753","-0.32468843,-0.4536895,-0.5301597,-0.37399364,0.62002903,-0.25251788,0.014853802,0.03497076,-0.30644754",0.0
"-0.32468843,-0.4536895,-0.5301597,-0.37399364,0.62002903,-0.25251788,0.014853802,0.03497076,-0.30644754","-0.7547172,-0.8167036,-0.9887504","-0.39675847,-0.5659821,-0.63638175,-0.16378038,0.50529957,-0.4901723,0.014853802,0.03497076,-0.30644754",0.0
"-0.39675847,-0.5659821,-0.63638175,-0.16378038,0.50529957,-0.4901723,0.014853802,0.03497076,-0.30644754","0.10086846,-0.26272535,-0.7320925","-0.38712624,-0.60210556,-0.71503085,-0.13133302,0.3713877,-0.5285397,0.014853802,0.03497076,-0.30644754",0.0
"-0.38712624,-0.60210556,-0.71503085,-0.13133302,0.3713877,-0.5285397,0.014853802,0.03497076,-0.30644754","0.28909016,0.14344072,-0.96004254","-0.35952026,-0.5823833,-0.8181688,-0.110520534,0.247508,-0.4664474,0.014853802,0.03497076,-0.30644754",0.0
"-0.35952026,-0.5823833,-0.8181688,-0.110520534,0.247508,-0.4664474,0.014853802,0.03497076,-0.30644754","-0.9237061,-0.1964789,-0.9400737","-0.4477275,-0.6093981,-0.91916156,-0.01673029,0.1363769,-0.39319047,0.014853802,0.03497076,-0.30644754",0.0
"-0.4477275,-0.6093981,-0.91916156,-0.01673029,0.1363769,-0.39319047,0.014853802,0.03497076,-0.30644754","-0.9719632,-0.5249954,-0.9048756","-0.54054296,-0.68158233,-1.0,0.010635201,0.03746746,-0.30622035,0.014853802,0.03497076,-0.30644754",0.0
"0.0,0.0,0.0,2.8652207e-07,0.005789075,0.993462,-0.020409357,-0.032046784,-0.30644754","0.64931846,-0.986734,-0.96907663","0.062005196,-0.13567084,-0.10410851,-0.41413593,-0.07580721,0.87594336,-0.020409357,-0.032046784,-0.30644754",0.0
"0.062005196,-0.13567084,-0.10410851,-0.41413593,-0.07580721,0.87594336,-0.020409357,-0.032046784,-0.30644754","0.7179024,-0.97825354,-0.97212493","0.13055967,-0.27017567,-0.2085445,-0.6767621,-0.2879629,0.5583717,-0.020409357,-0.032046784,-0.30644754",0.0
"0.13055967,-0.27017567,-0.2085445,-0.6767621,-0.2879629,0.5583717,-0.020409357,-0.032046784,-0.30644754","0.6524632,-0.95530397,-0.995063","0.19286516,-0.40152508,-0.31544474,-0.71923745,-0.49127397,0.13222499,-0.020409357,-0.032046784,-0.30644754",0.0
"0.19286516,-0.40152508,-0.31544474,-0.71923745,-0.49127397,0.13222499,-0.020409357,-0.032046784,-0.30644754","0.63388705,-0.89489794,-0.8910197","0.25339678,-0.524569,-0.4111675,-0.58138007,-0.5856489,-0.2589559,-0.020409357,-0.032046784,-0.30644754",0.0
"0.25339678,-0.524569,-0.4111675,-0.58138007,-0.5856489,-0.2589559,-0.020409357,-0.032046784,-0.30644754","0.31274068,-0.7674558,-0.88372874","0.28326124,-0.63009024,-0.506107,-0.41856784,-0.5074538,-0.53479284,-0.020409357,-0.032046784,-0.30644754",0.0
"0.28326124,-0.63009024,-0.506107,-0.41856784,-0.5074538,-0.53479284,-0.020409357,-0.032046784,-0.30644754","0.22102559,-0.77757066,-0.99250597","0.30436757,-0.73700225,-0.61273247,-0.23855868,-0.32796636,-0.68874294,-0.020409357,-0.032046784,-0.30644754",0.0
"0.30436757,-0.73700225,-0.61273247,-0.23855868,-0.32796636,-0.68874294,-0.020409357,-0.032046784,-0.30644754","-0.0076431036,-0.93872035,-0.9307951","0.3036377,-0.8660715,-0.7127283,-0.08148555,-0.10488615,-0.7045576,-0.020409357,-0.032046784,-0.30644754",0.0
"0.3036377,-0.8660715,-0.7127283,-0.08148555,-0.10488615,-0.7045576,-0.020409357,-0.032046784,-0.30644754","0.3720765,0.30933642,-0.8684989","0.3391683,-0.8235394,-0.80603164,-0.047668897,-0.074214876,-0.58657753,-0.020409357,-0.032046784,-0.30644754",0.0
"0.3391683,-0.8235394,-0.80603164,-0.047668897,-0.074214876,-0.58657753,-0.020409357,-0.032046784,-0.30644754","-0.321167,-0.028797448,-0.94535905","0.3084992,-0.8274989,-0.90759206,-0.013192713,-0.008987949,-0.44984284,-0.020409357,-0.032046784,-0.30644754",0.0
"0.3084992,-0.8274989,-0.90759206,-0.013192713,-0.008987949,-0.44984284,-0.020409357,-0.032046784,-0.30644754","0.63406503,0.581192,-0.8421339","0.3690478,-0.74758804,-0.998063,-0.011195023,-0.011181679,-0.3133471,-0.020409357,-0.032046784,-0.30644754",0.0
"0.3690478,-0.74758804,-0.998063,-0.011195023,-0.011181679,-0.3133471,-0.020409357,-0.032046784,-0.30644754","0.4306593,0.5448297,0.33313704","0.41017267,-0.67267686,-0.96227396,-0.02428621,-0.062973574,-0.35686642,-0.020409357,-0.032046784,-0.30644754",0.0
"0.41017267,-0.67267686,-0.96227396,-0.02428621,-0.062973574,-0.35686642,-0.020409357,-0.032046784,-0.30644754","-0.34209597,-0.6521889,-0.86963475","0.37750497,-0.7623495,-1.0,-0.008518227,-0.005609263,-0.31085342,-0.020409357,-0.032046784,-0.30644754",0.0
"0.37750497,-0.7623495,-1.0,-0.008518227,-0.005609263,-0.31085342,-0.020409357,-0.032046784,-0.30644754","0.27689445,0.5437784,-0.21283066","0.40394637,-0.68758285,-1.0,-0.016318375,-0.03294606,-0.30676785,-0.020409357,-0.032046784,-0.30644754",0.0
"0.0,0.0,0.0,2.8652207e-07,0.005789075,0.993462,0.062690064,0.041461986,-0.29193363","-0.92913544,-0.9141794,-0.95199645","-0.08872571,-0.12569496,-0.102273576,-0.3823537,0.11544768,0.8874784,0.062690064,0.041461986,-0.29193363",0.0
"-0.08872571,-0.12569496,-0.102273576,-0.3823537,0.11544768,0.8874784,0.062690064,0.041461986,-0.29193363","-0.9959972,-0.73804843,-0.85753554","-0.18383619,-0.22717284,-0.19439916,-0.5547004,0.3683845,0.65167177,0.062690064,0.041461986,-0.29193363",0.0
"-0.18383619,-0.22717284,-0.19439916,-0.5547004,0.3683845,0.65167177,0.062690064,0.041461986,-0.29193363","-0.99814284,-0.7939222,-0.92608637","-0.2791516,-0.33633307,-0.2938892,-0.5268766,0.64249474,0.30137655,0.062690064,0.041461986,-0.29193363",0.0
"-0.2791516,-0.33633307,-0.2938892,-0.5268766,0.64249474,0.30137655,0.062690064,0.041461986,-0.29193363","-0.989767,-0.450503,-0.9729919","-0.37366715,-0.39827493,-0.3984183,-0.31772768,0.7730515,0.015474893,0.062690064,0.041461986,-0.29193363",0.0
"-0.37366715,-0.39827493,-0.3984183,-0.31772768,0.7730515,0.015474893,0.062690064,0.041461986,-0.29193363","-0.97825974,-0.96740115,-0.7342108","-0.46708387,-0.53128767,-0.477295,-0.07220381,0.75185424,-0.34210834,0.062690064,0.041461986,-0.29193363",0.0
"-0.46708387,-0.53128767,-0.477295,-0.07220381,0.75185424,-0.34210834,0.062690064,0.041461986,-0.29193363","-0.65600634,0.39023936,-0.9889242","-0.5297277,-0.47763184,-0.58353573,0.066673025,0.64971733,-0.33771658,0.062690064,0.041461986,-0.29193363",0.0
"-0.5297277,-0.47763184,-0.58353573,0.066673025,0.64971733,-0.33771658,0.062690064,0.041461986,-0.29193363","-0.58611256,-0.56768614,-0.8825467","-0.58569723,-0.5556858,-0.67834824,0.13330548,0.461348,-0.48284858,0.062690064,0.041461986,-0.29193363",0.0
"-0.58569723,-0.5556858,-0.67834824,0.13330548,0.461348,-0.48284858,0.062690064,0.041461986,-0.29193363","-0.93860567,0.15804279,-0.9433976","-0.67532724,-0.53395575,-0.779698,0.19037984,0.2988904,-0.44765985,0.062690064,0.041461986,-0.29193363",0.0
"-0.67532724,-0.53395575,-0.779698,0.19037984,0.2988904,-0.44765985,0.062690064,0.041461986,-0.29193363","-0.08381772,0.055446267,-0.94948614","-0.6833312,-0.52633226,-0.8817019,0.12725742,0.1853298,-0.39012414,0.062690064,0.041461986,-0.29193363",0.0
"-0.6833312,-0.52633226,-0.8817019,0.12725742,0.1853298,-0.39012414,0.062690064,0.041461986,-0.29193363","-0.807891,-0.35013676,-0.7601908","-0.7604789,-0.57447433,-0.9633696,0.08431619,0.07100799,-0.33419055,0.062690064,0.041461986,-0.29193363",0.0
"-0.7604789,-0.57447433,-0.9633696,0.08431619,0.07100799,-0.33419055,0.062690064,0.041461986,-0.29193363","0.41810226,-0.45989233,-0.4308113","-0.7205532,-0.6377072,-1.0,0.0392254,0.038183816,-0.30124262,0.062690064,0.041461986,-0.29193363",0.0
"-0.7205532,-0.6377072,-1.0,0.0392254,0.038183816,-0.30124262,0.062690064,0.041461986,-0.29193363","-0.07730335,0.71471846,-0.37001097","-0.72793514,-0.5394371,-1.0,0.062180396,0.0626385,-0.28409702,0.062690064,0.041461986,-0.29193363",0.0
"-0.72793514,-0.5394371,-1.0,0.062180396,0.0626385,-0.28409702,0.062690064,0.041461986,-0.29193363","-0.6904309,-0.017401159,-0.42098057","-0.7938663,-0.54182976,-1.0,0.07311327,0.048043452,-0.28460878,0.062690064,0.041461986,-0.29193363",0.0
"0.0,0.0,0.0,2.8652207e-07,0.005789075,0.993462,0.050935674,-0.046783626,-0.61392003","-0.9690689,-0.9096204,-0.928512","-0.09253906,-0.12506813,-0.09975063,-0.3768961,0.118809044,0.8901629,0.050935674,-0.046783626,-0.61392003",0.0
"-0.09253906,-0.12506813,-0.09975063,-0.3768961,0.118809044,0.8901629,0.050935674,-0.046783626,-0.61392003","-0.9768999,-0.9947246,-0.6049471","-0.1858259,-0.26183766,-0.16474047,-0.57770085,0.3885672,0.6338823,0.050935674,-0.046783626,-0.61392003",0.0
"-0.1858259,-0.26183766,-0.16474047,-0.57770085,0.3885672,0.6338823,0.050935674,-0.046783626,-0.61392003","-0.9549373,-0.9866868,-0.6863141","-0.27701548,-0.39750203,-0.23847163,-0.5605718,0.6738066,0.26038995,0.050935674,-0.046783626,-0.61392003",0.0
"-0.27701548,-0.39750203,-0.23847163,-0.5605718,0.6738066,0.26038995,0.050935674,-0.046783626,-0.61392003","0.16237235,-0.74695957,-0.8386378","-0.2615101,-0.50020516,-0.32856697,-0.6027542,0.6565036,-0.10029369,0.050935674,-0.046783626,-0.61392003",0.0
"-0.2615101,-0.50020516,-0.32856697,-0.6027542,0.6565036,-0.10029369,0.050935674,-0.046783626,-0.61392003","-0.14515239,-0.87959564,-0.8395672","-0.2753711,-0.62114507,-0.41876215,-0.4962712,0.59136117,-0.45575947,0.050935674,-0.046783626,-0.61392003",0.0
"-0.2753711,-0.62114507,-0.41876215,-0.4962712,0.59136117,-0.45575947,0.050935674,-0.046783626,-0.61392003","0.58320975,-0.9923554,-0.6816509","-0.2196788,-0.75758886,-0.4919923,-0.42023253,0.35444158,-0.7186224,0.050935674,-0.046783626,-0.61392003",0.0
"-0.2196788,-0.75758886,-0.4919923,-0.42023253,0.35444158,-0.7186224,0.050935674,-0.046783626,-0.61392003","0.27919626,-0.8873886,-0.98726684","-0.19301759,-0.8796003,-0.59805495,-0.20050783,0.14610796,-0.8104627,0.050935674,-0.046783626,-0.61392003",0.0
"-0.19301759,-0.8796003,-0.59805495,-0.20050783,0.14610796,-0.8104627,0.050935674,-0.046783626,-0.61392003","-0.5799135,-0.99977,-0.965063","-0.24839798,-0.999981,-0.7017402,0.015424341,-0.0071230163,-0.73699677,0.050935674,-0.046783626,-0.61392003",0.0
"-0.24839798,-0.999981,-0.7017402,0.015424341,-0.0071230163,-0.73699677,0.050935674,-0.046783626,-0.61392003","-0.65008616,-0.9931263,-0.83699286","-0.3104794,-0.9999808,-0.791663,0.044006106,-0.05464038,-0.6106534,0.050935674,-0.046783626,-0.61392003",0.0
"0.0,0.0,0.0,2.8652207e-07,0.005789075,0.993462,0.0007017544,0.07842105,-0.29016843","-0.9820903,-0.94899267,-0.99393773","-0.09378251,-0.13048162,-0.10677936,-0.3944851,0.12575978,0.8789265,0.0007017544,0.07842105,-0.29016843",0.0
"-0.09378251,-0.13048162,-0.10677936,-0.3944851,0.12575978,0.8789265,0.0007017544,0.07842105,-0.29016843","-0.99906856,-0.85841906,-0.98578066","-0.1891863,-0.24850984,-0.21268241,-0.58376867,0.40153965,0.5906271,0.0007017544,0.07842105,-0.29016843",0.0
"-0.1891863,-0.24850984,-0.21268241,-0.58376867,0.40153965,0.5906271,0.0007017544,0.07842105,-0.29016843","-0.8973495,0.7344463,-0.97890085","-0.27487668,-0.14752729,-0.3178464,-0.401067,0.47813252,0.60371244,0.0007017544,0.07842105,-0.29016843",0.0
"-0.27487668,-0.14752729,-0.3178464,-0.401067,0.47813252,0.60371244,0.0007017544,0.07842105,-0.29016843","-0.2555561,-0.40445232,-0.9894854","-0.29928043,-0.2031374,-0.42414743,-0.41460314,0.57776916,0.34933308,0.0007017544,0.07842105,-0.29016843",0.0
"-0.29928043,-0.2031374,-0.42414743,-0.41460314,0.57776916,0.34933308,0.0007017544,0.07842105,-0.29016843","-0.9126354,-0.8280234,-0.95323014","-0.38643047,-0.31698638,-0.5265535,-0.24964114,0.68632483,-0.0040371153,0.0007017544,0.07842105,-0.29016843",0.0
"-0.38643047,-0.31698638,-0.5265535,-0.24964114,0.68632483,-0.0040371153,0.0007017544,0.07842105,-0.29016843","-0.13490546,-0.94122547,-0.97128636","-0.39931297,-0.44640008,-0.6308994,-0.18303907,0.5778431,-0.32107562,0.0007017544,0.07842105,-0.29016843",0.0
"-0.39931297,-0.44640008,-0.6308994,-0.18303907,0.5778431,-0.32107562,0.0007017544,0.07842105,-0.29016843","-0.6161562,-0.81836593,-0.9018615","-0.45815143,-0.5589212,-0.72778696,-0.047869958,0.40618494,-0.4834505,0.0007017544,0.07842105,-0.29016843",0.0
"-0.45815143,-0.5589212,-0.72778696,-0.047869958,0.40618494,-0.4834505,0.0007017544,0.07842105,-0.29016843","0.5134914,0.3207147,-0.9654836","-0.40911674,-0.5148246,-0.8315095,-0.077805325,0.28561893,-0.41231444,0.0007017544,0.07842105,-0.29016843",0.0
"-0.40911674,-0.5148246,-0.8315095,-0.077805325,0.28561893,-0.41231444,0.0007017544,0.07842105,-0.29016843","-0.717808,-0.15119207,-0.9321296","-0.4776622,-0.5356128,-0.9316488,-0.005491357,0.16069828,-0.35384458,0.0007017544,0.07842105,-0.29016843",0.0
"-0.4776622,-0.5356128,-0.9316488,-0.005491357,0.16069828,-0.35384458,0.0007017544,0.07842105,-0.29016843","-0.32306254,-0.47472322,-0.5924723","-0.5085123,-0.60088485,-0.9952985,0.007691751,0.07102535,-0.30175987,0.0007017544,0.07842105,-0.29016843",0.0
"0.0,0.0,0.0,2.8652207e-07,0.005789075,0.993462,0.045847956,0.05959064,-0.29193363","-0.9922601,-0.70160854,-0.980118","-0.094753645,-0.09646757,-0.1052947,-0.32806802,0.10670467,0.9116252,0.045847956,0.05959064,-0.29193363",0.0
"-0.094753645,-0.09646757,-0.1052947,-0.32806802,0.10670467,0.9116252,0.045847956,0.05959064,-0.29193363","-0.99584436,-0.84214914,-0.9429205","-0.18984956,-0.21225874,-0.20659325,-0.5361551,0.3709987,0.65923554,0.045847956,0.05959064,-0.29193363",0.0
"-0.18984956,-0.21225874,-0.20659325,-0.5361551,0.3709987,0.65923554,0.045847956,0.05959064,-0.29193363","-0.8941952,-0.44596565,-0.98909175","-0.27523872,-0.27357674,-0.312852,-0.49863684,0.5936398,0.3948868,0.045847956,0.05959064,-0.29193363",0.0
"-0.27523872,-0.27357674,-0.312852,-0.49863684,0.5936398,0.3948868,0.045847956,0.05959064,-0.29193363","-0.99408954,-0.7274493,-0.9749935","-0.37016705,-0.3735973,-0.4175962,-0.31920445,0.7533014,0.03781253,0.045847956,0.05959064,-0.29193363",0.0
"-0.37016705,-0.3735973,-0.4175962,-0.31920445,0.7533014,0.03781253,0.045847956,0.05959064,-0.29193363","-0.7650684,-0.82239544,-0.81228185","-0.44322553,-0.4866725,-0.5048601,-0.12594108,0.73123777,-0.28696665,0.045847956,0.05959064,-0.29193363",0.0
"-0.44322553,-0.4866725,-0.5048601,-0.12594108,0.73123777,-0.28696665,0.045847956,0.05959064,-0.29193363","-0.40443516,-0.7655821,-0.99144346","-0.48184615,-0.5919361,-0.61137146,-0.02534999,0.5456057,-0.5189818,0.045847956,0.05959064,-0.29193363",0.0
"-0.48184615,-0.5919361,-0.61137146,-0.02534999,0.5456057,-0.5189818,0.045847956,0.05959064,-0.29193363","-0.7073927,0.20547867,-0.8143287","-0.549397,-0.5636839,-0.6988552,0.0746246,0.4395383,-0.49180144,0.045847956,0.05959064,-0.29193363",0.0
"-0.549397,-0.5636839,-0.6988552,0.0746246,0.4395383,-0.49180144,0.045847956,0.05959064,-0.29193363","-0.49174833,0.040596128,-0.97077155","-0.5963554,-0.55810225,-0.8031458,0.09701743,0.2912211,-0.4577326,0.045847956,0.05959064,-0.29193363",0.0
"-0.5963554,-0.55810225,-0.8031458,0.09701743,0.2912211,-0.4577326,0.045847956,0.05959064,-0.29193363","0.19454598,0.36204278,-0.71841574","-0.5777777,-0.50832325,-0.8803257,0.06268266,0.22747095,-0.38093513,0.045847956,0.05959064,-0.29193363",0.0
"-0.5777777,-0.50832325,-0.8803257,0.06268266,0.22747095,-0.38093513,0.045847956,0.05959064,-0.29193363","-0.94594646,-0.30514562,-0.83624107","-0.6681087,-0.55027926,-0.9701636,0.06206971,0.094901435,-0.32009903,0.045847956,0.05959064,-0.29193363",0.0
"-0.6681087,-0.55027926,-0.9701636,0.06206971,0.094901435,-0.32009903,0.045847956,0.05959064,-0.29193363","-0.5756608,0.427415,-0.58068585","-0.72308016,-0.49151194,-1.0,0.07090989,0.07506698,-0.2729126,0.045847956,0.05959064,-0.29193363",0.0
"-0.72308016,-0.49151194,-1.0,0.07090989,0.07506698,-0.2729126,0.045847956,0.05959064,-0.29193363","0.46626472,-0.34003615,-0.5406488","-0.67855525,-0.5382652,-1.0,0.051957384,0.07181525,-0.28384477,0.045847956,0.05959064,-0.29193363",0.0
"0.0,0.0,0.0,2.8652207e-07,0.005789075,0.993462,-0.048713453,0.061461985,-0.29016843","-0.9979883,-0.96250373,-0.9944187","-0.095300645,-0.13233931,-0.10683102,-0.39738858,0.12872246,0.87699735,-0.048713453,0.061461985,-0.29016843",0.0
"-0.095300645,-0.13233931,-0.10683102,-0.39738858,0.12872246,0.87699735,-0.048713453,0.061461985,-0.29016843","-0.94842875,-0.78929013,-0.9874185","-0.18586871,-0.24086267,-0.21291001,-0.5791325,0.38962534,0.60342443,-0.048713453,0.061461985,-0.29016843",0.0
"-0.18586871,-0.24086267,-0.21291001,-0.5791325,0.38962534,0.60342443,-0.048713453,0.061461985,-0.29016843","-0.59966993,0.12833941,-0.8526983","-0.24313284,-0.22321668,-0.30451593,-0.5143223,0.50061363,0.49952927,-0.048713453,0.061461985,-0.29016843",0.0
"-0.24313284,-0.22321668,-0.30451593,-0.5143223,0.50061363,0.49952927,-0.048713453,0.061461985,-0.29016843","0.37089908,-0.43348908,-0.8656441","-0.20771468,-0.2828192,-0.3975126,-0.61609966,0.4781381,0.24555773,-0.048713453,0.061461985,-0.29016843",0.0
"-0.20771468,-0.2828192,-0.3975126,-0.61609966,0.4781381,0.24555773,-0.048713453,0.061461985,-0.29016843","-0.6669074,-0.8256928,-0.99439275","-0.2713995,-0.3963478,-0.5043408,-0.4942033,0.57435787,-0.12065411,-0.048713453,0.061461985,-0.29016843",0.0
"-0.2713995,-0.3963478,-0.5043408,-0.4942033,0.57435787,-0.12065411,-0.048713453,0.061461985,-0.29016843","0.6447511,-0.32272482,-0.98919535","-0.20983045,-0.44072083,-0.6106107,-0.4975116,0.39281052,-0.29898912,-0.048713453,0.061461985,-0.29016843",0.0
"-0.20983045,-0.44072083,-0.6106107,-0.4975116,0.39281052,-0.29898912,-0.048713453,0.061461985,-0.29016843","-0.24040842,-0.19216502,-0.9988021","-0.23278771,-0.46714258,-0.7179126,-0.3530393,0.32456332,-0.38360646,-0.048713453,0.061461985,-0.29016843",0.0
"-0.23278771,-0.46714258,-0.7179126,-0.3530393,0.32456332,-0.38360646,-0.048713453,0.061461985,-0.29016843","-0.33220208,-0.19090223,-0.97875506","-0.2645106,-0.49339068,-0.82306087,-0.21104592,0.23981005,-0.39972445,-0.048713453,0.061461985,-0.29016843",0.0
"-0.2645106,-0.49339068,-0.82306087,-0.21104592,0.23981005,-0.39972445,-0.048713453,0.061461985,-0.29016843","-0.68247855,-0.32094634,-0.98384905","-0.32968238,-0.5375192,-0.9287564,-0.07817102,0.14323467,-0.3572454,-0.048713453,0.061461985,-0.29016843",0.0
"-0.32968238,-0.5375192,-0.9287564,-0.07817102,0.14323467,-0.3572454,-0.048713453,0.061461985,-0.29016843","0.45986187,-0.5842939,-0.6889973","-0.2857689,-0.6178567,-1.0,-0.033797827,0.05168397,-0.2984358,-0.048713453,0.061461985,-0.29016843",0.0
"-0.2857689,-0.6178567,-1.0,-0.033797827,0.05168397,-0.2984358,-0.048713453,0.061461985,-0.29016843","-0.083174765,0.19134188,-0.6044352","-0.29371145,-0.5915482,-1.0,-0.0380274,0.059814088,-0.2941952,-0.048713453,0.061461985,-0.29016843",0.0
"0.0,0.0,0.0,2.8652207e-07,0.005789075,0.993462,-0.025380118,0.028245613,-0.30644754","-0.91147196,-0.978017,-0.9735925","-0.087038964,-0.1344723,-0.10459366,-0.4020776,0.11878191,0.87675256,-0.025380118,0.028245613,-0.30644754",0.0
"-0.087038964,-0.1344723,-0.10459366,-0.4020776,0.11878191,0.87675256,-0.025380118,0.028245613,-0.30644754","-0.8343259,-0.9326628,-0.9792974","-0.16671103,-0.26270863,-0.20980017,-0.6259677,0.36820492,0.5698824,-0.025380118,0.028245613,-0.30644754",0.0
"-0.16671103,-0.26270863,-0.20980017,-0.6259677,0.36820492,0.5698824,-0.025380118,0.028245613,-0.30644754","0.15642273,-0.8546728,-0.9952283","-0.1517738,-0.38022175,-0.31671816,-0.7608854,0.39956337,0.17523102,-0.025380118,0.028245613,-0.30644754",0.0
"-0.1517738,-0.38022175,-0.31671816,-0.7608854,0.39956337,0.17523102,-0.025380118,0.028245613,-0.30644754","-0.716056,-0.88879067,-0.9092097","-0.22015195,-0.5024259,-0.41439515,-0.6336546,0.5322325,-0.21816051,-0.025380118,0.028245613,-0.30644754",0.0
"-0.22015195,-0.5024259,-0.41439515,-0.6336546,0.5322325,-0.21816051,-0.025380118,0.028245613,-0.30644754","0.27143753,-0.4423312,-0.8319783","-0.19423163,-0.5632442,-0.50377506,-0.5767795,0.4103563,-0.42173874,-0.025380118,0.028245613,-0.30644754",0.0
"-0.19423163,-0.5632442,-0.50377506,-0.5767795,0.4103563,-0.42173874,-0.025380118,0.028245613,-0.30644754","0.3957157,-0.038195193,-0.9451089","-0.15644364,-0.5684959,-0.6053086,-0.5016324,0.27508795,-0.4853405,-0.025380118,0.028245613,-0.30644754",0.0
"-0.15644364,-0.5684959,-0.6053086,-0.5016324,0.27508795,-0.4853405,-0.025380118,0.028245613,-0.30644754","0.11834085,-0.45579338,-0.9872091","-0.14514296,-0.63116527,-0.71136504,-0.33396408,0.1702423,-0.55690485,-0.025380118,0.028245613,-0.30644754",0.0
"-0.14514296,-0.63116527,-0.71136504,-0.33396408,0.1702423,-0.55690485,-0.025380118,0.028245613,-0.30644754","-0.5681929,-0.71492124,-0.98344004","-0.19940126,-0.7294633,-0.81701654,-0.12625419,0.098513454,-0.5454268,-0.025380118,0.028245613,-0.30644754",0.0
"-0.19940126,-0.7294633,-0.81701654,-0.12625419,0.098513454,-0.5454268,-0.025380118,0.028245613,-0.30644754","-0.21925384,-0.060357153,-0.9898198","-0.2203384,-0.73776215,-0.92335355,-0.043199897,0.04333601,-0.4192444,-0.025380118,0.028245613,-0.30644754",0.0
"-0.2203384,-0.73776215,-0.92335355,-0.043199897,0.04333601,-0.4192444,-0.025380118,0.028245613,-0.30644754","-0.42079693,0.27043056,-0.87528133","-0.26052144,-0.70057935,-1.0,-0.017301325,0.02695704,-0.3078429,-0.025380118,0.028245613,-0.30644754",0.0
"0.0,0.0,0.0,2.8652207e-07,0.005789075,0.993462,-0.0012865497,0.006081871,-0.7596475","-0.9995309,-0.95951,-0.97522694","-0.095447965,-0.1319277,-0.104769245,-0.39426956,0.12796052,0.879189,-0.0012865497,0.006081871,-0.7596475",0.0
"-0.095447965,-0.1319277,-0.104769245,-0.39426956,0.12796052,0.879189,-0.0012865497,0.006081871,-0.7596475","-0.99983066,-0.9998366,-0.9741154","-0.19092454,-0.2694001,-0.20941907,-0.603356,0.41962183,0.5585046,-0.0012865497,0.006081871,-0.7596475",0.0
"-0.19092454,-0.2694001,-0.20941907,-0.603356,0.41962183,0.5585046,-0.0012865497,0.006081871,-0.7596475","-0.99950093,-0.9793468,-0.9792849","-0.28636962,-0.40405527,-0.31462425,-0.5380084,0.6868104,0.12810315,-0.0012865497,0.006081871,-0.7596475",0.0
"-0.28636962,-0.40405527,-0.31462425,-0.5380084,0.6868104,0.12810315,-0.0012865497,0.006081871,-0.7596475","-0.9807694,-0.72889435,-0.8310759","-0.38002598,-0.50427455,-0.40390724,-0.3023949,0.7796807,-0.20908007,-0.0012865497,0.006081871,-0.7596475",0.0
"-0.38002598,-0.50427455,-0.40390724,-0.3023949,0.7796807,-0.20908007,-0.0012865497,0.006081871,-0.7596475","0.45107722,-0.81360877,-0.4024452","-0.33695138,-0.61614156,-0.44714215,-0.35876113,0.64984816,-0.4708924,-0.0012865497,0.006081871,-0.7596475",0.0
"-0.33695138,-0.61614156,-0.44714215,-0.35876113,0.64984816,-0.4708924,-0.0012865497,0.006081871,-0.7596475","0.35278773,-0.68194854,-0.39634562","-0.3032627,-0.70990604,-0.48972175,-0.34622395,0.49694887,-0.65077066,-0.0012865497,0.006081871,-0.7596475",0.0
"-0.3032627,-0.70990604,-0.48972175,-0.34622395,0.49694887,-0.65077066,-0.0012865497,0.006081871,-0.7596475","-0.34230268,-0.99770314,-0.96224177","-0.3359501,-0.8470851,-0.59309596,-0.1417206,0.26194343,-0.791863,-0.0012865497,0.006081871,-0.7596475",0.0
"-0.3359501,-0.8470851,-0.59309596,-0.1417206,0.26194343,-0.791863,-0.0012865497,0.006081871,-0.7596475","0.918139,-0.99998987,-0.8735435","-0.2482745,-0.9845786,-0.6869412,-0.0064034564,0.014478264,-0.75597835,-0.0012865497,0.006081871,-0.7596475",0.0
"0.0,0.0,0.0,2.8652207e-07,0.005789075,0.993462,-0.014853802,0.03497076,-0.30644754","-0.99530804,-0.9995022,-0.99130684","-0.0950447,-0.1374264,-0.106496714,-0.4065399,0.13118783,0.8720469,-0.014853802,0.03497076,-0.30644754",0.0
"-0.0950447,-0.1374264,-0.106496714,-0.4065399,0.13118783,0.8720469,-0.014853802,0.03497076,-0.30644754","-0.83454376,-0.9292342,-0.94901323","-0.17473757,-0.26519135,-0.2084498,-0.6186804,0.38521406,0.5674089,-0.014853802,0.03497076,-0.30644754",0.0
"-0.17473757,-0.26519135,-0.2084498,-0.6186804,0.38521406,0.5674089,-0.014853802,0.03497076,-0.30644754","-0.7576114,-0.6666899,-0.97770375","-0.24708396,-0.35685778,-0.31348512,-0.5991203,0.5963579,0.22883482,-0.014853802,0.03497076,-0.30644754",0.0
"-0.24708396,-0.35685778,-0.31348512,-0.5991203,0.5963579,0.22883482,-0.014853802,0.03497076,-0.30644754","0.38146746,-0.17718852,-0.98992556","-0.21065658,-0.3812203,-0.41983342,-0.64255905,0.50788623,0.019404728,-0.014853802,0.03497076,-0.30644754",0.0
"-0.21065658,-0.3812203,-0.41983342,-0.64255905,0.50788623,0.019404728,-0.014853802,0.03497076,-0.30644754","-0.22365034,-0.19958085,-0.9657925","-0.23201357,-0.4086617,-0.5235891,-0.54730743,0.49646714,-0.16526541,-0.014853802,0.03497076,-0.30644754",0.0
"-0.23201357,-0.4086617,-0.5235891,-0.54730743,0.49646714,-0.16526541,-0.014853802,0.03497076,-0.30644754","0.42697418,-0.34213257,-0.9232806","-0.19124064,-0.45570323,-0.6227777,-0.50218105,0.35117042,-0.32988742,-0.014853802,0.03497076,-0.30644754",0.0
"-0.19124064,-0.45570323,-0.6227777,-0.50218105,0.35117042,-0.32988742,-0.014853802,0.03497076,-0.30644754","0.16574705,-0.49622798,-0.97446537","-0.175413,-0.52393204,-0.72746515,-0.3659925,0.23173048,-0.44753307,-0.014853802,0.03497076,-0.30644754",0.0
"-0.175413,-0.52393204,-0.72746515,-0.3659925,0.23173048,-0.44753307,-0.014853802,0.03497076,-0.30644754","-0.7418656,-0.8826708,-0.9883894","-0.24625579,-0.64529485,-0.83364844,-0.14449148,0.14922498,-0.49153295,-0.014853802,0.03497076,-0.30644754",0.0
"-0.24625579,-0.64529485,-0.83364844,-0.14449148,0.14922498,-0.49153295,-0.014853802,0.03497076,-0.30644754","-0.65036273,-0.55176955,-0.9783291","-0.3083607,-0.72116035,-0.938751,-0.028983334,0.05240191,-0.39595386,-0.014853802,0.03497076,-0.30644754",0.0
"-0.3083607,-0.72116035,-0.938751,-0.028983334,0.05240191,-0.39595386,-0.014853802,0.03497076,-0.30644754","0.03053677,0.011888742,-0.90111136","-0.30544466,-0.71952575,-1.0,-0.009293986,0.023352157,-0.30913624,-0.014853802,0.03497076,-0.30644754",0.0
"0.0,0.0,0.0,2.8652207e-07,0.005789075,0.993462,-0.021169592,0.031520467,-0.30644754","-0.9892754,-0.99302197,-0.99124587","-0.09446863,-0.1365354,-0.10649017,-0.4051223,0.12994602,0.87297916,-0.021169592,0.031520467,-0.30644754",0.0
"-0.09446863,-0.1365354,-0.10649017,-0.4051223,0.12994602,0.87297916,-0.021169592,0.031520467,-0.30644754","-0.98080087,-0.93153125,-0.8654466","-0.188128,-0.2646162,-0.19946563,-0.5970097,0.4075877,0.5812131,-0.021169592,0.031520467,-0.30644754",0.0
"-0.188128,-0.2646162,-0.19946563,-0.5970097,0.4075877,0.5812131,-0.021169592,0.031520467,-0.30644754","0.5179428,-0.8349878,-0.9803788","-0.13866821,-0.37942272,-0.30478832,-0.77815163,0.36858794,0.19538172,-0.021169592,0.031520467,-0.30644754",0.0
"-0.13866821,-0.37942272,-0.30478832,-0.77815163,0.36858794,0.19538172,-0.021169592,0.031520467,-0.30644754","0.42783964,-0.56836057,-0.9949573","-0.09781263,-0.45756942,-0.4116772,-0.79354477,0.25789726,-0.123736136,-0.021169592,0.031520467,-0.30644754",0.0
"-0.09781263,-0.45756942,-0.4116772,-0.79354477,0.25789726,-0.123736136,-0.021169592,0.031520467,-0.30644754","-0.6668684,-0.8629351,-0.9417683","-0.16149372,-0.5762186,-0.51285195,-0.5989904,0.33959234,-0.45036736,-0.021169592,0.031520467,-0.30644754",0.0
"-0.16149372,-0.5762186,-0.51285195,-0.5989904,0.33959234,-0.45036736,-0.021169592,0.031520467,-0.30644754","-0.0025653243,-0.6859514,-0.97310233","-0.1617387,-0.6705334,-0.6173929,-0.40652564,0.23301713,-0.61694926,-0.021169592,0.031520467,-0.30644754",0.0
"-0.1617387,-0.6705334,-0.6173929,-0.40652564,0.23301713,-0.61694926,-0.021169592,0.031520467,-0.30644754","-0.29162407,-0.16811436,-0.9925473","-0.18958667,-0.69364834,-0.72402287,-0.24636166,0.17395413,-0.60252553,-0.021169592,0.031520467,-0.30644754",0.0
"-0.18958667,-0.69364834,-0.72402287,-0.24636166,0.17395413,-0.60252553,-0.021169592,0.031520467,-0.30644754","-0.063045144,-0.6098252,-0.9714981","-0.19560704,-0.7774962,-0.8283914,-0.08547859,0.06740527,-0.5484329,-0.021169592,0.031520467,-0.30644754",0.0
"-0.19560704,-0.7774962,-0.8283914,-0.08547859,0.06740527,-0.5484329,-0.021169592,0.031520467,-0.30644754","-0.7283554,0.44338453,-0.9805431","-0.2651597,-0.7165332,-0.9337318,-0.03989504,0.052495744,-0.40200886,-0.021169592,0.031520467,-0.30644754",0.0
"-0.2651597,-0.7165332,-0.9337318,-0.03989504,0.052495744,-0.40200886,-0.021169592,0.031520467,-0.30644754","-0.17732,0.6863737,-0.97375685","-0.28209248,-0.6221604,-1.0,-0.03343226,0.050113797,-0.29907325,-0.021169592,0.031520467,-0.30644754",0.0
"-0.28209248,-0.6221604,-1.0,-0.03343226,0.050113797,-0.29907325,-0.021169592,0.031520467,-0.30644754","-0.20521957,0.018062353,-0.9569266","-0.30168945,-0.61967695,-1.0,-0.030797347,0.052788034,-0.29870737,-0.021169592,0.031520467,-0.30644754",0.0
"-0.30168945,-0.61967695,-1.0,-0.030797347,0.052788034,-0.29870737,-0.021169592,0.031520467,-0.30644754","0.109265566,0.12998319,-0.54486465","-0.29125538,-0.60180503,-1.0,-0.036325954,0.056709006,-0.2959183,-0.021169592,0.031520467,-0.30644754",0.0
"-0.29125538,-0.60180503,-1.0,-0.036325954,0.056709006,-0.2959183,-0.021169592,0.031520467,-0.30644754","0.47007728,0.29725385,-0.66879046","-0.24636641,-0.5609342,-1.0,-0.053883273,0.060762838,-0.2885308,-0.021169592,0.031520467,-0.30644754",0.0
"-0.24636641,-0.5609342,-1.0,-0.053883273,0.060762838,-0.2885308,-0.021169592,0.031520467,-0.30644754","0.32387257,-0.8790687,-0.6379978","-0.21543893,-0.6818017,-1.0,-0.02633609,0.028585471,-0.3062409,-0.021169592,0.031520467,-0.30644754",0.0
"0.0,0.0,0.0,2.8652207e-07,0.005789075,0.993462,-0.53871346,-0.0057894737,0.10360293","-0.5526012,-0.90332764,-0.9995687","-0.05276941,-0.12420291,-0.107384294,-0.39598948,0.07212494,0.8846635,-0.53871346,-0.0057894737,0.10360293",0.0
"-0.05276941,-0.12420291,-0.107384294,-0.39598948,0.07212494,0.8846635,-0.53871346,-0.0057894737,0.10360293","-0.15204549,-0.6743624,-0.989683","-0.06728866,-0.21692428,-0.21370657,-0.6478773,0.14495541,0.64208853,-0.53871346,-0.0057894737,0.10360293",0.0
"-0.06728866,-0.21692428,-0.21370657,-0.6478773,0.14495541,0.64208853,-0.53871346,-0.0057894737,0.10360293","0.61693966,0.35363567,-0.9984044","-0.008375398,-0.16830121,-0.32096583,-0.6536101,0.022992983,0.5667249,-0.53871346,-0.0057894737,0.10360293",0.0
"-0.008375398,-0.16830121,-0.32096583,-0.6536101,0.022992983,0.5667249,-0.53871346,-0.0057894737,0.10360293","-0.16937995,0.3640641,-0.99553937","-0.024549957,-0.11824429,-0.42791724,-0.6203156,0.053744037,0.4819146,-0.53871346,-0.0057894737,0.10360293",0.0
"-0.024549957,-0.11824429,-0.42791724,-0.6203156,0.053744037,0.4819146,-0.53871346,-0.0057894737,0.10360293","0.08234167,0.13443232,-0.9810553","-0.016686928,-0.099760555,-0.5333127,-0.6009558,0.03733031,0.3455767,-0.53871346,-0.0057894737,0.10360293",0.0
"-0.016686928,-0.099760555,-0.5333127,-0.6009558,0.03733031,0.3455767,-0.53871346,-0.0057894737,0.10360293","0.23926604,-0.0931682,-0.90989906","0.0061612395,-0.112570725,-0.63106376,-0.57315886,-0.0053050974,0.18129253,-0.53871346,-0.0057894737,0.10360293",0.0
"0.0061612395,-0.112570725,-0.63106376,-0.57315886,-0.0053050974,0.18129253,-0.53871346,-0.0057894737,0.10360293","-0.034543097,0.05705464,-0.5998574","0.002862621,-0.104726024,-0.6955069,-0.5246588,0.0010710503,0.10453907,-0.53871346,-0.0057894737,0.10360293",0.0
"0.0,0.0,0.0,2.8652207e-07,0.005789075,0.993462,-0.0036257312,-0.0050292397,-0.7596475","-0.9990994,-0.990062,-0.9822407","-0.095406756,-0.13612843,-0.10552273,-0.4029151,0.13057603,0.8742453,-0.0036257312,-0.0050292397,-0.7596475",0.0
"-0.095406756,-0.13612843,-0.10552273,-0.4029151,0.13057603,0.8742453,-0.0036257312,-0.0050292397,-0.7596475","-0.99993306,-0.98799545,-0.94925034","-0.1908931,-0.27197272,-0.20750128,-0.6053406,0.420891,0.5566446,-0.0036257312,-0.0050292397,-0.7596475",0.0
"-0.1908931,-0.27197272,-0.20750128,-0.6053406,0.420891,0.5566446,-0.0036257312,-0.0050292397,-0.7596475","-0.99912435,-0.9789435,-0.82536685","-0.28630224,-0.40657243,-0.29617095,-0.5415951,0.6910279,0.15113337,-0.0036257312,-0.0050292397,-0.7596475",0.0
"-0.28630224,-0.40657243,-0.29617095,-0.5415951,0.6910279,0.15113337,-0.0036257312,-0.0050292397,-0.7596475","-0.92891955,-0.8717163,-0.8396358","-0.37500733,-0.52642894,-0.38637352,-0.31866822,0.78451777,-0.23288995,-0.0036257312,-0.0050292397,-0.7596475",0.0
"-0.37500733,-0.52642894,-0.38637352,-0.31866822,0.78451777,-0.23288995,-0.0036257312,-0.0050292397,-0.7596475","0.806957,-0.29141313,0.12392032","-0.29794878,-0.5664968,-0.3730606,-0.49752137,0.68534756,-0.29955888,-0.0036257312,-0.0050292397,-0.7596475",0.0
"-0.29794878,-0.5664968,-0.3730606,-0.49752137,0.68534756,-0.29955888,-0.0036257312,-0.0050292397,-0.7596475","-0.5807297,-0.94679254,-0.90893435","-0.35340425,-0.69667596,-0.47070795,-0.2813163,0.5800556,-0.6227904,-0.0036257312,-0.0050292397,-0.7596475",0.0
"-0.35340425,-0.69667596,-0.47070795,-0.2813163,0.5800556,-0.6227904,-0.0036257312,-0.0050292397,-0.7596475","0.9430363,-0.60087466,-0.8297256","-0.2633511,-0.7792932,-0.55984586,-0.2861707,0.31979832,-0.7441468,-0.0036257312,-0.0050292397,-0.7596475",0.0
"-0.2633511,-0.7792932,-0.55984586,-0.2861707,0.31979832,-0.7441468,-0.0036257312,-0.0050292397,-0.7596475","0.7160411,-0.99907744,-0.6234747","-0.1949744,-0.91666114,-0.6268261,-0.13031761,0.09864941,-0.8064176,-0.0036257312,-0.0050292397,-0.7596475",0.0
"-0.1949744,-0.91666114,-0.6268261,-0.13031761,0.09864941,-0.8064176,-0.0036257312,-0.0050292397,-0.7596475","-0.5872158,-0.9999956,-0.72022855","-0.2510521,-0.999981,-0.70420855,0.01667003,-0.008565606,-0.7337476,-0.0036257312,-0.0050292397,-0.7596475",0.0
"-0.2510521,-0.999981,-0.70420855,0.01667003,-0.008565606,-0.7337476,-0.0036257312,-0.0050292397,-0.7596475","0.76980686,-0.67200434,0.3058126","-0.17754394,-0.9999811,-0.67136425,-0.0040889313,0.0093748085,-0.7757574,-0.0036257312,-0.0050292397,-0.7596475",0.0
"-0.17754394,-0.9999811,-0.67136425,-0.0040889313,0.0093748085,-0.7757574,-0.0036257312,-0.0050292397,-0.7596475","-0.8591579,-0.509825,-0.08408511","-0.25959012,-0.9999811,-0.6804065,0.0036261498,0.004594612,-0.76446176,-0.0036257312,-0.0050292397,-0.7596475",0.0
"0.0,0.0,0.0,2.8652207e-07,0.005789075,0.993462,0.068947375,-0.0057894737,-0.61392003","-0.959947,-0.9966009,-0.96400726","-0.09166798,-0.1370275,-0.103563905,-0.40391195,0.12568389,0.87501794,0.068947375,-0.0057894737,-0.61392003",0.0
"-0.09166798,-0.1370275,-0.103563905,-0.40391195,0.12568389,0.87501794,0.068947375,-0.0057894737,-0.61392003","-0.9606546,-0.79889107,-0.78806365","-0.18340352,-0.24687092,-0.18822607,-0.5760363,0.38116744,0.6274432,0.068947375,-0.0057894737,-0.61392003",0.0
"-0.18340352,-0.24687092,-0.18822607,-0.5760363,0.38116744,0.6274432,0.068947375,-0.0057894737,-0.61392003","-0.15807045,-0.95517725,-0.96376884","-0.19849811,-0.3782029,-0.29176435,-0.69625264,0.5079877,0.218194,0.068947375,-0.0057894737,-0.61392003",0.0
"-0.19849811,-0.3782029,-0.29176435,-0.69625264,0.5079877,0.218194,0.068947375,-0.0057894737,-0.61392003","0.5959619,-0.9540868,-0.86697716","-0.14158808,-0.50938493,-0.38490424,-0.7658559,0.37147677,-0.19574478,0.068947375,-0.0057894737,-0.61392003",0.0
"-0.14158808,-0.50938493,-0.38490424,-0.7658559,0.37147677,-0.19574478,0.068947375,-0.0057894737,-0.61392003","-0.7624036,-0.97391707,-0.95245165","-0.21439208,-0.64329356,-0.48722667,-0.5212626,0.42338628,-0.5456685,0.068947375,-0.0057894737,-0.61392003",0.0
"-0.21439208,-0.64329356,-0.48722667,-0.5212626,0.42338628,-0.5456685,0.068947375,-0.0057894737,-0.61392003","0.9484552,-0.99663144,-0.96237814","-0.12382149,-0.7803253,-0.5906155,-0.35449743,0.15155977,-0.73722845,0.068947375,-0.0057894737,-0.61392003",0.0
"-0.12382149,-0.7803253,-0.5906155,-0.35449743,0.15155977,-0.73722845,0.068947375,-0.0057894737,-0.61392003","-0.5669385,-0.86562574,-0.99145716","-0.17796001,-0.89934444,-0.69712836,-0.08986471,0.06305483,-0.7310552,0.068947375,-0.0057894737,-0.61392003",0.0
"-0.17796001,-0.89934444,-0.69712836,-0.08986471,0.06305483,-0.7310552,0.068947375,-0.0057894737,-0.61392003","0.07021904,-0.41606414,-0.91245896","-0.1712546,-0.9565511,-0.7951543,0.028597077,-0.0103226835,-0.6108441,0.068947375,-0.0057894737,-0.61392003",0.0
"-0.1712546,-0.9565511,-0.7951543,0.028597077,-0.0103226835,-0.6108441,0.068947375,-0.0057894737,-0.61392003","0.59829235,-0.99992156,-0.4361676","-0.114124864,-0.99998057,-0.84201425,0.08374589,-0.025199393,-0.534555,0.068947375,-0.0057894737,-0.61392003",0.0
"-0.114124864,-0.99998057,-0.84201425,0.08374589,-0.025199393,-0.534555,0.068947375,-0.0057894737,-0.61392003","0.49816787,-0.19957149,0.52695763","-0.06655634,-0.9999808,-0.78540725,0.066840954,-0.0082647195,-0.6198947,0.068947375,-0.0057894737,-0.61392003",0.0
"0.0,0.0,0.0,2.8652207e-07,0.005789075,0.993462,-0.45391816,-0.7053216,0.12066658","0.8461598,-0.58638436,-0.96768785","0.08080213,-0.080624826,-0.10395933,-0.3027176,-0.072557636,0.92527807,-0.45391816,-0.7053216,0.12066658",0.0
"0.08080213,-0.080624826,-0.10395933,-0.3027176,-0.072557636,0.92527807,-0.45391816,-0.7053216,0.12066658","0.9971404,-0.99125403,-0.9624324","0.1760218,-0.21691716,-0.20735405,-0.5642752,-0.34148273,0.6507562,-0.45391816,-0.7053216,0.12066658",0.0
"0.1760218,-0.21691716,-0.20735405,-0.5642752,-0.34148273,0.6507562,-0.45391816,-0.7053216,0.12066658","0.8848865,-0.96174216,-0.97687376","0.26052204,-0.34915176,-0.3123002,-0.5782986,-0.6093831,0.24652016,-0.45391816,-0.7053216,0.12066658",0.0
"0.26052204,-0.34915176,-0.3123002,-0.5782986,-0.6093831,0.24652016,-0.45391816,-0.7053216,0.12066658","0.43429017,-0.52531624,-0.44919944","0.3019936,-0.4213801,-0.36055797,-0.50682896,-0.69692606,0.022435175,-0.45391816,-0.7053216,0.12066658",0.0
"0.3019936,-0.4213801,-0.36055797,-0.50682896,-0.69692606,0.022435175,-0.45391816,-0.7053216,0.12066658","0.01960826,0.46857786,0.25383794","0.30386606,-0.35695305,-0.333288,-0.49150923,-0.68406343,0.1979212,-0.45391816,-0.7053216,0.12066658",0.0
"0.30386606,-0.35695305,-0.333288,-0.49150923,-0.68406343,0.1979212,-0.45391816,-0.7053216,0.12066658","0.031098127,-0.109579206,-0.5274785","0.3068357,-0.37201965,-0.38995534,-0.47895882,-0.679764,0.08119971,-0.45391816,-0.7053216,0.12066658",0.0
"0.3068357,-0.37201965,-0.38995534,-0.47895882,-0.679764,0.08119971,-0.45391816,-0.7053216,0.12066658","0.075161815,-0.00014662743,0.16467404","0.31401312,-0.37203985,-0.3722643,-0.46760875,-0.69658715,0.10749505,-0.45391816,-0.7053216,0.12066658",0.0
"0.31401312,-0.37203985,-0.3722643,-0.46760875,-0.69658715,0.10749505,-0.45391816,-0.7053216,0.12066658","0.007139206,0.04229629,-0.06892294","0.31469485,-0.36622435,-0.3796687,-0.4631109,-0.6930224,0.10826428,-0.45391816,-0.7053216,0.12066658",0.0
"0.31469485,-0.36622435,-0.3796687,-0.4631109,-0.6930224,0.10826428,-0.45391816,-0.7053216,0.12066658","0.023229957,0.0663811,0.086355925","0.31691316,-0.35709733,-0.37039143,-0.4577696,-0.6954612,0.14078523,-0.45391816,-0.7053216,0.12066658",0.0
"0.31691316,-0.35709733,-0.37039143,-0.4577696,-0.6954612,0.14078523,-0.45391816,-0.7053216,0.12066658","0.11964333,-0.070736945,-0.12966996","0.32833824,-0.36682335,-0.38432196,-0.4321518,-0.7108282,0.10009921,-0.45391816,-0.7053216,0.12066658",0.0
"0.32833824,-0.36682335,-0.38432196,-0.4321518,-0.7108282,0.10009921,-0.45391816,-0.7053216,0.12066658","-0.055403948,0.20853662,0.1478213","0.32304755,-0.33815065,-0.36844143,-0.43914342,-0.69588065,0.18201572,-0.45391816,-0.7053216,0.12066658",0.0
"0.32304755,-0.33815065,-0.36844143,-0.43914342,-0.69588065,0.18201572,-0.45391816,-0.7053216,0.12066658","-0.045842588,-0.08992839,-0.23767304","0.3186699,-0.35051537,-0.3939748,-0.44749972,-0.6879454,0.11856785,-0.45391816,-0.7053216,0.12066658",0.0
"0.3186699,-0.35051537,-0.3939748,-0.44749972,-0.6879454,0.11856785,-0.45391816,-0.7053216,0.12066658","0.04119134,-0.15253526,0.030570269","0.32260334,-0.37148818,-0.39069062,-0.44442716,-0.70218813,0.08119149,-0.45391816,-0.7053216,0.12066658",0.0
"0.32260334,-0.37148818,-0.39069062,-0.44442716,-0.70218813,0.08119149,-0.45391816,-0.7053216,0.12066658","0.066090345,0.14063156,0.18205738","0.3289145,-0.3521521,-0.3711321,-0.42980373,-0.7098305,0.14968847,-0.45391816,-0.7053216,0.12066658",0.0
"0.3289145,-0.3521521,-0.3711321,-0.42980373,-0.7098305,0.14968847,-0.45391816,-0.7053216,0.12066658","-0.015066743,-0.006688893,-0.16397792","0.32747573,-0.3530718,-0.38874835,-0.42998675,-0.7028629,0.121258646,-0.45391816,-0.7053216,0.12066658",0.0
"0.32747573,-0.3530718,-0.38874835,-0.42998675,-0.7028629,0.121258646,-0.45391816,-0.7053216,0.12066658","0.072018385,-0.16402304,0.11900556","0.33435294,-0.37562415,-0.3759635,-0.4222013,-0.725075,0.094625615,-0.45391816,-0.7053216,0.12066658",0.0
"0.33435294,-0.37562415,-0.3759635,-0.4222013,-0.725075,0.094625615,-0.45391816,-0.7053216,0.12066658","-0.10723758,0.101300955,0.06192279","0.32411256,-0.36169583,-0.3693111,-0.44331822,-0.70789623,0.13306655,-0.45391816,-0.7053216,0.12066658",0.0
"0.0,0.0,0.0,2.8652207e-07,0.005789075,0.993462,0.026081873,-0.027660819,-0.30644754","0.9936013,-0.8307227,-0.99348074","0.0948817,-0.1142201,-0.10673027,-0.3669069,-0.10667019,0.89475757,0.026081873,-0.027660819,-0.30644754",0.0
"0.0948817,-0.1142201,-0.10673027,-0.3669069,-0.10667019,0.89475757,0.026081873,-0.027660819,-0.30644754","0.9835913,-0.95317924,-0.9846364","0.18880755,-0.24527736,-0.21251038,-0.5869117,-0.38867807,0.5964388,0.026081873,-0.027660819,-0.30644754",0.0
"0.18880755,-0.24527736,-0.21251038,-0.5869117,-0.38867807,0.5964388,0.026081873,-0.027660819,-0.30644754","0.98631823,-0.90573657,-0.977825","0.28299376,-0.36981148,-0.3175587,-0.5420596,-0.6587453,0.1956744,0.026081873,-0.027660819,-0.30644754",0.0
"0.28299376,-0.36981148,-0.3175587,-0.5420596,-0.6587453,0.1956744,0.026081873,-0.027660819,-0.30644754","0.6318108,-0.8518049,-0.9921365","0.3433271,-0.4869303,-0.42414457,-0.39340213,-0.72141093,-0.1988303,0.026081873,-0.027660819,-0.30644754",0.0
"0.3433271,-0.4869303,-0.42414457,-0.39340213,-0.72141093,-0.1988303,0.026081873,-0.027660819,-0.30644754","0.39565194,-0.90663004,-0.8845664","0.38110903,-0.6115873,-0.51917404,-0.24450381,-0.6080263,-0.5122558,0.026081873,-0.027660819,-0.30644754",0.0
"0.38110903,-0.6115873,-0.51917404,-0.24450381,-0.6080263,-0.5122558,0.026081873,-0.027660819,-0.30644754","0.9937179,-0.3577819,-0.94023794","0.47600186,-0.66078055,-0.6201843,-0.04147598,-0.47224918,-0.60556835,0.026081873,-0.027660819,-0.30644754",0.0
"0.47600186,-0.66078055,-0.6201843,-0.04147598,-0.47224918,-0.60556835,0.026081873,-0.027660819,-0.30644754","0.58242464,-0.8246162,-0.86827683","0.5316192,-0.7741611,-0.7134638,0.0174135,-0.23309387,-0.6626623,0.026081873,-0.027660819,-0.30644754",0.0
"0.5316192,-0.7741611,-0.7134638,0.0174135,-0.23309387,-0.6626623,0.026081873,-0.027660819,-0.30644754","0.88737965,-0.457062,-0.919159","0.6163575,-0.83700484,-0.8122095,0.019831736,-0.06800937,-0.58145463,0.026081873,-0.027660819,-0.30644754",0.0
"0.6163575,-0.83700484,-0.8122095,0.019831736,-0.06800937,-0.58145463,0.026081873,-0.027660819,-0.30644754","0.6338053,0.023341417,-0.96651906","0.6768813,-0.83379555,-0.9160431,-0.0013387627,-0.008818564,-0.4376342,0.026081873,-0.027660819,-0.30644754",0.0
"0.6768813,-0.83379555,-0.9160431,-0.0013387627,-0.008818564,-0.4376342,0.026081873,-0.027660819,-0.30644754","0.75615466,0.5172703,-0.952691","0.74908864,-0.7626736,-1.0,0.0017288572,-0.009949806,-0.31085998,0.026081873,-0.027660819,-0.30644754",0.0
"0.74908864,-0.7626736,-1.0,0.0017288572,-0.009949806,-0.31085998,0.026081873,-0.027660819,-0.30644754","0.6717181,0.67759204,-0.9615246","0.81323284,-0.6695083,-1.0,0.032550752,-0.028593475,-0.30502075,0.026081873,-0.027660819,-0.30644754",0.0
"0.0,0.0,0.0,2.8652207e-07,0.005789075,0.993462,0.015438597,0.2562573,0.2937874","-0.87155706,-0.34139156,-0.96644866","-0.08322738,-0.046939578,-0.1038262,-0.23199068,0.06807185,0.94809175,0.015438597,0.2562573,0.2937874",0.0
"-0.08322738,-0.046939578,-0.1038262,-0.23199068,0.06807185,0.94809175,0.015438597,0.2562573,0.2937874","-0.8582303,0.86575484,-0.99048555","-0.16518213,0.07209727,-0.21023475,-0.110810176,0.069956034,0.9358075,0.015438597,0.2562573,0.2937874",0.0
"-0.16518213,0.07209727,-0.21023475,-0.110810176,0.069956034,0.9358075,0.015438597,0.2562573,0.2937874","-0.8689433,0.24535072,-0.959575","-0.24815989,0.10583176,-0.31332254,-0.12900618,0.13566372,0.8668222,0.015438597,0.2562573,0.2937874",0.0
"-0.24815989,0.10583176,-0.31332254,-0.12900618,0.13566372,0.8668222,0.015438597,0.2562573,0.2937874","-0.79045284,0.69842935,-0.96584404","-0.3236424,0.20186223,-0.41708386,-0.058535565,0.105617195,0.80042726,0.015438597,0.2562573,0.2937874",0.0
"-0.3236424,0.20186223,-0.41708386,-0.058535565,0.105617195,0.80042726,0.015438597,0.2562573,0.2937874","-0.7663783,-0.5131509,-0.94870186","-0.39682597,0.13130665,-0.51900357,-0.09620923,0.30453435,0.6337402,0.015438597,0.2562573,0.2937874",0.0
"-0.39682597,0.13130665,-0.51900357,-0.09620923,0.30453435,0.6337402,0.015438597,0.2562573,0.2937874","-0.43713737,0.22864747,-0.9517168","-0.4385694,0.16274452,-0.6212471,-0.05551805,0.31428304,0.50616425,0.015438597,0.2562573,0.2937874",0.0
"-0.4385694,0.16274452,-0.6212471,-0.05551805,0.31428304,0.50616425,0.015438597,0.2562573,0.2937874","-0.2922635,0.19716454,-0.92408264","-0.46647844,0.18985364,-0.72052205,-0.025873745,0.29986465,0.3726543,0.015438597,0.2562573,0.2937874",0.0
"-0.46647844,0.18985364,-0.72052205,-0.025873745,0.29986465,0.3726543,0.015438597,0.2562573,0.2937874","-0.28976184,0.16734803,-0.6731287","-0.4941486,0.21286313,-0.7928368,0.00081359444,0.27074903,0.27657115,0.015438597,0.2562573,0.2937874",0.0
"-0.4941486,0.21286313,-0.7928368,0.00081359444,0.27074903,0.27657115,0.015438597,0.2562573,0.2937874","-0.07335478,0.18218303,0.07955575","-0.50115347,0.23791239,-0.78429013,0.006704684,0.252319,0.30577025,0.015438597,0.2562573,0.2937874",0.0
"0.0,0.0,0.0,2.8652207e-07,0.005789075,0.993462,0.0026900587,0.037894737,-0.30644754","-0.9153314,-0.9662356,-0.9978904","-0.08740752,-0.13285242,-0.107204,-0.40183386,0.11921767,0.8761507,0.0026900587,0.037894737,-0.30644754",0.0
"-0.08740752,-0.13285242,-0.107204,-0.40183386,0.11921767,0.8761507,0.0026900587,0.037894737,-0.30644754","-0.9286232,-0.88989365,-0.9028808","-0.1760843,-0.25520825,-0.20420103,-0.60339713,0.37940064,0.5909984,0.0026900587,0.037894737,-0.30644754",0.0
"-0.1760843,-0.25520825,-0.20420103,-0.60339713,0.37940064,0.5909984,0.0026900587,0.037894737,-0.30644754","-0.7473565,-0.81340665,-0.89035785","-0.24745141,-0.3670475,-0.29985273,-0.6043692,0.60289216,0.2289383,0.0026900587,0.037894737,-0.30644754",0.0
"-0.24745141,-0.3670475,-0.29985273,-0.6043692,0.60289216,0.2289383,0.0026900587,0.037894737,-0.30644754","0.3525827,-0.8105606,-0.98835987","-0.21378231,-0.47849545,-0.40603286,-0.65225756,0.52586967,-0.15910952,0.0026900587,0.037894737,-0.30644754",0.0
"-0.21378231,-0.47849545,-0.40603286,-0.65225756,0.52586967,-0.15910952,0.0026900587,0.037894737,-0.30644754","0.4360025,-0.7887337,-0.99369466","-0.17214724,-0.5869423,-0.51278603,-0.58123773,0.35581088,-0.46824285,0.0026900587,0.037894737,-0.30644754",0.0
"-0.17214724,-0.5869423,-0.51278603,-0.58123773,0.35581088,-0.46824285,0.0026900587,0.037894737,-0.30644754","-0.46560872,-0.5036894,-0.96716905","-0.2166095,-0.6561971,-0.61668956,-0.3719662,0.30855125,-0.60033756,0.0026900587,0.037894737,-0.30644754",0.0
"-0.2166095,-0.6561971,-0.61668956,-0.3719662,0.30855125,-0.60033756,0.0026900587,0.037894737,-0.30644754","-0.26808268,-0.32715905,-0.9763394","-0.24220943,-0.7011798,-0.72157836,-0.2114582,0.2093478,-0.6095091,0.0026900587,0.037894737,-0.30644754",0.0
"-0.24220943,-0.7011798,-0.72157836,-0.2114582,0.2093478,-0.6095091,0.0026900587,0.037894737,-0.30644754","-0.79005736,-0.23946005,-0.9853394","-0.3176542,-0.7341044,-0.8274339,-0.074041344,0.12547357,-0.53605926,0.0026900587,0.037894737,-0.30644754",0.0
"-0.3176542,-0.7341044,-0.8274339,-0.074041344,0.12547357,-0.53605926,0.0026900587,0.037894737,-0.30644754","-0.9018901,-0.008683622,-0.97682816","-0.40377814,-0.7352984,-0.93237513,-0.011185333,0.055315845,-0.40663233,0.0026900587,0.037894737,-0.30644754",0.0
"-0.40377814,-0.7352984,-0.93237513,-0.011185333,0.055315845,-0.40663233,0.0026900587,0.037894737,-0.30644754","-0.88405776,0.015764475,-0.90728796","-0.48819923,-0.73313093,-1.0,0.005067652,0.01957291,-0.30986354,0.0026900587,0.037894737,-0.30644754",0.0
"-0.48819923,-0.73313093,-1.0,0.005067652,0.01957291,-0.30986354,0.0026900587,0.037894737,-0.30644754","-0.7521274,0.8366207,-0.8988036","-0.56002194,-0.6180999,-1.0,0.017195834,0.05922247,-0.29847223,0.0026900587,0.037894737,-0.30644754",0.0
"-0.56002194,-0.6180999,-1.0,0.017195834,0.05922247,-0.29847223,0.0026900587,0.037894737,-0.30644754","0.60606885,0.0148996115,-0.8482296","-0.5021468,-0.6160514,-1.0,0.0062085683,0.062076632,-0.29816365,0.0026900587,0.037894737,-0.30644754",0.0
"-0.5021468,-0.6160514,-1.0,0.0062085683,0.062076632,-0.29816365,0.0026900587,0.037894737,-0.30644754","-0.46047866,0.078027844,-0.72288406","-0.54611915,-0.60532296,-1.0,0.015239978,0.06434671,-0.29648888,0.0026900587,0.037894737,-0.30644754",0.0
"-0.54611915,-0.60532296,-1.0,0.015239978,0.06434671,-0.29648888,0.0026900587,0.037894737,-0.30644754","0.604455,-0.033859193,-0.7326895","-0.4883981,-0.60997844,-1.0,0.0034446933,0.06441576,-0.29722762,0.0026900587,0.037894737,-0.30644754",0.0
"-0.4883981,-0.60997844,-1.0,0.0034446933,0.06441576,-0.29722762,0.0026900587,0.037894737,-0.30644754","-0.43752563,-0.48703068,-0.61734104","-0.5301786,-0.6769427,-1.0,0.009570964,0.039488897,-0.30577484,0.0026900587,0.037894737,-0.30644754",0.0
"0.0,0.0,0.0,2.8652207e-07,0.005789075,0.993462,-0.0031578948,0.0053216373,-0.7596475","-0.9992632,-0.99940413,-0.9488363","-0.095422395,-0.13741292,-0.10193408,-0.40130424,0.13009994,0.87602836,-0.0031578948,0.0053216373,-0.7596475",0.0
"-0.095422395,-0.13741292,-0.10193408,-0.40130424,0.13009994,0.87602836,-0.0031578948,0.0053216373,-0.7596475","-0.9999248,-0.97731626,-0.91856325","-0.19090796,-0.2717889,-0.2006159,-0.60197306,0.41862977,0.5668405,-0.0031578948,0.0053216373,-0.7596475",0.0
"-0.19090796,-0.2717889,-0.2006159,-0.60197306,0.41862977,0.5668405,-0.0031578948,0.0053216373,-0.7596475","-0.9994195,0.65820956,-0.46576595","-0.28634527,-0.1812885,-0.25065345,-0.39038756,0.5008363,0.6476125,-0.0031578948,0.0053216373,-0.7596475",0.0
"-0.28634527,-0.1812885,-0.25065345,-0.39038756,0.5008363,0.6476125,-0.0031578948,0.0053216373,-0.7596475","-0.9980437,-0.79637897,-0.9374643","-0.3816512,-0.29078653,-0.35136583,-0.2824821,0.7403663,0.30190116,-0.0031578948,0.0053216373,-0.7596475",0.0
"-0.3816512,-0.29078653,-0.35136583,-0.2824821,0.7403663,0.30190116,-0.0031578948,0.0053216373,-0.7596475","-0.83404267,-0.50839853,0.20183563","-0.4612962,-0.36068875,-0.3296825,-0.096778825,0.839761,0.19580686,-0.0031578948,0.0053216373,-0.7596475",0.0
"-0.4612962,-0.36068875,-0.3296825,-0.096778825,0.839761,0.19580686,-0.0031578948,0.0053216373,-0.7596475","0.2745682,-0.9943068,-0.7774482","-0.43507695,-0.49740082,-0.41320425,-0.16233695,0.8134453,-0.2065544,-0.0031578948,0.0053216373,-0.7596475",0.0
"-0.43507695,-0.49740082,-0.41320425,-0.16233695,0.8134453,-0.2065544,-0.0031578948,0.0053216373,-0.7596475","0.91716576,-0.9838031,-0.5263818","-0.34749427,-0.63266873,-0.4697537,-0.31867427,0.62601036,-0.516907,-0.0031578948,0.0053216373,-0.7596475",0.0
"-0.34749427,-0.63266873,-0.4697537,-0.31867427,0.62601036,-0.516907,-0.0031578948,0.0053216373,-0.7596475","0.8811312,-0.7639449,-0.30435616","-0.26335266,-0.73770726,-0.5024508,-0.3734427,0.4147208,-0.6937403,-0.0031578948,0.0053216373,-0.7596475",0.0
"-0.26335266,-0.73770726,-0.5024508,-0.3734427,0.4147208,-0.6937403,-0.0031578948,0.0053216373,-0.7596475","-0.2254504,-0.9994277,-0.7275952","-0.28488153,-0.8751235,-0.5806168,-0.16835412,0.2192367,-0.8186591,-0.0031578948,0.0053216373,-0.7596475",0.0
"-0.28488153,-0.8751235,-0.5806168,-0.16835412,0.2192367,-0.8186591,-0.0031578948,0.0053216373,-0.7596475","-0.050227165,-0.9796019,-0.84130996","-0.2896807,-0.9999811,-0.67100865,-0.00078959164,0.010449918,-0.77619857,-0.0031578948,0.0053216373,-0.7596475",0.0
"0.0,0.0,0.0,2.8652207e-07,0.005789075,0.993462,-0.004385965,0.004385965,-0.7596475","-0.99961996,-0.9838018,-0.9408773","-0.09545646,-0.13526769,-0.10107904,-0.3963549,0.12861691,0.8789547,-0.004385965,0.004385965,-0.7596475",0.0
"-0.09545646,-0.13526769,-0.10107904,-0.3963549,0.12861691,0.8789547,-0.004385965,0.004385965,-0.7596475","-0.9998261,-0.06312072,-0.93367714","-0.1909326,-0.14394647,-0.20138457,-0.43990174,0.3078592,0.7651422,-0.004385965,0.004385965,-0.7596475",0.0
"-0.1909326,-0.14394647,-0.20138457,-0.43990174,0.3078592,0.7651422,-0.004385965,0.004385965,-0.7596475","-0.999783,-0.77903295,-0.8506222","-0.2864046,-0.25105953,-0.29276747,-0.45984307,0.5885104,0.46768695,-0.004385965,0.004385965,-0.7596475",0.0
"-0.2864046,-0.25105953,-0.29276747,-0.45984307,0.5885104,0.46768695,-0.004385965,0.004385965,-0.7596475","-0.99660045,-0.8913144,-0.97157586","-0.38157272,-0.37361068,-0.39714447,-0.295883,0.7741715,0.06740498,-0.004385965,0.004385965,-0.7596475",0.0
"-0.38157272,-0.37361068,-0.39714447,-0.295883,0.7741715,0.06740498,-0.004385965,0.004385965,-0.7596475","-0.25039113,-0.74999404,-0.6729717","-0.40548325,-0.47673106,-0.46944225,-0.22313593,0.74904704,-0.23162973,-0.004385965,0.004385965,-0.7596475",0.0
"-0.40548325,-0.47673106,-0.46944225,-0.22313593,0.74904704,-0.23162973,-0.004385965,0.004385965,-0.7596475","0.9350467,-0.5970844,-0.62897456","-0.31619307,-0.5588271,-0.53701335,-0.3603687,0.5637241,-0.43754455,-0.004385965,0.004385965,-0.7596475",0.0
"-0.31619307,-0.5588271,-0.53701335,-0.3603687,0.5637241,-0.43754455,-0.004385965,0.004385965,-0.7596475","0.7634071,-0.09444177,-0.5254341","-0.24329324,-0.57181245,-0.593461,-0.4188715,0.40960392,-0.48592013,-0.004385965,0.004385965,-0.7596475",0.0
"-0.24329324,-0.57181245,-0.593461,-0.4188715,0.40960392,-0.48592013,-0.004385965,0.004385965,-0.7596475","-0.94747055,-0.93986523,0.7983093","-0.3337698,-0.70103914,-0.50769806,-0.28940314,0.514462,-0.6436777,-0.004385965,0.004385965,-0.7596475",0.0
"-0.3337698,-0.70103914,-0.50769806,-0.28940314,0.514462,-0.6436777,-0.004385965,0.004385965,-0.7596475","0.7634244,-0.7469166,-0.23650527","-0.2608683,-0.8037363,-0.53310597,-0.29309505,0.32230917,-0.7745746,-0.004385965,0.004385965,-0.7596475",0.0
"-0.2608683,-0.8037363,-0.53310597,-0.29309505,0.32230917,-0.7745746,-0.004385965,0.004385965,-0.7596475","-0.062960744,0.29627323,-0.7132503","-0.2668806,-0.76300037,-0.60973084,-0.24976963,0.28643245,-0.7145957,-0.004385965,0.004385965,-0.7596475",0.0
"-0.2668806,-0.76300037,-0.60973084,-0.24976963,0.28643245,-0.7145957,-0.004385965,0.004385965,-0.7596475","-0.11830795,-0.9361314,-0.16891843","-0.27817816,-0.8917137,-0.6278778,-0.12094504,0.15352657,-0.7945967,-0.004385965,0.004385965,-0.7596475",0.0
"-0.27817816,-0.8917137,-0.6278778,-0.12094504,0.15352657,-0.7945967,-0.004385965,0.004385965,-0.7596475","0.79475975,-0.935246,-0.81034833","-0.20228724,-0.999981,-0.7149414,0.024075545,-0.010563424,-0.71945703,-0.004385965,0.004385965,-0.7596475",0.0
"-0.20228724,-0.999981,-0.7149414,0.024075545,-0.010563424,-0.71945703,-0.004385965,0.004385965,-0.7596475","-0.1544658,-0.36955094,-0.30272245","-0.21704052,-0.99998087,-0.747469,0.040107727,-0.025099812,-0.6746382,-0.004385965,0.004385965,-0.7596475",0.0
"-0.21704052,-0.99998087,-0.747469,0.040107727,-0.025099812,-0.6746382,-0.004385965,0.004385965,-0.7596475","-0.49609613,-0.019204378,0.43445182","-0.26441696,-0.999981,-0.7008036,0.014570264,-0.0073684063,-0.7382227,-0.004385965,0.004385965,-0.7596475",0.0
"-0.26441696,-0.999981,-0.7008036,0.014570264,-0.0073684063,-0.7382227,-0.004385965,0.004385965,-0.7596475","0.45098042,-0.99996525,0.13056743","-0.22135444,-0.9999811,-0.6867852,0.007032429,0.0016722371,-0.7563651,-0.004385965,0.004385965,-0.7596475",0.0
"0.0,0.0,0.0,2.8652207e-07,0.005789075,0.993462,-0.56222224,0.6192982,0.33098742","-0.8920313,-0.9995951,-0.95368177","-0.085182525,-0.13743919,-0.10245463,-0.40591446,0.117298886,0.8755527,-0.56222224,0.6192982,0.33098742",0.0
"-0.085182525,-0.13743919,-0.10245463,-0.40591446,0.117298886,0.8755527,-0.56222224,0.6192982,0.33098742","-0.90316576,-0.9977282,-0.9434965","-0.1714283,-0.2746217,-0.20381506,-0.63120484,0.3838713,0.557175,-0.56222224,0.6192982,0.33098742",0.0
"-0.1714283,-0.2746217,-0.20381506,-0.63120484,0.3838713,0.557175,-0.56222224,0.6192982,0.33098742","-0.8836535,-0.7539258,-0.8703214","-0.2558108,-0.37828264,-0.29731423,-0.5936473,0.62407035,0.20938922,-0.56222224,0.6192982,0.33098742",0.0
"-0.2558108,-0.37828264,-0.29731423,-0.5936473,0.62407035,0.20938922,-0.56222224,0.6192982,0.33098742","0.04910767,0.4822526,0.26829565","-0.25112137,-0.31197542,-0.26849106,-0.5638586,0.57606375,0.38954735,-0.56222224,0.6192982,0.33098742",0.0
"-0.25112137,-0.31197542,-0.26849106,-0.5638586,0.57606375,0.38954735,-0.56222224,0.6192982,0.33098742","-0.12188172,-0.21217036,-0.19738752","-0.2627602,-0.34114778,-0.2896965,-0.56184405,0.6173354,0.29813924,-0.56222224,0.6192982,0.33098742",0.0
"-0.2627602,-0.34114778,-0.2896965,-0.56184405,0.6173354,0.29813924,-0.56222224,0.6192982,0.33098742","0.039676428,0.034440517,0.04807031","-0.2589714,-0.3364124,-0.2845323,-0.5663066,0.6075937,0.31581458,-0.56222224,0.6192982,0.33098742",0.0
"-0.2589714,-0.3364124,-0.2845323,-0.5663066,0.6075937,0.31581458,-0.56222224,0.6192982,0.33098742","-0.038007975,0.13364673,0.04666412","-0.26260087,-0.31803668,-0.27951914,-0.54791206,0.6016384,0.36047903,-0.56222224,0.6192982,0.33098742",0.0
"-0.26260087,-0.31803668,-0.27951914,-0.54791206,0.6016384,0.36047903,-0.56222224,0.6192982,0.33098742","0.0081346035,-0.21936989,-0.106395006","-0.26182407,-0.34819895,-0.29094923,-0.56748617,0.61980486,0.2817786,-0.56222224,0.6192982,0.33098742",0.0
"-0.26182407,-0.34819895,-0.29094923,-0.56748617,0.61980486,0.2817786,-0.56222224,0.6192982,0.33098742","0.061470747,0.13896787,0.13559663","-0.25595406,-0.3290916,-0.276382,-0.56711864,0.59708893,0.34328192,-0.56222224,0.6192982,0.33098742",0.0
"-0.25595406,-0.3290916,-0.276382,-0.56711864,0.59708893,0.34328192,-0.56222224,0.6192982,0.33098742","-0.0062584877,-0.21280289,-0.19719827","-0.2565517,-0.35835093,-0.29756713,-0.58280504,0.6156674,0.25054803,-0.56222224,0.6192982,0.33098742",0.0
"-0.2565517,-0.35835093,-0.29756713,-0.58280504,0.6156674,0.25054803,-0.56222224,0.6192982,0.33098742","0.024661422,0.18617868,0.1999439","-0.2541967,-0.33275235,-0.27608702,-0.57266647,0.5962692,0.33637348,-0.56222224,0.6192982,0.33098742",0.0
"-0.2541967,-0.33275235,-0.27608702,-0.57266647,0.5962692,0.33637348,-0.56222224,0.6192982,0.33098742","-0.14486122,-0.10738498,0.015724063","-0.2680299,-0.34751725,-0.2743978,-0.5545835,0.6299533,0.3090024,-0.56222224,0.6192982,0.33098742",0.0
"-0.2680299,-0.34751725,-0.2743978,-0.5545835,0.6299533,0.3090024,-0.56222224,0.6192982,0.33098742","0.04401362,0.14118516,-0.1409939","-0.2638269,-0.32810506,-0.28954482,-0.55238086,0.61115175,0.32476023,-0.56222224,0.6192982,0.33098742",0.0
"0.0,0.0,0.0,2.8652207e-07,0.005789075,0.993462,0.08520468,-0.17976607,0.15400933","-0.65389514,0.9266372,-0.9811218","-0.062442224,0.12740786,-0.10540257,0.12611938,-0.01916064,0.97217834,0.08520468,-0.17976607,0.15400933",0.0
"-0.062442224,0.12740786,-0.10540257,0.12611938,-0.01916064,0.97217834,0.08520468,-0.17976607,0.15400933","-0.8585707,0.9169431,-0.94917816","-0.14442949,0.25348285,-0.20737343,0.22416215,-0.10287758,0.91091114,0.08520468,-0.17976607,0.15400933",0.0
"-0.14442949,0.25348285,-0.20737343,0.22416215,-0.10287758,0.91091114,0.08520468,-0.17976607,0.15400933","-0.6366856,0.6683583,-0.9980776","-0.20522834,0.34537876,-0.3145976,0.22393122,-0.16114098,0.83952725,0.08520468,-0.17976607,0.15400933",0.0
"-0.20522834,0.34537876,-0.3145976,0.22393122,-0.16114098,0.83952725,0.08520468,-0.17976607,0.15400933","-0.35192603,0.7935369,-0.98244685","-0.23883472,0.45448604,-0.42014253,0.24040578,-0.21619186,0.7341868,0.08520468,-0.17976607,0.15400933",0.0
"-0.23883472,0.45448604,-0.42014253,0.24040578,-0.21619186,0.7341868,0.08520468,-0.17976607,0.15400933","-0.72308093,0.7710892,-0.9802671","-0.3078837,0.5605068,-0.52545327,0.19977917,-0.27960375,0.61271596,0.08520468,-0.17976607,0.15400933",0.0
"-0.3078837,0.5605068,-0.52545327,0.19977917,-0.27960375,0.61271596,0.08520468,-0.17976607,0.15400933","-0.50757223,0.78685236,-0.8866023","-0.35635316,0.66869503,-0.62070155,0.16030993,-0.31751218,0.48174182,0.08520468,-0.17976607,0.15400933",0.0
"-0.35635316,0.66869503,-0.62070155,0.16030993,-0.31751218,0.48174182,0.08520468,-0.17976607,0.15400933","-0.1670286,0.7714647,-0.97331744","-0.3723032,0.7747676,-0.7252656,0.13275188,-0.2981413,0.34402156,0.08520468,-0.17976607,0.15400933",0.0
"-0.3723032,0.7747676,-0.7252656,0.13275188,-0.2981413,0.34402156,0.08520468,-0.17976607,0.15400933","0.092876434,0.85383785,-0.89141977","-0.36343417,0.8921659,-0.82103145,0.12591909,-0.26134622,0.20510325,0.08520468,-0.17976607,0.15400933",0.0
"-0.36343417,0.8921659,-0.82103145,0.12591909,-0.26134622,0.20510325,0.08520468,-0.17976607,0.15400933","-0.05522394,0.65204144,-0.5447694","-0.36870766,0.98181826,-0.8795564,0.11002841,-0.23701413,0.11491671,0.08520468,-0.17976607,0.15400933",0.0
"-0.36870766,0.98181826,-0.8795564,0.11002841,-0.23701413,0.11491671,0.08520468,-0.17976607,0.15400933","-0.13774729,-0.4670943,-0.22965193","-0.3818615,0.9175953,-0.90422803,0.07763235,-0.18351568,0.13535589,0.08520468,-0.17976607,0.15400933",0.0
"-0.3818615,0.9175953,-0.90422803,0.07763235,-0.18351568,0.13535589,0.08520468,-0.17976607,0.15400933","0.16518867,-0.22816062,0.15112674","-0.3660872,0.88622445,-0.88799244,0.08790794,-0.18230659,0.16364005,0.08520468,-0.17976607,0.15400933",0.0
"0.0,0.0,0.0,2.8652207e-07,0.005789075,0.993462,0.050935674,-0.046783626,-0.61392003","-0.97194034,-0.9987095,-0.91536474","-0.09281326,-0.13731742,-0.09833821,-0.39815557,0.12554508,0.87919915,0.050935674,-0.046783626,-0.61392003",0.0
"-0.09281326,-0.13731742,-0.09833821,-0.39815557,0.12554508,0.87919915,0.050935674,-0.046783626,-0.61392003","-0.9500602,-0.9957017,-0.7153239","-0.18353711,-0.2742213,-0.17518589,-0.601337,0.39796677,0.5982548,0.050935674,-0.046783626,-0.61392003",0.0
"-0.18353711,-0.2742213,-0.17518589,-0.601337,0.39796677,0.5982548,0.050935674,-0.046783626,-0.61392003","-0.71863663,-0.9070189,-0.94543827","-0.2521617,-0.39893177,-0.27675492,-0.61144644,0.62805396,0.19761227,0.050935674,-0.046783626,-0.61392003",0.0
"-0.2521617,-0.39893177,-0.27675492,-0.61144644,0.62805396,0.19761227,0.050935674,-0.046783626,-0.61392003","-0.68166655,-0.9652835,-0.94773793","-0.3172559,-0.53165334,-0.37857097,-0.45794284,0.7187001,-0.23403104,0.050935674,-0.046783626,-0.61392003",0.0
"-0.3172559,-0.53165334,-0.37857097,-0.45794284,0.7187001,-0.23403104,0.050935674,-0.046783626,-0.61392003","0.95873845,-0.82982826,-0.7918619","-0.22570334,-0.64575046,-0.46364114,-0.5272953,0.4600012,-0.53518385,0.050935674,-0.046783626,-0.61392003",0.0
"-0.22570334,-0.64575046,-0.46364114,-0.5272953,0.4600012,-0.53518385,0.050935674,-0.046783626,-0.61392003","-0.21151769,-0.7975284,-0.663505","-0.24590173,-0.75540656,-0.5349219,-0.34864348,0.34786502,-0.7196746,0.050935674,-0.046783626,-0.61392003",0.0
"-0.24590173,-0.75540656,-0.5349219,-0.34864348,0.34786502,-0.7196746,0.050935674,-0.046783626,-0.61392003","0.059753656,-0.92075723,-0.9919746","-0.24019569,-0.882006,-0.6414903,-0.1359017,0.13572483,-0.7786191,0.050935674,-0.046783626,-0.61392003",0.0
"-0.24019569,-0.882006,-0.6414903,-0.1359017,0.13572483,-0.7786191,0.050935674,-0.046783626,-0.61392003","0.0146330595,-0.96933377,-0.815894","-0.23880123,-0.999981,-0.729149,0.029845467,-0.019901698,-0.7001486,0.050935674,-0.046783626,-0.61392003",0.0
"-0.23880123,-0.999981,-0.729149,0.029845467,-0.019901698,-0.7001486,0.050935674,-0.046783626,-0.61392003","-0.31971598,-0.27075797,-0.69312245","-0.26933464,-0.9999807,-0.8036152,0.053984154,-0.052241728,-0.5928476,0.050935674,-0.046783626,-0.61392003",0.0
"-0.26933464,-0.9999807,-0.8036152,0.053984154,-0.052241728,-0.5928476,0.050935674,-0.046783626,-0.61392003","0.48878717,-0.9564982,-0.32606995","-0.22266188,-0.99998057,-0.8386474,0.06984036,-0.051201236,-0.5397171,0.050935674,-0.046783626,-0.61392003",0.0
"-0.22266188,-0.99998057,-0.8386474,0.06984036,-0.051201236,-0.5397171,0.050935674,-0.046783626,-0.61392003","-0.6271642,-0.9658746,-0.40948236","-0.2825543,-0.99998033,-0.88263917,0.06394477,-0.06939947,-0.47164172,0.050935674,-0.046783626,-0.61392003",0.0
"-0.2825543,-0.99998033,-0.88263917,0.06394477,-0.06939947,-0.47164172,0.050935674,-0.046783626,-0.61392003","0.2697742,-0.99229693,0.57288647","-0.25679567,-0.9999807,-0.8210966,0.060374793,-0.054641366,-0.5664848,0.050935674,-0.046783626,-0.61392003",0.0
"-0.25679567,-0.9999807,-0.8210966,0.060374793,-0.054641366,-0.5664848,0.050935674,-0.046783626,-0.61392003","-0.12274188,-0.99994373,0.24048471","-0.26851952,-0.9999807,-0.7952651,0.051843666,-0.04954799,-0.60529494,0.050935674,-0.046783626,-0.61392003",0.0
"0.0,0.0,0.0,2.8652207e-07,0.005789075,0.993462,0.0055555557,0.002748538,-0.7596475","-0.9993495,-0.9963026,-0.9926084","-0.09543063,-0.13698648,-0.106636554,-0.40572256,0.13147719,0.8723821,0.0055555557,0.002748538,-0.7596475",0.0
"-0.09543063,-0.13698648,-0.106636554,-0.40572256,0.13147719,0.8723821,0.0055555557,0.002748538,-0.7596475","-0.9995858,-0.9652752,-0.81393015","-0.19088382,-0.26970688,-0.19407757,-0.5965511,0.4148558,0.57982874,0.0055555557,0.002748538,-0.7596475",0.0
"-0.19088382,-0.26970688,-0.19407757,-0.5965511,0.4148558,0.57982874,0.0055555557,0.002748538,-0.7596475","-0.9993231,-0.6518091,-0.9680916","-0.28631192,-0.35932732,-0.29808027,-0.52319705,0.6679116,0.24772778,0.0055555557,0.002748538,-0.7596475",0.0
"-0.28631192,-0.35932732,-0.29808027,-0.52319705,0.6679116,0.24772778,0.0055555557,0.002748538,-0.7596475","-0.9936351,-0.72641987,-0.9840867","-0.38119686,-0.4592063,-0.4038013,-0.300998,0.7845498,-0.11671557,0.0055555557,0.002748538,-0.7596475",0.0
"-0.38119686,-0.4592063,-0.4038013,-0.300998,0.7845498,-0.11671557,0.0055555557,0.002748538,-0.7596475","0.6503154,-0.98877156,-0.6712121","-0.31909648,-0.5951574,-0.47591,-0.38360983,0.6114566,-0.45616695,0.0055555557,0.002748538,-0.7596475",0.0
"-0.31909648,-0.5951574,-0.47591,-0.38360983,0.6114566,-0.45616695,0.0055555557,0.002748538,-0.7596475","0.56545484,0.6144439,-0.3345443","-0.26509964,-0.51067454,-0.5118503,-0.48350775,0.5403097,-0.33638722,0.0055555557,0.002748538,-0.7596475",0.0
"-0.26509964,-0.51067454,-0.5118503,-0.48350775,0.5403097,-0.33638722,0.0055555557,0.002748538,-0.7596475","-0.8956381,-0.7995576,0.6123885","-0.3506266,-0.62060964,-0.44606096,-0.3296976,0.6630351,-0.47809735,0.0055555557,0.002748538,-0.7596475",0.0
"-0.3506266,-0.62060964,-0.44606096,-0.3296976,0.6630351,-0.47809735,0.0055555557,0.002748538,-0.7596475","0.9110906,-0.91138947,0.31247294","-0.26362407,-0.7459211,-0.41249177,-0.44913915,0.49789473,-0.6720029,0.0055555557,0.002748538,-0.7596475",0.0
"-0.26362407,-0.7459211,-0.41249177,-0.44913915,0.49789473,-0.6720029,0.0055555557,0.002748538,-0.7596475","-0.08073938,-0.50595623,-0.69720495","-0.27133408,-0.81548756,-0.4873929,-0.31423452,0.368253,-0.7913043,0.0055555557,0.002748538,-0.7596475",0.0
"-0.27133408,-0.81548756,-0.4873929,-0.31423452,0.368253,-0.7913043,0.0055555557,0.002748538,-0.7596475","-0.19467944,-0.9954889,-0.8718408","-0.28992456,-0.95236206,-0.58105516,-0.097688496,0.1353215,-0.86019164,0.0055555557,0.002748538,-0.7596475",0.0
"-0.28992456,-0.95236206,-0.58105516,-0.097688496,0.1353215,-0.86019164,0.0055555557,0.002748538,-0.7596475","0.7185614,-0.90189314,-0.9819491","-0.22131,-0.9999811,-0.68655527,0.006888293,0.0017933808,-0.75666314,0.0055555557,0.002748538,-0.7596475",0.0
"0.0,0.0,0.0,2.8652207e-07,0.005789075,0.993462,0.037543863,-0.0057894737,-0.30644754","-0.9868465,-0.9931135,-0.99142563","-0.09423669,-0.136548,-0.10650948,-0.4052615,0.12966424,0.8729493,0.037543863,-0.0057894737,-0.30644754",0.0
"-0.09423669,-0.136548,-0.10650948,-0.4052615,0.12966424,0.8729493,0.037543863,-0.0057894737,-0.30644754","-0.9943532,-0.93454105,-0.9418935","-0.1891902,-0.2650426,-0.20769767,-0.6000453,0.4125515,0.5687496,0.037543863,-0.0057894737,-0.30644754",0.0
"-0.1891902,-0.2650426,-0.20769767,-0.6000453,0.4125515,0.5687496,0.037543863,-0.0057894737,-0.30644754","-0.92391485,-0.7885084,-0.9976829","-0.27741736,-0.37345847,-0.3148794,-0.5463798,0.6586514,0.192224,0.037543863,-0.0057894737,-0.30644754",0.0
"-0.27741736,-0.37345847,-0.3148794,-0.5463798,0.6586514,0.192224,0.037543863,-0.0057894737,-0.30644754","-0.997761,-0.9378182,-0.9951978","-0.37269628,-0.5024037,-0.4217941,-0.31429282,0.7583791,-0.22700164,0.037543863,-0.0057894737,-0.30644754",0.0
"-0.37269628,-0.5024037,-0.4217941,-0.31429282,0.7583791,-0.22700164,0.037543863,-0.0057894737,-0.30644754","-0.99328774,-0.58887935,-0.9875622","-0.46754804,-0.5833716,-0.5278885,-0.061877877,0.6617421,-0.47181594,0.037543863,-0.0057894737,-0.30644754",0.0
"-0.46754804,-0.5833716,-0.5278885,-0.061877877,0.6617421,-0.47181594,0.037543863,-0.0057894737,-0.30644754","-0.9892266,-0.89367664,-0.9931421","-0.562012,-0.70624757,-0.63458234,0.08478731,0.39978012,-0.6522699,0.037543863,-0.0057894737,-0.30644754",0.0
"-0.562012,-0.70624757,-0.63458234,0.08478731,0.39978012,-0.6522699,0.037543863,-0.0057894737,-0.30644754","-0.7878995,-0.6187471,-0.94857705","-0.63725066,-0.7913222,-0.73648846,0.08421665,0.16920227,-0.6514895,0.037543863,-0.0057894737,-0.30644754",0.0
"-0.63725066,-0.7913222,-0.73648846,0.08421665,0.16920227,-0.6514895,0.037543863,-0.0057894737,-0.30644754","-0.9387511,0.2784022,-0.976357","-0.72689456,-0.75304335,-0.8413789,0.08081863,0.08463968,-0.52634096,0.037543863,-0.0057894737,-0.30644754",0.0
"-0.72689456,-0.75304335,-0.8413789,0.08081863,0.08463968,-0.52634096,0.037543863,-0.0057894737,-0.30644754","-0.94058913,0.09067035,-0.9271884","-0.816714,-0.74057674,-0.94098735,0.04307614,0.02106186,-0.39541733,0.037543863,-0.0057894737,-0.30644754",0.0
"-0.816714,-0.74057674,-0.94098735,0.04307614,0.02106186,-0.39541733,0.037543863,-0.0057894737,-0.30644754","-0.96735907,0.44795918,-0.6982413","-0.90908974,-0.6789847,-1.0,0.03950116,0.0055644247,-0.3059732,0.037543863,-0.0057894737,-0.30644754",0.0
"0.0,0.0,0.0,2.8652207e-07,0.005789075,0.993462,0.069181286,-0.7650292,0.32791466","0.97234726,-0.99007523,-0.93604976","0.0928521,-0.13613026,-0.10056041,-0.4017496,-0.114588656,0.87851924,0.069181286,-0.7650292,0.32791466",0.0
"0.0928521,-0.13613026,-0.10056041,-0.4017496,-0.114588656,0.87851924,0.069181286,-0.7650292,0.32791466","0.7418512,-0.8570985,-0.85724676","0.1636935,-0.2539769,-0.19265495,-0.6156524,-0.3411721,0.609265,0.069181286,-0.7650292,0.32791466",0.0
"0.1636935,-0.2539769,-0.19265495,-0.6156524,-0.3411721,0.609265,0.069181286,-0.7650292,0.32791466","0.9941666,-0.17909443,-0.9826178","0.2586292,-0.27860153,-0.29821822,-0.53921455,-0.56085557,0.40805784,0.069181286,-0.7650292,0.32791466",0.0
"0.2586292,-0.27860153,-0.29821822,-0.53921455,-0.56085557,0.40805784,0.069181286,-0.7650292,0.32791466","0.8895254,0.53075266,-0.2171641","0.34357244,-0.20562579,-0.3215483,-0.33628538,-0.6160381,0.50409245,0.069181286,-0.7650292,0.32791466",0.0
"0.34357244,-0.20562579,-0.3215483,-0.33628538,-0.6160381,0.50409245,0.069181286,-0.7650292,0.32791466","0.9041891,-0.47759014,-0.92416716","0.4299159,-0.271292,-0.42083216,-0.1729677,-0.7463575,0.23146059,0.069181286,-0.7650292,0.32791466",0.0
"0.4299159,-0.271292,-0.42083216,-0.1729677,-0.7463575,0.23146059,0.069181286,-0.7650292,0.32791466","0.23476493,0.6401813,0.43555593","0.45233425,-0.18327038,-0.37404016,-0.10842076,-0.67981905,0.4613717,0.069181286,-0.7650292,0.32791466",0.0
"0.45233425,-0.18327038,-0.37404016,-0.10842076,-0.67981905,0.4613717,0.069181286,-0.7650292,0.32791466","0.4523028,-0.56571877,-0.39758778","0.49552587,-0.2610538,-0.41675323,-0.016466869,-0.7597408,0.2567821,0.069181286,-0.7650292,0.32791466",0.0
"0.49552587,-0.2610538,-0.41675323,-0.016466869,-0.7597408,0.2567821,0.069181286,-0.7650292,0.32791466","0.24955153,0.08797979,0.21216702","0.51935625,-0.24895707,-0.39396003,0.040052507,-0.7530589,0.31445086,0.069181286,-0.7650292,0.32791466",0.0
"0.51935625,-0.24895707,-0.39396003,0.040052507,-0.7530589,0.31445086,0.069181286,-0.7650292,0.32791466","0.16743231,-0.21652567,-0.099594","0.5353448,-0.27872825,-0.40465948,0.080166906,-0.77121574,0.24230722,0.069181286,-0.7650292,0.32791466",0.0
"0.5353448,-0.27872825,-0.40465948,0.080166906,-0.77121574,0.24230722,0.069181286,-0.7650292,0.32791466","0.03255093,0.03690231,0.26110172","0.53845316,-0.2736544,-0.37660915,0.08780942,-0.7713501,0.29535514,0.069181286,-0.7650292,0.32791466",0.0
"0.53845316,-0.2736544,-0.37660915,0.08780942,-0.7713501,0.29535514,0.069181286,-0.7650292,0.32791466","-0.008496642,0.0065926313,-0.016894042","0.53764176,-0.27274796,-0.37842408,0.0857331,-0.7706466,0.2942467,0.069181286,-0.7650292,0.32791466",0.0
"0.53764176,-0.27274796,-0.37842408,0.0857331,-0.7706466,0.2942467,0.069181286,-0.7650292,0.32791466","-0.064163506,0.0325768,0.10066247","0.53151464,-0.26826888,-0.36760986,0.0706081,-0.76937497,0.3195518,0.069181286,-0.7650292,0.32791466",0.0
"0.0,0.0,0.0,2.8652207e-07,0.005789075,0.993462,0.04649123,0.059064325,-0.29193363","-0.98479354,-0.901081,-0.9917843","-0.09404064,-0.12389401,-0.106548004,-0.38182068,0.1222562,0.88567007,0.04649123,0.059064325,-0.29193363",0.0
"-0.09404064,-0.12389401,-0.106548004,-0.38182068,0.1222562,0.88567007,0.04649123,0.059064325,-0.29193363","-0.9969367,-0.6223707,-0.97077596","-0.18924086,-0.2094668,-0.21083908,-0.5358319,0.36927527,0.65794605,0.04649123,0.059064325,-0.29193363",0.0
"-0.18924086,-0.2094668,-0.21083908,-0.5358319,0.36927527,0.65794605,0.04649123,0.059064325,-0.29193363","-0.6902392,0.055233717,-0.968562","-0.2551537,-0.20187245,-0.31489232,-0.47927177,0.50337315,0.52058464,0.04649123,0.059064325,-0.29193363",0.0
"-0.2551537,-0.20187245,-0.31489232,-0.47927177,0.50337315,0.52058464,0.04649123,0.059064325,-0.29193363","-0.9999158,-0.5175295,-0.97009254","-0.3506384,-0.2730301,-0.41910994,-0.3420215,0.6874028,0.23084594,0.04649123,0.059064325,-0.29193363",0.0
"-0.3506384,-0.2730301,-0.41910994,-0.3420215,0.6874028,0.23084594,0.04649123,0.059064325,-0.29193363","-0.973473,-0.7764305,-0.9809539","-0.443598,-0.37978536,-0.5244944,-0.12460835,0.7287213,-0.11421977,0.04649123,0.059064325,-0.29193363",0.0
"-0.443598,-0.37978536,-0.5244944,-0.12460835,0.7287213,-0.11421977,0.04649123,0.059064325,-0.29193363","-0.63028646,-0.8040933,-0.65591025","-0.5037858,-0.4903441,-0.59495926,0.013318626,0.632765,-0.36525318,0.04649123,0.059064325,-0.29193363",0.0
"-0.5037858,-0.4903441,-0.59495926,0.013318626,0.632765,-0.36525318,0.04649123,0.059064325,-0.29193363","0.13580823,-0.6681434,-0.9539825","-0.49081707,-0.5822104,-0.69744617,-0.006726378,0.43386078,-0.51180875,0.04649123,0.059064325,-0.29193363",0.0
"-0.49081707,-0.5822104,-0.69744617,-0.006726378,0.43386078,-0.51180875,0.04649123,0.059064325,-0.29193363","-0.8385093,-0.018472612,-0.9841908","-0.57088864,-0.5847504,-0.80317837,0.06940767,0.28027132,-0.47707787,0.04649123,0.059064325,-0.29193363",0.0
"-0.57088864,-0.5847504,-0.80317837,0.06940767,0.28027132,-0.47707787,0.04649123,0.059064325,-0.29193363","-0.5647901,0.07199836,-0.9678848","-0.624822,-0.57485104,-0.90715885,0.06979883,0.15362467,-0.3923776,0.04649123,0.059064325,-0.29193363",0.0
"-0.624822,-0.57485104,-0.90715885,0.06979883,0.15362467,-0.3923776,0.04649123,0.059064325,-0.29193363","-0.828912,-0.34811044,-0.8653059","-0.70397705,-0.6227145,-1.0,0.04037299,0.04444865,-0.29915416,0.04649123,0.059064325,-0.29193363",0.0
"0.0,0.0,0.0,2.8652207e-07,0.005789075,0.993462,0.038011696,-0.00046783625,-0.30644754","-0.99963224,-0.9694554,-0.994598","-0.095457636,-0.13329513,-0.10685029,-0.39911878,0.12947321,0.87600476,0.038011696,-0.00046783625,-0.30644754",0.0
"-0.095457636,-0.13329513,-0.10685029,-0.39911878,0.12947321,0.87600476,0.038011696,-0.00046783625,-0.30644754","-0.9999023,-0.9614595,-0.96468735","-0.19094107,-0.2654909,-0.21048723,-0.59953743,0.41705632,0.5639553,0.038011696,-0.00046783625,-0.30644754",0.0
"-0.19094107,-0.2654909,-0.21048723,-0.59953743,0.41705632,0.5639553,0.038011696,-0.00046783625,-0.30644754","-0.9569431,-0.9517609,-0.99474305","-0.28232217,-0.39635313,-0.3173531,-0.5438607,0.67643297,0.140265,0.038011696,-0.00046783625,-0.30644754",0.0
"-0.28232217,-0.39635313,-0.3173531,-0.5438607,0.67643297,0.140265,0.038011696,-0.00046783625,-0.30644754","-0.9683202,-0.8639881,-0.97985005","-0.37478974,-0.5151471,-0.422619,-0.30784225,0.756921,-0.2534313,0.038011696,-0.00046783625,-0.30644754",0.0
"-0.37478974,-0.5151471,-0.422619,-0.30784225,0.756921,-0.2534313,0.038011696,-0.00046783625,-0.30644754","-0.97714967,-0.8480827,-0.9702505","-0.46810046,-0.63175416,-0.52685356,-0.057161067,0.626361,-0.5476733,0.038011696,-0.00046783625,-0.30644754",0.0
"-0.46810046,-0.63175416,-0.52685356,-0.057161067,0.626361,-0.5476733,0.038011696,-0.00046783625,-0.30644754","-0.96534127,-0.272519,-0.990107","-0.56028354,-0.66922414,-0.6332213,0.0899811,0.4386613,-0.6138522,0.038011696,-0.00046783625,-0.30644754",0.0
"-0.56028354,-0.66922414,-0.6332213,0.0899811,0.4386613,-0.6138522,0.038011696,-0.00046783625,-0.30644754","-0.95054203,-0.70722914,-0.9736302","-0.6510534,-0.76646453,-0.7378189,0.102461025,0.1867837,-0.63810164,0.038011696,-0.00046783625,-0.30644754",0.0
"-0.6510534,-0.76646453,-0.7378189,0.102461025,0.1867837,-0.63810164,0.038011696,-0.00046783625,-0.30644754","-0.97795624,-0.038844645,-0.9820595","-0.74444115,-0.7718055,-0.8433221,0.073726885,0.06801252,-0.52898073,0.038011696,-0.00046783625,-0.30644754",0.0
"-0.74444115,-0.7718055,-0.8433221,0.073726885,0.06801252,-0.52898073,0.038011696,-0.00046783625,-0.30644754","-0.9953515,0.27162826,-0.97879785","-0.83949,-0.7344581,-0.94847494,0.04320942,0.017231837,-0.384271,0.038011696,-0.00046783625,-0.30644754",0.0
"-0.83949,-0.7344581,-0.94847494,0.04320942,0.017231837,-0.384271,0.038011696,-0.00046783625,-0.30644754","-0.97236687,-0.13987845,-0.5243788","-0.93234396,-0.7536907,-1.0,0.012613663,-0.0032009045,-0.31064168,0.038011696,-0.00046783625,-0.30644754",0.0
"-0.93234396,-0.7536907,-1.0,0.012613663,-0.0032009045,-0.31064168,0.038011696,-0.00046783625,-0.30644754","-0.5893267,0.6110693,-0.37062156","-0.98862046,-0.66967195,-1.0,0.04305713,-0.004253591,-0.3050379,0.038011696,-0.00046783625,-0.30644754",0.0
"0.0,0.0,0.0,2.8652207e-07,0.005789075,0.993462,0.032046784,-0.058713447,0.060191978","-0.9400972,0.9700099,-0.9995629","-0.08977245,0.1333714,-0.10738372,0.13353078,-0.032663614,0.9702134,0.032046784,-0.058713447,0.060191978",0.0
"-0.08977245,0.1333714,-0.10738372,0.13353078,-0.032663614,0.9702134,0.032046784,-0.058713447,0.060191978","-0.6644982,0.7511704,-0.99714893","-0.1532272,0.23665349,-0.2145081,0.18233351,-0.0887129,0.9195286,0.032046784,-0.058713447,0.060191978",0.0
"-0.1532272,0.23665349,-0.2145081,0.18233351,-0.0887129,0.9195286,0.032046784,-0.058713447,0.060191978","-0.9902628,0.6086104,-0.99735403","-0.24779011,0.32033435,-0.32165453,0.15996186,-0.14962552,0.85286564,0.032046784,-0.058713447,0.060191978",0.0
"-0.24779011,0.32033435,-0.32165453,0.15996186,-0.14962552,0.85286564,0.032046784,-0.058713447,0.060191978","-0.71163595,0.4487753,-0.99069434","-0.3157462,0.38203868,-0.42808554,0.1081486,-0.15490302,0.776192,0.032046784,-0.058713447,0.060191978",0.0
"-0.3157462,0.38203868,-0.42808554,0.1081486,-0.15490302,0.776192,0.032046784,-0.058713447,0.060191978","-0.88635623,0.67402685,-0.979494","-0.40038675,0.47471398,-0.5333133,0.068940006,-0.19425312,0.66618323,0.032046784,-0.058713447,0.060191978",0.0
"-0.40038675,0.47471398,-0.5333133,0.068940006,-0.19425312,0.66618323,0.032046784,-0.058713447,0.060191978","-0.016548455,0.48502624,-0.9984129","-0.40196705,0.54140264,-0.6405734,0.057571623,-0.16188878,0.55078155,0.032046784,-0.058713447,0.060191978",0.0
"-0.40196705,0.54140264,-0.6405734,0.057571623,-0.16188878,0.55078155,0.032046784,-0.058713447,0.060191978","0.25261295,0.52443504,-0.98056644","-0.37784433,0.61350983,-0.7459163,0.058588523,-0.12963763,0.42029873,0.032046784,-0.058713447,0.060191978",0.0
"-0.37784433,0.61350983,-0.7459163,0.058588523,-0.12963763,0.42029873,0.032046784,-0.058713447,0.060191978","0.32706332,0.6062205,-0.99003315","-0.34661216,0.6968621,-0.85227627,0.058319364,-0.09901689,0.27473322,0.032046784,-0.058713447,0.060191978",0.0
"-0.34661216,0.6968621,-0.85227627,0.058319364,-0.09901689,0.27473322,0.032046784,-0.058713447,0.060191978","0.31503773,0.61300826,-0.9310925","-0.31652835,0.7811476,-0.9523042,0.04933401,-0.065273166,0.13136281,0.032046784,-0.058713447,0.060191978",0.0
"-0.31652835,0.7811476,-0.9523042,0.04933401,-0.065273166,0.13136281,0.032046784,-0.058713447,0.060191978","-0.2366246,0.28855777,-0.72362804","-0.3391243,0.82082283,-1.0,0.034634296,-0.050633784,0.06268381,0.032046784,-0.058713447,0.060191978",0.0
"0.0,0.0,0.0,2.8652207e-07,0.005789075,0.993462,-0.04111111,-0.0057894737,-0.30553225","-0.939433,-0.97910124,-0.9768201","-0.08970904,-0.13462138,-0.1049404,-0.4017325,0.122342974,0.87630045,-0.04111111,-0.0057894737,-0.30553225",0.0
"-0.08970904,-0.13462138,-0.1049404,-0.4017325,0.122342974,0.87630045,-0.04111111,-0.0057894737,-0.30553225","-0.90909505,-0.9192644,-0.9814117","-0.17652103,-0.26101553,-0.21037407,-0.61266226,0.38628957,0.5720569,-0.04111111,-0.0057894737,-0.30553225",0.0
"-0.17652103,-0.26101553,-0.21037407,-0.61266226,0.38628957,0.5720569,-0.04111111,-0.0057894737,-0.30553225","-0.913526,-0.5785023,-0.95310974","-0.26375613,-0.34055665,-0.31276724,-0.5592921,0.61841655,0.26333994,-0.04111111,-0.0057894737,-0.30553225",0.0
"-0.26375613,-0.34055665,-0.31276724,-0.5592921,0.61841655,0.26333994,-0.04111111,-0.0057894737,-0.30553225","-0.78166336,-0.7643077,-0.94127035","-0.3383993,-0.44564506,-0.41388845,-0.39971486,0.7304087,-0.10240197,-0.04111111,-0.0057894737,-0.30553225",0.0
"-0.3383993,-0.44564506,-0.41388845,-0.39971486,0.7304087,-0.10240197,-0.04111111,-0.0057894737,-0.30553225","-0.5795857,-0.83781517,-0.9953147","-0.3937455,-0.56084037,-0.5208157,-0.22002254,0.65213907,-0.43003824,-0.04111111,-0.0057894737,-0.30553225",0.0
"-0.3937455,-0.56084037,-0.5208157,-0.22002254,0.65213907,-0.43003824,-0.04111111,-0.0057894737,-0.30553225","-0.29395217,-0.08139336,-0.995821","-0.4218158,-0.5720316,-0.6277973,-0.1253476,0.5238374,-0.49626198,-0.04111111,-0.0057894737,-0.30553225",0.0
"-0.4218158,-0.5720316,-0.6277973,-0.1253476,0.5238374,-0.49626198,-0.04111111,-0.0057894737,-0.30553225","-0.9525016,-0.41621435,-0.92669684","-0.5127728,-0.629259,-0.72735286,0.020017903,0.35423955,-0.54922193,-0.04111111,-0.0057894737,-0.30553225",0.0
"-0.5127728,-0.629259,-0.72735286,0.020017903,0.35423955,-0.54922193,-0.04111111,-0.0057894737,-0.30553225","-0.5342426,-0.80160433,-0.9691261","-0.56378907,-0.7394755,-0.8314666,0.03298792,0.13331355,-0.53347456,-0.04111111,-0.0057894737,-0.30553225",0.0
"-0.56378907,-0.7394755,-0.8314666,0.03298792,0.13331355,-0.53347456,-0.04111111,-0.0057894737,-0.30553225","0.8552531,0.29151773,-0.90911436","-0.48211864,-0.6993934,-0.92913336,0.0013630999,0.07888227,-0.4050479,-0.04111111,-0.0057894737,-0.30553225",0.0
"-0.48211864,-0.6993934,-0.92913336,0.0013630999,0.07888227,-0.4050479,-0.04111111,-0.0057894737,-0.30553225","0.6217642,0.37447882,-0.8410394","-0.42274466,-0.6479045,-1.0,-0.0065824585,0.050677184,-0.30255112,-0.04111111,-0.0057894737,-0.30553225",0.0
"-0.42274466,-0.6479045,-1.0,-0.0065824585,0.050677184,-0.30255112,-0.04111111,-0.0057894737,-0.30553225","0.61498797,0.0732528,-0.74319375","-0.36401775,-0.6378327,-1.0,-0.017265616,0.05190035,-0.30125925,-0.04111111,-0.0057894737,-0.30553225",0.0
"-0.36401775,-0.6378327,-1.0,-0.017265616,0.05190035,-0.30125925,-0.04111111,-0.0057894737,-0.30553225","0.8983754,-0.25330144,-0.807386","-0.27822945,-0.6726604,-1.0,-0.022373537,0.0357629,-0.30534643,-0.04111111,-0.0057894737,-0.30553225",0.0
"-0.27822945,-0.6726604,-1.0,-0.022373537,0.0357629,-0.30534643,-0.04111111,-0.0057894737,-0.30553225","0.38377118,-0.056293964,-0.6293112","-0.24158207,-0.68040055,-1.0,-0.024275582,0.031003952,-0.30610865,-0.04111111,-0.0057894737,-0.30553225",0.0
"-0.24158207,-0.68040055,-1.0,-0.024275582,0.031003952,-0.30610865,-0.04111111,-0.0057894737,-0.30553225","0.65422463,-0.2953037,-0.059693754","-0.17910837,-0.72100335,-1.0,-0.017132336,0.017650127,-0.3092234,-0.04111111,-0.0057894737,-0.30553225",0.0
"-0.17910837,-0.72100335,-1.0,-0.017132336,0.017650127,-0.3092234,-0.04111111,-0.0057894737,-0.30553225","0.624434,0.17794919,-0.80696905","-0.11947946,-0.6965363,-1.0,-0.028580911,0.01748473,-0.3075248,-0.04111111,-0.0057894737,-0.30553225",0.0
"-0.11947946,-0.6965363,-1.0,-0.028580911,0.01748473,-0.3075248,-0.04111111,-0.0057894737,-0.30553225","0.8183961,-0.23797786,-0.27434683","-0.04132857,-0.7292571,-1.0,-0.019896934,0.008436636,-0.30967367,-0.04111111,-0.0057894737,-0.30553225",0.0
"-0.04132857,-0.7292571,-1.0,-0.019896934,0.008436636,-0.30967367,-0.04111111,-0.0057894737,-0.30553225","-0.1763429,0.50273085,-0.46186554","-0.058168042,-0.6601342,-1.0,-0.044526428,0.014116127,-0.30399993,-0.04111111,-0.0057894737,-0.30553225",0.0
"-0.058168042,-0.6601342,-1.0,-0.044526428,0.014116127,-0.30399993,-0.04111111,-0.0057894737,-0.30553225","0.34342718,-0.19441843,-0.67763054","-0.025373237,-0.6868658,-1.0,-0.035994217,0.008683164,-0.30670416,-0.04111111,-0.0057894737,-0.30553225",0.0
"0.0,0.0,0.0,2.8652207e-07,0.005789075,0.993462,0.009766082,0.036725145,-0.30644754","-0.8944335,-0.98514926,-0.99622387","-0.08541191,-0.13545296,-0.10702496,-0.40723193,0.117976815,0.8736329,0.009766082,0.036725145,-0.30644754",0.0
"-0.08541191,-0.13545296,-0.10702496,-0.40723193,0.117976815,0.8736329,0.009766082,0.036725145,-0.30644754","-0.7833986,-0.9328069,-0.98608315","-0.1602208,-0.26370913,-0.21296047,-0.63604295,0.35685223,0.5635747,0.009766082,0.036725145,-0.30644754",0.0
"-0.1602208,-0.26370913,-0.21296047,-0.63604295,0.35685223,0.5635747,0.009766082,0.036725145,-0.30644754","-0.7400457,-0.5389123,-0.9816809","-0.2308898,-0.3378068,-0.31842306,-0.61822975,0.5558604,0.2601072,0.009766082,0.036725145,-0.30644754",0.0
"-0.2308898,-0.3378068,-0.31842306,-0.61822975,0.5558604,0.2601072,0.009766082,0.036725145,-0.30644754","-0.7317762,-0.32244134,-0.99722695","-0.3007691,-0.38214085,-0.42555577,-0.47324887,0.66457725,0.009496456,0.009766082,0.036725145,-0.30644754",0.0
"-0.3007691,-0.38214085,-0.42555577,-0.47324887,0.66457725,0.009496456,0.009766082,0.036725145,-0.30644754","-0.1368025,-0.038994968,-0.9916598","-0.31383276,-0.3875025,-0.5320904,-0.3992958,0.61352897,-0.13681228,0.009766082,0.036725145,-0.30644754",0.0
"-0.31383276,-0.3875025,-0.5320904,-0.3992958,0.61352897,-0.13681228,0.009766082,0.036725145,-0.30644754","-0.18660206,-0.6659295,-0.9435587","-0.3316519,-0.47906443,-0.6334575,-0.29181638,0.510808,-0.37011033,0.009766082,0.036725145,-0.30644754",0.0
"-0.3316519,-0.47906443,-0.6334575,-0.29181638,0.510808,-0.37011033,0.009766082,0.036725145,-0.30644754","-0.34047425,-0.40621668,-0.9692453","-0.3641647,-0.5349172,-0.7375841,-0.16520132,0.3773258,-0.4579213,0.009766082,0.036725145,-0.30644754",0.0
"-0.3641647,-0.5349172,-0.7375841,-0.16520132,0.3773258,-0.4579213,0.009766082,0.036725145,-0.30644754","-0.40640604,-0.79981726,-0.95245147","-0.40297353,-0.644888,-0.8399065,-0.054719917,0.19321528,-0.48579365,0.009766082,0.036725145,-0.30644754",0.0
"-0.40297353,-0.644888,-0.8399065,-0.054719917,0.19321528,-0.48579365,0.009766082,0.036725145,-0.30644754","-0.7885346,-0.58662164,-0.9437442","-0.47827286,-0.7255455,-0.94129354,0.0019905989,0.055771183,-0.39310417,0.009766082,0.036725145,-0.30644754",0.0
"-0.47827286,-0.7255455,-0.94129354,0.0019905989,0.055771183,-0.39310417,0.009766082,0.036725145,-0.30644754","-0.88976616,-0.2807976,-0.9478665","-0.5632391,-0.7641538,-1.0,0.0071988157,0.006422823,-0.3108889,0.009766082,0.036725145,-0.30644754",0.0
"-0.5632391,-0.7641538,-1.0,0.0071988157,0.006422823,-0.3108889,0.009766082,0.036725145,-0.30644754","-0.5381469,0.21909535,-0.6215763","-0.6146282,-0.73402935,-1.0,0.012125893,0.015774094,-0.30990568,0.009766082,0.036725145,-0.30644754",0.0
"-0.6146282,-0.73402935,-1.0,0.012125893,0.015774094,-0.30990568,0.009766082,0.036725145,-0.30644754","0.16978347,0.54534316,-0.85775983","-0.59841514,-0.6590475,-1.0,0.019738685,0.04276642,-0.30387652,0.009766082,0.036725145,-0.30644754",0.0
"0.0,0.0,0.0,2.8652207e-07,0.005789075,0.993462,0.069005854,-0.02982456,-0.29193363","0.9964491,-0.8961333,-0.9520116","0.095153645,-0.12321372,-0.1022752,-0.37869778,-0.1106452,0.8898793,0.069005854,-0.02982456,-0.29193363",0.0
"0.095153645,-0.12321372,-0.1022752,-0.37869778,-0.1106452,0.8898793,0.069005854,-0.02982456,-0.29193363","0.91720915,-0.9362156,-0.93669075","0.18274046,-0.25193855,-0.20290448,-0.5971414,-0.3793151,0.598485,0.069005854,-0.02982456,-0.29193363",0.0
"0.18274046,-0.25193855,-0.20290448,-0.5971414,-0.3793151,0.598485,0.069005854,-0.02982456,-0.29193363","0.8122871,-0.502323,-0.9612769","0.260308,-0.3210054,-0.30617505,-0.5639021,-0.59319633,0.31303483,0.069005854,-0.02982456,-0.29193363",0.0
"0.260308,-0.3210054,-0.30617505,-0.5639021,-0.59319633,0.31303483,0.069005854,-0.02982456,-0.29193363","0.95593977,-0.95947015,-0.97860074","0.3515933,-0.45292765,-0.4113067,-0.38037348,-0.74298024,-0.11380039,0.069005854,-0.02982456,-0.29193363",0.0
"0.3515933,-0.45292765,-0.4113067,-0.38037348,-0.74298024,-0.11380039,0.069005854,-0.02982456,-0.29193363","0.7121351,-0.819371,-0.9738886","0.41959703,-0.565587,-0.51593214,-0.17839904,-0.6680265,-0.43460554,0.069005854,-0.02982456,-0.29193363",0.0
"0.41959703,-0.565587,-0.51593214,-0.17839904,-0.6680265,-0.43460554,0.069005854,-0.02982456,-0.29193363","0.88860345,-0.31098098,-0.9841032","0.5044522,-0.60834527,-0.6216549,0.0014674774,-0.51870733,-0.5420661,0.069005854,-0.02982456,-0.29193363",0.0
"0.5044522,-0.60834527,-0.6216549,0.0014674774,-0.51870733,-0.5420661,0.069005854,-0.02982456,-0.29193363","0.6891216,-0.07287246,-0.9656701","0.5702583,-0.61836493,-0.72539747,0.0745878,-0.3588564,-0.5403875,0.069005854,-0.02982456,-0.29193363",0.0
"0.5702583,-0.61836493,-0.72539747,0.0745878,-0.3588564,-0.5403875,0.069005854,-0.02982456,-0.29193363","0.791031,-0.6227787,-0.88874084","0.64579606,-0.70399386,-0.82087547,0.0730044,-0.16117334,-0.53103566,0.069005854,-0.02982456,-0.29193363",0.0
"0.64579606,-0.70399386,-0.82087547,0.0730044,-0.16117334,-0.53103566,0.069005854,-0.02982456,-0.29193363","0.9448054,-0.18045765,-0.0419724","0.7360181,-0.72880596,-0.82538444,0.09836795,-0.11598396,-0.53634536,0.069005854,-0.02982456,-0.29193363",0.0
"0.7360181,-0.72880596,-0.82538444,0.09836795,-0.11598396,-0.53634536,0.069005854,-0.02982456,-0.29193363","0.25285125,-0.09982824,-0.90294427","0.76016355,-0.7425319,-0.92238826,0.038902707,-0.044432294,-0.4212481,0.069005854,-0.02982456,-0.29193363",0.0
"0.76016355,-0.7425319,-0.92238826,0.038902707,-0.044432294,-0.4212481,0.069005854,-0.02982456,-0.29193363","0.54553354,0.595832,-0.58539927","0.812258,-0.6606081,-0.98527807,0.04333159,-0.035967033,-0.3242293,0.069005854,-0.02982456,-0.29193363",0.0
"0.812258,-0.6606081,-0.98527807,0.04333159,-0.035967033,-0.3242293,0.069005854,-0.02982456,-0.29193363","0.43402827,0.59592795,-0.82578564","0.8537046,-0.57867116,-1.0,0.06468752,-0.038476605,-0.29190695,0.069005854,-0.02982456,-0.29193363",0.0
"0.0,0.0,0.0,2.8652207e-07,0.005789075,0.993462,-0.037368424,0.006725146,-0.30644754","0.01717329,-0.98076373,-0.98578286","0.0016399196,-0.13484997,-0.10590327,-0.42149436,0.0036177381,0.87523186,-0.037368424,0.006725146,-0.30644754",0.0
"0.0016399196,-0.13484997,-0.10590327,-0.42149436,0.0036177381,0.87523186,-0.037368424,0.006725146,-0.30644754","-0.87688935,-0.90918535,-0.99364895","-0.08209665,-0.2598583,-0.21265161,-0.69854563,0.19025666,0.57084286,-0.037368424,0.006725146,-0.30644754",0.0
"-0.08209665,-0.2598583,-0.21265161,-0.69854563,0.19025666,0.57084286,-0.037368424,0.006725146,-0.30644754","-0.07526147,-0.9228033,-0.94275016","-0.08928358,-0.38673902,-0.31393185,-0.82828075,0.24464251,0.16583756,-0.037368424,0.006725146,-0.30644754",0.0
"-0.08928358,-0.38673902,-0.31393185,-0.82828075,0.24464251,0.16583756,-0.037368424,0.006725146,-0.30644754","-0.3902235,-0.5863476,-0.9979185","-0.12654708,-0.46735883,-0.42113885,-0.7597918,0.32533112,-0.15574752,-0.037368424,0.006725146,-0.30644754",0.0
"-0.12654708,-0.46735883,-0.42113885,-0.7597918,0.32533112,-0.15574752,-0.037368424,0.006725146,-0.30644754","-0.09579879,-0.80326706,-0.963815","-0.13569517,-0.57780397,-0.52468204,-0.6099218,0.28335455,-0.46076298,-0.037368424,0.006725146,-0.30644754",0.0
"-0.13569517,-0.57780397,-0.52468204,-0.6099218,0.28335455,-0.46076298,-0.037368424,0.006725146,-0.30644754","0.9007975,-0.7573582,-0.99481326","-0.04967555,-0.68193686,-0.63155544,-0.43137658,0.07373359,-0.627836,-0.037368424,0.006725146,-0.30644754",0.0
"-0.04967555,-0.68193686,-0.63155544,-0.43137658,0.07373359,-0.627836,-0.037368424,0.006725146,-0.30644754","-0.013902664,-0.62796986,-0.98963994","-0.051003158,-0.76827955,-0.737873,-0.20742825,0.0393887,-0.6389931,-0.037368424,0.006725146,-0.30644754",0.0
"-0.051003158,-0.76827955,-0.737873,-0.20742825,0.0393887,-0.6389931,-0.037368424,0.006725146,-0.30644754","0.046581507,-0.5685816,-0.99873126","-0.046554953,-0.8464566,-0.8451673,-0.036692962,0.011257269,-0.5391782,-0.037368424,0.006725146,-0.30644754",0.0
"-0.046554953,-0.8464566,-0.8451673,-0.036692962,0.011257269,-0.5391782,-0.037368424,0.006725146,-0.30644754","0.69457674,0.016479969,-0.95979196","0.019772086,-0.8441908,-0.94827825,0.011207495,0.006497797,-0.389211,-0.037368424,0.006725146,-0.30644754",0.0
"0.019772086,-0.8441908,-0.94827825,0.011207495,0.006497797,-0.389211,-0.037368424,0.006725146,-0.30644754","-0.52885437,0.6463907,-0.94281656","-0.030729668,-0.7553154,-1.0,-0.01043395,0.006827032,-0.31068662,-0.037368424,0.006725146,-0.30644754",0.0
"-0.030729668,-0.7553154,-1.0,-0.01043395,0.006827032,-0.31068662,-0.037368424,0.006725146,-0.30644754","0.65543365,0.5470395,-0.92362666","0.03185949,-0.6801004,-1.0,-0.03944228,0.0018576388,-0.3060801,-0.037368424,0.006725146,-0.30644754",0.0
