state,action,next_state,reward
"0.0,0.0,0.0,2.8652207e-07,0.005789075,0.993462,-0.0042105266,-0.0041520465,0.23331277","0.5618292,-0.9716777,0.9009714","0.0536506,-0.1336007,0.09679195,-0.15142867,-0.019895276,0.9700304,-0.0042105266,-0.0041520465,0.23331277",0.0
"0.0536506,-0.1336007,0.09679195,-0.15142867,-0.019895276,0.9700304,-0.0042105266,-0.0041520465,0.23331277","0.5215552,-0.7783652,0.9709027","0.10345533,-0.24062195,0.2010967,-0.21924779,-0.067769915,0.91868454,-0.0042105266,-0.0041520465,0.23331277",0.0
"0.10345533,-0.24062195,0.2010967,-0.21924779,-0.067769915,0.91868454,-0.0042105266,-0.0041520465,0.23331277","0.16820085,-0.3973999,0.9010093","0.119517274,-0.29526243,0.29789278,-0.19145858,-0.06924553,0.8729198,-0.0042105266,-0.0041520465,0.23331277",0.0
"0.119517274,-0.29526243,0.29789278,-0.19145858,-0.06924553,0.8729198,-0.0042105266,-0.0041520465,0.23331277","0.23991573,0.123897076,0.82806766","0.14242747,-0.2782273,0.38685265,-0.051202327,-0.018151343,0.83332574,-0.0042105266,-0.0041520465,0.23331277",0.0
"0.14242747,-0.2782273,0.38685265,-0.051202327,-0.018151343,0.83332574,-0.0042105266,-0.0041520465,0.23331277","0.73190033,-0.5007262,0.87369955","0.21231864,-0.34707463,0.48071483,-0.053322177,-0.034618147,0.74949545,-0.0042105266,-0.0041520465,0.23331277",0.0
"0.21231864,-0.34707463,0.48071483,-0.053322177,-0.034618147,0.74949545,-0.0042105266,-0.0041520465,0.23331277","0.5614444,-0.46100414,0.98491883","0.2659325,-0.41046038,0.5865253,-0.03631537,-0.031515986,0.63927615,-0.0042105266,-0.0041520465,0.23331277",0.0
"0.2659325,-0.41046038,0.5865253,-0.03631537,-0.031515986,0.63927615,-0.0042105266,-0.0041520465,0.23331277","0.45900095,-0.2804197,0.9714552","0.30976376,-0.44901672,0.6908894,-0.0068793413,0.0001818508,0.51522624,-0.0042105266,-0.0041520465,0.23331277",0.0
"0.30976376,-0.44901672,0.6908894,-0.0068793413,0.0001818508,0.51522624,-0.0042105266,-0.0041520465,0.23331277","0.77579284,-0.5522816,0.8447249","0.38384637,-0.52495265,0.7816388,-0.0123969,-0.016228737,0.39427623,-0.0042105266,-0.0041520465,0.23331277",0.0
"0.38384637,-0.52495265,0.7816388,-0.0123969,-0.016228737,0.39427623,-0.0042105266,-0.0041520465,0.23331277","0.40604293,-0.61944044,0.6480893","0.42262053,-0.61012256,0.8512635,-0.01701505,-0.04455892,0.29322928,-0.0042105266,-0.0041520465,0.23331277",0.0
"0.42262053,-0.61012256,0.8512635,-0.01701505,-0.04455892,0.29322928,-0.0042105266,-0.0041520465,0.23331277","0.1688714,-0.033013344,0.4443376","0.43874654,-0.6146618,0.8989991,-0.009685842,-0.019439857,0.22623736,-0.0042105266,-0.0041520465,0.23331277",0.0
"0.0,0.0,0.0,2.8652207e-07,0.005789075,0.993462,-0.1583041,-0.060467836,0.49515146","-0.2608965,-0.8512628,0.64878654","-0.024913736,-0.11704428,0.06969958,-0.15425362,0.017904913,0.97451425,-0.1583041,-0.060467836,0.49515146",0.0
"-0.024913736,-0.11704428,0.06969958,-0.15425362,0.017904913,0.97451425,-0.1583041,-0.060467836,0.49515146","0.52834165,-0.7696798,0.6195469","0.02553905,-0.22287132,0.13625795,-0.28328228,-0.016969705,0.9262963,-0.1583041,-0.060467836,0.49515146",0.0
"0.02553905,-0.22287132,0.13625795,-0.28328228,-0.016969705,0.9262963,-0.1583041,-0.060467836,0.49515146","0.22937584,-0.24754441,0.8913604","0.047442768,-0.25690743,0.23201741,-0.21752018,-0.026808713,0.90678704,-0.1583041,-0.060467836,0.49515146",0.0
"0.047442768,-0.25690743,0.23201741,-0.21752018,-0.026808713,0.90678704,-0.1583041,-0.060467836,0.49515146","0.036519527,-0.5197009,0.9629688","0.050930113,-0.3283637,0.33546984,-0.21340872,-0.028576283,0.84412223,-0.1583041,-0.060467836,0.49515146",0.0
"0.050930113,-0.3283637,0.33546984,-0.21340872,-0.028576283,0.84412223,-0.1583041,-0.060467836,0.49515146","-0.0068626404,-0.4531455,0.94731665","0.050274774,-0.3906689,0.43724072,-0.19039848,-0.024462735,0.7670807,-0.1583041,-0.060467836,0.49515146",0.0
"0.050274774,-0.3906689,0.43724072,-0.19039848,-0.024462735,0.7670807,-0.1583041,-0.060467836,0.49515146","-0.434291,-0.7764317,0.9879427","0.008803133,-0.49742433,0.5433761,-0.22776395,-0.00050905603,0.6474358,-0.1583041,-0.060467836,0.49515146",0.0
"0.008803133,-0.49742433,0.5433761,-0.22776395,-0.00050905603,0.6474358,-0.1583041,-0.060467836,0.49515146","0.6972581,-0.25616467,0.6977422","0.07538622,-0.53264564,0.618335,-0.18213035,-0.038004037,0.573798,-0.1583041,-0.060467836,0.49515146",0.0
"0.07538622,-0.53264564,0.618335,-0.18213035,-0.038004037,0.573798,-0.1583041,-0.060467836,0.49515146","0.38653445,-0.29831338,0.5136452","0.11229746,-0.5736623,0.6735163,-0.16620891,-0.055028457,0.5073192,-0.1583041,-0.060467836,0.49515146",0.0
"0.0,0.0,0.0,2.8652207e-07,0.005789075,0.993462,0.13608187,-0.016842104,0.36001524","0.2020595,0.04007888,0.9399638","0.019295216,0.005510631,0.10098093,0.15021135,0.014916367,0.96943563,0.13608187,-0.016842104,0.36001524",0.0
"0.019295216,0.005510631,0.10098093,0.15021135,0.014916367,0.96943563,0.13608187,-0.016842104,0.36001524","0.33996224,-0.18012929,0.96199954","0.05175914,-0.019256236,0.20432918,0.22740632,0.043173708,0.9166887,0.13608187,-0.016842104,0.36001524",0.0
"0.05175914,-0.019256236,0.20432918,0.22740632,0.043173708,0.9166887,0.13608187,-0.016842104,0.36001524","-0.07308775,-0.008553863,0.9433317","0.04477978,-0.020432362,0.30567196,0.33561036,0.053374343,0.8197502,0.13608187,-0.016842104,0.36001524",0.0
"0.04477978,-0.020432362,0.30567196,0.33561036,0.053374343,0.8197502,0.13608187,-0.016842104,0.36001524","-0.4630705,-0.93741566,0.95453835","0.00055989844,-0.14932221,0.40821868,0.20539461,0.006150384,0.7891539,0.13608187,-0.016842104,0.36001524",0.0
"0.00055989844,-0.14932221,0.40821868,0.20539461,0.006150384,0.7891539,0.13608187,-0.016842104,0.36001524","0.23721886,-0.26430959,0.7043823","0.023212569,-0.18566345,0.48389098,0.20985752,0.021135544,0.7166586,0.13608187,-0.016842104,0.36001524",0.0
"0.023212569,-0.18566345,0.48389098,0.20985752,0.021135544,0.7166586,0.13608187,-0.016842104,0.36001524","0.10209262,-0.6860297,0.9040847","0.032961663,-0.279989,0.58101743,0.13903497,0.020269444,0.63110936,0.13608187,-0.016842104,0.36001524",0.0
"0.032961663,-0.279989,0.58101743,0.13903497,0.020269444,0.63110936,0.13608187,-0.016842104,0.36001524","-0.24773955,-0.36989284,0.87841177","0.009304328,-0.3308474,0.67538583,0.13246596,0.0096648345,0.5177835,0.13608187,-0.016842104,0.36001524",0.0
"0.009304328,-0.3308474,0.67538583,0.13246596,0.0096648345,0.5177835,0.13608187,-0.016842104,0.36001524","-0.4114387,-0.24274278,0.88387597","-0.029985089,-0.3642233,0.7703412,0.13585012,-0.0070201545,0.3879082,0.13608187,-0.016842104,0.36001524",0.0
"-0.029985089,-0.3642233,0.7703412,0.13585012,-0.0070201545,0.3879082,0.13608187,-0.016842104,0.36001524","-0.14962661,-0.024163961,0.20857382","-0.04427335,-0.36754575,0.7927486,0.1380053,-0.013473983,0.35465655,0.13608187,-0.016842104,0.36001524",0.0
"0.0,0.0,0.0,2.8652207e-07,0.005789075,0.993462,0.27596492,0.088596486,0.43591902","0.47882712,-0.45438296,0.97002625","0.0457245,-0.06247533,0.10421056,0.008956567,0.007144877,0.98166245,0.27596492,0.088596486,0.43591902",0.0
"0.0457245,-0.06247533,0.10421056,0.008956567,0.007144877,0.98166245,0.27596492,0.088596486,0.43591902","0.35626948,0.34975493,0.6475327","0.07974565,-0.014385849,0.17377545,0.19592504,0.056114063,0.9365948,0.27596492,0.088596486,0.43591902",0.0
"0.07974565,-0.014385849,0.17377545,0.19592504,0.056114063,0.9365948,0.27596492,0.088596486,0.43591902","0.7392969,-0.28717017,0.9648876","0.15034312,-0.053870287,0.27743396,0.21776946,0.1177561,0.8732196,0.27596492,0.088596486,0.43591902",0.0
"0.15034312,-0.053870287,0.27743396,0.21776946,0.1177561,0.8732196,0.27596492,0.088596486,0.43591902","-0.039949536,-0.44250244,0.9852309","0.14652823,-0.11471211,0.38327804,0.21529734,0.11321987,0.7986104,0.27596492,0.088596486,0.43591902",0.0
"0.14652823,-0.11471211,0.38327804,0.21529734,0.11321987,0.7986104,0.27596492,0.088596486,0.43591902","-0.051391065,0.044166207,0.97444534","0.14162076,-0.10863951,0.48796338,0.30009595,0.14949937,0.6597514,0.27596492,0.088596486,0.43591902",0.0
"0.14162076,-0.10863951,0.48796338,0.30009595,0.14949937,0.6597514,0.27596492,0.088596486,0.43591902","-0.39337736,-0.23083276,0.9565028","0.10405606,-0.14037785,0.59072113,0.31835324,0.114056185,0.5348424,0.27596492,0.088596486,0.43591902",0.0
"0.10405606,-0.14037785,0.59072113,0.31835324,0.114056185,0.5348424,0.27596492,0.088596486,0.43591902","-0.14192402,-0.44300807,0.7433324","0.090503335,-0.20128919,0.6705778,0.2720969,0.08554988,0.45861396,0.27596492,0.088596486,0.43591902",0.0
"0.090503335,-0.20128919,0.6705778,0.2720969,0.08554988,0.45861396,0.27596492,0.088596486,0.43591902","0.019477963,-0.0067985654,0.14773822","0.092363335,-0.202224,0.6864494,0.27306822,0.087579004,0.43466064,0.27596492,0.088596486,0.43591902",0.0
"0.0,0.0,0.0,2.8652207e-07,0.005789075,0.993462,0.16935673,-0.0057894737,0.49515146","-0.33656746,0.15894043,0.9200201","-0.03213975,0.021853484,0.09883835,0.18223964,-0.012644845,0.9638056,0.16935673,-0.0057894737,0.49515146",0.0
"-0.03213975,0.021853484,0.09883835,0.18223964,-0.012644845,0.9638056,0.16935673,-0.0057894737,0.49515146","0.08214712,-0.6838711,0.9251379","-0.024295308,-0.072175294,0.19822654,0.11550518,-0.0030271206,0.9433526,0.16935673,-0.0057894737,0.49515146",0.0
"-0.024295308,-0.072175294,0.19822654,0.11550518,-0.0030271206,0.9433526,0.16935673,-0.0057894737,0.49515146","0.63501334,-0.030852675,0.9609077","0.036343846,-0.0764174,0.30145752,0.22831059,0.032008898,0.86319035,0.16935673,-0.0057894737,0.49515146",0.0
"0.036343846,-0.0764174,0.30145752,0.22831059,0.032008898,0.86319035,0.16935673,-0.0057894737,0.49515146","-0.36630708,-0.31914848,0.86009276","0.0013641701,-0.1202987,0.3938579,0.24319436,0.0068314685,0.7897528,0.16935673,-0.0057894737,0.49515146",0.0
"0.0013641701,-0.1202987,0.3938579,0.24319436,0.0068314685,0.7897528,0.16935673,-0.0057894737,0.49515146","-0.0876801,-0.37359798,0.9430332","-0.007008653,-0.17166652,0.49516863,0.24221392,0.00045662798,0.6943314,0.16935673,-0.0057894737,0.49515146",0.0
"-0.007008653,-0.17166652,0.49516863,0.24221392,0.00045662798,0.6943314,0.16935673,-0.0057894737,0.49515146","-0.08670622,-0.3111062,0.9157256","-0.015288476,-0.21444204,0.5935457,0.24124235,-0.005799911,0.58307123,0.16935673,-0.0057894737,0.49515146",0.0
"-0.015288476,-0.21444204,0.5935457,0.24124235,-0.005799911,0.58307123,0.16935673,-0.0057894737,0.49515146","0.17369664,-0.47081506,0.6518798","0.0012982843,-0.2791767,0.66357756,0.19076425,0.0065673026,0.5146092,0.16935673,-0.0057894737,0.49515146",0.0
"0.0012982843,-0.2791767,0.66357756,0.19076425,0.0065673026,0.5146092,0.16935673,-0.0057894737,0.49515146","-0.206913,-0.1726842,0.14340818","-0.018460413,-0.30291992,0.67898405,0.16880605,-0.004001877,0.5022763,0.16935673,-0.0057894737,0.49515146",0.0
"0.0,0.0,0.0,2.8652207e-07,0.005789075,0.993462,0.21894738,-0.1777193,0.7005036","-0.8009076,0.20997143,0.9522979","-0.076480865,0.028869985,0.10230598,0.1975128,-0.042431284,0.9587293,0.21894738,-0.1777193,0.7005036",0.0
"-0.076480865,0.028869985,0.10230598,0.1975128,-0.042431284,0.9587293,0.21894738,-0.1777193,0.7005036","-0.75253934,0.028404474,0.73165023","-0.1483429,0.032775447,0.18090767,0.27769953,-0.13319883,0.9016448,0.21894738,-0.1777193,0.7005036",0.0
"-0.1483429,0.032775447,0.18090767,0.27769953,-0.13319883,0.9016448,0.21894738,-0.1777193,0.7005036","-0.3782394,-0.22727078,0.8947346","-0.18446203,0.0015268717,0.27702963,0.2978639,-0.18802187,0.8330676,0.21894738,-0.1777193,0.7005036",0.0
"-0.18446203,0.0015268717,0.27702963,0.2978639,-0.18802187,0.8330676,0.21894738,-0.1777193,0.7005036","-0.59132516,-0.4990319,0.8786484","-0.24092929,-0.067087464,0.37142345,0.2342197,-0.2132744,0.7800452,0.21894738,-0.1777193,0.7005036",0.0
"-0.24092929,-0.067087464,0.37142345,0.2342197,-0.2132744,0.7800452,0.21894738,-0.1777193,0.7005036","0.24367154,-0.36990786,0.6942849","-0.21766043,-0.117947906,0.44601098,0.22979914,-0.17981091,0.723866,0.21894738,-0.1777193,0.7005036",0.0
"-0.21766043,-0.117947906,0.44601098,0.22979914,-0.17981091,0.723866,0.21894738,-0.1777193,0.7005036","-0.1649468,-0.08347881,0.24967921","-0.23341164,-0.12942584,0.47283426,0.22156477,-0.19180517,0.6965326,0.21894738,-0.1777193,0.7005036",0.0
"0.0,0.0,0.0,2.8652207e-07,0.005789075,0.993462,0.03140351,0.08596491,0.51554936","0.7103596,-0.4921887,0.99327433","0.06783417,-0.06767343,0.10670812,0.0009068479,0.00611924,0.9811467,0.03140351,0.08596491,0.51554936",0.0
"0.06783417,-0.06767343,0.10670812,0.0009068479,0.00611924,0.9811467,0.03140351,0.08596491,0.51554936","0.9410702,0.12739098,0.9880334","0.15769954,-0.050157845,0.21285321,0.15482418,0.09024443,0.92570466,0.03140351,0.08596491,0.51554936",0.0
"0.15769954,-0.050157845,0.21285321,0.15482418,0.09024443,0.92570466,0.03140351,0.08596491,0.51554936","0.72615576,-0.6296027,0.8189094","0.22704212,-0.136725,0.30082923,0.08134592,0.07803926,0.8890211,0.03140351,0.08596491,0.51554936",0.0
"0.22704212,-0.136725,0.30082923,0.08134592,0.07803926,0.8890211,0.03140351,0.08596491,0.51554936","-0.4658692,-0.5101708,0.82839656","0.18255499,-0.2068709,0.38982445,0.06568007,0.049316894,0.8284386,0.03140351,0.08596491,0.51554936",0.0
"0.18255499,-0.2068709,0.38982445,0.06568007,0.049316894,0.8284386,0.03140351,0.08596491,0.51554936","0.9277235,-0.10626769,0.8986554","0.27114582,-0.22148219,0.4863676,0.09715869,0.119798295,0.7295553,0.03140351,0.08596491,0.51554936",0.0
"0.27114582,-0.22148219,0.4863676,0.09715869,0.119798295,0.7295553,0.03140351,0.08596491,0.51554936","0.756413,-0.6045972,0.9537375","0.34337777,-0.3046112,0.5888283,0.0470438,0.10002071,0.62840766,0.03140351,0.08596491,0.51554936",0.0
"0.34337777,-0.3046112,0.5888283,0.0470438,0.10002071,0.62840766,0.03140351,0.08596491,0.51554936","0.4497428,-0.46702707,0.8894932","0.38632494,-0.36882505,0.68438715,0.026365785,0.087224565,0.5153983,0.03140351,0.08596491,0.51554936",0.0
"0.0,0.0,0.0,2.8652207e-07,0.005789075,0.993462,-0.012222223,0.21766081,0.47566882","0.8602824,0.4015875,0.9866085","0.08215073,0.055216208,0.10599198,0.25150824,0.0723785,0.94168025,-0.012222223,0.21766081,0.47566882",0.0
"0.08215073,0.055216208,0.10599198,0.25150824,0.0723785,0.94168025,-0.012222223,0.21766081,0.47566882","0.9745072,-0.39086723,0.8578241","0.17520909,0.0014739665,0.1981486,0.2234421,0.14392029,0.90910035,-0.012222223,0.21766081,0.47566882",0.0
"0.17520909,0.0014739665,0.1981486,0.2234421,0.14392029,0.90910035,-0.012222223,0.21766081,0.47566882","0.8509362,-0.7113012,0.96309745","0.25646728,-0.096326314,0.30161482,0.12902337,0.14273486,0.8733086,-0.012222223,0.21766081,0.47566882",0.0
"0.25646728,-0.096326314,0.30161482,0.12902337,0.14273486,0.8733086,-0.012222223,0.21766081,0.47566882","0.983603,-0.41524577,0.96243334","0.35039425,-0.1534205,0.4050097,0.08316098,0.17649747,0.7947668,-0.012222223,0.21766081,0.47566882",0.0
"0.35039425,-0.1534205,0.4050097,0.08316098,0.17649747,0.7947668,-0.012222223,0.21766081,0.47566882","0.8405225,-0.19658792,0.9831495","0.43065804,-0.18045035,0.51063013,0.046140507,0.23523302,0.6789259,-0.012222223,0.21766081,0.47566882",0.0
"0.43065804,-0.18045035,0.51063013,0.046140507,0.23523302,0.6789259,-0.012222223,0.21766081,0.47566882","0.544189,-0.16796124,0.88187456","0.48262414,-0.20354418,0.6053706,0.008491824,0.26152954,0.5590656,-0.012222223,0.21766081,0.47566882",0.0
"0.48262414,-0.20354418,0.6053706,0.008491824,0.26152954,0.5590656,-0.012222223,0.21766081,0.47566882","0.42008758,-0.5885452,0.70797014","0.52273947,-0.28446615,0.68142825,-0.01947484,0.1910294,0.49052542,-0.012222223,0.21766081,0.47566882",0.0
"0.52273947,-0.28446615,0.68142825,-0.01947484,0.1910294,0.49052542,-0.012222223,0.21766081,0.47566882","-0.1770621,0.1933006,-0.04442656","0.5058313,-0.25788835,0.67665553,-0.009848335,0.22144525,0.4843077,-0.012222223,0.21766081,0.47566882",0.0
"0.0,0.0,0.0,2.8652207e-07,0.005789075,0.993462,-0.00877193,-0.0030994152,0.64963955","0.32647824,-0.48302191,0.85872495","0.03117629,-0.066413045,0.09225339,-0.0156126125,0.0042829434,0.98412526,-0.00877193,-0.0030994152,0.64963955",0.0
"0.03117629,-0.066413045,0.09225339,-0.0156126125,0.0042829434,0.98412526,-0.00877193,-0.0030994152,0.64963955","0.45295215,-0.67247105,0.9238117","0.07442992,-0.15887439,0.1914991,-0.07370067,-0.011603445,0.9507399,-0.00877193,-0.0030994152,0.64963955",0.0
"0.07442992,-0.15887439,0.1914991,-0.07370067,-0.011603445,0.9507399,-0.00877193,-0.0030994152,0.64963955","0.756541,-0.6769891,0.98221314","0.1466741,-0.25195697,0.29701898,-0.1101973,-0.048242625,0.890344,-0.00877193,-0.0030994152,0.64963955",0.0
"0.1466741,-0.25195697,0.29701898,-0.1101973,-0.048242625,0.890344,-0.00877193,-0.0030994152,0.64963955","0.72426176,-0.5353802,0.98944545","0.21583582,-0.32556903,0.40331578,-0.09726683,-0.07091231,0.81219,-0.00877193,-0.0030994152,0.64963955",0.0
"0.21583582,-0.32556903,0.40331578,-0.09726683,-0.07091231,0.81219,-0.00877193,-0.0030994152,0.64963955","-0.07225686,-0.4108653,0.71569514","0.20893581,-0.38206097,0.48020345,-0.100912884,-0.07042969,0.74196,-0.00877193,-0.0030994152,0.64963955",0.0
"0.20893581,-0.38206097,0.48020345,-0.100912884,-0.07042969,0.74196,-0.00877193,-0.0030994152,0.64963955","-0.21006787,0.4404899,0.36602664","0.18887585,-0.32149595,0.519526,0.01472643,0.016915184,0.7133105,-0.00877193,-0.0030994152,0.64963955",0.0
"0.18887585,-0.32149595,0.519526,0.01472643,0.016915184,0.7133105,-0.00877193,-0.0030994152,0.64963955","0.47842658,-0.42215943,0.52246463","0.23456213,-0.37954074,0.57565475,-0.013219505,-0.00417829,0.6532586,-0.00877193,-0.0030994152,0.64963955",0.0
"0.0,0.0,0.0,2.8652207e-07,0.005789075,0.993462,0.06035088,0.1519883,0.62760717","0.9502944,-0.050240517,0.96783054","0.09074621,-0.0069078226,0.10397466,0.12164589,0.041683502,0.9723539,0.06035088,0.1519883,0.62760717",0.0
"0.09074621,-0.0069078226,0.10397466,0.12164589,0.041683502,0.9723539,0.06035088,0.1519883,0.62760717","0.9365666,-0.13462484,0.7565167","0.18018152,-0.025418062,0.18524776,0.16182443,0.10968567,0.9340494,0.06035088,0.1519883,0.62760717",0.0
"0.18018152,-0.025418062,0.18524776,0.16182443,0.10968567,0.9340494,0.06035088,0.1519883,0.62760717","0.6468506,-0.4256909,0.8038759","0.24195105,-0.08394839,0.2716087,0.12794368,0.12961957,0.894241,0.06035088,0.1519883,0.62760717",0.0
"0.24195105,-0.08394839,0.2716087,0.12794368,0.12961957,0.894241,0.06035088,0.1519883,0.62760717","0.84893453,-0.42632347,0.70789456","0.32301813,-0.1425657,0.34765834,0.07700849,0.13489674,0.8496375,0.06035088,0.1519883,0.62760717",0.0
"0.32301813,-0.1425657,0.34765834,0.07700849,0.13489674,0.8496375,0.06035088,0.1519883,0.62760717","0.24623454,-0.12674564,0.857182","0.34653172,-0.15999259,0.43974602,0.09502315,0.19406183,0.75778836,0.06035088,0.1519883,0.62760717",0.0
"0.34653172,-0.15999259,0.43974602,0.09502315,0.19406183,0.75778836,0.06035088,0.1519883,0.62760717","-0.013128996,-0.42622352,0.8844696","0.345278,-0.21859615,0.53476524,0.08749509,0.17799233,0.6671018,0.06035088,0.1519883,0.62760717",0.0
"0.345278,-0.21859615,0.53476524,0.08749509,0.17799233,0.6671018,0.06035088,0.1519883,0.62760717","0.35146022,-0.3234408,0.43369246","0.3788399,-0.26306763,0.5813572,0.05602008,0.1555818,0.6243459,0.06035088,0.1519883,0.62760717",0.0
"0.0,0.0,0.0,2.8652207e-07,0.005789075,0.993462,-0.14935674,-0.23918128,0.7005036","-0.8680365,-0.4884541,0.862836","-0.0828912,-0.06715994,0.09269505,-0.014078851,0.009742571,0.9840196,-0.14935674,-0.23918128,0.7005036",0.0
"-0.0828912,-0.06715994,0.09269505,-0.014078851,0.009742571,0.9840196,-0.14935674,-0.23918128,0.7005036","-0.8963787,-0.4210291,0.7010008","-0.16848888,-0.1250493,0.16800407,-0.027835889,0.022991363,0.9622903,-0.14935674,-0.23918128,0.7005036",0.0
"-0.16848888,-0.1250493,0.16800407,-0.027835889,0.022991363,0.9622903,-0.14935674,-0.23918128,0.7005036","-0.89256525,0.07908702,0.9216069","-0.2537224,-0.114175275,0.26701292,0.08544462,-0.07918247,0.9089102,-0.14935674,-0.23918128,0.7005036",0.0
"-0.2537224,-0.114175275,0.26701292,0.08544462,-0.07918247,0.9089102,-0.14935674,-0.23918128,0.7005036","-0.92803013,-0.082422376,0.6923467","-0.34234256,-0.12550795,0.34139222,0.09091323,-0.15611303,0.8487227,-0.14935674,-0.23918128,0.7005036",0.0
"-0.34234256,-0.12550795,0.34139222,0.09091323,-0.15611303,0.8487227,-0.14935674,-0.23918128,0.7005036","-0.75085175,-0.28805208,0.48021364","-0.41404343,-0.16511364,0.39298195,0.048766207,-0.1544782,0.81288266,-0.14935674,-0.23918128,0.7005036",0.0
"-0.41404343,-0.16511364,0.39298195,0.048766207,-0.1544782,0.81288266,-0.14935674,-0.23918128,0.7005036","-0.88274574,0.23930073,0.5189755","-0.49833924,-0.13221106,0.44873592,0.007198641,-0.27030385,0.7301201,-0.14935674,-0.23918128,0.7005036",0.0
"-0.49833924,-0.13221106,0.44873592,0.007198641,-0.27030385,0.7301201,-0.14935674,-0.23918128,0.7005036","-0.95033395,0.10137689,-0.018663764","-0.5890892,-0.11827229,0.44673094,-0.07503074,-0.2819957,0.7231581,-0.14935674,-0.23918128,0.7005036",0.0
"-0.5890892,-0.11827229,0.44673094,-0.07503074,-0.2819957,0.7231581,-0.14935674,-0.23918128,0.7005036","-0.74532676,-0.19641471,0.13673663","-0.6602625,-0.14527832,0.4614207,-0.1198185,-0.2295204,0.72224206,-0.14935674,-0.23918128,0.7005036",0.0
"-0.6602625,-0.14527832,0.4614207,-0.1198185,-0.2295204,0.72224206,-0.14935674,-0.23918128,0.7005036","-0.35095978,0.047546268,0.07649267","-0.69377667,-0.13874099,0.46963847,-0.15295127,-0.22953656,0.7072545,-0.14935674,-0.23918128,0.7005036",0.0
"0.0,0.0,0.0,2.8652207e-07,0.005789075,0.993462,-0.029473685,0.42590642,0.7237781","0.9486394,0.08385086,0.53160334","0.09058818,0.011529057,0.057110492,0.09840586,0.034818593,0.9837865,-0.029473685,0.42590642,0.7237781",0.0
"0.09058818,0.011529057,0.057110492,0.09840586,0.034818593,0.9837865,-0.029473685,0.42590642,0.7237781","0.9727726,0.55068874,0.7953079","0.1834809,0.08724592,0.14255093,0.30792314,0.20707591,0.889468,-0.029473685,0.42590642,0.7237781",0.0
"0.1834809,0.08724592,0.14255093,0.30792314,0.20707591,0.889468,-0.029473685,0.42590642,0.7237781","0.98714876,-0.32309425,0.803959","0.27774644,0.04282212,0.22892079,0.24020076,0.29520914,0.8476038,-0.029473685,0.42590642,0.7237781",0.0
"0.27774644,0.04282212,0.22892079,0.24020076,0.29520914,0.8476038,-0.029473685,0.42590642,0.7237781","0.9922943,0.2047497,0.7382891","0.37250334,0.07097415,0.3082357,0.19006307,0.4637123,0.7225115,-0.029473685,0.42590642,0.7237781",0.0
"0.37250334,0.07097415,0.3082357,0.19006307,0.4637123,0.7225115,-0.029473685,0.42590642,0.7237781","0.7051072,-0.5418881,0.48822582","0.43983594,-0.0035326825,0.36068615,0.07262305,0.41045886,0.7367146,-0.029473685,0.42590642,0.7237781",0.0
"0.43983594,-0.0035326825,0.36068615,0.07262305,0.41045886,0.7367146,-0.029473685,0.42590642,0.7237781","0.70027566,-0.024040043,0.11725056","0.5067072,-0.006838076,0.37328252,-0.014651935,0.4204093,0.72340417,-0.029473685,0.42590642,0.7237781",0.0
"0.0,0.0,0.0,2.8652207e-07,0.005789075,0.993462,0.43614036,-0.06690058,0.60727465","-0.3361172,0.54307234,0.96320486","-0.032096747,0.074669644,0.10347772,0.29754934,-0.02428687,0.93003947,0.43614036,-0.06690058,0.60727465",0.0
"-0.032096747,0.074669644,0.10347772,0.29754934,-0.02428687,0.93003947,0.43614036,-0.06690058,0.60727465","-0.19574952,0.4976704,0.9672904","-0.0507894,0.14309677,0.20739435,0.534809,-0.08020206,0.7590054,0.43614036,-0.06690058,0.60727465",0.0
"-0.0507894,0.14309677,0.20739435,0.534809,-0.08020206,0.7590054,0.43614036,-0.06690058,0.60727465","-0.014290452,-0.6186162,0.94610524","-0.052154034,0.058040217,0.30903506,0.4748307,-0.07263556,0.7369428,0.43614036,-0.06690058,0.60727465",0.0
"-0.052154034,0.058040217,0.30903506,0.4748307,-0.07263556,0.7369428,0.43614036,-0.06690058,0.60727465","0.1281439,-0.21231693,0.8136344","-0.03991722,0.02884773,0.39644432,0.48832566,-0.05572573,0.65146744,0.43614036,-0.06690058,0.60727465",0.0
"-0.03991722,0.02884773,0.39644432,0.48832566,-0.05572573,0.65146744,0.43614036,-0.06690058,0.60727465","-0.25706178,-0.28413033,0.5544162","-0.064464755,-0.010218734,0.45600566,0.45533746,-0.08758765,0.61001927,0.43614036,-0.06690058,0.60727465",0.0
"-0.064464755,-0.010218734,0.45600566,0.45533746,-0.08758765,0.61001927,0.43614036,-0.06690058,0.60727465","0.21580565,-0.09210354,0.071202755","-0.043856878,-0.022882504,0.46365505,0.4455497,-0.05593483,0.612792,0.43614036,-0.06690058,0.60727465",0.0
"0.0,0.0,0.0,2.8652207e-07,0.005789075,0.993462,-0.0011695907,-0.0057894737,0.23331277","-0.98652714,-0.9514168,0.9840946","-0.09420619,-0.13081492,0.10572195,-0.12670954,0.044687558,0.9710844,-0.0011695907,-0.0057894737,0.23331277",0.0
"-0.09420619,-0.13081492,0.10572195,-0.12670954,0.044687558,0.9710844,-0.0011695907,-0.0057894737,0.23331277","-0.8395612,-0.8328552,0.97956276","-0.17437822,-0.24532828,0.21095705,-0.18919742,0.12221452,0.91538006,-0.0011695907,-0.0057894737,0.23331277",0.0
"-0.17437822,-0.24532828,0.21095705,-0.18919742,0.12221452,0.91538006,-0.0011695907,-0.0057894737,0.23331277","-0.9570669,-0.27597803,0.9794092","-0.26577115,-0.2832739,0.31617567,-0.10005946,0.119125806,0.8717676,-0.0011695907,-0.0057894737,0.23331277",0.0
"-0.26577115,-0.2832739,0.31617567,-0.10005946,0.119125806,0.8717676,-0.0011695907,-0.0057894737,0.23331277","-0.96257526,-0.43007118,0.98487735","-0.3576901,-0.3424065,0.42198175,-0.049583163,0.11680576,0.79514027,-0.0011695907,-0.0057894737,0.23331277",0.0
"-0.3576901,-0.3424065,0.42198175,-0.049583163,0.11680576,0.79514027,-0.0011695907,-0.0057894737,0.23331277","-0.839919,0.85830665,0.99382865","-0.43789625,-0.2243938,0.52874947,0.041502003,-0.18015195,0.67772067,-0.0011695907,-0.0057894737,0.23331277",0.0
"-0.43789625,-0.2243938,0.52874947,0.041502003,-0.18015195,0.67772067,-0.0011695907,-0.0057894737,0.23331277","-0.98243684,-0.9020071,0.95659757","-0.5317118,-0.34841514,0.63151747,-0.0023080441,-0.08129374,0.582852,-0.0011695907,-0.0057894737,0.23331277",0.0
"-0.5317118,-0.34841514,0.63151747,-0.0023080441,-0.08129374,0.582852,-0.0011695907,-0.0057894737,0.23331277","-0.7352536,-0.7668817,0.8727937","-0.6019232,-0.45385748,0.7252823,0.00022161339,-0.017724548,0.4703684,-0.0011695907,-0.0057894737,0.23331277",0.0
"-0.6019232,-0.45385748,0.7252823,0.00022161339,-0.017724548,0.4703684,-0.0011695907,-0.0057894737,0.23331277","-0.89212894,-0.26489484,0.90786195","-0.6871151,-0.4902792,0.8228146,-0.015976267,-0.034411978,0.33530685,-0.0011695907,-0.0057894737,0.23331277",0.0
"-0.6871151,-0.4902792,0.8228146,-0.015976267,-0.034411978,0.33530685,-0.0011695907,-0.0057894737,0.23331277","0.08233476,-0.60666066,0.66946685","-0.6792527,-0.57369196,0.8947359,0.0023466847,-0.00712787,0.23327343,-0.0011695907,-0.0057894737,0.23331277",0.0
"0.0,0.0,0.0,2.8652207e-07,0.005789075,0.993462,-0.57730997,-0.0057894737,0.47593033","-0.5543847,-0.9537482,-0.28930044","-0.052939724,-0.13113548,-0.031079713,-0.3162359,0.05895539,0.93258363,-0.57730997,-0.0057894737,0.47593033",0.0
"-0.052939724,-0.13113548,-0.031079713,-0.3162359,0.05895539,0.93258363,-0.57730997,-0.0057894737,0.47593033","0.28133643,-0.9483096,0.79930055","-0.026074143,-0.2615232,0.05478969,-0.46765977,0.044202548,0.8578973,-0.57730997,-0.0057894737,0.47593033",0.0
"-0.026074143,-0.2615232,0.05478969,-0.46765977,0.044202548,0.8578973,-0.57730997,-0.0057894737,0.47593033","0.2847098,-0.35236037,0.7571033","0.0011135712,-0.30997097,0.13612583,-0.4552638,0.004196476,0.847516,-0.57730997,-0.0057894737,0.47593033",0.0
"0.0011135712,-0.30997097,0.13612583,-0.4552638,0.004196476,0.847516,-0.57730997,-0.0057894737,0.47593033","-0.47763145,-0.9402704,0.33868945","-0.04449677,-0.43925336,0.17251152,-0.6267747,0.09403863,0.69626623,-0.57730997,-0.0057894737,0.47593033",0.0
"-0.04449677,-0.43925336,0.17251152,-0.6267747,0.09403863,0.69626623,-0.57730997,-0.0057894737,0.47593033","0.5532179,-0.30953276,0.89028335","0.00833152,-0.4818126,0.26815528,-0.57783014,-0.009336666,0.68992,-0.57730997,-0.0057894737,0.47593033",0.0
"0.00833152,-0.4818126,0.26815528,-0.57783014,-0.009336666,0.68992,-0.57730997,-0.0057894737,0.47593033","-0.14228725,-0.6870855,0.8477657","-0.0052558817,-0.57628334,0.35923132,-0.5956591,0.015626257,0.59336805,-0.57730997,-0.0057894737,0.47593033",0.0
"-0.0052558817,-0.57628334,0.35923132,-0.5956591,0.015626257,0.59336805,-0.57730997,-0.0057894737,0.47593033","0.2291646,-0.49080336,0.6062052","0.016627673,-0.64376634,0.42435634,-0.5957635,-0.025352288,0.518966,-0.57730997,-0.0057894737,0.47593033",0.0
"0.016627673,-0.64376634,0.42435634,-0.5957635,-0.025352288,0.518966,-0.57730997,-0.0057894737,0.47593033","-0.24659735,-0.18739766,0.32688832","-0.006920584,-0.6695326,0.45947418,-0.579324,0.018387932,0.49282432,-0.57730997,-0.0057894737,0.47593033",0.0
"-0.006920584,-0.6695326,0.45947418,-0.579324,0.018387932,0.49282432,-0.57730997,-0.0057894737,0.47593033","0.0048075914,-0.13575757,0.18905127","-0.0064614937,-0.6881986,0.4797841,-0.5732722,0.017429143,0.47192672,-0.57730997,-0.0057894737,0.47593033",0.0
"-0.0064614937,-0.6881986,0.4797841,-0.5732722,0.017429143,0.47192672,-0.57730997,-0.0057894737,0.47593033","0.35224378,-0.07384455,-0.06523824","0.02717523,-0.6983519,0.47277558,-0.59298587,-0.044938087,0.45547298,-0.57730997,-0.0057894737,0.47593033",0.0
"0.02717523,-0.6983519,0.47277558,-0.59298587,-0.044938087,0.45547298,-0.57730997,-0.0057894737,0.47593033","-0.13161111,0.11381292,-0.08548701","0.014607326,-0.68270326,0.46359172,-0.5890571,-0.021255724,0.4752359,-0.57730997,-0.0057894737,0.47593033",0.0
"0.014607326,-0.68270326,0.46359172,-0.5890571,-0.021255724,0.4752359,-0.57730997,-0.0057894737,0.47593033","-0.129605,-0.021691144,0.1286428","0.0022309895,-0.68568575,0.47741193,-0.57390285,0.0017669095,0.47484457,-0.57730997,-0.0057894737,0.47593033",0.0
"0.0,0.0,0.0,2.8652207e-07,0.005789075,0.993462,0.2965497,0.44333333,0.78797925","0.94117737,0.7311063,0.8927475","0.08987562,0.10052335,0.09590843,0.3264351,0.10072784,0.9151998,0.2965497,0.44333333,0.78797925",0.0
"0.08987562,0.10052335,0.09590843,0.3264351,0.10072784,0.9151998,0.2965497,0.44333333,0.78797925","0.83210695,0.62865317,0.5114789","0.1693358,0.18695994,0.15085693,0.4837474,0.2914446,0.7667246,0.2965497,0.44333333,0.78797925",0.0
"0.1693358,0.18695994,0.15085693,0.4837474,0.2914446,0.7667246,0.2965497,0.44333333,0.78797925","0.6873473,-0.30400068,0.11886597","0.23497248,0.14516144,0.1636268,0.36837873,0.34296814,0.8068754,0.2965497,0.44333333,0.78797925",0.0
"0.23497248,0.14516144,0.1636268,0.36837873,0.34296814,0.8068754,0.2965497,0.44333333,0.78797925","0.44975567,0.024202943,0.13411105","0.27792087,0.14848922,0.17803445,0.33173925,0.40472528,0.7866179,0.2965497,0.44333333,0.78797925",0.0
"0.27792087,0.14848922,0.17803445,0.33173925,0.40472528,0.7866179,0.2965497,0.44333333,0.78797925","0.21559942,-0.09144282,0.09840989","0.29850903,0.13591632,0.18860671,0.29767078,0.41548684,0.79038894,0.2965497,0.44333333,0.78797925",0.0
"0.29850903,0.13591632,0.18860671,0.29767078,0.41548684,0.79038894,0.2965497,0.44333333,0.78797925","-0.01212877,0.026221514,0.03699732","0.29735082,0.13952164,0.19258139,0.3051815,0.4225175,0.78125983,0.2965497,0.44333333,0.78797925",0.0
"0.29735082,0.13952164,0.19258139,0.3051815,0.4225175,0.78125983,0.2965497,0.44333333,0.78797925","-0.07117212,-0.04751712,0.0013570786","0.2905544,0.13298829,0.19272718,0.30717292,0.40690058,0.78930646,0.2965497,0.44333333,0.78797925",0.0
"0.2905544,0.13298829,0.19272718,0.30717292,0.40690058,0.78930646,0.2965497,0.44333333,0.78797925","-0.060913444,-0.059758127,-0.014213562","0.28473762,0.124771856,0.19120024,0.30447873,0.38866115,0.80110097,0.2965497,0.44333333,0.78797925",0.0
"0.28473762,0.124771856,0.19120024,0.30447873,0.38866115,0.80110097,0.2965497,0.44333333,0.78797925","0.14791942,0.11025691,0.053526044","0.29886287,0.13993162,0.19695058,0.3059761,0.4277944,0.77561826,0.2965497,0.44333333,0.78797925",0.0
"0.29886287,0.13993162,0.19695058,0.3059761,0.4277944,0.77561826,0.2965497,0.44333333,0.78797925","0.05673802,-0.048888028,-0.0036225915","0.30428094,0.13320976,0.19656144,0.29164654,0.42302266,0.7845975,0.2965497,0.44333333,0.78797925",0.0
"0.30428094,0.13320976,0.19656144,0.29164654,0.42302266,0.7845975,0.2965497,0.44333333,0.78797925","0.062407374,-0.004719317,0.051474333","0.3102404,0.1325609,0.20209138,0.28590852,0.43169868,0.7789485,0.2965497,0.44333333,0.78797925",0.0
"0.3102404,0.1325609,0.20209138,0.28590852,0.43169868,0.7789485,0.2965497,0.44333333,0.78797925","-0.09250367,0.018129468,-0.021802902","0.30140698,0.13505359,0.1997491,0.299069,0.42539412,0.7785477,0.2965497,0.44333333,0.78797925",0.0
"0.30140698,0.13505359,0.1997491,0.299069,0.42539412,0.7785477,0.2965497,0.44333333,0.78797925","-0.035439134,0.008957386,-0.05724293","0.29802278,0.1362852,0.19359948,0.3014786,0.41934294,0.78417224,0.2965497,0.44333333,0.78797925",0.0
"0.29802278,0.1362852,0.19359948,0.3014786,0.41934294,0.78417224,0.2965497,0.44333333,0.78797925","0.014417648,0.009877205,0.07420325","0.29939955,0.13764328,0.2015712,0.3053885,0.4284936,0.7730919,0.2965497,0.44333333,0.78797925",0.0
"0.29939955,0.13764328,0.2015712,0.3053885,0.4284936,0.7730919,0.2965497,0.44333333,0.78797925","0.10586262,-0.02748841,-0.015394568","0.30950868,0.13386378,0.19991738,0.28705978,0.43127415,0.7798563,0.2965497,0.44333333,0.78797925",0.0
"0.0,0.0,0.0,2.8652207e-07,0.005789075,0.993462,-0.0011695907,-0.0057894737,0.23331277","-0.96613777,-0.4202335,0.97561526","-0.09225915,-0.05777996,0.104811,0.02157734,-0.0003940442,0.981337,-0.0011695907,-0.0057894737,0.23331277",0.0
"-0.09225915,-0.05777996,0.104811,0.02157734,-0.0003940442,0.981337,-0.0011695907,-0.0057894737,0.23331277","-0.93847394,-0.9507031,0.94607925","-0.18187661,-0.18849677,0.20644893,-0.093867436,0.067231774,0.9397807,-0.0011695907,-0.0057894737,0.23331277",0.0
"-0.18187661,-0.18849677,0.20644893,-0.093867436,0.067231774,0.9397807,-0.0011695907,-0.0057894737,0.23331277","-0.14129293,-0.7051811,0.7945461","-0.19536908,-0.2854556,0.2918076,-0.15430002,0.11579336,0.8794531,-0.0011695907,-0.0057894737,0.23331277",0.0
"-0.19536908,-0.2854556,0.2918076,-0.15430002,0.11579336,0.8794531,-0.0011695907,-0.0057894737,0.23331277","-0.82305396,-0.37863982,0.97304225","-0.27396476,-0.3375167,0.39634222,-0.09399732,0.11821547,0.8124089,-0.0011695907,-0.0057894737,0.23331277",0.0
"-0.27396476,-0.3375167,0.39634222,-0.09399732,0.11821547,0.8124089,-0.0011695907,-0.0057894737,0.23331277","-0.3907532,-0.8429227,0.9800675","-0.31127885,-0.45341426,0.50163156,-0.11418121,0.17983496,0.69779694,-0.0011695907,-0.0057894737,0.23331277",0.0
"-0.31127885,-0.45341426,0.50163156,-0.11418121,0.17983496,0.69779694,-0.0011695907,-0.0057894737,0.23331277","-0.8953894,-0.6784296,0.811563","-0.39678204,-0.5466949,0.5888183,-0.07134354,0.23041953,0.58888656,-0.0011695907,-0.0057894737,0.23331277",0.0
"-0.39678204,-0.5466949,0.5888183,-0.07134354,0.23041953,0.58888656,-0.0011695907,-0.0057894737,0.23331277","-0.97906274,0.12849796,0.97705626","-0.4902754,-0.5290271,0.6937842,0.0027579917,0.09929224,0.5017048,-0.0011695907,-0.0057894737,0.23331277",0.0
"-0.4902754,-0.5290271,0.6937842,0.0027579917,0.09929224,0.5017048,-0.0011695907,-0.0057894737,0.23331277","-0.94635123,0.13658655,0.9151375","-0.5806451,-0.51024723,0.79209805,0.005114316,-0.0033445088,0.38028553,-0.0011695907,-0.0057894737,0.23331277",0.0
"-0.5806451,-0.51024723,0.79209805,0.005114316,-0.0033445088,0.38028553,-0.0011695907,-0.0057894737,0.23331277","-0.48303413,-0.38580358,0.68424404","-0.62677133,-0.5632933,0.8656069,0.0060088392,-0.00064693694,0.27588603,-0.0011695907,-0.0057894737,0.23331277",0.0
"-0.62677133,-0.5632933,0.8656069,0.0060088392,-0.00064693694,0.27588603,-0.0011695907,-0.0057894737,0.23331277","-0.89909595,-0.040843844,0.29305255","-0.7126285,-0.5689091,0.8970898,-0.0010643394,-0.010695639,0.22969957,-0.0011695907,-0.0057894737,0.23331277",0.0
"0.0,0.0,0.0,2.8652207e-07,0.005789075,0.993462,0.0034502926,0.0047953217,0.23331277","-0.6224767,-0.4343137,0.9187026","-0.05944202,-0.059715915,0.09869683,0.009132558,0.004166045,0.9828879,0.0034502926,0.0047953217,0.23331277",0.0
"-0.05944202,-0.059715915,0.09869683,0.009132558,0.004166045,0.9828879,0.0034502926,0.0047953217,0.23331277","0.12620652,-0.9090593,0.8704066","-0.047390226,-0.18470693,0.19220522,-0.12487519,0.024583995,0.9442124,0.0034502926,0.0047953217,0.23331277",0.0
"-0.047390226,-0.18470693,0.19220522,-0.12487519,0.024583995,0.9442124,0.0034502926,0.0047953217,0.23331277","0.13138258,-0.8721761,0.8610884","-0.03484415,-0.3046267,0.28471258,-0.23770946,0.03194957,0.87111455,0.0034502926,0.0047953217,0.23331277",0.0
"-0.03484415,-0.3046267,0.28471258,-0.23770946,0.03194957,0.87111455,0.0034502926,0.0047953217,0.23331277","-0.4135692,-0.14581656,0.77800834","-0.07433701,-0.32467577,0.3682946,-0.15840323,0.043631125,0.8321572,0.0034502926,0.0047953217,0.23331277",0.0
"-0.07433701,-0.32467577,0.3682946,-0.15840323,0.043631125,0.8321572,0.0034502926,0.0047953217,0.23331277","-0.41028214,-0.6679814,0.9576621","-0.11351599,-0.41651982,0.47117692,-0.17777064,0.072406515,0.7349476,0.0034502926,0.0047953217,0.23331277",0.0
"-0.11351599,-0.41651982,0.47117692,-0.17777064,0.072406515,0.7349476,0.0034502926,0.0047953217,0.23331277","-0.09506512,0.05826974,0.9365325","-0.12259403,-0.4085081,0.57178926,-0.053647064,0.027994627,0.6547658,0.0034502926,0.0047953217,0.23331277",0.0
"-0.12259403,-0.4085081,0.57178926,-0.053647064,0.027994627,0.6547658,0.0034502926,0.0047953217,0.23331277","0.48208833,-0.45719934,0.92885876","-0.0765581,-0.4713707,0.6715772,-0.045856558,0.01720773,0.5373834,0.0034502926,0.0047953217,0.23331277",0.0
"-0.0765581,-0.4713707,0.6715772,-0.045856558,0.01720773,0.5373834,0.0034502926,0.0047953217,0.23331277","0.24447155,0.20034766,0.755831","-0.053212844,-0.443824,0.7527766,0.046161577,-0.001918616,0.43166927,0.0034502926,0.0047953217,0.23331277",0.0
"-0.053212844,-0.443824,0.7527766,0.046161577,-0.001918616,0.43166927,0.0034502926,0.0047953217,0.23331277","-0.8305379,-0.7872293,0.93592954","-0.13252318,-0.552064,0.85332423,0.002900424,0.0050475025,0.29365292,0.0034502926,0.0047953217,0.23331277",0.0
"-0.13252318,-0.552064,0.85332423,0.002900424,0.0050475025,0.29365292,0.0034502926,0.0047953217,0.23331277","-0.46650034,-0.26588607,0.45456946","-0.17707059,-0.58862203,0.902159,0.001406247,0.0059429687,0.22236106,0.0034502926,0.0047953217,0.23331277",0.0
"0.0,0.0,0.0,2.8652207e-07,0.005789075,0.993462,-0.27222222,-0.09959064,0.43591902","-0.24816728,-0.9437597,0.9702673","-0.023698187,-0.12976211,0.10423646,-0.13326791,0.015745312,0.9714496,-0.27222222,-0.09959064,0.43591902",0.0
"-0.023698187,-0.12976211,0.10423646,-0.13326791,0.015745312,0.9714496,-0.27222222,-0.09959064,0.43591902","0.6384156,-0.97735953,0.92300284","0.037265856,-0.2641441,0.20339529,-0.2722718,-0.02619338,0.9042038,-0.27222222,-0.09959064,0.43591902",0.0
"0.037265856,-0.2641441,0.20339529,-0.2722718,-0.02619338,0.9042038,-0.27222222,-0.09959064,0.43591902","-0.46751374,-0.977401,0.9064746","-0.007378317,-0.39853173,0.30077848,-0.39212742,0.014881578,0.7971909,-0.27222222,-0.09959064,0.43591902",0.0
"-0.007378317,-0.39853173,0.30077848,-0.39212742,0.014881578,0.7971909,-0.27222222,-0.09959064,0.43591902","0.30305934,-0.834283,0.64096475","0.021561647,-0.51324135,0.36963782,-0.4877816,-0.02728949,0.67964286,-0.27222222,-0.09959064,0.43591902",0.0
"0.021561647,-0.51324135,0.36963782,-0.4877816,-0.02728949,0.67964286,-0.27222222,-0.09959064,0.43591902","0.39753413,-0.029751718,0.9623383","0.059523266,-0.51733214,0.4730225,-0.34612682,-0.059598226,0.6670526,-0.27222222,-0.09959064,0.43591902",0.0
"0.059523266,-0.51733214,0.4730225,-0.34612682,-0.059598226,0.6670526,-0.27222222,-0.09959064,0.43591902","0.67636025,-0.5927557,0.93224406","0.124110766,-0.598833,0.5731741,-0.30938992,-0.120883234,0.56130004,-0.27222222,-0.09959064,0.43591902",0.0
"0.124110766,-0.598833,0.5731741,-0.30938992,-0.120883234,0.56130004,-0.27222222,-0.09959064,0.43591902","0.05302775,-0.48957753,0.8007381","0.12917453,-0.6661475,0.6591979,-0.27965602,-0.113857225,0.46427613,-0.27222222,-0.09959064,0.43591902",0.0
"0.12917453,-0.6661475,0.6591979,-0.27965602,-0.113857225,0.46427613,-0.27222222,-0.09959064,0.43591902","-0.12537771,-0.09287566,0.2876606","0.11720187,-0.6789174,0.6901015,-0.26014066,-0.09415582,0.4357516,-0.27222222,-0.09959064,0.43591902",0.0
"0.0,0.0,0.0,2.8652207e-07,0.005789075,0.993462,0.03491228,-0.06403509,0.2237676","-0.9154973,-0.9258195,0.96103454","-0.08742336,-0.12729543,0.10324458,-0.12375822,0.040885802,0.9722591,0.03491228,-0.06403509,0.2237676",0.0
"-0.08742336,-0.12729543,0.10324458,-0.12375822,0.040885802,0.9722591,0.03491228,-0.06403509,0.2237676","-0.9261989,0.23908544,0.95826983","-0.17586865,-0.094422445,0.20619218,0.07080717,-0.03685594,0.94399786,0.03491228,-0.06403509,0.2237676",0.0
"-0.17586865,-0.094422445,0.20619218,0.07080717,-0.03685594,0.94399786,0.03491228,-0.06403509,0.2237676","-0.061617672,-0.18084043,0.9779786","-0.18175271,-0.11928709,0.31125706,0.13675523,-0.08096695,0.8743903,0.03491228,-0.06403509,0.2237676",0.0
"-0.18175271,-0.11928709,0.31125706,0.13675523,-0.08096695,0.8743903,0.03491228,-0.06403509,0.2237676","-0.29757082,-0.6027746,0.9240203","-0.21016859,-0.20216553,0.41052523,0.09292264,-0.06482747,0.80722404,0.03491228,-0.06403509,0.2237676",0.0
"-0.21016859,-0.20216553,0.41052523,0.09292264,-0.06482747,0.80722404,0.03491228,-0.06403509,0.2237676","-0.58516395,-0.43470263,0.92849827","-0.2660475,-0.26193494,0.51027447,0.07770788,-0.077333435,0.71416515,0.03491228,-0.06403509,0.2237676",0.0
"-0.2660475,-0.26193494,0.51027447,0.07770788,-0.077333435,0.71416515,0.03491228,-0.06403509,0.2237676","-0.13521188,-0.12890416,0.8546339","-0.27895927,-0.27965865,0.6020884,0.10409701,-0.11595121,0.60260624,0.03491228,-0.06403509,0.2237676",0.0
"-0.27895927,-0.27965865,0.6020884,0.10409701,-0.11595121,0.60260624,0.03491228,-0.06403509,0.2237676","-0.3061713,-0.5821024,0.82167184","-0.3081964,-0.35969472,0.69036114,0.06469269,-0.08382739,0.5047952,0.03491228,-0.06403509,0.2237676",0.0
"-0.3081964,-0.35969472,0.69036114,0.06469269,-0.08382739,0.5047952,0.03491228,-0.06403509,0.2237676","-0.36686808,-0.64547384,0.9604397","-0.34322962,-0.4484441,0.7935419,0.034662012,-0.05235038,0.37334004,0.03491228,-0.06403509,0.2237676",0.0
"-0.34322962,-0.4484441,0.7935419,0.034662012,-0.05235038,0.37334004,0.03491228,-0.06403509,0.2237676","-0.41521478,-0.4043417,0.7530496","-0.3828796,-0.50403905,0.8744426,0.022179805,-0.041440357,0.25945604,0.03491228,-0.06403509,0.2237676",0.0
"-0.3828796,-0.50403905,0.8744426,0.022179805,-0.041440357,0.25945604,0.03491228,-0.06403509,0.2237676","-0.2436645,0.15662408,0.17394495","-0.40614784,-0.48250413,0.89312965,0.024861813,-0.06194152,0.2277761,0.03491228,-0.06403509,0.2237676",0.0
"0.0,0.0,0.0,2.8652207e-07,0.005789075,0.993462,0.121286556,0.08707602,0.83518213","0.34685802,-0.18335235,0.9267043","0.033122417,-0.025210017,0.099556446,0.08236094,0.0144218225,0.97878456,0.121286556,0.08707602,0.83518213",0.0
"0.033122417,-0.025210017,0.099556446,0.08236094,0.0144218225,0.97878456,0.121286556,0.08707602,0.83518213","0.7902869,-0.24549717,0.7296212","0.108589076,-0.05896463,0.17794016,0.1079336,0.04446211,0.95142287,0.121286556,0.08707602,0.83518213",0.0
"0.108589076,-0.05896463,0.17794016,0.1079336,0.04446211,0.95142287,0.121286556,0.08707602,0.83518213","0.46667004,-0.3363706,0.7820914","0.15315266,-0.10521387,0.26196077,0.11089983,0.064427555,0.9100138,0.121286556,0.08707602,0.83518213",0.0
"0.15315266,-0.10521387,0.26196077,0.11089983,0.064427555,0.9100138,0.121286556,0.08707602,0.83518213","0.18474245,-0.2550069,0.68340755","0.1707942,-0.14027604,0.33537975,0.1224133,0.07954372,0.8603206,0.121286556,0.08707602,0.83518213",0.0
"0.1707942,-0.14027604,0.33537975,0.1224133,0.07954372,0.8603206,0.121286556,0.08707602,0.83518213","0.09834862,-0.18101078,0.31393242","0.18018578,-0.16516411,0.36910576,0.11200541,0.07803175,0.837013,0.121286556,0.08707602,0.83518213",0.0
"0.0,0.0,0.0,2.8652207e-07,0.005789075,0.993462,0.2897661,-0.0057894737,0.43591902","0.30880582,0.36402106,0.9678104","0.029488718,0.05005102,0.10397249,0.24675852,0.028739655,0.9461437,0.2897661,-0.0057894737,0.43591902",0.0
"0.029488718,0.05005102,0.10397249,0.24675852,0.028739655,0.9461437,0.2897661,-0.0057894737,0.43591902","-0.33915824,-0.013770461,0.6252508","-0.002898431,0.048157647,0.1711436,0.32712957,0.0028105583,0.8980818,0.2897661,-0.0057894737,0.43591902",0.0
"-0.002898431,0.048157647,0.1711436,0.32712957,0.0028105583,0.8980818,0.2897661,-0.0057894737,0.43591902","0.62577474,-0.08494586,0.924358","0.056858517,0.036478024,0.270448,0.40232557,0.07852302,0.80798334,0.2897661,-0.0057894737,0.43591902",0.0
"0.056858517,0.036478024,0.270448,0.40232557,0.07852302,0.80798334,0.2897661,-0.0057894737,0.43591902","-0.3896836,-0.4149961,0.9465251","0.019646559,-0.020581812,0.3721338,0.3958859,0.030266074,0.7386302,0.2897661,-0.0057894737,0.43591902",0.0
"0.019646559,-0.020581812,0.3721338,0.3958859,0.030266074,0.7386302,0.2897661,-0.0057894737,0.43591902","0.19474685,-0.29235864,0.9609289","0.038243465,-0.06077963,0.47536704,0.3961647,0.05365899,0.6348628,0.2897661,-0.0057894737,0.43591902",0.0
"0.038243465,-0.06077963,0.47536704,0.3961647,0.05365899,0.6348628,0.2897661,-0.0057894737,0.43591902","-0.2576362,-0.47328544,0.8203759","0.013641073,-0.12585396,0.5635006,0.34707916,0.020677604,0.5638618,0.2897661,-0.0057894737,0.43591902",0.0
"0.013641073,-0.12585396,0.5635006,0.34707916,0.020677604,0.5638618,0.2897661,-0.0057894737,0.43591902","-0.16988623,-0.21071267,0.7757945","-0.002581835,-0.15482587,0.64684474,0.33364755,0.003083048,0.46033973,0.2897661,-0.0057894737,0.43591902",0.0
"-0.002581835,-0.15482587,0.64684474,0.33364755,0.003083048,0.46033973,0.2897661,-0.0057894737,0.43591902","-0.15924954,-0.21988499,0.35536098","-0.017789017,-0.18505894,0.6850214,0.30474654,-0.011250443,0.42449638,0.2897661,-0.0057894737,0.43591902",0.0
"-0.017789017,-0.18505894,0.6850214,0.30474654,-0.011250443,0.42449638,0.2897661,-0.0057894737,0.43591902","-0.023220122,-0.029163778,-0.084733725","-0.02000638,-0.18906882,0.67591846,0.29935917,-0.01303948,0.44161773,0.2897661,-0.0057894737,0.43591902",0.0
"0.0,0.0,0.0,2.8652207e-07,0.005789075,0.993462,-0.29783627,-0.0057894737,0.5737357","0.0012943745,-0.89255095,0.8993654","0.00012359003,-0.12272118,0.09661943,-0.12972094,0.0057388106,0.9737745,-0.29783627,-0.0057894737,0.5737357",0.0
"0.00012359003,-0.12272118,0.09661943,-0.12972094,0.0057388106,0.9737745,-0.29783627,-0.0057894737,0.5737357","-0.5891316,-0.7946871,0.96622276","-0.05613421,-0.23198661,0.20042141,-0.20852417,0.043039806,0.92338973,-0.29783627,-0.0057894737,0.5737357",0.0
"-0.05613421,-0.23198661,0.20042141,-0.20852417,0.043039806,0.92338973,-0.29783627,-0.0057894737,0.5737357","0.044169307,-0.5795972,0.87029517","-0.05191637,-0.3116783,0.29391783,-0.23647974,0.04478264,0.8650412,-0.29783627,-0.0057894737,0.5737357",0.0
"-0.05191637,-0.3116783,0.29391783,-0.23647974,0.04478264,0.8650412,-0.29783627,-0.0057894737,0.5737357","0.29685116,-0.85908175,0.9822326","-0.023569243,-0.42979765,0.39943978,-0.30876577,0.02870955,0.75903654,-0.29783627,-0.0057894737,0.5737357",0.0
"-0.023569243,-0.42979765,0.39943978,-0.30876577,0.02870955,0.75903654,-0.29783627,-0.0057894737,0.5737357","0.20720291,-0.6249589,0.9717517","-0.003782872,-0.5157263,0.50383574,-0.3068293,0.009436238,0.657056,-0.29783627,-0.0057894737,0.5737357",0.0
"-0.003782872,-0.5157263,0.50383574,-0.3068293,0.009436238,0.657056,-0.29783627,-0.0057894737,0.5737357","-0.04084432,-0.42705286,0.5613203","-0.00768321,-0.574444,0.56413877,-0.31101394,0.013299454,0.58471864,-0.29783627,-0.0057894737,0.5737357",0.0
"-0.00768321,-0.574444,0.56413877,-0.31101394,0.013299454,0.58471864,-0.29783627,-0.0057894737,0.5737357","0.318022,0.03311181,0.16268516","0.02268558,-0.56989133,0.5816162,-0.28181392,-0.014314726,0.5786248,-0.29783627,-0.0057894737,0.5737357",0.0
"0.02268558,-0.56989133,0.5816162,-0.28181392,-0.014314726,0.5786248,-0.29783627,-0.0057894737,0.5737357","0.029224515,-0.046512604,-0.033328235","0.025476307,-0.5762866,0.5780358,-0.29497734,-0.017851546,0.5761343,-0.29783627,-0.0057894737,0.5737357",0.0
"0.0,0.0,0.0,2.8652207e-07,0.005789075,0.993462,-0.51906437,-0.2743275,0.5930222","0.19814241,-0.9907267,-0.022302985","0.018921154,-0.13621983,-0.0023960036,-0.2941676,-0.011707403,0.9436245,-0.51906437,-0.2743275,0.5930222",0.0
"0.018921154,-0.13621983,-0.0023960036,-0.2941676,-0.011707403,0.9436245,-0.51906437,-0.2743275,0.5930222","0.56367254,-0.9635857,0.8805989","0.07274779,-0.26870796,0.09220733,-0.424863,-0.09288288,0.87125725,-0.51906437,-0.2743275,0.5930222",0.0
"0.07274779,-0.26870796,0.09220733,-0.424863,-0.09288288,0.87125725,-0.51906437,-0.2743275,0.5930222","0.51798034,-0.9072483,0.938396","0.12221115,-0.39344996,0.19301987,-0.4945304,-0.19353993,0.77381265,-0.51906437,-0.2743275,0.5930222",0.0
"0.12221115,-0.39344996,0.19301987,-0.4945304,-0.19353993,0.77381265,-0.51906437,-0.2743275,0.5930222","0.19772804,-0.6354159,0.8529872","0.14109275,-0.48081642,0.28465685,-0.50307614,-0.23243454,0.6983715,-0.51906437,-0.2743275,0.5930222",0.0
"0.14109275,-0.48081642,0.28465685,-0.50307614,-0.23243454,0.6983715,-0.51906437,-0.2743275,0.5930222","0.67416656,-0.480978,0.5272052","0.20547076,-0.5469485,0.3412949,-0.46549138,-0.3433322,0.6285373,-0.51906437,-0.2743275,0.5930222",0.0
"0.20547076,-0.5469485,0.3412949,-0.46549138,-0.3433322,0.6285373,-0.51906437,-0.2743275,0.5930222","-0.18478453,-0.19553995,0.046776414","0.18782517,-0.57383424,0.34632018,-0.5099177,-0.33450356,0.59160143,-0.51906437,-0.2743275,0.5930222",0.0
"0.18782517,-0.57383424,0.34632018,-0.5099177,-0.33450356,0.59160143,-0.51906437,-0.2743275,0.5930222","-0.3535186,-0.01173991,0.19287968","0.15406671,-0.57544845,0.3670414,-0.5196896,-0.26667377,0.5974958,-0.51906437,-0.2743275,0.5930222",0.0
"0.0,0.0,0.0,2.8652207e-07,0.005789075,0.993462,0.015438597,0.0374269,0.52215254","0.7474935,-0.38146228,0.974607","0.0713802,-0.05244912,0.104702674,0.029985974,0.012777015,0.9810223,0.015438597,0.0374269,0.52215254",0.0
"0.0713802,-0.05244912,0.104702674,0.029985974,0.012777015,0.9810223,0.015438597,0.0374269,0.52215254","0.8214674,-0.6327583,0.94806945","0.14982435,-0.13945016,0.20655441,-0.014618639,-0.00094303436,0.9474554,0.015438597,0.0374269,0.52215254",0.0
"0.14982435,-0.13945016,0.20655441,-0.014618639,-0.00094303436,0.9474554,0.015438597,0.0374269,0.52215254","0.8113247,-0.2711491,0.9791393","0.22729994,-0.1767318,0.31174403,0.031886566,0.035295304,0.8884482,0.015438597,0.0374269,0.52215254",0.0
"0.22729994,-0.1767318,0.31174403,0.031886566,0.035295304,0.8884482,0.015438597,0.0374269,0.52215254","0.9186082,-0.23171002,0.9462284","0.31502032,-0.20859078,0.413398,0.052594457,0.09062461,0.8060339,0.015438597,0.0374269,0.52215254",0.0
"0.31502032,-0.20859078,0.413398,0.052594457,0.09062461,0.8060339,0.015438597,0.0374269,0.52215254","0.46012485,-0.83704937,0.9569583","0.35895893,-0.3236808,0.5162047,0.0010714327,0.0157605,0.7169118,0.015438597,0.0374269,0.52215254",0.0
"0.35895893,-0.3236808,0.5162047,0.0010714327,0.0157605,0.7169118,0.015438597,0.0374269,0.52215254","-0.4951296,-0.4994167,0.9913149","0.31167763,-0.39234808,0.62270236,0.0024745602,0.014062909,0.599051,0.015438597,0.0374269,0.52215254",0.0
"0.31167763,-0.39234808,0.62270236,0.0024745602,0.014062909,0.599051,0.015438597,0.0374269,0.52215254","0.3594128,-0.10489094,0.54892504","0.34599894,-0.40677008,0.68167377,0.014315039,0.039688855,0.525245,0.015438597,0.0374269,0.52215254",0.0
"0.0,0.0,0.0,2.8652207e-07,0.005789075,0.993462,0.06666667,-0.029473683,0.2237676","-0.8198868,-0.53725564,0.9889953","-0.07829326,-0.07386991,0.10624842,-0.009984496,0.008475438,0.9811766,0.06666667,-0.029473683,0.2237676",0.0
"-0.07829326,-0.07386991,0.10624842,-0.009984496,0.008475438,0.9811766,0.06666667,-0.029473683,0.2237676","-0.24086171,-0.089076996,0.99237037","-0.10129381,-0.08611756,0.21285945,0.10191742,-0.027478505,0.93818504,0.06666667,-0.029473683,0.2237676",0.0
"-0.10129381,-0.08611756,0.21285945,0.10191742,-0.027478505,0.93818504,0.06666667,-0.029473683,0.2237676","-0.6119886,-0.5316319,0.9567733","-0.1597343,-0.15921424,0.31564626,0.078428805,-0.03642815,0.8826243,0.06666667,-0.029473683,0.2237676",0.0
"-0.1597343,-0.15921424,0.31564626,0.078428805,-0.03642815,0.8826243,0.06666667,-0.029473683,0.2237676","0.7631643,-0.38627863,0.8017596","-0.08685766,-0.2123256,0.40177986,0.08362488,-0.017391032,0.81828743,0.06666667,-0.029473683,0.2237676",0.0
"-0.08685766,-0.2123256,0.40177986,0.08362488,-0.017391032,0.81828743,0.06666667,-0.029473683,0.2237676","-0.68078506,0.11205268,0.94018006","-0.1518677,-0.19691896,0.5027841,0.18727939,-0.090295054,0.69824386,0.06666667,-0.029473683,0.2237676",0.0
"-0.1518677,-0.19691896,0.5027841,0.18727939,-0.090295054,0.69824386,0.06666667,-0.029473683,0.2237676","0.2969154,-0.77236295,0.9691839","-0.12351445,-0.3031149,0.6069042,0.11884142,-0.042323027,0.60413677,0.06666667,-0.029473683,0.2237676",0.0
"-0.12351445,-0.3031149,0.6069042,0.11884142,-0.042323027,0.60413677,0.06666667,-0.029473683,0.2237676","-0.44888234,0.04860449,0.92435193","-0.16637945,-0.29643208,0.70620793,0.16511242,-0.08844793,0.45875442,0.06666667,-0.029473683,0.2237676",0.0
"-0.16637945,-0.29643208,0.70620793,0.16511242,-0.08844793,0.45875442,0.06666667,-0.029473683,0.2237676","-0.094733715,-0.7365316,0.80045104","-0.17542583,-0.3977014,0.79220104,0.09697889,-0.052811988,0.36465004,0.06666667,-0.029473683,0.2237676",0.0
"-0.17542583,-0.3977014,0.79220104,0.09697889,-0.052811988,0.36465004,0.06666667,-0.029473683,0.2237676","0.19969153,-0.49381673,0.76774096","-0.15635674,-0.46559867,0.87468004,0.068695985,-0.03018281,0.25339392,0.06666667,-0.029473683,0.2237676",0.0
"-0.15635674,-0.46559867,0.87468004,0.068695985,-0.03018281,0.25339392,0.06666667,-0.029473683,0.2237676","0.19794083,-0.11510795,0.18967462","-0.13745484,-0.4814255,0.89505696,0.0637764,-0.023015905,0.22461502,0.06666667,-0.029473683,0.2237676",0.0
"0.0,0.0,0.0,2.8652207e-07,0.005789075,0.993462,0.657193,-0.0057894737,0.51169205","-0.27261198,0.80788493,0.71606135","-0.02603246,0.11108002,0.07692692,0.33864662,-0.021949021,0.919908,0.657193,-0.0057894737,0.51169205",0.0
"-0.02603246,0.11108002,0.07692692,0.33864662,-0.021949021,0.919908,0.657193,-0.0057894737,0.51169205","0.11931968,0.8111434,0.9865866","-0.014638294,0.22260806,0.18291655,0.6500541,-0.024120305,0.6742497,0.657193,-0.0057894737,0.51169205",0.0
"-0.014638294,0.22260806,0.18291655,0.6500541,-0.024120305,0.6742497,0.657193,-0.0057894737,0.51169205","0.21483135,-0.04525405,0.901991","0.005876545,0.21638589,0.279818,0.6995525,0.01870675,0.5484327,0.657193,-0.0057894737,0.51169205",0.0
"0.005876545,0.21638589,0.279818,0.6995525,0.01870675,0.5484327,0.657193,-0.0057894737,0.51169205","-0.14777064,-0.27043533,0.48796618","-0.008234477,0.17920244,0.33224055,0.6724598,-0.011608508,0.53217065,0.657193,-0.0057894737,0.51169205",0.0
"-0.008234477,0.17920244,0.33224055,0.6724598,-0.011608508,0.53217065,0.657193,-0.0057894737,0.51169205","0.11571813,-0.16685832,0.22851789","0.0028157667,0.15626028,0.3567904,0.65158606,0.011553593,0.5320291,0.657193,-0.0057894737,0.51169205",0.0
"0.0028157667,0.15626028,0.3567904,0.65158606,0.011553593,0.5320291,0.657193,-0.0057894737,0.51169205","-0.04542482,-0.0077769756,0.091077924","-0.0015219714,0.155191,0.366575,0.65333515,0.002665396,0.5188298,0.657193,-0.0057894737,0.51169205",0.0
"0.0,0.0,0.0,2.8652207e-07,0.005789075,0.993462,-0.10017544,-0.4191228,0.47972226","-0.96387565,0.15515018,0.88635707","-0.09204313,0.021332344,0.09522191,0.17100397,-0.0448339,0.9657994,-0.10017544,-0.4191228,0.47972226",0.0
"-0.09204313,0.021332344,0.09522191,0.17100397,-0.0448339,0.9657994,-0.10017544,-0.4191228,0.47972226","-0.9821264,0.41647768,0.7862804","-0.18582907,0.07859588,0.17969254,0.33368954,-0.21350132,0.8633782,-0.10017544,-0.4191228,0.47972226",0.0
"-0.18582907,0.07859588,0.17969254,0.33368954,-0.21350132,0.8633782,-0.10017544,-0.4191228,0.47972226","-0.956244,-0.379937,0.75009966","-0.27714345,0.02635649,0.26027626,0.2502816,-0.2880858,0.8292497,-0.10017544,-0.4191228,0.47972226",0.0
"-0.27714345,0.02635649,0.26027626,0.2502816,-0.2880858,0.8292497,-0.10017544,-0.4191228,0.47972226","-0.9553744,0.21289563,0.7915993","-0.36837476,0.055628538,0.3453183,0.20707469,-0.45749187,0.69107723,-0.10017544,-0.4191228,0.47972226",0.0
"-0.36837476,0.055628538,0.3453183,0.20707469,-0.45749187,0.69107723,-0.10017544,-0.4191228,0.47972226","-0.88719785,-0.5032035,0.68459976","-0.4530957,-0.013559358,0.41886532,0.07028547,-0.4341048,0.6676175,-0.10017544,-0.4191228,0.47972226",0.0
"-0.4530957,-0.013559358,0.41886532,0.07028547,-0.4341048,0.6676175,-0.10017544,-0.4191228,0.47972226","-0.44689077,-0.4596609,0.72900534","-0.4957705,-0.076760374,0.49718288,0.010933723,-0.3872172,0.61836994,-0.10017544,-0.4191228,0.47972226",0.0
"-0.4957705,-0.076760374,0.49718288,0.010933723,-0.3872172,0.61836994,-0.10017544,-0.4191228,0.47972226","-0.2787729,0.13577068,0.6221838","-0.5223913,-0.058092613,0.5640245,-0.024715725,-0.43311968,0.4983582,-0.10017544,-0.4191228,0.47972226",0.0
"-0.5223913,-0.058092613,0.5640245,-0.024715725,-0.43311968,0.4983582,-0.10017544,-0.4191228,0.47972226","-0.39183927,0.020331383,0.19524848","-0.5598091,-0.05529716,0.5850002,-0.0764447,-0.43303034,0.4627757,-0.10017544,-0.4191228,0.47972226",0.0
"-0.5598091,-0.05529716,0.5850002,-0.0764447,-0.43303034,0.4627757,-0.10017544,-0.4191228,0.47972226","-0.20663369,-0.08955085,-0.059431314","-0.57954115,-0.06760994,0.5786155,-0.09942815,-0.4129812,0.4856928,-0.10017544,-0.4191228,0.47972226",0.0
"0.0,0.0,0.0,2.8652207e-07,0.005789075,0.993462,-0.3446199,-0.27555555,0.60727465","0.07575476,-0.9657465,0.72344065","0.007234018,-0.1327852,0.07771972,-0.17757238,0.0017543067,0.9689616,-0.3446199,-0.27555555,0.60727465",0.0
"0.007234018,-0.1327852,0.07771972,-0.17757238,0.0017543067,0.9689616,-0.3446199,-0.27555555,0.60727465","0.21080041,-0.8977045,0.85936","0.027363917,-0.25621498,0.17004135,-0.30350432,-0.02034494,0.9073819,-0.3446199,-0.27555555,0.60727465",0.0
"0.027363917,-0.25621498,0.17004135,-0.30350432,-0.02034494,0.9073819,-0.3446199,-0.27555555,0.60727465","0.783242,-0.8889692,0.88430476","0.10215783,-0.37844372,0.26504284,-0.3870639,-0.12257158,0.813542,-0.3446199,-0.27555555,0.60727465",0.0
"0.10215783,-0.37844372,0.26504284,-0.3870639,-0.12257158,0.813542,-0.3446199,-0.27555555,0.60727465","0.9261309,-0.78214,0.83510447","0.19059661,-0.48598397,0.35475868,-0.38818178,-0.25786522,0.709558,-0.3446199,-0.27555555,0.60727465",0.0
"0.19059661,-0.48598397,0.35475868,-0.38818178,-0.25786522,0.709558,-0.3446199,-0.27555555,0.60727465","0.27477825,-0.64221096,0.43857813","0.21683593,-0.57428473,0.4018754,-0.41894704,-0.33217406,0.60885173,-0.3446199,-0.27555555,0.60727465",0.0
"0.21683593,-0.57428473,0.4018754,-0.41894704,-0.33217406,0.60885173,-0.3446199,-0.27555555,0.60727465","-0.22758675,-0.0075157285,0.55226314","0.19510305,-0.57531816,0.46120542,-0.37423396,-0.25612012,0.61214507,-0.3446199,-0.27555555,0.60727465",0.0
"0.19510305,-0.57531816,0.46120542,-0.37423396,-0.25612012,0.61214507,-0.3446199,-0.27555555,0.60727465","0.18015957,0.006530881,0.20534348","0.21230698,-0.5744202,0.48326567,-0.33470017,-0.2561599,0.61088717,-0.3446199,-0.27555555,0.60727465",0.0
"0.21230698,-0.5744202,0.48326567,-0.33470017,-0.2561599,0.61088717,-0.3446199,-0.27555555,0.60727465","-0.030997396,-0.06600541,-0.014689088","0.20934695,-0.5834957,0.48168766,-0.34895796,-0.26222026,0.6015976,-0.3446199,-0.27555555,0.60727465",0.0
"0.0,0.0,0.0,2.8652207e-07,0.005789075,0.993462,-0.114970766,-0.11631579,0.62760717","0.9355148,-0.88642114,0.7033467","0.08933486,-0.121878356,0.07556102,-0.15276039,-0.03801033,0.97320056,-0.114970766,-0.11631579,0.62760717",0.0
"0.08933486,-0.121878356,0.07556102,-0.15276039,-0.03801033,0.97320056,-0.114970766,-0.11631579,0.62760717","0.6933818,-0.47044146,0.85691285","0.15554778,-0.18656167,0.16761975,-0.14853747,-0.07241789,0.9472811,-0.114970766,-0.11631579,0.62760717",0.0
"0.15554778,-0.18656167,0.16761975,-0.14853747,-0.07241789,0.9472811,-0.114970766,-0.11631579,0.62760717","-0.5010504,-0.56619465,0.9587834","0.10770109,-0.26441056,0.27062252,-0.17229028,-0.0544894,0.8951371,-0.114970766,-0.11631579,0.62760717",0.0
"0.10770109,-0.26441056,0.27062252,-0.17229028,-0.0544894,0.8951371,-0.114970766,-0.11631579,0.62760717","0.8517997,-0.5317292,0.8922217","0.18904178,-0.33752066,0.36647454,-0.161026,-0.10174115,0.827451,-0.114970766,-0.11631579,0.62760717",0.0
"0.18904178,-0.33752066,0.36647454,-0.161026,-0.10174115,0.827451,-0.114970766,-0.11631579,0.62760717","0.16710722,-0.5638865,0.8444445","0.2049993,-0.4150522,0.45719382,-0.1693878,-0.11994058,0.7439408,-0.114970766,-0.11631579,0.62760717",0.0
"0.2049993,-0.4150522,0.45719382,-0.1693878,-0.11994058,0.7439408,-0.114970766,-0.11631579,0.62760717","0.2546816,-0.40294778,0.7528291","0.22931954,-0.4704555,0.5380708,-0.14930792,-0.12336354,0.66493064,-0.114970766,-0.11631579,0.62760717",0.0
"0.22931954,-0.4704555,0.5380708,-0.14930792,-0.12336354,0.66493064,-0.114970766,-0.11631579,0.62760717","0.03254187,0.0036484003,0.3108387","0.23242706,-0.4699539,0.5714644,-0.117455244,-0.09738313,0.6391045,-0.114970766,-0.11631579,0.62760717",0.0
"0.23242706,-0.4699539,0.5714644,-0.117455244,-0.09738313,0.6391045,-0.114970766,-0.11631579,0.62760717","-0.06176555,-0.08304918,0.12632632","0.2265289,-0.48137277,0.58503586,-0.11985633,-0.09572211,0.6232911,-0.114970766,-0.11631579,0.62760717",0.0
"0.2265289,-0.48137277,0.58503586,-0.11985633,-0.09572211,0.6232911,-0.114970766,-0.11631579,0.62760717","0.3412745,-0.0017776489,-0.012783885","0.25911814,-0.48161727,0.58366257,-0.11078865,-0.108893186,0.6243761,-0.114970766,-0.11631579,0.62760717",0.0
"0.0,0.0,0.0,2.8652207e-07,0.005789075,0.993462,0.00877193,-0.035438597,0.3823091","-0.78843236,-0.629735,0.95413613","-0.075289585,-0.08658534,0.10250348,-0.041629773,0.015989412,0.98098767,0.00877193,-0.035438597,0.3823091",0.0
"-0.075289585,-0.08658534,0.10250348,-0.041629773,0.015989412,0.98098767,0.00877193,-0.035438597,0.3823091","-0.86033505,-0.40383416,0.96964586","-0.15744536,-0.1421105,0.2066732,-0.013823626,0.01403326,0.9473012,0.00877193,-0.035438597,0.3823091",0.0
"-0.15744536,-0.1421105,0.2066732,-0.013823626,0.01403326,0.9473012,0.00877193,-0.035438597,0.3823091","-0.4837342,-0.18813485,0.95876217","-0.20363848,-0.16797811,0.30967367,0.053083908,-0.032286495,0.8888092,0.00877193,-0.035438597,0.3823091",0.0
"-0.20363848,-0.16797811,0.30967367,0.053083908,-0.032286495,0.8888092,0.00877193,-0.035438597,0.3823091","-0.35746676,-0.48524225,0.95815635","-0.23777398,-0.23469645,0.41260907,0.04540187,-0.034151535,0.8119304,0.00877193,-0.035438597,0.3823091",0.0
"-0.23777398,-0.23469645,0.41260907,0.04540187,-0.034151535,0.8119304,0.00877193,-0.035438597,0.3823091","-0.9066817,-0.4504248,0.9254203","-0.3243555,-0.29662755,0.5120276,0.033560857,-0.04347497,0.7191131,0.00877193,-0.035438597,0.3823091",0.0
"-0.3243555,-0.29662755,0.5120276,0.033560857,-0.04347497,0.7191131,0.00877193,-0.035438597,0.3823091","-0.93420386,-0.31750143,0.82197976","-0.41356522,-0.34028238,0.6003335,0.023787698,-0.06385471,0.6214779,0.00877193,-0.035438597,0.3823091",0.0
"-0.41356522,-0.34028238,0.6003335,0.023787698,-0.06385471,0.6214779,0.00877193,-0.035438597,0.3823091","-0.7930794,0.06687856,0.9644002","-0.48929855,-0.33108696,0.7039397,0.010716841,-0.14643024,0.47627392,0.00877193,-0.035438597,0.3823091",0.0
"-0.48929855,-0.33108696,0.7039397,0.010716841,-0.14643024,0.47627392,0.00877193,-0.035438597,0.3823091","0.8550863,-0.76471984,0.7653189","-0.407644,-0.43623206,0.7861585,0.025856981,-0.06636759,0.38225475,0.00877193,-0.035438597,0.3823091",0.0
"-0.407644,-0.43623206,0.7861585,0.025856981,-0.06636759,0.38225475,0.00877193,-0.035438597,0.3823091","-0.15867883,-0.1593622,0.08510172","-0.42279667,-0.4581436,0.79530114,0.018601356,-0.051078536,0.3721315,0.00877193,-0.035438597,0.3823091",0.0
"-0.42279667,-0.4581436,0.79530114,0.018601356,-0.051078536,0.3721315,0.00877193,-0.035438597,0.3823091","-0.6931263,-0.0707587,-0.051683426","-0.48898524,-0.46787262,0.7897488,0.0072343587,-0.04164357,0.38135698,0.00877193,-0.035438597,0.3823091",0.0
"0.0,0.0,0.0,2.8652207e-07,0.005789075,0.993462,0.061403513,0.15444444,0.3483126","0.5932338,0.38130093,0.9866562","0.05664953,0.052426912,0.1059971,0.2508186,0.050997555,0.9434376,0.061403513,0.15444444,0.3483126",0.0
"0.05664953,0.052426912,0.1059971,0.2508186,0.050997555,0.9434376,0.061403513,0.15444444,0.3483126","0.6756556,-0.30352306,0.95270264","0.12116974,0.010694043,0.20834658,0.27263114,0.11533845,0.8940489,0.061403513,0.15444444,0.3483126",0.0
"0.12116974,0.010694043,0.20834658,0.27263114,0.11533845,0.8940489,0.061403513,0.15444444,0.3483126","0.68291926,-0.33432978,0.9878955","0.18638358,-0.035274595,0.31447685,0.26441336,0.18228379,0.8218055,0.061403513,0.15444444,0.3483126",0.0
"0.18638358,-0.035274595,0.31447685,0.26441336,0.18228379,0.8218055,0.061403513,0.15444444,0.3483126","0.9439862,-0.304264,0.5070512","0.2765274,-0.077109344,0.36894977,0.18727732,0.23038155,0.7905127,0.061403513,0.15444444,0.3483126",0.0
"0.2765274,-0.077109344,0.36894977,0.18727732,0.23038155,0.7905127,0.061403513,0.15444444,0.3483126","0.87093353,-0.7755673,0.76196027","0.3596952,-0.18374589,0.45080775,0.07386745,0.170157,0.75623596,0.061403513,0.15444444,0.3483126",0.0
"0.3596952,-0.18374589,0.45080775,0.07386745,0.170157,0.75623596,0.061403513,0.15444444,0.3483126","0.367548,-0.45192242,0.98546886","0.3947934,-0.24588291,0.5566774,0.050656244,0.16548194,0.65035623,0.061403513,0.15444444,0.3483126",0.0
"0.3947934,-0.24588291,0.5566774,0.050656244,0.16548194,0.65035623,0.061403513,0.15444444,0.3483126","-0.18946159,-0.38390994,0.9563507","0.37670118,-0.2986686,0.65941876,0.05675178,0.15443622,0.5291459,0.061403513,0.15444444,0.3483126",0.0
"0.37670118,-0.2986686,0.65941876,0.05675178,0.15443622,0.5291459,0.061403513,0.15444444,0.3483126","0.52541614,-0.25237966,0.7372289","0.4268746,-0.3333695,0.7386198,0.030254988,0.15479834,0.42513818,0.061403513,0.15444444,0.3483126",0.0
"0.4268746,-0.3333695,0.7386198,0.030254988,0.15479834,0.42513818,0.061403513,0.15444444,0.3483126","-0.5419574,-0.053454936,0.5469185","0.37512162,-0.34071928,0.79737574,0.05721488,0.15342146,0.33759567,0.061403513,0.15444444,0.3483126",0.0
"0.0,0.0,0.0,2.8652207e-07,0.005789075,0.993462,0.19198832,0.21713449,0.43591902","0.8112612,-0.042003393,0.9241636","0.07746955,-0.0057752603,0.099283494,0.119492225,0.035634883,0.9739572,0.19198832,0.21713449,0.43591902",0.0
"0.07746955,-0.0057752603,0.099283494,0.119492225,0.035634883,0.9739572,0.19198832,0.21713449,0.43591902","-0.067972004,0.35018003,0.9749125","0.070978716,0.04237268,0.20401898,0.3430168,0.08371777,0.8729657,0.19198832,0.21713449,0.43591902",0.0
"0.070978716,0.04237268,0.20401898,0.3430168,0.08371777,0.8729657,0.19198832,0.21713449,0.43591902","0.8296299,-0.034229815,0.8310616","0.15020236,0.03766625,0.29330048,0.38270125,0.20180242,0.77954805,0.19198832,0.21713449,0.43591902",0.0
"0.15020236,0.03766625,0.29330048,0.38270125,0.20180242,0.77954805,0.19198832,0.21713449,0.43591902","0.8579861,-0.86543906,0.97860014","0.23213379,-0.08132718,0.3984322,0.23111863,0.21429265,0.75766104,0.19198832,0.21713449,0.43591902",0.0
"0.23213379,-0.08132718,0.3984322,0.23111863,0.21429265,0.75766104,0.19198832,0.21713449,0.43591902","0.23650861,-0.15143311,0.8911278","0.25471866,-0.102148466,0.49416667,0.23865634,0.2541513,0.64553344,0.19198832,0.21713449,0.43591902",0.0
"0.25471866,-0.102148466,0.49416667,0.23865634,0.2541513,0.64553344,0.19198832,0.21713449,0.43591902","0.28089118,-0.49284244,0.90769327","0.28154173,-0.16991179,0.59168077,0.18575232,0.23589993,0.5563939,0.19198832,0.21713449,0.43591902",0.0
"0.28154173,-0.16991179,0.59168077,0.18575232,0.23589993,0.5563939,0.19198832,0.21713449,0.43591902","0.23789573,-0.2050507,0.7885648","0.30425903,-0.19810523,0.6763968,0.16242264,0.2400003,0.44737005,0.19198832,0.21713449,0.43591902",0.0
"0.30425903,-0.19810523,0.6763968,0.16242264,0.2400003,0.44737005,0.19198832,0.21713449,0.43591902","-0.20967644,-0.02307707,0.00942421","0.28423646,-0.20127822,0.6774093,0.17509428,0.22671464,0.44802988,0.19198832,0.21713449,0.43591902",0.0
"0.28423646,-0.20127822,0.6774093,0.17509428,0.22671464,0.44802988,0.19198832,0.21713449,0.43591902","-0.044865966,0.012423396,0.022684813","0.27995208,-0.1995701,0.67984635,0.1795722,0.22608033,0.44305205,0.19198832,0.21713449,0.43591902",0.0
"0.0,0.0,0.0,2.8652207e-07,0.005789075,0.993462,0.005906433,-0.00029239766,0.23331277","-0.9331051,-0.9438503,0.97135544","-0.08910478,-0.12977457,0.10435337,-0.12712051,0.042568162,0.9714442,0.005906433,-0.00029239766,0.23331277",0.0
"-0.08910478,-0.12977457,0.10435337,-0.12712051,0.042568162,0.9714442,0.005906433,-0.00029239766,0.23331277","-0.8863065,-0.9293202,0.9680116","-0.17374061,-0.25755137,0.20834751,-0.21355376,0.1364802,0.9083955,0.005906433,-0.00029239766,0.23331277",0.0
"-0.17374061,-0.25755137,0.20834751,-0.21355376,0.1364802,0.9083955,0.005906433,-0.00029239766,0.23331277","-0.79675704,-0.8521456,0.8209498","-0.24982512,-0.37471706,0.29654273,-0.24723518,0.25514722,0.818847,0.005906433,-0.00029239766,0.23331277",0.0
"-0.24982512,-0.37471706,0.29654273,-0.24723518,0.25514722,0.818847,0.005906433,-0.00029239766,0.23331277","-0.87803334,0.83887625,0.63764143","-0.3336709,-0.25937596,0.36504504,-0.017905056,0.0426887,0.8508387,0.005906433,-0.00029239766,0.23331277",0.0
"-0.3336709,-0.25937596,0.36504504,-0.017905056,0.0426887,0.8508387,0.005906433,-0.00029239766,0.23331277","-0.45063615,-0.6602534,0.62675726","-0.3767034,-0.35015744,0.43237805,-0.04274542,0.120106556,0.78586465,0.005906433,-0.00029239766,0.23331277",0.0
"-0.3767034,-0.35015744,0.43237805,-0.04274542,0.120106556,0.78586465,0.005906433,-0.00029239766,0.23331277","0.15276003,-0.282786,0.8797116","-0.36211595,-0.38903913,0.5268861,-0.028049424,0.07444368,0.70125455,0.005906433,-0.00029239766,0.23331277",0.0
"-0.36211595,-0.38903913,0.5268861,-0.028049424,0.07444368,0.70125455,0.005906433,-0.00029239766,0.23331277","-0.8898555,-0.6455512,0.94974804","-0.4470907,-0.47779912,0.6289182,-0.010744875,0.09903821,0.5830418,0.005906433,-0.00029239766,0.23331277",0.0
"-0.4470907,-0.47779912,0.6289182,-0.010744875,0.09903821,0.5830418,0.005906433,-0.00029239766,0.23331277","-0.94487476,0.31416273,0.9182235","-0.53731936,-0.43460342,0.7275636,0.0010305499,-0.04074163,0.46592146,0.005906433,-0.00029239766,0.23331277",0.0
"-0.53731936,-0.43460342,0.7275636,0.0010305499,-0.04074163,0.46592146,0.005906433,-0.00029239766,0.23331277","-0.9252694,-0.7674567,0.85971856","-0.6256759,-0.54012483,0.81992376,0.008617427,0.0056287176,0.34123096,0.005906433,-0.00029239766,0.23331277",0.0
"-0.6256759,-0.54012483,0.81992376,0.008617427,0.0056287176,0.34123096,0.005906433,-0.00029239766,0.23331277","-0.61235833,-0.25245208,0.6359904","-0.68415165,-0.5748357,0.8882487,0.00429614,-0.004009641,0.24284682,0.005906433,-0.00029239766,0.23331277",0.0
"0.0,0.0,0.0,2.8652207e-07,0.005789075,0.993462,-0.06614035,-0.06327485,0.51554936","0.9537455,-0.5898159,0.9539001","0.091075756,-0.08109667,0.102478124,-0.03279115,-0.0036126426,0.98150504,-0.06614035,-0.06327485,0.51554936",0.0
"0.091075756,-0.08109667,0.102478124,-0.03279115,-0.0036126426,0.98150504,-0.06614035,-0.06327485,0.51554936","0.89641476,-0.5870368,0.9884974","0.17667685,-0.16181125,0.20867307,-0.051524278,-0.025137182,0.9447106,-0.06614035,-0.06327485,0.51554936",0.0
"0.17667685,-0.16181125,0.20867307,-0.051524278,-0.025137182,0.9447106,-0.06614035,-0.06327485,0.51554936","0.452991,-0.7081735,0.97518826","0.21993418,-0.2591815,0.31343824,-0.09028631,-0.06714799,0.8808508,-0.06614035,-0.06327485,0.51554936",0.0
"0.21993418,-0.2591815,0.31343824,-0.09028631,-0.06714799,0.8808508,-0.06614035,-0.06327485,0.51554936","-0.49462658,-0.71513486,0.9722899","0.17270093,-0.35750893,0.417892,-0.13905013,-0.077074975,0.7924183,-0.06614035,-0.06327485,0.51554936",0.0
"0.17270093,-0.35750893,0.417892,-0.13905013,-0.077074975,0.7924183,-0.06614035,-0.06327485,0.51554936","0.35641205,-0.14521837,0.89505124","0.2067357,-0.37747577,0.514048,-0.0634822,-0.040938165,0.7150339,-0.06614035,-0.06327485,0.51554936",0.0
"0.2067357,-0.37747577,0.514048,-0.0634822,-0.040938165,0.7150339,-0.06614035,-0.06327485,0.51554936","0.14536536,-0.32841647,0.8787639","0.22061704,-0.42263138,0.6084542,-0.036952198,-0.023164896,0.6143548,-0.06614035,-0.06327485,0.51554936",0.0
"0.22061704,-0.42263138,0.6084542,-0.036952198,-0.023164896,0.6143548,-0.06614035,-0.06327485,0.51554936","0.6130103,-0.6760074,0.635381","0.27915508,-0.5155789,0.6767137,-0.068176925,-0.07291491,0.523591,-0.06614035,-0.06327485,0.51554936",0.0
"0.0,0.0,0.0,2.8652207e-07,0.005789075,0.993462,0.4308772,-0.0057894737,0.47972226","0.082764626,0.031597376,0.9664583","0.007903419,0.0043444675,0.103827246,0.15197518,0.009565064,0.9685674,0.4308772,-0.0057894737,0.47972226",0.0
"0.007903419,0.0043444675,0.103827246,0.15197518,0.009565064,0.9685674,0.4308772,-0.0057894737,0.47972226","-0.025568128,0.11055362,0.97368157","0.0054618483,0.01954501,0.2084305,0.31334314,0.011167115,0.8873941,0.4308772,-0.0057894737,0.47972226",0.0
"0.0054618483,0.01954501,0.2084305,0.31334314,0.011167115,0.8873941,0.4308772,-0.0057894737,0.47972226","0.07972586,0.53183556,0.6843046","0.013075092,0.09266966,0.2819458,0.516446,0.02701984,0.73015374,0.4308772,-0.0057894737,0.47972226",0.0
"0.013075092,0.09266966,0.2819458,0.516446,0.02701984,0.73015374,0.4308772,-0.0057894737,0.47972226","-0.18149483,-0.36936653,0.95571995","-0.0042563467,0.041883662,0.38461944,0.50460804,-0.00095797906,0.65261036,0.4308772,-0.0057894737,0.47972226",0.0
"-0.0042563467,0.041883662,0.38461944,0.50460804,-0.00095797906,0.65261036,0.4308772,-0.0057894737,0.47972226","0.026883125,-0.2626348,0.93704295","-0.0016892037,0.005772725,0.48528662,0.49597713,0.0031572129,0.54715323,0.4308772,-0.0057894737,0.47972226",0.0
"-0.0016892037,0.005772725,0.48528662,0.49597713,0.0031572129,0.54715323,0.4308772,-0.0057894737,0.47972226","-0.115489185,-0.36659205,0.63542795","-0.012717584,-0.044631798,0.5535511,0.4480883,-0.012118254,0.50010467,0.4308772,-0.0057894737,0.47972226",0.0
"-0.012717584,-0.044631798,0.5535511,0.4480883,-0.012118254,0.50010467,0.4308772,-0.0057894737,0.47972226","-0.06686175,-0.058677197,0.17184949","-0.019102398,-0.052699618,0.572013,0.44090387,-0.02069164,0.4802021,0.4308772,-0.0057894737,0.47972226",0.0
"-0.019102398,-0.052699618,0.572013,0.44090387,-0.02069164,0.4802021,0.4308772,-0.0057894737,0.47972226","0.00067710876,-0.02588576,-0.035520017","-0.019037742,-0.056258783,0.56819713,0.4362084,-0.02032077,0.48994112,0.4308772,-0.0057894737,0.47972226",0.0
"-0.019037742,-0.056258783,0.56819713,0.4362084,-0.02032077,0.48994112,0.4308772,-0.0057894737,0.47972226","-0.04490131,0.041905165,0.010094762","-0.023325494,-0.050497044,0.56928164,0.4428178,-0.026702568,0.4820711,0.4308772,-0.0057894737,0.47972226",0.0
"-0.023325494,-0.050497044,0.56928164,0.4428178,-0.026702568,0.4820711,0.4308772,-0.0057894737,0.47972226","0.10565722,0.024166584,0.02346611","-0.013235999,-0.04717427,0.5718026,0.4476005,-0.012828424,0.47453758,0.4308772,-0.0057894737,0.47972226",0.0
"-0.013235999,-0.04717427,0.5718026,0.4476005,-0.012828424,0.47453758,0.4308772,-0.0057894737,0.47972226","-0.01955539,-0.019885838,0.012409091","-0.0151034,-0.049908478,0.5731358,0.44450203,-0.015311102,0.4754393,0.4308772,-0.0057894737,0.47972226",0.0
"0.0,0.0,0.0,2.8652207e-07,0.005789075,0.993462,-0.23169592,-0.032807015,0.8857847","0.29817843,-0.8746464,0.7022301","0.028473865,-0.1202594,0.075441055,-0.15393217,-0.007994249,0.97380537,-0.23169592,-0.032807015,0.8857847",0.0
"0.028473865,-0.1202594,0.075441055,-0.15393217,-0.007994249,0.97380537,-0.23169592,-0.032807015,0.8857847","0.20918179,-0.42489964,0.9059739","0.048449192,-0.17868096,0.17277046,-0.14081682,-0.015743786,0.9496125,-0.23169592,-0.032807015,0.8857847",0.0
"0.048449192,-0.17868096,0.17277046,-0.14081682,-0.015743786,0.9496125,-0.23169592,-0.032807015,0.8857847","0.043812037,-0.3632099,0.47150302","0.052632917,-0.22862048,0.22342438,-0.17259979,-0.02293351,0.92177635,-0.23169592,-0.032807015,0.8857847",0.0
"0.052632917,-0.22862048,0.22342438,-0.17259979,-0.02293351,0.92177635,-0.23169592,-0.032807015,0.8857847","0.09568453,-0.3430251,0.43614805","0.061770085,-0.27578473,0.27028012,-0.20080921,-0.033565205,0.8898966,-0.23169592,-0.032807015,0.8857847",0.0
"0.061770085,-0.27578473,0.27028012,-0.20080921,-0.033565205,0.8898966,-0.23169592,-0.032807015,0.8857847","0.16019559,-0.13650113,0.16673934","0.07706759,-0.29455298,0.2881931,-0.21057928,-0.046041586,0.87591624,-0.23169592,-0.032807015,0.8857847",0.0
"0.07706759,-0.29455298,0.2881931,-0.21057928,-0.046041586,0.87591624,-0.23169592,-0.032807015,0.8857847","0.10254979,-0.06900281,0.073215246","0.086860344,-0.30404055,0.29605874,-0.2162865,-0.05451889,0.8688534,-0.23169592,-0.032807015,0.8857847",0.0
"0.086860344,-0.30404055,0.29605874,-0.2162865,-0.05451889,0.8688534,-0.23169592,-0.032807015,0.8857847","-0.06125915,-0.012891352,0.04257548","0.08101053,-0.3058131,0.30063275,-0.21445796,-0.04980819,0.8667031,-0.23169592,-0.032807015,0.8857847",0.0
"0.08101053,-0.3058131,0.30063275,-0.21445796,-0.04980819,0.8667031,-0.23169592,-0.032807015,0.8857847","-0.17815167,-0.062553346,0.009426236","0.06399833,-0.3144139,0.3016455,-0.23160025,-0.04129451,0.8616687,-0.23169592,-0.032807015,0.8857847",0.0
"0.06399833,-0.3144139,0.3016455,-0.23160025,-0.04129451,0.8616687,-0.23169592,-0.032807015,0.8857847","-0.33013517,0.181983,-0.06128019","0.032472808,-0.28939226,0.2950622,-0.19559142,-0.014203673,0.8766152,-0.23169592,-0.032807015,0.8857847",0.0
"0.032472808,-0.28939226,0.2950622,-0.19559142,-0.014203673,0.8766152,-0.23169592,-0.032807015,0.8857847","0.4928,-0.066797614,0.0009595156","0.07953162,-0.29857662,0.2951654,-0.2084631,-0.047222886,0.87199664,-0.23169592,-0.032807015,0.8857847",0.0
"0.07953162,-0.29857662,0.2951654,-0.2084631,-0.047222886,0.87199664,-0.23169592,-0.032807015,0.8857847","-0.11078286,-0.042538464,-0.010907173","0.06895265,-0.3044255,0.29399368,-0.22251396,-0.043041985,0.8691564,-0.23169592,-0.032807015,0.8857847",0.0
"0.06895265,-0.3044255,0.29399368,-0.22251396,-0.043041985,0.8691564,-0.23169592,-0.032807015,0.8857847","-0.052829742,0.07802427,0.043569088","0.06390778,-0.29369763,0.29867443,-0.19656385,-0.034095664,0.87345785,-0.23169592,-0.032807015,0.8857847",0.0
"0.06390778,-0.29369763,0.29867443,-0.19656385,-0.034095664,0.87345785,-0.23169592,-0.032807015,0.8857847","0.03894937,-0.100758135,-0.0047248006","0.067627154,-0.30755138,0.2981669,-0.2229456,-0.04216986,0.86639524,-0.23169592,-0.032807015,0.8857847",0.0
"0.067627154,-0.30755138,0.2981669,-0.2229456,-0.04216986,0.86639524,-0.23169592,-0.032807015,0.8857847","-0.123637676,0.045585155,-0.08155185","0.055820644,-0.30128372,0.28940582,-0.22436439,-0.03387499,0.8719905,-0.23169592,-0.032807015,0.8857847",0.0
"0.0,0.0,0.0,2.8652207e-07,0.005789075,0.993462,-0.27076024,0.15309942,0.5664788","-0.6875565,-0.35743463,0.5077238","-0.06565667,-0.04914543,0.05454511,-0.028521871,0.011882432,0.9897211,-0.27076024,0.15309942,0.5664788",0.0
"-0.06565667,-0.04914543,0.05454511,-0.028521871,0.011882432,0.9897211,-0.27076024,0.15309942,0.5664788","-0.87997967,-0.99678075,0.6007098","-0.14968835,-0.18619768,0.11907978,-0.20429407,0.11033553,0.9469765,-0.27076024,0.15309942,0.5664788",0.0
"-0.14968835,-0.18619768,0.11907978,-0.20429407,0.11033553,0.9469765,-0.27076024,0.15309942,0.5664788","0.48031318,-0.64585084,0.74782395","-0.10382193,-0.2749989,0.19941904,-0.2828889,0.101797715,0.89644355,-0.27076024,0.15309942,0.5664788",0.0
"-0.10382193,-0.2749989,0.19941904,-0.2828889,0.101797715,0.89644355,-0.27076024,0.15309942,0.5664788","0.09333646,-0.9631212,0.86062586","-0.094908975,-0.40742317,0.29187667,-0.4003207,0.12908602,0.7876557,-0.27076024,0.15309942,0.5664788",0.0
"-0.094908975,-0.40742317,0.29187667,-0.4003207,0.12908602,0.7876557,-0.27076024,0.15309942,0.5664788","-0.15468514,-0.64156616,0.94268656","-0.10968029,-0.49563527,0.39315015,-0.40082133,0.150001,0.7006301,-0.27076024,0.15309942,0.5664788",0.0
"-0.10968029,-0.49563527,0.39315015,-0.40082133,0.150001,0.7006301,-0.27076024,0.15309942,0.5664788","-0.2861408,-0.29668033,0.91268504","-0.13700466,-0.5364273,0.4912005,-0.32032254,0.15343729,0.6450551,-0.27076024,0.15309942,0.5664788",0.0
"-0.13700466,-0.5364273,0.4912005,-0.32032254,0.15343729,0.6450551,-0.27076024,0.15309942,0.5664788","-0.22650665,-0.21938801,0.82302","-0.15863441,-0.5665921,0.5796181,-0.24335991,0.1390231,0.5820488,-0.27076024,0.15309942,0.5664788",0.0
"-0.15863441,-0.5665921,0.5796181,-0.24335991,0.1390231,0.5820488,-0.27076024,0.15309942,0.5664788","0.10229468,-0.09768069,0.022676706","-0.14886601,-0.58002275,0.5820543,-0.26093447,0.13827002,0.5712428,-0.27076024,0.15309942,0.5664788",0.0
"-0.14886601,-0.58002275,0.5820543,-0.26093447,0.13827002,0.5712428,-0.27076024,0.15309942,0.5664788","-0.17626774,-0.03714925,0.0023078918","-0.16569829,-0.58513063,0.58230233,-0.25892368,0.15511487,0.56738895,-0.27076024,0.15309942,0.5664788",0.0
"0.0,0.0,0.0,2.8652207e-07,0.005789075,0.993462,-0.042222224,-0.43923974,0.60727465","-0.99286777,0.61589885,0.83303046","-0.094811656,0.08468293,0.089492984,0.28977478,-0.082903,0.9320766,-0.042222224,-0.43923974,0.60727465",0.0
"-0.094811656,0.08468293,0.089492984,0.28977478,-0.082903,0.9320766,-0.042222224,-0.43923974,0.60727465","-0.990036,0.05517745,0.8099817","-0.18935291,0.09226954,0.17650986,0.35002774,-0.22985052,0.8529275,-0.042222224,-0.43923974,0.60727465",0.0
"-0.18935291,0.09226954,0.17650986,0.35002774,-0.22985052,0.8529275,-0.042222224,-0.43923974,0.60727465","-0.99342424,0.023188353,0.06478083","-0.28421772,0.09545782,0.18346933,0.27550593,-0.3329315,0.8425593,-0.042222224,-0.43923974,0.60727465",0.0
"-0.28421772,0.09545782,0.18346933,0.27550593,-0.3329315,0.8425593,-0.042222224,-0.43923974,0.60727465","-0.7610696,-0.20912021,0.75263333","-0.35689434,0.06670486,0.26432523,0.20434228,-0.41015622,0.7832115,-0.042222224,-0.43923974,0.60727465",0.0
"-0.35689434,0.06670486,0.26432523,0.20434228,-0.41015622,0.7832115,-0.042222224,-0.43923974,0.60727465","-0.9172008,-0.40251124,0.87395966","-0.44448036,0.011361632,0.3582153,0.08199305,-0.43195856,0.7244269,-0.042222224,-0.43923974,0.60727465",0.0
"-0.44448036,0.011361632,0.3582153,0.08199305,-0.43195856,0.7244269,-0.042222224,-0.43923974,0.60727465","-0.80075836,-0.08218092,0.71772766","-0.5209469,6.217225e-05,0.4353213,-0.025058635,-0.4682515,0.6287911,-0.042222224,-0.43923974,0.60727465",0.0
"-0.5209469,6.217225e-05,0.4353213,-0.025058635,-0.4682515,0.6287911,-0.042222224,-0.43923974,0.60727465","-0.2428478,-0.21301472,0.24518788","-0.5441371,-0.029226262,0.461662,-0.054942988,-0.43557116,0.6226002,-0.042222224,-0.43923974,0.60727465",0.0
"-0.5441371,-0.029226262,0.461662,-0.054942988,-0.43557116,0.6226002,-0.042222224,-0.43923974,0.60727465","0.016138315,0.0143300295,0.09340048","-0.54259604,-0.027255967,0.4716961,-0.053813502,-0.44311082,0.6056516,-0.042222224,-0.43923974,0.60727465",0.0
"0.0,0.0,0.0,2.8652207e-07,0.005789075,0.993462,0.02391813,0.06888889,0.2237676","0.9193971,0.07630575,0.99490523","0.08779575,0.010491639,0.10688332,0.16126764,0.05166058,0.96470064,0.02391813,0.06888889,0.2237676",0.0
"0.08779575,0.010491639,0.10688332,0.16126764,0.05166058,0.96470064,0.02391813,0.06888889,0.2237676","0.3828063,-0.27925038,0.9785819","0.12435096,-0.027903868,0.21201305,0.2041802,0.0903478,0.91542137,0.02391813,0.06888889,0.2237676",0.0
"0.12435096,-0.027903868,0.21201305,0.2041802,0.0903478,0.91542137,0.02391813,0.06888889,0.2237676","0.8728051,-0.826566,0.9918517","0.20769751,-0.14155245,0.31856835,0.095106445,0.07996238,0.8756781,0.02391813,0.06888889,0.2237676",0.0
"0.20769751,-0.14155245,0.31856835,0.095106445,0.07996238,0.8756781,0.02391813,0.06888889,0.2237676","0.831952,-0.039942443,0.99676657","0.28714284,-0.14704436,0.4256517,0.13533434,0.18061371,0.76767737,0.02391813,0.06888889,0.2237676",0.0
"0.28714284,-0.14704436,0.4256517,0.13533434,0.18061371,0.76767737,0.02391813,0.06888889,0.2237676","0.6522651,-0.35135388,0.9177474","0.34942943,-0.19535373,0.524246,0.097951785,0.20410074,0.66912013,0.02391813,0.06888889,0.2237676",0.0
"0.34942943,-0.19535373,0.524246,0.097951785,0.20410074,0.66912013,0.02391813,0.06888889,0.2237676","0.43087745,-0.43855232,0.96862876","0.3905751,-0.25565246,0.62830645,0.06325671,0.19388154,0.5549899,0.02391813,0.06888889,0.2237676",0.0
"0.3905751,-0.25565246,0.62830645,0.06325671,0.19388154,0.5549899,0.02391813,0.06888889,0.2237676","-0.02497232,-0.85217994,0.95651853","0.38819042,-0.37282282,0.73106587,0.03304285,0.10699424,0.449424,0.02391813,0.06888889,0.2237676",0.0
"0.38819042,-0.37282282,0.73106587,0.03304285,0.10699424,0.449424,0.02391813,0.06888889,0.2237676","0.27073765,-0.343579,0.9330201","0.41404393,-0.42006323,0.8313009,0.021370377,0.09890772,0.3105628,0.02391813,0.06888889,0.2237676",0.0
"0.41404393,-0.42006323,0.8313009,0.021370377,0.09890772,0.3105628,0.02391813,0.06888889,0.2237676","0.21060216,-0.37832916,0.70901966","0.4341549,-0.47208163,0.9074714,0.009787765,0.07482765,0.20369537,0.02391813,0.06888889,0.2237676",0.0
"0.4341549,-0.47208163,0.9074714,0.009787765,0.07482765,0.20369537,0.02391813,0.06888889,0.2237676","-0.6239359,0.030573726,-0.15861058","0.37457356,-0.46787795,0.8904319,0.023811312,0.07234839,0.22941768,0.02391813,0.06888889,0.2237676",0.0
"0.0,0.0,0.0,2.8652207e-07,0.005789075,0.993462,-0.036081873,-0.0057894737,0.3823091","-0.2580471,-0.5632014,0.9225924","-0.02464164,-0.07743731,0.09911471,-0.02875568,0.008036974,0.9823495,-0.036081873,-0.0057894737,0.3823091",0.0
"-0.02464164,-0.07743731,0.09911471,-0.02875568,0.008036974,0.9823495,-0.036081873,-0.0057894737,0.3823091","-0.2922064,-0.33720267,0.8606074","-0.05254525,-0.12380097,0.19157036,-2.1825626e-05,0.0058726543,0.95394087,-0.036081873,-0.0057894737,0.3823091",0.0
"-0.05254525,-0.12380097,0.19157036,-2.1825626e-05,0.0058726543,0.95394087,-0.036081873,-0.0057894737,0.3823091","0.8279128,0.23116505,0.9594561","0.026514405,-0.092016995,0.2946454,0.19164473,0.02180988,0.8776679,-0.036081873,-0.0057894737,0.3823091",0.0
"0.026514405,-0.092016995,0.2946454,0.19164473,0.02180988,0.8776679,-0.036081873,-0.0057894737,0.3823091","-0.10007006,-0.8334825,0.94353986","0.016958429,-0.20661658,0.39601052,0.08885946,0.010536069,0.82257134,-0.036081873,-0.0057894737,0.3823091",0.0
"0.016958429,-0.20661658,0.39601052,0.08885946,0.010536069,0.82257134,-0.036081873,-0.0057894737,0.3823091","0.3834449,-0.81800866,0.97556734","0.053574625,-0.3190886,0.5008164,0.0050256606,0.0067260005,0.73261136,-0.036081873,-0.0057894737,0.3823091",0.0
"0.053574625,-0.3190886,0.5008164,0.0050256606,0.0067260005,0.73261136,-0.036081873,-0.0057894737,0.3823091","-0.08649796,-0.83397526,0.9709414","0.045314696,-0.43375596,0.60512537,-0.062708214,-0.0031395047,0.61650074,-0.036081873,-0.0057894737,0.3823091",0.0
"0.045314696,-0.43375596,0.60512537,-0.062708214,-0.0031395047,0.61650074,-0.036081873,-0.0057894737,0.3823091","0.3157109,-0.5765218,0.9206096","0.07546279,-0.5130248,0.70402706,-0.069523625,-0.010842316,0.493374,-0.036081873,-0.0057894737,0.3823091",0.0
"0.07546279,-0.5130248,0.70402706,-0.069523625,-0.010842316,0.493374,-0.036081873,-0.0057894737,0.3823091","0.47436166,-0.4021139,0.75292945","0.12076089,-0.5683134,0.78491485,-0.05797997,-0.016883943,0.3857658,-0.036081873,-0.0057894737,0.3823091",0.0
"0.12076089,-0.5683134,0.78491485,-0.05797997,-0.016883943,0.3857658,-0.036081873,-0.0057894737,0.3823091","-0.1159572,0.13695025,0.044040322","0.10968782,-0.54948354,0.78964627,-0.03770373,-0.0073815775,0.38188797,-0.036081873,-0.0057894737,0.3823091",0.0
"0.0,0.0,0.0,2.8652207e-07,0.005789075,0.993462,0.14970762,0.5677193,0.5930222","0.9621848,0.637921,0.9821516","0.09188166,0.08771086,0.10551317,0.31234905,0.09879067,0.91864544,0.14970762,0.5677193,0.5930222",0.0
"0.09188166,0.08771086,0.10551317,0.31234905,0.09879067,0.91864544,0.14970762,0.5677193,0.5930222","0.95296824,0.7393584,0.93308854","0.18288322,0.18936884,0.20575547,0.51379037,0.3395247,0.6957464,0.14970762,0.5677193,0.5930222",0.0
"0.18288322,0.18936884,0.20575547,0.51379037,0.3395247,0.6957464,0.14970762,0.5677193,0.5930222","0.97560143,-0.31448716,0.019624949","0.27604607,0.14612849,0.20786382,0.34903935,0.42035243,0.7544137,0.14970762,0.5677193,0.5930222",0.0
"0.27604607,0.14612849,0.20786382,0.34903935,0.42035243,0.7544137,0.14970762,0.5677193,0.5930222","0.9634422,0.227839,0.7079654","0.36804783,0.17745519,0.283921,0.25605458,0.59626794,0.6064955,0.14970762,0.5677193,0.5930222",0.0
"0.36804783,0.17745519,0.283921,0.25605458,0.59626794,0.6064955,0.14970762,0.5677193,0.5930222","0.7109952,-0.41995728,0.4954673","0.4359427,0.11971323,0.3371494,0.11308182,0.58328426,0.61688995,0.14970762,0.5677193,0.5930222",0.0
"0.4359427,0.11971323,0.3371494,0.11308182,0.58328426,0.61688995,0.14970762,0.5677193,0.5930222","-0.08441651,-0.03432852,0.13129401","0.42788154,0.114993244,0.35125443,0.12784071,0.58034366,0.6030765,0.14970762,0.5677193,0.5930222",0.0
"0.42788154,0.114993244,0.35125443,0.12784071,0.58034366,0.6030765,0.14970762,0.5677193,0.5930222","-0.06339246,-0.08559996,0.12673938","0.42182803,0.1032237,0.36487016,0.13634568,0.5678016,0.59990215,0.14970762,0.5677193,0.5930222",0.0
"0.0,0.0,0.0,2.8652207e-07,0.005789075,0.993462,0.04789474,-0.21269006,0.47566882","-0.3549456,0.8180345,0.98477554","-0.033894725,0.11247554,0.105795056,0.37596345,-0.034363873,0.8971288,0.04789474,-0.21269006,0.47566882",0.0
"-0.033894725,0.11247554,0.105795056,0.37596345,-0.034363873,0.8971288,0.04789474,-0.21269006,0.47566882","-0.83363664,-0.8158665,0.97424245","-0.113500975,0.00029808772,0.21045856,0.2623638,-0.09155202,0.89947176,0.04789474,-0.21269006,0.47566882",0.0
"-0.113500975,0.00029808772,0.21045856,0.2623638,-0.09155202,0.89947176,0.04789474,-0.21269006,0.47566882","-0.7687639,-0.093007386,0.9686531","-0.18691234,-0.012489961,0.31452164,0.30500445,-0.19603021,0.80275285,0.04789474,-0.21269006,0.47566882",0.0
"-0.18691234,-0.012489961,0.31452164,0.30500445,-0.19603021,0.80275285,0.04789474,-0.21269006,0.47566882","-0.7229556,-0.45942295,0.93466616","-0.25594935,-0.07565827,0.4149335,0.23852393,-0.23926729,0.73198295,0.04789474,-0.21269006,0.47566882",0.0
"-0.25594935,-0.07565827,0.4149335,0.23852393,-0.23926729,0.73198295,0.04789474,-0.21269006,0.47566882","-0.4802419,-0.1717704,0.7219657","-0.30180898,-0.099275835,0.49249476,0.20994316,-0.28251687,0.64546984,0.04789474,-0.21269006,0.47566882",0.0
"-0.30180898,-0.099275835,0.49249476,0.20994316,-0.28251687,0.64546984,0.04789474,-0.21269006,0.47566882","-0.4690553,-0.53572136,0.81348634","-0.34660035,-0.17293479,0.57988816,0.14007367,-0.25531113,0.57610947,0.04789474,-0.21269006,0.47566882",0.0
"-0.34660035,-0.17293479,0.57988816,0.14007367,-0.25531113,0.57610947,0.04789474,-0.21269006,0.47566882","-0.7011564,-0.52582663,0.86860764","-0.4135557,-0.24523327,0.6732033,0.06870049,-0.22514325,0.48249608,0.04789474,-0.21269006,0.47566882",0.0
"-0.4135557,-0.24523327,0.6732033,0.06870049,-0.22514325,0.48249608,0.04789474,-0.21269006,0.47566882","-0.38542205,-0.067961216,0.06223607","-0.45036072,-0.2545776,0.6798894,0.040899314,-0.2228654,0.4775903,0.04789474,-0.21269006,0.47566882",0.0
"0.0,0.0,0.0,2.8652207e-07,0.005789075,0.993462,0.39333335,0.43584794,0.5930222","0.92241335,0.8791262,0.9612802","0.08808379,0.12087533,0.10327094,0.3746088,0.11241103,0.8913028,0.39333335,0.43584794,0.5930222",0.0
"0.08808379,0.12087533,0.10327094,0.3746088,0.11241103,0.8913028,0.39333335,0.43584794,0.5930222","0.7589915,0.7023022,0.8358511","0.16056196,0.21743828,0.19306697,0.56633973,0.3192648,0.66907495,0.39333335,0.43584794,0.5930222",0.0
"0.16056196,0.21743828,0.19306697,0.56633973,0.3192648,0.66907495,0.39333335,0.43584794,0.5930222","0.56362724,-0.2953186,0.4785471","0.21438429,0.17683353,0.24447758,0.4842977,0.3938673,0.66296595,0.39333335,0.43584794,0.5930222",0.0
"0.21438429,0.17683353,0.24447758,0.4842977,0.3938673,0.66296595,0.39333335,0.43584794,0.5930222","-0.06791091,-0.31046736,0.5853487","0.20789927,0.13414586,0.30736202,0.47232765,0.36869815,0.6388115,0.39333335,0.43584794,0.5930222",0.0
"0.20789927,0.13414586,0.30736202,0.47232765,0.36869815,0.6388115,0.39333335,0.43584794,0.5930222","0.36581266,-0.06731969,0.3267821","0.24283172,0.12488975,0.34246847,0.43263274,0.42158324,0.6015404,0.39333335,0.43584794,0.5930222",0.0
"0.24283172,0.12488975,0.34246847,0.43263274,0.42158324,0.6015404,0.39333335,0.43584794,0.5930222","0.1295824,-0.08602399,0.07616246","0.2552059,0.1130619,0.35065067,0.4070032,0.42886475,0.606757,0.39333335,0.43584794,0.5930222",0.0
"0.2552059,0.1130619,0.35065067,0.4070032,0.42886475,0.606757,0.39333335,0.43584794,0.5930222","0.050861835,-0.03333366,0.11067021","0.26006284,0.108478695,0.3625401,0.39972618,0.43429375,0.5958244,0.39333335,0.43584794,0.5930222",0.0
"0.0,0.0,0.0,2.8652207e-07,0.005789075,0.993462,0.4269006,-0.0057894737,0.7237781","0.015540719,0.34428895,0.9495499","0.0014840289,0.047337953,0.10201075,0.24015802,0.006908887,0.94893545,0.4269006,-0.0057894737,0.7237781",0.0
"0.0014840289,0.047337953,0.10201075,0.24015802,0.006908887,0.94893545,0.4269006,-0.0057894737,0.7237781","0.07276702,0.2597351,0.8879787","0.008432753,0.08305019,0.19740689,0.42310545,0.01700287,0.8410537,0.4269006,-0.0057894737,0.7237781",0.0
"0.008432753,0.08305019,0.19740689,0.42310545,0.01700287,0.8410537,0.4269006,-0.0057894737,0.7237781","-0.3014115,-0.35913563,0.86403334","-0.020349858,0.033670887,0.29023057,0.4223971,-0.021240136,0.78744805,0.4269006,-0.0057894737,0.7237781",0.0
"-0.020349858,0.033670887,0.29023057,0.4223971,-0.021240136,0.78744805,0.4269006,-0.0057894737,0.7237781","0.10187876,-0.17468333,0.5573946","-0.010621177,0.00965282,0.35011187,0.4307573,-0.008586086,0.7369656,0.4269006,-0.0057894737,0.7237781",0.0
"0.0,0.0,0.0,2.8652207e-07,0.005789075,0.993462,-0.2897661,-0.0057894737,0.43591902","-0.715021,-0.9701253,0.9244069","-0.06827933,-0.13338725,0.09930965,-0.14401281,0.037299134,0.9701774,-0.2897661,-0.0057894737,0.43591902",0.0
"-0.06827933,-0.13338725,0.09930965,-0.14401281,0.037299134,0.9701774,-0.2897661,-0.0057894737,0.43591902","0.45919454,-0.93233776,0.7025862","-0.024429591,-0.26157895,0.17478898,-0.30688947,0.029405614,0.90399325,-0.2897661,-0.0057894737,0.43591902",0.0
"-0.024429591,-0.26157895,0.17478898,-0.30688947,0.029405614,0.90399325,-0.2897661,-0.0057894737,0.43591902","-0.5156001,-0.7867615,0.7622403","-0.07366566,-0.36975464,0.25667697,-0.38970447,0.09778129,0.82095677,-0.2897661,-0.0057894737,0.43591902",0.0
"-0.07366566,-0.36975464,0.25667697,-0.38970447,0.09778129,0.82095677,-0.2897661,-0.0057894737,0.43591902","0.4161942,-0.83059686,0.95264554","-0.03392214,-0.48395747,0.35902038,-0.45356464,0.05434225,0.71224785,-0.2897661,-0.0057894737,0.43591902",0.0
"-0.03392214,-0.48395747,0.35902038,-0.45356464,0.05434225,0.71224785,-0.2897661,-0.0057894737,0.43591902","0.48620367,-0.684145,0.99013853","0.012506782,-0.5780239,0.4653916,-0.45133266,-0.011948809,0.6089268,-0.2897661,-0.0057894737,0.43591902",0.0
"0.012506782,-0.5780239,0.4653916,-0.45133266,-0.011948809,0.6089268,-0.2897661,-0.0057894737,0.43591902","-0.238743,-0.43506217,0.9471034","-0.010291443,-0.6378428,0.56713957,-0.39043224,0.018419798,0.52915174,-0.2897661,-0.0057894737,0.43591902",0.0
"-0.010291443,-0.6378428,0.56713957,-0.39043224,0.018419798,0.52915174,-0.2897661,-0.0057894737,0.43591902","-0.09807128,-0.41020584,0.36765754","-0.019656537,-0.694244,0.6066373,-0.40309623,0.030724367,0.4629959,-0.2897661,-0.0057894737,0.43591902",0.0
"-0.019656537,-0.694244,0.6066373,-0.40309623,0.030724367,0.4629959,-0.2897661,-0.0057894737,0.43591902","0.24068475,0.27286458,0.6053847","0.003327108,-0.65672666,0.67167425,-0.27529964,0.002911879,0.46305496,-0.2897661,-0.0057894737,0.43591902",0.0
"0.003327108,-0.65672666,0.67167425,-0.27529964,0.002911879,0.46305496,-0.2897661,-0.0057894737,0.43591902","0.019366741,-0.17234123,0.09698796","0.0051764906,-0.6804227,0.68209374,-0.28843343,0.0010989361,0.43995854,-0.2897661,-0.0057894737,0.43591902",0.0
"0.0,0.0,0.0,2.8652207e-07,0.005789075,0.993462,-0.049707603,0.12777777,0.36001524","0.88910675,0.34220898,0.91632533","0.08490325,0.047051974,0.09844142,0.22513379,0.06751765,0.9511826,-0.049707603,0.12777777,0.36001524",0.0
"0.08490325,0.047051974,0.09844142,0.22513379,0.06751765,0.9511826,-0.049707603,0.12777777,0.36001524","0.6627573,-0.4541905,0.9745313","0.14819175,-0.015396895,0.20313595,0.20984542,0.11190326,0.9154238,-0.049707603,0.12777777,0.36001524",0.0
"0.14819175,-0.015396895,0.20313595,0.20984542,0.11190326,0.9154238,-0.049707603,0.12777777,0.36001524","0.8472799,-0.89794743,0.9634104","0.22910082,-0.13886006,0.3066358,0.08289598,0.080366194,0.8848961,-0.049707603,0.12777777,0.36001524",0.0
"0.22910082,-0.13886006,0.3066358,0.08289598,0.080366194,0.8848961,-0.049707603,0.12777777,0.36001524","0.72246146,-0.1064896,0.9857942","0.29809064,-0.15350187,0.41254035,0.11513799,0.16626047,0.7863193,-0.049707603,0.12777777,0.36001524",0.0
"0.29809064,-0.15350187,0.41254035,0.11513799,0.16626047,0.7863193,-0.049707603,0.12777777,0.36001524","0.95309114,-0.3442827,0.9781947","0.38910392,-0.20083898,0.5176285,0.06727634,0.20218894,0.6808744,-0.049707603,0.12777777,0.36001524",0.0
"0.38910392,-0.20083898,0.5176285,0.06727634,0.20218894,0.6808744,-0.049707603,0.12777777,0.36001524","0.94929564,-0.50002766,0.9753499","0.47975478,-0.26959023,0.622411,0.0057998304,0.18215899,0.5700378,-0.049707603,0.12777777,0.36001524",0.0
"0.47975478,-0.26959023,0.622411,0.0057998304,0.18215899,0.5700378,-0.049707603,0.12777777,0.36001524","0.7422795,-0.5963581,0.7885002","0.5506371,-0.35158643,0.7071201,-0.025421588,0.12190298,0.47838032,-0.049707603,0.12777777,0.36001524",0.0
"0.5506371,-0.35158643,0.7071201,-0.025421588,0.12190298,0.47838032,-0.049707603,0.12777777,0.36001524","0.42415404,-0.17566848,0.64775467","0.59114075,-0.37573996,0.7767089,-0.041289393,0.11974114,0.38188946,-0.049707603,0.12777777,0.36001524",0.0
"0.59114075,-0.37573996,0.7767089,-0.041289393,0.11974114,0.38188946,-0.049707603,0.12777777,0.36001524","0.1509347,0.032278895,0.101097465","0.6055539,-0.3713018,0.78756994,-0.049040265,0.12464138,0.36387083,-0.049707603,0.12777777,0.36001524",0.0
"0.0,0.0,0.0,2.8652207e-07,0.005789075,0.993462,0.29339182,-0.31017542,0.7237781","-0.91133994,0.2638011,0.96976805","-0.08702635,0.036271285,0.1041828,0.21330234,-0.05380265,0.953891,0.29339182,-0.31017542,0.7237781",0.0
"-0.08702635,0.036271285,0.1041828,0.21330234,-0.05380265,0.953891,0.29339182,-0.31017542,0.7237781","-0.9216533,0.55701506,0.9657922","-0.17503755,0.11285798,0.20793848,0.41940627,-0.25029093,0.79633075,0.29339182,-0.31017542,0.7237781",0.0
"-0.17503755,0.11285798,0.20793848,0.41940627,-0.25029093,0.79633075,0.29339182,-0.31017542,0.7237781","-0.72436106,-0.4117273,0.48754644","-0.24420878,0.0562476,0.26031595,0.31788918,-0.2984863,0.79938745,0.29339182,-0.31017542,0.7237781",0.0
"-0.24420878,0.0562476,0.26031595,0.31788918,-0.2984863,0.79938745,0.29339182,-0.31017542,0.7237781","-0.39339352,-0.29265296,0.5020945","-0.281775,0.016009314,0.31425634,0.2658142,-0.3158444,0.7761157,0.29339182,-0.31017542,0.7237781",0.0
"-0.281775,0.016009314,0.31425634,0.2658142,-0.3158444,0.7761157,0.29339182,-0.31017542,0.7237781","0.12332618,-0.07953888,0.4147371","-0.26999825,0.0050731176,0.35881186,0.2885062,-0.3184896,0.7303016,0.29339182,-0.31017542,0.7237781",0.0
"0.0,0.0,0.0,2.8652207e-07,0.005789075,0.993462,0.14333335,0.164269,0.47566882","0.86784995,-0.59721303,0.99233234","0.08287337,-0.08211373,0.106606916,-0.029446974,-0.0018536815,0.9806967,0.14333335,0.164269,0.47566882",0.0
"0.08287337,-0.08211373,0.106606916,-0.029446974,-0.0018536815,0.9806967,0.14333335,0.164269,0.47566882","0.81280315,0.18372047,0.982193","0.16049016,-0.056853138,0.21212457,0.14127596,0.084562644,0.9290328,0.14333335,0.164269,0.47566882",0.0
"0.16049016,-0.056853138,0.21212457,0.14127596,0.084562644,0.9290328,0.14333335,0.164269,0.47566882","0.30107093,-0.03326547,0.9491546","0.18924025,-0.061426986,0.3140929,0.22229207,0.15728354,0.8411547,0.14333335,0.164269,0.47566882",0.0
"0.18924025,-0.061426986,0.3140929,0.22229207,0.15728354,0.8411547,0.14333335,0.164269,0.47566882","0.49394858,-0.20938611,0.9802704","0.23640877,-0.09021652,0.41940406,0.22961819,0.2186611,0.7377991,0.14333335,0.164269,0.47566882",0.0
"0.23640877,-0.09021652,0.41940406,0.22961819,0.2186611,0.7377991,0.14333335,0.164269,0.47566882","0.29645658,-0.639518,0.94204974","0.2647182,-0.17814697,0.52060914,0.16423467,0.18876494,0.664049,0.14333335,0.164269,0.47566882",0.0
"0.2647182,-0.17814697,0.52060914,0.16423467,0.18876494,0.664049,0.14333335,0.164269,0.47566882","0.22544289,-0.43443608,0.95211506","0.28624636,-0.23787971,0.62289554,0.13514836,0.17935838,0.5536025,0.14333335,0.164269,0.47566882",0.0
"0.28624636,-0.23787971,0.62289554,0.13514836,0.17935838,0.5536025,0.14333335,0.164269,0.47566882","0.15019882,-0.15832436,0.5661589","0.30058926,-0.25964853,0.6837184,0.12537271,0.18310945,0.4745407,0.14333335,0.164269,0.47566882",0.0
"0.30058926,-0.25964853,0.6837184,0.12537271,0.18310945,0.4745407,0.14333335,0.164269,0.47566882","-0.18858862,0.043491125,-0.04159099","0.2825804,-0.25366876,0.67925024,0.13901453,0.18001385,0.478059,0.14333335,0.164269,0.47566882",0.0
"0.0,0.0,0.0,2.8652207e-07,0.005789075,0.993462,-0.0007017544,0.009298245,0.64963955","0.8748981,-0.71208835,0.9691272","0.08354639,-0.097908504,0.10411398,-0.06547811,-0.011597475,0.97924316,-0.0007017544,0.009298245,0.64963955",0.0
"0.08354639,-0.097908504,0.10411398,-0.06547811,-0.011597475,0.97924316,-0.0007017544,0.009298245,0.64963955","0.17702258,0.29195642,0.87992454","0.10045076,-0.057766024,0.19864488,0.13672364,0.050728306,0.9385014,-0.0007017544,0.009298245,0.64963955",0.0
"0.10045076,-0.057766024,0.19864488,0.13672364,0.050728306,0.9385014,-0.0007017544,0.009298245,0.64963955","-0.5560837,-0.82284707,0.9080436","0.04734879,-0.1709033,0.2961966,0.038069993,0.0115588065,0.8988142,-0.0007017544,0.009298245,0.64963955",0.0
"0.04734879,-0.1709033,0.2961966,0.038069993,0.0115588065,0.8988142,-0.0007017544,0.009298245,0.64963955","-0.0054830313,-0.7206795,0.594592","0.046825193,-0.26999307,0.36007407,-0.07238387,-0.004873381,0.85257703,-0.0007017544,0.009298245,0.64963955",0.0
"0.046825193,-0.26999307,0.36007407,-0.07238387,-0.004873381,0.85257703,-0.0007017544,0.009298245,0.64963955","-0.6585828,-0.2127583,0.88303876","-0.016064696,-0.29924628,0.45493957,-0.010401321,0.00632187,0.77660435,-0.0007017544,0.009298245,0.64963955",0.0
"-0.016064696,-0.29924628,0.45493957,-0.010401321,0.00632187,0.77660435,-0.0007017544,0.009298245,0.64963955","0.39209545,-0.39280963,0.7970755","0.021377567,-0.35325566,0.54056996,-0.007949896,0.005267495,0.69159925,-0.0007017544,0.009298245,0.64963955",0.0
"0.021377567,-0.35325566,0.54056996,-0.007949896,0.005267495,0.69159925,-0.0007017544,0.009298245,0.64963955","-0.20286846,-0.13016415,0.3386444","0.002005095,-0.3711526,0.57695085,0.0012543729,0.0057972064,0.65193677,-0.0007017544,0.009298245,0.64963955",0.0
"0.0,0.0,0.0,2.8652207e-07,0.005789075,0.993462,0.0021052633,0.005497076,0.23331277","0.51756907,-0.9879003,0.9070661","0.04942408,-0.13583122,0.097446725,-0.15545392,-0.018473752,0.9692129,0.0021052633,0.005497076,0.23331277",0.0
"0.04942408,-0.13583122,0.097446725,-0.15545392,-0.018473752,0.9692129,0.0021052633,0.005497076,0.23331277","-0.7318454,-0.445099,0.9132563","-0.020461857,-0.19703008,0.19555847,-0.1473066,0.01528341,0.93942463,0.0021052633,0.005497076,0.23331277",0.0
"-0.020461857,-0.19703008,0.19555847,-0.1473066,0.01528341,0.93942463,0.0021052633,0.005497076,0.23331277","-0.22336948,-0.08771318,0.9865054","-0.041792035,-0.20909023,0.30153945,-0.028520958,0.009605744,0.8958683,0.0021052633,0.005497076,0.23331277",0.0
"-0.041792035,-0.20909023,0.30153945,-0.028520958,0.009605744,0.8958683,0.0021052633,0.005497076,0.23331277","-0.44922316,-0.77397585,0.9534795","-0.084689595,-0.31550795,0.40397242,-0.09603055,0.032170758,0.814481,0.0021052633,0.005497076,0.23331277",0.0
"-0.084689595,-0.31550795,0.40397242,-0.09603055,0.032170758,0.814481,0.0021052633,0.005497076,0.23331277","0.91289425,-0.23534948,0.9513869","0.0024851745,-0.34786737,0.50618064,-0.035741452,0.005510303,0.7263144,0.0021052633,0.005497076,0.23331277",0.0
"0.0024851745,-0.34786737,0.50618064,-0.035741452,0.005510303,0.7263144,0.0021052633,0.005497076,0.23331277","0.7851808,0.07434726,0.95197725","0.07746423,-0.33764502,0.6084522,0.074582495,0.024482429,0.6107131,0.0021052633,0.005497076,0.23331277",0.0
"0.07746423,-0.33764502,0.6084522,0.074582495,0.024482429,0.6107131,0.0021052633,0.005497076,0.23331277","0.6266488,-0.7475525,0.95642924","0.13730463,-0.4404297,0.711202,0.017829008,0.014579126,0.48857296,0.0021052633,0.005497076,0.23331277",0.0
"0.13730463,-0.4404297,0.711202,0.017829008,0.014579126,0.48857296,0.0021052633,0.005497076,0.23331277","-0.06381166,-0.6972163,0.8417926","0.13121109,-0.5362934,0.80163646,-0.01770675,-0.0014240586,0.36665308,0.0021052633,0.005497076,0.23331277",0.0
"0.13121109,-0.5362934,0.80163646,-0.01770675,-0.0014240586,0.36665308,0.0021052633,0.005497076,0.23331277","0.011635065,-0.3739388,0.7469312","0.13232215,-0.5877081,0.8818798,-0.012737125,0.0007057268,0.25196242,0.0021052633,0.005497076,0.23331277",0.0
"0.13232215,-0.5877081,0.8818798,-0.012737125,0.0007057268,0.25196242,0.0021052633,0.005497076,0.23331277","-0.2995131,0.018686533,0.10321832","0.10372082,-0.5851389,0.8929687,-0.0055692787,0.0042290497,0.23588696,0.0021052633,0.005497076,0.23331277",0.0
"0.0,0.0,0.0,2.8652207e-07,0.005789075,0.993462,-0.2591813,0.1468421,0.5737357","-0.69064206,-0.957038,0.8200853","-0.06595132,-0.13158782,0.08810232,-0.1558493,0.03867662,0.9703768,-0.2591813,0.1468421,0.5737357",0.0
"-0.06595132,-0.13158782,0.08810232,-0.1558493,0.03867662,0.9703768,-0.2591813,0.1468421,0.5737357","-0.345509,-0.97863936,0.8382453","-0.098944925,-0.26614574,0.1781556,-0.2958969,0.101140395,0.90097034,-0.2591813,0.1468421,0.5737357",0.0
"-0.098944925,-0.26614574,0.1781556,-0.2958969,0.101140395,0.90097034,-0.2591813,0.1468421,0.5737357","-0.2806461,-0.5603298,0.88740945","-0.1257446,-0.34318826,0.2734906,-0.3013776,0.13193388,0.84562385,-0.2591813,0.1468421,0.5737357",0.0
"-0.1257446,-0.34318826,0.2734906,-0.3013776,0.13193388,0.84562385,-0.2591813,0.1468421,0.5737357","0.17656207,-0.48837447,0.89359164","-0.1088842,-0.41033727,0.3694898,-0.2972645,0.11199164,0.7812485,-0.2591813,0.1468421,0.5737357",0.0
"-0.1088842,-0.41033727,0.3694898,-0.2972645,0.11199164,0.7812485,-0.2591813,0.1468421,0.5737357","-0.103581905,-0.6852667,0.8735719","-0.118775524,-0.50455797,0.46333826,-0.31887075,0.13105029,0.6807881,-0.2591813,0.1468421,0.5737357",0.0
"-0.118775524,-0.50455797,0.46333826,-0.31887075,0.13105029,0.6807881,-0.2591813,0.1468421,0.5737357","-0.24654067,-0.426732,0.91082525","-0.14231837,-0.56323147,0.5611888,-0.26769724,0.13477914,0.5945659,-0.2591813,0.1468421,0.5737357",0.0
"-0.14231837,-0.56323147,0.5611888,-0.26769724,0.13477914,0.5945659,-0.2591813,0.1468421,0.5737357","-0.29347467,-0.031110823,0.1197176","-0.17034307,-0.5675091,0.5740502,-0.24538867,0.15221007,0.58458436,-0.2591813,0.1468421,0.5737357",0.0
"-0.17034307,-0.5675091,0.5740502,-0.24538867,0.15221007,0.58458436,-0.2591813,0.1468421,0.5737357","0.087286234,-0.04692948,0.052152395","-0.16200788,-0.57396173,0.579653,-0.25059333,0.14646038,0.5769019,-0.2591813,0.1468421,0.5737357",0.0
"0.0,0.0,0.0,2.8652207e-07,0.005789075,0.993462,-0.14333335,0.164269,0.47566882","-0.3063867,-0.94348884,0.94215655","-0.02925772,-0.12972489,0.10121651,-0.13709253,0.018450273,0.9714799,-0.14333335,0.164269,0.47566882",0.0
"-0.02925772,-0.12972489,0.10121651,-0.13709253,0.018450273,0.9714799,-0.14333335,0.164269,0.47566882","-0.8116152,-0.9363721,0.6108197","-0.10676109,-0.25847128,0.1668373,-0.29374394,0.10852106,0.90522826,-0.14333335,0.164269,0.47566882",0.0
"-0.10676109,-0.25847128,0.1668373,-0.29374394,0.10852106,0.90522826,-0.14333335,0.164269,0.47566882","0.16671395,-0.8447654,0.7658298","-0.09084112,-0.37462223,0.24911094,-0.40247452,0.1241171,0.81482345,-0.14333335,0.164269,0.47566882",0.0
"-0.09084112,-0.37462223,0.24911094,-0.40247452,0.1241171,0.81482345,-0.14333335,0.164269,0.47566882","-0.7450837,-0.42019415,0.89460635","-0.16199122,-0.4323968,0.3452191,-0.33755645,0.1949622,0.7651854,-0.14333335,0.164269,0.47566882",0.0
"-0.16199122,-0.4323968,0.3452191,-0.33755645,0.1949622,0.7651854,-0.14333335,0.164269,0.47566882","-0.47808802,-0.6994065,0.88137364","-0.20764516,-0.52856165,0.4399057,-0.32559925,0.25601023,0.6634571,-0.14333335,0.164269,0.47566882",0.0
"-0.20764516,-0.52856165,0.4399057,-0.32559925,0.25601023,0.6634571,-0.14333335,0.164269,0.47566882","-0.51424736,-0.25360686,0.97764933","-0.25675204,-0.5634314,0.5449352,-0.21828815,0.23611842,0.6022812,-0.14333335,0.164269,0.47566882",0.0
"-0.25675204,-0.5634314,0.5449352,-0.21828815,0.23611842,0.6022812,-0.14333335,0.164269,0.47566882","0.2788688,-0.46464825,0.8578291","-0.2301221,-0.6273182,0.6370924,-0.20960954,0.19265975,0.5054799,-0.14333335,0.164269,0.47566882",0.0
"-0.2301221,-0.6273182,0.6370924,-0.20960954,0.19265975,0.5054799,-0.14333335,0.164269,0.47566882","-0.30420375,0.11454809,0.3628024","-0.25917137,-0.61156845,0.67606854,-0.14512922,0.16217709,0.486938,-0.14333335,0.164269,0.47566882",0.0
"0.0,0.0,0.0,2.8652207e-07,0.005789075,0.993462,-0.03140351,0.08596491,0.51554936","-0.833488,-0.4290281,0.9465375","-0.079592064,-0.058989167,0.10168715,0.014889902,0.0021721798,0.98216933,-0.03140351,0.08596491,0.51554936",0.0
"-0.079592064,-0.058989167,0.10168715,0.014889902,0.0021721798,0.98216933,-0.03140351,0.08596491,0.51554936","-0.9843544,-0.86510277,0.93769026","-0.1735908,-0.17793638,0.20242386,-0.081647046,0.056309104,0.9436114,-0.03140351,0.08596491,0.51554936",0.0
"-0.1735908,-0.17793638,0.20242386,-0.081647046,0.056309104,0.9436114,-0.03140351,0.08596491,0.51554936","-0.63558114,-0.2206822,0.9648012","-0.23428419,-0.20827909,0.30607313,-0.012480145,0.019116055,0.8932089,-0.03140351,0.08596491,0.51554936",0.0
"-0.23428419,-0.20827909,0.30607313,-0.012480145,0.019116055,0.8932089,-0.03140351,0.08596491,0.51554936","-0.8855486,-0.81938374,0.9788115","-0.31884766,-0.3209402,0.41122752,-0.04998942,0.08888734,0.80827296,-0.03140351,0.08596491,0.51554936",0.0
"-0.31884766,-0.3209402,0.41122752,-0.04998942,0.08888734,0.80827296,-0.03140351,0.08596491,0.51554936","-0.06013441,-0.86713815,0.9791112","-0.32459006,-0.44016725,0.5164141,-0.08579704,0.15066141,0.6940712,-0.03140351,0.08596491,0.51554936",0.0
"-0.32459006,-0.44016725,0.5164141,-0.08579704,0.15066141,0.6940712,-0.03140351,0.08596491,0.51554936","0.08471465,-0.24134463,0.8569181","-0.31650043,-0.47335097,0.6084734,-0.057984978,0.09980856,0.6045198,-0.03140351,0.08596491,0.51554936",0.0
"-0.31650043,-0.47335097,0.6084734,-0.057984978,0.09980856,0.6045198,-0.03140351,0.08596491,0.51554936","-0.021937132,-0.22617215,0.6763582","-0.31859526,-0.50444853,0.68113506,-0.039027896,0.07163257,0.5211795,-0.03140351,0.08596491,0.51554936",0.0
"0.0,0.0,0.0,2.8652207e-07,0.005789075,0.993462,-0.39076024,-0.20491228,0.60727465","0.030588746,-0.9171412,0.54992485","0.0029209917,-0.12610222,0.059078805,-0.18926872,0.004052517,0.96929437,-0.39076024,-0.20491228,0.60727465",0.0
"0.0029209917,-0.12610222,0.059078805,-0.18926872,0.004052517,0.96929437,-0.39076024,-0.20491228,0.60727465","0.8756597,-0.96721256,0.21261072","0.086540125,-0.259089,0.08191976,-0.41558555,-0.10984574,0.87615734,-0.39076024,-0.20491228,0.60727465",0.0
"0.086540125,-0.259089,0.08191976,-0.41558555,-0.10984574,0.87615734,-0.39076024,-0.20491228,0.60727465","-0.31667334,-0.8255636,0.91057587","0.05630012,-0.37259978,0.17974356,-0.50497687,-0.0843787,0.7939129,-0.39076024,-0.20491228,0.60727465",0.0
"0.05630012,-0.37259978,0.17974356,-0.50497687,-0.0843787,0.7939129,-0.39076024,-0.20491228,0.60727465","0.85269403,-0.77910197,0.9860474","0.13772622,-0.47972235,0.2856753,-0.50267184,-0.22579166,0.7002419,-0.39076024,-0.20491228,0.60727465",0.0
"0.13772622,-0.47972235,0.2856753,-0.50267184,-0.22579166,0.7002419,-0.39076024,-0.20491228,0.60727465","-0.4506204,-0.3027097,0.8366051","0.094695225,-0.5213434,0.3755524,-0.47287503,-0.13892493,0.67075866,-0.39076024,-0.20491228,0.60727465",0.0
"0.094695225,-0.5213434,0.3755524,-0.47287503,-0.13892493,0.67075866,-0.39076024,-0.20491228,0.60727465","0.6360886,-0.2597599,0.7068311","0.15543708,-0.5570591,0.45148775,-0.3918385,-0.20160234,0.6326493,-0.39076024,-0.20491228,0.60727465",0.0
"0.15543708,-0.5570591,0.45148775,-0.3918385,-0.20160234,0.6326493,-0.39076024,-0.20491228,0.60727465","0.22384357,-0.18213493,0.22507167","0.17681253,-0.5821018,0.47566736,-0.37935284,-0.22863632,0.603704,-0.39076024,-0.20491228,0.60727465",0.0
"0.17681253,-0.5821018,0.47566736,-0.37935284,-0.22863632,0.603704,-0.39076024,-0.20491228,0.60727465","-0.08477622,0.075573444,-0.09733713","0.168717,-0.5717109,0.4652104,-0.38488925,-0.21882458,0.6158242,-0.39076024,-0.20491228,0.60727465",0.0
"0.0,0.0,0.0,2.8652207e-07,0.005789075,0.993462,-0.14333335,0.08415204,0.3483126","-0.14473194,-0.8413216,0.98581433","-0.013820863,-0.1156774,0.105906695,-0.10138785,0.010199539,0.97543377,-0.14333335,0.08415204,0.3483126",0.0
"-0.013820863,-0.1156774,0.105906695,-0.10138785,0.010199539,0.97543377,-0.14333335,0.08415204,0.3483126","-0.28462422,-0.9585063,0.97896755","-0.04100042,-0.24746713,0.21107785,-0.22666281,0.03519572,0.91418463,-0.14333335,0.08415204,0.3483126",0.0
"-0.04100042,-0.24746713,0.21107785,-0.22666281,0.03519572,0.91418463,-0.14333335,0.08415204,0.3483126","-0.7908516,-0.873274,0.91837454","-0.116521016,-0.36753786,0.30973947,-0.3001432,0.12125683,0.8240344,-0.14333335,0.08415204,0.3483126",0.0
"-0.116521016,-0.36753786,0.30973947,-0.3001432,0.12125683,0.8240344,-0.14333335,0.08415204,0.3483126","-0.20693243,-0.5816909,0.97717166","-0.13628156,-0.4475174,0.4147177,-0.28787306,0.13774139,0.7411764,-0.14333335,0.08415204,0.3483126",0.0
"-0.13628156,-0.4475174,0.4147177,-0.28787306,0.13774139,0.7411764,-0.14333335,0.08415204,0.3483126","0.18870425,-0.6345948,0.76144826","-0.11826168,-0.53477097,0.49652058,-0.31973046,0.13078804,0.6447353,-0.14333335,0.08415204,0.3483126",0.0
"-0.11826168,-0.53477097,0.49652058,-0.31973046,0.13078804,0.6447353,-0.14333335,0.08415204,0.3483126","-0.5237466,-0.6631749,0.97875273","-0.16827568,-0.62595415,0.60166866,-0.2813256,0.17102988,0.52609426,-0.14333335,0.08415204,0.3483126",0.0
"-0.16827568,-0.62595415,0.60166866,-0.2813256,0.17102988,0.52609426,-0.14333335,0.08415204,0.3483126","0.29263198,-0.0032298565,0.7948675","-0.14033145,-0.62639827,0.6870618,-0.19808033,0.099863194,0.46998188,-0.14333335,0.08415204,0.3483126",0.0
"-0.14033145,-0.62639827,0.6870618,-0.19808033,0.099863194,0.46998188,-0.14333335,0.08415204,0.3483126","-0.014021456,-0.34094822,0.8446454","-0.1416704,-0.67327696,0.7778027,-0.14945112,0.07770096,0.3646177,-0.14333335,0.08415204,0.3483126",0.0
"0.0,0.0,0.0,2.8652207e-07,0.005789075,0.993462,-0.06678363,-0.0057894737,0.37832105","-0.36679983,-0.7162619,0.98583865","-0.035026737,-0.09848235,0.1059093,-0.06394561,0.012889504,0.9789303,-0.06678363,-0.0057894737,0.37832105",0.0
"-0.035026737,-0.09848235,0.1059093,-0.06394561,0.012889504,0.9789303,-0.06678363,-0.0057894737,0.37832105","-0.24038595,-0.6436923,0.8927305","-0.057981864,-0.18698677,0.20181595,-0.11557092,0.02717448,0.9413667,-0.06678363,-0.0057894737,0.37832105",0.0
"-0.057981864,-0.18698677,0.20181595,-0.11557092,0.02717448,0.9413667,-0.06678363,-0.0057894737,0.37832105","0.3780917,-0.11508632,0.9683305","-0.021876862,-0.20281059,0.30584437,-0.011157202,0.006570815,0.8935744,-0.06678363,-0.0057894737,0.37832105",0.0
"-0.021876862,-0.20281059,0.30584437,-0.011157202,0.006570815,0.8935744,-0.06678363,-0.0057894737,0.37832105","-0.10632551,-0.93133277,0.949265","-0.032030184,-0.3308641,0.4078246,-0.12285525,0.018222826,0.8077655,-0.06678363,-0.0057894737,0.37832105",0.0
"-0.032030184,-0.3308641,0.4078246,-0.12285525,0.018222826,0.8077655,-0.06678363,-0.0057894737,0.37832105","0.7842684,-0.86431277,0.99694395","0.042861752,-0.4497027,0.514927,-0.18927224,-0.019799277,0.69089305,-0.06678363,-0.0057894737,0.37832105",0.0
"0.042861752,-0.4497027,0.514927,-0.18927224,-0.019799277,0.69089305,-0.06678363,-0.0057894737,0.37832105","0.39274263,-0.40058386,0.98530674","0.08036582,-0.504781,0.62077916,-0.14210384,-0.030681511,0.58290815,-0.06678363,-0.0057894737,0.37832105",0.0
"0.08036582,-0.504781,0.62077916,-0.14210384,-0.030681511,0.58290815,-0.06678363,-0.0057894737,0.37832105","0.20635653,-0.4249388,0.959363","0.10007137,-0.5632079,0.7238442,-0.10592262,-0.028355066,0.45973018,-0.06678363,-0.0057894737,0.37832105",0.0
"0.10007137,-0.5632079,0.7238442,-0.10592262,-0.028355066,0.45973018,-0.06678363,-0.0057894737,0.37832105","-0.30320454,-0.20037985,0.6700901","0.071117535,-0.59075916,0.7958324,-0.072311066,-0.010493341,0.3683331,-0.06678363,-0.0057894737,0.37832105",0.0
"0.0,0.0,0.0,2.8652207e-07,0.005789075,0.993462,0.075614035,0.051520467,0.51554936","0.7346548,-0.5127131,0.9951837","0.07015418,-0.07049543,0.10691324,-0.004768579,0.004864264,0.9810948,0.075614035,0.051520467,0.51554936",0.0
"0.07015418,-0.07049543,0.10691324,-0.004768579,0.004864264,0.9810948,0.075614035,0.051520467,0.51554936","0.7236222,0.14926791,0.97907615","0.13925484,-0.04997188,0.21209607,0.15928608,0.08089047,0.9261738,0.075614035,0.051520467,0.51554936",0.0
"0.13925484,-0.04997188,0.21209607,0.15928608,0.08089047,0.9261738,0.075614035,0.051520467,0.51554936","0.4392717,-0.5776124,0.8705466","0.18120208,-0.12939064,0.30561948,0.108591765,0.076364145,0.88287824,0.075614035,0.051520467,0.51554936",0.0
"0.18120208,-0.12939064,0.30561948,0.108591765,0.076364145,0.88287824,0.075614035,0.051520467,0.51554936","-0.15637994,-0.35594648,0.93131816","0.16626891,-0.17833148,0.40567163,0.12802896,0.08038439,0.8045647,0.075614035,0.051520467,0.51554936",0.0
"0.16626891,-0.17833148,0.40567163,0.12802896,0.08038439,0.8045647,0.075614035,0.051520467,0.51554936","0.09224939,-0.716676,0.8873675","0.17507806,-0.27687076,0.50100213,0.061953586,0.04477692,0.72817314,0.075614035,0.051520467,0.51554936",0.0
"0.17507806,-0.27687076,0.50100213,0.061953586,0.04477692,0.72817314,0.075614035,0.051520467,0.51554936","0.25556707,-0.1367858,0.90394664","0.19948286,-0.29567814,0.5981138,0.102097355,0.081072405,0.61357063,0.075614035,0.051520467,0.51554936",0.0
"0.19948286,-0.29567814,0.5981138,0.102097355,0.081072405,0.61357063,0.075614035,0.051520467,0.51554936","-0.66104263,-0.5131612,0.80383265","0.13635807,-0.36623517,0.68447006,0.08327342,0.044392236,0.5146978,0.075614035,0.051520467,0.51554936",0.0
"0.0,0.0,0.0,2.8652207e-07,0.005789075,0.993462,-0.07269006,-0.0057894737,0.2237676","-0.71806616,-0.7256738,0.9593599","-0.06857012,-0.09977643,0.10306467,-0.06881088,0.02098293,0.9790494,-0.07269006,-0.0057894737,0.2237676",0.0
"-0.06857012,-0.09977643,0.10306467,-0.06881088,0.02098293,0.9790494,-0.07269006,-0.0057894737,0.2237676","-0.18519264,-0.97023207,0.9756255","-0.08625468,-0.2331784,0.20787677,-0.19584736,0.060416963,0.92205435,-0.07269006,-0.0057894737,0.2237676",0.0
"-0.08625468,-0.2331784,0.20787677,-0.19584736,0.060416963,0.92205435,-0.07269006,-0.0057894737,0.2237676","0.4562447,-0.36278856,0.9659114","-0.042686634,-0.28306,0.3116453,-0.1589453,0.02728542,0.8736597,-0.07269006,-0.0057894737,0.2237676",0.0
"-0.042686634,-0.28306,0.3116453,-0.1589453,0.02728542,0.8736597,-0.07269006,-0.0057894737,0.2237676","-0.2576735,-0.3514533,0.68515444","-0.06729259,-0.33138308,0.38525197,-0.1495675,0.03801999,0.820815,-0.07269006,-0.0057894737,0.2237676",0.0
"-0.06729259,-0.33138308,0.38525197,-0.1495675,0.03801999,0.820815,-0.07269006,-0.0057894737,0.2237676","-0.3091305,-0.38636565,0.9536042","-0.096812315,-0.38450643,0.48769838,-0.11076055,0.040833607,0.7354779,-0.07269006,-0.0057894737,0.2237676",0.0
"-0.096812315,-0.38450643,0.48769838,-0.11076055,0.040833607,0.7354779,-0.07269006,-0.0057894737,0.2237676","0.11510813,-0.66260165,0.94709766","-0.08582033,-0.47561082,0.5894457,-0.13326319,0.042832434,0.62148786,-0.07269006,-0.0057894737,0.2237676",0.0
"-0.08582033,-0.47561082,0.5894457,-0.13326319,0.042832434,0.62148786,-0.07269006,-0.0057894737,0.2237676","0.61305356,-0.6544174,0.9596336","-0.027278166,-0.56558985,0.6925398,-0.14332011,0.01812276,0.49215314,-0.07269006,-0.0057894737,0.2237676",0.0
"-0.027278166,-0.56558985,0.6925398,-0.14332011,0.01812276,0.49215314,-0.07269006,-0.0057894737,0.2237676","0.3315394,-0.6638487,0.97730017","0.004381439,-0.6568657,0.7975319,-0.1330059,0.0039589386,0.3496912,-0.07269006,-0.0057894737,0.2237676",0.0
"0.004381439,-0.6568657,0.7975319,-0.1330059,0.0039589386,0.3496912,-0.07269006,-0.0057894737,0.2237676","0.031684637,-0.2766984,0.72418785","0.0074070916,-0.69491035,0.8753319,-0.09327275,0.0036200138,0.24718125,-0.07269006,-0.0057894737,0.2237676",0.0
"0.0074070916,-0.69491035,0.8753319,-0.09327275,0.0036200138,0.24718125,-0.07269006,-0.0057894737,0.2237676","0.39968193,-0.049252152,0.20867324","0.045573812,-0.7016823,0.8977499,-0.07965022,-0.00563331,0.21725185,-0.07269006,-0.0057894737,0.2237676",0.0
"0.0,0.0,0.0,2.8652207e-07,0.005789075,0.993462,0.08777778,-0.14497076,0.49515146","-0.32624674,0.25077033,0.90650046","-0.031154193,0.03447962,0.09738592,0.20683885,-0.014492061,0.9585482,0.08777778,-0.14497076,0.49515146",0.0
"-0.031154193,0.03447962,0.09738592,0.20683885,-0.014492061,0.9585482,0.08777778,-0.14497076,0.49515146","-0.7880837,-0.4983741,0.9309511","-0.10641047,-0.034044266,0.1973986,0.18408842,-0.057811912,0.9295547,0.08777778,-0.14497076,0.49515146",0.0
"-0.10641047,-0.034044266,0.1973986,0.18408842,-0.057811912,0.9295547,0.08777778,-0.14497076,0.49515146","-0.37746358,0.08400798,0.9758141","-0.1424555,-0.022493618,0.30223098,0.30239838,-0.13873637,0.8253011,0.08777778,-0.14497076,0.49515146",0.0
"-0.1424555,-0.022493618,0.30223098,0.30239838,-0.13873637,0.8253011,0.08777778,-0.14497076,0.49515146","-0.71292555,-0.72612315,0.5516015","-0.21053474,-0.122331835,0.36148995,0.16749334,-0.123036586,0.8267479,0.08777778,-0.14497076,0.49515146",0.0
"-0.21053474,-0.122331835,0.36148995,0.16749334,-0.123036586,0.8267479,0.08777778,-0.14497076,0.49515146","-0.096850276,-0.28444344,0.8503643","-0.21978325,-0.16144136,0.45284522,0.1771318,-0.13882424,0.7426074,0.08777778,-0.14497076,0.49515146",0.0
"-0.21978325,-0.16144136,0.45284522,0.1771318,-0.13882424,0.7426074,0.08777778,-0.14497076,0.49515146","-0.30975884,-0.502335,0.9324992","-0.24936296,-0.23050986,0.55302423,0.14108604,-0.132352,0.64837545,0.08777778,-0.14497076,0.49515146",0.0
"-0.24936296,-0.23050986,0.55302423,0.14108604,-0.132352,0.64837545,0.08777778,-0.14497076,0.49515146","-0.63759065,-0.19685876,0.7053883","-0.31024826,-0.25757697,0.6288046,0.11796781,-0.16356514,0.55521786,0.08777778,-0.14497076,0.49515146",0.0
"-0.31024826,-0.25757697,0.6288046,0.11796781,-0.16356514,0.55521786,0.08777778,-0.14497076,0.49515146","-0.1892063,-0.30558592,0.47234964","-0.32831606,-0.29959348,0.6795495,0.09383343,-0.1454934,0.500055,0.08777778,-0.14497076,0.49515146",0.0
"0.0,0.0,0.0,2.8652207e-07,0.005789075,0.993462,-0.37818715,-0.19807017,0.7237781","-0.017258763,-0.95901746,0.5483484","-0.001648098,-0.13185999,0.058909446,-0.20162849,0.00683313,0.9665186,-0.37818715,-0.19807017,0.7237781",0.0
"-0.001648098,-0.13185999,0.058909446,-0.20162849,0.00683313,0.9665186,-0.37818715,-0.19807017,0.7237781","0.5878043,-0.9127313,0.6123493","0.05448294,-0.2573559,0.12469457,-0.36456946,-0.057142757,0.8959616,-0.37818715,-0.19807017,0.7237781",0.0
"0.05448294,-0.2573559,0.12469457,-0.36456946,-0.057142757,0.8959616,-0.37818715,-0.19807017,0.7237781","0.79065466,-0.8676099,0.6573309","0.12998472,-0.37664783,0.1953121,-0.45967326,-0.19258492,0.7959603,-0.37818715,-0.19807017,0.7237781",0.0
"0.12998472,-0.37664783,0.1953121,-0.45967326,-0.19258492,0.7959603,-0.37818715,-0.19807017,0.7237781","0.111150265,-0.37870264,0.90178823","0.14059876,-0.42871755,0.29219183,-0.41589543,-0.19025859,0.76489913,-0.37818715,-0.19807017,0.7237781",0.0
"0.14059876,-0.42871755,0.29219183,-0.41589543,-0.19025859,0.76489913,-0.37818715,-0.19807017,0.7237781","0.3873241,-0.33305335,0.5831258","0.17758541,-0.47451073,0.35483745,-0.38245946,-0.2318426,0.7223442,-0.37818715,-0.19807017,0.7237781",0.0
"0.17758541,-0.47451073,0.35483745,-0.38245946,-0.2318426,0.7223442,-0.37818715,-0.19807017,0.7237781","-0.22405857,0.051889062,0.026862383","0.15618946,-0.4673763,0.35772336,-0.38324738,-0.1981932,0.7301369,-0.37818715,-0.19807017,0.7237781",0.0
"0.0,0.0,0.0,2.8652207e-07,0.005789075,0.993462,0.042222224,-0.43923974,0.60727465","-0.9249135,0.60093415,0.78496397","-0.08832251,0.08262535,0.08432917,0.28102332,-0.074021995,0.9368871,0.042222224,-0.43923974,0.60727465",0.0
"-0.08832251,0.08262535,0.08432917,0.28102332,-0.074021995,0.9368871,0.042222224,-0.43923974,0.60727465","-0.9397964,0.4081112,0.7361971","-0.17806625,0.13873856,0.1634193,0.41959453,-0.25589117,0.8148927,0.042222224,-0.43923974,0.60727465",0.0
"-0.17806625,0.13873856,0.1634193,0.41959453,-0.25589117,0.8148927,0.042222224,-0.43923974,0.60727465","-0.90736103,-0.29839027,0.6257814","-0.26471266,0.09771144,0.23064743,0.3293875,-0.3527439,0.78782463,0.042222224,-0.43923974,0.60727465",0.0
"-0.26471266,0.09771144,0.23064743,0.3293875,-0.3527439,0.78782463,0.042222224,-0.43923974,0.60727465","-0.8285804,-0.20228708,0.7499473","-0.34383607,0.069898,0.31121477,0.24140926,-0.43965358,0.7198685,0.042222224,-0.43923974,0.60727465",0.0
"-0.34383607,0.069898,0.31121477,0.24140926,-0.43965358,0.7198685,0.042222224,-0.43923974,0.60727465","-0.73433435,-0.33011103,0.65822303","-0.41395968,0.02450943,0.38192812,0.1328057,-0.4576199,0.6772237,0.042222224,-0.43923974,0.60727465",0.0
"-0.41395968,0.02450943,0.38192812,0.1328057,-0.4576199,0.6772237,0.042222224,-0.43923974,0.60727465","-0.7262857,-0.35433352,0.46563244","-0.4833147,-0.024209611,0.4319513,0.028360993,-0.43008867,0.6603103,0.042222224,-0.43923974,0.60727465",0.0
"-0.4833147,-0.024209611,0.4319513,0.028360993,-0.43008867,0.6603103,0.042222224,-0.43923974,0.60727465","-0.038785815,-0.09132373,0.40737438","-0.48701847,-0.036766164,0.47571585,0.02350279,-0.43401498,0.60990906,0.042222224,-0.43923974,0.60727465",0.0
"-0.48701847,-0.036766164,0.47571585,0.02350279,-0.43401498,0.60990906,0.042222224,-0.43923974,0.60727465","0.099256516,0.040565014,-0.0551759","-0.47754022,-0.031188697,0.46978828,0.03678754,-0.438407,0.6127296,0.042222224,-0.43923974,0.60727465",0.0
"0.0,0.0,0.0,2.8652207e-07,0.005789075,0.993462,-0.00502924,-0.007836257,0.64963955","0.75202847,-0.49381298,0.9458101","0.07181325,-0.06789675,0.10160901,-0.006505305,0.0044464804,0.98227984,-0.00502924,-0.007836257,0.64963955",0.0
"0.07181325,-0.06789675,0.10160901,-0.006505305,0.0044464804,0.98227984,-0.00502924,-0.007836257,0.64963955","0.17058349,-0.70832175,0.9416728","0.08810272,-0.16528739,0.20277356,-0.071123965,-0.014186389,0.94615054,-0.00502924,-0.007836257,0.64963955",0.0
"0.08810272,-0.16528739,0.20277356,-0.071123965,-0.014186389,0.94615054,-0.00502924,-0.007836257,0.64963955","0.88499403,-0.23330712,0.89013505","0.1726132,-0.19736595,0.2984014,-0.011853569,-0.00038354803,0.8983202,-0.00502924,-0.007836257,0.64963955",0.0
"0.1726132,-0.19736595,0.2984014,-0.011853569,-0.00038354803,0.8983202,-0.00502924,-0.007836257,0.64963955","0.7393733,-0.69529545,0.89927757","0.24321799,-0.29296556,0.39501143,-0.055340357,-0.04501317,0.8253246,-0.00502924,-0.007836257,0.64963955",0.0
"0.24321799,-0.29296556,0.39501143,-0.055340357,-0.04501317,0.8253246,-0.00502924,-0.007836257,0.64963955","0.89790154,-0.40236473,0.86780226","0.32896107,-0.34828869,0.48824006,-0.03397039,-0.045705244,0.74274105,-0.00502924,-0.007836257,0.64963955",0.0
"0.32896107,-0.34828869,0.48824006,-0.03397039,-0.045705244,0.74274105,-0.00502924,-0.007836257,0.64963955","0.9546261,-0.10196388,0.7608932","0.42012092,-0.36230826,0.56998336,-0.0036518238,0.009068624,0.6596492,-0.00502924,-0.007836257,0.64963955",0.0
"0.42012092,-0.36230826,0.56998336,-0.0036518238,0.009068624,0.6596492,-0.00502924,-0.007836257,0.64963955","0.3616643,-0.079663396,0.124330044","0.45465723,-0.3732616,0.58334035,-0.0051199403,0.005079383,0.6447415,-0.00502924,-0.007836257,0.64963955",0.0
"0.0,0.0,0.0,2.8652207e-07,0.005789075,0.993462,0.3697076,0.4101754,0.5050889","0.97641945,0.86729944,0.9682772","0.093240984,0.11924922,0.10402264,0.37052643,0.11779808,0.89223474,0.3697076,0.4101754,0.5050889",0.0
"0.093240984,0.11924922,0.10402264,0.37052643,0.11779808,0.89223474,0.3697076,0.4101754,0.5050889","0.77302766,0.27797568,0.9082564","0.16705951,0.15746945,0.20159721,0.4818572,0.28568372,0.7467884,0.3697076,0.4101754,0.5050889",0.0
"0.16705951,0.15746945,0.20159721,0.4818572,0.28568372,0.7467884,0.3697076,0.4101754,0.5050889","0.7204206,-0.29316235,0.77950585","0.23585446,0.11716114,0.28534004,0.408733,0.38177663,0.693474,0.3697076,0.4101754,0.5050889",0.0
"0.23585446,0.11716114,0.28534004,0.408733,0.38177663,0.693474,0.3697076,0.4101754,0.5050889","0.07705462,-0.069800615,0.8996959","0.24321263,0.10756392,0.38199496,0.42695495,0.41714382,0.568101,0.3697076,0.4101754,0.5050889",0.0
"0.24321263,0.10756392,0.38199496,0.42695495,0.41714382,0.568101,0.3697076,0.4101754,0.5050889","0.27429843,-0.21899188,0.6629622","0.26940614,0.07745367,0.45321745,0.3790304,0.43704936,0.50250375,0.3697076,0.4101754,0.5050889",0.0
"0.26940614,0.07745367,0.45321745,0.3790304,0.43704936,0.50250375,0.3697076,0.4101754,0.5050889","-0.039277434,-0.114270985,0.13061678","0.2656554,0.061742,0.46724975,0.37312958,0.42038718,0.5026519,0.3697076,0.4101754,0.5050889",0.0
"0.0,0.0,0.0,2.8652207e-07,0.005789075,0.993462,-0.009239767,-0.0014619883,0.64963955","0.1936109,-0.762833,0.96610236","0.018488422,-0.10488563,0.10378902,-0.08182838,0.001040644,0.9780197,-0.009239767,-0.0014619883,0.64963955",0.0
"0.018488422,-0.10488563,0.10378902,-0.08182838,0.001040644,0.9780197,-0.009239767,-0.0014619883,0.64963955","0.91898024,-0.039092958,0.9833845","0.10624435,-0.11026075,0.20943469,0.0463036,0.022183096,0.94475245,-0.009239767,-0.0014619883,0.64963955",0.0
"0.10624435,-0.11026075,0.20943469,0.0463036,0.022183096,0.94475245,-0.009239767,-0.0014619883,0.64963955","0.3071605,-0.593161,0.9249785","0.13557594,-0.19181737,0.3088058,0.010232702,0.010999484,0.8916264,-0.009239767,-0.0014619883,0.64963955",0.0
"0.13557594,-0.19181737,0.3088058,0.010232702,0.010999484,0.8916264,-0.009239767,-0.0014619883,0.64963955","0.3755355,-0.54740584,0.9375844","0.17143683,-0.2670829,0.40953115,-0.008103648,0.0019018543,0.8166439,-0.009239767,-0.0014619883,0.64963955",0.0
"0.17143683,-0.2670829,0.40953115,-0.008103648,0.0019018543,0.8166439,-0.009239767,-0.0014619883,0.64963955","0.29562593,-0.58178127,0.9298061","0.19966696,-0.34707487,0.5094209,-0.028350214,-0.013402134,0.723278,-0.009239767,-0.0014619883,0.64963955",0.0
"0.19966696,-0.34707487,0.5094209,-0.028350214,-0.013402134,0.723278,-0.009239767,-0.0014619883,0.64963955","0.5598204,-0.19908637,0.514971","0.25312576,-0.3744483,0.56474465,-0.01520349,-0.007236505,0.66528666,-0.009239767,-0.0014619883,0.64963955",0.0
"0.0,0.0,0.0,2.8652207e-07,0.005789075,0.993462,0.004502924,-0.003859649,0.23331277","-0.35933232,-0.9186949,0.9304453","-0.03431364,-0.12631585,0.09995835,-0.13131881,0.020034038,0.9726095,0.004502924,-0.003859649,0.23331277",0.0
"-0.03431364,-0.12631585,0.09995835,-0.13131881,0.020034038,0.9726095,0.004502924,-0.003859649,0.23331277","-0.67065597,-0.90974075,0.9541409","-0.098356426,-0.25140056,0.20246238,-0.23568033,0.08131114,0.91233474,0.004502924,-0.003859649,0.23331277",0.0
"-0.098356426,-0.25140056,0.20246238,-0.23568033,0.08131114,0.91233474,0.004502924,-0.003859649,0.23331277","-0.7729521,-0.45281637,0.89266074","-0.17216773,-0.3136605,0.29836157,-0.20127931,0.12764724,0.8628828,0.004502924,-0.003859649,0.23331277",0.0
"-0.17216773,-0.3136605,0.29836157,-0.20127931,0.12764724,0.8628828,0.004502924,-0.003859649,0.23331277","-0.061409175,0.5969844,0.8503003","-0.17803189,-0.23157826,0.38970992,0.03363988,-0.014227968,0.8320975,0.004502924,-0.003859649,0.23331277",0.0
"-0.17803189,-0.23157826,0.38970992,0.03363988,-0.014227968,0.8320975,0.004502924,-0.003859649,0.23331277","-0.93245786,-0.7731286,0.9076599","-0.26707485,-0.33787954,0.48722047,-0.022625335,0.033857264,0.74488807,0.004502924,-0.003859649,0.23331277",0.0
"-0.26707485,-0.33787954,0.48722047,-0.022625335,0.033857264,0.74488807,0.004502924,-0.003859649,0.23331277","-0.48653948,-0.47578526,0.98574066","-0.31353584,-0.4032976,0.5931193,-0.012046339,0.028627897,0.6328737,0.004502924,-0.003859649,0.23331277",0.0
"-0.31353584,-0.4032976,0.5931193,-0.012046339,0.028627897,0.6328737,0.004502924,-0.003859649,0.23331277","-0.26212436,-0.52843404,0.7579713","-0.33856684,-0.47595462,0.6745487,-0.020064399,0.048030704,0.5333499,0.004502924,-0.003859649,0.23331277",0.0
"-0.33856684,-0.47595462,0.6745487,-0.020064399,0.048030704,0.5333499,0.004502924,-0.003859649,0.23331277","-0.86258876,-0.04130119,0.77257836","-0.4209378,-0.4816334,0.7575473,0.0076858895,-0.006755232,0.42753404,0.004502924,-0.003859649,0.23331277",0.0
"-0.4209378,-0.4816334,0.7575473,0.0076858895,-0.006755232,0.42753404,0.004502924,-0.003859649,0.23331277","-0.34445655,-0.6404195,0.571012","-0.4538309,-0.5696878,0.8188915,0.0005699553,0.036153726,0.34105638,0.004502924,-0.003859649,0.23331277",0.0
"-0.4538309,-0.5696878,0.8188915,0.0005699553,0.036153726,0.34105638,0.004502924,-0.003859649,0.23331277","-0.87586844,-0.17554897,0.5303438","-0.53747,-0.5938249,0.8758668,0.00799793,0.018333334,0.2603598,0.004502924,-0.003859649,0.23331277",0.0
"-0.53747,-0.5938249,0.8758668,0.00799793,0.018333334,0.2603598,0.004502924,-0.003859649,0.23331277","-0.96735746,0.12452841,0.11026704","-0.6298456,-0.57670295,0.8877129,0.0055377707,-0.001779948,0.24363421,0.004502924,-0.003859649,0.23331277",0.0
"0.0,0.0,0.0,2.8652207e-07,0.005789075,0.993462,-0.5387719,-0.1911111,0.6989999","0.4083264,-0.9706282,-0.59631944","0.0389922,-0.13345638,-0.06406297,-0.36629385,-0.039263178,0.90957373,-0.5387719,-0.1911111,0.6989999",0.0
"0.0389922,-0.13345638,-0.06406297,-0.36629385,-0.039263178,0.90957373,-0.5387719,-0.1911111,0.6989999","0.74455845,-0.8979236,0.8022958","0.11009212,-0.25691625,0.022128206,-0.4741389,-0.16470216,0.8408128,-0.5387719,-0.1911111,0.6989999",0.0
"0.11009212,-0.25691625,0.022128206,-0.4741389,-0.16470216,0.8408128,-0.5387719,-0.1911111,0.6989999","-0.10788751,-0.7643621,0.9124006","0.09978965,-0.36201215,0.12014803,-0.5444061,-0.17040528,0.7731893,-0.5387719,-0.1911111,0.6989999",0.0
"0.09978965,-0.36201215,0.12014803,-0.5444061,-0.17040528,0.7731893,-0.5387719,-0.1911111,0.6989999","0.083351135,-0.5088985,0.74519587","0.107749075,-0.4319831,0.20020495,-0.5554869,-0.18942429,0.72510916,-0.5387719,-0.1911111,0.6989999",0.0
"0.107749075,-0.4319831,0.20020495,-0.5554869,-0.18942429,0.72510916,-0.5387719,-0.1911111,0.6989999","0.07958746,-0.22273505,0.39410412","0.11534911,-0.4626081,0.24254386,-0.5455929,-0.20065558,0.70460325,-0.5387719,-0.1911111,0.6989999",0.0
"0.0,0.0,0.0,2.8652207e-07,0.005789075,0.993462,0.0032163744,-0.036374267,0.3823091","-0.8385294,-0.62990004,0.98076105","-0.080073476,-0.08660804,0.10536381,-0.0375838,0.015636316,0.9805341,0.0032163744,-0.036374267,0.3823091",0.0
"-0.080073476,-0.08660804,0.10536381,-0.0375838,0.015636316,0.9805341,0.0032163744,-0.036374267,0.3823091","-0.28530198,-0.07748091,0.9376948","-0.10731777,-0.09726129,0.206101,0.07138135,-0.01888706,0.9445794,0.0032163744,-0.036374267,0.3823091",0.0
"-0.10731777,-0.09726129,0.206101,0.07138135,-0.01888706,0.9445794,0.0032163744,-0.036374267,0.3823091","-0.817976,-0.27193308,0.7236991","-0.18542856,-0.1346507,0.2838485,0.08344317,-0.048040498,0.90166914,0.0032163744,-0.036374267,0.3823091",0.0
"-0.18542856,-0.1346507,0.2838485,0.08344317,-0.048040498,0.90166914,0.0032163744,-0.036374267,0.3823091","-0.9324705,-0.4181304,0.96199894","-0.27447274,-0.19214152,0.38719672,0.07350313,-0.076876625,0.82754,0.0032163744,-0.036374267,0.3823091",0.0
"-0.27447274,-0.19214152,0.38719672,0.07350313,-0.076876625,0.82754,0.0032163744,-0.036374267,0.3823091","-0.9193377,-0.38815606,0.9811206","-0.36226282,-0.24551101,0.49259922,0.055601478,-0.1065678,0.7302352,0.0032163744,-0.036374267,0.3823091",0.0
"-0.36226282,-0.24551101,0.49259922,0.055601478,-0.1065678,0.7302352,0.0032163744,-0.036374267,0.3823091","0.10839939,-0.5064973,0.90947115","-0.35191146,-0.3151518,0.5903043,0.048324127,-0.083362445,0.6291624,0.0032163744,-0.036374267,0.3823091",0.0
"-0.35191146,-0.3151518,0.5903043,0.048324127,-0.083362445,0.6291624,0.0032163744,-0.036374267,0.3823091","-0.5259358,-0.72887707,0.95526433","-0.40213454,-0.4153687,0.692929,0.017414184,-0.035714407,0.51110315,0.0032163744,-0.036374267,0.3823091",0.0
"-0.40213454,-0.4153687,0.692929,0.017414184,-0.035714407,0.51110315,0.0032163744,-0.036374267,0.3823091","-0.80135626,-0.20352024,0.48087764","-0.47865823,-0.44335175,0.74459004,0.008549795,-0.04091752,0.44313663,0.0032163744,-0.036374267,0.3823091",0.0
"-0.47865823,-0.44335175,0.74459004,0.008549795,-0.04091752,0.44313663,0.0032163744,-0.036374267,0.3823091","-0.8581146,-0.2395395,0.42075706","-0.56060195,-0.47628725,0.78979236,-0.0006899434,-0.034172874,0.3820698,0.0032163744,-0.036374267,0.3823091",0.0
"0.0,0.0,0.0,2.8652207e-07,0.005789075,0.993462,0.4269006,-0.0057894737,0.7237781","0.19240189,0.46698487,0.9698453","0.018372986,0.06420801,0.104191095,0.2771172,0.021811891,0.9369185,0.4269006,-0.0057894737,0.7237781",0.0
"0.018372986,0.06420801,0.104191095,0.2771172,0.021811891,0.9369185,0.4269006,-0.0057894737,0.7237781","0.2947532,0.108136535,0.8787217","0.046519782,0.07907622,0.19859275,0.41190168,0.06648184,0.84389395,0.4269006,-0.0057894737,0.7237781",0.0
"0.046519782,0.07907622,0.19859275,0.41190168,0.06648184,0.84389395,0.4269006,-0.0057894737,0.7237781","-0.3512671,-0.27711666,0.9374012","0.012976325,0.04097411,0.29929838,0.4428829,0.023858605,0.7686031,0.4269006,-0.0057894737,0.7237781",0.0
"0.012976325,0.04097411,0.29929838,0.4428829,0.023858605,0.7686031,0.4269006,-0.0057894737,0.7237781","-0.25861585,-0.24969256,0.43791544","-0.011719613,0.0066426597,0.346344,0.42279878,-0.009780556,0.7450173,0.4269006,-0.0057894737,0.7237781",0.0
"-0.011719613,0.0066426597,0.346344,0.42279878,-0.009780556,0.7450173,0.4269006,-0.0057894737,0.7237781","0.13056374,-0.048142612,0.19672322","0.0007482749,2.328844e-05,0.36747813,0.42768726,0.006794449,0.72405785,0.4269006,-0.0057894737,0.7237781",0.0
"0.0,0.0,0.0,2.8652207e-07,0.005789075,0.993462,0.28760237,0.32093567,0.47972226","0.9156959,0.6690297,0.98324704","0.087442316,0.09198814,0.10563085,0.3221509,0.096807614,0.9150954,0.28760237,0.32093567,0.47972226",0.0
"0.087442316,0.09198814,0.10563085,0.3221509,0.096807614,0.9150954,0.28760237,0.32093567,0.47972226","0.8389785,-0.05825895,0.8939203","0.16755868,0.08397783,0.2016653,0.368473,0.22081305,0.8356095,0.28760237,0.32093567,0.47972226",0.0
"0.16755868,0.08397783,0.2016653,0.368473,0.22081305,0.8356095,0.28760237,0.32093567,0.47972226","0.44316626,0.0074709654,0.98634386","0.20987785,0.08500505,0.30762887,0.41019872,0.32525608,0.7057891,0.28760237,0.32093567,0.47972226",0.0
"0.20987785,0.08500505,0.30762887,0.41019872,0.32525608,0.7057891,0.28760237,0.32093567,0.47972226","0.23788512,-0.57262784,0.95612144","0.23259415,0.006271667,0.4103456,0.34247833,0.31470644,0.6578705,0.28760237,0.32093567,0.47972226",0.0
"0.23259415,0.006271667,0.4103456,0.34247833,0.31470644,0.6578705,0.28760237,0.32093567,0.47972226","0.31673837,-0.20636165,0.9427215","0.26284036,-0.022102002,0.5116228,0.31247997,0.34730446,0.5395794,0.28760237,0.32093567,0.47972226",0.0
"0.26284036,-0.022102002,0.5116228,0.31247997,0.34730446,0.5395794,0.28760237,0.32093567,0.47972226","0.06430781,-0.3003654,0.51198983","0.26898128,-0.0634007,0.56662625,0.27963307,0.3238665,0.49990705,0.28760237,0.32093567,0.47972226",0.0
"0.26898128,-0.0634007,0.56662625,0.27963307,0.3238665,0.49990705,0.28760237,0.32093567,0.47972226","0.12233806,-0.027179897,0.1203382","0.2806637,-0.06713781,0.57955426,0.26602557,0.33204508,0.48374534,0.28760237,0.32093567,0.47972226",0.0
"0.2806637,-0.06713781,0.57955426,0.26602557,0.33204508,0.48374534,0.28760237,0.32093567,0.47972226","-0.081513405,0.040341258,-0.013621807","0.27287975,-0.061591096,0.57809097,0.27818945,0.33020502,0.4802205,0.28760237,0.32093567,0.47972226",0.0
"0.0,0.0,0.0,2.8652207e-07,0.005789075,0.993462,0.32596493,0.48830408,0.5930222","0.94585943,0.9147363,0.87820387","0.090322725,0.12577154,0.094346,0.3728498,0.11476339,0.89386034,0.32596493,0.48830408,0.5930222",0.0
"0.090322725,0.12577154,0.094346,0.3728498,0.11476339,0.89386034,0.32596493,0.48830408,0.5930222","0.9165994,0.6727624,0.8994143","0.17785132,0.21827291,0.19097066,0.54794294,0.34939733,0.67052567,0.32596493,0.48830408,0.5930222",0.0
"0.17785132,0.21827291,0.19097066,0.54794294,0.34939733,0.67052567,0.32596493,0.48830408,0.5930222","0.7634828,-0.22479975,0.6655704","0.25075838,0.18736412,0.26247332,0.4552082,0.46559083,0.62148654,0.32596493,0.48830408,0.5930222",0.0
"0.25075838,0.18736412,0.26247332,0.4552082,0.46559083,0.62148654,0.32596493,0.48830408,0.5930222","0.2971561,-0.24783921,0.47177124","0.27913463,0.15328753,0.313156,0.39833552,0.48790273,0.60175145,0.32596493,0.48830408,0.5930222",0.0
"0.27913463,0.15328753,0.313156,0.39833552,0.48790273,0.60175145,0.32596493,0.48830408,0.5930222","0.4262178,-0.30080336,0.31274772","0.31983534,0.11192862,0.34675473,0.31029466,0.4991853,0.614096,0.32596493,0.48830408,0.5930222",0.0
"0.31983534,0.11192862,0.34675473,0.31029466,0.4991853,0.614096,0.32596493,0.48830408,0.5930222","-0.06060648,0.04055357,0.16834545","0.31404787,0.11750452,0.36484024,0.3280802,0.5067127,0.57926065,0.32596493,0.48830408,0.5930222",0.0
"0.31404787,0.11750452,0.36484024,0.3280802,0.5067127,0.57926065,0.32596493,0.48830408,0.5930222","-0.0069610476,-0.056183577,-0.019024193","0.31338313,0.109779574,0.3627965,0.32278514,0.49646178,0.5935685,0.32596493,0.48830408,0.5930222",0.0
"0.0,0.0,0.0,2.8652207e-07,0.005789075,0.993462,0.06362573,-0.27473682,0.7005036","-0.9800827,-0.077082634,0.95200014","-0.09359078,-0.010598476,0.10227399,0.11491037,-0.0287463,0.9741696,0.06362573,-0.27473682,0.7005036",0.0
"-0.09359078,-0.010598476,0.10227399,0.11491037,-0.0287463,0.9741696,0.06362573,-0.27473682,0.7005036","-0.9511318,-0.1965316,0.78691816","-0.18441696,-0.037620578,0.18681315,0.14732577,-0.08947135,0.9384573,0.06362573,-0.27473682,0.7005036",0.0
"-0.18441696,-0.037620578,0.18681315,0.14732577,-0.08947135,0.9384573,0.06362573,-0.27473682,0.7005036","-0.5794928,0.049098253,0.9183326","-0.23975433,-0.030869836,0.28547025,0.22288851,-0.20104757,0.84983355,0.06362573,-0.27473682,0.7005036",0.0
"-0.23975433,-0.030869836,0.28547025,0.22288851,-0.20104757,0.84983355,0.06362573,-0.27473682,0.7005036","-0.82137996,-0.22211957,0.6314995","-0.31819016,-0.06141015,0.35331267,0.17272906,-0.2580799,0.79733944,0.06362573,-0.27473682,0.7005036",0.0
"-0.31819016,-0.06141015,0.35331267,0.17272906,-0.2580799,0.79733944,0.06362573,-0.27473682,0.7005036","-0.73354053,-0.3047278,0.63437784","-0.38823798,-0.10330867,0.42146435,0.1074852,-0.27661455,0.7449593,0.06362573,-0.27473682,0.7005036",0.0
"-0.38823798,-0.10330867,0.42146435,0.1074852,-0.27661455,0.7449593,0.06362573,-0.27473682,0.7005036","-0.4652239,-0.18061799,0.47250462","-0.43266347,-0.12814274,0.47222593,0.067517325,-0.2868215,0.6964314,0.06362573,-0.27473682,0.7005036",0.0
"0.0,0.0,0.0,2.8652207e-07,0.005789075,0.993462,-0.08596492,-0.14222223,0.3483126","-0.8484509,-0.09176141,0.74227905","-0.0810209,-0.012616731,0.07974352,0.0821303,-0.0153867155,0.98264194,-0.08596492,-0.14222223,0.3483126",0.0
"-0.0810209,-0.012616731,0.07974352,0.0821303,-0.0153867155,0.98264194,-0.08596492,-0.14222223,0.3483126","-0.9013086,-0.22057754,0.9726293","-0.16708933,-0.042945024,0.18423374,0.13962586,-0.074170746,0.94228107,-0.08596492,-0.14222223,0.3483126",0.0
"-0.16708933,-0.042945024,0.18423374,0.13962586,-0.074170746,0.94228107,-0.08596492,-0.14222223,0.3483126","-0.32272708,-0.49642968,0.97493255","-0.19790746,-0.11120158,0.2889714,0.12424337,-0.0819042,0.89061147,-0.08596492,-0.14222223,0.3483126",0.0
"-0.19790746,-0.11120158,0.2889714,0.12424337,-0.0819042,0.89061147,-0.08596492,-0.14222223,0.3483126","-0.80239314,-0.6805601,0.89025164","-0.2745302,-0.20477512,0.3846118,0.056402173,-0.05694293,0.8328332,-0.08596492,-0.14222223,0.3483126",0.0
"-0.2745302,-0.20477512,0.3846118,0.056402173,-0.05694293,0.8328332,-0.08596492,-0.14222223,0.3483126","-0.8262164,0.17721772,0.96018887","-0.3534279,-0.18040863,0.48776552,0.10404666,-0.19673014,0.7089362,-0.08596492,-0.14222223,0.3483126",0.0
"-0.3534279,-0.18040863,0.48776552,0.10404666,-0.19673014,0.7089362,-0.08596492,-0.14222223,0.3483126","-0.76383245,-0.5338037,0.8328564","-0.42636833,-0.2538039,0.5772399,0.04595141,-0.16984276,0.62607914,-0.08596492,-0.14222223,0.3483126",0.0
"-0.42636833,-0.2538039,0.5772399,0.04595141,-0.16984276,0.62607914,-0.08596492,-0.14222223,0.3483126","-0.86974305,-0.26683486,0.85568357","-0.5094225,-0.29049236,0.66916656,0.0004765831,-0.17948551,0.51146847,-0.08596492,-0.14222223,0.3483126",0.0
"-0.5094225,-0.29049236,0.66916656,0.0004765831,-0.17948551,0.51146847,-0.08596492,-0.14222223,0.3483126","-0.49626052,-0.21635407,0.5083958","-0.55681175,-0.32023996,0.7237839,-0.023915296,-0.16517477,0.44242695,-0.08596492,-0.14222223,0.3483126",0.0
"-0.55681175,-0.32023996,0.7237839,-0.023915296,-0.16517477,0.44242695,-0.08596492,-0.14222223,0.3483126","-0.6422012,-0.17506301,0.64033866","-0.6181373,-0.34431025,0.792576,-0.05254673,-0.15098195,0.3464679,-0.08596492,-0.14222223,0.3483126",0.0
"-0.6181373,-0.34431025,0.792576,-0.05254673,-0.15098195,0.3464679,-0.08596492,-0.14222223,0.3483126","-0.54479086,0.00047373772,-0.042364776","-0.6701609,-0.34424517,0.78802484,-0.07607138,-0.13984342,0.35350013,-0.08596492,-0.14222223,0.3483126",0.0
"0.0,0.0,0.0,2.8652207e-07,0.005789075,0.993462,0.16614036,0.03356725,0.49515146","0.6537653,-0.7119626,0.9573672","0.062429827,-0.09789121,0.10285059,-0.06779193,-0.007566862,0.9793945,0.16614036,0.03356725,0.49515146",0.0
"0.062429827,-0.09789121,0.10285059,-0.06779193,-0.007566862,0.9793945,0.16614036,0.03356725,0.49515146","0.5881381,-0.39500523,0.8399651","0.11859273,-0.15220244,0.19308864,-0.056395657,-0.015825277,0.9513325,0.16614036,0.03356725,0.49515146",0.0
"0.11859273,-0.15220244,0.19308864,-0.056395657,-0.015825277,0.9513325,0.16614036,0.03356725,0.49515146","0.6820524,-0.07417238,0.9880178","0.18372376,-0.1624008,0.29923207,0.047114525,0.03758704,0.8956474,0.16614036,0.03356725,0.49515146",0.0
"0.18372376,-0.1624008,0.29923207,0.047114525,0.03758704,0.8956474,0.16614036,0.03356725,0.49515146","0.15039563,-0.3847829,0.9907913","0.19808544,-0.21530652,0.40567347,0.064936824,0.05371007,0.8151722,0.16614036,0.03356725,0.49515146",0.0
"0.19808544,-0.21530652,0.40567347,0.064936824,0.05371007,0.8151722,0.16614036,0.03356725,0.49515146","-0.100453556,-0.3192656,0.941419","0.18849286,-0.2592039,0.5068108,0.0886499,0.06661213,0.71749926,0.16614036,0.03356725,0.49515146",0.0
"0.18849286,-0.2592039,0.5068108,0.0886499,0.06661213,0.71749926,0.16614036,0.03356725,0.49515146","-0.49711502,0.0823735,0.9508103","0.14102197,-0.24787802,0.608957,0.18174718,0.092645586,0.57902664,0.16614036,0.03356725,0.49515146",0.0
"0.14102197,-0.24787802,0.608957,0.18174718,0.092645586,0.57902664,0.16614036,0.03356725,0.49515146","-0.5339738,-0.3908295,0.6288692","0.09003134,-0.30161506,0.67651683,0.16085787,0.052779566,0.5053719,0.16614036,0.03356725,0.49515146",0.0
"0.09003134,-0.30161506,0.67651683,0.16085787,0.052779566,0.5053719,0.16614036,0.03356725,0.49515146","-0.24511063,0.023490787,0.038739085","0.066625044,-0.29838523,0.68067867,0.1699651,0.042022403,0.49787134,0.16614036,0.03356725,0.49515146",0.0
"0.0,0.0,0.0,2.8652207e-07,0.005789075,0.993462,-0.12877193,-0.20766081,0.8102732","-0.9812594,-0.6933701,0.7753842","-0.093703166,-0.095334835,0.08330005,-0.08420786,0.031580016,0.9813842,-0.12877193,-0.20766081,0.8102732",0.0
"-0.093703166,-0.095334835,0.08330005,-0.08420786,0.031580016,0.9813842,-0.12877193,-0.20766081,0.8102732","-0.89756596,-0.060411334,0.25486135","-0.17941421,-0.10364111,0.11068001,-0.055548143,0.04195736,0.9774757,-0.12877193,-0.20766081,0.8102732",0.0
"-0.17941421,-0.10364111,0.11068001,-0.055548143,0.04195736,0.9774757,-0.12877193,-0.20766081,0.8102732","-0.7571126,0.06719577,0.8897158","-0.251713,-0.09440206,0.20626278,0.060202163,-0.052622195,0.9439542,-0.12877193,-0.20766081,0.8102732",0.0
"-0.251713,-0.09440206,0.20626278,0.060202163,-0.052622195,0.9439542,-0.12877193,-0.20766081,0.8102732","-0.9108738,-0.089562416,0.8283596","-0.3386948,-0.10671646,0.29525402,0.08506682,-0.1413168,0.88353837,-0.12877193,-0.20766081,0.8102732",0.0
"-0.3386948,-0.10671646,0.29525402,0.08506682,-0.1413168,0.88353837,-0.12877193,-0.20766081,0.8102732","-0.943683,0.028472424,0.054255605","-0.4288097,-0.10280167,0.3010828,0.045382332,-0.17342141,0.8767279,-0.12877193,-0.20766081,0.8102732",0.0
"-0.4288097,-0.10280167,0.3010828,0.045382332,-0.17342141,0.8767279,-0.12877193,-0.20766081,0.8102732","-0.84304404,0.10033059,0.22184694","-0.5093143,-0.08900676,0.324916,-0.0009941604,-0.2318062,0.8468656,-0.12877193,-0.20766081,0.8102732",0.0
"-0.5093143,-0.08900676,0.324916,-0.0009941604,-0.2318062,0.8468656,-0.12877193,-0.20766081,0.8102732","-0.96653104,0.043380618,0.22690117","-0.601611,-0.083042175,0.34929222,-0.078487135,-0.25590578,0.81719893,-0.12877193,-0.20766081,0.8102732",0.0
"-0.601611,-0.083042175,0.34929222,-0.078487135,-0.25590578,0.81719893,-0.12877193,-0.20766081,0.8102732","-0.59043515,-0.18210095,0.18364143","-0.65799326,-0.10808014,0.369021,-0.10985227,-0.21499346,0.8107682,-0.12877193,-0.20766081,0.8102732",0.0
"-0.65799326,-0.10808014,0.369021,-0.10985227,-0.21499346,0.8107682,-0.12877193,-0.20766081,0.8102732","-0.3560331,0.0004979372,0.038626075","-0.6919918,-0.1080117,0.3731707,-0.1345048,-0.20548168,0.8060783,-0.12877193,-0.20766081,0.8102732",0.0
"0.0,0.0,0.0,2.8652207e-07,0.005789075,0.993462,0.03520468,0.02005848,0.52215254","0.9583032,0.5147548,0.9843358","0.091511,0.07077613,0.10574782,0.27968523,0.08873472,0.93130624,0.03520468,0.02005848,0.52215254",0.0
"0.091511,0.07077613,0.10574782,0.27968523,0.08873472,0.93130624,0.03520468,0.02005848,0.52215254","0.574504,-0.6677866,0.8211349","0.14637196,-0.021041106,0.19396289,0.19024028,0.1006771,0.9255903,0.03520468,0.02005848,0.52215254",0.0
"0.14637196,-0.021041106,0.19396289,0.19024028,0.1006771,0.9255903,0.03520468,0.02005848,0.52215254","-0.22331482,-0.8623831,0.98950756","0.125047,-0.13961437,0.30026636,0.09591289,0.046011496,0.89024216,0.03520468,0.02005848,0.52215254",0.0
"0.125047,-0.13961437,0.30026636,0.09591289,0.046011496,0.89024216,0.03520468,0.02005848,0.52215254","-0.5302364,-0.9087429,0.95106256","0.07441326,-0.2645619,0.40243968,-0.010864997,0.0033635711,0.8225133,0.03520468,0.02005848,0.52215254",0.0
"0.07441326,-0.2645619,0.40243968,-0.010864997,0.0033635711,0.8225133,0.03520468,0.02005848,0.52215254","0.50619745,-0.29777187,0.8811935","0.12275144,-0.305504,0.4971069,0.020760199,0.0146758435,0.7358836,0.03520468,0.02005848,0.52215254",0.0
"0.12275144,-0.305504,0.4971069,0.020760199,0.0146758435,0.7358836,0.03520468,0.02005848,0.52215254","0.2263453,-0.58126163,0.64511454","0.14436576,-0.38542455,0.5664121,-0.030279016,-0.008318634,0.66288686,0.03520468,0.02005848,0.52215254",0.0
"0.14436576,-0.38542455,0.5664121,-0.030279016,-0.008318634,0.66288686,0.03520468,0.02005848,0.52215254","0.3189062,-0.16660613,0.71973276","0.17481898,-0.40833208,0.6437335,0.005037425,0.009870333,0.5738815,0.03520468,0.02005848,0.52215254",0.0
"0.17481898,-0.40833208,0.6437335,0.005037425,0.009870333,0.5738815,0.03520468,0.02005848,0.52215254","-0.5572765,0.012768149,0.32863963","0.12160312,-0.40657657,0.6790395,0.03503966,0.020316726,0.52871346,0.03520468,0.02005848,0.52215254",0.0
"0.0,0.0,0.0,2.8652207e-07,0.005789075,0.993462,-0.00023391814,0.07292397,0.2237676","0.78250873,0.37806845,0.96456325","0.074723914,0.051982462,0.10362365,0.24366346,0.064227335,0.945178,-0.00023391814,0.07292397,0.2237676",0.0
"0.074723914,0.051982462,0.10362365,0.24366346,0.064227335,0.945178,-0.00023391814,0.07292397,0.2237676","0.9698386,-0.68306816,0.8420799","0.16733645,-0.04193591,0.19408888,0.14634834,0.091598324,0.93538284,-0.00023391814,0.07292397,0.2237676",0.0
"0.16733645,-0.04193591,0.19408888,0.14634834,0.091598324,0.93538284,-0.00023391814,0.07292397,0.2237676","0.8191068,0.0019261837,0.95458865","0.24555522,-0.04167109,0.296641,0.20482385,0.20725782,0.8459496,-0.00023391814,0.07292397,0.2237676",0.0
"0.24555522,-0.04167109,0.296641,0.20482385,0.20725782,0.8459496,-0.00023391814,0.07292397,0.2237676","0.8829551,-0.48964405,0.8914666","0.32987103,-0.10899465,0.3924119,0.12840354,0.22828417,0.78448135,-0.00023391814,0.07292397,0.2237676",0.0
"0.32987103,-0.10899465,0.3924119,0.12840354,0.22828417,0.78448135,-0.00023391814,0.07292397,0.2237676","0.89960873,-0.76949483,0.95069575","0.41577715,-0.21479625,0.4945458,0.039462857,0.1677869,0.7169443,-0.00023391814,0.07292397,0.2237676",0.0
"0.41577715,-0.21479625,0.4945458,0.039462857,0.1677869,0.7169443,-0.00023391814,0.07292397,0.2237676","0.8925326,-0.15923476,0.9391892","0.50100756,-0.23669024,0.59544355,-0.0064597963,0.21160863,0.5926358,-0.00023391814,0.07292397,0.2237676",0.0
"0.50100756,-0.23669024,0.59544355,-0.0064597963,0.21160863,0.5926358,-0.00023391814,0.07292397,0.2237676","0.13058245,-0.6347176,0.99715495","0.51347727,-0.32396066,0.7025686,-0.012318402,0.15397991,0.47568762,-0.00023391814,0.07292397,0.2237676",0.0
"0.51347727,-0.32396066,0.7025686,-0.012318402,0.15397991,0.47568762,-0.00023391814,0.07292397,0.2237676","-0.6845275,-0.6290109,0.84149265","0.44810984,-0.41044647,0.7929707,0.010272981,0.098131396,0.3667283,-0.00023391814,0.07292397,0.2237676",0.0
"0.44810984,-0.41044647,0.7929707,0.010272981,0.098131396,0.3667283,-0.00023391814,0.07292397,0.2237676","0.46411657,-0.4738881,0.784143","0.4924296,-0.47560364,0.87721175,-0.0041680955,0.06823194,0.25123122,-0.00023391814,0.07292397,0.2237676",0.0
"0.4924296,-0.47560364,0.87721175,-0.0041680955,0.06823194,0.25123122,-0.00023391814,0.07292397,0.2237676","0.25582814,0.06555486,0.203323","0.51685935,-0.46659026,0.899055,-0.009905835,0.07748804,0.2157725,-0.00023391814,0.07292397,0.2237676",0.0
"0.0,0.0,0.0,2.8652207e-07,0.005789075,0.993462,-0.25070176,-0.12906432,0.7005036","0.7771574,-0.96371186,0.90118074","0.07421288,-0.13250543,0.096814446,-0.14753473,-0.02908439,0.9704357,-0.25070176,-0.12906432,0.7005036",0.0
"0.07421288,-0.13250543,0.096814446,-0.14753473,-0.02908439,0.9704357,-0.25070176,-0.12906432,0.7005036","0.74655306,-0.9344755,0.97459745","0.14550327,-0.26099107,0.20151612,-0.24465056,-0.11388185,0.9062708,-0.25070176,-0.12906432,0.7005036",0.0
"0.14550327,-0.26099107,0.20151612,-0.24465056,-0.11388185,0.9062708,-0.25070176,-0.12906432,0.7005036","0.13500082,-0.7202743,0.9904473","0.15839487,-0.3600251,0.30792058,-0.27722132,-0.14400056,0.83005685,-0.25070176,-0.12906432,0.7005036",0.0
"0.15839487,-0.3600251,0.30792058,-0.27722132,-0.14400056,0.83005685,-0.25070176,-0.12906432,0.7005036","-0.4007777,-0.5148315,0.9827347","0.120123506,-0.43081185,0.41349643,-0.27407488,-0.102409735,0.7540144,-0.25070176,-0.12906432,0.7005036",0.0
"0.120123506,-0.43081185,0.41349643,-0.27407488,-0.102409735,0.7540144,-0.25070176,-0.12906432,0.7005036","0.3697884,-0.3674959,0.5662985","0.15543562,-0.4813407,0.47433433,-0.2616839,-0.13245833,0.6948811,-0.25070176,-0.12906432,0.7005036",0.0
"0.0,0.0,0.0,2.8652207e-07,0.005789075,0.993462,-0.10017544,-0.4191228,0.47972226","-0.9856751,0.42337358,0.83721507","-0.09412482,0.058211684,0.08994255,0.23816538,-0.06650115,0.9495143,-0.10017544,-0.4191228,0.47972226",0.0
"-0.09412482,0.058211684,0.08994255,0.23816538,-0.06650115,0.9495143,-0.10017544,-0.4191228,0.47972226","-0.9748853,-0.34856534,0.95124006","-0.18721928,0.010285736,0.1921349,0.23304017,-0.14845729,0.9082444,-0.10017544,-0.4191228,0.47972226",0.0
"-0.18721928,0.010285736,0.1921349,0.23304017,-0.14845729,0.9082444,-0.10017544,-0.4191228,0.47972226","-0.8739202,0.3549075,0.74027383","-0.27067232,0.05908368,0.271663,0.3020746,-0.33532506,0.7827968,-0.10017544,-0.4191228,0.47972226",0.0
"-0.27067232,0.05908368,0.271663,0.3020746,-0.33532506,0.7827968,-0.10017544,-0.4191228,0.47972226","-0.86943656,-0.22813237,0.64596903","-0.35369718,0.02771665,0.34105992,0.20660782,-0.40435803,0.7294044,-0.10017544,-0.4191228,0.47972226",0.0
"-0.35369718,0.02771665,0.34105992,0.20660782,-0.40435803,0.7294044,-0.10017544,-0.4191228,0.47972226","-0.956205,-0.21585053,0.83639765","-0.44500783,-0.001961693,0.43091467,0.08541965,-0.45583394,0.63752234,-0.10017544,-0.4191228,0.47972226",0.0
"-0.44500783,-0.001961693,0.43091467,0.08541965,-0.45583394,0.63752234,-0.10017544,-0.4191228,0.47972226","-0.5375341,-0.28761184,0.8935783","-0.49633843,-0.041506846,0.52691233,0.010921303,-0.44621918,0.537762,-0.10017544,-0.4191228,0.47972226",0.0
"-0.49633843,-0.041506846,0.52691233,0.010921303,-0.44621918,0.537762,-0.10017544,-0.4191228,0.47972226","-0.8508813,-0.3577175,0.38875484","-0.5775914,-0.09069118,0.5686766,-0.08965038,-0.38444653,0.5241295,-0.10017544,-0.4191228,0.47972226",0.0
"-0.5775914,-0.09069118,0.5686766,-0.08965038,-0.38444653,0.5241295,-0.10017544,-0.4191228,0.47972226","-0.009835005,0.064575434,0.23322654","-0.5785306,-0.0818124,0.5937323,-0.094559155,-0.39916962,0.47666955,-0.10017544,-0.4191228,0.47972226",0.0
"-0.5785306,-0.0818124,0.5937323,-0.094559155,-0.39916962,0.47666955,-0.10017544,-0.4191228,0.47972226","0.118644476,0.11198568,-0.053901315","-0.5672009,-0.066414945,0.5879417,-0.083878554,-0.41900477,0.4699504,-0.10017544,-0.4191228,0.47972226",0.0
"-0.5672009,-0.066414945,0.5879417,-0.083878554,-0.41900477,0.4699504,-0.10017544,-0.4191228,0.47972226","-0.19374287,0.014268637,-0.1049788","-0.58570194,-0.06445309,0.5766638,-0.10831774,-0.414297,0.48543975,-0.10017544,-0.4191228,0.47972226",0.0
"0.0,0.0,0.0,2.8652207e-07,0.005789075,0.993462,-0.15520468,-0.059415203,0.3483126","-0.16627759,-0.71007806,0.8052205","-0.015878316,-0.0976321,0.086505376,-0.08980096,0.010279507,0.98074716,-0.15520468,-0.059415203,0.3483126",0.0
"-0.015878316,-0.0976321,0.086505376,-0.08980096,0.010279507,0.98074716,-0.15520468,-0.059415203,0.3483126","0.75037694,-0.67840254,0.8434665","0.05577722,-0.190909,0.17711957,-0.15948829,-0.022357676,0.9445219,-0.15520468,-0.059415203,0.3483126",0.0
"0.05577722,-0.190909,0.17711957,-0.15948829,-0.022357676,0.9445219,-0.15520468,-0.059415203,0.3483126","0.013444781,-0.62465125,0.9686525","0.057061087,-0.2767954,0.2811826,-0.18846767,-0.028268492,0.8865795,-0.15520468,-0.059415203,0.3483126",0.0
"0.057061087,-0.2767954,0.2811826,-0.18846767,-0.028268492,0.8865795,-0.15520468,-0.059415203,0.3483126","-0.13575137,-0.89650106,0.96348035","0.044097815,-0.40005973,0.38469,-0.27674472,-0.032741576,0.7847336,-0.15520468,-0.059415203,0.3483126",0.0
"0.044097815,-0.40005973,0.38469,-0.27674472,-0.032741576,0.7847336,-0.15520468,-0.059415203,0.3483126","0.41105688,-0.69310784,0.9395858","0.08335076,-0.49535856,0.48563033,-0.29136342,-0.07209438,0.6799511,-0.15520468,-0.059415203,0.3483126",0.0
"0.08335076,-0.49535856,0.48563033,-0.29136342,-0.07209438,0.6799511,-0.15520468,-0.059415203,0.3483126","0.01123476,-0.08873963,0.9140322","0.08442361,-0.5075599,0.5838254,-0.1871477,-0.044834983,0.613242,-0.15520468,-0.059415203,0.3483126",0.0
"0.08442361,-0.5075599,0.5838254,-0.1871477,-0.044834983,0.613242,-0.15520468,-0.059415203,0.3483126","0.325976,-0.6233188,0.9778007","0.11555195,-0.59326303,0.6888712,-0.17139056,-0.058910288,0.4846973,-0.15520468,-0.059415203,0.3483126",0.0
"0.11555195,-0.59326303,0.6888712,-0.17139056,-0.058910288,0.4846973,-0.15520468,-0.059415203,0.3483126","0.2566353,-0.40817916,0.4959793","0.14005876,-0.64938563,0.74215466,-0.1684915,-0.072925456,0.40982825,-0.15520468,-0.059415203,0.3483126",0.0
"0.14005876,-0.64938563,0.74215466,-0.1684915,-0.072925456,0.40982825,-0.15520468,-0.059415203,0.3483126","-0.08573675,-0.21749538,0.51310277","0.13187154,-0.6792902,0.7972777,-0.14284427,-0.056489818,0.34213167,-0.15520468,-0.059415203,0.3483126",0.0
"0.0,0.0,0.0,2.8652207e-07,0.005789075,0.993462,0.44935673,-0.47959062,0.51169205","-0.924218,0.9818746,0.90553904","-0.0882561,0.1350027,0.097282626,0.39754847,-0.10712139,0.8824293,0.44935673,-0.47959062,0.51169205",0.0
"-0.0882561,0.1350027,0.097282626,0.39754847,-0.10712139,0.8824293,0.44935673,-0.47959062,0.51169205","-0.98054415,0.7015171,0.88539267","-0.18189095,0.23145771,0.19240093,0.56741506,-0.35795692,0.6473763,0.44935673,-0.47959062,0.51169205",0.0
"-0.18189095,0.23145771,0.19240093,0.56741506,-0.35795692,0.6473763,0.44935673,-0.47959062,0.51169205","-0.7954404,0.19779205,0.62109053","-0.25784975,0.25865313,0.25912508,0.5174522,-0.5352294,0.50481504,0.44935673,-0.47959062,0.51169205",0.0
"-0.25784975,0.25865313,0.25912508,0.5174522,-0.5352294,0.50481504,0.44935673,-0.47959062,0.51169205","-0.25798804,-0.50060964,0.44303155","-0.28248572,0.18982188,0.3067203,0.4316317,-0.5209611,0.55301917,0.44935673,-0.47959062,0.51169205",0.0
"-0.28248572,0.18982188,0.3067203,0.4316317,-0.5209611,0.55301917,0.44935673,-0.47959062,0.51169205","-0.06531048,-0.22097456,0.38921857","-0.2887224,0.15943904,0.34853432,0.406831,-0.51076376,0.53948426,0.44935673,-0.47959062,0.51169205",0.0
"-0.2887224,0.15943904,0.34853432,0.406831,-0.51076376,0.53948426,0.44935673,-0.47959062,0.51169205","0.09515154,-0.04259485,0.21394217","-0.2796361,0.15358247,0.3715183,0.42108816,-0.4987572,0.5138347,0.44935673,-0.47959062,0.51169205",0.0
"-0.2796361,0.15358247,0.3715183,0.42108816,-0.4987572,0.5138347,0.44935673,-0.47959062,0.51169205","-0.06740099,0.04339254,-0.017815173","-0.2860724,0.15954874,0.36960447,0.41515297,-0.51249206,0.50721705,0.44935673,-0.47959062,0.51169205",0.0
"-0.2860724,0.15954874,0.36960447,0.41515297,-0.51249206,0.50721705,0.44935673,-0.47959062,0.51169205","0.075238585,-0.007840335,0.08065605","-0.2788877,0.15847076,0.37826946,0.4271633,-0.5036511,0.49564508,0.44935673,-0.47959062,0.51169205",0.0
"-0.2788877,0.15847076,0.37826946,0.4271633,-0.5036511,0.49564508,0.44935673,-0.47959062,0.51169205","0.0119102,0.009884715,-0.06962222","-0.27775034,0.15982987,0.37078995,0.42882797,-0.50196415,0.5049468,0.44935673,-0.47959062,0.51169205",0.0
"-0.27775034,0.15982987,0.37078995,0.42882797,-0.50196415,0.5049468,0.44935673,-0.47959062,0.51169205","0.03342116,-0.00507015,0.02561605","-0.27455887,0.15913276,0.37354192,0.4337456,-0.49752977,0.50184584,0.44935673,-0.47959062,0.51169205",0.0
"-0.27455887,0.15913276,0.37354192,0.4337456,-0.49752977,0.50184584,0.44935673,-0.47959062,0.51169205","-0.037922442,0.02493012,-0.0028221607","-0.27818018,0.16256054,0.3732388,0.43066004,-0.5055418,0.49677572,0.44935673,-0.47959062,0.51169205",0.0
"-0.27818018,0.16256054,0.3732388,0.43066004,-0.5055418,0.49677572,0.44935673,-0.47959062,0.51169205","-0.039720356,-0.004471898,-0.015170813","-0.28197318,0.16194569,0.371609,0.4238843,-0.5097547,0.5002753,0.44935673,-0.47959062,0.51169205",0.0
"-0.28197318,0.16194569,0.371609,0.4238843,-0.5097547,0.5002753,0.44935673,-0.47959062,0.51169205","-0.06557822,-0.0052028894,0.0048173666","-0.28823543,0.16123033,0.37212658,0.41332108,-0.51741725,0.5006365,0.44935673,-0.47959062,0.51169205",0.0
"-0.28823543,0.16123033,0.37212658,0.41332108,-0.51741725,0.5006365,0.44935673,-0.47959062,0.51169205","0.06386912,-0.081193805,0.061419368","-0.28213638,0.15006661,0.37872493,0.41564223,-0.5001925,0.50838035,0.44935673,-0.47959062,0.51169205",0.0
"-0.28213638,0.15006661,0.37872493,0.41564223,-0.5001925,0.50838035,0.44935673,-0.47959062,0.51169205","0.14090276,0.034954548,0.01045239","-0.2686812,0.1548727,0.37984788,0.44046798,-0.4867482,0.49899524,0.44935673,-0.47959062,0.51169205",0.0
"0.0,0.0,0.0,2.8652207e-07,0.005789075,0.993462,-0.11959065,0.2871345,0.5664788","0.9456327,-0.51490974,0.9474573","0.090301044,-0.07079745,0.10178597,-0.0124973515,0.0023864894,0.9821843,-0.11959065,0.2871345,0.5664788",0.0
"0.090301044,-0.07079745,0.10178597,-0.0124973515,0.0023864894,0.9821843,-0.11959065,0.2871345,0.5664788","0.9611466,-0.16570544,0.9705174","0.18208356,-0.093581125,0.20604932,0.065115705,0.048809547,0.9439139,-0.11959065,0.2871345,0.5664788",0.0
"0.18208356,-0.093581125,0.20604932,0.065115705,0.048809547,0.9439139,-0.11959065,0.2871345,0.5664788","0.84490526,-0.17497241,0.8158188","0.26276585,-0.11763895,0.2936933,0.091782846,0.1079931,0.8889515,-0.11959065,0.2871345,0.5664788",0.0
"0.26276585,-0.11763895,0.2936933,0.091782846,0.1079931,0.8889515,-0.11959065,0.2871345,0.5664788","0.96458817,-0.31673867,0.80839396","0.35487702,-0.16118892,0.38053963,0.06350776,0.14265849,0.82422596,-0.11959065,0.2871345,0.5664788",0.0
"0.35487702,-0.16118892,0.38053963,0.06350776,0.14265849,0.82422596,-0.11959065,0.2871345,0.5664788","0.94539905,-0.19775909,0.8717911","0.44515577,-0.1883798,0.47419676,0.028291175,0.19634071,0.7301409,-0.11959065,0.2871345,0.5664788",0.0
"0.44515577,-0.1883798,0.47419676,0.028291175,0.19634071,0.7301409,-0.11959065,0.2871345,0.5664788","0.8667402,-0.038385093,0.67951655","0.52792317,-0.19365758,0.5471977,-0.027162867,0.24275829,0.6366973,-0.11959065,0.2871345,0.5664788",0.0
"0.52792317,-0.19365758,0.5471977,-0.027162867,0.24275829,0.6366973,-0.11959065,0.2871345,0.5664788","0.58848286,0.18803751,0.19141173","0.584119,-0.1678034,0.56776124,-0.08199851,0.2808601,0.5903008,-0.11959065,0.2871345,0.5664788",0.0
"0.584119,-0.1678034,0.56776124,-0.08199851,0.2808601,0.5903008,-0.11959065,0.2871345,0.5664788","0.58305216,0.06315136,0.13902569","0.6397963,-0.15912046,0.5826969,-0.13742371,0.27890724,0.5617892,-0.11959065,0.2871345,0.5664788",0.0
"0.6397963,-0.15912046,0.5826969,-0.13742371,0.27890724,0.5617892,-0.11959065,0.2871345,0.5664788","-0.09010893,0.0991137,-0.08795208","0.6311915,-0.14549285,0.5732482,-0.13558972,0.29568288,0.5653539,-0.11959065,0.2871345,0.5664788",0.0
"0.6311915,-0.14549285,0.5732482,-0.13558972,0.29568288,0.5653539,-0.11959065,0.2871345,0.5664788","-0.009423614,-0.013421655,0.0003477335","0.63029164,-0.14733827,0.5732856,-0.13377872,0.2938185,0.5667564,-0.11959065,0.2871345,0.5664788",0.0
"0.0,0.0,0.0,2.8652207e-07,0.005789075,0.993462,0.040058482,-0.0057894737,0.52215254","-0.5200485,-0.8308517,0.64141655","-0.04966087,-0.11423785,0.06890781,-0.14757355,0.029072514,0.97548705,0.040058482,-0.0057894737,0.52215254",0.0
"-0.04966087,-0.11423785,0.06890781,-0.14757355,0.029072514,0.97548705,0.040058482,-0.0057894737,0.52215254","0.29362917,-0.10223842,0.9892669","-0.021621432,-0.12829514,0.17518543,-0.032181725,0.007991801,0.95976233,0.040058482,-0.0057894737,0.52215254",0.0
"-0.021621432,-0.12829514,0.17518543,-0.032181725,0.007991801,0.95976233,0.040058482,-0.0057894737,0.52215254","0.7903296,-0.30009508,0.96806264","0.05384929,-0.1695567,0.27918506,0.019213129,0.009154694,0.9098317,0.040058482,-0.0057894737,0.52215254",0.0
"0.05384929,-0.1695567,0.27918506,0.019213129,0.009154694,0.9098317,0.040058482,-0.0057894737,0.52215254","-0.74801576,-0.63519967,0.97669494","-0.017580798,-0.25689346,0.3841121,-0.017344046,0.006756999,0.83721554,0.040058482,-0.0057894737,0.52215254",0.0
"-0.017580798,-0.25689346,0.3841121,-0.017344046,0.006756999,0.83721554,0.040058482,-0.0057894737,0.52215254","-0.65616,-0.11566299,0.9173435","-0.080239326,-0.27279654,0.48266295,0.064111814,-0.010534402,0.7474763,0.040058482,-0.0057894737,0.52215254",0.0
"-0.080239326,-0.27279654,0.48266295,0.064111814,-0.010534402,0.7474763,0.040058482,-0.0057894737,0.52215254","-0.47221315,-0.5225039,0.8040054","-0.12533227,-0.3446382,0.56903785,0.033434276,-0.007620833,0.6598294,0.040058482,-0.0057894737,0.52215254",0.0
"-0.12533227,-0.3446382,0.56903785,0.033434276,-0.007620833,0.6598294,0.040058482,-0.0057894737,0.52215254","0.042315602,-0.10825807,0.93850076","-0.121291436,-0.35952315,0.66986156,0.088793084,-0.029336551,0.53347605,0.040058482,-0.0057894737,0.52215254",0.0
"-0.121291436,-0.35952315,0.66986156,0.088793084,-0.029336551,0.53347605,0.040058482,-0.0057894737,0.52215254","-0.007681489,-0.30288804,0.13362384","-0.12202497,-0.40116873,0.68421686,0.049132757,-0.013573214,0.5212192,0.040058482,-0.0057894737,0.52215254",0.0
"0.0,0.0,0.0,2.8652207e-07,0.005789075,0.993462,-0.1597076,0.378538,0.62924165","0.9730022,0.49621522,0.9163368","0.09291465,0.06822704,0.098442644,0.26542473,0.08580059,0.9379087,-0.1597076,0.378538,0.62924165",0.0
"0.09291465,0.06822704,0.098442644,0.26542473,0.08580059,0.9379087,-0.1597076,0.378538,0.62924165","0.95448256,0.022455454,0.5380217","0.1840608,0.07131454,0.15624268,0.29458496,0.19917762,0.8916922,-0.1597076,0.378538,0.62924165",0.0
"0.1840608,0.07131454,0.15624268,0.29458496,0.19917762,0.8916922,-0.1597076,0.378538,0.62924165","0.9174191,-0.3676368,0.9479089","0.27166766,0.020766368,0.25807717,0.23821299,0.28187773,0.8367693,-0.1597076,0.378538,0.62924165",0.0
"0.27166766,0.020766368,0.25807717,0.23821299,0.28187773,0.8367693,-0.1597076,0.378538,0.62924165","0.96775746,-0.9171415,0.11312795","0.36408147,-0.105335884,0.27023065,0.05185719,0.12795205,0.90371364,-0.1597076,0.378538,0.62924165",0.0
"0.36408147,-0.105335884,0.27023065,0.05185719,0.12795205,0.90371364,-0.1597076,0.378538,0.62924165","0.5328443,0.55254674,0.79312456","0.41496426,-0.02936357,0.35543656,0.09175028,0.35716903,0.7682023,-0.1597076,0.378538,0.62924165",0.0
"0.41496426,-0.02936357,0.35543656,0.09175028,0.35716903,0.7682023,-0.1597076,0.378538,0.62924165","0.36878836,0.079042196,0.73303187","0.45018086,-0.018495688,0.4341867,0.06299691,0.43636405,0.6510317,-0.1597076,0.378538,0.62924165",0.0
"0.45018086,-0.018495688,0.4341867,0.06299691,0.43636405,0.6510317,-0.1597076,0.378538,0.62924165","0.9642526,-0.24031812,0.2931683","0.54226,-0.051538207,0.465682,-0.059795216,0.40399444,0.6397977,-0.1597076,0.378538,0.62924165",0.0
"0.54226,-0.051538207,0.465682,-0.059795216,0.40399444,0.6397977,-0.1597076,0.378538,0.62924165","0.8974048,-0.054252386,0.16230488","0.6279556,-0.058997642,0.48311856,-0.16424572,0.37153664,0.6218009,-0.1597076,0.378538,0.62924165",0.0
"0.0,0.0,0.0,2.8652207e-07,0.005789075,0.993462,0.09526316,-0.3996491,0.62924165","-0.5867982,0.4221697,0.8833759","-0.056034964,0.05804615,0.09490164,0.25038043,-0.038657837,0.94670844,0.09526316,-0.3996491,0.62924165",0.0
"-0.056034964,0.05804615,0.09490164,0.25038043,-0.038657837,0.94670844,0.09526316,-0.3996491,0.62924165","-0.91594297,0.15302849,0.8813875","-0.14350086,0.07908678,0.18958968,0.36950377,-0.17243376,0.85309196,0.09526316,-0.3996491,0.62924165",0.0
"-0.14350086,0.07908678,0.18958968,0.36950377,-0.17243376,0.85309196,0.09526316,-0.3996491,0.62924165","-0.8373954,0.034338832,0.9127321","-0.22346605,0.08380819,0.2876451,0.39069423,-0.32286036,0.7337932,0.09526316,-0.3996491,0.62924165",0.0
"-0.22346605,0.08380819,0.2876451,0.39069423,-0.32286036,0.7337932,0.09526316,-0.3996491,0.62924165","-0.932444,-0.5707287,0.5748886","-0.3125077,0.0053359233,0.3494058,0.2398329,-0.34853476,0.74238425,0.09526316,-0.3996491,0.62924165",0.0
"-0.3125077,0.0053359233,0.3494058,0.2398329,-0.34853476,0.74238425,0.09526316,-0.3996491,0.62924165","-0.654217,-0.19641662,0.7290218","-0.3749807,-0.021670358,0.4277251,0.1708591,-0.39729717,0.6636587,0.09526316,-0.3996491,0.62924165",0.0
"-0.3749807,-0.021670358,0.4277251,0.1708591,-0.39729717,0.6636587,0.09526316,-0.3996491,0.62924165","-0.37931156,-0.17631882,0.33084047","-0.4112022,-0.0459133,0.46326753,0.11995299,-0.39775774,0.63764614,0.09526316,-0.3996491,0.62924165",0.0
"-0.4112022,-0.0459133,0.46326753,0.11995299,-0.39775774,0.63764614,0.09526316,-0.3996491,0.62924165","-0.14545453,0.0060982704,0.07815766","-0.42509204,-0.04507483,0.4716641,0.10374813,-0.40786955,0.6245466,0.09526316,-0.3996491,0.62924165",0.0
"0.0,0.0,0.0,2.8652207e-07,0.005789075,0.993462,0.11432749,-0.18561403,0.47566882","-0.61745614,0.015496254,0.9897344","-0.05896258,0.0021306463,0.10632782,0.14929315,-0.022085324,0.96823037,0.11432749,-0.18561403,0.47566882",0.0
"-0.05896258,0.0021306463,0.10632782,0.14929315,-0.022085324,0.96823037,0.11432749,-0.18561403,0.47566882","-0.8431889,0.04270208,0.9172176","-0.139481,0.00800195,0.2048651,0.26199526,-0.11637124,0.89901835,0.11432749,-0.18561403,0.47566882",0.0
"-0.139481,0.00800195,0.2048651,0.26199526,-0.11637124,0.89901835,0.11432749,-0.18561403,0.47566882","-0.46096623,0.1484505,0.8960918","-0.18349993,0.028413119,0.30113286,0.35794404,-0.22581337,0.779613,0.11432749,-0.18561403,0.47566882",0.0
"-0.18349993,0.028413119,0.30113286,0.35794404,-0.22581337,0.779613,0.11432749,-0.18561403,0.47566882","-0.07638615,-0.59175223,0.9507811","-0.19079424,-0.05294978,0.40327588,0.3059725,-0.2020457,0.7278063,0.11432749,-0.18561403,0.47566882",0.0
"-0.19079424,-0.05294978,0.40327588,0.3059725,-0.2020457,0.7278063,0.11432749,-0.18561403,0.47566882","-0.8333122,-0.49819255,0.9087672","-0.27036953,-0.1214487,0.5009054,0.21806078,-0.23915645,0.6517756,0.11432749,-0.18561403,0.47566882",0.0
"-0.27036953,-0.1214487,0.5009054,0.21806078,-0.23915645,0.6517756,0.11432749,-0.18561403,0.47566882","-0.2029835,-0.5002651,0.9173205","-0.28975296,-0.19023262,0.5994538,0.17427702,-0.21488136,0.5591,0.11432749,-0.18561403,0.47566882",0.0
"-0.28975296,-0.19023262,0.5994538,0.17427702,-0.21488136,0.5591,0.11432749,-0.18561403,0.47566882","-0.34521544,-0.47065663,0.5000478","-0.32271856,-0.25494552,0.65317434,0.1192445,-0.18054344,0.5180208,0.11432749,-0.18561403,0.47566882",0.0
"-0.32271856,-0.25494552,0.65317434,0.1192445,-0.18054344,0.5180208,0.11432749,-0.18561403,0.47566882","-0.13918817,0.01714015,0.2848438","-0.33600998,-0.25258887,0.6837753,0.11835642,-0.19728999,0.47056344,0.11432749,-0.18561403,0.47566882",0.0
"0.0,0.0,0.0,2.8652207e-07,0.005789075,0.993462,-0.23081872,-0.36391813,0.47972226","-0.99513113,-0.06280321,0.7619386","-0.095027804,-0.008635127,0.08185556,0.09230328,-0.022348007,0.9811139,-0.23081872,-0.36391813,0.47972226",0.0
"-0.095027804,-0.008635127,0.08185556,0.09230328,-0.022348007,0.9811139,-0.23081872,-0.36391813,0.47972226","-0.87758255,-0.76317096,0.9020994","-0.1788306,-0.11356723,0.17876871,0.0057854415,0.0031988653,0.95901424,-0.23081872,-0.36391813,0.47972226",0.0
"-0.1788306,-0.11356723,0.17876871,0.0057854415,0.0031988653,0.95901424,-0.23081872,-0.36391813,0.47972226","-0.7137027,-0.37190032,0.8475374","-0.24698403,-0.16470166,0.26982024,0.01705357,-0.008622788,0.9153204,-0.23081872,-0.36391813,0.47972226",0.0
"-0.24698403,-0.16470166,0.26982024,0.01705357,-0.008622788,0.9153204,-0.23081872,-0.36391813,0.47972226","-0.76311284,0.033250093,0.3959837","-0.31985575,-0.16012998,0.3123611,0.048067372,-0.064870015,0.8853963,-0.23081872,-0.36391813,0.47972226",0.0
"-0.31985575,-0.16012998,0.3123611,0.048067372,-0.064870015,0.8853963,-0.23081872,-0.36391813,0.47972226","-0.9280723,0.547315,0.56155896","-0.4084799,-0.08487702,0.37268978,0.0867871,-0.2730716,0.791619,-0.23081872,-0.36391813,0.47972226",0.0
"-0.4084799,-0.08487702,0.37268978,0.0867871,-0.2730716,0.791619,-0.23081872,-0.36391813,0.47972226","-0.9416472,-0.17002356,0.53106785","-0.4984004,-0.108254395,0.4297428,0.0072707976,-0.2950296,0.73796046,-0.23081872,-0.36391813,0.47972226",0.0
"-0.4984004,-0.108254395,0.4297428,0.0072707976,-0.2950296,0.73796046,-0.23081872,-0.36391813,0.47972226","-0.920661,0.17494273,0.5240084","-0.5863168,-0.084200695,0.48603737,-0.09374381,-0.35878974,0.6414472,-0.23081872,-0.36391813,0.47972226",0.0
"-0.5863168,-0.084200695,0.48603737,-0.09374381,-0.35878974,0.6414472,-0.23081872,-0.36391813,0.47972226","-0.870903,0.08315909,0.42982388","-0.66948175,-0.07276676,0.5322137,-0.20169397,-0.35371727,0.56222713,-0.23081872,-0.36391813,0.47972226",0.0
"-0.66948175,-0.07276676,0.5322137,-0.20169397,-0.35371727,0.56222713,-0.23081872,-0.36391813,0.47972226","-0.6381093,-0.075238585,0.1621821","-0.73041654,-0.08311169,0.549637,-0.26000127,-0.30287495,0.5459222,-0.23081872,-0.36391813,0.47972226",0.0
"-0.73041654,-0.08311169,0.549637,-0.26000127,-0.30287495,0.5459222,-0.23081872,-0.36391813,0.47972226","0.22415555,0.059720755,0.30737007","-0.7090113,-0.074900396,0.58265805,-0.24981192,-0.3336095,0.48689973,-0.23081872,-0.36391813,0.47972226",0.0
"-0.7090113,-0.074900396,0.58265805,-0.24981192,-0.3336095,0.48689973,-0.23081872,-0.36391813,0.47972226","-0.109169245,0.12612426,0.017002344","-0.71943617,-0.05755897,0.58448464,-0.27353868,-0.34094483,0.46599737,-0.23081872,-0.36391813,0.47972226",0.0
"-0.71943617,-0.05755897,0.58448464,-0.27353868,-0.34094483,0.46599737,-0.23081872,-0.36391813,0.47972226","0.4215703,0.036999464,-0.016115546","-0.6791793,-0.05247174,0.5827534,-0.23135714,-0.37749115,0.4632364,-0.23081872,-0.36391813,0.47972226",0.0
"-0.6791793,-0.05247174,0.5827534,-0.23135714,-0.37749115,0.4632364,-0.23081872,-0.36391813,0.47972226","-0.1912086,-0.062238097,-0.071202636","-0.6974383,-0.061029162,0.5751041,-0.24639077,-0.35488775,0.48427024,-0.23081872,-0.36391813,0.47972226",0.0
"-0.6974383,-0.061029162,0.5751041,-0.24639077,-0.35488775,0.48427024,-0.23081872,-0.36391813,0.47972226","0.120149136,-0.007327199,0.046646","-0.68596494,-0.062036622,0.5801154,-0.23314686,-0.36309078,0.47754213,-0.23081872,-0.36391813,0.47972226",0.0
"0.0,0.0,0.0,2.8652207e-07,0.005789075,0.993462,0.038596492,0.012280702,0.52215254","0.88204014,-0.8616252,0.886531","0.084228426,-0.118469045,0.095240615,-0.11982601,-0.02647095,0.975093,0.038596492,0.012280702,0.52215254",0.0
"0.084228426,-0.118469045,0.095240615,-0.11982601,-0.02647095,0.975093,0.038596492,0.012280702,0.52215254","-0.09530091,-0.8150982,0.93010306","0.07512787,-0.2305409,0.1951622,-0.21256682,-0.04516895,0.9245397,0.038596492,0.012280702,0.52215254",0.0
"0.07512787,-0.2305409,0.1951622,-0.21256682,-0.04516895,0.9245397,0.038596492,0.012280702,0.52215254","0.22385931,0.1796745,0.9964353","0.0965048,-0.20583662,0.30220994,-0.022944711,-0.0011118706,0.8956754,0.038596492,0.012280702,0.52215254",0.0
"0.0965048,-0.20583662,0.30220994,-0.022944711,-0.0011118706,0.8956754,0.038596492,0.012280702,0.52215254","0.21577024,-0.27040505,0.84994197","0.11710928,-0.24301594,0.39351982,0.015967576,0.012359132,0.8296318,0.038596492,0.012280702,0.52215254",0.0
"0.11710928,-0.24301594,0.39351982,0.015967576,0.012359132,0.8296318,0.038596492,0.012280702,0.52215254","-0.4120823,-0.7951167,0.9384906","0.0777584,-0.35234046,0.49434254,-0.056163292,-0.008033229,0.736744,0.038596492,0.012280702,0.52215254",0.0
"0.0777584,-0.35234046,0.49434254,-0.056163292,-0.008033229,0.736744,0.038596492,0.012280702,0.52215254","0.19667351,-0.41106248,0.9696195","0.09653928,-0.4088595,0.59850943,-0.03347941,-0.00441121,0.6265369,0.038596492,0.012280702,0.52215254",0.0
"0.09653928,-0.4088595,0.59850943,-0.03347941,-0.00441121,0.6265369,0.038596492,0.012280702,0.52215254","0.3819362,-0.08906251,0.615654","0.13301142,-0.42110518,0.66464955,0.0069435798,0.009417329,0.54817396,0.038596492,0.012280702,0.52215254",0.0
"0.13301142,-0.42110518,0.66464955,0.0069435798,0.009417329,0.54817396,0.038596492,0.012280702,0.52215254","-0.3109284,0.18995261,0.124568105","0.103319995,-0.3949877,0.67803204,0.049314328,0.02270194,0.5287242,0.038596492,0.012280702,0.52215254",0.0
"0.0,0.0,0.0,2.8652207e-07,0.005789075,0.993462,-0.09567252,0.13584796,0.3483126","-0.89115,-0.69150126,0.84502435","-0.08509837,-0.09507789,0.09078153,-0.07443067,0.026389034,0.98102444,-0.09567252,0.13584796,0.3483126",0.0
"-0.08509837,-0.09507789,0.09078153,-0.07443067,0.026389034,0.98102444,-0.09567252,0.13584796,0.3483126","-0.89559305,-0.84090835,0.74084437","-0.17062102,-0.21069849,0.17037097,-0.17865333,0.112859994,0.9360331,-0.09567252,0.13584796,0.3483126",0.0
"-0.17062102,-0.21069849,0.17037097,-0.17865333,0.112859994,0.9360331,-0.09567252,0.13584796,0.3483126","-0.4653492,-0.015871763,0.9885342","-0.21505852,-0.2128808,0.27656987,-0.05089424,0.048208375,0.9086553,-0.09567252,0.13584796,0.3483126",0.0
"-0.21505852,-0.2128808,0.27656987,-0.05089424,0.048208375,0.9086553,-0.09567252,0.13584796,0.3483126","-0.0027956963,-0.9913939,0.96307147","-0.21532547,-0.3491924,0.3800333,-0.14739598,0.12575844,0.81586754,-0.09567252,0.13584796,0.3483126",0.0
"-0.21532547,-0.3491924,0.3800333,-0.14739598,0.12575844,0.81586754,-0.09567252,0.13584796,0.3483126","-0.14027494,-0.5420363,0.68732405","-0.22872072,-0.42371967,0.45387307,-0.16659367,0.15337737,0.7411658,-0.09567252,0.13584796,0.3483126",0.0
"-0.22872072,-0.42371967,0.45387307,-0.16659367,0.15337737,0.7411658,-0.09567252,0.13584796,0.3483126","0.29697752,-0.94330984,0.9526962","-0.20036152,-0.55341995,0.55622184,-0.23299518,0.1768479,0.6042518,-0.09567252,0.13584796,0.3483126",0.0
"-0.20036152,-0.55341995,0.55622184,-0.23299518,0.1768479,0.6042518,-0.09567252,0.13584796,0.3483126","-0.0037000775,-0.5206608,0.91810155","-0.20071484,-0.6250082,0.65485406,-0.20609699,0.15761475,0.49526343,-0.09567252,0.13584796,0.3483126",0.0
"-0.20071484,-0.6250082,0.65485406,-0.20609699,0.15761475,0.49526343,-0.09567252,0.13584796,0.3483126","0.007014513,-0.53200465,0.90292656","-0.20004502,-0.6981562,0.75185615,-0.17549403,0.13469891,0.37697494,-0.09567252,0.13584796,0.3483126",0.0
"-0.20004502,-0.6981562,0.75185615,-0.17549403,0.13469891,0.37697494,-0.09567252,0.13584796,0.3483126","-0.6067966,0.10897827,0.2353574","-0.25798967,-0.6831723,0.77714086,-0.11870666,0.13322185,0.36109233,-0.09567252,0.13584796,0.3483126",0.0
"-0.25798967,-0.6831723,0.77714086,-0.11870666,0.13322185,0.36109233,-0.09567252,0.13584796,0.3483126","-0.28157985,0.105543375,0.084373","-0.28487852,-0.66866064,0.7862052,-0.09256983,0.12471104,0.35779348,-0.09567252,0.13584796,0.3483126",0.0
"0.0,0.0,0.0,2.8652207e-07,0.005789075,0.993462,0.17678364,-0.38859648,0.7237781","-0.97937053,0.4428481,0.8208523","-0.09352278,0.06088933,0.088184685,0.24144553,-0.067005314,0.9489032,0.17678364,-0.38859648,0.7237781",0.0
"-0.09352278,0.06088933,0.088184685,0.24144553,-0.067005314,0.9489032,0.17678364,-0.38859648,0.7237781","-0.94563663,0.40933526,0.7503207","-0.18382421,0.117170826,0.16879211,0.38628235,-0.24479315,0.8341775,0.17678364,-0.38859648,0.7237781",0.0
"-0.18382421,0.117170826,0.16879211,0.38628235,-0.24479315,0.8341775,0.17678364,-0.38859648,0.7237781","-0.81156397,-0.29432917,0.81179976","-0.26132268,0.07670208,0.2560043,0.32345557,-0.33883238,0.78194845,0.17678364,-0.38859648,0.7237781",0.0
"-0.26132268,0.07670208,0.2560043,0.32345557,-0.33883238,0.78194845,0.17678364,-0.38859648,0.7237781","-0.6945833,-0.12831062,0.5640757","-0.32765034,0.059060022,0.31660336,0.25631553,-0.41496336,0.7257897,0.17678364,-0.38859648,0.7237781",0.0
"-0.32765034,0.059060022,0.31660336,0.25631553,-0.41496336,0.7257897,0.17678364,-0.38859648,0.7237781","-0.37790102,-0.36378634,0.2757492","-0.36373717,0.009041268,0.34622732,0.18244873,-0.38589898,0.7426834,0.17678364,-0.38859648,0.7237781",0.0
"-0.36373717,0.009041268,0.34622732,0.18244873,-0.38589898,0.7426834,0.17678364,-0.38859648,0.7237781","-0.04994607,-0.07207453,0.18326187","-0.36850664,-0.0008686191,0.36591533,0.1759565,-0.3870153,0.727068,0.17678364,-0.38859648,0.7237781",0.0
"0.0,0.0,0.0,2.8652207e-07,0.005789075,0.993462,-0.00625731,0.006900585,0.64963955","-0.70109826,-0.5869285,0.97813034","-0.06694981,-0.08069966,0.105081186,-0.026188474,0.011510402,0.9810751,-0.00625731,0.006900585,0.64963955",0.0
"-0.06694981,-0.08069966,0.105081186,-0.026188474,0.011510402,0.9810751,-0.00625731,0.006900585,0.64963955","-0.59931356,-0.2867247,0.9531214","-0.12417992,-0.12012285,0.20747566,0.028055338,-0.0052768323,0.94669557,-0.00625731,0.006900585,0.64963955",0.0
"-0.12417992,-0.12012285,0.20747566,0.028055338,-0.0052768323,0.94669557,-0.00625731,0.006900585,0.64963955","-0.22336459,-0.6932734,0.8097546","-0.14550963,-0.21544442,0.2944682,-0.043509256,0.027853075,0.8992231,-0.00625731,0.006900585,0.64963955",0.0
"-0.14550963,-0.21544442,0.2944682,-0.043509256,0.027853075,0.8992231,-0.00625731,0.006900585,0.64963955","0.8455012,-0.3515314,0.9306488","-0.064770415,-0.2637782,0.39444846,-0.016398093,0.009294621,0.828913,-0.00625731,0.006900585,0.64963955",0.0
"-0.064770415,-0.2637782,0.39444846,-0.016398093,0.009294621,0.828913,-0.00625731,0.006900585,0.64963955","0.9601176,-0.13107145,0.8993083","0.026913837,-0.28179988,0.49106175,0.057420276,0.01067649,0.73984516,-0.00625731,0.006900585,0.64963955",0.0
"0.026913837,-0.28179988,0.49106175,0.057420276,0.01067649,0.73984516,-0.00625731,0.006900585,0.64963955","0.6530175,-0.66326094,0.73020065","0.08927226,-0.3729949,0.5695078,-0.010072684,0.0031230699,0.6601638,-0.00625731,0.006900585,0.64963955",0.0
"0.0,0.0,0.0,2.8652207e-07,0.005789075,0.993462,0.010760235,-0.066140346,0.37832105","-0.9114119,0.10358167,0.8851366","-0.08703322,0.014241939,0.0950908,0.1570595,-0.038034476,0.9687853,0.010760235,-0.066140346,0.37832105",0.0
"-0.08703322,0.014241939,0.0950908,0.1570595,-0.038034476,0.9687853,0.010760235,-0.066140346,0.37832105","-0.83531725,0.46514332,0.91247976","-0.16679995,0.07819675,0.1931191,0.35769272,-0.2000277,0.850405,0.010760235,-0.066140346,0.37832105",0.0
"-0.16679995,0.07819675,0.1931191,0.35769272,-0.2000277,0.850405,0.010760235,-0.066140346,0.37832105","-0.96762085,-0.7572823,0.86347556","-0.25920072,-0.02592568,0.28588286,0.21688727,-0.22136869,0.845723,0.010760235,-0.066140346,0.37832105",0.0
"-0.25920072,-0.02592568,0.28588286,0.21688727,-0.22136869,0.845723,0.010760235,-0.066140346,0.37832105","-0.893916,-0.64269793,0.86227417","-0.3445632,-0.11429336,0.3785176,0.11741084,-0.20867778,0.8037655,0.010760235,-0.066140346,0.37832105",0.0
"-0.3445632,-0.11429336,0.3785176,0.11741084,-0.20867778,0.8037655,0.010760235,-0.066140346,0.37832105","-0.8088602,-0.69157374,0.848681","-0.42180344,-0.20938121,0.46969202,0.04433871,-0.15303878,0.7447389,0.010760235,-0.066140346,0.37832105",0.0
"-0.42180344,-0.20938121,0.46969202,0.04433871,-0.15303878,0.7447389,0.010760235,-0.066140346,0.37832105","0.080170155,-0.28458405,0.9587836","-0.4141478,-0.24851006,0.57269484,0.053660035,-0.17237973,0.6299593,0.010760235,-0.066140346,0.37832105",0.0
"-0.4141478,-0.24851006,0.57269484,0.053660035,-0.17237973,0.6299593,0.010760235,-0.066140346,0.37832105","0.07989907,-0.7102823,0.9508388","-0.40651798,-0.34617025,0.6748441,0.038335085,-0.10675983,0.52315193,0.010760235,-0.066140346,0.37832105",0.0
"-0.40651798,-0.34617025,0.6748441,0.038335085,-0.10675983,0.52315193,0.010760235,-0.066140346,0.37832105","-0.3514533,-0.52325326,0.89264405","-0.4400792,-0.41811493,0.77074146,0.021044554,-0.07953386,0.40164936,0.010760235,-0.066140346,0.37832105",0.0
"-0.4400792,-0.41811493,0.77074146,0.021044554,-0.07953386,0.40164936,0.010760235,-0.066140346,0.37832105","-0.49986136,-0.22761655,0.1598506","-0.48781234,-0.4494111,0.78791445,0.0080413995,-0.05868133,0.3817583,0.010760235,-0.066140346,0.37832105",0.0
"0.0,0.0,0.0,2.8652207e-07,0.005789075,0.993462,-0.22865498,-0.3605263,0.7237781","-0.99417806,-0.23638093,0.31293666","-0.094936796,-0.032501172,0.033618998,-0.020790553,0.012447988,0.9919261,-0.22865498,-0.3605263,0.7237781",0.0
"-0.094936796,-0.032501172,0.033618998,-0.020790553,0.012447988,0.9919261,-0.22865498,-0.3605263,0.7237781","-0.8446169,-0.12970549,0.7630906","-0.17559159,-0.050335027,0.115598336,0.04691752,-0.022073664,0.9775034,-0.22865498,-0.3605263,0.7237781",0.0
"-0.17559159,-0.050335027,0.115598336,0.04691752,-0.022073664,0.9775034,-0.22865498,-0.3605263,0.7237781","-0.91006196,-0.10771036,0.4151044","-0.26249593,-0.065144666,0.16019331,0.058719166,-0.05499222,0.9620584,-0.22865498,-0.3605263,0.7237781",0.0
"-0.26249593,-0.065144666,0.16019331,0.058719166,-0.05499222,0.9620584,-0.22865498,-0.3605263,0.7237781","-0.90980685,-0.07257253,0.31044102","-0.34937587,-0.07512304,0.19354425,0.052197397,-0.08924624,0.94689244,-0.22865498,-0.3605263,0.7237781",0.0
"-0.34937587,-0.07512304,0.19354425,0.052197397,-0.08924624,0.94689244,-0.22865498,-0.3605263,0.7237781","-0.85971147,-0.2708888,-0.1278413","-0.4314721,-0.11236889,0.17981026,0.0071760323,-0.0057165558,0.9585903,-0.22865498,-0.3605263,0.7237781",0.0
"-0.4314721,-0.11236889,0.17981026,0.0071760323,-0.0057165558,0.9585903,-0.22865498,-0.3605263,0.7237781","-0.4596715,0.73880076,0.12339783","-0.47536737,-0.010787611,0.19306701,0.023930896,-0.23374912,0.9206393,-0.22865498,-0.3605263,0.7237781",0.0
"-0.47536737,-0.010787611,0.19306701,0.023930896,-0.23374912,0.9206393,-0.22865498,-0.3605263,0.7237781","-0.9803685,0.045396805,0.543756","-0.56898546,-0.004545799,0.2514831,-0.06192594,-0.30816483,0.8647291,-0.22865498,-0.3605263,0.7237781",0.0
"-0.56898546,-0.004545799,0.2514831,-0.06192594,-0.30816483,0.8647291,-0.22865498,-0.3605263,0.7237781","-0.9276383,-0.25533843,0.85408735","-0.65756816,-0.039653536,0.3432383,-0.15646969,-0.3020238,0.7920166,-0.22865498,-0.3605263,0.7237781",0.0
"-0.65756816,-0.039653536,0.3432383,-0.15646969,-0.3020238,0.7920166,-0.22865498,-0.3605263,0.7237781","-0.6076685,0.20163596,0.22435975","-0.7155961,-0.0119296415,0.36734143,-0.2510681,-0.3214185,0.7364199,-0.22865498,-0.3605263,0.7237781",0.0
"-0.7155961,-0.0119296415,0.36734143,-0.2510681,-0.3214185,0.7364199,-0.22865498,-0.3605263,0.7237781","0.4027251,0.045940995,0.03514719","-0.6771388,-0.005613003,0.37111735,-0.21750271,-0.3605927,0.72503686,-0.22865498,-0.3605263,0.7237781",0.0
"0.0,0.0,0.0,2.8652207e-07,0.005789075,0.993462,0.06491228,0.016725145,0.37832105","0.31835175,-0.72329295,0.9949014","0.030400267,-0.099449076,0.10688292,-0.065941595,-0.00050139846,0.97865283,0.06491228,0.016725145,0.37832105",0.0
"0.030400267,-0.099449076,0.10688292,-0.065941595,-0.00050139846,0.97865283,0.06491228,0.016725145,0.37832105","0.57474256,-0.64567006,0.98121095","0.085284,-0.18822542,0.21229507,-0.104441196,-0.022668809,0.93827736,0.06491228,0.016725145,0.37832105",0.0
"0.085284,-0.18822542,0.21229507,-0.104441196,-0.022668809,0.93827736,0.06491228,0.016725145,0.37832105","0.28468013,-0.7823216,0.87399745","0.112468876,-0.29579064,0.30618924,-0.18324731,-0.061413098,0.8701088,0.06491228,0.016725145,0.37832105",0.0
"0.112468876,-0.29579064,0.30618924,-0.18324731,-0.061413098,0.8701088,0.06491228,0.016725145,0.37832105","0.14683509,-0.6256989,0.97783005","0.12649055,-0.3818211,0.4112382,-0.19646323,-0.07617944,0.7850321,0.06491228,0.016725145,0.37832105",0.0
"0.12649055,-0.3818211,0.4112382,-0.19646323,-0.07617944,0.7850321,0.06491228,0.016725145,0.37832105","0.24821532,-0.25968254,0.9516573","0.1501933,-0.41752616,0.5134754,-0.12800078,-0.05881833,0.7049537,0.06491228,0.016725145,0.37832105",0.0
"0.1501933,-0.41752616,0.5134754,-0.12800078,-0.05881833,0.7049537,0.06491228,0.016725145,0.37832105","-0.56542015,0.17001557,0.9287083","0.096199766,-0.39414996,0.6132472,0.00016265795,0.0061147436,0.61034256,0.06491228,0.016725145,0.37832105",0.0
"0.096199766,-0.39414996,0.6132472,0.00016265795,0.0061147436,0.61034256,0.06491228,0.016725145,0.37832105","-0.0674026,-0.09982216,0.8372309","0.08976329,-0.40787503,0.7031915,0.0517128,0.021009613,0.4963314,0.06491228,0.016725145,0.37832105",0.0
"0.08976329,-0.40787503,0.7031915,0.0517128,0.021009613,0.4963314,0.06491228,0.016725145,0.37832105","-0.36894208,-0.22299385,0.7552887","0.054532,-0.4385356,0.78433275,0.065922506,0.01728074,0.38533884,0.06491228,0.016725145,0.37832105",0.0
"0.0,0.0,0.0,2.8652207e-07,0.005789075,0.993462,0.2251462,-0.1825731,0.43591902","-0.9258313,0.61026824,0.9361522","-0.08841017,0.08390874,0.100571424,0.30326116,-0.08044562,0.92514664,0.2251462,-0.1825731,0.43591902",0.0
"-0.08841017,0.08390874,0.100571424,0.30326116,-0.08044562,0.92514664,0.2251462,-0.1825731,0.43591902","-0.6288485,-0.14496362,0.97636855","-0.14846064,0.06397698,0.20546335,0.3562531,-0.17287406,0.85179555,0.2251462,-0.1825731,0.43591902",0.0
"-0.14846064,0.06397698,0.20546335,0.3562531,-0.17287406,0.85179555,0.2251462,-0.1825731,0.43591902","-0.19731557,-0.45226812,0.77863073","-0.16730283,0.0017924361,0.2891122,0.31821376,-0.17787766,0.8193842,0.2251462,-0.1825731,0.43591902",0.0
"-0.16730283,0.0017924361,0.2891122,0.31821376,-0.17787766,0.8193842,0.2251462,-0.1825731,0.43591902","-0.4088325,-0.33069503,0.9063052","-0.20634337,-0.04367644,0.38647714,0.29789853,-0.2183789,0.74150795,0.2251462,-0.1825731,0.43591902",0.0
"-0.20634337,-0.04367644,0.38647714,0.29789853,-0.2183789,0.74150795,0.2251462,-0.1825731,0.43591902","0.12097669,-0.21620905,0.9274353","-0.19479096,-0.07340409,0.48611212,0.31986997,-0.21742254,0.63136375,0.2251462,-0.1825731,0.43591902",0.0
"-0.19479096,-0.07340409,0.48611212,0.31986997,-0.21742254,0.63136375,0.2251462,-0.1825731,0.43591902","0.002158761,-0.44956124,0.9095261","-0.19458482,-0.13521644,0.5838231,0.2838087,-0.19184244,0.54103774,0.2251462,-0.1825731,0.43591902",0.0
"-0.19458482,-0.13521644,0.5838231,0.2838087,-0.19184244,0.54103774,0.2251462,-0.1825731,0.43591902","-0.41215384,-0.35504615,0.64061224","-0.23394252,-0.18403348,0.6526445,0.22737908,-0.19771913,0.47397745,0.2251462,-0.1825731,0.43591902",0.0
"-0.23394252,-0.18403348,0.6526445,0.22737908,-0.19771913,0.47397745,0.2251462,-0.1825731,0.43591902","0.17178655,-0.15529037,0.24285603","-0.21753815,-0.20538513,0.6787347,0.22238731,-0.17363054,0.44882366,0.2251462,-0.1825731,0.43591902",0.0
"0.0,0.0,0.0,2.8652207e-07,0.005789075,0.993462,0.57730997,-0.0057894737,0.47593033","0.06939101,0.60707045,0.95763254","0.006626343,0.08346906,0.10287907,0.31549022,0.012358893,0.9238636,0.57730997,-0.0057894737,0.47593033",0.0
"0.006626343,0.08346906,0.10287907,0.31549022,0.012358893,0.9238636,0.57730997,-0.0057894737,0.47593033","0.021914363,0.78478336,0.93817115","0.008719009,0.19137275,0.2036674,0.61699647,0.022695977,0.6954521,0.57730997,-0.0057894737,0.47593033",0.0
"0.008719009,0.19137275,0.2036674,0.61699647,0.022695977,0.6954521,0.57730997,-0.0057894737,0.47593033","-0.09758139,-0.46152902,0.96038246","-0.0005993028,0.12791489,0.3068419,0.589611,0.0046791616,0.64858466,0.57730997,-0.0057894737,0.47593033",0.0
"-0.0005993028,0.12791489,0.3068419,0.589611,0.0046791616,0.64858466,0.57730997,-0.0057894737,0.47593033","-0.23891449,-0.122373104,0.81640697","-0.0234139,0.11108922,0.39454907,0.6046077,-0.038748518,0.54393333,0.57730997,-0.0057894737,0.47593033",0.0
"-0.0234139,0.11108922,0.39454907,0.6046077,-0.038748518,0.54393333,0.57730997,-0.0057894737,0.47593033","0.18702781,-0.16820621,0.49796534","-0.0055540996,0.08796175,0.44804585,0.59019804,-0.0045091137,0.49552834,0.57730997,-0.0057894737,0.47593033",0.0
"-0.0055540996,0.08796175,0.44804585,0.59019804,-0.0045091137,0.49552834,0.57730997,-0.0057894737,0.47593033","0.020488024,-0.030177474,0.17735815","-0.0035976402,0.083812505,0.46709958,0.5881467,-0.00085815164,0.47191828,0.57730997,-0.0057894737,0.47593033",0.0
"0.0,0.0,0.0,2.8652207e-07,0.005789075,0.993462,-0.5441521,-0.19292398,0.47593033","0.029711008,-0.9539592,-0.6543732","0.00283718,-0.13116449,-0.07029972,-0.37153164,0.0024776892,0.90717816,-0.5441521,-0.19292398,0.47593033",0.0
"0.00283718,-0.13116449,-0.07029972,-0.37153164,0.0024776892,0.90717816,-0.5441521,-0.19292398,0.47593033","0.49222445,-0.9455664,0.64951","0.04984104,-0.261175,-0.00052242324,-0.5313042,-0.07801776,0.8173921,-0.5441521,-0.19292398,0.47593033",0.0
"0.04984104,-0.261175,-0.00052242324,-0.5313042,-0.07801776,0.8173921,-0.5441521,-0.19292398,0.47593033","0.08101356,-0.96552646,0.3359965","0.05757724,-0.39393,0.03557394,-0.7081709,-0.123627625,0.64777684,-0.5441521,-0.19292398,0.47593033",0.0
"0.05757724,-0.39393,0.03557394,-0.7081709,-0.123627625,0.64777684,-0.5441521,-0.19292398,0.47593033","0.2643547,-0.67941654,0.80273235","0.0828212,-0.4873463,0.12181203,-0.7385823,-0.19063921,0.56957084,-0.5441521,-0.19292398,0.47593033",0.0
"0.0828212,-0.4873463,0.12181203,-0.7385823,-0.19063921,0.56957084,-0.5441521,-0.19292398,0.47593033","0.5198263,-0.55802286,0.9163623","0.13246085,-0.5640716,0.22025746,-0.6925517,-0.2997433,0.5226373,-0.5441521,-0.19292398,0.47593033",0.0
"0.13246085,-0.5640716,0.22025746,-0.6925517,-0.2997433,0.5226373,-0.5441521,-0.19292398,0.47593033","-0.28621775,-0.32206905,0.8710412","0.10512912,-0.60835445,0.313834,-0.66168976,-0.22072753,0.5182861,-0.5441521,-0.19292398,0.47593033",0.0
"0.10512912,-0.60835445,0.313834,-0.66168976,-0.22072753,0.5182861,-0.5441521,-0.19292398,0.47593033","0.40662384,-0.15723658,0.78013825","0.14395875,-0.62997377,0.3976448,-0.55587345,-0.26363286,0.52936125,-0.5441521,-0.19292398,0.47593033",0.0
"0.14395875,-0.62997377,0.3976448,-0.55587345,-0.26363286,0.52936125,-0.5441521,-0.19292398,0.47593033","-0.018892646,-0.3118255,0.69302297","0.14215463,-0.6728482,0.4720967,-0.51312196,-0.2392948,0.49140337,-0.5441521,-0.19292398,0.47593033",0.0
"0.14215463,-0.6728482,0.4720967,-0.51312196,-0.2392948,0.49140337,-0.5441521,-0.19292398,0.47593033","-0.16876036,0.026484966,-0.0053439736","0.12603925,-0.66920674,0.47152263,-0.5212942,-0.21164948,0.4962857,-0.5441521,-0.19292398,0.47593033",0.0
"0.12603925,-0.66920674,0.47152263,-0.5212942,-0.21164948,0.4962857,-0.5441521,-0.19292398,0.47593033","-0.26321113,-0.18378878,0.054537296","0.1009045,-0.6944768,0.47738165,-0.55669016,-0.1765377,0.46242166,-0.5441521,-0.19292398,0.47593033",0.0
"0.1009045,-0.6944768,0.47738165,-0.55669016,-0.1765377,0.46242166,-0.5441521,-0.19292398,0.47593033","0.07800841,-0.021366179,-0.00090801716","0.108353734,-0.69741464,0.47728416,-0.5556581,-0.19066787,0.45819616,-0.5441521,-0.19292398,0.47593033",0.0
"0.108353734,-0.69741464,0.47728416,-0.5556581,-0.19066787,0.45819616,-0.5441521,-0.19292398,0.47593033","0.11202085,0.10034764,-0.022318304","0.11905091,-0.6836174,0.47488654,-0.5373258,-0.20467223,0.47709835,-0.5441521,-0.19292398,0.47593033",0.0
"0.0,0.0,0.0,2.8652207e-07,0.005789075,0.993462,0.23409358,-0.24573098,0.7721578","-0.9526164,0.24405098,0.8280959","-0.09096795,0.033555746,0.088962875,0.18796544,-0.04919562,0.96331584,0.23409358,-0.24573098,0.7721578",0.0
"-0.09096795,0.033555746,0.088962875,0.18796544,-0.04919562,0.96331584,0.23409358,-0.24573098,0.7721578","-0.8417388,0.21427143,0.9126395","-0.17134792,0.06301696,0.18700834,0.32422817,-0.1868634,0.87095493,0.23409358,-0.24573098,0.7721578",0.0
"-0.17134792,0.06301696,0.18700834,0.32422817,-0.1868634,0.87095493,0.23409358,-0.24573098,0.7721578","-0.6433413,-0.26522428,0.56199527","-0.23278233,0.026549984,0.24738389,0.27849212,-0.24210657,0.8430308,0.23409358,-0.24573098,0.7721578",0.0
"-0.23278233,0.026549984,0.24738389,0.27849212,-0.24210657,0.8430308,0.23409358,-0.24573098,0.7721578","-0.34029102,-0.3976395,0.4601071","-0.26527765,-0.028123416,0.29681355,0.21733245,-0.23065488,0.83571553,0.23409358,-0.24573098,0.7721578",0.0
"-0.26527765,-0.028123416,0.29681355,0.21733245,-0.23065488,0.83571553,0.23409358,-0.24573098,0.7721578","0.028865337,-0.112909615,0.54651165","-0.26252124,-0.043647926,0.35552567,0.23768583,-0.24863304,0.7805086,0.23409358,-0.24573098,0.7721578",0.0
"0.0,0.0,0.0,2.8652207e-07,0.005789075,0.993462,0.029824562,0.42976606,0.30614382","0.86538696,0.9849187,0.97719765","0.08263818,0.13542125,0.10498096,0.40589625,0.11380008,0.8754443,0.029824562,0.42976606,0.30614382",0.0
"0.08263818,0.13542125,0.10498096,0.40589625,0.11380008,0.8754443,0.029824562,0.42976606,0.30614382","0.8953912,-0.7611682,0.9653988","0.16814154,0.030764546,0.2086944,0.2870263,0.17419562,0.878265,0.029824562,0.42976606,0.30614382",0.0
"0.16814154,0.030764546,0.2086944,0.2870263,0.17419562,0.878265,0.029824562,0.42976606,0.30614382","0.82834053,0.13461971,0.5151439","0.24724205,0.049274057,0.26403666,0.30044872,0.30340496,0.80237424,0.029824562,0.42976606,0.30614382",0.0
"0.24724205,0.049274057,0.26403666,0.30044872,0.30340496,0.80237424,0.029824562,0.42976606,0.30614382","0.32359624,-0.38293648,0.843572","0.27814314,-0.0033777452,0.35466218,0.26031378,0.31997383,0.7444254,0.029824562,0.42976606,0.30614382",0.0
"0.27814314,-0.0033777452,0.35466218,0.26031378,0.31997383,0.7444254,0.029824562,0.42976606,0.30614382","0.36944747,-0.60203373,0.93113565","0.31342268,-0.086154304,0.45469472,0.18825462,0.29398578,0.6873471,0.029824562,0.42976606,0.30614382",0.0
"0.31342268,-0.086154304,0.45469472,0.18825462,0.29398578,0.6873471,0.029824562,0.42976606,0.30614382","0.9457321,-0.18409121,0.9565189","0.40373325,-0.11146591,0.55745417,0.103047445,0.34971875,0.5604739,0.029824562,0.42976606,0.30614382",0.0
"0.40373325,-0.11146591,0.55745417,0.103047445,0.34971875,0.5604739,0.029824562,0.42976606,0.30614382","0.8734312,-0.1181792,0.7938899","0.4871396,-0.12771495,0.6427423,0.008889484,0.3632667,0.4436751,0.029824562,0.42976606,0.30614382",0.0
"0.4871396,-0.12771495,0.6427423,0.008889484,0.3632667,0.4436751,0.029824562,0.42976606,0.30614382","0.011703253,0.040314794,0.67545426","0.48825717,-0.122171886,0.7153068,0.0076177455,0.3633996,0.3258409,0.029824562,0.42976606,0.30614382",0.0
"0.48825717,-0.122171886,0.7153068,0.0076177455,0.3633996,0.3258409,0.029824562,0.42976606,0.30614382","-0.25934052,0.29194772,-0.13488042","0.46349204,-0.08203059,0.7008165,0.040176082,0.39935318,0.3106336,0.029824562,0.42976606,0.30614382",0.0
"0.46349204,-0.08203059,0.7008165,0.040176082,0.39935318,0.3106336,0.029824562,0.42976606,0.30614382","0.30627763,0.015022278,-0.00078618526","0.49273932,-0.079965115,0.7007321,0.0034041868,0.4031026,0.30873623,0.029824562,0.42976606,0.30614382",0.0
"0.49273932,-0.079965115,0.7007321,0.0034041868,0.4031026,0.30873623,0.029824562,0.42976606,0.30614382","-0.3227074,0.08948052,-0.026310563","0.4619231,-0.067662,0.69790554,0.043667097,0.41182357,0.3007787,0.029824562,0.42976606,0.30614382",0.0
"0.4619231,-0.067662,0.69790554,0.043667097,0.41182357,0.3007787,0.029824562,0.42976606,0.30614382","0.007418275,-0.083738506,-0.07094294","0.4626315,-0.07917562,0.69028413,0.04187449,0.40449077,0.32394642,0.029824562,0.42976606,0.30614382",0.0
"0.4626315,-0.07917562,0.69028413,0.04187449,0.40449077,0.32394642,0.029824562,0.42976606,0.30614382","0.15016222,-0.014796257,0.047672153","0.4769709,-0.08121004,0.69540566,0.023393178,0.40288776,0.31810483,0.029824562,0.42976606,0.30614382",0.0
"0.4769709,-0.08121004,0.69540566,0.023393178,0.40288776,0.31810483,0.029824562,0.42976606,0.30614382","0.1076653,0.040302634,0.05108297","0.48725218,-0.07566863,0.7008935,0.010492742,0.4064921,0.3042473,0.029824562,0.42976606,0.30614382",0.0
"0.48725218,-0.07566863,0.7008935,0.010492742,0.4064921,0.3042473,0.029824562,0.42976606,0.30614382","-0.16366011,0.09779525,-0.03596455","0.47162384,-0.062222295,0.6970299,0.03151733,0.41765237,0.29658183,0.029824562,0.42976606,0.30614382",0.0
"0.0,0.0,0.0,2.8652207e-07,0.005789075,0.993462,-0.1628655,0.033040933,0.3483126","0.049794436,-0.86405927,0.9468292","0.0047549936,-0.11880372,0.10171849,-0.11432279,0.004081806,0.974833,-0.1628655,0.033040933,0.3483126",0.0
"0.0047549936,-0.11880372,0.10171849,-0.11432279,0.004081806,0.974833,-0.1628655,0.033040933,0.3483126","0.078100204,-0.96616435,0.93449616","0.012212986,-0.2516464,0.20211206,-0.25026652,-0.0038135725,0.91219366,-0.1628655,0.033040933,0.3483126",0.0
"0.012212986,-0.2516464,0.20211206,-0.25026652,-0.0038135725,0.91219366,-0.1628655,0.033040933,0.3483126","-0.885343,-0.76727474,0.9717573","-0.072330855,-0.35714275,0.30650863,-0.29971611,0.07524444,0.83240736,-0.1628655,0.033040933,0.3483126",0.0
"-0.072330855,-0.35714275,0.30650863,-0.29971611,0.07524444,0.83240736,-0.1628655,0.033040933,0.3483126","0.29297018,-0.5412438,0.93794155","-0.04435433,-0.43156105,0.40727237,-0.29857537,0.047721535,0.7554505,-0.1628655,0.033040933,0.3483126",0.0
"-0.04435433,-0.43156105,0.40727237,-0.29857537,0.047721535,0.7554505,-0.1628655,0.033040933,0.3483126","-0.064635456,-0.75216275,0.97211146","-0.050526552,-0.5349796,0.51170695,-0.32011357,0.05710699,0.63891435,-0.1628655,0.033040933,0.3483126",0.0
"-0.050526552,-0.5349796,0.51170695,-0.32011357,0.05710699,0.63891435,-0.1628655,0.033040933,0.3483126","-0.13259572,-0.5325159,0.9010086","-0.06318848,-0.6081978,0.6085029,-0.29071334,0.064385675,0.53608054,-0.1628655,0.033040933,0.3483126",0.0
"-0.06318848,-0.6081978,0.6085029,-0.29071334,0.064385675,0.53608054,-0.1628655,0.033040933,0.3483126","0.23545074,-0.27249902,0.90780187","-0.04070464,-0.6456651,0.70602864,-0.21835624,0.03391308,0.44391716,-0.1628655,0.033040933,0.3483126",0.0
"-0.04070464,-0.6456651,0.70602864,-0.21835624,0.03391308,0.44391716,-0.1628655,0.033040933,0.3483126","0.05207646,-0.26523817,0.7661059","-0.035731718,-0.68213403,0.7883319,-0.16370484,0.024280222,0.35032374,-0.1628655,0.033040933,0.3483126",0.0
"0.0,0.0,0.0,2.8652207e-07,0.005789075,0.993462,-0.00076023396,-0.0058479533,0.23331277","-0.86272615,-0.70163316,0.95816743","-0.082384095,-0.09647097,0.10293656,-0.061165027,0.022182474,0.97961444,-0.00076023396,-0.0058479533,0.23331277",0.0
"-0.082384095,-0.09647097,0.10293656,-0.061165027,0.022182474,0.97961444,-0.00076023396,-0.0058479533,0.23331277","-0.9673811,-0.1923539,0.90259945","-0.174762,-0.12291866,0.19990343,0.013296789,-0.0013480976,0.9503661,-0.00076023396,-0.0058479533,0.23331277",0.0
"-0.174762,-0.12291866,0.19990343,0.013296789,-0.0013480976,0.9503661,-0.00076023396,-0.0058479533,0.23331277","-0.52632654,-0.9694807,0.94007754","-0.22502238,-0.2562173,0.3008966,-0.09001041,0.08450114,0.8874034,-0.00076023396,-0.0058479533,0.23331277",0.0
"-0.22502238,-0.2562173,0.3008966,-0.09001041,0.08450114,0.8874034,-0.00076023396,-0.0058479533,0.23331277","-0.9532347,-0.8636043,0.7609148","-0.31604937,-0.37495852,0.38264227,-0.12448611,0.2014795,0.8012318,-0.00076023396,-0.0058479533,0.23331277",0.0
"-0.31604937,-0.37495852,0.38264227,-0.12448611,0.2014795,0.8012318,-0.00076023396,-0.0058479533,0.23331277","-0.11757368,-0.1677571,0.97039676","-0.32727677,-0.3980243,0.48689267,-0.06803772,0.1240427,0.73181415,-0.00076023396,-0.0058479533,0.23331277",0.0
"-0.32727677,-0.3980243,0.48689267,-0.06803772,0.1240427,0.73181415,-0.00076023396,-0.0058479533,0.23331277","-0.9286945,0.12377381,0.94415545","-0.41596034,-0.3810061,0.58832395,0.0049618995,0.0038294676,0.6391083,-0.00076023396,-0.0058479533,0.23331277",0.0
"-0.41596034,-0.3810061,0.58832395,0.0049618995,0.0038294676,0.6391083,-0.00076023396,-0.0058479533,0.23331277","-0.9723386,-0.6290678,0.97134984","-0.50881165,-0.46749973,0.6926767,0.006479842,0.024854247,0.5123381,-0.00076023396,-0.0058479533,0.23331277",0.0
"-0.50881165,-0.46749973,0.6926767,0.006479842,0.024854247,0.5123381,-0.00076023396,-0.0058479533,0.23331277","-0.8782651,-0.35045826,0.65437615","-0.59267956,-0.515686,0.7629768,0.012348071,0.021036861,0.41960743,-0.00076023396,-0.0058479533,0.23331277",0.0
"-0.59267956,-0.515686,0.7629768,0.012348071,0.021036861,0.41960743,-0.00076023396,-0.0058479533,0.23331277","-0.9354923,-0.18442643,0.8332083","-0.6820123,-0.5410437,0.85248905,-2.4857056e-05,-0.010736679,0.29473326,-0.00076023396,-0.0058479533,0.23331277",0.0
"-0.6820123,-0.5410437,0.85248905,-2.4857056e-05,-0.010736679,0.29473326,-0.00076023396,-0.0058479533,0.23331277","-0.60459566,-0.29380763,0.3720032","-0.73974675,-0.5814408,0.8924536,0.005326538,-0.0027832754,0.23666707,-0.00076023396,-0.0058479533,0.23331277",0.0
"0.0,0.0,0.0,2.8652207e-07,0.005789075,0.993462,-0.0001754386,0.0059064324,0.23331277","-0.21011686,-0.9588702,0.8436785","-0.020064646,-0.13183972,0.090636946,-0.15679324,0.015697192,0.97042865,-0.0001754386,0.0059064324,0.23331277",0.0
"-0.020064646,-0.13183972,0.090636946,-0.15679324,0.015697192,0.97042865,-0.0001754386,0.0059064324,0.23331277","-0.3859678,-0.9650605,0.9882096","-0.05692178,-0.26453063,0.19680098,-0.27789417,0.056113984,0.9037561,-0.0001754386,0.0059064324,0.23331277",0.0
"-0.05692178,-0.26453063,0.19680098,-0.27789417,0.056113984,0.9037561,-0.0001754386,0.0059064324,0.23331277","0.86915076,-0.60506266,0.9955691","0.0260758,-0.34772366,0.30375567,-0.29473868,-0.018390466,0.8397054,-0.0001754386,0.0059064324,0.23331277",0.0
"0.0260758,-0.34772366,0.30375567,-0.29473868,-0.018390466,0.8397054,-0.0001754386,0.0059064324,0.23331277","0.8836756,-0.45837605,0.9361559","0.1104604,-0.41074806,0.40432757,-0.2563714,-0.086562656,0.7709718,-0.0001754386,0.0059064324,0.23331277",0.0
"0.1104604,-0.41074806,0.40432757,-0.2563714,-0.086562656,0.7709718,-0.0001754386,0.0059064324,0.23331277","0.41032064,-0.63658214,0.975997","0.14964305,-0.4982749,0.5091796,-0.24622129,-0.11861507,0.666875,-0.0001754386,0.0059064324,0.23331277",0.0
"0.14964305,-0.4982749,0.5091796,-0.24622129,-0.11861507,0.666875,-0.0001754386,0.0059064324,0.23331277","0.196563,0.3492787,0.9276329","0.16841339,-0.45025092,0.6088359,-0.07388109,-0.036491588,0.60972345,-0.0001754386,0.0059064324,0.23331277",0.0
"0.16841339,-0.45025092,0.6088359,-0.07388109,-0.036491588,0.60972345,-0.0001754386,0.0059064324,0.23331277","-0.36707985,-0.043653607,0.98737717","0.13335991,-0.45625314,0.71491045,0.0034610694,0.007878649,0.48421413,-0.0001754386,0.0059064324,0.23331277",0.0
"0.13335991,-0.45625314,0.71491045,0.0034610694,0.007878649,0.48421413,-0.0001754386,0.0059064324,0.23331277","-0.16765863,-0.5097512,0.86581135","0.11734973,-0.5263413,0.8079252,-0.0052455924,0.004179745,0.35820267,-0.0001754386,0.0059064324,0.23331277",0.0
"0.11734973,-0.5263413,0.8079252,-0.0052455924,0.004179745,0.35820267,-0.0001754386,0.0059064324,0.23331277","0.03963232,-0.5018654,0.80552006","0.121134326,-0.5953453,0.8944628,-0.011627133,0.0015838409,0.2335305,-0.0001754386,0.0059064324,0.23331277",0.0
"0.0,0.0,0.0,2.8652207e-07,0.005789075,0.993462,0.23836258,0.35421053,0.7237781","0.81806695,0.7830789,0.08200371","0.078119464,0.10766932,0.008809695,0.2346355,0.06473683,0.9595685,0.23836258,0.35421053,0.7237781",0.0
"0.078119464,0.10766932,0.008809695,0.2346355,0.06473683,0.9595685,0.23836258,0.35421053,0.7237781","0.9650185,0.49011827,0.8533746","0.17027172,0.17505808,0.10048825,0.4201159,0.2556699,0.83537763,0.23836258,0.35421053,0.7237781",0.0
"0.17027172,0.17505808,0.10048825,0.4201159,0.2556699,0.83537763,0.23836258,0.35421053,0.7237781","0.69345,-0.2933563,0.6269473","0.23649116,0.13472313,0.16784161,0.35591814,0.33478346,0.81493247,0.23836258,0.35421053,0.7237781",0.0
"0.23649116,0.13472313,0.16784161,0.35591814,0.33478346,0.81493247,0.23836258,0.35421053,0.7237781","0.7576904,-0.38124645,0.82865","0.3088451,0.082303695,0.256864,0.2658694,0.39842418,0.77443373,0.23836258,0.35421053,0.7237781",0.0
"0.3088451,0.082303695,0.256864,0.2658694,0.39842418,0.77443373,0.23836258,0.35421053,0.7237781","0.1241014,-0.49957347,0.62858987","0.32069588,0.013614912,0.32439387,0.21785285,0.35578898,0.7659114,0.23836258,0.35421053,0.7237781",0.0
"0.32069588,0.013614912,0.32439387,0.21785285,0.35578898,0.7659114,0.23836258,0.35421053,0.7237781","-0.09064734,-0.094530165,0.2680328","0.3120397,0.0006174905,0.35318887,0.22793584,0.350464,0.7422957,0.23836258,0.35421053,0.7237781",0.0
"0.3120397,0.0006174905,0.35318887,0.22793584,0.350464,0.7422957,0.23836258,0.35421053,0.7237781","-0.05787003,0.018845677,0.07307112","0.30651355,0.0032086638,0.36103898,0.23982611,0.35484868,0.72930104,0.23836258,0.35421053,0.7237781",0.0
"0.0,0.0,0.0,2.8652207e-07,0.005789075,0.993462,0.005789474,0.0012280701,0.23331277","0.3957553,-0.9836238,0.96572053","0.037791744,-0.13524322,0.103748,-0.146051,-0.011591846,0.96957576,0.005789474,0.0012280701,0.23331277",0.0
"0.037791744,-0.13524322,0.103748,-0.146051,-0.011591846,0.96957576,0.005789474,0.0012280701,0.23331277","-0.14337283,-0.66297656,0.9310076","0.024100669,-0.22639912,0.2037668,-0.1966839,-0.0091145495,0.9258459,0.005789474,0.0012280701,0.23331277",0.0
"0.024100669,-0.22639912,0.2037668,-0.1966839,-0.0091145495,0.9258459,0.005789474,0.0012280701,0.23331277","-0.30516303,-0.9422834,0.951041","-0.005040191,-0.35595828,0.3059378,-0.30742896,0.01065816,0.8333668,0.005789474,0.0012280701,0.23331277",0.0
"-0.005040191,-0.35595828,0.3059378,-0.30742896,0.01065816,0.8333668,0.005789474,0.0012280701,0.23331277","0.046999574,-0.85604215,0.899992","-0.0005520762,-0.47365972,0.40262455,-0.3791447,0.0064467243,0.72147274,0.005789474,0.0012280701,0.23331277",0.0
"-0.0005520762,-0.47365972,0.40262455,-0.3791447,0.0064467243,0.72147274,0.005789474,0.0012280701,0.23331277","-0.42335778,-0.20662987,0.91897464","-0.04097968,-0.5020703,0.50135064,-0.2862989,0.04290098,0.6681101,0.005789474,0.0012280701,0.23331277",0.0
"-0.04097968,-0.5020703,0.50135064,-0.2862989,0.04290098,0.6681101,0.005789474,0.0012280701,0.23331277","-0.71775305,-0.6976726,0.89016855","-0.109519884,-0.5979968,0.59698206,-0.28004482,0.10649531,0.54996896,0.005789474,0.0012280701,0.23331277",0.0
"-0.109519884,-0.5979968,0.59698206,-0.28004482,0.10649531,0.54996896,0.005789474,0.0012280701,0.23331277","-0.3163836,0.39392805,0.97718036","-0.13973223,-0.5438338,0.7019612,-0.09598396,0.051463813,0.48898694,0.005789474,0.0012280701,0.23331277",0.0
"-0.13973223,-0.5438338,0.7019612,-0.09598396,0.051463813,0.48898694,0.005789474,0.0012280701,0.23331277","-0.65021974,-0.6039442,0.9760629","-0.2018235,-0.626873,0.80682033,-0.07468415,0.062103853,0.3473062,0.005789474,0.0012280701,0.23331277",0.0
"-0.2018235,-0.626873,0.80682033,-0.07468415,0.062103853,0.3473062,0.005789474,0.0012280701,0.23331277","-0.013889849,0.06372774,0.68531513","-0.20314988,-0.61811084,0.8804442,-0.023989785,0.025003277,0.25231567,0.005789474,0.0012280701,0.23331277",0.0
"-0.20314988,-0.61811084,0.8804442,-0.023989785,0.025003277,0.25231567,0.005789474,0.0012280701,0.23331277","-0.7505947,0.26495504,0.08500087","-0.27482623,-0.58168095,0.889576,0.0023444146,0.006166693,0.24088277,0.005789474,0.0012280701,0.23331277",0.0
"0.0,0.0,0.0,2.8652207e-07,0.005789075,0.993462,-0.06678363,-0.0057894737,0.37832105","-0.25546658,-0.27760136,0.96501136","-0.024395213,-0.038168773,0.103671804,0.061540212,0.0010803641,0.9797033,-0.06678363,-0.0057894737,0.37832105",0.0
"-0.024395213,-0.038168773,0.103671804,0.061540212,0.0010803641,0.9797033,-0.06678363,-0.0057894737,0.37832105","-0.0651232,-0.89508164,0.96128666","-0.03061402,-0.16123793,0.20694348,-0.057374306,0.011351168,0.94540095,-0.06678363,-0.0057894737,0.37832105",0.0
"-0.03061402,-0.16123793,0.20694348,-0.057374306,0.011351168,0.94540095,-0.06678363,-0.0057894737,0.37832105","-0.68956655,-0.29868352,0.9218662","-0.09646263,-0.20230542,0.3059802,-0.008209366,0.00863249,0.89350295,-0.06678363,-0.0057894737,0.37832105",0.0
"-0.09646263,-0.20230542,0.3059802,-0.008209366,0.00863249,0.89350295,-0.06678363,-0.0057894737,0.37832105","0.35121405,-0.8849132,0.9626286","-0.06292424,-0.3239765,0.40939608,-0.10634452,0.027204735,0.8087134,-0.06678363,-0.0057894737,0.37832105",0.0
"-0.06292424,-0.3239765,0.40939608,-0.10634452,0.027204735,0.8087134,-0.06678363,-0.0057894737,0.37832105","0.8263707,-0.54178643,0.9749489","0.015988154,-0.39846936,0.51413554,-0.10940421,0.0002966932,0.7102311,-0.06678363,-0.0057894737,0.37832105",0.0
"0.015988154,-0.39846936,0.51413554,-0.10940421,0.0002966932,0.7102311,-0.06678363,-0.0057894737,0.37832105","0.87539315,-0.63131166,0.97339225","0.099581845,-0.4852715,0.6187077,-0.11663907,-0.031644564,0.5911967,-0.06678363,-0.0057894737,0.37832105",0.0
"0.099581845,-0.4852715,0.6187077,-0.11663907,-0.031644564,0.5911967,-0.06678363,-0.0057894737,0.37832105","-0.044261634,-0.42947483,0.88353753","0.09535518,-0.54432213,0.71362674,-0.095208,-0.023347186,0.4759371,-0.06678363,-0.0057894737,0.37832105",0.0
"0.09535518,-0.54432213,0.71362674,-0.095208,-0.023347186,0.4759371,-0.06678363,-0.0057894737,0.37832105","-0.049517155,-0.32122248,0.6981951","0.09062666,-0.58848864,0.78863436,-0.07524318,-0.015988836,0.37772584,-0.06678363,-0.0057894737,0.37832105",0.0
"0.0,0.0,0.0,2.8652207e-07,0.005789075,0.993462,0.16216375,-0.02116959,0.62760717","-0.45477444,-0.2613048,0.7223469","-0.04342767,-0.035928078,0.07760221,0.030744905,0.0016227365,0.98642737,0.16216375,-0.02116959,0.62760717",0.0
"-0.04342767,-0.035928078,0.07760221,0.030744905,0.0016227365,0.98642737,0.16216375,-0.02116959,0.62760717","0.40378118,0.052845955,0.98380387","-0.0048695034,-0.028662048,0.18329291,0.18635507,0.0029387595,0.93690217,0.16216375,-0.02116959,0.62760717",0.0
"-0.0048695034,-0.028662048,0.18329291,0.18635507,0.0029387595,0.93690217,0.16216375,-0.02116959,0.62760717","-0.3010155,-0.2195329,0.9776983","-0.033614308,-0.058846712,0.28832772,0.24907929,-0.020579895,0.86571914,0.16216375,-0.02116959,0.62760717",0.0
"-0.033614308,-0.058846712,0.28832772,0.24907929,-0.020579895,0.86571914,0.16216375,-0.02116959,0.62760717","-0.00018256903,-0.5143558,0.87268806","-0.03363175,-0.12956801,0.3820812,0.21471472,-0.016949428,0.8082614,0.16216375,-0.02116959,0.62760717",0.0
"-0.03363175,-0.12956801,0.3820812,0.21471472,-0.016949428,0.8082614,0.16216375,-0.02116959,0.62760717","0.19513535,-0.52994263,0.8633697","-0.01499775,-0.20243241,0.47483364,0.17557627,-0.00248303,0.7357698,0.16216375,-0.02116959,0.62760717",0.0
"-0.01499775,-0.20243241,0.47483364,0.17557627,-0.00248303,0.7357698,0.16216375,-0.02116959,0.62760717","-0.182091,-0.34451354,0.82794476","-0.032386128,-0.24980126,0.5637803,0.17197572,-0.011738852,0.64253706,0.16216375,-0.02116959,0.62760717",0.0
"-0.032386128,-0.24980126,0.5637803,0.17197572,-0.011738852,0.64253706,0.16216375,-0.02116959,0.62760717","-0.23501027,-0.079761624,0.14566302","-0.054827917,-0.2607681,0.5794291,0.16576983,-0.022963028,0.62602293,0.16216375,-0.02116959,0.62760717",0.0
"0.0,0.0,0.0,2.8652207e-07,0.005789075,0.993462,0.22865498,-0.3605263,0.7237781","-0.7101798,0.42357326,0.94788194","-0.06781701,0.05823914,0.10183156,0.25787365,-0.049864516,0.94235957,0.22865498,-0.3605263,0.7237781",0.0
"-0.06781701,0.05823914,0.10183156,0.25787365,-0.049864516,0.94235957,0.22865498,-0.3605263,0.7237781","-0.9686177,0.13118017,0.6434245","-0.16031297,0.076275736,0.17095509,0.3373507,-0.17928298,0.8739264,0.22865498,-0.3605263,0.7237781",0.0
"-0.16031297,0.076275736,0.17095509,0.3373507,-0.17928298,0.8739264,0.22865498,-0.3605263,0.7237781","-0.5917289,-0.2483905,0.65009284","-0.21681878,0.04212332,0.240795,0.3076861,-0.2419512,0.8356484,0.22865498,-0.3605263,0.7237781",0.0
"-0.21681878,0.04212332,0.240795,0.3076861,-0.2419512,0.8356484,0.22865498,-0.3605263,0.7237781","-0.53853536,-0.23310232,0.6459502","-0.268245,0.010072942,0.3101899,0.26971275,-0.29385117,0.78696555,0.22865498,-0.3605263,0.7237781",0.0
"-0.268245,0.010072942,0.3101899,0.26971275,-0.29385117,0.78696555,0.22865498,-0.3605263,0.7237781","-0.41304874,-0.010869861,0.29763627","-0.30768815,0.0085783815,0.3421652,0.24499084,-0.34473112,0.7484303,0.22865498,-0.3605263,0.7237781",0.0
"-0.30768815,0.0085783815,0.3421652,0.24499084,-0.34473112,0.7484303,0.22865498,-0.3605263,0.7237781","-0.10772979,-0.03187424,0.19645119","-0.31797555,0.004195828,0.36327013,0.23839651,-0.35972887,0.7252991,0.22865498,-0.3605263,0.7237781",0.0
"0.0,0.0,0.0,2.8652207e-07,0.005789075,0.993462,0.0036842106,0.008596491,0.64963955","0.70243216,-0.6725958,0.9695108","0.06707716,-0.092478484,0.10415518,-0.0545598,-0.005750556,0.9800378,0.0036842106,0.008596491,0.64963955",0.0
"0.06707716,-0.092478484,0.10415518,-0.0545598,-0.005750556,0.9800378,0.0036842106,0.008596491,0.64963955","-0.0010473132,-0.7839477,0.8932731","0.066977136,-0.20026729,0.20012012,-0.14627188,-0.025320632,0.9374092,0.0036842106,0.008596491,0.64963955",0.0
"0.066977136,-0.20026729,0.20012012,-0.14627188,-0.025320632,0.9374092,0.0036842106,0.008596491,0.64963955","0.44546688,-0.31790566,0.8336332","0.10951597,-0.24397774,0.28967795,-0.10952203,-0.033092886,0.8957717,0.0036842106,0.008596491,0.64963955",0.0
"0.10951597,-0.24397774,0.28967795,-0.10952203,-0.033092886,0.8957717,0.0036842106,0.008596491,0.64963955","0.19701803,-0.12691343,0.94285095","0.12832975,-0.26142773,0.39096907,-0.01863954,-0.0016564383,0.8317313,0.0036842106,0.008596491,0.64963955",0.0
"0.12832975,-0.26142773,0.39096907,-0.01863954,-0.0016564383,0.8317313,0.0036842106,0.008596491,0.64963955","-0.031021893,-0.3346424,0.89386916","0.12536737,-0.3074394,0.48699805,0.00771949,0.009477134,0.74619734,0.0036842106,0.008596491,0.64963955",0.0
"0.12536737,-0.3074394,0.48699805,0.00771949,0.009477134,0.74619734,0.0036842106,0.008596491,0.64963955","-0.65289825,-0.41437972,0.70757735","0.063020326,-0.3644145,0.5630136,-0.0032860024,0.0052452697,0.66738534,0.0036842106,0.008596491,0.64963955",0.0
"0.063020326,-0.3644145,0.5630136,-0.0032860024,0.0052452697,0.66738534,0.0036842106,0.008596491,0.64963955","-0.032082498,-0.07273829,0.12324691","0.059956674,-0.3744157,0.5762542,-0.005302352,0.0048827226,0.65270233,0.0036842106,0.008596491,0.64963955",0.0
"0.0,0.0,0.0,2.8652207e-07,0.005789075,0.993462,-0.14918129,-0.0057894737,0.6313337","0.21876979,-0.83638376,0.7376487","0.020890914,-0.11499849,0.0792461,-0.13758466,-0.0032412345,0.9759176,-0.14918129,-0.0057894737,0.6313337",0.0
"0.020890914,-0.11499849,0.0792461,-0.13758466,-0.0032412345,0.9759176,-0.14918129,-0.0057894737,0.6313337","0.027693748,-0.35097247,0.96892345","0.023535453,-0.16325544,0.18333821,-0.09492213,-0.0012261923,0.95201576,-0.14918129,-0.0057894737,0.6313337",0.0
"0.023535453,-0.16325544,0.18333821,-0.09492213,-0.0012261923,0.95201576,-0.14918129,-0.0057894737,0.6313337","0.27256024,-0.499013,0.957384","0.04956297,-0.23186721,0.28619063,-0.09467242,-0.009001497,0.90039206,-0.14918129,-0.0057894737,0.6313337",0.0
"0.04956297,-0.23186721,0.28619063,-0.09467242,-0.009001497,0.90039206,-0.14918129,-0.0057894737,0.6313337","-0.05812043,-0.8392246,0.8968296","0.04401288,-0.34725633,0.3825377,-0.18581958,-0.020013519,0.81559235,-0.14918129,-0.0057894737,0.6313337",0.0
"0.04401288,-0.34725633,0.3825377,-0.18581958,-0.020013519,0.81559235,-0.14918129,-0.0057894737,0.6313337","-0.22084576,-0.664312,0.95522857","0.02292371,-0.43859586,0.48515853,-0.21010609,-0.0093531795,0.71557003,-0.14918129,-0.0057894737,0.6313337",0.0
"0.02292371,-0.43859586,0.48515853,-0.21010609,-0.0093531795,0.71557003,-0.14918129,-0.0057894737,0.6313337","-0.18849134,-0.11207873,0.75204325","0.0049241497,-0.45400617,0.5659511,-0.13525183,0.0036973613,0.64941764,-0.14918129,-0.0057894737,0.6313337",0.0
"0.0049241497,-0.45400617,0.5659511,-0.13525183,0.0036973613,0.64941764,-0.14918129,-0.0057894737,0.6313337","0.5108601,-0.123477936,0.18047428","0.053707577,-0.47098377,0.58533967,-0.13687795,-0.017444197,0.6267144,-0.14918129,-0.0057894737,0.6313337",0.0
"0.0,0.0,0.0,2.8652207e-07,0.005789075,0.993462,0.0016959065,0.0056725144,0.23331277","-0.19273555,-0.95859206,0.91391826","-0.01840486,-0.1318015,0.09818284,-0.14627689,0.014266075,0.9707251,0.0016959065,0.0056725144,0.23331277",0.0
"-0.01840486,-0.1318015,0.09818284,-0.14627689,0.014266075,0.9707251,0.0016959065,0.0056725144,0.23331277","-0.010327518,-0.9566817,0.95078635","-0.019391071,-0.26334035,0.20032646,-0.27528384,0.022590632,0.9046863,0.0016959065,0.0056725144,0.23331277",0.0
"-0.019391071,-0.26334035,0.20032646,-0.27528384,0.022590632,0.9046863,0.0016959065,0.0056725144,0.23331277","0.57864535,0.19237375,0.9710326","0.035865348,-0.23689002,0.30464518,-0.08048999,-0.003281789,0.89043355,0.0016959065,0.0056725144,0.23331277",0.0
"0.035865348,-0.23689002,0.30464518,-0.08048999,-0.003281789,0.89043355,0.0016959065,0.0056725144,0.23331277","-0.12818468,-0.5635463,0.9601569","0.023624634,-0.31437477,0.4077955,-0.0944053,-0.0012144097,0.81217533,0.0016959065,0.0056725144,0.23331277",0.0
"0.023624634,-0.31437477,0.4077955,-0.0944053,-0.0012144097,0.81217533,0.0016959065,0.0056725144,0.23331277","0.7788302,-0.64418703,0.864254","0.097997256,-0.40294722,0.5006429,-0.12818071,-0.034683954,0.7197844,0.0016959065,0.0056725144,0.23331277",0.0
"0.097997256,-0.40294722,0.5006429,-0.12818071,-0.034683954,0.7197844,0.0016959065,0.0056725144,0.23331277","0.59578633,0.23166108,0.88056386","0.15489052,-0.3710951,0.5952425,0.013794454,0.013847104,0.63092715,0.0016959065,0.0056725144,0.23331277",0.0
"0.15489052,-0.3710951,0.5952425,0.013794454,0.013847104,0.63092715,0.0016959065,0.0056725144,0.23331277","-0.47832382,-0.44625163,0.946777","0.10921406,-0.43245244,0.6969554,0.01817124,0.012639056,0.5070255,0.0016959065,0.0056725144,0.23331277",0.0
"0.10921406,-0.43245244,0.6969554,0.01817124,0.012639056,0.5070255,0.0016959065,0.0056725144,0.23331277","0.73589385,-0.47257608,0.9529717","0.17948659,-0.49742928,0.7993338,0.012682949,0.014869916,0.36978263,0.0016959065,0.0056725144,0.23331277",0.0
"0.17948659,-0.49742928,0.7993338,0.012682949,0.014869916,0.36978263,0.0016959065,0.0056725144,0.23331277","-0.5615649,-0.49726427,0.7693739","0.12586121,-0.5658006,0.88198817,0.0019295393,0.0070787356,0.251988,0.0016959065,0.0056725144,0.23331277",0.0
"0.0,0.0,0.0,2.8652207e-07,0.005789075,0.993462,-0.034502927,-0.15988304,0.62760717","-0.91447234,0.11040449,0.8626914","-0.08732547,0.015180043,0.09267949,0.1558388,-0.037844926,0.9695089,-0.034502927,-0.15988304,0.62760717",0.0
"-0.08732547,0.015180043,0.09267949,0.1558388,-0.037844926,0.9695089,-0.034502927,-0.15988304,0.62760717","-0.96847975,0.0062931776,0.86695373","-0.17980826,0.016045313,0.18581691,0.23985551,-0.14516069,0.9095438,-0.034502927,-0.15988304,0.62760717",0.0
"-0.17980826,0.016045313,0.18581691,0.23985551,-0.14516069,0.9095438,-0.034502927,-0.15988304,0.62760717","-0.98107845,-0.5544418,0.8955505","-0.27349412,-0.0601876,0.2820265,0.16134995,-0.17825226,0.87260175,-0.034502927,-0.15988304,0.62760717",0.0
"-0.27349412,-0.0601876,0.2820265,0.16134995,-0.17825226,0.87260175,-0.034502927,-0.15988304,0.62760717","-0.82168436,-0.5146578,0.76804805","-0.35195902,-0.1309504,0.36453846,0.09263008,-0.17168944,0.82778174,-0.034502927,-0.15988304,0.62760717",0.0
"-0.35195902,-0.1309504,0.36453846,0.09263008,-0.17168944,0.82778174,-0.034502927,-0.15988304,0.62760717","-0.9387246,-0.3063227,0.889333","-0.4416004,-0.17306823,0.46008015,0.044310536,-0.20707221,0.73988456,-0.034502927,-0.15988304,0.62760717",0.0
"-0.4416004,-0.17306823,0.46008015,0.044310536,-0.20707221,0.73988456,-0.034502927,-0.15988304,0.62760717","-0.7103441,-0.57654357,0.80076015","-0.5094331,-0.25234002,0.5461064,0.001188812,-0.15526065,0.66679126,-0.034502927,-0.15988304,0.62760717",0.0
"-0.5094331,-0.25234002,0.5461064,0.001188812,-0.15526065,0.66679126,-0.034502927,-0.15988304,0.62760717","-0.7060709,-0.09522176,0.23176515","-0.57685775,-0.26543254,0.57100517,-0.031295866,-0.151293,0.6391407,-0.034502927,-0.15988304,0.62760717",0.0
"0.0,0.0,0.0,2.8652207e-07,0.005789075,0.993462,-0.07672515,-0.12807018,0.83518213","-0.88223696,-0.63014615,0.92931557","-0.08424724,-0.08664187,0.09983699,-0.044858027,0.018155795,0.9813702,-0.07672515,-0.12807018,0.83518213",0.0
"-0.08424724,-0.08664187,0.09983699,-0.044858027,0.018155795,0.9813702,-0.07672515,-0.12807018,0.83518213","-0.85567784,-0.4012606,0.84651685","-0.16595827,-0.14181317,0.19077888,-0.03157242,0.024810981,0.9533446,-0.07672515,-0.12807018,0.83518213",0.0
"-0.16595827,-0.14181317,0.19077888,-0.03157242,0.024810981,0.9533446,-0.07672515,-0.12807018,0.83518213","-0.93495345,-0.11057067,0.8410393","-0.25523958,-0.15701611,0.2811323,0.03759728,-0.03053071,0.9075264,-0.07672515,-0.12807018,0.83518213",0.0
"-0.25523958,-0.15701611,0.2811323,0.03759728,-0.03053071,0.9075264,-0.07672515,-0.12807018,0.83518213","-0.87199485,0.10213423,0.42238498","-0.33850873,-0.14297321,0.32650945,0.068504795,-0.11132361,0.8692202,-0.07672515,-0.12807018,0.83518213",0.0
"-0.33850873,-0.14297321,0.32650945,0.068504795,-0.11132361,0.8692202,-0.07672515,-0.12807018,0.83518213","-0.9564136,-0.057953894,0.031033516","-0.4298393,-0.1509416,0.32984346,0.03168602,-0.11494234,0.86872625,-0.07672515,-0.12807018,0.83518213",0.0
"-0.4298393,-0.1509416,0.32984346,0.03168602,-0.11494234,0.86872625,-0.07672515,-0.12807018,0.83518213","-0.886675,0.047963142,0.433123","-0.51451033,-0.14434694,0.3763742,-0.0025394151,-0.18269306,0.8215737,-0.07672515,-0.12807018,0.83518213",0.0
"-0.51451033,-0.14434694,0.3763742,-0.0025394151,-0.18269306,0.8215737,-0.07672515,-0.12807018,0.83518213","-0.774794,-0.11397165,-0.040779352","-0.5884976,-0.16001748,0.37199333,-0.035351694,-0.14495184,0.8323869,-0.07672515,-0.12807018,0.83518213",0.0
"-0.5884976,-0.16001748,0.37199333,-0.035351694,-0.14495184,0.8323869,-0.07672515,-0.12807018,0.83518213","-0.27456564,-0.052279472,0.025619268","-0.6147166,-0.16720566,0.37474573,-0.04350585,-0.13186072,0.8321897,-0.07672515,-0.12807018,0.83518213",0.0
"-0.6147166,-0.16720566,0.37474573,-0.04350585,-0.13186072,0.8321897,-0.07672515,-0.12807018,0.83518213","-0.58873874,0.012396097,0.021940112","-0.6709369,-0.16550128,0.37710285,-0.068913735,-0.1270631,0.8292683,-0.07672515,-0.12807018,0.83518213",0.0
"0.0,0.0,0.0,2.8652207e-07,0.005789075,0.993462,0.5766667,0.19187135,0.6657879","0.42563486,0.91644096,0.9458184","0.040645048,0.12600592,0.10160987,0.39519858,0.056575693,0.8877251,0.5766667,0.19187135,0.6657879",0.0
"0.040645048,0.12600592,0.10160987,0.39519858,0.056575693,0.8877251,0.5766667,0.19187135,0.6657879","0.686491,0.61129725,0.9560137","0.10619995,0.21005616,0.20431504,0.60942036,0.21734849,0.66578144,0.5766667,0.19187135,0.6657879",0.0
"0.10619995,0.21005616,0.20431504,0.60942036,0.21734849,0.66578144,0.5766667,0.19187135,0.6657879","-0.19706672,-0.4198892,0.35668576","0.087381504,0.15232357,0.24263401,0.56115913,0.16405232,0.7015922,0.5766667,0.19187135,0.6657879",0.0
"0.087381504,0.15232357,0.24263401,0.56115913,0.16405232,0.7015922,0.5766667,0.19187135,0.6657879","-0.025808632,0.027962089,0.16577673","0.08491697,0.15616824,0.26044354,0.5804006,0.1646187,0.6720638,0.5766667,0.19187135,0.6657879",0.0
"0.08491697,0.15616824,0.26044354,0.5804006,0.1646187,0.6720638,0.5766667,0.19187135,0.6657879","0.082727075,-0.015340865,0.033934593","0.09281681,0.15405896,0.26408917,0.5753626,0.17873856,0.6701719,0.5766667,0.19187135,0.6657879",0.0
"0.0,0.0,0.0,2.8652207e-07,0.005789075,0.993462,0.044327486,-0.021345029,0.8480616","0.26155066,-0.5193671,0.93479073","0.024976177,-0.07141032,0.10042519,-0.014939274,0.004632363,0.9824345,0.044327486,-0.021345029,0.8480616",0.0
"0.024976177,-0.07141032,0.10042519,-0.014939274,0.004632363,0.9824345,0.044327486,-0.021345029,0.8480616","-0.058279157,-0.37764084,0.8465005","0.019410925,-0.12333401,0.19136533,-0.0006384756,0.005760859,0.9540254,0.044327486,-0.021345029,0.8480616",0.0
"0.019410925,-0.12333401,0.19136533,-0.0006384756,0.005760859,0.9540254,0.044327486,-0.021345029,0.8480616","0.18235707,-0.5127012,0.85267365","0.03682469,-0.19382782,0.28296867,-0.023783833,0.003064219,0.90751123,0.044327486,-0.021345029,0.8480616",0.0
"0.03682469,-0.19382782,0.28296867,-0.023783833,0.003064219,0.90751123,0.044327486,-0.021345029,0.8480616","-0.5690946,-0.11707848,0.5374769","-0.01751973,-0.20992556,0.34071022,0.018593097,0.0047734976,0.86984736,0.044327486,-0.021345029,0.8480616",0.0
"-0.01751973,-0.20992556,0.34071022,0.018593097,0.0047734976,0.86984736,0.044327486,-0.021345029,0.8480616","-0.7056745,-0.07772577,0.29166162","-0.08490654,-0.22061248,0.37204373,0.0360445,-0.003847898,0.8460235,0.044327486,-0.021345029,0.8480616",0.0
"-0.08490654,-0.22061248,0.37204373,0.0360445,-0.003847898,0.8460235,0.044327486,-0.021345029,0.8480616","-0.6256863,0.026348114,0.004450083","-0.14465505,-0.2169898,0.37252188,0.041322425,-0.013745066,0.845277,0.044327486,-0.021345029,0.8480616",0.0
"0.0,0.0,0.0,2.8652207e-07,0.005789075,0.993462,0.56701756,-0.44865495,0.53209","-0.986638,0.9343698,0.8689792","-0.09421676,0.12847103,0.093354985,0.37875393,-0.10944821,0.8920728,0.56701756,-0.44865495,0.53209",0.0
"-0.09421676,0.12847103,0.093354985,0.37875393,-0.10944821,0.8920728,0.56701756,-0.44865495,0.53209","-0.9321391,0.84256876,0.668869","-0.18322928,0.24431993,0.165212,0.56547236,-0.36005864,0.66245776,0.56701756,-0.44865495,0.53209",0.0
"-0.18322928,0.24431993,0.165212,0.56547236,-0.36005864,0.66245776,0.56701756,-0.44865495,0.53209","-0.20805144,0.2280457,0.7809855","-0.20309667,0.2756751,0.24911378,0.6147485,-0.4486379,0.48858488,0.56701756,-0.44865495,0.53209",0.0
"-0.20309667,0.2756751,0.24911378,0.6147485,-0.4486379,0.48858488,0.56701756,-0.44865495,0.53209","-0.07049191,-0.13738233,-0.025533617","-0.20982814,0.25678575,0.2463707,0.58599365,-0.44671428,0.5271917,0.56701756,-0.44865495,0.53209",0.0
"-0.20982814,0.25678575,0.2463707,0.58599365,-0.44671428,0.5271917,0.56701756,-0.44865495,0.53209","0.022495985,-0.07591969,0.04174173","-0.20767994,0.2463472,0.25085506,0.5800549,-0.43591845,0.53918284,0.56701756,-0.44865495,0.53209",0.0
"-0.20767994,0.2463472,0.25085506,0.5800549,-0.43591845,0.53918284,0.56701756,-0.44865495,0.53209","0.14493752,0.02374506,0.06261158","-0.19383946,0.24961206,0.25758147,0.6042704,-0.4143484,0.5234089,0.56701756,-0.44865495,0.53209",0.0
"-0.19383946,0.24961206,0.25758147,0.6042704,-0.4143484,0.5234089,0.56701756,-0.44865495,0.53209","0.029627323,0.107064486,-0.06477177","-0.19101027,0.2643329,0.25062302,0.6205718,-0.41761184,0.5071996,0.56701756,-0.44865495,0.53209",0.0
"-0.19101027,0.2643329,0.25062302,0.6205718,-0.41761184,0.5071996,0.56701756,-0.44865495,0.53209","-0.048588574,0.008575559,-0.041977227","-0.19565012,0.26551202,0.24611342,0.61408234,-0.4263753,0.51177543,0.56701756,-0.44865495,0.53209",0.0
"-0.19565012,0.26551202,0.24611342,0.61408234,-0.4263753,0.51177543,0.56701756,-0.44865495,0.53209","0.1182363,-0.06213355,-0.011799991","-0.1843594,0.256969,0.24484576,0.619449,-0.39820302,0.52911854,0.56701756,-0.44865495,0.53209",0.0
"-0.1843594,0.256969,0.24484576,0.619449,-0.39820302,0.52911854,0.56701756,-0.44865495,0.53209","-0.11890501,0.0790894,0.04876387","-0.19571398,0.26784343,0.25008452,0.6176401,-0.42907143,0.5015822,0.56701756,-0.44865495,0.53209",0.0
"-0.19571398,0.26784343,0.25008452,0.6176401,-0.42907143,0.5015822,0.56701756,-0.44865495,0.53209","-0.1312604,-0.06470281,-0.05579114","-0.20824839,0.25894713,0.24409087,0.5895594,-0.4448406,0.52667695,0.56701756,-0.44865495,0.53209",0.0
"-0.20824839,0.25894713,0.24409087,0.5895594,-0.4448406,0.52667695,0.56701756,-0.44865495,0.53209","0.106607914,-0.086211085,0.08645427","-0.19806811,0.24709359,0.25337875,0.59465015,-0.41942495,0.5341312,0.56701756,-0.44865495,0.53209",0.0
"-0.19806811,0.24709359,0.25337875,0.59465015,-0.41942495,0.5341312,0.56701756,-0.44865495,0.53209","0.026821852,0.046628714,0.04250443","-0.19550683,0.2535048,0.25794503,0.6061739,-0.4203866,0.5158866,0.56701756,-0.44865495,0.53209",0.0
"-0.19550683,0.2535048,0.25794503,0.6061739,-0.4203866,0.5158866,0.56701756,-0.44865495,0.53209","0.027957559,-0.028461456,-0.036654472","-0.19283707,0.24959154,0.25400725,0.604292,-0.41155684,0.5287557,0.56701756,-0.44865495,0.53209",0.0
"-0.19283707,0.24959154,0.25400725,0.604292,-0.41155684,0.5287557,0.56701756,-0.44865495,0.53209","-0.05999428,0.015689373,-0.03310126","-0.1985661,0.25174877,0.25045118,0.5977342,-0.42304695,0.530175,0.56701756,-0.44865495,0.53209",0.0
"-0.1985661,0.25174877,0.25045118,0.5977342,-0.42304695,0.530175,0.56701756,-0.44865495,0.53209","0.13344193,0.019265413,0.045032978","-0.18582337,0.2543977,0.2552891,0.61868906,-0.40175977,0.5182404,0.56701756,-0.44865495,0.53209",0.0
"-0.18582337,0.2543977,0.2552891,0.61868906,-0.40175977,0.5182404,0.56701756,-0.44865495,0.53209","-0.20177805,0.06298196,0.0056579113","-0.2050917,0.26305744,0.25589696,0.60193115,-0.44497406,0.5016345,0.56701756,-0.44865495,0.53209",0.0
"-0.2050917,0.26305744,0.25589696,0.60193115,-0.44497406,0.5016345,0.56701756,-0.44865495,0.53209","-0.041856885,-0.09370297,-0.02361238","-0.20908873,0.25017378,0.2533603,0.5828602,-0.44213682,0.5286762,0.56701756,-0.44865495,0.53209",0.0
"0.0,0.0,0.0,2.8652207e-07,0.005789075,0.993462,-0.11140351,0.41631576,0.47972226","0.9772177,0.98047924,0.95679104","0.0933172,0.13481085,0.102788664,0.39827272,0.12627102,0.8779588,-0.11140351,0.41631576,0.47972226",0.0
"0.0933172,0.13481085,0.102788664,0.39827272,0.12627102,0.8779588,-0.11140351,0.41631576,0.47972226","0.98039126,-0.85130155,0.8569236","0.18693745,0.017761268,0.19484854,0.24182822,0.16792163,0.90075266,-0.11140351,0.41631576,0.47972226",0.0
"0.18693745,0.017761268,0.19484854,0.24182822,0.16792163,0.90075266,-0.11140351,0.41631576,0.47972226","0.83218646,-0.5913475,0.93102276","0.26640522,-0.063545994,0.29486895,0.16176479,0.18800594,0.8621459,-0.11140351,0.41631576,0.47972226",0.0
"0.26640522,-0.063545994,0.29486895,0.16176479,0.18800594,0.8621459,-0.11140351,0.41631576,0.47972226","0.8627486,0.20932949,0.87764597","0.34879145,-0.034764282,0.38915503,0.17148694,0.34608585,0.72978365,-0.11140351,0.41631576,0.47972226",0.0
"0.34879145,-0.034764282,0.38915503,0.17148694,0.34608585,0.72978365,-0.11140351,0.41631576,0.47972226","0.97505975,-0.40030992,0.2107656","0.44190258,-0.08980485,0.41179782,0.05087434,0.30753392,0.74723786,-0.11140351,0.41631576,0.47972226",0.0
"0.44190258,-0.08980485,0.41179782,0.05087434,0.30753392,0.74723786,-0.11140351,0.41631576,0.47972226","0.91788554,0.00020205975,0.9347899","0.529554,-0.08977708,0.5122229,-0.04060872,0.37365702,0.6083769,-0.11140351,0.41631576,0.47972226",0.0
"0.529554,-0.08977708,0.5122229,-0.04060872,0.37365702,0.6083769,-0.11140351,0.41631576,0.47972226","0.63036895,-0.03673482,0.6163218","0.58974963,-0.09482795,0.5784348,-0.114604205,0.37481824,0.5130903,-0.11140351,0.41631576,0.47972226",0.0
"0.58974963,-0.09482795,0.5784348,-0.114604205,0.37481824,0.5130903,-0.11140351,0.41631576,0.47972226","0.11549282,0.23465705,0.071218014","0.60077834,-0.06256382,0.58608586,-0.13984922,0.40825638,0.4688059,-0.11140351,0.41631576,0.47972226",0.0
"0.60077834,-0.06256382,0.58608586,-0.13984922,0.40825638,0.4688059,-0.11140351,0.41631576,0.47972226","-0.2337743,0.042014003,-0.1364392","0.5784546,-0.056787122,0.5714281,-0.11211097,0.42187786,0.48548722,-0.11140351,0.41631576,0.47972226",0.0
"0.0,0.0,0.0,2.8652207e-07,0.005789075,0.993462,0.0053216377,-0.0025730995,0.23331277","-0.7925918,-0.51725346,0.8572538","-0.07568678,-0.0711197,0.092095345,-0.023381317,0.011623415,0.98391885,0.0053216377,-0.0025730995,0.23331277",0.0
"-0.07568678,-0.0711197,0.092095345,-0.023381317,0.011623415,0.98391885,0.0053216377,-0.0025730995,0.23331277","-0.87438023,-0.7977958,0.97798944","-0.15918377,-0.18081255,0.19716142,-0.09570067,0.058889985,0.9442322,0.0053216377,-0.0025730995,0.23331277",0.0
"-0.15918377,-0.18081255,0.19716142,-0.09570067,0.058889985,0.9442322,0.0053216377,-0.0025730995,0.23331277","-0.60194767,-0.7613764,0.9598094","-0.2166654,-0.28549793,0.30027443,-0.13728032,0.11861608,0.8767589,0.0053216377,-0.0025730995,0.23331277",0.0
"-0.2166654,-0.28549793,0.30027443,-0.13728032,0.11861608,0.8767589,0.0053216377,-0.0025730995,0.23331277","-0.82836735,-0.29955316,0.9685025","-0.29576847,-0.326685,0.4043213,-0.06776267,0.10038008,0.8112273,0.0053216377,-0.0025730995,0.23331277",0.0
"-0.29576847,-0.326685,0.4043213,-0.06776267,0.10038008,0.8112273,0.0053216377,-0.0025730995,0.23331277","-0.41545284,-0.05630678,0.98401666","-0.3354412,-0.33442694,0.5100349,0.0003941292,0.011020027,0.7232955,0.0053216377,-0.0025730995,0.23331277",0.0
"-0.3354412,-0.33442694,0.5100349,0.0003941292,0.011020027,0.7232955,0.0053216377,-0.0025730995,0.23331277","-0.68281895,-0.62186086,0.67022514","-0.40064543,-0.41992965,0.58203775,-0.014895302,0.06501402,0.6426065,0.0053216377,-0.0025730995,0.23331277",0.0
"-0.40064543,-0.41992965,0.58203775,-0.014895302,0.06501402,0.6426065,0.0053216377,-0.0025730995,0.23331277","-0.88000214,-0.53394413,0.974071","-0.48467925,-0.49334425,0.6866828,0.0027859895,0.06249304,0.5167856,0.0053216377,-0.0025730995,0.23331277",0.0
"-0.48467925,-0.49334425,0.6866828,0.0027859895,0.06249304,0.5167856,0.0053216377,-0.0025730995,0.23331277","-0.63607824,-0.30224353,0.9360049","-0.5454201,-0.53490126,0.78723854,0.009350535,0.02437368,0.38621682,0.0053216377,-0.0025730995,0.23331277",0.0
"-0.5454201,-0.53490126,0.78723854,0.009350535,0.02437368,0.38621682,0.0053216377,-0.0025730995,0.23331277","-0.40885866,-0.49936604,0.81046367","-0.5844632,-0.6035616,0.87430716,0.012737207,0.024792917,0.26201826,0.0053216377,-0.0025730995,0.23331277",0.0
"-0.5844632,-0.6035616,0.87430716,0.012737207,0.024792917,0.26201826,0.0053216377,-0.0025730995,0.23331277","-0.698652,0.12283826,0.14436829","-0.6511794,-0.58667195,0.8898168,0.008138498,0.0031671503,0.24047193,0.0053216377,-0.0025730995,0.23331277",0.0
"0.0,0.0,0.0,2.8652207e-07,0.005789075,0.993462,0.40567252,-0.14538011,0.47972226","-0.69867593,0.04949808,0.97548497","-0.06671848,0.006805723,0.10479698,0.15640542,-0.027352989,0.967182,0.40567252,-0.14538011,0.47972226",0.0
"-0.06671848,0.006805723,0.10479698,0.15640542,-0.027352989,0.967182,0.40567252,-0.14538011,0.47972226","-0.2734955,0.6442846,0.9593947","-0.092835315,0.095391534,0.2078654,0.43916667,-0.12579857,0.8165505,0.40567252,-0.14538011,0.47972226",0.0
"-0.092835315,0.095391534,0.2078654,0.43916667,-0.12579857,0.8165505,0.40567252,-0.14538011,0.47972226","-0.11351079,0.034005165,0.8896744","-0.10367477,0.100067064,0.3034437,0.517821,-0.16877449,0.6918504,0.40567252,-0.14538011,0.47972226",0.0
"-0.10367477,0.100067064,0.3034437,0.517821,-0.16877449,0.6918504,0.40567252,-0.14538011,0.47972226","0.041621566,-0.18963468,0.83984494","-0.09970022,0.07399327,0.39366883,0.53034765,-0.1656833,0.59783465,0.40567252,-0.14538011,0.47972226",0.0
"-0.09970022,0.07399327,0.39366883,0.53034765,-0.1656833,0.59783465,0.40567252,-0.14538011,0.47972226","-0.08386767,-0.5598799,0.88791347","-0.107708976,-0.0029873273,0.48905793,0.46000925,-0.15574606,0.5518798,0.40567252,-0.14538011,0.47972226",0.0
"-0.107708976,-0.0029873273,0.48905793,0.46000925,-0.15574606,0.5518798,0.40567252,-0.14538011,0.47972226","-0.17767113,-0.4556865,0.46075332","-0.12467528,-0.06564189,0.538557,0.3889913,-0.1543976,0.54540414,0.40567252,-0.14538011,0.47972226",0.0
"-0.12467528,-0.06564189,0.538557,0.3889913,-0.1543976,0.54540414,0.40567252,-0.14538011,0.47972226","0.113214135,0.05782962,0.36960626","-0.113864146,-0.057690617,0.5782641,0.4106981,-0.14733702,0.47582176,0.40567252,-0.14538011,0.47972226",0.0
"0.0,0.0,0.0,2.8652207e-07,0.005789075,0.993462,-0.06614035,-0.06327485,0.51554936","0.5263562,-0.2869556,0.83508027","0.05026319,-0.03945493,0.089713216,0.037961677,0.011906824,0.983876,-0.06614035,-0.06327485,0.51554936",0.0
"0.05026319,-0.03945493,0.089713216,0.037961677,0.011906824,0.983876,-0.06614035,-0.06327485,0.51554936","0.9817368,-0.6217662,0.9830706","0.1440119,-0.1249446,0.19532515,-0.0010223243,0.005939651,0.9523847,-0.06614035,-0.06327485,0.51554936",0.0
"0.1440119,-0.1249446,0.19532515,-0.0010223243,0.005939651,0.9523847,-0.06614035,-0.06327485,0.51554936","0.55278003,-0.76363665,0.46331954","0.19679837,-0.22994076,0.24509993,-0.12297289,-0.08036494,0.9160738,-0.06614035,-0.06327485,0.51554936",0.0
"0.19679837,-0.22994076,0.24509993,-0.12297289,-0.08036494,0.9160738,-0.06614035,-0.06327485,0.51554936","0.5791452,-0.6411884,0.9448054","0.25210252,-0.3181009,0.34660104,-0.13117933,-0.12468272,0.8448311,-0.06614035,-0.06327485,0.51554936",0.0
"0.25210252,-0.3181009,0.34660104,-0.13117933,-0.12468272,0.8448311,-0.06614035,-0.06327485,0.51554936","-0.4943025,-0.3239857,0.8621073","0.20490022,-0.36264732,0.43921784,-0.1159679,-0.0797772,0.7772406,-0.06614035,-0.06327485,0.51554936",0.0
"0.20490022,-0.36264732,0.43921784,-0.1159679,-0.0797772,0.7772406,-0.06614035,-0.06327485,0.51554936","0.29754508,-0.37223732,0.9849553","0.23331362,-0.4138281,0.54503226,-0.07658819,-0.061162315,0.6794161,-0.06614035,-0.06327485,0.51554936",0.0
"0.23331362,-0.4138281,0.54503226,-0.07658819,-0.061162315,0.6794161,-0.06614035,-0.06327485,0.51554936","-0.18968773,-0.6385251,0.82426214","0.2151998,-0.5016221,0.6335833,-0.10251754,-0.07481622,0.571806,-0.06614035,-0.06327485,0.51554936",0.0
"0.2151998,-0.5016221,0.6335833,-0.10251754,-0.07481622,0.571806,-0.06614035,-0.06327485,0.51554936","0.19566798,-0.058367014,0.4493003","0.23388468,-0.50964725,0.6818519,-0.06854103,-0.054127652,0.5193108,-0.06614035,-0.06327485,0.51554936",0.0
"0.0,0.0,0.0,2.8652207e-07,0.005789075,0.993462,0.71643275,-0.0057894737,0.42493555","-0.40179133,0.8934214,0.9465716","-0.03836815,0.122840844,0.101690784,0.39090458,-0.04151667,0.8907166,0.71643275,-0.0057894737,0.42493555",0.0
"-0.03836815,0.122840844,0.101690784,0.39090458,-0.04151667,0.8907166,0.71643275,-0.0057894737,0.42493555","0.34480762,0.84623814,0.8697345","-0.0054415227,0.23919427,0.19512694,0.684174,-0.0059068594,0.6308899,0.71643275,-0.0057894737,0.42493555",0.0
"-0.0054415227,0.23919427,0.19512694,0.684174,-0.0059068594,0.6308899,0.71643275,-0.0057894737,0.42493555","0.30798244,0.094325185,0.9537207","0.023968566,0.25216353,0.29758576,0.746851,0.06214987,0.4582973,0.71643275,-0.0057894737,0.42493555",0.0
"0.023968566,0.25216353,0.29758576,0.746851,0.06214987,0.4582973,0.71643275,-0.0057894737,0.42493555","-0.37430358,-0.22598213,0.38661957","-0.011774707,0.22109215,0.33912054,0.7239693,-0.0209993,0.4502157,0.71643275,-0.0057894737,0.42493555",0.0
"-0.011774707,0.22109215,0.33912054,0.7239693,-0.0209993,0.4502157,0.71643275,-0.0057894737,0.42493555","0.14653134,-0.15871346,0.17616844","0.002217976,0.19926988,0.35804644,0.70345974,0.010691103,0.45895985,0.71643275,-0.0057894737,0.42493555",0.0
"0.002217976,0.19926988,0.35804644,0.70345974,0.010691103,0.45895985,0.71643275,-0.0057894737,0.42493555","-0.014904857,-0.043513,0.1119467","0.00079467293,0.19328707,0.37007302,0.6989217,0.007534195,0.4505699,0.71643275,-0.0057894737,0.42493555",0.0
"0.00079467293,0.19328707,0.37007302,0.6989217,0.007534195,0.4505699,0.71643275,-0.0057894737,0.42493555","-0.1003741,0.031062365,0.05145359","-0.0087903235,0.19755802,0.37560076,0.70429784,-0.013662857,0.434677,0.71643275,-0.0057894737,0.42493555",0.0
"0.0,0.0,0.0,2.8652207e-07,0.005789075,0.993462,-0.15894738,0.04842105,0.3483126","0.31696975,-0.8693157,0.88173044","0.030268297,-0.119526446,0.094724886,-0.1255365,-0.0061581023,0.9747775,-0.15894738,0.04842105,0.3483126",0.0
"0.030268297,-0.119526446,0.094724886,-0.1255365,-0.0061581023,0.9747775,-0.15894738,0.04842105,0.3483126","-0.947775,-0.91810894,0.9534023","-0.060237348,-0.24576177,0.19714954,-0.23983581,0.051830906,0.9158651,-0.15894738,0.04842105,0.3483126",0.0
"-0.060237348,-0.24576177,0.19714954,-0.23983581,0.051830906,0.9158651,-0.15894738,0.04842105,0.3483126","0.20154905,0.40025067,0.9800947","-0.04099089,-0.1907294,0.30244178,0.0086352825,0.0047193547,0.89579374,-0.15894738,0.04842105,0.3483126",0.0
"-0.04099089,-0.1907294,0.30244178,0.0086352825,0.0047193547,0.89579374,-0.15894738,0.04842105,0.3483126","0.12538195,-0.9514463,0.78453493","-0.029017832,-0.3215484,0.38672492,-0.13316546,0.017986672,0.8234534,-0.15894738,0.04842105,0.3483126",0.0
"-0.029017832,-0.3215484,0.38672492,-0.13316546,0.017986672,0.8234534,-0.15894738,0.04842105,0.3483126","-0.19784397,-0.93807775,0.97745466","-0.0479105,-0.45052934,0.49173355,-0.21768495,0.038870156,0.7053524,-0.15894738,0.04842105,0.3483126",0.0
"-0.0479105,-0.45052934,0.49173355,-0.21768495,0.038870156,0.7053524,-0.15894738,0.04842105,0.3483126","-0.58616877,-0.8139256,0.9538369","-0.10388536,-0.56244,0.5942049,-0.24050151,0.08751421,0.5757459,-0.15894738,0.04842105,0.3483126",0.0
"-0.10388536,-0.56244,0.5942049,-0.24050151,0.08751421,0.5757459,-0.15894738,0.04842105,0.3483126","0.27160668,-0.5156604,0.90464795","-0.07794889,-0.63334066,0.6913918,-0.21641566,0.060049534,0.462668,-0.15894738,0.04842105,0.3483126",0.0
"-0.07794889,-0.63334066,0.6913918,-0.21641566,0.060049534,0.462668,-0.15894738,0.04842105,0.3483126","-0.078324854,-0.1770767,0.804976","-0.08542834,-0.65768784,0.777871,-0.14646599,0.046284817,0.37066728,-0.15894738,0.04842105,0.3483126",0.0
"-0.08542834,-0.65768784,0.777871,-0.14646599,0.046284817,0.37066728,-0.15894738,0.04842105,0.3483126","-0.122959495,-0.19288284,0.14741421","-0.097170085,-0.68420833,0.79370785,-0.1524133,0.054098293,0.3439738,-0.15894738,0.04842105,0.3483126",0.0
"0.0,0.0,0.0,2.8652207e-07,0.005789075,0.993462,-0.0036842106,0.008596491,0.64963955","0.9048376,-0.95100695,0.81373405","0.08640542,-0.13075857,0.087419994,-0.15536822,-0.03723311,0.9706566,-0.0036842106,0.008596491,0.64963955",0.0
"0.08640542,-0.13075857,0.087419994,-0.15536822,-0.03723311,0.9706566,-0.0036842106,0.008596491,0.64963955","-0.8554782,-0.5438349,0.9938483","0.0047134454,-0.20553312,0.1941898,-0.16747536,0.003309489,0.93637747,-0.0036842106,0.008596491,0.64963955",0.0
"0.0047134454,-0.20553312,0.1941898,-0.16747536,0.003309489,0.93637747,-0.0036842106,0.008596491,0.64963955","0.5334219,-0.11870855,0.96335924","0.05565135,-0.22185497,0.29768416,-0.059922405,-0.0047057997,0.89663386,-0.0036842106,0.008596491,0.64963955",0.0
"0.05565135,-0.22185497,0.29768416,-0.059922405,-0.0047057997,0.89663386,-0.0036842106,0.008596491,0.64963955","-0.7209246,-0.20145822,0.7869781","-0.013191729,-0.24955446,0.3822298,-0.0060357023,0.0060442965,0.8388837,-0.0036842106,0.008596491,0.64963955",0.0
"-0.013191729,-0.24955446,0.3822298,-0.0060357023,0.0060442965,0.8388837,-0.0036842106,0.008596491,0.64963955","0.50736904,-0.5106009,0.8915701","0.035258323,-0.31975952,0.47801185,-0.020522624,0.0035421757,0.75469387,-0.0036842106,0.008596491,0.64963955",0.0
"0.035258323,-0.31975952,0.47801185,-0.020522624,0.0035421757,0.75469387,-0.0036842106,0.008596491,0.64963955","-0.7479694,-0.27976942,0.67056036","-0.03616733,-0.35822642,0.5500506,-0.004973755,0.0063943844,0.68146825,-0.0036842106,0.008596491,0.64963955",0.0
"-0.03616733,-0.35822642,0.5500506,-0.004973755,0.0063943844,0.68146825,-0.0036842106,0.008596491,0.64963955","0.75373197,-0.12297362,0.26308882","0.035808593,-0.37513474,0.5783145,-0.0039870236,0.0053756568,0.65040135,-0.0036842106,0.008596491,0.64963955",0.0
"0.0,0.0,0.0,2.8652207e-07,0.005789075,0.993462,-0.12847954,0.07608187,0.6313337","-0.50974435,-0.97979486,0.94088054","-0.0486769,-0.13471676,0.101079434,-0.14638354,0.028419003,0.9697299,-0.12847954,0.07608187,0.6313337",0.0
"-0.0486769,-0.13471676,0.101079434,-0.14638354,0.028419003,0.9697299,-0.12847954,0.07608187,0.6313337","-0.68505657,-0.755281,0.96102333","-0.11409484,-0.23856407,0.20432283,-0.20468411,0.0828615,0.9195962,-0.12847954,0.07608187,0.6313337",0.0
"-0.11409484,-0.23856407,0.20432283,-0.20468411,0.0828615,0.9195962,-0.12847954,0.07608187,0.6313337","-0.5649594,-0.24775809,0.8665812","-0.16804436,-0.2726296,0.29742026,-0.13543445,0.08567841,0.8831157,-0.12847954,0.07608187,0.6313337",0.0
"-0.16804436,-0.2726296,0.29742026,-0.13543445,0.08567841,0.8831157,-0.12847954,0.07608187,0.6313337","0.11408043,-0.88499916,0.87138855","-0.15715052,-0.39431247,0.3910342,-0.22605705,0.12822808,0.78638065,-0.12847954,0.07608187,0.6313337",0.0
"-0.15715052,-0.39431247,0.3910342,-0.22605705,0.12822808,0.78638065,-0.12847954,0.07608187,0.6313337","0.12059045,-0.30759633,0.9650446","-0.14563501,-0.43660542,0.49470958,-0.17220154,0.091240086,0.710565,-0.12847954,0.07608187,0.6313337",0.0
"-0.14563501,-0.43660542,0.49470958,-0.17220154,0.091240086,0.710565,-0.12847954,0.07608187,0.6313337","-0.15500748,-0.18330538,0.5967423","-0.1604371,-0.46180904,0.55881804,-0.13316326,0.08005702,0.6526749,-0.12847954,0.07608187,0.6313337",0.0
"-0.1604371,-0.46180904,0.55881804,-0.13316326,0.08005702,0.6526749,-0.12847954,0.07608187,0.6313337","-0.07294381,-0.05844575,0.14419866","-0.16740271,-0.46984512,0.5743095,-0.12593332,0.07979033,0.6367311,-0.12847954,0.07608187,0.6313337",0.0
"0.0,0.0,0.0,2.8652207e-07,0.005789075,0.993462,0.5689474,0.43549708,0.42493555","0.9619324,0.9417645,0.9892591","0.091857575,0.12948778,0.10627673,0.39282167,0.12265431,0.88035744,0.5689474,0.43549708,0.42493555",0.0
"0.091857575,0.12948778,0.10627673,0.39282167,0.12265431,0.88035744,0.5689474,0.43549708,0.42493555","0.7312944,0.88457215,0.54189336","0.16169088,0.25111192,0.16449267,0.59139746,0.33585316,0.65221626,0.5689474,0.43549708,0.42493555",0.0
"0.16169088,0.25111192,0.16449267,0.59139746,0.33585316,0.65221626,0.5689474,0.43549708,0.42493555","0.5174718,0.15920115,0.92911494","0.21110569,0.27300128,0.2643081,0.59790385,0.4744647,0.47060913,0.5689474,0.43549708,0.42493555",0.0
"0.21110569,0.27300128,0.2643081,0.59790385,0.4744647,0.47060913,0.5689474,0.43549708,0.42493555","-0.2552092,-0.37955892,0.46983933","0.18673506,0.22081392,0.31478325,0.5947415,0.4022819,0.48810267,0.5689474,0.43549708,0.42493555",0.0
"0.18673506,0.22081392,0.31478325,0.5947415,0.4022819,0.48810267,0.5689474,0.43549708,0.42493555","0.12064183,-0.06860268,0.43101466","0.19825548,0.21138142,0.36108744,0.5792765,0.42316628,0.43325597,0.5689474,0.43549708,0.42493555",0.0
"0.19825548,0.21138142,0.36108744,0.5792765,0.42316628,0.43325597,0.5689474,0.43549708,0.42493555","0.019736886,0.031858563,-0.006803274","0.20014021,0.21576183,0.3603566,0.580469,0.42928535,0.42670205,0.5689474,0.43549708,0.42493555",0.0
"0.0,0.0,0.0,2.8652207e-07,0.005789075,0.993462,-0.52087724,-0.55725145,0.5901456","0.007478118,-0.8216224,0.24217331","0.0007140958,-0.11296886,0.026016856,-0.20706472,0.00532454,0.9683403,-0.52087724,-0.55725145,0.5901456",0.0
"0.0007140958,-0.11296886,0.026016856,-0.20706472,0.00532454,0.9683403,-0.52087724,-0.55725145,0.5901456","0.39670777,-0.7680695,0.72862875","0.038596798,-0.2185745,0.10429394,-0.31749007,-0.032855388,0.9222127,-0.52087724,-0.55725145,0.5901456",0.0
"0.038596798,-0.2185745,0.10429394,-0.31749007,-0.032855388,0.9222127,-0.52087724,-0.55725145,0.5901456","0.8207598,-0.8740695,-0.56487226","0.11697341,-0.3387546,0.043609414,-0.58285075,-0.21817723,0.746126,-0.52087724,-0.55725145,0.5901456",0.0
"0.11697341,-0.3387546,0.043609414,-0.58285075,-0.21817723,0.746126,-0.52087724,-0.55725145,0.5901456","0.9666861,-0.5421729,0.5315311","0.20928492,-0.41330063,0.100712195,-0.54048496,-0.40998915,0.67943746,-0.52087724,-0.55725145,0.5901456",0.0
"0.20928492,-0.41330063,0.100712195,-0.54048496,-0.40998915,0.67943746,-0.52087724,-0.55725145,0.5901456","0.93063426,-0.41711974,-0.35993493","0.29815373,-0.47065252,0.06204422,-0.4784556,-0.64080024,0.53528386,-0.52087724,-0.55725145,0.5901456",0.0
"0.29815373,-0.47065252,0.06204422,-0.4784556,-0.64080024,0.53528386,-0.52087724,-0.55725145,0.5901456","-0.328395,0.07696676,0.22629869","0.2667944,-0.46007004,0.086355686,-0.5141291,-0.5628057,0.58287936,-0.52087724,-0.55725145,0.5901456",0.0
"0.0,0.0,0.0,2.8652207e-07,0.005789075,0.993462,-0.39526317,-0.42081872,0.47593033","0.27520657,-0.97206604,0.9613875","0.026280215,-0.13365409,0.10328251,-0.14366028,-0.0060788537,0.97013485,-0.39526317,-0.42081872,0.47593033",0.0
"0.026280215,-0.13365409,0.10328251,-0.14366028,-0.0060788537,0.97013485,-0.39526317,-0.42081872,0.47593033","-0.110095024,-0.94671714,0.8732302","0.015766932,-0.26382288,0.19709423,-0.28156444,-0.008161958,0.904256,-0.39526317,-0.42081872,0.47593033",0.0
"0.015766932,-0.26382288,0.19709423,-0.28156444,-0.008161958,0.904256,-0.39526317,-0.42081872,0.47593033","0.8637217,-0.8120928,0.9035655","0.098246075,-0.37548152,0.29416493,-0.34470117,-0.10382811,0.8182036,-0.39526317,-0.42081872,0.47593033",0.0
"0.098246075,-0.37548152,0.29416493,-0.34470117,-0.10382811,0.8182036,-0.39526317,-0.42081872,0.47593033","0.96735156,-0.73454773,0.6866292","0.19062112,-0.4764781,0.36793,-0.3602172,-0.23882402,0.7208127,-0.39526317,-0.42081872,0.47593033",0.0
"0.19062112,-0.4764781,0.36793,-0.3602172,-0.23882402,0.7208127,-0.39526317,-0.42081872,0.47593033","0.7733494,-0.89597094,0.21340346","0.26447037,-0.5996696,0.3908561,-0.39861682,-0.42802805,0.57120657,-0.39526317,-0.42081872,0.47593033",0.0
"0.26447037,-0.5996696,0.3908561,-0.39861682,-0.42802805,0.57120657,-0.39526317,-0.42081872,0.47593033","0.124678016,-0.7298491,0.37848687","0.27637622,-0.7000201,0.43151718,-0.42576835,-0.49393958,0.43620652,-0.39526317,-0.42081872,0.47593033",0.0
"0.27637622,-0.7000201,0.43151718,-0.42576835,-0.49393958,0.43620652,-0.39526317,-0.42081872,0.47593033","-0.58397293,0.32001448,0.3659253","0.22061105,-0.65601975,0.4708288,-0.42489493,-0.34535527,0.51400054,-0.39526317,-0.42081872,0.47593033",0.0
"0.22061105,-0.65601975,0.4708288,-0.42489493,-0.34535527,0.51400054,-0.39526317,-0.42081872,0.47593033","0.5039058,-0.25550878,0.33629322","0.2687304,-0.69115096,0.50695705,-0.36257294,-0.3992535,0.47329342,-0.39526317,-0.42081872,0.47593033",0.0
"0.2687304,-0.69115096,0.50695705,-0.36257294,-0.3992535,0.47329342,-0.39526317,-0.42081872,0.47593033","0.22308421,-0.08258873,-0.17762607","0.2900333,-0.70250654,0.4878746,-0.35914692,-0.4536645,0.45390832,-0.39526317,-0.42081872,0.47593033",0.0
"0.2900333,-0.70250654,0.4878746,-0.35914692,-0.4536645,0.45390832,-0.39526317,-0.42081872,0.47593033","-0.27085567,0.18511748,-0.19393164","0.2641686,-0.6770539,0.46704045,-0.39444655,-0.42264724,0.48426563,-0.39526317,-0.42081872,0.47593033",0.0
"0.0,0.0,0.0,2.8652207e-07,0.005789075,0.993462,-0.24111111,-0.5353216,0.5930222","-0.9600169,0.06829381,0.77246475","-0.09167465,0.00939004,0.08298639,0.1309921,-0.03276737,0.9756595,-0.24111111,-0.5353216,0.5930222",0.0
"-0.09167465,0.00939004,0.08298639,0.1309921,-0.03276737,0.9756595,-0.24111111,-0.5353216,0.5930222","-0.7783537,-0.2404561,0.66884565","-0.16600178,-0.02367145,0.15484093,0.14187072,-0.07483804,0.95269585,-0.24111111,-0.5353216,0.5930222",0.0
"-0.16600178,-0.02367145,0.15484093,0.14187072,-0.07483804,0.95269585,-0.24111111,-0.5353216,0.5930222","-0.8874262,0.10366368,0.791939","-0.25074455,-0.009418243,0.23991948,0.21024318,-0.20302324,0.8795544,-0.24111111,-0.5353216,0.5930222",0.0
"-0.25074455,-0.009418243,0.23991948,0.21024318,-0.20302324,0.8795544,-0.24111111,-0.5353216,0.5930222","-0.9670367,0.14736295,0.40492737","-0.34308955,0.0108433915,0.28342113,0.18283871,-0.3281351,0.81766796,-0.24111111,-0.5353216,0.5930222",0.0
"-0.34308955,0.0108433915,0.28342113,0.18283871,-0.3281351,0.81766796,-0.24111111,-0.5353216,0.5930222","-0.9738124,0.07198155,0.32216132","-0.43608156,0.020740476,0.31803116,0.09027529,-0.4144879,0.76658773,-0.24111111,-0.5353216,0.5930222",0.0
"-0.43608156,0.020740476,0.31803116,0.09027529,-0.4144879,0.76658773,-0.24111111,-0.5353216,0.5930222","-0.9120147,-0.013058901,-0.17698574","-0.5231723,0.018944932,0.29901752,-0.023657305,-0.4039713,0.79173803,-0.24111111,-0.5353216,0.5930222",0.0
"-0.5231723,0.018944932,0.29901752,-0.023657305,-0.4039713,0.79173803,-0.24111111,-0.5353216,0.5930222","-0.91581523,0.15308845,-0.17637992","-0.61062604,0.039993796,0.28006896,-0.13931617,-0.40158275,0.7931004,-0.24111111,-0.5353216,0.5930222",0.0
"-0.61062604,0.039993796,0.28006896,-0.13931617,-0.40158275,0.7931004,-0.24111111,-0.5353216,0.5930222","-0.08245748,0.28373373,0.19568062","-0.6185002,0.07900572,0.3010911,-0.17976058,-0.47625858,0.7220868,-0.24111111,-0.5353216,0.5930222",0.0
"-0.6185002,0.07900572,0.3010911,-0.17976058,-0.47625858,0.7220868,-0.24111111,-0.5353216,0.5930222","-0.3796842,0.08068097,0.44935393","-0.65475726,0.09009893,0.3493655,-0.25529504,-0.49544328,0.64080036,-0.24111111,-0.5353216,0.5930222",0.0
"-0.65475726,0.09009893,0.3493655,-0.25529504,-0.49544328,0.64080036,-0.24111111,-0.5353216,0.5930222","0.16628182,-0.10535103,0.2786137","-0.6388785,0.075613715,0.3792972,-0.22777848,-0.50220805,0.6168809,-0.24111111,-0.5353216,0.5930222",0.0
"-0.6388785,0.075613715,0.3792972,-0.22777848,-0.50220805,0.6168809,-0.24111111,-0.5353216,0.5930222","0.1473732,0.071346045,0.05568421","-0.62480545,0.085423425,0.38527942,-0.21168162,-0.5270727,0.5946462,-0.24111111,-0.5353216,0.5930222",0.0
"-0.62480545,0.085423425,0.38527942,-0.21168162,-0.5270727,0.5946462,-0.24111111,-0.5353216,0.5930222","0.15276206,0.13865054,-0.17712665","-0.6102178,0.104487166,0.36625063,-0.19353332,-0.55345845,0.59605575,-0.24111111,-0.5353216,0.5930222",0.0
"-0.6102178,0.104487166,0.36625063,-0.19353332,-0.55345845,0.59605575,-0.24111111,-0.5353216,0.5930222","-0.3525716,0.0019005537,0.15523493","-0.6438858,0.10474849,0.3829277,-0.25401035,-0.5363741,0.57078576,-0.24111111,-0.5353216,0.5930222",0.0
"-0.6438858,0.10474849,0.3829277,-0.25401035,-0.5363741,0.57078576,-0.24111111,-0.5353216,0.5930222","-0.005356312,0.024421692,-0.14269656","-0.6443973,0.10810636,0.36759773,-0.25418782,-0.5345624,0.5888554,-0.24111111,-0.5353216,0.5930222",0.0
"0.0,0.0,0.0,2.8652207e-07,0.005789075,0.993462,-0.06549708,-0.72005844,0.53209","0.30066586,0.90798736,0.4237721","0.028711414,0.12484359,0.04552609,0.32558578,0.035260286,0.92907023,-0.06549708,-0.72005844,0.53209",0.0
"0.028711414,0.12484359,0.04552609,0.32558578,0.035260286,0.92907023,-0.06549708,-0.72005844,0.53209","-0.97910357,0.6732912,0.540869","-0.06478587,0.21741769,0.10363199,0.5609231,-0.10985706,0.7771898,-0.06549708,-0.72005844,0.53209",0.0
"-0.06478587,0.21741769,0.10363199,0.5609231,-0.10985706,0.7771898,-0.06549708,-0.72005844,0.53209","-0.89048415,0.22311306,-0.06331056","-0.14982064,0.24809462,0.09683048,0.5528498,-0.2748038,0.74021935,-0.06549708,-0.72005844,0.53209",0.0
"-0.14982064,0.24809462,0.09683048,0.5528498,-0.2748038,0.74021935,-0.06549708,-0.72005844,0.53209","-0.9654479,0.20591116,-0.43187678","-0.2420139,0.27640638,0.050433673,0.4524363,-0.4222971,0.748329,-0.06549708,-0.72005844,0.53209",0.0
"-0.2420139,0.27640638,0.050433673,0.4524363,-0.4222971,0.748329,-0.06549708,-0.72005844,0.53209","-0.9804323,0.03760767,0.51801455","-0.33563808,0.28157726,0.10608428,0.34065768,-0.5883056,0.6762598,-0.06549708,-0.72005844,0.53209",0.0
"-0.33563808,0.28157726,0.10608428,0.34065768,-0.5883056,0.6762598,-0.06549708,-0.72005844,0.53209","-0.9886671,0.103912115,0.17804003","-0.4300486,0.29586467,0.12521122,0.16189162,-0.6982343,0.6275865,-0.06549708,-0.72005844,0.53209",0.0
"-0.4300486,0.29586467,0.12521122,0.16189162,-0.6982343,0.6275865,-0.06549708,-0.72005844,0.53209","-0.33552408,-0.22167468,0.8730657","-0.46208873,0.2653856,0.21900524,0.09304446,-0.7288187,0.55185544,-0.06549708,-0.72005844,0.53209",0.0
"-0.46208873,0.2653856,0.21900524,0.09304446,-0.7288187,0.55185544,-0.06549708,-0.72005844,0.53209","-0.4927734,-0.2827767,0.4288764","-0.509145,0.22650526,0.26507974,-0.014506998,-0.70625263,0.55286527,-0.06549708,-0.72005844,0.53209",0.0
"-0.509145,0.22650526,0.26507974,-0.014506998,-0.70625263,0.55286527,-0.06549708,-0.72005844,0.53209","-0.20764035,0.028300762,0.15663815","-0.52897316,0.2303965,0.2819075,-0.059545085,-0.7160396,0.5210782,-0.06549708,-0.72005844,0.53209",0.0
"0.0,0.0,0.0,2.8652207e-07,0.005789075,0.993462,0.29309943,-0.65380114,0.42487016","-0.86857975,0.96280015,0.6169847","-0.08294305,0.13238007,0.06628305,0.35798687,-0.08946085,0.90896565,0.29309943,-0.65380114,0.42487016",0.0
"-0.08294305,0.13238007,0.06628305,0.35798687,-0.08946085,0.90896565,0.29309943,-0.65380114,0.42487016","-0.98378885,0.836741,0.65171385","-0.17688775,0.24742767,0.13629708,0.55689967,-0.33901447,0.69434434,0.29309943,-0.65380114,0.42487016",0.0
"-0.17688775,0.24742767,0.13629708,0.55689967,-0.33901447,0.69434434,0.29309943,-0.65380114,0.42487016","-0.93393135,0.5138984,0.86210465","-0.2660714,0.3180861,0.22891352,0.5420787,-0.59114796,0.43821198,0.29309943,-0.65380114,0.42487016",0.0
"-0.2660714,0.3180861,0.22891352,0.5420787,-0.59114796,0.43821198,0.29309943,-0.65380114,0.42487016","-0.8486829,-0.3638484,0.4579835","-0.34711444,0.26805884,0.27811497,0.35717234,-0.6730292,0.4587867,0.29309943,-0.65380114,0.42487016",0.0
"-0.34711444,0.26805884,0.27811497,0.35717234,-0.6730292,0.4587867,0.29309943,-0.65380114,0.42487016","-0.4054489,-0.36509722,0.45320165","-0.3858319,0.21785985,0.32680273,0.25739235,-0.67010254,0.4748752,0.29309943,-0.65380114,0.42487016",0.0
"-0.3858319,0.21785985,0.32680273,0.25739235,-0.67010254,0.4748752,0.29309943,-0.65380114,0.42487016","0.21616745,-0.11592811,0.37805605","-0.36518946,0.20192035,0.36741757,0.29625282,-0.6430876,0.43987492,0.29309943,-0.65380114,0.42487016",0.0
"0.0,0.0,0.0,2.8652207e-07,0.005789075,0.993462,0.028011696,0.0871345,0.51554936","0.75091314,-0.58568025,0.9128233","0.07170674,-0.080528036,0.09806521,-0.03773413,-0.0027081596,0.9822666,0.028011696,0.0871345,0.51554936",0.0
"0.07170674,-0.080528036,0.09806521,-0.03773413,-0.0027081596,0.9822666,0.028011696,0.0871345,0.51554936","0.9446764,0.4032967,0.9448252","0.16191648,-0.025076834,0.1995684,0.18392867,0.10919104,0.92351323,0.028011696,0.0871345,0.51554936",0.0
"0.16191648,-0.025076834,0.1995684,0.18392867,0.10919104,0.92351323,0.028011696,0.0871345,0.51554936","0.83125305,-0.6574774,0.83948636","0.2412951,-0.115476616,0.28975502,0.09856044,0.10128439,0.8914725,0.028011696,0.0871345,0.51554936",0.0
"0.2412951,-0.115476616,0.28975502,0.09856044,0.10128439,0.8914725,0.028011696,0.0871345,0.51554936","0.81665516,-0.504644,0.9460043","0.31927976,-0.18486261,0.3913849,0.061881214,0.10778963,0.82140535,0.028011696,0.0871345,0.51554936",0.0
"0.31927976,-0.18486261,0.3913849,0.061881214,0.10778963,0.82140535,0.028011696,0.0871345,0.51554936","-0.19452357,-0.7171694,0.9643514","0.30070415,-0.28346974,0.49498588,0.030057488,0.05144323,0.73586404,0.028011696,0.0871345,0.51554936",0.0
"0.30070415,-0.28346974,0.49498588,0.030057488,0.05144323,0.73586404,0.028011696,0.0871345,0.51554936","0.6281934,0.19616175,0.9734813","0.36069208,-0.25649855,0.59956765,0.073811196,0.17140698,0.59643155,0.028011696,0.0871345,0.51554936",0.0
"0.36069208,-0.25649855,0.59956765,0.073811196,0.17140698,0.59643155,0.028011696,0.0871345,0.51554936","-0.21391875,-0.6646446,0.6967336","0.34026438,-0.3478838,0.6744182,0.048262738,0.09999827,0.5242207,0.028011696,0.0871345,0.51554936",0.0
"0.34026438,-0.3478838,0.6744182,0.048262738,0.09999827,0.5242207,0.028011696,0.0871345,0.51554936","0.35546446,-0.18059254,0.11843133","0.3742087,-0.37271434,0.68714136,0.028483087,0.08332227,0.5124033,0.028011696,0.0871345,0.51554936",0.0
"0.0,0.0,0.0,2.8652207e-07,0.005789075,0.993462,0.29309943,-0.65380114,0.42487016","-0.9506843,0.9651407,0.96992016","-0.09078345,0.13270187,0.104199134,0.4001672,-0.11129537,0.8788936,0.29309943,-0.65380114,0.42487016",0.0
"-0.09078345,0.13270187,0.104199134,0.4001672,-0.11129537,0.8788936,0.29309943,-0.65380114,0.42487016","-0.87122977,0.87803185,0.43902957","-0.17397958,0.25342676,0.15136434,0.5784374,-0.34514564,0.66554224,0.29309943,-0.65380114,0.42487016",0.0
"-0.17397958,0.25342676,0.15136434,0.5784374,-0.34514564,0.66554224,0.29309943,-0.65380114,0.42487016","-0.9757183,0.52182794,0.7353834","-0.2671536,0.32517546,0.23036703,0.54543775,-0.59897214,0.42206186,0.29309943,-0.65380114,0.42487016",0.0
"-0.2671536,0.32517546,0.23036703,0.54543775,-0.59897214,0.42206186,0.29309943,-0.65380114,0.42487016","-0.73933053,-0.36480606,0.17186368","-0.3377543,0.27501652,0.24883047,0.37594095,-0.6606884,0.49023247,0.29309943,-0.65380114,0.42487016",0.0
"-0.3377543,0.27501652,0.24883047,0.37594095,-0.6606884,0.49023247,0.29309943,-0.65380114,0.42487016","-0.5031,-0.19964486,0.7588464","-0.38579673,0.2475664,0.33035383,0.26919386,-0.7013469,0.41614455,0.29309943,-0.65380114,0.42487016",0.0
"-0.38579673,0.2475664,0.33035383,0.26919386,-0.7013469,0.41614455,0.29309943,-0.65380114,0.42487016","0.11589849,-0.20920098,0.16819012","-0.37472925,0.21880236,0.34842262,0.28275788,-0.6659072,0.43986315,0.29309943,-0.65380114,0.42487016",0.0
"-0.37472925,0.21880236,0.34842262,0.28275788,-0.6659072,0.43986315,0.29309943,-0.65380114,0.42487016","0.066203356,-0.102855444,0.17952764","-0.3684073,0.20466028,0.36770946,0.29094627,-0.64880604,0.43467957,0.29309943,-0.65380114,0.42487016",0.0
"0.0,0.0,0.0,2.8652207e-07,0.005789075,0.993462,-0.038011696,-0.38847953,0.8230218","-0.624652,0.36680102,0.91129684","-0.05964973,0.05043325,0.0979012,0.2381724,-0.03927004,0.9495314,-0.038011696,-0.38847953,0.8230218",0.0
"-0.05964973,0.05043325,0.0979012,0.2381724,-0.03927004,0.9495314,-0.038011696,-0.38847953,0.8230218","-0.7191398,0.052052975,0.36563444","-0.12832236,0.057590265,0.13718157,0.28324988,-0.114511445,0.9183176,-0.038011696,-0.38847953,0.8230218",0.0
"-0.12832236,0.057590265,0.13718157,0.28324988,-0.114511445,0.9183176,-0.038011696,-0.38847953,0.8230218","-0.8739157,-0.16654038,0.3101852","-0.21177496,0.034691814,0.17050499,0.23919098,-0.1803229,0.908909,-0.038011696,-0.38847953,0.8230218",0.0
"-0.21177496,0.034691814,0.17050499,0.23919098,-0.1803229,0.908909,-0.038011696,-0.38847953,0.8230218","-0.97114587,-0.016807735,0.2777586","-0.30451235,0.03238083,0.20034482,0.19460918,-0.2659561,0.88473713,-0.038011696,-0.38847953,0.8230218",0.0
"-0.30451235,0.03238083,0.20034482,0.19460918,-0.2659561,0.88473713,-0.038011696,-0.38847953,0.8230218","-0.7659512,0.03254676,0.22830606","-0.37765512,0.036855835,0.22487192,0.14222525,-0.33619282,0.8571989,-0.038011696,-0.38847953,0.8230218",0.0
"-0.37765512,0.036855835,0.22487192,0.14222525,-0.33619282,0.8571989,-0.038011696,-0.38847953,0.8230218","-0.8741703,-0.030762196,0.36248326","-0.46113205,0.032626186,0.26381376,0.05404782,-0.39290425,0.819353,-0.038011696,-0.38847953,0.8230218",0.0
"-0.46113205,0.032626186,0.26381376,0.05404782,-0.39290425,0.819353,-0.038011696,-0.38847953,0.8230218","-0.11012989,-0.13368821,0.09045255","-0.47164866,0.014244733,0.2735312,0.038877655,-0.37026796,0.8256935,-0.038011696,-0.38847953,0.8230218",0.0
"-0.47164866,0.014244733,0.2735312,0.038877655,-0.37026796,0.8256935,-0.038011696,-0.38847953,0.8230218","-0.49000633,-0.006524265,0.04760003","-0.51844066,0.0133476695,0.27864495,-0.015968308,-0.3752846,0.8207798,-0.038011696,-0.38847953,0.8230218",0.0
"-0.51844066,0.0133476695,0.27864495,-0.015968308,-0.3752846,0.8207798,-0.038011696,-0.38847953,0.8230218","-0.13103253,0.0071679354,0.020166159","-0.53095335,0.014333213,0.28081146,-0.031081684,-0.37823403,0.81741965,-0.038011696,-0.38847953,0.8230218",0.0
"0.0,0.0,0.0,2.8652207e-07,0.005789075,0.993462,0.04146199,0.5701754,0.6989999","0.98010373,0.6309308,0.9610218","0.09359279,0.08674973,0.10324317,0.30726242,0.09909016,0.92104954,0.04146199,0.5701754,0.6989999",0.0
"0.09359279,0.08674973,0.10324317,0.30726242,0.09909016,0.92104954,0.04146199,0.5701754,0.6989999","0.9770994,0.37722397,0.646057","0.1868987,0.1386161,0.1726495,0.4134233,0.28206682,0.8049926,0.04146199,0.5701754,0.6989999",0.0
"0.1868987,0.1386161,0.1726495,0.4134233,0.28206682,0.8049926,0.04146199,0.5701754,0.6989999","0.9942906,-0.19825304,0.48992074","0.28184623,0.111357324,0.22528203,0.31307676,0.39209336,0.7778147,0.04146199,0.5701754,0.6989999",0.0
"0.28184623,0.111357324,0.22528203,0.31307676,0.39209336,0.7778147,0.04146199,0.5701754,0.6989999","0.99173725,0.10455108,0.5674107","0.37654996,0.12573256,0.28623936,0.21146713,0.53295404,0.68040687,0.04146199,0.5701754,0.6989999",0.0
"0.37654996,0.12573256,0.28623936,0.21146713,0.53295404,0.68040687,0.04146199,0.5701754,0.6989999","0.8087474,-0.22351491,-0.018583775","0.4537795,0.0950004,0.28424296,0.06990429,0.51804674,0.72418964,0.04146199,0.5701754,0.6989999",0.0
"0.4537795,0.0950004,0.28424296,0.06990429,0.51804674,0.72418964,0.04146199,0.5701754,0.6989999","0.28197396,0.18296671,-0.03560847","0.48070595,0.12015738,0.28041756,0.028178744,0.5599164,0.69604254,0.04146199,0.5701754,0.6989999",0.0
"0.0,0.0,0.0,2.8652207e-07,0.005789075,0.993462,0.18666667,0.21134502,0.7005036","0.59094405,0.6598195,0.9045377","0.056430873,0.090721786,0.09717505,0.31722343,0.06271629,0.92223835,0.18666667,0.21134502,0.7005036",0.0
"0.056430873,0.090721786,0.09717505,0.31722343,0.06271629,0.92223835,0.18666667,0.21134502,0.7005036","0.78232026,-0.28812957,0.4293002","0.13113679,0.05110545,0.14329506,0.2723972,0.12535146,0.9184444,0.18666667,0.21134502,0.7005036",0.0
"0.13113679,0.05110545,0.14329506,0.2723972,0.12535146,0.9184444,0.18666667,0.21134502,0.7005036","0.46625638,-0.28952587,0.84649515","0.17566088,0.011297125,0.2342346,0.27464718,0.17588806,0.869401,0.18666667,0.21134502,0.7005036",0.0
"0.17566088,0.011297125,0.2342346,0.27464718,0.17588806,0.869401,0.18666667,0.21134502,0.7005036","0.4825672,-0.40562773,0.9632983","0.22174254,-0.044474613,0.3377224,0.24668197,0.21390648,0.80245566,0.18666667,0.21134502,0.7005036",0.0
"0.22174254,-0.044474613,0.3377224,0.24668197,0.21390648,0.80245566,0.18666667,0.21134502,0.7005036","0.4143387,-0.426996,0.8503518","0.26130888,-0.10318438,0.4290763,0.20226455,0.2256675,0.7351196,0.18666667,0.21134502,0.7005036",0.0
"0.26130888,-0.10318438,0.4290763,0.20226455,0.2256675,0.7351196,0.18666667,0.21134502,0.7005036","0.32059598,-0.1996913,0.35041165","0.29192346,-0.13064092,0.46672133,0.16971935,0.23107302,0.7055626,0.18666667,0.21134502,0.7005036",0.0
"0.29192346,-0.13064092,0.46672133,0.16971935,0.23107302,0.7055626,0.18666667,0.21134502,0.7005036","-0.27558732,-0.07791591,0.0822674","0.26560688,-0.141354,0.47555947,0.1810335,0.20833772,0.7011655,0.18666667,0.21134502,0.7005036",0.0
"0.0,0.0,0.0,2.8652207e-07,0.005789075,0.993462,-0.44216377,-0.0057894737,0.46932715","-0.047452867,-0.90267307,0.68523026","-0.0045314166,-0.12411293,0.073614754,-0.16468182,0.008134187,0.9721403,-0.44216377,-0.0057894737,0.46932715",0.0
"-0.0045314166,-0.12411293,0.073614754,-0.16468182,0.008134187,0.9721403,-0.44216377,-0.0057894737,0.46932715","-0.25198048,-0.980159,0.74783874","-0.02859373,-0.25887978,0.1539556,-0.32991654,0.035528872,0.90257007,-0.44216377,-0.0057894737,0.46932715",0.0
"-0.02859373,-0.25887978,0.1539556,-0.32991654,0.035528872,0.90257007,-0.44216377,-0.0057894737,0.46932715","0.0677495,-0.6025711,0.8174441","-0.02212415,-0.34173027,0.24177417,-0.36915454,0.03150271,0.8454932,-0.44216377,-0.0057894737,0.46932715",0.0
"-0.02212415,-0.34173027,0.24177417,-0.36915454,0.03150271,0.8454932,-0.44216377,-0.0057894737,0.46932715","-0.009725213,-0.906421,0.9330809","-0.02305284,-0.46635854,0.3420157,-0.4500466,0.038455177,0.73021203,-0.44216377,-0.0057894737,0.46932715",0.0
"-0.02305284,-0.46635854,0.3420157,-0.4500466,0.038455177,0.73021203,-0.44216377,-0.0057894737,0.46932715","0.55255723,-0.4494965,0.95660496","0.029712364,-0.52816206,0.44478443,-0.4055238,-0.032148972,0.66323024,-0.44216377,-0.0057894737,0.46932715",0.0
"0.029712364,-0.52816206,0.44478443,-0.4055238,-0.032148972,0.66323024,-0.44216377,-0.0057894737,0.46932715","-0.07280493,-0.61897534,0.93673134","0.022760017,-0.613268,0.54541814,-0.38828376,-0.022006832,0.5588815,-0.44216377,-0.0057894737,0.46932715",0.0
"0.022760017,-0.613268,0.54541814,-0.38828376,-0.022006832,0.5588815,-0.44216377,-0.0057894737,0.46932715","0.15400207,-0.5281514,0.23457515","0.037466098,-0.68588614,0.57061875,-0.44201177,-0.04643832,0.47938305,-0.44216377,-0.0057894737,0.46932715",0.0
"0.037466098,-0.68588614,0.57061875,-0.44201177,-0.04643832,0.47938305,-0.44216377,-0.0057894737,0.46932715","-0.31039166,-0.026461303,0.018907905","0.007825945,-0.6895245,0.5726501,-0.44581774,-0.0051719453,0.47512937,-0.44216377,-0.0057894737,0.46932715",0.0
"0.0,0.0,0.0,2.8652207e-07,0.005789075,0.993462,-0.048011698,-0.5094737,0.66238827","-0.9919622,0.6051674,0.72603345","-0.09472518,0.083207406,0.077998236,0.27286646,-0.07763179,0.94039637,-0.048011698,-0.5094737,0.66238827",0.0
"-0.09472518,0.083207406,0.077998236,0.27286646,-0.07763179,0.94039637,-0.048011698,-0.5094737,0.66238827","-0.9271594,0.005194545,0.75174344","-0.18326218,0.083921626,0.15875852,0.32450265,-0.20373006,0.8780867,-0.048011698,-0.5094737,0.66238827",0.0
"-0.18326218,0.083921626,0.15875852,0.32450265,-0.20373006,0.8780867,-0.048011698,-0.5094737,0.66238827","-0.91988117,0.05887878,0.45142782","-0.27110416,0.09201715,0.20725574,0.30078635,-0.33478296,0.82095456,-0.048011698,-0.5094737,0.66238827",0.0
"-0.27110416,0.09201715,0.20725574,0.30078635,-0.33478296,0.82095456,-0.048011698,-0.5094737,0.66238827","-0.9690075,-0.18414783,0.5448694","-0.36363733,0.06669777,0.26579145,0.1961414,-0.41555974,0.78144693,-0.048011698,-0.5094737,0.66238827",0.0
"-0.36363733,0.06669777,0.26579145,0.1961414,-0.41555974,0.78144693,-0.048011698,-0.5094737,0.66238827","-0.96361154,0.26613438,0.1889509","-0.45565525,0.10328987,0.2860906,0.08038348,-0.53158253,0.71102315,-0.048011698,-0.5094737,0.66238827",0.0
"-0.45565525,0.10328987,0.2860906,0.08038348,-0.53158253,0.71102315,-0.048011698,-0.5094737,0.66238827","-0.8174647,-0.14485335,0.3402331","-0.53371716,0.083373286,0.3226421,-0.050392587,-0.52869076,0.6874032,-0.048011698,-0.5094737,0.66238827",0.0
"-0.53371716,0.083373286,0.3226421,-0.050392587,-0.52869076,0.6874032,-0.048011698,-0.5094737,0.66238827","0.08013034,-0.15744811,0.27342498","-0.5260653,0.061724983,0.35201636,-0.036429506,-0.5146392,0.6741818,-0.048011698,-0.5094737,0.66238827",0.0
"0.0,0.0,0.0,2.8652207e-07,0.005789075,0.993462,0.08736842,0.32146198,0.404603","0.39456892,0.37131584,0.95909643","0.03767847,0.051054012,0.103036344,0.24680988,0.035182163,0.94610316,0.08736842,0.32146198,0.404603",0.0
"0.03767847,0.051054012,0.103036344,0.24680988,0.035182163,0.94610316,0.08736842,0.32146198,0.404603","0.9528537,0.4739809,0.960611","0.12866908,0.116223946,0.2062354,0.4507793,0.19913289,0.79426134,0.08736842,0.32146198,0.404603",0.0
"0.12866908,0.116223946,0.2062354,0.4507793,0.19913289,0.79426134,0.08736842,0.32146198,0.404603","0.9843683,-0.3996663,0.9189813","0.22266911,0.061271884,0.30496216,0.36551672,0.31514773,0.73845387,0.08736842,0.32146198,0.404603",0.0
"0.22266911,0.061271884,0.30496216,0.36551672,0.31514773,0.73845387,0.08736842,0.32146198,0.404603","0.9560398,-0.6940733,0.98265314","0.31396398,-0.034159634,0.41052926,0.21710959,0.33867913,0.7004102,0.08736842,0.32146198,0.404603",0.0
"0.31396398,-0.034159634,0.41052926,0.21710959,0.33867913,0.7004102,0.08736842,0.32146198,0.404603","0.6359465,-0.3520422,0.9123204","0.37469226,-0.08256363,0.50854045,0.14207876,0.3571681,0.6071205,0.08736842,0.32146198,0.404603",0.0
"0.37469226,-0.08256363,0.50854045,0.14207876,0.3571681,0.6071205,0.08736842,0.32146198,0.404603","0.66687393,-0.45309448,0.5711099","0.43837386,-0.1448618,0.56989515,0.056796256,0.31978354,0.56986684,0.08736842,0.32146198,0.404603",0.0
"0.43837386,-0.1448618,0.56989515,0.056796256,0.31978354,0.56986684,0.08736842,0.32146198,0.404603","0.14906943,-0.2641393,0.9289596","0.45260894,-0.1811796,0.6696939,0.039871704,0.30485883,0.44544885,0.08736842,0.32146198,0.404603",0.0
"0.45260894,-0.1811796,0.6696939,0.039871704,0.30485883,0.44544885,0.08736842,0.32146198,0.404603","-0.34362113,0.13398123,0.14913654","0.4197956,-0.16275789,0.68571573,0.07620459,0.31923252,0.4061911,0.08736842,0.32146198,0.404603",0.0
"0.0,0.0,0.0,2.8652207e-07,0.005789075,0.993462,0.57730997,-0.0057894737,0.47593033","-0.19930965,0.74205947,0.8566953","-0.01903262,0.10202935,0.092035316,0.33956325,-0.014528112,0.91675794,0.57730997,-0.0057894737,0.47593033",0.0
"-0.01903262,0.10202935,0.092035316,0.33956325,-0.014528112,0.91675794,0.57730997,-0.0057894737,0.47593033","-0.17450768,0.87804997,0.94732666","-0.035696834,0.22275671,0.19380721,0.6552761,-0.0679698,0.6596,0.57730997,-0.0057894737,0.47593033",0.0
"-0.035696834,0.22275671,0.19380721,0.6552761,-0.0679698,0.6596,0.57730997,-0.0057894737,0.47593033","0.30694926,-0.39603078,0.9382788","-0.006385406,0.16830455,0.2946071,0.6415687,-0.007081251,0.60544384,0.57730997,-0.0057894737,0.47593033",0.0
"-0.006385406,0.16830455,0.2946071,0.6415687,-0.007081251,0.60544384,0.57730997,-0.0057894737,0.47593033","-0.15102136,-0.15953177,0.70120144","-0.020806847,0.14636977,0.36993766,0.64227456,-0.036241587,0.5276499,0.57730997,-0.0057894737,0.47593033",0.0
"-0.020806847,0.14636977,0.36993766,0.64227456,-0.036241587,0.5276499,0.57730997,-0.0057894737,0.47593033","0.10587788,-0.42677724,0.60521615","-0.010696276,0.0876901,0.43495643,0.5870553,-0.013941882,0.51613104,0.57730997,-0.0057894737,0.47593033",0.0
"-0.010696276,0.0876901,0.43495643,0.5870553,-0.013941882,0.51613104,0.57730997,-0.0057894737,0.47593033","0.05259645,-0.058757126,0.33662438","-0.005673696,0.07961131,0.47112024,0.5837565,-0.0046160296,0.4716679,0.57730997,-0.0057894737,0.47593033",0.0
"0.0,0.0,0.0,2.8652207e-07,0.005789075,0.993462,0.61619884,0.34005848,0.62845707","0.49958527,0.87140787,0.97798085","0.04770677,0.119814105,0.1050651,0.38586104,0.06412274,0.89084303,0.61619884,0.34005848,0.62845707",0.0
"0.04770677,0.119814105,0.1050651,0.38586104,0.06412274,0.89084303,0.61619884,0.34005848,0.62845707","0.7166574,0.7932954,0.98563886","0.116142355,0.22888814,0.21095291,0.6328136,0.24791662,0.6262733,0.61619884,0.34005848,0.62845707",0.0
"0.116142355,0.22888814,0.21095291,0.6328136,0.24791662,0.6262733,0.61619884,0.34005848,0.62845707","0.3924061,0.091339946,-0.13255","0.15361428,0.24144694,0.196713,0.60719573,0.32465306,0.62494475,0.61619884,0.34005848,0.62845707",0.0
"0.15361428,0.24144694,0.196713,0.60719573,0.32465306,0.62494475,0.61619884,0.34005848,0.62845707","-0.0004582405,-0.06834936,-0.06186372","0.15357052,0.23204927,0.19006698,0.5909262,0.3160253,0.6495505,0.61619884,0.34005848,0.62845707",0.0
"0.15357052,0.23204927,0.19006698,0.5909262,0.3160253,0.6495505,0.61619884,0.34005848,0.62845707","0.0139917135,0.1175338,-0.011605799","0.15490663,0.2482096,0.18882015,0.60988057,0.32923633,0.6243718,0.61619884,0.34005848,0.62845707",0.0
"0.0,0.0,0.0,2.8652207e-07,0.005789075,0.993462,0.72298247,-0.0057894737,0.53209","-0.07242441,0.9628813,0.344967","-0.0069159986,0.13239123,0.03706001,0.33199593,-0.0014239363,0.928097,0.72298247,-0.0057894737,0.53209",0.0
"-0.0069159986,0.13239123,0.03706001,0.33199593,-0.0014239363,0.928097,0.72298247,-0.0057894737,0.53209","-0.048312664,0.9281837,0.98979664","-0.011529504,0.26001173,0.14339447,0.6771149,-0.01874327,0.66496664,0.72298247,-0.0057894737,0.53209",0.0
"-0.011529504,0.26001173,0.14339447,0.6771149,-0.01874327,0.66496664,0.72298247,-0.0057894737,0.53209","0.32500792,-0.006702423,0.6683996","0.019506397,0.25909021,0.21520106,0.7226337,0.05013944,0.56854534,0.72298247,-0.0057894737,0.53209",0.0
"0.019506397,0.25909021,0.21520106,0.7226337,0.05013944,0.56854534,0.72298247,-0.0057894737,0.53209","-0.10870618,-0.15930235,0.37457073","0.009125748,0.23718698,0.25544146,0.7153937,0.02630704,0.54852885,0.72298247,-0.0057894737,0.53209",0.0
"0.009125748,0.23718698,0.25544146,0.7153937,0.02630704,0.54852885,0.72298247,-0.0057894737,0.53209","-0.1219185,-0.07901895,0.073993325","-0.002516581,0.2263223,0.26339063,0.7053775,0.00021261821,0.5556669,0.72298247,-0.0057894737,0.53209",0.0
"-0.002516581,0.2263223,0.26339063,0.7053775,0.00021261821,0.5556669,0.72298247,-0.0057894737,0.53209","0.04933822,-0.073076665,0.080271125","0.002194864,0.21627465,0.27201423,0.69606304,0.010588984,0.5601527,0.72298247,-0.0057894737,0.53209",0.0
"0.002194864,0.21627465,0.27201423,0.69606304,0.010588984,0.5601527,0.72298247,-0.0057894737,0.53209","0.039612055,0.011047125,0.05386436","0.005977531,0.21779358,0.27780092,0.70049596,0.018946493,0.5490184,0.72298247,-0.0057894737,0.53209",0.0
"0.005977531,0.21779358,0.27780092,0.70049596,0.018946493,0.5490184,0.72298247,-0.0057894737,0.53209","-0.068648994,0.03188443,-0.009103239","-0.00057794683,0.22217754,0.27682298,0.7059934,0.0045074457,0.5429476,0.72298247,-0.0057894737,0.53209",0.0
"-0.00057794683,0.22217754,0.27682298,0.7059934,0.0045074457,0.5429476,0.72298247,-0.0057894737,0.53209","0.16490865,-0.05199951,-0.013712227","0.0151696345,0.21502788,0.2753499,0.69494265,0.038939774,0.5573539,0.72298247,-0.0057894737,0.53209",0.0
"0.0151696345,0.21502788,0.2753499,0.69494265,0.038939774,0.5573539,0.72298247,-0.0057894737,0.53209","-0.22273922,0.056213498,0.061329126","-0.006100341,0.22275697,0.28193855,0.7088537,-0.007796378,0.5343316,0.72298247,-0.0057894737,0.53209",0.0
"0.0,0.0,0.0,2.8652207e-07,0.005789075,0.993462,0.18666667,0.21134502,0.7005036","0.885355,0.6936765,0.9686091","0.08454499,0.095376946,0.10405828,0.32774422,0.09515705,0.9134657,0.18666667,0.21134502,0.7005036",0.0
"0.08454499,0.095376946,0.10405828,0.32774422,0.09515705,0.9134657,0.18666667,0.21134502,0.7005036","0.91492414,-0.115466,0.9381368","0.1719136,0.079500966,0.20484294,0.36106175,0.22322203,0.8369061,0.18666667,0.21134502,0.7005036",0.0
"0.1719136,0.079500966,0.20484294,0.36106175,0.22322203,0.8369061,0.18666667,0.21134502,0.7005036","0.88449,-0.6265081,0.94914436","0.25637597,-0.0066406857,0.30681017,0.24933577,0.2678871,0.8065729,0.18666667,0.21134502,0.7005036",0.0
"0.25637597,-0.0066406857,0.30681017,0.24933577,0.2678871,0.8065729,0.18666667,0.21134502,0.7005036","0.4689579,-0.71014595,0.94616437","0.30115804,-0.10428212,0.4084573,0.16153145,0.23393819,0.7619517,0.18666667,0.21134502,0.7005036",0.0
"0.30115804,-0.10428212,0.4084573,0.16153145,0.23393819,0.7619517,0.18666667,0.21134502,0.7005036","-0.16918474,-0.21462321,0.5144527","0.2850021,-0.13379173,0.4637254,0.17013547,0.22162674,0.7116996,0.18666667,0.21134502,0.7005036",0.0
"0.2850021,-0.13379173,0.4637254,0.17013547,0.22162674,0.7116996,0.18666667,0.21134502,0.7005036","-0.08060998,-0.016108036,0.104711294","0.27730447,-0.13600653,0.47497466,0.178479,0.22105302,0.69829327,0.18666667,0.21134502,0.7005036",0.0
"0.0,0.0,0.0,2.8652207e-07,0.005789075,0.993462,0.71643275,-0.0057894737,0.42493555","-0.15540522,0.84212565,0.85871756","-0.0148400655,0.115787946,0.09225257,0.36758712,-0.01135441,0.90472305,0.71643275,-0.0057894737,0.42493555",0.0
"-0.0148400655,0.115787946,0.09225257,0.36758712,-0.01135441,0.90472305,0.71643275,-0.0057894737,0.42493555","-0.2588377,0.7317531,0.8966191","-0.039557185,0.21640024,0.18857694,0.640891,-0.074223414,0.676636,0.71643275,-0.0057894737,0.42493555",0.0
"-0.039557185,0.21640024,0.18857694,0.640891,-0.074223414,0.676636,0.71643275,-0.0057894737,0.42493555","0.66445756,0.33536887,0.93647814","0.023893692,0.26251176,0.28918338,0.7561995,0.06267611,0.45214197,0.71643275,-0.0057894737,0.42493555",0.0
"0.023893692,0.26251176,0.28918338,0.7561995,0.06267611,0.45214197,0.71643275,-0.0057894737,0.42493555","-0.40851027,-0.15964675,0.37397325","-0.015116072,0.24056119,0.3293596,0.74308556,-0.029519042,0.43045813,0.71643275,-0.0057894737,0.42493555",0.0
"-0.015116072,0.24056119,0.3293596,0.74308556,-0.029519042,0.43045813,0.71643275,-0.0057894737,0.42493555","0.021690488,-0.26240742,0.13595915","-0.013044786,0.20448153,0.34396577,0.70615387,-0.02316106,0.4717283,0.71643275,-0.0057894737,0.42493555",0.0
"-0.013044786,0.20448153,0.34396577,0.70615387,-0.02316106,0.4717283,0.71643275,-0.0057894737,0.42493555","0.2044648,-0.04019749,0.2347871","0.006480121,0.1989546,0.36918914,0.70478064,0.020140236,0.44223616,0.71643275,-0.0057894737,0.42493555",0.0
"0.006480121,0.1989546,0.36918914,0.70478064,0.020140236,0.44223616,0.71643275,-0.0057894737,0.42493555","-0.11921096,-0.017356217,0.0098285675","-0.004903658,0.19656824,0.37024507,0.7025928,-0.0050344663,0.4446942,0.71643275,-0.0057894737,0.42493555",0.0
"-0.004903658,0.19656824,0.37024507,0.7025928,-0.0050344663,0.4446942,0.71643275,-0.0057894737,0.42493555","-0.0021868944,-0.033909023,0.01280272","-0.005112488,0.19190593,0.3716205,0.6976567,-0.0054161963,0.45052275,0.71643275,-0.0057894737,0.42493555",0.0
"-0.005112488,0.19190593,0.3716205,0.6976567,-0.0054161963,0.45052275,0.71643275,-0.0057894737,0.42493555","0.059014797,-0.006008804,0.06167066","0.00052299956,0.19107977,0.37824586,0.69771224,0.0069355946,0.441645,0.71643275,-0.0057894737,0.42493555",0.0
"0.00052299956,0.19107977,0.37824586,0.69771224,0.0069355946,0.441645,0.71643275,-0.0057894737,0.42493555","-0.048897505,0.03328073,-0.009339213","-0.0041463543,0.1956557,0.37724257,0.7025769,-0.0033627322,0.4353892,0.71643275,-0.0057894737,0.42493555",0.0
"0.0,0.0,0.0,2.8652207e-07,0.005789075,0.993462,0.72298247,-0.0057894737,0.53209","-0.30572408,0.9780667,0.96881163","-0.029194428,0.13447915,0.104080044,0.41740224,-0.032576997,0.87718797,0.72298247,-0.0057894737,0.53209",0.0
"-0.029194428,0.13447915,0.104080044,0.41740224,-0.032576997,0.87718797,0.72298247,-0.0057894737,0.53209","0.42218864,0.5447688,0.9735882","0.011121527,0.20938206,0.20867325,0.64847755,0.028459115,0.6610001,0.72298247,-0.0057894737,0.53209",0.0
"0.011121527,0.20938206,0.20867325,0.64847755,0.028459115,0.6610001,0.72298247,-0.0057894737,0.53209","0.022332072,0.23683584,0.7935755","0.01325408,0.24194579,0.29392758,0.7357538,0.036447816,0.48240748,0.72298247,-0.0057894737,0.53209",0.0
"0.01325408,0.24194579,0.29392758,0.7357538,0.036447816,0.48240748,0.72298247,-0.0057894737,0.53209","-0.23319185,0.03564143,-0.25134546","-0.009014046,0.24684633,0.2669254,0.73291045,-0.014968741,0.5144059,0.72298247,-0.0057894737,0.53209",0.0
"-0.009014046,0.24684633,0.2669254,0.73291045,-0.014968741,0.5144059,0.72298247,-0.0057894737,0.53209","0.09141123,-0.10286254,-0.018372953","-0.00028493357,0.2327033,0.2649516,0.71437615,0.005149751,0.5423139,0.72298247,-0.0057894737,0.53209",0.0
"0.0,0.0,0.0,2.8652207e-07,0.005789075,0.993462,0.6932164,0.12157895,0.62845707","-0.026201129,0.9325459,0.7507578","-0.0025020118,0.12822026,0.08065438,0.37838286,0.002815082,0.902211,0.6932164,0.12157895,0.62845707",0.0
"-0.0025020118,0.12822026,0.08065438,0.37838286,0.002815082,0.902211,0.6932164,0.12157895,0.62845707","0.2542858,0.859689,0.9710752","0.02178044,0.2464231,0.18497758,0.6858256,0.052803967,0.6326175,0.6932164,0.12157895,0.62845707",0.0
"0.02178044,0.2464231,0.18497758,0.6858256,0.052803967,0.6326175,0.6932164,0.12157895,0.62845707","0.32525158,-0.04450375,0.0130262375","0.05283961,0.24030408,0.18637699,0.66948915,0.118037775,0.6409299,0.6932164,0.12157895,0.62845707",0.0
"0.05283961,0.24030408,0.18637699,0.66948915,0.118037775,0.6409299,0.6932164,0.12157895,0.62845707","0.014188886,-0.015622318,0.048895","0.05419455,0.23815611,0.19162984,0.6694507,0.12096729,0.6373815,0.6932164,0.12157895,0.62845707",0.0
"0.05419455,0.23815611,0.19162984,0.6694507,0.12096729,0.6373815,0.6932164,0.12157895,0.62845707","0.09193027,0.012233257,0.042506695","0.06297323,0.23983815,0.19619638,0.6713174,0.14047545,0.62835,0.6932164,0.12157895,0.62845707",0.0
"0.06297323,0.23983815,0.19619638,0.6713174,0.14047545,0.62835,0.6932164,0.12157895,0.62845707","-0.14603567,-0.027311921,0.02627945","0.04902789,0.23608294,0.19901963,0.6732787,0.11038886,0.63074785,0.6932164,0.12157895,0.62845707",0.0
"0.04902789,0.23608294,0.19901963,0.6732787,0.11038886,0.63074785,0.6932164,0.12157895,0.62845707","-0.011339426,-0.00048828125,-0.009659648","0.04794506,0.23601581,0.1979819,0.6728644,0.10797867,0.63228023,0.6932164,0.12157895,0.62845707",0.0
"0.04794506,0.23601581,0.1979819,0.6728644,0.10797867,0.63228023,0.6932164,0.12157895,0.62845707","0.07017112,0.007952213,0.031233907","0.054645896,0.23710924,0.20133738,0.6742144,0.12277251,0.6258537,0.6932164,0.12157895,0.62845707",0.0
"0.054645896,0.23710924,0.20133738,0.6742144,0.12277251,0.6258537,0.6932164,0.12157895,0.62845707","0.02648735,0.0055315495,-0.0056627393","0.057175253,0.23786981,0.20072904,0.67390937,0.1282513,0.6254191,0.6932164,0.12157895,0.62845707",0.0
"0.057175253,0.23786981,0.20072904,0.67390937,0.1282513,0.6254191,0.6932164,0.12157895,0.62845707","-0.03465295,-0.022461534,-0.03302616","0.05386615,0.23478149,0.19718105,0.6684206,0.12007955,0.635422,0.6932164,0.12157895,0.62845707",0.0
"0.05386615,0.23478149,0.19718105,0.6684206,0.12007955,0.635422,0.6932164,0.12157895,0.62845707","-0.09695619,0.043604016,0.07226181","0.044607542,0.24077684,0.20494421,0.6852952,0.102516696,0.614701,0.6932164,0.12157895,0.62845707",0.0
"0.044607542,0.24077684,0.20494421,0.6852952,0.102516696,0.614701,0.6932164,0.12157895,0.62845707","-0.0044158697,-0.011744797,-0.06887424","0.044185866,0.23916203,0.19754504,0.6783514,0.10061961,0.6276323,0.6932164,0.12157895,0.62845707",0.0
"0.044185866,0.23916203,0.19754504,0.6783514,0.10061961,0.6276323,0.6932164,0.12157895,0.62845707","0.104496,-0.029791534,-0.022597194","0.054164477,0.23506586,0.19511743,0.6673332,0.12053835,0.63776183,0.6932164,0.12157895,0.62845707",0.0
"0.054164477,0.23506586,0.19511743,0.6673332,0.12053835,0.63776183,0.6932164,0.12157895,0.62845707","0.1016531,-0.020357132,0.014076233","0.063871615,0.23226689,0.19662967,0.66031253,0.14021282,0.6403256,0.6932164,0.12157895,0.62845707",0.0
"0.063871615,0.23226689,0.19662967,0.66031253,0.14021282,0.6403256,0.6932164,0.12157895,0.62845707","-0.10767233,0.04657924,0.031522512","0.053589694,0.23867132,0.20001617,0.6759945,0.120768435,0.62505823,0.6932164,0.12157895,0.62845707",0.0
"0.0,0.0,0.0,2.8652207e-07,0.005789075,0.993462,0.63309944,0.34918126,0.53209","0.35997212,0.8025708,0.9898319","0.03437473,0.11034936,0.10633826,0.37111878,0.04605723,0.89864224,0.63309944,0.34918126,0.53209",0.0
"0.03437473,0.11034936,0.10633826,0.37111878,0.04605723,0.89864224,0.63309944,0.34918126,0.53209","0.8871341,0.65059936,0.9174653","0.11908959,0.19980344,0.20490216,0.5857818,0.23621137,0.68099034,0.63309944,0.34918126,0.53209",0.0
"0.11908959,0.19980344,0.20490216,0.5857818,0.23621137,0.68099034,0.63309944,0.34918126,0.53209","0.20773506,0.35095632,0.55131245","0.13892679,0.24805814,0.26413,0.66222394,0.3152849,0.51642054,0.63309944,0.34918126,0.53209",0.0
"0.13892679,0.24805814,0.26413,0.66222394,0.3152849,0.51642054,0.63309944,0.34918126,0.53209","0.116331935,-0.07332039,-0.11831689","0.15003565,0.23797698,0.2514192,0.6343925,0.32982716,0.5530596,0.63309944,0.34918126,0.53209",0.0
"0.15003565,0.23797698,0.2514192,0.6343925,0.32982716,0.5530596,0.63309944,0.34918126,0.53209","-0.019665599,-0.0006055236,-0.0026227832","0.14815773,0.23789375,0.25113744,0.63610935,0.3259691,0.5536181,0.63309944,0.34918126,0.53209",0.0
"0.14815773,0.23789375,0.25113744,0.63610935,0.3259691,0.5536181,0.63309944,0.34918126,0.53209","-0.0069032907,-0.015504777,0.013025999","0.1474985,0.23576196,0.25253683,0.6348811,0.32370096,0.55527765,0.63309944,0.34918126,0.53209",0.0
"0.1474985,0.23576196,0.25253683,0.6348811,0.32370096,0.55527765,0.63309944,0.34918126,0.53209","0.03281474,0.010409355,0.014816403","0.15063208,0.23719321,0.2541286,0.63400525,0.3311339,0.550449,0.63309944,0.34918126,0.53209",0.0
"0.15063208,0.23719321,0.2541286,0.63400525,0.3311339,0.550449,0.63309944,0.34918126,0.53209","-0.06115973,0.033520103,0.0053659678","0.14479177,0.24180208,0.2547051,0.6455783,0.32218745,0.5415239,0.63309944,0.34918126,0.53209",0.0
"0.14479177,0.24180208,0.2547051,0.6455783,0.32218745,0.5415239,0.63309944,0.34918126,0.53209","0.077397585,0.012360454,-0.011925817","0.15218268,0.2435016,0.2534239,0.63934714,0.33782622,0.5404203,0.63309944,0.34918126,0.53209",0.0
"0.0,0.0,0.0,2.8652207e-07,0.005789075,0.993462,0.048830412,-0.0057894737,0.8480616","0.19935262,-0.5672891,0.8365725","0.019036716,-0.077999346,0.089873545,-0.04361246,0.0031880673,0.9836581,0.048830412,-0.0057894737,0.8480616",0.0
"0.019036716,-0.077999346,0.089873545,-0.04361246,0.0031880673,0.9836581,0.048830412,-0.0057894737,0.8480616","0.236794,-0.6475098,0.7140012","0.041648813,-0.16702865,0.1665792,-0.12552659,-0.01067978,0.9543461,0.048830412,-0.0057894737,0.8480616",0.0
"0.041648813,-0.16702865,0.1665792,-0.12552659,-0.01067978,0.9543461,0.048830412,-0.0057894737,0.8480616","-0.28605253,-0.2808509,0.98213434","0.014332859,-0.20564425,0.27209055,-0.061495278,0.003024142,0.9119424,0.048830412,-0.0057894737,0.8480616",0.0
"0.014332859,-0.20564425,0.27209055,-0.061495278,0.003024142,0.9119424,0.048830412,-0.0057894737,0.8480616","-0.036649644,-0.12268847,0.59136975","0.0108330725,-0.22251333,0.33562186,-0.012528836,0.005365964,0.8735546,0.048830412,-0.0057894737,0.8480616",0.0
"0.0108330725,-0.22251333,0.33562186,-0.012528836,0.005365964,0.8735546,0.048830412,-0.0057894737,0.8480616","-0.44081908,0.013172984,0.36113214","-0.031261962,-0.22070214,0.3744186,0.03880598,0.001993734,0.8440601,0.048830412,-0.0057894737,0.8480616",0.0
"0.0,0.0,0.0,2.8652207e-07,0.005789075,0.993462,-0.02374269,-0.21672514,0.47566882","-0.80362034,0.690392,0.8649504","-0.0767399,0.09492535,0.092922166,0.3184832,-0.07234321,0.9219009,-0.02374269,-0.21672514,0.47566882",0.0
"-0.0767399,0.09492535,0.092922166,0.3184832,-0.07234321,0.9219009,-0.02374269,-0.21672514,0.47566882","-0.9409127,-0.55495656,0.930768","-0.16659024,0.018621672,0.19291519,0.2573759,-0.1418301,0.9017921,-0.02374269,-0.21672514,0.47566882",0.0
"-0.16659024,0.018621672,0.19291519,0.2573759,-0.1418301,0.9017921,-0.02374269,-0.21672514,0.47566882","-0.75717866,0.075850844,0.95638824","-0.23889531,0.029050766,0.29566061,0.3107656,-0.2818903,0.78562725,-0.02374269,-0.21672514,0.47566882",0.0
"-0.23889531,0.029050766,0.29566061,0.3107656,-0.2818903,0.78562725,-0.02374269,-0.21672514,0.47566882","-0.9146024,-0.5906732,0.9337226","-0.3262332,-0.052163772,0.39597103,0.19311348,-0.30674112,0.73671,-0.02374269,-0.21672514,0.47566882",0.0
"-0.3262332,-0.052163772,0.39597103,0.19311348,-0.30674112,0.73671,-0.02374269,-0.21672514,0.47566882","-0.8146257,-0.66727954,0.6036948","-0.40402406,-0.1439113,0.46082646,0.08292438,-0.24714614,0.72214234,-0.02374269,-0.21672514,0.47566882",0.0
"-0.40402406,-0.1439113,0.46082646,0.08292438,-0.24714614,0.72214234,-0.02374269,-0.21672514,0.47566882","-0.8674698,0.058966994,0.77964437","-0.4868611,-0.13580365,0.54458416,0.019236498,-0.32550293,0.6001637,-0.02374269,-0.21672514,0.47566882",0.0
"-0.4868611,-0.13580365,0.54458416,0.019236498,-0.32550293,0.6001637,-0.02374269,-0.21672514,0.47566882","-0.64295864,-0.7397528,0.9356475","-0.54825896,-0.2375159,0.64510137,-0.029723082,-0.2328706,0.5204907,-0.02374269,-0.21672514,0.47566882",0.0
"-0.54825896,-0.2375159,0.64510137,-0.029723082,-0.2328706,0.5204907,-0.02374269,-0.21672514,0.47566882","0.16589677,-0.12173933,0.3416195","-0.53241706,-0.25425443,0.68180186,-0.017368637,-0.2268926,0.4745011,-0.02374269,-0.21672514,0.47566882",0.0
"0.0,0.0,0.0,2.8652207e-07,0.005789075,0.993462,0.8240351,0.1433918,0.33098742","0.21446013,0.89556193,-0.63433725","0.0204794,0.12313518,-0.06814728,0.16959082,0.016727405,0.9719277,0.8240351,0.1433918,0.33098742",0.0
"0.0204794,0.12313518,-0.06814728,0.16959082,0.016727405,0.9719277,0.8240351,0.1433918,0.33098742","0.027846575,0.8413758,0.9771421","0.02313855,0.23882005,0.036827676,0.53626794,0.044855695,0.81482655,0.8240351,0.1433918,0.33098742",0.0
"0.02313855,0.23882005,0.036827676,0.53626794,0.044855695,0.81482655,0.8240351,0.1433918,0.33098742","0.21959019,0.80237687,0.798311","0.04410782,0.34914276,0.12259071,0.77926147,0.11452326,0.53327715,0.8240351,0.1433918,0.33098742",0.0
"0.04410782,0.34914276,0.12259071,0.77926147,0.11452326,0.53327715,0.8240351,0.1433918,0.33098742","-0.10464358,0.26201773,0.8553798","0.03411512,0.38516885,0.2144847,0.85820997,0.09815611,0.3238733,0.8240351,0.1433918,0.33098742",0.0
"0.03411512,0.38516885,0.2144847,0.85820997,0.09815611,0.3238733,0.8240351,0.1433918,0.33098742","-0.088095784,-0.11286676,0.1874237","0.025702616,0.36965027,0.23461974,0.85050666,0.074633695,0.3251814,0.8240351,0.1433918,0.33098742",0.0
"0.025702616,0.36965027,0.23461974,0.85050666,0.074633695,0.3251814,0.8240351,0.1433918,0.33098742","0.074380755,-0.03514117,0.12719262","0.03280544,0.3648186,0.24828412,0.8463306,0.09335424,0.31399834,0.8240351,0.1433918,0.33098742",0.0
"0.03280544,0.3648186,0.24828412,0.8463306,0.09335424,0.31399834,0.8240351,0.1433918,0.33098742","0.050950646,-0.049619913,0.01808405","0.03767086,0.35799614,0.25022689,0.83925176,0.10561877,0.32510066,0.8240351,0.1433918,0.33098742",0.0
"0.03767086,0.35799614,0.25022689,0.83925176,0.10561877,0.32510066,0.8240351,0.1433918,0.33098742","-0.13782191,-0.11916751,0.036277533","0.02450987,0.34161124,0.25412422,0.82889444,0.06975801,0.35257766,0.8240351,0.1433918,0.33098742",0.0
"0.02450987,0.34161124,0.25412422,0.82889444,0.06975801,0.35257766,0.8240351,0.1433918,0.33098742","0.17845762,0.07767284,0.11201477","0.041551284,0.35229087,0.26615804,0.8347329,0.11542579,0.31205338,0.8240351,0.1433918,0.33098742",0.0
"0.041551284,0.35229087,0.26615804,0.8347329,0.11542579,0.31205338,0.8240351,0.1433918,0.33098742","-0.16523159,-0.032078624,-0.04081565","0.02577287,0.34788027,0.26177317,0.8352434,0.07358418,0.3279249,0.8240351,0.1433918,0.33098742",0.0
"0.02577287,0.34788027,0.26177317,0.8352434,0.07358418,0.3279249,0.8240351,0.1433918,0.33098742","-0.04575652,0.0046749115,0.05458486","0.021403456,0.34852308,0.26763728,0.837313,0.062189262,0.3174793,0.8240351,0.1433918,0.33098742",0.0
"0.021403456,0.34852308,0.26763728,0.837313,0.062189262,0.3174793,0.8240351,0.1433918,0.33098742","0.17456019,0.042941928,0.031261086","0.03807269,0.3544274,0.27099568,0.8380337,0.106547914,0.30011478,0.8240351,0.1433918,0.33098742",0.0
"0.03807269,0.3544274,0.27099568,0.8380337,0.106547914,0.30011478,0.8240351,0.1433918,0.33098742","-0.062112927,-0.025151491,-0.08669782","0.032141358,0.35096923,0.26168168,0.8362502,0.09054742,0.32173955,0.8240351,0.1433918,0.33098742",0.0
"0.032141358,0.35096923,0.26168168,0.8362502,0.09054742,0.32173955,0.8240351,0.1433918,0.33098742","0.17622662,-0.081835985,0.07411933","0.048969723,0.3397172,0.26964438,0.82146776,0.13324216,0.33230925,0.8240351,0.1433918,0.33098742",0.0
"0.0,0.0,0.0,2.8652207e-07,0.005789075,0.993462,0.72298247,-0.0057894737,0.53209","-0.14039701,0.9571682,0.6873543","-0.01340689,0.13160571,0.0738429,0.3766559,-0.010079411,0.9041829,0.72298247,-0.0057894737,0.53209",0.0
"-0.01340689,0.13160571,0.0738429,0.3766559,-0.010079411,0.9041829,0.72298247,-0.0057894737,0.53209","0.059990764,0.86115,0.9820124","-0.0076782038,0.25000942,0.17934111,0.6891156,-0.010834911,0.634227,0.72298247,-0.0057894737,0.53209",0.0
"-0.0076782038,0.25000942,0.17934111,0.6891156,-0.010834911,0.634227,0.72298247,-0.0057894737,0.53209","0.07055938,0.026610851,0.60698557","-0.00094029197,0.2536683,0.24454994,0.73206687,0.0036268516,0.5354666,0.72298247,-0.0057894737,0.53209",0.0
"0.0,0.0,0.0,2.8652207e-07,0.005789075,0.993462,0.10532164,-0.10584795,0.83518213","-0.71108973,-0.016334474,0.9276705","-0.06790391,-0.0022459154,0.09966025,0.13080278,-0.02241138,0.972694,0.10532164,-0.10584795,0.83518213",0.0
"-0.06790391,-0.0022459154,0.09966025,0.13080278,-0.02241138,0.972694,0.10532164,-0.10584795,0.83518213","-0.7430874,-0.38517594,0.80401254","-0.13886338,-0.055205647,0.18603589,0.12470654,-0.05175225,0.94553983,0.10532164,-0.10584795,0.83518213",0.0
"-0.13886338,-0.055205647,0.18603589,0.12470654,-0.05175225,0.94553983,0.10532164,-0.10584795,0.83518213","-0.2352289,-0.41978812,0.62154007","-0.16132605,-0.11292438,0.2528084,0.09134022,-0.04408992,0.918778,0.10532164,-0.10584795,0.83518213",0.0
"-0.16132605,-0.11292438,0.2528084,0.09134022,-0.04408992,0.918778,0.10532164,-0.10584795,0.83518213","-0.7180427,-0.19812948,0.55673397","-0.22989394,-0.1401662,0.31261873,0.093745284,-0.074876815,0.8803083,0.10532164,-0.10584795,0.83518213",0.0
"-0.22989394,-0.1401662,0.31261873,0.093745284,-0.074876815,0.8803083,0.10532164,-0.10584795,0.83518213","-0.17240965,-0.07000357,0.41896117","-0.24635781,-0.14979136,0.35762805,0.1131591,-0.102503754,0.8427371,0.10532164,-0.10584795,0.83518213",0.0
"0.0,0.0,0.0,2.8652207e-07,0.005789075,0.993462,0.73491234,0.40432748,0.12066658","0.9159272,0.93996143,0.9830687","0.08746441,0.12923987,0.1056117,0.39326355,0.1168793,0.88117313,0.73491234,0.40432748,0.12066658",0.0
"0.08746441,0.12923987,0.1056117,0.39326355,0.1168793,0.88117313,0.73491234,0.40432748,0.12066658","0.6401906,0.82531345,0.96145153","0.14859797,0.24271624,0.20890106,0.62082535,0.31937304,0.6058912,0.73491234,0.40432748,0.12066658",0.0
"0.14859797,0.24271624,0.20890106,0.62082535,0.31937304,0.6058912,0.73491234,0.40432748,0.12066658","0.25617754,0.7471217,0.71353436","0.17306107,0.34544167,0.2855565,0.7142387,0.43848953,0.2958396,0.73491234,0.40432748,0.12066658",0.0
"0.17306107,0.34544167,0.2855565,0.7142387,0.43848953,0.2958396,0.73491234,0.40432748,0.12066658","-0.2126131,0.110015154,0.8576745","0.15275806,0.3605682,0.377697,0.73506004,0.3891175,0.122709714,0.73491234,0.40432748,0.12066658",0.0
"0.0,0.0,0.0,2.8652207e-07,0.005789075,0.993462,-0.0053216377,-0.0025730995,0.23331277","0.20947409,-0.7494685,0.97603893","0.02000324,-0.103048086,0.10485651,-0.07642486,0.0009914675,0.9782661,-0.0053216377,-0.0025730995,0.23331277",0.0
"0.02000324,-0.103048086,0.10485651,-0.07642486,0.0009914675,0.9782661,-0.0053216377,-0.0025730995,0.23331277","0.5936297,-0.83420825,0.9637338","0.07669056,-0.21774745,0.2083911,-0.16911906,-0.035591867,0.9290901,-0.0053216377,-0.0025730995,0.23331277",0.0
"0.07669056,-0.21774745,0.2083911,-0.16911906,-0.035591867,0.9290901,-0.0053216377,-0.0025730995,0.23331277","0.4902377,-0.78986657,0.95927334","0.12350469,-0.3263501,0.31144652,-0.22840255,-0.087099046,0.85229486,-0.0053216377,-0.0025730995,0.23331277",0.0
"0.12350469,-0.3263501,0.31144652,-0.22840255,-0.087099046,0.85229486,-0.0053216377,-0.0025730995,0.23331277","0.6435559,0.13792443,0.97362125","0.1849596,-0.30738625,0.4160433,-0.0627943,-0.034310974,0.8077334,-0.0053216377,-0.0025730995,0.23331277",0.0
"0.1849596,-0.30738625,0.4160433,-0.0627943,-0.034310974,0.8077334,-0.0053216377,-0.0025730995,0.23331277","0.14525127,-0.70252156,0.9903288","0.19883005,-0.40397942,0.52243507,-0.09129072,-0.058678806,0.7017572,-0.0053216377,-0.0025730995,0.23331277",0.0
"0.19883005,-0.40397942,0.52243507,-0.09129072,-0.058678806,0.7017572,-0.0053216377,-0.0025730995,0.23331277","0.7693026,0.05554366,0.9612248","0.27229288,-0.39634252,0.62570006,0.0022774595,0.0114473635,0.5955496,-0.0053216377,-0.0025730995,0.23331277",0.0
"0.27229288,-0.39634252,0.62570006,0.0022774595,0.0114473635,0.5955496,-0.0053216377,-0.0025730995,0.23331277","-0.19999981,-0.75998497,0.9494066","0.25319436,-0.5008366,0.7276955,-0.028762558,-0.02107523,0.466164,-0.0053216377,-0.0025730995,0.23331277",0.0
"0.25319436,-0.5008366,0.7276955,-0.028762558,-0.02107523,0.466164,-0.0053216377,-0.0025730995,0.23331277","0.8159262,-0.5937487,0.9127774","0.33110937,-0.58247405,0.82575583,-0.02632752,-0.033433355,0.33060423,-0.0053216377,-0.0025730995,0.23331277",0.0
"0.33110937,-0.58247405,0.82575583,-0.02632752,-0.033433355,0.33060423,-0.0053216377,-0.0025730995,0.23331277","0.71856046,-0.2198785,0.549814","0.3997267,-0.61270624,0.8848228,-0.014066895,-0.024482237,0.24656497,-0.0053216377,-0.0025730995,0.23331277",0.0
"0.3997267,-0.61270624,0.8848228,-0.014066895,-0.024482237,0.24656497,-0.0053216377,-0.0025730995,0.23331277","-0.4381063,0.18734193,-0.03636092","0.35789073,-0.5869478,0.88091654,-0.010113628,-0.007719764,0.25337374,-0.0053216377,-0.0025730995,0.23331277",0.0
"0.35789073,-0.5869478,0.88091654,-0.010113628,-0.007719764,0.25337374,-0.0053216377,-0.0025730995,0.23331277","0.11442876,0.020562649,0.12071264","0.3688178,-0.5841206,0.8938849,-0.00641827,-0.00022859339,0.23455268,-0.0053216377,-0.0025730995,0.23331277",0.0
"0.0,0.0,0.0,2.8652207e-07,0.005789075,0.993462,-0.34356725,0.26011696,0.47972226","-0.64934117,-0.9973628,0.41945446","-0.062007375,-0.13713227,0.045062285,-0.22640367,0.050571162,0.9605372,-0.34356725,0.26011696,0.47972226",0.0
"-0.062007375,-0.13713227,0.045062285,-0.22640367,0.050571162,0.9605372,-0.34356725,0.26011696,0.47972226","-0.023556113,-0.9119668,0.27244568","-0.06425682,-0.26252306,0.07433134,-0.43617904,0.09517601,0.868416,-0.34356725,0.26011696,0.47972226",0.0
"-0.06425682,-0.26252306,0.07433134,-0.43617904,0.09517601,0.868416,-0.34356725,0.26011696,0.47972226","-0.5662019,-0.8655629,0.92590714","-0.11832499,-0.38153353,0.1738022,-0.49688816,0.19992743,0.7795015,-0.34356725,0.26011696,0.47972226",0.0
"-0.11832499,-0.38153353,0.1738022,-0.49688816,0.19992743,0.7795015,-0.34356725,0.26011696,0.47972226","0.023940802,-0.8135628,0.6463069","-0.11603882,-0.4933943,0.24323541,-0.5851137,0.2294778,0.6595465,-0.34356725,0.26011696,0.47972226",0.0
"-0.11603882,-0.4933943,0.24323541,-0.5851137,0.2294778,0.6595465,-0.34356725,0.26011696,0.47972226","-0.64634323,-0.36442924,0.9459313","-0.1777599,-0.5435015,0.34485745,-0.4790627,0.3061413,0.6346354,-0.34356725,0.26011696,0.47972226",0.0
"-0.1777599,-0.5435015,0.34485745,-0.4790627,0.3061413,0.6346354,-0.34356725,0.26011696,0.47972226","-0.1041674,-0.19757974,0.5257969","-0.18770714,-0.57066774,0.40134418,-0.43744418,0.29966918,0.61344373,-0.34356725,0.26011696,0.47972226",0.0
"-0.18770714,-0.57066774,0.40134418,-0.43744418,0.29966918,0.61344373,-0.34356725,0.26011696,0.47972226","-0.29144073,-0.28301287,0.7074444","-0.21553761,-0.6095806,0.4773454,-0.3692467,0.30427638,0.57273716,-0.34356725,0.26011696,0.47972226",0.0
"-0.21553761,-0.6095806,0.4773454,-0.3692467,0.30427638,0.57273716,-0.34356725,0.26011696,0.47972226","0.38720572,-0.42474973,0.91509295","-0.17856228,-0.66798156,0.57565445,-0.34936666,0.22634542,0.49721128,-0.34356725,0.26011696,0.47972226",0.0
"-0.17856228,-0.66798156,0.57565445,-0.34936666,0.22634542,0.49721128,-0.34356725,0.26011696,0.47972226","-0.24516761,0.245862,0.16260469","-0.201974,-0.63417685,0.5931232,-0.27918175,0.21268356,0.52313244,-0.34356725,0.26011696,0.47972226",0.0
"-0.201974,-0.63417685,0.5931232,-0.27918175,0.21268356,0.52313244,-0.34356725,0.26011696,0.47972226","0.21787643,-0.31278056,-0.05956292","-0.18116839,-0.6771826,0.5867244,-0.34385437,0.2268645,0.4852417,-0.34356725,0.26011696,0.47972226",0.0
"-0.18116839,-0.6771826,0.5867244,-0.34385437,0.2268645,0.4852417,-0.34356725,0.26011696,0.47972226","0.02601254,-0.017475367,0.091534734","-0.17868438,-0.67958546,0.5965581,-0.33654767,0.21847276,0.48023188,-0.34356725,0.26011696,0.47972226",0.0
"-0.17868438,-0.67958546,0.5965581,-0.33654767,0.21847276,0.48023188,-0.34356725,0.26011696,0.47972226","-0.18748552,-0.025263071,0.025670767","-0.1965879,-0.6830591,0.59931594,-0.32394174,0.23719436,0.47604722,-0.34356725,0.26011696,0.47972226",0.0
"-0.1965879,-0.6830591,0.59931594,-0.32394174,0.23719436,0.47604722,-0.34356725,0.26011696,0.47972226","-0.0846262,0.07172227,-0.01615882","-0.2046691,-0.6731977,0.5975801,-0.310493,0.2398549,0.4861103,-0.34356725,0.26011696,0.47972226",0.0
"-0.2046691,-0.6731977,0.5975801,-0.310493,0.2398549,0.4861103,-0.34356725,0.26011696,0.47972226","-0.025336742,-0.107987285,-0.062420845","-0.20708857,-0.68804544,0.5908742,-0.32978126,0.25828335,0.47323582,-0.34356725,0.26011696,0.47972226",0.0
"0.0,0.0,0.0,2.8652207e-07,0.005789075,0.993462,-0.16935673,-0.0057894737,0.49515146","0.3576908,-0.8480057,0.91465104","0.034156863,-0.11659644,0.09826157,-0.11432728,-0.0064927717,0.97556955,-0.16935673,-0.0057894737,0.49515146",0.0
"0.034156863,-0.11659644,0.09826157,-0.11432728,-0.0064927717,0.97556955,-0.16935673,-0.0057894737,0.49515146","-0.1603685,-0.614923,0.90517735","0.01884282,-0.20114523,0.1955054,-0.1566126,-0.0034824873,0.9379055,-0.16935673,-0.0057894737,0.49515146",0.0
"0.01884282,-0.20114523,0.1955054,-0.1566126,-0.0034824873,0.9379055,-0.16935673,-0.0057894737,0.49515146","0.28895545,-0.8671538,0.83420336","0.046435967,-0.32037446,0.28512445,-0.26743606,-0.03344221,0.86125994,-0.16935673,-0.0057894737,0.49515146",0.0
"0.046435967,-0.32037446,0.28512445,-0.26743606,-0.03344221,0.86125994,-0.16935673,-0.0057894737,0.49515146","-0.87677073,-0.71603125,0.98283553","-0.03728928,-0.41882512,0.3907112,-0.30039006,0.041180965,0.7696482,-0.16935673,-0.0057894737,0.49515146",0.0
"-0.03728928,-0.41882512,0.3907112,-0.30039006,0.041180965,0.7696482,-0.16935673,-0.0057894737,0.49515146","0.0005892515,-0.44029105,0.94034433","-0.037233014,-0.4793629,0.49173304,-0.2644165,0.036899935,0.68818665,-0.16935673,-0.0057894737,0.49515146",0.0
"-0.037233014,-0.4793629,0.49173304,-0.2644165,0.036899935,0.68818665,-0.16935673,-0.0057894737,0.49515146","0.43219316,-0.3393426,0.9836072","0.0040382924,-0.5260208,0.59740263,-0.20197447,0.0032271345,0.59379995,-0.16935673,-0.0057894737,0.49515146",0.0
"0.0040382924,-0.5260208,0.59740263,-0.20197447,0.0032271345,0.59379995,-0.16935673,-0.0057894737,0.49515146","0.19334614,-0.31172192,0.7410151","0.022501444,-0.56888103,0.67701036,-0.16523752,-0.0058964984,0.5060494,-0.16935673,-0.0057894737,0.49515146",0.0
"0.0,0.0,0.0,2.8652207e-07,0.005789075,0.993462,0.039766084,0.0075438595,0.52215254","0.2687676,-0.7762574,0.9878408","0.025665341,-0.10673142,0.106124386,-0.08252151,-0.0008600698,0.9774241,0.039766084,0.0075438595,0.52215254",0.0
"0.025665341,-0.10673142,0.106124386,-0.08252151,-0.0008600698,0.9774241,0.039766084,0.0075438595,0.52215254","0.63618493,-0.22548914,0.99391377","0.08641636,-0.13773504,0.21290122,-0.0028880085,0.0052053286,0.94471765,0.039766084,0.0075438595,0.52215254",0.0
"0.08641636,-0.13773504,0.21290122,-0.0028880085,0.0052053286,0.94471765,0.039766084,0.0075438595,0.52215254","-0.21048468,-0.42582977,0.92618775","0.0663166,-0.19628449,0.31240222,0.0082010245,0.0076508746,0.88934296,0.039766084,0.0075438595,0.52215254",0.0
"0.0663166,-0.19628449,0.31240222,0.0082010245,0.0076508746,0.88934296,0.039766084,0.0075438595,0.52215254","-0.36876416,-0.49639142,0.83363724","0.031102285,-0.26453578,0.4019605,-0.010829855,0.0047553526,0.8229024,0.039766084,0.0075438595,0.52215254",0.0
"0.031102285,-0.26453578,0.4019605,-0.010829855,0.0047553526,0.8229024,0.039766084,0.0075438595,0.52215254","0.076342344,-0.68380857,0.9452357","0.038392417,-0.358556,0.50350785,-0.05660672,-0.0010293478,0.7276034,0.039766084,0.0075438595,0.52215254",0.0
"0.038392417,-0.358556,0.50350785,-0.05660672,-0.0010293478,0.7276034,0.039766084,0.0075438595,0.52215254","0.027730465,-0.06368822,0.92614186","0.041040473,-0.36731285,0.6030039,0.03016691,0.009748927,0.62145716,0.039766084,0.0075438595,0.52215254",0.0
"0.041040473,-0.36731285,0.6030039,0.03016691,0.009748927,0.62145716,0.039766084,0.0075438595,0.52215254","0.043881655,-0.1356678,0.5462048","0.045230843,-0.3859665,0.6616831,0.052212734,0.013317682,0.549267,0.039766084,0.0075438595,0.52215254",0.0
"0.045230843,-0.3859665,0.6616831,0.052212734,0.013317682,0.549267,0.039766084,0.0075438595,0.52215254","-0.096437395,-0.13514698,0.26347578","0.03602177,-0.4045486,0.68998855,0.04955551,0.011458509,0.51386774,0.039766084,0.0075438595,0.52215254",0.0
"0.0,0.0,0.0,2.8652207e-07,0.005789075,0.993462,0.16842106,-0.13842104,0.47566882","-0.7675468,0.23993456,0.9735365","-0.073295146,0.032989763,0.104587644,0.20924987,-0.04310664,0.955399,0.16842106,-0.13842104,0.47566882",0.0
"-0.073295146,0.032989763,0.104587644,0.20924987,-0.04310664,0.955399,0.16842106,-0.13842104,0.47566882","-0.53380257,-0.26388645,0.9042735","-0.124269426,-0.003293277,0.20173435,0.24302126,-0.093749896,0.9092037,0.16842106,-0.13842104,0.47566882",0.0
"-0.124269426,-0.003293277,0.20173435,0.24302126,-0.093749896,0.9092037,0.16842106,-0.13842104,0.47566882","-0.24886096,-0.16313052,0.98934436","-0.14803383,-0.0257229,0.3080203,0.29965433,-0.1438807,0.8214411,0.16842106,-0.13842104,0.47566882",0.0
"-0.14803383,-0.0257229,0.3080203,0.29965433,-0.1438807,0.8214411,0.16842106,-0.13842104,0.47566882","-0.026013076,-0.76161146,0.9364991","-0.1505179,-0.13044058,0.40862903,0.21543264,-0.103707775,0.7784425,0.16842106,-0.13842104,0.47566882",0.0
"-0.1505179,-0.13044058,0.40862903,0.21543264,-0.103707775,0.7784425,0.16842106,-0.13842104,0.47566882","-0.49729872,-0.33629453,0.9649149","-0.19800632,-0.17667937,0.51229054,0.20383815,-0.13903208,0.6744555,0.16842106,-0.13842104,0.47566882",0.0
"-0.19800632,-0.17667937,0.51229054,0.20383815,-0.13903208,0.6744555,0.16842106,-0.13842104,0.47566882","0.039128304,-0.24176282,0.6539781","-0.19426985,-0.20992054,0.5825479,0.20132223,-0.13373865,0.596275,0.16842106,-0.13842104,0.47566882",0.0
"-0.19426985,-0.20992054,0.5825479,0.20132223,-0.13373865,0.596275,0.16842106,-0.13842104,0.47566882","-0.36184764,-0.2063986,0.71569073","-0.22882369,-0.23829931,0.65943503,0.18369882,-0.15305722,0.49937162,0.16842106,-0.13842104,0.47566882",0.0
"-0.22882369,-0.23829931,0.65943503,0.18369882,-0.15305722,0.49937162,0.16842106,-0.13842104,0.47566882","0.022383332,-0.14869672,0.21649861","-0.22668624,-0.25874436,0.6826937,0.17225437,-0.14105667,0.4756083,0.16842106,-0.13842104,0.47566882",0.0
"0.0,0.0,0.0,2.8652207e-07,0.005789075,0.993462,-0.054619886,0.13894737,0.6313337","0.3279345,-0.5488868,0.91871","0.03131535,-0.07546912,0.09869763,-0.0260877,0.0032423118,0.98255247,-0.054619886,0.13894737,0.6313337",0.0
"0.03131535,-0.07546912,0.09869763,-0.0260877,0.0032423118,0.98255247,-0.054619886,0.13894737,0.6313337","0.56569684,-0.7334346,0.9910674","0.085335284,-0.17631264,0.20516868,-0.09013167,-0.018755816,0.9432113,-0.054619886,0.13894737,0.6313337",0.0
"0.085335284,-0.17631264,0.20516868,-0.09013167,-0.018755816,0.9432113,-0.054619886,0.13894737,0.6313337","0.4560907,0.2816193,0.97074914","0.12888862,-0.13759145,0.3094569,0.10905649,0.053040065,0.88219625,-0.054619886,0.13894737,0.6313337",0.0
"0.12888862,-0.13759145,0.3094569,0.10905649,0.053040065,0.88219625,-0.054619886,0.13894737,0.6313337","0.8768978,-0.8307748,0.56924367","0.21262598,-0.25181878,0.3706112,-0.023002215,-0.010774232,0.8475592,-0.054619886,0.13894737,0.6313337",0.0
"0.21262598,-0.25181878,0.3706112,-0.023002215,-0.010774232,0.8475592,-0.054619886,0.13894737,0.6313337","0.60922575,0.20963597,0.32010162","0.27080262,-0.22299494,0.405,0.04135023,0.055921018,0.81725,-0.054619886,0.13894737,0.6313337",0.0
"0.27080262,-0.22299494,0.405,0.04135023,0.055921018,0.81725,-0.054619886,0.13894737,0.6313337","0.8880608,-0.14321226,0.9408463","0.355606,-0.24268591,0.5060758,0.054807834,0.12562902,0.71338356,-0.054619886,0.13894737,0.6313337",0.0
"0.355606,-0.24268591,0.5060758,0.054807834,0.12562902,0.71338356,-0.054619886,0.13894737,0.6313337","0.961406,-0.32155716,0.579244","0.44741327,-0.28689837,0.56830436,0.014083649,0.119676694,0.6498564,-0.054619886,0.13894737,0.6313337",0.0
"0.44741327,-0.28689837,0.56830436,0.014083649,0.119676694,0.6498564,-0.054619886,0.13894737,0.6313337","0.77967596,0.09463525,0.08969498","0.5218667,-0.27388656,0.57794046,-0.015869662,0.14630328,0.63304764,-0.054619886,0.13894737,0.6313337",0.0
"0.5218667,-0.27388656,0.57794046,-0.015869662,0.14630328,0.63304764,-0.054619886,0.13894737,0.6313337","0.39500654,0.038957834,0.007323742","0.5595869,-0.26853007,0.57872736,-0.03461988,0.1516617,0.63002264,-0.054619886,0.13894737,0.6313337",0.0
"0.5595869,-0.26853007,0.57872736,-0.03461988,0.1516617,0.63002264,-0.054619886,0.13894737,0.6313337","0.33867562,0.005162239,-0.0014033318","0.59192795,-0.26782033,0.5785767,-0.050088376,0.14825752,0.62995446,-0.054619886,0.13894737,0.6313337",0.0
"0.0,0.0,0.0,2.8652207e-07,0.005789075,0.993462,0.657193,-0.0057894737,0.51169205","-0.31992984,0.94597864,0.9545922","-0.030550973,0.1300672,0.102552444,0.40692618,-0.03336064,0.88293844,0.657193,-0.0057894737,0.51169205",0.0
"-0.030550973,0.1300672,0.102552444,0.40692618,-0.03336064,0.88293844,0.657193,-0.0057894737,0.51169205","0.17407024,0.8044909,0.768257","-0.013928525,0.24068058,0.18508677,0.6790448,-0.02393776,0.6420461,0.657193,-0.0057894737,0.51169205",0.0
"-0.013928525,0.24068058,0.18508677,0.6790448,-0.02393776,0.6420461,0.657193,-0.0057894737,0.51169205","0.31089425,-0.17033923,0.80135036","0.01575962,0.21725982,0.27117634,0.69589275,0.040278234,0.55971223,0.657193,-0.0057894737,0.51169205",0.0
"0.01575962,0.21725982,0.27117634,0.69589275,0.040278234,0.55971223,0.657193,-0.0057894737,0.51169205","-0.26485717,-0.1943757,0.541605","-0.009532314,0.19053417,0.32936132,0.6856504,-0.01474725,0.51775897,0.657193,-0.0057894737,0.51169205",0.0
"-0.009532314,0.19053417,0.32936132,0.6856504,-0.01474725,0.51775897,0.657193,-0.0057894737,0.51169205","-0.029559016,-0.25405437,0.1814053","-0.012354983,0.15560302,0.34884986,0.6478646,-0.019365363,0.5450944,0.657193,-0.0057894737,0.51169205",0.0
"-0.012354983,0.15560302,0.34884986,0.6478646,-0.019365363,0.5450944,0.657193,-0.0057894737,0.51169205","0.04625833,-0.012414813,0.19800568","-0.007937646,0.15389606,0.37012178,0.65265936,-0.010487402,0.51547194,0.657193,-0.0057894737,0.51169205",0.0
"0.0,0.0,0.0,2.8652207e-07,0.005789075,0.993462,-0.036081873,-0.0057894737,0.3823091","0.28996575,-0.8708987,0.91087615","0.02768961,-0.119744115,0.09785604,-0.12168962,-0.004801265,0.97467357,-0.036081873,-0.0057894737,0.3823091",0.0
"0.02768961,-0.119744115,0.09785604,-0.12168962,-0.004801265,0.97467357,-0.036081873,-0.0057894737,0.3823091","0.6298604,-0.7744309,0.75194","0.0878367,-0.22622441,0.17863747,-0.22432385,-0.05750548,0.92751116,-0.036081873,-0.0057894737,0.3823091",0.0
"0.0878367,-0.22622441,0.17863747,-0.22432385,-0.05750548,0.92751116,-0.036081873,-0.0057894737,0.3823091","-0.462942,-0.39245105,0.8315277","0.043629088,-0.28018445,0.2679691,-0.2141242,-0.023690203,0.8881699,-0.036081873,-0.0057894737,0.3823091",0.0
"0.043629088,-0.28018445,0.2679691,-0.2141242,-0.023690203,0.8881699,-0.036081873,-0.0057894737,0.3823091","0.532125,-0.5723996,0.94802094","0.09444316,-0.3588865,0.36981565,-0.21692148,-0.060265005,0.81524,-0.036081873,-0.0057894737,0.3823091",0.0
"0.09444316,-0.3588865,0.36981565,-0.21692148,-0.060265005,0.81524,-0.036081873,-0.0057894737,0.3823091","-0.6189458,0.21873057,0.9330299","0.03533832,-0.32881224,0.47005174,-0.044918906,0.0008175836,0.7611624,-0.036081873,-0.0057894737,0.3823091",0.0
"0.03533832,-0.32881224,0.47005174,-0.044918906,0.0008175836,0.7611624,-0.036081873,-0.0057894737,0.3823091","0.3344828,-0.06763309,0.84797907","0.06727899,-0.3381115,0.5611507,0.034331933,0.013287553,0.6683824,-0.036081873,-0.0057894737,0.3823091",0.0
"0.06727899,-0.3381115,0.5611507,0.034331933,0.013287553,0.6683824,-0.036081873,-0.0057894737,0.3823091","-0.21616453,-0.4524629,0.92855","0.04663684,-0.40032285,0.6609055,0.033031344,0.01072647,0.551819,-0.036081873,-0.0057894737,0.3823091",0.0
"0.04663684,-0.40032285,0.6609055,0.033031344,0.01072647,0.551819,-0.036081873,-0.0057894737,0.3823091","0.73899794,-0.79748684,0.9238701","0.11720578,-0.5099732,0.76015747,-0.020539304,-0.0017190668,0.42363182,-0.036081873,-0.0057894737,0.3823091",0.0
"0.11720578,-0.5099732,0.76015747,-0.020539304,-0.0017190668,0.42363182,-0.036081873,-0.0057894737,0.3823091","0.043018103,-0.33425987,0.36006248","0.12131369,-0.55593234,0.7988393,-0.036857244,-0.008532287,0.3691283,-0.036081873,-0.0057894737,0.3823091",0.0
"0.0,0.0,0.0,2.8652207e-07,0.005789075,0.993462,-0.4760234,-0.37783626,0.6657879","0.06611681,-0.9053612,0.37770355","0.006313665,-0.12448252,0.040576957,-0.21146327,0.0015953182,0.96622103,-0.4760234,-0.37783626,0.6657879",0.0
"0.006313665,-0.12448252,0.040576957,-0.21146327,0.0015953182,0.96622103,-0.4760234,-0.37783626,0.6657879","0.62589014,-0.84848183,0.5207846","0.06608162,-0.24114443,0.09652522,-0.36820722,-0.071641915,0.9004389,-0.4760234,-0.37783626,0.6657879",0.0
"0.06608162,-0.24114443,0.09652522,-0.36820722,-0.071641915,0.9004389,-0.4760234,-0.37783626,0.6657879","0.6978382,-0.76003623,0.46585667","0.1327201,-0.34564555,0.14657256,-0.46624488,-0.20017919,0.8107525,-0.4760234,-0.37783626,0.6657879",0.0
"0.1327201,-0.34564555,0.14657256,-0.46624488,-0.20017919,0.8107525,-0.4760234,-0.37783626,0.6657879","0.7944156,-0.64241636,0.7710452","0.20858103,-0.43397453,0.22940649,-0.4410442,-0.33167028,0.73774946,-0.4760234,-0.37783626,0.6657879",0.0
"0.20858103,-0.43397453,0.22940649,-0.4410442,-0.33167028,0.73774946,-0.4760234,-0.37783626,0.6657879","0.53675795,-0.36006033,0.020190716","0.2598375,-0.483481,0.23157565,-0.43457517,-0.4538518,0.667609,-0.4760234,-0.37783626,0.6657879",0.0
"0.2598375,-0.483481,0.23157565,-0.43457517,-0.4538518,0.667609,-0.4760234,-0.37783626,0.6657879","-0.49158347,-0.023147643,0.33242023","0.21289484,-0.48666373,0.26728782,-0.4638405,-0.3592181,0.6826183,-0.4760234,-0.37783626,0.6657879",0.0
"0.21289484,-0.48666373,0.26728782,-0.4638405,-0.3592181,0.6826183,-0.4760234,-0.37783626,0.6657879","0.22350013,-0.15368956,0.0040847063","0.23423749,-0.5077953,0.26772672,-0.46230912,-0.41083986,0.6517809,-0.4760234,-0.37783626,0.6657879",0.0
"0.23423749,-0.5077953,0.26772672,-0.46230912,-0.41083986,0.6517809,-0.4760234,-0.37783626,0.6657879","0.242473,-0.0068159103,0.08010924","0.2573919,-0.5087325,0.27633297,-0.42440552,-0.43620667,0.6549762,-0.4760234,-0.37783626,0.6657879",0.0
"0.2573919,-0.5087325,0.27633297,-0.42440552,-0.43620667,0.6549762,-0.4760234,-0.37783626,0.6657879","-0.3274696,0.08812332,-0.21719801","0.22612095,-0.49661604,0.2529993,-0.47437102,-0.40041393,0.6603926,-0.4760234,-0.37783626,0.6657879",0.0
"0.22612095,-0.49661604,0.2529993,-0.47437102,-0.40041393,0.6603926,-0.4760234,-0.37783626,0.6657879","0.114557266,0.056117892,0.062191963","0.23706034,-0.48890018,0.2596807,-0.44520938,-0.402536,0.67554975,-0.4760234,-0.37783626,0.6657879",0.0
"0.23706034,-0.48890018,0.2596807,-0.44520938,-0.402536,0.67554975,-0.4760234,-0.37783626,0.6657879","-0.28314304,-0.10359615,0.16351771","0.21002223,-0.50314415,0.27724758,-0.47673783,-0.3625232,0.66366994,-0.4760234,-0.37783626,0.6657879",0.0
"0.0,0.0,0.0,2.8652207e-07,0.005789075,0.993462,-0.22134504,0.24900584,0.404603","-0.85755646,-0.9820845,0.890995","-0.08189043,-0.13503158,0.095720194,-0.15050843,0.045584492,0.96944916,-0.22134504,0.24900584,0.404603",0.0
"-0.08189043,-0.13503158,0.095720194,-0.15050843,0.045584492,0.96944916,-0.22134504,0.24900584,0.404603","-0.47733974,-0.9618205,0.275774","-0.12747292,-0.267277,0.12534682,-0.3547065,0.15645005,0.8870318,-0.22134504,0.24900584,0.404603",0.0
"-0.12747292,-0.267277,0.12534682,-0.3547065,0.15645005,0.8870318,-0.22134504,0.24900584,0.404603","-0.070515156,-0.5869911,0.59282136","-0.13420661,-0.3479853,0.18903406,-0.41263503,0.19142026,0.8268298,-0.22134504,0.24900584,0.404603",0.0
"-0.13420661,-0.3479853,0.18903406,-0.41263503,0.19142026,0.8268298,-0.22134504,0.24900584,0.404603","-0.8556845,-0.86817557,0.9110162","-0.21591829,-0.46735498,0.28690517,-0.4085705,0.3367022,0.7169847,-0.22134504,0.24900584,0.404603",0.0
"-0.21591829,-0.46735498,0.28690517,-0.4085705,0.3367022,0.7169847,-0.22134504,0.24900584,0.404603","-0.6248828,-0.15894693,0.8906419","-0.27559006,-0.48920944,0.38258746,-0.2757813,0.33304784,0.7075163,-0.22134504,0.24900584,0.404603",0.0
"-0.27559006,-0.48920944,0.38258746,-0.2757813,0.33304784,0.7075163,-0.22134504,0.24900584,0.404603","0.55429137,-0.7821785,0.9156456","-0.22265925,-0.596755,0.4809559,-0.34512147,0.29796672,0.5872301,-0.22134504,0.24900584,0.404603",0.0
"-0.22265925,-0.596755,0.4809559,-0.34512147,0.29796672,0.5872301,-0.22134504,0.24900584,0.404603","0.05702555,-0.43161058,0.8500556","-0.21721372,-0.6560993,0.5722779,-0.31180412,0.26084286,0.5099655,-0.22134504,0.24900584,0.404603",0.0
"-0.21721372,-0.6560993,0.5722779,-0.31180412,0.26084286,0.5099655,-0.22134504,0.24900584,0.404603","-0.10401094,-0.3449127,0.887221","-0.227146,-0.7035231,0.6675927,-0.24733849,0.22180606,0.43075758,-0.22134504,0.24900584,0.404603",0.0
"-0.227146,-0.7035231,0.6675927,-0.24733849,0.22180606,0.43075758,-0.22134504,0.24900584,0.404603","-0.46172857,0.006520748,0.0761708","-0.27123773,-0.7026266,0.6757758,-0.20662558,0.24501018,0.42719164,-0.22134504,0.24900584,0.404603",0.0
"-0.27123773,-0.7026266,0.6757758,-0.20662558,0.24501018,0.42719164,-0.22134504,0.24900584,0.404603","-0.13622588,-0.12547314,0.04633093","-0.2842463,-0.7198785,0.68075323,-0.20367621,0.2622325,0.41085443,-0.22134504,0.24900584,0.404603",0.0
"-0.2842463,-0.7198785,0.68075323,-0.20367621,0.2622325,0.41085443,-0.22134504,0.24900584,0.404603","0.024434447,-0.18860322,0.09564865","-0.28191298,-0.74581057,0.6910289,-0.21347901,0.27038252,0.38446245,-0.22134504,0.24900584,0.404603",0.0
"-0.28191298,-0.74581057,0.6910289,-0.21347901,0.27038252,0.38446245,-0.22134504,0.24900584,0.404603","-0.27433777,0.115789294,0.048131824","-0.30811024,-0.72989017,0.6961998,-0.17770846,0.26839146,0.39480823,-0.22134504,0.24900584,0.404603",0.0
"-0.30811024,-0.72989017,0.6961998,-0.17770846,0.26839146,0.39480823,-0.22134504,0.24900584,0.404603","0.35140824,-0.11068231,0.07594156","-0.2745533,-0.7451085,0.7043582,-0.20774311,0.25144637,0.37845665,-0.22134504,0.24900584,0.404603",0.0
"-0.2745533,-0.7451085,0.7043582,-0.20774311,0.25144637,0.37845665,-0.22134504,0.24900584,0.404603","0.07238555,0.06939578,-0.30569047","-0.267641,-0.735567,0.6715178,-0.23599465,0.27240005,0.4018703,-0.22134504,0.24900584,0.404603",0.0
"-0.267641,-0.735567,0.6715178,-0.23599465,0.27240005,0.4018703,-0.22134504,0.24900584,0.404603","-0.09061885,0.06373978,0.09624243","-0.27629447,-0.7268032,0.6818572,-0.21381073,0.26136956,0.4046499,-0.22134504,0.24900584,0.404603",0.0
"0.0,0.0,0.0,2.8652207e-07,0.005789075,0.993462,-0.14596492,0.5527485,0.6989999","0.97285235,0.91208196,0.6813452","0.09290034,0.12540658,0.073197335,0.34650642,0.110147186,0.91025025,-0.14596492,0.5527485,0.6989999",0.0
"0.09290034,0.12540658,0.073197335,0.34650642,0.110147186,0.91025025,-0.14596492,0.5527485,0.6989999","0.97709274,-0.22623229,0.8088219","0.18620561,0.09430081,0.16008961,0.3341829,0.22827779,0.86687326,-0.14596492,0.5527485,0.6989999",0.0
"0.18620561,0.09430081,0.16008961,0.3341829,0.22827779,0.86687326,-0.14596492,0.5527485,0.6989999","0.9973924,-0.65783536,0.50729537","0.28144935,0.0038518258,0.21458872,0.17911507,0.22766449,0.8933825,-0.14596492,0.5527485,0.6989999",0.0
"0.28144935,0.0038518258,0.21458872,0.17911507,0.22766449,0.8933825,-0.14596492,0.5527485,0.6989999","0.96167254,0.27041113,0.79501164","0.3732821,0.041031953,0.29999736,0.16685238,0.41168404,0.7676686,-0.14596492,0.5527485,0.6989999",0.0
"0.3732821,0.041031953,0.29999736,0.16685238,0.41168404,0.7676686,-0.14596492,0.5527485,0.6989999","0.8971937,0.17656207,0.21631217","0.45895758,0.06530833,0.32323596,0.05889142,0.4992441,0.7093713,-0.14596492,0.5527485,0.6989999",0.0
"0.45895758,0.06530833,0.32323596,0.05889142,0.4992441,0.7093713,-0.14596492,0.5527485,0.6989999","0.88818824,0.53488064,-0.23832089","0.5437731,0.13885167,0.29763305,-0.08805686,0.59404266,0.64574087,-0.14596492,0.5527485,0.6989999",0.0
"0.5437731,0.13885167,0.29763305,-0.08805686,0.59404266,0.64574087,-0.14596492,0.5527485,0.6989999","0.71425295,-0.25960183,-0.21271175","0.61197907,0.10315776,0.27478135,-0.18770619,0.4945677,0.7261281,-0.14596492,0.5527485,0.6989999",0.0
"0.61197907,0.10315776,0.27478135,-0.18770619,0.4945677,0.7261281,-0.14596492,0.5527485,0.6989999","-0.39119422,0.2590989,0.028640509","0.57462287,0.13878252,0.27785823,-0.14222987,0.5706061,0.6734362,-0.14596492,0.5527485,0.6989999",0.0
"0.57462287,0.13878252,0.27785823,-0.14222987,0.5706061,0.6734362,-0.14596492,0.5527485,0.6989999","0.32081747,-0.1545816,-0.064038396","0.6052586,0.11752834,0.2709786,-0.18391988,0.51792765,0.7122269,-0.14596492,0.5527485,0.6989999",0.0
"0.6052586,0.11752834,0.2709786,-0.18391988,0.51792765,0.7122269,-0.14596492,0.5527485,0.6989999","-0.4694844,0.10973072,0.018045187","0.56042624,0.13261576,0.27291724,-0.114202626,0.5636523,0.6889321,-0.14596492,0.5527485,0.6989999",0.0
"0.56042624,0.13261576,0.27291724,-0.114202626,0.5636523,0.6889321,-0.14596492,0.5527485,0.6989999","0.40502548,-0.0070507526,0.051867604","0.5991033,0.13164632,0.27848944,-0.18238327,0.54783857,0.6827149,-0.14596492,0.5527485,0.6989999",0.0
"0.5991033,0.13164632,0.27848944,-0.18238327,0.54783857,0.6827149,-0.14596492,0.5527485,0.6989999","-0.15971482,-0.020393014,-0.08913863","0.58385164,0.12884238,0.26891327,-0.15304458,0.5452302,0.6995803,-0.14596492,0.5527485,0.6989999",0.0
"0.0,0.0,0.0,2.8652207e-07,0.005789075,0.993462,0.4163743,-0.14906432,0.46932715","-0.7585288,0.6414186,0.96603274","-0.07243399,0.088191755,0.10378151,0.319274,-0.067991585,0.91951996,0.4163743,-0.14906432,0.46932715",0.0
"-0.07243399,0.088191755,0.10378151,0.319274,-0.067991585,0.91951996,0.4163743,-0.14906432,0.46932715","-0.4478674,0.290367,0.9930173","-0.11520208,0.12811573,0.21046199,0.48613572,-0.17785837,0.7746564,0.4163743,-0.14906432,0.46932715",0.0
"-0.11520208,0.12811573,0.21046199,0.48613572,-0.17785837,0.7746564,0.4163743,-0.14906432,0.46932715","-0.13801831,-0.43927246,0.9300728","-0.12838182,0.06771803,0.31038034,0.45971864,-0.18987575,0.723633,0.4163743,-0.14906432,0.46932715",0.0
"-0.12838182,0.06771803,0.31038034,0.45971864,-0.18987575,0.723633,0.4163743,-0.14906432,0.46932715","0.26040387,-0.14530188,0.8687993","-0.10351515,0.04773977,0.40371603,0.49732417,-0.16157505,0.6175076,0.4163743,-0.14906432,0.46932715",0.0
"-0.10351515,0.04773977,0.40371603,0.49732417,-0.16157505,0.6175076,0.4163743,-0.14906432,0.46932715","0.09542513,-0.2979877,0.88976145","-0.09440274,0.006767994,0.4993037,0.4806022,-0.1408126,0.52442765,0.4163743,-0.14906432,0.46932715",0.0
"-0.09440274,0.006767994,0.4993037,0.4806022,-0.1408126,0.52442765,0.4163743,-0.14906432,0.46932715","-0.19904351,-0.19379914,0.48991275","-0.11340995,-0.019878393,0.5519354,0.4492939,-0.16103706,0.47466907,0.4163743,-0.14906432,0.46932715",0.0
"-0.11340995,-0.019878393,0.5519354,0.4492939,-0.16103706,0.47466907,0.4163743,-0.14906432,0.46932715","-0.008945227,-0.13466597,0.15771532","-0.11426416,-0.03839427,0.5688789,0.43043256,-0.15532757,0.4693952,0.4163743,-0.14906432,0.46932715",0.0
"0.0,0.0,0.0,2.8652207e-07,0.005789075,0.993462,0.001754386,0.091520466,0.51554936","0.7832484,-0.17557478,0.9900973","0.07479454,-0.024140641,0.1063668,0.09099334,0.027736109,0.9760903,0.001754386,0.091520466,0.51554936",0.0
"0.07479454,-0.024140641,0.1063668,0.09099334,0.027736109,0.9760903,0.001754386,0.091520466,0.51554936","0.6610861,-0.30940104,0.9816127","0.13792345,-0.06668171,0.21182212,0.12830454,0.06573495,0.9329408,0.001754386,0.091520466,0.51554936",0.0
"0.13792345,-0.06668171,0.21182212,0.12830454,0.06573495,0.9329408,0.001754386,0.091520466,0.51554936","0.9297726,-0.5898347,0.94756246","0.22670998,-0.14778097,0.3136194,0.076582186,0.07377064,0.8815771,0.001754386,0.091520466,0.51554936",0.0
"0.22670998,-0.14778097,0.3136194,0.076582186,0.07377064,0.8815771,0.001754386,0.091520466,0.51554936","0.7249925,-0.5669542,0.9748231","0.29594147,-0.2257343,0.41834533,0.04264135,0.06682453,0.80497336,0.001754386,0.091520466,0.51554936",0.0
"0.29594147,-0.2257343,0.41834533,0.04264135,0.06682453,0.80497336,0.001754386,0.091520466,0.51554936","0.9181222,-0.2446807,0.9885349","0.3836155,-0.25937667,0.52454436,0.0397654,0.12005982,0.69631743,0.001754386,0.091520466,0.51554936",0.0
"0.3836155,-0.25937667,0.52454436,0.0397654,0.12005982,0.69631743,0.001754386,0.091520466,0.51554936","0.77581775,-0.44467807,0.9147296","0.45770046,-0.32051763,0.62281436,0.009244124,0.11284876,0.5878346,0.001754386,0.091520466,0.51554936",0.0
"0.45770046,-0.32051763,0.62281436,0.009244124,0.11284876,0.5878346,0.001754386,0.091520466,0.51554936","0.38650584,-0.26302624,0.5466112","0.49460897,-0.3566824,0.6815372,-0.004023805,0.10429563,0.5165042,0.001754386,0.091520466,0.51554936",0.0
"0.0,0.0,0.0,2.8652207e-07,0.005789075,0.993462,-0.16204679,-0.3550877,0.8230218","-0.98573947,-0.25440526,0.5100244","-0.09413097,-0.034979425,0.054792266,0.0022875266,0.0053549,0.990211,-0.16204679,-0.3550877,0.8230218",0.0
"-0.09413097,-0.034979425,0.054792266,0.0022875266,0.0053549,0.990211,-0.16204679,-0.3550877,0.8230218","-0.9298589,0.037857056,0.8788291","-0.18292576,-0.029774295,0.14920546,0.12079555,-0.07132885,0.9580822,-0.16204679,-0.3550877,0.8230218",0.0
"-0.18292576,-0.029774295,0.14920546,0.12079555,-0.07132885,0.9580822,-0.16204679,-0.3550877,0.8230218","-0.9590031,-0.13808191,0.29421604","-0.27450362,-0.048759867,0.18081334,0.09649973,-0.10373334,0.9465321,-0.16204679,-0.3550877,0.8230218",0.0
"-0.27450362,-0.048759867,0.18081334,0.09649973,-0.10373334,0.9465321,-0.16204679,-0.3550877,0.8230218","-0.8256023,-0.042698324,0.2505195","-0.35334265,-0.05463069,0.20772687,0.07792534,-0.1439713,0.9312192,-0.16204679,-0.3550877,0.8230218",0.0
"-0.35334265,-0.05463069,0.20772687,0.07792534,-0.1439713,0.9312192,-0.16204679,-0.3550877,0.8230218","-0.9533124,0.30118418,-0.0578143","-0.44437706,-0.013219434,0.20151588,0.047459297,-0.23552762,0.9154413,-0.16204679,-0.3550877,0.8230218",0.0
"-0.44437706,-0.013219434,0.20151588,0.047459297,-0.23552762,0.9154413,-0.16204679,-0.3550877,0.8230218","-0.8142717,0.117414236,0.037600398","-0.5221341,0.0029244053,0.20555536,-0.013494688,-0.27706176,0.9019158,-0.16204679,-0.3550877,0.8230218",0.0
"-0.5221341,0.0029244053,0.20555536,-0.013494688,-0.27706176,0.9019158,-0.16204679,-0.3550877,0.8230218","-0.75168383,0.17863369,0.10229623","-0.59391445,0.027485607,0.21654516,-0.09275063,-0.32509542,0.873472,-0.16204679,-0.3550877,0.8230218",0.0
"-0.59391445,0.027485607,0.21654516,-0.09275063,-0.32509542,0.873472,-0.16204679,-0.3550877,0.8230218","-0.38525128,0.015066266,0.3008684","-0.63070315,0.029557131,0.24886768,-0.14482632,-0.34715503,0.8387126,-0.16204679,-0.3550877,0.8230218",0.0
"-0.63070315,0.029557131,0.24886768,-0.14482632,-0.34715503,0.8387126,-0.16204679,-0.3550877,0.8230218","-0.021137118,-0.13959718,0.17993009","-0.6327216,0.010363228,0.26819772,-0.14041902,-0.33131573,0.83503324,-0.16204679,-0.3550877,0.8230218",0.0
"-0.6327216,0.010363228,0.26819772,-0.14041902,-0.33131573,0.83503324,-0.16204679,-0.3550877,0.8230218","-0.26411378,-0.071841896,0.11245203","-0.65794253,0.00048532465,0.2802786,-0.16319911,-0.31361413,0.8303961,-0.16204679,-0.3550877,0.8230218",0.0
"-0.65794253,0.00048532465,0.2802786,-0.16319911,-0.31361413,0.8303961,-0.16204679,-0.3550877,0.8230218","0.044196486,0.045719862,0.13743722","-0.6537221,0.0067715584,0.29504362,-0.17095865,-0.33850592,0.80806726,-0.16204679,-0.3550877,0.8230218",0.0
"-0.6537221,0.0067715584,0.29504362,-0.17095865,-0.33850592,0.80806726,-0.16204679,-0.3550877,0.8230218","0.028757691,0.014112949,-0.08372134","-0.65097594,0.008712004,0.28604946,-0.16576283,-0.3355487,0.8166275,-0.16204679,-0.3550877,0.8230218",0.0
"-0.65097594,0.008712004,0.28604946,-0.16576283,-0.3355487,0.8166275,-0.16204679,-0.3550877,0.8230218","0.28606284,-0.002558589,-0.036569893","-0.62365896,0.0083602,0.28212076,-0.13471836,-0.34443343,0.8213965,-0.16204679,-0.3550877,0.8230218",0.0
"-0.62365896,0.0083602,0.28212076,-0.13471836,-0.34443343,0.8213965,-0.16204679,-0.3550877,0.8230218","-0.02939856,-0.039755583,0.009256244","-0.62646633,0.002893999,0.28311524,-0.13423915,-0.33486325,0.8251515,-0.16204679,-0.3550877,0.8230218",0.0
"-0.62646633,0.002893999,0.28311524,-0.13423915,-0.33486325,0.8251515,-0.16204679,-0.3550877,0.8230218","-0.3247621,-0.03521651,0.012192845","-0.65747875,-0.0019481028,0.2844252,-0.16254738,-0.31349075,0.82790947,-0.16204679,-0.3550877,0.8230218",0.0
"-0.65747875,-0.0019481028,0.2844252,-0.16254738,-0.31349075,0.82790947,-0.16204679,-0.3550877,0.8230218","0.1826415,0.08265555,-0.03693986","-0.64003783,0.009416597,0.28045678,-0.15239452,-0.33734438,0.8223154,-0.16204679,-0.3550877,0.8230218",0.0
"-0.64003783,0.009416597,0.28045678,-0.15239452,-0.33734438,0.8223154,-0.16204679,-0.3550877,0.8230218","0.004632592,-0.028265953,0.028229952","-0.6395955,0.0055301622,0.28348958,-0.15014511,-0.3337595,0.8223959,-0.16204679,-0.3550877,0.8230218",0.0
"-0.6395955,0.0055301622,0.28348958,-0.15014511,-0.3337595,0.8223959,-0.16204679,-0.3550877,0.8230218","-0.024284601,0.068759084,0.07097244","-0.6419145,0.014984171,0.29111424,-0.16310152,-0.35468635,0.80493546,-0.16204679,-0.3550877,0.8230218",0.0
"0.0,0.0,0.0,2.8652207e-07,0.005789075,0.993462,0.27982458,-0.10216374,0.5737357","-0.5116456,0.26019883,0.9209043","-0.048858445,0.035775997,0.09893334,0.21040814,-0.026694357,0.9570553,0.27982458,-0.10216374,0.5737357",0.0
"-0.048858445,0.035775997,0.09893334,0.21040814,-0.026694357,0.9570553,0.27982458,-0.10216374,0.5737357","-0.31067395,-0.2739762,0.9894912","-0.07852556,-0.0018943344,0.20523502,0.26066613,-0.059672367,0.90538895,0.27982458,-0.10216374,0.5737357",0.0
"-0.07852556,-0.0018943344,0.20523502,0.26066613,-0.059672367,0.90538895,0.27982458,-0.10216374,0.5737357","-0.25613135,0.03131354,0.97072756","-0.10298424,0.0024111038,0.30952096,0.36651933,-0.11679429,0.7950909,0.27982458,-0.10216374,0.5737357",0.0
"-0.10298424,0.0024111038,0.30952096,0.36651933,-0.11679429,0.7950909,0.27982458,-0.10216374,0.5737357","0.017480493,-0.6247959,0.76269865","-0.10131499,-0.08349513,0.3914582,0.29198882,-0.09011309,0.7679831,0.27982458,-0.10216374,0.5737357",0.0
"-0.10131499,-0.08349513,0.3914582,0.29198882,-0.09011309,0.7679831,0.27982458,-0.10216374,0.5737357","-0.28096366,-0.15324473,0.7412381","-0.128145,-0.104565516,0.47108996,0.3067484,-0.12433285,0.67998934,0.27982458,-0.10216374,0.5737357",0.0
"-0.128145,-0.104565516,0.47108996,0.3067484,-0.12433285,0.67998934,0.27982458,-0.10216374,0.5737357","0.035972476,-0.2518667,0.805756","-0.1247099,-0.1391959,0.55765283,0.3046767,-0.11961242,0.5835808,0.27982458,-0.10216374,0.5737357",0.0
"-0.1247099,-0.1391959,0.55765283,0.3046767,-0.11961242,0.5835808,0.27982458,-0.10216374,0.5737357","-0.012840629,-0.1722312,0.13810873","-0.12593609,-0.16287683,0.57249004,0.28042778,-0.11085052,0.5797715,0.27982458,-0.10216374,0.5737357",0.0
"0.0,0.0,0.0,2.8652207e-07,0.005789075,0.993462,-0.0024561405,0.040409356,0.52215254","-0.058247387,-0.34409773,0.9789958","-0.0055622132,-0.047311682,0.10517416,0.04383424,0.0050240746,0.98041236,-0.0024561405,0.040409356,0.52215254",0.0
"-0.0055622132,-0.047311682,0.10517416,0.04383424,0.0050240746,0.98041236,-0.0024561405,0.040409356,0.52215254","0.5474613,-0.20052451,0.9415679","0.04671635,-0.0748828,0.20632744,0.11806191,0.023304762,0.9391548,-0.0024561405,0.040409356,0.52215254",0.0
"0.04671635,-0.0748828,0.20632744,0.11806191,0.023304762,0.9391548,-0.0024561405,0.040409356,0.52215254","0.6431668,-0.75640965,0.9858937","0.1081341,-0.17888527,0.3122427,0.03917799,0.01998603,0.88832504,-0.0024561405,0.040409356,0.52215254",0.0
"0.1081341,-0.17888527,0.3122427,0.03917799,0.01998603,0.88832504,-0.0024561405,0.040409356,0.52215254","0.4282545,-0.4928398,0.9681351","0.14902928,-0.24664822,0.4162501,0.0321451,0.022742774,0.80996376,-0.0024561405,0.040409356,0.52215254",0.0
"0.14902928,-0.24664822,0.4162501,0.0321451,0.022742774,0.80996376,-0.0024561405,0.040409356,0.52215254","0.87641644,-0.5545428,0.92574096","0.2327207,-0.32289505,0.5157031,0.0076428233,0.014631768,0.71740824,-0.0024561405,0.040409356,0.52215254",0.0
"0.2327207,-0.32289505,0.5157031,0.0076428233,0.014631768,0.71740824,-0.0024561405,0.040409356,0.52215254","0.6115153,-0.24505872,0.9226444","0.29111597,-0.35658938,0.61482346,0.029947914,0.04837788,0.6057351,-0.0024561405,0.040409356,0.52215254",0.0
"0.29111597,-0.35658938,0.61482346,0.029947914,0.04837788,0.6057351,-0.0024561405,0.040409356,0.52215254","0.7264148,-0.5141036,0.6558031","0.3604833,-0.42727602,0.68527687,0.0027516193,0.01951135,0.5220317,-0.0024561405,0.040409356,0.52215254",0.0
"0.3604833,-0.42727602,0.68527687,0.0027516193,0.01951135,0.5220317,-0.0024561405,0.040409356,0.52215254","0.23996651,0.09590554,-0.0800817","0.38339835,-0.4140896,0.67667365,0.0049055167,0.02895037,0.53244734,-0.0024561405,0.040409356,0.52215254",0.0
"0.0,0.0,0.0,2.8652207e-07,0.005789075,0.993462,-0.43614036,-0.06690058,0.60727465","0.3240589,-0.94935817,0.48460317","0.03094526,-0.13053188,0.052061252,-0.20790856,-0.014459633,0.965783,-0.43614036,-0.06690058,0.60727465",0.0
"0.03094526,-0.13053188,0.052061252,-0.20790856,-0.014459633,0.965783,-0.43614036,-0.06690058,0.60727465","0.029827118,-0.9600047,0.48119855","0.033793524,-0.26252764,0.10375676,-0.40579838,-0.037422657,0.88303643,-0.43614036,-0.06690058,0.60727465",0.0
"0.033793524,-0.26252764,0.10375676,-0.40579838,-0.037422657,0.88303643,-0.43614036,-0.06690058,0.60727465","-0.43232292,-0.6349212,0.9710078","-0.007490182,-0.34982607,0.2080728,-0.4319685,0.015957275,0.8309401,-0.43614036,-0.06690058,0.60727465",0.0
"-0.007490182,-0.34982607,0.2080728,-0.4319685,0.015957275,0.8309401,-0.43614036,-0.06690058,0.60727465","0.019011855,-0.7687351,0.4921943","-0.0056746905,-0.45552322,0.2609496,-0.54504335,0.015507884,0.72278976,-0.43614036,-0.06690058,0.60727465",0.0
"-0.0056746905,-0.45552322,0.2609496,-0.54504335,0.015507884,0.72278976,-0.43614036,-0.06690058,0.60727465","0.6297246,-0.24992728,0.9235195","0.054459438,-0.48988703,0.36016396,-0.4589479,-0.073421404,0.70568734,-0.43614036,-0.06690058,0.60727465",0.0
"0.054459438,-0.48988703,0.36016396,-0.4589479,-0.073421404,0.70568734,-0.43614036,-0.06690058,0.60727465","-0.05427414,-0.46157205,0.7458459","0.04927665,-0.55335087,0.44029072,-0.44629824,-0.06378825,0.63727075,-0.43614036,-0.06690058,0.60727465",0.0
"0.04927665,-0.55335087,0.44029072,-0.44629824,-0.06378825,0.63727075,-0.43614036,-0.06690058,0.60727465","-0.008662999,-0.12837565,0.24845362","0.048449397,-0.5710019,0.4669823,-0.43502167,-0.060873237,0.61643493,-0.43614036,-0.06690058,0.60727465",0.0
"0.0,0.0,0.0,2.8652207e-07,0.005789075,0.993462,-0.030350879,-0.29637426,0.5737357","-0.95880765,0.29167497,0.9480758","-0.09155917,0.040103804,0.10185239,0.217292,-0.058247965,0.95313066,-0.030350879,-0.29637426,0.5737357",0.0
"-0.09155917,0.040103804,0.10185239,0.217292,-0.058247965,0.95313066,-0.030350879,-0.29637426,0.5737357","-0.8006252,-0.59560823,0.91819906","-0.16801308,-0.04178928,0.20049515,0.15917046,-0.08609595,0.9308838,-0.030350879,-0.29637426,0.5737357",0.0
"-0.16801308,-0.04178928,0.20049515,0.15917046,-0.08609595,0.9308838,-0.030350879,-0.29637426,0.5737357","-0.8511509,0.28712964,0.93805885","-0.24929182,-0.0023104462,0.30127147,0.26528856,-0.25594255,0.8091272,-0.030350879,-0.29637426,0.5737357",0.0
"-0.24929182,-0.0023104462,0.30127147,0.26528856,-0.25594255,0.8091272,-0.030350879,-0.29637426,0.5737357","-0.93784636,-0.44102407,0.596534","-0.33884934,-0.062949,0.36535755,0.15957598,-0.27586117,0.7841773,-0.030350879,-0.29637426,0.5737357",0.0
"-0.33884934,-0.062949,0.36535755,0.15957598,-0.27586117,0.7841773,-0.030350879,-0.29637426,0.5737357","-0.39766663,-0.46552455,0.6898596","-0.3768236,-0.12695625,0.4394697,0.107869804,-0.24936117,0.73847395,-0.030350879,-0.29637426,0.5737357",0.0
"-0.3768236,-0.12695625,0.4394697,0.107869804,-0.24936117,0.73847395,-0.030350879,-0.29637426,0.5737357","-0.6692132,-0.07459891,0.9295827","-0.4407286,-0.13721323,0.5393354,0.06520512,-0.31485403,0.60895854,-0.030350879,-0.29637426,0.5737357",0.0
"-0.4407286,-0.13721323,0.5393354,0.06520512,-0.31485403,0.60895854,-0.030350879,-0.29637426,0.5737357","-0.7873595,-0.047714412,0.19848418","-0.51591575,-0.14377373,0.56065875,-0.010328063,-0.3221984,0.5827508,-0.030350879,-0.29637426,0.5737357",0.0
"-0.51591575,-0.14377373,0.56065875,-0.010328063,-0.3221984,0.5827508,-0.030350879,-0.29637426,0.5737357","-0.17407358,-0.12354922,0.11478484","-0.53253853,-0.16076113,0.5729902,-0.02532349,-0.30358586,0.5774677,-0.030350879,-0.29637426,0.5737357",0.0
"0.0,0.0,0.0,2.8652207e-07,0.005789075,0.993462,-0.0024561405,0.040409356,0.52215254","0.64608765,-0.44250596,0.9501538","0.061696663,-0.06084231,0.10207566,0.009135976,0.007692851,0.9821316,-0.0024561405,0.040409356,0.52215254",0.0
"0.061696663,-0.06084231,0.10207566,0.009135976,0.007692851,0.9821316,-0.0024561405,0.040409356,0.52215254","0.6718147,0.039680004,0.8148943","0.12585008,-0.05538654,0.18962032,0.12615892,0.05892503,0.94340175,-0.0024561405,0.040409356,0.52215254",0.0
"0.12585008,-0.05538654,0.18962032,0.12615892,0.05892503,0.94340175,-0.0024561405,0.040409356,0.52215254","0.8835392,-0.46151197,0.936862","0.21022165,-0.11884209,0.29026803,0.10320591,0.08750066,0.8921855,-0.0024561405,0.040409356,0.52215254",0.0
"0.21022165,-0.11884209,0.29026803,0.10320591,0.08750066,0.8921855,-0.0024561405,0.040409356,0.52215254","0.7904403,-0.7808157,0.9746648","0.28570294,-0.22620025,0.39497697,0.027955327,0.044337094,0.8269027,-0.0024561405,0.040409356,0.52215254",0.0
"0.28570294,-0.22620025,0.39497697,0.027955327,0.044337094,0.8269027,-0.0024561405,0.040409356,0.52215254","0.8858808,-0.38856512,0.9891857","0.37029815,-0.27962598,0.50124586,0.023181794,0.06831658,0.7283998,-0.0024561405,0.040409356,0.52215254",0.0
"0.37029815,-0.27962598,0.50124586,0.023181794,0.06831658,0.7283998,-0.0024561405,0.040409356,0.52215254","0.85064626,-0.52036804,0.79605174","0.45152867,-0.35117394,0.5867663,0.00038410304,0.04066802,0.63954526,-0.0024561405,0.040409356,0.52215254",0.0
"0.45152867,-0.35117394,0.5867663,0.00038410304,0.04066802,0.63954526,-0.0024561405,0.040409356,0.52215254","0.19638658,-0.40207636,0.7385397","0.47028217,-0.40645742,0.66610813,-0.0029344826,0.030759294,0.5455908,-0.0024561405,0.040409356,0.52215254",0.0
"0.47028217,-0.40645742,0.66610813,-0.0029344826,0.030759294,0.5455908,-0.0024561405,0.040409356,0.52215254","-0.14330077,0.0027616024,0.19779599","0.45659798,-0.40607777,0.68735754,0.00062282337,0.047130484,0.5175885,-0.0024561405,0.040409356,0.52215254",0.0
"0.0,0.0,0.0,2.8652207e-07,0.005789075,0.993462,0.06643275,0.23888889,0.7141676","0.96204877,0.30434847,0.94062996","0.091868676,0.041846342,0.10105248,0.21643382,0.07029901,0.9526239,0.06643275,0.23888889,0.7141676",0.0
"0.091868676,0.041846342,0.10105248,0.21643382,0.07029901,0.9526239,0.06643275,0.23888889,0.7141676","0.79834986,0.16974199,0.91141224","0.16810529,0.06518499,0.19896609,0.33509406,0.20219378,0.8572119,0.06643275,0.23888889,0.7141676",0.0
"0.16810529,0.06518499,0.19896609,0.33509406,0.20219378,0.8572119,0.06643275,0.23888889,0.7141676","0.9734812,-0.6496678,0.726527","0.26106566,-0.024141,0.27701738,0.20313476,0.22626072,0.85362893,0.06643275,0.23888889,0.7141676",0.0
"0.26106566,-0.024141,0.27701738,0.20313476,0.22626072,0.85362893,0.06643275,0.23888889,0.7141676","0.9759126,-0.3937204,0.8298719","0.35425824,-0.07827554,0.36617115,0.12398064,0.26468852,0.79462874,0.06643275,0.23888889,0.7141676",0.0
"0.35425824,-0.07827554,0.36617115,0.12398064,0.26468852,0.79462874,0.06643275,0.23888889,0.7141676","0.824857,-0.28239572,0.7344698","0.4330261,-0.117103525,0.44507578,0.05540675,0.2871591,0.7244832,0.06643275,0.23888889,0.7141676",0.0
"0.4330261,-0.117103525,0.44507578,0.05540675,0.2871591,0.7244832,0.06643275,0.23888889,0.7141676","0.07357693,-0.2645747,0.24240685","0.44005215,-0.15348122,0.4711178,0.041687,0.2496515,0.7148252,0.06643275,0.23888889,0.7141676",0.0
"0.44005215,-0.15348122,0.4711178,0.041687,0.2496515,0.7148252,0.06643275,0.23888889,0.7141676","-0.20331925,-0.030058026,0.019125342","0.42063662,-0.15761407,0.47317255,0.055565365,0.24168791,0.7146882,0.06643275,0.23888889,0.7141676",0.0
"0.0,0.0,0.0,2.8652207e-07,0.005789075,0.993462,-0.06491228,-0.7135087,0.42493555","-0.986504,0.5841092,0.8377352","-0.09420397,0.080312006,0.08999842,0.28196645,-0.079920754,0.9349156,-0.06491228,-0.7135087,0.42493555",0.0
"-0.09420397,0.080312006,0.08999842,0.28196645,-0.079920754,0.9349156,-0.06491228,-0.7135087,0.42493555","-0.9926479,0.80842686,0.5353023","-0.18899463,0.19146654,0.14750628,0.4751368,-0.31372985,0.76434875,-0.06491228,-0.7135087,0.42493555",0.0
"-0.18899463,0.19146654,0.14750628,0.4751368,-0.31372985,0.76434875,-0.06491228,-0.7135087,0.42493555","-0.76872015,0.1978705,0.8699559","-0.26240182,0.21867274,0.2409662,0.46823707,-0.4976986,0.6011108,-0.06491228,-0.7135087,0.42493555",0.0
"-0.26240182,0.21867274,0.2409662,0.46823707,-0.4976986,0.6011108,-0.06491228,-0.7135087,0.42493555","-0.98612636,0.0063123703,-0.16229624","-0.35656974,0.21954066,0.22353064,0.29877996,-0.60428613,0.62424684,-0.06491228,-0.7135087,0.42493555",0.0
"-0.35656974,0.21954066,0.22353064,0.29877996,-0.60428613,0.62424684,-0.06491228,-0.7135087,0.42493555","-0.8885539,0.051926374,-0.075712085","-0.44142017,0.22668028,0.21539687,0.12999463,-0.66674495,0.62377477,-0.06491228,-0.7135087,0.42493555",0.0
"-0.44142017,0.22668028,0.21539687,0.12999463,-0.66674495,0.62377477,-0.06491228,-0.7135087,0.42493555","-0.40916252,-0.0971207,0.35604155","-0.4804922,0.21332671,0.25364664,0.047601596,-0.6812612,0.59185773,-0.06491228,-0.7135087,0.42493555",0.0
"-0.4804922,0.21332671,0.25364664,0.047601596,-0.6812612,0.59185773,-0.06491228,-0.7135087,0.42493555","-0.28829485,0.2598846,0.91762245","-0.5080223,0.24905953,0.35222742,-0.013242111,-0.7549377,0.3793612,-0.06491228,-0.7135087,0.42493555",0.0
"-0.5080223,0.24905953,0.35222742,-0.013242111,-0.7549377,0.3793612,-0.06491228,-0.7135087,0.42493555","-0.4304096,-0.15815622,0.054745078","-0.5491233,0.22731388,0.35810876,-0.10707201,-0.72593296,0.40968782,-0.06491228,-0.7135087,0.42493555",0.0
"-0.5491233,0.22731388,0.35810876,-0.10707201,-0.72593296,0.40968782,-0.06491228,-0.7135087,0.42493555","0.3907107,-0.05567491,0.120232224","-0.5118132,0.21965888,0.3710254,-0.02119556,-0.72681665,0.40320793,-0.06491228,-0.7135087,0.42493555",0.0
"-0.5118132,0.21965888,0.3710254,-0.02119556,-0.72681665,0.40320793,-0.06491228,-0.7135087,0.42493555","-0.20478022,-0.021739185,-0.003933847","-0.53136826,0.21666986,0.37060285,-0.06547464,-0.7210667,0.4091565,-0.06491228,-0.7135087,0.42493555",0.0
"0.0,0.0,0.0,2.8652207e-07,0.005789075,0.993462,0.42409357,0.07660819,0.47972226","0.42408466,0.64896774,0.90955377","0.040497012,0.089229725,0.09771393,0.31762445,0.046465427,0.923031,0.42409357,0.07660819,0.47972226",0.0
"0.040497012,0.089229725,0.09771393,0.31762445,0.046465427,0.923031,0.42409357,0.07660819,0.47972226","0.25041127,0.3975773,0.94126","0.06440948,0.14389457,0.19883409,0.52244943,0.11309362,0.7682598,0.42409357,0.07660819,0.47972226",0.0
"0.06440948,0.14389457,0.19883409,0.52244943,0.11309362,0.7682598,0.42409357,0.07660819,0.47972226","0.09777582,-0.318994,0.93368435","0.07374636,0.10003454,0.29914042,0.52581,0.12999582,0.6977522,0.42409357,0.07660819,0.47972226",0.0
"0.07374636,0.10003454,0.29914042,0.52581,0.12999582,0.6977522,0.42409357,0.07660819,0.47972226","-0.32141656,-0.47734028,0.90903807","0.043053407,0.034402713,0.396799,0.49460715,0.073152095,0.64423895,0.42409357,0.07660819,0.47972226",0.0
"0.043053407,0.034402713,0.396799,0.49460715,0.073152095,0.64423895,0.42409357,0.07660819,0.47972226","0.10170841,-0.44815397,0.8657994","0.052765824,-0.027216155,0.48981243,0.4463884,0.08055244,0.5784947,0.42409357,0.07660819,0.47972226",0.0
"0.052765824,-0.027216155,0.48981243,0.4463884,0.08055244,0.5784947,0.42409357,0.07660819,0.47972226","-0.1641941,-0.27040273,0.6470628","0.037086476,-0.064395145,0.5593268,0.42167422,0.055181812,0.5122272,0.42409357,0.07660819,0.47972226",0.0
"0.037086476,-0.064395145,0.5593268,0.42167422,0.055181812,0.5122272,0.42409357,0.07660819,0.47972226","0.09732485,0.0064196587,0.144647","0.046380285,-0.06351248,0.57486635,0.42364922,0.06802095,0.48724726,0.42409357,0.07660819,0.47972226",0.0
"0.0,0.0,0.0,2.8652207e-07,0.005789075,0.993462,-0.06994152,0.01754386,0.75542104","0.49508905,-0.9560679,0.9168371","0.047277395,-0.13145444,0.09849642,-0.14493433,-0.015832698,0.9708553,-0.06994152,0.01754386,0.75542104",0.0
"0.047277395,-0.13145444,0.09849642,-0.14493433,-0.015832698,0.9708553,-0.06994152,0.01754386,0.75542104","-0.25808227,0.04864478,0.87463856","0.022632396,-0.12476607,0.19245943,-0.0022140294,0.0056460733,0.9535739,-0.06994152,0.01754386,0.75542104",0.0
"0.022632396,-0.12476607,0.19245943,-0.0022140294,0.0056460733,0.9535739,-0.06994152,0.01754386,0.75542104","-0.51902896,-0.64292324,0.8816458","-0.026931114,-0.21316473,0.2871753,-0.055694044,0.010533249,0.90336734,-0.06994152,0.01754386,0.75542104",0.0
"-0.026931114,-0.21316473,0.2871753,-0.055694044,0.010533249,0.90336734,-0.06994152,0.01754386,0.75542104","0.21356618,-0.66417843,0.94031906","-0.0065371017,-0.3044859,0.3881944,-0.100798815,0.007860813,0.82745695,-0.06994152,0.01754386,0.75542104",0.0
"-0.0065371017,-0.3044859,0.3881944,-0.100798815,0.007860813,0.82745695,-0.06994152,0.01754386,0.75542104","-0.13955593,-0.2919308,0.60595965","-0.019863687,-0.34462494,0.45329309,-0.09121187,0.011499823,0.7723084,-0.06994152,0.01754386,0.75542104",0.0
"-0.019863687,-0.34462494,0.45329309,-0.09121187,0.011499823,0.7723084,-0.06994152,0.01754386,0.75542104","-0.24054652,-0.01257211,0.13207126","-0.04283414,-0.34635362,0.46748167,-0.07618295,0.016156008,0.7607209,-0.06994152,0.01754386,0.75542104",0.0
"0.0,0.0,0.0,2.8652207e-07,0.005789075,0.993462,0.5647954,-0.08836257,0.6989999","-0.47923732,0.8508507,0.97261024","-0.045763683,0.1169876,0.10448813,0.3817085,-0.049410455,0.8939894,0.5647954,-0.08836257,0.6989999",0.0
"-0.045763683,0.1169876,0.10448813,0.3817085,-0.049410455,0.8939894,0.5647954,-0.08836257,0.6989999","0.27330852,0.42333353,0.3797661","-0.0196647,0.1751938,0.14528665,0.53811604,-0.02748626,0.78885084,0.5647954,-0.08836257,0.6989999",0.0
"-0.0196647,0.1751938,0.14528665,0.53811604,-0.02748626,0.78885084,0.5647954,-0.08836257,0.6989999","-0.14490545,0.029902458,0.6803881","-0.033502117,0.17930524,0.21838117,0.6066872,-0.058269355,0.6942616,0.5647954,-0.08836257,0.6989999",0.0
"-0.033502117,0.17930524,0.21838117,0.6066872,-0.058269355,0.6942616,0.5647954,-0.08836257,0.6989999","-0.32720518,-0.30893648,0.23805118","-0.06474783,0.13682808,0.24395521,0.55014807,-0.10756482,0.7215065,0.5647954,-0.08836257,0.6989999",0.0
"-0.06474783,0.13682808,0.24395521,0.55014807,-0.10756482,0.7215065,0.5647954,-0.08836257,0.6989999","0.19509423,-0.1496914,0.24890113","-0.04611774,0.11624628,0.27069485,0.5423948,-0.07328797,0.71431774,0.5647954,-0.08836257,0.6989999",0.0
"-0.04611774,0.11624628,0.27069485,0.5423948,-0.07328797,0.71431774,0.5647954,-0.08836257,0.6989999","-0.08751792,0.027716637,0.09901774","-0.05447506,0.12005718,0.28133243,0.5538656,-0.08984912,0.69494337,0.5647954,-0.08836257,0.6989999",0.0
"0.0,0.0,0.0,2.8652207e-07,0.005789075,0.993462,-0.34596494,-0.18064328,0.8230218","0.6103637,-0.9915441,0.517859","0.058285296,-0.13633223,0.055633947,-0.21309642,-0.033574328,0.96356606,-0.34596494,-0.18064328,0.8230218",0.0
"0.058285296,-0.13633223,0.055633947,-0.21309642,-0.033574328,0.96356606,-0.34596494,-0.18064328,0.8230218","0.696278,-0.8278256,0.8997581","0.124774784,-0.25015405,0.15229557,-0.2948316,-0.11561513,0.9091406,-0.34596494,-0.18064328,0.8230218",0.0
"0.124774784,-0.25015405,0.15229557,-0.2948316,-0.11561513,0.9091406,-0.34596494,-0.18064328,0.8230218","0.30818605,-0.64225197,0.7662232","0.1542043,-0.33846045,0.23461148,-0.3338967,-0.16918059,0.8476043,-0.34596494,-0.18064328,0.8230218",0.0
"0.1542043,-0.33846045,0.23461148,-0.3338967,-0.16918059,0.8476043,-0.34596494,-0.18064328,0.8230218","-0.095305264,-0.29709607,0.43592572","0.14510334,-0.37930965,0.28144333,-0.34795618,-0.16415489,0.81433487,-0.34596494,-0.18064328,0.8230218",0.0
"0.14510334,-0.37930965,0.28144333,-0.34795618,-0.16415489,0.81433487,-0.34596494,-0.18064328,0.8230218","0.32004547,-0.09485972,0.08360529","0.17566536,-0.39235243,0.29042518,-0.34002897,-0.20255128,0.802527,-0.34596494,-0.18064328,0.8230218",0.0
"0.17566536,-0.39235243,0.29042518,-0.34002897,-0.20255128,0.802527,-0.34596494,-0.18064328,0.8230218","-0.36071348,0.10329604,-0.064742744","0.14121982,-0.37814984,0.28346992,-0.3454718,-0.1577775,0.815535,-0.34596494,-0.18064328,0.8230218",0.0
"0.14121982,-0.37814984,0.28346992,-0.3454718,-0.1577775,0.815535,-0.34596494,-0.18064328,0.8230218","-0.036569834,-0.061460733,0.041042328","0.13772766,-0.3866004,0.2878792,-0.3555166,-0.15782733,0.8078638,-0.34596494,-0.18064328,0.8230218",0.0
"0.13772766,-0.3866004,0.2878792,-0.3555166,-0.15782733,0.8078638,-0.34596494,-0.18064328,0.8230218","-0.09973085,-0.023704767,0.081859946","0.12820408,-0.38985977,0.29667357,-0.35419822,-0.14461619,0.805221,-0.34596494,-0.18064328,0.8230218",0.0
"0.12820408,-0.38985977,0.29667357,-0.35419822,-0.14461619,0.805221,-0.34596494,-0.18064328,0.8230218","0.44527674,-0.064446926,0.105648875","0.17072476,-0.39872092,0.30802354,-0.3318262,-0.19052836,0.79723513,-0.34596494,-0.18064328,0.8230218",0.0
"0.17072476,-0.39872092,0.30802354,-0.3318262,-0.19052836,0.79723513,-0.34596494,-0.18064328,0.8230218","-0.1442169,0.07052624,-0.17469752","0.1569531,-0.389024,0.28925577,-0.34750286,-0.18016055,0.8056439,-0.34596494,-0.18064328,0.8230218",0.0
"0.0,0.0,0.0,2.8652207e-07,0.005789075,0.993462,0.06035088,0.1519883,0.62760717","0.99664664,-0.10014129,0.9273914","0.09517252,-0.013768923,0.09963027,0.101479106,0.03733703,0.97608685,0.06035088,0.1519883,0.62760717",0.0
"0.09517252,-0.013768923,0.09963027,0.101479106,0.03733703,0.97608685,0.06035088,0.1519883,0.62760717","0.7177106,0.0004645586,0.9689902","0.16370867,-0.013705064,0.20372953,0.20773229,0.1240235,0.9139608,0.06035088,0.1519883,0.62760717",0.0
"0.16370867,-0.013705064,0.20372953,0.20773229,0.1240235,0.9139608,0.06035088,0.1519883,0.62760717","0.8281672,-0.51821214,0.7851186","0.2427926,-0.08495659,0.28807536,0.13991399,0.14172539,0.88025695,0.06035088,0.1519883,0.62760717",0.0
"0.2427926,-0.08495659,0.28807536,0.13991399,0.14172539,0.88025695,0.06035088,0.1519883,0.62760717","0.4832319,-0.40232122,0.93482864","0.28893772,-0.1402737,0.38850468,0.11998226,0.16302441,0.80665195,0.06035088,0.1519883,0.62760717",0.0
"0.28893772,-0.1402737,0.38850468,0.11998226,0.16302441,0.80665195,0.06035088,0.1519883,0.62760717","0.2537856,-0.45158422,0.86202097","0.3131724,-0.20236424,0.4811122,0.095479205,0.15400425,0.7281051,0.06035088,0.1519883,0.62760717",0.0
"0.3131724,-0.20236424,0.4811122,0.095479205,0.15400425,0.7281051,0.06035088,0.1519883,0.62760717","0.51956797,-0.31256545,0.790611","0.3627874,-0.2453404,0.56604815,0.070155166,0.16639653,0.63756955,0.06035088,0.1519883,0.62760717",0.0
"0.3627874,-0.2453404,0.56604815,0.070155166,0.16639653,0.63756955,0.06035088,0.1519883,0.62760717","0.1990422,-0.107464075,0.12629116","0.38179445,-0.2601162,0.5796158,0.055687554,0.15895562,0.6255034,0.06035088,0.1519883,0.62760717",0.0
"0.0,0.0,0.0,2.8652207e-07,0.005789075,0.993462,0.30684212,0.4591228,0.5050889","0.9457828,0.7322941,0.761209","0.0903154,0.10068667,0.08177716,0.30970567,0.09634104,0.9250093,0.30684212,0.4591228,0.5050889",0.0
"0.0903154,0.10068667,0.08177716,0.30970567,0.09634104,0.9250093,0.30684212,0.4591228,0.5050889","0.941669,0.6081407,0.624737","0.18023795,0.1843029,0.14889306,0.4680264,0.30436996,0.7726124,0.30684212,0.4591228,0.5050889",0.0
"0.18023795,0.1843029,0.14889306,0.4680264,0.30436996,0.7726124,0.30684212,0.4591228,0.5050889","0.7858211,-0.048754275,0.59332764","0.25527817,0.17759944,0.21263462,0.4146336,0.43694532,0.70428765,0.30684212,0.4591228,0.5050889",0.0
"0.25527817,0.17759944,0.21263462,0.4146336,0.43694532,0.70428765,0.30684212,0.4591228,0.5050889","0.61736405,-0.5119016,0.9658463","0.31423193,0.107215606,0.31639615,0.30597812,0.47387502,0.66424406,0.30684212,0.4591228,0.5050889",0.0
"0.31423193,0.107215606,0.31639615,0.30597812,0.47387502,0.66424406,0.30684212,0.4591228,0.5050889","0.1539793,-0.2913084,0.71845424","0.32893586,0.0671622,0.39358014,0.2745069,0.47195536,0.6071439,0.30684212,0.4591228,0.5050889",0.0
"0.32893586,0.0671622,0.39358014,0.2745069,0.47195536,0.6071439,0.30684212,0.4591228,0.5050889","-0.29955697,-0.013561785,0.66093755","0.30033034,0.06529752,0.46458513,0.3274543,0.46155277,0.50188404,0.30684212,0.4591228,0.5050889",0.0
"0.30033034,0.06529752,0.46458513,0.3274543,0.46155277,0.50188404,0.30684212,0.4591228,0.5050889","0.027240157,-0.06718671,0.06821489","0.30293158,0.056059703,0.47191352,0.31795394,0.45618913,0.50318295,0.30684212,0.4591228,0.5050889",0.0
"0.0,0.0,0.0,2.8652207e-07,0.005789075,0.993462,-0.06684211,-0.029064327,0.2237676","-0.3978073,-0.754058,0.9668926","-0.037987724,-0.10367911,0.103873916,-0.07768025,0.015145346,0.9782479,-0.06684211,-0.029064327,0.2237676",0.0
"-0.037987724,-0.10367911,0.103873916,-0.07768025,0.015145346,0.9782479,-0.06684211,-0.029064327,0.2237676","0.15519702,-0.057288766,0.8678229","-0.02316755,-0.11155606,0.19710474,0.03234712,0.0034460023,0.9510404,-0.06684211,-0.029064327,0.2237676",0.0
"-0.02316755,-0.11155606,0.19710474,0.03234712,0.0034460023,0.9510404,-0.06684211,-0.029064327,0.2237676","-0.47927785,-0.67434835,0.8711822","-0.06893512,-0.20427552,0.29069647,-0.03201779,0.012972144,0.90245587,-0.06684211,-0.029064327,0.2237676",0.0
"-0.06893512,-0.20427552,0.29069647,-0.03201779,0.012972144,0.90245587,-0.06684211,-0.029064327,0.2237676","0.32824445,-0.023609161,0.81468034","-0.037590172,-0.2075217,0.37821817,0.06774692,-0.0022081102,0.83908767,-0.06684211,-0.029064327,0.2237676",0.0
"-0.037590172,-0.2075217,0.37821817,0.06774692,-0.0022081102,0.83908767,-0.06684211,-0.029064327,0.2237676","-0.18262184,-0.7600276,0.6633382","-0.05502924,-0.31202164,0.4494811,-0.037788264,0.012475404,0.7806069,-0.06684211,-0.029064327,0.2237676",0.0
"-0.05502924,-0.31202164,0.4494811,-0.037788264,0.012475404,0.7806069,-0.06684211,-0.029064327,0.2237676","-0.28212786,-0.5299503,0.93903065","-0.081970416,-0.38488713,0.5503618,-0.043876525,0.017542113,0.67943615,-0.06684211,-0.029064327,0.2237676",0.0
"-0.081970416,-0.38488713,0.5503618,-0.043876525,0.017542113,0.67943615,-0.06684211,-0.029064327,0.2237676","0.5802311,-0.5736822,0.898798","-0.026562564,-0.46376556,0.64692026,-0.061456915,0.010949861,0.56656754,-0.06684211,-0.029064327,0.2237676",0.0
"-0.026562564,-0.46376556,0.64692026,-0.061456915,0.010949861,0.56656754,-0.06684211,-0.029064327,0.2237676","0.7098162,-0.8446688,0.6597197","0.041219734,-0.57990324,0.7177945,-0.13406205,-0.011620004,0.4613091,-0.06684211,-0.029064327,0.2237676",0.0
"0.041219734,-0.57990324,0.7177945,-0.13406205,-0.011620004,0.4613091,-0.06684211,-0.029064327,0.2237676","0.4734273,-0.5373634,0.980412","0.086428605,-0.653788,0.82312083,-0.10384943,-0.022902181,0.3210397,-0.06684211,-0.029064327,0.2237676",0.0
"0.086428605,-0.653788,0.82312083,-0.10384943,-0.022902181,0.3210397,-0.06684211,-0.029064327,0.2237676","0.51452994,-0.21265829,0.6457565","0.13556248,-0.68302745,0.892495,-0.067303136,-0.024174802,0.22754061,-0.06684211,-0.029064327,0.2237676",0.0
"0.0,0.0,0.0,2.8652207e-07,0.005789075,0.993462,0.24426901,-0.0057894737,0.8102732","-0.424484,0.24866319,0.8599117","-0.040535145,0.034189902,0.09238086,0.19918205,-0.019666504,0.96129656,0.24426901,-0.0057894737,0.8102732",0.0
"-0.040535145,0.034189902,0.09238086,0.19918205,-0.019666504,0.96129656,0.24426901,-0.0057894737,0.8102732","0.18810534,-0.37651062,0.9782299","-0.02257245,-0.017578384,0.19747274,0.22632861,-0.010273015,0.9210771,0.24426901,-0.0057894737,0.8102732",0.0
"-0.02257245,-0.017578384,0.19747274,0.22632861,-0.010273015,0.9210771,0.24426901,-0.0057894737,0.8102732","0.021407485,-0.23742056,0.80677176","-0.0205282,-0.050222505,0.2841448,0.26169592,-0.011099303,0.86444396,0.24426901,-0.0057894737,0.8102732",0.0
"-0.0205282,-0.050222505,0.2841448,0.26169592,-0.011099303,0.86444396,0.24426901,-0.0057894737,0.8102732","-0.24897242,-0.3546521,0.56030035","-0.04430327,-0.09898537,0.34433827,0.23185225,-0.026634049,0.83232355,0.24426901,-0.0057894737,0.8102732",0.0
"-0.04430327,-0.09898537,0.34433827,0.23185225,-0.026634049,0.83232355,0.24426901,-0.0057894737,0.8102732","0.09351516,-0.08523786,0.23677802","-0.03537326,-0.11070517,0.36977556,0.23652059,-0.020567887,0.81146175,0.24426901,-0.0057894737,0.8102732",0.0
"0.0,0.0,0.0,2.8652207e-07,0.005789075,0.993462,0.7140936,-0.11327485,0.53209","-0.44573098,0.6890706,0.37436604","-0.042564064,0.09474366,0.040218372,0.25671557,-0.028692532,0.95349365,0.7140936,-0.11327485,0.53209",0.0
"-0.042564064,0.09474366,0.040218372,0.25671557,-0.028692532,0.95349365,0.7140936,-0.11327485,0.53209","-0.40626633,0.8427069,0.9887941","-0.08135955,0.21061154,0.14644514,0.5827893,-0.1463077,0.7382643,0.7140936,-0.11327485,0.53209",0.0
"-0.08135955,0.21061154,0.14644514,0.5827893,-0.1463077,0.7382643,0.7140936,-0.11327485,0.53209","0.43032074,0.14421284,0.9239671","-0.04026704,0.23044007,0.24570753,0.69722784,-0.08283872,0.5744125,0.7140936,-0.11327485,0.53209",0.0
"-0.04026704,0.23044007,0.24570753,0.69722784,-0.08283872,0.5744125,0.7140936,-0.11327485,0.53209","-0.14657038,0.029759407,0.29020238","-0.054263443,0.23453186,0.27688417,0.71220654,-0.11672806,0.52134293,0.7140936,-0.11327485,0.53209",0.0
"0.0,0.0,0.0,2.8652207e-07,0.005789075,0.993462,0.4546784,0.3465497,0.6989999","0.8955531,0.8876262,0.8853631","0.08551884,0.12204404,0.09511512,0.36832282,0.10741194,0.89676577,0.4546784,0.3465497,0.6989999",0.0
"0.08551884,0.12204404,0.09511512,0.36832282,0.10741194,0.89676577,0.4546784,0.3465497,0.6989999","0.7842878,0.7168548,0.50188863","0.16041262,0.22060789,0.14903332,0.5398372,0.30430186,0.7202619,0.4546784,0.3465497,0.6989999",0.0
"0.16041262,0.22060789,0.14903332,0.5398372,0.30430186,0.7202619,0.4546784,0.3465497,0.6989999","0.14014459,-0.39792585,0.39007282","0.17379543,0.16589515,0.19093911,0.47996992,0.2984083,0.74826586,0.4546784,0.3465497,0.6989999",0.0
"0.17379543,0.16589515,0.19093911,0.47996992,0.2984083,0.74826586,0.4546784,0.3465497,0.6989999","0.2786219,-0.18708837,0.44822598","0.2004018,0.14017147,0.23909232,0.45101717,0.33571684,0.7232178,0.4546784,0.3465497,0.6989999",0.0
"0.2004018,0.14017147,0.23909232,0.45101717,0.33571684,0.7232178,0.4546784,0.3465497,0.6989999","0.06184995,0.0039248466,0.15735984","0.20630802,0.14071111,0.25599763,0.45560965,0.35228103,0.7002986,0.4546784,0.3465497,0.6989999",0.0
"0.0,0.0,0.0,2.8652207e-07,0.005789075,0.993462,0.0029824562,-0.0050877193,0.23331277","-0.95625794,-0.9065952,0.9902179","-0.09131571,-0.12465219,0.10637978,-0.11365484,0.039565645,0.97297925,0.0029824562,-0.0050877193,0.23331277",0.0
"-0.09131571,-0.12465219,0.10637978,-0.11365484,0.039565645,0.97297925,0.0029824562,-0.0050877193,0.23331277","-0.7263962,-0.60905623,0.9587681","-0.16068129,-0.20839433,0.20938088,-0.13042443,0.078679614,0.9326143,0.0029824562,-0.0050877193,0.23331277",0.0
"-0.16068129,-0.20839433,0.20938088,-0.13042443,0.078679614,0.9326143,0.0029824562,-0.0050877193,0.23331277","-0.53050196,-0.7778044,0.9765818","-0.21134038,-0.3153385,0.31429574,-0.16934064,0.13985093,0.8577572,0.0029824562,-0.0050877193,0.23331277",0.0
"-0.21134038,-0.3153385,0.31429574,-0.16934064,0.13985093,0.8577572,0.0029824562,-0.0050877193,0.23331277","-0.84763277,-0.3812518,0.35788548","-0.29228315,-0.3677587,0.35274372,-0.15601489,0.21367458,0.81565696,0.0029824562,-0.0050877193,0.23331277",0.0
"-0.29228315,-0.3677587,0.35274372,-0.15601489,0.21367458,0.81565696,0.0029824562,-0.0050877193,0.23331277","-0.8314642,0.045739174,0.96913743","-0.37168193,-0.36146984,0.45685884,-0.040392466,0.109469086,0.76535726,0.0029824562,-0.0050877193,0.23331277",0.0
"-0.37168193,-0.36146984,0.45685884,-0.040392466,0.109469086,0.76535726,0.0029824562,-0.0050877193,0.23331277","-0.24009031,-0.5099802,0.9696963","-0.39460883,-0.43158954,0.561034,-0.029307645,0.103067994,0.6604223,0.0029824562,-0.0050877193,0.23331277",0.0
"-0.39460883,-0.43158954,0.561034,-0.029307645,0.103067994,0.6604223,0.0029824562,-0.0050877193,0.23331277","-0.8531462,-0.49464083,0.9668782","-0.4760781,-0.49960014,0.6649064,-0.0010797735,0.09145156,0.54008734,0.0029824562,-0.0050877193,0.23331277",0.0
"-0.4760781,-0.49960014,0.6649064,-0.0010797735,0.09145156,0.54008734,0.0029824562,-0.0050877193,0.23331277","-0.7922927,0.020154953,0.7466173","-0.5517363,-0.49682897,0.745116,0.008449962,0.015753528,0.4440205,0.0029824562,-0.0050877193,0.23331277",0.0
"-0.5517363,-0.49682897,0.745116,0.008449962,0.015753528,0.4440205,0.0029824562,-0.0050877193,0.23331277","-0.7212677,-0.4494902,0.8845118","-0.62061214,-0.5586316,0.8401397,0.009912965,0.009246362,0.31236762,0.0029824562,-0.0050877193,0.23331277",0.0
"-0.62061214,-0.5586316,0.8401397,0.009912965,0.009246362,0.31236762,0.0029824562,-0.0050877193,0.23331277","-0.6686341,-0.31069052,0.51334786","-0.68446183,-0.60134995,0.89528906,0.0124523565,0.008454544,0.23215516,0.0029824562,-0.0050877193,0.23331277",0.0
"0.0,0.0,0.0,2.8652207e-07,0.005789075,0.993462,0.28842106,0.32187134,0.79987806","0.9490907,0.76056147,0.92825747","0.090631284,0.10457329,0.09972329,0.3385026,0.10510474,0.90892345,0.28842106,0.32187134,0.79987806",0.0
"0.090631284,0.10457329,0.09972329,0.3385026,0.10510474,0.90892345,0.28842106,0.32187134,0.79987806","0.9182298,0.03336525,0.77398396","0.17831556,0.10916084,0.18287288,0.38405928,0.24772426,0.82832325,0.28842106,0.32187134,0.79987806",0.0
"0.17831556,0.10916084,0.18287288,0.38405928,0.24772426,0.82832325,0.28842106,0.32187134,0.79987806","0.6385701,-0.31697392,0.4223001","0.23929437,0.06557856,0.22824088,0.3045032,0.29260603,0.8260464,0.28842106,0.32187134,0.79987806",0.0
"0.23929437,0.06557856,0.22824088,0.3045032,0.29260603,0.8260464,0.28842106,0.32187134,0.79987806","0.15523434,-0.11383104,0.34537423","0.2541181,0.04992737,0.26534468,0.2954865,0.3115292,0.8001616,0.28842106,0.32187134,0.79987806",0.0
"0.0,0.0,0.0,2.8652207e-07,0.005789075,0.993462,0.52216375,0.3990643,0.51169205","0.60158396,0.92170405,0.96250737","0.05744691,0.12672958,0.10340277,0.3951429,0.07798257,0.88552606,0.52216375,0.3990643,0.51169205",0.0
"0.05744691,0.12672958,0.10340277,0.3951429,0.07798257,0.88552606,0.52216375,0.3990643,0.51169205","0.9037694,0.8467126,0.9317484","0.14375032,0.24314821,0.2035011,0.623127,0.30867386,0.61269146,0.52216375,0.3990643,0.51169205",0.0
"0.14375032,0.24314821,0.2035011,0.623127,0.30867386,0.61269146,0.52216375,0.3990643,0.51169205","0.65712285,-0.28250325,0.80533767","0.20650078,0.20430548,0.29001904,0.54507565,0.420554,0.5537528,0.52216375,0.3990643,0.51169205",0.0
"0.20650078,0.20430548,0.29001904,0.54507565,0.420554,0.5537528,0.52216375,0.3990643,0.51169205","-0.13256443,-0.27223003,0.3999772","0.19384183,0.16687527,0.3329889,0.53553325,0.38053435,0.5510325,0.52216375,0.3990643,0.51169205",0.0
"0.19384183,0.16687527,0.3329889,0.53553325,0.38053435,0.5510325,0.52216375,0.3990643,0.51169205","-0.012725174,-0.06199062,0.23469579","0.19262667,0.1583519,0.35820243,0.5351842,0.37724364,0.52655005,0.52216375,0.3990643,0.51169205",0.0
"0.19262667,0.1583519,0.35820243,0.5351842,0.37724364,0.52655005,0.52216375,0.3990643,0.51169205","0.09596348,0.0005607605,0.08841133","0.20179048,0.15842901,0.36770052,0.5264253,0.39419967,0.5119319,0.52216375,0.3990643,0.51169205",0.0
"0.0,0.0,0.0,2.8652207e-07,0.005789075,0.993462,0.71643275,-0.0057894737,0.42493555","-0.20845073,0.9692124,-0.5216714","-0.01990552,0.13326174,-0.05604352,0.20854908,-0.0072582033,0.9652426,0.71643275,-0.0057894737,0.42493555",0.0
"-0.01990552,0.13326174,-0.05604352,0.20854908,-0.0072582033,0.9652426,0.71643275,-0.0057894737,0.42493555","0.05433035,0.78595066,0.9603238","-0.014717361,0.24132593,0.047124643,0.5538377,-0.019830147,0.8018766,0.71643275,-0.0057894737,0.42493555",0.0
"-0.014717361,0.24132593,0.047124643,0.5538377,-0.019830147,0.8018766,0.71643275,-0.0057894737,0.42493555","0.044626117,0.41403317,0.8502886","-0.010455887,0.2982534,0.13847166,0.7297021,-0.01818535,0.605775,0.71643275,-0.0057894737,0.42493555",0.0
"-0.010455887,0.2982534,0.13847166,0.7297021,-0.01818535,0.605775,0.71643275,-0.0057894737,0.42493555","0.28448796,-0.10287106,0.8610947","0.016710652,0.28410918,0.2309796,0.76251227,0.04586437,0.5000236,0.71643275,-0.0057894737,0.42493555",0.0
"0.016710652,0.28410918,0.2309796,0.76251227,0.04586437,0.5000236,0.71643275,-0.0057894737,0.42493555","-0.32587242,-0.31561828,0.5175991","-0.014407798,0.2407133,0.28658563,0.7323106,-0.027374217,0.4957651,0.71643275,-0.0057894737,0.42493555",0.0
"-0.014407798,0.2407133,0.28658563,0.7323106,-0.027374217,0.4957651,0.71643275,-0.0057894737,0.42493555","0.36554718,-0.17917442,0.5708386","0.02049931,0.21607774,0.34791118,0.7184945,0.05213708,0.4454533,0.71643275,-0.0057894737,0.42493555",0.0
"0.02049931,0.21607774,0.34791118,0.7184945,0.05213708,0.4454533,0.71643275,-0.0057894737,0.42493555","-0.34309512,-0.070237815,0.07804918","-0.012263783,0.20642042,0.35629606,0.710878,-0.021608517,0.44933072,0.71643275,-0.0057894737,0.42493555",0.0
"-0.012263783,0.20642042,0.35629606,0.710878,-0.021608517,0.44933072,0.71643275,-0.0057894737,0.42493555","0.087135434,-0.037751377,0.11204839","-0.003942979,0.20122983,0.36833358,0.7074193,-0.0029738208,0.43964484,0.71643275,-0.0057894737,0.42493555",0.0
"0.0,0.0,0.0,2.8652207e-07,0.005789075,0.993462,0.05391813,0.7209941,0.53209","0.50801885,0.7351694,0.7690846","0.048512116,0.10108201,0.082623236,0.32150143,0.055238567,0.92412156,0.05391813,0.7209941,0.53209",0.0
"0.048512116,0.10108201,0.082623236,0.32150143,0.055238567,0.92412156,0.05391813,0.7209941,0.53209","0.70327044,-0.39199215,0.8576119","0.11566934,0.0471851,0.17475705,0.30579928,0.1224812,0.8957365,0.05391813,0.7209941,0.53209",0.0
"0.11566934,0.0471851,0.17475705,0.30579928,0.1224812,0.8957365,0.05391813,0.7209941,0.53209","0.9083744,0.63911045,0.9464154","0.2024125,0.13505949,0.27643108,0.46424574,0.3498968,0.68070346,0.05391813,0.7209941,0.53209",0.0
"0.2024125,0.13505949,0.27643108,0.46424574,0.3498968,0.68070346,0.05391813,0.7209941,0.53209","0.98706055,0.28347838,0.3609563","0.2966696,0.17403632,0.31520888,0.38838035,0.532677,0.5660999,0.05391813,0.7209941,0.53209",0.0
"0.2966696,0.17403632,0.31520888,0.38838035,0.532677,0.5660999,0.05391813,0.7209941,0.53209","0.996845,-0.06218952,-0.052686155","0.39186108,0.1654856,0.3095488,0.2094936,0.61011994,0.58806634,0.05391813,0.7209941,0.53209",0.0
"0.39186108,0.1654856,0.3095488,0.2094936,0.61011994,0.58806634,0.05391813,0.7209941,0.53209","0.82676923,0.17366624,-0.06710863","0.47081155,0.18936384,0.30233932,0.055956714,0.67176336,0.560293,0.05391813,0.7209941,0.53209",0.0
"0.47081155,0.18936384,0.30233932,0.055956714,0.67176336,0.560293,0.05391813,0.7209941,0.53209","0.22272646,0.0768038,0.057464004","0.49208027,0.19992398,0.30851272,0.011382273,0.6901899,0.5334949,0.05391813,0.7209941,0.53209",0.0
"0.49208027,0.19992398,0.30851272,0.011382273,0.6901899,0.5334949,0.05391813,0.7209941,0.53209","-0.27666152,0.22032797,-0.113686144","0.4656611,0.23021798,0.29629937,0.072136074,0.7198712,0.49968928,0.05391813,0.7209941,0.53209",0.0
"0.4656611,0.23021798,0.29629937,0.072136074,0.7198712,0.49968928,0.05391813,0.7209941,0.53209","0.21414518,-0.11942619,-0.008007228","0.48611042,0.21379751,0.29543915,0.024873894,0.7024526,0.5295555,0.05391813,0.7209941,0.53209",0.0
"0.48611042,0.21379751,0.29543915,0.024873894,0.7024526,0.5295555,0.05391813,0.7209941,0.53209","-0.04779309,0.09469032,-0.05341381","0.48154652,0.22681695,0.28970093,0.035760827,0.71611625,0.51563394,0.05391813,0.7209941,0.53209",0.0
"0.48154652,0.22681695,0.28970093,0.035760827,0.71611625,0.51563394,0.05391813,0.7209941,0.53209","-0.0102286935,-0.080642104,0.016144514","0.48056978,0.21572909,0.29143536,0.037151158,0.70279795,0.53224313,0.05391813,0.7209941,0.53209",0.0
"0.48056978,0.21572909,0.29143536,0.037151158,0.70279795,0.53224313,0.05391813,0.7209941,0.53209","-0.05292809,0.082398176,0.002105832","0.4755155,0.22705843,0.29166162,0.049399476,0.71631926,0.5122566,0.05391813,0.7209941,0.53209",0.0
"0.4755155,0.22705843,0.29166162,0.049399476,0.71631926,0.5122566,0.05391813,0.7209941,0.53209","0.16571152,-0.06722617,-0.03456241","0.49133977,0.21781519,0.28794858,0.013389447,0.70491576,0.53387594,0.05391813,0.7209941,0.53209",0.0
"0.49133977,0.21781519,0.28794858,0.013389447,0.70491576,0.53387594,0.05391813,0.7209941,0.53209","0.060688376,0.07924926,0.0071828365","0.49713507,0.22871156,0.28872025,0.00067950547,0.7189875,0.51379246,0.05391813,0.7209941,0.53209",0.0
"0.49713507,0.22871156,0.28872025,0.00067950547,0.7189875,0.51379246,0.05391813,0.7209941,0.53209","-0.23649448,0.13657105,-0.15034986","0.47455156,0.24748942,0.27256808,0.05300549,0.7341033,0.50478476,0.05391813,0.7209941,0.53209",0.0
"0.47455156,0.24748942,0.27256808,0.05300549,0.7341033,0.50478476,0.05391813,0.7209941,0.53209","0.30843854,-0.18845433,0.088798046","0.5040052,0.22157794,0.28210774,-0.01469263,0.70731044,0.5361158,0.05391813,0.7209941,0.53209",0.0
"0.5040052,0.22157794,0.28210774,-0.01469263,0.70731044,0.5361158,0.05391813,0.7209941,0.53209","-0.21818191,0.1366731,-0.068971574","0.4831704,0.24036981,0.2746981,0.032693107,0.72736675,0.5142977,0.05391813,0.7209941,0.53209",0.0
"0.4831704,0.24036981,0.2746981,0.032693107,0.72736675,0.5142977,0.05391813,0.7209941,0.53209","-0.12241447,-0.07119334,0.04820466","0.4714807,0.2305811,0.27987677,0.058468856,0.715564,0.5237981,0.05391813,0.7209941,0.53209",0.0
"0.0,0.0,0.0,2.8652207e-07,0.005789075,0.993462,0.27076024,0.15309942,0.5664788","0.8916328,0.506227,0.97327256","0.08514447,0.06960361,0.10455929,0.2776431,0.08209278,0.9329412,0.27076024,0.15309942,0.5664788",0.0
"0.08514447,0.06960361,0.10455929,0.2776431,0.08209278,0.9329412,0.27076024,0.15309942,0.5664788","0.50291574,0.119345546,0.9800445","0.13316928,0.086013,0.20984611,0.40114027,0.18468738,0.82464993,0.27076024,0.15309942,0.5664788",0.0
"0.13316928,0.086013,0.20984611,0.40114027,0.18468738,0.82464993,0.27076024,0.15309942,0.5664788","0.21201837,-0.5689212,0.9667802","0.15341549,0.007789257,0.31370798,0.34987503,0.18955903,0.78491515,0.27076024,0.15309942,0.5664788",0.0
"0.15341549,0.007789257,0.31370798,0.34987503,0.18955903,0.78491515,0.27076024,0.15309942,0.5664788","0.19487298,-0.27234507,0.96752095","0.17202444,-0.029656801,0.41764936,0.35202727,0.21797353,0.68609047,0.27076024,0.15309942,0.5664788",0.0
"0.17202444,-0.029656801,0.41764936,0.35202727,0.21797353,0.68609047,0.27076024,0.15309942,0.5664788","-0.16171211,-0.6440013,0.75743437","0.1565821,-0.11820367,0.4990211,0.28580803,0.15971938,0.6518651,0.27076024,0.15309942,0.5664788",0.0
"0.1565821,-0.11820367,0.4990211,0.28580803,0.15971938,0.6518651,0.27076024,0.15309942,0.5664788","0.07335842,-0.26244056,0.70807385","0.1635873,-0.1542879,0.57508993,0.2707827,0.15951128,0.56946224,0.27076024,0.15309942,0.5664788",0.0
"0.0,0.0,0.0,2.8652207e-07,0.005789075,0.993462,-0.30783626,-0.48175436,0.6989999","-0.87864006,-0.45949662,0.6733688","-0.08390375,-0.063178435,0.07234046,-0.033097077,0.014928249,0.9870713,-0.30783626,-0.48175436,0.6989999",0.0
"-0.08390375,-0.063178435,0.07234046,-0.033097077,0.014928249,0.9870713,-0.30783626,-0.48175436,0.6989999","0.44256628,0.25490916,0.57192457","-0.041641895,-0.028129758,0.13378271,0.12297387,-0.0103411265,0.9653988,-0.30783626,-0.48175436,0.6989999",0.0
"-0.041641895,-0.028129758,0.13378271,0.12297387,-0.0103411265,0.9653988,-0.30783626,-0.48175436,0.6989999","-0.88209605,-0.26670265,0.5351777","-0.12587568,-0.064800024,0.19127725,0.11456866,-0.041552402,0.94538766,-0.30783626,-0.48175436,0.6989999",0.0
"-0.12587568,-0.064800024,0.19127725,0.11456866,-0.041552402,0.94538766,-0.30783626,-0.48175436,0.6989999","-0.612848,-0.028196871,-0.23177642","-0.18439823,-0.06867698,0.16637741,0.07097477,-0.039512075,0.9598088,-0.30783626,-0.48175436,0.6989999",0.0
"-0.18439823,-0.06867698,0.16637741,0.07097477,-0.039512075,0.9598088,-0.30783626,-0.48175436,0.6989999","-0.7917578,-0.008553982,-0.028433442","-0.26000538,-0.069853134,0.16332285,0.055209108,-0.050336663,0.9614827,-0.30783626,-0.48175436,0.6989999",0.0
"-0.26000538,-0.069853134,0.16332285,0.055209108,-0.050336663,0.9614827,-0.30783626,-0.48175436,0.6989999","-0.80146617,0.36498868,-0.21678877","-0.3365396,-0.019669086,0.14003314,0.07841971,-0.12725884,0.959422,-0.30783626,-0.48175436,0.6989999",0.0
"-0.3365396,-0.019669086,0.14003314,0.07841971,-0.12725884,0.959422,-0.30783626,-0.48175436,0.6989999","-0.5642625,0.45441127,0.25781894","-0.39042255,0.042810112,0.16773082,0.11089488,-0.29215902,0.9051385,-0.30783626,-0.48175436,0.6989999",0.0
"-0.39042255,0.042810112,0.16773082,0.11089488,-0.29215902,0.9051385,-0.30783626,-0.48175436,0.6989999","-0.94178224,0.21982229,0.36677742","-0.48035595,0.07303455,0.20713398,0.031355314,-0.41358772,0.8411088,-0.30783626,-0.48175436,0.6989999",0.0
"-0.48035595,0.07303455,0.20713398,0.031355314,-0.41358772,0.8411088,-0.30783626,-0.48175436,0.6989999","-0.9428908,0.50043523,-0.0034929514","-0.5703952,0.14184183,0.20675875,-0.1123772,-0.5262134,0.76142716,-0.30783626,-0.48175436,0.6989999",0.0
"-0.5703952,0.14184183,0.20675875,-0.1123772,-0.5262134,0.76142716,-0.30783626,-0.48175436,0.6989999","-0.8958641,0.3669963,0.152874","-0.65594363,0.19230194,0.22318211,-0.29285562,-0.5614614,0.66816854,-0.30783626,-0.48175436,0.6989999",0.0
"-0.65594363,0.19230194,0.22318211,-0.29285562,-0.5614614,0.66816854,-0.30783626,-0.48175436,0.6989999","-0.28674543,-0.18352413,0.41387713","-0.68332577,0.16706835,0.2676452,-0.33523163,-0.5268632,0.6457742,-0.30783626,-0.48175436,0.6989999",0.0
"-0.68332577,0.16706835,0.2676452,-0.33523163,-0.5268632,0.6457742,-0.30783626,-0.48175436,0.6989999","0.021077871,-0.2104603,-0.0781461","-0.681313,0.13813114,0.25925,-0.30476013,-0.4866046,0.6995819,-0.30783626,-0.48175436,0.6989999",0.0
"0.0,0.0,0.0,2.8652207e-07,0.005789075,0.993462,-0.19204679,-0.15678363,0.7141676","0.8940158,-0.9439423,0.9577714","0.085372016,-0.12978722,0.10289403,-0.13266933,-0.030457359,0.971454,-0.19204679,-0.15678363,0.7141676",0.0
"0.085372016,-0.12978722,0.10289403,-0.13266933,-0.030457359,0.971454,-0.19204679,-0.15678363,0.7141676","0.81452954,-0.8655153,0.9215733","0.16315368,-0.24879116,0.20189928,-0.2161627,-0.11499827,0.91392356,-0.19204679,-0.15678363,0.7141676",0.0
"0.16315368,-0.24879116,0.20189928,-0.2161627,-0.11499827,0.91392356,-0.19204679,-0.15678363,0.7141676","0.39697492,-0.61460847,0.9412401","0.20106189,-0.33329672,0.30301735,-0.22065385,-0.154269,0.8497579,-0.19204679,-0.15678363,0.7141676",0.0
"0.20106189,-0.33329672,0.30301735,-0.22065385,-0.154269,0.8497579,-0.19204679,-0.15678363,0.7141676","0.39928508,-0.5493177,0.7454256","0.23919073,-0.40882513,0.38309896,-0.22038072,-0.19797747,0.7790562,-0.19204679,-0.15678363,0.7141676",0.0
"0.23919073,-0.40882513,0.38309896,-0.22038072,-0.19797747,0.7790562,-0.19204679,-0.15678363,0.7141676","-0.2699796,-0.28299642,0.68610024","0.21340963,-0.44773576,0.45680723,-0.20919284,-0.15849768,0.72540134,-0.19204679,-0.15678363,0.7141676",0.0
"0.21340963,-0.44773576,0.45680723,-0.20919284,-0.15849768,0.72540134,-0.19204679,-0.15678363,0.7141676","0.3438443,-0.049066007,0.22128415","0.24624427,-0.45448214,0.48058,-0.17712638,-0.16490349,0.70942014,-0.19204679,-0.15678363,0.7141676",0.0
"0.0,0.0,0.0,2.8652207e-07,0.005789075,0.993462,0.023567252,0.06818713,0.75542104","0.933218,-0.7280013,0.9706509","0.08911553,-0.10009645,0.10427767,-0.06954806,-0.013972657,0.9788586,0.023567252,0.06818713,0.75542104",0.0
"0.08911553,-0.10009645,0.10427767,-0.06954806,-0.013972657,0.9788586,0.023567252,0.06818713,0.75542104","0.3337078,-0.20404279,0.9496248","0.120982185,-0.12815131,0.2062965,0.006855319,0.008972738,0.9476204,0.023567252,0.06818713,0.75542104",0.0
"0.120982185,-0.12815131,0.2062965,0.006855319,0.008972738,0.9476204,0.023567252,0.06818713,0.75542104","0.93430257,-0.10852057,0.88572526","0.21020128,-0.14307237,0.30145058,0.07609057,0.06642925,0.8901781,0.023567252,0.06818713,0.75542104",0.0
"0.21020128,-0.14307237,0.30145058,0.07609057,0.06642925,0.8901781,0.023567252,0.06818713,0.75542104","0.974843,-0.53265697,0.79717696","0.3032917,-0.21631,0.38709188,0.030831596,0.05336425,0.83257747,0.023567252,0.06818713,0.75542104",0.0
"0.3032917,-0.21631,0.38709188,0.030831596,0.05336425,0.83257747,0.023567252,0.06818713,0.75542104","0.50360286,-0.21415138,0.6033994","0.35138214,-0.24575473,0.45191553,0.030569058,0.07350652,0.7750602,0.023567252,0.06818713,0.75542104",0.0
"0.35138214,-0.24575473,0.45191553,0.030569058,0.07350652,0.7750602,0.023567252,0.06818713,0.75542104","-0.12666601,-0.10482937,0.18125081","0.33928648,-0.26016825,0.4713875,0.031043943,0.06813852,0.7573358,0.023567252,0.06818713,0.75542104",0.0
"0.0,0.0,0.0,2.8652207e-07,0.005789075,0.993462,0.2060234,-0.21520467,0.5737357","-0.9426673,0.52972424,0.97541404","-0.090017885,0.07283436,0.104789354,0.28621864,-0.07714321,0.93047726,0.2060234,-0.21520467,0.5737357",0.0
"-0.090017885,0.07283436,0.104789354,0.28621864,-0.07714321,0.93047726,0.2060234,-0.21520467,0.5737357","-0.7249371,-0.14538145,0.9749305","-0.15924412,0.05284515,0.20952678,0.33543047,-0.17677128,0.8581989,0.2060234,-0.21520467,0.5737357",0.0
"-0.15924412,0.05284515,0.20952678,0.33543047,-0.17677128,0.8581989,0.2060234,-0.21520467,0.5737357","-0.7005321,-0.43593144,0.89986634","-0.22613984,-0.00709319,0.30620003,0.28012127,-0.23335019,0.80768585,0.2060234,-0.21520467,0.5737357",0.0
"-0.22613984,-0.00709319,0.30620003,0.28012127,-0.23335019,0.80768585,0.2060234,-0.21520467,0.5737357","-0.5537107,-0.3125087,0.7324264","-0.27901518,-0.050061543,0.3848851,0.23306136,-0.27090728,0.74922335,0.2060234,-0.21520467,0.5737357",0.0
"-0.27901518,-0.050061543,0.3848851,0.23306136,-0.27090728,0.74922335,0.2060234,-0.21520467,0.5737357","0.48442042,-0.38759053,0.717788","-0.23275656,-0.10335326,0.46199763,0.24712941,-0.21392974,0.69150704,0.2060234,-0.21520467,0.5737357",0.0
"-0.23275656,-0.10335326,0.46199763,0.24712941,-0.21392974,0.69150704,0.2060234,-0.21520467,0.5737357","-0.49882996,-0.25326538,0.7131133","-0.2803912,-0.13817596,0.5386079,0.20797922,-0.24293885,0.610772,0.2060234,-0.21520467,0.5737357",0.0
"-0.2803912,-0.13817596,0.5386079,0.20797922,-0.24293885,0.610772,0.2060234,-0.21520467,0.5737357","0.065721035,-0.15717804,0.32936323","-0.2741153,-0.15978716,0.57399166,0.20399219,-0.22861995,0.57525766,0.2060234,-0.21520467,0.5737357",0.0
"0.0,0.0,0.0,2.8652207e-07,0.005789075,0.993462,0.14649123,-0.072690055,0.62760717","-0.8681156,0.36506295,0.8993583","-0.08289874,0.050194275,0.09661864,0.23258403,-0.055989444,0.95041674,0.14649123,-0.072690055,0.62760717",0.0
"-0.08289874,0.050194275,0.09661864,0.23258403,-0.055989444,0.95041674,0.14649123,-0.072690055,0.62760717","0.09443414,-0.3873917,0.98364985","-0.07388097,-0.0030700997,0.20229279,0.25584072,-0.054522775,0.90860075,0.14649123,-0.072690055,0.62760717",0.0
"-0.07388097,-0.0030700997,0.20229279,0.25584072,-0.054522775,0.90860075,0.14649123,-0.072690055,0.62760717","-0.44916046,-0.6253754,0.76427066","-0.11677255,-0.089056015,0.2843989,0.17649628,-0.06161615,0.88547164,0.14649123,-0.072690055,0.62760717",0.0
"-0.11677255,-0.089056015,0.2843989,0.17649628,-0.06161615,0.88547164,0.14649123,-0.072690055,0.62760717","-0.29739714,-0.23463964,0.92356586","-0.14517184,-0.12131778,0.38361827,0.21054135,-0.09683615,0.80205035,0.14649123,-0.072690055,0.62760717",0.0
"-0.14517184,-0.12131778,0.38361827,0.21054135,-0.09683615,0.80205035,0.14649123,-0.072690055,0.62760717","-0.25665832,-0.5561933,0.9640167","-0.16968085,-0.19779152,0.48718324,0.16983685,-0.09348995,0.7185011,0.14649123,-0.072690055,0.62760717",0.0
"-0.16968085,-0.19779152,0.48718324,0.16983685,-0.09348995,0.7185011,0.14649123,-0.072690055,0.62760717","-0.0741716,-0.47540426,0.69138527","-0.17676371,-0.2631572,0.5614593,0.13104329,-0.074492924,0.6508688,0.14649123,-0.072690055,0.62760717",0.0
"-0.17676371,-0.2631572,0.5614593,0.13104329,-0.074492924,0.6508688,0.14649123,-0.072690055,0.62760717","0.073007464,0.005524516,0.14993536","-0.16979201,-0.26239762,0.57756704,0.14379494,-0.07819017,0.62919396,0.14649123,-0.072690055,0.62760717",0.0
"0.0,0.0,0.0,2.8652207e-07,0.005789075,0.993462,0.73362577,0.40362573,0.42970812","0.22807992,0.887027,0.9918097","0.02177998,0.12196165,0.106550746,0.39576444,0.032924976,0.88754827,0.73362577,0.40362573,0.42970812",0.0
"0.02177998,0.12196165,0.106550746,0.39576444,0.032924976,0.88754827,0.73362577,0.40362573,0.42970812","0.7542263,0.93531024,0.97311866","0.09380312,0.250562,0.2110935,0.6781057,0.21187492,0.5893252,0.73362577,0.40362573,0.42970812",0.0
"0.09380312,0.250562,0.2110935,0.6781057,0.21187492,0.5893252,0.73362577,0.40362573,0.42970812","0.7042359,0.5778272,0.6289706","0.16105254,0.33001032,0.2786642,0.71842486,0.40467602,0.33788335,0.73362577,0.40362573,0.42970812",0.0
"0.16105254,0.33001032,0.2786642,0.71842486,0.40467602,0.33788335,0.73362577,0.40362573,0.42970812","0.09263241,0.10449064,-0.5217219","0.16989826,0.34437728,0.22261532,0.7095337,0.42603654,0.3955449,0.73362577,0.40362573,0.42970812",0.0
"0.16989826,0.34437728,0.22261532,0.7095337,0.42603654,0.3955449,0.73362577,0.40362573,0.42970812","-0.12652802,0.097471476,-0.35363185","0.15781575,0.35777912,0.18462443,0.7264435,0.3994813,0.4261003,0.73362577,0.40362573,0.42970812",0.0
"0.0,0.0,0.0,2.8652207e-07,0.005789075,0.993462,-0.39643276,0.07204678,0.89480686","-0.51164585,-0.8014447,0.12348795","-0.04885848,-0.110194534,0.013266409,-0.21520694,0.039152805,0.96604943,-0.39643276,0.07204678,0.89480686",0.0
"-0.04885848,-0.110194534,0.013266409,-0.21520694,0.039152805,0.96604943,-0.39643276,0.07204678,0.89480686","0.40067983,-0.5148879,0.19886196","-0.010596469,-0.180989,0.034630306,-0.33662596,0.017002435,0.9262747,-0.39643276,0.07204678,0.89480686",0.0
"-0.010596469,-0.180989,0.034630306,-0.33662596,0.017002435,0.9262747,-0.39643276,0.07204678,0.89480686","-0.5199855,0.075338244,0.46917558","-0.06025132,-0.17063041,0.08503418,-0.2414669,0.052154247,0.9505424,-0.39643276,0.07204678,0.89480686",0.0
"-0.06025132,-0.17063041,0.08503418,-0.2414669,0.052154247,0.9505424,-0.39643276,0.07204678,0.89480686","0.123826146,-0.49896944,-0.043333948","-0.04842683,-0.23923615,0.08037883,-0.38755074,0.065276936,0.89533305,-0.39643276,0.07204678,0.89480686",0.0
"0.0,0.0,0.0,2.8652207e-07,0.005789075,0.993462,0.43614036,-0.06690058,0.60727465","-0.49501818,0.66707253,0.90948105","-0.047270637,0.09171904,0.097706124,0.3232646,-0.042508937,0.92107236,0.43614036,-0.06690058,0.60727465",0.0
"-0.047270637,0.09171904,0.097706124,0.3232646,-0.042508937,0.92107236,0.43614036,-0.06690058,0.60727465","-0.091970205,0.2431035,0.97319317","-0.05605312,0.12514451,0.20225689,0.49807072,-0.08274618,0.7880052,0.43614036,-0.06690058,0.60727465",0.0
"-0.05605312,0.12514451,0.20225689,0.49807072,-0.08274618,0.7880052,0.43614036,-0.06690058,0.60727465","0.011106014,-0.41927022,0.86364186","-0.054992575,0.06749702,0.29503852,0.47905496,-0.07772051,0.7439545,0.43614036,-0.06690058,0.60727465",0.0
"-0.054992575,0.06749702,0.29503852,0.47905496,-0.07772051,0.7439545,0.43614036,-0.06690058,0.60727465","0.038306355,-0.26620567,0.84833026","-0.051334593,0.030895108,0.38617522,0.48339343,-0.07277575,0.66370165,0.43614036,-0.06690058,0.60727465",0.0
"-0.051334593,0.030895108,0.38617522,0.48339343,-0.07277575,0.66370165,0.43614036,-0.06690058,0.60727465","0.06000948,-0.30454808,0.5372921","-0.04560413,-0.010978691,0.4438969,0.453103,-0.05951474,0.62870705,0.43614036,-0.06690058,0.60727465",0.0
"-0.04560413,-0.010978691,0.4438969,0.453103,-0.05951474,0.62870705,0.43614036,-0.06690058,0.60727465","-0.17798465,-0.12585467,0.2002176","-0.06260037,-0.02828307,0.46540642,0.43469036,-0.08070494,0.61607486,0.43614036,-0.06690058,0.60727465",0.0
"0.0,0.0,0.0,2.8652207e-07,0.005789075,0.993462,0.39333335,0.43584794,0.5930222","0.77846634,0.87292886,0.9422116","0.07433789,0.120023236,0.10122239,0.37510318,0.0951802,0.89377815,0.39333335,0.43584794,0.5930222",0.0
"0.07433789,0.120023236,0.10122239,0.37510318,0.0951802,0.89377815,0.39333335,0.43584794,0.5930222","0.90594554,0.65557027,0.49486697","0.16084912,0.21016078,0.15438627,0.52848095,0.29899046,0.7293822,0.39333335,0.43584794,0.5930222",0.0
"0.16084912,0.21016078,0.15438627,0.52848095,0.29899046,0.7293822,0.39333335,0.43584794,0.5930222","0.79889536,-0.26204455,0.30061412","0.23713782,0.174131,0.18668145,0.4189828,0.3942971,0.74200857,0.39333335,0.43584794,0.5930222",0.0
"0.23713782,0.174131,0.18668145,0.4189828,0.3942971,0.74200857,0.39333335,0.43584794,0.5930222","-0.09993279,-0.28184295,0.5936694","0.22759497,0.13537906,0.25045976,0.42144874,0.37360302,0.7150191,0.39333335,0.43584794,0.5930222",0.0
"0.22759497,0.13537906,0.25045976,0.42144874,0.37360302,0.7150191,0.39333335,0.43584794,0.5930222","-0.035304725,0.18497503,0.7893795","0.22422361,0.1608122,0.33526334,0.49143848,0.42525837,0.5572845,0.39333335,0.43584794,0.5930222",0.0
"0.22422361,0.1608122,0.33526334,0.49143848,0.42525837,0.5572845,0.39333335,0.43584794,0.5930222","0.3963678,-0.3036554,0.021632552","0.26207384,0.11906114,0.33758736,0.39913788,0.43914428,0.6171964,0.39333335,0.43584794,0.5930222",0.0
"0.26207384,0.11906114,0.33758736,0.39913788,0.43914428,0.6171964,0.39333335,0.43584794,0.5930222","-0.04746884,-0.018794179,0.1972512","0.25754094,0.11647705,0.3587782,0.4096781,0.43795347,0.5897936,0.39333335,0.43584794,0.5930222",0.0
"0.0,0.0,0.0,2.8652207e-07,0.005789075,0.993462,0.8249123,0.14350876,0.42970812","-0.0359146,0.97295356,-0.9934757","-0.0034295702,0.13377613,-0.10672976,0.13917267,0.0042898674,0.97008467,0.8249123,0.14350876,0.42970812",0.0
"-0.0034295702,0.13377613,-0.10672976,0.13917267,0.0042898674,0.97008467,0.8249123,0.14350876,0.42970812","-0.25086683,0.9795327,0.47541618","-0.027385525,0.26845685,-0.055655558,0.4804777,-0.03562897,0.8504069,0.8249123,0.14350876,0.42970812",0.0
"-0.027385525,0.26845685,-0.055655558,0.4804777,-0.03562897,0.8504069,0.8249123,0.14350876,0.42970812","0.65719306,0.93649364,0.93979275","0.035371646,0.39721996,0.04530692,0.78998286,0.09397387,0.54486567,0.8249123,0.14350876,0.42970812",0.0
"0.035371646,0.39721996,0.04530692,0.78998286,0.09397387,0.54486567,0.8249123,0.14350876,0.42970812","0.18598735,0.024019003,0.7458637","0.053132094,0.4005225,0.12543549,0.83643335,0.1467995,0.42651463,0.8249123,0.14350876,0.42970812",0.0
"0.0,0.0,0.0,2.8652207e-07,0.005789075,0.993462,-0.38614038,0.21555555,0.46932715","0.21437538,-0.8218473,0.19663489","0.020471284,-0.11299979,0.021124633,-0.2137672,-0.007965787,0.9669522,-0.38614038,0.21555555,0.46932715",0.0
"0.020471284,-0.11299979,0.021124633,-0.2137672,-0.007965787,0.9669522,-0.38614038,0.21555555,0.46932715","-0.44223666,-0.995858,0.8803358","-0.021759115,-0.24992518,0.1156997,-0.36525545,0.030809915,0.8995939,-0.38614038,0.21555555,0.46932715",0.0
"-0.021759115,-0.24992518,0.1156997,-0.36525545,0.030809915,0.8995939,-0.38614038,0.21555555,0.46932715","-0.18062365,-0.9813516,0.5898005","-0.03900737,-0.38485602,0.17906241,-0.529753,0.071078636,0.7779301,-0.38614038,0.21555555,0.46932715",0.0
"-0.03900737,-0.38485602,0.17906241,-0.529753,0.071078636,0.7779301,-0.38614038,0.21555555,0.46932715","-0.60769975,-0.8698831,0.79667175","-0.097038284,-0.5044605,0.2646494,-0.587245,0.19085403,0.65511096,-0.38614038,0.21555555,0.46932715",0.0
"-0.097038284,-0.5044605,0.2646494,-0.587245,0.19085403,0.65511096,-0.38614038,0.21555555,0.46932715","-0.42619848,-0.41986609,0.9011569","-0.13773714,-0.56219,0.36146134,-0.51771724,0.24551617,0.61427253,-0.38614038,0.21555555,0.46932715",0.0
"-0.13773714,-0.56219,0.36146134,-0.51771724,0.24551617,0.61427253,-0.38614038,0.21555555,0.46932715","-0.13715374,-0.3611756,0.49437952","-0.15083432,-0.61184984,0.4145729,-0.5033632,0.2646469,0.5613186,-0.38614038,0.21555555,0.46932715",0.0
"-0.15083432,-0.61184984,0.4145729,-0.5033632,0.2646469,0.5613186,-0.38614038,0.21555555,0.46932715","-0.043857098,0.028929234,0.87991774","-0.15502237,-0.60787225,0.50910306,-0.378933,0.20722006,0.5721992,-0.38614038,0.21555555,0.46932715",0.0
"-0.15502237,-0.60787225,0.50910306,-0.378933,0.20722006,0.5721992,-0.38614038,0.21555555,0.46932715","0.12450993,-0.53383476,0.51271415","-0.14313257,-0.68127185,0.5641843,-0.4009004,0.19991969,0.4853374,-0.38614038,0.21555555,0.46932715",0.0
"-0.14313257,-0.68127185,0.5641843,-0.4009004,0.19991969,0.4853374,-0.38614038,0.21555555,0.46932715","-0.17062455,-0.1344127,0.061505795","-0.15942597,-0.699753,0.5707919,-0.40083027,0.22601847,0.46406174,-0.38614038,0.21555555,0.46932715",0.0
"-0.15942597,-0.699753,0.5707919,-0.40083027,0.22601847,0.46406174,-0.38614038,0.21555555,0.46932715","-0.06769353,0.14719856,0.07524717","-0.16589022,-0.679514,0.57887584,-0.3661229,0.21686807,0.4846596,-0.38614038,0.21555555,0.46932715",0.0
"-0.16589022,-0.679514,0.57887584,-0.3661229,0.21686807,0.4846596,-0.38614038,0.21555555,0.46932715","0.022180915,-0.1109581,0.07585096","-0.1637721,-0.6947702,0.58702457,-0.37312737,0.21757534,0.4670732,-0.38614038,0.21555555,0.46932715",0.0
"0.0,0.0,0.0,2.8652207e-07,0.005789075,0.993462,-0.21210527,0.12134503,0.8102732","-0.35273373,-0.9738295,0.8875278","-0.033683524,-0.13389656,0.09534771,-0.15378453,0.022156145,0.9698663,-0.21210527,0.12134503,0.8102732",0.0
"-0.033683524,-0.13389656,0.09534771,-0.15378453,0.022156145,0.9698663,-0.21210527,0.12134503,0.8102732","-0.42549884,-0.78299755,0.90062356","-0.074315585,-0.24155474,0.19210233,-0.23589672,0.062048215,0.9184686,-0.21210527,0.12134503,0.8102732",0.0
"-0.074315585,-0.24155474,0.19210233,-0.23589672,0.062048215,0.9184686,-0.21210527,0.12134503,0.8102732","-0.7425646,-0.58011246,0.9053322","-0.14522512,-0.3213173,0.2893628,-0.23567678,0.122112624,0.85997087,-0.21210527,0.12134503,0.8102732",0.0
"-0.14522512,-0.3213173,0.2893628,-0.23567678,0.122112624,0.85997087,-0.21210527,0.12134503,0.8102732","0.053212047,-0.26389337,0.5102093","-0.14014377,-0.3576013,0.344175,-0.23063685,0.11505634,0.82454383,-0.21210527,0.12134503,0.8102732",0.0
"-0.14014377,-0.3576013,0.344175,-0.23063685,0.11505634,0.82454383,-0.21210527,0.12134503,0.8102732","-0.15831017,-0.10764277,0.25751245","-0.15526125,-0.3724017,0.3718398,-0.2153236,0.12078799,0.80671686,-0.21210527,0.12134503,0.8102732",0.0
"0.0,0.0,0.0,2.8652207e-07,0.005789075,0.993462,0.22713451,-0.50333333,0.5050889","-0.9268445,0.8826897,0.7392274","-0.088506915,0.1213653,0.079415664,0.3507734,-0.09410698,0.90933007,0.22713451,-0.50333333,0.5050889",0.0
"-0.088506915,0.1213653,0.079415664,0.3507734,-0.09410698,0.90933007,0.22713451,-0.50333333,0.5050889","-0.9075668,0.72699904,0.7854035","-0.17517295,0.22132394,0.16379206,0.54284865,-0.3262728,0.7008551,0.22713451,-0.50333333,0.5050889",0.0
"-0.17517295,0.22132394,0.16379206,0.54284865,-0.3262728,0.7008551,0.22713451,-0.50333333,0.5050889","-0.94486624,0.02923286,0.7389455","-0.26540083,0.22534332,0.24317746,0.4705841,-0.50986314,0.5867415,0.22713451,-0.50333333,0.5050889",0.0
"-0.26540083,0.22534332,0.24317746,0.4705841,-0.50986314,0.5867415,0.22713451,-0.50333333,0.5050889","-0.4974845,-0.63382155,0.76888776","-0.312907,0.13819614,0.3257796,0.3457194,-0.5084025,0.6062235,0.22713451,-0.50333333,0.5050889",0.0
"-0.312907,0.13819614,0.3257796,0.3457194,-0.5084025,0.6062235,0.22713451,-0.50333333,0.5050889","-0.62160206,-0.30175054,0.24788177","-0.3722655,0.096706994,0.35240972,0.22743614,-0.5211909,0.6273252,0.22713451,-0.50333333,0.5050889",0.0
"-0.3722655,0.096706994,0.35240972,0.22743614,-0.5211909,0.6273252,0.22713451,-0.50333333,0.5050889","-0.114157796,-0.13448942,0.8117242","-0.38316673,0.0782154,0.43961382,0.21228336,-0.5360242,0.52241147,0.22713451,-0.50333333,0.5050889",0.0
"-0.38316673,0.0782154,0.43961382,0.21228336,-0.5360242,0.52241147,0.22713451,-0.50333333,0.5050889","0.14845538,-0.15553272,0.22554398","-0.36899033,0.056830455,0.46384418,0.22749184,-0.5066931,0.51460886,0.22713451,-0.50333333,0.5050889",0.0
"0.0,0.0,0.0,2.8652207e-07,0.005789075,0.993462,-0.30771932,-0.045497075,0.5664788","0.06664312,-0.9443219,0.7531936","0.006363922,-0.1298394,0.0809161,-0.16686232,0.0024536739,0.97052264,-0.30771932,-0.045497075,0.5664788",0.0
"0.006363922,-0.1298394,0.0809161,-0.16686232,0.0024536739,0.97052264,-0.30771932,-0.045497075,0.5664788","0.1908474,-0.627718,0.8856925","0.024588453,-0.21614744,0.17606665,-0.21428514,-0.010779461,0.9330435,-0.30771932,-0.045497075,0.5664788",0.0
"0.024588453,-0.21614744,0.17606665,-0.21428514,-0.010779461,0.9330435,-0.30771932,-0.045497075,0.5664788","0.022376418,-0.69988,0.80747616","0.026725233,-0.31237736,0.2628144,-0.28465053,-0.01814588,0.86927056,-0.30771932,-0.045497075,0.5664788",0.0
"0.026725233,-0.31237736,0.2628144,-0.28465053,-0.01814588,0.86927056,-0.30771932,-0.045497075,0.5664788","0.02238381,-0.9280115,0.9548942","0.028862718,-0.43997422,0.36539933,-0.37360388,-0.028156493,0.75684625,-0.30771932,-0.045497075,0.5664788",0.0
"0.028862718,-0.43997422,0.36539933,-0.37360388,-0.028156493,0.75684625,-0.30771932,-0.045497075,0.5664788","0.45099378,-0.37185556,0.83828735","0.07192934,-0.4911025,0.45545715,-0.32713613,-0.069268234,0.6943368,-0.30771932,-0.045497075,0.5664788",0.0
"0.07192934,-0.4911025,0.45545715,-0.32713613,-0.069268234,0.6943368,-0.30771932,-0.045497075,0.5664788","-0.15586269,-0.28864563,0.74927545","0.057045586,-0.5307898,0.53595227,-0.28306755,-0.04539652,0.6308549,-0.30771932,-0.045497075,0.5664788",0.0
"0.057045586,-0.5307898,0.53595227,-0.28306755,-0.04539652,0.6308549,-0.30771932,-0.045497075,0.5664788","-0.02663362,-0.38922882,0.40018237","0.054502267,-0.5843068,0.57894415,-0.30160865,-0.046278287,0.56977415,-0.30771932,-0.045497075,0.5664788",0.0
"0.0,0.0,0.0,2.8652207e-07,0.005789075,0.993462,-0.14918129,-0.0057894737,0.6313337","0.1860584,-0.8773159,0.84027004","0.017767215,-0.12062644,0.09027077,-0.13423233,-0.0017021009,0.97440344,-0.14918129,-0.0057894737,0.6313337",0.0
"0.017767215,-0.12062644,0.09027077,-0.13423233,-0.0017021009,0.97440344,-0.14918129,-0.0057894737,0.6313337","-0.56253356,-0.45901847,0.7947782","-0.03595067,-0.18373916,0.17565435,-0.14649823,0.022442808,0.94741577,-0.14918129,-0.0057894737,0.6313337",0.0
"-0.03595067,-0.18373916,0.17565435,-0.14649823,0.022442808,0.94741577,-0.14918129,-0.0057894737,0.6313337","0.16995478,-0.42190742,0.527352","-0.019721232,-0.2417493,0.23230816,-0.18753643,0.017434219,0.9142715,-0.14918129,-0.0057894737,0.6313337",0.0
"-0.019721232,-0.2417493,0.23230816,-0.18753643,0.017434219,0.9142715,-0.14918129,-0.0057894737,0.6313337","0.43224442,-0.4912536,0.92341995","0.021554967,-0.3092942,0.33151183,-0.18456756,-0.00671511,0.8548656,-0.14918129,-0.0057894737,0.6313337",0.0
"0.021554967,-0.3092942,0.33151183,-0.18456756,-0.00671511,0.8548656,-0.14918129,-0.0057894737,0.6313337","0.42933345,-0.71516585,0.95679486","0.06255319,-0.40762585,0.434301,-0.22171631,-0.03823788,0.76001644,-0.14918129,-0.0057894737,0.6313337",0.0
"0.06255319,-0.40762585,0.434301,-0.22171631,-0.03823788,0.76001644,-0.14918129,-0.0057894737,0.6313337","-0.30973423,-0.28247863,0.7804519","0.03297581,-0.44646525,0.5181455,-0.18071905,-0.012968766,0.6901076,-0.14918129,-0.0057894737,0.6313337",0.0
"0.03297581,-0.44646525,0.5181455,-0.18071905,-0.012968766,0.6901076,-0.14918129,-0.0057894737,0.6313337","-0.14746082,-0.14473969,0.4911021","0.01889437,-0.46636626,0.570905,-0.14789748,-0.002989931,0.64089215,-0.14918129,-0.0057894737,0.6313337",0.0
"0.0,0.0,0.0,2.8652207e-07,0.005789075,0.993462,-0.39140353,-0.41666666,0.6989999","0.35782957,-0.82217884,0.41726375","0.034170117,-0.11304537,0.044826936,-0.18081677,-0.013662787,0.97262335,-0.39140353,-0.41666666,0.6989999",0.0
"0.034170117,-0.11304537,0.044826936,-0.18081677,-0.013662787,0.97262335,-0.39140353,-0.41666666,0.6989999","0.919528,-0.86546516,0.88048005","0.12197836,-0.23204239,0.13941751,-0.2785367,-0.10604628,0.92033744,-0.39140353,-0.41666666,0.6989999",0.0
"0.12197836,-0.23204239,0.13941751,-0.2785367,-0.10604628,0.92033744,-0.39140353,-0.41666666,0.6989999","0.93414307,-0.8324466,0.72670627","0.21118224,-0.34649956,0.21748808,-0.32901832,-0.24982864,0.83679056,-0.39140353,-0.41666666,0.6989999",0.0
"0.21118224,-0.34649956,0.21748808,-0.32901832,-0.24982864,0.83679056,-0.39140353,-0.41666666,0.6989999","0.43560028,-0.910331,0.5652995","0.25277892,-0.4716654,0.27821863,-0.3883528,-0.38693547,0.7081574,-0.39140353,-0.41666666,0.6989999",0.0
"0.25277892,-0.4716654,0.27821863,-0.3883528,-0.38693547,0.7081574,-0.39140353,-0.41666666,0.6989999","0.33047438,-0.096473575,0.005024314","0.2843368,-0.4849301,0.27875844,-0.36095384,-0.43939203,0.69030994,-0.39140353,-0.41666666,0.6989999",0.0
"0.2843368,-0.4849301,0.27875844,-0.36095384,-0.43939203,0.69030994,-0.39140353,-0.41666666,0.6989999","-0.2670542,-0.005622506,-0.030409455","0.25883508,-0.48570326,0.2754916,-0.39880568,-0.41315955,0.6877983,-0.39140353,-0.41666666,0.6989999",0.0
"0.0,0.0,0.0,2.8652207e-07,0.005789075,0.993462,-0.048479535,0.6553801,0.51169205","0.8078625,0.8174207,0.95309234","0.07714501,0.112391144,0.10239131,0.36093542,0.09519316,0.8999197,-0.048479535,0.6553801,0.51169205",0.0
"0.07714501,0.112391144,0.10239131,0.36093542,0.09519316,0.8999197,-0.048479535,0.6553801,0.51169205","0.9797962,0.5529206,0.28890407","0.17070843,0.18841489,0.13342847,0.4701919,0.2862203,0.7843813,-0.048479535,0.6553801,0.51169205",0.0
"0.17070843,0.18841489,0.13342847,0.4701919,0.2862203,0.7843813,-0.048479535,0.6553801,0.51169205","0.9681022,-0.039043903,0.5288665","0.26315516,0.18304656,0.19024494,0.39747855,0.44031835,0.7248902,-0.048479535,0.6553801,0.51169205",0.0
"0.26315516,0.18304656,0.19024494,0.39747855,0.44031835,0.7248902,-0.048479535,0.6553801,0.51169205","0.8214928,-0.453501,0.47714782","0.3416018,0.12069252,0.24150528,0.24873306,0.47001696,0.74613476,-0.048479535,0.6553801,0.51169205",0.0
"0.3416018,0.12069252,0.24150528,0.24873306,0.47001696,0.74613476,-0.048479535,0.6553801,0.51169205","0.935292,0.23196626,0.4829737","0.43091536,0.1525867,0.29339147,0.12749355,0.60507125,0.631347,-0.048479535,0.6553801,0.51169205",0.0
"0.43091536,0.1525867,0.29339147,0.12749355,0.60507125,0.631347,-0.048479535,0.6553801,0.51169205","0.028674245,0.24152851,0.8275981","0.43365353,0.18579565,0.38230088,0.13762963,0.67870027,0.44430497,-0.048479535,0.6553801,0.51169205",0.0
"0.43365353,0.18579565,0.38230088,0.13762963,0.67870027,0.44430497,-0.048479535,0.6553801,0.51169205","0.8047042,0.039350867,-0.15684384","0.5104969,0.1912062,0.36545113,-0.028730087,0.69523764,0.46126842,-0.048479535,0.6553801,0.51169205",0.0
"0.5104969,0.1912062,0.36545113,-0.028730087,0.69523764,0.46126842,-0.048479535,0.6553801,0.51169205","0.06719506,-0.21634847,-0.087780476","0.5169136,0.16145942,0.35602084,-0.040729184,0.65674204,0.5248943,-0.048479535,0.6553801,0.51169205",0.0
"0.0,0.0,0.0,2.8652207e-07,0.005789075,0.993462,0.32286552,0.10473684,0.7721578","-0.06586957,0.485523,0.9532299","-0.006290062,0.06675691,0.10240609,0.28095582,0.00023773887,0.9363463,0.32286552,0.10473684,0.7721578",0.0
"-0.006290062,0.06675691,0.10240609,0.28095582,0.00023773887,0.9363463,0.32286552,0.10473684,0.7721578","0.5644772,-0.146653,0.85609794","0.047613412,0.04659287,0.19437727,0.34575555,0.05796263,0.8784921,0.32286552,0.10473684,0.7721578",0.0
"0.047613412,0.04659287,0.19437727,0.34575555,0.05796263,0.8784921,0.32286552,0.10473684,0.7721578","0.111659884,-0.44306445,0.8795693","0.058276113,-0.014326223,0.28887,0.32791623,0.066602185,0.83339787,0.32286552,0.10473684,0.7721578",0.0
"0.058276113,-0.014326223,0.28887,0.32791623,0.066602185,0.83339787,0.32286552,0.10473684,0.7721578","0.2607025,-0.2105192,0.5201688","0.083171315,-0.043271545,0.3447521,0.32216486,0.09214095,0.7931895,0.32286552,0.10473684,0.7721578",0.0
"0.083171315,-0.043271545,0.3447521,0.32216486,0.09214095,0.7931895,0.32286552,0.10473684,0.7721578","-0.016313374,-0.08135897,0.19491768","0.081613496,-0.054458,0.36569226,0.32144165,0.090256415,0.7770136,0.32286552,0.10473684,0.7721578",0.0
"0.0,0.0,0.0,2.8652207e-07,0.005789075,0.993462,-0.22988304,-0.24116959,0.404603","-0.34979236,-0.91141444,0.91101193","-0.033402648,-0.12531482,0.09787061,-0.13215531,0.019740267,0.97293997,-0.22988304,-0.24116959,0.404603",0.0
"-0.033402648,-0.12531482,0.09787061,-0.13215531,0.019740267,0.97293997,-0.22988304,-0.24116959,0.404603","-0.37576568,-0.5359946,0.80305314","-0.06928555,-0.19901134,0.18414317,-0.1627235,0.041918803,0.9404063,-0.22988304,-0.24116959,0.404603",0.0
"-0.06928555,-0.19901134,0.18414317,-0.1627235,0.041918803,0.9404063,-0.22988304,-0.24116959,0.404603","0.91652954,-0.16055298,0.9838649","0.018236356,-0.22108659,0.28984046,-0.068856664,0.001849447,0.9008038,-0.22988304,-0.24116959,0.404603",0.0
"0.018236356,-0.22108659,0.28984046,-0.068856664,0.001849447,0.9008038,-0.22988304,-0.24116959,0.404603","0.41991568,-0.9486033,0.95495296","0.05833525,-0.3515147,0.39243174,-0.17943786,-0.027370209,0.80882573,-0.22988304,-0.24116959,0.404603",0.0
"0.05833525,-0.3515147,0.39243174,-0.17943786,-0.027370209,0.80882573,-0.22988304,-0.24116959,0.404603","0.7108499,-0.8559239,0.9628289","0.12621625,-0.46919987,0.4958691,-0.22863881,-0.089454524,0.69235975,-0.22988304,-0.24116959,0.404603",0.0
"0.12621625,-0.46919987,0.4958691,-0.22863881,-0.089454524,0.69235975,-0.22988304,-0.24116959,0.404603","0.6255324,-0.83727807,0.82593846","0.18595006,-0.5843213,0.5846002,-0.2515101,-0.1593481,0.56673884,-0.22988304,-0.24116959,0.404603",0.0
"0.18595006,-0.5843213,0.5846002,-0.2515101,-0.1593481,0.56673884,-0.22988304,-0.24116959,0.404603","0.7307972,-0.64259946,0.93228316","0.2557359,-0.6726755,0.684756,-0.19615339,-0.19501524,0.44355553,-0.22988304,-0.24116959,0.404603",0.0
"0.2557359,-0.6726755,0.684756,-0.19615339,-0.19501524,0.44355553,-0.22988304,-0.24116959,0.404603","-0.17350513,-0.34422445,0.21608901","0.2391674,-0.7200046,0.7079706,-0.2207447,-0.19828764,0.39547092,-0.22988304,-0.24116959,0.404603",0.0
"0.2391674,-0.7200046,0.7079706,-0.2207447,-0.19828764,0.39547092,-0.22988304,-0.24116959,0.404603","0.19482696,-0.033240497,-0.0937385","0.25777197,-0.72457504,0.6979003,-0.22093056,-0.22359769,0.39799756,-0.22988304,-0.24116959,0.404603",0.0
"0.25777197,-0.72457504,0.6979003,-0.22093056,-0.22359769,0.39799756,-0.22988304,-0.24116959,0.404603","0.037840247,-0.032504916,0.031710625","0.26138544,-0.7290443,0.701307,-0.21840484,-0.22611962,0.39265883,-0.22988304,-0.24116959,0.404603",0.0
"0.26138544,-0.7290443,0.701307,-0.21840484,-0.22611962,0.39265883,-0.22988304,-0.24116959,0.404603","-0.09236324,-0.023403049,-0.04731369","0.2525654,-0.7322622,0.6962241,-0.23149893,-0.22700775,0.39292637,-0.22988304,-0.24116959,0.404603",0.0
"0.2525654,-0.7322622,0.6962241,-0.23149893,-0.22700775,0.39292637,-0.22988304,-0.24116959,0.404603","0.015254259,-0.026643574,-0.082154095","0.2540221,-0.7359256,0.68739825,-0.2411495,-0.23903032,0.39442742,-0.22988304,-0.24116959,0.404603",0.0
"0.0,0.0,0.0,2.8652207e-07,0.005789075,0.993462,-0.014853802,-0.03333333,0.3823091","-0.9906341,-0.6925106,0.96916556","-0.09459838,-0.09521666,0.1041181,-0.056127377,0.02324416,0.9796587,-0.014853802,-0.03333333,0.3823091",0.0
"-0.09459838,-0.09521666,0.1041181,-0.056127377,0.02324416,0.9796587,-0.014853802,-0.03333333,0.3823091","-0.9339721,0.18491364,0.95865774","-0.18378596,-0.069792025,0.20710735,0.11350086,-0.067028865,0.93709505,-0.014853802,-0.03333333,0.3823091",0.0
"-0.18378596,-0.069792025,0.20710735,0.11350086,-0.067028865,0.93709505,-0.014853802,-0.03333333,0.3823091","-0.968547,-0.29629153,0.93100524","-0.2762752,-0.11053061,0.3071259,0.11499177,-0.1267798,0.87457556,-0.014853802,-0.03333333,0.3823091",0.0
"-0.2762752,-0.11053061,0.3071259,0.11499177,-0.1267798,0.87457556,-0.014853802,-0.03333333,0.3823091","-0.97655106,-0.85716915,0.99380875","-0.3695287,-0.22838698,0.41389146,0.032958258,-0.061326772,0.8097523,-0.014853802,-0.03333333,0.3823091",0.0
"-0.3695287,-0.22838698,0.41389146,0.032958258,-0.061326772,0.8097523,-0.014853802,-0.03333333,0.3823091","-0.8717588,-0.24125361,0.48998344","-0.45277536,-0.26155815,0.46653077,0.01566844,-0.065670885,0.7626904,-0.014853802,-0.03333333,0.3823091",0.0
"-0.45277536,-0.26155815,0.46653077,0.01566844,-0.065670885,0.7626904,-0.014853802,-0.03333333,0.3823091","-0.6607098,-0.25853133,0.8381258","-0.51586837,-0.2971049,0.55657125,0.0010405417,-0.09531648,0.6672594,-0.014853802,-0.03333333,0.3823091",0.0
"-0.51586837,-0.2971049,0.55657125,0.0010405417,-0.09531648,0.6672594,-0.014853802,-0.03333333,0.3823091","-0.8738051,-0.36305737,0.5302143","-0.59931046,-0.34702346,0.6135326,-0.015689742,-0.06750559,0.60590523,-0.014853802,-0.03333333,0.3823091",0.0
"-0.59931046,-0.34702346,0.6135326,-0.015689742,-0.06750559,0.60590523,-0.014853802,-0.03333333,0.3823091","-0.56066793,-0.58823407,0.8777696","-0.6528502,-0.42790267,0.707832,-0.010922678,-0.033502698,0.49222225,-0.014853802,-0.03333333,0.3823091",0.0
"-0.6528502,-0.42790267,0.707832,-0.010922678,-0.033502698,0.49222225,-0.014853802,-0.03333333,0.3823091","-0.40601307,-0.38893485,0.6129284","-0.69162154,-0.48137927,0.7736793,-0.006084822,-0.019079441,0.40523154,-0.014853802,-0.03333333,0.3823091",0.0
"-0.69162154,-0.48137927,0.7736793,-0.006084822,-0.019079441,0.40523154,-0.014853802,-0.03333333,0.3823091","0.03070438,0.03326845,0.09592819","-0.6886895,-0.4768051,0.7839851,-0.011914379,-0.028050132,0.39041167,-0.014853802,-0.03333333,0.3823091",0.0
"0.0,0.0,0.0,2.8652207e-07,0.005789075,0.993462,0.48543862,0.53584796,0.53209","0.92738044,0.9593493,0.9762161","0.08855811,0.13190559,0.10487551,0.39702514,0.119419485,0.8791203,0.48543862,0.53584796,0.53209",0.0
"0.08855811,0.13190559,0.10487551,0.39702514,0.119419485,0.8791203,0.48543862,0.53584796,0.53209","0.9163941,0.7316575,0.6266868","0.1760671,0.23250474,0.17220087,0.5564828,0.35038927,0.67246574,0.48543862,0.53584796,0.53209",0.0
"0.1760671,0.23250474,0.17220087,0.5564828,0.35038927,0.67246574,0.48543862,0.53584796,0.53209","0.29502225,0.41897762,0.41220808","0.20423959,0.29011202,0.21648465,0.6092374,0.46238416,0.5103111,0.48543862,0.53584796,0.53209",0.0
"0.20423959,0.29011202,0.21648465,0.6092374,0.46238416,0.5103111,0.48543862,0.53584796,0.53209","0.25537562,-0.14450872,0.03875017","0.22862612,0.27024284,0.2206476,0.5547665,0.49254286,0.5407206,0.48543862,0.53584796,0.53209",0.0
"0.22862612,0.27024284,0.2206476,0.5547665,0.49254286,0.5407206,0.48543862,0.53584796,0.53209","-0.09415197,-0.034395456,0.17691278","0.2196353,0.2655137,0.23965347,0.57072985,0.47855598,0.52136534,0.48543862,0.53584796,0.53209",0.0
"0.2196353,0.2655137,0.23965347,0.57072985,0.47855598,0.52136534,0.48543862,0.53584796,0.53209","0.2929889,0.004463911,0.068220854","0.24761361,0.2661275,0.2469825,0.5292908,0.5295417,0.5093569,0.48543862,0.53584796,0.53209",0.0
"0.24761361,0.2661275,0.2469825,0.5292908,0.5295417,0.5093569,0.48543862,0.53584796,0.53209","0.010243535,-0.03588128,0.0168041","0.24859178,0.26119402,0.2487878,0.52388436,0.5274221,0.5156454,0.48543862,0.53584796,0.53209",0.0
"0.24859178,0.26119402,0.2487878,0.52388436,0.5274221,0.5156454,0.48543862,0.53584796,0.53209","0.04827535,-0.039485753,0.042069316","0.25320172,0.255765,0.25330737,0.51281023,0.53150433,0.51873004,0.48543862,0.53584796,0.53209",0.0
"0.25320172,0.255765,0.25330737,0.51281023,0.53150433,0.51873004,0.48543862,0.53584796,0.53209","0.02813077,-0.026169896,-0.025600791","0.25588802,0.2521668,0.25055707,0.50435746,0.53171504,0.5292714,0.48543862,0.53584796,0.53209",0.0
"0.25588802,0.2521668,0.25055707,0.50435746,0.53171504,0.5292714,0.48543862,0.53584796,0.53209","-0.111255646,-0.045369387,0.02525115","0.2452639,0.24592875,0.25326985,0.5170001,0.50990915,0.5363575,0.48543862,0.53584796,0.53209",0.0
"0.2452639,0.24592875,0.25326985,0.5170001,0.50990915,0.5363575,0.48543862,0.53584796,0.53209","0.069792986,0.046748757,-0.013091207","0.25192866,0.2523565,0.25186348,0.51150215,0.5259775,0.5269957,0.48543862,0.53584796,0.53209",0.0
"0.25192866,0.2523565,0.25186348,0.51150215,0.5259775,0.5269957,0.48543862,0.53584796,0.53209","-0.010210395,-0.04883963,0.059930205","0.2509536,0.24564132,0.25830182,0.50910485,0.5203783,0.52941245,0.48543862,0.53584796,0.53209",0.0
"0.2509536,0.24564132,0.25830182,0.50910485,0.5203783,0.52941245,0.48543862,0.53584796,0.53209","0.16764796,0.03929305,-0.027122855","0.2669628,0.25104392,0.25538802,0.48601037,0.549443,0.52411085,0.48543862,0.53584796,0.53209",0.0
"0.0,0.0,0.0,2.8652207e-07,0.005789075,0.993462,0.72298247,-0.0057894737,0.53209","-0.07538432,0.96355367,0.99973834","-0.0071986504,0.13248368,0.10740252,0.41864502,-0.0036786296,0.8763551,0.72298247,-0.0057894737,0.53209",0.0
"-0.0071986504,0.13248368,0.10740252,0.41864502,-0.0036786296,0.8763551,0.72298247,-0.0057894737,0.53209","0.18705165,0.6171315,0.75383687","0.010663429,0.21733609,0.1883877,0.64589936,0.027438076,0.67541003,0.72298247,-0.0057894737,0.53209",0.0
"0.010663429,0.21733609,0.1883877,0.64589936,0.027438076,0.67541003,0.72298247,-0.0057894737,0.53209","0.16406572,0.10892904,0.77572465","0.026330518,0.2323133,0.2717243,0.7138649,0.06499484,0.53294057,0.72298247,-0.0057894737,0.53209",0.0
"0.026330518,0.2323133,0.2717243,0.7138649,0.06499484,0.53294057,0.72298247,-0.0057894737,0.53209","-0.28671843,-0.003137052,-0.071603715","-0.0010490093,0.231882,0.26403192,0.71291536,0.003439847,0.54510385,0.72298247,-0.0057894737,0.53209",0.0
"-0.0010490093,0.231882,0.26403192,0.71291536,0.003439847,0.54510385,0.72298247,-0.0057894737,0.53209","-0.011331201,-0.08628398,0.040280342","-0.002131054,0.22001842,0.26835927,0.6993905,0.001107092,0.55915874,0.72298247,-0.0057894737,0.53209",0.0
"-0.002131054,0.22001842,0.26835927,0.6993905,0.001107092,0.55915874,0.72298247,-0.0057894737,0.53209","-0.0048996806,-0.030784845,0.122000456","-0.0025989348,0.21578568,0.2814659,0.6997371,7.610812e-05,0.547012,0.72298247,-0.0057894737,0.53209",0.0
"-0.0025989348,0.21578568,0.2814659,0.6997371,7.610812e-05,0.547012,0.72298247,-0.0057894737,0.53209","-0.06962782,0.018362164,0.019354463","-0.009247884,0.2183104,0.28354517,0.70372355,-0.01465934,0.53959733,0.72298247,-0.0057894737,0.53209",0.0
"-0.009247884,0.2183104,0.28354517,0.70372355,-0.01465934,0.53959733,0.72298247,-0.0057894737,0.53209","0.12035751,0.010241866,0.0030661821","0.0022453882,0.21971862,0.28387457,0.70573336,0.010767799,0.5366853,0.72298247,-0.0057894737,0.53209",0.0
"0.0022453882,0.21971862,0.28387457,0.70573336,0.010767799,0.5366853,0.72298247,-0.0057894737,0.53209","-0.08302927,0.01367712,-0.056177676","-0.005683302,0.22159916,0.27783942,0.70566505,-0.0068106484,0.54243374,0.72298247,-0.0057894737,0.53209",0.0
"-0.005683302,0.22159916,0.27783942,0.70566505,-0.0068106484,0.54243374,0.72298247,-0.0057894737,0.53209","0.09859824,-0.019489646,-0.022547126","0.0037321178,0.21891946,0.2754172,0.70102626,0.01400947,0.55062324,0.72298247,-0.0057894737,0.53209",0.0
"0.0037321178,0.21891946,0.2754172,0.70102626,0.01400947,0.55062324,0.72298247,-0.0057894737,0.53209","-0.10897249,0.03298068,0.02957356","-0.006673961,0.22345413,0.27859432,0.70834273,-0.00906333,0.5381118,0.72298247,-0.0057894737,0.53209",0.0
"0.0,0.0,0.0,2.8652207e-07,0.005789075,0.993462,-0.06385965,-0.70093566,0.62845707","-0.969611,0.7873634,0.7907772","-0.0925908,0.10825841,0.08495369,0.33084205,-0.09300259,0.9166365,-0.06385965,-0.70093566,0.62845707",0.0
"-0.0925908,0.10825841,0.08495369,0.33084205,-0.09300259,0.9166365,-0.06385965,-0.70093566,0.62845707","-0.95385534,0.6243119,-0.061641395","-0.18367708,0.19409811,0.078331515,0.4243541,-0.26932368,0.8332817,-0.06385965,-0.70093566,0.62845707",0.0
"-0.18367708,0.19409811,0.078331515,0.4243541,-0.26932368,0.8332817,-0.06385965,-0.70093566,0.62845707","-0.9418672,0.3183136,0.4700241","-0.27361855,0.23786463,0.12882648,0.41566005,-0.47355297,0.71842974,-0.06385965,-0.70093566,0.62845707",0.0
"-0.27361855,0.23786463,0.12882648,0.41566005,-0.47355297,0.71842974,-0.06385965,-0.70093566,0.62845707","-0.9884349,-0.024891138,-0.20495665","-0.3680069,0.23444226,0.10680787,0.2486265,-0.5504466,0.7492679,-0.06385965,-0.70093566,0.62845707",0.0
"-0.3680069,0.23444226,0.10680787,0.2486265,-0.5504466,0.7492679,-0.06385965,-0.70093566,0.62845707","-0.8763954,0.1692766,0.30959797","-0.4516963,0.25771695,0.14006817,0.10717954,-0.6625762,0.67299587,-0.06385965,-0.70093566,0.62845707",0.0
"-0.4516963,0.25771695,0.14006817,0.10717954,-0.6625762,0.67299587,-0.06385965,-0.70093566,0.62845707","-0.64106613,-0.08545321,0.15897548","-0.51291347,0.2459676,0.157147,-0.021255692,-0.6663314,0.6702609,-0.06385965,-0.70093566,0.62845707",0.0
"-0.51291347,0.2459676,0.157147,-0.021255692,-0.6663314,0.6702609,-0.06385965,-0.70093566,0.62845707","-0.100196004,0.018651485,0.42574835","-0.52248144,0.24853212,0.20288543,-0.04381057,-0.7012692,0.6043697,-0.06385965,-0.70093566,0.62845707",0.0
"-0.52248144,0.24853212,0.20288543,-0.04381057,-0.7012692,0.6043697,-0.06385965,-0.70093566,0.62845707","-0.068054676,-0.06670147,-0.029402792","-0.5289802,0.23936102,0.1997267,-0.056741815,-0.68516093,0.6243008,-0.06385965,-0.70093566,0.62845707",0.0
"-0.5289802,0.23936102,0.1997267,-0.056741815,-0.68516093,0.6243008,-0.06385965,-0.70093566,0.62845707","-0.21306217,0.029276967,0.02020204","-0.54932606,0.24338648,0.20189704,-0.10150238,-0.6872524,0.6145154,-0.06385965,-0.70093566,0.62845707",0.0
"-0.54932606,0.24338648,0.20189704,-0.10150238,-0.6872524,0.6145154,-0.06385965,-0.70093566,0.62845707","0.19181156,0.0027685165,0.014006972","-0.53100944,0.24376716,0.20340183,-0.06195532,-0.6934467,0.61177915,-0.06385965,-0.70093566,0.62845707",0.0
"0.0,0.0,0.0,2.8652207e-07,0.005789075,0.993462,0.41584796,-0.44321635,0.6657879","-0.8333579,0.8754065,0.76269424","-0.07957962,0.12036389,0.08193672,0.35434097,-0.084505826,0.9083697,0.41584796,-0.44321635,0.6657879",0.0
"-0.07957962,0.12036389,0.08193672,0.35434097,-0.084505826,0.9083697,0.41584796,-0.44321635,0.6657879","-0.9599142,0.7029896,0.9378239","-0.17124446,0.21702135,0.18268773,0.5539482,-0.3237931,0.6833523,0.41584796,-0.44321635,0.6657879",0.0
"-0.17124446,0.21702135,0.18268773,0.5539482,-0.3237931,0.6833523,0.41584796,-0.44321635,0.6657879","-0.28043336,-0.10202515,0.3304236","-0.1980238,0.20299342,0.21818537,0.52837485,-0.3717741,0.6582428,0.41584796,-0.44321635,0.6657879",0.0
"-0.1980238,0.20299342,0.21818537,0.52837485,-0.3717741,0.6582428,0.41584796,-0.44321635,0.6657879","-0.6806942,-0.07529682,0.10826862","-0.26302516,0.19264051,0.22981675,0.43678027,-0.4655304,0.6586476,0.41584796,-0.44321635,0.6657879",0.0
"-0.26302516,0.19264051,0.22981675,0.43678027,-0.4655304,0.6586476,0.41584796,-0.44321635,0.6657879","-0.2416001,-0.22687197,0.17036033","-0.28609622,0.1614468,0.2481187,0.3799206,-0.4682824,0.68104804,0.41584796,-0.44321635,0.6657879",0.0
"-0.28609622,0.1614468,0.2481187,0.3799206,-0.4682824,0.68104804,0.41584796,-0.44321635,0.6657879","0.12277043,-0.097429395,0.1776061","-0.27437252,0.14805079,0.26719907,0.39188236,-0.4481158,0.67468685,0.41584796,-0.44321635,0.6657879",0.0
"-0.27437252,0.14805079,0.26719907,0.39188236,-0.4481158,0.67468685,0.41584796,-0.44321635,0.6657879","-0.07888818,0.0031971931,0.09017563","-0.28190577,0.14849038,0.27688673,0.38560477,-0.46269286,0.6606856,0.41584796,-0.44321635,0.6657879",0.0
"-0.28190577,0.14849038,0.27688673,0.38560477,-0.46269286,0.6606856,0.41584796,-0.44321635,0.6657879","-0.029727757,-0.018114269,0.07734537","-0.28474456,0.14599979,0.28519604,0.38236055,-0.46723172,0.652754,0.41584796,-0.44321635,0.6657879",0.0
"-0.28474456,0.14599979,0.28519604,0.38236055,-0.46723172,0.652754,0.41584796,-0.44321635,0.6657879","0.035910964,0.011963844,0.011578321","-0.2813153,0.14764477,0.28643996,0.38941842,-0.46558014,0.64857876,0.41584796,-0.44321635,0.6657879",0.0
"-0.2813153,0.14764477,0.28643996,0.38941842,-0.46558014,0.64857876,0.41584796,-0.44321635,0.6657879","0.1739198,-0.005065024,-0.076811016","-0.26470724,0.14694837,0.27818817,0.40900856,-0.44007322,0.6611402,0.41584796,-0.44321635,0.6657879",0.0
"0.0,0.0,0.0,2.8652207e-07,0.005789075,0.993462,-0.17555556,0.12929824,0.47566882","-0.4361393,-0.9073781,0.9014654","-0.041648153,-0.12475984,0.09684503,-0.1318481,0.023189237,0.9731192,-0.17555556,0.12929824,0.47566882",0.0
"-0.041648153,-0.12475984,0.09684503,-0.1318481,0.023189237,0.9731192,-0.17555556,0.12929824,0.47566882","0.23683774,-0.004880488,0.15868342","-0.019031882,-0.12543091,0.11389255,-0.11083466,0.012434329,0.97235215,-0.17555556,0.12929824,0.47566882",0.0
"-0.019031882,-0.12543091,0.11389255,-0.11083466,0.012434329,0.97235215,-0.17555556,0.12929824,0.47566882","-0.24795777,-0.9865717,0.8919859","-0.04271006,-0.2610795,0.2097192,-0.2554206,0.040320423,0.90615445,-0.17555556,0.12929824,0.47566882",0.0
"-0.04271006,-0.2610795,0.2097192,-0.2554206,0.040320423,0.90615445,-0.17555556,0.12929824,0.47566882","-0.77331454,-0.8805625,0.9829792","-0.116555996,-0.38215235,0.31532133,-0.31778714,0.12806068,0.8116803,-0.17555556,0.12929824,0.47566882",0.0
"-0.116555996,-0.38215235,0.31532133,-0.31778714,0.12806068,0.8116803,-0.17555556,0.12929824,0.47566882","-0.8071937,-0.48879766,0.8747027","-0.19363713,-0.44935954,0.40929127,-0.26718765,0.19313392,0.74116915,-0.17555556,0.12929824,0.47566882",0.0
"-0.19363713,-0.44935954,0.40929127,-0.26718765,0.19313392,0.74116915,-0.17555556,0.12929824,0.47566882","0.4520042,-0.51159525,0.979172","-0.15047401,-0.5197013,0.5144844,-0.2632741,0.14114165,0.6493313,-0.17555556,0.12929824,0.47566882",0.0
"-0.15047401,-0.5197013,0.5144844,-0.2632741,0.14114165,0.6493313,-0.17555556,0.12929824,0.47566882","-0.20858061,-0.44997144,0.96460056","-0.17039195,-0.5815701,0.6181121,-0.21303113,0.13307159,0.5478633,-0.17555556,0.12929824,0.47566882",0.0
"-0.17039195,-0.5815701,0.6181121,-0.21303113,0.13307159,0.5478633,-0.17555556,0.12929824,0.47566882","-0.19983834,-0.15667796,0.6431191","-0.18947506,-0.6031126,0.6872028,-0.15788163,0.11390815,0.48168865,-0.17555556,0.12929824,0.47566882",0.0
"-0.18947506,-0.6031126,0.6872028,-0.15788163,0.11390815,0.48168865,-0.17555556,0.12929824,0.47566882","-0.035757422,-0.09443766,0.019815564","-0.19288963,-0.61609733,0.68933165,-0.16702889,0.12278678,0.4734704,-0.17555556,0.12929824,0.47566882",0.0
"0.0,0.0,0.0,2.8652207e-07,0.005789075,0.993462,0.28251463,0.65842104,0.42487016","0.93377614,0.94867575,0.9913516","0.08916885,0.13043804,0.10650153,0.39587402,0.119916104,0.8792088,0.28251463,0.65842104,0.42487016",0.0
"0.08916885,0.13043804,0.10650153,0.39587402,0.119916104,0.8792088,0.28251463,0.65842104,0.42487016","0.948961,0.82758224,0.9209149","0.17978774,0.24422637,0.205436,0.5865901,0.37856758,0.6081635,0.28251463,0.65842104,0.42487016",0.0
"0.17978774,0.24422637,0.205436,0.5865901,0.37856758,0.6081635,0.28251463,0.65842104,0.42487016","0.933789,0.12159526,0.383587","0.26895782,0.2609451,0.24664502,0.48828015,0.55892706,0.5192822,0.28251463,0.65842104,0.42487016",0.0
"0.26895782,0.2609451,0.24664502,0.48828015,0.55892706,0.5192822,0.28251463,0.65842104,0.42487016","0.95285666,0.032448053,0.43353295","0.35994872,0.26540658,0.29321977,0.31973138,0.6927764,0.44057235,0.28251463,0.65842104,0.42487016",0.0
"0.35994872,0.26540658,0.29321977,0.31973138,0.6927764,0.44057235,0.28251463,0.65842104,0.42487016","0.31534386,-0.33898604,0.36023724","0.3900618,0.21879776,0.3319203,0.23835474,0.6795651,0.46536368,0.28251463,0.65842104,0.42487016",0.0
"0.3900618,0.21879776,0.3319203,0.23835474,0.6795651,0.46536368,0.28251463,0.65842104,0.42487016","-0.12436247,-0.0069595575,0.11601782","0.37818608,0.21784087,0.34438416,0.26410797,0.6716208,0.4478109,0.28251463,0.65842104,0.42487016",0.0
"0.37818608,0.21784087,0.34438416,0.26410797,0.6716208,0.4478109,0.28251463,0.65842104,0.42487016","0.03170538,-0.024983525,0.021988273","0.3812137,0.21440578,0.3467464,0.25648335,0.67097425,0.4501894,0.28251463,0.65842104,0.42487016",0.0
"0.3812137,0.21440578,0.3467464,0.25648335,0.67097425,0.4501894,0.28251463,0.65842104,0.42487016","-0.20345342,-0.008821666,0.03458786","0.36178538,0.21319285,0.35046223,0.29665458,0.6534778,0.4465627,0.28251463,0.65842104,0.42487016",0.0
"0.36178538,0.21319285,0.35046223,0.29665458,0.6534778,0.4465627,0.28251463,0.65842104,0.42487016","0.21172762,-0.07759589,0.0998795","0.38200384,0.20252383,0.36119238,0.25098008,0.6617365,0.44848916,0.28251463,0.65842104,0.42487016",0.0
"0.38200384,0.20252383,0.36119238,0.25098008,0.6617365,0.44848916,0.28251463,0.65842104,0.42487016","-0.14650762,0.09112275,0.018077612","0.36801344,0.21505275,0.3631345,0.28538442,0.6627273,0.42363214,0.28251463,0.65842104,0.42487016",0.0
"0.0,0.0,0.0,2.8652207e-07,0.005789075,0.993462,0.5740936,0.43953216,0.53209","0.9611292,0.9178885,0.99051","0.09178087,0.12620495,0.10641111,0.38686022,0.12078276,0.8835133,0.5740936,0.43953216,0.53209",0.0
"0.09178087,0.12620495,0.10641111,0.38686022,0.12078276,0.8835133,0.5740936,0.43953216,0.53209","0.7778206,0.7467351,0.9125818","0.16605708,0.22887719,0.20445035,0.58260363,0.34155867,0.63524073,0.5740936,0.43953216,0.53209",0.0
"0.16605708,0.22887719,0.20445035,0.58260363,0.34155867,0.63524073,0.5740936,0.43953216,0.53209","0.22730207,0.24038339,0.44353497","0.18776278,0.26192868,0.25209963,0.61641514,0.41957942,0.50937366,0.5740936,0.43953216,0.53209",0.0
"0.18776278,0.26192868,0.25209963,0.61641514,0.41957942,0.50937366,0.5740936,0.43953216,0.53209","0.31147158,-0.08984929,-0.017845333","0.21750607,0.24957491,0.2501825,0.5619764,0.46500507,0.5344477,0.5740936,0.43953216,0.53209",0.0
"0.21750607,0.24957491,0.2501825,0.5619764,0.46500507,0.5344477,0.5740936,0.43953216,0.53209","-0.2993338,-0.083789885,0.03501737","0.18892187,0.23805428,0.2539445,0.5905458,0.40540203,0.54921645,0.5740936,0.43953216,0.53209",0.0
"0.18892187,0.23805428,0.2539445,0.5905458,0.40540203,0.54921645,0.5740936,0.43953216,0.53209","0.21315122,0.014759541,0.07317996","0.20927626,0.24008365,0.26180628,0.56830853,0.44607446,0.5340421,0.5740936,0.43953216,0.53209",0.0
"0.0,0.0,0.0,2.8652207e-07,0.005789075,0.993462,-0.018070176,-0.14818713,0.83518213","-0.033039093,-0.2834686,0.74339676","-0.0031550028,-0.038975485,0.07986361,0.026854504,0.0055231415,0.9861532,-0.018070176,-0.14818713,0.83518213",0.0
"-0.0031550028,-0.038975485,0.07986361,0.026854504,0.0055231415,0.9861532,-0.018070176,-0.14818713,0.83518213","-0.79753786,-0.31798548,0.94797623","-0.0793141,-0.08269688,0.18170536,0.0711176,-0.012123016,0.95487744,-0.018070176,-0.14818713,0.83518213",0.0
"-0.0793141,-0.08269688,0.18170536,0.0711176,-0.012123016,0.95487744,-0.018070176,-0.14818713,0.83518213","-0.969042,-0.16878766,0.63848543","-0.17185059,-0.10590433,0.2502983,0.099328026,-0.052775573,0.91870177,-0.018070176,-0.14818713,0.83518213",0.0
"-0.17185059,-0.10590433,0.2502983,0.099328026,-0.052775573,0.91870177,-0.018070176,-0.14818713,0.83518213","-0.9474977,-0.09584099,0.77685905","-0.26232976,-0.119082004,0.3337568,0.12949057,-0.13140884,0.8533181,-0.018070176,-0.14818713,0.83518213",0.0
"-0.26232976,-0.119082004,0.3337568,0.12949057,-0.13140884,0.8533181,-0.018070176,-0.14818713,0.83518213","-0.8486107,-0.14221728,0.0770998","-0.34336594,-0.13863617,0.34203976,0.07901476,-0.13514583,0.85349464,-0.018070176,-0.14818713,0.83518213",0.0
"-0.34336594,-0.13863617,0.34203976,0.07901476,-0.13514583,0.85349464,-0.018070176,-0.14818713,0.83518213","-0.82117486,-0.052580714,0.3386495","-0.42178217,-0.14586578,0.37842116,0.049876925,-0.175078,0.8201009,-0.018070176,-0.14818713,0.83518213",0.0
"-0.42178217,-0.14586578,0.37842116,0.049876925,-0.175078,0.8201009,-0.018070176,-0.14818713,0.83518213","-0.78539175,-0.14097655,-0.014868736","-0.49678138,-0.16524935,0.3768239,0.0072506014,-0.14453213,0.8294572,-0.018070176,-0.14818713,0.83518213",0.0
"-0.49678138,-0.16524935,0.3768239,0.0072506014,-0.14453213,0.8294572,-0.018070176,-0.14818713,0.83518213","-0.44309944,0.00037407875,-0.002824843","-0.53909415,-0.16519794,0.3765205,-0.011941269,-0.14398877,0.829741,-0.018070176,-0.14818713,0.83518213",0.0
"0.0,0.0,0.0,2.8652207e-07,0.005789075,0.993462,-0.15894738,0.04842105,0.3483126","0.08537507,-0.9049928,0.9749907","0.008152686,-0.12443187,0.10474391,-0.12212817,0.0026623171,0.97310317,-0.15894738,0.04842105,0.3483126",0.0
"0.008152686,-0.12443187,0.10474391,-0.12212817,0.0026623171,0.97310317,-0.15894738,0.04842105,0.3483126","0.69205,-0.8549728,0.97041416","0.07423843,-0.24198627,0.20899616,-0.2165012,-0.04547963,0.9173665,-0.15894738,0.04842105,0.3483126",0.0
"0.07423843,-0.24198627,0.20899616,-0.2165012,-0.04547963,0.9173665,-0.15894738,0.04842105,0.3483126","-0.54679143,-0.9835607,0.9159037","0.02202381,-0.37722087,0.30739236,-0.3442377,-0.018052861,0.8163217,-0.15894738,0.04842105,0.3483126",0.0
"0.02202381,-0.37722087,0.30739236,-0.3442377,-0.018052861,0.8163217,-0.15894738,0.04842105,0.3483126","-0.3802687,-0.49948758,0.98082733","-0.014289093,-0.44589788,0.4127633,-0.31846195,0.020100549,0.74298525,-0.15894738,0.04842105,0.3483126",0.0
"-0.014289093,-0.44589788,0.4127633,-0.31846195,0.020100549,0.74298525,-0.15894738,0.04842105,0.3483126","-0.86002576,0.13970387,0.8111863","-0.096415326,-0.42668936,0.49990964,-0.16263604,0.05689147,0.7114952,-0.15894738,0.04842105,0.3483126",0.0
"-0.096415326,-0.42668936,0.49990964,-0.16263604,0.05689147,0.7114952,-0.15894738,0.04842105,0.3483126","0.44628608,-0.93158895,0.7626966","-0.05379824,-0.5547781,0.58184665,-0.2564323,0.049630556,0.58849996,-0.15894738,0.04842105,0.3483126",0.0
"-0.05379824,-0.5547781,0.58184665,-0.2564323,0.049630556,0.58849996,-0.15894738,0.04842105,0.3483126","-0.5115336,-0.41103488,0.96721125","-0.102645986,-0.6112933,0.6857548,-0.19338374,0.07072015,0.47895497,-0.15894738,0.04842105,0.3483126",0.0
"-0.102645986,-0.6112933,0.6857548,-0.19338374,0.07072015,0.47895497,-0.15894738,0.04842105,0.3483126","0.18303967,-0.37407863,0.86015224","-0.08516702,-0.6627273,0.7781616,-0.15083714,0.04735246,0.36844954,-0.15894738,0.04842105,0.3483126",0.0
"-0.08516702,-0.6627273,0.7781616,-0.15083714,0.04735246,0.36844954,-0.15894738,0.04842105,0.3483126","0.092095375,-0.13642222,0.16219687","-0.07637258,-0.6814847,0.79558665,-0.15133704,0.042983793,0.343079,-0.15894738,0.04842105,0.3483126",0.0
"0.0,0.0,0.0,2.8652207e-07,0.005789075,0.993462,0.5123392,0.5650877,0.5901456","0.95572567,0.8189472,0.98269737","0.09126488,0.11260103,0.1055718,0.3604205,0.112302504,0.8971931,0.5123392,0.5650877,0.5901456",0.0
"0.09126488,0.11260103,0.1055718,0.3604205,0.112302504,0.8971931,0.5123392,0.5650877,0.5901456","0.8640783,0.83190715,0.8482686","0.17377809,0.226984,0.19670184,0.56720746,0.35137194,0.64887583,0.5123392,0.5650877,0.5901456",0.0
"0.17377809,0.226984,0.19670184,0.56720746,0.35137194,0.64887583,0.5123392,0.5650877,0.5901456","0.4055996,0.64299715,-0.09742534","0.21250992,0.31539282,0.18623537,0.6099961,0.4882862,0.5070179,0.5123392,0.5650877,0.5901456",0.0
"0.21250992,0.31539282,0.18623537,0.6099961,0.4882862,0.5070179,0.5123392,0.5650877,0.5901456","0.29489374,0.0767318,-0.28006244","0.24067013,0.32594308,0.15614808,0.56230223,0.53822833,0.530321,0.5123392,0.5650877,0.5901456",0.0
"0.24067013,0.32594308,0.15614808,0.56230223,0.53822833,0.530321,0.5123392,0.5650877,0.5901456","0.08443785,-0.042149067,-0.2110548","0.24873334,0.32014784,0.13347432,0.5331058,0.53703636,0.5728553,0.5123392,0.5650877,0.5901456",0.0
"0.24873334,0.32014784,0.13347432,0.5331058,0.53703636,0.5728553,0.5123392,0.5650877,0.5901456","-0.0915941,0.035790086,-0.036237955","0.23998676,0.3250688,0.12958124,0.5505843,0.5249332,0.56908286,0.5123392,0.5650877,0.5901456",0.0
"0.23998676,0.3250688,0.12958124,0.5505843,0.5249332,0.56908286,0.5123392,0.5650877,0.5901456","0.0018556118,0.037083626,-0.010453582","0.24016397,0.33016762,0.1284582,0.5547013,0.5293846,0.56112576,0.5123392,0.5650877,0.5901456",0.0
"0.24016397,0.33016762,0.1284582,0.5547013,0.5293846,0.56112576,0.5123392,0.5650877,0.5901456","0.007849336,-0.0326941,0.02785933","0.24091353,0.3256724,0.13145113,0.5505446,0.5279419,0.5653945,0.5123392,0.5650877,0.5901456",0.0
"0.24091353,0.3256724,0.13145113,0.5505446,0.5279419,0.5653945,0.5123392,0.5650877,0.5901456","0.05820763,-0.088260055,0.013782978","0.24647194,0.31353712,0.13293184,0.5302131,0.5266874,0.5857223,0.5123392,0.5650877,0.5901456",0.0
"0.24647194,0.31353712,0.13293184,0.5302131,0.5266874,0.5857223,0.5123392,0.5650877,0.5901456","0.0924418,0.02611065,-0.08061421","0.25529948,0.31712723,0.12427139,0.5146411,0.5403983,0.5908895,0.5123392,0.5650877,0.5901456",0.0
"0.25529948,0.31712723,0.12427139,0.5146411,0.5403983,0.5908895,0.5123392,0.5650877,0.5901456","0.038092613,0.018105865,-0.0096235275","0.25893703,0.3196167,0.12323752,0.5102913,0.54821026,0.5877417,0.5123392,0.5650877,0.5901456",0.0
"0.0,0.0,0.0,2.8652207e-07,0.005789075,0.993462,0.0058479533,-0.00070175435,0.23331277","-0.60305643,-0.5323645,0.9375862","-0.05758753,-0.073197395,0.10072551,-0.016617466,0.008924641,0.9823062,0.0058479533,-0.00070175435,0.23331277",0.0
"-0.05758753,-0.073197395,0.10072551,-0.016617466,0.008924641,0.9823062,0.0058479533,-0.00070175435,0.23331277","-0.93870836,-0.77064884,0.95559406","-0.14722738,-0.17915767,0.20338562,-0.08710699,0.049900535,0.94305027,0.0058479533,-0.00070175435,0.23331277",0.0
"-0.14722738,-0.17915767,0.20338562,-0.08710699,0.049900535,0.94305027,0.0058479533,-0.00070175435,0.23331277","-0.74956274,-0.4689455,0.9807322","-0.2188052,-0.24363531,0.30874637,-0.06448692,0.06043204,0.8869592,0.0058479533,-0.00070175435,0.23331277",0.0
"-0.2188052,-0.24363531,0.30874637,-0.06448692,0.06043204,0.8869592,0.0058479533,-0.00070175435,0.23331277","-0.7407774,-0.86603504,0.9347737","-0.28954405,-0.3627107,0.4091698,-0.10564547,0.14522383,0.7951828,0.0058479533,-0.00070175435,0.23331277",0.0
"-0.28954405,-0.3627107,0.4091698,-0.10564547,0.14522383,0.7951828,0.0058479533,-0.00070175435,0.23331277","-0.78998077,-0.74743336,0.9912114","-0.3649815,-0.46547902,0.5156563,-0.082829624,0.19748695,0.6826276,0.0058479533,-0.00070175435,0.23331277",0.0
"-0.3649815,-0.46547902,0.5156563,-0.082829624,0.19748695,0.6826276,0.0058479533,-0.00070175435,0.23331277","0.24900222,-0.55914617,0.9913752","-0.34120357,-0.54235876,0.6221604,-0.08796087,0.17354463,0.5661226,0.0058479533,-0.00070175435,0.23331277",0.0
"-0.34120357,-0.54235876,0.6221604,-0.08796087,0.17354463,0.5661226,0.0058479533,-0.00070175435,0.23331277","-0.68716943,0.85743463,0.96084034","-0.40682325,-0.42446598,0.7253842,0.02011801,-0.046690285,0.4678169,0.0058479533,-0.00070175435,0.23331277",0.0
"-0.40682325,-0.42446598,0.7253842,0.02011801,-0.046690285,0.4678169,0.0058479533,-0.00070175435,0.23331277","-0.9150735,-0.85561734,0.87434864","-0.49420613,-0.542109,0.819316,0.0055942275,0.010772712,0.34203333,0.0058479533,-0.00070175435,0.23331277",0.0
"-0.49420613,-0.542109,0.819316,0.0055942275,0.010772712,0.34203333,0.0058479533,-0.00070175435,0.23331277","-0.47480977,-0.20059323,0.490641","-0.539547,-0.56968963,0.87202597,0.0061490857,0.0025201524,0.2665444,0.0058479533,-0.00070175435,0.23331277",0.0
"-0.539547,-0.56968963,0.87202597,0.0061490857,0.0025201524,0.2665444,0.0058479533,-0.00070175435,0.23331277","-0.3823164,-0.02828896,0.2498188","-0.57605547,-0.57357925,0.89886427,0.004050116,-0.007835021,0.22715066,0.0058479533,-0.00070175435,0.23331277",0.0
"0.0,0.0,0.0,2.8652207e-07,0.005789075,0.993462,0.43222225,-0.34374267,0.5050889","-0.8555659,0.8459755,0.8098171","-0.081700325,0.11631728,0.086999156,0.35194978,-0.08638712,0.90820825,0.43222225,-0.34374267,0.5050889",0.0
"-0.081700325,0.11631728,0.086999156,0.35194978,-0.08638712,0.90820825,0.43222225,-0.34374267,0.5050889","-0.78236824,0.6277664,0.9774953","-0.15641081,0.20263194,0.1920121,0.5548469,-0.29036698,0.69350743,0.43222225,-0.34374267,0.5050889",0.0
"-0.15641081,0.20263194,0.1920121,0.5548469,-0.29036698,0.69350743,0.43222225,-0.34374267,0.5050889","-0.42142022,0.041909456,0.92654896","-0.19665338,0.20839427,0.29155186,0.5694001,-0.3975144,0.54457664,0.43222225,-0.34374267,0.5050889",0.0
"-0.19665338,0.20839427,0.29155186,0.5694001,-0.3975144,0.54457664,0.43222225,-0.34374267,0.5050889","-0.56797755,-0.7138628,0.49932003","-0.25089112,0.11024183,0.34519416,0.41628304,-0.41041154,0.61878544,0.43222225,-0.34374267,0.5050889",0.0
"-0.25089112,0.11024183,0.34519416,0.41628304,-0.41041154,0.61878544,0.43222225,-0.34374267,0.5050889","0.24329734,-0.27095813,0.77641416","-0.22765799,0.07298648,0.42860484,0.43176952,-0.36737877,0.54656625,0.43222225,-0.34374267,0.5050889",0.0
"-0.22765799,0.07298648,0.42860484,0.43176952,-0.36737877,0.54656625,0.43222225,-0.34374267,0.5050889","-0.07628381,-0.14514565,0.28602374","-0.23494254,0.0530297,0.4593326,0.41048986,-0.36555663,0.52668124,0.43222225,-0.34374267,0.5050889",0.0
"-0.23494254,0.0530297,0.4593326,0.41048986,-0.36555663,0.52668124,0.43222225,-0.34374267,0.5050889","0.14922404,-0.024770856,0.122125864","-0.22069272,0.049623836,0.4724527,0.42539623,-0.34595463,0.5110176,0.43222225,-0.34374267,0.5050889",0.0
"0.0,0.0,0.0,2.8652207e-07,0.005789075,0.993462,0.16801171,-0.022163741,0.49515146","-0.0011167526,-0.30955207,0.9370731","-0.00010665177,-0.042561833,0.10067039,0.047751706,0.0057730167,0.98120576,0.16801171,-0.022163741,0.49515146",0.0
"-0.00010665177,-0.042561833,0.10067039,0.047751706,0.0057730167,0.98120576,0.16801171,-0.022163741,0.49515146","0.43824077,0.17763507,0.9894775","0.041742157,-0.018137941,0.20697062,0.23403615,0.036707144,0.9139535,0.16801171,-0.022163741,0.49515146",0.0
"0.041742157,-0.018137941,0.20697062,0.23403615,0.036707144,0.9139535,0.16801171,-0.022163741,0.49515146","0.13537002,-0.48887336,0.93758965","0.054669,-0.085355535,0.30769652,0.21594268,0.04333225,0.86202437,0.16801171,-0.022163741,0.49515146",0.0
"0.054669,-0.085355535,0.30769652,0.21594268,0.04333225,0.86202437,0.16801171,-0.022163741,0.49515146","-0.29730386,-0.27132314,0.9733734","0.026278632,-0.12266109,0.4122667,0.2544929,0.026866859,0.769407,0.16801171,-0.022163741,0.49515146",0.0
"0.026278632,-0.12266109,0.4122667,0.2544929,0.026866859,0.769407,0.16801171,-0.022163741,0.49515146","-0.23721981,-0.45817888,0.96615875","0.0036258516,-0.18565837,0.51606184,0.23536381,0.008470695,0.6746569,0.16801171,-0.022163741,0.49515146",0.0
"0.0036258516,-0.18565837,0.51606184,0.23536381,0.008470695,0.6746569,0.16801171,-0.022163741,0.49515146","-0.3292175,-0.4246657,0.9318043","-0.027812038,-0.24404773,0.6161662,0.2126641,-0.01281729,0.56670046,0.16801171,-0.022163741,0.49515146",0.0
"-0.027812038,-0.24404773,0.6161662,0.2126641,-0.01281729,0.56670046,0.16801171,-0.022163741,0.49515146","-0.170739,-0.46192342,0.49459624","-0.04411638,-0.30755985,0.66930103,0.15765633,-0.016146174,0.5183036,0.16801171,-0.022163741,0.49515146",0.0
"-0.04411638,-0.30755985,0.66930103,0.15765633,-0.016146174,0.5183036,0.16801171,-0.022163741,0.49515146","-0.129866,0.057430863,0.1223464","-0.056517653,-0.29966342,0.6824448,0.17251244,-0.025074793,0.49579868,0.16801171,-0.022163741,0.49515146",0.0
"0.0,0.0,0.0,2.8652207e-07,0.005789075,0.993462,-0.72298247,-0.0057894737,0.53209","0.32309628,-0.9115681,-0.7743042","0.030853344,-0.12533593,-0.08318399,-0.37449095,-0.03059662,0.90295196,-0.72298247,-0.0057894737,0.53209",0.0
"0.030853344,-0.12533593,-0.08318399,-0.37449095,-0.03059662,0.90295196,-0.72298247,-0.0057894737,0.53209","-0.19070047,-0.9414906,-0.3707708","0.01264283,-0.25478604,-0.12301612,-0.65198016,-0.020115327,0.6990054,-0.72298247,-0.0057894737,0.53209",0.0
"0.01264283,-0.25478604,-0.12301612,-0.65198016,-0.020115327,0.6990054,-0.72298247,-0.0057894737,0.53209","0.23800445,-0.5692738,0.61855173","0.03537052,-0.3330583,-0.0565647,-0.7113976,-0.073552415,0.6490634,-0.72298247,-0.0057894737,0.53209",0.0
"0.03537052,-0.3330583,-0.0565647,-0.7113976,-0.073552415,0.6490634,-0.72298247,-0.0057894737,0.53209","-0.08571237,-0.020883858,0.6896901","0.027185608,-0.33592978,0.017529177,-0.644717,-0.04938664,0.72584397,-0.72298247,-0.0057894737,0.53209",0.0
"0.027185608,-0.33592978,0.017529177,-0.644717,-0.04938664,0.72584397,-0.72298247,-0.0057894737,0.53209","0.09209275,-0.49258268,0.27014184","0.035979792,-0.4036574,0.046550736,-0.7182318,-0.07570588,0.6424278,-0.72298247,-0.0057894737,0.53209",0.0
"0.035979792,-0.4036574,0.046550736,-0.7182318,-0.07570588,0.6424278,-0.72298247,-0.0057894737,0.53209","0.028198242,-0.52552587,0.8221618","0.038672518,-0.47591457,0.13487615,-0.72830784,-0.083090305,0.6034462,-0.72298247,-0.0057894737,0.53209",0.0
"0.038672518,-0.47591457,0.13487615,-0.72830784,-0.083090305,0.6034462,-0.72298247,-0.0057894737,0.53209","-0.3846233,-0.6143643,0.7069833","0.0019437848,-0.56038654,0.21082787,-0.76071125,0.0011439304,0.5208383,-0.72298247,-0.0057894737,0.53209",0.0
"0.0019437848,-0.56038654,0.21082787,-0.76071125,0.0011439304,0.5208383,-0.72298247,-0.0057894737,0.53209","0.17119849,0.22219825,-0.062227607","0.018291997,-0.52983546,0.20414278,-0.7278938,-0.03607647,0.5703768,-0.72298247,-0.0057894737,0.53209",0.0
"0.018291997,-0.52983546,0.20414278,-0.7278938,-0.03607647,0.5703768,-0.72298247,-0.0057894737,0.53209","-0.02449274,-0.22640395,-0.075651705","0.015953116,-0.5609649,0.19601552,-0.7771127,-0.033183437,0.505664,-0.72298247,-0.0057894737,0.53209",0.0
"0.015953116,-0.5609649,0.19601552,-0.7771127,-0.033183437,0.505664,-0.72298247,-0.0057894737,0.53209","-0.18763644,0.27331233,0.69242907","-0.001964804,-0.52338594,0.27040368,-0.63800955,0.009727636,0.6294112,-0.72298247,-0.0057894737,0.53209",0.0
"-0.001964804,-0.52338594,0.27040368,-0.63800955,0.009727636,0.6294112,-0.72298247,-0.0057894737,0.53209","0.37783086,-0.49232936,-0.45572233","0.034115303,-0.5910787,0.2214452,-0.78186256,-0.078296974,0.47299758,-0.72298247,-0.0057894737,0.53209",0.0
"0.034115303,-0.5910787,0.2214452,-0.78186256,-0.078296974,0.47299758,-0.72298247,-0.0057894737,0.53209","-0.33880615,0.021744013,0.2069205","0.0017617717,-0.58808905,0.24367486,-0.7573003,0.0015978834,0.49925914,-0.72298247,-0.0057894737,0.53209",0.0
"0.0017617717,-0.58808905,0.24367486,-0.7573003,0.0015978834,0.49925914,-0.72298247,-0.0057894737,0.53209","0.2641437,0.18905401,0.015476584","0.026985576,-0.56209517,0.24533759,-0.7206737,-0.055433586,0.54759985,-0.72298247,-0.0057894737,0.53209",0.0
"0.026985576,-0.56209517,0.24533759,-0.7206737,-0.055433586,0.54759985,-0.72298247,-0.0057894737,0.53209","0.00604403,-0.2149694,-0.18638492","0.027562737,-0.5916524,0.2253142,-0.7797394,-0.0618765,0.4756344,-0.72298247,-0.0057894737,0.53209",0.0
"0.027562737,-0.5916524,0.2253142,-0.7797394,-0.0618765,0.4756344,-0.72298247,-0.0057894737,0.53209","-0.20815086,0.23518121,0.11189902","0.0076858387,-0.5593162,0.23733564,-0.72862923,-0.011805748,0.5459965,-0.72298247,-0.0057894737,0.53209",0.0
"0.0,0.0,0.0,2.8652207e-07,0.005789075,0.993462,-0.06684211,-0.029064327,0.2237676","-0.64573574,-0.6253923,0.9498681","-0.06166309,-0.08598824,0.102044955,-0.041644316,0.014069197,0.98112124,-0.06684211,-0.029064327,0.2237676",0.0
"-0.06166309,-0.08598824,0.102044955,-0.041644316,0.014069197,0.98112124,-0.06684211,-0.029064327,0.2237676","0.62868047,-0.25690007,0.9773934","-0.0016286867,-0.121310696,0.20704699,0.024945745,0.0056615314,0.94697976,-0.06684211,-0.029064327,0.2237676",0.0
"-0.0016286867,-0.121310696,0.20704699,0.024945745,0.0056615314,0.94697976,-0.06684211,-0.029064327,0.2237676","-0.8905852,-0.67718446,0.9381721","-0.08667312,-0.21442011,0.3078355,-0.029190075,0.014161332,0.8917432,-0.06684211,-0.029064327,0.2237676",0.0
"-0.08667312,-0.21442011,0.3078355,-0.029190075,0.014161332,0.8917432,-0.06684211,-0.029064327,0.2237676","-0.59871006,-0.6131194,0.9883232","-0.14384559,-0.29872093,0.41401175,-0.049771003,0.03059434,0.8106154,-0.06684211,-0.029064327,0.2237676",0.0
"-0.14384559,-0.29872093,0.41401175,-0.049771003,0.03059434,0.8106154,-0.06684211,-0.029064327,0.2237676","0.8490732,-0.77359056,0.9336946","-0.06276527,-0.40508568,0.5143192,-0.116262056,0.029130284,0.7082313,-0.06684211,-0.029064327,0.2237676",0.0
"-0.06276527,-0.40508568,0.5143192,-0.116262056,0.029130284,0.7082313,-0.06684211,-0.029064327,0.2237676","0.8024676,-0.27694035,0.8894794","0.013864556,-0.4431636,0.60987663,-0.071229495,0.0026903087,0.60996854,-0.06684211,-0.029064327,0.2237676",0.0
"0.013864556,-0.4431636,0.60987663,-0.071229495,0.0026903087,0.60996854,-0.06684211,-0.029064327,0.2237676","0.130095,-0.7333219,0.9656943","0.026287684,-0.5439916,0.7136218,-0.0976247,-0.002271669,0.4760214,-0.06684211,-0.029064327,0.2237676",0.0
"0.026287684,-0.5439916,0.7136218,-0.0976247,-0.002271669,0.4760214,-0.06684211,-0.029064327,0.2237676","0.7902477,-0.68013394,0.91017807","0.1017506,-0.63750654,0.81140286,-0.09908401,-0.026699677,0.3392061,-0.06684211,-0.029064327,0.2237676",0.0
"0.1017506,-0.63750654,0.81140286,-0.09908401,-0.026699677,0.3392061,-0.06684211,-0.029064327,0.2237676","0.04945159,-0.56283,0.82563853","0.106472865,-0.71489286,0.9001017,-0.08345351,-0.022875648,0.21155944,-0.06684211,-0.029064327,0.2237676",0.0
"0.106472865,-0.71489286,0.9001017,-0.08345351,-0.022875648,0.21155944,-0.06684211,-0.029064327,0.2237676","0.43906713,0.23208737,-0.101083934","0.14840059,-0.6829821,0.8892423,-0.06844648,-0.02796218,0.23181392,-0.06684211,-0.029064327,0.2237676",0.0
"0.0,0.0,0.0,2.8652207e-07,0.005789075,0.993462,0.04912281,0.6627485,0.3481818","0.90904284,0.96434426,0.9913832","0.086807005,0.13259238,0.10650492,0.40078974,0.11810451,0.8770215,0.04912281,0.6627485,0.3481818",0.0
"0.086807005,0.13259238,0.10650492,0.40078974,0.11810451,0.8770215,0.04912281,0.6627485,0.3481818","0.94712996,0.549093,0.9535408","0.17725104,0.20808984,0.20894442,0.5464494,0.34702373,0.6626786,0.04912281,0.6627485,0.3481818",0.0
"0.17725104,0.20808984,0.20894442,0.5464494,0.34702373,0.6626786,0.04912281,0.6627485,0.3481818","0.95995426,-0.79844534,0.8451804","0.2689197,0.09830773,0.29974273,0.35366938,0.4071474,0.69921196,0.04912281,0.6627485,0.3481818",0.0
"0.2689197,0.09830773,0.29974273,0.35366938,0.4071474,0.69921196,0.04912281,0.6627485,0.3481818","0.9872153,0.1937406,-0.019149363","0.3631916,0.124946065,0.29768553,0.2362214,0.5292436,0.6656822,0.04912281,0.6627485,0.3481818",0.0
"0.3631916,0.124946065,0.29768553,0.2362214,0.5292436,0.6656822,0.04912281,0.6627485,0.3481818","0.88416934,0.003881693,0.7613183","0.44762337,0.12547979,0.3794745,0.09577919,0.61217135,0.5453258,0.04912281,0.6627485,0.3481818",0.0
"0.44762337,0.12547979,0.3794745,0.09577919,0.61217135,0.5453258,0.04912281,0.6627485,0.3481818","0.4793905,0.17396402,0.8606967","0.4934017,0.14939895,0.47193968,0.007825997,0.6568876,0.36458108,0.04912281,0.6627485,0.3481818",0.0
"0.4934017,0.14939895,0.47193968,0.007825997,0.6568876,0.36458108,0.04912281,0.6627485,0.3481818","-0.13079602,0.04064548,0.06768596","0.4809116,0.15498751,0.47921127,0.033843253,0.6603143,0.34429145,0.04912281,0.6627485,0.3481818",0.0
"0.0,0.0,0.0,2.8652207e-07,0.005789075,0.993462,-0.040058482,-0.0057894737,0.52215254","0.17919374,-0.6299256,0.975193","0.017111687,-0.086611554,0.104765624,-0.0413824,0.0035705937,0.9806309,-0.040058482,-0.0057894737,0.52215254",0.0
"0.017111687,-0.086611554,0.104765624,-0.0413824,0.0035705937,0.9806309,-0.040058482,-0.0057894737,0.52215254","0.65176225,-0.64614725,0.97857976","0.07935024,-0.17545351,0.20989512,-0.082472004,-0.0150222,0.94196016,-0.040058482,-0.0057894737,0.52215254",0.0
"0.07935024,-0.17545351,0.20989512,-0.082472004,-0.0150222,0.94196016,-0.040058482,-0.0057894737,0.52215254","0.15118265,-0.28811717,0.92299354","0.093787074,-0.21506816,0.30905297,-0.03194736,-0.0036455037,0.8909655,-0.040058482,-0.0057894737,0.52215254",0.0
"0.093787074,-0.21506816,0.30905297,-0.03194736,-0.0036455037,0.8909655,-0.040058482,-0.0057894737,0.52215254","-0.018440604,-0.53438026,0.9541812","0.09202612,-0.28854275,0.41156134,-0.04252057,-0.006607519,0.8137406,-0.040058482,-0.0057894737,0.52215254",0.0
"0.09202612,-0.28854275,0.41156134,-0.04252057,-0.006607519,0.8137406,-0.040058482,-0.0057894737,0.52215254","0.52600694,-0.30698287,0.88238","0.14225595,-0.33075136,0.50635606,-0.009073357,0.0020712656,0.7270408,-0.040058482,-0.0057894737,0.52215254",0.0
"0.14225595,-0.33075136,0.50635606,-0.009073357,0.0020712656,0.7270408,-0.040058482,-0.0057894737,0.52215254","0.41034055,-0.6762392,0.7313409","0.1814405,-0.42373082,0.5849246,-0.061228856,-0.03237052,0.6390446,-0.040058482,-0.0057894737,0.52215254",0.0
"0.1814405,-0.42373082,0.5849246,-0.061228856,-0.03237052,0.6390446,-0.040058482,-0.0057894737,0.52215254","-0.075119615,-0.21652424,0.6393573","0.17426713,-0.45350182,0.6536111,-0.03895959,-0.016971154,0.56027025,-0.040058482,-0.0057894737,0.52215254",0.0
"0.17426713,-0.45350182,0.6536111,-0.03895959,-0.016971154,0.56027025,-0.040058482,-0.0057894737,0.52215254","0.2715429,-0.14492899,0.27602732","0.2001975,-0.47342888,0.68326503,-0.036241133,-0.019206023,0.5233224,-0.040058482,-0.0057894737,0.52215254",0.0
"0.0,0.0,0.0,2.8652207e-07,0.005789075,0.993462,0.07614035,-0.32432747,0.404603","-0.94699794,0.9368036,0.9808779","-0.090431415,0.12880568,0.105376326,0.39432484,-0.10911095,0.881807,0.07614035,-0.32432747,0.404603",0.0
"-0.090431415,0.12880568,0.105376326,0.39432484,-0.10911095,0.881807,0.07614035,-0.32432747,0.404603","-0.92273134,-0.29694676,0.81857884","-0.17854556,0.08797703,0.1933168,0.36581525,-0.22297935,0.8402031,0.07614035,-0.32432747,0.404603",0.0
"-0.17854556,0.08797703,0.1933168,0.36581525,-0.22297935,0.8402031,0.07614035,-0.32432747,0.404603","-0.6546587,-0.06592345,0.9650315","-0.24106072,0.0789129,0.29699078,0.37154093,-0.34327188,0.7276126,0.07614035,-0.32432747,0.404603",0.0
"-0.24106072,0.0789129,0.29699078,0.37154093,-0.34327188,0.7276126,0.07614035,-0.32432747,0.404603","-0.6973845,-0.7780951,0.6763425","-0.30765587,-0.028071182,0.36965075,0.2220721,-0.31146,0.74897504,0.07614035,-0.32432747,0.404603",0.0
"-0.30765587,-0.028071182,0.36965075,0.2220721,-0.31146,0.74897504,0.07614035,-0.32432747,0.404603","-0.59925604,-0.31865734,0.90832543","-0.3648805,-0.07188494,0.46723276,0.16127113,-0.34276462,0.65710646,0.07614035,-0.32432747,0.404603",0.0
"-0.3648805,-0.07188494,0.46723276,0.16127113,-0.34276462,0.65710646,0.07614035,-0.32432747,0.404603","-0.0036783218,-0.10548329,0.9741169","-0.36523175,-0.08638836,0.5718828,0.16996118,-0.36306575,0.5150232,0.07614035,-0.32432747,0.404603",0.0
"-0.36523175,-0.08638836,0.5718828,0.16996118,-0.36306575,0.5150232,0.07614035,-0.32432747,0.404603","-0.5539004,-0.5427377,0.5717256","-0.4181252,-0.16101201,0.63330364,0.08803597,-0.31192684,0.48626533,0.07614035,-0.32432747,0.404603",0.0
"-0.4181252,-0.16101201,0.63330364,0.08803597,-0.31192684,0.48626533,0.07614035,-0.32432747,0.404603","-0.066271424,-0.10197413,0.52434206","-0.42445368,-0.17503294,0.6896341,0.07984099,-0.30544537,0.40971413,0.07614035,-0.32432747,0.404603",0.0
"-0.42445368,-0.17503294,0.6896341,0.07984099,-0.30544537,0.40971413,0.07614035,-0.32432747,0.404603","-0.14999479,0.08668506,-0.007175863","-0.4387771,-0.1631142,0.6888632,0.06834551,-0.32066774,0.40156293,0.07614035,-0.32432747,0.404603",0.0
"0.0,0.0,0.0,2.8652207e-07,0.005789075,0.993462,0.042222224,-0.43923974,0.60727465","-0.9656903,0.61208105,0.9538318","-0.09221642,0.084157996,0.10247075,0.3050329,-0.08488749,0.92362064,0.042222224,-0.43923974,0.60727465",0.0
"-0.09221642,0.084157996,0.10247075,0.3050329,-0.08488749,0.92362064,0.042222224,-0.43923974,0.60727465","-0.92459184,0.092870474,0.8249788","-0.18050824,0.09692721,0.19109875,0.3765662,-0.23295768,0.8330242,0.042222224,-0.43923974,0.60727465",0.0
"-0.18050824,0.09692721,0.19109875,0.3765662,-0.23295768,0.8330242,0.042222224,-0.43923974,0.60727465","-0.9791471,0.18859339,0.6405134","-0.27400967,0.122857824,0.25990954,0.36285445,-0.413301,0.71965164,0.042222224,-0.43923974,0.60727465",0.0
"-0.27400967,0.122857824,0.25990954,0.36285445,-0.413301,0.71965164,0.042222224,-0.43923974,0.60727465","-0.8432257,-0.646927,0.5130372","-0.3545316,0.033908688,0.3150255,0.201249,-0.39615703,0.75643766,0.042222224,-0.43923974,0.60727465",0.0
"-0.3545316,0.033908688,0.3150255,0.201249,-0.39615703,0.75643766,0.042222224,-0.43923974,0.60727465","-0.5166972,-0.3114748,0.7656429","-0.40387243,-0.0089175,0.39727902,0.1345152,-0.41233897,0.6929243,0.042222224,-0.43923974,0.60727465",0.0
"-0.40387243,-0.0089175,0.39727902,0.1345152,-0.41233897,0.6929243,0.042222224,-0.43923974,0.60727465","-0.5449228,-0.1159426,0.5448704","-0.4559086,-0.02485902,0.45581484,0.066833586,-0.43748555,0.6264824,0.042222224,-0.43923974,0.60727465",0.0
"-0.4559086,-0.02485902,0.45581484,0.066833586,-0.43748555,0.6264824,0.042222224,-0.43923974,0.60727465","-0.15588558,-0.066295624,0.1160444","-0.47079453,-0.03397434,0.46828157,0.045641325,-0.4328762,0.61792636,0.042222224,-0.43923974,0.60727465",0.0
"0.0,0.0,0.0,2.8652207e-07,0.005789075,0.993462,0.25760236,-0.13280702,0.43591902","-0.6787883,-0.15305972,0.7385657","-0.064819366,-0.021044934,0.07934459,0.06452632,-0.00741327,0.9842788,0.25760236,-0.13280702,0.43591902",0.0
"-0.064819366,-0.021044934,0.07934459,0.06452632,-0.00741327,0.9842788,0.25760236,-0.13280702,0.43591902","-0.30217457,0.08375645,0.95550823","-0.09367484,-0.00952887,0.18199547,0.21595931,-0.059405703,0.9282431,0.25760236,-0.13280702,0.43591902",0.0
"-0.09367484,-0.00952887,0.18199547,0.21595931,-0.059405703,0.9282431,0.25760236,-0.13280702,0.43591902","-0.5272385,-0.25480485,0.9558605","-0.1440223,-0.044563245,0.2846842,0.24830735,-0.114263736,0.8602138,0.25760236,-0.13280702,0.43591902",0.0
"-0.1440223,-0.044563245,0.2846842,0.24830735,-0.114263736,0.8602138,0.25760236,-0.13280702,0.43591902","0.38660026,0.364753,0.94008386","-0.10710477,0.005588405,0.38567805,0.4258776,-0.14283095,0.6933571,0.25760236,-0.13280702,0.43591902",0.0
"-0.10710477,0.005588405,0.38567805,0.4258776,-0.14283095,0.6933571,0.25760236,-0.13280702,0.43591902","0.16332185,-0.5970957,0.8860376","-0.09150872,-0.07650919,0.4808657,0.36547664,-0.10202509,0.6418577,0.25760236,-0.13280702,0.43591902",0.0
"-0.09150872,-0.07650919,0.4808657,0.36547664,-0.10202509,0.6418577,0.25760236,-0.13280702,0.43591902","-0.3170129,-0.46913493,0.9638448","-0.121781155,-0.14101285,0.58441216,0.31315944,-0.11977987,0.54493624,0.25760236,-0.13280702,0.43591902",0.0
"-0.121781155,-0.14101285,0.58441216,0.31315944,-0.11977987,0.54493624,0.25760236,-0.13280702,0.43591902","-0.22645831,-0.31602597,0.70579135","-0.14340629,-0.18446481,0.6602358,0.27460957,-0.12639828,0.46256116,0.25760236,-0.13280702,0.43591902",0.0
"-0.14340629,-0.18446481,0.6602358,0.27460957,-0.12639828,0.46256116,0.25760236,-0.13280702,0.43591902","-0.24385816,-0.07578993,0.23038638","-0.16669297,-0.19488554,0.6849864,0.25786024,-0.14221914,0.43173373,0.25760236,-0.13280702,0.43591902",0.0
"0.0,0.0,0.0,2.8652207e-07,0.005789075,0.993462,0.1177193,0.0702924,0.36001524","-0.042600513,-0.59601253,0.9846611","-0.004068054,-0.08194867,0.10578279,-0.029644066,0.006168519,0.9808596,0.1177193,0.0702924,0.36001524",0.0
"-0.004068054,-0.08194867,0.10578279,-0.029644066,0.006168519,0.9808596,0.1177193,0.0702924,0.36001524","0.6811162,-0.6283326,0.97559667","0.06097359,-0.1683412,0.21059181,-0.06781644,-0.00725482,0.9430462,0.1177193,0.0702924,0.36001524",0.0
"0.06097359,-0.1683412,0.21059181,-0.06781644,-0.00725482,0.9430462,0.1177193,0.0702924,0.36001524","0.7032001,0.18669105,0.9720366","0.12812407,-0.14267217,0.31501836,0.106102705,0.05146628,0.8790202,0.1177193,0.0702924,0.36001524",0.0
"0.12812407,-0.14267217,0.31501836,0.106102705,0.05146628,0.8790202,0.1177193,0.0702924,0.36001524","0.12633622,-0.6781907,0.97823465","0.14018826,-0.23591994,0.4201108,0.054201163,0.03194417,0.8050288,0.1177193,0.0702924,0.36001524",0.0
"0.14018826,-0.23591994,0.4201108,0.054201163,0.03194417,0.8050288,0.1177193,0.0702924,0.36001524","0.6850097,-0.29817688,0.98347545","0.20560172,-0.27691773,0.52576625,0.075962216,0.06450869,0.69967735,0.1177193,0.0702924,0.36001524",0.0
"0.20560172,-0.27691773,0.52576625,0.075962216,0.06450869,0.69967735,0.1177193,0.0702924,0.36001524","0.48496032,-0.1666578,0.9565358","0.2519119,-0.29983234,0.6285276,0.097875945,0.10729604,0.57349306,0.1177193,0.0702924,0.36001524",0.0
"0.2519119,-0.29983234,0.6285276,0.097875945,0.10729604,0.57349306,0.1177193,0.0702924,0.36001524","-0.5101694,-0.14543897,0.7599206","0.20319442,-0.31982946,0.71016634,0.12684046,0.101323254,0.46276465,0.1177193,0.0702924,0.36001524",0.0
"0.20319442,-0.31982946,0.71016634,0.12684046,0.101323254,0.46276465,0.1177193,0.0702924,0.36001524","-0.27216887,-0.49997288,0.8050282","0.17720427,-0.3885732,0.7966511,0.09889358,0.06836712,0.35529158,0.1177193,0.0702924,0.36001524",0.0
"0.17720427,-0.3885732,0.7966511,0.09889358,0.06836712,0.35529158,0.1177193,0.0702924,0.36001524","-0.33688164,0.17269075,-0.11048895","0.1450345,-0.36482912,0.78478134,0.12247455,0.0664632,0.36599898,0.1177193,0.0702924,0.36001524",0.0
"0.0,0.0,0.0,2.8652207e-07,0.005789075,0.993462,-0.06385965,-0.70093566,0.62845707","-0.9352424,0.9265094,0.43664408","-0.08930885,0.12739028,0.046908934,0.322937,-0.087037385,0.9261655,-0.06385965,-0.70093566,0.62845707",0.0
"-0.08930885,0.12739028,0.046908934,0.322937,-0.087037385,0.9261655,-0.06385965,-0.70093566,0.62845707","-0.87931204,0.4406358,0.4056642","-0.17327677,0.18797544,0.09048969,0.43476027,-0.25642806,0.8292803,-0.06385965,-0.70093566,0.62845707",0.0
"-0.17327677,0.18797544,0.09048969,0.43476027,-0.25642806,0.8292803,-0.06385965,-0.70093566,0.62845707","-0.9965065,0.06591737,0.32779145","-0.2684359,0.19703875,0.12570454,0.37534586,-0.41284811,0.7812226,-0.06385965,-0.70093566,0.62845707",0.0
"-0.2684359,0.19703875,0.12570454,0.37534586,-0.41284811,0.7812226,-0.06385965,-0.70093566,0.62845707","-0.97972405,0.13202155,0.36546957","-0.36199242,0.21519104,0.16496718,0.2675899,-0.5642447,0.7087872,-0.06385965,-0.70093566,0.62845707",0.0
"-0.36199242,0.21519104,0.16496718,0.2675899,-0.5642447,0.7087872,-0.06385965,-0.70093566,0.62845707","-0.8995476,0.24782765,0.03793347","-0.4478927,0.24926609,0.16904241,0.116641186,-0.670642,0.6492596,-0.06385965,-0.70093566,0.62845707",0.0
"-0.4478927,0.24926609,0.16904241,0.116641186,-0.670642,0.6492596,-0.06385965,-0.70093566,0.62845707","-0.69437706,-0.074986815,-0.02344215","-0.5142007,0.23895581,0.16652401,-0.02379371,-0.66274464,0.6694693,-0.06385965,-0.70093566,0.62845707",0.0
"-0.5142007,0.23895581,0.16652401,-0.02379371,-0.66274464,0.6694693,-0.06385965,-0.70093566,0.62845707","-0.04387474,-0.04210949,0.291615","-0.51839036,0.233166,0.19785242,-0.033325046,-0.6763791,0.6371791,-0.06385965,-0.70093566,0.62845707",0.0
"-0.51839036,0.233166,0.19785242,-0.033325046,-0.6763791,0.6371791,-0.06385965,-0.70093566,0.62845707","-0.13645077,0.037053347,0.041556478","-0.53142047,0.23826069,0.20231688,-0.06200346,-0.6848099,0.6225758,-0.06385965,-0.70093566,0.62845707",0.0
"0.0,0.0,0.0,2.8652207e-07,0.005789075,0.993462,0.014678363,-0.019064328,0.9189313","-0.986575,-0.9043505,0.91972804","-0.09421076,-0.12434355,0.098807,-0.12277403,0.043489516,0.9732489,0.014678363,-0.019064328,0.9189313",0.0
"-0.09421076,-0.12434355,0.098807,-0.12277403,0.043489516,0.9732489,0.014678363,-0.019064328,0.9189313","-0.9892491,0.07464635,0.78189135","-0.1886769,-0.1140801,0.18280613,0.00951075,0.000573991,0.957422,0.014678363,-0.019064328,0.9189313",0.0
"-0.1886769,-0.1140801,0.18280613,0.00951075,0.000573991,0.957422,0.014678363,-0.019064328,0.9189313","-0.98408234,-0.34251893,0.5612953","-0.28264964,-0.16117473,0.2431065,-0.0015138534,0.01103607,0.9299949,0.014678363,-0.019064328,0.9189313",0.0
"-0.28264964,-0.16117473,0.2431065,-0.0015138534,0.01103607,0.9299949,0.014678363,-0.019064328,0.9189313","-0.90910435,0.002148509,0.305696","-0.36946252,-0.16087936,0.27594766,0.018769814,-0.028654318,0.9112933,0.014678363,-0.019064328,0.9189313",0.0
"0.0,0.0,0.0,2.8652207e-07,0.005789075,0.993462,-0.019883042,0.31040934,0.5664788","0.8978076,0.56222105,0.9710505","0.08573411,0.0773025,0.10432057,0.2923839,0.08671819,0.92752266,-0.019883042,0.31040934,0.5664788",0.0
"0.08573411,0.0773025,0.10432057,0.2923839,0.08671819,0.92752266,-0.019883042,0.31040934,0.5664788","0.90468454,-0.3173253,0.89771986","0.17212492,0.033671897,0.20076321,0.28207886,0.17612568,0.8833088,-0.019883042,0.31040934,0.5664788",0.0
"0.17212492,0.033671897,0.20076321,0.28207886,0.17612568,0.8833088,-0.019883042,0.31040934,0.5664788","0.986642,-0.83387256,0.9591818","0.26634204,-0.08098131,0.30380878,0.14595515,0.17041034,0.8634328,-0.019883042,0.31040934,0.5664788",0.0
"0.26634204,-0.08098131,0.30380878,0.14595515,0.17041034,0.8634328,-0.019883042,0.31040934,0.5664788","0.95041823,0.1781106,0.9298166","0.3571001,-0.056492034,0.4036996,0.15149312,0.3278111,0.7303908,-0.019883042,0.31040934,0.5664788",0.0
"0.3571001,-0.056492034,0.4036996,0.15149312,0.3278111,0.7303908,-0.019883042,0.31040934,0.5664788","0.9240173,-0.45395136,0.90682983","0.44533706,-0.11890802,0.501121,0.05026547,0.32370293,0.6494527,-0.019883042,0.31040934,0.5664788",0.0
"0.44533706,-0.11890802,0.501121,0.05026547,0.32370293,0.6494527,-0.019883042,0.31040934,0.5664788","0.7240319,-0.18998343,0.59561706","0.51447684,-0.14502977,0.56510854,-0.02044775,0.32192335,0.5771323,-0.019883042,0.31040934,0.5664788",0.0
"0.0,0.0,0.0,2.8652207e-07,0.005789075,0.993462,-0.6491813,-0.10245614,0.51169205","0.08470273,-0.96622425,-0.72526383","0.00808849,-0.13285087,-0.07791554,-0.3842366,-0.003974886,0.8999772,-0.6491813,-0.10245614,0.51169205",0.0
"0.00808849,-0.13285087,-0.07791554,-0.3842366,-0.003974886,0.8999772,-0.6491813,-0.10245614,0.51169205","0.35591996,-0.9130996,0.73200023","0.042076256,-0.25839737,0.0007237258,-0.5265552,-0.06417161,0.8220518,-0.6491813,-0.10245614,0.51169205",0.0
"0.042076256,-0.25839737,0.0007237258,-0.5265552,-0.06417161,0.8220518,-0.6491813,-0.10245614,0.51169205","0.0630815,-0.70593774,0.27589226","0.048100077,-0.35546023,0.03036305,-0.657842,-0.09431477,0.707322,-0.6491813,-0.10245614,0.51169205",0.0
"0.048100077,-0.35546023,0.03036305,-0.657842,-0.09431477,0.707322,-0.6491813,-0.10245614,0.51169205","0.3648076,-0.80100906,0.8668195","0.082936555,-0.46559492,0.123486064,-0.7077268,-0.18269853,0.61088187,-0.6491813,-0.10245614,0.51169205",0.0
"0.082936555,-0.46559492,0.123486064,-0.7077268,-0.18269853,0.61088187,-0.6491813,-0.10245614,0.51169205","-0.27045333,-0.4622141,0.9357693","0.057110224,-0.529147,0.22401641,-0.6940114,-0.11998749,0.5879901,-0.6491813,-0.10245614,0.51169205",0.0
"0.057110224,-0.529147,0.22401641,-0.6940114,-0.11998749,0.5879901,-0.6491813,-0.10245614,0.51169205","-0.0851568,-0.4620825,0.3100741","0.048978366,-0.59268105,0.2573279,-0.73903453,-0.10876329,0.50266683,-0.6491813,-0.10245614,0.51169205",0.0
"0.048978366,-0.59268105,0.2573279,-0.73903453,-0.10876329,0.50266683,-0.6491813,-0.10245614,0.51169205","0.22557557,0.020234823,0.48180366","0.070519194,-0.5898989,0.30908844,-0.6647413,-0.14379206,0.54616004,-0.6491813,-0.10245614,0.51169205",0.0
"0.070519194,-0.5898989,0.30908844,-0.6647413,-0.14379206,0.54616004,-0.6491813,-0.10245614,0.51169205","0.027992725,-0.37191617,0.54107","0.0731923,-0.64103556,0.36721596,-0.65286726,-0.14687772,0.49715486,-0.6491813,-0.10245614,0.51169205",0.0
"0.0731923,-0.64103556,0.36721596,-0.65286726,-0.14687772,0.49715486,-0.6491813,-0.10245614,0.51169205","-0.12170941,-0.06470567,0.01525712","0.061569933,-0.64993227,0.3688551,-0.66607386,-0.12456935,0.48349148,-0.6491813,-0.10245614,0.51169205",0.0
"0.061569933,-0.64993227,0.3688551,-0.66607386,-0.12456935,0.48349148,-0.6491813,-0.10245614,0.51169205","0.0932647,-0.061265886,0.12291968","0.07047603,-0.6583561,0.3820605,-0.6552135,-0.1415527,0.4772653,-0.6491813,-0.10245614,0.51169205",0.0
"0.07047603,-0.6583561,0.3820605,-0.6552135,-0.1415527,0.4772653,-0.6491813,-0.10245614,0.51169205","0.113334775,0.16589308,0.14435792","0.08129868,-0.6355467,0.39756903,-0.6035669,-0.15161426,0.52091825,-0.6491813,-0.10245614,0.51169205",0.0
"0.08129868,-0.6355467,0.39756903,-0.6035669,-0.15161426,0.52091825,-0.6491813,-0.10245614,0.51169205","-0.13649869,-0.13732612,-0.20226872","0.068264045,-0.6544284,0.3758392,-0.65961295,-0.1377436,0.48015666,-0.6491813,-0.10245614,0.51169205",0.0
"0.068264045,-0.6544284,0.3758392,-0.65961295,-0.1377436,0.48015666,-0.6491813,-0.10245614,0.51169205","-0.009256363,0.15798199,-0.15604961","0.06738013,-0.63270676,0.35907474,-0.6559328,-0.13503888,0.50609434,-0.6491813,-0.10245614,0.51169205",0.0
"0.06738013,-0.63270676,0.35907474,-0.6559328,-0.13503888,0.50609434,-0.6491813,-0.10245614,0.51169205","-0.18777072,0.003289938,0.08613777","0.049449388,-0.6322545,0.3683286,-0.65002173,-0.095941514,0.51197356,-0.6491813,-0.10245614,0.51169205",0.0
"0.0,0.0,0.0,2.8652207e-07,0.005789075,0.993462,0.7401755,0.12935673,0.49050963","-0.2252956,0.98067963,0.9998019","-0.02151409,0.1348384,0.10740934,0.42261803,-0.022805305,0.8739316,0.7401755,0.12935673,0.49050963",0.0
"-0.02151409,0.1348384,0.10740934,0.42261803,-0.022805305,0.8739316,0.7401755,0.12935673,0.49050963","0.6282617,0.9618447,0.48075974","0.038480345,0.2670871,0.15905766,0.6939964,0.09013987,0.6325451,0.7401755,0.12935673,0.49050963",0.0
"0.038480345,0.2670871,0.15905766,0.6939964,0.09013987,0.6325451,0.7401755,0.12935673,0.49050963","-0.08631742,0.39337575,0.8273747","0.03023766,0.32117426,0.24794303,0.80655926,0.08266545,0.4030738,0.7401755,0.12935673,0.49050963",0.0
"0.03023766,0.32117426,0.24794303,0.80655926,0.08266545,0.4030738,0.7401755,0.12935673,0.49050963","0.048909903,-0.14895225,-0.0896256","0.034908205,0.30069414,0.23831451,0.7806394,0.09177973,0.4576573,0.7401755,0.12935673,0.49050963",0.0
"0.034908205,0.30069414,0.23831451,0.7806394,0.09177973,0.4576573,0.7401755,0.12935673,0.49050963","0.021567345,-0.18787432,0.039895058","0.036967732,0.27486244,0.24260047,0.7517347,0.09352791,0.49985117,0.7401755,0.12935673,0.49050963",0.0
"0.036967732,0.27486244,0.24260047,0.7517347,0.09352791,0.49985117,0.7401755,0.12935673,0.49050963","0.065096974,-0.092689574,0.17287302","0.043184027,0.2621181,0.26117232,0.7417322,0.10709311,0.4954278,0.7401755,0.12935673,0.49050963",0.0
"0.043184027,0.2621181,0.26117232,0.7417322,0.10709311,0.4954278,0.7401755,0.12935673,0.49050963","-0.10031319,-0.027506828,0.03666997","0.03360485,0.2583361,0.26511183,0.7415624,0.084402665,0.49639708,0.7401755,0.12935673,0.49050963",0.0
"0.03360485,0.2583361,0.26511183,0.7415624,0.084402665,0.49639708,0.7401755,0.12935673,0.49050963","0.09738767,-0.03659314,0.017874837","0.042904668,0.25330478,0.26703215,0.7334796,0.10531028,0.50263464,0.7401755,0.12935673,0.49050963",0.0
"0.042904668,0.25330478,0.26703215,0.7334796,0.10531028,0.50263464,0.7401755,0.12935673,0.49050963","0.0027378798,0.02710855,-0.02221477","0.04316612,0.2570321,0.26464564,0.7369686,0.10640053,0.49946982,0.7401755,0.12935673,0.49050963",0.0
"0.04316612,0.2570321,0.26464564,0.7369686,0.10640053,0.49946982,0.7401755,0.12935673,0.49050963","0.03701639,-0.0038747191,0.0025490522","0.04670092,0.25649935,0.2649195,0.73520744,0.11449909,0.5000252,0.7401755,0.12935673,0.49050963",0.0
"0.04670092,0.25649935,0.2649195,0.73520744,0.11449909,0.5000252,0.7401755,0.12935673,0.49050963","-0.059957266,-0.03526461,0.06255281","0.040975444,0.2516507,0.27163962,0.7338119,0.100825004,0.49868804,0.7401755,0.12935673,0.49050963",0.0
"0.040975444,0.2516507,0.27163962,0.7338119,0.100825004,0.49868804,0.7401755,0.12935673,0.49050963","0.025058746,0.0017565489,-0.02990973","0.043368373,0.2518922,0.26842642,0.7321479,0.10621739,0.5030894,0.7401755,0.12935673,0.49050963",0.0
"0.043368373,0.2518922,0.26842642,0.7321479,0.10621739,0.5030894,0.7401755,0.12935673,0.49050963","0.046610594,0.017347693,-0.037597835","0.04781935,0.25427747,0.26438728,0.73194146,0.11664879,0.5048497,0.7401755,0.12935673,0.49050963",0.0
"0.04781935,0.25427747,0.26438728,0.73194146,0.11664879,0.5048497,0.7401755,0.12935673,0.49050963","-0.057445347,-0.011798084,0.019141793","0.04233374,0.25265533,0.2664437,0.73266596,0.10386034,0.504692,0.7401755,0.12935673,0.49050963",0.0
"0.04233374,0.25265533,0.2664437,0.73266596,0.10386034,0.504692,0.7401755,0.12935673,0.49050963","-0.0659619,0.056203246,0.022388577","0.03603486,0.260383,0.26884896,0.7446457,0.09048769,0.48702317,0.7401755,0.12935673,0.49050963",0.0
"0.03603486,0.260383,0.26884896,0.7446457,0.09048769,0.48702317,0.7401755,0.12935673,0.49050963","0.09600079,-0.04176879,-0.009315312","0.045202244,0.25464004,0.2678482,0.73459715,0.110873,0.4989906,0.7401755,0.12935673,0.49050963",0.0
"0.045202244,0.25464004,0.2678482,0.73459715,0.110873,0.4989906,0.7401755,0.12935673,0.49050963","0.011030078,0.019676805,0.037492752","0.04625554,0.25734553,0.2718761,0.7388443,0.11397927,0.4879942,0.7401755,0.12935673,0.49050963",0.0
"0.0,0.0,0.0,2.8652207e-07,0.005789075,0.993462,-0.09701755,-0.0968421,0.36001524","0.7965925,-0.8249793,0.93097854","0.07606879,-0.113430426,0.10001565,-0.10353935,-0.01926713,0.9763464,-0.09701755,-0.0968421,0.36001524",0.0
"0.07606879,-0.113430426,0.10001565,-0.10353935,-0.01926713,0.9763464,-0.09701755,-0.0968421,0.36001524","0.79781365,-0.8766958,0.95107794","0.1522542,-0.23397163,0.2021906,-0.19300812,-0.093549706,0.9222069,-0.09701755,-0.0968421,0.36001524",0.0
"0.1522542,-0.23397163,0.2021906,-0.19300812,-0.093549706,0.9222069,-0.09701755,-0.0968421,0.36001524","-0.34318912,-0.16074365,0.85676074","0.11948211,-0.2560731,0.294233,-0.124933764,-0.04300764,0.89024353,-0.09701755,-0.0968421,0.36001524",0.0
"0.11948211,-0.2560731,0.294233,-0.124933764,-0.04300764,0.89024353,-0.09701755,-0.0968421,0.36001524","-0.46334678,-0.64603865,0.92957103","0.07523584,-0.34490013,0.3940975,-0.16395536,-0.03353605,0.81077516,-0.09701755,-0.0968421,0.36001524",0.0
"0.07523584,-0.34490013,0.3940975,-0.16395536,-0.03353605,0.81077516,-0.09701755,-0.0968421,0.36001524","0.21547234,-0.77599347,0.9644406","0.095811896,-0.4515953,0.49770802,-0.20711555,-0.05823428,0.7011765,-0.09701755,-0.0968421,0.36001524",0.0
"0.095811896,-0.4515953,0.49770802,-0.20711555,-0.05823428,0.7011765,-0.09701755,-0.0968421,0.36001524","0.078474045,-0.36333644,0.89314604","0.1033056,-0.5015523,0.59365934,-0.16492333,-0.049378913,0.6079783,-0.09701755,-0.0968421,0.36001524",0.0
"0.1033056,-0.5015523,0.59365934,-0.16492333,-0.049378913,0.6079783,-0.09701755,-0.0968421,0.36001524","0.5277519,-0.7595008,0.8329303","0.15370208,-0.60597974,0.6831416,-0.18217488,-0.08897126,0.48384905,-0.09701755,-0.0968421,0.36001524",0.0
"0.15370208,-0.60597974,0.6831416,-0.18217488,-0.08897126,0.48384905,-0.09701755,-0.0968421,0.36001524","0.588465,-0.2483077,0.8497665","0.2098962,-0.6401208,0.77443266,-0.114258654,-0.0812438,0.38062337,-0.09701755,-0.0968421,0.36001524",0.0
"0.2098962,-0.6401208,0.77443266,-0.114258654,-0.0812438,0.38062337,-0.09701755,-0.0968421,0.36001524","0.37734377,-0.07677227,0.13240063","0.24592979,-0.65067667,0.78865665,-0.10139746,-0.09075277,0.3615452,-0.09701755,-0.0968421,0.36001524",0.0
