state,action,next_state,reward
"0.0,0.0,0.0,2.8652207e-07,0.005789075,0.993462,-0.00023391814,0.06701754,0.37832105","-0.29189026,-0.07304454,0.9960208","-0.027873406,-0.010043258,0.10700317,0.12588085,-0.0052398895,0.97203743,-0.00023391814,0.06701754,0.37832105",0.0
"-0.027873406,-0.010043258,0.10700317,0.12588085,-0.0052398895,0.97203743,-0.00023391814,0.06701754,0.37832105","0.9352126,-0.16086698,0.7900989","0.061432607,-0.032161657,0.19188401,0.18522437,0.042096887,0.9325845,-0.00023391814,0.06701754,0.37832105",0.0
"0.061432607,-0.032161657,0.19188401,0.18522437,0.042096887,0.9325845,-0.00023391814,0.06701754,0.37832105","0.91687465,-0.70557666,0.59760404","0.14898746,-0.12917484,0.25608507,0.062075105,0.03786735,0.92001337,-0.00023391814,0.06701754,0.37832105",0.0
"0.14898746,-0.12917484,0.25608507,0.062075105,0.03786735,0.92001337,-0.00023391814,0.06701754,0.37832105","0.93596613,-0.79084885,0.9177295","0.23836541,-0.23791252,0.35467738,-0.017206628,-0.008089043,0.85973644,-0.00023391814,0.06701754,0.37832105",0.0
"0.23836541,-0.23791252,0.35467738,-0.017206628,-0.008089043,0.85973644,-0.00023391814,0.06701754,0.37832105","0.6105486,0.16808021,0.9357681","0.29666835,-0.2148024,0.45520762,0.076636456,0.112902574,0.7633554,-0.00023391814,0.06701754,0.37832105",0.0
"0.29666835,-0.2148024,0.45520762,0.076636456,0.112902574,0.7633554,-0.00023391814,0.06701754,0.37832105","0.7318038,-0.17366844,0.96973515","0.36655033,-0.23868094,0.5593869,0.07029075,0.17194307,0.64358073,-0.00023391814,0.06701754,0.37832105",0.0
"0.36655033,-0.23868094,0.5593869,0.07029075,0.17194307,0.64358073,-0.00023391814,0.06701754,0.37832105","0.70847344,-0.8238882,0.96687555","0.4342044,-0.35196134,0.663259,0.014590224,0.09778694,0.54081976,-0.00023391814,0.06701754,0.37832105",0.0
"0.4342044,-0.35196134,0.663259,0.014590224,0.09778694,0.54081976,-0.00023391814,0.06701754,0.37832105","0.35528457,-0.56667405,0.9411354","0.46813148,-0.42987615,0.76436585,0.00092954165,0.067177095,0.4131273,-0.00023391814,0.06701754,0.37832105",0.0
"0.46813148,-0.42987615,0.76436585,0.00092954165,0.067177095,0.4131273,-0.00023391814,0.06701754,0.37832105","0.1565032,-0.11553228,0.26395","0.4830764,-0.44576132,0.7927223,-0.002341923,0.06493628,0.3741336,-0.00023391814,0.06701754,0.37832105",0.0
"0.0,0.0,0.0,2.8652207e-07,0.005789075,0.993462,-0.032222223,-0.017192982,0.3823091","0.868479,-0.97820586,0.82236946","0.08293343,-0.1344983,0.0883477,-0.1621873,-0.037248436,0.9692336,-0.032222223,-0.017192982,0.3823091",0.0
"0.08293343,-0.1344983,0.0883477,-0.1621873,-0.037248436,0.9692336,-0.032222223,-0.017192982,0.3823091","0.5346062,-0.61460376,0.9668019","0.13398443,-0.21900319,0.19221188,-0.18290496,-0.07554054,0.9306128,-0.032222223,-0.017192982,0.3823091",0.0
"0.13398443,-0.21900319,0.19221188,-0.18290496,-0.07554054,0.9306128,-0.032222223,-0.017192982,0.3823091","-0.07728726,0.6430484,0.98873854","0.12660405,-0.13058737,0.29843274,0.11003169,0.052506894,0.8892061,-0.032222223,-0.017192982,0.3823091",0.0
"0.12660405,-0.13058737,0.29843274,0.11003169,0.052506894,0.8892061,-0.032222223,-0.017192982,0.3823091","0.41274488,-0.76115584,0.6601958","0.16601817,-0.2352424,0.36935806,0.0014467132,0.007508124,0.84889925,-0.032222223,-0.017192982,0.3823091",0.0
"0.16601817,-0.2352424,0.36935806,0.0014467132,0.007508124,0.84889925,-0.032222223,-0.017192982,0.3823091","-0.342355,-0.6010715,0.92965615","0.13332576,-0.31788668,0.46923167,-0.0267725,-0.005582162,0.7628414,-0.032222223,-0.017192982,0.3823091",0.0
"0.13332576,-0.31788668,0.46923167,-0.0267725,-0.005582162,0.7628414,-0.032222223,-0.017192982,0.3823091","-0.16262889,-0.5283056,0.92380977","0.11779586,-0.39052603,0.5684772,-0.036114566,-0.00780071,0.6602986,-0.032222223,-0.017192982,0.3823091",0.0
"0.11779586,-0.39052603,0.5684772,-0.036114566,-0.00780071,0.6602986,-0.032222223,-0.017192982,0.3823091","0.43338633,-0.25530666,0.8566742","0.15918112,-0.42562944,0.66051024,-0.002081531,0.0054596937,0.5534003,-0.032222223,-0.017192982,0.3823091",0.0
"0.15918112,-0.42562944,0.66051024,-0.002081531,0.0054596937,0.5534003,-0.032222223,-0.017192982,0.3823091","0.094260335,-0.61616206,0.6547831","0.1681823,-0.5103486,0.7308541,-0.040364362,-0.016858036,0.46129048,-0.032222223,-0.017192982,0.3823091",0.0
"0.1681823,-0.5103486,0.7308541,-0.040364362,-0.016858036,0.46129048,-0.032222223,-0.017192982,0.3823091","0.48321664,-0.31990147,0.60696363","0.21432598,-0.55433345,0.7960606,-0.033242606,-0.019111615,0.3729608,-0.032222223,-0.017192982,0.3823091",0.0
"0.0,0.0,0.0,2.8652207e-07,0.005789075,0.993462,0.43614036,-0.06690058,0.60727465","-0.3583907,0.69305646,0.951921","-0.034223706,0.0952917,0.10226546,0.33752114,-0.030606972,0.9148685,0.43614036,-0.06690058,0.60727465",0.0
"-0.034223706,0.0952917,0.10226546,0.33752114,-0.030606972,0.9148685,0.43614036,-0.06690058,0.60727465","-0.506857,0.3161167,0.9280174","-0.08262487,0.13875613,0.20196296,0.51222265,-0.13003908,0.7711952,0.43614036,-0.06690058,0.60727465",0.0
"-0.08262487,0.13875613,0.20196296,0.51222265,-0.13003908,0.7711952,0.43614036,-0.06690058,0.60727465","0.37064052,-0.6534282,0.97479963","-0.04723139,0.04891311,0.30668634,0.45890015,-0.06274308,0.7504827,0.43614036,-0.06690058,0.60727465",0.0
"-0.04723139,0.04891311,0.30668634,0.45890015,-0.06274308,0.7504827,0.43614036,-0.06690058,0.60727465","0.09265375,0.09269273,0.89667845","-0.03838363,0.061657883,0.40301707,0.5390753,-0.059490018,0.6004584,0.43614036,-0.06690058,0.60727465",0.0
"-0.03838363,0.061657883,0.40301707,0.5390753,-0.059490018,0.6004584,0.43614036,-0.06690058,0.60727465","-0.31776518,-0.49265385,0.36608195","-0.068727896,-0.006079489,0.44234553,0.45381734,-0.09361085,0.62548125,0.43614036,-0.06690058,0.60727465",0.0
"-0.068727896,-0.006079489,0.44234553,0.45381734,-0.09361085,0.62548125,0.43614036,-0.06690058,0.60727465","0.12243104,-0.08361232,0.1393776","-0.057036623,-0.017575761,0.457319,0.44750485,-0.075172536,0.61630905,0.43614036,-0.06690058,0.60727465",0.0
"0.0,0.0,0.0,2.8652207e-07,0.005789075,0.993462,-0.13853802,-0.5705263,0.5930222","-0.8954908,0.64305305,0.7150737","-0.08551287,0.08841649,0.07682082,0.28390038,-0.07215381,0.9374552,-0.13853802,-0.5705263,0.5930222",0.0
"-0.08551287,0.08841649,0.07682082,0.28390038,-0.07215381,0.9374552,-0.13853802,-0.5705263,0.5930222","-0.99558014,-0.004625976,0.2395525","-0.18058354,0.087780446,0.1025561,0.27638072,-0.16924395,0.9207296,-0.13853802,-0.5705263,0.5930222",0.0
"-0.18058354,0.087780446,0.1025561,0.27638072,-0.16924395,0.9207296,-0.13853802,-0.5705263,0.5930222","-0.9596041,0.26650846,0.7998228","-0.27221876,0.12442398,0.18848158,0.32612172,-0.366329,0.80456865,-0.13853802,-0.5705263,0.5930222",0.0
"-0.27221876,0.12442398,0.18848158,0.32612172,-0.366329,0.80456865,-0.13853802,-0.5705263,0.5930222","-0.9281914,-0.43708873,0.045987487","-0.3608543,0.06432653,0.1934221,0.16768892,-0.34518138,0.86352646,-0.13853802,-0.5705263,0.5930222",0.0
"-0.3608543,0.06432653,0.1934221,0.16768892,-0.34518138,0.86352646,-0.13853802,-0.5705263,0.5930222","-0.85930836,0.07719743,0.32818782","-0.44291198,0.074940786,0.22867955,0.08415874,-0.43176252,0.8157147,-0.13853802,-0.5705263,0.5930222",0.0
"-0.44291198,0.074940786,0.22867955,0.08415874,-0.43176252,0.8157147,-0.13853802,-0.5705263,0.5930222","-0.8450936,0.23647463,0.38615036","-0.5236123,0.10745483,0.27016395,-0.033693887,-0.5314705,0.726593,-0.13853802,-0.5705263,0.5930222",0.0
"-0.5236123,0.10745483,0.27016395,-0.033693887,-0.5314705,0.726593,-0.13853802,-0.5705263,0.5930222","-0.49636495,-0.20919532,0.6919112","-0.57101154,0.07869155,0.34449646,-0.11325729,-0.52538353,0.66297895,-0.13853802,-0.5705263,0.5930222",0.0
"-0.57101154,0.07869155,0.34449646,-0.11325729,-0.52538353,0.66297895,-0.13853802,-0.5705263,0.5930222","-0.45090342,0.17312944,0.3322351","-0.6140696,0.10249596,0.3801887,-0.20129037,-0.55394375,0.578145,-0.13853802,-0.5705263,0.5930222",0.0
"-0.6140696,0.10249596,0.3801887,-0.20129037,-0.55394375,0.578145,-0.13853802,-0.5705263,0.5930222","0.37006903,-0.012740374,-0.071154594","-0.57873064,0.10074423,0.3725446,-0.13732228,-0.56746554,0.59205705,-0.13853802,-0.5705263,0.5930222",0.0
"0.0,0.0,0.0,2.8652207e-07,0.005789075,0.993462,-0.0022222223,-0.009064327,0.64963955","0.23778176,-0.7190813,0.9740491","0.022706417,-0.098869994,0.104642734,-0.067808375,0.0009585248,0.97902304,-0.0022222223,-0.009064327,0.64963955",0.0
"0.022706417,-0.098869994,0.104642734,-0.067808375,0.0009585248,0.97902304,-0.0022222223,-0.009064327,0.64963955","0.8893795,-0.5968611,0.9760752","0.10763569,-0.18093537,0.20950316,-0.09201237,-0.026220022,0.9408822,-0.0022222223,-0.009064327,0.64963955",0.0
"0.10763569,-0.18093537,0.20950316,-0.09201237,-0.026220022,0.9408822,-0.0022222223,-0.009064327,0.64963955","0.84801996,-0.39029562,0.9792855","0.18861543,-0.23459907,0.3147085,-0.05520602,-0.030189294,0.8854412,-0.0022222223,-0.009064327,0.64963955",0.0
"0.18861543,-0.23459907,0.3147085,-0.05520602,-0.030189294,0.8854412,-0.0022222223,-0.009064327,0.64963955","0.87326825,-0.22962666,0.9501898","0.27200618,-0.26617157,0.41678804,-0.0016123253,0.00696492,0.8105144,-0.0022222223,-0.009064327,0.64963955",0.0
"0.27200618,-0.26617157,0.41678804,-0.0016123253,0.00696492,0.8105144,-0.0022222223,-0.009064327,0.64963955","0.86575675,-0.62683976,0.87697005","0.35467967,-0.35235888,0.5110015,-0.021835247,-0.03132607,0.72132003,-0.0022222223,-0.009064327,0.64963955",0.0
"0.35467967,-0.35235888,0.5110015,-0.021835247,-0.03132607,0.72132003,-0.0022222223,-0.009064327,0.64963955","0.94729114,-0.092689276,0.53465605","0.44513908,-0.36510321,0.5684401,-0.0053392267,0.003085146,0.66140455,-0.0022222223,-0.009064327,0.64963955",0.0
"0.0,0.0,0.0,2.8652207e-07,0.005789075,0.993462,0.0023391815,0.009005847,0.64963955","0.7456962,-0.7183199,0.95749235","0.07120856,-0.09876531,0.10286404,-0.069364525,-0.009844609,0.9792461,0.0023391815,0.009005847,0.64963955",0.0
"0.07120856,-0.09876531,0.10286404,-0.069364525,-0.009844609,0.9792461,0.0023391815,0.009005847,0.64963955","0.3701594,-0.4341873,0.98034644","0.10655607,-0.15846387,0.20818332,-0.049841434,-0.011207878,0.9453269,0.0023391815,0.009005847,0.64963955",0.0
"0.10655607,-0.15846387,0.20818332,-0.049841434,-0.011207878,0.9453269,0.0023391815,0.009005847,0.64963955","0.06670439,-0.23867327,0.8948624","0.11292584,-0.19128025,0.30431902,0.0066634337,0.00864205,0.8945825,0.0023391815,0.009005847,0.64963955",0.0
"0.11292584,-0.19128025,0.30431902,0.0066634337,0.00864205,0.8945825,0.0023391815,0.009005847,0.64963955","-0.29167897,-0.524691,0.9370971","0.08507261,-0.2634226,0.404992,-0.0060286964,0.0043514133,0.8204462,0.0023391815,0.009005847,0.64963955",0.0
"0.08507261,-0.2634226,0.404992,-0.0060286964,0.0043514133,0.8204462,0.0023391815,0.009005847,0.64963955","0.73085403,-0.4301558,0.89376235","0.15486385,-0.32256687,0.5010096,-0.0022521538,0.0053577907,0.73244536,0.0023391815,0.009005847,0.64963955",0.0
"0.15486385,-0.32256687,0.5010096,-0.0022521538,0.0053577907,0.73244536,0.0023391815,0.009005847,0.64963955","-0.65724325,-0.35238814,0.72640264","0.09210189,-0.3710185,0.5790475,0.0017241865,0.0065535787,0.6495781,0.0023391815,0.009005847,0.64963955",0.0
"0.0,0.0,0.0,2.8652207e-07,0.005789075,0.993462,-0.075614035,0.051520467,0.51554936","-0.94058084,-0.8527109,0.9416051","-0.08981866,-0.11724338,0.101157255,-0.10567437,0.03666339,0.9752857,-0.075614035,0.051520467,0.51554936",0.0
"-0.08981866,-0.11724338,0.101157255,-0.10567437,0.03666339,0.9752857,-0.075614035,0.051520467,0.51554936","-0.72414994,-0.79078734,0.7971518","-0.15896973,-0.22597261,0.18679583,-0.19000763,0.11025286,0.9274344,-0.075614035,0.051520467,0.51554936",0.0
"-0.15896973,-0.22597261,0.18679583,-0.19000763,0.11025286,0.9274344,-0.075614035,0.051520467,0.51554936","-0.8520012,-0.11570227,0.97333884","-0.24032968,-0.24188113,0.29136232,-0.07458185,0.07813206,0.89561015,-0.075614035,0.051520467,0.51554936",0.0
"-0.24032968,-0.24188113,0.29136232,-0.07458185,0.07813206,0.89561015,-0.075614035,0.051520467,0.51554936","-0.1141237,-0.63669854,0.99005795","-0.25122765,-0.32942396,0.39772493,-0.09057032,0.099490955,0.81442237,-0.075614035,0.051520467,0.51554936",0.0
"-0.25122765,-0.32942396,0.39772493,-0.09057032,0.099490955,0.81442237,-0.075614035,0.051520467,0.51554936","0.2335347,-0.5537179,0.9613457","-0.22892678,-0.4055574,0.50100297,-0.09887382,0.09427348,0.71865004,-0.075614035,0.051520467,0.51554936",0.0
"-0.22892678,-0.4055574,0.50100297,-0.09887382,0.09427348,0.71865004,-0.075614035,0.051520467,0.51554936","0.605147,-0.7908103,0.81081307","-0.17113963,-0.5142898,0.5881092,-0.16601048,0.10572259,0.6067168,-0.075614035,0.051520467,0.51554936",0.0
"-0.17113963,-0.5142898,0.5881092,-0.16601048,0.10572259,0.6067168,-0.075614035,0.051520467,0.51554936","0.42491066,-0.020303011,0.8293073","-0.13056374,-0.5170814,0.6772022,-0.09035222,0.04560203,0.5226957,-0.075614035,0.051520467,0.51554936",0.0
"0.0,0.0,0.0,2.8652207e-07,0.005789075,0.993462,0.0077192984,0.16333333,0.62760717","0.9450784,-0.45735502,0.90575373","0.090248115,-0.06288398,0.09730573,-0.0021286886,0.0054096268,0.9832202,0.0077192984,0.16333333,0.62760717",0.0
"0.090248115,-0.06288398,0.09730573,-0.0021286886,0.0054096268,0.9832202,0.0077192984,0.16333333,0.62760717","0.94255817,0.08503568,0.91577554","0.18025556,-0.05119203,0.19568813,0.1281354,0.08832163,0.93801737,0.0077192984,0.16333333,0.62760717",0.0
"0.18025556,-0.05119203,0.19568813,0.1281354,0.08832163,0.93801737,0.0077192984,0.16333333,0.62760717","0.9466921,-0.36423337,0.94115806","0.27065775,-0.10127227,0.2967974,0.112587936,0.13701434,0.87990713,0.0077192984,0.16333333,0.62760717",0.0
"0.27065775,-0.10127227,0.2967974,0.112587936,0.13701434,0.87990713,0.0077192984,0.16333333,0.62760717","0.94827735,-0.3652755,0.92069805","0.36121136,-0.1514958,0.39570862,0.074693255,0.17402075,0.8041303,0.0077192984,0.16333333,0.62760717",0.0
"0.36121136,-0.1514958,0.39570862,0.074693255,0.17402075,0.8041303,0.0077192984,0.16333333,0.62760717","0.9017477,-0.5452477,0.949265","0.4473217,-0.22646457,0.49768886,0.019981863,0.15478165,0.71776,0.0077192984,0.16333333,0.62760717",0.0
"0.4473217,-0.22646457,0.49768886,0.019981863,0.15478165,0.71776,0.0077192984,0.16333333,0.62760717","0.48905087,-0.10165775,0.7036011","0.49402252,-0.24044201,0.57327724,-0.0021726252,0.19265546,0.62549263,0.0077192984,0.16333333,0.62760717",0.0
"0.49402252,-0.24044201,0.57327724,-0.0021726252,0.19265546,0.62549263,0.0077192984,0.16333333,0.62760717","-0.055977285,-0.11404157,0.07663715","0.4886771,-0.25612217,0.5815105,0.00045209777,0.1755,0.6212518,0.0077192984,0.16333333,0.62760717",0.0
"0.0,0.0,0.0,2.8652207e-07,0.005789075,0.993462,0.009181287,0.0016374269,0.64963955","-0.8404498,-0.7181826,0.9671898","-0.08025688,-0.098746434,0.103905834,-0.064724356,0.022652173,0.97913027,0.009181287,0.0016374269,0.64963955",0.0
"-0.08025688,-0.098746434,0.103905834,-0.064724356,0.022652173,0.97913027,0.009181287,0.0016374269,0.64963955","-0.47338343,-0.320311,0.9012257","-0.12546158,-0.14278759,0.20072514,-0.023876732,0.016200576,0.94963145,0.009181287,0.0016374269,0.64963955",0.0
"-0.12546158,-0.14278759,0.20072514,-0.023876732,0.016200576,0.94963145,0.009181287,0.0016374269,0.64963955","-0.8966049,-0.3244862,0.92760134","-0.21108086,-0.1874028,0.30037796,0.012959917,-0.0027774414,0.8970535,0.009181287,0.0016374269,0.64963955",0.0
"-0.21108086,-0.1874028,0.30037796,0.012959917,-0.0027774414,0.8970535,0.009181287,0.0016374269,0.64963955","-0.26572013,-0.08053756,0.9840026","-0.23645523,-0.19847634,0.40609005,0.088694915,-0.07359075,0.8106734,0.009181287,0.0016374269,0.64963955",0.0
"-0.23645523,-0.19847634,0.40609005,0.088694915,-0.07359075,0.8106734,0.009181287,0.0016374269,0.64963955","-0.7186486,-0.64486694,0.87411404","-0.30508095,-0.28714225,0.49999675,0.03821065,-0.044326153,0.73096377,0.009181287,0.0016374269,0.64963955",0.0
"-0.30508095,-0.28714225,0.49999675,0.03821065,-0.044326153,0.73096377,0.009181287,0.0016374269,0.64963955","-0.15147853,-0.5426605,0.58531415","-0.31954604,-0.36175534,0.5628775,0.0058241626,0.0016317992,0.66753614,0.009181287,0.0016374269,0.64963955",0.0
"0.0,0.0,0.0,2.8652207e-07,0.005789075,0.993462,-0.070935674,-0.14736842,0.62760717","-0.69097054,-0.14582145,0.9271183","-0.06598268,-0.02004971,0.09960092,0.09368239,-0.013786779,0.97764903,-0.070935674,-0.14736842,0.62760717",0.0
"-0.06598268,-0.02004971,0.09960092,0.09368239,-0.013786779,0.97764903,-0.070935674,-0.14736842,0.62760717","-0.9733444,-0.5425302,0.915341","-0.15893002,-0.09464484,0.19793664,0.062784046,-0.027647361,0.9485535,-0.070935674,-0.14736842,0.62760717",0.0
"-0.15893002,-0.09464484,0.19793664,0.062784046,-0.027647361,0.9485535,-0.070935674,-0.14736842,0.62760717","-0.9209211,-0.11842686,0.95188606","-0.24687132,-0.11092795,0.3001984,0.11996992,-0.10952683,0.88089967,-0.070935674,-0.14736842,0.62760717",0.0
"-0.24687132,-0.11092795,0.3001984,0.11996992,-0.10952683,0.88089967,-0.070935674,-0.14736842,0.62760717","-0.9078078,-0.3295797,0.85079396","-0.33356038,-0.15624349,0.3915998,0.093189456,-0.15008299,0.81068367,-0.070935674,-0.14736842,0.62760717",0.0
"-0.33356038,-0.15624349,0.3915998,0.093189456,-0.15008299,0.81068367,-0.070935674,-0.14736842,0.62760717","-0.91229206,-0.12148625,0.7985344","-0.42067766,-0.17294726,0.47738695,0.06142097,-0.21787989,0.7181428,-0.070935674,-0.14736842,0.62760717",0.0
"-0.42067766,-0.17294726,0.47738695,0.06142097,-0.21787989,0.7181428,-0.070935674,-0.14736842,0.62760717","-0.8764327,-0.6182381,0.7415377","-0.5043706,-0.25795183,0.5570509,0.0036586483,-0.15515949,0.6546931,-0.070935674,-0.14736842,0.62760717",0.0
"-0.5043706,-0.25795183,0.5570509,0.0036586483,-0.15515949,0.6546931,-0.070935674,-0.14736842,0.62760717","-0.77061254,0.0032590628,0.12215316","-0.5779585,-0.25750375,0.570174,-0.034509398,-0.16194884,0.6371548,-0.070935674,-0.14736842,0.62760717",0.0
"-0.5779585,-0.25750375,0.570174,-0.034509398,-0.16194884,0.6371548,-0.070935674,-0.14736842,0.62760717","-0.6885199,-0.047941744,0.05967164","-0.64370716,-0.26409554,0.57658464,-0.06477166,-0.14685363,0.63118505,-0.070935674,-0.14736842,0.62760717",0.0
"0.0,0.0,0.0,2.8652207e-07,0.005789075,0.993462,-0.54561406,-0.085204676,0.5050889","-0.10205573,-0.9516969,-0.1206944","-0.00974559,-0.13085341,-0.012966258,-0.2969569,0.014886613,0.9424194,-0.54561406,-0.085204676,0.5050889",0.0
"-0.00974559,-0.13085341,-0.012966258,-0.2969569,0.014886613,0.9424194,-0.54561406,-0.085204676,0.5050889","0.23958099,-0.904721,0.24081695","0.01313265,-0.25524795,0.012904891,-0.5098285,-0.015251926,0.8358454,-0.54561406,-0.085204676,0.5050889",0.0
"0.01313265,-0.25524795,0.012904891,-0.5098285,-0.015251926,0.8358454,-0.54561406,-0.085204676,0.5050889","0.62735534,-0.6922275,0.8639419","0.07304052,-0.3504257,0.10571877,-0.55466014,-0.1236112,0.7792441,-0.54561406,-0.085204676,0.5050889",0.0
"0.07304052,-0.3504257,0.10571877,-0.55466014,-0.1236112,0.7792441,-0.54561406,-0.085204676,0.5050889","0.23341608,-0.76093304,0.17815483","0.09533007,-0.4550501,0.12485811,-0.6841016,-0.20517537,0.630777,-0.54561406,-0.085204676,0.5050889",0.0
"0.09533007,-0.4550501,0.12485811,-0.6841016,-0.20517537,0.630777,-0.54561406,-0.085204676,0.5050889","-0.39201546,-0.40132427,0.76735735","0.057895433,-0.5102302,0.20729586,-0.6875223,-0.12056053,0.60711366,-0.54561406,-0.085204676,0.5050889",0.0
"0.057895433,-0.5102302,0.20729586,-0.6875223,-0.12056053,0.60711366,-0.54561406,-0.085204676,0.5050889","0.16558492,-0.32391787,0.95493495","0.07370759,-0.55476725,0.30988517,-0.61602813,-0.13930455,0.6028561,-0.54561406,-0.085204676,0.5050889",0.0
"0.07370759,-0.55476725,0.30988517,-0.61602813,-0.13930455,0.6028561,-0.54561406,-0.085204676,0.5050889","-0.44835097,-0.3450576,0.61733437","0.03089333,-0.602211,0.37620583,-0.6058293,-0.053167097,0.5620691,-0.54561406,-0.085204676,0.5050889",0.0
"0.03089333,-0.602211,0.37620583,-0.6058293,-0.053167097,0.5620691,-0.54561406,-0.085204676,0.5050889","0.053877354,-0.45626307,0.69771504","0.036038224,-0.6649449,0.4511618,-0.5824142,-0.06039608,0.49696493,-0.54561406,-0.085204676,0.5050889",0.0
"0.036038224,-0.6649449,0.4511618,-0.5824142,-0.06039608,0.49696493,-0.54561406,-0.085204676,0.5050889","0.21229827,0.07644558,0.12045503","0.056311168,-0.654434,0.46410242,-0.54723585,-0.091951504,0.5148315,-0.54561406,-0.085204676,0.5050889",0.0
"0.0,0.0,0.0,2.8652207e-07,0.005789075,0.993462,-0.29473686,-0.043333333,0.5737357","-0.34114468,-0.97345585,0.6889709","-0.03257685,-0.13384518,0.074016616,-0.18332967,0.024647979,0.9680371,-0.29473686,-0.043333333,0.5737357",0.0
"-0.03257685,-0.13384518,0.074016616,-0.18332967,0.024647979,0.9680371,-0.29473686,-0.043333333,0.5737357","0.01370275,-0.9238784,0.94084084","-0.031268347,-0.26087376,0.17509179,-0.3043673,0.035812348,0.9045604,-0.29473686,-0.043333333,0.5737357",0.0
"-0.031268347,-0.26087376,0.17509179,-0.3043673,0.035812348,0.9045604,-0.29473686,-0.043333333,0.5737357","0.04825127,-0.5529878,0.9702432","-0.026660707,-0.3369068,0.2793257,-0.30738726,0.03161579,0.8502386,-0.29473686,-0.043333333,0.5737357",0.0
"-0.026660707,-0.3369068,0.2793257,-0.30738726,0.03161579,0.8502386,-0.29473686,-0.043333333,0.5737357","0.48511457,-0.7406733,0.9675051","0.019664211,-0.43874562,0.38326544,-0.3473673,-0.01568642,0.75551426,-0.29473686,-0.043333333,0.5737357",0.0
"0.019664211,-0.43874562,0.38326544,-0.3473673,-0.01568642,0.75551426,-0.29473686,-0.043333333,0.5737357","0.36769366,-0.6555799,0.9275727","0.05477628,-0.52888453,0.48291522,-0.35091662,-0.05511485,0.65413237,-0.29473686,-0.043333333,0.5737357",0.0
"0.05477628,-0.52888453,0.48291522,-0.35091662,-0.05511485,0.65413237,-0.29473686,-0.043333333,0.5737357","-0.08667123,-0.23339444,0.7370995","0.04649981,-0.5609751,0.5621023,-0.29301125,-0.03725982,0.595725,-0.29473686,-0.043333333,0.5737357",0.0
"0.04649981,-0.5609751,0.5621023,-0.29301125,-0.03725982,0.595725,-0.29473686,-0.043333333,0.5737357","-0.008043766,-0.12702072,0.15265131","0.04573169,-0.57843983,0.5785018,-0.29552412,-0.03690319,0.5743235,-0.29473686,-0.043333333,0.5737357",0.0
"0.0,0.0,0.0,2.8652207e-07,0.005789075,0.993462,-0.12847954,0.07608187,0.6313337","-0.4984113,-0.9629218,0.88666916","-0.047594678,-0.1323968,0.09525546,-0.14964741,0.02839848,0.97042525,-0.12847954,0.07608187,0.6313337",0.0
"-0.047594678,-0.1323968,0.09525546,-0.14964741,0.02839848,0.97042525,-0.12847954,0.07608187,0.6313337","-0.7019043,-0.75458336,0.95504975","-0.11462145,-0.23614818,0.19785711,-0.20840523,0.084652625,0.92134964,-0.12847954,0.07608187,0.6313337",0.0
"-0.11462145,-0.23614818,0.19785711,-0.20840523,0.084652625,0.92134964,-0.12847954,0.07608187,0.6313337","-0.6613951,-0.77505505,0.9133942","-0.17777988,-0.3427143,0.2959837,-0.24853216,0.16212942,0.84434175,-0.12847954,0.07608187,0.6313337",0.0
"-0.17777988,-0.3427143,0.2959837,-0.24853216,0.16212942,0.84434175,-0.12847954,0.07608187,0.6313337","0.5871583,-0.13291132,0.89233255","-0.12171054,-0.360989,0.3918476,-0.18274315,0.079731405,0.8047111,-0.12847954,0.07608187,0.6313337",0.0
"-0.12171054,-0.360989,0.3918476,-0.18274315,0.079731405,0.8047111,-0.12847954,0.07608187,0.6313337","0.11263776,-0.67149365,0.97437215","-0.11095445,-0.45331594,0.4965251,-0.20417172,0.08035829,0.7009856,-0.12847954,0.07608187,0.6313337",0.0
"-0.11095445,-0.45331594,0.4965251,-0.20417172,0.08035829,0.7009856,-0.12847954,0.07608187,0.6313337","-0.46102917,-0.07829219,0.615283","-0.1549794,-0.4640808,0.5626254,-0.13353679,0.07724364,0.64868236,-0.12847954,0.07608187,0.6313337",0.0
"0.0,0.0,0.0,2.8652207e-07,0.005789075,0.993462,0.10269006,-0.4291228,0.60727465","-0.9342117,0.48179567,0.966764","-0.089210436,0.06624442,0.10386007,0.27229545,-0.07235312,0.9357455,0.10269006,-0.4291228,0.60727465",0.0
"-0.089210436,0.06624442,0.10386007,0.27229545,-0.07235312,0.9357455,0.10269006,-0.4291228,0.60727465","-0.9631163,0.24037898,0.93919325","-0.18118104,0.09929529,0.20475823,0.39131013,-0.24350215,0.8156216,0.10269006,-0.4291228,0.60727465",0.0
"-0.18118104,0.09929529,0.20475823,0.39131013,-0.24350215,0.8156216,0.10269006,-0.4291228,0.60727465","-0.88012725,-0.20738566,0.88126683","-0.2652268,0.07078083,0.29943332,0.33662048,-0.36186334,0.73433053,0.10269006,-0.4291228,0.60727465",0.0
"-0.2652268,0.07078083,0.29943332,0.33662048,-0.36186334,0.73433053,0.10269006,-0.4291228,0.60727465","-0.6172633,-0.4110539,0.47844672","-0.32417098,0.01426303,0.3508332,0.2352838,-0.37068176,0.7311244,0.10269006,-0.4291228,0.60727465",0.0
"-0.32417098,0.01426303,0.3508332,0.2352838,-0.37068176,0.7311244,0.10269006,-0.4291228,0.60727465","-0.55598277,-0.23871714,0.8308619","-0.37726328,-0.018559355,0.44009325,0.17231382,-0.40912536,0.64257455,0.10269006,-0.4291228,0.60727465",0.0
"-0.37726328,-0.018559355,0.44009325,0.17231382,-0.40912536,0.64257455,0.10269006,-0.4291228,0.60727465","-0.49683112,-0.03725916,0.2205385","-0.42470703,-0.023682307,0.46378586,0.110594,-0.434098,0.6134737,0.10269006,-0.4291228,0.60727465",0.0
"0.0,0.0,0.0,2.8652207e-07,0.005789075,0.993462,0.29339182,-0.31017542,0.7237781","-0.9241862,0.43096375,0.76551723","-0.08825307,0.05925529,0.08224001,0.23179686,-0.059947006,0.9532267,0.29339182,-0.31017542,0.7237781",0.0
"-0.08825307,0.05925529,0.08224001,0.23179686,-0.059947006,0.9532267,0.29339182,-0.31017542,0.7237781","-0.7703261,0.21200907,0.8619199","-0.16181363,0.088405445,0.17483662,0.36058843,-0.19429241,0.8584888,0.29339182,-0.31017542,0.7237781",0.0
"-0.16181363,0.088405445,0.17483662,0.36058843,-0.19429241,0.8584888,0.29339182,-0.31017542,0.7237781","-0.6443653,-0.050047636,0.8790746","-0.22334585,0.08152415,0.2692762,0.3766055,-0.3107032,0.76001775,0.29339182,-0.31017542,0.7237781",0.0
"-0.22334585,0.08152415,0.2692762,0.3766055,-0.3107032,0.76001775,0.29339182,-0.31017542,0.7237781","-0.45691073,-0.45571232,0.49893403","-0.26697752,0.01886605,0.32287702,0.2883359,-0.31219894,0.762429,0.29339182,-0.31017542,0.7237781",0.0
"-0.26697752,0.01886605,0.32287702,0.2883359,-0.31219894,0.762429,0.29339182,-0.31017542,0.7237781","-0.12832618,-0.12015104,0.3258443","-0.27923173,0.0023458898,0.35788274,0.27581224,-0.32271147,0.7343698,0.29339182,-0.31017542,0.7237781",0.0
"-0.27923173,0.0023458898,0.35788274,0.27581224,-0.32271147,0.7343698,0.29339182,-0.31017542,0.7237781","0.24206972,-0.020428598,0.080250025","-0.25611582,-0.0004629476,0.36650407,0.2996912,-0.30308637,0.7258632,0.29339182,-0.31017542,0.7237781",0.0
"0.0,0.0,0.0,2.8652207e-07,0.005789075,0.993462,0.030643277,0.4401754,0.60727465","0.9086076,0.5669749,0.94249225","0.08676544,0.07795613,0.10125255,0.28968358,0.086989105,0.9291491,0.030643277,0.4401754,0.60727465",0.0
"0.08676544,0.07795613,0.10125255,0.28968358,0.086989105,0.9291491,0.030643277,0.4401754,0.60727465","0.9712899,-0.050914228,0.84290826","0.17951657,0.070955686,0.19180675,0.33042806,0.21584322,0.85882956,0.030643277,0.4401754,0.60727465",0.0
"0.17951657,0.070955686,0.19180675,0.33042806,0.21584322,0.85882956,0.030643277,0.4401754,0.60727465","0.9647443,-0.4200976,0.79653704","0.27164266,0.01319442,0.27737924,0.24156551,0.28567633,0.8223443,0.030643277,0.4401754,0.60727465",0.0
"0.27164266,0.01319442,0.27737924,0.24156551,0.28567633,0.8223443,0.030643277,0.4401754,0.60727465","0.7839284,0.025682926,0.64195323","0.34650213,0.016725682,0.34634474,0.19880624,0.3922887,0.734408,0.030643277,0.4401754,0.60727465",0.0
"0.34650213,0.016725682,0.34634474,0.19880624,0.3922887,0.734408,0.030643277,0.4401754,0.60727465","0.82349634,-0.2883836,0.76010156","0.42514002,-0.022925587,0.42800298,0.09472564,0.4201778,0.66458464,0.030643277,0.4401754,0.60727465",0.0
"0.42514002,-0.022925587,0.42800298,0.09472564,0.4201778,0.66458464,0.030643277,0.4401754,0.60727465","0.34592545,-0.10029173,0.29840493","0.4581734,-0.036715195,0.46006086,0.05024683,0.42438152,0.6328557,0.030643277,0.4401754,0.60727465",0.0
"0.4581734,-0.036715195,0.46006086,0.05024683,0.42438152,0.6328557,0.030643277,0.4401754,0.60727465","0.10842097,0.042916536,0.056001186","0.4685268,-0.030814402,0.46607715,0.037549652,0.43718618,0.6178054,0.030643277,0.4401754,0.60727465",0.0
"0.0,0.0,0.0,2.8652207e-07,0.005789075,0.993462,-0.16842106,-0.13842104,0.47566882","-0.64177996,-0.6047399,0.98596954","-0.061285343,-0.083148636,0.105923355,-0.030397942,0.011824078,0.9807437,-0.16842106,-0.13842104,0.47566882",0.0
"-0.061285343,-0.083148636,0.105923355,-0.030397942,0.011824078,0.9807437,-0.16842106,-0.13842104,0.47566882","0.49726963,-0.82276374,0.9150405","-0.013799713,-0.19627446,0.20422679,-0.13404693,0.011609488,0.9379427,-0.16842106,-0.13842104,0.47566882",0.0
"-0.013799713,-0.19627446,0.20422679,-0.13404693,0.011609488,0.9379427,-0.16842106,-0.13842104,0.47566882","0.46010435,-0.8344326,0.29410028","0.030136906,-0.31100467,0.23582223,-0.31930962,-0.024507113,0.8709639,-0.16842106,-0.13842104,0.47566882",0.0
"0.030136906,-0.31100467,0.23582223,-0.31930962,-0.024507113,0.8709639,-0.16842106,-0.13842104,0.47566882","0.82391214,-0.1240862,0.93232536","0.10881452,-0.32806593,0.3359826,-0.20353705,-0.06627825,0.84410256,-0.16842106,-0.13842104,0.47566882",0.0
"0.10881452,-0.32806593,0.3359826,-0.20353705,-0.06627825,0.84410256,-0.16842106,-0.13842104,0.47566882","0.6149752,-0.8530079,0.8911431","0.16754021,-0.44535017,0.4317187,-0.2555816,-0.14180163,0.7373187,-0.16842106,-0.13842104,0.47566882",0.0
"0.16754021,-0.44535017,0.4317187,-0.2555816,-0.14180163,0.7373187,-0.16842106,-0.13842104,0.47566882","0.41138697,-0.77132714,0.9037242","0.20682466,-0.55140376,0.5288064,-0.2630977,-0.192638,0.6188104,-0.16842106,-0.13842104,0.47566882",0.0
"0.20682466,-0.55140376,0.5288064,-0.2630977,-0.192638,0.6188104,-0.16842106,-0.13842104,0.47566882","-0.036981285,-0.29241496,0.9754597","0.20329322,-0.59160936,0.6336007,-0.19991025,-0.14121732,0.5308899,-0.16842106,-0.13842104,0.47566882",0.0
"0.20329322,-0.59160936,0.6336007,-0.19991025,-0.14121732,0.5308899,-0.16842106,-0.13842104,0.47566882","-0.06136042,-0.119356394,0.45563006","0.19743374,-0.60802025,0.68254936,-0.17078461,-0.11487658,0.4833413,-0.16842106,-0.13842104,0.47566882",0.0
"0.19743374,-0.60802025,0.68254936,-0.17078461,-0.11487658,0.4833413,-0.16842106,-0.13842104,0.47566882","0.08036375,-0.044364333,0.08417237","0.2051079,-0.6141202,0.6915921,-0.16522354,-0.116900094,0.47250664,-0.16842106,-0.13842104,0.47566882",0.0
"0.2051079,-0.6141202,0.6915921,-0.16522354,-0.116900094,0.47250664,-0.16842106,-0.13842104,0.47566882","0.29895568,-0.015232563,-0.055832922","0.23365599,-0.61621463,0.68559396,-0.16108637,-0.13754198,0.47658515,-0.16842106,-0.13842104,0.47566882",0.0
"0.0,0.0,0.0,2.8652207e-07,0.005789075,0.993462,-0.019766083,-0.16830409,0.49515146","-0.7995913,-0.6046529,0.9111345","-0.07635518,-0.08313667,0.09788378,-0.04062519,0.01589612,0.9820372,-0.019766083,-0.16830409,0.49515146",0.0
"-0.07635518,-0.08313667,0.09788378,-0.04062519,0.01589612,0.9820372,-0.019766083,-0.16830409,0.49515146","-0.50918144,0.222157,0.9647875","-0.12497832,-0.05259125,0.20153156,0.15005466,-0.05587682,0.9346592,-0.019766083,-0.16830409,0.49515146",0.0
"-0.12497832,-0.05259125,0.20153156,0.15005466,-0.05587682,0.9346592,-0.019766083,-0.16830409,0.49515146","-0.8474628,-0.14235616,0.93808675","-0.20590487,-0.072164506,0.30231085,0.19462526,-0.13974139,0.85991395,-0.019766083,-0.16830409,0.49515146",0.0
"-0.20590487,-0.072164506,0.30231085,0.19462526,-0.13974139,0.85991395,-0.019766083,-0.16830409,0.49515146","-0.7917661,-0.71213996,0.89528894","-0.2815128,-0.17008011,0.3984924,0.104972534,-0.11899058,0.8090276,-0.019766083,-0.16830409,0.49515146",0.0
"-0.2815128,-0.17008011,0.3984924,0.104972534,-0.11899058,0.8090276,-0.019766083,-0.16830409,0.49515146","-0.8858663,-0.34293246,0.95904064","-0.36610663,-0.21723159,0.5015228,0.0764274,-0.15667279,0.70931244,-0.019766083,-0.16830409,0.49515146",0.0
"-0.36610663,-0.21723159,0.5015228,0.0764274,-0.15667279,0.70931244,-0.019766083,-0.16830409,0.49515146","-0.7032884,-0.35559857,0.93553543","-0.43326554,-0.26612458,0.6020281,0.042008147,-0.16961132,0.5972361,-0.019766083,-0.16830409,0.49515146",0.0
"-0.43326554,-0.26612458,0.6020281,0.042008147,-0.16961132,0.5972361,-0.019766083,-0.16830409,0.49515146","-0.68519497,-0.14244986,0.5691619","-0.4986967,-0.28571075,0.6631735,0.006535968,-0.18248934,0.51817995,-0.019766083,-0.16830409,0.49515146",0.0
"-0.4986967,-0.28571075,0.6631735,0.006535968,-0.18248934,0.51817995,-0.019766083,-0.16830409,0.49515146","-0.34578025,-0.06120175,0.16776419","-0.5317162,-0.2941257,0.6811966,-0.012177382,-0.18000181,0.49525687,-0.019766083,-0.16830409,0.49515146",0.0
"0.0,0.0,0.0,2.8652207e-07,0.005789075,0.993462,0.022865498,0.03339181,0.52215254","0.9879043,0.26167083,0.9644536","0.09433769,0.035978384,0.10361187,0.20733179,0.069364764,0.95436907,0.022865498,0.03339181,0.52215254",0.0
"0.09433769,0.035978384,0.10361187,0.20733179,0.069364764,0.95436907,0.022865498,0.03339181,0.52215254","0.9013541,-0.5088576,0.9660858","0.18041047,-0.033986934,0.20739913,0.17008656,0.11511055,0.92216706,0.022865498,0.03339181,0.52215254",0.0
"0.18041047,-0.033986934,0.20739913,0.17008656,0.11511055,0.92216706,0.022865498,0.03339181,0.52215254","-8.583069e-06,-0.7802019,0.9545225","0.18040964,-0.1412607,0.30994412,0.093524754,0.06638382,0.8828466,0.022865498,0.03339181,0.52215254",0.0
"0.18040964,-0.1412607,0.30994412,0.093524754,0.06638382,0.8828466,0.022865498,0.03339181,0.52215254","0.9540049,-0.16347611,0.85625446","0.27151015,-0.16373785,0.40193215,0.10976376,0.13450167,0.8027855,0.022865498,0.03339181,0.52215254",0.0
"0.27151015,-0.16373785,0.40193215,0.10976376,0.13450167,0.8027855,0.022865498,0.03339181,0.52215254","0.10014701,-0.67815816,0.9664469","0.28107348,-0.2569811,0.5057582,0.06751069,0.09128876,0.71812665,0.022865498,0.03339181,0.52215254",0.0
"0.28107348,-0.2569811,0.5057582,0.06751069,0.09128876,0.71812665,0.022865498,0.03339181,0.52215254","0.25836372,-0.8867755,0.9812746","0.30574533,-0.37890822,0.6111772,0.0077488786,0.02118243,0.6123626,0.022865498,0.03339181,0.52215254",0.0
"0.30574533,-0.37890822,0.6111772,0.0077488786,0.02118243,0.6123626,0.022865498,0.03339181,0.52215254","-0.5277815,-0.28079414,0.6783633","0.25534603,-0.41751602,0.68405426,0.016761584,0.025662566,0.52304524,0.022865498,0.03339181,0.52215254",0.0
"0.0,0.0,0.0,2.8652207e-07,0.005789075,0.993462,-0.23052633,0.5399415,0.5930222","0.31733823,-0.11175585,0.8895192","0.030303493,-0.015365865,0.09556164,0.09804634,0.015177861,0.9780044,-0.23052633,0.5399415,0.5930222",0.0
"0.030303493,-0.015365865,0.09556164,0.09804634,0.015177861,0.9780044,-0.23052633,0.5399415,0.5930222","0.9819983,0.5074611,0.9278021","0.12407721,0.05440741,0.19523603,0.33692127,0.14467326,0.87084085,-0.23052633,0.5399415,0.5930222",0.0
"0.12407721,0.05440741,0.19523603,0.33692127,0.14467326,0.87084085,-0.23052633,0.5399415,0.5930222","0.9812391,-0.80357814,0.39792395","0.21777841,-0.056080464,0.23798531,0.14954843,0.12943989,0.9091565,-0.23052633,0.5399415,0.5930222",0.0
"0.21777841,-0.056080464,0.23798531,0.14954843,0.12943989,0.9091565,-0.23052633,0.5399415,0.5930222","0.98200214,0.025636077,0.64839745","0.3115525,-0.052555654,0.30764312,0.15269351,0.237431,0.8419719,-0.23052633,0.5399415,0.5930222",0.0
"0.3115525,-0.052555654,0.30764312,0.15269351,0.237431,0.8419719,-0.23052633,0.5399415,0.5930222","0.91754043,0.32468033,0.34284115","0.39917096,-0.007913797,0.3444748,0.11804292,0.37869325,0.7619634,-0.23052633,0.5399415,0.5930222",0.0
"0.39917096,-0.007913797,0.3444748,0.11804292,0.37869325,0.7619634,-0.23052633,0.5399415,0.5930222","0.9462671,-0.08547485,0.21603155","0.4895326,-0.019666163,0.36768323,0.007203384,0.3950963,0.7435498,-0.23052633,0.5399415,0.5930222",0.0
"0.4895326,-0.019666163,0.36768323,0.007203384,0.3950963,0.7435498,-0.23052633,0.5399415,0.5930222","0.68169,0.39781344,0.27856314","0.554629,0.035031132,0.3976095,-0.09132108,0.49295923,0.6422998,-0.23052633,0.5399415,0.5930222",0.0
"0.554629,0.035031132,0.3976095,-0.09132108,0.49295923,0.6422998,-0.23052633,0.5399415,0.5930222","0.776204,0.3974061,0.15323186","0.62875086,0.089672424,0.41407135,-0.2352101,0.53472614,0.5452974,-0.23052633,0.5399415,0.5930222",0.0
"0.62875086,0.089672424,0.41407135,-0.2352101,0.53472614,0.5452974,-0.23052633,0.5399415,0.5930222","-0.040594935,0.041573167,-0.36065304","0.62487435,0.095388524,0.37532622,-0.22616816,0.5314788,0.5955116,-0.23052633,0.5399415,0.5930222",0.0
"0.0,0.0,0.0,2.8652207e-07,0.005789075,0.993462,0.08456141,-0.14,0.62760717","-0.9086458,-0.396672,0.9450836","-0.08676909,-0.054540377,0.101530954,0.023926355,-0.0006775758,0.9820069,0.08456141,-0.14,0.62760717",0.0
"-0.08676909,-0.054540377,0.101530954,0.023926355,-0.0006775758,0.9820069,0.08456141,-0.14,0.62760717","-0.67770255,-0.3830713,0.9843981","-0.15148477,-0.10721074,0.20728554,0.051113676,-0.019831872,0.9454931,0.08456141,-0.14,0.62760717",0.0
"-0.15148477,-0.10721074,0.20728554,0.051113676,-0.019831872,0.9454931,0.08456141,-0.14,0.62760717","-0.83228934,0.22107124,0.9651923","-0.23096237,-0.07681461,0.3109768,0.18337362,-0.15491536,0.8539839,0.08456141,-0.14,0.62760717",0.0
"-0.23096237,-0.07681461,0.3109768,0.18337362,-0.15491536,0.8539839,0.08456141,-0.14,0.62760717","-0.5546415,-0.3958285,0.92539215","-0.2839266,-0.13123901,0.41039234,0.15471691,-0.1825696,0.77682585,0.08456141,-0.14,0.62760717",0.0
"-0.2839266,-0.13123901,0.41039234,0.15471691,-0.1825696,0.77682585,0.08456141,-0.14,0.62760717","-0.7575374,-0.5520862,0.8718723","-0.35626593,-0.20714803,0.5040582,0.08921481,-0.17069235,0.7016035,0.08456141,-0.14,0.62760717",0.0
"-0.35626593,-0.20714803,0.5040582,0.08921481,-0.17069235,0.7016035,0.08456141,-0.14,0.62760717","0.3417642,-0.39396578,0.6298655","-0.32362992,-0.26131633,0.57172513,0.08962732,-0.13385285,0.6365992,0.08456141,-0.14,0.62760717",0.0
"0.0,0.0,0.0,2.8652207e-07,0.005789075,0.993462,-0.297193,-0.46543857,0.5050889","-0.65852094,-0.24539393,0.8870344","-0.06288398,-0.033740416,0.09529469,0.05929012,-0.005963954,0.9816416,-0.297193,-0.46543857,0.5050889",0.0
"-0.06288398,-0.033740416,0.09529469,0.05929012,-0.005963954,0.9816416,-0.297193,-0.46543857,0.5050889","-0.95994264,-0.7525978,0.8128617","-0.15455155,-0.13721876,0.18262099,-0.033769857,0.024365054,0.9565393,-0.297193,-0.46543857,0.5050889",0.0
"-0.15455155,-0.13721876,0.18262099,-0.033769857,0.024365054,0.9565393,-0.297193,-0.46543857,0.5050889","-0.72490937,0.015022755,0.67264605","-0.22377516,-0.13515323,0.25488383,0.048627056,-0.03362063,0.9217441,-0.297193,-0.46543857,0.5050889",0.0
"-0.22377516,-0.13515323,0.25488383,0.048627056,-0.03362063,0.9217441,-0.297193,-0.46543857,0.5050889","-0.8861736,0.32142973,0.5007999","-0.30839834,-0.090958335,0.30868512,0.123980254,-0.17024797,0.86401135,-0.297193,-0.46543857,0.5050889",0.0
"-0.30839834,-0.090958335,0.30868512,0.123980254,-0.17024797,0.86401135,-0.297193,-0.46543857,0.5050889","-0.8190881,-0.23044223,0.53835344","-0.3866153,-0.12264299,0.36652085,0.07946543,-0.19697067,0.82155883,-0.297193,-0.46543857,0.5050889",0.0
"-0.3866153,-0.12264299,0.36652085,0.07946543,-0.19697067,0.82155883,-0.297193,-0.46543857,0.5050889","-0.95525557,-0.14125967,0.124629855","-0.47783527,-0.14206548,0.37991,0.019023634,-0.18956155,0.81679994,-0.297193,-0.46543857,0.5050889",0.0
"-0.47783527,-0.14206548,0.37991,0.019023634,-0.18956155,0.81679994,-0.297193,-0.46543857,0.5050889","-0.82400286,0.3861822,0.5211837","-0.55652153,-0.08896744,0.43590117,-0.052866813,-0.32735944,0.71516156,-0.297193,-0.46543857,0.5050889",0.0
"-0.55652153,-0.08896744,0.43590117,-0.052866813,-0.32735944,0.71516156,-0.297193,-0.46543857,0.5050889","-0.83150864,0.49648464,-0.17662","-0.6359246,-0.020703377,0.41692683,-0.17180161,-0.39154416,0.6779107,-0.297193,-0.46543857,0.5050889",0.0
"-0.6359246,-0.020703377,0.41692683,-0.17180161,-0.39154416,0.6779107,-0.297193,-0.46543857,0.5050889","0.05183363,-0.0731889,0.87657595","-0.6309748,-0.03076648,0.51109797,-0.17699482,-0.42006797,0.55013615,-0.297193,-0.46543857,0.5050889",0.0
"-0.6309748,-0.03076648,0.51109797,-0.17699482,-0.42006797,0.55013615,-0.297193,-0.46543857,0.5050889","-0.521339,0.49574506,-0.13954198","-0.68075895,0.037395913,0.49610692,-0.2842542,-0.45632023,0.4905743,-0.297193,-0.46543857,0.5050889",0.0
"-0.68075895,0.037395913,0.49610692,-0.2842542,-0.45632023,0.4905743,-0.297193,-0.46543857,0.5050889","-0.20479488,0.13918436,-0.1233269","-0.7003154,0.056533046,0.4828579,-0.32395792,-0.45479283,0.48556945,-0.297193,-0.46543857,0.5050889",0.0
"-0.7003154,0.056533046,0.4828579,-0.32395792,-0.45479283,0.48556945,-0.297193,-0.46543857,0.5050889","0.3115474,0.023899794,-0.0011130571","-0.67056495,0.05981915,0.48273838,-0.28206003,-0.4863448,0.4812642,-0.297193,-0.46543857,0.5050889",0.0
"-0.67056495,0.05981915,0.48273838,-0.28206003,-0.4863448,0.4812642,-0.297193,-0.46543857,0.5050889","-0.05144912,-0.043138564,-0.1329009","-0.6754779,0.053887825,0.4684608,-0.28457206,-0.4738658,0.5114585,-0.297193,-0.46543857,0.5050889",0.0
"0.0,0.0,0.0,2.8652207e-07,0.005789075,0.993462,0.21894738,-0.1777193,0.7005036","-0.8336814,0.41195583,0.9635947","-0.07961053,0.056641802,0.103519596,0.25473967,-0.05909897,0.94232506,0.21894738,-0.1777193,0.7005036",0.0
"-0.07961053,0.056641802,0.103519596,0.25473967,-0.05909897,0.94232506,0.21894738,-0.1777193,0.7005036","-0.6521117,-0.40195656,0.96325266","-0.14188246,0.0013748363,0.20700246,0.2514699,-0.11373854,0.9017222,0.21894738,-0.1777193,0.7005036",0.0
"-0.14188246,0.0013748363,0.20700246,0.2514699,-0.11373854,0.9017222,0.21894738,-0.1777193,0.7005036","-0.29047537,-0.42358673,0.95146394","-0.16962075,-0.056866176,0.30921888,0.24047816,-0.13511108,0.8432434,0.21894738,-0.1777193,0.7005036",0.0
"-0.16962075,-0.056866176,0.30921888,0.24047816,-0.13511108,0.8432434,0.21894738,-0.1777193,0.7005036","-0.0027722716,-0.24777508,0.832636","-0.16988547,-0.090933986,0.3986696,0.26022545,-0.14704642,0.76455903,0.21894738,-0.1777193,0.7005036",0.0
"-0.16988547,-0.090933986,0.3986696,0.26022545,-0.14704642,0.76455903,0.21894738,-0.1777193,0.7005036","-0.5333997,-0.26713896,0.6178577","-0.22082128,-0.12766425,0.46504653,0.22683024,-0.18110919,0.7056951,0.21894738,-0.1777193,0.7005036",0.0
"0.0,0.0,0.0,2.8652207e-07,0.005789075,0.993462,-0.01883041,0.29730994,0.5737357","0.95109963,0.49206448,0.92160153","0.09082311,0.06765632,0.09900825,0.26554477,0.08392628,0.9379336,-0.01883041,0.29730994,0.5737357",0.0
"0.09082311,0.06765632,0.09900825,0.26554477,0.08392628,0.9379336,-0.01883041,0.29730994,0.5737357","0.99007964,-0.71533537,0.6622858","0.18536852,-0.030698614,0.17015807,0.13495171,0.095802404,0.94629896,-0.01883041,0.29730994,0.5737357",0.0
"0.18536852,-0.030698614,0.17015807,0.13495171,0.095802404,0.94629896,-0.01883041,0.29730994,0.5737357","0.925431,0.4153173,0.94617414","0.27374047,0.026405362,0.27180618,0.2519454,0.3015114,0.8162871,-0.01883041,0.29730994,0.5737357",0.0
"0.27374047,0.026405362,0.27180618,0.2519454,0.3015114,0.8162871,-0.01883041,0.29730994,0.5737357","0.41198492,-0.7026425,0.77226543","0.31308204,-0.07020438,0.3547712,0.15923113,0.24970205,0.8021428,-0.01883041,0.29730994,0.5737357",0.0
"0.31308204,-0.07020438,0.3547712,0.15923113,0.24970205,0.8021428,-0.01883041,0.29730994,0.5737357","0.45134687,0.1276834,0.8196595","0.35618243,-0.05264858,0.4428278,0.16671744,0.35679862,0.6735109,-0.01883041,0.29730994,0.5737357",0.0
"0.35618243,-0.05264858,0.4428278,0.16671744,0.35679862,0.6735109,-0.01883041,0.29730994,0.5737357","0.8956132,-0.79154265,0.61216855","0.44170696,-0.16148165,0.50859356,0.04303413,0.26415005,0.669948,-0.01883041,0.29730994,0.5737357",0.0
"0.44170696,-0.16148165,0.50859356,0.04303413,0.26415005,0.669948,-0.01883041,0.29730994,0.5737357","0.8006766,-0.13371557,0.44133532","0.51816577,-0.17986687,0.55600655,-0.021149855,0.2686811,0.6156035,-0.01883041,0.29730994,0.5737357",0.0
"0.51816577,-0.17986687,0.55600655,-0.021149855,0.2686811,0.6156035,-0.01883041,0.29730994,0.5737357","-0.106776595,0.14032125,0.15216315","0.5079694,-0.16057345,0.5723536,-0.013412852,0.30431813,0.57827085,-0.01883041,0.29730994,0.5737357",0.0
"0.0,0.0,0.0,2.8652207e-07,0.005789075,0.993462,-0.007309942,-0.0057894737,0.64963955","0.9585142,-0.5585616,0.9731808","0.09153114,-0.07679936,0.10454945,-0.02118946,-0.00022989615,0.98140544,-0.007309942,-0.0057894737,0.64963955",0.0
"0.09153114,-0.07679936,0.10454945,-0.02118946,-0.00022989615,0.98140544,-0.007309942,-0.0057894737,0.64963955","0.9482007,-0.23327184,0.9591162","0.18207741,-0.10887306,0.20758796,0.040140342,0.032728083,0.94554913,-0.007309942,-0.0057894737,0.64963955",0.0
"0.18207741,-0.10887306,0.20758796,0.040140342,0.032728083,0.94554913,-0.007309942,-0.0057894737,0.64963955","0.9713578,-0.6767383,0.86273015","0.27483502,-0.20192114,0.3002717,-0.015431583,-0.009140646,0.89703083,-0.007309942,-0.0057894737,0.64963955",0.0
"0.27483502,-0.20192114,0.3002717,-0.015431583,-0.009140646,0.89703083,-0.007309942,-0.0057894737,0.64963955","0.96959496,-0.47405845,0.87967956","0.3674243,-0.26710176,0.3947763,-0.014874913,-0.019315377,0.82848877,-0.007309942,-0.0057894737,0.64963955",0.0
"0.3674243,-0.26710176,0.3947763,-0.014874913,-0.019315377,0.82848877,-0.007309942,-0.0057894737,0.64963955","0.9039054,-0.49556303,0.6798248","0.4537407,-0.33523917,0.4678104,-0.014155582,-0.056743484,0.76228905,-0.007309942,-0.0057894737,0.64963955",0.0
"0.4537407,-0.33523917,0.4678104,-0.014155582,-0.056743484,0.76228905,-0.007309942,-0.0057894737,0.64963955","0.29956865,-0.1152519,0.91010725","0.48234734,-0.35108578,0.5655838,-0.0046322504,0.021001935,0.6642191,-0.007309942,-0.0057894737,0.64963955",0.0
"0.48234734,-0.35108578,0.5655838,-0.0046322504,0.021001935,0.6642191,-0.007309942,-0.0057894737,0.64963955","0.10498464,-0.17008722,0.15954673","0.4923726,-0.37447196,0.5827241,-0.005741892,0.002045228,0.6454488,-0.007309942,-0.0057894737,0.64963955",0.0
"0.0,0.0,0.0,2.8652207e-07,0.005789075,0.993462,-0.019239767,-0.16239765,0.62760717","-0.75514805,0.18136978,0.96892893","-0.07211116,0.024937404,0.10409266,0.19230624,-0.038385842,0.95968986,-0.019239767,-0.16239765,0.62760717",0.0
"-0.07211116,0.024937404,0.10409266,0.19230624,-0.038385842,0.95968986,-0.019239767,-0.16239765,0.62760717","-0.59904414,-0.25515223,0.90880895","-0.12931553,-0.010144725,0.2017266,0.22885282,-0.09214791,0.91344714,-0.019239767,-0.16239765,0.62760717",0.0
"-0.12931553,-0.010144725,0.2017266,0.22885282,-0.09214791,0.91344714,-0.019239767,-0.16239765,0.62760717","-0.93346447,-0.6331965,0.5966525","-0.21845463,-0.097206004,0.2658254,0.11881148,-0.08983861,0.90433174,-0.019239767,-0.16239765,0.62760717",0.0
"-0.21845463,-0.097206004,0.2658254,0.11881148,-0.08983861,0.90433174,-0.019239767,-0.16239765,0.62760717","-0.91685164,-0.34062672,0.5690043","-0.30600733,-0.14404045,0.32695395,0.07861143,-0.102495305,0.8691669,-0.019239767,-0.16239765,0.62760717",0.0
"-0.30600733,-0.14404045,0.32695395,0.07861143,-0.102495305,0.8691669,-0.019239767,-0.16239765,0.62760717","-0.63421607,-0.06647241,0.8295549","-0.36657035,-0.1531801,0.41607362,0.08916329,-0.18587866,0.7821179,-0.019239767,-0.16239765,0.62760717",0.0
"-0.36657035,-0.1531801,0.41607362,0.08916329,-0.18587866,0.7821179,-0.019239767,-0.16239765,0.62760717","-0.5926392,-0.23818147,0.7193948","-0.4231631,-0.18592884,0.49335873,0.057734527,-0.21029723,0.704699,-0.019239767,-0.16239765,0.62760717",0.0
"-0.4231631,-0.18592884,0.49335873,0.057734527,-0.21029723,0.704699,-0.019239767,-0.16239765,0.62760717","-0.80185395,-0.42890942,0.6722201","-0.49973434,-0.24490169,0.56557584,0.005939487,-0.1807997,0.6380141,-0.019239767,-0.16239765,0.62760717",0.0
"-0.49973434,-0.24490169,0.56557584,0.005939487,-0.1807997,0.6380141,-0.019239767,-0.16239765,0.62760717","-0.4405735,-0.10101205,0.12948537","-0.5418059,-0.25879034,0.5794866,-0.01654568,-0.16945527,0.6251311,-0.019239767,-0.16239765,0.62760717",0.0
"0.0,0.0,0.0,2.8652207e-07,0.005789075,0.993462,-0.29608187,-0.3130994,0.47972226","-0.3432802,-0.97995436,0.9383713","-0.032780778,-0.1347387,0.100809865,-0.14804046,0.021119885,0.9697168,-0.29608187,-0.3130994,0.47972226",0.0
"-0.032780778,-0.1347387,0.100809865,-0.14804046,0.021119885,0.9697168,-0.29608187,-0.3130994,0.47972226","0.75990987,-0.6597419,0.9128275","0.03978509,-0.22544985,0.19887555,-0.2008366,-0.019399159,0.9268357,-0.29608187,-0.3130994,0.47972226",0.0
"0.03978509,-0.22544985,0.19887555,-0.2008366,-0.019399159,0.9268357,-0.29608187,-0.3130994,0.47972226","-0.535864,-0.5531814,0.46557164","-0.01138604,-0.3015095,0.24889226,-0.28316948,0.015926033,0.8777814,-0.29608187,-0.3130994,0.47972226",0.0
"-0.01138604,-0.3015095,0.24889226,-0.28316948,0.015926033,0.8777814,-0.29608187,-0.3130994,0.47972226","0.080488086,-0.5017355,0.91566193","-0.0037000175,-0.3704956,0.34726247,-0.2769474,0.009008909,0.8153136,-0.29608187,-0.3130994,0.47972226",0.0
"-0.0037000175,-0.3704956,0.34726247,-0.2769474,0.009008909,0.8153136,-0.29608187,-0.3130994,0.47972226","0.9940057,-0.5936207,0.5034926","0.09122031,-0.45211542,0.40135306,-0.33276978,-0.09202844,0.7407331,-0.29608187,-0.3130994,0.47972226",0.0
"0.09122031,-0.45211542,0.40135306,-0.33276978,-0.09202844,0.7407331,-0.29608187,-0.3130994,0.47972226","0.57312584,-0.8491654,0.38215637","0.14594968,-0.5688713,0.4424084,-0.42442346,-0.20303994,0.6198032,-0.29608187,-0.3130994,0.47972226",0.0
"0.14594968,-0.5688713,0.4424084,-0.42442346,-0.20303994,0.6198032,-0.29608187,-0.3130994,0.47972226","0.7948818,-0.68249464,0.970572","0.22185512,-0.6627109,0.5466776,-0.34879726,-0.28444165,0.50798386,-0.29608187,-0.3130994,0.47972226",0.0
"0.22185512,-0.6627109,0.5466776,-0.34879726,-0.28444165,0.50798386,-0.29608187,-0.3130994,0.47972226","0.38932884,-0.12937135,0.42652035","0.2590332,-0.68049884,0.59249896,-0.2842991,-0.29248208,0.48044246,-0.29608187,-0.3130994,0.47972226",0.0
"0.2590332,-0.68049884,0.59249896,-0.2842991,-0.29248208,0.48044246,-0.29608187,-0.3130994,0.47972226","0.06518817,-0.020454407,-0.052966","0.2652582,-0.6833113,0.58680886,-0.286006,-0.30622074,0.47901067,-0.29608187,-0.3130994,0.47972226",0.0
"0.0,0.0,0.0,2.8652207e-07,0.005789075,0.993462,0.02152047,0.06345029,0.37832105","0.9068483,-0.69542986,0.9741297","0.08659741,-0.09561805,0.10465139,-0.059918858,-0.010705521,0.9795303,0.02152047,0.06345029,0.37832105",0.0
"0.08659741,-0.09561805,0.10465139,-0.059918858,-0.010705521,0.9795303,0.02152047,0.06345029,0.37832105","0.28245664,-0.53106785,0.9458777","0.11356997,-0.16863717,0.20626767,-0.07180205,-0.020585613,0.9444309,0.02152047,0.06345029,0.37832105",0.0
"0.11356997,-0.16863717,0.20626767,-0.07180205,-0.020585613,0.9444309,0.02152047,0.06345029,0.37832105","0.7715492,0.30180168,0.9818909","0.1872473,-0.12714103,0.3117529,0.11671707,0.08481296,0.8768551,0.02152047,0.06345029,0.37832105",0.0
"0.1872473,-0.12714103,0.3117529,0.11671707,0.08481296,0.8768551,0.02152047,0.06345029,0.37832105","0.2530179,-0.68085337,0.7452123","0.21140866,-0.22075489,0.39181158,0.042517364,0.040634222,0.82900244,0.02152047,0.06345029,0.37832105",0.0
"0.21140866,-0.22075489,0.39181158,0.042517364,0.040634222,0.82900244,0.02152047,0.06345029,0.37832105","0.8163954,0.0005810261,0.93491757","0.28936848,-0.22067504,0.49225044,0.09416192,0.13031863,0.72214437,0.02152047,0.06345029,0.37832105",0.0
"0.28936848,-0.22067504,0.49225044,0.09416192,0.13031863,0.72214437,0.02152047,0.06345029,0.37832105","0.70973206,-0.55643404,0.9887693","0.35714275,-0.29718187,0.5984746,0.05047628,0.11815827,0.6135636,0.02152047,0.06345029,0.37832105",0.0
"0.35714275,-0.29718187,0.5984746,0.05047628,0.11815827,0.6135636,0.02152047,0.06345029,0.37832105","0.005278945,-0.68511343,0.9198785","0.35764685,-0.39138147,0.69729775,0.025712905,0.06699777,0.50190574,0.02152047,0.06345029,0.37832105",0.0
"0.35764685,-0.39138147,0.69729775,0.025712905,0.06699777,0.50190574,0.02152047,0.06345029,0.37832105","0.49137473,-0.2418257,0.74291945","0.40456957,-0.42463133,0.7771101,0.017618012,0.076597035,0.39351612,0.02152047,0.06345029,0.37832105",0.0
"0.40456957,-0.42463133,0.7771101,0.017618012,0.076597035,0.39351612,0.02152047,0.06345029,0.37832105","-0.18512237,-0.0904423,0.160218","0.3868917,-0.4370667,0.7943225,0.02022578,0.07114443,0.37029257,0.02152047,0.06345029,0.37832105",0.0
"0.0,0.0,0.0,2.8652207e-07,0.005789075,0.993462,0.047192983,0.16274853,0.49515146","0.86301494,-0.56669533,0.9900731","0.082411654,-0.07791771,0.106364205,-0.021076532,0.00040655333,0.980995,0.047192983,0.16274853,0.49515146",0.0
"0.082411654,-0.07791771,0.106364205,-0.021076532,0.00040655333,0.980995,0.047192983,0.16274853,0.49515146","0.8715879,0.35993683,0.90316737","0.16564196,-0.028428268,0.20339207,0.18078642,0.110275,0.92236906,0.047192983,0.16274853,0.49515146",0.0
"0.16564196,-0.028428268,0.20339207,0.18078642,0.110275,0.92236906,0.047192983,0.16274853,0.49515146","0.9393439,-0.5194759,0.9104272","0.25534248,-0.09985355,0.30119988,0.124452576,0.13703042,0.8753122,0.047192983,0.16274853,0.49515146",0.0
"0.25534248,-0.09985355,0.30119988,0.124452576,0.13703042,0.8753122,0.047192983,0.16274853,0.49515146","-0.08967918,-0.3968426,0.96379757","0.24677876,-0.1544174,0.40474135,0.13378151,0.13920668,0.7955375,0.047192983,0.16274853,0.49515146",0.0
"0.24677876,-0.1544174,0.40474135,0.13378151,0.13920668,0.7955375,0.047192983,0.16274853,0.49515146","0.8385378,-0.19149065,0.9801078","0.326853,-0.18074639,0.51003504,0.118609376,0.20729361,0.6798956,0.047192983,0.16274853,0.49515146",0.0
"0.326853,-0.18074639,0.51003504,0.118609376,0.20729361,0.6798956,0.047192983,0.16274853,0.49515146","0.87641335,-0.5551361,0.95340264","0.4105441,-0.25707477,0.6124597,0.04807331,0.1874065,0.5784822,0.047192983,0.16274853,0.49515146",0.0
"0.4105441,-0.25707477,0.6124597,0.04807331,0.1874065,0.5784822,0.047192983,0.16274853,0.49515146","0.11746836,-0.30968368,0.5884496","0.42176148,-0.2996547,0.6756773,0.03603999,0.16745599,0.5057942,0.047192983,0.16274853,0.49515146",0.0
"0.0,0.0,0.0,2.8652207e-07,0.005789075,0.993462,0.13695908,-0.0057894737,0.36001524","-0.024056733,-0.104792595,0.92489266","-0.0022972485,-0.014408452,0.099361815,0.106284715,0.0050222706,0.9763565,0.13695908,-0.0057894737,0.36001524",0.0
"-0.0022972485,-0.014408452,0.099361815,0.106284715,0.0050222706,0.9763565,0.13695908,-0.0057894737,0.36001524","0.024411798,-0.5719384,0.96044314","3.3886423e-05,-0.09304706,0.20254289,0.07770964,0.0057974667,0.94577366,0.13695908,-0.0057894737,0.36001524",0.0
"3.3886423e-05,-0.09304706,0.20254289,0.07770964,0.0057974667,0.94577366,0.13695908,-0.0057894737,0.36001524","0.16211319,0.10533655,0.9678327","0.01551451,-0.078563854,0.3065178,0.23130573,0.017078787,0.859435,0.13695908,-0.0057894737,0.36001524",0.0
"0.01551451,-0.078563854,0.3065178,0.23130573,0.017078787,0.859435,0.13695908,-0.0057894737,0.36001524","0.3390726,-0.5015574,0.83981013","0.047893472,-0.14752544,0.39673918,0.19434296,0.035319194,0.8011259,0.13695908,-0.0057894737,0.36001524",0.0
"0.047893472,-0.14752544,0.39673918,0.19434296,0.035319194,0.8011259,0.13695908,-0.0057894737,0.36001524","0.39624918,-0.5289024,0.9199219","0.08573238,-0.22024682,0.49556705,0.15679644,0.049288414,0.71792495,0.13695908,-0.0057894737,0.36001524",0.0
"0.08573238,-0.22024682,0.49556705,0.15679644,0.049288414,0.71792495,0.13695908,-0.0057894737,0.36001524","-0.49583733,0.0072268248,0.53167987","0.038383506,-0.2192532,0.5526858,0.20768856,0.030997807,0.64329755,0.13695908,-0.0057894737,0.36001524",0.0
"0.038383506,-0.2192532,0.5526858,0.20768856,0.030997807,0.64329755,0.13695908,-0.0057894737,0.36001524","-0.12666893,-0.315121,0.92781544","0.026287533,-0.26258075,0.65236163,0.2052455,0.022797812,0.52316415,0.13695908,-0.0057894737,0.36001524",0.0
"0.026287533,-0.26258075,0.65236163,0.2052455,0.022797812,0.52316415,0.13695908,-0.0057894737,0.36001524","-0.096779704,-0.57778955,0.7913151","0.017045768,-0.34202385,0.73737323,0.1474573,0.013701629,0.43025082,0.13695908,-0.0057894737,0.36001524",0.0
"0.017045768,-0.34202385,0.73737323,0.1474573,0.013701629,0.43025082,0.13695908,-0.0057894737,0.36001524","-0.42249668,-0.14826924,0.44780958","-0.023299607,-0.36241016,0.78548175,0.14171733,-0.0045870915,0.36409295,0.13695908,-0.0057894737,0.36001524",0.0
"0.0,0.0,0.0,2.8652207e-07,0.005789075,0.993462,-0.14333335,0.164269,0.47566882","0.31194568,-0.95965487,0.9820224","0.029788533,-0.13194762,0.10549933,-0.1368936,-0.0070338785,0.97071266,-0.14333335,0.164269,0.47566882",0.0
"0.029788533,-0.13194762,0.10549933,-0.1368936,-0.0070338785,0.97071266,-0.14333335,0.164269,0.47566882","-0.9659901,-0.95748717,0.75199246","-0.062456522,-0.26359722,0.1862864,-0.28943795,0.06343412,0.903739,-0.14333335,0.164269,0.47566882",0.0
"-0.062456522,-0.26359722,0.1862864,-0.28943795,0.06343412,0.903739,-0.14333335,0.164269,0.47566882","-0.4398781,-0.93818057,0.97304463","-0.10446169,-0.39259228,0.29082128,-0.37264252,0.13299622,0.80232334,-0.14333335,0.164269,0.47566882",0.0
"-0.10446169,-0.39259228,0.29082128,-0.37264252,0.13299622,0.80232334,-0.14333335,0.164269,0.47566882","-0.4302169,-0.811521,0.89935935","-0.14554429,-0.50417227,0.3874401,-0.40073922,0.20362289,0.6914867,-0.14333335,0.164269,0.47566882",0.0
"-0.14554429,-0.50417227,0.3874401,-0.40073922,0.20362289,0.6914867,-0.14333335,0.164269,0.47566882","0.097477674,-0.46831512,0.9480418","-0.13623588,-0.5685632,0.48928884,-0.3658102,0.17324597,0.6157474,-0.14333335,0.164269,0.47566882",0.0
"-0.13623588,-0.5685632,0.48928884,-0.3658102,0.17324597,0.6157474,-0.14333335,0.164269,0.47566882","-0.6036661,0.1571331,0.93304133","-0.19388162,-0.5469583,0.58952606,-0.19403303,0.14241168,0.588249,-0.14333335,0.164269,0.47566882",0.0
"-0.19388162,-0.5469583,0.58952606,-0.19403303,0.14241168,0.588249,-0.14333335,0.164269,0.47566882","-0.40479589,-0.4936297,0.78415465","-0.23253667,-0.61482996,0.67376834,-0.16308711,0.1538802,0.48704773,-0.14333335,0.164269,0.47566882",0.0
"-0.23253667,-0.61482996,0.67376834,-0.16308711,0.1538802,0.48704773,-0.14333335,0.164269,0.47566882","-0.28719974,0.051024556,0.105189204","-0.25996217,-0.6078144,0.6850689,-0.13446344,0.15161134,0.481278,-0.14333335,0.164269,0.47566882",0.0
"0.0,0.0,0.0,2.8652207e-07,0.005789075,0.993462,0.15520468,-0.059415203,0.3483126","-0.34775877,0.54667675,0.9794189","-0.033208434,0.075165235,0.105219595,0.3006432,-0.025658892,0.92848206,0.15520468,-0.059415203,0.3483126",0.0
"-0.033208434,0.075165235,0.105219595,0.3006432,-0.025658892,0.92848206,0.15520468,-0.059415203,0.3483126","-0.22668469,-0.69338965,0.9871967","-0.054855183,-0.020172283,0.21127479,0.2353508,-0.035088908,0.9116644,0.15520468,-0.059415203,0.3483126",0.0
"-0.054855183,-0.020172283,0.21127479,0.2353508,-0.035088908,0.9116644,0.15520468,-0.059415203,0.3483126","-0.2830447,-0.53276086,0.9954505","-0.08188391,-0.09342418,0.3182167,0.21057597,-0.049411196,0.85600734,0.15520468,-0.059415203,0.3483126",0.0
"-0.08188391,-0.09342418,0.3182167,0.21057597,-0.049411196,0.85600734,0.15520468,-0.059415203,0.3483126","-0.09157574,-0.025221765,0.9677396","-0.09062874,-0.09689207,0.42218164,0.2972773,-0.08097225,0.73930955,0.15520468,-0.059415203,0.3483126",0.0
"-0.09062874,-0.09689207,0.42218164,0.2972773,-0.08097225,0.73930955,0.15520468,-0.059415203,0.3483126","0.3218882,-0.5831798,0.9451629","-0.059890762,-0.17707631,0.52372116,0.25045905,-0.041795332,0.6591282,0.15520468,-0.059415203,0.3483126",0.0
"-0.059890762,-0.17707631,0.52372116,0.25045905,-0.041795332,0.6591282,0.15520468,-0.059415203,0.3483126","-0.32938343,-0.3237021,0.8206878","-0.0913445,-0.22158371,0.6118882,0.2325254,-0.06258529,0.5605092,0.15520468,-0.059415203,0.3483126",0.0
"-0.0913445,-0.22158371,0.6118882,0.2325254,-0.06258529,0.5605092,0.15520468,-0.059415203,0.3483126","-0.029915392,-0.3870417,0.7987747","-0.09420121,-0.27479997,0.6977011,0.20148171,-0.05537849,0.4612233,0.15520468,-0.059415203,0.3483126",0.0
"-0.09420121,-0.27479997,0.6977011,0.20148171,-0.05537849,0.4612233,0.15520468,-0.059415203,0.3483126","-0.32838106,-0.41386724,0.7063675","-0.12555923,-0.33170462,0.7735867,0.15757458,-0.059323326,0.37084678,0.15520468,-0.059415203,0.3483126",0.0
"-0.12555923,-0.33170462,0.7735867,0.15757458,-0.059323326,0.37084678,0.15520468,-0.059415203,0.3483126","-0.15209436,-0.072264075,0.17708445","-0.14008315,-0.3416406,0.7926111,0.1491948,-0.063854486,0.34536535,0.15520468,-0.059415203,0.3483126",0.0
"0.0,0.0,0.0,2.8652207e-07,0.005789075,0.993462,0.013333334,-0.09052631,0.51554936","-0.5764499,0.48405206,0.86852217","-0.055046774,0.06655466,0.09330588,0.2658567,-0.04056292,0.9422569,0.013333334,-0.09052631,0.51554936",0.0
"-0.055046774,0.06655466,0.09330588,0.2658567,-0.04056292,0.9422569,0.013333334,-0.09052631,0.51554936","-0.97205305,-0.57608384,0.95809364","-0.14787078,-0.0126539115,0.19623452,0.21265496,-0.10009213,0.9192607,0.013333334,-0.09052631,0.51554936",0.0
"-0.14787078,-0.0126539115,0.19623452,0.21265496,-0.10009213,0.9192607,0.013333334,-0.09052631,0.51554936","-0.94120044,-0.6477914,0.95163774","-0.23774861,-0.10172191,0.29846963,0.13475576,-0.11687335,0.8786074,0.013333334,-0.09052631,0.51554936",0.0
"-0.23774861,-0.10172191,0.29846963,0.13475576,-0.11687335,0.8786074,0.013333334,-0.09052631,0.51554936","-0.90586,-0.5470928,0.9640732","-0.32425165,-0.17694438,0.4020407,0.08350964,-0.124521986,0.8078782,0.013333334,-0.09052631,0.51554936",0.0
"-0.32425165,-0.17694438,0.4020407,0.08350964,-0.124521986,0.8078782,0.013333334,-0.09052631,0.51554936","-0.8488247,-0.4347279,0.8913188","-0.40530825,-0.23671725,0.4977957,0.046363875,-0.13147949,0.72132295,0.013333334,-0.09052631,0.51554936",0.0
"-0.40530825,-0.23671725,0.4977957,0.046363875,-0.13147949,0.72132295,0.013333334,-0.09052631,0.51554936","-0.7534362,-0.5032824,0.7750995","-0.4772559,-0.305916,0.58106524,0.013078683,-0.10164155,0.63872397,0.013333334,-0.09052631,0.51554936",0.0
"-0.4772559,-0.305916,0.58106524,0.013078683,-0.10164155,0.63872397,0.013333334,-0.09052631,0.51554936","0.71949625,-0.20538497,0.6744652","-0.40854925,-0.3341554,0.6535235,0.03826975,-0.10908988,0.54964435,0.013333334,-0.09052631,0.51554936",0.0
"-0.40854925,-0.3341554,0.6535235,0.03826975,-0.10908988,0.54964435,0.013333334,-0.09052631,0.51554936","-0.7387735,-0.26811826,0.30984688","-0.47909674,-0.3710203,0.6868106,0.011665703,-0.08916987,0.5124983,0.013333334,-0.09052631,0.51554936",0.0
"0.0,0.0,0.0,2.8652207e-07,0.005789075,0.993462,0.26643276,0.19999999,0.404603","0.7129078,0.65695477,0.9899044","0.06807753,0.090327896,0.106346056,0.32502693,0.076517776,0.9159224,0.26643276,0.19999999,0.404603",0.0
"0.06807753,0.090327896,0.106346056,0.32502693,0.076517776,0.9159224,0.26643276,0.19999999,0.404603","0.7742096,-0.24688148,0.9464042","0.14200893,0.05638296,0.20801888,0.34413472,0.1710159,0.8564253,0.26643276,0.19999999,0.404603",0.0
"0.14200893,0.05638296,0.20801888,0.34413472,0.1710159,0.8564253,0.26643276,0.19999999,0.404603","-0.2909382,-0.4907756,0.94497585","0.11422644,-0.0110961655,0.30953828,0.33542594,0.13199951,0.8073452,0.26643276,0.19999999,0.404603",0.0
"0.11422644,-0.0110961655,0.30953828,0.33542594,0.13199951,0.8073452,0.26643276,0.19999999,0.404603","0.5718086,0.15674591,0.91849303","0.16883,0.010455582,0.4082126,0.40268666,0.2428663,0.65615195,0.26643276,0.19999999,0.404603",0.0
"0.16883,0.010455582,0.4082126,0.40268666,0.2428663,0.65615195,0.26643276,0.19999999,0.404603","0.07048023,-0.6748148,0.65502775","0.17556036,-0.08232799,0.47858268,0.31165436,0.19853516,0.65044826,0.26643276,0.19999999,0.404603",0.0
"0.17556036,-0.08232799,0.47858268,0.31165436,0.19853516,0.65044826,0.26643276,0.19999999,0.404603","-0.093681455,-0.1203146,0.97222555","0.16661447,-0.09887064,0.5830295,0.33312392,0.19894089,0.5098553,0.26643276,0.19999999,0.404603",0.0
"0.16661447,-0.09887064,0.5830295,0.33312392,0.19894089,0.5098553,0.26643276,0.19999999,0.404603","0.2617538,-0.29237962,0.7682587","0.19161005,-0.13907135,0.66556406,0.2870836,0.20425636,0.41798875,0.26643276,0.19999999,0.404603",0.0
"0.19161005,-0.13907135,0.66556406,0.2870836,0.20425636,0.41798875,0.26643276,0.19999999,0.404603","0.14943838,-0.035422325,0.121831656","0.20588033,-0.14394175,0.6786525,0.27367625,0.21392325,0.40171504,0.26643276,0.19999999,0.404603",0.0
"0.0,0.0,0.0,2.8652207e-07,0.005789075,0.993462,0.58707607,-0.0057894737,0.5930222","-0.3116107,0.7327359,0.78434277","-0.029756555,0.100747414,0.08426244,0.3266488,-0.024810815,0.9232679,0.58707607,-0.0057894737,0.5930222",0.0
"-0.029756555,0.100747414,0.08426244,0.3266488,-0.024810815,0.9232679,0.58707607,-0.0057894737,0.5930222","0.27662027,0.72626805,0.9921104","-0.0033413237,0.20060554,0.19084549,0.6220998,-0.0007410648,0.6980993,0.58707607,-0.0057894737,0.5930222",0.0
"-0.0033413237,0.20060554,0.19084549,0.6220998,-0.0007410648,0.6980993,0.58707607,-0.0057894737,0.5930222","-0.15481174,-0.2802751,0.8604872","-0.018124718,0.16206917,0.28328818,0.6257299,-0.029869245,0.63133603,0.58707607,-0.0057894737,0.5930222",0.0
"-0.018124718,0.16206917,0.28328818,0.6257299,-0.029869245,0.63133603,0.58707607,-0.0057894737,0.5930222","0.10155976,-0.33559418,0.5220907","-0.008426496,0.11592669,0.33937675,0.5897463,-0.009824329,0.619115,0.58707607,-0.0057894737,0.5930222",0.0
"-0.008426496,0.11592669,0.33937675,0.5897463,-0.009824329,0.619115,0.58707607,-0.0057894737,0.5930222","0.009791017,-0.09016168,0.21241808","-0.007491523,0.10352994,0.362197,0.58310884,-0.007935289,0.6034137,0.58707607,-0.0057894737,0.5930222",0.0
"0.0,0.0,0.0,2.8652207e-07,0.005789075,0.993462,-0.37269008,0.2082456,0.7237781","-0.8415023,-0.87312007,0.20600748","-0.08035738,-0.12004953,0.022131536,-0.21870841,0.062395312,0.9634613,-0.37269008,0.2082456,0.7237781",0.0
"-0.08035738,-0.12004953,0.022131536,-0.21870841,0.062395312,0.9634613,-0.37269008,0.2082456,0.7237781","-0.33782554,-0.9873458,0.2784629","-0.11261727,-0.2558045,0.05204702,-0.4316561,0.16559877,0.86267066,-0.37269008,0.2082456,0.7237781",0.0
"-0.11261727,-0.2558045,0.05204702,-0.4316561,0.16559877,0.86267066,-0.37269008,0.2082456,0.7237781","-0.026009858,-0.81206995,0.8965528","-0.115101025,-0.36746,0.1483643,-0.5067766,0.19786857,0.78377634,-0.37269008,0.2082456,0.7237781",0.0
"-0.115101025,-0.36746,0.1483643,-0.5067766,0.19786857,0.78377634,-0.37269008,0.2082456,0.7237781","-0.14172715,-0.14307392,0.7915033","-0.12863494,-0.387132,0.23339605,-0.4256099,0.18831165,0.7974531,-0.37269008,0.2082456,0.7237781",0.0
"-0.12863494,-0.387132,0.23339605,-0.4256099,0.18831165,0.7974531,-0.37269008,0.2082456,0.7237781","0.2763132,-0.11205101,0.83271635","-0.102249034,-0.40253848,0.32285535,-0.34800273,0.12189914,0.7935814,-0.37269008,0.2082456,0.7237781",0.0
"-0.102249034,-0.40253848,0.32285535,-0.34800273,0.12189914,0.7935814,-0.37269008,0.2082456,0.7237781","-0.36265516,-0.33179712,0.0049613714","-0.13687997,-0.44815895,0.32338843,-0.4040257,0.19167428,0.74817145,-0.37269008,0.2082456,0.7237781",0.0
"-0.13687997,-0.44815895,0.32338843,-0.4040257,0.19167428,0.74817145,-0.37269008,0.2082456,0.7237781","-0.18048263,-0.064602315,0.15518618","-0.15411475,-0.45704147,0.34006023,-0.3857256,0.20940112,0.7401638,-0.37269008,0.2082456,0.7237781",0.0
"-0.15411475,-0.45704147,0.34006023,-0.3857256,0.20940112,0.7401638,-0.37269008,0.2082456,0.7237781","-0.17333752,0.18114233,0.37022376","-0.17066723,-0.4321354,0.3798337,-0.29029804,0.17923874,0.76168424,-0.37269008,0.2082456,0.7237781",0.0
"-0.17066723,-0.4321354,0.3798337,-0.29029804,0.17923874,0.76168424,-0.37269008,0.2082456,0.7237781","0.07327092,-0.21832103,-0.048007667","-0.16367038,-0.46215346,0.37467632,-0.34463245,0.20132092,0.73520094,-0.37269008,0.2082456,0.7237781",0.0
"-0.16367038,-0.46215346,0.37467632,-0.34463245,0.20132092,0.73520094,-0.37269008,0.2082456,0.7237781","0.28794026,-0.05127108,-0.13101351","-0.13617417,-0.46920305,0.36060154,-0.38923302,0.1838399,0.7283011,-0.37269008,0.2082456,0.7237781",0.0
"-0.13617417,-0.46920305,0.36060154,-0.38923302,0.1838399,0.7283011,-0.37269008,0.2082456,0.7237781","-0.015741408,0.0724659,0.11507368","-0.13767736,-0.45923942,0.37296405,-0.3576618,0.17150277,0.7381324,-0.37269008,0.2082456,0.7237781",0.0
"-0.13767736,-0.45923942,0.37296405,-0.3576618,0.17150277,0.7381324,-0.37269008,0.2082456,0.7237781","-0.14254183,0.029797673,0.010632277","-0.15128906,-0.45514244,0.37410638,-0.34248614,0.18276727,0.74197257,-0.37269008,0.2082456,0.7237781",0.0
"-0.15128906,-0.45514244,0.37410638,-0.34248614,0.18276727,0.74197257,-0.37269008,0.2082456,0.7237781","-0.08945304,-0.14845622,-0.16395062","-0.15983118,-0.47555447,0.35649312,-0.3886918,0.22002196,0.72131807,-0.37269008,0.2082456,0.7237781",0.0
"-0.15983118,-0.47555447,0.35649312,-0.3886918,0.22002196,0.72131807,-0.37269008,0.2082456,0.7237781","-0.06543958,0.08500993,-0.029092908","-0.16608018,-0.46386608,0.35336775,-0.37135768,0.22017027,0.7336752,-0.37269008,0.2082456,0.7237781",0.0
"0.0,0.0,0.0,2.8652207e-07,0.005789075,0.993462,-0.04508772,-0.07964912,0.51554936","-0.752111,-0.3674457,0.9640484","-0.07182115,-0.050521906,0.10356836,0.03506859,-0.0021100391,0.9811797,-0.04508772,-0.07964912,0.51554936",0.0
"-0.07182115,-0.050521906,0.10356836,0.03506859,-0.0021100391,0.9811797,-0.04508772,-0.07964912,0.51554936","-0.8920283,-0.26904815,0.68876624","-0.1570034,-0.08751467,0.17756301,0.05234137,-0.021563932,0.95764,-0.04508772,-0.07964912,0.51554936",0.0
"-0.1570034,-0.08751467,0.17756301,0.05234137,-0.021563932,0.95764,-0.04508772,-0.07964912,0.51554936","-0.9335013,-0.28987026,0.6684717","-0.24614601,-0.12737036,0.2493774,0.05243099,-0.04308693,0.92403036,-0.04508772,-0.07964912,0.51554936",0.0
"-0.24614601,-0.12737036,0.2493774,0.05243099,-0.04308693,0.92403036,-0.04508772,-0.07964912,0.51554936","-0.7119202,-0.34240925,0.91347957","-0.31412923,-0.1744499,0.34751314,0.05693692,-0.07566329,0.85948557,-0.04508772,-0.07964912,0.51554936",0.0
"-0.31412923,-0.1744499,0.34751314,0.05693692,-0.07566329,0.85948557,-0.04508772,-0.07964912,0.51554936","-0.8512876,-0.08465052,0.6158923","-0.39542103,-0.18608895,0.4136789,0.05237682,-0.13570225,0.7988819,-0.04508772,-0.07964912,0.51554936",0.0
"-0.39542103,-0.18608895,0.4136789,0.05237682,-0.13570225,0.7988819,-0.04508772,-0.07964912,0.51554936","-0.98045015,-0.39867163,0.8862667","-0.48904693,-0.24090426,0.50889117,0.010680852,-0.1420177,0.709363,-0.04508772,-0.07964912,0.51554936",0.0
"-0.48904693,-0.24090426,0.50889117,0.010680852,-0.1420177,0.709363,-0.04508772,-0.07964912,0.51554936","-0.9717236,-0.44628125,0.87089455","-0.5818395,-0.30226564,0.602452,-0.025935424,-0.12140684,0.60982895,-0.04508772,-0.07964912,0.51554936",0.0
"-0.5818395,-0.30226564,0.602452,-0.025935424,-0.12140684,0.60982895,-0.04508772,-0.07964912,0.51554936","-0.81618446,-0.5573535,0.70424974","-0.6597792,-0.37889892,0.67811006,-0.03067455,-0.06792025,0.5261011,-0.04508772,-0.07964912,0.51554936",0.0
"-0.6597792,-0.37889892,0.67811006,-0.03067455,-0.06792025,0.5261011,-0.04508772,-0.07964912,0.51554936","-0.43073463,0.07143366,0.0445652","-0.7009112,-0.36907718,0.68289775,-0.048252605,-0.075825684,0.5175302,-0.04508772,-0.07964912,0.51554936",0.0
"0.0,0.0,0.0,2.8652207e-07,0.005789075,0.993462,0.16210528,0.049532164,0.49515146","0.9745405,-0.77914166,0.9574977","0.09306154,-0.107127994,0.102864616,-0.08566063,-0.019737182,0.9776392,0.16210528,0.049532164,0.49515146",0.0
"0.09306154,-0.107127994,0.102864616,-0.08566063,-0.019737182,0.9776392,0.16210528,0.049532164,0.49515146","0.61417794,-0.15112352,0.950202","0.15171106,-0.12790672,0.20494546,0.004806663,0.008997046,0.9482278,0.16210528,0.049532164,0.49515146",0.0
"0.15171106,-0.12790672,0.20494546,0.004806663,0.008997046,0.9482278,0.16210528,0.049532164,0.49515146","0.012667894,-0.30947185,0.9913248","0.15292074,-0.17045756,0.31144416,0.049790923,0.032476023,0.8878551,0.16210528,0.049532164,0.49515146",0.0
"0.15292074,-0.17045756,0.31144416,0.049790923,0.032476023,0.8878551,0.16210528,0.049532164,0.49515146","0.41031933,-0.44144964,0.965827","0.19210324,-0.23115462,0.41520363,0.050909724,0.042123493,0.8089589,0.16210528,0.049532164,0.49515146",0.0
"0.19210324,-0.23115462,0.41520363,0.050909724,0.042123493,0.8089589,0.16210528,0.049532164,0.49515146","-0.07627064,-0.084200144,0.97268724","0.18481994,-0.24273172,0.5197001,0.12111539,0.08638393,0.6967062,0.16210528,0.049532164,0.49515146",0.0
"0.18481994,-0.24273172,0.5197001,0.12111539,0.08638393,0.6967062,0.16210528,0.049532164,0.49515146","-0.08314073,-0.2355228,0.93803","0.1768806,-0.27511492,0.6204734,0.14441398,0.096489705,0.57518464,0.16210528,0.049532164,0.49515146",0.0
"0.1768806,-0.27511492,0.6204734,0.14441398,0.096489705,0.57518464,0.16210528,0.049532164,0.49515146","-0.65240157,-0.24367803,0.45886242","0.114580974,-0.30861944,0.6697693,0.14517762,0.060825575,0.5180309,0.16210528,0.049532164,0.49515146",0.0
"0.114580974,-0.30861944,0.6697693,0.14517762,0.060825575,0.5180309,0.16210528,0.049532164,0.49515146","-0.2488724,0.05985558,0.11956608","0.090815455,-0.30038962,0.6826144,0.16479325,0.054368224,0.49585536,0.16210528,0.049532164,0.49515146",0.0
"0.0,0.0,0.0,2.8652207e-07,0.005789075,0.993462,0.22865498,-0.3605263,0.7237781","-0.90194577,0.55718184,0.8855946","-0.08612927,0.076609634,0.09513999,0.28286332,-0.07245478,0.93421346,0.22865498,-0.3605263,0.7237781",0.0
"-0.08612927,0.076609634,0.09513999,0.28286332,-0.07245478,0.93421346,0.22865498,-0.3605263,0.7237781","-0.92872274,0.29893553,0.91959727","-0.17481555,0.11771173,0.19393292,0.41554123,-0.24752638,0.80644995,0.22865498,-0.3605263,0.7237781",0.0
"-0.17481555,0.11771173,0.19393292,0.41554123,-0.24752638,0.80644995,0.22865498,-0.3605263,0.7237781","-0.92961204,-0.26316643,0.50172234","-0.26358676,0.0815277,0.2478333,0.32184362,-0.34200305,0.7862264,0.22865498,-0.3605263,0.7237781",0.0
"-0.26358676,0.0815277,0.2478333,0.32184362,-0.34200305,0.7862264,0.22865498,-0.3605263,0.7237781","-0.32329643,-0.3515942,0.4992597","-0.29445922,0.033185303,0.30146912,0.2644734,-0.34138292,0.7742229,0.22865498,-0.3605263,0.7237781",0.0
"-0.29445922,0.033185303,0.30146912,0.2644734,-0.34138292,0.7742229,0.22865498,-0.3605263,0.7237781","-0.34164405,-0.14943075,0.4173627","-0.32708374,0.012639337,0.3463067,0.22872712,-0.36759472,0.7388071,0.22865498,-0.3605263,0.7237781",0.0
"0.0,0.0,0.0,2.8652207e-07,0.005789075,0.993462,0.04046784,-0.00087719294,0.52215254","-0.16101825,-0.57452154,0.9627111","-0.015376088,-0.07899377,0.10342469,-0.026341684,0.0070692664,0.9814905,0.04046784,-0.00087719294,0.52215254",0.0
"-0.015376088,-0.07899377,0.10342469,-0.026341684,0.0070692664,0.9814905,0.04046784,-0.00087719294,0.52215254","0.16566563,-0.69493854,0.9701109","0.00044376298,-0.17454427,0.20764437,-0.084834486,0.0056708786,0.94284904,0.04046784,-0.00087719294,0.52215254",0.0
"0.00044376298,-0.17454427,0.20764437,-0.084834486,0.0056708786,0.94284904,0.04046784,-0.00087719294,0.52215254","0.28893757,-0.43225622,0.9771905","0.028035194,-0.23397733,0.31262463,-0.064414985,0.00012339643,0.88669765,0.04046784,-0.00087719294,0.52215254",0.0
"0.028035194,-0.23397733,0.31262463,-0.064414985,0.00012339643,0.88669765,0.04046784,-0.00087719294,0.52215254","-0.6018076,-0.22851813,0.84209776","-0.029433073,-0.26539746,0.4030918,-0.009965927,0.0067382026,0.8219634,0.04046784,-0.00087719294,0.52215254",0.0
"-0.029433073,-0.26539746,0.4030918,-0.009965927,0.0067382026,0.8219634,0.04046784,-0.00087719294,0.52215254","-0.2975446,-0.28255004,0.9648702","-0.057846434,-0.30424666,0.50674844,0.037252184,-0.0009592252,0.7256813,0.04046784,-0.00087719294,0.52215254",0.0
"-0.057846434,-0.30424666,0.50674844,0.037252184,-0.0009592252,0.7256813,0.04046784,-0.00087719294,0.52215254","0.16139627,-0.3870725,0.9371358","-0.042434268,-0.35746714,0.60742563,0.0494924,-0.00079619256,0.61508816,0.04046784,-0.00087719294,0.52215254",0.0
"-0.042434268,-0.35746714,0.60742563,0.0494924,-0.00079619256,0.61508816,0.04046784,-0.00087719294,0.52215254","-0.19360316,-0.33535624,0.6381465","-0.060921967,-0.40357697,0.6759822,0.041948866,-0.0022313006,0.5324513,0.04046784,-0.00087719294,0.52215254",0.0
"0.0,0.0,0.0,2.8652207e-07,0.005789075,0.993462,0.00625731,0.006900585,0.64963955","0.72280574,-0.50165826,0.90275073","0.06902269,-0.06897545,0.096983105,-0.014985011,0.0026267609,0.983176,0.00625731,0.006900585,0.64963955",0.0
"0.06902269,-0.06897545,0.096983105,-0.014985011,0.0026267609,0.983176,0.00625731,0.006900585,0.64963955","-0.37312257,-0.5072057,0.87125754","0.03339218,-0.13871364,0.19058292,-0.033941954,0.002247326,0.95369023,0.00625731,0.006900585,0.64963955",0.0
"0.03339218,-0.13871364,0.19058292,-0.033941954,0.002247326,0.95369023,0.00625731,0.006900585,0.64963955","-0.23316741,-0.5316939,0.9706651","0.011126371,-0.21181886,0.29486215,-0.04379792,0.0042610685,0.8994282,0.00625731,0.006900585,0.64963955",0.0
"0.011126371,-0.21181886,0.29486215,-0.04379792,0.0042610685,0.8994282,0.00625731,0.006900585,0.64963955","0.84513044,-0.36652046,0.82162786","0.09183019,-0.2622136,0.3831302,-0.029266821,-0.0026468905,0.8376553,0.00625731,0.006900585,0.64963955",0.0
"0.09183019,-0.2622136,0.3831302,-0.029266821,-0.0026468905,0.8376553,0.00625731,0.006900585,0.64963955","-0.024583995,-0.36245346,0.9767797","0.08948258,-0.31204912,0.48806635,0.0023803823,0.0067129335,0.7452253,0.00625731,0.006900585,0.64963955",0.0
"0.08948258,-0.31204912,0.48806635,0.0023803823,0.0067129335,0.7452253,0.00625731,0.006900585,0.64963955","0.089430094,-0.30696845,0.6832781","0.0980225,-0.35425577,0.56147146,0.009562389,0.009116386,0.66896874,0.00625731,0.006900585,0.64963955",0.0
"0.0980225,-0.35425577,0.56147146,0.009562389,0.009116386,0.66896874,0.00625731,0.006900585,0.64963955","-0.41983408,-0.112873316,0.1707846","0.05793139,-0.36977533,0.579819,0.0049776505,0.0068025235,0.6486912,0.00625731,0.006900585,0.64963955",0.0
"0.0,0.0,0.0,2.8652207e-07,0.005789075,0.993462,0.16935673,-0.0057894737,0.49515146","0.7103689,-0.5348939,0.969192","0.067835055,-0.07354517,0.10412094,-0.014903041,0.0026980948,0.9816269,0.16935673,-0.0057894737,0.49515146",0.0
"0.067835055,-0.07354517,0.10412094,-0.014903041,0.0026980948,0.9816269,0.16935673,-0.0057894737,0.49515146","0.10047877,0.02766347,0.98664904","0.07743003,-0.069741614,0.21011731,0.13022485,0.0382823,0.93511856,0.16935673,-0.0057894737,0.49515146",0.0
"0.07743003,-0.069741614,0.21011731,0.13022485,0.0382823,0.93511856,0.16935673,-0.0057894737,0.49515146","-0.19653374,-0.18971086,0.8482294","0.058662478,-0.0958259,0.3012432,0.18854184,0.041034706,0.8734163,0.16935673,-0.0057894737,0.49515146",0.0
"0.058662478,-0.0958259,0.3012432,0.18854184,0.041034706,0.8734163,0.16935673,-0.0057894737,0.49515146","0.07764459,-0.28120434,0.9297161","0.066076964,-0.13449009,0.40112323,0.21889229,0.05201962,0.7894709,0.16935673,-0.0057894737,0.49515146",0.0
"0.066076964,-0.13449009,0.40112323,0.21889229,0.05201962,0.7894709,0.16935673,-0.0057894737,0.49515146","-0.66082287,-0.5460351,0.9581796","0.0029731663,-0.20956711,0.50406116,0.18858214,0.007550978,0.7027244,0.16935673,-0.0057894737,0.49515146",0.0
"0.0029731663,-0.20956711,0.50406116,0.18858214,0.007550978,0.7027244,0.16935673,-0.0057894737,0.49515146","0.09318948,-0.267026,0.8746109","0.011872076,-0.24628183,0.5980212,0.19946475,0.01323617,0.59379405,0.16935673,-0.0057894737,0.49515146",0.0
"0.011872076,-0.24628183,0.5980212,0.19946475,0.01323617,0.59379405,0.16935673,-0.0057894737,0.49515146","-0.06598598,-0.3562138,0.40110207","0.0055708867,-0.29525942,0.6411119,0.15867427,0.008567461,0.5540875,0.16935673,-0.0057894737,0.49515146",0.0
"0.0055708867,-0.29525942,0.6411119,0.15867427,0.008567461,0.5540875,0.16935673,-0.0057894737,0.49515146","-0.18762344,-0.069193125,0.35689425","-0.012345799,-0.30477315,0.6794533,0.16682665,-0.00068005174,0.50234324,0.16935673,-0.0057894737,0.49515146",0.0
"0.0,0.0,0.0,2.8652207e-07,0.005789075,0.993462,-0.57730997,-0.0057894737,0.47593033","-0.14674747,-0.9906479,-0.5902227","-0.014013324,-0.13620898,-0.063407995,-0.37243077,0.022201274,0.9075496,-0.57730997,-0.0057894737,0.47593033",0.0
"-0.014013324,-0.13620898,-0.063407995,-0.37243077,0.022201274,0.9075496,-0.57730997,-0.0057894737,0.47593033","-0.3478393,-0.9556076,0.70080006","-0.047229458,-0.26760012,0.011879427,-0.527327,0.08467528,0.81929815,-0.57730997,-0.0057894737,0.47593033",0.0
"-0.047229458,-0.26760012,0.011879427,-0.527327,0.08467528,0.81929815,-0.57730997,-0.0057894737,0.47593033","-0.18676412,-0.43280876,0.3693087","-0.06506408,-0.32710916,0.05155454,-0.57968414,0.12608089,0.7703285,-0.57730997,-0.0057894737,0.47593033",0.0
"-0.06506408,-0.32710916,0.05155454,-0.57968414,0.12608089,0.7703285,-0.57730997,-0.0057894737,0.47593033","0.4556725,-0.8349657,0.6937982","-0.021550665,-0.4419127,0.12608977,-0.69130933,0.05267816,0.65446043,-0.57730997,-0.0057894737,0.47593033",0.0
"-0.021550665,-0.4419127,0.12608977,-0.69130933,0.05267816,0.65446043,-0.57730997,-0.0057894737,0.47593033","0.07040191,-0.7169942,0.98132896","-0.014827795,-0.54049575,0.2315146,-0.7096995,0.038879268,0.5743298,-0.57730997,-0.0057894737,0.47593033",0.0
"-0.014827795,-0.54049575,0.2315146,-0.7096995,0.038879268,0.5743298,-0.57730997,-0.0057894737,0.47593033","0.009673953,-0.52619886,0.93062377","-0.013904003,-0.6128455,0.33149216,-0.67980635,0.03550805,0.5222571,-0.57730997,-0.0057894737,0.47593033",0.0
"-0.013904003,-0.6128455,0.33149216,-0.67980635,0.03550805,0.5222571,-0.57730997,-0.0057894737,0.47593033","0.020315647,-0.055292666,0.8053155","-0.011964007,-0.620448,0.41800776,-0.5746299,0.027401444,0.5502925,-0.57730997,-0.0057894737,0.47593033",0.0
"-0.011964007,-0.620448,0.41800776,-0.5746299,0.027401444,0.5502925,-0.57730997,-0.0057894737,0.47593033","0.21955109,-0.40917975,0.45849526","0.009001527,-0.67670816,0.4672642,-0.57730615,-0.010538454,0.48481274,-0.57730997,-0.0057894737,0.47593033",0.0
"0.0,0.0,0.0,2.8652207e-07,0.005789075,0.993462,-0.026783627,0.030409357,0.52215254","-0.8399452,-0.9134929,0.9814154","-0.08020868,-0.12560059,0.10543412,-0.118199624,0.036409006,0.97273076,-0.026783627,0.030409357,0.52215254",0.0
"-0.08020868,-0.12560059,0.10543412,-0.118199624,0.036409006,0.97273076,-0.026783627,0.030409357,0.52215254","-0.6368573,-0.66016316,0.9875381","-0.14102393,-0.21636967,0.211526,-0.14709562,0.07620465,0.9291081,-0.026783627,0.030409357,0.52215254",0.0
"-0.14102393,-0.21636967,0.211526,-0.14709562,0.07620465,0.9291081,-0.026783627,0.030409357,0.52215254","-0.38410747,-0.27677417,0.76186776","-0.17770343,-0.25442475,0.29337403,-0.10712401,0.07372932,0.8911193,-0.026783627,0.030409357,0.52215254",0.0
"-0.17770343,-0.25442475,0.29337403,-0.10712401,0.07372932,0.8911193,-0.026783627,0.030409357,0.52215254","-0.24087113,0.21547818,0.95207286","-0.20070489,-0.22479765,0.39565587,0.048204735,-0.028018752,0.8261099,-0.026783627,0.030409357,0.52215254",0.0
"-0.20070489,-0.22479765,0.39565587,0.048204735,-0.028018752,0.8261099,-0.026783627,0.030409357,0.52215254","0.048691273,-0.84439623,0.9590094","-0.19605523,-0.34089783,0.49868292,-0.023170456,0.023492072,0.7339918,-0.026783627,0.030409357,0.52215254",0.0
"-0.19605523,-0.34089783,0.49868292,-0.023170456,0.023492072,0.7339918,-0.026783627,0.030409357,0.52215254","-0.30316603,-0.7032362,0.9672904","-0.22500539,-0.43758926,0.6025996,-0.049951386,0.050277557,0.61852396,-0.026783627,0.030409357,0.52215254",0.0
"-0.22500539,-0.43758926,0.6025996,-0.049951386,0.050277557,0.61852396,-0.026783627,0.030409357,0.52215254","0.52379966,-0.22029114,0.6114607","-0.17498632,-0.4678782,0.66828924,-0.037218772,0.029595116,0.5416347,-0.026783627,0.030409357,0.52215254",0.0
"-0.17498632,-0.4678782,0.66828924,-0.037218772,0.029595116,0.5416347,-0.026783627,0.030409357,0.52215254","0.116223335,-0.022034705,0.13714683","-0.16388784,-0.4709079,0.68302304,-0.029930778,0.023585571,0.5238538,-0.026783627,0.030409357,0.52215254",0.0
"0.0,0.0,0.0,2.8652207e-07,0.005789075,0.993462,-0.041929826,0.57578945,0.47593033","0.941237,0.98365974,0.99921584","0.089881316,0.13524815,0.107346386,0.40551212,0.123675995,0.87356347,-0.041929826,0.57578945,0.47593033",0.0
"0.089881316,0.13524815,0.107346386,0.40551212,0.123675995,0.87356347,-0.041929826,0.57578945,0.47593033","0.9431665,-0.40443796,0.61769974","0.17994687,0.079640016,0.17370628,0.32751852,0.21462919,0.868149,-0.041929826,0.57578945,0.47593033",0.0
"0.17994687,0.079640016,0.17370628,0.32751852,0.21462919,0.868149,-0.041929826,0.57578945,0.47593033","0.9405149,0.37879443,0.6256075","0.26975924,0.1317223,0.24091572,0.35950533,0.41590568,0.7323342,-0.041929826,0.57578945,0.47593033",0.0
"0.26975924,0.1317223,0.24091572,0.35950533,0.41590568,0.7323342,-0.041929826,0.57578945,0.47593033","0.91025734,-0.47856814,0.9036255","0.35668218,0.06592166,0.33799282,0.21830186,0.46494055,0.6884462,-0.041929826,0.57578945,0.47593033",0.0
"0.35668218,0.06592166,0.33799282,0.21830186,0.46494055,0.6884462,-0.041929826,0.57578945,0.47593033","0.9374944,0.07768762,0.7166276","0.44620612,0.0766033,0.4149806,0.08970858,0.5601913,0.5622704,-0.041929826,0.57578945,0.47593033",0.0
"0.44620612,0.0766033,0.4149806,0.08970858,0.5601913,0.5622704,-0.041929826,0.57578945,0.47593033","0.8561027,0.15426385,0.27344322","0.5279577,0.09781379,0.44435677,-0.05851219,0.59844726,0.4869271,-0.041929826,0.57578945,0.47593033",0.0
"0.5279577,0.09781379,0.44435677,-0.05851219,0.59844726,0.4869271,-0.041929826,0.57578945,0.47593033","0.09713161,-0.1768542,0.16776896","0.53723305,0.07349726,0.46238032,-0.072898634,0.5707473,0.4938851,-0.041929826,0.57578945,0.47593033",0.0
"0.53723305,0.07349726,0.46238032,-0.072898634,0.5707473,0.4938851,-0.041929826,0.57578945,0.47593033","-0.117179394,0.055907845,0.0299505","0.5260433,0.08118431,0.465598,-0.0535732,0.58246213,0.47801295,-0.041929826,0.57578945,0.47593033",0.0
"0.0,0.0,0.0,2.8652207e-07,0.005789075,0.993462,0.035964914,0.0062573096,0.3823091","-0.67164445,-0.33695483,0.8239715","-0.06413718,-0.04632957,0.088519804,0.023621157,0.0010836825,0.98468626,0.035964914,0.0062573096,0.3823091",0.0
"-0.06413718,-0.04632957,0.088519804,0.023621157,0.0010836825,0.98468626,0.035964914,0.0062573096,0.3823091","0.7507131,-0.44163835,0.98801327","0.0075504575,-0.107052594,0.19466275,0.038013972,0.0066926386,0.9518125,0.035964914,0.0062573096,0.3823091",0.0
"0.0075504575,-0.107052594,0.19466275,0.038013972,0.0066926386,0.9518125,0.035964914,0.0062573096,0.3823091","-0.44913602,-0.4554261,0.98066926","-0.035338785,-0.16967137,0.30001673,0.04693576,0.0005926828,0.8960328,0.035964914,0.0062573096,0.3823091",0.0
"-0.035338785,-0.16967137,0.30001673,0.04693576,0.0005926828,0.8960328,0.035964914,0.0062573096,0.3823091","0.4616984,-0.4803866,0.8639176","0.0087500485,-0.23572206,0.39282802,0.031853106,0.0066671236,0.82976264,0.035964914,0.0062573096,0.3823091",0.0
"0.0087500485,-0.23572206,0.39282802,0.031853106,0.0066671236,0.82976264,0.035964914,0.0062573096,0.3823091","0.34252298,-0.1867435,0.97677684","0.041458495,-0.26139838,0.4977638,0.09706603,0.018552987,0.7285248,0.035964914,0.0062573096,0.3823091",0.0
"0.041458495,-0.26139838,0.4977638,0.09706603,0.018552987,0.7285248,0.035964914,0.0062573096,0.3823091","-0.42420602,-0.46445823,0.92972755","0.0009498931,-0.325259,0.5976451,0.08737461,0.006049992,0.622038,0.035964914,0.0062573096,0.3823091",0.0
"0.0009498931,-0.325259,0.5976451,0.08737461,0.006049992,0.622038,0.035964914,0.0062573096,0.3823091","0.32574713,-0.2757107,0.90904474","0.032056373,-0.36316782,0.6953044,0.10326127,0.016253268,0.4986546,0.035964914,0.0062573096,0.3823091",0.0
"0.032056373,-0.36316782,0.6953044,0.10326127,0.016253268,0.4986546,0.035964914,0.0062573096,0.3823091","0.40418243,-0.6191396,0.7062309","0.07065286,-0.4482964,0.77117527,0.048998572,0.016992956,0.4059357,0.035964914,0.0062573096,0.3823091",0.0
"0.07065286,-0.4482964,0.77117527,0.048998572,0.016992956,0.4059357,0.035964914,0.0062573096,0.3823091","-0.44543195,-0.23826754,0.2333095","0.028117334,-0.481057,0.7962399,0.031946268,0.0086412355,0.373188,0.035964914,0.0062573096,0.3823091",0.0
"0.0,0.0,0.0,2.8652207e-07,0.005789075,0.993462,0.29608187,-0.3130994,0.47972226","-0.7410983,0.5909227,0.9885838","-0.0707695,0.081248835,0.10620419,0.308818,-0.06387799,0.9232139,0.29608187,-0.3130994,0.47972226",0.0
"-0.0707695,0.081248835,0.10620419,0.308818,-0.06387799,0.9232139,0.29608187,-0.3130994,0.47972226","-0.8968416,0.35990512,0.9683136","-0.15641136,0.13073394,0.21023074,0.46293676,-0.24118093,0.77161276,0.29608187,-0.3130994,0.47972226",0.0
"-0.15641136,0.13073394,0.21023074,0.46293676,-0.24118093,0.77161276,0.29608187,-0.3130994,0.47972226","-0.7144332,-0.156228,0.90373504","-0.22463454,0.10925339,0.30731958,0.4311454,-0.359773,0.674118,0.29608187,-0.3130994,0.47972226",0.0
"-0.22463454,0.10925339,0.30731958,0.4311454,-0.359773,0.674118,0.29608187,-0.3130994,0.47972226","-0.4144681,-0.5871669,0.7981067","-0.26421323,0.028520962,0.3930607,0.33433735,-0.3570351,0.6567107,0.29608187,-0.3130994,0.47972226",0.0
"-0.26421323,0.028520962,0.3930607,0.33433735,-0.3570351,0.6567107,0.29608187,-0.3130994,0.47972226","-0.16325736,-0.31128883,0.8755361","-0.27980313,-0.014279653,0.48712015,0.3043197,-0.35832226,0.56799054,0.29608187,-0.3130994,0.47972226",0.0
"-0.27980313,-0.014279653,0.48712015,0.3043197,-0.35832226,0.56799054,0.29608187,-0.3130994,0.47972226","0.1163522,-0.31041574,0.7635441","-0.26869234,-0.056960225,0.56914824,0.2939676,-0.32197967,0.4892114,0.29608187,-0.3130994,0.47972226",0.0
"0.0,0.0,0.0,2.8652207e-07,0.005789075,0.993462,0.008187135,0.0045029237,0.64963955","-0.8722364,-0.44963527,0.99016535","-0.08329225,-0.061822556,0.10637412,0.015282545,0.0019002379,0.9811105,0.008187135,0.0045029237,0.64963955",0.0
"-0.08329225,-0.061822556,0.10637412,0.015282545,0.0019002379,0.9811105,0.008187135,0.0045029237,0.64963955","-0.6638416,-0.43386257,0.7356732","-0.14668432,-0.12147645,0.18540801,-0.0013984784,0.007157664,0.95641744,0.008187135,0.0045029237,0.64963955",0.0
"-0.14668432,-0.12147645,0.18540801,-0.0013984784,0.007157664,0.95641744,0.008187135,0.0045029237,0.64963955","-0.7957734,-0.6316891,0.81219316","-0.22267494,-0.20833047,0.2726625,-0.046720173,0.046882562,0.9112539,0.008187135,0.0045029237,0.64963955",0.0
"-0.22267494,-0.20833047,0.2726625,-0.046720173,0.046882562,0.9112539,0.008187135,0.0045029237,0.64963955","-0.8930162,-0.17335725,0.91028357","-0.30795154,-0.23216623,0.3704549,0.01164597,-0.006698416,0.8479798,0.008187135,0.0045029237,0.64963955",0.0
"-0.30795154,-0.23216623,0.3704549,0.01164597,-0.006698416,0.8479798,0.008187135,0.0045029237,0.64963955","0.018744588,-0.3910315,0.9332845","-0.30616155,-0.28593108,0.47071832,0.02181071,-0.02115462,0.76130855,0.008187135,0.0045029237,0.64963955",0.0
"-0.30616155,-0.28593108,0.47071832,0.02181071,-0.02115462,0.76130855,0.008187135,0.0045029237,0.64963955","-0.52109426,-0.4637735,0.806281","-0.35592225,-0.34969756,0.5573377,0.0117009,-0.010823327,0.6734227,0.008187135,0.0045029237,0.64963955",0.0
"-0.35592225,-0.34969756,0.5573377,0.0117009,-0.010823327,0.6734227,0.008187135,0.0045029237,0.64963955","-0.18216014,-0.1773271,0.22052813","-0.37331724,-0.37407917,0.58102924,0.005669391,0.0014524797,0.6473606,0.008187135,0.0045029237,0.64963955",0.0
"0.0,0.0,0.0,2.8652207e-07,0.005789075,0.993462,-0.03649123,-0.00023391812,0.3823091","-0.5706396,-0.64424026,0.837145","-0.054491956,-0.08857974,0.08993504,-0.06404151,0.016946772,0.98224044,-0.03649123,-0.00023391812,0.3823091",0.0
"-0.054491956,-0.08857974,0.08993504,-0.06404151,0.016946772,0.98224044,-0.03649123,-0.00023391812,0.3823091","0.24362135,-0.6658238,0.9259603","-0.0312279,-0.18012711,0.18941158,-0.1203514,0.017662307,0.9461874,-0.03649123,-0.00023391812,0.3823091",0.0
"-0.0312279,-0.18012711,0.18941158,-0.1203514,0.017662307,0.9461874,-0.03649123,-0.00023391812,0.3823091","0.4472952,-0.25153923,0.97343516","0.011485532,-0.2147125,0.29398844,-0.050687168,0.0039631864,0.89957255,-0.03649123,-0.00023391812,0.3823091",0.0
"0.011485532,-0.2147125,0.29398844,-0.050687168,0.0039631864,0.89957255,-0.03649123,-0.00023391812,0.3823091","-0.24405813,-0.8413332,0.98367345","-0.011820256,-0.33039153,0.39966515,-0.13336723,0.010747865,0.8129449,-0.03649123,-0.00023391812,0.3823091",0.0
"-0.011820256,-0.33039153,0.39966515,-0.13336723,0.010747865,0.8129449,-0.03649123,-0.00023391812,0.3823091","0.4412719,-0.22404915,0.9581951","0.030318001,-0.36119717,0.5026047,-0.06197654,-0.00010543007,0.7280418,-0.03649123,-0.00023391812,0.3823091",0.0
"0.030318001,-0.36119717,0.5026047,-0.06197654,-0.00010543007,0.7280418,-0.03649123,-0.00023391812,0.3823091","0.5402415,-0.42613173,0.9218894","0.08190713,-0.41978815,0.601644,-0.04592413,-0.0060988227,0.6220684,-0.03649123,-0.00023391812,0.3823091",0.0
"0.08190713,-0.41978815,0.601644,-0.04592413,-0.0060988227,0.6220684,-0.03649123,-0.00023391812,0.3823091","0.46663523,-0.25983053,0.54241025","0.1264674,-0.45551357,0.65991545,-0.03809825,-0.009708816,0.55272853,-0.03649123,-0.00023391812,0.3823091",0.0
"0.1264674,-0.45551357,0.65991545,-0.03809825,-0.009708816,0.55272853,-0.03649123,-0.00023391812,0.3823091","-0.0014883876,-0.6195064,0.9233377","0.12632528,-0.54069257,0.75911033,-0.05115886,-0.015163635,0.42225602,-0.03649123,-0.00023391812,0.3823091",0.0
"0.12632528,-0.54069257,0.75911033,-0.05115886,-0.015163635,0.42225602,-0.03649123,-0.00023391812,0.3823091","-0.35020202,-0.07544327,0.2862724","0.09288353,-0.5510657,0.78986484,-0.039361324,-0.0057784393,0.38145068,-0.03649123,-0.00023391812,0.3823091",0.0
"0.0,0.0,0.0,2.8652207e-07,0.005789075,0.993462,-0.10456141,-0.088713445,0.36001524","0.3217498,-0.9056131,0.9603071","0.030724756,-0.12451716,0.10316644,-0.12438259,-0.0062272004,0.97312343,-0.10456141,-0.088713445,0.36001524",0.0
"0.030724756,-0.12451716,0.10316644,-0.12438259,-0.0062272004,0.97312343,-0.10456141,-0.088713445,0.36001524","-0.016511261,-0.6108201,0.83068466","0.029148038,-0.20850182,0.19240746,-0.17578466,-0.010328546,0.935379,-0.10456141,-0.088713445,0.36001524",0.0
"0.029148038,-0.20850182,0.19240746,-0.17578466,-0.010328546,0.935379,-0.10456141,-0.088713445,0.36001524","0.6293416,-0.53006876,0.80467606","0.08924559,-0.28138357,0.2788544,-0.19636615,-0.050521076,0.8850051,-0.10456141,-0.088713445,0.36001524",0.0
"0.08924559,-0.28138357,0.2788544,-0.19636615,-0.050521076,0.8850051,-0.10456141,-0.088713445,0.36001524","0.109757304,0.014272451,0.9493617","0.0997266,-0.27942124,0.38084498,-0.062420733,-0.014137101,0.837347,-0.10456141,-0.088713445,0.36001524",0.0
"0.0997266,-0.27942124,0.38084498,-0.062420733,-0.014137101,0.837347,-0.10456141,-0.088713445,0.36001524","-0.2161969,-0.6828221,0.9223304","0.079081364,-0.3733058,0.47993156,-0.106627285,-0.021077016,0.74464124,-0.10456141,-0.088713445,0.36001524",0.0
"0.079081364,-0.3733058,0.47993156,-0.106627285,-0.021077016,0.74464124,-0.10456141,-0.088713445,0.36001524","0.8852712,-0.8997204,0.9564636","0.16361834,-0.49701276,0.58268505,-0.15838182,-0.082782224,0.61891854,-0.10456141,-0.088713445,0.36001524",0.0
"0.16361834,-0.49701276,0.58268505,-0.15838182,-0.082782224,0.61891854,-0.10456141,-0.088713445,0.36001524","0.6294799,-0.56753755,0.9697037","0.2237291,-0.5750463,0.686861,-0.12718093,-0.10016036,0.49420753,-0.10456141,-0.088713445,0.36001524",0.0
"0.2237291,-0.5750463,0.686861,-0.12718093,-0.10016036,0.49420753,-0.10456141,-0.088713445,0.36001524","0.25904024,-0.24136388,0.82153726","0.24846555,-0.6082326,0.7751193,-0.08087451,-0.07195067,0.3895086,-0.10456141,-0.088713445,0.36001524",0.0
"0.24846555,-0.6082326,0.7751193,-0.08087451,-0.07195067,0.3895086,-0.10456141,-0.088713445,0.36001524","-0.38171571,-0.287956,0.1941874","0.21201448,-0.6478252,0.79598105,-0.10276587,-0.0733974,0.3542875,-0.10456141,-0.088713445,0.36001524",0.0
"0.0,0.0,0.0,2.8652207e-07,0.005789075,0.993462,0.05181287,-0.22818713,0.8857847","-0.94211864,0.2852447,0.74320495","-0.08996549,0.039219677,0.079842985,0.18798068,-0.04856315,0.9650453,0.05181287,-0.22818713,0.8857847",0.0
"-0.08996549,0.039219677,0.079842985,0.18798068,-0.04856315,0.9650453,0.05181287,-0.22818713,0.8857847","-0.7733131,-0.4012727,0.7478796","-0.16381128,-0.015953267,0.1601882,0.16237435,-0.085164264,0.946237,0.05181287,-0.22818713,0.8857847",0.0
"-0.16381128,-0.015953267,0.1601882,0.16237435,-0.085164264,0.946237,0.05181287,-0.22818713,0.8857847","-0.9610474,-0.19467771,0.3745017","-0.25558433,-0.04272047,0.20042121,0.12840798,-0.12466015,0.9313445,0.05181287,-0.22818713,0.8857847",0.0
"-0.25558433,-0.04272047,0.20042121,0.12840798,-0.12466015,0.9313445,0.05181287,-0.22818713,0.8857847","-0.89955527,-0.032122612,0.41139412","-0.34148532,-0.047137182,0.2446176,0.11178618,-0.19348608,0.8990531,0.05181287,-0.22818713,0.8857847",0.0
"-0.34148532,-0.047137182,0.2446176,0.11178618,-0.19348608,0.8990531,0.05181287,-0.22818713,0.8857847","-0.12822306,-0.24601603,0.19855094","-0.3537297,-0.08096315,0.26594812,0.08559503,-0.15991868,0.8976911,0.05181287,-0.22818713,0.8857847",0.0
"-0.3537297,-0.08096315,0.26594812,0.08559503,-0.15991868,0.8976911,0.05181287,-0.22818713,0.8857847","-0.43129838,0.055805564,0.07407117","-0.39491558,-0.0732902,0.2739057,0.07215247,-0.19270083,0.88720524,0.05181287,-0.22818713,0.8857847",0.0
"-0.39491558,-0.0732902,0.2739057,0.07215247,-0.19270083,0.88720524,0.05181287,-0.22818713,0.8857847","-0.46874404,-0.005500555,0.1654185","-0.4396772,-0.07404652,0.29167676,0.047933094,-0.2191691,0.8712843,0.05181287,-0.22818713,0.8857847",0.0
"0.0,0.0,0.0,2.8652207e-07,0.005789075,0.993462,0.29339182,-0.31017542,0.7237781","-0.9529181,0.7514188,0.9387946","-0.09099676,0.10331622,0.1008553,0.3405552,-0.0940639,0.90915054,0.29339182,-0.31017542,0.7237781",0.0
"-0.09099676,0.10331622,0.1008553,0.3405552,-0.0940639,0.90915054,0.29339182,-0.31017542,0.7237781","-0.84713465,-0.37808877,0.7759441","-0.17189197,0.051330958,0.18421549,0.30175954,-0.17414036,0.8838676,0.29339182,-0.31017542,0.7237781",0.0
"-0.17189197,0.051330958,0.18421549,0.30175954,-0.17414036,0.8838676,0.29339182,-0.31017542,0.7237781","-0.5554578,-0.083221674,0.6389134","-0.22493415,0.0398884,0.25285438,0.30738807,-0.2548131,0.8245821,0.29339182,-0.31017542,0.7237781",0.0
"-0.22493415,0.0398884,0.25285438,0.30738807,-0.2548131,0.8245821,0.29339182,-0.31017542,0.7237781","-0.53952956,-0.030236304,0.61111784","-0.2764553,0.035731062,0.3185072,0.29522586,-0.33992156,0.74999577,0.29339182,-0.31017542,0.7237781",0.0
"-0.2764553,0.035731062,0.3185072,0.29522586,-0.33992156,0.74999577,0.29339182,-0.31017542,0.7237781","0.066657424,-0.22895116,0.37501526","-0.27008998,0.0042514466,0.35879537,0.28750658,-0.31754258,0.73118305,0.29339182,-0.31017542,0.7237781",0.0
"0.0,0.0,0.0,2.8652207e-07,0.005789075,0.993462,-0.06853802,-0.060643274,0.51554936","0.8929646,-0.79390025,0.95794857","0.08527163,-0.10915722,0.10291305,-0.09023656,-0.018765578,0.97719043,-0.06853802,-0.060643274,0.51554936",0.0
"0.08527163,-0.10915722,0.10291305,-0.09023656,-0.018765578,0.97719043,-0.06853802,-0.060643274,0.51554936","0.9366802,-0.19507563,0.882143","0.17471777,-0.13597913,0.19768228,-0.018533794,-0.0045490675,0.9512023,-0.06853802,-0.060643274,0.51554936",0.0
"0.17471777,-0.13597913,0.19768228,-0.018533794,-0.0045490675,0.9512023,-0.06853802,-0.060643274,0.51554936","0.3903768,-0.7935749,0.891376","0.2119959,-0.24509166,0.29344344,-0.09118278,-0.06428664,0.8938372,-0.06853802,-0.060643274,0.51554936",0.0
"0.2119959,-0.24509166,0.29344344,-0.09118278,-0.06428664,0.8938372,-0.06853802,-0.060643274,0.51554936","-0.29949152,-0.7609267,0.93016624","0.18339664,-0.34971523,0.39337188,-0.15151598,-0.09153513,0.8091335,-0.06853802,-0.060643274,0.51554936",0.0
"0.18339664,-0.34971523,0.39337188,-0.15151598,-0.09153513,0.8091335,-0.06853802,-0.060643274,0.51554936","-0.026736736,-0.45795578,0.9715879","0.18084349,-0.41268185,0.49775025,-0.13132565,-0.076962925,0.7185848,-0.06853802,-0.060643274,0.51554936",0.0
"0.18084349,-0.41268185,0.49775025,-0.13132565,-0.076962925,0.7185848,-0.06853802,-0.060643274,0.51554936","0.7125561,-0.6196328,0.9670732","0.24888742,-0.4978782,0.60164356,-0.115865126,-0.10689969,0.6026397,-0.06853802,-0.060643274,0.51554936",0.0
"0.24888742,-0.4978782,0.60164356,-0.115865126,-0.10689969,0.6026397,-0.06853802,-0.060643274,0.51554936","0.18313742,-0.01734978,0.5884172","0.26637572,-0.50026375,0.66485757,-0.06603882,-0.06456608,0.5399916,-0.06853802,-0.060643274,0.51554936",0.0
"0.26637572,-0.50026375,0.66485757,-0.06603882,-0.06456608,0.5399916,-0.06853802,-0.060643274,0.51554936","-0.2798823,-0.13340878,0.18891358","0.23964898,-0.5186068,0.68515277,-0.073270984,-0.060720954,0.5136714,-0.06853802,-0.060643274,0.51554936",0.0
"0.0,0.0,0.0,2.8652207e-07,0.005789075,0.993462,0.014853802,-0.03333333,0.3823091","-0.74523866,-0.2598064,0.64633","-0.07116489,-0.03572205,0.06943566,0.020174243,0.0013498404,0.9880311,0.014853802,-0.03333333,0.3823091",0.0
"-0.07116489,-0.03572205,0.06943566,0.020174243,0.0013498404,0.9880311,0.014853802,-0.03333333,0.3823091","-0.8364049,-0.18817687,0.9165876","-0.1510355,-0.06159542,0.16790529,0.08975419,-0.039592464,0.95750225,0.014853802,-0.03333333,0.3823091",0.0
"-0.1510355,-0.06159542,0.16790529,0.08975419,-0.039592464,0.95750225,0.014853802,-0.03333333,0.3823091","-0.7081248,-0.2886703,0.9534037","-0.2186563,-0.10128613,0.2703301,0.11665786,-0.088194214,0.9022321,0.014853802,-0.03333333,0.3823091",0.0
"-0.2186563,-0.10128613,0.2703301,0.11665786,-0.088194214,0.9022321,0.014853802,-0.03333333,0.3823091","-0.23464596,-0.74399024,0.85980606","-0.24106331,-0.20358099,0.3626997,0.045320638,-0.0348782,0.8518855,0.014853802,-0.03333333,0.3823091",0.0
"-0.24106331,-0.20358099,0.3626997,0.045320638,-0.0348782,0.8518855,0.014853802,-0.03333333,0.3823091","-0.61228114,-0.094251156,0.8030535","-0.29953176,-0.21654008,0.44897228,0.07960482,-0.0993996,0.7708409,0.014853802,-0.03333333,0.3823091",0.0
"-0.29953176,-0.21654008,0.44897228,0.07960482,-0.0993996,0.7708409,0.014853802,-0.03333333,0.3823091","0.37183678,-0.3438316,0.79739773","-0.26402402,-0.26381516,0.5346373,0.090709105,-0.09050326,0.68527436,0.014853802,-0.03333333,0.3823091",0.0
"-0.26402402,-0.26381516,0.5346373,0.090709105,-0.09050326,0.68527436,0.014853802,-0.03333333,0.3823091","-0.5984522,-0.6117836,0.8778577","-0.32117185,-0.3479323,0.6289462,0.04743295,-0.0644871,0.5861351,0.014853802,-0.03333333,0.3823091",0.0
"-0.32117185,-0.3479323,0.6289462,0.04743295,-0.0644871,0.5861351,0.014853802,-0.03333333,0.3823091","-0.90496236,-0.7024049,0.9262693","-0.40758917,-0.44450942,0.72845596,0.014034621,-0.026752537,0.46554253,0.014853802,-0.03333333,0.3823091",0.0
"-0.40758917,-0.44450942,0.72845596,0.014034621,-0.026752537,0.46554253,0.014853802,-0.03333333,0.3823091","-0.119288445,-0.24935484,0.5782845","-0.41898036,-0.4787945,0.79058146,0.013578662,-0.02919848,0.381138,0.014853802,-0.03333333,0.3823091",0.0
"0.0,0.0,0.0,2.8652207e-07,0.005789075,0.993462,-0.054795325,0.07327485,0.51554936","-0.61698794,-0.81899434,0.17204309","-0.05891788,-0.11260752,0.018482719,-0.21186313,0.0455589,0.96637595,-0.054795325,0.07327485,0.51554936",0.0
"-0.05891788,-0.11260752,0.018482719,-0.21186313,0.0455589,0.96637595,-0.054795325,0.07327485,0.51554936","-0.54488504,-0.40616035,0.8353708","-0.110950455,-0.1684525,0.10822717,-0.19558199,0.07723392,0.95537335,-0.054795325,0.07327485,0.51554936",0.0
"-0.110950455,-0.1684525,0.10822717,-0.19558199,0.07723392,0.95537335,-0.054795325,0.07327485,0.51554936","-0.72833216,-0.5081348,0.9862423","-0.18050091,-0.23831846,0.21417986,-0.1710806,0.115812615,0.91873896,-0.054795325,0.07327485,0.51554936",0.0
"-0.18050091,-0.23831846,0.21417986,-0.1710806,0.115812615,0.91873896,-0.054795325,0.07327485,0.51554936","-0.46374166,0.13291442,0.97608995","-0.2247849,-0.22004345,0.3190419,-0.01797414,0.022939231,0.8844956,-0.054795325,0.07327485,0.51554936",0.0
"-0.2247849,-0.22004345,0.3190419,-0.01797414,0.022939231,0.8844956,-0.054795325,0.07327485,0.51554936","0.14692748,-0.8365891,0.9696804","-0.21075438,-0.3350702,0.42321536,-0.08486994,0.07349496,0.7964557,-0.054795325,0.07327485,0.51554936",0.0
"-0.21075438,-0.3350702,0.42321536,-0.08486994,0.07349496,0.7964557,-0.054795325,0.07327485,0.51554936","-0.40155512,-0.54431367,0.970171","-0.24909998,-0.40991056,0.5274415,-0.07531501,0.083054624,0.6958937,-0.054795325,0.07327485,0.51554936",0.0
"-0.24909998,-0.40991056,0.5274415,-0.07531501,0.083054624,0.6958937,-0.054795325,0.07327485,0.51554936","0.578295,-0.64281833,0.8856473","-0.19387701,-0.49829483,0.62258714,-0.1068904,0.08162056,0.5834309,-0.054795325,0.07327485,0.51554936",0.0
"-0.19387701,-0.49829483,0.62258714,-0.1068904,0.08162056,0.5834309,-0.054795325,0.07327485,0.51554936","-0.60279965,-0.078564405,0.56924677","-0.25144,-0.5090971,0.6837417,-0.055447675,0.0641765,0.51731956,-0.054795325,0.07327485,0.51554936",0.0
"0.0,0.0,0.0,2.8652207e-07,0.005789075,0.993462,-0.029473685,0.42590642,0.7237781","0.89634645,0.1537174,0.97858703","0.08559458,0.021135345,0.10513023,0.18103409,0.05589401,0.96093327,-0.029473685,0.42590642,0.7237781",0.0
"0.08559458,0.021135345,0.10513023,0.18103409,0.05589401,0.96093327,-0.029473685,0.42590642,0.7237781","0.982883,0.2488488,-0.2802751","0.17945278,0.055350773,0.07502012,0.18428047,0.12335334,0.9592293,-0.029473685,0.42590642,0.7237781",0.0
"0.17945278,0.055350773,0.07502012,0.18428047,0.12335334,0.9592293,-0.029473685,0.42590642,0.7237781","0.9079187,0.012170434,0.94672394","0.2661524,0.05702414,0.1767273,0.2309892,0.26434454,0.88582385,-0.029473685,0.42590642,0.7237781",0.0
"0.2661524,0.05702414,0.1767273,0.2309892,0.26434454,0.88582385,-0.029473685,0.42590642,0.7237781","0.984365,0.093886614,0.7785609","0.36015216,0.069933064,0.26036862,0.19057716,0.4191136,0.7843615,-0.029473685,0.42590642,0.7237781",0.0
"0.36015216,0.069933064,0.26036862,0.19057716,0.4191136,0.7843615,-0.029473685,0.42590642,0.7237781","0.9728396,-0.41795826,0.3971994","0.45305127,0.012465947,0.30304006,0.052572552,0.39325342,0.79325116,-0.029473685,0.42590642,0.7237781",0.0
"0.45305127,0.012465947,0.30304006,0.052572552,0.39325342,0.79325116,-0.029473685,0.42590642,0.7237781","0.4555601,-0.1838423,0.42925358","0.49655396,-0.0128114335,0.3491551,-0.0015459451,0.39208,0.7607493,-0.029473685,0.42590642,0.7237781",0.0
"0.49655396,-0.0128114335,0.3491551,-0.0015459451,0.39208,0.7607493,-0.029473685,0.42590642,0.7237781","0.2744093,0.123007655,0.13274658","0.52275807,0.004101475,0.36341617,-0.036598057,0.4299485,0.7252039,-0.029473685,0.42590642,0.7237781",0.0
"0.0,0.0,0.0,2.8652207e-07,0.005789075,0.993462,0.04134503,0.052748535,0.37832105","0.23384178,-0.45943534,0.99727666","0.022330182,-0.06317001,0.1071381,0.011996695,0.006646424,0.9809624,0.04134503,0.052748535,0.37832105",0.0
"0.022330182,-0.06317001,0.1071381,0.011996695,0.006646424,0.9809624,0.04134503,0.052748535,0.37832105","0.8396591,0.40981185,0.8699589","0.102511525,-0.006823008,0.20059834,0.23718771,0.08524433,0.91233736,0.04134503,0.052748535,0.37832105",0.0
"0.102511525,-0.006823008,0.20059834,0.23718771,0.08524433,0.91233736,0.04134503,0.052748535,0.37832105","0.7756182,-0.53619105,0.91787076","0.17657742,-0.080546536,0.29920584,0.18402481,0.12083953,0.86763483,0.04134503,0.052748535,0.37832105",0.0
"0.17657742,-0.080546536,0.29920584,0.18402481,0.12083953,0.86763483,0.04134503,0.052748535,0.37832105","0.39900148,-0.81194997,0.86956024","0.21467914,-0.1921855,0.3926233,0.08391324,0.074500434,0.82229453,0.04134503,0.052748535,0.37832105",0.0
"0.21467914,-0.1921855,0.3926233,0.08391324,0.074500434,0.82229453,0.04134503,0.052748535,0.37832105","0.8483105,-0.39907622,0.9465716","0.2956866,-0.24705645,0.49431416,0.06666852,0.0988642,0.7286915,0.04134503,0.052748535,0.37832105",0.0
"0.2956866,-0.24705645,0.49431416,0.06666852,0.0988642,0.7286915,0.04134503,0.052748535,0.37832105","-0.56866443,-0.5767262,0.9908556","0.24138327,-0.32635337,0.6007625,0.060125865,0.06493022,0.61827946,0.04134503,0.052748535,0.37832105",0.0
"0.24138327,-0.32635337,0.6007625,0.060125865,0.06493022,0.61827946,0.04134503,0.052748535,0.37832105","0.5034249,-0.46126735,0.98030233","0.2894567,-0.38977528,0.70607704,0.0439165,0.06584258,0.48935285,0.04134503,0.052748535,0.37832105",0.0
"0.2894567,-0.38977528,0.70607704,0.0439165,0.06584258,0.48935285,0.04134503,0.052748535,0.37832105","0.101147294,-0.33576035,0.56496453","0.2991155,-0.43594065,0.76677155,0.03184909,0.053393453,0.41058946,0.04134503,0.052748535,0.37832105",0.0
"0.2991155,-0.43594065,0.76677155,0.03184909,0.053393453,0.41058946,0.04134503,0.052748535,0.37832105","-0.20030963,-0.04314834,0.20541632","0.27998742,-0.4418734,0.7888397,0.038065214,0.055091262,0.37924218,0.04134503,0.052748535,0.37832105",0.0
"0.0,0.0,0.0,2.8652207e-07,0.005789075,0.993462,-0.07479533,0.27187133,0.7005036","0.9612086,0.2889347,0.9345765","0.09178844,0.03972703,0.100402154,0.21139166,0.068743706,0.9541538,-0.07479533,0.27187133,0.7005036",0.0
"0.09178844,0.03972703,0.100402154,0.21139166,0.068743706,0.9541538,-0.07479533,0.27187133,0.7005036","0.9893186,-0.75226665,0.9599922","0.18626118,-0.06370578,0.20353477,0.11324652,0.08197764,0.9373939,-0.07479533,0.27187133,0.7005036",0.0
"0.18626118,-0.06370578,0.20353477,0.11324652,0.08197764,0.9373939,-0.07479533,0.27187133,0.7005036","0.97069204,-0.009193599,0.91333914","0.27895522,-0.064969875,0.3016554,0.15715699,0.19775243,0.8562501,-0.07479533,0.27187133,0.7005036",0.0
"0.27895522,-0.064969875,0.3016554,0.15715699,0.19775243,0.8562501,-0.07479533,0.27187133,0.7005036","0.99747586,-0.5766307,0.6645644","0.37420693,-0.14425364,0.37305006,0.06369823,0.16774262,0.82499856,-0.07479533,0.27187133,0.7005036",0.0
"0.37420693,-0.14425364,0.37305006,0.06369823,0.16774262,0.82499856,-0.07479533,0.27187133,0.7005036","0.9182818,0.27587974,0.7779442","0.46189618,-0.106321625,0.4566252,0.032273214,0.31679928,0.7011334,-0.07479533,0.27187133,0.7005036",0.0
"0.46189618,-0.106321625,0.4566252,0.032273214,0.31679928,0.7011334,-0.07479533,0.27187133,0.7005036","0.74556303,-0.21998489,0.22058284","0.5330921,-0.13656844,0.48032263,-0.035538632,0.28481314,0.6915001,-0.07479533,0.27187133,0.7005036",0.0
"0.5330921,-0.13656844,0.48032263,-0.035538632,0.28481314,0.6915001,-0.07479533,0.27187133,0.7005036","0.3077489,-0.04646629,-0.08144754","0.56247985,-0.14295734,0.4715728,-0.058418572,0.26409727,0.70751125,-0.07479533,0.27187133,0.7005036",0.0
"0.56247985,-0.14295734,0.4715728,-0.058418572,0.26409727,0.70751125,-0.07479533,0.27187133,0.7005036","0.16730142,0.06268847,-0.0066170692","0.5784559,-0.13433802,0.470862,-0.0748446,0.27375168,0.7026271,-0.07479533,0.27187133,0.7005036",0.0
"0.0,0.0,0.0,2.8652207e-07,0.005789075,0.993462,0.0029824562,-0.0050877193,0.23331277","-0.8799823,-0.99244267,0.94361186","-0.08403193,-0.13645577,0.10137286,-0.14549883,0.04532571,0.9690969,0.0029824562,-0.0050877193,0.23331277",0.0
"-0.08403193,-0.13645577,0.10137286,-0.14549883,0.04532571,0.9690969,0.0029824562,-0.0050877193,0.23331277","-0.82111603,-0.7693421,0.97992134","-0.16244258,-0.2422364,0.20664647,-0.19344473,0.11492312,0.9174214,0.0029824562,-0.0050877193,0.23331277",0.0
"-0.16244258,-0.2422364,0.20664647,-0.19344473,0.11492312,0.9174214,0.0029824562,-0.0050877193,0.23331277","-0.9356168,-0.7724733,0.60695744","-0.25178722,-0.34844753,0.27185237,-0.2357165,0.2466125,0.84134376,0.0029824562,-0.0050877193,0.23331277",0.0
"-0.25178722,-0.34844753,0.27185237,-0.2357165,0.2466125,0.84134376,0.0029824562,-0.0050877193,0.23331277","-0.56067705,0.03133011,0.7343857","-0.3053278,-0.34413984,0.35074797,-0.12378647,0.18659997,0.8303642,0.0029824562,-0.0050877193,0.23331277",0.0
"-0.3053278,-0.34413984,0.35074797,-0.12378647,0.18659997,0.8303642,0.0029824562,-0.0050877193,0.23331277","-0.6426014,0.5663477,0.9795767","-0.36669156,-0.26627,0.45598456,0.02479624,-0.04146943,0.7741108,0.0029824562,-0.0050877193,0.23331277",0.0
"-0.36669156,-0.26627,0.45598456,0.02479624,-0.04146943,0.7741108,0.0029824562,-0.0050877193,0.23331277","-0.5151801,-0.4757589,0.892431","-0.4158875,-0.33168444,0.5518591,0.015372973,-0.034651168,0.678441,0.0029824562,-0.0050877193,0.23331277",0.0
"-0.4158875,-0.33168444,0.5518591,0.015372973,-0.034651168,0.678441,0.0029824562,-0.0050877193,0.23331277","-0.7805248,-0.79527247,0.6474259","-0.49042195,-0.44103032,0.6214125,0.004092991,0.05645317,0.5979656,0.0029824562,-0.0050877193,0.23331277",0.0
"-0.49042195,-0.44103032,0.6214125,0.004092991,0.05645317,0.5979656,0.0029824562,-0.0050877193,0.23331277","-0.8844787,-0.05910784,0.85497","-0.5748832,-0.44915742,0.7132625,0.0024856413,-0.014467184,0.48621562,0.0029824562,-0.0050877193,0.23331277",0.0
"-0.5748832,-0.44915742,0.7132625,0.0024856413,-0.014467184,0.48621562,0.0029824562,-0.0050877193,0.23331277","-0.79926676,-0.77913254,0.9806489","-0.6512074,-0.5562842,0.8186143,0.016059153,0.018566174,0.34240702,0.0029824562,-0.0050877193,0.23331277",0.0
"-0.6512074,-0.5562842,0.8186143,0.016059153,0.018566174,0.34240702,0.0029824562,-0.0050877193,0.23331277","-0.65093523,-0.068920076,0.55522215","-0.713367,-0.5657604,0.8782622,0.0028192736,-0.005763063,0.25745592,0.0029824562,-0.0050877193,0.23331277",0.0
"-0.713367,-0.5657604,0.8782622,0.0028192736,-0.005763063,0.25745592,0.0029824562,-0.0050877193,0.23331277","-0.16397113,-0.014015734,0.11831081","-0.729025,-0.5676876,0.8909725,-0.00042755005,-0.009273062,0.23875646,0.0029824562,-0.0050877193,0.23331277",0.0
"0.0,0.0,0.0,2.8652207e-07,0.005789075,0.993462,0.121286556,0.08707602,0.6313337","0.89542425,-0.29692924,0.9732717","0.08550651,-0.040826254,0.10455923,0.05322323,0.020655928,0.97980475,0.121286556,0.08707602,0.6313337",0.0
"0.08550651,-0.040826254,0.10455923,0.05322323,0.020655928,0.97980475,0.121286556,0.08707602,0.6313337","0.76782393,-0.39543104,0.8593687","0.15882811,-0.095196016,0.1968818,0.055027228,0.036581203,0.9491992,0.121286556,0.08707602,0.6313337",0.0
"0.15882811,-0.095196016,0.1968818,0.055027228,0.036581203,0.9491992,0.121286556,0.08707602,0.6313337","0.2471807,-0.084207594,0.7911861","0.18243204,-0.10677415,0.28187945,0.12208411,0.08568202,0.8948769,0.121286556,0.08707602,0.6313337",0.0
"0.18243204,-0.10677415,0.28187945,0.12208411,0.08568202,0.8948769,0.121286556,0.08707602,0.6313337","0.09963167,-0.13144451,0.98990655","0.19194613,-0.124847114,0.38822582,0.18597388,0.13508613,0.7988317,0.121286556,0.08707602,0.6313337",0.0
"0.19194613,-0.124847114,0.38822582,0.18597388,0.13508613,0.7988317,0.121286556,0.08707602,0.6313337","-0.19707453,-0.6285092,0.88246644","0.17312692,-0.21126392,0.4830298,0.14082511,0.09192765,0.7295602,0.121286556,0.08707602,0.6313337",0.0
"0.17312692,-0.21126392,0.4830298,0.14082511,0.09192765,0.7295602,0.121286556,0.08707602,0.6313337","0.13761628,-0.45759404,0.85405815","0.18626827,-0.27418077,0.5747819,0.117072344,0.08451656,0.6373314,0.121286556,0.08707602,0.6313337",0.0
"0.0,0.0,0.0,2.8652207e-07,0.005789075,0.993462,0.13461989,0.0974269,0.3483126","-0.1541974,-0.6862982,0.9880924","-0.014724746,-0.09436249,0.106151424,-0.05548849,0.00836396,0.9795049,0.13461989,0.0974269,0.3483126",0.0
"-0.014724746,-0.09436249,0.106151424,-0.05548849,0.00836396,0.9795049,0.13461989,0.0974269,0.3483126","0.9715589,0.49960208,0.9856534","0.07805207,-0.0256698,0.21204081,0.21951993,0.060901184,0.91417056,0.13461989,0.0974269,0.3483126",0.0
"0.07805207,-0.0256698,0.21204081,0.21951993,0.060901184,0.91417056,0.13461989,0.0974269,0.3483126","0.7471919,-0.06597346,0.98271847","0.14940347,-0.034740824,0.31761494,0.28733665,0.15221909,0.8178499,0.13461989,0.0974269,0.3483126",0.0
"0.14940347,-0.034740824,0.31761494,0.28733665,0.15221909,0.8178499,0.13461989,0.0974269,0.3483126","-0.05238664,-0.713549,0.9884126","0.14440092,-0.13285016,0.4238008,0.22076139,0.114076056,0.76169854,0.13461989,0.0974269,0.3483126",0.0
"0.14440092,-0.13285016,0.4238008,0.22076139,0.114076056,0.76169854,0.13461989,0.0974269,0.3483126","0.24670541,-0.6385224,0.983392","0.1679595,-0.22064373,0.52944726,0.16221653,0.10123681,0.6750893,0.13461989,0.0974269,0.3483126",0.0
"0.1679595,-0.22064373,0.52944726,0.16221653,0.10123681,0.6750893,0.13461989,0.0974269,0.3483126","0.23332119,-0.23128438,0.9853151","0.19023998,-0.25244415,0.6353004,0.17156486,0.12378818,0.5431503,0.13461989,0.0974269,0.3483126",0.0
"0.19023998,-0.25244415,0.6353004,0.17156486,0.12378818,0.5431503,0.13461989,0.0974269,0.3483126","-0.17905682,-0.45095348,0.94874775","0.17314136,-0.31444794,0.737225,0.14859329,0.09663469,0.41953775,0.13461989,0.0974269,0.3483126",0.0
"0.17314136,-0.31444794,0.737225,0.14859329,0.09663469,0.41953775,0.13461989,0.0974269,0.3483126","-0.15612519,-0.23339355,0.5892143","0.15823252,-0.3465384,0.8005247,0.13688469,0.08085286,0.3349887,0.13461989,0.0974269,0.3483126",0.0
"0.15823252,-0.3465384,0.8005247,0.13688469,0.08085286,0.3349887,0.13461989,0.0974269,0.3483126","0.16225123,0.17036092,-0.21968657","0.17372635,-0.32311466,0.7769237,0.14824034,0.09680139,0.36205795,0.13461989,0.0974269,0.3483126",0.0
"0.17372635,-0.32311466,0.7769237,0.14824034,0.09680139,0.36205795,0.13461989,0.0974269,0.3483126","0.02134931,-0.012574792,0.112986684","0.17576505,-0.32484365,0.789062,0.14757784,0.09772448,0.3439366,0.13461989,0.0974269,0.3483126",0.0
"0.0,0.0,0.0,2.8652207e-07,0.005789075,0.993462,-0.42596492,-0.06520468,0.47972226","-0.7318407,-0.99008805,0.6432462","-0.069885485,-0.13613203,0.06910437,-0.19058053,0.048459332,0.96624786,-0.42596492,-0.06520468,0.47972226",0.0
"-0.069885485,-0.13613203,0.06910437,-0.19058053,0.048459332,0.96624786,-0.42596492,-0.06520468,0.47972226","0.50814474,-0.5522948,0.7853011","-0.021361362,-0.21206975,0.15346983,-0.23672783,0.021712622,0.9350436,-0.42596492,-0.06520468,0.47972226",0.0
"-0.021361362,-0.21206975,0.15346983,-0.23672783,0.021712622,0.9350436,-0.42596492,-0.06520468,0.47972226","0.47295773,-0.8162931,0.8722563","0.023802662,-0.3243059,0.24717693,-0.32939658,-0.018872261,0.8607485,-0.42596492,-0.06520468,0.47972226",0.0
"0.023802662,-0.3243059,0.24717693,-0.32939658,-0.018872261,0.8607485,-0.42596492,-0.06520468,0.47972226","0.70903325,-0.9035256,0.90696335","0.0915102,-0.44853607,0.34461263,-0.40266627,-0.11302306,0.74928176,-0.42596492,-0.06520468,0.47972226",0.0
"0.0915102,-0.44853607,0.34461263,-0.40266627,-0.11302306,0.74928176,-0.42596492,-0.06520468,0.47972226","-0.765066,-0.9271045,0.8033575","0.018451942,-0.5760082,0.43091786,-0.49620548,-0.02299763,0.61085343,-0.42596492,-0.06520468,0.47972226",0.0
"0.018451942,-0.5760082,0.43091786,-0.49620548,-0.02299763,0.61085343,-0.42596492,-0.06520468,0.47972226","0.54170966,-0.41871786,0.9089365","0.07018128,-0.6335798,0.5285655,-0.42931852,-0.09028798,0.5420308,-0.42596492,-0.06520468,0.47972226",0.0
"0.07018128,-0.6335798,0.5285655,-0.42931852,-0.09028798,0.5420308,-0.42596492,-0.06520468,0.47972226","-0.115198016,-0.3094355,0.50418806","0.05918071,-0.67612565,0.5827308,-0.41006932,-0.07124076,0.4872806,-0.42596492,-0.06520468,0.47972226",0.0
"0.05918071,-0.67612565,0.5827308,-0.41006932,-0.07124076,0.4872806,-0.42596492,-0.06520468,0.47972226","-0.028435588,-0.078065336,-0.03790486","0.056465317,-0.6868593,0.5786587,-0.42858282,-0.07095309,0.47699866,-0.42596492,-0.06520468,0.47972226",0.0
"0.0,0.0,0.0,2.8652207e-07,0.005789075,0.993462,0.088245615,0.024152046,0.51554936","0.5954758,-0.07753289,0.9348836","0.05686361,-0.010660384,0.10043515,0.11282668,0.026255455,0.97492486,0.088245615,0.024152046,0.51554936",0.0
"0.05686361,-0.010660384,0.10043515,0.11282668,0.026255455,0.97492486,0.088245615,0.024152046,0.51554936","0.8216038,-0.045159042,0.8130286","0.1353208,-0.016869534,0.18777935,0.19443543,0.09438185,0.927953,0.088245615,0.024152046,0.51554936",0.0
"0.1353208,-0.016869534,0.18777935,0.19443543,0.09438185,0.927953,0.088245615,0.024152046,0.51554936","0.741657,-0.6839699,0.92753386","0.20614363,-0.1109119,0.28742495,0.11409589,0.093567334,0.89179385,0.088245615,0.024152046,0.51554936",0.0
"0.20614363,-0.1109119,0.28742495,0.11409589,0.093567334,0.89179385,0.088245615,0.024152046,0.51554936","-0.72765386,-0.714736,0.93742216","0.13665797,-0.20918445,0.3881329,0.0664628,0.036794048,0.8304442,0.088245615,0.024152046,0.51554936",0.0
"0.13665797,-0.20918445,0.3881329,0.0664628,0.036794048,0.8304442,0.088245615,0.024152046,0.51554936","-0.6321121,-0.4592557,0.8128612","0.07629584,-0.27232978,0.47545916,0.055062912,0.019416299,0.7550139,0.088245615,0.024152046,0.51554936",0.0
"0.07629584,-0.27232978,0.47545916,0.055062912,0.019416299,0.7550139,0.088245615,0.024152046,0.51554936","-0.20117843,-0.18356359,0.9533286","0.057084747,-0.29756886,0.5778759,0.10927327,0.025693087,0.6406189,0.088245615,0.024152046,0.51554936",0.0
"0.057084747,-0.29756886,0.5778759,0.10927327,0.025693087,0.6406189,0.088245615,0.024152046,0.51554936","0.060789347,-0.4410534,0.7009065","0.06288968,-0.35821143,0.6531748,0.080963604,0.022111872,0.5559673,0.088245615,0.024152046,0.51554936",0.0
"0.06288968,-0.35821143,0.6531748,0.080963604,0.022111872,0.5559673,0.088245615,0.024152046,0.51554936","0.017906666,-0.060177922,0.304819","0.06459963,-0.3664856,0.6859217,0.09166266,0.024772784,0.5127216,0.088245615,0.024152046,0.51554936",0.0
"0.0,0.0,0.0,2.8652207e-07,0.005789075,0.993462,-0.121286556,0.08707602,0.6313337","-0.7102177,-0.9728546,0.984993","-0.06782065,-0.13376252,0.10581846,-0.13596357,0.035338685,0.97009635,-0.121286556,0.08707602,0.6313337",0.0
"-0.06782065,-0.13376252,0.10581846,-0.13596357,0.035338685,0.97009635,-0.121286556,0.08707602,0.6313337","-0.8874829,-0.8732418,0.37470555","-0.15256883,-0.2538288,0.14607337,-0.29244968,0.15852045,0.9049407,-0.121286556,0.08707602,0.6313337",0.0
"-0.15256883,-0.2538288,0.14607337,-0.29244968,0.15852045,0.9049407,-0.121286556,0.08707602,0.6313337","0.10820472,-0.25224143,0.97114253","-0.14223608,-0.28851077,0.25040388,-0.22843492,0.115879625,0.88621134,-0.121286556,0.08707602,0.6313337",0.0
"-0.14223608,-0.28851077,0.25040388,-0.22843492,0.115879625,0.88621134,-0.121286556,0.08707602,0.6313337","-0.17548436,-0.24552107,0.9244684","-0.15899357,-0.3222687,0.34972018,-0.15919732,0.09346027,0.84165794,-0.121286556,0.08707602,0.6313337",0.0
"-0.15899357,-0.3222687,0.34972018,-0.15919732,0.09346027,0.84165794,-0.121286556,0.08707602,0.6313337","0.16725993,-0.3313095,0.95921874","-0.14302146,-0.3678221,0.45276973,-0.1169026,0.06279888,0.76634324,-0.121286556,0.08707602,0.6313337",0.0
"-0.14302146,-0.3678221,0.45276973,-0.1169026,0.06279888,0.76634324,-0.121286556,0.08707602,0.6313337","-0.22128212,-0.4996208,0.83750284","-0.16415231,-0.43651745,0.54274327,-0.115209244,0.07196302,0.6749434,-0.121286556,0.08707602,0.6313337",0.0
"-0.16415231,-0.43651745,0.54274327,-0.115209244,0.07196302,0.6749434,-0.121286556,0.08707602,0.6313337","-0.21686316,-0.26424974,0.33628535","-0.18486117,-0.47285047,0.5788707,-0.12060968,0.08607507,0.63173044,-0.121286556,0.08707602,0.6313337",0.0
"0.0,0.0,0.0,2.8652207e-07,0.005789075,0.993462,0.34040937,0.25760233,0.7237781","0.85204244,0.80213916,0.296139","0.08136388,0.11029001,0.03181439,0.26899976,0.07628106,0.9474758,0.34040937,0.25760233,0.7237781",0.0
"0.08136388,0.11029001,0.03181439,0.26899976,0.07628106,0.9474758,0.34040937,0.25760233,0.7237781","0.37774074,0.49555647,0.93861413","0.11743538,0.17842649,0.13265029,0.49403998,0.19722128,0.79841435,0.34040937,0.25760233,0.7237781",0.0
"0.11743538,0.17842649,0.13265029,0.49403998,0.19722128,0.79841435,0.34040937,0.25760233,0.7237781","0.5497669,-0.64794683,0.6550621","0.16993412,0.08933713,0.20302404,0.37655944,0.22931695,0.82846814,0.34040937,0.25760233,0.7237781",0.0
"0.16993412,0.08933713,0.20302404,0.37655944,0.22931695,0.82846814,0.34040937,0.25760233,0.7237781","0.08638656,-0.3396926,0.800339","0.17818342,0.04263115,0.289005,0.36771986,0.23726138,0.7795332,0.34040937,0.25760233,0.7237781",0.0
"0.17818342,0.04263115,0.289005,0.36771986,0.23726138,0.7795332,0.34040937,0.25760233,0.7237781","0.2758659,-0.11117506,0.5223112","0.20452662,0.027345147,0.34511724,0.3619204,0.27812877,0.72442657,0.34040937,0.25760233,0.7237781",0.0
"0.20452662,0.027345147,0.34511724,0.3619204,0.27812877,0.72442657,0.34040937,0.25760233,0.7237781","-0.091795206,-0.23547906,0.2140311","0.19576085,-0.0050320206,0.36811078,0.33956876,0.24695578,0.72844106,0.34040937,0.25760233,0.7237781",0.0
"0.0,0.0,0.0,2.8652207e-07,0.005789075,0.993462,-0.07672515,0.27947366,0.43591902","0.99097323,0.8959801,0.9884361","0.09463076,0.12319266,0.10618832,0.37987447,0.12243742,0.88665557,-0.07672515,0.27947366,0.43591902",0.0
"0.09463076,0.12319266,0.10618832,0.37987447,0.12243742,0.88665557,-0.07672515,0.27947366,0.43591902","0.9898052,-0.34535825,0.7810606","0.18914998,0.07570768,0.19009818,0.3297204,0.2297804,0.85591745,-0.07672515,0.27947366,0.43591902",0.0
"0.18914998,0.07570768,0.19009818,0.3297204,0.2297804,0.85591745,-0.07672515,0.27947366,0.43591902","0.97502804,-0.708436,0.93620646","0.2822581,-0.021698635,0.29067546,0.1994113,0.2537202,0.837346,-0.07672515,0.27947366,0.43591902",0.0
"0.2822581,-0.021698635,0.29067546,0.1994113,0.2537202,0.837346,-0.07672515,0.27947366,0.43591902","0.97742534,-0.07162112,0.9168526","0.3755951,-0.031546183,0.38917357,0.14380102,0.36420938,0.72670656,-0.07672515,0.27947366,0.43591902",0.0
"0.3755951,-0.031546183,0.38917357,0.14380102,0.36420938,0.72670656,-0.07672515,0.27947366,0.43591902","0.9560454,-0.9643674,0.98956895","0.46689048,-0.16414174,0.49548367,0.020641878,0.2534963,0.6893572,-0.07672515,0.27947366,0.43591902",0.0
"0.46689048,-0.16414174,0.49548367,0.020641878,0.2534963,0.6893572,-0.07672515,0.27947366,0.43591902","0.8666549,0.18398917,0.93020034","0.5496497,-0.13884419,0.5954157,-0.058769397,0.33644027,0.52641857,-0.07672515,0.27947366,0.43591902",0.0
"0.5496497,-0.13884419,0.5954157,-0.058769397,0.33644027,0.52641857,-0.07672515,0.27947366,0.43591902","0.33334517,-0.58860874,0.7208227","0.5814818,-0.2197749,0.6728542,-0.07262114,0.2546027,0.467501,-0.07672515,0.27947366,0.43591902",0.0
"0.5814818,-0.2197749,0.6728542,-0.07262114,0.2546027,0.467501,-0.07672515,0.27947366,0.43591902","0.011321425,0.054644227,0.11166978","0.58256286,-0.21226162,0.684851,-0.07627024,0.26484838,0.44402495,-0.07672515,0.27947366,0.43591902",0.0
"0.0,0.0,0.0,2.8652207e-07,0.005789075,0.993462,-0.47181287,-0.24871345,0.78797925","0.6357124,-0.9381821,0.13154185","0.06070591,-0.12899522,0.014131647,-0.25350687,-0.043046035,0.95543754,-0.47181287,-0.24871345,0.78797925",0.0
"0.06070591,-0.12899522,0.014131647,-0.25350687,-0.043046035,0.95543754,-0.47181287,-0.24871345,0.78797925","0.7241378,-0.90075946,0.5644959","0.1298558,-0.25284505,0.074775845,-0.39433873,-0.1641272,0.8789671,-0.47181287,-0.24871345,0.78797925",0.0
"0.1298558,-0.25284505,0.074775845,-0.39433873,-0.1641272,0.8789671,-0.47181287,-0.24871345,0.78797925","0.72767663,-0.69510174,0.21951091","0.19934364,-0.348418,0.0983581,-0.46834546,-0.33165532,0.7767611,-0.47181287,-0.24871345,0.78797925",0.0
"0.19934364,-0.348418,0.0983581,-0.46834546,-0.33165532,0.7767611,-0.47181287,-0.24871345,0.78797925","-0.5630672,-0.032631755,0.2843001","0.14557481,-0.35290477,0.12890069,-0.4900434,-0.23471646,0.79128426,-0.47181287,-0.24871345,0.78797925",0.0
"0.14557481,-0.35290477,0.12890069,-0.4900434,-0.23471646,0.79128426,-0.47181287,-0.24871345,0.78797925","-0.10581827,0.07016742,0.13782036","0.13546991,-0.34325716,0.14370689,-0.46398056,-0.20396453,0.81218874,-0.47181287,-0.24871345,0.78797925",0.0
"0.13546991,-0.34325716,0.14370689,-0.46398056,-0.20396453,0.81218874,-0.47181287,-0.24871345,0.78797925","0.24395049,-0.15647852,0.58582664","0.1587654,-0.3647722,0.20664267,-0.40814868,-0.2157328,0.8142001,-0.47181287,-0.24871345,0.78797925",0.0
"0.1587654,-0.3647722,0.20664267,-0.40814868,-0.2157328,0.8142001,-0.47181287,-0.24871345,0.78797925","0.07341313,-0.2541331,-0.0008555651","0.16577582,-0.39971426,0.20655084,-0.45732993,-0.25566223,0.7721436,-0.47181287,-0.24871345,0.78797925",0.0
"0.16577582,-0.39971426,0.20655084,-0.45732993,-0.25566223,0.7721436,-0.47181287,-0.24871345,0.78797925","-0.2606609,0.067183375,0.09554279","0.1408846,-0.39047694,0.21681513,-0.44879642,-0.2063069,0.7878988,-0.47181287,-0.24871345,0.78797925",0.0
"0.1408846,-0.39047694,0.21681513,-0.44879642,-0.2063069,0.7878988,-0.47181287,-0.24871345,0.78797925","0.24718511,-0.11988258,0.07284999","0.16448897,-0.40696025,0.2246415,-0.4481792,-0.2480261,0.7707352,-0.47181287,-0.24871345,0.78797925",0.0
"0.16448897,-0.40696025,0.2246415,-0.4481792,-0.2480261,0.7707352,-0.47181287,-0.24871345,0.78797925","-0.040997446,0.044475317,-0.0067514777","0.16057402,-0.40084517,0.22391626,-0.44273007,-0.2378215,0.77801806,-0.47181287,-0.24871345,0.78797925",0.0
"0.16057402,-0.40084517,0.22391626,-0.44273007,-0.2378215,0.77801806,-0.47181287,-0.24871345,0.78797925","0.26456523,-0.08499789,-0.02146548","0.18583806,-0.41253197,0.22161028,-0.44197682,-0.28505552,0.76241446,-0.47181287,-0.24871345,0.78797925",0.0
"0.18583806,-0.41253197,0.22161028,-0.44197682,-0.28505552,0.76241446,-0.47181287,-0.24871345,0.78797925","-0.32211125,0.15189981,-0.0891428","0.15507878,-0.3916466,0.21203369,-0.44668663,-0.23009932,0.7845987,-0.47181287,-0.24871345,0.78797925",0.0
"0.15507878,-0.3916466,0.21203369,-0.44668663,-0.23009932,0.7845987,-0.47181287,-0.24871345,0.78797925","0.15525866,-0.09673935,0.11735284","0.16990484,-0.4049478,0.22464104,-0.44088602,-0.2538375,0.77324075,-0.47181287,-0.24871345,0.78797925",0.0
"0.16990484,-0.4049478,0.22464104,-0.44088602,-0.2538375,0.77324075,-0.47181287,-0.24871345,0.78797925","-0.22506982,0.041141868,-0.033953547","0.14841232,-0.39929104,0.22099344,-0.45259333,-0.22129099,0.778789,-0.47181287,-0.24871345,0.78797925",0.0
"0.14841232,-0.39929104,0.22099344,-0.45259333,-0.22129099,0.778789,-0.47181287,-0.24871345,0.78797925","0.15448439,-0.04640782,-0.09489298","0.16316445,-0.40567192,0.2107991,-0.4634579,-0.2541788,0.76642966,-0.47181287,-0.24871345,0.78797925",0.0
"0.16316445,-0.40567192,0.2107991,-0.4634579,-0.2541788,0.76642966,-0.47181287,-0.24871345,0.78797925","0.03328824,0.09132826,-0.028939128","0.16634323,-0.39311484,0.20769022,-0.4455675,-0.24996494,0.78097486,-0.47181287,-0.24871345,0.78797925",0.0
"0.16634323,-0.39311484,0.20769022,-0.4455675,-0.24996494,0.78097486,-0.47181287,-0.24871345,0.78797925","0.08786237,-0.04269409,-0.036840796","0.17473346,-0.3989851,0.20373246,-0.4520831,-0.26973101,0.7717838,-0.47181287,-0.24871345,0.78797925",0.0
"0.17473346,-0.3989851,0.20373246,-0.4520831,-0.26973101,0.7717838,-0.47181287,-0.24871345,0.78797925","-0.09484267,0.10941017,-0.10005164","0.16567667,-0.38394183,0.19298391,-0.4491676,-0.25079536,0.78591937,-0.47181287,-0.24871345,0.78797925",0.0
"0.16567667,-0.38394183,0.19298391,-0.4491676,-0.25079536,0.78591937,-0.47181287,-0.24871345,0.78797925","-0.040230274,-0.08037871,0.041608214","0.16183496,-0.3949935,0.19745398,-0.46387866,-0.25188628,0.7739634,-0.47181287,-0.24871345,0.78797925",0.0
"0.0,0.0,0.0,2.8652207e-07,0.005789075,0.993462,-0.2080117,0.06526316,0.47566882","-0.5222411,-0.9170578,0.8472408","-0.04987025,-0.12609075,0.091019645,-0.14203703,0.02829804,0.972564,-0.2080117,0.06526316,0.47566882",0.0
"-0.04987025,-0.12609075,0.091019645,-0.14203703,0.02829804,0.972564,-0.2080117,0.06526316,0.47566882","-0.83516943,-0.96975744,0.8956628","-0.12962288,-0.25942746,0.18724132,-0.26086342,0.11882383,0.90677625,-0.2080117,0.06526316,0.47566882",0.0
"-0.12962288,-0.25942746,0.18724132,-0.26086342,0.11882383,0.90677625,-0.2080117,0.06526316,0.47566882","0.5043268,-0.9528418,0.987376","-0.08146332,-0.39043835,0.2933158,-0.37415683,0.10388716,0.80453306,-0.2080117,0.06526316,0.47566882",0.0
"-0.08146332,-0.39043835,0.2933158,-0.37415683,0.10388716,0.80453306,-0.2080117,0.06526316,0.47566882","-0.40016353,-0.546376,0.6980207","-0.11967604,-0.46556228,0.3683047,-0.3826249,0.15726572,0.73207366,-0.2080117,0.06526316,0.47566882",0.0
"-0.11967604,-0.46556228,0.3683047,-0.3826249,0.15726572,0.73207366,-0.2080117,0.06526316,0.47566882","0.8004308,-0.67853224,0.98535275","-0.043240707,-0.558857,0.4741618,-0.40710607,0.06148894,0.6281278,-0.2080117,0.06526316,0.47566882",0.0
"-0.043240707,-0.558857,0.4741618,-0.40710607,0.06148894,0.6281278,-0.2080117,0.06526316,0.47566882","-0.59108484,0.26837718,0.71974444","-0.09968502,-0.5219566,0.5514844,-0.23940755,0.08361184,0.6279106,-0.2080117,0.06526316,0.47566882",0.0
"-0.09968502,-0.5219566,0.5514844,-0.23940755,0.08361184,0.6279106,-0.2080117,0.06526316,0.47566882","0.26438653,-0.70421195,0.70597625","-0.07443803,-0.61878216,0.6273279,-0.27753553,0.072063535,0.5174479,-0.2080117,0.06526316,0.47566882",0.0
"-0.07443803,-0.61878216,0.6273279,-0.27753553,0.072063535,0.5174479,-0.2080117,0.06526316,0.47566882","-0.24534082,0.09210646,0.46845376","-0.0978663,-0.606118,0.6776542,-0.19767477,0.06884083,0.48845676,-0.2080117,0.06526316,0.47566882",0.0
"0.0,0.0,0.0,2.8652207e-07,0.005789075,0.993462,0.07269006,-0.0057894737,0.2237676","-0.31722522,0.02856052,0.9780537","-0.030292707,0.0039269156,0.105072945,0.15279967,-0.008770271,0.96814686,0.07269006,-0.0057894737,0.2237676",0.0
"-0.030292707,0.0039269156,0.105072945,0.15279967,-0.008770271,0.96814686,0.07269006,-0.0057894737,0.2237676","0.2634411,-0.47758448,0.9850267","-0.005136006,-0.06173851,0.21089505,0.15308878,0.0033195221,0.9317792,0.07269006,-0.0057894737,0.2237676",0.0
"-0.005136006,-0.06173851,0.21089505,0.15308878,0.0033195221,0.9317792,0.07269006,-0.0057894737,0.2237676","-0.18227822,-0.43776017,0.99255145","-0.022542266,-0.12192831,0.31752554,0.16087374,-0.0056082937,0.86977637,0.07269006,-0.0057894737,0.2237676",0.0
"-0.022542266,-0.12192831,0.31752554,0.16087374,-0.0056082937,0.86977637,0.07269006,-0.0057894737,0.2237676","0.77063596,-0.2866447,0.81025124","0.051047865,-0.1613405,0.40457138,0.17720942,0.034529988,0.79887843,0.07269006,-0.0057894737,0.2237676",0.0
"0.051047865,-0.1613405,0.40457138,0.17720942,0.034529988,0.79887843,0.07269006,-0.0057894737,0.2237676","-0.017084718,-0.37756228,0.9663377","0.04941639,-0.2132534,0.5083857,0.1831195,0.034519,0.69890964,0.07269006,-0.0057894737,0.2237676",0.0
"0.04941639,-0.2132534,0.5083857,0.1831195,0.034519,0.69890964,0.07269006,-0.0057894737,0.2237676","-0.6411269,-0.5284222,0.9384507","-0.011806583,-0.28590876,0.6092042,0.15181431,0.0001596581,0.5951838,0.07269006,-0.0057894737,0.2237676",0.0
"-0.011806583,-0.28590876,0.6092042,0.15181431,0.0001596581,0.5951838,0.07269006,-0.0057894737,0.2237676","-0.33797628,-0.2820059,0.91327524","-0.044080876,-0.32468313,0.7073179,0.15486339,-0.015738964,0.46890035,0.07269006,-0.0057894737,0.2237676",0.0
"-0.044080876,-0.32468313,0.7073179,0.15486339,-0.015738964,0.46890035,0.07269006,-0.0057894737,0.2237676","-0.072225034,-0.48045063,0.8000269","-0.05097785,-0.39074263,0.79326534,0.1165497,-0.012962585,0.3610977,0.07269006,-0.0057894737,0.2237676",0.0
"-0.05097785,-0.39074263,0.79326534,0.1165497,-0.012962585,0.3610977,0.07269006,-0.0057894737,0.2237676","-0.15690374,-0.19194424,0.87832534","-0.065961026,-0.41713402,0.8876245,0.10866171,-0.01692923,0.22229166,0.07269006,-0.0057894737,0.2237676",0.0
"-0.065961026,-0.41713402,0.8876245,0.10866171,-0.01692923,0.22229166,0.07269006,-0.0057894737,0.2237676","-0.45294857,-0.28393984,0.06964755","-0.109214336,-0.4561743,0.89510685,0.08136361,-0.022918448,0.2198586,0.07269006,-0.0057894737,0.2237676",0.0
"-0.109214336,-0.4561743,0.89510685,0.08136361,-0.022918448,0.2198586,0.07269006,-0.0057894737,0.2237676","0.5019219,-0.035103798,-0.009787321","-0.061284445,-0.46100098,0.8940555,0.080639884,-0.00982207,0.22246888,0.07269006,-0.0057894737,0.2237676",0.0
"0.0,0.0,0.0,2.8652207e-07,0.005789075,0.993462,-0.0036842106,0.008596491,0.64963955","0.06940079,-0.6089606,0.93620634","0.006627258,-0.08372897,0.10057727,-0.040877514,0.0049391678,0.98157734,-0.0036842106,0.008596491,0.64963955",0.0
"0.006627258,-0.08372897,0.10057727,-0.040877514,0.0049391678,0.98157734,-0.0036842106,0.008596491,0.64963955","-0.17389911,-0.49093485,0.9778838","-0.009978861,-0.15123002,0.20563199,-0.03899224,0.0070147826,0.94706684,-0.0036842106,0.008596491,0.64963955",0.0
"-0.009978861,-0.15123002,0.20563199,-0.03899224,0.0070147826,0.94706684,-0.0036842106,0.008596491,0.64963955","-0.4816835,-0.71667,0.9653392","-0.05597615,-0.24976851,0.30933905,-0.09687662,0.023093807,0.8852605,-0.0036842106,0.008596491,0.64963955",0.0
"-0.05597615,-0.24976851,0.30933905,-0.09687662,0.023093807,0.8852605,-0.0036842106,0.008596491,0.64963955","0.43280864,-0.28770244,0.97384524","-0.014646075,-0.28932616,0.41395992,-0.040850386,0.007676272,0.8117931,-0.0036842106,0.008596491,0.64963955",0.0
"-0.014646075,-0.28932616,0.41395992,-0.040850386,0.007676272,0.8117931,-0.0036842106,0.008596491,0.64963955","-0.010733962,-0.4320259,0.8989812","-0.015671097,-0.34872758,0.5105381,-0.031979322,0.0073718876,0.72207445,-0.0036842106,0.008596491,0.64963955",0.0
"-0.015671097,-0.34872758,0.5105381,-0.031979322,0.0073718876,0.72207445,-0.0036842106,0.008596491,0.64963955","0.587818,-0.13769346,0.54614043","0.040461253,-0.36765978,0.56921035,-0.0017306175,0.005615093,0.6605547,-0.0036842106,0.008596491,0.64963955",0.0
"0.0,0.0,0.0,2.8652207e-07,0.005789075,0.993462,-0.02894737,0.02222222,0.3823091","-0.86624265,-0.39804804,0.97804546","-0.08271989,-0.054729573,0.10507207,0.028250704,-0.0015211318,0.98108745,-0.02894737,0.02222222,0.3823091",0.0
"-0.08271989,-0.054729573,0.10507207,0.028250704,-0.0015211318,0.98108745,-0.02894737,0.02222222,0.3823091","-0.3008604,-0.7571142,0.99203944","-0.1114499,-0.15882891,0.21164754,-0.04198963,0.021496667,0.943998,-0.02894737,0.02222222,0.3823091",0.0
"-0.1114499,-0.15882891,0.21164754,-0.04198963,0.021496667,0.943998,-0.02894737,0.02222222,0.3823091","-0.38465846,-0.85982287,0.4488963","-0.148182,-0.27705017,0.25987282,-0.19434595,0.10410897,0.8914627,-0.02894737,0.02222222,0.3823091",0.0
"-0.148182,-0.27705017,0.25987282,-0.19434595,0.10410897,0.8914627,-0.02894737,0.02222222,0.3823091","0.041605473,-0.35648835,0.9914744","-0.144209,-0.32606554,0.36638764,-0.14969449,0.07931271,0.8325166,-0.02894737,0.02222222,0.3823091",0.0
"-0.144209,-0.32606554,0.36638764,-0.14969449,0.07931271,0.8325166,-0.02894737,0.02222222,0.3823091","0.3131492,0.3655305,0.79687464","-0.114305526,-0.27580702,0.45199648,0.02729082,-0.0040607755,0.7788799,-0.02894737,0.02222222,0.3823091",0.0
"-0.114305526,-0.27580702,0.45199648,0.02729082,-0.0040607755,0.7788799,-0.02894737,0.02222222,0.3823091","-0.5870129,-0.8655066,0.9983008","-0.17036101,-0.39480975,0.55924463,-0.042416934,0.031880576,0.66931164,-0.02894737,0.02222222,0.3823091",0.0
"-0.17036101,-0.39480975,0.55924463,-0.042416934,0.031880576,0.66931164,-0.02894737,0.02222222,0.3823091","0.55836153,-0.22884595,0.970446","-0.11704154,-0.42627496,0.66350025,0.004394932,0.004510991,0.54969186,-0.02894737,0.02222222,0.3823091",0.0
"-0.11704154,-0.42627496,0.66350025,0.004394932,0.004510991,0.54969186,-0.02894737,0.02222222,0.3823091","-0.054911256,-0.81080127,0.8850974","-0.12228517,-0.537756,0.7585869,-0.04453294,0.02424717,0.4232875,-0.02894737,0.02222222,0.3823091",0.0
"-0.12228517,-0.537756,0.7585869,-0.04453294,0.02424717,0.4232875,-0.02894737,0.02222222,0.3823091","-0.051680565,-0.11690688,0.3247156","-0.12722029,-0.55383015,0.7934714,-0.033989362,0.020642081,0.37643194,-0.02894737,0.02222222,0.3823091",0.0
"0.0,0.0,0.0,2.8652207e-07,0.005789075,0.993462,0.15906434,0.2328655,0.7005036","0.95700526,0.4233873,0.94937825","0.091387056,0.05821357,0.10199231,0.25034612,0.079952985,0.94227546,0.15906434,0.2328655,0.7005036",0.0
"0.091387056,0.05821357,0.10199231,0.25034612,0.079952985,0.94227546,0.15906434,0.2328655,0.7005036","0.6967771,-0.23999882,0.8920789","0.1579242,0.02521496,0.19782893,0.2721205,0.15387999,0.8926266,0.15906434,0.2328655,0.7005036",0.0
"0.1579242,0.02521496,0.19782893,0.2721205,0.15387999,0.8926266,0.15906434,0.2328655,0.7005036","0.7742803,-0.33207726,0.9295032","0.23186235,-0.020443968,0.2976861,0.24387318,0.2253106,0.8286829,0.15906434,0.2328655,0.7005036",0.0
"0.23186235,-0.020443968,0.2976861,0.24387318,0.2253106,0.8286829,0.15906434,0.2328655,0.7005036","0.41074002,-0.4252839,0.6585685","0.27108505,-0.07891833,0.3684366,0.18876562,0.22437854,0.79242104,0.15906434,0.2328655,0.7005036",0.0
"0.27108505,-0.07891833,0.3684366,0.18876562,0.22437854,0.79242104,0.15906434,0.2328655,0.7005036","0.004899502,-0.2594126,0.73255944","0.27155292,-0.11458625,0.447136,0.19168057,0.22837287,0.71997625,0.15906434,0.2328655,0.7005036",0.0
"0.27155292,-0.11458625,0.447136,0.19168057,0.22837287,0.71997625,0.15906434,0.2328655,0.7005036","0.42056632,-0.13916266,0.2323457","0.31171393,-0.13372043,0.47209713,0.15446407,0.24032371,0.7005513,0.15906434,0.2328655,0.7005036",0.0
"0.0,0.0,0.0,2.8652207e-07,0.005789075,0.993462,0.57730997,-0.0057894737,0.47593033","-0.05327314,0.86044776,0.96346164","-0.005087193,0.11830715,0.10350528,0.38632637,-0.00038481702,0.89354646,0.57730997,-0.0057894737,0.47593033",0.0
"-0.005087193,0.11830715,0.10350528,0.38632637,-0.00038481702,0.89354646,0.57730997,-0.0057894737,0.47593033","0.04484129,0.6680932,0.7754139","-0.0008051718,0.21016653,0.1868085,0.63406503,0.004185309,0.68866843,0.57730997,-0.0057894737,0.47593033",0.0
"-0.0008051718,0.21016653,0.1868085,0.63406503,0.004185309,0.68866843,0.57730997,-0.0057894737,0.47593033","0.04326892,-0.36612308,0.95119166","0.0033266987,0.1598265,0.28899562,0.62630516,0.012335458,0.6266303,0.57730997,-0.0057894737,0.47593033",0.0
"0.0033266987,0.1598265,0.28899562,0.62630516,0.012335458,0.6266303,0.57730997,-0.0057894737,0.47593033","-0.08344704,-0.09135741,0.77525914","-0.0046418854,0.14726533,0.37228224,0.64510584,-0.0036183635,0.52266634,0.57730997,-0.0057894737,0.47593033",0.0
"-0.0046418854,0.14726533,0.37228224,0.64510584,-0.0036183635,0.52266634,0.57730997,-0.0057894737,0.47593033","-0.15478659,-0.39934373,0.593856","-0.01942288,0.09235764,0.43608055,0.5924267,-0.030394137,0.50767857,0.57730997,-0.0057894737,0.47593033",0.0
"-0.01942288,0.09235764,0.43608055,0.5924267,-0.030394137,0.50767857,0.57730997,-0.0057894737,0.47593033","0.13591218,-0.12189478,0.3232417","-0.0064442507,0.07559775,0.47080663,0.57906383,-0.0059344238,0.47784793,0.57730997,-0.0057894737,0.47593033",0.0
"0.0,0.0,0.0,2.8652207e-07,0.005789075,0.993462,0.13011697,-0.10859649,0.49515146","-0.817813,0.23212647,0.9912708","-0.078095205,0.03191619,0.10649285,0.20880492,-0.046314467,0.9548956,0.13011697,-0.10859649,0.49515146",0.0
"-0.078095205,0.03191619,0.10649285,0.20880492,-0.046314467,0.9548956,0.13011697,-0.10859649,0.49515146","-0.5184838,-0.36517256,0.96059585","-0.12760665,-0.018293172,0.20969029,0.22301647,-0.08823586,0.9118535,0.13011697,-0.10859649,0.49515146",0.0
"-0.12760665,-0.018293172,0.20969029,0.22301647,-0.08823586,0.9118535,0.13011697,-0.10859649,0.49515146","0.81653357,-0.6468519,0.9613006","-0.049633626,-0.107232004,0.31296346,0.18269254,-0.022859858,0.8677917,0.13011697,-0.10859649,0.49515146",0.0
"-0.049633626,-0.107232004,0.31296346,0.18269254,-0.022859858,0.8677917,0.13011697,-0.10859649,0.49515146","-0.7559628,-0.14029813,0.9658736","-0.121822596,-0.1265223,0.41672793,0.23695803,-0.08915079,0.7664116,0.13011697,-0.10859649,0.49515146",0.0
"-0.121822596,-0.1265223,0.41672793,0.23695803,-0.08915079,0.7664116,0.13011697,-0.10859649,0.49515146","-0.599939,-0.56730586,0.9641428","-0.17911242,-0.20452397,0.52030647,0.18009111,-0.10674202,0.6792393,0.13011697,-0.10859649,0.49515146",0.0
"-0.17911242,-0.20452397,0.52030647,0.18009111,-0.10674202,0.6792393,0.13011697,-0.10859649,0.49515146","-0.2724353,-0.34904337,0.8834131","-0.20512801,-0.25251564,0.6152122,0.16424447,-0.11618036,0.5723525,0.13011697,-0.10859649,0.49515146",0.0
"-0.20512801,-0.25251564,0.6152122,0.16424447,-0.11618036,0.5723525,0.13011697,-0.10859649,0.49515146","-0.3489871,-0.43871534,0.51748323","-0.23845376,-0.31283677,0.67080575,0.11568601,-0.09967824,0.51812017,0.13011697,-0.10859649,0.49515146",0.0
"-0.23845376,-0.31283677,0.67080575,0.11568601,-0.09967824,0.51812017,0.13011697,-0.10859649,0.49515146","0.06482017,0.084918976,0.09294677","-0.2322639,-0.3011609,0.68079114,0.1318413,-0.11014422,0.49887836,0.13011697,-0.10859649,0.49515146",0.0
"0.0,0.0,0.0,2.8652207e-07,0.005789075,0.993462,0.06666667,-0.029473683,0.2237676","0.21302533,-0.59349656,0.9464319","0.02034236,-0.08160274,0.1016758,-0.034976367,0.003562653,0.98159826,0.06666667,-0.029473683,0.2237676",0.0
"0.02034236,-0.08160274,0.1016758,-0.034976367,0.003562653,0.98159826,0.06666667,-0.029473683,0.2237676","-0.9207831,-0.675241,0.94290733","-0.06758576,-0.17444493,0.202973,-0.087758444,0.024840727,0.94426596,0.06666667,-0.029473683,0.2237676",0.0
"-0.06758576,-0.17444493,0.202973,-0.087758444,0.024840727,0.94426596,0.06666667,-0.029473683,0.2237676","-0.33601677,-0.17862129,0.9773141","-0.099672936,-0.19900449,0.30796653,0.00048379105,0.0059283264,0.89228773,0.06666667,-0.029473683,0.2237676",0.0
"-0.099672936,-0.19900449,0.30796653,0.00048379105,0.0059283264,0.89228773,0.06666667,-0.029473683,0.2237676","-0.13503408,-0.015158594,0.9926379","-0.11256772,-0.20108876,0.41460633,0.11402235,-0.035921596,0.8027556,0.06666667,-0.029473683,0.2237676",0.0
"-0.11256772,-0.20108876,0.41460633,0.11402235,-0.035921596,0.8027556,0.06666667,-0.029473683,0.2237676","0.48761868,-0.44636452,0.9492762","-0.06600369,-0.2624616,0.51658773,0.11310864,-0.017879969,0.70682985,0.06666667,-0.029473683,0.2237676",0.0
"-0.06600369,-0.2624616,0.51658773,0.11310864,-0.017879969,0.70682985,0.06666667,-0.029473683,0.2237676","-0.7136173,-0.46244752,0.92644846","-0.13414897,-0.32604578,0.61611676,0.09411971,-0.035849795,0.598208,0.06666667,-0.029473683,0.2237676",0.0
"-0.13414897,-0.32604578,0.61611676,0.09411971,-0.035849795,0.598208,0.06666667,-0.029473683,0.2237676","-0.5124395,-0.32116437,0.9573715","-0.18308324,-0.37020427,0.7189679,0.0945054,-0.054367665,0.4664134,0.06666667,-0.029473683,0.2237676",0.0
"-0.18308324,-0.37020427,0.7189679,0.0945054,-0.054367665,0.4664134,0.06666667,-0.029473683,0.2237676","-0.1670183,-0.4840933,0.89058197","-0.19903228,-0.43676463,0.81464374,0.069703765,-0.04317954,0.339733,0.06666667,-0.029473683,0.2237676",0.0
"-0.19903228,-0.43676463,0.81464374,0.069703765,-0.04317954,0.339733,0.06666667,-0.029473683,0.2237676","0.09816086,-0.2545761,0.64076114","-0.18965861,-0.47176757,0.88348114,0.06293505,-0.035677467,0.24089283,0.06666667,-0.029473683,0.2237676",0.0
"0.0,0.0,0.0,2.8652207e-07,0.005789075,0.993462,0.19748539,0.22304092,0.5737357","0.44786632,0.47852778,0.98375165","0.042767987,0.0657951,0.10568506,0.27974367,0.043655664,0.9348501,0.19748539,0.22304092,0.5737357",0.0
"0.042767987,0.0657951,0.10568506,0.27974367,0.043655664,0.9348501,0.19748539,0.22304092,0.5737357","0.9710641,-0.25696313,0.97790885","0.13549757,0.03046399,0.21074244,0.304889,0.14459348,0.87657094,0.19748539,0.22304092,0.5737357",0.0
"0.13549757,0.03046399,0.21074244,0.304889,0.14459348,0.87657094,0.19748539,0.22304092,0.5737357","0.49093878,-0.3056773,0.81233513","0.18237866,-0.011565076,0.2980122,0.28981364,0.19386362,0.8209484,0.19748539,0.22304092,0.5737357",0.0
"0.18237866,-0.011565076,0.2980122,0.28981364,0.19386362,0.8209484,0.19748539,0.22304092,0.5737357","0.68574476,-0.5157894,0.8679968","0.2478623,-0.08248348,0.3912617,0.21454212,0.21981303,0.7674698,0.19748539,0.22304092,0.5737357",0.0
"0.2478623,-0.08248348,0.3912617,0.21454212,0.21981303,0.7674698,0.19748539,0.22304092,0.5737357","0.23852658,-0.2604766,0.93048525","0.27063987,-0.118297696,0.4912244,0.20844749,0.24617237,0.6629183,0.19748539,0.22304092,0.5737357",0.0
"0.27063987,-0.118297696,0.4912244,0.20844749,0.24617237,0.6629183,0.19748539,0.22304092,0.5737357","0.049436927,-0.31197846,0.7457099","0.27536073,-0.16119315,0.5713365,0.19228463,0.23458035,0.5802347,0.19748539,0.22304092,0.5737357",0.0
"0.0,0.0,0.0,2.8652207e-07,0.005789075,0.993462,-0.04134503,0.052748535,0.37832105","-0.84553427,-0.84954953,0.9612237","-0.0807424,-0.11680871,0.10326491,-0.10293138,0.03266482,0.975303,-0.04134503,0.052748535,0.37832105",0.0
"-0.0807424,-0.11680871,0.10326491,-0.10293138,0.03266482,0.975303,-0.04134503,0.052748535,0.37832105","-0.8984191,-0.7890855,0.81522906","-0.16653492,-0.22530395,0.19084553,-0.18125737,0.11123224,0.9275659,-0.04134503,0.052748535,0.37832105",0.0
"-0.16653492,-0.22530395,0.19084553,-0.18125737,0.11123224,0.9275659,-0.04134503,0.052748535,0.37832105","-0.82057434,-0.23527288,0.9904796","-0.24489383,-0.2576528,0.29725346,-0.09010497,0.09531875,0.88850003,-0.04134503,0.052748535,0.37832105",0.0
"-0.24489383,-0.2576528,0.29725346,-0.09010497,0.09531875,0.88850003,-0.04134503,0.052748535,0.37832105","-0.5725905,-0.2916268,0.99638426","-0.29957205,-0.29775006,0.4042957,-0.03555613,0.058632016,0.8179271,-0.04134503,0.052748535,0.37832105",0.0
"-0.29957205,-0.29775006,0.4042957,-0.03555613,0.058632016,0.8179271,-0.04134503,0.052748535,0.37832105","-0.0028524399,-0.7825136,0.70106244","-0.29984444,-0.40534168,0.47961134,-0.09093359,0.13487417,0.7342799,-0.04134503,0.052748535,0.37832105",0.0
"-0.29984444,-0.40534168,0.47961134,-0.09093359,0.13487417,0.7342799,-0.04134503,0.052748535,0.37832105","0.1576618,-0.04784435,0.91068304","-0.28478888,-0.41192007,0.5774467,-0.032633528,0.049929716,0.64851457,-0.04134503,0.052748535,0.37832105",0.0
"-0.28478888,-0.41192007,0.5774467,-0.032633528,0.049929716,0.64851457,-0.04134503,0.052748535,0.37832105","0.44963825,-0.7978005,0.8448123","-0.2418517,-0.5216136,0.66820544,-0.080092855,0.084079616,0.53102106,-0.04134503,0.052748535,0.37832105",0.0
"-0.2418517,-0.5216136,0.66820544,-0.080092855,0.084079616,0.53102106,-0.04134503,0.052748535,0.37832105","-0.20342779,-0.5034638,0.89157355","-0.2612776,-0.59083736,0.76398784,-0.06456077,0.07779937,0.40689418,-0.04134503,0.052748535,0.37832105",0.0
"-0.2612776,-0.59083736,0.76398784,-0.06456077,0.07779937,0.40689418,-0.04134503,0.052748535,0.37832105","0.1040678,0.020050287,0.23242211","-0.25133988,-0.5880806,0.7889572,-0.049428545,0.058068644,0.37740126,-0.04134503,0.052748535,0.37832105",0.0
"0.0,0.0,0.0,2.8652207e-07,0.005789075,0.993462,0.18251462,-0.4016959,0.60727465","-0.9360519,0.8324125,0.9323925","-0.08938616,0.11445243,0.10016751,0.36157778,-0.098267354,0.89979523,0.18251462,-0.4016959,0.60727465",0.0
"-0.08938616,0.11445243,0.10016751,0.36157778,-0.098267354,0.89979523,0.18251462,-0.4016959,0.60727465","-0.9431349,-0.09302068,0.97139335","-0.17944868,0.10166257,0.20452493,0.39607686,-0.2435484,0.8132077,0.18251462,-0.4016959,0.60727465",0.0
"-0.17944868,0.10166257,0.20452493,0.39607686,-0.2435484,0.8132077,0.18251462,-0.4016959,0.60727465","-0.94322,-0.16144824,0.7450197","-0.26951936,0.07946427,0.28456292,0.33365855,-0.36857373,0.7430998,0.18251462,-0.4016959,0.60727465",0.0
"-0.26951936,0.07946427,0.28456292,0.33365855,-0.36857373,0.7430998,0.18251462,-0.4016959,0.60727465","-0.682168,-0.29486346,0.8920059","-0.33466145,0.03892206,0.3803917,0.25208235,-0.4291968,0.662271,0.18251462,-0.4016959,0.60727465",0.0
"-0.33466145,0.03892206,0.3803917,0.25208235,-0.4291968,0.662271,0.18251462,-0.4016959,0.60727465","-0.22408551,-0.3017748,0.5192876","-0.35606,-0.0025704266,0.43617913,0.20858869,-0.41614896,0.63053626,0.18251462,-0.4016959,0.60727465",0.0
"-0.35606,-0.0025704266,0.43617913,0.20858869,-0.41614896,0.63053626,0.18251462,-0.4016959,0.60727465","-0.11578256,-0.1823675,0.27463508","-0.3671164,-0.027645025,0.4656834,0.18495224,-0.40271798,0.6149772,0.18251462,-0.4016959,0.60727465",0.0
"0.0,0.0,0.0,2.8652207e-07,0.005789075,0.993462,-0.14099416,0.08286549,0.62760717","-0.5358105,-0.9695425,0.98149943","-0.051166028,-0.13330711,0.10544314,-0.13718835,0.028108789,0.97025424,-0.14099416,0.08286549,0.62760717",0.0
"-0.051166028,-0.13330711,0.10544314,-0.13718835,0.028108789,0.97025424,-0.14099416,0.08286549,0.62760717","-0.52738786,-0.6742586,0.99472475","-0.10152774,-0.22601424,0.21230711,-0.17304428,0.06324191,0.9248613,-0.14099416,0.08286549,0.62760717",0.0
"-0.10152774,-0.22601424,0.21230711,-0.17304428,0.06324191,0.9248613,-0.14099416,0.08286549,0.62760717","0.20432377,-0.82469976,0.9295654","-0.08201632,-0.33940625,0.31217098,-0.25767347,0.073888876,0.84397274,-0.14099416,0.08286549,0.62760717",0.0
"-0.08201632,-0.33940625,0.31217098,-0.25767347,0.073888876,0.84397274,-0.14099416,0.08286549,0.62760717","-0.369444,-0.29542494,0.8234668","-0.11729555,-0.3800257,0.4006366,-0.20463099,0.08522042,0.79090744,-0.14099416,0.08286549,0.62760717",0.0
"-0.11729555,-0.3800257,0.4006366,-0.20463099,0.08522042,0.79090744,-0.14099416,0.08286549,0.62760717","-0.17697978,-0.3118059,0.924263","-0.13419585,-0.42289746,0.49993086,-0.14912468,0.07322418,0.71304464,-0.14099416,0.08286549,0.62760717",0.0
"-0.13419585,-0.42289746,0.49993086,-0.14912468,0.07322418,0.71304464,-0.14099416,0.08286549,0.62760717","-0.10999644,-0.37895668,0.63947916","-0.14469971,-0.4750021,0.5686306,-0.14415291,0.07689506,0.6395136,-0.14099416,0.08286549,0.62760717",0.0
"0.0,0.0,0.0,2.8652207e-07,0.005789075,0.993462,0.01883041,0.29730994,0.5737357","0.01811874,0.8383683,0.94399667","0.0017302133,0.11527134,0.10141416,0.37773672,0.007842484,0.8980566,0.01883041,0.29730994,0.5737357",0.0
"0.0017302133,0.11527134,0.10141416,0.37773672,0.007842484,0.8980566,0.01883041,0.29730994,0.5737357","0.9875448,-0.83371264,0.74561596","0.09603357,0.0006401355,0.1815162,0.23128591,0.07803881,0.9227967,0.01883041,0.29730994,0.5737357",0.0
"0.09603357,0.0006401355,0.1815162,0.23128591,0.07803881,0.9227967,0.01883041,0.29730994,0.5737357","0.62831664,0.016805649,0.55489206","0.15603325,0.0029508125,0.24112864,0.27738306,0.15458372,0.86919177,0.01883041,0.29730994,0.5737357",0.0
"0.15603325,0.0029508125,0.24112864,0.27738306,0.15458372,0.86919177,0.01883041,0.29730994,0.5737357","0.9727347,-0.51710624,0.87066007","0.24892236,-0.06814864,0.33466426,0.19494006,0.2017846,0.8234632,0.01883041,0.29730994,0.5737357",0.0
"0.24892236,-0.06814864,0.33466426,0.19494006,0.2017846,0.8234632,0.01883041,0.29730994,0.5737357","0.78416634,-0.22256076,0.88573194","0.32380456,-0.09874962,0.42981905,0.15853193,0.2675467,0.73083675,0.01883041,0.29730994,0.5737357",0.0
"0.32380456,-0.09874962,0.42981905,0.15853193,0.2675467,0.73083675,0.01883041,0.29730994,0.5737357","0.894438,-0.6148356,0.64026797","0.40921688,-0.18328637,0.49860352,0.058110964,0.21877645,0.69645756,0.01883041,0.29730994,0.5737357",0.0
"0.40921688,-0.18328637,0.49860352,0.058110964,0.21877645,0.69645756,0.01883041,0.29730994,0.5737357","0.34278226,0.35817194,0.5867536","0.4419501,-0.1340396,0.5616389,0.05523363,0.3314288,0.57347685,0.01883041,0.29730994,0.5737357",0.0
"0.4419501,-0.1340396,0.5616389,0.05523363,0.3314288,0.57347685,0.01883041,0.29730994,0.5737357","0.43370223,-0.17554903,0.10375571","0.4833655,-0.15817669,0.57278544,0.010305859,0.3078812,0.5758404,0.01883041,0.29730994,0.5737357",0.0
"0.0,0.0,0.0,2.8652207e-07,0.005789075,0.993462,0.27596492,0.088596486,0.43591902","0.90704155,-0.27890527,0.978281","0.086615875,-0.038348056,0.105097376,0.058972172,0.022465406,0.9792709,0.27596492,0.088596486,0.43591902",0.0
"0.086615875,-0.038348056,0.105097376,0.058972172,0.022465406,0.9792709,0.27596492,0.088596486,0.43591902","0.5614214,-0.38196534,0.9750931","0.14022753,-0.09086635,0.2098523,0.08049734,0.044349793,0.9411422,0.27596492,0.088596486,0.43591902",0.0
"0.14022753,-0.09086635,0.2098523,0.08049734,0.044349793,0.9411422,0.27596492,0.088596486,0.43591902","0.5306761,0.2630676,0.97557354","0.19090325,-0.05469593,0.31465882,0.23231682,0.16586153,0.835974,0.27596492,0.088596486,0.43591902",0.0
"0.19090325,-0.05469593,0.31465882,0.23231682,0.16586153,0.835974,0.27596492,0.088596486,0.43591902","-0.5432242,-0.42236686,0.9644685","0.13902926,-0.112769224,0.41827235,0.24948418,0.12285965,0.75560576,0.27596492,0.088596486,0.43591902",0.0
"0.13902926,-0.112769224,0.41827235,0.24948418,0.12285965,0.75560576,0.27596492,0.088596486,0.43591902","-0.3089919,0.018711329,0.9162595","0.109522775,-0.11019653,0.5167067,0.3263974,0.12310746,0.61985487,0.27596492,0.088596486,0.43591902",0.0
"0.109522775,-0.11019653,0.5167067,0.3263974,0.12310746,0.61985487,0.27596492,0.088596486,0.43591902","-0.10436928,-0.4631133,0.54338217","0.09955625,-0.17387225,0.57508266,0.27192518,0.0940196,0.5838517,0.27596492,0.088596486,0.43591902",0.0
"0.09955625,-0.17387225,0.57508266,0.27192518,0.0940196,0.5838517,0.27596492,0.088596486,0.43591902","-0.08517766,-0.11084473,0.54879093","0.0914224,-0.18911286,0.6340397,0.27701044,0.0878597,0.50620615,0.27596492,0.088596486,0.43591902",0.0
"0.0914224,-0.18911286,0.6340397,0.27701044,0.0878597,0.50620615,0.27596492,0.088596486,0.43591902","-0.044074714,-0.13826817,0.57442176","0.08721357,-0.20812404,0.69575024,0.26948646,0.08175502,0.4242887,0.27596492,0.088596486,0.43591902",0.0
"0.0,0.0,0.0,2.8652207e-07,0.005789075,0.993462,-0.061286554,-0.027134502,0.37832105","0.4752761,-0.7419826,0.9667733","0.045385405,-0.1020188,0.103861086,-0.07545361,-0.004983422,0.97856164,-0.061286554,-0.027134502,0.37832105",0.0
"0.045385405,-0.1020188,0.103861086,-0.07545361,-0.004983422,0.97856164,-0.061286554,-0.027134502,0.37832105","-0.348067,-0.6814127,0.979733","0.012147522,-0.19570959,0.20911448,-0.12664096,0.0009580221,0.9369859,-0.061286554,-0.027134502,0.37832105",0.0
"0.012147522,-0.19570959,0.20911448,-0.12664096,0.0009580221,0.9369859,-0.061286554,-0.027134502,0.37832105","0.3572744,-0.14807105,0.9619","0.04626462,-0.21606863,0.31245208,-0.0297514,0.0014958566,0.88883764,-0.061286554,-0.027134502,0.37832105",0.0
"0.04626462,-0.21606863,0.31245208,-0.0297514,0.0014958566,0.88883764,-0.061286554,-0.027134502,0.37832105","0.23202765,-0.9300868,0.98335767","0.06842157,-0.3439508,0.41809487,-0.13260314,-0.023025269,0.7971452,-0.061286554,-0.027134502,0.37832105",0.0
"0.06842157,-0.3439508,0.41809487,-0.13260314,-0.023025269,0.7971452,-0.061286554,-0.027134502,0.37832105","0.21052933,-0.32398295,0.9598298","0.08852559,-0.38849688,0.5212101,-0.083269745,-0.017753936,0.70647603,-0.061286554,-0.027134502,0.37832105",0.0
"0.08852559,-0.38849688,0.5212101,-0.083269745,-0.017753936,0.70647603,-0.061286554,-0.027134502,0.37832105","0.6946919,-0.69755375,0.930809","0.15486363,-0.48440698,0.62120754,-0.10594825,-0.04948953,0.58901376,-0.061286554,-0.027134502,0.37832105",0.0
"0.15486363,-0.48440698,0.62120754,-0.10594825,-0.04948953,0.58901376,-0.061286554,-0.027134502,0.37832105","0.25536227,-0.5411905,0.8170278","0.17924887,-0.558818,0.7089814,-0.10395033,-0.058779184,0.4772126,-0.061286554,-0.027134502,0.37832105",0.0
"0.17924887,-0.558818,0.7089814,-0.10395033,-0.058779184,0.4772126,-0.061286554,-0.027134502,0.37832105","-0.22376394,-0.23516667,0.6586591","0.15788102,-0.5911522,0.77974164,-0.07926978,-0.03631191,0.38809243,-0.061286554,-0.027134502,0.37832105",0.0
"0.15788102,-0.5911522,0.77974164,-0.07926978,-0.03631191,0.38809243,-0.061286554,-0.027134502,0.37832105","-0.35691345,0.03574288,0.07712257","0.123798385,-0.5862378,0.78802705,-0.07162985,-0.02309737,0.37889647,-0.061286554,-0.027134502,0.37832105",0.0
"0.0,0.0,0.0,2.8652207e-07,0.005789075,0.993462,0.29456142,0.328538,0.60727465","0.72090673,0.88433933,0.9343736","0.06884137,0.12159211,0.100380346,0.37873298,0.08913777,0.892975,0.29456142,0.328538,0.60727465",0.0
"0.06884137,0.12159211,0.100380346,0.37873298,0.08913777,0.892975,0.29456142,0.328538,0.60727465","0.8978801,0.121604085,0.96205616","0.1545824,0.13831206,0.20373465,0.46537042,0.2521665,0.76965654,0.29456142,0.328538,0.60727465",0.0
"0.1545824,0.13831206,0.20373465,0.46537042,0.2521665,0.76965654,0.29456142,0.328538,0.60727465","0.8338425,-0.32344997,0.9617696","0.23420832,0.093839355,0.3070582,0.3943325,0.36483663,0.6951346,0.29456142,0.328538,0.60727465",0.0
"0.23420832,0.093839355,0.3070582,0.3943325,0.36483663,0.6951346,0.29456142,0.328538,0.60727465","0.19316232,-0.6810101,0.9131582","0.25265393,0.00020396775,0.40515938,0.31338352,0.3269108,0.6720386,0.29456142,0.328538,0.60727465",0.0
"0.25265393,0.00020396775,0.40515938,0.31338352,0.3269108,0.6720386,0.29456142,0.328538,0.60727465","0.26575875,-0.18846643,0.5401989","0.27803195,-0.025709203,0.46319333,0.28117502,0.3446514,0.61655533,0.29456142,0.328538,0.60727465",0.0
"0.27803195,-0.025709203,0.46319333,0.28117502,0.3446514,0.61655533,0.29456142,0.328538,0.60727465","0.02467227,-0.018959284,0.04885304","0.28038797,-0.028316015,0.4684417,0.27775243,0.3456764,0.61162615,0.29456142,0.328538,0.60727465",0.0
"0.28038797,-0.028316015,0.4684417,0.27775243,0.3456764,0.61162615,0.29456142,0.328538,0.60727465","-0.16932237,0.013572812,-0.0030854344","0.26421893,-0.026449833,0.46811026,0.296638,0.3329782,0.61009264,0.29456142,0.328538,0.60727465",0.0
"0.0,0.0,0.0,2.8652207e-07,0.005789075,0.993462,-0.41543862,-0.14871344,0.60727465","-0.31371015,-0.9913713,0.34594524","-0.029957052,-0.13630846,0.037165143,-0.23940851,0.028413003,0.95876294,-0.41543862,-0.14871344,0.60727465",0.0
"-0.029957052,-0.13630846,0.037165143,-0.23940851,0.028413003,0.95876294,-0.41543862,-0.14871344,0.60727465","0.853264,-0.9495129,0.79976547","0.051523454,-0.26686165,0.12308451,-0.38572678,-0.057121526,0.8866003,-0.41543862,-0.14871344,0.60727465",0.0
"0.051523454,-0.26686165,0.12308451,-0.38572678,-0.057121526,0.8866003,-0.41543862,-0.14871344,0.60727465","0.22118413,-0.84755033,0.9890621","0.07264493,-0.38339552,0.22934012,-0.4535143,-0.099393316,0.8004659,-0.41543862,-0.14871344,0.60727465",0.0
"0.07264493,-0.38339552,0.22934012,-0.4535143,-0.099393316,0.8004659,-0.41543862,-0.14871344,0.60727465","0.27095008,-0.8101435,0.96323395","0.09851869,-0.49478614,0.332821,-0.48803097,-0.14998618,0.69531745,-0.41543862,-0.14871344,0.60727465",0.0
"0.09851869,-0.49478614,0.332821,-0.48803097,-0.14998618,0.69531745,-0.41543862,-0.14871344,0.60727465","0.20171499,-0.26858467,0.7172519","0.11778101,-0.53171515,0.4098759,-0.43175718,-0.16126366,0.6614879,-0.41543862,-0.14871344,0.60727465",0.0
"0.11778101,-0.53171515,0.4098759,-0.43175718,-0.16126366,0.6614879,-0.41543862,-0.14871344,0.60727465","0.10622287,-0.27101725,0.53394973","0.12792452,-0.56897867,0.4672385,-0.40348992,-0.165201,0.61857027,-0.41543862,-0.14871344,0.60727465",0.0
"0.12792452,-0.56897867,0.4672385,-0.40348992,-0.165201,0.61857027,-0.41543862,-0.14871344,0.60727465","-0.19663674,-0.07127184,0.027833223","0.10914715,-0.5787782,0.47022867,-0.42177126,-0.14442492,0.60776675,-0.41543862,-0.14871344,0.60727465",0.0
"0.0,0.0,0.0,2.8652207e-07,0.005789075,0.993462,-0.118538015,-0.25584796,0.7005036","-0.8841373,-0.24620181,0.98096037","-0.0844287,-0.033851497,0.10538521,0.071828365,-0.013512715,0.97843075,-0.118538015,-0.25584796,0.7005036",0.0
"-0.0844287,-0.033851497,0.10538521,0.071828365,-0.013512715,0.97843075,-0.118538015,-0.25584796,0.7005036","-0.96100914,0.10260093,0.86594903","-0.1761981,-0.019744415,0.1984147,0.19294652,-0.11243391,0.9215448,-0.118538015,-0.25584796,0.7005036",0.0
"-0.1761981,-0.019744415,0.1984147,0.19294652,-0.11243391,0.9215448,-0.118538015,-0.25584796,0.7005036","-0.9636518,-0.2826832,0.54056823","-0.26821983,-0.05861192,0.25648835,0.14705373,-0.15623266,0.89495957,-0.118538015,-0.25584796,0.7005036",0.0
"-0.26821983,-0.05861192,0.25648835,0.14705373,-0.15623266,0.89495957,-0.118538015,-0.25584796,0.7005036","-0.981124,-0.412005,0.6323296","-0.36191005,-0.115260504,0.32441995,0.08150136,-0.16216028,0.86058706,-0.118538015,-0.25584796,0.7005036",0.0
"-0.36191005,-0.115260504,0.32441995,0.08150136,-0.16216028,0.86058706,-0.118538015,-0.25584796,0.7005036","-0.9529612,0.17777133,0.59503067","-0.4529109,-0.09081788,0.38834456,0.048482936,-0.28606692,0.77710617,-0.118538015,-0.25584796,0.7005036",0.0
"-0.4529109,-0.09081788,0.38834456,0.048482936,-0.28606692,0.77710617,-0.118538015,-0.25584796,0.7005036","-0.686871,-0.07825869,0.3307848","-0.5185021,-0.10157807,0.42388105,-0.011740116,-0.30138546,0.7406132,-0.118538015,-0.25584796,0.7005036",0.0
"-0.5185021,-0.10157807,0.42388105,-0.011740116,-0.30138546,0.7406132,-0.118538015,-0.25584796,0.7005036","-0.84219146,-0.10605627,0.23080492","-0.59892523,-0.11616029,0.44867665,-0.08521781,-0.28424558,0.7190958,-0.118538015,-0.25584796,0.7005036",0.0
"-0.59892523,-0.11616029,0.44867665,-0.08521781,-0.28424558,0.7190958,-0.118538015,-0.25584796,0.7005036","-0.4116574,-0.12754637,0.14182115","-0.6382355,-0.13369729,0.4639127,-0.11240703,-0.2561116,0.7113886,-0.118538015,-0.25584796,0.7005036",0.0
"0.0,0.0,0.0,2.8652207e-07,0.005789075,0.993462,0.013333334,-0.09052631,0.51554936","-0.66839683,0.22916567,0.948441","-0.063827045,0.031509094,0.10189163,0.20394216,-0.03554377,0.9576358,0.013333334,-0.09052631,0.51554936",0.0
"-0.063827045,0.031509094,0.10189163,0.20394216,-0.03554377,0.9576358,0.013333334,-0.09052631,0.51554936","-0.89464015,-0.68603826,0.89827013","-0.1492587,-0.06281765,0.19839342,0.123018235,-0.055831037,0.9403919,0.013333334,-0.09052631,0.51554936",0.0
"-0.1492587,-0.06281765,0.19839342,0.123018235,-0.055831037,0.9403919,0.013333334,-0.09052631,0.51554936","-0.8583081,-0.6219675,0.93767715","-0.23122093,-0.148335,0.2991287,0.06937638,-0.05389412,0.89319104,0.013333334,-0.09052631,0.51554936",0.0
"-0.23122093,-0.148335,0.2991287,0.06937638,-0.05389412,0.89319104,0.013333334,-0.09052631,0.51554936","-0.50016975,0.23793817,0.9831629","-0.2789835,-0.11561975,0.40475062,0.17170604,-0.19716579,0.7740135,0.013333334,-0.09052631,0.51554936",0.0
"-0.2789835,-0.11561975,0.40475062,0.17170604,-0.19716579,0.7740135,0.013333334,-0.09052631,0.51554936","-0.8520225,-0.7736871,0.9252964","-0.36034548,-0.22199777,0.5041559,0.07692363,-0.15030545,0.7080239,0.013333334,-0.09052631,0.51554936",0.0
"-0.36034548,-0.22199777,0.5041559,0.07692363,-0.15030545,0.7080239,0.013333334,-0.09052631,0.51554936","-0.6397953,-0.40747237,0.8313185","-0.42144132,-0.27802315,0.59346503,0.04278547,-0.14613187,0.6137404,0.013333334,-0.09052631,0.51554936",0.0
"-0.42144132,-0.27802315,0.59346503,0.04278547,-0.14613187,0.6137404,0.013333334,-0.09052631,0.51554936","-0.55845106,-0.66314054,0.7207279","-0.47476932,-0.3692016,0.6708933,0.012240414,-0.080990426,0.534124,0.013333334,-0.09052631,0.51554936",0.0
"-0.47476932,-0.3692016,0.6708933,0.012240414,-0.080990426,0.534124,0.013333334,-0.09052631,0.51554936","-0.036279023,0.057493806,0.07889795","-0.4782337,-0.3612965,0.6793694,0.012413719,-0.09653045,0.52067864,0.013333334,-0.09052631,0.51554936",0.0
"0.0,0.0,0.0,2.8652207e-07,0.005789075,0.993462,0.23081872,-0.36391813,0.47972226","-0.8982116,0.8068428,0.8664292","-0.08577268,0.11093673,0.093081035,0.3476134,-0.08999816,0.90839607,0.23081872,-0.36391813,0.47972226",0.0
"-0.08577268,0.11093673,0.093081035,0.3476134,-0.08999816,0.90839607,0.23081872,-0.36391813,0.47972226","-0.9568168,0.115369916,0.89662004","-0.17714174,0.12679951,0.1894055,0.4238677,-0.2568686,0.80067563,0.23081872,-0.36391813,0.47972226",0.0
"-0.17714174,0.12679951,0.1894055,0.4238677,-0.2568686,0.80067563,0.23081872,-0.36391813,0.47972226","-0.68872285,-0.32017016,0.95458317","-0.24290977,0.08277775,0.291957,0.37140504,-0.3472076,0.7294383,0.23081872,-0.36391813,0.47972226",0.0
"-0.24290977,0.08277775,0.291957,0.37140504,-0.3472076,0.7294383,0.23081872,-0.36391813,0.47972226","-0.67350084,-0.29297268,0.9047779","-0.3072242,0.042495523,0.3891579,0.2939217,-0.41431445,0.64532477,0.23081872,-0.36391813,0.47972226",0.0
"-0.3072242,0.042495523,0.3891579,0.2939217,-0.41431445,0.64532477,0.23081872,-0.36391813,0.47972226","-0.2941016,-0.597894,0.9202533","-0.3353088,-0.039711833,0.4880213,0.22052974,-0.3758001,0.59473604,0.23081872,-0.36391813,0.47972226",0.0
"-0.3353088,-0.039711833,0.4880213,0.22052974,-0.3758001,0.59473604,0.23081872,-0.36391813,0.47972226","0.01569879,-0.15397733,0.73782444","-0.33380967,-0.060882933,0.5672863,0.21995063,-0.37067923,0.496247,0.23081872,-0.36391813,0.47972226",0.0
"-0.33380967,-0.060882933,0.5672863,0.21995063,-0.37067923,0.496247,0.23081872,-0.36391813,0.47972226","-0.054271698,-0.04331255,0.095730186","-0.33899224,-0.06683819,0.5775707,0.21123007,-0.3694145,0.48651496,0.23081872,-0.36391813,0.47972226",0.0
"-0.33899224,-0.06683819,0.5775707,0.21123007,-0.3694145,0.48651496,0.23081872,-0.36391813,0.47972226","0.12631273,0.02487135,0.082086325","-0.3269303,-0.06341852,0.5863893,0.22768877,-0.36547342,0.46923214,0.23081872,-0.36391813,0.47972226",0.0
"0.0,0.0,0.0,2.8652207e-07,0.005789075,0.993462,-0.09818714,-0.16087718,0.89768344","-0.9701094,-0.4812199,0.93623686","-0.09263842,-0.066165276,0.10058055,-0.0012606394,0.0064207795,0.9825154,-0.09818714,-0.16087718,0.89768344",0.0
"-0.09263842,-0.066165276,0.10058055,-0.0012606394,0.0064207795,0.9825154,-0.09818714,-0.16087718,0.89768344","-0.90336746,-0.28920674,0.6007179","-0.17890346,-0.10592974,0.1651161,0.0037377572,0.0044876197,0.96405715,-0.09818714,-0.16087718,0.89768344",0.0
"-0.17890346,-0.10592974,0.1651161,0.0037377572,0.0044876197,0.96405715,-0.09818714,-0.16087718,0.89768344","-0.9878172,0.20342016,0.5788722","-0.27323288,-0.07796054,0.22730477,0.09615605,-0.10247068,0.92622584,-0.09818714,-0.16087718,0.89768344",0.0
"-0.27323288,-0.07796054,0.22730477,0.09615605,-0.10247068,0.92622584,-0.09818714,-0.16087718,0.89768344","-0.9532437,-0.28015727,-0.13611257","-0.36426073,-0.11648075,0.21268217,0.02280545,-0.0362014,0.94376093,-0.09818714,-0.16087718,0.89768344",0.0
"-0.36426073,-0.11648075,0.21268217,0.02280545,-0.0362014,0.94376093,-0.09818714,-0.16087718,0.89768344","-0.92454344,0.13152206,-0.07241881","-0.45254794,-0.09839717,0.20490225,0.01607506,-0.06805509,0.94543797,-0.09818714,-0.16087718,0.89768344",0.0
"-0.45254794,-0.09839717,0.20490225,0.01607506,-0.06805509,0.94543797,-0.09818714,-0.16087718,0.89768344","-0.9390111,-0.035398543,0.27798772","-0.54221666,-0.10326432,0.23476669,-0.007242726,-0.098065026,0.92854846,-0.09818714,-0.16087718,0.89768344",0.0
"-0.54221666,-0.10326432,0.23476669,-0.007242726,-0.098065026,0.92854846,-0.09818714,-0.16087718,0.89768344","-0.91515136,0.12556612,0.4193151","-0.629607,-0.085999645,0.27981403,-0.06895803,-0.17451009,0.8880982,-0.09818714,-0.16087718,0.89768344",0.0
"-0.629607,-0.085999645,0.27981403,-0.06895803,-0.17451009,0.8880982,-0.09818714,-0.16087718,0.89768344","-0.28987014,-0.10341114,0.10244191","-0.65728754,-0.10021818,0.2908195,-0.076675825,-0.1545373,0.88473123,-0.09818714,-0.16087718,0.89768344",0.0
"-0.65728754,-0.10021818,0.2908195,-0.076675825,-0.1545373,0.88473123,-0.09818714,-0.16087718,0.89768344","-0.06255931,-0.0489769,-0.029580176","-0.6632615,-0.10695227,0.28764176,-0.07125887,-0.138327,0.8901498,-0.09818714,-0.16087718,0.89768344",0.0
"-0.6632615,-0.10695227,0.28764176,-0.07125887,-0.138327,0.8901498,-0.09818714,-0.16087718,0.89768344","-0.19902492,0.03047371,0.0021871328","-0.6822669,-0.10276232,0.28787678,-0.08399806,-0.1409825,0.8883176,-0.09818714,-0.16087718,0.89768344",0.0
"-0.6822669,-0.10276232,0.28787678,-0.08399806,-0.1409825,0.8883176,-0.09818714,-0.16087718,0.89768344","0.17655396,-0.0061588287,0.0062063932","-0.6654073,-0.10360915,0.2885436,-0.07597745,-0.14446433,0.8880854,-0.09818714,-0.16087718,0.89768344",0.0
"-0.6654073,-0.10360915,0.2885436,-0.07597745,-0.14446433,0.8880854,-0.09818714,-0.16087718,0.89768344","-0.1975863,0.041828156,0.022532582","-0.6842754,-0.09785803,0.29096434,-0.09210401,-0.15149277,0.88359797,-0.09818714,-0.16087718,0.89768344",0.0
"0.0,0.0,0.0,2.8652207e-07,0.005789075,0.993462,-0.43421054,0.07830409,0.60727465","-0.078817844,-0.980889,0.5784265","-0.007526543,-0.1348672,0.06214075,-0.2033517,0.010599945,0.965646,-0.43421054,0.07830409,0.60727465",0.0
"-0.007526543,-0.1348672,0.06214075,-0.2033517,0.010599945,0.965646,-0.43421054,0.07830409,0.60727465","0.15913892,-0.867433,0.74983335","0.007670061,-0.25413483,0.14269587,-0.33791324,-0.002353214,0.9038976,-0.43421054,0.07830409,0.60727465",0.0
"0.007670061,-0.25413483,0.14269587,-0.33791324,-0.002353214,0.9038976,-0.43421054,0.07830409,0.60727465","-0.7096697,-0.8915025,0.72484446","-0.060098253,-0.37671188,0.22056642,-0.45489722,0.09281569,0.80529976,-0.43421054,0.07830409,0.60727465",0.0
"-0.060098253,-0.37671188,0.22056642,-0.45489722,0.09281569,0.80529976,-0.43421054,0.07830409,0.60727465","-0.37087113,-0.5301297,0.82150316","-0.095513746,-0.44960204,0.30882108,-0.44712186,0.14440323,0.7443625,-0.43421054,0.07830409,0.60727465",0.0
"-0.095513746,-0.44960204,0.30882108,-0.44712186,0.14440323,0.7443625,-0.43421054,0.07830409,0.60727465","0.26509714,-0.46140796,0.57732534","-0.0701989,-0.5130433,0.3708436,-0.4734743,0.11207762,0.6800395,-0.43421054,0.07830409,0.60727465",0.0
"-0.0701989,-0.5130433,0.3708436,-0.4734743,0.11207762,0.6800395,-0.43421054,0.07830409,0.60727465","0.19207,-0.29105192,0.77155757","-0.05185761,-0.5530615,0.45373255,-0.42496517,0.075719655,0.63671726,-0.43421054,0.07830409,0.60727465",0.0
"-0.05185761,-0.5530615,0.45373255,-0.42496517,0.075719655,0.63671726,-0.43421054,0.07830409,0.60727465","0.10479915,-0.17183828,0.12023759","-0.04185005,-0.5766884,0.4666498,-0.4431783,0.06444489,0.61030966,-0.43421054,0.07830409,0.60727465",0.0
"0.0,0.0,0.0,2.8652207e-07,0.005789075,0.993462,0.27222222,-0.09959064,0.43591902","-0.23608238,-0.536954,0.96413267","-0.022544168,-0.07382843,0.103577405,-0.014907496,0.0068612853,0.9817262,0.27222222,-0.09959064,0.43591902",0.0
"-0.022544168,-0.07382843,0.103577405,-0.014907496,0.0068612853,0.9817262,0.27222222,-0.09959064,0.43591902","0.04899621,0.20094681,0.98204446","-0.017865393,-0.0461993,0.20907912,0.18255205,-0.0044583892,0.9267001,0.27222222,-0.09959064,0.43591902",0.0
"-0.017865393,-0.0461993,0.20907912,0.18255205,-0.0044583892,0.9267001,0.27222222,-0.09959064,0.43591902","-0.14558089,0.15053916,0.7317903","-0.031767316,-0.025500959,0.28769585,0.31153658,-0.025376864,0.8434825,0.27222222,-0.09959064,0.43591902",0.0
"-0.031767316,-0.025500959,0.28769585,0.31153658,-0.025376864,0.8434825,0.27222222,-0.09959064,0.43591902","-0.38042533,-0.2836718,0.9274682","-0.06809518,-0.064504385,0.3873344,0.32832164,-0.065404356,0.75829744,0.27222222,-0.09959064,0.43591902",0.0
"-0.06809518,-0.064504385,0.3873344,0.32832164,-0.065404356,0.75829744,0.27222222,-0.09959064,0.43591902","-0.01500994,0.118796825,0.9287064","-0.06952853,-0.048170447,0.48710594,0.41464818,-0.08611001,0.6049624,0.27222222,-0.09959064,0.43591902",0.0
"-0.06952853,-0.048170447,0.48710594,0.41464818,-0.08611001,0.6049624,0.27222222,-0.09959064,0.43591902","-0.3268361,-0.70295143,0.6042881","-0.10073901,-0.14482267,0.552025,0.3029956,-0.09313602,0.5963089,0.27222222,-0.09959064,0.43591902",0.0
"-0.10073901,-0.14482267,0.552025,0.3029956,-0.09313602,0.5963089,0.27222222,-0.09959064,0.43591902","-0.099761546,-0.19421273,0.8192041","-0.11026553,-0.17152594,0.6400327,0.2965052,-0.10087321,0.48405933,0.27222222,-0.09959064,0.43591902",0.0
"-0.11026553,-0.17152594,0.6400327,0.2965052,-0.10087321,0.48405933,0.27222222,-0.09959064,0.43591902","-0.17351562,-0.20646739,0.3949752","-0.12683502,-0.19991417,0.6824652,0.2682983,-0.10666808,0.43922865,0.27222222,-0.09959064,0.43591902",0.0
"0.0,0.0,0.0,2.8652207e-07,0.005789075,0.993462,0.07333334,-0.15280701,0.49515146","-0.739189,-0.15614837,0.9847758","-0.070587195,-0.02146961,0.10579511,0.09870557,-0.016320167,0.9756733,0.07333334,-0.15280701,0.49515146",0.0
"-0.070587195,-0.02146961,0.10579511,0.09870557,-0.016320167,0.9756733,0.07333334,-0.15280701,0.49515146","-0.65253574,-0.6187334,0.8391384","-0.13289964,-0.10654229,0.19594432,0.039761283,-0.011304935,0.9511486,0.07333334,-0.15280701,0.49515146",0.0
"-0.13289964,-0.10654229,0.19594432,0.039761283,-0.011304935,0.9511486,0.07333334,-0.15280701,0.49515146","-0.7501117,0.13608229,0.9345523","-0.20452988,-0.087831706,0.29634392,0.16584946,-0.11690968,0.87408847,0.07333334,-0.15280701,0.49515146",0.0
"-0.20452988,-0.087831706,0.29634392,0.16584946,-0.11690968,0.87408847,0.07333334,-0.15280701,0.49515146","-0.178738,-0.5978898,0.9300761","-0.22159809,-0.17003849,0.39626265,0.12367529,-0.09581861,0.81135494,0.07333334,-0.15280701,0.49515146",0.0
"-0.22159809,-0.17003849,0.39626265,0.12367529,-0.09581861,0.81135494,0.07333334,-0.15280701,0.49515146","-0.02419883,0.11546862,0.8412808","-0.2239089,-0.15416218,0.48664206,0.20479535,-0.1661105,0.6948431,0.07333334,-0.15280701,0.49515146",0.0
"-0.2239089,-0.15416218,0.48664206,0.20479535,-0.1661105,0.6948431,0.07333334,-0.15280701,0.49515146","-0.68194526,-0.6807147,0.8090364","-0.28902972,-0.24775697,0.57355744,0.116632596,-0.14001112,0.6284521,0.07333334,-0.15280701,0.49515146",0.0
"-0.28902972,-0.24775697,0.57355744,0.116632596,-0.14001112,0.6284521,0.07333334,-0.15280701,0.49515146","-0.85824364,-0.26273477,0.8023226","-0.37098575,-0.28388166,0.65975153,0.07754705,-0.16605313,0.52239096,0.07333334,-0.15280701,0.49515146",0.0
"-0.37098575,-0.28388166,0.65975153,0.07754705,-0.16605313,0.52239096,0.07333334,-0.15280701,0.49515146","-0.04487294,-0.10226035,0.21448338","-0.37527078,-0.29794195,0.6827936,0.072732344,-0.16085653,0.49454492,0.07333334,-0.15280701,0.49515146",0.0
"0.0,0.0,0.0,2.8652207e-07,0.005789075,0.993462,0.036023393,-0.018479532,0.52215254","-0.40449584,-0.6141188,0.951717","-0.038626432,-0.08443819,0.10224359,-0.03897778,0.010585311,0.9812486,0.036023393,-0.018479532,0.52215254",0.0
"-0.038626432,-0.08443819,0.10224359,-0.03897778,0.010585311,0.9812486,0.036023393,-0.018479532,0.52215254","-0.21089065,-0.44709706,0.9648354","-0.058764976,-0.14591177,0.20589651,-0.026244514,0.0107901,0.947399,0.036023393,-0.018479532,0.52215254",0.0
"-0.058764976,-0.14591177,0.20589651,-0.026244514,0.0107901,0.947399,0.036023393,-0.018479532,0.52215254","-0.51726794,-0.5368164,0.9433813","-0.10816032,-0.2197213,0.30724466,-0.038737845,0.019834325,0.89160424,0.036023393,-0.018479532,0.52215254",0.0
"-0.10816032,-0.2197213,0.30724466,-0.038737845,0.019834325,0.89160424,0.036023393,-0.018479532,0.52215254","-0.6104996,0.08188844,0.92767525","-0.16645862,-0.2084621,0.40690547,0.08767643,-0.04386142,0.81245583,0.036023393,-0.018479532,0.52215254",0.0
"-0.16645862,-0.2084621,0.40690547,0.08767643,-0.04386142,0.81245583,0.036023393,-0.018479532,0.52215254","0.035918713,-0.74998856,0.7871665","-0.16302864,-0.31158173,0.49147132,0.010342391,0.0008267835,0.7418458,0.036023393,-0.018479532,0.52215254",0.0
"-0.16302864,-0.31158173,0.49147132,0.010342391,0.0008267835,0.7418458,0.036023393,-0.018479532,0.52215254","-0.58248764,-0.21267867,0.80181634","-0.21865198,-0.34082398,0.577611,0.04033828,-0.025596593,0.6493696,0.036023393,-0.018479532,0.52215254",0.0
"-0.21865198,-0.34082398,0.577611,0.04033828,-0.025596593,0.6493696,0.036023393,-0.018479532,0.52215254","0.4144144,-0.43889314,0.743093","-0.17907842,-0.40116957,0.65744203,0.028789612,-0.011309585,0.55633414,0.036023393,-0.018479532,0.52215254",0.0
"-0.17907842,-0.40116957,0.65744203,0.028789612,-0.011309585,0.55633414,0.036023393,-0.018479532,0.52215254","-0.58452666,-0.061789334,0.21596158","-0.23489647,-0.40966532,0.68064296,0.0315575,-0.020871451,0.5268886,0.036023393,-0.018479532,0.52215254",0.0
"0.0,0.0,0.0,2.8652207e-07,0.005789075,0.993462,-0.06491228,0.016725145,0.37832105","-0.22449845,-0.8483211,0.8938875","-0.021437988,-0.11663981,0.09603093,-0.116915755,0.013688459,0.9756158,-0.06491228,0.016725145,0.37832105",0.0
"-0.021437988,-0.11663981,0.09603093,-0.116915755,0.013688459,0.9756158,-0.06491228,0.016725145,0.37832105","-0.3312776,-0.65637034,0.6431031","-0.053072605,-0.20688738,0.16511996,-0.20683736,0.040680308,0.9380998,-0.06491228,0.016725145,0.37832105",0.0
"-0.053072605,-0.20688738,0.16511996,-0.20683736,0.040680308,0.9380998,-0.06491228,0.016725145,0.37832105","0.052284837,0.01685667,0.8892486","-0.048079796,-0.20456971,0.26065254,-0.07268687,0.016919209,0.9173334,-0.06491228,0.016725145,0.37832105",0.0
"-0.048079796,-0.20456971,0.26065254,-0.07268687,0.016919209,0.9173334,-0.06491228,0.016725145,0.37832105","-0.06129694,-0.096479535,0.974648","-0.053933218,-0.2178352,0.36535966,0.03357595,0.00012912597,0.8512551,-0.06491228,0.016725145,0.37832105",0.0
"-0.053933218,-0.2178352,0.36535966,0.03357595,0.00012912597,0.8512551,-0.06491228,0.016725145,0.37832105","-0.59169066,-0.87363416,0.9043071","-0.11043539,-0.33795545,0.46251002,-0.06303718,0.028948275,0.76629376,-0.06491228,0.016725145,0.37832105",0.0
"-0.11043539,-0.33795545,0.46251002,-0.06303718,0.028948275,0.76629376,-0.06491228,0.016725145,0.37832105","0.6358099,-0.48689836,0.9779172","-0.049720164,-0.4049015,0.56756836,-0.05765066,0.014939547,0.6595534,-0.06491228,0.016725145,0.37832105",0.0
"-0.049720164,-0.4049015,0.56756836,-0.05765066,0.014939547,0.6595534,-0.06491228,0.016725145,0.37832105","0.5625502,-0.78129107,0.6564542","0.003999292,-0.51232505,0.6380917,-0.13623498,0.0040778266,0.56400627,-0.06491228,0.016725145,0.37832105",0.0
"0.003999292,-0.51232505,0.6380917,-0.13623498,0.0040778266,0.56400627,-0.06491228,0.016725145,0.37832105","-0.21816283,0.031237483,0.9132073","-0.01683368,-0.5080301,0.7361981,-0.035978757,0.007701846,0.4547922,-0.06491228,0.016725145,0.37832105",0.0
"-0.01683368,-0.5080301,0.7361981,-0.035978757,0.007701846,0.4547922,-0.06491228,0.016725145,0.37832105","0.022389412,-0.49131334,0.6119361","-0.014695655,-0.5755832,0.80193895,-0.05328922,0.008257422,0.36287293,-0.06491228,0.016725145,0.37832105",0.0
"-0.014695655,-0.5755832,0.80193895,-0.05328922,0.008257422,0.36287293,-0.06491228,0.016725145,0.37832105","-0.5947311,-0.04021299,-0.13554037","-0.071488164,-0.5811123,0.78737783,-0.06754214,0.02136779,0.380617,-0.06491228,0.016725145,0.37832105",0.0
"0.0,0.0,0.0,2.8652207e-07,0.005789075,0.993462,-0.018070176,-0.14818713,0.6313337","-0.80240595,-0.32207227,0.97516227","-0.076623954,-0.044283293,0.10476233,0.049614612,-0.0062184604,0.9801909,-0.018070176,-0.14818713,0.6313337",0.0
"-0.076623954,-0.044283293,0.10476233,0.049614612,-0.0062184604,0.9801909,-0.018070176,-0.14818713,0.6313337","-0.8352388,-0.49436748,0.9220995","-0.15638322,-0.11225631,0.2038241,0.03753317,-0.01351639,0.94784594,-0.018070176,-0.14818713,0.6313337",0.0
"-0.15638322,-0.11225631,0.2038241,0.03753317,-0.01351639,0.94784594,-0.018070176,-0.14818713,0.6313337","-0.88684416,-0.1383419,0.9387728","-0.24107042,-0.13127764,0.3046771,0.0968664,-0.08361191,0.88426846,-0.018070176,-0.14818713,0.6313337",0.0
"-0.24107042,-0.13127764,0.3046771,0.0968664,-0.08361191,0.88426846,-0.018070176,-0.14818713,0.6313337","-0.7216449,-0.039230943,0.89578474","-0.3099823,-0.13667172,0.40091193,0.12893239,-0.17939733,0.79089886,-0.018070176,-0.14818713,0.6313337",0.0
"-0.3099823,-0.13667172,0.40091193,0.12893239,-0.17939733,0.79089886,-0.018070176,-0.14818713,0.6313337","-0.87941474,-0.4417292,0.68851185","-0.39396003,-0.19740725,0.47487926,0.065607294,-0.17189732,0.73351157,-0.018070176,-0.14818713,0.6313337",0.0
"-0.39396003,-0.19740725,0.47487926,0.065607294,-0.17189732,0.73351157,-0.018070176,-0.14818713,0.6313337","0.018120766,-0.39962667,0.4443258","-0.39222965,-0.25235388,0.5226135,0.05057638,-0.12620121,0.69643986,-0.018070176,-0.14818713,0.6313337",0.0
"-0.39222965,-0.25235388,0.5226135,0.05057638,-0.12620121,0.69643986,-0.018070176,-0.14818713,0.6313337","-0.9095996,-0.018126905,0.41480327","-0.4790898,-0.25484625,0.5671762,0.016755268,-0.16650854,0.6400859,-0.018070176,-0.14818713,0.6313337",0.0
"-0.4790898,-0.25484625,0.5671762,0.016755268,-0.16650854,0.6400859,-0.018070176,-0.14818713,0.6313337","-0.52085817,-0.07929665,0.109381795","-0.52882797,-0.26574916,0.5789272,-0.00867437,-0.15952341,0.6286857,-0.018070176,-0.14818713,0.6313337",0.0
"0.0,0.0,0.0,2.8652207e-07,0.005789075,0.993462,0.116725154,-0.11824561,0.3483126","-0.7538423,0.4261012,0.9684849","-0.07198647,0.058586717,0.10404495,0.26065505,-0.054033272,0.9407426,0.116725154,-0.11824561,0.3483126",0.0
"-0.07198647,0.058586717,0.10404495,0.26065505,-0.054033272,0.9407426,0.116725154,-0.11824561,0.3483126","-0.70134485,-0.7215196,0.93331385","-0.13895981,-0.040618528,0.20431149,0.17281714,-0.07424478,0.9276312,0.116725154,-0.11824561,0.3483126",0.0
"-0.13895981,-0.040618528,0.20431149,0.17281714,-0.07424478,0.9276312,0.116725154,-0.11824561,0.3483126","-0.47283494,-0.76677006,0.9203625","-0.18411213,-0.14604549,0.30318666,0.08445908,-0.048229035,0.88952863,0.116725154,-0.11824561,0.3483126",0.0
"-0.18411213,-0.14604549,0.30318666,0.08445908,-0.048229035,0.88952863,0.116725154,-0.11824561,0.3483126","-0.24253005,0.5158683,0.9894016","-0.20727201,-0.07511628,0.40947875,0.26956487,-0.19814198,0.7386407,0.116725154,-0.11824561,0.3483126",0.0
"-0.20727201,-0.07511628,0.40947875,0.26956487,-0.19814198,0.7386407,0.116725154,-0.11824561,0.3483126","0.32747436,-0.5804521,0.9690609","-0.17600058,-0.15492547,0.5135857,0.24204417,-0.142571,0.6586821,0.116725154,-0.11824561,0.3483126",0.0
"-0.17600058,-0.15492547,0.5135857,0.24204417,-0.142571,0.6586821,0.116725154,-0.11824561,0.3483126","-0.2876916,-0.4105307,0.8868964","-0.20347305,-0.21137135,0.6088656,0.206368,-0.1461898,0.5588119,0.116725154,-0.11824561,0.3483126",0.0
"-0.20347305,-0.21137135,0.6088656,0.206368,-0.1461898,0.5588119,0.116725154,-0.11824561,0.3483126","-0.05384493,-0.50535035,0.94963217","-0.20861484,-0.28085443,0.7108852,0.1668261,-0.12094282,0.4441604,0.116725154,-0.11824561,0.3483126",0.0
"-0.20861484,-0.28085443,0.7108852,0.1668261,-0.12094282,0.4441604,0.116725154,-0.11824561,0.3483126","-0.058389902,-0.19129807,0.6788664","-0.21419065,-0.30715698,0.7838164,0.1540577,-0.11537896,0.3441422,0.116725154,-0.11824561,0.3483126",0.0
"-0.21419065,-0.30715698,0.7838164,0.1540577,-0.11537896,0.3441422,0.116725154,-0.11824561,0.3483126","-0.5487815,-0.10731965,0.04524815","-0.2665953,-0.3219129,0.78867745,0.1244448,-0.12949815,0.34326127,0.116725154,-0.11824561,0.3483126",0.0
"0.0,0.0,0.0,2.8652207e-07,0.005789075,0.993462,0.114970766,-0.11631579,0.62760717","-0.59564584,0.0687722,0.9416537","-0.056879856,0.009455815,0.10116248,0.15793797,-0.022643961,0.9678591,0.114970766,-0.11631579,0.62760717",0.0
"-0.056879856,0.009455815,0.10116248,0.15793797,-0.022643961,0.9678591,0.114970766,-0.11631579,0.62760717","-0.8698356,-0.6812209,0.97118044","-0.13994285,-0.08420857,0.20549706,0.09283216,-0.03726571,0.9421645,0.114970766,-0.11631579,0.62760717",0.0
"-0.13994285,-0.08420857,0.20549706,0.09283216,-0.03726571,0.9421645,0.114970766,-0.11631579,0.62760717","-0.7887991,0.026820183,0.63327396","-0.21526746,-0.08052096,0.27353013,0.1526152,-0.115055695,0.89103335,0.114970766,-0.11631579,0.62760717",0.0
"-0.21526746,-0.08052096,0.27353013,0.1526152,-0.115055695,0.89103335,0.114970766,-0.11631579,0.62760717","-0.16583008,-0.1654033,0.9127437","-0.23110303,-0.10326309,0.37158683,0.19270739,-0.16334376,0.80498344,0.114970766,-0.11631579,0.62760717",0.0
"-0.23110303,-0.10326309,0.37158683,0.19270739,-0.16334376,0.80498344,0.114970766,-0.11631579,0.62760717","-0.21057576,-0.50442076,0.83670473","-0.25121152,-0.17261837,0.4614746,0.15459126,-0.14755444,0.7379334,0.114970766,-0.11631579,0.62760717",0.0
"-0.25121152,-0.17261837,0.4614746,0.15459126,-0.14755444,0.7379334,0.114970766,-0.11631579,0.62760717","0.09238517,-0.47879082,0.8329797","-0.2423894,-0.23844966,0.5509622,0.13424714,-0.11997831,0.6547499,0.114970766,-0.11631579,0.62760717",0.0
"-0.2423894,-0.23844966,0.5509622,0.13424714,-0.11997831,0.6547499,0.114970766,-0.11631579,0.62760717","-0.16613495,-0.18032789,0.24941933","-0.25825408,-0.26324385,0.57775754,0.116068974,-0.11384263,0.6292742,0.114970766,-0.11631579,0.62760717",0.0
"0.0,0.0,0.0,2.8652207e-07,0.005789075,0.993462,-0.06385965,0.0871345,0.7507792","-0.35013247,-0.87576574,0.88003206","-0.033435125,-0.1204133,0.09454244,-0.12638886,0.019146025,0.9745043,-0.06385965,0.0871345,0.7507792",0.0
"-0.033435125,-0.1204133,0.09454244,-0.12638886,0.019146025,0.9745043,-0.06385965,0.0871345,0.7507792","-0.17383373,-0.51293015,0.99549365","-0.050035,-0.19093859,0.20148899,-0.12472442,0.025629839,0.94025874,-0.06385965,0.0871345,0.7507792",0.0
"-0.050035,-0.19093859,0.20148899,-0.12472442,0.025629839,0.94025874,-0.06385965,0.0871345,0.7507792","-0.6335986,-0.61317027,0.9173193","-0.11053908,-0.2752464,0.30003726,-0.15008736,0.060478806,0.8811313,-0.06385965,0.0871345,0.7507792",0.0
"-0.11053908,-0.2752464,0.30003726,-0.15008736,0.060478806,0.8811313,-0.06385965,0.0871345,0.7507792","0.043987274,-0.33239233,0.9594171","-0.10633863,-0.3209487,0.4031081,-0.10400729,0.042226933,0.81363165,-0.06385965,0.0871345,0.7507792",0.0
"-0.10633863,-0.3209487,0.4031081,-0.10400729,0.042226933,0.81363165,-0.06385965,0.0871345,0.7507792","-0.6452335,-0.3667879,0.6087762","-0.16795374,-0.37138018,0.46850938,-0.1000571,0.06500949,0.75390846,-0.06385965,0.0871345,0.7507792",0.0
"-0.16795374,-0.37138018,0.46850938,-0.1000571,0.06500949,0.75390846,-0.06385965,0.0871345,0.7507792","-0.56653,-0.12870002,0.15895104","-0.22205326,-0.38907582,0.48558566,-0.09444365,0.08671648,0.7357313,-0.06385965,0.0871345,0.7507792",0.0
"-0.22205326,-0.38907582,0.48558566,-0.09444365,0.08671648,0.7357313,-0.06385965,0.0871345,0.7507792","0.046352506,0.05332911,-0.017896056","-0.21762693,-0.3817434,0.48366314,-0.087962545,0.079138815,0.7394051,-0.06385965,0.0871345,0.7507792",0.0
"-0.21762693,-0.3817434,0.48366314,-0.087962545,0.079138815,0.7394051,-0.06385965,0.0871345,0.7507792","-0.16980255,0.0059173107,-0.02038908","-0.23384184,-0.38092986,0.48147282,-0.08478184,0.08438513,0.74132645,-0.06385965,0.0871345,0.7507792",0.0
"-0.23384184,-0.38092986,0.48147282,-0.08478184,0.08438513,0.74132645,-0.06385965,0.0871345,0.7507792","-0.031234503,0.03918743,-0.022206664","-0.2368245,-0.37554184,0.4790872,-0.0794576,0.081006385,0.7446935,-0.06385965,0.0871345,0.7507792",0.0
"-0.2368245,-0.37554184,0.4790872,-0.0794576,0.081006385,0.7446935,-0.06385965,0.0871345,0.7507792","0.23354411,-0.06281835,0.014110208","-0.21452272,-0.3841791,0.4806032,-0.09482988,0.08314909,0.7410147,-0.06385965,0.0871345,0.7507792",0.0
"-0.21452272,-0.3841791,0.4806032,-0.09482988,0.08314909,0.7410147,-0.06385965,0.0871345,0.7507792","-0.46905047,0.08713555,-0.021396995","-0.25931364,-0.37219843,0.4783046,-0.070325464,0.08300423,0.74620646,-0.06385965,0.0871345,0.7507792",0.0
"0.0,0.0,0.0,2.8652207e-07,0.005789075,0.993462,-0.054795325,0.07327485,0.51554936","-0.86860925,-0.7571883,0.97487044","-0.08294589,-0.10410951,0.10473097,-0.074510366,0.02585922,0.9780788,-0.054795325,0.07327485,0.51554936",0.0
"-0.08294589,-0.10410951,0.10473097,-0.074510366,0.02585922,0.9780788,-0.054795325,0.07327485,0.51554936","0.44828963,-0.96148205,0.9850439","-0.040137492,-0.2363084,0.21055491,-0.20511484,0.03183742,0.9201792,-0.054795325,0.07327485,0.51554936",0.0
"-0.040137492,-0.2363084,0.21055491,-0.20511484,0.03183742,0.9201792,-0.054795325,0.07327485,0.51554936","-0.91462886,-0.13964212,0.96323895","-0.12747793,-0.2555085,0.31403634,-0.09389415,0.04603806,0.8815329,-0.054795325,0.07327485,0.51554936",0.0
"-0.12747793,-0.2555085,0.31403634,-0.09389415,0.04603806,0.8815329,-0.054795325,0.07327485,0.51554936","-0.04398966,-0.7250823,0.9664396","-0.13167863,-0.35520366,0.4178616,-0.13943206,0.067535274,0.79331815,-0.054795325,0.07327485,0.51554936",0.0
"-0.13167863,-0.35520366,0.4178616,-0.13943206,0.067535274,0.79331815,-0.054795325,0.07327485,0.51554936","-0.64431953,-0.6061302,0.99171627","-0.19320646,-0.4385435,0.52440244,-0.12885737,0.09653041,0.6888139,-0.054795325,0.07327485,0.51554936",0.0
"-0.19320646,-0.4385435,0.52440244,-0.12885737,0.09653041,0.6888139,-0.054795325,0.07327485,0.51554936","-0.15770447,-0.29902196,0.9857092","-0.2082661,-0.4796575,0.6302978,-0.076248266,0.06577802,0.58117884,-0.054795325,0.07327485,0.51554936",0.0
"-0.2082661,-0.4796575,0.6302978,-0.076248266,0.06577802,0.58117884,-0.054795325,0.07327485,0.51554936","-0.42016482,-0.16624284,0.5470984","-0.2483888,-0.5025151,0.68907297,-0.046647124,0.05432342,0.512526,-0.054795325,0.07327485,0.51554936",0.0
"-0.2483888,-0.5025151,0.68907297,-0.046647124,0.05432342,0.512526,-0.054795325,0.07327485,0.51554936","0.018241525,-0.05951935,-0.046455383","-0.24664685,-0.51069874,0.68408227,-0.057588432,0.06449032,0.51660544,-0.054795325,0.07327485,0.51554936",0.0
"0.0,0.0,0.0,2.8652207e-07,0.005789075,0.993462,-0.13695908,-0.0057894737,0.36001524","-0.4289546,-0.4240728,0.96600914","-0.040962067,-0.05830784,0.103778996,0.018827923,0.0034010222,0.98162615,-0.13695908,-0.0057894737,0.36001524",0.0
"-0.040962067,-0.05830784,0.103778996,0.018827923,0.0034010222,0.98162615,-0.13695908,-0.0057894737,0.36001524","0.80748916,-0.9377547,0.9528953","0.036147274,-0.18724433,0.20614919,-0.11306966,-0.0070691565,0.9402072,-0.13695908,-0.0057894737,0.36001524",0.0
"0.036147274,-0.18724433,0.20614919,-0.11306966,-0.0070691565,0.9402072,-0.13695908,-0.0057894737,0.36001524","-0.42493677,-0.8081404,0.94220424","-0.00443111,-0.2983595,0.30737084,-0.19641371,0.008523965,0.868506,-0.13695908,-0.0057894737,0.36001524",0.0
"-0.00443111,-0.2983595,0.30737084,-0.19641371,0.008523965,0.868506,-0.13695908,-0.0057894737,0.36001524","-0.21283579,-0.8477839,0.90865386","-0.024755388,-0.4149255,0.40498817,-0.27557907,0.027282167,0.76794857,-0.13695908,-0.0057894737,0.36001524",0.0
"-0.024755388,-0.4149255,0.40498817,-0.27557907,0.027282167,0.76794857,-0.13695908,-0.0057894737,0.36001524","0.29131746,-0.49336475,0.8965304","0.003063311,-0.48276064,0.5013031,-0.25967127,0.003290421,0.6810669,-0.13695908,-0.0057894737,0.36001524",0.0
"0.003063311,-0.48276064,0.5013031,-0.25967127,0.003290421,0.6810669,-0.13695908,-0.0057894737,0.36001524","0.50940967,-0.24372691,0.7361133","0.051708233,-0.5162719,0.58038425,-0.20715764,-0.028084762,0.61159337,-0.13695908,-0.0057894737,0.36001524",0.0
"0.051708233,-0.5162719,0.58038425,-0.20715764,-0.028084762,0.61159337,-0.13695908,-0.0057894737,0.36001524","-0.013982177,-0.7906392,0.97110224","0.05037304,-0.62498075,0.6847104,-0.22104934,-0.029413816,0.4726697,-0.13695908,-0.0057894737,0.36001524",0.0
"0.05037304,-0.62498075,0.6847104,-0.22104934,-0.029413816,0.4726697,-0.13695908,-0.0057894737,0.36001524","-0.6420256,-0.3073709,0.869205","-0.010935746,-0.6672427,0.7780897,-0.16204925,0.011362118,0.36675948,-0.13695908,-0.0057894737,0.36001524",0.0
"-0.010935746,-0.6672427,0.7780897,-0.16204925,0.011362118,0.36675948,-0.13695908,-0.0057894737,0.36001524","0.23387301,0.09967601,0.06666827","0.011397427,-0.65353787,0.78525203,-0.14215413,0.0007008905,0.36429277,-0.13695908,-0.0057894737,0.36001524",0.0
"0.0,0.0,0.0,2.8652207e-07,0.005789075,0.993462,0.29608187,-0.3130994,0.47972226","-0.7507582,0.81366754,0.93993926","-0.07169195,0.111875094,0.10097826,0.36243805,-0.07710064,0.90150017,0.29608187,-0.3130994,0.47972226",0.0
"-0.07169195,0.111875094,0.10097826,0.36243805,-0.07710064,0.90150017,0.29608187,-0.3130994,0.47972226","-0.91910267,-0.25301123,0.884974","-0.15945958,0.07708736,0.19605161,0.3630898,-0.19220856,0.84852177,0.29608187,-0.3130994,0.47972226",0.0
"-0.15945958,0.07708736,0.19605161,0.3630898,-0.19220856,0.84852177,0.29608187,-0.3130994,0.47972226","-0.6024981,0.0151696205,0.8518996","-0.21699376,0.0791731,0.28757176,0.3911304,-0.3099425,0.73957425,0.29608187,-0.3130994,0.47972226",0.0
"-0.21699376,0.0791731,0.28757176,0.3911304,-0.3099425,0.73957425,0.29608187,-0.3130994,0.47972226","-0.5379824,-0.19098574,0.7180468","-0.26836717,0.052913543,0.364712,0.3435232,-0.37694246,0.6673195,0.29608187,-0.3130994,0.47972226",0.0
"-0.26836717,0.052913543,0.364712,0.3435232,-0.37694246,0.6673195,0.29608187,-0.3130994,0.47972226","0.06931627,-0.537436,0.93930507","-0.261748,-0.020981146,0.4656222,0.31223658,-0.3276729,0.6077876,0.29608187,-0.3130994,0.47972226",0.0
"-0.261748,-0.020981146,0.4656222,0.31223658,-0.3276729,0.6077876,0.29608187,-0.3130994,0.47972226","-0.06105423,-0.3069055,0.6321142","-0.2675782,-0.06317908,0.5335306,0.28457287,-0.30919766,0.5505511,0.29608187,-0.3130994,0.47972226",0.0
"-0.2675782,-0.06317908,0.5335306,0.28457287,-0.30919766,0.5505511,0.29608187,-0.3130994,0.47972226","0.126374,0.043223858,0.4289471","-0.25551042,-0.05723604,0.57961273,0.30774835,-0.31026053,0.47323915,0.29608187,-0.3130994,0.47972226",0.0
"0.0,0.0,0.0,2.8652207e-07,0.005789075,0.993462,0.07269006,-0.0057894737,0.2237676","-0.4672212,-0.790461,0.9793776","-0.04461625,-0.10868434,0.105215184,-0.08609494,0.017993653,0.97710407,0.07269006,-0.0057894737,0.2237676",0.0
"-0.04461625,-0.10868434,0.105215184,-0.08609494,0.017993653,0.97710407,0.07269006,-0.0057894737,0.2237676","-0.744195,-0.103979886,0.98748755","-0.115681484,-0.12298107,0.21130165,0.027380154,-0.0042195558,0.9450115,0.07269006,-0.0057894737,0.2237676",0.0
"-0.115681484,-0.12298107,0.21130165,0.027380154,-0.0042195558,0.9450115,0.07269006,-0.0057894737,0.2237676","-0.5989541,-0.33344805,0.82161057","-0.17287728,-0.1688285,0.29956785,0.043819703,-0.01969008,0.896252,0.07269006,-0.0057894737,0.2237676",0.0
"-0.17287728,-0.1688285,0.29956785,0.043819703,-0.01969008,0.896252,0.07269006,-0.0057894737,0.2237676","-0.069499016,0.72302866,0.9767232","-0.17951393,-0.0694158,0.40449783,0.29058063,-0.17693664,0.7404023,0.07269006,-0.0057894737,0.2237676",0.0
"-0.17951393,-0.0694158,0.40449783,0.29058063,-0.17693664,0.7404023,0.07269006,-0.0057894737,0.2237676","0.8931608,-0.96442187,0.9722873","-0.09422357,-0.20201887,0.50895137,0.19734025,-0.054130908,0.6928275,0.07269006,-0.0057894737,0.2237676",0.0
"-0.09422357,-0.20201887,0.50895137,0.19734025,-0.054130908,0.6928275,0.07269006,-0.0057894737,0.2237676","0.24454784,-0.59586596,0.96011245","-0.07087103,-0.28394738,0.6120969,0.15373594,-0.028870288,0.59045696,0.07269006,-0.0057894737,0.2237676",0.0
"-0.07087103,-0.28394738,0.6120969,0.15373594,-0.028870288,0.59045696,0.07269006,-0.0057894737,0.2237676","-0.088401556,-0.48292792,0.97177935","-0.07931274,-0.35034752,0.7164959,0.12769412,-0.026518917,0.4642427,0.07269006,-0.0057894737,0.2237676",0.0
"-0.07931274,-0.35034752,0.7164959,0.12769412,-0.026518917,0.4642427,0.07269006,-0.0057894737,0.2237676","0.026698709,-0.60367155,0.7936624","-0.07676321,-0.43334928,0.80175954,0.079284884,-0.013538001,0.3584767,0.07269006,-0.0057894737,0.2237676",0.0
"-0.07676321,-0.43334928,0.80175954,0.079284884,-0.013538001,0.3584767,0.07269006,-0.0057894737,0.2237676","0.27684605,-0.34609222,0.6963012","-0.050326433,-0.48093528,0.8765637,0.064224854,-0.004377229,0.2530889,0.07269006,-0.0057894737,0.2237676",0.0
"-0.050326433,-0.48093528,0.8765637,0.064224854,-0.004377229,0.2530889,0.07269006,-0.0057894737,0.2237676","0.17614365,0.025503993,0.1408509","-0.033506,-0.47742864,0.8916955,0.06989577,-0.0015631099,0.22915429,0.07269006,-0.0057894737,0.2237676",0.0
"0.0,0.0,0.0,2.8652207e-07,0.005789075,0.993462,0.25070176,-0.12906432,0.7005036","-0.7184533,0.22062337,0.8274381","-0.06860708,0.030334571,0.088892214,0.18421815,-0.034406014,0.9648492,0.25070176,-0.12906432,0.7005036",0.0
"-0.06860708,0.030334571,0.088892214,0.18421815,-0.034406014,0.9648492,0.25070176,-0.12906432,0.7005036","-0.6177244,-0.24069887,0.9416542","-0.12759528,-0.002760296,0.19005474,0.2301419,-0.09124649,0.91825324,0.25070176,-0.12906432,0.7005036",0.0
"-0.12759528,-0.002760296,0.19005474,0.2301419,-0.09124649,0.91825324,0.25070176,-0.12906432,0.7005036","-0.085805416,-0.20229053,0.90269375","-0.13578907,-0.03057422,0.28703174,0.27759323,-0.119808555,0.8479867,0.25070176,-0.12906432,0.7005036",0.0
"-0.13578907,-0.03057422,0.28703174,0.27759323,-0.119808555,0.8479867,0.25070176,-0.12906432,0.7005036","-0.05184722,-0.4451021,0.8477458","-0.14074011,-0.09177349,0.3781057,0.25482735,-0.11423227,0.7899947,0.25070176,-0.12906432,0.7005036",0.0
"-0.14074011,-0.09177349,0.3781057,0.25482735,-0.11423227,0.7899947,0.25070176,-0.12906432,0.7005036","-0.011498451,-0.36691064,0.6743324","-0.14183813,-0.14222184,0.45054972,0.23276444,-0.10476157,0.7342235,0.25070176,-0.12906432,0.7005036",0.0
"-0.14183813,-0.14222184,0.45054972,0.23276444,-0.10476157,0.7342235,0.25070176,-0.12906432,0.7005036","-0.15360081,0.015140057,0.21350884","-0.15650591,-0.14014018,0.47348723,0.24636135,-0.12537074,0.7031007,0.25070176,-0.12906432,0.7005036",0.0
"0.0,0.0,0.0,2.8652207e-07,0.005789075,0.993462,-0.21795322,-0.0057894737,0.47566882","-0.4661904,-0.8479842,0.9579475","-0.04451781,-0.11659347,0.10291293,-0.10600649,0.02076936,0.975378,-0.21795322,-0.0057894737,0.47566882",0.0
"-0.04451781,-0.11659347,0.10291293,-0.10600649,0.02076936,0.975378,-0.21795322,-0.0057894737,0.47566882","-0.023493886,-0.94178855,0.96404874","-0.046761315,-0.2460846,0.20648135,-0.22957493,0.039822634,0.9152837,-0.21795322,-0.0057894737,0.47566882",0.0
"-0.046761315,-0.2460846,0.20648135,-0.22957493,0.039822634,0.9152837,-0.21795322,-0.0057894737,0.47566882","-0.3088466,-0.6193545,0.9300082","-0.07625393,-0.3312427,0.3063928,-0.2517995,0.06746107,0.8504234,-0.21795322,-0.0057894737,0.47566882",0.0
"-0.07625393,-0.3312427,0.3063928,-0.2517995,0.06746107,0.8504234,-0.21795322,-0.0057894737,0.47566882","-0.24116874,-0.2069568,0.8799577","-0.09928381,-0.35969827,0.40092725,-0.17424482,0.062265072,0.80084866,-0.21795322,-0.0057894737,0.47566882",0.0
"-0.09928381,-0.35969827,0.40092725,-0.17424482,0.062265072,0.80084866,-0.21795322,-0.0057894737,0.47566882","0.7264826,-0.8328144,0.93444645","-0.029909993,-0.47420603,0.50131553,-0.24459708,0.028866332,0.68633795,-0.21795322,-0.0057894737,0.47566882",0.0
"-0.029909993,-0.47420603,0.50131553,-0.24459708,0.028866332,0.68633795,-0.21795322,-0.0057894737,0.47566882","0.22231197,-0.76938206,0.95963836","-0.008680814,-0.5799921,0.6044101,-0.26609856,0.0130500095,0.5579636,-0.21795322,-0.0057894737,0.47566882",0.0
"-0.008680814,-0.5799921,0.6044101,-0.26609856,0.0130500095,0.5579636,-0.21795322,-0.0057894737,0.47566882","0.29407775,-0.084292054,0.7349975","0.019401474,-0.5915819,0.68337137,-0.18539591,-0.005514244,0.49046052,-0.21795322,-0.0057894737,0.47566882",0.0
"0.019401474,-0.5915819,0.68337137,-0.18539591,-0.005514244,0.49046052,-0.21795322,-0.0057894737,0.47566882","-0.16897076,-0.11356574,-0.028869927","0.003265991,-0.6071967,0.6802699,-0.20749098,0.0036604959,0.48569733,-0.21795322,-0.0057894737,0.47566882",0.0
"0.0,0.0,0.0,2.8652207e-07,0.005789075,0.993462,0.3866667,-0.13888888,0.62924165","-0.70751595,0.54592216,0.97248816","-0.06756264,0.075061485,0.10447502,0.29501048,-0.057652786,0.929071,0.3866667,-0.13888888,0.62924165",0.0
"-0.06756264,0.075061485,0.10447502,0.29501048,-0.057652786,0.929071,0.3866667,-0.13888888,0.62924165","-0.35146934,0.18639839,0.76496756","-0.10112541,0.1006903,0.18665598,0.42471075,-0.13356511,0.8336407,0.3866667,-0.13888888,0.62924165",0.0
"-0.10112541,0.1006903,0.18665598,0.42471075,-0.13356511,0.8336407,0.3866667,-0.13888888,0.62924165","-0.26155162,-0.09285933,0.83672214","-0.12610169,0.087922625,0.27654558,0.46810535,-0.1895216,0.743057,0.3866667,-0.13888888,0.62924165",0.0
"-0.12610169,0.087922625,0.27654558,0.46810535,-0.1895216,0.743057,0.3866667,-0.13888888,0.62924165","0.34794188,-0.649732,0.8125129","-0.092875764,-0.0014121878,0.36383438,0.40647048,-0.11603886,0.7303921,0.3866667,-0.13888888,0.62924165",0.0
"-0.092875764,-0.0014121878,0.36383438,0.40647048,-0.11603886,0.7303921,0.3866667,-0.13888888,0.62924165","-0.14374536,-0.09338695,0.8451232","-0.1066024,-0.01425242,0.45462653,0.43377307,-0.14482799,0.6165894,0.3866667,-0.13888888,0.62924165",0.0
"-0.1066024,-0.01425242,0.45462653,0.43377307,-0.14482799,0.6165894,0.3866667,-0.13888888,0.62924165","-0.1916759,-0.24826992,0.06781185","-0.12490606,-0.048388265,0.46191165,0.38201627,-0.15183924,0.6421049,0.3866667,-0.13888888,0.62924165",0.0
"-0.12490606,-0.048388265,0.46191165,0.38201627,-0.15183924,0.6421049,0.3866667,-0.13888888,0.62924165","0.045181274,0.062330127,0.07420671","-0.12059157,-0.039818205,0.46988374,0.39939374,-0.15275945,0.6217192,0.3866667,-0.13888888,0.62924165",0.0
"-0.12059157,-0.039818205,0.46988374,0.39939374,-0.15275945,0.6217192,0.3866667,-0.13888888,0.62924165","0.031354666,-0.019761264,-0.023702562","-0.11759744,-0.04253529,0.46733743,0.39599565,-0.14713076,0.62826693,0.3866667,-0.13888888,0.62924165",0.0
"0.0,0.0,0.0,2.8652207e-07,0.005789075,0.993462,0.029824562,0.42988303,0.47972226","0.95881855,0.6253511,0.8758327","0.09156023,0.08598255,0.09409125,0.29543442,0.093441464,0.9280341,0.029824562,0.42988303,0.47972226",0.0
"0.09156023,0.08598255,0.09409125,0.29543442,0.093441464,0.9280341,0.029824562,0.42988303,0.47972226","0.99157,0.1856395,0.73671126","0.18624797,0.111507036,0.17323662,0.37309593,0.2541223,0.8358433,0.029824562,0.42988303,0.47972226",0.0
"0.18624797,0.111507036,0.17323662,0.37309593,0.2541223,0.8358433,0.029824562,0.42988303,0.47972226","0.9102926,-0.19917548,0.59833634","0.27317432,0.084121436,0.2375163,0.2994884,0.3554664,0.79545826,0.029824562,0.42988303,0.47972226",0.0
"0.27317432,0.084121436,0.2375163,0.2994884,0.3554664,0.79545826,0.029824562,0.42988303,0.47972226","0.9655504,-0.7234416,0.8694217","0.3653774,-0.015348068,0.33091888,0.14747548,0.3417646,0.7857385,0.029824562,0.42988303,0.47972226",0.0
"0.3653774,-0.015348068,0.33091888,0.14747548,0.3417646,0.7857385,0.029824562,0.42988303,0.47972226","0.89623976,0.6431124,0.9611552","0.45096177,0.073076576,0.43417642,0.08152859,0.56275237,0.53793013,0.029824562,0.42988303,0.47972226",0.0
"0.45096177,0.073076576,0.43417642,0.08152859,0.56275237,0.53793013,0.029824562,0.42988303,0.47972226","0.37746084,-0.732898,0.78669834","0.48700652,-0.027693128,0.51869196,0.013060628,0.46168324,0.5350711,0.029824562,0.42988303,0.47972226",0.0
"0.48700652,-0.027693128,0.51869196,0.013060628,0.46168324,0.5350711,0.029824562,0.42988303,0.47972226","-0.039305508,-0.18820274,0.463789","0.48325312,-0.05357004,0.5685171,0.017348928,0.439566,0.4865702,0.029824562,0.42988303,0.47972226",0.0
"0.0,0.0,0.0,2.8652207e-07,0.005789075,0.993462,-0.17192984,0.40637425,0.60727465","0.87859523,0.5272883,0.9440154","0.08389947,0.072499424,0.10141618,0.2798677,0.08152057,0.93299097,-0.17192984,0.40637425,0.60727465",0.0
"0.08389947,0.072499424,0.10141618,0.2798677,0.08152057,0.93299097,-0.17192984,0.40637425,0.60727465","0.99931383,-0.19517118,-0.09682435","0.17932668,0.045664392,0.091014296,0.18492359,0.12365562,0.95610213,-0.17192984,0.40637425,0.60727465",0.0
"0.17932668,0.045664392,0.091014296,0.18492359,0.12365562,0.95610213,-0.17192984,0.40637425,0.60727465","0.96461964,-0.010072887,0.9614265","0.27144086,0.044279415,0.19430098,0.22323927,0.26433834,0.8805285,-0.17192984,0.40637425,0.60727465",0.0
"0.27144086,0.044279415,0.19430098,0.22323927,0.26433834,0.8805285,-0.17192984,0.40637425,0.60727465","0.9755378,-0.100159466,0.4111762","0.36459765,0.030507995,0.23847395,0.14627172,0.33689806,0.8488612,-0.17192984,0.40637425,0.60727465",0.0
"0.36459765,0.030507995,0.23847395,0.14627172,0.33689806,0.8488612,-0.17192984,0.40637425,0.60727465","0.96241844,-0.21768844,0.8398719","0.4565016,0.0005769451,0.32870197,0.048505574,0.39524472,0.7734966,-0.17192984,0.40637425,0.60727465",0.0
"0.4565016,0.0005769451,0.32870197,0.048505574,0.39524472,0.7734966,-0.17192984,0.40637425,0.60727465","0.88287425,-0.11590028,0.47568285","0.5408097,-0.015358758,0.37980494,-0.058336094,0.40722683,0.7233361,-0.17192984,0.40637425,0.60727465",0.0
"0.5408097,-0.015358758,0.37980494,-0.058336094,0.40722683,0.7233361,-0.17192984,0.40637425,0.60727465","0.78076947,0.031244755,0.7731284","0.61536753,-0.011062772,0.46286264,-0.17042029,0.43310004,0.60078603,-0.17192984,0.40637425,0.60727465",0.0
"0.61536753,-0.011062772,0.46286264,-0.17042029,0.43310004,0.60078603,-0.17192984,0.40637425,0.60727465","0.10151982,-0.13750124,0.09781134","0.6250619,-0.029968493,0.47337058,-0.17504178,0.40722984,0.6061084,-0.17192984,0.40637425,0.60727465",0.0
"0.0,0.0,0.0,2.8652207e-07,0.005789075,0.993462,0.295731,-0.6597661,0.53209","-0.6900357,0.9771569,0.8819752","-0.0658934,0.13435404,0.09475115,0.39991933,-0.078075215,0.885183,0.295731,-0.6597661,0.53209",0.0
"-0.0658934,0.13435404,0.09475115,0.39991933,-0.078075215,0.885183,0.295731,-0.6597661,0.53209","-0.9898409,0.82798505,0.92258286","-0.16041602,0.24819773,0.19386481,0.6125967,-0.33121115,0.6174622,0.295731,-0.6597661,0.53209",0.0
"-0.16041602,0.24819773,0.19386481,0.6125967,-0.33121115,0.6174622,0.295731,-0.6597661,0.53209","-0.8664071,0.4229946,0.3354621","-0.24315162,0.30635735,0.22990371,0.5740784,-0.54187757,0.45948094,0.295731,-0.6597661,0.53209",0.0
"-0.24315162,0.30635735,0.22990371,0.5740784,-0.54187757,0.45948094,0.295731,-0.6597661,0.53209","-0.9245373,-0.029763937,-0.3056631","-0.3314382,0.302265,0.19706613,0.39424023,-0.662094,0.51605415,0.295731,-0.6597661,0.53209",0.0
"-0.3314382,0.302265,0.19706613,0.39424023,-0.662094,0.51605415,0.295731,-0.6597661,0.53209","-0.29486,-0.2669531,0.16207337","-0.35959518,0.26556033,0.21447776,0.31798482,-0.659971,0.558089,0.295731,-0.6597661,0.53209",0.0
"-0.35959518,0.26556033,0.21447776,0.31798482,-0.659971,0.558089,0.295731,-0.6597661,0.53209","-0.0404889,-0.1350007,0.33854723","-0.36346158,0.24699846,0.2508481,0.30738494,-0.6581871,0.5380396,0.295731,-0.6597661,0.53209",0.0
"0.0,0.0,0.0,2.8652207e-07,0.005789075,0.993462,-0.16777779,0.39690056,0.47972226","0.9267187,0.7511296,0.9288509","0.08849492,0.10327646,0.099787034,0.33677456,0.10213808,0.9099925,-0.16777779,0.39690056,0.47972226",0.0
"0.08849492,0.10327646,0.099787034,0.33677456,0.10213808,0.9099925,-0.16777779,0.39690056,0.47972226","0.7524793,-0.15107864,0.53824615","0.16035123,0.08250392,0.15761118,0.32916886,0.18804613,0.8804497,-0.16777779,0.39690056,0.47972226",0.0
"0.16035123,0.08250392,0.15761118,0.32916886,0.18804613,0.8804497,-0.16777779,0.39690056,0.47972226","0.9832692,-0.72025007,0.9671564","0.25424632,-0.016526762,0.26151347,0.20658413,0.22047004,0.8637296,-0.16777779,0.39690056,0.47972226",0.0
"0.25424632,-0.016526762,0.26151347,0.20658413,0.22047004,0.8637296,-0.16777779,0.39690056,0.47972226","0.98440087,-0.12555277,0.8499656","0.34824944,-0.03378964,0.35282585,0.15951487,0.3214721,0.77537227,-0.16777779,0.39690056,0.47972226",0.0
"0.34824944,-0.03378964,0.35282585,0.15951487,0.3214721,0.77537227,-0.16777779,0.39690056,0.47972226","0.9534533,0.34007692,0.7241242","0.43929732,0.01296918,0.430619,0.08631378,0.477658,0.62067026,-0.16777779,0.39690056,0.47972226",0.0
"0.43929732,0.01296918,0.430619,0.08631378,0.477658,0.62067026,-0.16777779,0.39690056,0.47972226","0.95479095,-0.8193122,0.8439814","0.53047293,-0.09968204,0.5212885,-0.04074608,0.36373928,0.60397094,-0.16777779,0.39690056,0.47972226",0.0
"0.53047293,-0.09968204,0.5212885,-0.04074608,0.36373928,0.60397094,-0.16777779,0.39690056,0.47972226","0.6931224,-0.122762024,0.56508493","0.5966611,-0.1165612,0.58199596,-0.11488469,0.34725392,0.5277069,-0.16777779,0.39690056,0.47972226",0.0
"0.5966611,-0.1165612,0.58199596,-0.11488469,0.34725392,0.5277069,-0.16777779,0.39690056,0.47972226","0.3558178,0.38599718,0.12197387","0.63063914,-0.06348858,0.59509975,-0.17735556,0.39308217,0.4557337,-0.16777779,0.39690056,0.47972226",0.0
"0.63063914,-0.06348858,0.59509975,-0.17735556,0.39308217,0.4557337,-0.16777779,0.39690056,0.47972226","-0.09010774,0.007912755,-0.21683103","0.62203443,-0.062400624,0.5718055,-0.16617769,0.39652148,0.4908329,-0.16777779,0.39690056,0.47972226",0.0
"0.0,0.0,0.0,2.8652207e-07,0.005789075,0.993462,-0.053391814,0.71450293,0.42493555","0.87665,0.91479516,0.6531739","0.083713725,0.12577964,0.07017088,0.34663385,0.09932004,0.9120781,-0.053391814,0.71450293,0.42493555",0.0
"0.083713725,0.12577964,0.07017088,0.34663385,0.09932004,0.9120781,-0.053391814,0.71450293,0.42493555","0.9603398,0.10332346,0.86410236","0.17541921,0.1399861,0.16300195,0.41721946,0.26322478,0.813843,-0.053391814,0.71450293,0.42493555",0.0
"0.17541921,0.1399861,0.16300195,0.41721946,0.26322478,0.813843,-0.053391814,0.71450293,0.42493555","0.9317212,0.5469173,0.44950294","0.2643918,0.21518442,0.21129236,0.4406059,0.4909504,0.64819306,-0.053391814,0.71450293,0.42493555",0.0
"0.2643918,0.21518442,0.21129236,0.4406059,0.4909504,0.64819306,-0.053391814,0.71450293,0.42493555","0.95789456,0.0411762,0.3247037","0.35586378,0.22084594,0.24617548,0.29633835,0.6223156,0.5900189,-0.053391814,0.71450293,0.42493555",0.0
"0.35586378,0.22084594,0.24617548,0.29633835,0.6223156,0.5900189,-0.053391814,0.71450293,0.42493555","0.9357958,-0.28905988,0.25366092","0.44522548,0.18110171,0.27342644,0.10531379,0.6397754,0.61580473,-0.053391814,0.71450293,0.42493555",0.0
"0.44522548,0.18110171,0.27342644,0.10531379,0.6397754,0.61580473,-0.053391814,0.71450293,0.42493555","0.87355745,0.08069599,0.4450122","0.52864385,0.19219701,0.3212344,-0.06733664,0.68181986,0.5272854,-0.053391814,0.71450293,0.42493555",0.0
"0.52864385,0.19219701,0.3212344,-0.06733664,0.68181986,0.5272854,-0.053391814,0.71450293,0.42493555","0.20837128,0.08066821,0.60943747","0.54854184,0.20328848,0.3867067,-0.11380853,0.7023689,0.4074867,-0.053391814,0.71450293,0.42493555",0.0
"0.54854184,0.20328848,0.3867067,-0.11380853,0.7023689,0.4074867,-0.053391814,0.71450293,0.42493555","-0.21983159,0.08684611,-0.068039596","0.5275495,0.21522939,0.3793972,-0.068283685,0.7199797,0.39799047,-0.053391814,0.71450293,0.42493555",0.0
"0.5275495,0.21522939,0.3793972,-0.068283685,0.7199797,0.39799047,-0.053391814,0.71450293,0.42493555","-0.09495729,-0.060080707,-0.055558503","0.5184818,0.20696862,0.37342855,-0.04722623,0.7126455,0.4217731,-0.053391814,0.71450293,0.42493555",0.0
"0.0,0.0,0.0,2.8652207e-07,0.005789075,0.993462,0.14333335,0.164269,0.47566882","0.8543838,-0.2793249,0.9920182","0.08158744,-0.03840575,0.10657317,0.061148975,0.022010472,0.97879547,0.14333335,0.164269,0.47566882",0.0
"0.08158744,-0.03840575,0.10657317,0.061148975,0.022010472,0.97879547,0.14333335,0.164269,0.47566882","0.3214774,0.41989708,0.9225888","0.11228621,0.019327922,0.20568751,0.2888609,0.11251526,0.8900492,0.14333335,0.164269,0.47566882",0.0
"0.11228621,0.019327922,0.20568751,0.2888609,0.11251526,0.8900492,0.14333335,0.164269,0.47566882","0.66568947,-0.4370256,0.8698703","0.17585473,-0.040760867,0.29913828,0.2485977,0.1600618,0.84266394,0.14333335,0.164269,0.47566882",0.0
"0.17585473,-0.040760867,0.29913828,0.2485977,0.1600618,0.84266394,0.14333335,0.164269,0.47566882","0.1792767,-0.5428694,0.99155855","0.19297434,-0.11540264,0.40566212,0.21248515,0.15437083,0.7727787,0.14333335,0.164269,0.47566882",0.0
"0.19297434,-0.11540264,0.40566212,0.21248515,0.15437083,0.7727787,0.14333335,0.164269,0.47566882","0.5390599,-0.4851166,0.88203406","0.24445064,-0.18210371,0.5004196,0.16109453,0.16362183,0.6934204,0.14333335,0.164269,0.47566882",0.0
"0.24445064,-0.18210371,0.5004196,0.16109453,0.16362183,0.6934204,0.14333335,0.164269,0.47566882","0.13467419,-0.34618676,0.85254455","0.25731105,-0.22970262,0.5920091,0.14732438,0.16263483,0.5938544,0.14333335,0.164269,0.47566882",0.0
"0.25731105,-0.22970262,0.5920091,0.14732438,0.16263483,0.5938544,0.14333335,0.164269,0.47566882","0.42742836,-0.16252202,0.7818661","0.29812735,-0.25204858,0.6760055,0.13056795,0.1872769,0.48208988,0.14333335,0.164269,0.47566882",0.0
"0.29812735,-0.25204858,0.6760055,0.13056795,0.1872769,0.48208988,0.14333335,0.164269,0.47566882","-0.12136471,-0.060800016,0.049656153","0.2865379,-0.2604083,0.68134016,0.13230842,0.17610916,0.47856292,0.14333335,0.164269,0.47566882",0.0
"0.0,0.0,0.0,2.8652207e-07,0.005789075,0.993462,0.28251463,0.65842104,0.42487016","0.94925547,0.9657867,0.95544434","0.09064701,0.1327907,0.10264399,0.39538306,0.121773764,0.8801309,0.28251463,0.65842104,0.42487016",0.0
"0.09064701,0.1327907,0.10264399,0.39538306,0.121773764,0.8801309,0.28251463,0.65842104,0.42487016","0.9797468,0.7290411,0.8949754","0.18420573,0.23303013,0.19879177,0.5641139,0.37545785,0.6361226,0.28251463,0.65842104,0.42487016",0.0
"0.18420573,0.23303013,0.19879177,0.5641139,0.37545785,0.6361226,0.28251463,0.65842104,0.42487016","0.8814583,0.0686425,0.8770213","0.26837862,0.24246813,0.29301074,0.4858474,0.5541658,0.4828644,0.28251463,0.65842104,0.42487016",0.0
"0.26837862,0.24246813,0.29301074,0.4858474,0.5541658,0.4828644,0.28251463,0.65842104,0.42487016","0.6827717,-0.45074314,0.47560287","0.33357835,0.1804933,0.34410506,0.33352503,0.5903079,0.51203054,0.28251463,0.65842104,0.42487016",0.0
"0.33357835,0.1804933,0.34410506,0.33352503,0.5903079,0.51203054,0.28251463,0.65842104,0.42487016","0.4710039,-0.0077137947,0.54447174","0.37855577,0.17943269,0.40259805,0.25072056,0.6405023,0.42342997,0.28251463,0.65842104,0.42487016",0.0
"0.37855577,0.17943269,0.40259805,0.25072056,0.6405023,0.42342997,0.28251463,0.65842104,0.42487016","-0.20092547,0.27590394,-0.25042963","0.3593689,0.21736808,0.37569427,0.3048041,0.6579662,0.39998695,0.28251463,0.65842104,0.42487016",0.0
"0.3593689,0.21736808,0.37569427,0.3048041,0.6579662,0.39998695,0.28251463,0.65842104,0.42487016","0.063141346,-0.11177313,-0.056400836","0.3653984,0.20199986,0.36963516,0.28543544,0.64839685,0.43629357,0.28251463,0.65842104,0.42487016",0.0
"0.0,0.0,0.0,2.8652207e-07,0.005789075,0.993462,-0.1611696,0.18362573,0.8102732","-0.69172686,-0.94077086,0.9186661","-0.06605491,-0.12935117,0.09869291,-0.13671987,0.03470239,0.9715934,-0.1611696,0.18362573,0.8102732",0.0
"-0.06605491,-0.12935117,0.09869291,-0.13671987,0.03470239,0.9715934,-0.1611696,0.18362573,0.8102732","-0.7211608,-0.6353538,0.532068","-0.13492055,-0.21670909,0.15585338,-0.21988742,0.105568394,0.9324525,-0.1611696,0.18362573,0.8102732",0.0
"-0.13492055,-0.21670909,0.15585338,-0.21988742,0.105568394,0.9324525,-0.1611696,0.18362573,0.8102732","-0.59990525,-0.45104378,0.7617507","-0.19220714,-0.27872536,0.2376888,-0.20624965,0.14930093,0.89354885,-0.1611696,0.18362573,0.8102732",0.0
"-0.19220714,-0.27872536,0.2376888,-0.20624965,0.14930093,0.89354885,-0.1611696,0.18362573,0.8102732","-0.6211364,-0.45325744,0.588284","-0.25152117,-0.34104595,0.30088857,-0.19766146,0.20778707,0.8448604,-0.1611696,0.18362573,0.8102732",0.0
"-0.25152117,-0.34104595,0.30088857,-0.19766146,0.20778707,0.8448604,-0.1611696,0.18362573,0.8102732","0.094959974,-0.18838954,0.4487784","-0.24245319,-0.3669486,0.34910122,-0.18997364,0.1891727,0.8171921,-0.1611696,0.18362573,0.8102732",0.0
"-0.24245319,-0.3669486,0.34910122,-0.18997364,0.1891727,0.8171921,-0.1611696,0.18362573,0.8102732","-0.07885134,-0.12469709,0.29439223","-0.24998292,-0.38409388,0.38072804,-0.17672926,0.18489774,0.79644835,-0.1611696,0.18362573,0.8102732",0.0
"-0.24998292,-0.38409388,0.38072804,-0.17672926,0.18489774,0.79644835,-0.1611696,0.18362573,0.8102732","-0.05056256,-0.02762121,-0.029759943","-0.2548113,-0.3878917,0.37753102,-0.18165629,0.19554682,0.79509985,-0.1611696,0.18362573,0.8102732",0.0
"-0.2548113,-0.3878917,0.37753102,-0.18165629,0.19554682,0.79509985,-0.1611696,0.18362573,0.8102732","0.05526626,0.05347359,-0.017793119","-0.24953376,-0.38053942,0.37561956,-0.1774151,0.18507193,0.8004226,-0.1611696,0.18362573,0.8102732",0.0
"-0.24953376,-0.38053942,0.37561956,-0.1774151,0.18507193,0.8004226,-0.1611696,0.18362573,0.8102732","0.16210628,-0.0060462356,0.04422593","-0.23405378,-0.3813708,0.38037086,-0.18250957,0.17288841,0.79825795,-0.1611696,0.18362573,0.8102732",0.0
"-0.23405378,-0.3813708,0.38037086,-0.18250957,0.17288841,0.79825795,-0.1611696,0.18362573,0.8102732","-0.10447377,-0.017709136,0.070889354","-0.24403027,-0.38380578,0.38798663,-0.17268829,0.17436777,0.7939797,-0.1611696,0.18362573,0.8102732",0.0
"-0.24403027,-0.38380578,0.38798663,-0.17268829,0.17436777,0.7939797,-0.1611696,0.18362573,0.8102732","-0.30229473,0.020869255,-0.030376315","-0.2728972,-0.38093644,0.3847234,-0.15573254,0.18876557,0.7969281,-0.1611696,0.18362573,0.8102732",0.0
"0.0,0.0,0.0,2.8652207e-07,0.005789075,0.993462,0.35853803,0.20064327,0.62924165","0.39413023,0.7247267,0.84746826","0.03763658,0.09964619,0.09104405,0.33076173,0.045121998,0.9194244,0.35853803,0.20064327,0.62924165",0.0
"0.03763658,0.09964619,0.09104405,0.33076173,0.045121998,0.9194244,0.35853803,0.20064327,0.62924165","0.8230741,0.2659161,0.9349394","0.11623418,0.1362083,0.19148518,0.47833908,0.18907006,0.7867153,0.35853803,0.20064327,0.62924165",0.0
"0.11623418,0.1362083,0.19148518,0.47833908,0.18907006,0.7867153,0.35853803,0.20064327,0.62924165","0.18190718,-0.4035381,0.8103219","0.133605,0.08072388,0.2785386,0.44916221,0.20677933,0.7492852,0.35853803,0.20064327,0.62924165",0.0
"0.133605,0.08072388,0.2785386,0.44916221,0.20677933,0.7492852,0.35853803,0.20064327,0.62924165","0.0061980486,-0.5212931,0.7717333","0.13419688,0.009048761,0.36144644,0.39743313,0.18458717,0.7225867,0.35853803,0.20064327,0.62924165",0.0
"0.13419688,0.009048761,0.36144644,0.39743313,0.18458717,0.7225867,0.35853803,0.20064327,0.62924165","0.18125105,-0.32160705,0.5790874","0.15150504,-0.035170566,0.4236582,0.3610172,0.19261631,0.68324965,0.35853803,0.20064327,0.62924165",0.0
"0.15150504,-0.035170566,0.4236582,0.3610172,0.19261631,0.68324965,0.35853803,0.20064327,0.62924165","-0.03843683,-0.11669564,0.40048409","0.1478346,-0.051215626,0.4666825,0.36339667,0.18853211,0.6380265,0.35853803,0.20064327,0.62924165",0.0
"0.0,0.0,0.0,2.8652207e-07,0.005789075,0.993462,0.14333335,0.164269,0.47566882","0.88833296,-0.13725865,0.9808403","0.08482934,-0.01887237,0.10537232,0.09962304,0.033197314,0.97518873,0.14333335,0.164269,0.47566882",0.0
"0.08482934,-0.01887237,0.10537232,0.09962304,0.033197314,0.97518873,0.14333335,0.164269,0.47566882","0.76314855,0.028106809,0.9576082","0.15770449,-0.015007844,0.2082488,0.21247974,0.12140481,0.9110832,0.14333335,0.164269,0.47566882",0.0
"0.15770449,-0.015007844,0.2082488,0.21247974,0.12140481,0.9110832,0.14333335,0.164269,0.47566882","0.4227767,-0.2910998,0.92302835","0.19807659,-0.055032585,0.30741036,0.2219855,0.16636637,0.84390783,0.14333335,0.164269,0.47566882",0.0
"0.19807659,-0.055032585,0.30741036,0.2219855,0.16636637,0.84390783,0.14333335,0.164269,0.47566882","0.43828535,-0.3598026,0.9913442","0.23992966,-0.10450361,0.41391116,0.20635949,0.2016393,0.75533104,0.14333335,0.164269,0.47566882",0.0
"0.23992966,-0.10450361,0.41391116,0.20635949,0.2016393,0.75533104,0.14333335,0.164269,0.47566882","0.26153862,-0.51731473,0.9541671","0.2649047,-0.17563175,0.51641804,0.16479634,0.18959965,0.6682246,0.14333335,0.164269,0.47566882",0.0
"0.2649047,-0.17563175,0.51641804,0.16479634,0.18959965,0.6682246,0.14333335,0.164269,0.47566882","-0.12919343,-0.4216119,0.95196176","0.25256765,-0.23360123,0.6186879,0.15585929,0.16664897,0.557407,0.14333335,0.164269,0.47566882",0.0
"0.25256765,-0.23360123,0.6186879,0.15585929,0.16664897,0.557407,0.14333335,0.164269,0.47566882","0.1878779,-0.13630682,0.5859102","0.27050862,-0.25234276,0.68163264,0.14723943,0.17632,0.47369283,0.14333335,0.164269,0.47566882",0.0
"0.0,0.0,0.0,2.8652207e-07,0.005789075,0.993462,-0.24111111,-0.5353216,0.5930222","-0.9533582,-0.16028094,0.73103166","-0.0910388,-0.022037815,0.07853521,0.060580377,-0.011780583,0.9846494,-0.24111111,-0.5353216,0.5930222",0.0
"-0.0910388,-0.022037815,0.07853521,0.060580377,-0.011780583,0.9846494,-0.24111111,-0.5353216,0.5930222","-0.94493556,0.16448402,0.38772488","-0.1812733,0.0005778805,0.12018876,0.14283755,-0.08457733,0.9620403,-0.24111111,-0.5353216,0.5930222",0.0
"-0.1812733,0.0005778805,0.12018876,0.14283755,-0.08457733,0.9620403,-0.24111111,-0.5353216,0.5930222","-0.9927234,0.2223072,0.5587604","-0.27607116,0.031143969,0.18021679,0.20098853,-0.22798884,0.90344787,-0.24111111,-0.5353216,0.5930222",0.0
"-0.27607116,0.031143969,0.18021679,0.20098853,-0.22798884,0.90344787,-0.24111111,-0.5353216,0.5930222","-0.9232588,-0.04975009,0.55295885","-0.36423567,0.02430358,0.23962153,0.15283678,-0.3223489,0.8531485,-0.24111111,-0.5353216,0.5930222",0.0
"-0.36423567,0.02430358,0.23962153,0.15283678,-0.3223489,0.8531485,-0.24111111,-0.5353216,0.5930222","-0.9581435,0.14236271,0.82798326","-0.45573142,0.043877713,0.32857233,0.0710968,-0.46616593,0.72769946,-0.24111111,-0.5353216,0.5930222",0.0
"-0.45573142,0.043877713,0.32857233,0.0710968,-0.46616593,0.72769946,-0.24111111,-0.5353216,0.5930222","-0.83906233,0.16225779,0.16919744","-0.53585577,0.06618732,0.34674937,-0.052651826,-0.516923,0.67592907,-0.24111111,-0.5353216,0.5930222",0.0
"-0.53585577,0.06618732,0.34674937,-0.052651826,-0.516923,0.67592907,-0.24111111,-0.5353216,0.5930222","-0.8487279,0.3046502,0.21922553","-0.6169031,0.10807516,0.37030095,-0.2075158,-0.55551463,0.584875,-0.24111111,-0.5353216,0.5930222",0.0
"-0.6169031,0.10807516,0.37030095,-0.2075158,-0.55551463,0.584875,-0.24111111,-0.5353216,0.5930222","-0.086355984,0.09780359,0.0075502396","-0.6251495,0.12152264,0.3711121,-0.22892033,-0.56703293,0.5639036,-0.24111111,-0.5353216,0.5930222",0.0
"-0.6251495,0.12152264,0.3711121,-0.22892033,-0.56703293,0.5639036,-0.24111111,-0.5353216,0.5930222","-0.16321307,-0.09522915,-0.01694405","-0.6407352,0.108429134,0.36929184,-0.24851581,-0.53849655,0.5858668,-0.24111111,-0.5353216,0.5930222",0.0
"0.0,0.0,0.0,2.8652207e-07,0.005789075,0.993462,-0.22953217,0.34076023,0.62924165","-0.90480447,-0.86544675,0.80674696","-0.08640227,-0.11899449,0.08666937,-0.12914672,0.041951947,0.97485965,-0.22953217,0.34076023,0.62924165",0.0
"-0.08640227,-0.11899449,0.08666937,-0.12914672,0.041951947,0.97485965,-0.22953217,0.34076023,0.62924165","-0.49731052,-0.9692005,0.7806839","-0.13389182,-0.25225464,0.17053878,-0.2673788,0.1259494,0.9103398,-0.22953217,0.34076023,0.62924165",0.0
"-0.13389182,-0.25225464,0.17053878,-0.2673788,0.1259494,0.9103398,-0.22953217,0.34076023,0.62924165","-0.37505805,-0.88208693,0.6394727","-0.16970715,-0.3735371,0.2392378,-0.3698096,0.22496858,0.8138896,-0.22953217,0.34076023,0.62924165",0.0
"-0.16970715,-0.3735371,0.2392378,-0.3698096,0.22496858,0.8138896,-0.22953217,0.34076023,0.62924165","-0.5180949,-0.44873178,0.77916694","-0.21918145,-0.43523544,0.32294425,-0.3250618,0.2750077,0.7618884,-0.22953217,0.34076023,0.62924165",0.0
"-0.21918145,-0.43523544,0.32294425,-0.3250618,0.2750077,0.7618884,-0.22953217,0.34076023,0.62924165","-0.65915847,-0.64798796,0.35116398","-0.2821263,-0.5243305,0.36067012,-0.32305875,0.40502357,0.6644605,-0.22953217,0.34076023,0.62924165",0.0
"-0.2821263,-0.5243305,0.36067012,-0.32305875,0.40502357,0.6644605,-0.22953217,0.34076023,0.62924165","-0.316285,0.0048184395,0.5073924","-0.31232923,-0.52366805,0.41517967,-0.24046686,0.36988053,0.6703357,-0.22953217,0.34076023,0.62924165",0.0
"-0.31232923,-0.52366805,0.41517967,-0.24046686,0.36988053,0.6703357,-0.22953217,0.34076023,0.62924165","-0.14471442,-0.2537011,0.355515","-0.3261484,-0.5585507,0.45337293,-0.22368734,0.37914577,0.63091063,-0.22953217,0.34076023,0.62924165",0.0
"-0.3261484,-0.5585507,0.45337293,-0.22368734,0.37914577,0.63091063,-0.22953217,0.34076023,0.62924165","0.14935565,-0.16323936,-0.07624042","-0.311886,-0.5809953,0.44518244,-0.2647924,0.4050323,0.60575664,-0.22953217,0.34076023,0.62924165",0.0
"-0.311886,-0.5809953,0.44518244,-0.2647924,0.4050323,0.60575664,-0.22953217,0.34076023,0.62924165","0.16929722,0.22321093,0.22297812","-0.29571936,-0.550305,0.46913716,-0.23847467,0.3287903,0.63749605,-0.22953217,0.34076023,0.62924165",0.0
"0.0,0.0,0.0,2.8652207e-07,0.005789075,0.993462,0.404269,0.07333333,0.62924165","0.05272138,0.63268304,0.89681125","0.0050345142,0.08699066,0.096345,0.31455708,0.010765451,0.92572165,0.404269,0.07333333,0.62924165",0.0
"0.0050345142,0.08699066,0.096345,0.31455708,0.010765451,0.92572165,0.404269,0.07333333,0.62924165","0.2448268,0.12552285,0.84551656","0.028413698,0.10424941,0.1871794,0.4499948,0.04608762,0.8291905,0.404269,0.07333333,0.62924165",0.0
"0.028413698,0.10424941,0.1871794,0.4499948,0.04608762,0.8291905,0.404269,0.07333333,0.62924165","0.32105327,-0.3820566,0.98423934","0.059071958,0.051718593,0.2929169,0.44778773,0.0899581,0.76478,0.404269,0.07333333,0.62924165",0.0
"0.059071958,0.051718593,0.2929169,0.44778773,0.0899581,0.76478,0.404269,0.07333333,0.62924165","0.09641969,-0.6146594,0.8954997","0.06827933,-0.032793924,0.38912103,0.37927285,0.08855258,0.727965,0.404269,0.07333333,0.62924165",0.0
"0.06827933,-0.032793924,0.38912103,0.37927285,0.08855258,0.727965,0.404269,0.07333333,0.62924165","-0.25092483,-0.12808973,0.67898774","0.04431783,-0.050405618,0.46206516,0.40337726,0.06237298,0.6438987,0.404269,0.07333333,0.62924165",0.0
"0.0,0.0,0.0,2.8652207e-07,0.005789075,0.993462,0.39046785,0.12789473,0.62924165","0.032729268,0.83278084,0.96223044","0.0031254126,0.11450308,0.10337302,0.3785264,0.009506275,0.8972022,0.39046785,0.12789473,0.62924165",0.0
"0.0031254126,0.11450308,0.10337302,0.3785264,0.009506275,0.8972022,0.39046785,0.12789473,0.62924165","0.71848893,0.047106028,0.86932874","0.071735896,0.12097992,0.19676557,0.47851393,0.1156432,0.7993697,0.39046785,0.12789473,0.62924165",0.0
"0.071735896,0.12097992,0.19676557,0.47851393,0.1156432,0.7993697,0.39046785,0.12789473,0.62924165","0.15319848,-0.5038556,0.9765794","0.08636524,0.05170237,0.30168015,0.44533554,0.12989469,0.753727,0.39046785,0.12789473,0.62924165",0.0
"0.08636524,0.05170237,0.30168015,0.44533554,0.12989469,0.753727,0.39046785,0.12789473,0.62924165","0.049500942,-0.39606357,0.831668","0.091092214,-0.0027543397,0.3910268,0.41989547,0.12958959,0.69500506,0.39046785,0.12789473,0.62924165",0.0
"0.091092214,-0.0027543397,0.3910268,0.41989547,0.12958959,0.69500506,0.39046785,0.12789473,0.62924165","-0.03384745,-0.41396856,0.5920863","0.087860025,-0.0596729,0.45463502,0.3736867,0.1118642,0.66355336,0.39046785,0.12789473,0.62924165",0.0
"0.087860025,-0.0596729,0.45463502,0.3736867,0.1118642,0.66355336,0.39046785,0.12789473,0.62924165","-0.062110186,0.08658719,0.14564371","0.08192895,-0.047767617,0.47028166,0.40104383,0.111551866,0.62931764,0.39046785,0.12789473,0.62924165",0.0
"0.08192895,-0.047767617,0.47028166,0.40104383,0.111551866,0.62931764,0.39046785,0.12789473,0.62924165","0.22419596,0.039500713,-0.023195267","0.10333803,-0.04233648,0.4677898,0.39897805,0.14038606,0.62740046,0.39046785,0.12789473,0.62924165",0.0
"0.0,0.0,0.0,2.8652207e-07,0.005789075,0.993462,-0.37824562,-0.40233916,0.5050889","0.7289754,-0.9467315,0.9849787","0.06961185,-0.13017072,0.10581692,-0.13082688,-0.02314545,0.97129285,-0.37824562,-0.40233916,0.5050889",0.0
"0.06961185,-0.13017072,0.10581692,-0.13082688,-0.02314545,0.97129285,-0.37824562,-0.40233916,0.5050889","0.6301949,-0.820286,0.8619293","0.12979087,-0.24295586,0.1984146,-0.2206659,-0.08901284,0.9174809,-0.37824562,-0.40233916,0.5050889",0.0
"0.12979087,-0.24295586,0.1984146,-0.2206659,-0.08901284,0.9174809,-0.37824562,-0.40233916,0.5050889","0.6221479,-0.93243223,0.7503073","0.18920149,-0.37116054,0.27902064,-0.3124204,-0.20419006,0.8217307,-0.37824562,-0.40233916,0.5050889",0.0
"0.18920149,-0.37116054,0.27902064,-0.3124204,-0.20419006,0.8217307,-0.37824562,-0.40233916,0.5050889","0.8220037,-0.8046746,0.6238103","0.2676969,-0.48179922,0.34603703,-0.3185777,-0.34744614,0.71329045,-0.37824562,-0.40233916,0.5050889",0.0
"0.2676969,-0.48179922,0.34603703,-0.3185777,-0.34744614,0.71329045,-0.37824562,-0.40233916,0.5050889","0.6528944,-0.77993274,0.74589896","0.33004352,-0.589036,0.42616948,-0.2704551,-0.44608477,0.5941213,-0.37824562,-0.40233916,0.5050889",0.0
"0.33004352,-0.589036,0.42616948,-0.2704551,-0.44608477,0.5941213,-0.37824562,-0.40233916,0.5050889","-0.6587059,-0.3415771,0.23260975","0.2671419,-0.63600117,0.45115894,-0.37147287,-0.40513837,0.5370491,-0.37824562,-0.40233916,0.5050889",0.0
"0.2671419,-0.63600117,0.45115894,-0.37147287,-0.40513837,0.5370491,-0.37824562,-0.40233916,0.5050889","0.10832107,-0.14351118,0.33554327","0.2774858,-0.6557333,0.4872066,-0.34187382,-0.3976758,0.5167591,-0.37824562,-0.40233916,0.5050889",0.0
"0.2774858,-0.6557333,0.4872066,-0.34187382,-0.3976758,0.5167591,-0.37824562,-0.40233916,0.5050889","-0.10358262,-0.066090524,-0.09424937","0.2675944,-0.66482043,0.4770814,-0.37088022,-0.40564802,0.50336796,-0.37824562,-0.40233916,0.5050889",0.0
"0.0,0.0,0.0,2.8652207e-07,0.005789075,0.993462,0.078713454,0.28730994,0.5737357","0.9959998,0.10922897,0.95469785","0.09511075,0.015018413,0.102563806,0.16370937,0.056483492,0.9649335,0.078713454,0.28730994,0.5737357",0.0
"0.09511075,0.015018413,0.102563806,0.16370937,0.056483492,0.9649335,0.078713454,0.28730994,0.5737357","0.9447222,0.24760735,0.9502082","0.18532485,0.04906314,0.20464529,0.30303475,0.20643112,0.8664857,0.078713454,0.28730994,0.5737357",0.0
"0.18532485,0.04906314,0.20464529,0.30303475,0.20643112,0.8664857,0.078713454,0.28730994,0.5737357","0.9055226,-0.32095313,0.9786024","0.2717957,0.0049337284,0.30977723,0.2514677,0.29731032,0.792403,0.078713454,0.28730994,0.5737357",0.0
"0.2717957,0.0049337284,0.30977723,0.2514677,0.29731032,0.792403,0.078713454,0.28730994,0.5737357","0.91900706,-0.61811924,0.9424429","0.3595542,-0.0800545,0.41102454,0.13459896,0.29855877,0.7406288,0.078713454,0.28730994,0.5737357",0.0
"0.3595542,-0.0800545,0.41102454,0.13459896,0.29855877,0.7406288,0.078713454,0.28730994,0.5737357","0.7449566,-0.45611566,0.8118274","0.43069217,-0.14276809,0.49823976,0.056881342,0.28390056,0.6714416,0.078713454,0.28730994,0.5737357",0.0
"0.43069217,-0.14276809,0.49823976,0.056881342,0.28390056,0.6714416,0.078713454,0.28730994,0.5737357","0.013754606,-0.11171359,0.6574688","0.43200564,-0.15812816,0.5688721,0.05928182,0.3006019,0.5815986,0.078713454,0.28730994,0.5737357",0.0
"0.43200564,-0.15812816,0.5688721,0.05928182,0.3006019,0.5815986,0.078713454,0.28730994,0.5737357","-0.2074936,0.00896585,0.080038786","0.4121915,-0.15689543,0.5774707,0.07933031,0.30150205,0.5679036,0.078713454,0.28730994,0.5737357",0.0
"0.0,0.0,0.0,2.8652207e-07,0.005789075,0.993462,-0.070701756,0.017660819,0.2237676","-0.9329742,-0.3824759,0.9346945","-0.08909228,-0.05258848,0.10041485,0.026470952,-0.0015852178,0.9821762,-0.070701756,0.017660819,0.2237676",0.0
"-0.08909228,-0.05258848,0.10041485,0.026470952,-0.0015852178,0.9821762,-0.070701756,0.017660819,0.2237676","-0.61366785,-0.5521199,0.97881174","-0.14769313,-0.12850216,0.20556925,0.009739267,0.0015996135,0.94795793,-0.070701756,0.017660819,0.2237676",0.0
"-0.14769313,-0.12850216,0.20556925,0.009739267,0.0015996135,0.94795793,-0.070701756,0.017660819,0.2237676","-0.27230752,-0.7171287,0.9500203","-0.17369655,-0.2271037,0.30763063,-0.045862492,0.034619637,0.8904828,-0.070701756,0.017660819,0.2237676",0.0
"-0.17369655,-0.2271037,0.30763063,-0.045862492,0.034619637,0.8904828,-0.070701756,0.017660819,0.2237676","-0.70627403,-0.6888087,0.96000504","-0.24114059,-0.3218114,0.41076463,-0.0715596,0.0756518,0.8083662,-0.070701756,0.017660819,0.2237676",0.0
"-0.24114059,-0.3218114,0.41076463,-0.0715596,0.0756518,0.8083662,-0.070701756,0.017660819,0.2237676","0.9494977,-0.7681987,0.90750337","-0.15047047,-0.42743483,0.5082584,-0.14252666,0.07938893,0.7052207,-0.070701756,0.017660819,0.2237676",0.0
"-0.15047047,-0.42743483,0.5082584,-0.14252666,0.07938893,0.7052207,-0.070701756,0.017660819,0.2237676","0.15214491,-0.66645837,0.8757534","-0.13594173,-0.51906943,0.6023412,-0.16719887,0.082450144,0.5931613,-0.070701756,0.017660819,0.2237676",0.0
"-0.13594173,-0.51906943,0.6023412,-0.16719887,0.082450144,0.5931613,-0.070701756,0.017660819,0.2237676","0.8255906,-0.361557,0.936545","-0.05710382,-0.56878173,0.7029548,-0.13385737,0.030158216,0.48044938,-0.070701756,0.017660819,0.2237676",0.0
"-0.05710382,-0.56878173,0.7029548,-0.13385737,0.030158216,0.48044938,-0.070701756,0.017660819,0.2237676","-0.33818758,-0.38252318,0.9053935","-0.08939828,-0.62137675,0.80022186,-0.09233867,0.032663066,0.35656357,-0.070701756,0.017660819,0.2237676",0.0
"-0.08939828,-0.62137675,0.80022186,-0.09233867,0.032663066,0.35656357,-0.070701756,0.017660819,0.2237676","0.8364618,-0.4391315,0.9053204","-0.009522249,-0.6817551,0.89748114,-0.06652456,0.0077825496,0.22116217,-0.070701756,0.017660819,0.2237676",0.0
"0.0,0.0,0.0,2.8652207e-07,0.005789075,0.993462,0.06520468,-0.134269,0.83518213","-0.39168453,-0.6187915,0.7492938","-0.037403043,-0.08508067,0.08049714,-0.07046364,0.014147569,0.98354226,0.06520468,-0.134269,0.83518213",0.0
"-0.037403043,-0.08508067,0.08049714,-0.07046364,0.014147569,0.98354226,0.06520468,-0.134269,0.83518213","-0.7232442,0.11885476,0.86376727","-0.10646762,-0.06873878,0.17329223,0.08695731,-0.024091942,0.9563817,0.06520468,-0.134269,0.83518213",0.0
"-0.10646762,-0.06873878,0.17329223,0.08695731,-0.024091942,0.9563817,0.06520468,-0.134269,0.83518213","-0.63561356,-0.42538482,0.882215","-0.16716413,-0.12722702,0.2680692,0.08204021,-0.04084648,0.91145146,0.06520468,-0.134269,0.83518213",0.0
"-0.16716413,-0.12722702,0.2680692,0.08204021,-0.04084648,0.91145146,0.06520468,-0.134269,0.83518213","-0.44140166,-0.08567768,0.5977788","-0.2093148,-0.1390073,0.332289,0.11814708,-0.08392333,0.86270386,0.06520468,-0.134269,0.83518213",0.0
"-0.2093148,-0.1390073,0.332289,0.11814708,-0.08392333,0.86270386,0.06520468,-0.134269,0.83518213","-0.44443023,-0.08647597,0.2663982","-0.25175467,-0.15089732,0.36090845,0.11246287,-0.10547732,0.83995,0.06520468,-0.134269,0.83518213",0.0
"-0.25175467,-0.15089732,0.36090845,0.11246287,-0.10547732,0.83995,0.06520468,-0.134269,0.83518213","-0.6458794,-0.0013904572,0.13283014","-0.3134315,-0.15108854,0.37517855,0.098292954,-0.13757598,0.82570505,0.06520468,-0.134269,0.83518213",0.0
"-0.3134315,-0.15108854,0.37517855,0.098292954,-0.13757598,0.82570505,0.06520468,-0.134269,0.83518213","-0.59210056,-0.0929364,0.01011014","-0.3699728,-0.16386683,0.37626478,0.06352763,-0.13219595,0.8295234,0.06520468,-0.134269,0.83518213",0.0
"0.0,0.0,0.0,2.8652207e-07,0.005789075,0.993462,-0.12169591,-0.26304093,0.43591902","-0.9748554,0.37465382,0.9594281","-0.093091615,0.051512968,0.10307197,0.24128003,-0.06660098,0.945802,-0.12169591,-0.26304093,0.43591902",0.0
"-0.093091615,0.051512968,0.10307197,0.24128003,-0.06660098,0.945802,-0.12169591,-0.26304093,0.43591902","-0.89016867,-0.7511724,0.95918393","-0.1780963,-0.05176939,0.20611775,0.14499141,-0.08397205,0.93118286,-0.12169591,-0.26304093,0.43591902",0.0
"-0.1780963,-0.05176939,0.20611775,0.14499141,-0.08397205,0.93118286,-0.12169591,-0.26304093,0.43591902","-0.9920357,0.34705198,0.98992753","-0.2728285,-0.0040515442,0.31246632,0.25035906,-0.28027305,0.79758036,-0.12169591,-0.26304093,0.43591902",0.0
"-0.2728285,-0.0040515442,0.31246632,0.25035906,-0.28027305,0.79758036,-0.12169591,-0.26304093,0.43591902","-0.58017826,-0.44450396,0.84438586","-0.3282313,-0.06516857,0.40317926,0.18287244,-0.29406992,0.73855704,-0.12169591,-0.26304093,0.43591902",0.0
"-0.3282313,-0.06516857,0.40317926,0.18287244,-0.29406992,0.73855704,-0.12169591,-0.26304093,0.43591902","-0.961149,-0.42844105,0.8377117","-0.42001405,-0.12407703,0.4931752,0.08390831,-0.30358168,0.6646838,-0.12169591,-0.26304093,0.43591902",0.0
"-0.42001405,-0.12407703,0.4931752,0.08390831,-0.30358168,0.6646838,-0.12169591,-0.26304093,0.43591902","-0.9122384,-0.41447973,0.5736023","-0.5071262,-0.18106589,0.55479777,-0.00019131927,-0.26711515,0.61811566,-0.12169591,-0.26304093,0.43591902",0.0
"-0.5071262,-0.18106589,0.55479777,-0.00019131927,-0.26711515,0.61811566,-0.12169591,-0.26304093,0.43591902","-0.76295286,-0.08197963,0.8876555","-0.5799827,-0.19233769,0.6501592,-0.06675461,-0.28333017,0.48380527,-0.12169591,-0.26304093,0.43591902",0.0
"-0.5799827,-0.19233769,0.6501592,-0.06675461,-0.28333017,0.48380527,-0.12169591,-0.26304093,0.43591902","-0.6412815,-0.10308772,0.35468137","-0.6412204,-0.20651175,0.6882629,-0.11596148,-0.2574824,0.434819,-0.12169591,-0.26304093,0.43591902",0.0
"0.0,0.0,0.0,2.8652207e-07,0.005789075,0.993462,0.28251463,-0.29830408,0.62924165","-0.92217064,0.6593658,0.96971035","-0.088060595,0.090659395,0.104176596,0.32082316,-0.08507392,0.9172511,0.28251463,-0.29830408,0.62924165",0.0
"-0.088060595,0.090659395,0.104176596,0.32082316,-0.08507392,0.9172511,0.28251463,-0.29830408,0.62924165","-0.7899841,0.34285843,0.9555677","-0.16349836,0.13780068,0.20683384,0.46546164,-0.2559458,0.76660645,0.28251463,-0.29830408,0.62924165",0.0
"-0.16349836,0.13780068,0.20683384,0.46546164,-0.2559458,0.76660645,0.28251463,-0.29830408,0.62924165","-0.70448315,-0.5700941,0.7156048","-0.23077138,0.05941567,0.28371176,0.3498423,-0.30220386,0.76763994,0.28251463,-0.29830408,0.62924165",0.0
"-0.23077138,0.05941567,0.28371176,0.3498423,-0.30220386,0.76763994,0.28251463,-0.29830408,0.62924165","-0.38661873,-0.32844043,0.87833595","-0.26769066,0.014256794,0.37807196,0.3096506,-0.33745313,0.69428325,0.28251463,-0.29830408,0.62924165",0.0
"-0.26769066,0.014256794,0.37807196,0.3096506,-0.33745313,0.69428325,0.28251463,-0.29830408,0.62924165","-0.13416547,-0.43694323,0.65464306","-0.2805025,-0.04582066,0.4484007,0.26372412,-0.31071573,0.65894467,0.28251463,-0.29830408,0.62924165",0.0
"-0.2805025,-0.04582066,0.4484007,0.26372412,-0.31071573,0.65894467,0.28251463,-0.29830408,0.62924165","0.23707247,-0.027692616,0.17799747","-0.2578638,-0.049628265,0.46752313,0.28831834,-0.29453164,0.63521576,0.28251463,-0.29830408,0.62924165",0.0
"0.0,0.0,0.0,2.8652207e-07,0.005789075,0.993462,0.028128656,0.40988302,0.62924165","0.9860482,0.639421,0.9493723","0.09416045,0.0879171,0.10199166,0.30786476,0.09987542,0.9210263,0.028128656,0.40988302,0.62924165",0.0
"0.09416045,0.0879171,0.10199166,0.30786476,0.09987542,0.9210263,0.028128656,0.40988302,0.62924165","0.9708805,-0.44503033,0.89587986","0.1868725,0.026727712,0.19823661,0.25989175,0.1798678,0.8911025,0.028128656,0.40988302,0.62924165",0.0
"0.1868725,0.026727712,0.19823661,0.25989175,0.1798678,0.8911025,0.028128656,0.40988302,0.62924165","0.9895735,-0.13098961,0.7351742","0.28136957,0.008717304,0.27721688,0.22740245,0.28643376,0.8265653,0.028128656,0.40988302,0.62924165",0.0
"0.28136957,0.008717304,0.27721688,0.22740245,0.28643376,0.8265653,0.028128656,0.40988302,0.62924165","0.80745816,0.13862312,0.53001547","0.35847595,0.027777262,0.3341568,0.18787625,0.4078078,0.738424,0.028128656,0.40988302,0.62924165",0.0
"0.35847595,0.027777262,0.3341568,0.18787625,0.4078078,0.738424,0.028128656,0.40988302,0.62924165","0.85971975,-0.47660094,0.7501706","0.44057295,-0.037752923,0.41474813,0.06843083,0.3934649,0.6981341,0.028128656,0.40988302,0.62924165",0.0
"0.44057295,-0.037752923,0.41474813,0.06843083,0.3934649,0.6981341,0.028128656,0.40988302,0.62924165","0.2681588,-0.0768342,0.45310628","0.4661802,-0.048317246,0.46342567,0.037927914,0.41023356,0.6398429,0.028128656,0.40988302,0.62924165",0.0
"0.0,0.0,0.0,2.8652207e-07,0.005789075,0.993462,0.23883042,0.55888885,0.6657879","0.960075,0.7869611,0.9734907","0.09168021,0.1082031,0.10458271,0.35075983,0.10995406,0.9019754,0.23883042,0.55888885,0.6657879",0.0
"0.09168021,0.1082031,0.10458271,0.35075983,0.10995406,0.9019754,0.23883042,0.55888885,0.6657879","0.9102429,0.6985972,0.9652432","0.1786018,0.20425662,0.20827942,0.5396022,0.34596473,0.66959274,0.23883042,0.55888885,0.6657879",0.0
"0.1786018,0.20425662,0.20827942,0.5396022,0.34596473,0.66959274,0.23883042,0.55888885,0.6657879","0.9037372,-0.26788843,-0.14647269","0.26490214,0.16742337,0.19254379,0.37886867,0.42471465,0.7441909,0.23883042,0.55888885,0.6657879",0.0
"0.26490214,0.16742337,0.19254379,0.37886867,0.42471465,0.7441909,0.23883042,0.55888885,0.6657879","0.7203078,-0.021495521,0.27168727","0.3336863,0.16446786,0.22173135,0.28854063,0.5126526,0.7115663,0.23883042,0.55888885,0.6657879",0.0
"0.3336863,0.16446786,0.22173135,0.28854063,0.5126526,0.7115663,0.23883042,0.55888885,0.6657879","0.05987072,-0.071753144,0.34827912","0.3394035,0.15460218,0.2591472,0.28495252,0.5280124,0.6761317,0.23883042,0.55888885,0.6657879",0.0
"0.3394035,0.15460218,0.2591472,0.28495252,0.5280124,0.6761317,0.23883042,0.55888885,0.6657879","0.3942473,-0.07079351,0.12742245","0.3770513,0.14486845,0.27283633,0.21845044,0.55252194,0.671569,0.23883042,0.55888885,0.6657879",0.0
"0.3770513,0.14486845,0.27283633,0.21845044,0.55252194,0.671569,0.23883042,0.55888885,0.6657879","-0.21209526,0.076337814,-0.060337007","0.35679772,0.15536453,0.2663543,0.25829175,0.54818004,0.66513205,0.23883042,0.55888885,0.6657879",0.0
"0.35679772,0.15536453,0.2663543,0.25829175,0.54818004,0.66513205,0.23883042,0.55888885,0.6657879","-0.086939156,-0.04298407,0.015028238","0.34849566,0.14945444,0.26796883,0.2688319,0.5341429,0.671589,0.23883042,0.55888885,0.6657879",0.0
"0.34849566,0.14945444,0.26796883,0.2688319,0.5341429,0.671589,0.23883042,0.55888885,0.6657879","0.32533813,0.03891456,0.046182275","0.3795631,0.15480502,0.27293026,0.21970934,0.5683814,0.65685385,0.23883042,0.55888885,0.6657879",0.0
"0.3795631,0.15480502,0.27293026,0.21970934,0.5683814,0.65685385,0.23883042,0.55888885,0.6657879","-0.24717122,0.103883624,-0.061656475","0.35596,0.1690885,0.26630652,0.2687714,0.5660885,0.6445655,0.23883042,0.55888885,0.6657879",0.0
"0.35596,0.1690885,0.26630652,0.2687714,0.5660885,0.6445655,0.23883042,0.55888885,0.6657879","0.14499497,-0.09528154,0.0073224306","0.369806,0.1559878,0.26709318,0.23625022,0.5595905,0.6631899,0.23883042,0.55888885,0.6657879",0.0
"0.0,0.0,0.0,2.8652207e-07,0.005789075,0.993462,0.8240351,0.1433918,0.33098742","-0.048050582,0.98740935,0.9895427","-0.004588477,0.1357637,0.10630719,0.4237481,-0.00031907274,0.8739382,0.8240351,0.1433918,0.33098742",0.0
"-0.004588477,0.1357637,0.10630719,0.4237481,-0.00031907274,0.8739382,0.8240351,0.1433918,0.33098742","0.26201987,0.96516204,0.96537757","0.020432523,0.26846853,0.21001829,0.73211765,0.052861076,0.55931103,0.8240351,0.1433918,0.33098742",0.0
"0.020432523,0.26846853,0.21001829,0.73211765,0.052861076,0.55931103,0.8240351,0.1433918,0.33098742","0.24859941,0.63915503,0.763186","0.044171963,0.3563491,0.29200783,0.8375926,0.12283044,0.2633577,0.8240351,0.1433918,0.33098742",0.0
"0.044171963,0.3563491,0.29200783,0.8375926,0.12283044,0.2633577,0.8240351,0.1433918,0.33098742","-0.13475251,0.05035162,-0.26160222","0.03130408,0.36327222,0.26390377,0.8468265,0.089367874,0.29287612,0.8240351,0.1433918,0.33098742",0.0
"0.03130408,0.36327222,0.26390377,0.8468265,0.089367874,0.29287612,0.8240351,0.1433918,0.33098742","-0.022319853,-0.019450068,-0.08297062","0.029172696,0.36059797,0.25499016,0.8445191,0.083430015,0.3123128,0.8240351,0.1433918,0.33098742",0.0
"0.029172696,0.36059797,0.25499016,0.8445191,0.083430015,0.3123128,0.8240351,0.1433918,0.33098742","0.1093868,-0.03957826,0.04732001","0.039618343,0.35515618,0.26007378,0.83727306,0.11058683,0.3156355,0.8240351,0.1433918,0.33098742",0.0
"0.039618343,0.35515618,0.26007378,0.83727306,0.11058683,0.3156355,0.8240351,0.1433918,0.33098742","-0.1161412,-0.039966583,0.020856261","0.028527705,0.34966102,0.26231438,0.83616966,0.08095349,0.32343733,0.8240351,0.1433918,0.33098742",0.0
"0.028527705,0.34966102,0.26231438,0.83616966,0.08095349,0.32343733,0.8240351,0.1433918,0.33098742","0.23897219,-0.013397872,0.026357174","0.05134782,0.3478189,0.26514593,0.8269441,0.14043261,0.32280067,0.8240351,0.1433918,0.33098742",0.0
"0.0,0.0,0.0,2.8652207e-07,0.005789075,0.993462,-0.22555557,0.25356725,0.7721578","-0.92430973,-0.96554464,0.8494108","-0.088264875,-0.13275744,0.09125277,-0.1509186,0.048974387,0.97010833,-0.22555557,0.25356725,0.7721578",0.0
"-0.088264875,-0.13275744,0.09125277,-0.1509186,0.048974387,0.97010833,-0.22555557,0.25356725,0.7721578","-0.93883705,-0.89913183,0.53712726","-0.177917,-0.25638348,0.14895675,-0.27985615,0.18187237,0.90351367,-0.22555557,0.25356725,0.7721578",0.0
"-0.177917,-0.25638348,0.14895675,-0.27985615,0.18187237,0.90351367,-0.22555557,0.25356725,0.7721578","-0.22114396,-0.3332777,0.73623395","-0.19903465,-0.3022075,0.22805087,-0.25120866,0.1884928,0.8775103,-0.22555557,0.25356725,0.7721578",0.0
"-0.19903465,-0.3022075,0.22805087,-0.25120866,0.1884928,0.8775103,-0.22555557,0.25356725,0.7721578","-0.026535809,-0.5047568,0.8231015","-0.20156862,-0.37160903,0.31647727,-0.2559341,0.1950631,0.82011545,-0.22555557,0.25356725,0.7721578",0.0
"-0.20156862,-0.37160903,0.31647727,-0.2559341,0.1950631,0.82011545,-0.22555557,0.25356725,0.7721578","-0.43831187,-0.26994056,0.34966612","-0.24342422,-0.40872452,0.35404217,-0.23857476,0.23693979,0.78534144,-0.22555557,0.25356725,0.7721578",0.0
"-0.24342422,-0.40872452,0.35404217,-0.23857476,0.23693979,0.78534144,-0.22555557,0.25356725,0.7721578","-0.20988172,-0.058039904,0.13672686","-0.2634664,-0.41670474,0.3687309,-0.21887095,0.24677768,0.7763722,-0.22555557,0.25356725,0.7721578",0.0
"0.0,0.0,0.0,2.8652207e-07,0.005789075,0.993462,0.572924,-0.20280701,0.6657879","-0.66057754,0.86184835,0.92692304","-0.063080356,0.118499726,0.09957993,0.3756324,-0.06952555,0.89652634,0.572924,-0.20280701,0.6657879",0.0
"-0.063080356,0.118499726,0.09957993,0.3756324,-0.06952555,0.89652634,0.572924,-0.20280701,0.6657879","-0.32670927,0.4542582,0.88418984","-0.09427872,0.1809579,0.194569,0.5691695,-0.16763614,0.72248435,0.572924,-0.20280701,0.6657879",0.0
"-0.09427872,0.1809579,0.194569,0.5691695,-0.16763614,0.72248435,0.572924,-0.20280701,0.6657879","-0.13036096,-0.08942562,0.49688148","-0.10672724,0.16866235,0.2479493,0.58176005,-0.19658421,0.6705671,0.572924,-0.20280701,0.6657879",0.0
"0.0,0.0,0.0,2.8652207e-07,0.005789075,0.993462,0.19748539,0.22304092,0.5737357","0.83212304,0.40202785,0.9925078","0.079461716,0.055276755,0.10662575,0.25301597,0.070482,0.94124025,0.19748539,0.22304092,0.5737357",0.0
"0.079461716,0.055276755,0.10662575,0.25301597,0.070482,0.94124025,0.19748539,0.22304092,0.5737357","0.6893425,-0.22408032,0.92839503","0.14528891,0.024466855,0.20636386,0.2854077,0.14659087,0.8854797,0.19748539,0.22304092,0.5737357",0.0
"0.14528891,0.024466855,0.20636386,0.2854077,0.14659087,0.8854797,0.19748539,0.22304092,0.5737357","0.85567486,-0.5313246,0.9365885","0.22699967,-0.04858756,0.3069822,0.21477318,0.19343454,0.8399087,0.19748539,0.22304092,0.5737357",0.0
"0.22699967,-0.04858756,0.3069822,0.21477318,0.19343454,0.8399087,0.19748539,0.22304092,0.5737357","0.52367413,-0.2647028,0.9070722","0.27700675,-0.08498286,0.40442958,0.19788551,0.24365531,0.75290775,0.19748539,0.22304092,0.5737357",0.0
"0.27700675,-0.08498286,0.40442958,0.19788551,0.24365531,0.75290775,0.19748539,0.22304092,0.5737357","0.28029,-0.44627655,0.88370144","0.30377242,-0.1463436,0.49936625,0.1598873,0.23565602,0.6723969,0.19748539,0.22304092,0.5737357",0.0
"0.30377242,-0.1463436,0.49936625,0.1598873,0.23565602,0.6723969,0.19748539,0.22304092,0.5737357","-0.09697276,-0.053127527,0.6933335","0.2945122,-0.15364838,0.5738515,0.18463027,0.25474465,0.5708172,0.19748539,0.22304092,0.5737357",0.0
"0.2945122,-0.15364838,0.5738515,0.18463027,0.25474465,0.5708172,0.19748539,0.22304092,0.5737357","-0.19982111,-0.0672729,0.032242417","0.27543074,-0.16289808,0.5773154,0.19244047,0.23486614,0.5726392,0.19748539,0.22304092,0.5737357",0.0
"0.0,0.0,0.0,2.8652207e-07,0.005789075,0.993462,0.034502927,-0.15988304,0.62760717","-0.9699748,-0.44529438,0.8964126","-0.092625566,-0.0612257,0.096302204,0.0032370966,0.005073669,0.98342866,0.034502927,-0.15988304,0.62760717",0.0
"-0.092625566,-0.0612257,0.096302204,0.0032370966,0.005073669,0.98342866,0.034502927,-0.15988304,0.62760717","-0.6904521,-0.37418592,0.9161645","-0.15855874,-0.11267437,0.19472641,0.026051702,-0.007578822,0.9522261,0.034502927,-0.15988304,0.62760717",0.0
"-0.15855874,-0.11267437,0.19472641,0.026051702,-0.007578822,0.9522261,0.034502927,-0.15988304,0.62760717","-0.6964239,0.17989874,0.9334707","-0.22506219,-0.087939255,0.2950098,0.15666878,-0.12624665,0.8753752,0.034502927,-0.15988304,0.62760717",0.0
"-0.22506219,-0.087939255,0.2950098,0.15666878,-0.12624665,0.8753752,0.034502927,-0.15988304,0.62760717","-0.58930254,-0.5898092,0.8906678","-0.28133634,-0.169035,0.3906949,0.10110671,-0.11413895,0.8167653,0.034502927,-0.15988304,0.62760717",0.0
"-0.28133634,-0.169035,0.3906949,0.10110671,-0.11413895,0.8167653,0.034502927,-0.15988304,0.62760717","-0.72425675,-0.16559142,0.7536179","-0.35049757,-0.19180301,0.4716566,0.091342576,-0.16717482,0.7348844,0.034502927,-0.15988304,0.62760717",0.0
"-0.35049757,-0.19180301,0.4716566,0.091342576,-0.16717482,0.7348844,0.034502927,-0.15988304,0.62760717","-0.8634324,-0.3611622,0.33438373","-0.43294913,-0.24146096,0.5075797,0.03498679,-0.13594256,0.71114933,0.034502927,-0.15988304,0.62760717",0.0
"-0.43294913,-0.24146096,0.5075797,0.03498679,-0.13594256,0.71114933,0.034502927,-0.15988304,0.62760717","-0.32190418,-0.116143465,0.52157474","-0.4636886,-0.2574301,0.5636129,0.024055656,-0.15910418,0.64585924,0.034502927,-0.15988304,0.62760717",0.0
"-0.4636886,-0.2574301,0.5636129,0.024055656,-0.15910418,0.64585924,0.034502927,-0.15988304,0.62760717","0.061509848,-0.011144042,0.12660336","-0.45781487,-0.2589624,0.57721406,0.027981797,-0.16609308,0.6282795,0.034502927,-0.15988304,0.62760717",0.0
"0.0,0.0,0.0,2.8652207e-07,0.005789075,0.993462,-0.053450294,-0.5748538,0.47593033","-0.99074256,0.8213731,0.9075842","-0.09460872,0.112934574,0.09750234,0.35394874,-0.10235832,0.90325254,-0.053450294,-0.5748538,0.47593033",0.0
"-0.09460872,0.112934574,0.09750234,0.35394874,-0.10235832,0.90325254,-0.053450294,-0.5748538,0.47593033","-0.85390025,0.5088513,0.93387294","-0.17615,0.18289901,0.19782892,0.51276934,-0.30997533,0.71553725,-0.053450294,-0.5748538,0.47593033",0.0
"-0.17615,0.18289901,0.19782892,0.51276934,-0.30997533,0.71553725,-0.053450294,-0.5748538,0.47593033","-0.9689444,-0.16707164,0.65862644","-0.26867715,0.15992755,0.26858556,0.41249734,-0.45527354,0.65525115,-0.053450294,-0.5748538,0.47593033",0.0
"-0.26867715,0.15992755,0.26858556,0.41249734,-0.45527354,0.65525115,-0.053450294,-0.5748538,0.47593033","-0.89949894,-0.15566361,0.4953947","-0.35457277,0.13852462,0.32180616,0.2757361,-0.5478201,0.6115258,-0.053450294,-0.5748538,0.47593033",0.0
"-0.35457277,0.13852462,0.32180616,0.2757361,-0.5478201,0.6115258,-0.053450294,-0.5748538,0.47593033","-0.94654626,-0.33691746,0.7838054","-0.44496107,0.09220022,0.40601093,0.10633302,-0.57518184,0.5539509,-0.053450294,-0.5748538,0.47593033",0.0
"-0.44496107,0.09220022,0.40601093,0.10633302,-0.57518184,0.5539509,-0.053450294,-0.5748538,0.47593033","-0.5543009,-0.17425263,0.46101582","-0.4978928,0.06824138,0.45553815,0.009545249,-0.56765467,0.51179665,-0.053450294,-0.5748538,0.47593033",0.0
"-0.4978928,0.06824138,0.45553815,0.009545249,-0.56765467,0.51179665,-0.053450294,-0.5748538,0.47593033","-0.36008656,-0.045086563,0.21186352","-0.5322784,0.062042218,0.47829884,-0.051357865,-0.5618898,0.4851078,-0.053450294,-0.5748538,0.47593033",0.0
"0.0,0.0,0.0,2.8652207e-07,0.005789075,0.993462,-0.16362573,0.1862573,0.7141676","-0.77746505,-0.92928994,0.73521066","-0.07424229,-0.1277726,0.07898418,-0.15927255,0.04378738,0.97118515,-0.16362573,0.1862573,0.7141676",0.0
"-0.07424229,-0.1277726,0.07898418,-0.15927255,0.04378738,0.97118515,-0.16362573,0.1862573,0.7141676","-0.38077617,-0.8929592,0.77048934","-0.11060365,-0.25054994,0.1617584,-0.28413844,0.10906238,0.9104292,-0.16362573,0.1862573,0.7141676",0.0
"-0.11060365,-0.25054994,0.1617584,-0.28413844,0.10906238,0.9104292,-0.16362573,0.1862573,0.7141676","-0.7964359,-0.69555366,0.936388","-0.1866575,-0.34618503,0.26235524,-0.2884205,0.19856502,0.8430742,-0.16362573,0.1862573,0.7141676",0.0
"-0.1866575,-0.34618503,0.26235524,-0.2884205,0.19856502,0.8430742,-0.16362573,0.1862573,0.7141676","-0.7411306,-0.5374924,0.8791795","-0.25743008,-0.42008752,0.35680607,-0.23902258,0.25883624,0.7754189,-0.16362573,0.1862573,0.7141676",0.0
"-0.25743008,-0.42008752,0.35680607,-0.23902258,0.25883624,0.7754189,-0.16362573,0.1862573,0.7141676","0.17936945,-0.13698655,0.69462633","-0.2403016,-0.43892252,0.4314303,-0.20131609,0.19735698,0.7419266,-0.16362573,0.1862573,0.7141676",0.0
"-0.2403016,-0.43892252,0.4314303,-0.20131609,0.19735698,0.7419266,-0.16362573,0.1862573,0.7141676","-0.072259605,-0.13819724,0.34339476","-0.24720187,-0.45792398,0.4683215,-0.18404002,0.18894935,0.7134891,-0.16362573,0.1862573,0.7141676",0.0
"-0.24720187,-0.45792398,0.4683215,-0.18404002,0.18894935,0.7134891,-0.16362573,0.1862573,0.7141676","-0.08006281,0.040244102,0.12172806","-0.2548473,-0.45239067,0.4813989,-0.16119498,0.1744963,0.7102003,-0.16362573,0.1862573,0.7141676",0.0
"0.0,0.0,0.0,2.8652207e-07,0.005789075,0.993462,0.114970766,-0.11631579,0.62760717","-0.8807664,-0.117558,0.99109364","-0.08410681,-0.016163632,0.10647383,0.10973321,-0.023691766,0.97403383,0.114970766,-0.11631579,0.62760717",0.0
"-0.08410681,-0.016163632,0.10647383,0.10973321,-0.023691766,0.97403383,0.114970766,-0.11631579,0.62760717","-0.9194461,-0.120073795,0.9515351","-0.17190725,-0.03267318,0.2086979,0.18269823,-0.10278078,0.92051584,0.114970766,-0.11631579,0.62760717",0.0
"-0.17190725,-0.03267318,0.2086979,0.18269823,-0.10278078,0.92051584,0.114970766,-0.11631579,0.62760717","0.31791747,-0.30679762,0.9330733","-0.14154844,-0.074856296,0.30893862,0.22052273,-0.098670766,0.8548835,0.114970766,-0.11631579,0.62760717",0.0
"-0.14154844,-0.074856296,0.30893862,0.22052273,-0.098670766,0.8548835,0.114970766,-0.11631579,0.62760717","-0.7921596,-0.37655568,0.83672905","-0.21719395,-0.12663078,0.39882904,0.1873251,-0.14474845,0.78769404,0.114970766,-0.11631579,0.62760717",0.0
"-0.21719395,-0.12663078,0.39882904,0.1873251,-0.14474845,0.78769404,0.114970766,-0.11631579,0.62760717","0.015330195,-0.4912312,0.5019338","-0.21573006,-0.19417258,0.45275217,0.1355832,-0.10170265,0.758469,0.114970766,-0.11631579,0.62760717",0.0
"-0.21573006,-0.19417258,0.45275217,0.1355832,-0.10170265,0.758469,0.114970766,-0.11631579,0.62760717","-0.38039446,-0.2457031,0.7442777","-0.25205496,-0.2279555,0.5327105,0.13219208,-0.12566991,0.6741511,0.114970766,-0.11631579,0.62760717",0.0
"-0.25205496,-0.2279555,0.5327105,0.13219208,-0.12566991,0.6741511,0.114970766,-0.11631579,0.62760717","-0.035099745,-0.2524736,0.3801322","-0.25540674,-0.26266935,0.5735484,0.11557764,-0.1112426,0.63469344,0.114970766,-0.11631579,0.62760717",0.0
"0.0,0.0,0.0,2.8652207e-07,0.005789075,0.993462,-0.5740936,0.43953216,0.53209","-0.85814,-0.98659366,-0.8982042","-0.08194615,-0.13565156,-0.096494645,-0.39697236,0.11050298,0.8824371,-0.5740936,0.43953216,0.53209",0.0
"-0.08194615,-0.13565156,-0.096494645,-0.39697236,0.11050298,0.8824371,-0.5740936,0.43953216,0.53209","-0.3080458,-0.46617174,-0.5928414","-0.11136229,-0.19974777,-0.16018398,-0.5569542,0.20937535,0.7376382,-0.5740936,0.43953216,0.53209",0.0
"-0.11136229,-0.19974777,-0.16018398,-0.5569542,0.20937535,0.7376382,-0.5740936,0.43953216,0.53209","0.101882696,-0.30775815,0.55738235","-0.101633236,-0.24206296,-0.10030404,-0.5778892,0.19714895,0.7453259,-0.5740936,0.43953216,0.53209",0.0
"-0.101633236,-0.24206296,-0.10030404,-0.5778892,0.19714895,0.7453259,-0.5740936,0.43953216,0.53209","-0.16134864,-0.19963378,0.031869292","-0.11704086,-0.2695116,-0.09688029,-0.60688287,0.23998374,0.70698386,-0.5740936,0.43953216,0.53209",0.0
"-0.11704086,-0.2695116,-0.09688029,-0.60688287,0.23998374,0.70698386,-0.5740936,0.43953216,0.53209","-0.22794521,-0.77917755,0.42518902","-0.13880798,-0.37664455,-0.051201936,-0.6980916,0.33169696,0.5765918,-0.5740936,0.43953216,0.53209",0.0
"-0.13880798,-0.37664455,-0.051201936,-0.6980916,0.33169696,0.5765918,-0.5740936,0.43953216,0.53209","-0.4165473,-0.36108935,0.8342209","-0.17858522,-0.42629254,0.038418982,-0.64269894,0.41071168,0.59243584,-0.5740936,0.43953216,0.53209",0.0
"-0.17858522,-0.42629254,0.038418982,-0.64269894,0.41071168,0.59243584,-0.5740936,0.43953216,0.53209","0.5433636,0.036573768,0.89531624","-0.12669794,-0.42126387,0.13460343,-0.5982017,0.25781056,0.69558895,-0.5740936,0.43953216,0.53209",0.0
"-0.12669794,-0.42126387,0.13460343,-0.5982017,0.25781056,0.69558895,-0.5740936,0.43953216,0.53209","-0.23245156,-0.03404212,-0.11197537","-0.14889538,-0.42594457,0.122573905,-0.5980058,0.30857623,0.67797303,-0.5740936,0.43953216,0.53209",0.0
"-0.14889538,-0.42594457,0.122573905,-0.5980058,0.30857623,0.67797303,-0.5740936,0.43953216,0.53209","-0.094064176,-0.36293375,0.3052392","-0.15787782,-0.4758461,0.155366,-0.62155664,0.34291026,0.62248677,-0.5740936,0.43953216,0.53209",0.0
"-0.15787782,-0.4758461,0.155366,-0.62155664,0.34291026,0.62248677,-0.5740936,0.43953216,0.53209","-0.07395971,-0.13065648,0.28693092","-0.16494043,-0.49381077,0.18619123,-0.6050315,0.3516185,0.61800194,-0.5740936,0.43953216,0.53209",0.0
"-0.16494043,-0.49381077,0.18619123,-0.6050315,0.3516185,0.61800194,-0.5740936,0.43953216,0.53209","-0.20157206,-0.23987997,0.1734184","-0.1841891,-0.5267931,0.20482174,-0.6028578,0.40072453,0.57634914,-0.5740936,0.43953216,0.53209",0.0
"-0.1841891,-0.5267931,0.20482174,-0.6028578,0.40072453,0.57634914,-0.5740936,0.43953216,0.53209","0.1441139,-0.17159164,0.3665123","-0.17042726,-0.55038613,0.24419644,-0.6065867,0.36656603,0.56714314,-0.5740936,0.43953216,0.53209",0.0
"-0.17042726,-0.55038613,0.24419644,-0.6065867,0.36656603,0.56714314,-0.5740936,0.43953216,0.53209","0.39088392,0.11210132,0.47669566","-0.13310069,-0.53497285,0.29540822,-0.56633455,0.25798818,0.62551504,-0.5740936,0.43953216,0.53209",0.0
"-0.13310069,-0.53497285,0.29540822,-0.56633455,0.25798818,0.62551504,-0.5740936,0.43953216,0.53209","-0.6568234,-0.4548775,-0.55283433","-0.19582255,-0.59751624,0.23601696,-0.6312769,0.45320025,0.47463596,-0.5740936,0.43953216,0.53209",0.0
"-0.19582255,-0.59751624,0.23601696,-0.6312769,0.45320025,0.47463596,-0.5740936,0.43953216,0.53209","-0.07033956,0.27799678,0.4288578","-0.20253947,-0.55929315,0.28208947,-0.5384357,0.4049971,0.5792058,-0.5740936,0.43953216,0.53209",0.0
"-0.20253947,-0.55929315,0.28208947,-0.5384357,0.4049971,0.5792058,-0.5740936,0.43953216,0.53209","-0.26432788,-0.113898754,0.45676672","-0.22778086,-0.57495373,0.33116028,-0.47281903,0.41869518,0.58274835,-0.5740936,0.43953216,0.53209",0.0
"-0.22778086,-0.57495373,0.33116028,-0.47281903,0.41869518,0.58274835,-0.5740936,0.43953216,0.53209","0.5599494,-0.30320537,-0.27951264","-0.17430976,-0.61664295,0.3011321,-0.6145709,0.38156056,0.4948057,-0.5740936,0.43953216,0.53209",0.0
"-0.17430976,-0.61664295,0.3011321,-0.6145709,0.38156056,0.4948057,-0.5740936,0.43953216,0.53209","-0.43029714,0.21172106,-0.40739572","-0.21540001,-0.5875324,0.2573654,-0.5738135,0.46832305,0.51203984,-0.5740936,0.43953216,0.53209",0.0
"-0.21540001,-0.5875324,0.2573654,-0.5738135,0.46832305,0.51203984,-0.5740936,0.43953216,0.53209","0.050253034,0.0093292,0.19009137","-0.2106012,-0.58624977,0.2777871,-0.5601758,0.44355252,0.5305207,-0.5740936,0.43953216,0.53209",0.0
"0.0,0.0,0.0,2.8652207e-07,0.005789075,0.993462,0.5836842,-0.6255555,0.2833269","-0.97749466,0.9980726,0.89311934","-0.09334363,0.13722986,0.095948376,0.39844203,-0.114263564,0.8813032,0.5836842,-0.6255555,0.2833269",0.0
"-0.09334363,0.13722986,0.095948376,0.39844203,-0.114263564,0.8813032,0.5836842,-0.6255555,0.2833269","-0.97887015,0.97686815,0.9155016","-0.18681863,0.27154422,0.19430128,0.6104015,-0.39901808,0.57625014,0.5836842,-0.6255555,0.2833269",0.0
"-0.18681863,0.27154422,0.19430128,0.6104015,-0.39901808,0.57625014,0.5836842,-0.6255555,0.2833269","-0.7992159,0.8432524,0.39557588","-0.26313794,0.38748708,0.23679826,0.59267676,-0.63519245,0.28431624,0.5836842,-0.6255555,0.2833269",0.0
"0.0,0.0,0.0,2.8652207e-07,0.005789075,0.993462,0.72672516,0.39988303,0.44441816","0.47833288,0.9812124,0.98642933","0.045677323,0.13491166,0.10597272,0.41650885,0.06603186,0.8751079,0.72672516,0.39988303,0.44441816",0.0
"0.045677323,0.13491166,0.10597272,0.41650885,0.06603186,0.8751079,0.72672516,0.39988303,0.44441816","0.6756661,0.8073926,0.9216058","0.110198535,0.245924,0.20498143,0.6567258,0.24305342,0.6059034,0.72672516,0.39988303,0.44441816",0.0
"0.110198535,0.245924,0.20498143,0.6567258,0.24305342,0.6059034,0.72672516,0.39988303,0.44441816","0.4643922,0.4696902,0.6585871","0.15454462,0.310504,0.27573383,0.7101131,0.38123244,0.38123316,0.72672516,0.39988303,0.44441816",0.0
"0.15454462,0.310504,0.27573383,0.7101131,0.38123244,0.38123316,0.72672516,0.39988303,0.44441816","-0.14664716,0.17559886,-0.478948","0.14054088,0.33464795,0.22428016,0.73722327,0.35484678,0.41253117,0.72672516,0.39988303,0.44441816",0.0
"0.14054088,0.33464795,0.22428016,0.73722327,0.35484678,0.41253117,0.72672516,0.39988303,0.44441816","-0.01579094,0.10130644,-0.28745723","0.13903296,0.3485771,0.19339845,0.7428271,0.3531852,0.43144506,0.72672516,0.39988303,0.44441816",0.0
"0.13903296,0.3485771,0.19339845,0.7428271,0.3531852,0.43144506,0.72672516,0.39988303,0.44441816","0.11892176,-0.041941524,-0.16120398","0.15038912,0.3428104,0.1760802,0.71768814,0.37328854,0.4687377,0.72672516,0.39988303,0.44441816",0.0
"0.15038912,0.3428104,0.1760802,0.71768814,0.37328854,0.4687377,0.72672516,0.39988303,0.44441816","0.059399128,0.045736313,-0.07604003","0.1560613,0.3490989,0.16791116,0.71395814,0.38763803,0.46834257,0.72672516,0.39988303,0.44441816",0.0
"0.1560613,0.3490989,0.16791116,0.71395814,0.38763803,0.46834257,0.72672516,0.39988303,0.44441816","-0.014202952,0.0023514032,-0.004081428","0.15470503,0.34942225,0.16747268,0.71575004,0.3846695,0.46834686,0.72672516,0.39988303,0.44441816",0.0
"0.15470503,0.34942225,0.16747268,0.71575004,0.3846695,0.46834686,0.72672516,0.39988303,0.44441816","-0.1751154,-0.030837297,-0.023231566","0.13798279,0.3451823,0.16497688,0.7294327,0.3439956,0.48038012,0.72672516,0.39988303,0.44441816",0.0
"0.13798279,0.3451823,0.16497688,0.7294327,0.3439956,0.48038012,0.72672516,0.39988303,0.44441816","0.09952164,0.0031781197,0.0360955","0.14748637,0.3456193,0.16885464,0.7209581,0.3666763,0.47383538,0.72672516,0.39988303,0.44441816",0.0
"0.14748637,0.3456193,0.16885464,0.7209581,0.3666763,0.47383538,0.72672516,0.39988303,0.44441816","-0.00491184,-0.025500894,0.025036216","0.14701733,0.3421131,0.17154428,0.71900105,0.3643706,0.4767905,0.72672516,0.39988303,0.44441816",0.0
"0.14701733,0.3421131,0.17154428,0.71900105,0.3643706,0.4767905,0.72672516,0.39988303,0.44441816","0.08689165,-0.0051988363,0.04135239","0.15531486,0.3413983,0.17598678,0.71035635,0.38356933,0.4716593,0.72672516,0.39988303,0.44441816",0.0
"0.15531486,0.3413983,0.17598678,0.71035635,0.38356933,0.4716593,0.72672516,0.39988303,0.44441816","-0.16689926,0.034014225,0.012580156","0.13937719,0.3460751,0.17733827,0.73404074,0.35005388,0.46041828,0.72672516,0.39988303,0.44441816",0.0
"0.13937719,0.3460751,0.17733827,0.73404074,0.35005388,0.46041828,0.72672516,0.39988303,0.44441816","0.14870954,-0.01326108,-0.09656721","0.15357786,0.3442518,0.16696398,0.7116037,0.3792497,0.47930223,0.72672516,0.39988303,0.44441816",0.0
"0.15357786,0.3442518,0.16696398,0.7116037,0.3792497,0.47930223,0.72672516,0.39988303,0.44441816","-0.17787892,-0.06119573,0.042460322","0.13659172,0.33583775,0.17152552,0.72384673,0.33756393,0.48910034,0.72672516,0.39988303,0.44441816",0.0
"0.13659172,0.33583775,0.17152552,0.72384673,0.33756393,0.48910034,0.72672516,0.39988303,0.44441816","0.12410045,0.07403171,0.15957344","0.14844242,0.34601676,0.18866858,0.7279564,0.37291893,0.44366378,0.72672516,0.39988303,0.44441816",0.0
"0.14844242,0.34601676,0.18866858,0.7279564,0.37291893,0.44366378,0.72672516,0.39988303,0.44441816","0.07143891,0.013776302,-0.090158045","0.15526432,0.34791094,0.17898284,0.718114,0.38754007,0.4543305,0.72672516,0.39988303,0.44441816",0.0
"0.0,0.0,0.0,2.8652207e-07,0.005789075,0.993462,-0.124970764,-0.27046782,0.5737357","-0.9852516,0.25575697,0.93875694","-0.094084375,0.03516526,0.10085126,0.20568314,-0.05657785,0.95632786,-0.124970764,-0.27046782,0.5737357",0.0
"-0.094084375,0.03516526,0.10085126,0.20568314,-0.05657785,0.95632786,-0.124970764,-0.27046782,0.5737357","-0.8910407,-0.11126089,0.972512","-0.17917229,0.019867454,0.20532888,0.26576856,-0.1608492,0.8899645,-0.124970764,-0.27046782,0.5737357",0.0
"-0.17917229,0.019867454,0.20532888,0.26576856,-0.1608492,0.8899645,-0.124970764,-0.27046782,0.5737357","-0.9682184,-0.3462755,0.6631113","-0.27163014,-0.02774366,0.2765674,0.19942847,-0.21975166,0.8567298,-0.124970764,-0.27046782,0.5737357",0.0
"-0.27163014,-0.02774366,0.2765674,0.19942847,-0.21975166,0.8567298,-0.124970764,-0.27046782,0.5737357","-0.96613085,-0.5796795,0.13448691","-0.3638886,-0.107446626,0.29101548,0.07098789,-0.14180906,0.88747954,-0.124970764,-0.27046782,0.5737357",0.0
"-0.3638886,-0.107446626,0.29101548,0.07098789,-0.14180906,0.88747954,-0.124970764,-0.27046782,0.5737357","-0.74102896,0.35644126,0.7473378","-0.43465146,-0.058437813,0.37130252,0.07329059,-0.32357216,0.7733524,-0.124970764,-0.27046782,0.5737357",0.0
"-0.43465146,-0.058437813,0.37130252,0.07329059,-0.32357216,0.7733524,-0.124970764,-0.27046782,0.5737357","-0.680092,-0.48922348,0.82005775","-0.49959528,-0.12570354,0.4594019,0.006155876,-0.28919834,0.7117911,-0.124970764,-0.27046782,0.5737357",0.0
"-0.49959528,-0.12570354,0.4594019,0.006155876,-0.28919834,0.7117911,-0.124970764,-0.27046782,0.5737357","-0.9227478,-0.37648273,0.73285675","-0.58771104,-0.177468,0.5381332,-0.06584302,-0.2541448,0.63936996,-0.124970764,-0.27046782,0.5737357",0.0
"-0.58771104,-0.177468,0.5381332,-0.06584302,-0.2541448,0.63936996,-0.124970764,-0.27046782,0.5737357","-0.49663544,0.09950459,0.39026606","-0.6351361,-0.16378666,0.5800598,-0.11976353,-0.27899674,0.5692192,-0.124970764,-0.27046782,0.5737357",0.0
"0.0,0.0,0.0,2.8652207e-07,0.005789075,0.993462,0.001754386,0.091520466,0.51554936","0.898942,0.52306056,0.74770546","0.085842445,0.07191814,0.08032647,0.25219712,0.07571759,0.9465442,0.001754386,0.091520466,0.51554936",0.0
"0.085842445,0.07191814,0.08032647,0.25219712,0.07571759,0.9465442,0.001754386,0.091520466,0.51554936","0.89157104,-0.8045623,0.95490074","0.17098102,-0.038705047,0.18291208,0.13887396,0.089446925,0.9414582,0.001754386,0.091520466,0.51554936",0.0
"0.17098102,-0.038705047,0.18291208,0.13887396,0.089446925,0.9414582,0.001754386,0.091520466,0.51554936","0.52124727,-0.4719249,0.91690886","0.22075632,-0.103592314,0.28141624,0.115321785,0.10339338,0.8940801,0.001754386,0.091520466,0.51554936",0.0
"0.22075632,-0.103592314,0.28141624,0.115321785,0.10339338,0.8940801,0.001754386,0.091520466,0.51554936","0.9868002,-0.63753134,0.7461194","0.31498855,-0.19124962,0.36157238,0.038485553,0.06912841,0.8508081,0.001754386,0.091520466,0.51554936",0.0
"0.31498855,-0.19124962,0.36157238,0.038485553,0.06912841,0.8508081,0.001754386,0.091520466,0.51554936","0.6322677,-0.3685047,0.9799521","0.37536553,-0.24191713,0.46684933,0.033295315,0.09581426,0.7583122,0.001754386,0.091520466,0.51554936",0.0
"0.37536553,-0.24191713,0.46684933,0.033295315,0.09581426,0.7583122,0.001754386,0.091520466,0.51554936","0.82297206,-0.5715111,0.9154","0.4539534,-0.32049698,0.5651914,0.003926314,0.067113176,0.66140544,0.001754386,0.091520466,0.51554936",0.0
"0.4539534,-0.32049698,0.5651914,0.003926314,0.067113176,0.66140544,0.001754386,0.091520466,0.51554936","0.061541796,-0.44982362,0.8784437","0.45983016,-0.38234544,0.65956324,0.0013946507,0.05699073,0.5515762,0.001754386,0.091520466,0.51554936",0.0
"0.45983016,-0.38234544,0.65956324,0.0013946507,0.05699073,0.5515762,0.001754386,0.091520466,0.51554936","0.072173834,0.07992339,0.12413156","0.46672225,-0.37135643,0.6728988,0.002623567,0.080482006,0.53180635,0.001754386,0.091520466,0.51554936",0.0
"0.46672225,-0.37135643,0.6728988,0.002623567,0.080482006,0.53180635,0.001754386,0.091520466,0.51554936","-0.004206717,0.07645762,0.059930563","0.4663205,-0.3608439,0.6793372,0.0045606336,0.09776211,0.5206162,0.001754386,0.091520466,0.51554936",0.0
"0.0,0.0,0.0,2.8652207e-07,0.005789075,0.993462,-0.06491228,-0.7135087,0.42493555","-0.9505649,0.83181095,0.82757795","-0.09077204,0.11436972,0.08890722,0.34784827,-0.09594216,0.9085053,-0.06491228,-0.7135087,0.42493555",0.0
"-0.09077204,0.11436972,0.08890722,0.34784827,-0.09594216,0.9085053,-0.06491228,-0.7135087,0.42493555","-0.94914705,0.52375174,0.9131224","-0.1814087,0.18638289,0.18700454,0.504872,-0.31666908,0.7241056,-0.06491228,-0.7135087,0.42493555",0.0
"-0.1814087,0.18638289,0.18700454,0.504872,-0.31666908,0.7241056,-0.06491228,-0.7135087,0.42493555","-0.87643594,0.39728355,0.53476286","-0.26510197,0.24100737,0.24445447,0.48570827,-0.525527,0.5579624,-0.06491228,-0.7135087,0.42493555",0.0
"-0.26510197,0.24100737,0.24445447,0.48570827,-0.525527,0.5579624,-0.06491228,-0.7135087,0.42493555","-0.94254297,-0.17424262,-0.49256074","-0.355108,0.21704993,0.1915384,0.29024634,-0.57981056,0.6717119,-0.06491228,-0.7135087,0.42493555",0.0
"-0.355108,0.21704993,0.1915384,0.29024634,-0.57981056,0.6717119,-0.06491228,-0.7135087,0.42493555","-0.92215693,0.375808,0.4873942","-0.4431673,0.2687216,0.24389948,0.13899669,-0.7376213,0.5092084,-0.06491228,-0.7135087,0.42493555",0.0
"-0.4431673,0.2687216,0.24389948,0.13899669,-0.7376213,0.5092084,-0.06491228,-0.7135087,0.42493555","-0.3567707,-0.23396713,0.43185532","-0.4772363,0.23655237,0.290294,0.057866137,-0.726785,0.49756753,-0.06491228,-0.7135087,0.42493555",0.0
"-0.4772363,0.23655237,0.290294,0.057866137,-0.726785,0.49756753,-0.06491228,-0.7135087,0.42493555","-0.5026732,-0.278566,0.38528907","-0.525238,0.198251,0.33168584,-0.04935402,-0.69422626,0.501216,-0.06491228,-0.7135087,0.42493555",0.0
"-0.525238,0.198251,0.33168584,-0.04935402,-0.69422626,0.501216,-0.06491228,-0.7135087,0.42493555","0.37643242,-0.02481389,0.6767081","-0.4892914,0.19483922,0.40438506,0.029454157,-0.70314264,0.3944922,-0.06491228,-0.7135087,0.42493555",0.0
"-0.4892914,0.19483922,0.40438506,0.029454157,-0.70314264,0.3944922,-0.06491228,-0.7135087,0.42493555","-0.38548535,0.10980725,-0.17596698","-0.5261025,0.20993717,0.38548088,-0.053060833,-0.7162511,0.39780483,-0.06491228,-0.7135087,0.42493555",0.0
"-0.5261025,0.20993717,0.38548088,-0.053060833,-0.7162511,0.39780483,-0.06491228,-0.7135087,0.42493555","-0.23944813,0.0020309687,-0.04271096","-0.548968,0.21021642,0.38089246,-0.104333214,-0.7106068,0.40447158,-0.06491228,-0.7135087,0.42493555",0.0
"-0.548968,0.21021642,0.38089246,-0.104333214,-0.7106068,0.40447158,-0.06491228,-0.7135087,0.42493555","0.2460537,-0.063739896,-0.013817847","-0.5254717,0.20145252,0.379408,-0.050906084,-0.70718473,0.42204028,-0.06491228,-0.7135087,0.42493555",0.0
"0.0,0.0,0.0,2.8652207e-07,0.005789075,0.993462,0.17555556,0.12929824,0.47566882","0.35414767,0.1981318,0.95210874","0.033818536,0.027242096,0.102285646,0.19675426,0.026804993,0.9595352,0.17555556,0.12929824,0.47566882",0.0
"0.033818536,0.027242096,0.102285646,0.19675426,0.026804993,0.9595352,0.17555556,0.12929824,0.47566882","0.93093586,-0.43296707,0.93867946","0.122716144,-0.03228866,0.20312862,0.18640205,0.081895754,0.9245214,0.17555556,0.12929824,0.47566882",0.0
"0.122716144,-0.03228866,0.20312862,0.18640205,0.081895754,0.9245214,0.17555556,0.12929824,0.47566882","0.64086986,-0.147354,0.98091257","0.18391457,-0.052549098,0.30850872,0.23401138,0.15948826,0.84105074,0.17555556,0.12929824,0.47566882",0.0
"0.18391457,-0.052549098,0.30850872,0.23401138,0.15948826,0.84105074,0.17555556,0.12929824,0.47566882","0.21573496,-0.5052096,0.9276104","0.20451571,-0.122012846,0.40816256,0.19933034,0.15641929,0.773936,0.17555556,0.12929824,0.47566882",0.0
"0.20451571,-0.122012846,0.40816256,0.19933034,0.15641929,0.773936,0.17555556,0.12929824,0.47566882","0.15060472,-0.5655221,0.9500077","0.21889734,-0.19976924,0.5102226,0.1578871,0.13718927,0.6900396,0.17555556,0.12929824,0.47566882",0.0
"0.21889734,-0.19976924,0.5102226,0.1578871,0.13718927,0.6900396,0.17555556,0.12929824,0.47566882","0.00075399876,-0.23902595,0.9717114","0.21896935,-0.23263413,0.61461425,0.1720006,0.14884959,0.5628268,0.17555556,0.12929824,0.47566882",0.0
"0.21896935,-0.23263413,0.61461425,0.1720006,0.14884959,0.5628268,0.17555556,0.12929824,0.47566882","-0.026221514,-0.2102555,0.62727344","0.21646538,-0.2615432,0.68200266,0.16671334,0.14227319,0.47816563,0.17555556,0.12929824,0.47566882",0.0
"0.0,0.0,0.0,2.8652207e-07,0.005789075,0.993462,0.40029243,0.60210526,0.53209","0.9907713,0.9728019,0.8805146","0.09461147,0.13375527,0.09459423,0.38656843,0.12446237,0.88590634,0.40029243,0.60210526,0.53209",0.0
"0.09461147,0.13375527,0.09459423,0.38656843,0.12446237,0.88590634,0.40029243,0.60210526,0.53209","0.8604045,0.85953164,0.8305918","0.17677386,0.25193644,0.18382522,0.5875654,0.37139407,0.6248859,0.40029243,0.60210526,0.53209",0.0
"0.17677386,0.25193644,0.18382522,0.5875654,0.37139407,0.6248859,0.40029243,0.60210526,0.53209","0.41094577,0.19859338,0.8032489","0.2160162,0.27924204,0.27011877,0.59738785,0.4891756,0.45007494,0.40029243,0.60210526,0.53209",0.0
"0.2160162,0.27924204,0.27011877,0.59738785,0.4891756,0.45007494,0.40029243,0.60210526,0.53209","0.43306947,-0.13425553,-0.22072738","0.2573712,0.26078263,0.24640591,0.50808704,0.5405663,0.51993144,0.40029243,0.60210526,0.53209",0.0
"0.2573712,0.26078263,0.24640591,0.50808704,0.5405663,0.51993144,0.40029243,0.60210526,0.53209","0.2813189,-0.059625447,-0.014994383","0.2842351,0.25258446,0.2447951,0.45377436,0.572856,0.5370392,0.40029243,0.60210526,0.53209",0.0
"0.2842351,0.25258446,0.2447951,0.45377436,0.572856,0.5370392,0.40029243,0.60210526,0.53209","0.11450553,0.0356915,0.13393188","0.29516953,0.2574919,0.2591835,0.44119367,0.5979183,0.5068343,0.40029243,0.60210526,0.53209",0.0
"0.29516953,0.2574919,0.2591835,0.44119367,0.5979183,0.5068343,0.40029243,0.60210526,0.53209","0.015709162,-0.09326303,-0.036427498","0.29666966,0.24466872,0.25527006,0.4278551,0.58583146,0.5356302,0.40029243,0.60210526,0.53209",0.0
"0.29666966,0.24466872,0.25527006,0.4278551,0.58583146,0.5356302,0.40029243,0.60210526,0.53209","0.066247344,0.036031485,0.040220976","0.3029958,0.24962288,0.25959107,0.4208289,0.60081744,0.52039695,0.40029243,0.60210526,0.53209",0.0
"0.3029958,0.24962288,0.25959107,0.4208289,0.60081744,0.52039695,0.40029243,0.60210526,0.53209","-0.054471552,-0.029082417,-0.0075463057","0.29779416,0.24562421,0.2587804,0.42741218,0.58954924,0.5287319,0.40029243,0.60210526,0.53209",0.0
"0.29779416,0.24562421,0.2587804,0.42741218,0.58954924,0.5287319,0.40029243,0.60210526,0.53209","-0.062862456,0.00433743,0.06236756","0.29179126,0.24622062,0.26548058,0.44060197,0.5841863,0.5176854,0.40029243,0.60210526,0.53209",0.0
"0.29179126,0.24622062,0.26548058,0.44060197,0.5841863,0.5176854,0.40029243,0.60210526,0.53209","0.011940002,0.056560516,-0.06427097","0.29293144,0.25399742,0.25857595,0.4426446,0.5911977,0.51405776,0.40029243,0.60210526,0.53209",0.0
"0.29293144,0.25399742,0.25857595,0.4426446,0.5911977,0.51405776,0.40029243,0.60210526,0.53209","0.029695153,-0.02990514,0.08254027","0.29576713,0.24988562,0.26744333,0.43643385,0.5938778,0.50818026,0.40029243,0.60210526,0.53209",0.0
"0.29576713,0.24988562,0.26744333,0.43643385,0.5938778,0.50818026,0.40029243,0.60210526,0.53209","0.037222624,0.0017757416,-0.020726562","0.29932162,0.25012982,0.26521668,0.42944196,0.59825796,0.5110806,0.40029243,0.60210526,0.53209",0.0
"0.29932162,0.25012982,0.26521668,0.42944196,0.59825796,0.5110806,0.40029243,0.60210526,0.53209","0.049289346,-0.058572173,-0.0035089254","0.3040284,0.24207649,0.26483974,0.41468337,0.59625006,0.5260109,0.40029243,0.60210526,0.53209",0.0
"0.0,0.0,0.0,2.8652207e-07,0.005789075,0.993462,0.45280704,-0.23847952,0.66238827","-0.84490746,0.707906,0.936851","-0.08068252,0.09733343,0.100646496,0.33153683,-0.07990235,0.9143727,0.45280704,-0.23847952,0.66238827",0.0
"-0.08068252,0.09733343,0.100646496,0.33153683,-0.07990235,0.9143727,0.45280704,-0.23847952,0.66238827","-0.5426165,0.6047667,0.93638086","-0.13249846,0.18048576,0.20124249,0.5492647,-0.23649497,0.7147155,0.45280704,-0.23847952,0.66238827",0.0
"-0.13249846,0.18048576,0.20124249,0.5492647,-0.23649497,0.7147155,0.45280704,-0.23847952,0.66238827","-0.6125699,-0.5344265,0.6569607","-0.19099443,0.107004866,0.27182025,0.44319117,-0.29620713,0.72501546,0.45280704,-0.23847952,0.66238827",0.0
"-0.19099443,0.107004866,0.27182025,0.44319117,-0.29620713,0.72501546,0.45280704,-0.23847952,0.66238827","0.30935895,-0.24980664,0.5790709","-0.16145289,0.07265774,0.3340302,0.45876586,-0.24832001,0.68542385,0.45280704,-0.23847952,0.66238827",0.0
"-0.16145289,0.07265774,0.3340302,0.45876586,-0.24832001,0.68542385,0.45280704,-0.23847952,0.66238827","0.14608622,-0.10877329,0.21728706","-0.1475027,0.057701968,0.35737354,0.46143177,-0.22409822,0.67170006,0.45280704,-0.23847952,0.66238827",0.0
"-0.1475027,0.057701968,0.35737354,0.46143177,-0.22409822,0.67170006,0.45280704,-0.23847952,0.66238827","-0.1832726,0.0152875185,0.09419072","-0.16500391,0.05980392,0.36749256,0.4563246,-0.25362608,0.6546931,0.45280704,-0.23847952,0.66238827",0.0
"0.0,0.0,0.0,2.8652207e-07,0.005789075,0.993462,0.14596492,0.5527485,0.6989999","0.97634673,0.8506534,0.9647095","0.09323404,0.11696047,0.10363935,0.3657662,0.11635351,0.8947027,0.14596492,0.5527485,0.6989999",0.0
"0.09323404,0.11696047,0.10363935,0.3657662,0.11635351,0.8947027,0.14596492,0.5527485,0.6989999","0.9848876,0.49025238,0.719803","0.18728365,0.18436767,0.18096825,0.48548636,0.33087483,0.7345007,0.14596492,0.5527485,0.6989999",0.0
"0.18728365,0.18436767,0.18096825,0.48548636,0.33087483,0.7345007,0.14596492,0.5527485,0.6989999","0.96204257,-0.41401076,-0.06250739","0.27915174,0.12744331,0.17425308,0.30364364,0.37411112,0.81662697,0.14596492,0.5527485,0.6989999",0.0
"0.27915174,0.12744331,0.17425308,0.30364364,0.37411112,0.81662697,0.14596492,0.5527485,0.6989999","0.89974225,0.24426949,0.71371055","0.36507058,0.16102913,0.25092748,0.24327521,0.55319273,0.67786294,0.14596492,0.5527485,0.6989999",0.0
"0.36507058,0.16102913,0.25092748,0.24327521,0.55319273,0.67786294,0.14596492,0.5527485,0.6989999","0.69281495,-0.33701378,0.11515236","0.43122938,0.114691466,0.2632984,0.10992243,0.5278557,0.7260775,0.14596492,0.5527485,0.6989999",0.0
"0.43122938,0.114691466,0.2632984,0.10992243,0.5278557,0.7260775,0.14596492,0.5527485,0.6989999","-0.0968377,0.19185257,0.058206916","0.4219821,0.14107022,0.26955163,0.13658126,0.569907,0.68153185,0.14596492,0.5527485,0.6989999",0.0
"0.4219821,0.14107022,0.26955163,0.13658126,0.569907,0.68153185,0.14596492,0.5527485,0.6989999","-0.10408974,-0.1535399,0.027780533","0.4120423,0.11995927,0.27253616,0.14575103,0.53518987,0.7068841,0.14596492,0.5527485,0.6989999",0.0
"0.4120423,0.11995927,0.27253616,0.14575103,0.53518987,0.7068841,0.14596492,0.5527485,0.6989999","0.03184402,-0.027132392,0.025286436","0.41508317,0.1162287,0.27525276,0.13956834,0.53266686,0.7082943,0.14596492,0.5527485,0.6989999",0.0
"0.41508317,0.1162287,0.27525276,0.13956834,0.53266686,0.7082943,0.14596492,0.5527485,0.6989999","-0.0042484403,0.081704736,-0.026491046","0.41467747,0.12746269,0.27240685,0.14447077,0.54786557,0.6967962,0.14596492,0.5527485,0.6989999",0.0
"0.0,0.0,0.0,2.8652207e-07,0.005789075,0.993462,-0.091345035,-0.0057894737,0.51554936","0.8049295,-0.7251775,0.9783547","0.07686491,-0.0997082,0.105105296,-0.06810838,-0.010811943,0.97882867,-0.091345035,-0.0057894737,0.51554936",0.0
"0.07686491,-0.0997082,0.105105296,-0.06810838,-0.010811943,0.97882867,-0.091345035,-0.0057894737,0.51554936","-0.12028706,-0.27749944,0.98342085","0.06537835,-0.13786297,0.21075487,-0.0056081177,0.0047449567,0.9456773,-0.091345035,-0.0057894737,0.51554936",0.0
"0.06537835,-0.13786297,0.21075487,-0.0056081177,0.0047449567,0.9456773,-0.091345035,-0.0057894737,0.51554936","-0.22717041,-0.7558076,0.7253828","0.043685224,-0.24178268,0.28868327,-0.111002535,-0.009486462,0.896801,-0.091345035,-0.0057894737,0.51554936",0.0
"0.043685224,-0.24178268,0.28868327,-0.111002535,-0.009486462,0.896801,-0.091345035,-0.0057894737,0.51554936","0.2535951,-0.7897434,0.98058426","0.06790171,-0.35036838,0.39402813,-0.1744488,-0.031864956,0.8085141,-0.091345035,-0.0057894737,0.51554936",0.0
"0.06790171,-0.35036838,0.39402813,-0.1744488,-0.031864956,0.8085141,-0.091345035,-0.0057894737,0.51554936","-0.3220998,-0.3848284,0.9808525","0.037143514,-0.40328038,0.4994018,-0.13447365,-0.009934534,0.720633,-0.091345035,-0.0057894737,0.51554936",0.0
"0.037143514,-0.40328038,0.4994018,-0.13447365,-0.009934534,0.720633,-0.091345035,-0.0057894737,0.51554936","0.0325135,-0.19187206,0.9575988","0.040248312,-0.42966184,0.6022773,-0.05981699,-0.0017682841,0.6201207,-0.091345035,-0.0057894737,0.51554936",0.0
"0.040248312,-0.42966184,0.6022773,-0.05981699,-0.0017682841,0.6201207,-0.091345035,-0.0057894737,0.51554936","-0.07543963,-0.64514935,0.7399564","0.03304437,-0.51836663,0.68177134,-0.09812539,-0.0044027963,0.5174298,-0.091345035,-0.0057894737,0.51554936",0.0
"0.0,0.0,0.0,2.8652207e-07,0.005789075,0.993462,-0.17035088,-0.37391812,0.62924165","-0.8828777,-0.107678235,0.8411329","-0.08430842,-0.0148052145,0.09036346,0.09143925,-0.018803334,0.9796964,-0.17035088,-0.37391812,0.62924165",0.0
"-0.08430842,-0.0148052145,0.09036346,0.09143925,-0.018803334,0.9796964,-0.17035088,-0.37391812,0.62924165","-0.9309915,-0.09660971,0.880682","-0.17321135,-0.02808857,0.18497571,0.1651957,-0.093193464,0.93549126,-0.17035088,-0.37391812,0.62924165",0.0
"-0.17321135,-0.02808857,0.18497571,0.1651957,-0.093193464,0.93549126,-0.17035088,-0.37391812,0.62924165","-0.8692579,-0.06575066,0.49425125","-0.25621918,-0.037128966,0.2380735,0.16749053,-0.16581546,0.899066,-0.17035088,-0.37391812,0.62924165",0.0
"-0.25621918,-0.037128966,0.2380735,0.16749053,-0.16581546,0.899066,-0.17035088,-0.37391812,0.62924165","-0.7328204,-0.13009632,0.47865057","-0.3261982,-0.05501656,0.2894953,0.13916467,-0.2178793,0.862195,-0.17035088,-0.37391812,0.62924165",0.0
"-0.3261982,-0.05501656,0.2894953,0.13916467,-0.2178793,0.862195,-0.17035088,-0.37391812,0.62924165","-0.9755958,-0.119996786,0.42586124","-0.4193605,-0.07151552,0.33524588,0.074501574,-0.26466787,0.8251035,-0.17035088,-0.37391812,0.62924165",0.0
"-0.4193605,-0.07151552,0.33524588,0.074501574,-0.26466787,0.8251035,-0.17035088,-0.37391812,0.62924165","-0.9310291,-0.017835855,0.5367172","-0.508267,-0.07396788,0.39290583,-0.0026053407,-0.32317236,0.75887567,-0.17035088,-0.37391812,0.62924165",0.0
"-0.508267,-0.07396788,0.39290583,-0.0026053407,-0.32317236,0.75887567,-0.17035088,-0.37391812,0.62924165","-0.91158175,0.13133454,0.6019641","-0.59531647,-0.05591007,0.45757523,-0.11170638,-0.3814466,0.65575475,-0.17035088,-0.37391812,0.62924165",0.0
"-0.59531647,-0.05591007,0.45757523,-0.11170638,-0.3814466,0.65575475,-0.17035088,-0.37391812,0.62924165","-0.42656553,0.0146045685,0.065351486","-0.63605034,-0.05390203,0.46459603,-0.16231419,-0.37030813,0.6437105,-0.17035088,-0.37391812,0.62924165",0.0
"0.0,0.0,0.0,2.8652207e-07,0.005789075,0.993462,-0.06491228,-0.7135087,0.42493555","-0.90850365,0.7676228,0.7518227","-0.08675549,0.10554419,0.08076878,0.32216883,-0.08403716,0.92180324,-0.06491228,-0.7135087,0.42493555",0.0
"-0.08675549,0.10554419,0.08076878,0.32216883,-0.08403716,0.92180324,-0.06491228,-0.7135087,0.42493555","-0.98335195,0.7478076,0.852419","-0.18065846,0.20836389,0.17234468,0.525539,-0.32817927,0.70989347,-0.06491228,-0.7135087,0.42493555",0.0
"-0.18065846,0.20836389,0.17234468,0.525539,-0.32817927,0.70989347,-0.06491228,-0.7135087,0.42493555","-0.60605085,0.28828573,-0.033174813","-0.23853192,0.24800174,0.1687807,0.5007551,-0.45800695,0.6517026,-0.06491228,-0.7135087,0.42493555",0.0
"-0.23853192,0.24800174,0.1687807,0.5007551,-0.45800695,0.6517026,-0.06491228,-0.7135087,0.42493555","-0.9959324,0.25529456,0.44664454","-0.33363625,0.28310347,0.216764,0.38252184,-0.65241206,0.5229023,-0.06491228,-0.7135087,0.42493555",0.0
"-0.33363625,0.28310347,0.216764,0.38252184,-0.65241206,0.5229023,-0.06491228,-0.7135087,0.42493555","-0.7947496,-0.08450496,0.39550483","-0.40952906,0.2714845,0.25925335,0.21860854,-0.7276836,0.48107997,-0.06491228,-0.7135087,0.42493555",0.0
"-0.40952906,0.2714845,0.25925335,0.21860854,-0.7276836,0.48107997,-0.06491228,-0.7135087,0.42493555","-0.6998399,-0.35352314,0.16932762","-0.4763587,0.2228769,0.27744436,0.058243725,-0.7047715,0.54081905,-0.06491228,-0.7135087,0.42493555",0.0
"-0.4763587,0.2228769,0.27744436,0.058243725,-0.7047715,0.54081905,-0.06491228,-0.7135087,0.42493555","-0.24282736,-0.17369145,0.8306031","-0.49954695,0.19899525,0.3666766,0.006789574,-0.7046979,0.4460647,-0.06491228,-0.7135087,0.42493555",0.0
"-0.49954695,0.19899525,0.3666766,0.006789574,-0.7046979,0.4460647,-0.06491228,-0.7135087,0.42493555","-0.22992593,0.037806034,0.20103312","-0.5215032,0.2041934,0.38827372,-0.04232441,-0.7112928,0.4034716,-0.06491228,-0.7135087,0.42493555",0.0
"-0.5215032,0.2041934,0.38827372,-0.04232441,-0.7112928,0.4034716,-0.06491228,-0.7135087,0.42493555","0.013364196,-0.044151008,-0.09739804","-0.5202271,0.19812287,0.37781024,-0.03901221,-0.70422596,0.43027022,-0.06491228,-0.7135087,0.42493555",0.0
"-0.5202271,0.19812287,0.37781024,-0.03901221,-0.70422596,0.43027022,-0.06491228,-0.7135087,0.42493555","-0.010454893,0.044480085,0.07737422","-0.52122545,0.20423867,0.38612267,-0.041697785,-0.7112439,0.40674725,-0.06491228,-0.7135087,0.42493555",0.0
"-0.52122545,0.20423867,0.38612267,-0.041697785,-0.7112439,0.40674725,-0.06491228,-0.7135087,0.42493555","-0.18339497,-0.0008428097,-0.06831008","-0.5387383,0.2041228,0.37878412,-0.08066088,-0.7071732,0.41838476,-0.06491228,-0.7135087,0.42493555",0.0
"-0.5387383,0.2041228,0.37878412,-0.08066088,-0.7071732,0.41838476,-0.06491228,-0.7135087,0.42493555","0.11784828,-0.034295738,0.0384804","-0.52748466,0.19940732,0.38291812,-0.055220686,-0.70504194,0.42010707,-0.06491228,-0.7135087,0.42493555",0.0
"0.0,0.0,0.0,2.8652207e-07,0.005789075,0.993462,-0.11046784,-0.04403509,0.95841956","0.94299936,-0.7364851,0.61944175","0.09004958,-0.10126293,0.06654705,-0.122460656,-0.029570045,0.979688,-0.11046784,-0.04403509,0.95841956",0.0
"0.09004958,-0.10126293,0.06654705,-0.122460656,-0.029570045,0.979688,-0.11046784,-0.04403509,0.95841956","0.64915323,-0.34407508,0.7826884","0.15203899,-0.1485715,0.15063182,-0.09967178,-0.04507369,0.9620896,-0.11046784,-0.04403509,0.95841956",0.0
"0.0,0.0,0.0,2.8652207e-07,0.005789075,0.993462,0.31695908,0.102690056,0.404603","0.7663815,0.21622765,0.92964065","0.07318387,0.029730182,0.09987189,0.19395077,0.051340412,0.9595965,0.31695908,0.102690056,0.404603",0.0
"0.07318387,0.029730182,0.09987189,0.19395077,0.051340412,0.9595965,0.31695908,0.102690056,0.404603","0.62150097,-0.31374586,0.9955559","0.13253272,-0.01340827,0.2068251,0.22279315,0.1048533,0.9112848,0.31695908,0.102690056,0.404603",0.0
"0.13253272,-0.01340827,0.2068251,0.22279315,0.1048533,0.9112848,0.31695908,0.102690056,0.404603","0.5725657,-0.24708527,0.98528075","0.18720858,-0.04738124,0.3126745,0.2438751,0.16958797,0.8329224,0.31695908,0.102690056,0.404603",0.0
"0.18720858,-0.04738124,0.3126745,0.2438751,0.16958797,0.8329224,0.31695908,0.102690056,0.404603","-0.24167216,0.00835681,0.94859934","0.16413064,-0.046232235,0.41458315,0.33264765,0.19519137,0.70647764,0.31695908,0.102690056,0.404603",0.0
"0.16413064,-0.046232235,0.41458315,0.33264765,0.19519137,0.70647764,0.31695908,0.102690056,0.404603","-0.42935264,-0.42455673,0.8804362","0.12313057,-0.10460661,0.509169,0.324774,0.1385479,0.626028,0.31695908,0.102690056,0.404603",0.0
"0.12313057,-0.10460661,0.509169,0.324774,0.1385479,0.626028,0.31695908,0.102690056,0.404603","-0.3069507,-0.32603687,0.95767236","0.09381899,-0.14943503,0.6120523,0.31690013,0.102255896,0.5096765,0.31695908,0.102690056,0.404603",0.0
"0.09381899,-0.14943503,0.6120523,0.31690013,0.102255896,0.5096765,0.31695908,0.102690056,0.404603","-0.06612724,-0.18145299,0.54115176","0.087504305,-0.1743839,0.67018867,0.3014995,0.091051355,0.43952146,0.31695908,0.102690056,0.404603",0.0
"0.087504305,-0.1743839,0.67018867,0.3014995,0.091051355,0.43952146,0.31695908,0.102690056,0.404603","0.06327355,0.06482375,0.16250813","0.09354646,-0.16547097,0.68764704,0.30977967,0.0998031,0.40533885,0.31695908,0.102690056,0.404603",0.0
"0.0,0.0,0.0,2.8652207e-07,0.005789075,0.993462,0.038011696,-0.0139766075,0.52215254","0.2949462,-0.7261773,0.987924","0.028165206,-0.09984566,0.10613332,-0.06782829,-0.00020559462,0.978682,0.038011696,-0.0139766075,0.52215254",0.0
"0.028165206,-0.09984566,0.10613332,-0.06782829,-0.00020559462,0.978682,0.038011696,-0.0139766075,0.52215254","-0.8231901,-0.69993615,0.9439044","-0.05044349,-0.1960833,0.2075376,-0.12692137,0.026146365,0.9372478,0.038011696,-0.0139766075,0.52215254",0.0
"-0.05044349,-0.1960833,0.2075376,-0.12692137,0.026146365,0.9372478,0.038011696,-0.0139766075,0.52215254","-0.16762203,-0.051051497,0.9421892","-0.06645019,-0.20310266,0.30875766,-0.0070538525,0.0074118506,0.8917325,0.038011696,-0.0139766075,0.52215254",0.0
"-0.06645019,-0.20310266,0.30875766,-0.0070538525,0.0074118506,0.8917325,0.038011696,-0.0139766075,0.52215254","-0.14675409,0.07046211,0.8974451","-0.080464154,-0.19341454,0.40517083,0.12082702,-0.02523184,0.8101317,0.038011696,-0.0139766075,0.52215254",0.0
"-0.080464154,-0.19341454,0.40517083,0.12082702,-0.02523184,0.8101317,0.038011696,-0.0139766075,0.52215254","-0.25296164,-0.79857457,0.9191117","-0.104620166,-0.30321446,0.5039117,0.035574403,-0.006015864,0.7286034,0.038011696,-0.0139766075,0.52215254",0.0
"-0.104620166,-0.30321446,0.5039117,0.035574403,-0.006015864,0.7286034,0.038011696,-0.0139766075,0.52215254","-0.006965935,-0.4862361,0.85829926","-0.10528536,-0.37006944,0.59611934,0.021713398,-0.0013349436,0.62984496,0.038011696,-0.0139766075,0.52215254",0.0
"-0.10528536,-0.37006944,0.59611934,0.021713398,-0.0013349436,0.62984496,0.038011696,-0.0139766075,0.52215254","0.17250359,-0.2482925,0.6893418","-0.08881253,-0.40420845,0.6701758,0.03659557,-0.004461987,0.54012966,0.038011696,-0.0139766075,0.52215254",0.0
"-0.08881253,-0.40420845,0.6701758,0.03659557,-0.004461987,0.54012966,0.038011696,-0.0139766075,0.52215254","-0.7674892,-0.03278148,0.12685955","-0.1621022,-0.40871578,0.6838044,0.038549624,-0.014895048,0.52261287,0.038011696,-0.0139766075,0.52215254",0.0
"0.0,0.0,0.0,2.8652207e-07,0.005789075,0.993462,-0.31625733,-0.49467835,0.5930222","-0.8193483,-0.18922108,-0.098579705","-0.07824182,-0.026016926,-0.010590477,-0.067604974,0.022929074,0.99049,-0.31625733,-0.49467835,0.5930222",0.0
"-0.07824182,-0.026016926,-0.010590477,-0.067604974,0.022929074,0.99049,-0.31625733,-0.49467835,0.5930222","-0.5999973,0.3464508,0.70414436","-0.1355372,0.021618271,0.065056205,0.12690601,-0.051201716,0.9782755,-0.31625733,-0.49467835,0.5930222",0.0
"-0.1355372,0.021618271,0.065056205,0.12690601,-0.051201716,0.9782755,-0.31625733,-0.49467835,0.5930222","-0.84956855,-0.22530544,0.58494747","-0.21666484,-0.009360078,0.1278975,0.12418733,-0.09311469,0.9619545,-0.31625733,-0.49467835,0.5930222",0.0
"-0.21666484,-0.009360078,0.1278975,0.12418733,-0.09311469,0.9619545,-0.31625733,-0.49467835,0.5930222","-0.9532698,-0.6524725,0.31317973","-0.3076952,-0.09907171,0.16154264,0.010675689,-0.0052755685,0.9652487,-0.31625733,-0.49467835,0.5930222",0.0
"-0.3076952,-0.09907171,0.16154264,0.010675689,-0.0052755685,0.9652487,-0.31625733,-0.49467835,0.5930222","-0.9372465,0.45652652,0.23786485","-0.39719543,-0.036301684,0.18709664,0.061141163,-0.16444172,0.9377091,-0.31625733,-0.49467835,0.5930222",0.0
"-0.39719543,-0.036301684,0.18709664,0.061141163,-0.16444172,0.9377091,-0.31625733,-0.49467835,0.5930222","-0.86417186,0.5040163,0.55115616","-0.47971758,0.032997947,0.24630773,0.029969288,-0.37880033,0.8382917,-0.31625733,-0.49467835,0.5930222",0.0
"-0.47971758,0.032997947,0.24630773,0.029969288,-0.37880033,0.8382917,-0.31625733,-0.49467835,0.5930222","-0.9655393,-0.36796582,0.42320025","-0.57191956,-0.01759547,0.29177248,-0.06859771,-0.32425943,0.8328803,-0.31625733,-0.49467835,0.5930222",0.0
"-0.57191956,-0.01759547,0.29177248,-0.06859771,-0.32425943,0.8328803,-0.31625733,-0.49467835,0.5930222","-0.9576045,0.4926746,0.08000624","-0.6633639,0.05014474,0.30036765,-0.22088036,-0.40369815,0.75715107,-0.31625733,-0.49467835,0.5930222",0.0
"-0.6633639,0.05014474,0.30036765,-0.22088036,-0.40369815,0.75715107,-0.31625733,-0.49467835,0.5930222","-0.5096189,0.35758996,0.49996185","-0.7120288,0.099311516,0.3540789,-0.34967402,-0.45427632,0.62126917,-0.31625733,-0.49467835,0.5930222",0.0
"-0.7120288,0.099311516,0.3540789,-0.34967402,-0.45427632,0.62126917,-0.31625733,-0.49467835,0.5930222","0.14208794,0.05213964,0.16298568","-0.6984604,0.10648046,0.37158856,-0.34055674,-0.48344594,0.5852587,-0.31625733,-0.49467835,0.5930222",0.0
"-0.6984604,0.10648046,0.37158856,-0.34055674,-0.48344594,0.5852587,-0.31625733,-0.49467835,0.5930222","0.2847867,0.0038762093,-0.062061667","-0.6712653,0.10701342,0.3649213,-0.2969851,-0.5089402,0.594404,-0.31625733,-0.49467835,0.5930222",0.0
"-0.6712653,0.10701342,0.3649213,-0.2969851,-0.5089402,0.594404,-0.31625733,-0.49467835,0.5930222","-0.03814864,-0.06456387,0.21453536","-0.6749082,0.09813623,0.38796902,-0.30134043,-0.5031407,0.57272345,-0.31625733,-0.49467835,0.5930222",0.0
"-0.6749082,0.09813623,0.38796902,-0.30134043,-0.5031407,0.57272345,-0.31625733,-0.49467835,0.5930222","-0.048998237,0.15988588,-0.17239559","-0.6795872,0.120119706,0.36944848,-0.32074648,-0.51768845,0.5684927,-0.31625733,-0.49467835,0.5930222",0.0
"-0.6795872,0.120119706,0.36944848,-0.32074648,-0.51768845,0.5684927,-0.31625733,-0.49467835,0.5930222","-0.1840657,-0.14166355,0.013753891","-0.6971641,0.100641705,0.3709261,-0.3337391,-0.4780322,0.5946067,-0.31625733,-0.49467835,0.5930222",0.0
"-0.6971641,0.100641705,0.3709261,-0.3337391,-0.4780322,0.5946067,-0.31625733,-0.49467835,0.5930222","0.008970737,0.013602614,0.06729829","-0.6963075,0.102512,0.37815607,-0.33568487,-0.48348972,0.5811641,-0.31625733,-0.49467835,0.5930222",0.0
"-0.6963075,0.102512,0.37815607,-0.33568487,-0.48348972,0.5811641,-0.31625733,-0.49467835,0.5930222","0.16332674,0.08419585,-0.16624856","-0.6807109,0.114088506,0.36029595,-0.31614912,-0.5064814,0.59102774,-0.31625733,-0.49467835,0.5930222",0.0
"0.0,0.0,0.0,2.8652207e-07,0.005789075,0.993462,0.044385966,0.6061403,0.6657879","0.95707214,0.79739356,0.752815","0.091393456,0.109637514,0.08087539,0.3257128,0.102212764,0.91836315,0.044385966,0.6061403,0.6657879",0.0
"0.091393456,0.109637514,0.08087539,0.3257128,0.102212764,0.91836315,0.044385966,0.6061403,0.6657879","0.9005475,0.16714859,0.69897914","0.1773892,0.1326196,0.15596718,0.39797366,0.25482836,0.82994753,0.044385966,0.6061403,0.6657879",0.0
"0.1773892,0.1326196,0.15596718,0.39797366,0.25482836,0.82994753,0.044385966,0.6061403,0.6657879","0.97018886,-0.52105975,0.7525976","0.27003518,0.060976565,0.23681924,0.2748662,0.32060036,0.8212992,0.044385966,0.6061403,0.6657879",0.0
"0.27003518,0.060976565,0.23681924,0.2748662,0.32060036,0.8212992,0.044385966,0.6061403,0.6657879","0.95521164,0.57470477,0.5185919","0.36125097,0.13999552,0.2925319,0.2477309,0.5455857,0.6512625,0.044385966,0.6061403,0.6657879",0.0
"0.36125097,0.13999552,0.2925319,0.2477309,0.5455857,0.6512625,0.044385966,0.6061403,0.6657879","0.88224554,-0.03547597,-0.36130464","0.44549903,0.13511775,0.25371677,0.09059689,0.55793244,0.71110344,0.044385966,0.6061403,0.6657879",0.0
"0.44549903,0.13511775,0.25371677,0.09059689,0.55793244,0.71110344,0.044385966,0.6061403,0.6657879","0.098719835,0.051411867,0.24740267","0.45492607,0.14218664,0.28029543,0.07821912,0.5897166,0.6651592,0.044385966,0.6061403,0.6657879",0.0
"0.45492607,0.14218664,0.28029543,0.07821912,0.5897166,0.6651592,0.044385966,0.6061403,0.6657879","0.50305104,-0.0127798915,0.0267936","0.5029638,0.14042948,0.28317392,-0.011321822,0.5939312,0.6637128,0.044385966,0.6061403,0.6657879",0.0
"0.5029638,0.14042948,0.28317392,-0.011321822,0.5939312,0.6637128,0.044385966,0.6061403,0.6657879","-0.46738863,0.14241636,-0.091943145","0.45833156,0.16001101,0.27329645,0.074848525,0.6128736,0.6485539,0.044385966,0.6061403,0.6657879",0.0
"0.45833156,0.16001101,0.27329645,0.074848525,0.6128736,0.6485539,0.044385966,0.6061403,0.6657879","0.35526347,-0.15182132,0.014044404","0.49225664,0.13913636,0.27480528,0.00847792,0.5865231,0.677121,0.044385966,0.6061403,0.6657879",0.0
"0.49225664,0.13913636,0.27480528,0.00847792,0.5865231,0.677121,0.044385966,0.6061403,0.6657879","-0.19832617,0.11688733,-0.016371489","0.47331795,0.15520777,0.27304655,0.045303836,0.6083658,0.65609336,0.044385966,0.6061403,0.6657879",0.0
"0.0,0.0,0.0,2.8652207e-07,0.005789075,0.993462,0.44935673,-0.47959062,0.51169205","-0.95129764,0.98067355,0.6812401","-0.090842016,0.13483757,0.07318604,0.36854258,-0.102096446,0.90167826,0.44935673,-0.47959062,0.51169205",0.0
"-0.090842016,0.13483757,0.07318604,0.36854258,-0.102096446,0.90167826,0.44935673,-0.47959062,0.51169205","-0.9861104,0.7299484,0.84332466","-0.1850084,0.23520175,0.16378494,0.5507956,-0.35490003,0.6790526,0.44935673,-0.47959062,0.51169205",0.0
"-0.1850084,0.23520175,0.16378494,0.5507956,-0.35490003,0.6790526,0.44935673,-0.47959062,0.51169205","-0.6149819,0.12699687,0.8137951","-0.24373472,0.2526632,0.25121146,0.53296924,-0.5043614,0.5274137,0.44935673,-0.47959062,0.51169205",0.0
"-0.24373472,0.2526632,0.25121146,0.53296924,-0.5043614,0.5274137,0.44935673,-0.47959062,0.51169205","-0.34747338,-0.5076031,0.40056443","-0.2769159,0.18287039,0.29424438,0.4310923,-0.5019641,0.5828187,0.44935673,-0.47959062,0.51169205",0.0
"-0.2769159,0.18287039,0.29424438,0.4310923,-0.5019641,0.5828187,0.44935673,-0.47959062,0.51169205","-0.001426518,-0.12141907,0.5971112","-0.27705213,0.16617592,0.35839248,0.43275154,-0.50437176,0.51367056,0.44935673,-0.47959062,0.51169205",0.0
"-0.27705213,0.16617592,0.35839248,0.43275154,-0.50437176,0.51367056,0.44935673,-0.47959062,0.51169205","-0.04834169,-0.012111306,0.08045673","-0.28166842,0.1645107,0.36703604,0.42559963,-0.5108484,0.5031402,0.44935673,-0.47959062,0.51169205",0.0
"-0.28166842,0.1645107,0.36703604,0.42559963,-0.5108484,0.5031402,0.44935673,-0.47959062,0.51169205","0.18263102,-0.056578636,0.07373285","-0.26422846,0.15673144,0.37495726,0.44793847,-0.48130986,0.50353134,0.44935673,-0.47959062,0.51169205",0.0
"0.0,0.0,0.0,2.8652207e-07,0.005789075,0.993462,0.44116962,-0.0057894737,0.60727465","-0.24522793,0.5636096,0.78545713","-0.023417484,0.07749342,0.084382154,0.27970397,-0.014809701,0.94042534,0.44116962,-0.0057894737,0.60727465",0.0
"-0.023417484,0.07749342,0.084382154,0.27970397,-0.014809701,0.94042534,0.44116962,-0.0057894737,0.60727465","0.017348886,0.20115805,0.96534944","-0.02176079,0.105151616,0.18809028,0.45423892,-0.0252993,0.8272207,0.44116962,-0.0057894737,0.60727465",0.0
"-0.02176079,0.105151616,0.18809028,0.45423892,-0.0252993,0.8272207,0.44116962,-0.0057894737,0.60727465","-0.06162876,-0.13669127,0.9489536","-0.027645888,0.086357266,0.29003698,0.51141816,-0.038718637,0.7274972,0.44116962,-0.0057894737,0.60727465",0.0
"-0.027645888,0.086357266,0.29003698,0.51141816,-0.038718637,0.7274972,0.44116962,-0.0057894737,0.60727465","0.17340267,-0.4174412,0.84616137","-0.011087191,0.028961249,0.38094068,0.48267084,-0.011026064,0.67340523,0.44116962,-0.0057894737,0.60727465",0.0
"-0.011087191,0.028961249,0.38094068,0.48267084,-0.011026064,0.67340523,0.44116962,-0.0057894737,0.60727465","-0.069508135,-0.32005298,0.60303926","-0.017724715,-0.015044393,0.4457256,0.4515404,-0.019371351,0.6305394,0.44116962,-0.0057894737,0.60727465",0.0
"-0.017724715,-0.015044393,0.4457256,0.4515404,-0.019371351,0.6305394,0.44116962,-0.0057894737,0.60727465","0.071422696,-0.06886184,0.1550889","-0.010904367,-0.02451255,0.46238694,0.44604263,-0.009493375,0.6164446,0.44116962,-0.0057894737,0.60727465",0.0
"0.0,0.0,0.0,2.8652207e-07,0.005789075,0.993462,0.012222223,0.21766081,0.47566882","0.9074218,0.78264225,0.94026566","0.086652204,0.10760928,0.10101333,0.3471525,0.1029204,0.90528446,0.012222223,0.21766081,0.47566882",0.0
"0.086652204,0.10760928,0.10101333,0.3471525,0.1029204,0.90528446,0.012222223,0.21766081,0.47566882","0.77844024,-0.7480386,0.98281336","0.1609876,0.0047578216,0.20659761,0.24405673,0.14177695,0.89976794,0.012222223,0.21766081,0.47566882",0.0
"0.1609876,0.0047578216,0.20659761,0.24405673,0.14177695,0.89976794,0.012222223,0.21766081,0.47566882","0.9691025,-0.8269872,0.9245752","0.25352985,-0.10894868,0.30592537,0.116659395,0.12755571,0.8749957,0.012222223,0.21766081,0.47566882",0.0
"0.25352985,-0.10894868,0.30592537,0.116659395,0.12755571,0.8749957,0.012222223,0.21766081,0.47566882","0.88745284,0.40819514,0.76080763","0.33827513,-0.052823972,0.38765943,0.16757186,0.3128389,0.74805933,0.012222223,0.21766081,0.47566882",0.0
"0.33827513,-0.052823972,0.38765943,0.16757186,0.3128389,0.74805933,0.012222223,0.21766081,0.47566882","0.8878622,-0.71418893,0.9678998","0.42305952,-0.1510213,0.4916416,0.059525054,0.26563445,0.68608826,0.012222223,0.21766081,0.47566882",0.0
"0.42305952,-0.1510213,0.4916416,0.059525054,0.26563445,0.68608826,0.012222223,0.21766081,0.47566882","0.6516684,-0.70255065,0.8793943","0.48528913,-0.2476184,0.58611554,0.003022723,0.19068025,0.6111127,0.012222223,0.21766081,0.47566882",0.0
"0.48528913,-0.2476184,0.58611554,0.003022723,0.19068025,0.6111127,0.012222223,0.21766081,0.47566882","0.20276558,-0.086159706,0.7541472","0.5046517,-0.25946495,0.66713405,-0.008950438,0.21620038,0.4995165,0.012222223,0.21766081,0.47566882",0.0
"0.5046517,-0.25946495,0.66713405,-0.008950438,0.21620038,0.4995165,0.012222223,0.21766081,0.47566882","-0.039685905,0.02365601,0.10292339","0.500862,-0.25621238,0.67819124,-0.006396772,0.2240463,0.48106828,0.012222223,0.21766081,0.47566882",0.0
"0.500862,-0.25621238,0.67819124,-0.006396772,0.2240463,0.48106828,0.012222223,0.21766081,0.47566882","0.049306273,0.010442257,0.04294634","0.5055704,-0.25477666,0.682805,-0.009764721,0.22705017,0.47326255,0.012222223,0.21766081,0.47566882",0.0
"0.5055704,-0.25477666,0.682805,-0.009764721,0.22705017,0.47326255,0.012222223,0.21766081,0.47566882","-0.24971068,0.028802037,-0.024672687","0.48172483,-0.25081655,0.68015444,0.007472223,0.23090929,0.47508806,0.012222223,0.21766081,0.47566882",0.0
"0.0,0.0,0.0,2.8652207e-07,0.005789075,0.993462,-0.021988304,0.06327485,0.37832105","-0.8581699,-0.755222,0.96165335","-0.081949,-0.10383917,0.10331106,-0.07594518,0.025982399,0.9782721,-0.021988304,0.06327485,0.37832105",0.0
"-0.081949,-0.10383917,0.10331106,-0.07594518,0.025982399,0.9782721,-0.021988304,0.06327485,0.37832105","-0.89202654,-0.5497224,0.9662061","-0.1671311,-0.1794232,0.20711122,-0.07986734,0.05295732,0.9419344,-0.021988304,0.06327485,0.37832105",0.0
"-0.1671311,-0.1794232,0.20711122,-0.07986734,0.05295732,0.9419344,-0.021988304,0.06327485,0.37832105","-0.5683204,-0.746346,0.9781773","-0.22140156,-0.28204197,0.3121975,-0.117931865,0.10598091,0.8738395,-0.021988304,0.06327485,0.37832105",0.0
"-0.22140156,-0.28204197,0.3121975,-0.117931865,0.10598091,0.8738395,-0.021988304,0.06327485,0.37832105","-0.7981664,-0.25610304,0.7770591","-0.29762065,-0.31725487,0.39567757,-0.063537695,0.09584087,0.81937355,-0.021988304,0.06327485,0.37832105",0.0
"-0.29762065,-0.31725487,0.39567757,-0.063537695,0.09584087,0.81937355,-0.021988304,0.06327485,0.37832105","-0.6736373,-0.20952034,0.970381","-0.36194813,-0.3460629,0.49992627,-0.011420357,0.038436566,0.73237085,-0.021988304,0.06327485,0.37832105",0.0
"-0.36194813,-0.3460629,0.49992627,-0.011420357,0.038436566,0.73237085,-0.021988304,0.06327485,0.37832105","-0.109428585,-0.16078079,0.9848833","-0.37239778,-0.36816946,0.605733,0.017953465,-0.02752526,0.6182257,-0.021988304,0.06327485,0.37832105",0.0
"-0.37239778,-0.36816946,0.605733,0.017953465,-0.02752526,0.6182257,-0.021988304,0.06327485,0.37832105","0.070604205,-0.9067198,0.9141321","-0.3656556,-0.49283883,0.70393884,-0.013585611,0.044388045,0.49633995,-0.021988304,0.06327485,0.37832105",0.0
"-0.3656556,-0.49283883,0.70393884,-0.013585611,0.044388045,0.49633995,-0.021988304,0.06327485,0.37832105","0.16750836,-0.675866,0.8402492","-0.34965974,-0.5857669,0.7942074,-0.026431344,0.064463474,0.3712427,-0.021988304,0.06327485,0.37832105",0.0
"0.0,0.0,0.0,2.8652207e-07,0.005789075,0.993462,0.295731,-0.6597661,0.53209","-0.9209684,0.9687896,0.5264276","-0.0879458,0.13320358,0.05655444,0.34642678,-0.09220921,0.9149937,0.295731,-0.6597661,0.53209",0.0
"-0.0879458,0.13320358,0.05655444,0.34642678,-0.09220921,0.9149937,0.295731,-0.6597661,0.53209","-0.81462145,0.8534223,0.7062113","-0.16573624,0.2505448,0.13242316,0.5698707,-0.32012483,0.6941861,0.295731,-0.6597661,0.53209",0.0
"-0.16573624,0.2505448,0.13242316,0.5698707,-0.32012483,0.6941861,0.295731,-0.6597661,0.53209","-0.8652364,0.34573102,0.5783893","-0.24836002,0.29808104,0.19455989,0.5471287,-0.533376,0.5275343,0.295731,-0.6597661,0.53209",0.0
"-0.24836002,0.29808104,0.19455989,0.5471287,-0.533376,0.5275343,0.295731,-0.6597661,0.53209","-0.8253304,-0.07188994,0.15522528","-0.32717308,0.28819656,0.21123584,0.39761016,-0.6476938,0.52158993,0.295731,-0.6597661,0.53209",0.0
"-0.32717308,0.28819656,0.21123584,0.39761016,-0.6476938,0.52158993,0.295731,-0.6597661,0.53209","-0.25631863,-0.27582276,0.1935327","-0.35164964,0.2502724,0.23202719,0.32941276,-0.6419979,0.559811,0.295731,-0.6597661,0.53209",0.0
"-0.35164964,0.2502724,0.23202719,0.32941276,-0.6419979,0.559811,0.295731,-0.6597661,0.53209","0.010495901,-0.076393664,0.30580282","-0.35064736,0.23976868,0.2648798,0.3322494,-0.64256805,0.5300315,0.295731,-0.6597661,0.53209",0.0
"-0.35064736,0.23976868,0.2648798,0.3322494,-0.64256805,0.5300315,0.295731,-0.6597661,0.53209","-0.11766535,-0.0034421086,0.115172505","-0.36188355,0.23929542,0.27725285,0.31120133,-0.6578585,0.51236904,0.295731,-0.6597661,0.53209",0.0
"-0.36188355,0.23929542,0.27725285,0.31120133,-0.6578585,0.51236904,0.295731,-0.6597661,0.53209","-0.12923717,-0.028681397,-0.020944118","-0.37422478,0.23535192,0.27500287,0.28324914,-0.6641059,0.522715,0.295731,-0.6597661,0.53209",0.0
"0.0,0.0,0.0,2.8652207e-07,0.005789075,0.993462,0.62731,0.34608185,0.42487016","0.4560728,0.94725573,0.95844007","0.043551646,0.13024278,0.102965824,0.4044662,0.06153135,0.88241464,0.62731,0.34608185,0.42487016",0.0
"0.043551646,0.13024278,0.102965824,0.4044662,0.06153135,0.88241464,0.62731,0.34608185,0.42487016","0.8262911,0.8835988,0.9679029","0.12245645,0.2517331,0.20694825,0.6555351,0.2716609,0.5931535,0.62731,0.34608185,0.42487016",0.0
"0.12245645,0.2517331,0.20694825,0.6555351,0.2716609,0.5931535,0.62731,0.34608185,0.42487016","0.29129517,0.05258906,0.74159384","0.15027303,0.25896382,0.28661814,0.66896534,0.3480791,0.46261424,0.62731,0.34608185,0.42487016",0.0
"0.15027303,0.25896382,0.28661814,0.66896534,0.3480791,0.46261424,0.62731,0.34608185,0.42487016","0.053460956,-0.23616654,0.34962058","0.15537816,0.22649217,0.32417813,0.63943136,0.34609035,0.46369553,0.62731,0.34608185,0.42487016",0.0
"0.15537816,0.22649217,0.32417813,0.63943136,0.34609035,0.46369553,0.62731,0.34608185,0.42487016","-0.06479603,-0.11211479,0.2610246","0.1491906,0.21107699,0.35222018,0.63582605,0.3284255,0.44753957,0.62731,0.34608185,0.42487016",0.0
"0.1491906,0.21107699,0.35222018,0.63582605,0.3284255,0.44753957,0.62731,0.34608185,0.42487016","-0.028678834,-0.029055536,0.04929304","0.14645198,0.207082,0.35751578,0.63549876,0.32139233,0.4462929,0.62731,0.34608185,0.42487016",0.0
"0.14645198,0.207082,0.35751578,0.63549876,0.32139233,0.4462929,0.62731,0.34608185,0.42487016","0.01662755,0.053411126,-0.049325824","0.14803979,0.21442577,0.35221672,0.640295,0.32777327,0.4416842,0.62731,0.34608185,0.42487016",0.0
"0.14803979,0.21442577,0.35221672,0.640295,0.32777327,0.4416842,0.62731,0.34608185,0.42487016","0.090797186,-0.038561642,-0.020865023","0.15671027,0.20912376,0.3499752,0.62561625,0.34213284,0.45441663,0.62731,0.34608185,0.42487016",0.0
"0.15671027,0.20912376,0.3499752,0.62561625,0.34213284,0.45441663,0.62731,0.34608185,0.42487016","-0.010823131,-0.0059756637,0.029196024","0.15567674,0.20830216,0.35311174,0.62643117,0.3399444,0.45099303,0.62731,0.34608185,0.42487016",0.0
"0.15567674,0.20830216,0.35311174,0.62643117,0.3399444,0.45099303,0.62731,0.34608185,0.42487016","-0.07413602,-0.0085814,0.04634595","0.14859727,0.20712228,0.35809076,0.63344353,0.3257312,0.44533193,0.62731,0.34608185,0.42487016",0.0
"0.14859727,0.20712228,0.35809076,0.63344353,0.3257312,0.44533193,0.62731,0.34608185,0.42487016","-0.0009370446,0.04545915,0.04905057","0.14850779,0.21337269,0.36336035,0.6402552,0.32893735,0.4262345,0.62731,0.34608185,0.42487016",0.0
"0.14850779,0.21337269,0.36336035,0.6402552,0.32893735,0.4262345,0.62731,0.34608185,0.42487016","-0.032978058,-0.048386693,-0.07209855","0.14535862,0.20671979,0.35561475,0.6359461,0.31888667,0.44986644,0.62731,0.34608185,0.42487016",0.0
"0.14535862,0.20671979,0.35561475,0.6359461,0.31888667,0.44986644,0.62731,0.34608185,0.42487016","0.16672993,-0.024369836,0.01640749","0.16128013,0.20336907,0.35737744,0.61622584,0.34862936,0.45293808,0.62731,0.34608185,0.42487016",0.0
"0.16128013,0.20336907,0.35737744,0.61622584,0.34862936,0.45293808,0.62731,0.34608185,0.42487016","-0.14039022,-0.023572803,0.02817285","0.14787388,0.20012794,0.3604041,0.6276109,0.32099733,0.45383778,0.62731,0.34608185,0.42487016",0.0
"0.14787388,0.20012794,0.3604041,0.6276109,0.32099733,0.45383778,0.62731,0.34608185,0.42487016","-0.04541868,-0.017448127,-0.018431962","0.14353673,0.19772892,0.35842398,0.62917125,0.31108248,0.46101755,0.62731,0.34608185,0.42487016",0.0
"0.14353673,0.19772892,0.35842398,0.62917125,0.31108248,0.46101755,0.62731,0.34608185,0.42487016","0.13574028,0.03582585,-0.0075908303","0.15649894,0.20265481,0.3576085,0.62072724,0.3389778,0.4538136,0.62731,0.34608185,0.42487016",0.0
"0.15649894,0.20265481,0.3576085,0.62072724,0.3389778,0.4538136,0.62731,0.34608185,0.42487016","-0.06654692,0.011888504,0.03625083","0.15014419,0.20428944,0.361503,0.62957627,0.32764405,0.4449553,0.62731,0.34608185,0.42487016",0.0
"0.15014419,0.20428944,0.361503,0.62957627,0.32764405,0.4449553,0.62731,0.34608185,0.42487016","0.08323026,0.03558016,-0.022087872","0.15809207,0.20918155,0.35913014,0.62557477,0.3456316,0.4401366,0.62731,0.34608185,0.42487016",0.0
"0.0,0.0,0.0,2.8652207e-07,0.005789075,0.993462,-0.57163745,-0.0057894737,0.6989999","-0.048241794,-0.9514719,-0.30868846","-0.004606749,-0.1308225,-0.033162583,-0.32357913,0.010473099,0.9316376,-0.57163745,-0.0057894737,0.6989999",0.0
"-0.004606749,-0.1308225,-0.033162583,-0.32357913,0.010473099,0.9316376,-0.57163745,-0.0057894737,0.6989999","-0.2705899,-0.8709426,0.14288044","-0.030446123,-0.25057265,-0.01781282,-0.5347555,0.057121407,0.816412,-0.57163745,-0.0057894737,0.6989999",0.0
"-0.030446123,-0.25057265,-0.01781282,-0.5347555,0.057121407,0.816412,-0.57163745,-0.0057894737,0.6989999","-0.03196138,-0.5272214,0.8107476","-0.03349821,-0.3230629,0.06928635,-0.5611559,0.06509507,0.7902866,-0.57163745,-0.0057894737,0.6989999",0.0
"-0.03349821,-0.3230629,0.06928635,-0.5611559,0.06509507,0.7902866,-0.57163745,-0.0057894737,0.6989999","-0.037071943,-0.23289096,0.7023004","-0.037038315,-0.35508427,0.144735,-0.52252704,0.06690532,0.79784316,-0.57163745,-0.0057894737,0.6989999",0.0
"-0.037038315,-0.35508427,0.144735,-0.52252704,0.06690532,0.79784316,-0.57163745,-0.0057894737,0.6989999","0.48003864,-0.34541702,0.6122613","0.008801888,-0.4025774,0.21051066,-0.52354354,-0.008689219,0.77027047,-0.57163745,-0.0057894737,0.6989999",0.0
"0.008801888,-0.4025774,0.21051066,-0.52354354,-0.008689219,0.77027047,-0.57163745,-0.0057894737,0.6989999","0.046341777,-0.44231462,0.305017","0.013227189,-0.46339342,0.24327888,-0.58132076,-0.018376011,0.70386326,-0.57163745,-0.0057894737,0.6989999",0.0
"0.0,0.0,0.0,2.8652207e-07,0.005789075,0.993462,-0.27982458,-0.43888888,0.79726297","-0.9796122,-0.08667624,0.31368423","-0.093545854,-0.011917543,0.033699304,0.021946266,-0.0005935019,0.99197954,-0.27982458,-0.43888888,0.79726297",0.0
"-0.093545854,-0.011917543,0.033699304,0.021946266,-0.0005935019,0.99197954,-0.27982458,-0.43888888,0.79726297","-0.71541905,-0.18853074,0.73002195","-0.1618632,-0.037839565,0.11212606,0.06702301,-0.030731108,0.9767902,-0.27982458,-0.43888888,0.79726297",0.0
"-0.1618632,-0.037839565,0.11212606,0.06702301,-0.030731108,0.9767902,-0.27982458,-0.43888888,0.79726297","-0.74595284,-0.083420396,-0.37291622","-0.2330963,-0.04930946,0.072063476,-0.0008190503,0.008521168,0.9878185,-0.27982458,-0.43888888,0.79726297",0.0
"-0.2330963,-0.04930946,0.072063476,-0.0008190503,0.008521168,0.9878185,-0.27982458,-0.43888888,0.79726297","-0.815262,0.2955861,-0.15565848","-0.3109479,-0.008667899,0.05534101,0.037401747,-0.045044377,0.98823,-0.27982458,-0.43888888,0.79726297",0.0
"-0.3109479,-0.008667899,0.05534101,0.037401747,-0.045044377,0.98823,-0.27982458,-0.43888888,0.79726297","-0.5543581,0.60853136,0.57065964","-0.36388507,0.07500203,0.11664735,0.13612603,-0.28473416,0.92046934,-0.27982458,-0.43888888,0.79726297",0.0
"-0.36388507,0.07500203,0.11664735,0.13612603,-0.28473416,0.92046934,-0.27982458,-0.43888888,0.79726297","-0.8589845,-0.09635633,-0.28407443","-0.44591185,0.06175353,0.08612907,0.047919985,-0.24506128,0.9495579,-0.27982458,-0.43888888,0.79726297",0.0
"-0.44591185,0.06175353,0.08612907,0.047919985,-0.24506128,0.9495579,-0.27982458,-0.43888888,0.79726297","-0.91402483,0.27003145,0.33263826","-0.5331946,0.09888147,0.121864624,-0.032728538,-0.36830223,0.8964402,-0.27982458,-0.43888888,0.79726297",0.0
"-0.5331946,0.09888147,0.121864624,-0.032728538,-0.36830223,0.8964402,-0.27982458,-0.43888888,0.79726297","-0.6362002,0.36805797,-0.19347888","-0.59394705,0.14948756,0.101079084,-0.12364812,-0.4266031,0.8640246,-0.27982458,-0.43888888,0.79726297",0.0
"-0.59394705,0.14948756,0.101079084,-0.12364812,-0.4266031,0.8640246,-0.27982458,-0.43888888,0.79726297","-0.9142479,0.098620534,0.5759486","-0.6812511,0.16304739,0.16295362,-0.28331402,-0.45330992,0.78498167,-0.27982458,-0.43888888,0.79726297",0.0
"-0.6812511,0.16304739,0.16295362,-0.28331402,-0.45330992,0.78498167,-0.27982458,-0.43888888,0.79726297","-0.26091325,-0.16840792,0.22940636","-0.70616645,0.13989218,0.1875989,-0.30741316,-0.4159166,0.7865593,-0.27982458,-0.43888888,0.79726297",0.0
"-0.70616645,0.13989218,0.1875989,-0.30741316,-0.4159166,0.7865593,-0.27982458,-0.43888888,0.79726297","0.015756607,-0.054516554,0.18890214","-0.70466185,0.13239643,0.2078928,-0.30879286,-0.42183578,0.7722856,-0.27982458,-0.43888888,0.79726297",0.0
"-0.70466185,0.13239643,0.2078928,-0.30879286,-0.42183578,0.7722856,-0.27982458,-0.43888888,0.79726297","0.16988862,0.017275333,-0.08417499","-0.6884387,0.13477169,0.19884984,-0.2846145,-0.4336182,0.7799602,-0.27982458,-0.43888888,0.79726297",0.0
"0.0,0.0,0.0,2.8652207e-07,0.005789075,0.993462,0.14812866,-0.01883041,0.6313337","0.119360566,-0.26580554,0.96958256","0.011398057,-0.03654691,0.1041629,0.06517231,0.008127526,0.97929394,0.14812866,-0.01883041,0.6313337",0.0
"0.011398057,-0.03654691,0.1041629,0.06517231,0.008127526,0.97929394,0.14812866,-0.01883041,0.6313337","-0.05957699,-0.2580223,0.9577936","0.005708875,-0.072023675,0.20705932,0.12690586,0.008066357,0.93783015,0.14812866,-0.01883041,0.6313337",0.0
"0.005708875,-0.072023675,0.20705932,0.12690586,0.008066357,0.93783015,0.14812866,-0.01883041,0.6313337","-0.4234861,0.06913221,0.9123523","-0.034730982,-0.06251837,0.30507398,0.2598837,-0.022645378,0.8512449,0.14812866,-0.01883041,0.6313337",0.0
"-0.034730982,-0.06251837,0.30507398,0.2598837,-0.022645378,0.8512449,0.14812866,-0.01883041,0.6313337","-0.1035673,-0.6454704,0.868217","-0.04462092,-0.15126726,0.39834717,0.19124158,-0.021138778,0.8011318,0.14812866,-0.01883041,0.6313337",0.0
"-0.04462092,-0.15126726,0.39834717,0.19124158,-0.021138778,0.8011318,0.14812866,-0.01883041,0.6313337","0.008044004,-0.38425958,0.8725941","-0.043852784,-0.204101,0.49209058,0.18662117,-0.020029658,0.7153006,0.14812866,-0.01883041,0.6313337",0.0
"-0.043852784,-0.204101,0.49209058,0.18662117,-0.020029658,0.7153006,0.14812866,-0.01883041,0.6313337","0.07694185,-0.4086452,0.5635798","-0.03650541,-0.26028764,0.5526364,0.14783414,-0.0112016685,0.6612952,0.14812866,-0.01883041,0.6313337",0.0
"-0.03650541,-0.26028764,0.5526364,0.14783414,-0.0112016685,0.6612952,0.14812866,-0.01883041,0.6313337","-0.0019310117,-0.06127423,0.2241056","-0.036689814,-0.26871255,0.57671225,0.15337883,-0.011929992,0.63278335,0.14812866,-0.01883041,0.6313337",0.0
"0.0,0.0,0.0,2.8652207e-07,0.005789075,0.993462,0.06678363,-0.0057894737,0.37832105","-0.19206947,-0.79343426,0.90978277","-0.018341254,-0.10909315,0.097738564,-0.0985687,0.01148465,0.9775452,0.06678363,-0.0057894737,0.37832105",0.0
"-0.018341254,-0.10909315,0.097738564,-0.0985687,0.01148465,0.9775452,0.06678363,-0.0057894737,0.37832105","-0.28637958,-0.5984065,0.98862314","-0.045688443,-0.191371,0.20394704,-0.12258727,0.023566568,0.9395562,0.06678363,-0.0057894737,0.37832105",0.0
"-0.045688443,-0.191371,0.20394704,-0.12258727,0.023566568,0.9395562,0.06678363,-0.0057894737,0.37832105","-0.08169222,-0.4558586,0.93867946","-0.05348947,-0.25404927,0.30479002,-0.11128934,0.024751233,0.88629854,0.06678363,-0.0057894737,0.37832105",0.0
"-0.05348947,-0.25404927,0.30479002,-0.11128934,0.024751233,0.88629854,0.06678363,-0.0057894737,0.37832105","-0.13832569,0.1271882,0.98443484","-0.06669857,-0.23656157,0.41054857,0.050904896,-0.0049067736,0.81408304,0.06678363,-0.0057894737,0.37832105",0.0
"-0.06669857,-0.23656157,0.41054857,0.050904896,-0.0049067736,0.81408304,0.06678363,-0.0057894737,0.37832105","0.23174405,-0.29632688,0.84502363","-0.04456871,-0.277305,0.5013301,0.07589097,-0.004849609,0.7278883,0.06678363,-0.0057894737,0.37832105",0.0
"-0.04456871,-0.277305,0.5013301,0.07589097,-0.004849609,0.7278883,0.06678363,-0.0057894737,0.37832105","-0.114184976,0.07717097,0.80897164","-0.055472557,-0.26669443,0.5882385,0.16327846,-0.022868289,0.61646134,0.06678363,-0.0057894737,0.37832105",0.0
"-0.055472557,-0.26669443,0.5882385,0.16327846,-0.022868289,0.61646134,0.06678363,-0.0057894737,0.37832105","0.1817745,-0.5481467,0.9297354","-0.038114417,-0.34206182,0.6881206,0.1256706,-0.00928914,0.5030196,0.06678363,-0.0057894737,0.37832105",0.0
"-0.038114417,-0.34206182,0.6881206,0.1256706,-0.00928914,0.5030196,0.06678363,-0.0057894737,0.37832105","-0.1526159,-0.59585196,0.85352576","-0.052688133,-0.42398843,0.7798155,0.08007808,-0.007507854,0.38938695,0.06678363,-0.0057894737,0.37832105",0.0
"0.0,0.0,0.0,2.8652207e-07,0.005789075,0.993462,0.38169593,-0.19999999,0.47972226","-0.78866017,0.47507882,0.9314085","-0.07531132,0.06532089,0.10006181,0.26865527,-0.05882141,0.9388346,0.38169593,-0.19999999,0.47972226",0.0
"-0.07531132,0.06532089,0.10006181,0.26865527,-0.05882141,0.9388346,0.38169593,-0.19999999,0.47972226","-0.35312688,0.2984749,0.9437208","-0.10903237,0.10635965,0.20144634,0.44505715,-0.15255797,0.81127554,0.38169593,-0.19999999,0.47972226",0.0
"-0.10903237,0.10635965,0.20144634,0.44505715,-0.15255797,0.81127554,0.38169593,-0.19999999,0.47972226","-0.21170056,0.01997006,0.9161191","-0.12924825,0.10910543,0.29986563,0.5134696,-0.21445882,0.68461394,0.38169593,-0.19999999,0.47972226",0.0
"-0.12924825,0.10910543,0.29986563,0.5134696,-0.21445882,0.68461394,0.38169593,-0.19999999,0.47972226","0.116853476,-0.28558517,0.86051035","-0.11808958,0.06983894,0.39231083,0.5139086,-0.19369969,0.6054471,0.38169593,-0.19999999,0.47972226",0.0
"-0.11808958,0.06983894,0.39231083,0.5139086,-0.19369969,0.6054471,0.38169593,-0.19999999,0.47972226","-0.4366715,-0.637615,0.64833176","-0.15978855,-0.017829847,0.46196154,0.40204555,-0.2140752,0.60972524,0.38169593,-0.19999999,0.47972226",0.0
"-0.15978855,-0.017829847,0.46196154,0.40204555,-0.2140752,0.60972524,0.38169593,-0.19999999,0.47972226","0.120737195,-0.33033675,0.7322594","-0.14825903,-0.06324945,0.5406287,0.3797761,-0.18441725,0.5397851,0.38169593,-0.19999999,0.47972226",0.0
"-0.14825903,-0.06324945,0.5406287,0.3797761,-0.18441725,0.5397851,0.38169593,-0.19999999,0.47972226","-0.027922451,0.03170514,0.39858174","-0.15092541,-0.058890164,0.5834486,0.39006028,-0.1936696,0.46902764,0.38169593,-0.19999999,0.47972226",0.0
"0.0,0.0,0.0,2.8652207e-07,0.005789075,0.993462,-0.5116959,-0.0057894737,0.66238827","-0.20339847,-0.9756316,-0.7451139","-0.019423082,-0.13414432,-0.080048054,-0.38829818,0.029523099,0.8971265,-0.5116959,-0.0057894737,0.66238827",0.0
"-0.019423082,-0.13414432,-0.080048054,-0.38829818,0.029523099,0.8971265,-0.5116959,-0.0057894737,0.66238827","-0.0022805333,-0.85685337,0.5809026","-0.019640863,-0.25195727,-0.017641302,-0.53870654,0.03908259,0.81474245,-0.5116959,-0.0057894737,0.66238827",0.0
"-0.019640863,-0.25195727,-0.017641302,-0.53870654,0.03908259,0.81474245,-0.5116959,-0.0057894737,0.66238827","-0.5044349,-0.32697016,0.92133975","-0.06781074,-0.29691404,0.08133885,-0.48981977,0.1118791,0.8327912,-0.5116959,-0.0057894737,0.66238827",0.0
"-0.06781074,-0.29691404,0.08133885,-0.48981977,0.1118791,0.8327912,-0.5116959,-0.0057894737,0.66238827","0.34752274,-0.63869727,0.958853","-0.03462484,-0.38473168,0.18434909,-0.52352846,0.06299718,0.7807819,-0.5116959,-0.0057894737,0.66238827",0.0
"-0.03462484,-0.38473168,0.18434909,-0.52352846,0.06299718,0.7807819,-0.5116959,-0.0057894737,0.66238827","0.35145342,-0.49656194,0.474069","-0.0010635939,-0.45300645,0.23527867,-0.5753542,0.007711718,0.7144551,-0.5116959,-0.0057894737,0.66238827",0.0
"-0.0010635939,-0.45300645,0.23527867,-0.5753542,0.007711718,0.7144551,-0.5116959,-0.0057894737,0.66238827","0.08694565,-0.10774982,0.7180922","0.007239082,-0.46782154,0.31242383,-0.49514216,-0.005471794,0.7236655,-0.5116959,-0.0057894737,0.66238827",0.0
"0.007239082,-0.46782154,0.31242383,-0.49514216,-0.005471794,0.7236655,-0.5116959,-0.0057894737,0.66238827","-0.05847478,-0.24292171,0.38249195","0.0016551622,-0.501222,0.35351524,-0.49208754,0.0032304006,0.6915801,-0.5116959,-0.0057894737,0.66238827",0.0
"0.0016551622,-0.501222,0.35351524,-0.49208754,0.0032304006,0.6915801,-0.5116959,-0.0057894737,0.66238827","0.13297701,-0.1333772,0.14586234","0.014353499,-0.5195608,0.3691854,-0.49868292,-0.016707346,0.6719649,-0.5116959,-0.0057894737,0.66238827",0.0
"0.014353499,-0.5195608,0.3691854,-0.49868292,-0.016707346,0.6719649,-0.5116959,-0.0057894737,0.66238827","0.028121471,-0.0009716749,-0.04749328","0.017038893,-0.51969445,0.36408323,-0.5058007,-0.02130341,0.6709271,-0.5116959,-0.0057894737,0.66238827",0.0
"0.017038893,-0.51969445,0.36408323,-0.5058007,-0.02130341,0.6709271,-0.5116959,-0.0057894737,0.66238827","-0.08403027,-0.00059622526,-0.021303117","0.009014609,-0.5197764,0.3617947,-0.5094736,-0.008640708,0.67039627,-0.5116959,-0.0057894737,0.66238827",0.0
"0.0,0.0,0.0,2.8652207e-07,0.005789075,0.993462,-0.12169591,-0.26304093,0.43591902","-0.98341924,-0.111894846,0.9028685","-0.093909405,-0.015384976,0.096995756,0.09827309,-0.023814145,0.9774871,-0.12169591,-0.26304093,0.43591902",0.0
"-0.093909405,-0.015384976,0.096995756,0.09827309,-0.023814145,0.9774871,-0.12169591,-0.26304093,0.43591902","-0.70394385,0.060701728,0.9666203","-0.16113093,-0.007038816,0.20084041,0.22305422,-0.1170401,0.9122741,-0.12169591,-0.26304093,0.43591902",0.0
"-0.16113093,-0.007038816,0.20084041,0.22305422,-0.1170401,0.9122741,-0.12169591,-0.26304093,0.43591902","-0.93032277,-0.6092566,0.9186487","-0.24997003,-0.09080849,0.29953146,0.14598686,-0.13777344,0.8725934,-0.12169591,-0.26304093,0.43591902",0.0
"-0.24997003,-0.09080849,0.29953146,0.14598686,-0.13777344,0.8725934,-0.12169591,-0.26304093,0.43591902","-0.9301337,-0.008936107,0.7981508","-0.33879104,-0.09203718,0.3852774,0.14341958,-0.24661477,0.78165364,-0.12169591,-0.26304093,0.43591902",0.0
"-0.33879104,-0.09203718,0.3852774,0.14341958,-0.24661477,0.78165364,-0.12169591,-0.26304093,0.43591902","-0.84104955,-0.34944737,0.8481691","-0.4191052,-0.14008442,0.47639677,0.075640686,-0.2681763,0.6991916,-0.12169591,-0.26304093,0.43591902",0.0
"-0.4191052,-0.14008442,0.47639677,0.075640686,-0.2681763,0.6991916,-0.12169591,-0.26304093,0.43591902","-0.97333235,-0.08864272,0.8363669","-0.51205134,-0.15227236,0.56624824,-0.006069546,-0.31315562,0.5810561,-0.12169591,-0.26304093,0.43591902",0.0
"-0.51205134,-0.15227236,0.56624824,-0.006069546,-0.31315562,0.5810561,-0.12169591,-0.26304093,0.43591902","-0.6201767,-0.14776051,0.73223376","-0.57127374,-0.17258868,0.6449126,-0.06384184,-0.30640486,0.4773416,-0.12169591,-0.26304093,0.43591902",0.0
"-0.57127374,-0.17258868,0.6449126,-0.06384184,-0.30640486,0.4773416,-0.12169591,-0.26304093,0.43591902","-0.6414535,-0.16542482,0.423517","-0.63252795,-0.19533375,0.6904113,-0.11381783,-0.27170154,0.42361218,-0.12169591,-0.26304093,0.43591902",0.0
"0.0,0.0,0.0,2.8652207e-07,0.005789075,0.993462,0.8249123,0.14350876,0.42970812","-0.29989487,0.9437126,-0.9965723","-0.028637769,0.12975565,-0.10706243,0.13010488,-0.0059243357,0.9713991,0.8249123,0.14350876,0.42970812",0.0
"-0.028637769,0.12975565,-0.10706243,0.13010488,-0.0059243357,0.9713991,0.8249123,0.14350876,0.42970812","0.090216875,0.98320127,0.98066986","-0.020022707,0.26494077,-0.0017084937,0.54050916,-0.028244143,0.8143258,0.8249123,0.14350876,0.42970812",0.0
"-0.020022707,0.26494077,-0.0017084937,0.54050916,-0.028244143,0.8143258,0.8249123,0.14350876,0.42970812","0.4177047,0.7664521,0.84901273","0.019865064,0.37032402,0.08950145,0.79099864,0.055229407,0.53801465,0.8249123,0.14350876,0.42970812",0.0
"0.019865064,0.37032402,0.08950145,0.79099864,0.055229407,0.53801465,0.8249123,0.14350876,0.42970812","0.36326766,0.20921183,0.63808787","0.054554496,0.3990896,0.15805161,0.847701,0.15260094,0.3809221,0.8249123,0.14350876,0.42970812",0.0
"0.054554496,0.3990896,0.15805161,0.847701,0.15260094,0.3809221,0.8249123,0.14350876,0.42970812","-0.1639294,-0.14377677,-0.021045923","0.038900428,0.37932107,0.15579061,0.8333434,0.108185075,0.42534494,0.8249123,0.14350876,0.42970812",0.0
"0.038900428,0.37932107,0.15579061,0.8333434,0.108185075,0.42534494,0.8249123,0.14350876,0.42970812","-0.041202784,-0.075624466,0.07550931","0.034965865,0.36892313,0.16390263,0.8269797,0.09703406,0.43449485,0.8249123,0.14350876,0.42970812",0.0
"0.034965865,0.36892313,0.16390263,0.8269797,0.09703406,0.43449485,0.8249123,0.14350876,0.42970812","0.06267679,-0.07336271,0.105321765","0.040951047,0.35883617,0.1752174,0.81886846,0.11177132,0.43805048,0.8249123,0.14350876,0.42970812",0.0
"0.040951047,0.35883617,0.1752174,0.81886846,0.11177132,0.43805048,0.8249123,0.14350876,0.42970812","0.16269732,-0.040798724,0.052300096","0.056487467,0.35322657,0.18083604,0.8086909,0.15091829,0.4409463,0.8249123,0.14350876,0.42970812",0.0
"0.056487467,0.35322657,0.18083604,0.8086909,0.15091829,0.4409463,0.8249123,0.14350876,0.42970812","-0.31579596,-0.026638985,0.075368404","0.026331248,0.34956387,0.18893291,0.81857413,0.07367824,0.43617377,0.8249123,0.14350876,0.42970812",0.0
"0.026331248,0.34956387,0.18893291,0.81857413,0.07367824,0.43617377,0.8249123,0.14350876,0.42970812","0.15135634,0.026722074,-0.015477598","0.040784687,0.35323808,0.18727015,0.81767595,0.11118204,0.43128863,0.8249123,0.14350876,0.42970812",0.0
"0.040784687,0.35323808,0.18727015,0.81767595,0.11118204,0.43128863,0.8249123,0.14350876,0.42970812","0.07047129,0.04003942,-0.026264548","0.047514185,0.3587433,0.18444853,0.8198842,0.12915573,0.42441377,0.8249123,0.14350876,0.42970812",0.0
"0.0,0.0,0.0,2.8652207e-07,0.005789075,0.993462,-0.1963158,0.1454386,0.8102732","-0.73306274,-0.90023655,0.64547145","-0.07000218,-0.12377791,0.06934343,-0.16465934,0.042738985,0.97180533,-0.1963158,0.1454386,0.8102732",0.0
"-0.07000218,-0.12377791,0.06934343,-0.16465934,0.042738985,0.97180533,-0.1963158,0.1454386,0.8102732","-0.44315207,-0.66274476,0.64891315","-0.11232,-0.21490194,0.13905664,-0.24531402,0.09651292,0.9320222,-0.1963158,0.1454386,0.8102732",0.0
"-0.11232,-0.21490194,0.13905664,-0.24531402,0.09651292,0.9320222,-0.1963158,0.1454386,0.8102732","-0.47835225,-0.4704879,0.9070482","-0.15799917,-0.27959165,0.23650146,-0.22403304,0.1279197,0.8931054,-0.1963158,0.1454386,0.8102732",0.0
"-0.15799917,-0.27959165,0.23650146,-0.22403304,0.1279197,0.8931054,-0.1963158,0.1454386,0.8102732","-0.07128179,-0.47963804,0.7670852","-0.16480607,-0.34553945,0.31890997,-0.23187944,0.13873728,0.8385425,-0.1963158,0.1454386,0.8102732",0.0
"-0.16480607,-0.34553945,0.31890997,-0.23187944,0.13873728,0.8385425,-0.1963158,0.1454386,0.8102732","-0.21438688,-0.20818913,0.36586547","-0.18527846,-0.37416443,0.35821524,-0.22121233,0.1525171,0.8099352,-0.1963158,0.1454386,0.8102732",0.0
"-0.18527846,-0.37416443,0.35821524,-0.22121233,0.1525171,0.8099352,-0.1963158,0.1454386,0.8102732","0.13732123,-0.028919578,0.18052268","-0.17216529,-0.37814078,0.37760895,-0.2107333,0.13332342,0.8012119,-0.1963158,0.1454386,0.8102732",0.0
"-0.17216529,-0.37814078,0.37760895,-0.2107333,0.13332342,0.8012119,-0.1963158,0.1454386,0.8102732","-0.14850676,-0.029840767,0.05178821","-0.1863466,-0.3822438,0.3831727,-0.20440628,0.14245725,0.7967152,-0.1963158,0.1454386,0.8102732",0.0
"0.0,0.0,0.0,2.8652207e-07,0.005789075,0.993462,0.7698831,0.25818712,0.5180991","-0.21165282,0.9572685,0.83905077","-0.020211304,0.1316195,0.090139754,0.3961305,-0.019385733,0.8916165,0.7698831,0.25818712,0.5180991",0.0
"-0.020211304,0.1316195,0.090139754,0.3961305,-0.019385733,0.8916165,0.7698831,0.25818712,0.5180991","0.7893326,0.8143686,0.9422517","0.05516424,0.24359101,0.19136645,0.6767485,0.12434884,0.6286703,0.7698831,0.25818712,0.5180991",0.0
"0.05516424,0.24359101,0.19136645,0.6767485,0.12434884,0.6286703,0.7698831,0.25818712,0.5180991","0.36028028,0.71122766,-0.06977379","0.089568384,0.34138116,0.18387061,0.7772637,0.23069994,0.4600251,0.7698831,0.25818712,0.5180991",0.0
"0.089568384,0.34138116,0.18387061,0.7772637,0.23069994,0.4600251,0.7698831,0.25818712,0.5180991","-0.06886774,0.23953009,-0.3600397","0.082992025,0.37431535,0.14519131,0.80056185,0.2195825,0.45120353,0.7698831,0.25818712,0.5180991",0.0
"0.082992025,0.37431535,0.14519131,0.80056185,0.2195825,0.45120353,0.7698831,0.25818712,0.5180991","0.20908093,0.07532859,-0.3045506","0.10295774,0.38467264,0.11247323,0.7802036,0.26764935,0.47765467,0.7698831,0.25818712,0.5180991",0.0
"0.10295774,0.38467264,0.11247323,0.7802036,0.26764935,0.47765467,0.7698831,0.25818712,0.5180991","-0.13798463,-0.034294844,-0.16068345","0.0897812,0.37995732,0.09521088,0.7751989,0.23066619,0.5113504,0.7698831,0.25818712,0.5180991",0.0
"0.0897812,0.37995732,0.09521088,0.7751989,0.23066619,0.5113504,0.7698831,0.25818712,0.5180991","0.0552001,0.033185244,-0.067717254","0.095052406,0.38452017,0.08793595,0.77214164,0.24373871,0.51241016,0.7698831,0.25818712,0.5180991",0.0
"0.0,0.0,0.0,2.8652207e-07,0.005789075,0.993462,-0.14619884,0.030292397,0.6313337","-0.47656238,-0.95522296,0.86811924","-0.04550826,-0.13133825,0.09326263,-0.15035786,0.027492851,0.97074276,-0.14619884,0.030292397,0.6313337",0.0
"-0.04550826,-0.13133825,0.09326263,-0.15035786,0.027492851,0.97074276,-0.14619884,0.030292397,0.6313337","-0.5007388,-0.71661484,0.93622005","-0.09332519,-0.22986916,0.1938414,-0.20674802,0.0684624,0.9249804,-0.14619884,0.030292397,0.6313337",0.0
"-0.09332519,-0.22986916,0.1938414,-0.20674802,0.0684624,0.9249804,-0.14619884,0.030292397,0.6313337","0.67848396,-0.3951125,0.95551133","-0.028534906,-0.28419513,0.29649264,-0.18270847,0.022235371,0.8785799,-0.14619884,0.030292397,0.6313337",0.0
"-0.028534906,-0.28419513,0.29649264,-0.18270847,0.022235371,0.8785799,-0.14619884,0.030292397,0.6313337","-0.303378,-0.36505425,0.96833754","-0.05750531,-0.33438826,0.4005218,-0.13650748,0.03081798,0.8111007,-0.14619884,0.030292397,0.6313337",0.0
"-0.05750531,-0.33438826,0.4005218,-0.13650748,0.03081798,0.8111007,-0.14619884,0.030292397,0.6313337","0.19831002,-0.74307984,0.85305405","-0.038568147,-0.43655795,0.49216604,-0.19580095,0.02967294,0.7122259,-0.14619884,0.030292397,0.6313337",0.0
"-0.038568147,-0.43655795,0.49216604,-0.19580095,0.02967294,0.7122259,-0.14619884,0.030292397,0.6313337","-0.21810657,-0.20337409,0.58752906","-0.059395745,-0.46452087,0.55528474,-0.15965627,0.036033556,0.6544796,-0.14619884,0.030292397,0.6313337",0.0
"-0.059395745,-0.46452087,0.55528474,-0.15965627,0.036033556,0.6544796,-0.14619884,0.030292397,0.6313337","-0.09473634,-0.024831533,0.1857109","-0.06844238,-0.46793517,0.57523584,-0.14050062,0.036610242,0.6366213,-0.14619884,0.030292397,0.6313337",0.0
"0.0,0.0,0.0,2.8652207e-07,0.005789075,0.993462,0.06502924,0.01619883,0.37832105","-0.47793442,-0.8129787,0.9659591","-0.045639284,-0.111780405,0.103773616,-0.09457419,0.019502826,0.9765241,0.06502924,0.01619883,0.37832105",0.0
"-0.045639284,-0.111780405,0.103773616,-0.09457419,0.019502826,0.9765241,0.06502924,0.01619883,0.37832105","0.6921774,-0.47658515,0.7061807","0.020458622,-0.17730846,0.17963912,-0.12928323,-0.0025197149,0.9489561,0.06502924,0.01619883,0.37832105",0.0
"0.020458622,-0.17730846,0.17963912,-0.12928323,-0.0025197149,0.9489561,0.06502924,0.01619883,0.37832105","0.68950963,-0.7145163,0.95707834","0.08630178,-0.2755508,0.28245872,-0.18104114,-0.044315446,0.88678634,0.06502924,0.01619883,0.37832105",0.0
"0.08630178,-0.2755508,0.28245872,-0.18104114,-0.044315446,0.88678634,0.06502924,0.01619883,0.37832105","0.23072779,-0.13659877,0.9934411","0.1083346,-0.29433247,0.3891848,-0.0782223,-0.021559004,0.8290617,0.06502924,0.01619883,0.37832105",0.0
"0.1083346,-0.29433247,0.3891848,-0.0782223,-0.021559004,0.8290617,0.06502924,0.01619883,0.37832105","-0.35654938,-0.44761276,0.985816","0.07428672,-0.35587698,0.4950917,-0.061148174,-0.008585173,0.7355666,0.06502924,0.01619883,0.37832105",0.0
"0.07428672,-0.35587698,0.4950917,-0.061148174,-0.008585173,0.7355666,0.06502924,0.01619883,0.37832105","-0.11968523,0.070097685,0.77757645","0.06285764,-0.34623894,0.5786273,0.038318437,0.01357074,0.6487412,0.06502924,0.01619883,0.37832105",0.0
"0.06285764,-0.34623894,0.5786273,0.038318437,0.01357074,0.6487412,0.06502924,0.01619883,0.37832105","0.54031515,-0.11505389,0.98612547","0.11445381,-0.36205828,0.6845674,0.0910079,0.04039551,0.513575,0.06502924,0.01619883,0.37832105",0.0
"0.11445381,-0.36205828,0.6845674,0.0910079,0.04039551,0.513575,0.06502924,0.01619883,0.37832105","-0.19196934,-0.57433265,0.81728315","0.096122116,-0.44102612,0.7723687,0.055161454,0.023246668,0.4032246,0.06502924,0.01619883,0.37832105",0.0
"0.096122116,-0.44102612,0.7723687,0.055161454,0.023246668,0.4032246,0.06502924,0.01619883,0.37832105","-0.17160267,-0.03719765,0.19035316","0.0797353,-0.44614068,0.79281855,0.060954466,0.02157224,0.37405115,0.06502924,0.01619883,0.37832105",0.0
"0.0,0.0,0.0,2.8652207e-07,0.005789075,0.993462,0.1783041,-0.28345028,0.89990634","-0.81878114,0.19759381,0.77708006","-0.07818766,0.027168127,0.08348221,0.16960467,-0.036551066,0.9687655,0.1783041,-0.28345028,0.89990634",0.0
"-0.07818766,0.027168127,0.08348221,0.16960467,-0.036551066,0.9687655,0.1783041,-0.28345028,0.89990634","-0.96765363,0.082219005,0.77230597","-0.17059156,0.03847281,0.16645154,0.2628261,-0.14936209,0.90944296,0.1783041,-0.28345028,0.89990634",0.0
"-0.17059156,0.03847281,0.16645154,0.2628261,-0.14936209,0.90944296,0.1783041,-0.28345028,0.89990634","-0.90421855,0.031073809,0.19767833","-0.25693786,0.042745292,0.18768829,0.23617044,-0.23832601,0.8878706,0.1783041,-0.28345028,0.89990634",0.0
"-0.25693786,0.042745292,0.18768829,0.23617044,-0.23832601,0.8878706,0.1783041,-0.28345028,0.89990634","-0.4703654,-0.027279496,0.03589368","-0.30185437,0.03899449,0.19154441,0.19856983,-0.26675534,0.88743526,0.1783041,-0.28345028,0.89990634",0.0
"-0.30185437,0.03899449,0.19154441,0.19856983,-0.26675534,0.88743526,0.1783041,-0.28345028,0.89990634","-0.20970511,-0.13593358,0.10952985","-0.32187968,0.020304317,0.20331132,0.16901629,-0.25893134,0.89144975,0.1783041,-0.28345028,0.89990634",0.0
"-0.32187968,0.020304317,0.20331132,0.16901629,-0.25893134,0.89144975,0.1783041,-0.28345028,0.89990634","-0.035425544,0.061896205,0.02896142","-0.32526258,0.028814713,0.20642272,0.17679995,-0.27795288,0.8819774,0.1783041,-0.28345028,0.89990634",0.0
"0.0,0.0,0.0,2.8652207e-07,0.005789075,0.993462,0.13608187,-0.016842104,0.36001524","-0.12687069,-0.22618383,0.99034274","-0.012115239,-0.031099124,0.10639316,0.08027966,0.002736303,0.9775666,0.13608187,-0.016842104,0.36001524",0.0
"-0.012115239,-0.031099124,0.10639316,0.08027966,0.002736303,0.9775666,0.13608187,-0.016842104,0.36001524","-0.26778877,0.11416125,0.96621966","-0.037687127,-0.015402556,0.21019477,0.24513216,-0.023329588,0.9097292,0.13608187,-0.016842104,0.36001524",0.0
"-0.037687127,-0.015402556,0.21019477,0.24513216,-0.023329588,0.9097292,0.13608187,-0.016842104,0.36001524","0.22745526,-0.5811268,0.98518276","-0.01596681,-0.09530453,0.31603363,0.21029301,-0.004760921,0.8591273,0.13608187,-0.016842104,0.36001524",0.0
"-0.01596681,-0.09530453,0.31603363,0.21029301,-0.004760921,0.8591273,0.13608187,-0.016842104,0.36001524","0.4974792,-0.2604794,0.952806","0.031538833,-0.13111913,0.41839427,0.24486126,0.030158762,0.76720035,0.13608187,-0.016842104,0.36001524",0.0
"0.031538833,-0.13111913,0.41839427,0.24486126,0.030158762,0.76720035,0.13608187,-0.016842104,0.36001524","0.31279862,-0.6360522,0.9883535","0.06140882,-0.21857305,0.52457374,0.18597737,0.042229455,0.68049586,0.13608187,-0.016842104,0.36001524",0.0
"0.06140882,-0.21857305,0.52457374,0.18597737,0.042229455,0.68049586,0.13608187,-0.016842104,0.36001524","-0.33728814,-0.2093581,0.8483753","0.029200243,-0.24735872,0.6157153,0.20689541,0.024846613,0.56905365,0.13608187,-0.016842104,0.36001524",0.0
"0.029200243,-0.24735872,0.6157153,0.20689541,0.024846613,0.56905365,0.13608187,-0.016842104,0.36001524","-0.5511976,-0.6241442,0.8951359","-0.023435133,-0.3331754,0.7118803,0.14780691,-0.005096831,0.46525314,0.13608187,-0.016842104,0.36001524",0.0
"-0.023435133,-0.3331754,0.7118803,0.14780691,-0.005096831,0.46525314,0.13608187,-0.016842104,0.36001524","-0.34909862,-0.28764403,0.64121735","-0.05677152,-0.37272498,0.78076684,0.12959895,-0.017480055,0.3747522,0.13608187,-0.016842104,0.36001524",0.0
"0.0,0.0,0.0,2.8652207e-07,0.005789075,0.993462,0.47239769,0.5216959,0.62845707","0.96958613,0.98384666,0.9617727","0.092588454,0.13527386,0.10332385,0.40002042,0.12579581,0.8770265,0.47239769,0.5216959,0.62845707",0.0
"0.092588454,0.13527386,0.10332385,0.40002042,0.12579581,0.8770265,0.47239769,0.5216959,0.62845707","0.9053781,0.870466,0.8858249","0.1790455,0.25495848,0.19848856,0.5966013,0.3829546,0.5994525,0.47239769,0.5216959,0.62845707",0.0
"0.1790455,0.25495848,0.19848856,0.5966013,0.3829546,0.5994525,0.47239769,0.5216959,0.62845707","0.40535033,0.15396023,-0.15129972","0.21775351,0.27612725,0.18223436,0.5606783,0.46467835,0.58508354,0.47239769,0.5216959,0.62845707",0.0
"0.21775351,0.27612725,0.18223436,0.5606783,0.46467835,0.58508354,0.47239769,0.5216959,0.62845707","0.28443766,-0.09604788,-0.124123216","0.24491525,0.26292118,0.16889973,0.49931183,0.49166998,0.6264426,0.47239769,0.5216959,0.62845707",0.0
"0.24491525,0.26292118,0.16889973,0.49931183,0.49166998,0.6264426,0.47239769,0.5216959,0.62845707","0.06428504,-0.022634625,0.10215342","0.251054,0.25980905,0.17987412,0.4918764,0.5033609,0.61685324,0.47239769,0.5216959,0.62845707",0.0
"0.251054,0.25980905,0.17987412,0.4918764,0.5033609,0.61685324,0.47239769,0.5216959,0.62845707","0.18775237,-0.010702968,0.019489288","0.268983,0.25833747,0.18196787,0.46228942,0.5297242,0.61651045,0.47239769,0.5216959,0.62845707",0.0
"0.0,0.0,0.0,2.8652207e-07,0.005789075,0.993462,0.29649124,0.69040936,0.49050963","0.92743564,0.9564822,0.8643373","0.08856338,0.13151139,0.0928563,0.38264075,0.115317956,0.8895317,0.29649124,0.69040936,0.49050963",0.0
"0.08856338,0.13151139,0.0928563,0.38264075,0.115317956,0.8895317,0.29649124,0.69040936,0.49050963","0.7518128,0.807927,0.7596128","0.16035606,0.2425972,0.17446199,0.58804905,0.33075133,0.65309197,0.29649124,0.69040936,0.49050963",0.0
"0.16035606,0.2425972,0.17446199,0.58804905,0.33075133,0.65309197,0.29649124,0.69040936,0.49050963","0.98374486,0.42028236,0.6543939","0.25429654,0.3003839,0.24476393,0.54533577,0.56856185,0.44847536,0.29649124,0.69040936,0.49050963",0.0
"0.25429654,0.3003839,0.24476393,0.54533577,0.56856185,0.44847536,0.29649124,0.69040936,0.49050963","0.8695992,-0.5111124,-0.034843326","0.337337,0.23010859,0.24102071,0.336894,0.61268616,0.58174896,0.29649124,0.69040936,0.49050963",0.0
"0.337337,0.23010859,0.24102071,0.336894,0.61268616,0.58174896,0.29649124,0.69040936,0.49050963","0.4066851,0.18034852,0.53966856","0.37617248,0.2549056,0.29899767,0.28017575,0.6987832,0.45110658,0.29649124,0.69040936,0.49050963",0.0
"0.37617248,0.2549056,0.29899767,0.28017575,0.6987832,0.45110658,0.29649124,0.69040936,0.49050963","-0.13214958,0.001060605,-0.22488058","0.36355317,0.25505146,0.27483863,0.30475432,0.68079,0.48769024,0.29649124,0.69040936,0.49050963",0.0
"0.0,0.0,0.0,2.8652207e-07,0.005789075,0.993462,0.13853802,-0.5705263,0.5930222","-0.7666934,0.869362,0.8877337","-0.07321365,0.1195328,0.09536979,0.37029025,-0.080758296,0.8989005,0.13853802,-0.5705263,0.5930222",0.0
"-0.07321365,0.1195328,0.09536979,0.37029025,-0.080758296,0.8989005,0.13853802,-0.5705263,0.5930222","-0.34303588,0.53633547,0.6751919","-0.10597108,0.19327618,0.16790608,0.5604295,-0.1876647,0.7376562,0.13853802,-0.5705263,0.5930222",0.0
"-0.10597108,0.19327618,0.16790608,0.5604295,-0.1876647,0.7376562,0.13853802,-0.5705263,0.5930222","-0.953664,0.063601375,0.36332178","-0.19703908,0.20202105,0.20693798,0.5217851,-0.3646257,0.67486346,0.13853802,-0.5705263,0.5930222",0.0
"-0.19703908,0.20202105,0.20693798,0.5217851,-0.3646257,0.67486346,0.13853802,-0.5705263,0.5930222","-0.9774105,-0.16762531,0.13410711","-0.2903747,0.17897344,0.2213452,0.3785847,-0.47979823,0.6908505,0.13853802,-0.5705263,0.5930222",0.0
"-0.2903747,0.17897344,0.2213452,0.3785847,-0.47979823,0.6908505,0.13853802,-0.5705263,0.5930222","-0.8555231,0.059776306,0.5753057","-0.3720709,0.1871924,0.28315067,0.26432967,-0.6071036,0.59204143,0.13853802,-0.5705263,0.5930222",0.0
"-0.3720709,0.1871924,0.28315067,0.26432967,-0.6071036,0.59204143,0.13853802,-0.5705263,0.5930222","-0.5435289,-0.37019515,0.21343064","-0.42397398,0.13629247,0.30607972,0.14794949,-0.58315617,0.63749635,0.13853802,-0.5705263,0.5930222",0.0
"-0.42397398,0.13629247,0.30607972,0.14794949,-0.58315617,0.63749635,0.13853802,-0.5705263,0.5930222","0.19141626,-0.17997712,0.4032308","-0.4056951,0.11154655,0.3493991,0.17734249,-0.56114817,0.61077356,0.13853802,-0.5705263,0.5930222",0.0
"-0.4056951,0.11154655,0.3493991,0.17734249,-0.56114817,0.61077356,0.13853802,-0.5705263,0.5930222","-0.2555654,0.027634978,0.14933705","-0.43009973,0.115346216,0.36544248,0.13655311,-0.58523554,0.5815328,0.13853802,-0.5705263,0.5930222",0.0
"-0.43009973,0.115346216,0.36544248,0.13655311,-0.58523554,0.5815328,0.13853802,-0.5705263,0.5930222","0.04092419,0.0027214289,-0.050074518","-0.42619178,0.1157204,0.360063,0.14332609,-0.58181465,0.58899266,0.13853802,-0.5705263,0.5930222",0.0
"0.0,0.0,0.0,2.8652207e-07,0.005789075,0.993462,0.33309942,-0.0057894737,0.404603","0.479236,-0.50654477,0.9779372","0.045763545,-0.06964731,0.105060436,-0.0051156133,0.0051088226,0.98151547,0.33309942,-0.0057894737,0.404603",0.0
"0.045763545,-0.06964731,0.105060436,-0.0051156133,0.0051088226,0.98151547,0.33309942,-0.0057894737,0.404603","0.32658076,0.4631685,0.9585769","0.07694963,-0.0059640463,0.208041,0.25349954,0.06846702,0.9056608,0.33309942,-0.0057894737,0.404603",0.0
"0.07694963,-0.0059640463,0.208041,0.25349954,0.06846702,0.9056608,0.33309942,-0.0057894737,0.404603","-0.24490136,0.019306064,0.97930634","0.053563327,-0.0033095751,0.31324854,0.37149146,0.068981394,0.79596865,0.33309942,-0.0057894737,0.404603",0.0
"0.053563327,-0.0033095751,0.31324854,0.37149146,0.068981394,0.79596865,0.33309942,-0.0057894737,0.404603","-0.16518134,0.3038876,0.9267119","0.03778971,0.0384734,0.41280583,0.5094851,0.06660194,0.6158315,0.33309942,-0.0057894737,0.404603",0.0
"0.03778971,0.0384734,0.41280583,0.5094851,0.06660194,0.6158315,0.33309942,-0.0057894737,0.404603","-0.4493755,-0.5766684,0.9471979","-0.005122392,-0.040815536,0.5145639,0.4437141,-0.0013510211,0.55587643,0.33309942,-0.0057894737,0.404603",0.0
"-0.005122392,-0.040815536,0.5145639,0.4437141,-0.0013510211,0.55587643,0.33309942,-0.0057894737,0.404603","0.18929315,-0.34896994,0.5043781","0.012953726,-0.088797115,0.5687496,0.39654258,0.021940174,0.5221882,0.33309942,-0.0057894737,0.404603",0.0
"0.012953726,-0.088797115,0.5687496,0.39654258,0.021940174,0.5221882,0.33309942,-0.0057894737,0.404603","-0.27479082,-0.23274112,0.5771786","-0.0132868085,-0.120797835,0.6307563,0.36984837,-0.009652745,0.45616022,0.33309942,-0.0057894737,0.404603",0.0
"-0.0132868085,-0.120797835,0.6307563,0.36984837,-0.009652745,0.45616022,0.33309942,-0.0057894737,0.404603","-0.16837186,-0.2254619,0.41648412","-0.029365106,-0.1517977,0.6754995,0.3383387,-0.025487559,0.41321528,0.33309942,-0.0057894737,0.404603",0.0
"-0.029365106,-0.1517977,0.6754995,0.3383387,-0.025487559,0.41321528,0.33309942,-0.0057894737,0.404603","0.24310148,-0.035665154,0.041205406","-0.0061506853,-0.15670148,0.6799263,0.3343191,-0.0006703954,0.41033453,0.33309942,-0.0057894737,0.404603",0.0
"0.0,0.0,0.0,2.8652207e-07,0.005789075,0.993462,0.15520468,-0.059415203,0.3483126","-0.65810657,-0.5488059,0.9856707","-0.06284441,-0.075458,0.10589125,-0.014209203,0.008746169,0.98119766,0.15520468,-0.059415203,0.3483126",0.0
"-0.06284441,-0.075458,0.10589125,-0.014209203,0.008746169,0.98119766,0.15520468,-0.059415203,0.3483126","0.110912204,-0.020161152,0.89219284","-0.052253116,-0.07823008,0.20174016,0.106892414,-0.01183855,0.94289035,0.15520468,-0.059415203,0.3483126",0.0
"-0.052253116,-0.07823008,0.20174016,0.106892414,-0.01183855,0.94289035,0.15520468,-0.059415203,0.3483126","-0.25510877,-0.102057815,0.9126382","-0.076614164,-0.09226254,0.2997855,0.19379148,-0.04160506,0.87306494,0.15520468,-0.059415203,0.3483126",0.0
"-0.076614164,-0.09226254,0.2997855,0.19379148,-0.04160506,0.87306494,0.15520468,-0.059415203,0.3483126","-0.0027322173,-0.039451897,0.98556685","-0.076875076,-0.09768699,0.40566564,0.2860501,-0.06449717,0.76076484,0.15520468,-0.059415203,0.3483126",0.0
"-0.076875076,-0.09768699,0.40566564,0.2860501,-0.06449717,0.76076484,0.15520468,-0.059415203,0.3483126","-0.1880818,-0.6102306,0.94469845","-0.094835535,-0.18159059,0.5071553,0.22668347,-0.06355279,0.6842255,0.15520468,-0.059415203,0.3483126",0.0
"-0.094835535,-0.18159059,0.5071553,0.22668347,-0.06355279,0.6842255,0.15520468,-0.059415203,0.3483126","0.1633861,-0.6260333,0.81408703","-0.079233356,-0.26766697,0.59461325,0.1639271,-0.03569556,0.60813385,0.15520468,-0.059415203,0.3483126",0.0
"-0.079233356,-0.26766697,0.59461325,0.1639271,-0.03569556,0.60813385,0.15520468,-0.059415203,0.3483126","-0.41081965,-0.22433054,0.9727684","-0.11846365,-0.2985113,0.69911844,0.17195751,-0.060909875,0.47039276,0.15520468,-0.059415203,0.3483126",0.0
"-0.11846365,-0.2985113,0.69911844,0.17195751,-0.060909875,0.47039276,0.15520468,-0.059415203,0.3483126","0.05855906,-0.2208507,0.64770746","-0.11287169,-0.32887715,0.76870215,0.16147952,-0.053614,0.37723196,0.15520468,-0.059415203,0.3483126",0.0
"-0.11287169,-0.32887715,0.76870215,0.16147952,-0.053614,0.37723196,0.15520468,-0.059415203,0.3483126","0.055716038,-0.10149604,0.2133491","-0.107551225,-0.34283236,0.7916224,0.15377484,-0.04789359,0.34736994,0.15520468,-0.059415203,0.3483126",0.0
"0.0,0.0,0.0,2.8652207e-07,0.005789075,0.993462,0.014444445,0.03350877,0.3823091","0.8150228,-0.57837975,0.7399763","0.07782875,-0.07952425,0.079496145,-0.060667034,-0.00916983,0.98450994,0.014444445,0.03350877,0.3823091",0.0
"0.07782875,-0.07952425,0.079496145,-0.060667034,-0.00916983,0.98450994,0.014444445,0.03350877,0.3823091","0.9743161,-0.20239794,0.957976","0.17086884,-0.10735296,0.18241216,0.0152199315,0.01579378,0.9573494,0.014444445,0.03350877,0.3823091",0.0
"0.17086884,-0.10735296,0.18241216,0.0152199315,0.01579378,0.9573494,0.014444445,0.03350877,0.3823091","0.6540892,-0.6483575,0.94032145","0.23332961,-0.1964988,0.28343153,-0.024690596,-0.014441085,0.9070862,0.014444445,0.03350877,0.3823091",0.0
"0.23332961,-0.1964988,0.28343153,-0.024690596,-0.014441085,0.9070862,0.014444445,0.03350877,0.3823091","0.54095817,-0.6644592,0.91519284","0.28498718,-0.28785858,0.38175136,-0.053483922,-0.057495307,0.83527493,0.014444445,0.03350877,0.3823091",0.0
"0.28498718,-0.28785858,0.38175136,-0.053483922,-0.057495307,0.83527493,0.014444445,0.03350877,0.3823091","-0.05122572,-0.3475874,0.92790794","0.2800955,-0.33565012,0.48143718,-0.031940036,-0.029547403,0.75034326,0.014444445,0.03350877,0.3823091",0.0
"0.2800955,-0.33565012,0.48143718,-0.031940036,-0.029547403,0.75034326,0.014444445,0.03350877,0.3823091","0.7793033,0.1311779,0.9766227","0.35451332,-0.31761387,0.58635646,0.03425107,0.08276394,0.6347413,0.014444445,0.03350877,0.3823091",0.0
"0.35451332,-0.31761387,0.58635646,0.03425107,0.08276394,0.6347413,0.014444445,0.03350877,0.3823091","0.063153744,-0.6082403,0.98444104","0.36054406,-0.40124384,0.6921156,0.018545317,0.053233087,0.51055676,0.014444445,0.03350877,0.3823091",0.0
"0.36054406,-0.40124384,0.6921156,0.018545317,0.053233087,0.51055676,0.014444445,0.03350877,0.3823091","0.24680364,-0.45259035,0.912091","0.38411203,-0.4634727,0.7901022,0.011089478,0.04536028,0.38037157,0.014444445,0.03350877,0.3823091",0.0
"0.0,0.0,0.0,2.8652207e-07,0.005789075,0.993462,0.29309943,-0.65380114,0.42487016","-0.88619,0.9861183,0.8722724","-0.08462471,0.1355862,0.09370877,0.39577097,-0.10176961,0.88481766,0.29309943,-0.65380114,0.42487016",0.0
"-0.08462471,0.1355862,0.09370877,0.39577097,-0.10176961,0.88481766,0.29309943,-0.65380114,0.42487016","-0.9537413,0.87374854,0.5662435","-0.17570008,0.25572214,0.15454066,0.5816324,-0.3513888,0.65762943,0.29309943,-0.65380114,0.42487016",0.0
"-0.17570008,0.25572214,0.15454066,0.5816324,-0.3513888,0.65762943,0.29309943,-0.65380114,0.42487016","-0.8163657,0.3132577,0.7768798","-0.25365707,0.2987935,0.23800133,0.551926,-0.55647516,0.4617693,0.29309943,-0.65380114,0.42487016",0.0
"-0.25365707,0.2987935,0.23800133,0.551926,-0.55647516,0.4617693,0.29309943,-0.65380114,0.42487016","-0.80787563,-0.28017628,0.39151466","-0.33080336,0.26027074,0.28006202,0.38698277,-0.6467195,0.47021344,0.29309943,-0.65380114,0.42487016",0.0
"-0.33080336,0.26027074,0.28006202,0.38698277,-0.6467195,0.47021344,0.29309943,-0.65380114,0.42487016","-0.3867638,-0.30203164,0.49688995","-0.3677365,0.21874297,0.33344322,0.29610133,-0.6567782,0.4631146,0.29309943,-0.65380114,0.42487016",0.0
"-0.3677365,0.21874297,0.33344322,0.29610133,-0.6567782,0.4631146,0.29309943,-0.65380114,0.42487016","0.031051159,-0.12693071,0.35672665","-0.3647713,0.20129067,0.37176663,0.29706335,-0.64262235,0.43420666,0.29309943,-0.65380114,0.42487016",0.0
"0.0,0.0,0.0,2.8652207e-07,0.005789075,0.993462,0.4308772,-0.0057894737,0.47972226","0.31655157,0.6385813,0.986604","0.030228382,0.087801635,0.10599149,0.3262942,0.036895428,0.91822356,0.4308772,-0.0057894737,0.47972226",0.0
"0.030228382,0.087801635,0.10599149,0.3262942,0.036895428,0.91822356,0.4308772,-0.0057894737,0.47972226","-0.03525746,0.30113912,0.96718097","0.026861554,0.12920672,0.20989636,0.51667196,0.049514547,0.7739505,0.4308772,-0.0057894737,0.47972226",0.0
"0.026861554,0.12920672,0.20989636,0.51667196,0.049514547,0.7739505,0.4308772,-0.0057894737,0.47972226","-0.20769727,-0.0777666,0.8915889","0.007027974,0.11851422,0.30568033,0.5744309,0.018475637,0.6635695,0.4308772,-0.0057894737,0.47972226",0.0
"0.007027974,0.11851422,0.30568033,0.5744309,0.018475637,0.6635695,0.4308772,-0.0057894737,0.47972226","-0.38996542,-0.47907227,0.9582418","-0.030210892,0.05264425,0.4086249,0.53021187,-0.04465876,0.60394055,0.4308772,-0.0057894737,0.47972226",0.0
"-0.030210892,0.05264425,0.4086249,0.53021187,-0.04465876,0.60394055,0.4308772,-0.0057894737,0.47972226","0.27769315,-0.34066784,0.7538667","-0.0036932118,0.005804172,0.48961332,0.49720988,2.0548461e-05,0.540492,0.4308772,-0.0057894737,0.47972226",0.0
"-0.0036932118,0.005804172,0.48961332,0.49720988,2.0548461e-05,0.540492,0.4308772,-0.0057894737,0.47972226","-0.09272003,-0.32577884,0.56576943","-0.012547303,-0.038988747,0.5503943,0.45435935,-0.012125563,0.4987836,0.4308772,-0.0057894737,0.47972226",0.0
"-0.012547303,-0.038988747,0.5503943,0.45435935,-0.012125563,0.4987836,0.4308772,-0.0057894737,0.47972226","-0.02396828,-0.04703504,0.16534781","-0.014836103,-0.04545583,0.56815773,0.44911468,-0.015152394,0.4783285,0.4308772,-0.0057894737,0.47972226",0.0
"-0.014836103,-0.04545583,0.56815773,0.44911468,-0.015152394,0.4783285,0.4308772,-0.0057894737,0.47972226","-0.056440294,-0.063106954,0.012947559","-0.020225743,-0.05413272,0.5695488,0.43883067,-0.02212052,0.485571,0.4308772,-0.0057894737,0.47972226",0.0
"-0.020225743,-0.05413272,0.5695488,0.43883067,-0.02212052,0.485571,0.4308772,-0.0057894737,0.47972226","0.07264209,0.037648797,-0.010261238","-0.013288953,-0.048956208,0.56844646,0.44513622,-0.012800248,0.48169878,0.4308772,-0.0057894737,0.47972226",0.0
"0.0,0.0,0.0,2.8652207e-07,0.005789075,0.993462,0.024912281,-0.04239766,0.8480616","0.36810982,-0.717079,0.93655825","0.035151802,-0.098594695,0.10061508,-0.07278318,-0.0022459726,0.979517,0.024912281,-0.04239766,0.8480616",0.0
"0.035151802,-0.098594695,0.10061508,-0.07278318,-0.0022459726,0.979517,0.024912281,-0.04239766,0.8480616","-0.29423296,-0.28594685,0.87013304","0.0070546735,-0.13791095,0.19409406,-0.027196506,0.005187653,0.9524716,0.024912281,-0.04239766,0.8480616",0.0
"0.0070546735,-0.13791095,0.19409406,-0.027196506,0.005187653,0.9524716,0.024912281,-0.04239766,0.8480616","-0.4602698,-0.34592795,0.8132944","-0.036897767,-0.18547429,0.28146687,-0.0077678254,0.0067327237,0.9086919,0.024912281,-0.04239766,0.8480616",0.0
"-0.036897767,-0.18547429,0.28146687,-0.0077678254,0.0067327237,0.9086919,0.024912281,-0.04239766,0.8480616","-0.73140365,-0.24807674,0.5505706","-0.10674152,-0.2195836,0.3406151,0.0014915322,0.0056108623,0.87012684,0.024912281,-0.04239766,0.8480616",0.0
"-0.10674152,-0.2195836,0.3406151,0.0014915322,0.0056108623,0.87012684,0.024912281,-0.04239766,0.8480616","-0.85536945,-0.059205115,0.26521373","-0.18842311,-0.22772405,0.36910728,0.018897701,-0.0057302765,0.8488769,0.024912281,-0.04239766,0.8480616",0.0
"-0.18842311,-0.22772405,0.36910728,0.018897701,-0.0057302765,0.8488769,0.024912281,-0.04239766,0.8480616","-0.80661976,0.15441096,0.019875407","-0.26544946,-0.20649336,0.37124258,0.045542814,-0.04157781,0.8450269,0.024912281,-0.04239766,0.8480616",0.0
"-0.26544946,-0.20649336,0.37124258,0.045542814,-0.04157781,0.8450269,0.024912281,-0.04239766,0.8480616","-0.5711212,-0.15189964,0.027019024","-0.3199874,-0.22737883,0.37414536,0.018583562,-0.018477125,0.8448062,0.024912281,-0.04239766,0.8480616",0.0
"-0.3199874,-0.22737883,0.37414536,0.018583562,-0.018477125,0.8448062,0.024912281,-0.04239766,0.8480616","-0.17345285,0.047534347,0.018615603","-0.33655086,-0.22084315,0.37614533,0.024786403,-0.032166194,0.8426276,0.024912281,-0.04239766,0.8480616",0.0
"0.0,0.0,0.0,2.8652207e-07,0.005789075,0.993462,-0.48842108,-0.25771928,0.5050889","-0.04023075,-0.93978405,0.1989913","-0.0038417543,-0.1292155,0.021377785,-0.2475989,0.00877809,0.95790386,-0.48842108,-0.25771928,0.5050889",0.0
"-0.0038417543,-0.1292155,0.021377785,-0.2475989,0.00877809,0.95790386,-0.48842108,-0.25771928,0.5050889","0.344234,-0.9798076,0.9596884","0.029030086,-0.26393405,0.12447777,-0.38118738,-0.029047905,0.88986045,-0.48842108,-0.25771928,0.5050889",0.0
"0.029030086,-0.26393405,0.12447777,-0.38118738,-0.029047905,0.88986045,-0.48842108,-0.25771928,0.5050889","0.71923923,-0.74098307,0.32374716","0.09771221,-0.36581543,0.15925819,-0.5040362,-0.15370287,0.7920802,-0.48842108,-0.25771928,0.5050889",0.0
"0.09771221,-0.36581543,0.15925819,-0.5040362,-0.15370287,0.7920802,-0.48842108,-0.25771928,0.5050889","0.31381512,-0.8989225,0.35386944","0.12767927,-0.48941272,0.19727466,-0.6283581,-0.26020506,0.63425726,-0.48842108,-0.25771928,0.5050889",0.0
"0.12767927,-0.48941272,0.19727466,-0.6283581,-0.26020506,0.63425726,-0.48842108,-0.25771928,0.5050889","-0.15237671,-0.51376414,0.87856174","0.11312841,-0.5600527,0.29165915,-0.62316835,-0.22512323,0.58405954,-0.48842108,-0.25771928,0.5050889",0.0
"0.11312841,-0.5600527,0.29165915,-0.62316835,-0.22512323,0.58405954,-0.48842108,-0.25771928,0.5050889","0.08390319,-0.14500648,0.4576106","0.12114055,-0.57999045,0.3408206,-0.5829964,-0.22700928,0.57979393,-0.48842108,-0.25771928,0.5050889",0.0
"0.12114055,-0.57999045,0.3408206,-0.5829964,-0.22700928,0.57979393,-0.48842108,-0.25771928,0.5050889","0.2576089,-0.34309423,0.69625056","0.14574033,-0.6271642,0.41561928,-0.529293,-0.25437295,0.54003996,-0.48842108,-0.25771928,0.5050889",0.0
"0.14574033,-0.6271642,0.41561928,-0.529293,-0.25437295,0.54003996,-0.48842108,-0.25771928,0.5050889","0.06435585,-0.2087608,0.4356687","0.15188584,-0.65586776,0.46242347,-0.49918973,-0.2515698,0.5125287,-0.48842108,-0.25771928,0.5050889",0.0
"0.0,0.0,0.0,2.8652207e-07,0.005789075,0.993462,0.62731,0.34608185,0.42487016","0.33206856,0.92584443,0.9657991","0.03171014,0.12729885,0.103756405,0.40167394,0.045965727,0.8846696,0.62731,0.34608185,0.42487016",0.0
"0.03171014,0.12729885,0.103756405,0.40167394,0.045965727,0.8846696,0.62731,0.34608185,0.42487016","0.8931134,0.8874872,0.9272046","0.11699599,0.24932379,0.20336659,0.6549226,0.25838283,0.6023388,0.62731,0.34608185,0.42487016",0.0
"0.11699599,0.24932379,0.20336659,0.6549226,0.25838283,0.6023388,0.62731,0.34608185,0.42487016","0.36672223,-0.036212385,0.9149165","0.1520153,0.24434479,0.30165666,0.6560022,0.3460175,0.46627897,0.62731,0.34608185,0.42487016",0.0
"0.1520153,0.24434479,0.30165666,0.6560022,0.3460175,0.46627897,0.62731,0.34608185,0.42487016","0.0932219,-0.24966496,0.2132591","0.16091733,0.21001716,0.32456723,0.6166392,0.34793597,0.4919375,0.62731,0.34608185,0.42487016",0.0
"0.16091733,0.21001716,0.32456723,0.6166392,0.34793597,0.4919375,0.62731,0.34608185,0.42487016","-0.11226016,-0.031068206,0.36397183","0.1501973,0.20574544,0.363669,0.6312372,0.32862473,0.43907076,0.62731,0.34608185,0.42487016",0.0
"0.1501973,0.20574544,0.363669,0.6312372,0.32862473,0.43907076,0.62731,0.34608185,0.42487016","0.03233683,0.013358951,-0.024601221","0.15328522,0.20758225,0.36102614,0.6294382,0.33547416,0.43997997,0.62731,0.34608185,0.42487016",0.0
"0.0,0.0,0.0,2.8652207e-07,0.005789075,0.993462,0.63309944,0.34918126,0.53209","0.3018278,0.8501892,0.98482287","0.028822368,0.11689665,0.105800144,0.38412726,0.040690437,0.8930068,0.63309944,0.34918126,0.53209",0.0
"0.028822368,0.11689665,0.105800144,0.38412726,0.040690437,0.8930068,0.63309944,0.34918126,0.53209","0.8180176,0.7268094,0.76487064","0.10693711,0.21682921,0.18797068,0.60736924,0.21821955,0.6767562,0.63309944,0.34918126,0.53209",0.0
"0.10693711,0.21682921,0.18797068,0.60736924,0.21821955,0.6767562,0.63309944,0.34918126,0.53209","0.47375107,0.21269763,0.69581795","0.1521769,0.24607405,0.26272285,0.64582986,0.34117067,0.5220641,0.63309944,0.34918126,0.53209",0.0
"0.0,0.0,0.0,2.8652207e-07,0.005789075,0.993462,0.70801175,0.38976607,0.22827868","0.94375956,0.9509301,0.9969983","0.0901222,0.130748,0.10710816,0.39677095,0.121467166,0.87837416,0.70801175,0.38976607,0.22827868",0.0
"0.0901222,0.130748,0.10710816,0.39677095,0.121467166,0.87837416,0.70801175,0.38976607,0.22827868","0.72079766,0.95102787,0.980358","0.15895315,0.26150945,0.21242863,0.634626,0.352771,0.5682421,0.70801175,0.38976607,0.22827868",0.0
"0.15895315,0.26150945,0.21242863,0.634626,0.352771,0.5682421,0.70801175,0.38976607,0.22827868","-0.0017132163,0.47531867,0.74316084","0.15878955,0.32686332,0.29226685,0.7198156,0.39875847,0.32300884,0.70801175,0.38976607,0.22827868",0.0
"0.15878955,0.32686332,0.29226685,0.7198156,0.39875847,0.32300884,0.70801175,0.38976607,0.22827868","-0.026650786,-0.12582594,0.6650466","0.15624459,0.30956292,0.3637132,0.7075307,0.38473284,0.24609584,0.70801175,0.38976607,0.22827868",0.0
"0.0,0.0,0.0,2.8652207e-07,0.005789075,0.993462,-0.4597661,-0.3651462,0.5930222","-0.24327928,-0.9716814,0.7768656","-0.023231419,-0.1336012,0.08345919,-0.17034376,0.018259076,0.9692016,-0.4597661,-0.3651462,0.5930222",0.0
"-0.023231419,-0.1336012,0.08345919,-0.17034376,0.018259076,0.9692016,-0.4597661,-0.3651462,0.5930222","0.74192977,-0.9125417,0.7620621","0.047617484,-0.25907102,0.16532806,-0.31371897,-0.041429542,0.9045308,-0.4597661,-0.3651462,0.5930222",0.0
"0.047617484,-0.25907102,0.16532806,-0.31371897,-0.041429542,0.9045308,-0.4597661,-0.3651462,0.5930222","0.7418252,-0.60025203,0.93004966","0.11845639,-0.34160262,0.26524395,-0.31647527,-0.11731512,0.84697884,-0.4597661,-0.3651462,0.5930222",0.0
"0.11845639,-0.34160262,0.26524395,-0.31647527,-0.11731512,0.84697884,-0.4597661,-0.3651462,0.5930222","0.5588362,-0.6432214,0.54992306","0.1718212,-0.4300423,0.32432258,-0.3588649,-0.2082649,0.76729935,-0.4597661,-0.3651462,0.5930222",0.0
"0.1718212,-0.4300423,0.32432258,-0.3588649,-0.2082649,0.76729935,-0.4597661,-0.3651462,0.5930222","0.44383574,-0.78260994,0.7478821","0.21420428,-0.5376472,0.4046681,-0.3767008,-0.29284889,0.6544635,-0.4597661,-0.3651462,0.5930222",0.0
"0.21420428,-0.5376472,0.4046681,-0.3767008,-0.29284889,0.6544635,-0.4597661,-0.3651462,0.5930222","0.32712746,-0.44626868,-0.15277863","0.24544258,-0.5990069,0.38825503,-0.42537922,-0.40529832,0.57126844,-0.4597661,-0.3651462,0.5930222",0.0
"0.24544258,-0.5990069,0.38825503,-0.42537922,-0.40529832,0.57126844,-0.4597661,-0.3651462,0.5930222","-0.21864724,0.24012303,-0.37220818","0.22456335,-0.5659913,0.34826854,-0.45766866,-0.38219842,0.6039603,-0.4597661,-0.3651462,0.5930222",0.0
"0.22456335,-0.5659913,0.34826854,-0.45766866,-0.38219842,0.6039603,-0.4597661,-0.3651462,0.5930222","0.15738142,-0.07684392,0.19752252","0.23959213,-0.576557,0.36948857,-0.42895094,-0.3938479,0.5967837,-0.4597661,-0.3651462,0.5930222",0.0
"0.23959213,-0.576557,0.36948857,-0.42895094,-0.3938479,0.5967837,-0.4597661,-0.3651462,0.5930222","-0.1499865,-0.03707862,-0.12203717","0.22526951,-0.58165514,0.3563781,-0.4650654,-0.39026716,0.5843239,-0.4597661,-0.3651462,0.5930222",0.0
"0.22526951,-0.58165514,0.3563781,-0.4650654,-0.39026716,0.5843239,-0.4597661,-0.3651462,0.5930222","0.05509317,0.071033955,0.23617768","0.2305305,-0.5718884,0.38175088,-0.4225169,-0.36602396,0.60715926,-0.4597661,-0.3651462,0.5930222",0.0
"0.2305305,-0.5718884,0.38175088,-0.4225169,-0.36602396,0.60715926,-0.4597661,-0.3651462,0.5930222","0.19647992,-0.051721454,-0.059880733","0.24929291,-0.5789998,0.3753179,-0.4135346,-0.40353385,0.5953198,-0.4597661,-0.3651462,0.5930222",0.0
"0.24929291,-0.5789998,0.3753179,-0.4135346,-0.40353385,0.5953198,-0.4597661,-0.3651462,0.5930222","-0.28205556,0.02837789,-0.20979059","0.22235866,-0.5750981,0.35278,-0.46539843,-0.38329676,0.5924928,-0.4597661,-0.3651462,0.5930222",0.0
"0.22235866,-0.5750981,0.35278,-0.46539843,-0.38329676,0.5924928,-0.4597661,-0.3651462,0.5930222","-0.07615477,-0.024362206,0.0541842","0.21508645,-0.5784478,0.3586011,-0.47153094,-0.3705591,0.5899611,-0.4597661,-0.3651462,0.5930222",0.0
"0.0,0.0,0.0,2.8652207e-07,0.005789075,0.993462,-0.3374854,-0.26999998,0.79987806","0.024479866,-0.8884073,0.009556532","0.0023376406,-0.12215144,0.0010266837,-0.2604896,0.0038761394,0.95464057,-0.3374854,-0.26999998,0.79987806",0.0
"0.0023376406,-0.12215144,0.0010266837,-0.2604896,0.0038761394,0.95464057,-0.3374854,-0.26999998,0.79987806","0.89199996,-0.7581571,0.5366564","0.08751715,-0.22639418,0.058680054,-0.3830452,-0.102037326,0.8972415,-0.3374854,-0.26999998,0.79987806",0.0
"0.08751715,-0.22639418,0.058680054,-0.3830452,-0.102037326,0.8972415,-0.3374854,-0.26999998,0.79987806","0.84213567,-0.59253335,0.8285078","0.167935,-0.30786452,0.14768721,-0.37940383,-0.21436961,0.8547533,-0.3374854,-0.26999998,0.79987806",0.0
"0.167935,-0.30786452,0.14768721,-0.37940383,-0.21436961,0.8547533,-0.3374854,-0.26999998,0.79987806","0.13632119,-0.46146154,0.7739837","0.18095268,-0.37131315,0.23083682,-0.37422144,-0.23219329,0.8142173,-0.3374854,-0.26999998,0.79987806",0.0
"0.18095268,-0.37131315,0.23083682,-0.37422144,-0.23219329,0.8142173,-0.3374854,-0.26999998,0.79987806","0.26956415,-0.19561839,0.480623","0.20669411,-0.39820972,0.28247052,-0.33588114,-0.24772565,0.79594254,-0.3374854,-0.26999998,0.79987806",0.0
"0.20669411,-0.39820972,0.28247052,-0.33588114,-0.24772565,0.79594254,-0.3374854,-0.26999998,0.79987806","0.07042074,-0.12553394,0.118748665","0.21341878,-0.41547006,0.29522783,-0.34057137,-0.26269442,0.7797146,-0.3374854,-0.26999998,0.79987806",0.0
"0.21341878,-0.41547006,0.29522783,-0.34057137,-0.26269442,0.7797146,-0.3374854,-0.26999998,0.79987806","0.2183901,0.035496235,-0.13854969","0.23427345,-0.41058958,0.28034344,-0.3316235,-0.29256332,0.782644,-0.3374854,-0.26999998,0.79987806",0.0
"0.23427345,-0.41058958,0.28034344,-0.3316235,-0.29256332,0.782644,-0.3374854,-0.26999998,0.79987806","-0.020120382,0.03582692,0.05060637","0.2323521,-0.4056636,0.28578016,-0.3212805,-0.27972627,0.7887075,-0.3374854,-0.26999998,0.79987806",0.0
"0.2323521,-0.4056636,0.28578016,-0.3212805,-0.27972627,0.7887075,-0.3374854,-0.26999998,0.79987806","0.11666274,0.010427475,-0.030778408","0.24349254,-0.40422994,0.28247368,-0.3127816,-0.2922236,0.789736,-0.3374854,-0.26999998,0.79987806",0.0
"0.24349254,-0.40422994,0.28247368,-0.3127816,-0.2922236,0.789736,-0.3374854,-0.26999998,0.79987806","-0.05945176,-0.058960855,-0.012452245","0.23781532,-0.41233683,0.281136,-0.32979178,-0.29757318,0.78089565,-0.3374854,-0.26999998,0.79987806",0.0
"0.23781532,-0.41233683,0.281136,-0.32979178,-0.29757318,0.78089565,-0.3374854,-0.26999998,0.79987806","-0.26884532,0.07710242,0.020824194","0.21214254,-0.4017357,0.28337324,-0.33553866,-0.25654238,0.792448,-0.3374854,-0.26999998,0.79987806",0.0
"0.0,0.0,0.0,2.8652207e-07,0.005789075,0.993462,0.62731,0.34608185,0.42487016","0.540087,0.7417865,0.982429","0.05157439,0.10199182,0.105542965,0.35071236,0.06319306,0.90671086,0.62731,0.34608185,0.42487016",0.0
"0.05157439,0.10199182,0.105542965,0.35071236,0.06319306,0.90671086,0.62731,0.34608185,0.42487016","0.8511033,0.9250171,0.9698756","0.13284858,0.22917692,0.20973732,0.61859864,0.28062317,0.62747437,0.62731,0.34608185,0.42487016",0.0
"0.13284858,0.22917692,0.20973732,0.61859864,0.28062317,0.62747437,0.62731,0.34608185,0.42487016","0.22570598,0.3848629,0.9523481","0.15440187,0.2820936,0.31204867,0.690461,0.37046555,0.37994307,0.62731,0.34608185,0.42487016",0.0
"0.15440187,0.2820936,0.31204867,0.690461,0.37046555,0.37994307,0.62731,0.34608185,0.42487016","-0.11685318,-0.217758,0.024280787","0.14324322,0.25215304,0.3146572,0.67581254,0.33289483,0.43203634,0.62731,0.34608185,0.42487016",0.0
"0.14324322,0.25215304,0.3146572,0.67581254,0.33289483,0.43203634,0.62731,0.34608185,0.42487016","0.06291187,-0.19099534,0.039889097","0.14925086,0.22589217,0.31894252,0.6441992,0.33281875,0.4727997,0.62731,0.34608185,0.42487016",0.0
"0.14925086,0.22589217,0.31894252,0.6441992,0.33281875,0.4727997,0.62731,0.34608185,0.42487016","0.1149565,-0.0990268,0.28992796","0.16022837,0.2122765,0.35008967,0.62488496,0.35072756,0.44874245,0.62731,0.34608185,0.42487016",0.0
"0.16022837,0.2122765,0.35008967,0.62488496,0.35072756,0.44874245,0.62731,0.34608185,0.42487016","-0.07777989,0.018330812,0.024960756","0.15280095,0.21479692,0.35277125,0.635761,0.3375426,0.44017324,0.62731,0.34608185,0.42487016",0.0
"0.15280095,0.21479692,0.35277125,0.635761,0.3375426,0.44017324,0.62731,0.34608185,0.42487016","-0.035676718,-0.0836637,-0.0009557605","0.14939408,0.2032936,0.3526686,0.6279423,0.32494038,0.46035102,0.62731,0.34608185,0.42487016",0.0
"0.14939408,0.2032936,0.3526686,0.6279423,0.32494038,0.46035102,0.62731,0.34608185,0.42487016","0.11668038,0.039743423,0.054947138","0.16053621,0.20875813,0.35857168,0.62242144,0.3501594,0.44174016,0.62731,0.34608185,0.42487016",0.0
"0.0,0.0,0.0,2.8652207e-07,0.005789075,0.993462,0.2851462,0.66444445,0.53209","0.75877213,0.9877095,0.9926641","0.07245724,0.13580498,0.10664253,0.41192782,0.101363845,0.8736029,0.2851462,0.66444445,0.53209",0.0
"0.07245724,0.13580498,0.10664253,0.41192782,0.101363845,0.8736029,0.2851462,0.66444445,0.53209","0.96294045,0.16524065,0.961905","0.16441107,0.15852474,0.2099806,0.49192604,0.2860431,0.7349293,0.2851462,0.66444445,0.53209",0.0
"0.16441107,0.15852474,0.2099806,0.49192604,0.2860431,0.7349293,0.2851462,0.66444445,0.53209","0.97555137,0.5542704,0.542866","0.25756916,0.23473409,0.26830104,0.49159068,0.5239348,0.5337963,0.2851462,0.66444445,0.53209",0.0
"0.25756916,0.23473409,0.26830104,0.49159068,0.5239348,0.5337963,0.2851462,0.66444445,0.53209","0.93492854,-0.21200705,0.079199076","0.34684804,0.20558423,0.27680948,0.31146955,0.60912657,0.5711031,0.2851462,0.66444445,0.53209",0.0
"0.34684804,0.20558423,0.27680948,0.31146955,0.60912657,0.5711031,0.2851462,0.66444445,0.53209","0.37650323,0.055317283,0.1408714","0.38280135,0.21319008,0.2919434,0.24680789,0.65584797,0.53583205,0.2851462,0.66444445,0.53209",0.0
"0.38280135,0.21319008,0.2919434,0.24680789,0.65584797,0.53583205,0.2851462,0.66444445,0.53209","-0.20439357,0.20400178,-0.19048423","0.36328325,0.24123931,0.2714796,0.29784992,0.6641969,0.51757765,0.2851462,0.66444445,0.53209",0.0
"0.36328325,0.24123931,0.2714796,0.29784992,0.6641969,0.51757765,0.2851462,0.66444445,0.53209","0.01243031,-0.09842944,-0.011059761","0.36447027,0.22770578,0.27029145,0.2880936,0.64925694,0.5430884,0.2851462,0.66444445,0.53209",0.0
"0.36447027,0.22770578,0.27029145,0.2880936,0.64925694,0.5430884,0.2851462,0.66444445,0.53209","-0.17694867,-0.0113297105,0.08024132","0.34757295,0.22614801,0.27891186,0.32290393,0.6345327,0.5329716,0.2851462,0.66444445,0.53209",0.0
"0.34757295,0.22614801,0.27891186,0.32290393,0.6345327,0.5329716,0.2851462,0.66444445,0.53209","0.22829151,-0.03535074,0.027361274","0.3693731,0.22128749,0.28185132,0.2767358,0.65057415,0.5369992,0.2851462,0.66444445,0.53209",0.0
"0.0,0.0,0.0,2.8652207e-07,0.005789075,0.993462,0.8363743,-0.0057894737,0.33098742","-0.21370459,0.90388167,-1.0","-0.020407222,0.1242791,-0.107430674,0.11807336,-0.0017791468,0.97304314,0.8363743,-0.0057894737,0.33098742",0.0
"-0.020407222,0.1242791,-0.107430674,0.11807336,-0.0017791468,0.97304314,0.8363743,-0.0057894737,0.33098742","0.065045476,0.97832036,0.99832296","-0.014195845,0.25879312,-0.00018025517,0.53151643,-0.017925134,0.82108635,0.8363743,-0.0057894737,0.33098742",0.0
"-0.014195845,0.25879312,-0.00018025517,0.53151643,-0.017925134,0.82108635,0.8363743,-0.0057894737,0.33098742","0.0904094,0.6742679,0.9404172","-0.0055624004,0.3515015,0.10084932,0.7762461,-0.0077757877,0.5586465,0.8363743,-0.0057894737,0.33098742",0.0
"-0.0055624004,0.3515015,0.10084932,0.7762461,-0.0077757877,0.5586465,0.8363743,-0.0057894737,0.33098742","0.107081175,-0.07673174,0.9728017","0.004663077,0.34095132,0.20535801,0.8184882,0.017781178,0.4286769,0.8363743,-0.0057894737,0.33098742",0.0
"0.004663077,0.34095132,0.20535801,0.8184882,0.017781178,0.4286769,0.8363743,-0.0057894737,0.33098742","-0.043679595,-0.019270897,0.6735754","0.00049199536,0.3383017,0.27772063,0.8316962,0.007074818,0.32260388,0.8363743,-0.0057894737,0.33098742",0.0
"0.0,0.0,0.0,2.8652207e-07,0.005789075,0.993462,0.71643275,-0.0057894737,0.42493555","-0.18495429,0.96287537,0.97532606","-0.017661788,0.13239041,0.1047799,0.4150694,-0.017256198,0.87871134,0.71643275,-0.0057894737,0.42493555",0.0
"-0.017661788,0.13239041,0.1047799,0.4150694,-0.017256198,0.87871134,0.71643275,-0.0057894737,0.42493555","0.2650664,0.87764835,-0.121160805","0.0076501337,0.25306258,0.091763504,0.6204709,0.02070587,0.7384459,0.71643275,-0.0057894737,0.42493555",0.0
"0.0076501337,0.25306258,0.091763504,0.6204709,0.02070587,0.7384459,0.71643275,-0.0057894737,0.42493555","-0.08688915,0.20499039,0.98068666","-0.00064714625,0.2812477,0.19711927,0.7437904,0.0042772116,0.55480224,0.71643275,-0.0057894737,0.42493555",0.0
"-0.00064714625,0.2812477,0.19711927,0.7437904,0.0042772116,0.55480224,0.71643275,-0.0057894737,0.42493555","-0.17623454,-0.2519045,0.7890636","-0.017476263,0.24661216,0.28188887,0.7374569,-0.03473139,0.49229327,0.71643275,-0.0057894737,0.42493555",0.0
"-0.017476263,0.24661216,0.28188887,0.7374569,-0.03473139,0.49229327,0.71643275,-0.0057894737,0.42493555","0.072381854,-0.28317165,0.58961284","-0.010564319,0.20767754,0.34523138,0.7102454,-0.017788276,0.4642544,0.71643275,-0.0057894737,0.42493555",0.0
"-0.010564319,0.20767754,0.34523138,0.7102454,-0.017788276,0.4642544,0.71643275,-0.0057894737,0.42493555","0.145841,-0.07091814,0.26555872","0.003362441,0.19792667,0.37376055,0.70446575,0.013231532,0.43690366,0.71643275,-0.0057894737,0.42493555",0.0
"0.003362441,0.19792667,0.37376055,0.70446575,0.013231532,0.43690366,0.71643275,-0.0057894737,0.42493555","-0.043845892,-0.031806648,-0.035382926","-0.000824521,0.19355345,0.36995938,0.6992281,0.0039782217,0.45029184,0.71643275,-0.0057894737,0.42493555",0.0
"-0.000824521,0.19355345,0.36995938,0.6992281,0.0039782217,0.45029184,0.71643275,-0.0057894737,0.42493555","-0.03668338,-0.034177482,0.03178382","-0.004327515,0.18885423,0.373374,0.6945564,-0.0036533915,0.45298547,0.71643275,-0.0057894737,0.42493555",0.0
"-0.004327515,0.18885423,0.373374,0.6945564,-0.0036533915,0.45298547,0.71643275,-0.0057894737,0.42493555","0.07833123,0.0045081377,0.050541878","0.0031525518,0.18947408,0.3788038,0.6959515,0.01268247,0.44350776,0.71643275,-0.0057894737,0.42493555",0.0
"0.0031525518,0.18947408,0.3788038,0.6959515,0.01268247,0.44350776,0.71643275,-0.0057894737,0.42493555","0.048450947,0.037947297,-0.03588438","0.007779268,0.19469166,0.37494874,0.7008611,0.0229229,0.44060448,0.71643275,-0.0057894737,0.42493555",0.0
"0.007779268,0.19469166,0.37494874,0.7008611,0.0229229,0.44060448,0.71643275,-0.0057894737,0.42493555","-0.14149094,0.036948442,-0.006619215","-0.005732087,0.19977188,0.3742377,0.7066088,-0.0069356947,0.43298608,0.71643275,-0.0057894737,0.42493555",0.0
"0.0,0.0,0.0,2.8652207e-07,0.005789075,0.993462,0.24894738,0.18643275,0.5664788","0.7903174,0.5461019,0.7951169","0.07546958,0.075086206,0.085419916,0.26730156,0.07054648,0.94142294,0.24894738,0.18643275,0.5664788",0.0
"0.07546958,0.075086206,0.085419916,0.26730156,0.07054648,0.94142294,0.24894738,0.18643275,0.5664788","0.7735914,-0.037151873,0.98395395","0.14934194,0.06997801,0.19112673,0.34705767,0.18242262,0.86044174,0.24894738,0.18643275,0.5664788",0.0
"0.14934194,0.06997801,0.19112673,0.34705767,0.18242262,0.86044174,0.24894738,0.18643275,0.5664788","0.46682084,-0.6141057,0.90200937","0.19391994,-0.014458368,0.2880302,0.27017054,0.19557236,0.8344221,0.24894738,0.18643275,0.5664788",0.0
"0.19391994,-0.014458368,0.2880302,0.27017054,0.19557236,0.8344221,0.24894738,0.18643275,0.5664788","-0.3157848,-0.29331994,0.82982373","0.16376479,-0.054788366,0.37717876,0.29574057,0.17382003,0.76304287,0.24894738,0.18643275,0.5664788",0.0
"0.16376479,-0.054788366,0.37717876,0.29574057,0.17382003,0.76304287,0.24894738,0.18643275,0.5664788","0.16788161,-0.31198025,0.9746586","0.17979626,-0.09768406,0.48188698,0.29103124,0.19128695,0.6591938,0.24894738,0.18643275,0.5664788",0.0
"0.17979626,-0.09768406,0.48188698,0.29103124,0.19128695,0.6591938,0.24894738,0.18643275,0.5664788","0.1742853,-0.30287695,0.71116304","0.19643925,-0.13932809,0.5582877,0.26362425,0.19416368,0.58274454,0.24894738,0.18643275,0.5664788",0.0
"0.19643925,-0.13932809,0.5582877,0.26362425,0.19416368,0.58274454,0.24894738,0.18643275,0.5664788","0.054279923,-0.08963549,0.12371087","0.20162259,-0.15165251,0.5715781,0.25151223,0.19188336,0.57266676,0.24894738,0.18643275,0.5664788",0.0
"0.0,0.0,0.0,2.8652207e-07,0.005789075,0.993462,0.39672515,0.59660816,0.42493555","0.8924124,0.94580495,0.9912293","0.08521892,0.13004331,0.10648839,0.39657572,0.11478715,0.87961787,0.39672515,0.59660816,0.42493555",0.0
"0.08521892,0.13004331,0.10648839,0.39657572,0.11478715,0.87961787,0.39672515,0.59660816,0.42493555","0.9474164,0.89137363,0.9300784","0.17569031,0.2526026,0.20640731,0.6019192,0.37745437,0.59241027,0.39672515,0.59660816,0.42493555",0.0
"0.17569031,0.2526026,0.20640731,0.6019192,0.37745437,0.59241027,0.39672515,0.59660816,0.42493555","0.50256896,-0.04471636,0.12599623","0.22368199,0.24645437,0.2199432,0.5379573,0.46320796,0.5838657,0.39672515,0.59660816,0.42493555",0.0
"0.22368199,0.24645437,0.2199432,0.5379573,0.46320796,0.5838657,0.39672515,0.59660816,0.42493555","0.52666175,-0.12904423,0.88655543","0.27397436,0.22871147,0.3151864,0.46975535,0.5553201,0.47356355,0.39672515,0.59660816,0.42493555",0.0
"0.27397436,0.22871147,0.3151864,0.46975535,0.5553201,0.47356355,0.39672515,0.59660816,0.42493555","-0.111646116,-0.10329199,0.38436425","0.26331297,0.21450937,0.35647893,0.4831597,0.5339188,0.43492696,0.39672515,0.59660816,0.42493555",0.0
"0.26331297,0.21450937,0.35647893,0.4831597,0.5339188,0.43492696,0.39672515,0.59660816,0.42493555","0.19474995,0.05469954,0.028617501","0.28191018,0.2220303,0.35955337,0.45646745,0.56771636,0.41686225,0.39672515,0.59660816,0.42493555",0.0
"0.28191018,0.2220303,0.35955337,0.45646745,0.56771636,0.41686225,0.39672515,0.59660816,0.42493555","0.18922698,0.0027099848,-0.051678658","0.29997998,0.22240292,0.35400152,0.42334357,0.5924564,0.42483142,0.39672515,0.59660816,0.42493555",0.0
"0.29997998,0.22240292,0.35400152,0.42334357,0.5924564,0.42483142,0.39672515,0.59660816,0.42493555","-0.06277454,-0.073287904,0.12435067","0.2939855,0.21232623,0.36736065,0.42900968,0.5772137,0.42184943,0.39672515,0.59660816,0.42493555",0.0
"0.2939855,0.21232623,0.36736065,0.42900968,0.5772137,0.42184943,0.39672515,0.59660816,0.42493555","0.16491795,0.038422465,-0.122832954","0.30973393,0.21760914,0.35416466,0.40212658,0.60093814,0.4330631,0.39672515,0.59660816,0.42493555",0.0
"0.0,0.0,0.0,2.8652207e-07,0.005789075,0.993462,0.17035088,-0.37391812,0.62924165","-0.95015985,0.3589337,0.7891431","-0.090733364,0.049351532,0.084778145,0.2146067,-0.056853026,0.9574337,0.17035088,-0.37391812,0.62924165",0.0
"-0.090733364,0.049351532,0.084778145,0.2146067,-0.056853026,0.9574337,0.17035088,-0.37391812,0.62924165","-0.9342491,0.4398166,0.80679464","-0.17994738,0.109824054,0.17145261,0.38002658,-0.23422895,0.839528,0.17035088,-0.37391812,0.62924165",0.0
"-0.17994738,0.109824054,0.17145261,0.38002658,-0.23422895,0.839528,0.17035088,-0.37391812,0.62924165","-0.66726893,0.026561141,0.81051636","-0.24366674,0.11347607,0.25852692,0.38861978,-0.36542714,0.7338429,0.17035088,-0.37391812,0.62924165",0.0
"-0.24366674,0.11347607,0.25852692,0.38861978,-0.36542714,0.7338429,0.17035088,-0.37391812,0.62924165","-0.8879322,-0.61055183,0.76155686","-0.3284578,0.029528333,0.3403415,0.23925203,-0.38883713,0.7283443,0.17035088,-0.37391812,0.62924165",0.0
"-0.3284578,0.029528333,0.3403415,0.23925203,-0.38883713,0.7283443,0.17035088,-0.37391812,0.62924165","-0.077314556,-0.30742925,0.85088956","-0.33584076,-0.012741614,0.43175313,0.22605142,-0.38701677,0.6482977,0.17035088,-0.37391812,0.62924165",0.0
"-0.33584076,-0.012741614,0.43175313,0.22605142,-0.38701677,0.6482977,0.17035088,-0.37391812,0.62924165","-0.23192257,-0.20812935,0.28432","-0.35798767,-0.041358337,0.46229786,0.18714675,-0.37785283,0.6344055,0.17035088,-0.37391812,0.62924165",0.0
"-0.35798767,-0.041358337,0.46229786,0.18714675,-0.37785283,0.6344055,0.17035088,-0.37391812,0.62924165","-0.09111297,-0.058309853,0.06331897","-0.36668828,-0.049375657,0.46910027,0.17336209,-0.37521595,0.632667,0.17035088,-0.37391812,0.62924165",0.0
"0.0,0.0,0.0,2.8652207e-07,0.005789075,0.993462,0.062748544,0.1574269,0.49515146","0.7540519,-0.2775153,0.8796985","0.07200647,-0.03815694,0.094506584,0.046204228,0.016574586,0.9824518,0.062748544,0.1574269,0.49515146",0.0
"0.07200647,-0.03815694,0.094506584,0.046204228,0.016574586,0.9824518,0.062748544,0.1574269,0.49515146","0.8798828,-0.14910084,0.87024474","0.15602888,-0.058657557,0.18799758,0.112191655,0.06642945,0.9454694,0.062748544,0.1574269,0.49515146",0.0
"0.15602888,-0.058657557,0.18799758,0.112191655,0.06642945,0.9454694,0.062748544,0.1574269,0.49515146","0.76554155,-0.27142394,0.9717088","0.22913252,-0.09597698,0.29238892,0.13341509,0.12467609,0.8815117,0.062748544,0.1574269,0.49515146",0.0
"0.22913252,-0.09597698,0.29238892,0.13341509,0.12467609,0.8815117,0.062748544,0.1574269,0.49515146","0.19530487,-0.17575192,0.9606528","0.24778272,-0.12014198,0.3955925,0.17046072,0.1762335,0.7876432,0.062748544,0.1574269,0.49515146",0.0
"0.24778272,-0.12014198,0.3955925,0.17046072,0.1762335,0.7876432,0.062748544,0.1574269,0.49515146","0.914829,-0.6419296,0.9621184","0.33514225,-0.20840402,0.49895355,0.08721795,0.16476257,0.7086518,0.062748544,0.1574269,0.49515146",0.0
"0.33514225,-0.20840402,0.49895355,0.08721795,0.16476257,0.7086518,0.062748544,0.1574269,0.49515146","0.54011285,-0.23349023,0.9636295","0.3867191,-0.24050777,0.60247695,0.06786524,0.19919369,0.58457065,0.062748544,0.1574269,0.49515146",0.0
"0.3867191,-0.24050777,0.60247695,0.06786524,0.19919369,0.58457065,0.062748544,0.1574269,0.49515146","0.22792101,-0.45211804,0.7851019","0.4084839,-0.3026717,0.686821,0.04337367,0.1670997,0.49057826,0.062748544,0.1574269,0.49515146",0.0
"0.4084839,-0.3026717,0.686821,0.04337367,0.1670997,0.49057826,0.062748544,0.1574269,0.49515146","-0.44570887,0.004198909,-0.061174154","0.36592194,-0.3020944,0.68024904,0.064359255,0.15780815,0.50006884,0.062748544,0.1574269,0.49515146",0.0
"0.0,0.0,0.0,2.8652207e-07,0.005789075,0.993462,-0.30771932,-0.045497075,0.5664788","0.12195885,-0.66674757,0.8633206","0.011646171,-0.09167438,0.092747115,-0.06888109,0.003271696,0.9814759,-0.30771932,-0.045497075,0.5664788",0.0
"0.011646171,-0.09167438,0.092747115,-0.06888109,0.003271696,0.9814759,-0.30771932,-0.045497075,0.5664788","-0.17824513,-0.980621,0.80898774","-0.005374955,-0.22650474,0.17965724,-0.23052241,0.009682953,0.92734325,-0.30771932,-0.045497075,0.5664788",0.0
"-0.005374955,-0.22650474,0.17965724,-0.23052241,0.009682953,0.92734325,-0.30771932,-0.045497075,0.5664788","0.5160372,-0.6986195,0.71705127","0.043902848,-0.32256135,0.2566906,-0.3110895,-0.03733648,0.86214936,-0.30771932,-0.045497075,0.5664788",0.0
"0.043902848,-0.32256135,0.2566906,-0.3110895,-0.03733648,0.86214936,-0.30771932,-0.045497075,0.5664788","-0.034722447,-0.8525937,0.71486855","0.040587105,-0.43978867,0.33348942,-0.4161711,-0.047518164,0.75782466,-0.30771932,-0.045497075,0.5664788",0.0
"0.040587105,-0.43978867,0.33348942,-0.4161711,-0.047518164,0.75782466,-0.30771932,-0.045497075,0.5664788","0.11441517,-0.7180704,0.96872306","0.051512923,-0.5385197,0.43756,-0.42779315,-0.06397595,0.65339714,-0.30771932,-0.045497075,0.5664788",0.0
"0.051512923,-0.5385197,0.43756,-0.42779315,-0.06397595,0.65339714,-0.30771932,-0.045497075,0.5664788","-0.08301914,-0.008328855,0.79757833","0.043585196,-0.5396649,0.5232444,-0.31431302,-0.03746502,0.630398,-0.30771932,-0.045497075,0.5664788",0.0
"0.043585196,-0.5396649,0.5232444,-0.31431302,-0.03746502,0.630398,-0.30771932,-0.045497075,0.5664788","-0.008973002,-0.33988774,0.5266578","0.04272834,-0.58639777,0.5798236,-0.3047439,-0.035313062,0.56775534,-0.30771932,-0.045497075,0.5664788",0.0
"0.0,0.0,0.0,2.8652207e-07,0.005789075,0.993462,0.2960234,0.09549707,0.5664788","0.8260795,0.3684547,0.88911104","0.0788846,0.05066062,0.09551777,0.22998971,0.06416463,0.95077956,0.2960234,0.09549707,0.5664788",0.0
"0.0788846,0.05066062,0.09551777,0.22998971,0.06416463,0.95077956,0.2960234,0.09549707,0.5664788","0.18970633,0.014927626,0.99448943","0.097000174,0.052713092,0.20235643,0.35230598,0.1168804,0.8654461,0.2960234,0.09549707,0.5664788",0.0
"0.097000174,0.052713092,0.20235643,0.35230598,0.1168804,0.8654461,0.2960234,0.09549707,0.5664788","-0.14098662,-0.39857066,0.97575855","0.083536975,-0.0020883314,0.30718285,0.36013633,0.10273986,0.8020258,0.2960234,0.09549707,0.5664788",0.0
"0.083536975,-0.0020883314,0.30718285,0.36013633,0.10273986,0.8020258,0.2960234,0.09549707,0.5664788","0.16945648,-0.5413265,0.84853077","0.09971883,-0.076517954,0.39834115,0.3057342,0.10512616,0.7540314,0.2960234,0.09549707,0.5664788",0.0
"0.09971883,-0.076517954,0.39834115,0.3057342,0.10512616,0.7540314,0.2960234,0.09549707,0.5664788","-0.10965401,-0.3210867,0.94539046","0.08924767,-0.12066574,0.4999051,0.3099176,0.09527013,0.65257126,0.2960234,0.09549707,0.5664788",0.0
"0.08924767,-0.12066574,0.4999051,0.3099176,0.09527013,0.65257126,0.2960234,0.09549707,0.5664788","-0.009802341,-0.3592745,0.69351935","0.0883116,-0.17006417,0.57441044,0.2797848,0.08569774,0.5821456,0.2960234,0.09549707,0.5664788",0.0
"0.0883116,-0.17006417,0.57441044,0.2797848,0.08569774,0.5821456,0.2960234,0.09549707,0.5664788","0.011412621,0.071223736,0.010259867","0.08940141,-0.16027129,0.5755127,0.2927391,0.09047739,0.5733618,0.2960234,0.09549707,0.5664788",0.0
"0.0,0.0,0.0,2.8652207e-07,0.005789075,0.993462,0.6675439,0.22304092,0.62845707","0.23422742,0.98492384,0.97446036","0.022367025,0.13542196,0.104686886,0.41972142,0.035345122,0.87569857,0.6675439,0.22304092,0.62845707",0.0
"0.022367025,0.13542196,0.104686886,0.41972142,0.035345122,0.87569857,0.6675439,0.22304092,0.62845707","0.56503344,0.6712725,0.8064339","0.07632362,0.22771849,0.19132261,0.6441,0.16343033,0.6549152,0.6675439,0.22304092,0.62845707",0.0
"0.07632362,0.22771849,0.19132261,0.6441,0.16343033,0.6549152,0.6675439,0.22304092,0.62845707","0.29557085,0.25562298,-0.097751975","0.10454849,0.26286536,0.18082105,0.66900116,0.23410717,0.61028844,0.6675439,0.22304092,0.62845707",0.0
"0.10454849,0.26286536,0.18082105,0.66900116,0.23410717,0.61028844,0.6675439,0.22304092,0.62845707","-0.04336703,-0.009623706,-0.037823915","0.10040726,0.26154217,0.17675762,0.6676096,0.22395445,0.61813676,0.6675439,0.22304092,0.62845707",0.0
"0.0,0.0,0.0,2.8652207e-07,0.005789075,0.993462,0.9032749,-0.1448538,0.05502712","-0.4152243,0.9895828,-0.17975438","-0.0396509,0.13606255,-0.01931115,0.26350603,-0.027160676,0.95287985,0.9032749,-0.1448538,0.05502712",0.0
"-0.0396509,0.13606255,-0.01931115,0.26350603,-0.027160676,0.95287985,0.9032749,-0.1448538,0.05502712","0.09513903,0.50560164,-0.54937947","-0.030565804,0.20558022,-0.07833137,0.3272384,-0.025704198,0.92411476,0.9032749,-0.1448538,0.05502712",0.0
"-0.030565804,0.20558022,-0.07833137,0.3272384,-0.025704198,0.92411476,0.9032749,-0.1448538,0.05502712","-0.10949516,0.991101,0.99999964","-0.041021794,0.34185153,0.029099174,0.69825536,-0.0846506,0.6662184,0.9032749,-0.1448538,0.05502712",0.0
"-0.041021794,0.34185153,0.029099174,0.69825536,-0.0846506,0.6662184,0.9032749,-0.1448538,0.05502712","-0.18787402,0.6491462,0.7596364","-0.0589624,0.43110585,0.11070735,0.8598173,-0.15522595,0.38395682,0.9032749,-0.1448538,0.05502712",0.0
"-0.0589624,0.43110585,0.11070735,0.8598173,-0.15522595,0.38395682,0.9032749,-0.1448538,0.05502712","-0.21593022,0.29391527,0.8416989","-0.07958217,0.47151774,0.20113155,0.8959628,-0.22281624,0.1560181,0.9032749,-0.1448538,0.05502712",0.0
"-0.07958217,0.47151774,0.20113155,0.8959628,-0.22281624,0.1560181,0.9032749,-0.1448538,0.05502712","0.31020403,-0.045238912,0.65393984","-0.04995994,0.4652977,0.2713847,0.8993626,-0.13646795,0.061107777,0.9032749,-0.1448538,0.05502712",0.0
"0.0,0.0,0.0,2.8652207e-07,0.005789075,0.993462,0.7698831,0.25818712,0.5180991","0.03128636,0.98862875,0.99625015","0.0029876253,0.13593137,0.10702778,0.42479378,0.009776694,0.8731349,0.7698831,0.25818712,0.5180991",0.0
"0.0029876253,0.13593137,0.10702778,0.42479378,0.009776694,0.8731349,0.7698831,0.25818712,0.5180991","0.67202365,0.92060137,0.895807","0.06716101,0.26250932,0.20326488,0.70497984,0.15691338,0.57954437,0.7698831,0.25818712,0.5180991",0.0
"0.06716101,0.26250932,0.20326488,0.70497984,0.15691338,0.57954437,0.7698831,0.25818712,0.5180991","0.4140625,0.55639195,-0.27312982","0.10670097,0.33901036,0.17392236,0.75692165,0.26981035,0.47938868,0.7698831,0.25818712,0.5180991",0.0
"0.10670097,0.33901036,0.17392236,0.75692165,0.26981035,0.47938868,0.7698831,0.25818712,0.5180991","-0.030438304,0.22157073,-0.34810215","0.10379434,0.36947525,0.13652553,0.7752174,0.26825178,0.47357726,0.7698831,0.25818712,0.5180991",0.0
"0.10379434,0.36947525,0.13652553,0.7752174,0.26825178,0.47357726,0.7698831,0.25818712,0.5180991","-0.15179837,0.08136332,-0.27791023","0.0892987,0.3806623,0.10666943,0.78318083,0.23169014,0.49391955,0.7698831,0.25818712,0.5180991",0.0
"0.0892987,0.3806623,0.10666943,0.78318083,0.23169014,0.49391955,0.7698831,0.25818712,0.5180991","0.078170896,-0.02021575,-0.040308833","0.096763454,0.37788278,0.10233901,0.77181864,0.24819899,0.5055189,0.7698831,0.25818712,0.5180991",0.0
"0.0,0.0,0.0,2.8652207e-07,0.005789075,0.993462,-0.28192985,-0.0057894737,0.7005036","0.14769197,-0.8097257,0.7981893","0.014103497,-0.11133314,0.08575001,-0.12072961,0.00044206777,0.97723925,-0.28192985,-0.0057894737,0.7005036",0.0
"0.014103497,-0.11133314,0.08575001,-0.12072961,0.00044206777,0.97723925,-0.28192985,-0.0057894737,0.7005036","0.20803428,-0.92720824,0.8000754","0.033969253,-0.23881955,0.17170267,-0.26589024,-0.022661224,0.9196593,-0.28192985,-0.0057894737,0.7005036",0.0
"0.033969253,-0.23881955,0.17170267,-0.26589024,-0.022661224,0.9196593,-0.28192985,-0.0057894737,0.7005036","-0.2766881,-0.5499933,0.9774103","0.007547539,-0.31444085,0.27670655,-0.26985222,-0.00060902775,0.8663685,-0.28192985,-0.0057894737,0.7005036",0.0
"0.007547539,-0.31444085,0.27670655,-0.26985222,-0.00060902775,0.8663685,-0.28192985,-0.0057894737,0.7005036","0.18660378,-0.22004163,0.88484156","0.025366839,-0.3446955,0.37176573,-0.19633615,-0.009872109,0.82173103,-0.28192985,-0.0057894737,0.7005036",0.0
"0.025366839,-0.3446955,0.37176573,-0.19633615,-0.009872109,0.82173103,-0.28192985,-0.0057894737,0.7005036","-0.05595249,-0.6646801,0.56670463","0.020023776,-0.43608564,0.43264726,-0.27526772,-0.011538448,0.7433815,-0.28192985,-0.0057894737,0.7005036",0.0
"0.020023776,-0.43608564,0.43264726,-0.27526772,-0.011538448,0.7433815,-0.28192985,-0.0057894737,0.7005036","0.040926337,-0.2711829,0.38777304","0.023931943,-0.47337195,0.47430605,-0.28023505,-0.015303605,0.70047086,-0.28192985,-0.0057894737,0.7005036",0.0
"0.0,0.0,0.0,2.8652207e-07,0.005789075,0.993462,-0.06549708,-0.72005844,0.53209","-0.9488395,0.87132955,0.6821573","-0.09060728,0.11980333,0.07328458,0.33982947,-0.09340119,0.9150809,-0.06549708,-0.72005844,0.53209",0.0
"-0.09060728,0.11980333,0.07328458,0.33982947,-0.09340119,0.9150809,-0.06549708,-0.72005844,0.53209","-0.993182,0.5827744,0.33649063","-0.18544896,0.19993182,0.10943398,0.45962182,-0.2959118,0.79484606,-0.06549708,-0.72005844,0.53209",0.0
"-0.18544896,0.19993182,0.10943398,0.45962182,-0.2959118,0.79484606,-0.06549708,-0.72005844,0.53209","-0.96682656,0.3378818,0.28144932","-0.27777386,0.24638884,0.13967025,0.4242707,-0.49660873,0.6917959,-0.06549708,-0.72005844,0.53209",0.0
"-0.27777386,0.24638884,0.13967025,0.4242707,-0.49660873,0.6917959,-0.06549708,-0.72005844,0.53209","-0.9583329,0.1822685,0.22816789","-0.3692877,0.27144983,0.16418247,0.28864342,-0.64844304,0.6181505,-0.06549708,-0.72005844,0.53209",0.0
"-0.3692877,0.27144983,0.16418247,0.28864342,-0.64844304,0.6181505,-0.06549708,-0.72005844,0.53209","-0.926063,-0.074160755,0.73318946","-0.45772,0.26125315,0.24294949,0.10386069,-0.7336289,0.52420527,-0.06549708,-0.72005844,0.53209",0.0
"-0.45772,0.26125315,0.24294949,0.10386069,-0.7336289,0.52420527,-0.06549708,-0.72005844,0.53209","-0.7783115,-0.0380798,0.08445597","-0.5320431,0.2560174,0.25202268,-0.06844049,-0.7351535,0.52018666,-0.06549708,-0.72005844,0.53209",0.0
"-0.5320431,0.2560174,0.25202268,-0.06844049,-0.7351535,0.52018666,-0.06549708,-0.72005844,0.53209","0.18947959,-0.14196455,0.15034592","-0.51394916,0.23649803,0.26817447,-0.025787903,-0.72017276,0.5308887,-0.06549708,-0.72005844,0.53209",0.0
"-0.51394916,0.23649803,0.26817447,-0.025787903,-0.72017276,0.5308887,-0.06549708,-0.72005844,0.53209","-0.24381769,-0.03438145,0.09612775","-0.537232,0.23177077,0.27850154,-0.07814621,-0.7146357,0.5237723,-0.06549708,-0.72005844,0.53209",0.0
"0.0,0.0,0.0,2.8652207e-07,0.005789075,0.993462,-0.0048538013,0.0033918128,0.23331277","0.4006331,-0.9876128,0.9179318","0.03825754,-0.13579169,0.09861403,-0.15430547,-0.012804657,0.969269,-0.0048538013,0.0033918128,0.23331277",0.0
"0.03825754,-0.13579169,0.09861403,-0.15430547,-0.012804657,0.969269,-0.0048538013,0.0033918128,0.23331277","-0.5118846,0.075297594,0.93467236","-0.010623742,-0.12543869,0.19902651,0.0058059804,0.0055985097,0.9508067,-0.0048538013,0.0033918128,0.23331277",0.0
"-0.010623742,-0.12543869,0.19902651,0.0058059804,0.0055985097,0.9508067,-0.0048538013,0.0033918128,0.23331277","0.46163774,-0.88435525,0.9972737","0.033459302,-0.24703304,0.30616432,-0.09833705,-0.004553751,0.8874668,-0.0048538013,0.0033918128,0.23331277",0.0
"0.033459302,-0.24703304,0.30616432,-0.09833705,-0.004553751,0.8874668,-0.0048538013,0.0033918128,0.23331277","0.2859261,-0.735028,0.91697645","0.060763165,-0.34809566,0.40467578,-0.1574001,-0.024520736,0.8036976,-0.0048538013,0.0033918128,0.23331277",0.0
"0.060763165,-0.34809566,0.40467578,-0.1574001,-0.024520736,0.8036976,-0.0048538013,0.0033918128,0.23331277","-0.012285769,0.014741182,0.96107435","0.05958996,-0.34606886,0.5079247,-0.031350266,-4.638531e-05,0.72479343,-0.0048538013,0.0033918128,0.23331277",0.0
"0.05958996,-0.34606886,0.5079247,-0.031350266,-4.638531e-05,0.72479343,-0.0048538013,0.0033918128,0.23331277","0.87040806,0.05516696,0.9663253","0.1427076,-0.33848375,0.61173767,0.06931639,0.03976505,0.60665566,-0.0048538013,0.0033918128,0.23331277",0.0
"0.1427076,-0.33848375,0.61173767,0.06931639,0.03976505,0.60665566,-0.0048538013,0.0033918128,0.23331277","-0.22325677,-0.72779083,0.83166146","0.12138819,-0.43855128,0.70108366,0.013681175,0.011723201,0.50188226,-0.0048538013,0.0033918128,0.23331277",0.0
"0.12138819,-0.43855128,0.70108366,0.013681175,0.011723201,0.50188226,-0.0048538013,0.0033918128,0.23331277","-0.5219079,-0.63300896,0.97255206","0.071549766,-0.5255868,0.8055656,-0.0053480226,0.0047159255,0.361501,-0.0048538013,0.0033918128,0.23331277",0.0
"0.071549766,-0.5255868,0.8055656,-0.0053480226,0.0047159255,0.361501,-0.0048538013,0.0033918128,0.23331277","-0.24741513,-0.4537258,0.69816685","0.047923416,-0.5879718,0.8805702,-0.012987251,0.0038853644,0.25384378,-0.0048538013,0.0033918128,0.23331277",0.0
"0.047923416,-0.5879718,0.8805702,-0.012987251,0.0038853644,0.25384378,-0.0048538013,0.0033918128,0.23331277","0.4631008,0.017469883,0.101886034","0.09214618,-0.58556986,0.8915159,-0.0063762637,0.004141481,0.2380075,-0.0048538013,0.0033918128,0.23331277",0.0
"0.0,0.0,0.0,2.8652207e-07,0.005789075,0.993462,0.47239769,0.5216959,0.62845707","0.9225514,0.9558203,0.9938407","0.08809697,0.13142037,0.10676893,0.3984132,0.11918963,0.8779852,0.47239769,0.5216959,0.62845707",0.0
"0.08809697,0.13142037,0.10676893,0.3984132,0.11918963,0.8779852,0.47239769,0.5216959,0.62845707","0.8560684,0.6598942,0.90625167","0.1698453,0.22215244,0.20412812,0.5697332,0.34328994,0.6466743,0.47239769,0.5216959,0.62845707",0.0
"0.1698453,0.22215244,0.20412812,0.5697332,0.34328994,0.6466743,0.47239769,0.5216959,0.62845707","0.5479263,0.35700798,-0.12506497","0.22216827,0.27123922,0.1906923,0.5530123,0.47143024,0.58188593,0.47239769,0.5216959,0.62845707",0.0
"0.22216827,0.27123922,0.1906923,0.5530123,0.47143024,0.58188593,0.47239769,0.5216959,0.62845707","0.1394105,-0.06336355,-0.19914126","0.23548096,0.26252708,0.16929843,0.51344603,0.47645953,0.6265777,0.47239769,0.5216959,0.62845707",0.0
"0.23548096,0.26252708,0.16929843,0.51344603,0.47645953,0.6265777,0.47239769,0.5216959,0.62845707","0.026729584,-0.004018247,0.07173848","0.23803343,0.2619746,0.17700535,0.51291025,0.4836235,0.6170553,0.47239769,0.5216959,0.62845707",0.0
"0.23803343,0.2619746,0.17700535,0.51291025,0.4836235,0.6170553,0.47239769,0.5216959,0.62845707","0.1849488,-0.015686512,0.028722405","0.25569472,0.2598178,0.18009102,0.48459548,0.51059204,0.61654127,0.47239769,0.5216959,0.62845707",0.0
"0.25569472,0.2598178,0.18009102,0.48459548,0.51059204,0.61654127,0.47239769,0.5216959,0.62845707","0.02292347,0.035730958,0.018041134","0.25788373,0.26473066,0.18202919,0.48677373,0.5199031,0.6053908,0.47239769,0.5216959,0.62845707",0.0
"0.25788373,0.26473066,0.18202919,0.48677373,0.5199031,0.6053908,0.47239769,0.5216959,0.62845707","-0.12220091,-0.06963396,-0.0009741187","0.24621445,0.2551564,0.18192454,0.4956708,0.49211207,0.62200683,0.47239769,0.5216959,0.62845707",0.0
"0.24621445,0.2551564,0.18192454,0.4956708,0.49211207,0.62200683,0.47239769,0.5216959,0.62845707","0.21576667,0.011898875,0.03056848","0.26681858,0.25679246,0.18520853,0.465842,0.5265252,0.61471146,0.47239769,0.5216959,0.62845707",0.0
"0.0,0.0,0.0,2.8652207e-07,0.005789075,0.993462,-0.11432749,-0.18561403,0.47566882","-0.70197433,-0.05471444,0.9771192","-0.06703346,-0.007522965,0.10497255,0.12686242,-0.021198321,0.9721221,-0.11432749,-0.18561403,0.47566882",0.0
"-0.06703346,-0.007522965,0.10497255,0.12686242,-0.021198321,0.9721221,-0.11432749,-0.18561403,0.47566882","-0.98681504,-0.8118926,0.93267596","-0.16126715,-0.119154036,0.20517056,0.02633686,-0.007994869,0.947746,-0.11432749,-0.18561403,0.47566882",0.0
"-0.16126715,-0.119154036,0.20517056,0.02633686,-0.007994869,0.947746,-0.11432749,-0.18561403,0.47566882","-0.7165066,-0.040799737,0.916826","-0.22968835,-0.124763824,0.30366582,0.10846068,-0.08772153,0.8829977,-0.11432749,-0.18561403,0.47566882",0.0
"-0.22968835,-0.124763824,0.30366582,0.10846068,-0.08772153,0.8829977,-0.11432749,-0.18561403,0.47566882","-0.782658,-0.29941624,0.952906","-0.30442652,-0.16593204,0.40603718,0.10486128,-0.1385908,0.79926085,-0.11432749,-0.18561403,0.47566882",0.0
"-0.30442652,-0.16593204,0.40603718,0.10486128,-0.1385908,0.79926085,-0.11432749,-0.18561403,0.47566882","-0.86974657,-0.56046,0.8474462","-0.387481,-0.24299242,0.49707893,0.049862105,-0.11840932,0.7242237,-0.11432749,-0.18561403,0.47566882",0.0
"-0.387481,-0.24299242,0.49707893,0.049862105,-0.11840932,0.7242237,-0.11432749,-0.18561403,0.47566882","-0.9483707,-0.14499766,0.8213682","-0.47804353,-0.26292887,0.5853191,0.017367085,-0.16738795,0.6189091,-0.11432749,-0.18561403,0.47566882",0.0
"-0.47804353,-0.26292887,0.5853191,0.017367085,-0.16738795,0.6189091,-0.11432749,-0.18561403,0.47566882","-0.8746446,-0.028888702,0.46631265","-0.5615657,-0.26690096,0.63541543,-0.031374905,-0.19030386,0.550111,-0.11432749,-0.18561403,0.47566882",0.0
"-0.5615657,-0.26690096,0.63541543,-0.031374905,-0.19030386,0.550111,-0.11432749,-0.18561403,0.47566882","-0.8510413,-0.031761706,0.34550917","-0.64283395,-0.27126807,0.67253375,-0.083363965,-0.18648231,0.49746722,-0.11432749,-0.18561403,0.47566882",0.0
"-0.64283395,-0.27126807,0.67253375,-0.083363965,-0.18648231,0.49746722,-0.11432749,-0.18561403,0.47566882","-0.4660319,0.12553751,0.13769984","-0.6873366,-0.25400734,0.68732697,-0.12253668,-0.1940195,0.46593502,-0.11432749,-0.18561403,0.47566882",0.0
"0.0,0.0,0.0,2.8652207e-07,0.005789075,0.993462,-0.053391814,0.71450293,0.42493555","0.9617802,0.99822426,0.91165745","0.09184303,0.13725069,0.09793993,0.39796436,0.12416121,0.87960434,-0.053391814,0.71450293,0.42493555",0.0
"0.09184303,0.13725069,0.09793993,0.39796436,0.12416121,0.87960434,-0.053391814,0.71450293,0.42493555","0.9253793,0.70879817,0.81440973","0.18021004,0.23470683,0.1854325,0.56300896,0.364678,0.65141934,-0.053391814,0.71450293,0.42493555",0.0
"0.18021004,0.23470683,0.1854325,0.56300896,0.364678,0.65141934,-0.053391814,0.71450293,0.42493555","0.9556527,-0.07916784,0.2996453","0.27146795,0.22382167,0.21762359,0.44070607,0.51335704,0.6254103,-0.053391814,0.71450293,0.42493555",0.0
"0.27146795,0.22382167,0.21762359,0.44070607,0.51335704,0.6254103,-0.053391814,0.71450293,0.42493555","0.98390687,-0.55508685,0.2533251","0.36542392,0.14750011,0.24483849,0.23208953,0.529965,0.70552486,-0.053391814,0.71450293,0.42493555",0.0
"0.36542392,0.14750011,0.24483849,0.23208953,0.529965,0.70552486,-0.053391814,0.71450293,0.42493555","0.9488952,-0.17113507,0.28587878","0.4560365,0.12396992,0.27555066,0.07180795,0.55866617,0.69737864,-0.053391814,0.71450293,0.42493555",0.0
"0.4560365,0.12396992,0.27555066,0.07180795,0.55866617,0.69737864,-0.053391814,0.71450293,0.42493555","0.7774477,0.5465177,0.938002","0.53027713,0.19911331,0.37632084,-0.072834104,0.70242435,0.4308817,-0.053391814,0.71450293,0.42493555",0.0
"0.53027713,0.19911331,0.37632084,-0.072834104,0.70242435,0.4308817,-0.053391814,0.71450293,0.42493555","0.15620923,-0.010035396,0.0820514","0.545194,0.19773349,0.38513568,-0.10558238,0.69770235,0.4195368,-0.053391814,0.71450293,0.42493555",0.0
"0.545194,0.19773349,0.38513568,-0.10558238,0.69770235,0.4195368,-0.053391814,0.71450293,0.42493555","-0.21169215,0.21069825,-0.06733501","0.5249789,0.22670344,0.3779019,-0.06335198,0.73175985,0.37992373,-0.053391814,0.71450293,0.42493555",0.0
"0.5249789,0.22670344,0.3779019,-0.06335198,0.73175985,0.37992373,-0.053391814,0.71450293,0.42493555","0.23234153,-0.0041923523,-0.07302165","0.5471658,0.22612701,0.3700572,-0.11402607,0.7246581,0.39319447,-0.053391814,0.71450293,0.42493555",0.0
"0.5471658,0.22612701,0.3700572,-0.11402607,0.7246581,0.39319447,-0.053391814,0.71450293,0.42493555","-0.6033015,-0.026619315,-0.06720114","0.4895549,0.222467,0.36283776,0.01813684,0.72904867,0.41097453,-0.053391814,0.71450293,0.42493555",0.0
"0.4895549,0.222467,0.36283776,0.01813684,0.72904867,0.41097453,-0.053391814,0.71450293,0.42493555","0.3505386,-0.03615582,0.14875424","0.5230288,0.21749578,0.37881857,-0.05821407,0.7231139,0.3948889,-0.053391814,0.71450293,0.42493555",0.0
"0.5230288,0.21749578,0.37881857,-0.05821407,0.7231139,0.3948889,-0.053391814,0.71450293,0.42493555","-0.05675882,-0.007725835,-0.012757361","0.51760876,0.21643354,0.37744808,-0.045829583,0.7228552,0.39890456,-0.053391814,0.71450293,0.42493555",0.0
"0.51760876,0.21643354,0.37744808,-0.045829583,0.7228552,0.39890456,-0.053391814,0.71450293,0.42493555","0.22847366,0.00030374527,-0.034199655","0.5394263,0.21647532,0.37377402,-0.09520299,0.7178086,0.40455863,-0.053391814,0.71450293,0.42493555",0.0
"0.5394263,0.21647532,0.37377402,-0.09520299,0.7178086,0.40455863,-0.053391814,0.71450293,0.42493555","-0.2341938,0.0423038,-0.06975955","0.5170625,0.22229189,0.36627975,-0.04486317,0.7280377,0.40592542,-0.053391814,0.71450293,0.42493555",0.0
"0.5170625,0.22229189,0.36627975,-0.04486317,0.7280377,0.40592542,-0.053391814,0.71450293,0.42493555","0.09211731,-0.05700904,0.046226263","0.52585906,0.21445344,0.3712459,-0.06434493,0.7189311,0.41206306,-0.053391814,0.71450293,0.42493555",0.0
"0.0,0.0,0.0,2.8652207e-07,0.005789075,0.993462,-0.61619884,0.34005848,0.62845707","-0.48539734,-0.907024,-0.8970241","-0.04635193,-0.12471114,-0.09636786,-0.38542554,0.06237663,0.8932486,-0.61619884,0.34005848,0.62845707",0.0
"-0.04635193,-0.12471114,-0.09636786,-0.38542554,0.06237663,0.8932486,-0.61619884,0.34005848,0.62845707","-0.5364663,-0.80013347,0.02007401","-0.09758057,-0.2347254,-0.09421128,-0.5627478,0.18420315,0.7628564,-0.61619884,0.34005848,0.62845707",0.0
"-0.09758057,-0.2347254,-0.09421128,-0.5627478,0.18420315,0.7628564,-0.61619884,0.34005848,0.62845707","-0.099765,-0.7552506,0.71732664","-0.1071074,-0.33856854,-0.017148403,-0.64629304,0.23220064,0.6852555,-0.61619884,0.34005848,0.62845707",0.0
"-0.1071074,-0.33856854,-0.017148403,-0.64629304,0.23220064,0.6852555,-0.61619884,0.34005848,0.62845707","-0.17820954,-0.42413247,0.5414125","-0.124125116,-0.39688462,0.041015927,-0.6616619,0.2782008,0.6484263,-0.61619884,0.34005848,0.62845707",0.0
"-0.124125116,-0.39688462,0.041015927,-0.6616619,0.2782008,0.6484263,-0.61619884,0.34005848,0.62845707","-0.0153988,-0.13734674,0.8377489","-0.12559558,-0.41576916,0.13101587,-0.59496915,0.25402096,0.70139927,-0.61619884,0.34005848,0.62845707",0.0
"-0.12559558,-0.41576916,0.13101587,-0.59496915,0.25402096,0.70139927,-0.61619884,0.34005848,0.62845707","-0.05205232,-0.40875918,0.7018906","-0.13056621,-0.47197148,0.20642048,-0.5869676,0.2615578,0.6690549,-0.61619884,0.34005848,0.62845707",0.0
"-0.13056621,-0.47197148,0.20642048,-0.5869676,0.2615578,0.6690549,-0.61619884,0.34005848,0.62845707","-0.41668808,-0.13485885,-0.35115588","-0.17035688,-0.49051392,0.16869564,-0.6125067,0.36989412,0.6087659,-0.61619884,0.34005848,0.62845707",0.0
"-0.17035688,-0.49051392,0.16869564,-0.6125067,0.36989412,0.6087659,-0.61619884,0.34005848,0.62845707","0.09821284,-0.090159535,0.29158497","-0.16097829,-0.50291044,0.20002088,-0.6063454,0.34239048,0.6137561,-0.61619884,0.34005848,0.62845707",0.0
"0.0,0.0,0.0,2.8652207e-07,0.005789075,0.993462,0.3902924,-0.0057894737,0.8230218","-0.023857176,0.09460926,0.9815122","-0.0022781878,0.013008279,0.10544449,0.17268902,0.004553302,0.9643623,0.3902924,-0.0057894737,0.8230218",0.0
"-0.0022781878,0.013008279,0.10544449,0.17268902,0.004553302,0.9643623,0.3902924,-0.0057894737,0.8230218","0.21038759,0.18034732,0.82126427","0.0178123,0.0378051,0.19367345,0.33173743,0.024381425,0.88646466,0.3902924,-0.0057894737,0.8230218",0.0
"0.0178123,0.0378051,0.19367345,0.33173743,0.024381425,0.88646466,0.3902924,-0.0057894737,0.8230218","-0.19982827,-0.032245457,0.62012553","-0.0012698483,0.033371504,0.26029396,0.39453697,0.004215208,0.8225898,0.3902924,-0.0057894737,0.8230218",0.0
"0.0,0.0,0.0,2.8652207e-07,0.005789075,0.993462,0.83877194,-0.0057894737,0.12066658","-0.14109522,0.9857559,0.9999881","-0.013473565,0.13553637,0.107429355,0.4244314,-0.012181841,0.87319255,0.83877194,-0.0057894737,0.12066658",0.0
"-0.013473565,0.13553637,0.107429355,0.4244314,-0.012181841,0.87319255,0.83877194,-0.0057894737,0.12066658","0.13970566,0.733974,-0.86663246","-0.00013268278,0.23645402,0.014326464,0.5076492,0.005577502,0.83738035,0.83877194,-0.0057894737,0.12066658",0.0
"-0.00013268278,0.23645402,0.014326464,0.5076492,0.005577502,0.83738035,0.83877194,-0.0057894737,0.12066658","0.27051008,0.6489397,0.98661685","0.02569907,0.32567993,0.120319314,0.75226486,0.06667511,0.58055604,0.83877194,-0.0057894737,0.12066658",0.0
"0.02569907,0.32567993,0.120319314,0.75226486,0.06667511,0.58055604,0.83877194,-0.0057894737,0.12066658","-0.3273546,0.7050991,0.94753945","-0.0055609173,0.42262745,0.22211404,0.8935482,-0.009821732,0.23166128,0.83877194,-0.0057894737,0.12066658",0.0
"-0.0055609173,0.42262745,0.22211404,0.8935482,-0.009821732,0.23166128,0.83877194,-0.0057894737,0.12066658","-0.04097998,-0.39595652,0.78530014","-0.009474206,0.3681855,0.3064793,0.8534746,-0.01961825,0.21625602,0.83877194,-0.0057894737,0.12066658",0.0
"-0.009474206,0.3681855,0.3064793,0.8534746,-0.01961825,0.21625602,0.83877194,-0.0057894737,0.12066658","0.093221426,0.011009574,0.5517503","-0.0005722337,0.3696993,0.36575422,0.8403234,0.0042787185,0.12208528,0.83877194,-0.0057894737,0.12066658",0.0
"0.0,0.0,0.0,2.8652207e-07,0.005789075,0.993462,0.5116959,-0.0057894737,0.66238827","-0.31291652,0.73763597,0.695781","-0.029881252,0.101421155,0.07474819,0.3160548,-0.023942253,0.9290986,0.5116959,-0.0057894737,0.66238827",0.0
"-0.029881252,0.101421155,0.07474819,0.3160548,-0.023942253,0.9290986,0.5116959,-0.0057894737,0.66238827","0.3268088,0.39280224,0.045850277","0.0013266241,0.15542944,0.079673916,0.4306403,0.0075840494,0.87613356,0.5116959,-0.0057894737,0.66238827",0.0
"0.0013266241,0.15542944,0.079673916,0.4306403,0.0075840494,0.87613356,0.5116959,-0.0057894737,0.66238827","0.050971985,0.13088727,0.95288086","0.0061940826,0.17342578,0.18204251,0.5698463,0.016880408,0.7486387,0.5116959,-0.0057894737,0.66238827",0.0
"0.0061940826,0.17342578,0.18204251,0.5698463,0.016880408,0.7486387,0.5116959,-0.0057894737,0.66238827","-0.43929338,-0.41799676,0.8120276","-0.035755247,0.11595338,0.26927918,0.5429705,-0.055422988,0.7165761,0.5116959,-0.0057894737,0.66238827",0.0
"-0.035755247,0.11595338,0.26927918,0.5429705,-0.055422988,0.7165761,0.5116959,-0.0057894737,0.66238827","0.2923745,-0.39642644,0.6221715","-0.007835602,0.06144679,0.3361195,0.5052853,-0.0066495663,0.69658655,0.5116959,-0.0057894737,0.66238827",0.0
"-0.007835602,0.06144679,0.3361195,0.5052853,-0.0066495663,0.69658655,0.5116959,-0.0057894737,0.66238827","-0.028715491,-0.06087303,0.3128091","-0.010577722,0.05307706,0.3697248,0.5130355,-0.011262357,0.66000205,0.5116959,-0.0057894737,0.66238827",0.0
"0.0,0.0,0.0,2.8652207e-07,0.005789075,0.993462,0.32596493,0.48830408,0.5930222","0.9513016,0.9473071,0.9402914","0.0908424,0.13024986,0.1010161,0.3887153,0.12008197,0.8840473,0.32596493,0.48830408,0.5930222",0.0
"0.0908424,0.13024986,0.1010161,0.3887153,0.12008197,0.8840473,0.32596493,0.48830408,0.5930222","0.77979636,0.67206466,0.72586536","0.1653073,0.2226553,0.17899626,0.55929935,0.32640374,0.6792943,0.32596493,0.48830408,0.5930222",0.0
"0.1653073,0.2226553,0.17899626,0.55929935,0.32640374,0.6792943,0.32596493,0.48830408,0.5930222","0.71964014,-0.38881534,0.589175","0.23402771,0.1691952,0.24229172,0.44925782,0.4140984,0.6774452,0.32596493,0.48830408,0.5930222",0.0
"0.23402771,0.1691952,0.24229172,0.44925782,0.4140984,0.6774452,0.32596493,0.48830408,0.5930222","0.65836966,-0.107044935,0.78180695","0.29689723,0.15447709,0.32628176,0.37514684,0.51562226,0.5806132,0.32596493,0.48830408,0.5930222",0.0
"0.29689723,0.15447709,0.32628176,0.37514684,0.51562226,0.5806132,0.32596493,0.48830408,0.5930222","0.19501579,-0.27755922,0.16903245","0.31551984,0.11631413,0.34444106,0.31984025,0.49922097,0.6111656,0.32596493,0.48830408,0.5930222",0.0
"0.31551984,0.11631413,0.34444106,0.31984025,0.49922097,0.6111656,0.32596493,0.48830408,0.5930222","0.017388105,-0.060400307,0.14691007","0.31718028,0.1080094,0.36022374,0.3148777,0.4972447,0.59992474,0.32596493,0.48830408,0.5930222",0.0
"0.0,0.0,0.0,2.8652207e-07,0.005789075,0.993462,0.0036842106,0.008596491,0.64963955","0.6664804,-0.8486959,0.94784","0.06364403,-0.11669133,0.10182708,-0.10855751,-0.016092665,0.9754051,0.0036842106,0.008596491,0.64963955",0.0
"0.06364403,-0.11669133,0.10182708,-0.10855751,-0.016092665,0.9754051,0.0036842106,0.008596491,0.64963955","0.07909167,0.07769823,0.9905951","0.0711967,-0.10600825,0.20824738,0.055541564,0.018571489,0.9448163,0.0036842106,0.008596491,0.64963955",0.0
"0.0711967,-0.10600825,0.20824738,0.055541564,0.018571489,0.9448163,0.0036842106,0.008596491,0.64963955","-0.9272444,-0.7826437,0.96082425","-0.01734843,-0.21361776,0.3114694,-0.025312608,0.0071787443,0.8896026,0.0036842106,0.008596491,0.64963955",0.0
"-0.01734843,-0.21361776,0.3114694,-0.025312608,0.0071787443,0.8896026,0.0036842106,0.008596491,0.64963955","0.84695053,-0.4304365,0.9425714","0.06352919,-0.27280062,0.41273052,-0.01350589,0.0031745094,0.81386536,0.0036842106,0.008596491,0.64963955",0.0
"0.06352919,-0.27280062,0.41273052,-0.01350589,0.0031745094,0.81386536,0.0036842106,0.008596491,0.64963955","0.42639685,-0.5144656,0.7617147","0.10424699,-0.34353703,0.4945621,-0.041153345,-0.007867242,0.73759604,0.0036842106,0.008596491,0.64963955",0.0
"0.10424699,-0.34353703,0.4945621,-0.041153345,-0.007867242,0.73759604,0.0036842106,0.008596491,0.64963955","-0.7387297,-0.053263187,0.68666744","0.033703655,-0.3508605,0.5683313,0.022935838,0.0082595,0.6610789,0.0036842106,0.008596491,0.64963955",0.0
"0.033703655,-0.3508605,0.5683313,0.022935838,0.0082595,0.6610789,0.0036842106,0.008596491,0.64963955","0.6666746,-0.12583512,0.1279285","0.097366236,-0.3681622,0.5820748,0.008451504,0.008739954,0.6460903,0.0036842106,0.008596491,0.64963955",0.0
"0.0,0.0,0.0,2.8652207e-07,0.005789075,0.993462,0.02894737,0.02222222,0.3823091","0.46033597,-0.6938221,0.91920877","0.043958727,-0.09539699,0.0987512,-0.06847866,-0.003672697,0.98026067,0.02894737,0.02222222,0.3823091",0.0
"0.043958727,-0.09539699,0.0987512,-0.06847866,-0.003672697,0.98026067,0.02894737,0.02222222,0.3823091","0.7155981,-0.092829525,0.95237637","0.11229313,-0.1081606,0.20106564,0.03961318,0.02075387,0.9488015,0.02894737,0.02222222,0.3823091",0.0
"0.11229313,-0.1081606,0.20106564,0.03961318,0.02075387,0.9488015,0.02894737,0.02222222,0.3823091","0.35672903,0.3053298,0.96967554","0.14635816,-0.06617934,0.30523854,0.2250914,0.117924914,0.85337603,0.02894737,0.02222222,0.3823091",0.0
"0.14635816,-0.06617934,0.30523854,0.2250914,0.117924914,0.85337603,0.02894737,0.02222222,0.3823091","0.20207238,-0.7681902,0.96862054","0.16565458,-0.17180155,0.40929815,0.14154598,0.08779539,0.7981527,0.02894737,0.02222222,0.3823091",0.0
"0.16565458,-0.17180155,0.40929815,0.14154598,0.08779539,0.7981527,0.02894737,0.02222222,0.3823091","0.31838202,-0.7259375,0.98314524","0.19605775,-0.27161422,0.51491815,0.07670237,0.06138159,0.71117246,0.02894737,0.02222222,0.3823091",0.0
"0.19605775,-0.27161422,0.51491815,0.07670237,0.06138159,0.71117246,0.02894737,0.02222222,0.3823091","0.54637694,-0.7065355,0.90141964","0.24823278,-0.36875927,0.6117583,0.022067174,0.029965611,0.6109318,0.02894737,0.02222222,0.3823091",0.0
"0.24823278,-0.36875927,0.6117583,0.022067174,0.029965611,0.6109318,0.02894737,0.02222222,0.3823091","-0.30009067,-0.6323967,0.9151727","0.2195763,-0.45571062,0.7100759,-0.001114986,0.0065852804,0.49053624,0.02894737,0.02222222,0.3823091",0.0
"0.2195763,-0.45571062,0.7100759,-0.001114986,0.0065852804,0.49053624,0.02894737,0.02222222,0.3823091","-0.35182494,-0.05382061,0.65255976","0.18597956,-0.46311074,0.7801809,0.03137037,0.027685499,0.3946611,0.02894737,0.02222222,0.3823091",0.0
"0.0,0.0,0.0,2.8652207e-07,0.005789075,0.993462,-0.6472515,0.113859646,0.51169205","-0.54501605,-0.940341,-0.7924347","-0.05204508,-0.12929204,-0.08513176,-0.37983742,0.068532005,0.8977853,-0.6472515,0.113859646,0.51169205",0.0
"-0.05204508,-0.12929204,-0.08513176,-0.37983742,0.068532005,0.8977853,-0.6472515,0.113859646,0.51169205","-0.44204783,-0.94331664,0.9362569","-0.09425745,-0.25899327,0.015450935,-0.4898467,0.15549928,0.8331482,-0.6472515,0.113859646,0.51169205",0.0
"-0.09425745,-0.25899327,0.015450935,-0.4898467,0.15549928,0.8331482,-0.6472515,0.113859646,0.51169205","0.25488377,-0.7108686,0.621431","-0.06991791,-0.3567341,0.08221171,-0.59190917,0.13807897,0.75231534,-0.6472515,0.113859646,0.51169205",0.0
"-0.06991791,-0.3567341,0.08221171,-0.59190917,0.13807897,0.75231534,-0.6472515,0.113859646,0.51169205","0.3358251,-0.8331911,0.50796103","-0.03784905,-0.47129363,0.13678233,-0.7185441,0.09167473,0.6134704,-0.6472515,0.113859646,0.51169205",0.0
"-0.03784905,-0.47129363,0.13678233,-0.7185441,0.09167473,0.6134704,-0.6472515,0.113859646,0.51169205","0.22397828,-0.4124068,0.7570642","-0.016460752,-0.5279975,0.21811429,-0.70853996,0.04247038,0.58526796,-0.6472515,0.113859646,0.51169205",0.0
"-0.016460752,-0.5279975,0.21811429,-0.70853996,0.04247038,0.58526796,-0.6472515,0.113859646,0.51169205","-0.45996737,-0.13683629,0.8105198","-0.0603843,-0.5468118,0.30518898,-0.61413336,0.12381591,0.61259747,-0.6472515,0.113859646,0.51169205",0.0
"-0.0603843,-0.5468118,0.30518898,-0.61413336,0.12381591,0.61259747,-0.6472515,0.113859646,0.51169205","0.39116657,-0.5075372,0.73851955","-0.023030732,-0.6165956,0.38452867,-0.61373204,0.05028763,0.5440289,-0.6472515,0.113859646,0.51169205",0.0
"-0.023030732,-0.6165956,0.38452867,-0.61373204,0.05028763,0.5440289,-0.6472515,0.113859646,0.51169205","-0.27599472,-0.113363385,-0.095677435","-0.049386226,-0.63218254,0.37425002,-0.64047015,0.10603476,0.51519334,-0.6472515,0.113859646,0.51169205",0.0
"0.0,0.0,0.0,2.8652207e-07,0.005789075,0.993462,0.004502924,-0.003859649,0.23331277","-0.8771908,-0.8018242,0.9314203","-0.083765365,-0.110246725,0.1000631,-0.09339907,0.031157805,0.9771337,0.004502924,-0.003859649,0.23331277",0.0
"-0.083765365,-0.110246725,0.1000631,-0.09339907,0.031157805,0.9771337,0.004502924,-0.003859649,0.23331277","-0.5611795,-0.95762694,0.9516103","-0.13735394,-0.24191555,0.20229526,-0.20681703,0.10160259,0.91789013,0.004502924,-0.003859649,0.23331277",0.0
"-0.13735394,-0.24191555,0.20229526,-0.20681703,0.10160259,0.91789013,0.004502924,-0.003859649,0.23331277","-0.77598685,-0.8946773,0.95834017","-0.21145506,-0.3649291,0.30525044,-0.25240716,0.20499504,0.82651603,0.004502924,-0.003859649,0.23331277",0.0
"-0.21145506,-0.3649291,0.30525044,-0.25240716,0.20499504,0.82651603,0.004502924,-0.003859649,0.23331277","-0.94182557,-0.08977711,0.98031855","-0.30139256,-0.37727305,0.41056675,-0.114193305,0.16853815,0.7876584,0.004502924,-0.003859649,0.23331277",0.0
"-0.30139256,-0.37727305,0.41056675,-0.114193305,0.16853815,0.7876584,0.004502924,-0.003859649,0.23331277","-0.9221182,0.34684682,0.899927","-0.38944817,-0.32958347,0.50724655,0.003943675,0.006114321,0.72616744,0.004502924,-0.003859649,0.23331277",0.0
"-0.38944817,-0.32958347,0.50724655,0.003943675,0.006114321,0.72616744,0.004502924,-0.003859649,0.23331277","-0.827096,-0.7929281,0.98463106","-0.46842983,-0.43860707,0.61302614,-0.00031385844,0.061623506,0.60736907,0.004502924,-0.003859649,0.23331277",0.0
"-0.46842983,-0.43860707,0.61302614,-0.00031385844,0.061623506,0.60736907,0.004502924,-0.003859649,0.23331277","-0.36487228,-0.071921825,0.8981756","-0.5032725,-0.44849598,0.7095178,0.0056709475,-0.011538444,0.49113706,0.004502924,-0.003859649,0.23331277",0.0
"-0.5032725,-0.44849598,0.7095178,0.0056709475,-0.011538444,0.49113706,0.004502924,-0.003859649,0.23331277","-0.7768758,-0.5110527,0.84067273","-0.5774585,-0.5187632,0.79983187,0.0059413784,-9.517136e-05,0.36953223,0.004502924,-0.003859649,0.23331277",0.0
"-0.5774585,-0.5187632,0.79983187,0.0059413784,-9.517136e-05,0.36953223,0.004502924,-0.003859649,0.23331277","-0.8165363,-0.42361057,0.7116759","-0.65543175,-0.5770075,0.87628776,0.008161427,0.0030228922,0.26028097,0.004502924,-0.003859649,0.23331277",0.0
"-0.65543175,-0.5770075,0.87628776,0.008161427,0.0030228922,0.26028097,0.004502924,-0.003859649,0.23331277","-0.30774117,-0.049908638,0.14977539","-0.6848188,-0.5838697,0.89237833,0.0066674813,-0.00039122082,0.236763,0.004502924,-0.003859649,0.23331277",0.0
"0.0,0.0,0.0,2.8652207e-07,0.005789075,0.993462,-0.31906435,-0.115672514,0.7721578","0.6076565,-0.907682,0.35282445","0.058026776,-0.12480162,0.03790418,-0.21322218,-0.033419445,0.96538043,-0.31906435,-0.115672514,0.7721578",0.0
"0.058026776,-0.12480162,0.03790418,-0.21322218,-0.033419445,0.96538043,-0.31906435,-0.115672514,0.7721578","0.8002689,-0.9257717,0.9650625","0.13444664,-0.2520905,0.1415815,-0.30823267,-0.13218117,0.9053069,-0.31906435,-0.115672514,0.7721578",0.0
"0.13444664,-0.2520905,0.1415815,-0.30823267,-0.13218117,0.9053069,-0.31906435,-0.115672514,0.7721578","0.18001306,-0.693997,0.88321066","0.15163657,-0.3475116,0.23646542,-0.34805378,-0.17308812,0.83944374,-0.31906435,-0.115672514,0.7721578",0.0
"0.15163657,-0.3475116,0.23646542,-0.34805378,-0.17308812,0.83944374,-0.31906435,-0.115672514,0.7721578","-0.43918824,-0.32481956,0.6698694","0.10969727,-0.39217263,0.30843,-0.3504726,-0.119650945,0.8032495,-0.31906435,-0.115672514,0.7721578",0.0
"0.10969727,-0.39217263,0.30843,-0.3504726,-0.119650945,0.8032495,-0.31906435,-0.115672514,0.7721578","0.090717316,-0.30488813,0.54892194","0.11836011,-0.43409324,0.36740112,-0.3391413,-0.12604481,0.76191056,-0.31906435,-0.115672514,0.7721578",0.0
"0.11836011,-0.43409324,0.36740112,-0.3391413,-0.12604481,0.76191056,-0.31906435,-0.115672514,0.7721578","0.012267351,0.017953634,0.056795","0.11953155,-0.43162474,0.3735027,-0.32683507,-0.12262446,0.7631942,-0.31906435,-0.115672514,0.7721578",0.0
"0.0,0.0,0.0,2.8652207e-07,0.005789075,0.993462,0.12847954,0.3073684,0.404603","0.92437553,0.748816,0.7456516","0.08827116,0.10295835,0.08010582,0.31274146,0.09503978,0.9243358,0.12847954,0.3073684,0.404603",0.0
"0.08827116,0.10295835,0.08010582,0.31274146,0.09503978,0.9243358,0.12847954,0.3073684,0.404603","0.86306274,-0.049550116,0.8051826","0.17068739,0.096145466,0.16660711,0.35410666,0.21718627,0.8587595,0.12847954,0.3073684,0.404603",0.0
"0.17068739,0.096145466,0.16660711,0.35410666,0.21718627,0.8587595,0.12847954,0.3073684,0.404603","0.6328871,-0.55795574,0.9686806","0.23112352,0.019429415,0.27067313,0.27956837,0.2559745,0.8241327,0.12847954,0.3073684,0.404603",0.0
"0.23112352,0.019429415,0.27067313,0.27956837,0.2559745,0.8241327,0.12847954,0.3073684,0.404603","0.8949683,0.006501198,0.9859675","0.3165865,0.02032329,0.37659624,0.2493693,0.39441073,0.68948585,0.12847954,0.3073684,0.404603",0.0
"0.3165865,0.02032329,0.37659624,0.2493693,0.39441073,0.68948585,0.12847954,0.3073684,0.404603","0.86370647,-0.64893997,0.97953796","0.39906418,-0.06890263,0.48182866,0.11645685,0.37343347,0.6333155,0.12847954,0.3073684,0.404603",0.0
"0.39906418,-0.06890263,0.48182866,0.11645685,0.37343347,0.6333155,0.12847954,0.3073684,0.404603","-0.22686613,-0.4620015,0.967644","0.37740013,-0.13242546,0.5857833,0.12489697,0.32348886,0.5357123,0.12847954,0.3073684,0.404603",0.0
"0.37740013,-0.13242546,0.5857833,0.12489697,0.32348886,0.5357123,0.12847954,0.3073684,0.404603","-0.33243477,-0.26711226,0.8396405","0.34565502,-0.16915204,0.6759864,0.14452384,0.28674394,0.42643303,0.12847954,0.3073684,0.404603",0.0
"0.34565502,-0.16915204,0.6759864,0.14452384,0.28674394,0.42643303,0.12847954,0.3073684,0.404603","0.21246076,0.050601244,0.12290907","0.3659435,-0.16219464,0.6891907,0.12911285,0.3023914,0.40031546,0.12847954,0.3073684,0.404603",0.0
"0.0,0.0,0.0,2.8652207e-07,0.005789075,0.993462,-0.29695907,-0.3140351,0.79987806","0.79026306,-0.88423353,0.8281622","0.075464375,-0.121577576,0.08897002,-0.1354626,-0.026775135,0.9740596,-0.29695907,-0.3140351,0.79987806",0.0
"0.075464375,-0.121577576,0.08897002,-0.1354626,-0.026775135,0.9740596,-0.29695907,-0.3140351,0.79987806","0.9085977,-0.75269663,0.8980303","0.16222885,-0.22506952,0.18544602,-0.19455326,-0.102105804,0.9279766,-0.29695907,-0.3140351,0.79987806",0.0
"0.16222885,-0.22506952,0.18544602,-0.19455326,-0.102105804,0.9279766,-0.29695907,-0.3140351,0.79987806","0.720479,-0.8338248,0.74575126","0.23102938,-0.33971617,0.26556262,-0.25326687,-0.21700534,0.84852344,-0.29695907,-0.3140351,0.79987806",0.0
"0.23102938,-0.33971617,0.26556262,-0.25326687,-0.21700534,0.84852344,-0.29695907,-0.3140351,0.79987806","0.68826807,-0.5087736,0.3120786","0.296754,-0.40966997,0.2990895,-0.25169057,-0.3293842,0.78611284,-0.29695907,-0.3140351,0.79987806",0.0
"0.296754,-0.40966997,0.2990895,-0.25169057,-0.3293842,0.78611284,-0.29695907,-0.3140351,0.79987806","-0.38378847,-0.09366083,-0.11570144","0.26010495,-0.4225479,0.2866597,-0.315111,-0.327322,0.7707214,-0.29695907,-0.3140351,0.79987806",0.0
"0.26010495,-0.4225479,0.2866597,-0.315111,-0.327322,0.7707214,-0.29695907,-0.3140351,0.79987806","0.13828743,0.092770934,-0.027210116","0.2733104,-0.40979242,0.28373656,-0.28934842,-0.32630697,0.78406554,-0.29695907,-0.3140351,0.79987806",0.0
"0.2733104,-0.40979242,0.28373656,-0.28934842,-0.32630697,0.78406554,-0.29695907,-0.3140351,0.79987806","-0.423159,-0.034163952,-0.029053688","0.2329018,-0.41448987,0.28061536,-0.33768964,-0.29544935,0.77845573,-0.29695907,-0.3140351,0.79987806",0.0
"0.2329018,-0.41448987,0.28061536,-0.33768964,-0.29544935,0.77845573,-0.29695907,-0.3140351,0.79987806","0.041761637,0.015957475,0.2843492","0.23688972,-0.41229585,0.31116322,-0.29985166,-0.2682472,0.7843384,-0.29695907,-0.3140351,0.79987806",0.0
"0.23688972,-0.41229585,0.31116322,-0.29985166,-0.2682472,0.7843384,-0.29695907,-0.3140351,0.79987806","0.37237716,-0.098311484,-0.07505596","0.27244905,-0.42581323,0.3031,-0.29092625,-0.32632434,0.7697856,-0.29695907,-0.3140351,0.79987806",0.0
"0.27244905,-0.42581323,0.3031,-0.29092625,-0.32632434,0.7697856,-0.29695907,-0.3140351,0.79987806","0.043219328,0.14731097,-0.11609876","0.2765762,-0.4055588,0.29062748,-0.27497062,-0.31623134,0.7894213,-0.29695907,-0.3140351,0.79987806",0.0
"0.2765762,-0.4055588,0.29062748,-0.27497062,-0.31623134,0.7894213,-0.29695907,-0.3140351,0.79987806","-0.057910323,-0.08873999,-0.012535036","0.27104616,-0.41776013,0.2892809,-0.29579148,-0.3289553,0.7764168,-0.29695907,-0.3140351,0.79987806",0.0
"0.27104616,-0.41776013,0.2892809,-0.29579148,-0.3289553,0.7764168,-0.29695907,-0.3140351,0.79987806","-0.14511096,0.030096412,-0.038384914","0.25718912,-0.41362208,0.28515723,-0.308782,-0.3146774,0.78019994,-0.29695907,-0.3140351,0.79987806",0.0
"0.25718912,-0.41362208,0.28515723,-0.308782,-0.3146774,0.78019994,-0.29695907,-0.3140351,0.79987806","0.12336421,0.02228403,0.06395948","0.2689695,-0.4105582,0.29202852,-0.28701416,-0.31471604,0.78443736,-0.29695907,-0.3140351,0.79987806",0.0
"0.0,0.0,0.0,2.8652207e-07,0.005789075,0.993462,0.0042105266,-0.0041520465,0.23331277","-0.9250639,-0.95584,0.9024565","-0.0883369,-0.13142309,0.09695151,-0.14053175,0.046052698,0.970833,0.0042105266,-0.0041520465,0.23331277",0.0
"-0.0883369,-0.13142309,0.09695151,-0.14053175,0.046052698,0.970833,0.0042105266,-0.0041520465,0.23331277","-0.69428325,-0.8250528,0.9794128","-0.15463592,-0.24486366,0.20217048,-0.2064192,0.115537904,0.91621816,0.0042105266,-0.0041520465,0.23331277",0.0
"-0.15463592,-0.24486366,0.20217048,-0.2064192,0.115537904,0.91621816,0.0042105266,-0.0041520465,0.23331277","-0.6048823,0.00047969818,0.9841291","-0.2123978,-0.24479777,0.30789617,-0.06836409,0.06122822,0.8871319,0.0042105266,-0.0041520465,0.23331277",0.0
"-0.2123978,-0.24479777,0.30789617,-0.06836409,0.06122822,0.8871319,0.0042105266,-0.0041520465,0.23331277","-0.72172725,0.49361873,0.87668777","-0.28131753,-0.17692776,0.40207934,0.099540494,-0.11221529,0.8078316,0.0042105266,-0.0041520465,0.23331277",0.0
"-0.28131753,-0.17692776,0.40207934,0.099540494,-0.11221529,0.8078316,0.0042105266,-0.0041520465,0.23331277","-0.69516253,-0.6236087,0.7574868","-0.3477005,-0.2626708,0.4834567,0.043164745,-0.07065022,0.74479914,0.0042105266,-0.0041520465,0.23331277",0.0
"-0.3477005,-0.2626708,0.4834567,0.043164745,-0.07065022,0.74479914,0.0042105266,-0.0041520465,0.23331277","-0.81234825,-0.90601075,0.98868823","-0.42527387,-0.38724262,0.58967215,0.0032334847,0.011368958,0.63749236,0.0042105266,-0.0041520465,0.23331277",0.0
"-0.42527387,-0.38724262,0.58967215,0.0032334847,0.011368958,0.63749236,0.0042105266,-0.0041520465,0.23331277","-0.72486913,0.18908525,0.918272","-0.4944936,-0.3612444,0.6883227,0.0075637377,-0.10253246,0.5080783,0.0042105266,-0.0041520465,0.23331277",0.0
"-0.4944936,-0.3612444,0.6883227,0.0075637377,-0.10253246,0.5080783,0.0042105266,-0.0041520465,0.23331277","-0.97361577,-0.90987235,0.8907037","-0.58746684,-0.48634723,0.78401166,1.9573024e-05,-0.02126654,0.39096048,0.0042105266,-0.0041520465,0.23331277",0.0
"-0.58746684,-0.48634723,0.78401166,1.9573024e-05,-0.02126654,0.39096048,0.0042105266,-0.0041520465,0.23331277","-0.88848794,-0.5837072,0.86800456","-0.672311,-0.566604,0.87726194,0.0041063637,-0.0044057546,0.25892445,0.0042105266,-0.0041520465,0.23331277",0.0
"-0.672311,-0.566604,0.87726194,0.0041063637,-0.0044057546,0.25892445,0.0042105266,-0.0041520465,0.23331277","-0.2842605,-0.099936485,0.18201113","-0.69945586,-0.5803448,0.8968156,0.0040035676,-0.0043427213,0.23024848,0.0042105266,-0.0041520465,0.23331277",0.0
"0.0,0.0,0.0,2.8652207e-07,0.005789075,0.993462,0.2851462,0.66444445,0.53209","0.9005052,0.8778652,0.97149014","0.08599172,0.12070195,0.1043678,0.37626618,0.1102032,0.89056855,0.2851462,0.66444445,0.53209",0.0
"0.08599172,0.12070195,0.1043678,0.37626618,0.1102032,0.89056855,0.2851462,0.66444445,0.53209","0.9395975,0.8554838,0.8123437","0.17571644,0.23832658,0.1916384,0.57640433,0.3618081,0.63708705,0.2851462,0.66444445,0.53209",0.0
"0.17571644,0.23832658,0.1916384,0.57640433,0.3618081,0.63708705,0.2851462,0.66444445,0.53209","0.94466496,-0.06933439,0.31724012","0.26592508,0.22879346,0.22571972,0.45770666,0.51459074,0.6057965,0.2851462,0.66444445,0.53209",0.0
"0.26592508,0.22879346,0.22571972,0.45770666,0.51459074,0.6057965,0.2851462,0.66444445,0.53209","0.74154544,-0.074065804,0.38675952","0.3367373,0.21860981,0.26726955,0.33697292,0.61014163,0.56315875,0.2851462,0.66444445,0.53209",0.0
"0.3367373,0.21860981,0.26726955,0.33697292,0.61014163,0.56315875,0.2851462,0.66444445,0.53209","0.51167417,-0.039784193,0.20356321","0.38559845,0.2131397,0.2891385,0.24061313,0.65686744,0.54010785,0.2851462,0.66444445,0.53209",0.0
"0.38559845,0.2131397,0.2891385,0.24061313,0.65686744,0.54010785,0.2851462,0.66444445,0.53209","-0.23999602,0.24537969,-0.18941236","0.36268055,0.24687816,0.26878983,0.30157757,0.6689997,0.5115556,0.2851462,0.66444445,0.53209",0.0
"0.36268055,0.24687816,0.26878983,0.30157757,0.6689997,0.5115556,0.2851462,0.66444445,0.53209","0.021964788,-0.10875535,-0.026696682","0.36477804,0.23192488,0.2659218,0.28891534,0.6527391,0.5422337,0.2851462,0.66444445,0.53209",0.0
"0.0,0.0,0.0,2.8652207e-07,0.005789075,0.993462,0.8249123,0.14350876,0.42970812","-0.22188866,0.99323297,0.15116775","-0.02118875,0.13656442,0.016240029,0.3130719,-0.015069008,0.9364975,0.8249123,0.14350876,0.42970812",0.0
"-0.02118875,0.13656442,0.016240029,0.3130719,-0.015069008,0.9364975,0.8249123,0.14350876,0.42970812","0.23362982,0.97794557,-0.5816728","0.0011212077,0.27102694,-0.04624948,0.49841914,0.007544777,0.8409975,0.8249123,0.14350876,0.42970812",0.0
"0.0011212077,0.27102694,-0.04624948,0.49841914,0.007544777,0.8409975,0.8249123,0.14350876,0.42970812","0.27518427,0.81370616,0.90933776","0.02739931,0.3829074,0.051441204,0.77807873,0.072951645,0.5644103,0.8249123,0.14350876,0.42970812",0.0
"0.02739931,0.3829074,0.051441204,0.77807873,0.072951645,0.5644103,0.8249123,0.14350876,0.42970812","0.30027795,0.2859404,0.7935934","0.056073677,0.42222276,0.13669741,0.8611291,0.15916665,0.3640941,0.8249123,0.14350876,0.42970812",0.0
"0.056073677,0.42222276,0.13669741,0.8611291,0.15916665,0.3640941,0.8249123,0.14350876,0.42970812","-0.34404457,-0.19881505,0.01741612","0.02321992,0.39488673,0.1385684,0.84658957,0.06767126,0.41882572,0.8249123,0.14350876,0.42970812",0.0
"0.02321992,0.39488673,0.1385684,0.84658957,0.06767126,0.41882572,0.8249123,0.14350876,0.42970812","0.14112318,-0.18426502,0.17413187","0.036696162,0.36955127,0.1572755,0.8242553,0.10127498,0.44305065,0.8249123,0.14350876,0.42970812",0.0
"0.036696162,0.36955127,0.1572755,0.8242553,0.10127498,0.44305065,0.8249123,0.14350876,0.42970812","-0.14819199,-0.104542136,0.16706252","0.022544906,0.3551773,0.17522311,0.8199747,0.06397749,0.4454006,0.8249123,0.14350876,0.42970812",0.0
"0.022544906,0.3551773,0.17522311,0.8199747,0.06397749,0.4454006,0.8249123,0.14350876,0.42970812","0.0971818,0.0010778904,0.08077252","0.031825066,0.35532552,0.18390055,0.8214177,0.08821951,0.43213984,0.8249123,0.14350876,0.42970812",0.0
"0.031825066,0.35532552,0.18390055,0.8214177,0.08821951,0.43213984,0.8249123,0.14350876,0.42970812","0.12335372,0.027208209,0.014557958","0.043604452,0.35906655,0.18546453,0.82212347,0.11917429,0.422231,0.8249123,0.14350876,0.42970812",0.0
"0.043604452,0.35906655,0.18546453,0.82212347,0.11917429,0.422231,0.8249123,0.14350876,0.42970812","-0.07978135,-0.04527247,-0.045532107","0.035985913,0.35284182,0.18057299,0.8162039,0.098496065,0.44211084,0.8249123,0.14350876,0.42970812",0.0
"0.035985913,0.35284182,0.18057299,0.8162039,0.098496065,0.44211084,0.8249123,0.14350876,0.42970812","0.04342985,0.019924164,0.057647705","0.040133152,0.35558134,0.1867661,0.8201951,0.109798916,0.42732236,0.8249123,0.14350876,0.42970812",0.0
"0.040133152,0.35558134,0.1867661,0.8201951,0.109798916,0.42732236,0.8249123,0.14350876,0.42970812","-0.008506,-0.009818196,0.02690792","0.039320894,0.3542314,0.18965684,0.8201205,0.10766184,0.42569903,0.8249123,0.14350876,0.42970812",0.0
"0.039320894,0.3542314,0.18965684,0.8201205,0.10766184,0.42569903,0.8249123,0.14350876,0.42970812","-0.039145768,0.01887536,-0.0107319355","0.03558276,0.3568267,0.18850389,0.8236341,0.098282374,0.4221908,0.8249123,0.14350876,0.42970812",0.0
"0.03558276,0.3568267,0.18850389,0.8236341,0.098282374,0.4221908,0.8249123,0.14350876,0.42970812","0.080714345,0.027745843,-0.02061224","0.043290395,0.36064163,0.1862895,0.8241799,0.11862868,0.4177935,0.8249123,0.14350876,0.42970812",0.0
"0.043290395,0.36064163,0.1862895,0.8241799,0.11862868,0.4177935,0.8249123,0.14350876,0.42970812","-0.094557405,0.022290945,-0.043224633","0.034260854,0.36370653,0.18164584,0.8287017,0.095365375,0.41855448,0.8249123,0.14350876,0.42970812",0.0
"0.034260854,0.36370653,0.18164584,0.8287017,0.095365375,0.41855448,0.8249123,0.14350876,0.42970812","0.046427608,0.01971817,-0.015438795","0.038694356,0.3664177,0.17998724,0.8294915,0.10716643,0.41552603,0.8249123,0.14350876,0.42970812",0.0
"0.038694356,0.3664177,0.17998724,0.8294915,0.10716643,0.41552603,0.8249123,0.14350876,0.42970812","-0.036010087,-0.0631094,0.013872743","0.035255652,0.35774052,0.1814776,0.8220555,0.09724925,0.43090013,0.8249123,0.14350876,0.42970812",0.0
"0.035255652,0.35774052,0.1814776,0.8220555,0.09724925,0.43090013,0.8249123,0.14350876,0.42970812","-0.06569898,0.030018449,0.041685104","0.028981881,0.36186793,0.18595587,0.829832,0.0815784,0.41580403,0.8249123,0.14350876,0.42970812",0.0
"0.028981881,0.36186793,0.18595587,0.829832,0.0815784,0.41580403,0.8249123,0.14350876,0.42970812","0.18929541,-0.021974266,-0.056119323","0.047058225,0.35884663,0.17992692,0.81845653,0.12774101,0.4309892,0.8249123,0.14350876,0.42970812",0.0
"0.0,0.0,0.0,2.8652207e-07,0.005789075,0.993462,0.63309944,0.34918126,0.53209","0.30371034,0.921618,0.9909198","0.02900214,0.12671773,0.10645515,0.40407684,0.042732123,0.88296854,0.63309944,0.34918126,0.53209",0.0
"0.02900214,0.12671773,0.10645515,0.40407684,0.042732123,0.88296854,0.63309944,0.34918126,0.53209","0.9029887,0.7666688,0.94258976","0.11523101,0.23213077,0.20771816,0.63596,0.2470275,0.6253585,0.63309944,0.34918126,0.53209",0.0
"0.11523101,0.23213077,0.20771816,0.63596,0.2470275,0.6253585,0.63309944,0.34918126,0.53209","0.21957803,0.09595287,0.28575802","0.13619912,0.24532382,0.23841734,0.65110815,0.30330792,0.5592133,0.63309944,0.34918126,0.53209",0.0
"0.13619912,0.24532382,0.23841734,0.65110815,0.30330792,0.5592133,0.63309944,0.34918126,0.53209","0.19295299,0.0035669804,0.07223141","0.15462473,0.2458143,0.24617724,0.6363987,0.342543,0.5470084,0.63309944,0.34918126,0.53209",0.0
"0.0,0.0,0.0,2.8652207e-07,0.005789075,0.993462,0.52216375,0.3990643,0.51169205","0.6571343,0.62150955,0.93701553","0.06275156,0.08545437,0.10066417,0.3096836,0.06775781,0.9238928,0.52216375,0.3990643,0.51169205",0.0
"0.06275156,0.08545437,0.10066417,0.3096836,0.06775781,0.9238928,0.52216375,0.3990643,0.51169205","0.6279521,0.87881756,0.9353354","0.122716434,0.20628726,0.20114784,0.5898076,0.2456118,0.67590576,0.52216375,0.3990643,0.51169205",0.0
"0.122716434,0.20628726,0.20114784,0.5898076,0.2456118,0.67590576,0.52216375,0.3990643,0.51169205","0.55367756,-0.029961705,0.88246703","0.17558861,0.2021677,0.29595184,0.5830539,0.36557925,0.54852045,0.52216375,0.3990643,0.51169205",0.0
"0.17558861,0.2021677,0.29595184,0.5830539,0.36557925,0.54852045,0.52216375,0.3990643,0.51169205","0.21273148,-0.16268694,0.37988806","0.19590293,0.17979911,0.33676347,0.5476579,0.394317,0.5243407,0.52216375,0.3990643,0.51169205",0.0
"0.19590293,0.17979911,0.33676347,0.5476579,0.394317,0.5243407,0.52216375,0.3990643,0.51169205","0.07652938,-0.08183092,0.1670276","0.20321093,0.1685478,0.3547074,0.5317072,0.40177348,0.5154461,0.52216375,0.3990643,0.51169205",0.0
"0.0,0.0,0.0,2.8652207e-07,0.005789075,0.993462,-0.14970762,0.5677193,0.5930222","0.9447422,0.6908686,0.8547039","0.09021603,0.09499088,0.09182138,0.31070688,0.09652719,0.9226197,-0.14970762,0.5677193,0.5930222",0.0
"0.09021603,0.09499088,0.09182138,0.31070688,0.09652719,0.9226197,-0.14970762,0.5677193,0.5930222","0.95453715,-0.08554566,0.54580283","0.1813674,0.08322879,0.15045734,0.31034893,0.2057044,0.88619125,-0.14970762,0.5677193,0.5930222",0.0
"0.1813674,0.08322879,0.15045734,0.31034893,0.2057044,0.88619125,-0.14970762,0.5677193,0.5930222","0.9599366,0.063584924,0.55109584","0.27303436,0.09197139,0.20966195,0.29149616,0.3459124,0.8183559,-0.14970762,0.5677193,0.5930222",0.0
"0.27303436,0.09197139,0.20966195,0.29149616,0.3459124,0.8183559,-0.14970762,0.5677193,0.5930222","0.87515235,-0.16207337,0.70876527","0.35660508,0.069687136,0.28580508,0.20447922,0.43607545,0.7531837,-0.14970762,0.5677193,0.5930222",0.0
"0.35660508,0.069687136,0.28580508,0.20447922,0.43607545,0.7531837,-0.14970762,0.5677193,0.5930222","0.7384864,0.24145651,0.59691846","0.4271252,0.10288616,0.34993243,0.12515567,0.5625994,0.62229836,-0.14970762,0.5677193,0.5930222",0.0
"0.4271252,0.10288616,0.34993243,0.12515567,0.5625994,0.62229836,-0.14970762,0.5677193,0.5930222","0.92745996,0.19445288,0.243469","0.51569086,0.12962244,0.3760885,-0.03652366,0.62279415,0.5441804,-0.14970762,0.5677193,0.5930222",0.0
"0.51569086,0.12962244,0.3760885,-0.03652366,0.62279415,0.5441804,-0.14970762,0.5677193,0.5930222","0.4550482,-0.1388976,-0.16482782","0.5591447,0.110524744,0.358381,-0.1149147,0.5799733,0.5990278,-0.14970762,0.5677193,0.5930222",0.0
"0.5591447,0.110524744,0.358381,-0.1149147,0.5799733,0.5990278,-0.14970762,0.5677193,0.5930222","0.3618219,-0.032978296,0.10115969","0.59369606,0.1059904,0.3692487,-0.17661943,0.5626281,0.589449,-0.14970762,0.5677193,0.5930222",0.0
"0.59369606,0.1059904,0.3692487,-0.17661943,0.5626281,0.589449,-0.14970762,0.5677193,0.5930222","-0.38425738,0.030161262,-0.06131929","0.55700225,0.110137425,0.36266118,-0.11125055,0.5820708,0.59325194,-0.14970762,0.5677193,0.5930222",0.0
"0.55700225,0.110137425,0.36266118,-0.11125055,0.5820708,0.59325194,-0.14970762,0.5677193,0.5930222","0.31791854,-0.10010445,0.07509935","0.58736116,0.09637358,0.3707292,-0.16193472,0.553767,0.6009363,-0.14970762,0.5677193,0.5930222",0.0
"0.58736116,0.09637358,0.3707292,-0.16193472,0.553767,0.6009363,-0.14970762,0.5677193,0.5930222","0.009081125,0.07460666,-0.08862519","0.58822834,0.106631614,0.36120817,-0.1662103,0.5630514,0.60044646,-0.14970762,0.5677193,0.5930222",0.0
"0.58822834,0.106631614,0.36120817,-0.1662103,0.5630514,0.60044646,-0.14970762,0.5677193,0.5930222","0.08601165,0.057192564,0.01697123","0.5964418,0.1144953,0.36303142,-0.1841773,0.56975687,0.58637005,-0.14970762,0.5677193,0.5930222",0.0
"0.5964418,0.1144953,0.36303142,-0.1841773,0.56975687,0.58637005,-0.14970762,0.5677193,0.5930222","-0.22406214,0.009412527,-0.05795914","0.57504547,0.11578947,0.35680488,-0.14528143,0.5799649,0.59372365,-0.14970762,0.5677193,0.5930222",0.0
"0.0,0.0,0.0,2.8652207e-07,0.005789075,0.993462,0.15573101,-0.63847953,0.51169205","-0.46111155,0.92557836,0.8646009","-0.044032805,0.12726226,0.09288462,0.38832045,-0.048217837,0.89360774,0.15573101,-0.63847953,0.51169205",0.0
"-0.044032805,0.12726226,0.09288462,0.38832045,-0.048217837,0.89360774,0.15573101,-0.63847953,0.51169205","-0.96623677,0.6342665,0.8432596","-0.1363014,0.21447065,0.18347654,0.5830083,-0.25974977,0.68630993,0.15573101,-0.63847953,0.51169205",0.0
"-0.1363014,0.21447065,0.18347654,0.5830083,-0.25974977,0.68630993,0.15573101,-0.63847953,0.51169205","-0.9159312,0.31067324,0.8076973","-0.2237662,0.25718665,0.270248,0.57349306,-0.4783907,0.49074435,0.15573101,-0.63847953,0.51169205",0.0
"-0.2237662,0.25718665,0.270248,0.57349306,-0.4783907,0.49074435,0.15573101,-0.63847953,0.51169205","-0.96229094,-0.06839377,-0.13238943","-0.315658,0.24778289,0.25602534,0.40420288,-0.60754573,0.5289842,0.15573101,-0.63847953,0.51169205",0.0
"-0.315658,0.24778289,0.25602534,0.40420288,-0.60754573,0.5289842,0.15573101,-0.63847953,0.51169205","-0.8124028,-0.19046533,0.41267085","-0.39323655,0.2215949,0.30035883,0.240598,-0.6726448,0.50866336,0.15573101,-0.63847953,0.51169205",0.0
"-0.39323655,0.2215949,0.30035883,0.240598,-0.6726448,0.50866336,0.15573101,-0.63847953,0.51169205","-0.23936743,-0.31170738,0.27180862","-0.41609442,0.17873676,0.32955942,0.18041846,-0.6463082,0.53698236,0.15573101,-0.63847953,0.51169205",0.0
"-0.41609442,0.17873676,0.32955942,0.18041846,-0.6463082,0.53698236,0.15573101,-0.63847953,0.51169205","0.21580458,-0.08200002,0.28678644","-0.39548665,0.1674622,0.36036912,0.22046605,-0.6292085,0.5085604,0.15573101,-0.63847953,0.51169205",0.0
"-0.39548665,0.1674622,0.36036912,0.22046605,-0.6292085,0.5085604,0.15573101,-0.63847953,0.51169205","-0.11527175,-0.023426056,0.08297479","-0.40649426,0.16424125,0.3692832,0.19812827,-0.6349621,0.50012875,0.15573101,-0.63847953,0.51169205",0.0
"-0.40649426,0.16424125,0.3692832,0.19812827,-0.6349621,0.50012875,0.15573101,-0.63847953,0.51169205","0.07390022,-0.040187716,0.007153511","-0.39943734,0.15871567,0.3700517,0.21013352,-0.6242271,0.50787085,0.15573101,-0.63847953,0.51169205",0.0
"-0.39943734,0.15871567,0.3700517,0.21013352,-0.6242271,0.50787085,0.15573101,-0.63847953,0.51169205","-0.09214419,-0.0030124784,0.028889894","-0.4082364,0.15830147,0.37315542,0.19288547,-0.63008666,0.50377643,0.15573101,-0.63847953,0.51169205",0.0
"-0.4082364,0.15830147,0.37315542,0.19288547,-0.63008666,0.50377643,0.15573101,-0.63847953,0.51169205","0.026786327,0.009912372,0.0018658638","-0.4056785,0.15966438,0.37335593,0.19843914,-0.6301434,0.50127506,0.15573101,-0.63847953,0.51169205",0.0
"-0.4056785,0.15966438,0.37335593,0.19843914,-0.6301434,0.50127506,0.15573101,-0.63847953,0.51169205","0.042042613,0.032239437,-0.009493172","-0.40166375,0.16409716,0.37233615,0.20791674,-0.6324328,0.49567166,0.15573101,-0.63847953,0.51169205",0.0
"-0.40166375,0.16409716,0.37233615,0.20791674,-0.6324328,0.49567166,0.15573101,-0.63847953,0.51169205","0.24947858,0.011330485,-0.013816774","-0.37784037,0.16565505,0.37085184,0.25518852,-0.6165139,0.49542093,0.15573101,-0.63847953,0.51169205",0.0
"-0.37784037,0.16565505,0.37085184,0.25518852,-0.6165139,0.49542093,0.15573101,-0.63847953,0.51169205","-0.29821515,-0.0045452714,-0.06545699","-0.40631774,0.1650301,0.3638198,0.19834435,-0.6344038,0.50722724,0.15573101,-0.63847953,0.51169205",0.0
"-0.40631774,0.1650301,0.3638198,0.19834435,-0.6344038,0.50722724,0.15573101,-0.63847953,0.51169205","-0.073527455,-0.06968415,0.04002714","-0.41333908,0.15544891,0.36811998,0.18145701,-0.62842864,0.5160577,0.15573101,-0.63847953,0.51169205",0.0
"-0.41333908,0.15544891,0.36811998,0.18145701,-0.62842864,0.5160577,0.15573101,-0.63847953,0.51169205","0.14035034,-0.00422287,0.06933701","-0.39993665,0.15486829,0.37556896,0.20814769,-0.62146163,0.50557584,0.15573101,-0.63847953,0.51169205",0.0
"-0.39993665,0.15486829,0.37556896,0.20814769,-0.62146163,0.50557584,0.15573101,-0.63847953,0.51169205","-0.14496553,0.024763107,-0.0007580519","-0.41377982,0.15827312,0.37548754,0.18203068,-0.6338791,0.50024086,0.15573101,-0.63847953,0.51169205",0.0
"-0.41377982,0.15827312,0.37548754,0.18203068,-0.6338791,0.50024086,0.15573101,-0.63847953,0.51169205","-0.10085654,0.0179348,-0.01668036","-0.4234109,0.16073908,0.37369558,0.16337427,-0.6415555,0.49901965,0.15573101,-0.63847953,0.51169205",0.0
"0.0,0.0,0.0,2.8652207e-07,0.005789075,0.993462,0.13923977,-0.053918127,0.83518213","-0.6607179,-0.3006208,0.9191146","-0.063093774,-0.041333828,0.09874108,0.04794289,-0.0037247108,0.9816222,0.13923977,-0.053918127,0.83518213",0.0
"-0.063093774,-0.041333828,0.09874108,0.04794289,-0.0037247108,0.9816222,0.13923977,-0.053918127,0.83518213","-0.23406363,-0.15497029,0.9138963","-0.085445166,-0.06264146,0.19692159,0.13021049,-0.02981323,0.94126076,0.13923977,-0.053918127,0.83518213",0.0
"-0.085445166,-0.06264146,0.19692159,0.13021049,-0.02981323,0.94126076,0.13923977,-0.053918127,0.83518213","0.06492138,-0.25529242,0.9171729","-0.07924565,-0.09774288,0.29545408,0.17837644,-0.039375786,0.87955916,0.13923977,-0.053918127,0.83518213",0.0
"-0.07924565,-0.09774288,0.29545408,0.17837644,-0.039375786,0.87955916,0.13923977,-0.053918127,0.83518213","-0.57322717,-0.43627548,0.54546857","-0.1339847,-0.15772854,0.35405418,0.12439037,-0.049344737,0.8489209,0.13923977,-0.053918127,0.83518213",0.0
"-0.1339847,-0.15772854,0.35405418,0.12439037,-0.049344737,0.8489209,0.13923977,-0.053918127,0.83518213","0.053753376,-0.03416723,0.20623243","-0.12885165,-0.16242638,0.3762099,0.13938305,-0.05342231,0.8290588,0.13923977,-0.053918127,0.83518213",0.0
"0.0,0.0,0.0,2.8652207e-07,0.005789075,0.993462,0.04134503,0.052748535,0.37832105","-0.21407503,-0.049500883,0.9813552","-0.020442616,-0.006806127,0.10542763,0.13072893,-0.0026063803,0.97170043,0.04134503,0.052748535,0.37832105",0.0
"-0.020442616,-0.006806127,0.10542763,0.13072893,-0.0026063803,0.97170043,0.04134503,0.052748535,0.37832105","0.890154,-0.2644623,0.96993256","0.06456062,-0.043168347,0.20962813,0.1843185,0.043815657,0.9249244,0.04134503,0.052748535,0.37832105",0.0
"0.06456062,-0.043168347,0.20962813,0.1843185,0.043815657,0.9249244,0.04134503,0.052748535,0.37832105","0.61955905,-0.7637231,0.903375","0.123724006,-0.14817636,0.30667832,0.087669075,0.042158473,0.88727546,0.04134503,0.052748535,0.37832105",0.0
"0.123724006,-0.14817636,0.30667832,0.087669075,0.042158473,0.88727546,0.04134503,0.052748535,0.37832105","0.9741328,-0.4210453,0.9916346","0.2167466,-0.20606796,0.41321033,0.08102314,0.07309589,0.80556583,0.04134503,0.052748535,0.37832105",0.0
"0.2167466,-0.20606796,0.41321033,0.08102314,0.07309589,0.80556583,0.04134503,0.052748535,0.37832105","0.4101894,-0.61685145,0.96282315","0.2559167,-0.2908819,0.5166471,0.04334836,0.05333456,0.713101,0.04134503,0.052748535,0.37832105",0.0
"0.2559167,-0.2908819,0.5166471,0.04334836,0.05333456,0.713101,0.04134503,0.052748535,0.37832105","0.5002363,-0.6768677,0.961498","0.30368564,-0.3839478,0.61994153,0.008233373,0.021622041,0.60203177,0.04134503,0.052748535,0.37832105",0.0
"0.30368564,-0.3839478,0.61994153,0.008233373,0.021622041,0.60203177,0.04134503,0.052748535,0.37832105","-0.059470773,-0.23942709,0.96076417","0.29800662,-0.41686782,0.72315717,0.02961223,0.04999109,0.4699186,0.04134503,0.052748535,0.37832105",0.0
"0.29800662,-0.41686782,0.72315717,0.02961223,0.04999109,0.4699186,0.04134503,0.052748535,0.37832105","-0.5736159,-0.16780001,0.6586716","0.24323048,-0.4399395,0.7939187,0.047128167,0.053183746,0.3713992,0.04134503,0.052748535,0.37832105",0.0
"0.0,0.0,0.0,2.8652207e-07,0.005789075,0.993462,-0.070643276,0.018128654,0.2237676","-0.446409,-0.83115363,0.98775864","-0.042628832,-0.11427937,0.10611557,-0.09680524,0.018883912,0.97576064,-0.070643276,0.018128654,0.2237676",0.0
"-0.042628832,-0.11427937,0.10611557,-0.09680524,0.018883912,0.97576064,-0.070643276,0.018128654,0.2237676","-0.14696991,-0.73895717,0.6008445","-0.0566634,-0.21588221,0.17066474,-0.21695065,0.044915374,0.93329245,-0.070643276,0.018128654,0.2237676",0.0
"-0.0566634,-0.21588221,0.17066474,-0.21695065,0.044915374,0.93329245,-0.070643276,0.018128654,0.2237676","0.16614878,-0.1045481,0.9493587","-0.04079741,-0.2302571,0.272655,-0.10825417,0.01978831,0.90655434,-0.070643276,0.018128654,0.2237676",0.0
"-0.04079741,-0.2302571,0.272655,-0.10825417,0.01978831,0.90655434,-0.070643276,0.018128654,0.2237676","-0.96280015,-0.23852181,0.78789735","-0.13273785,-0.26305267,0.3572994,-0.054970734,0.030683307,0.8554866,-0.070643276,0.018128654,0.2237676",0.0
"-0.13273785,-0.26305267,0.3572994,-0.054970734,0.030683307,0.8554866,-0.070643276,0.018128654,0.2237676","-0.74373746,-0.6596559,0.9663224","-0.20375937,-0.35375202,0.4611121,-0.07516809,0.06319957,0.76418555,-0.070643276,0.018128654,0.2237676",0.0
"-0.20375937,-0.35375202,0.4611121,-0.07516809,0.06319957,0.76418555,-0.070643276,0.018128654,0.2237676","0.10199475,-0.9036498,0.94825697","-0.19401963,-0.47799927,0.56298405,-0.13974343,0.10463267,0.64281327,-0.070643276,0.018128654,0.2237676",0.0
"-0.19401963,-0.47799927,0.56298405,-0.13974343,0.10463267,0.64281327,-0.070643276,0.018128654,0.2237676","0.6828011,-0.78180337,0.8647758","-0.12881708,-0.58549327,0.6558875,-0.19072822,0.08799341,0.5171102,-0.070643276,0.018128654,0.2237676",0.0
"-0.12881708,-0.58549327,0.6558875,-0.19072822,0.08799341,0.5171102,-0.070643276,0.018128654,0.2237676","0.7682407,-0.12872273,0.9570124","-0.055455666,-0.60319203,0.7587,-0.115841076,0.026266703,0.40964,-0.070643276,0.018128654,0.2237676",0.0
"-0.055455666,-0.60319203,0.7587,-0.115841076,0.026266703,0.40964,-0.070643276,0.018128654,0.2237676","0.32518208,-0.61946845,0.8976233","-0.024403136,-0.68836576,0.8551323,-0.104949705,0.013868092,0.27360296,-0.070643276,0.018128654,0.2237676",0.0
"-0.024403136,-0.68836576,0.8551323,-0.104949705,0.013868092,0.27360296,-0.070643276,0.018128654,0.2237676","-0.18923455,-0.09397721,0.38888574","-0.042473663,-0.70128715,0.89691055,-0.07855573,0.016385974,0.21841331,-0.070643276,0.018128654,0.2237676",0.0
"0.0,0.0,0.0,2.8652207e-07,0.005789075,0.993462,0.2922807,-0.10643274,0.5664788","-0.52336055,0.051146626,0.97112226","-0.049977135,0.0070323893,0.1043283,0.15748534,-0.01907047,0.96731555,0.2922807,-0.10643274,0.5664788",0.0
"-0.049977135,0.0070323893,0.1043283,0.15748534,-0.01907047,0.96731555,0.2922807,-0.10643274,0.5664788","-0.35550523,-0.07569808,0.9514849","-0.08392531,-0.0033757198,0.20654695,0.2582496,-0.06371666,0.90524864,0.2922807,-0.10643274,0.5664788",0.0
"-0.08392531,-0.0033757198,0.20654695,0.2582496,-0.06371666,0.90524864,0.2922807,-0.10643274,0.5664788","-0.21764505,0.16027534,0.9561968","-0.104708835,0.018661302,0.3092718,0.39284775,-0.12798348,0.7795798,0.2922807,-0.10643274,0.5664788",0.0
"-0.104708835,0.018661302,0.3092718,0.39284775,-0.12798348,0.7795798,0.2922807,-0.10643274,0.5664788","0.25674164,-0.424295,0.9557241","-0.080191866,-0.039677087,0.41194585,0.38336843,-0.09270092,0.7038336,0.2922807,-0.10643274,0.5664788",0.0
"-0.080191866,-0.039677087,0.41194585,0.38336843,-0.09270092,0.7038336,0.2922807,-0.10643274,0.5664788","-0.50240284,-0.4414149,0.8847616","-0.1281677,-0.10036939,0.50699633,0.331713,-0.13499145,0.625508,0.2922807,-0.10643274,0.5664788",0.0
"-0.1281677,-0.10036939,0.50699633,0.331713,-0.13499145,0.625508,0.2922807,-0.10643274,0.5664788","-0.0012954473,-0.32849938,0.5819963","-0.12829141,-0.14553636,0.56952065,0.3000127,-0.12162622,0.5709595,0.2922807,-0.10643274,0.5664788",0.0
"0.0,0.0,0.0,2.8652207e-07,0.005789075,0.993462,-0.124970764,-0.27046782,0.5737357","-0.9744287,0.030303717,0.97774565","-0.093050875,0.004166596,0.10503985,0.1485656,-0.03866539,0.96807265,-0.124970764,-0.27046782,0.5737357",0.0
"-0.093050875,0.004166596,0.10503985,0.1485656,-0.03866539,0.96807265,-0.124970764,-0.27046782,0.5737357","-0.9327578,-0.358656,0.8159101","-0.18212247,-0.04514677,0.19269364,0.1411726,-0.08403124,0.9376392,-0.124970764,-0.27046782,0.5737357",0.0
"-0.18212247,-0.04514677,0.19269364,0.1411726,-0.08403124,0.9376392,-0.124970764,-0.27046782,0.5737357","-0.9800435,0.15444827,0.8738942","-0.2757095,-0.023910947,0.2865767,0.2080327,-0.23574084,0.84345496,-0.124970764,-0.27046782,0.5737357",0.0
"-0.2757095,-0.023910947,0.2865767,0.2080327,-0.23574084,0.84345496,-0.124970764,-0.27046782,0.5737357","-0.9472206,-0.27789927,0.82490087","-0.3661622,-0.062120687,0.37519634,0.13943459,-0.29766363,0.7715168,-0.124970764,-0.27046782,0.5737357",0.0
"-0.3661622,-0.062120687,0.37519634,0.13943459,-0.29766363,0.7715168,-0.124970764,-0.27046782,0.5737357","-0.95731497,-0.39268875,0.8414949","-0.45757884,-0.116113394,0.46559873,0.046804156,-0.30555558,0.6965115,-0.124970764,-0.27046782,0.5737357",0.0
"-0.45757884,-0.116113394,0.46559873,0.046804156,-0.30555558,0.6965115,-0.124970764,-0.27046782,0.5737357","-0.8217871,-0.22932816,0.4730785","-0.53605354,-0.14764486,0.5164219,-0.02743178,-0.2923651,0.6496194,-0.124970764,-0.27046782,0.5737357",0.0
"-0.53605354,-0.14764486,0.5164219,-0.02743178,-0.2923651,0.6496194,-0.124970764,-0.27046782,0.5737357","-0.7772596,-0.06639081,0.3357296","-0.6102762,-0.15677328,0.55248964,-0.096559234,-0.28452083,0.60462826,-0.124970764,-0.27046782,0.5737357",0.0
"-0.6102762,-0.15677328,0.55248964,-0.096559234,-0.28452083,0.60462826,-0.124970764,-0.27046782,0.5737357","-0.37448812,-0.081376076,0.24698508","-0.6460371,-0.1679621,0.5790234,-0.12655976,-0.26929358,0.57381845,-0.124970764,-0.27046782,0.5737357",0.0
"0.0,0.0,0.0,2.8652207e-07,0.005789075,0.993462,-0.31906435,-0.115672514,0.7721578","0.6421869,-0.91086143,0.5636418","0.06132418,-0.12523878,0.060552422,-0.18302475,-0.02980545,0.9699347,-0.31906435,-0.115672514,0.7721578",0.0
"0.06132418,-0.12523878,0.060552422,-0.18302475,-0.02980545,0.9699347,-0.31906435,-0.115672514,0.7721578","0.5551958,-0.9393965,0.9780476","0.11434134,-0.254401,0.16562474,-0.2891049,-0.10237686,0.9081247,-0.31906435,-0.115672514,0.7721578",0.0
"0.11434134,-0.254401,0.16562474,-0.2891049,-0.10237686,0.9081247,-0.31906435,-0.115672514,0.7721578","0.24551117,-0.8214292,0.89039373","0.13778587,-0.36734334,0.26128036,-0.35728386,-0.15872243,0.82386893,-0.31906435,-0.115672514,0.7721578",0.0
"0.13778587,-0.36734334,0.26128036,-0.35728386,-0.15872243,0.82386893,-0.31906435,-0.115672514,0.7721578","-0.041413844,-0.26439857,0.73066914","0.13383114,-0.40369684,0.33977666,-0.3192773,-0.13640895,0.791365,-0.31906435,-0.115672514,0.7721578",0.0
"0.13383114,-0.40369684,0.33977666,-0.3192773,-0.13640895,0.791365,-0.31906435,-0.115672514,0.7721578","-0.081646204,-0.191356,0.33285987","0.12603451,-0.43000734,0.37553608,-0.31908923,-0.1271134,0.7642249,-0.31906435,-0.115672514,0.7721578",0.0
"0.0,0.0,0.0,2.8652207e-07,0.005789075,0.993462,0.06549708,-0.72005844,0.53209","-0.8348793,0.92386067,0.27022064","-0.0797249,0.1270261,0.02902996,0.30226314,-0.07135417,0.9368956,0.06549708,-0.72005844,0.53209",0.0
"-0.0797249,0.1270261,0.02902996,0.30226314,-0.07135417,0.9368956,0.06549708,-0.72005844,0.53209","-0.9558045,0.5062107,0.7077583","-0.17099729,0.19662747,0.10506487,0.4635978,-0.2693974,0.80376875,0.06549708,-0.72005844,0.53209",0.0
"-0.17099729,0.19662747,0.10506487,0.4635978,-0.2693974,0.80376875,0.06549708,-0.72005844,0.53209","-0.9144493,0.2593007,0.5812527","-0.25832057,0.23228,0.16750921,0.45411992,-0.4700955,0.6789129,0.06549708,-0.72005844,0.53209",0.0
"-0.25832057,0.23228,0.16750921,0.45411992,-0.4700955,0.6789129,0.06549708,-0.72005844,0.53209","-0.94490474,0.33947515,0.4419167","-0.34855214,0.27895612,0.2149846,0.34875125,-0.6641989,0.5331267,0.06549708,-0.72005844,0.53209",0.0
"-0.34855214,0.27895612,0.2149846,0.34875125,-0.6641989,0.5331267,0.06549708,-0.72005844,0.53209","-0.91809136,-0.050273716,-0.10576624","-0.4362232,0.27204376,0.20362206,0.15199894,-0.7193688,0.5620864,0.06549708,-0.72005844,0.53209",0.0
"-0.4362232,0.27204376,0.20362206,0.15199894,-0.7193688,0.5620864,0.06549708,-0.72005844,0.53209","-0.30906898,-0.12432879,0.43154645","-0.46573707,0.2549492,0.24998337,0.084834546,-0.731217,0.52513677,0.06549708,-0.72005844,0.53209",0.0
"-0.46573707,0.2549492,0.24998337,0.084834546,-0.731217,0.52513677,0.06549708,-0.72005844,0.53209","0.13609397,-0.12360859,0.180789","-0.45274106,0.23795371,0.26940566,0.11266597,-0.714151,0.5264913,0.06549708,-0.72005844,0.53209",0.0
"-0.45274106,0.23795371,0.26940566,0.11266597,-0.714151,0.5264913,0.06549708,-0.72005844,0.53209","-0.040842175,-0.018389523,0.14609766","-0.4566412,0.2354253,0.28510106,0.10430487,-0.71837634,0.50741583,0.06549708,-0.72005844,0.53209",0.0
"-0.4566412,0.2354253,0.28510106,0.10430487,-0.71837634,0.50741583,0.06549708,-0.72005844,0.53209","-0.03100735,-0.019480646,0.051400185","-0.4596022,0.23274684,0.29062304,0.097452536,-0.71801996,0.5038164,0.06549708,-0.72005844,0.53209",0.0
"-0.4596022,0.23274684,0.29062304,0.097452536,-0.71801996,0.5038164,0.06549708,-0.72005844,0.53209","-0.010397255,-0.04597515,-0.040237606","-0.46059507,0.2264255,0.2863003,0.094057165,-0.7090353,0.5214303,0.06549708,-0.72005844,0.53209",0.0
"-0.46059507,0.2264255,0.2863003,0.094057165,-0.7090353,0.5214303,0.06549708,-0.72005844,0.53209","0.12148559,0.03478849,0.04422772","-0.4489941,0.23120876,0.29105175,0.12104887,-0.712676,0.50588363,0.06549708,-0.72005844,0.53209",0.0
"-0.4489941,0.23120876,0.29105175,0.12104887,-0.712676,0.50588363,0.06549708,-0.72005844,0.53209","-0.2838456,-0.030148923,-0.04520136","-0.4760993,0.22706346,0.28619576,0.05948038,-0.71352756,0.5204735,0.06549708,-0.72005844,0.53209",0.0
"0.0,0.0,0.0,2.8652207e-07,0.005789075,0.993462,-0.22251463,0.2502924,0.89990634","-0.49800968,-0.76577896,0.47334075","-0.04755632,-0.10529068,0.050851323,-0.15373299,0.028994892,0.9767981,-0.22251463,0.2502924,0.89990634",0.0
"-0.04755632,-0.10529068,0.050851323,-0.15373299,0.028994892,0.9767981,-0.22251463,0.2502924,0.89990634","-0.81731814,-0.713794,0.7030244","-0.12560427,-0.20343372,0.12637772,-0.2356025,0.10438535,0.9376171,-0.22251463,0.2502924,0.89990634",0.0
"-0.12560427,-0.20343372,0.12637772,-0.2356025,0.10438535,0.9376171,-0.22251463,0.2502924,0.89990634","-0.90890205,-0.5130579,0.1522088","-0.21239781,-0.2739766,0.14272967,-0.2926096,0.23789306,0.88660276,-0.22251463,0.2502924,0.89990634",0.0
"-0.21239781,-0.2739766,0.14272967,-0.2926096,0.23789306,0.88660276,-0.22251463,0.2502924,0.89990634","-0.44213086,0.0017096996,0.330014","-0.2546181,-0.27374157,0.17818335,-0.22416216,0.23907217,0.89504194,-0.22251463,0.2502924,0.89990634",0.0
"0.0,0.0,0.0,2.8652207e-07,0.005789075,0.993462,0.56701756,-0.44865495,0.53209","-0.9772013,0.98124623,0.98262954","-0.093315616,0.1349163,0.10556451,0.40490845,-0.11617745,0.87545764,0.56701756,-0.44865495,0.53209",0.0
"-0.093315616,0.1349163,0.10556451,0.40490845,-0.11617745,0.87545764,0.56701756,-0.44865495,0.53209","-0.870941,0.832988,0.7878715","-0.17648417,0.24944788,0.19020604,0.5945823,-0.36137643,0.6203743,0.56701756,-0.44865495,0.53209",0.0
"-0.17648417,0.24944788,0.19020604,0.5945823,-0.36137643,0.6203743,0.56701756,-0.44865495,0.53209","-0.1364088,0.25743723,0.5949265","-0.18951021,0.2848442,0.25411937,0.6436049,-0.42895603,0.4638669,0.56701756,-0.44865495,0.53209",0.0
"-0.18951021,0.2848442,0.25411937,0.6436049,-0.42895603,0.4638669,0.56701756,-0.44865495,0.53209","-0.03025937,-0.072307825,-0.17266023","-0.19239976,0.27490228,0.2355704,0.6242092,-0.42409238,0.5102497,0.56701756,-0.44865495,0.53209",0.0
"-0.19239976,0.27490228,0.2355704,0.6242092,-0.42409238,0.5102497,0.56701756,-0.44865495,0.53209","-0.0055241585,-0.10098517,0.036257625","-0.19292727,0.26101738,0.23946561,0.61071384,-0.4162598,0.5297804,0.56701756,-0.44865495,0.53209",0.0
"-0.19292727,0.26101738,0.23946561,0.61071384,-0.4162598,0.5297804,0.56701756,-0.44865495,0.53209","-0.19134986,-0.044936895,0.06993997","-0.21119979,0.2548388,0.24697933,0.5823411,-0.4478889,0.5297851,0.56701756,-0.44865495,0.53209",0.0
"0.0,0.0,0.0,2.8652207e-07,0.005789075,0.993462,-0.15894738,0.04842105,0.3483126","-0.74794793,-0.8280251,0.9329096","-0.07142361,-0.11384921,0.1002231,-0.10182283,0.02917678,0.9762284,-0.15894738,0.04842105,0.3483126",0.0
"-0.07142361,-0.11384921,0.1002231,-0.10182283,0.02917678,0.9762284,-0.15894738,0.04842105,0.3483126","0.26181602,-0.68033266,0.9745655","-0.046422094,-0.20739147,0.20492135,-0.15382828,0.028445937,0.93385863,-0.15894738,0.04842105,0.3483126",0.0
"-0.046422094,-0.20739147,0.20492135,-0.15382828,0.028445937,0.93385863,-0.15894738,0.04842105,0.3483126","-0.40745848,-0.93580645,0.66337633","-0.08533143,-0.3360601,0.27618834,-0.29906303,0.088152975,0.8510827,-0.15894738,0.04842105,0.3483126",0.0
"-0.08533143,-0.3360601,0.27618834,-0.29906303,0.088152975,0.8510827,-0.15894738,0.04842105,0.3483126","0.1858362,-0.9391683,0.9596031","-0.06758542,-0.46519095,0.37927917,-0.38755953,0.08947039,0.73195463,-0.15894738,0.04842105,0.3483126",0.0
"-0.06758542,-0.46519095,0.37927917,-0.38755953,0.08947039,0.73195463,-0.15894738,0.04842105,0.3483126","-0.8648182,-0.0739187,0.9661617","-0.15016928,-0.4753544,0.48307464,-0.23970982,0.1287983,0.69506705,-0.15894738,0.04842105,0.3483126",0.0
"-0.15016928,-0.4753544,0.48307464,-0.23970982,0.1287983,0.69506705,-0.15894738,0.04842105,0.3483126","-0.18844366,-0.6977196,0.90551484","-0.16816428,-0.57128733,0.5803547,-0.24378955,0.14898896,0.57838386,-0.15894738,0.04842105,0.3483126",0.0
"-0.16816428,-0.57128733,0.5803547,-0.24378955,0.14898896,0.57838386,-0.15894738,0.04842105,0.3483126","0.87689877,-0.73153627,0.8413322","-0.08442682,-0.6718698,0.6707396,-0.28169027,0.08251601,0.45315188,-0.15894738,0.04842105,0.3483126",0.0
"-0.08442682,-0.6718698,0.6707396,-0.28169027,0.08251601,0.45315188,-0.15894738,0.04842105,0.3483126","0.36987758,0.045903444,0.77912354","-0.0491062,-0.6655584,0.75444144,-0.18315874,0.034341484,0.3908482,-0.15894738,0.04842105,0.3483126",0.0
"-0.0491062,-0.6655584,0.75444144,-0.18315874,0.034341484,0.3908482,-0.15894738,0.04842105,0.3483126","-0.32658076,-0.11936116,0.3274815","-0.08029229,-0.68196994,0.789623,-0.15725225,0.046508107,0.3490682,-0.15894738,0.04842105,0.3483126",0.0
"0.0,0.0,0.0,2.8652207e-07,0.005789075,0.993462,-0.042280704,-0.4401754,0.46932715","-0.9799379,0.59260917,0.91031694","-0.09357696,0.08148071,0.09779592,0.2938485,-0.08291511,0.92889273,-0.042280704,-0.4401754,0.46932715",0.0
"-0.09357696,0.08148071,0.09779592,0.2938485,-0.08291511,0.92889273,-0.042280704,-0.4401754,0.46932715","-0.8637727,0.002410531,0.8306906","-0.17606097,0.08181214,0.18703756,0.35204297,-0.2105465,0.8529439,-0.042280704,-0.4401754,0.46932715",0.0
"-0.17606097,0.08181214,0.18703756,0.35204297,-0.2105465,0.8529439,-0.042280704,-0.4401754,0.46932715","-0.9554428,-0.5245248,0.8802662","-0.26729882,0.009692673,0.28160515,0.2525035,-0.27288634,0.8207726,-0.042280704,-0.4401754,0.46932715",0.0
"-0.26729882,0.009692673,0.28160515,0.2525035,-0.27288634,0.8207726,-0.042280704,-0.4401754,0.46932715","-0.66084194,-0.20298034,0.8194549","-0.33040443,-0.01821609,0.36963972,0.20768493,-0.3408012,0.7395953,-0.042280704,-0.4401754,0.46932715",0.0
"-0.33040443,-0.01821609,0.36963972,0.20768493,-0.3408012,0.7395953,-0.042280704,-0.4401754,0.46932715","-0.8279632,-0.13843107,0.5196786","-0.40946892,-0.037249662,0.42546916,0.11976485,-0.3890529,0.68279165,-0.042280704,-0.4401754,0.46932715",0.0
"-0.40946892,-0.037249662,0.42546916,0.11976485,-0.3890529,0.68279165,-0.042280704,-0.4401754,0.46932715","-0.75874674,0.11496365,0.90464246","-0.48192373,-0.021442758,0.5226555,0.032491866,-0.4695688,0.5218651,-0.042280704,-0.4401754,0.46932715",0.0
"-0.48192373,-0.021442758,0.5226555,0.032491866,-0.4695688,0.5218651,-0.042280704,-0.4401754,0.46932715","-0.0725404,-0.19814062,0.42142892","-0.48885083,-0.04868608,0.5679299,0.021386322,-0.4450578,0.48220825,-0.042280704,-0.4401754,0.46932715",0.0
"-0.48885083,-0.04868608,0.5679299,0.021386322,-0.4450578,0.48220825,-0.042280704,-0.4401754,0.46932715","-0.43550336,-0.13958502,0.17994058","-0.53043824,-0.06787831,0.5872611,-0.03486719,-0.424132,0.47253174,-0.042280704,-0.4401754,0.46932715",0.0
"-0.53043824,-0.06787831,0.5872611,-0.03486719,-0.424132,0.47253174,-0.042280704,-0.4401754,0.46932715","0.10954404,0.059753895,-0.019426167","-0.51997757,-0.05966246,0.58517414,-0.021490363,-0.4342438,0.46716034,-0.042280704,-0.4401754,0.46932715",0.0
"-0.51997757,-0.05966246,0.58517414,-0.021490363,-0.4342438,0.46716034,-0.042280704,-0.4401754,0.46932715","-0.104617536,0.021401644,-0.010864973","-0.5299678,-0.056719854,0.5840069,-0.03541201,-0.4365914,0.46584627,-0.042280704,-0.4401754,0.46932715",0.0
"0.0,0.0,0.0,2.8652207e-07,0.005789075,0.993462,0.6680702,0.36812866,0.5901456","0.3096975,0.9535034,0.9911723","0.029573869,0.1311018,0.10648226,0.41253954,0.044253506,0.8785547,0.6680702,0.36812866,0.5901456",0.0
"0.029573869,0.1311018,0.10648226,0.41253954,0.044253506,0.8785547,0.6680702,0.36812866,0.5901456","0.77625346,0.9159281,0.8850775","0.103700444,0.25703722,0.20156668,0.674295,0.23390247,0.5915273,0.6680702,0.36812866,0.5901456",0.0
"0.103700444,0.25703722,0.20156668,0.674295,0.23390247,0.5915273,0.6680702,0.36812866,0.5901456","0.5228883,0.23256612,-0.24641943","0.15363248,0.2890139,0.1750937,0.6539483,0.34919527,0.57199746,0.6680702,0.36812866,0.5901456",0.0
"0.15363248,0.2890139,0.1750937,0.6539483,0.34919527,0.57199746,0.6680702,0.36812866,0.5901456","0.012648344,0.14380193,-0.26510644","0.1548403,0.30878597,0.14661314,0.6603189,0.35574645,0.57567424,0.6680702,0.36812866,0.5901456",0.0
"0.1548403,0.30878597,0.14661314,0.6603189,0.35574645,0.57567424,0.6680702,0.36812866,0.5901456","-0.071777225,0.02252376,-0.09291631","0.1479861,0.31188288,0.13663107,0.66564184,0.34035113,0.58370477,0.6680702,0.36812866,0.5901456",0.0
"0.1479861,0.31188288,0.13663107,0.66564184,0.34035113,0.58370477,0.6680702,0.36812866,0.5901456","0.04781699,0.0025851727,-0.05997467","0.15255228,0.3122384,0.13018794,0.65717757,0.3480385,0.5917993,0.6680702,0.36812866,0.5901456",0.0
"0.15255228,0.3122384,0.13018794,0.65717757,0.3480385,0.5917993,0.6680702,0.36812866,0.5901456","0.053634763,-0.018981755,-0.03644526","0.15767401,0.30962852,0.12627259,0.6458401,0.3555134,0.6017732,0.6680702,0.36812866,0.5901456",0.0
"0.15767401,0.30962852,0.12627259,0.6458401,0.3555134,0.6017732,0.6680702,0.36812866,0.5901456","-0.118335485,0.047035694,0.0010889769","0.14637382,0.3160957,0.12638958,0.6662001,0.33640215,0.5899142,0.6680702,0.36812866,0.5901456",0.0
"0.14637382,0.3160957,0.12638958,0.6662001,0.33640215,0.5899142,0.6680702,0.36812866,0.5901456","0.14463794,0.016020179,-0.0069023967","0.1601857,0.31829843,0.12564804,0.6531848,0.36619738,0.5868982,0.6680702,0.36812866,0.5901456",0.0
"0.0,0.0,0.0,2.8652207e-07,0.005789075,0.993462,0.57134503,-0.61210525,0.42970812","-0.86683947,0.98132277,0.53192675","-0.082776874,0.13492683,0.057145216,0.35194993,-0.08765532,0.91307586,0.57134503,-0.61210525,0.42970812",0.0
"-0.082776874,0.13492683,0.057145216,0.35194993,-0.08765532,0.91307586,0.57134503,-0.61210525,0.42970812","-0.9271013,0.93514085,0.8149421","-0.17130831,0.2635039,0.14469495,0.5900054,-0.34546775,0.6574912,0.57134503,-0.61210525,0.42970812",0.0
"-0.17130831,0.2635039,0.14469495,0.5900054,-0.34546775,0.6574912,0.57134503,-0.61210525,0.42970812","-0.86391515,0.8262975,0.5729338","-0.25380594,0.3771156,0.20624559,0.6013543,-0.6076247,0.35346863,0.57134503,-0.61210525,0.42970812",0.0
"-0.25380594,0.3771156,0.20624559,0.6013543,-0.6076247,0.35346863,0.57134503,-0.61210525,0.42970812","-0.20788562,-0.062778175,-0.09731203","-0.2736575,0.36848396,0.1957913,0.5550898,-0.6355351,0.38735756,0.57134503,-0.61210525,0.42970812",0.0
"-0.2736575,0.36848396,0.1957913,0.5550898,-0.6355351,0.38735756,0.57134503,-0.61210525,0.42970812","0.09680641,-0.14277732,0.0019936562","-0.2644132,0.3488528,0.19600548,0.55978847,-0.604343,0.42696494,0.57134503,-0.61210525,0.42970812",0.0
"0.0,0.0,0.0,2.8652207e-07,0.005789075,0.993462,0.055964913,-0.60514617,0.6657879","-0.9216499,0.95843565,0.5645549","-0.08801086,0.13177997,0.060650486,0.34859648,-0.092901066,0.9134457,0.055964913,-0.60514617,0.6657879",0.0
"-0.08801086,0.13177997,0.060650486,0.34859648,-0.092901066,0.9134457,0.055964913,-0.60514617,0.6657879","-0.97425824,0.577013,-0.08389115","-0.18104544,0.21111631,0.051637992,0.4277461,-0.26656032,0.8367158,0.055964913,-0.60514617,0.6657879",0.0
"-0.18104544,0.21111631,0.051637992,0.4277461,-0.26656032,0.8367158,0.055964913,-0.60514617,0.6657879","-0.97670364,0.2826773,0.48259115","-0.27431354,0.24998301,0.10348304,0.41250333,-0.47198567,0.7297396,0.055964913,-0.60514617,0.6657879",0.0
"-0.27431354,0.24998301,0.10348304,0.41250333,-0.47198567,0.7297396,0.055964913,-0.60514617,0.6657879","-0.9845188,-0.07696909,0.22045338","-0.36832795,0.2394002,0.12716648,0.25897822,-0.575543,0.7180619,0.055964913,-0.60514617,0.6657879",0.0
"-0.36832795,0.2394002,0.12716648,0.25897822,-0.575543,0.7180619,0.055964913,-0.60514617,0.6657879","-0.81484914,-0.27575183,0.55835915","-0.4461401,0.20148574,0.18715137,0.11020464,-0.6107106,0.7015101,0.055964913,-0.60514617,0.6657879",0.0
"-0.4461401,0.20148574,0.18715137,0.11020464,-0.6107106,0.7015101,0.055964913,-0.60514617,0.6657879","-0.44256473,-0.23552167,0.42823315","-0.48840186,0.16910274,0.23315674,0.027796568,-0.6036726,0.6898273,0.055964913,-0.60514617,0.6657879",0.0
"-0.48840186,0.16910274,0.23315674,0.027796568,-0.6036726,0.6898273,0.055964913,-0.60514617,0.6657879","0.11510801,-0.12257695,0.27122903","-0.47740987,0.15224905,0.26229507,0.048209272,-0.5965438,0.67527837,0.055964913,-0.60514617,0.6657879",0.0
"0.0,0.0,0.0,2.8652207e-07,0.005789075,0.993462,-0.0042105266,-0.0041520465,0.23331277","0.39623046,-0.9004172,0.93067443","0.03783712,-0.123802744,0.09998298,-0.12711513,-0.009351378,0.97340614,-0.0042105266,-0.0041520465,0.23331277",0.0
"0.03783712,-0.123802744,0.09998298,-0.12711513,-0.009351378,0.97340614,-0.0042105266,-0.0041520465,0.23331277","0.40786302,-0.9313521,0.91961503","0.076785065,-0.25185892,0.19877785,-0.24930154,-0.055371124,0.9121171,-0.0042105266,-0.0041520465,0.23331277",0.0
"0.076785065,-0.25185892,0.19877785,-0.24930154,-0.055371124,0.9121171,-0.0042105266,-0.0041520465,0.23331277","0.84137356,0.6729691,0.96132207","0.15713012,-0.15932918,0.30205333,0.058494493,0.038048167,0.893095,-0.0042105266,-0.0041520465,0.23331277",0.0
"0.15713012,-0.15932918,0.30205333,0.058494493,0.038048167,0.893095,-0.0042105266,-0.0041520465,0.23331277","-0.010388374,-0.7937355,0.99626684","0.1561381,-0.2684638,0.409083,-0.010693206,0.00085222005,0.81698954,-0.0042105266,-0.0041520465,0.23331277",0.0
"0.1561381,-0.2684638,0.409083,-0.010693206,0.00085222005,0.81698954,-0.0042105266,-0.0041520465,0.23331277","0.7121587,-0.24844092,0.9850123","0.22414409,-0.30262315,0.5149036,0.03259846,0.03528639,0.71670365,-0.0042105266,-0.0041520465,0.23331277",0.0
"0.22414409,-0.30262315,0.5149036,0.03259846,0.03528639,0.71670365,-0.0042105266,-0.0041520465,0.23331277","0.7902384,-0.7251371,0.82820094","0.2996061,-0.40232584,0.6038778,-0.0156044075,-0.011589622,0.6209746,-0.0042105266,-0.0041520465,0.23331277",0.0
"0.2996061,-0.40232584,0.6038778,-0.0156044075,-0.011589622,0.6209746,-0.0042105266,-0.0041520465,0.23331277","0.6998192,-0.7786572,0.9303589","0.36643377,-0.5093872,0.7038269,-0.032161996,-0.05788535,0.49421245,-0.0042105266,-0.0041520465,0.23331277",0.0
"0.36643377,-0.5093872,0.7038269,-0.032161996,-0.05788535,0.49421245,-0.0042105266,-0.0041520465,0.23331277","0.3014232,-0.5097777,0.92770886","0.3952175,-0.5794791,0.8034913,-0.023599353,-0.051174216,0.36033744,-0.0042105266,-0.0041520465,0.23331277",0.0
"0.3952175,-0.5794791,0.8034913,-0.023599353,-0.051174216,0.36033744,-0.0042105266,-0.0041520465,0.23331277","0.52038467,-0.15194786,0.8373369","0.44491047,-0.6003712,0.893447,-0.008145651,-0.012977216,0.23485434,-0.0042105266,-0.0041520465,0.23331277",0.0
"0.0,0.0,0.0,2.8652207e-07,0.005789075,0.993462,-0.13099416,0.3130994,0.7721578","0.96210647,-0.38117605,0.88077617","0.091874175,-0.052409757,0.094622366,0.0158717,0.010751506,0.9835873,-0.13099416,0.3130994,0.7721578",0.0
"0.091874175,-0.052409757,0.094622366,0.0158717,0.010751506,0.9835873,-0.13099416,0.3130994,0.7721578","0.88408613,0.34931433,0.76056015","0.17629798,-0.004380853,0.17632985,0.19038136,0.12454336,0.9295334,-0.13099416,0.3130994,0.7721578",0.0
"0.17629798,-0.004380853,0.17632985,0.19038136,0.12454336,0.9295334,-0.13099416,0.3130994,0.7721578","0.90868866,-0.70896757,0.9039403","0.26307115,-0.10186026,0.2734408,0.096495315,0.11331001,0.89995223,-0.13099416,0.3130994,0.7721578",0.0
"0.26307115,-0.10186026,0.2734408,0.096495315,0.11331001,0.89995223,-0.13099416,0.3130994,0.7721578","0.8859092,0.290231,0.6223265","0.34766904,-0.06195502,0.3402978,0.13176923,0.2665688,0.81278694,-0.13099416,0.3130994,0.7721578",0.0
"0.34766904,-0.06195502,0.3402978,0.13176923,0.2665688,0.81278694,-0.13099416,0.3130994,0.7721578","0.8638289,0.14722693,0.11577654","0.43015844,-0.04171209,0.3527358,0.06941459,0.337873,0.7822823,-0.13099416,0.3130994,0.7721578",0.0
"0.43015844,-0.04171209,0.3527358,0.06941459,0.337873,0.7822823,-0.13099416,0.3130994,0.7721578","0.5547998,0.11753845,-0.08602339","0.48313776,-0.025551178,0.3434943,0.013554924,0.36499527,0.7795748,-0.13099416,0.3130994,0.7721578",0.0
"0.48313776,-0.025551178,0.3434943,0.013554924,0.36499527,0.7795748,-0.13099416,0.3130994,0.7721578","0.85656846,-0.2873758,-0.037536204","0.56493384,-0.06506389,0.33946183,-0.064589925,0.2836368,0.8159628,-0.13099416,0.3130994,0.7721578",0.0
"0.56493384,-0.06506389,0.33946183,-0.064589925,0.2836368,0.8159628,-0.13099416,0.3130994,0.7721578","0.5386368,0.10526192,0.21353388","0.6163697,-0.050590936,0.36240196,-0.12614606,0.31334206,0.77787584,-0.13099416,0.3130994,0.7721578",0.0
"0.0,0.0,0.0,2.8652207e-07,0.005789075,0.993462,-0.14918129,-0.0057894737,0.6313337","0.7363838,-0.82178736,0.9299649","0.070319295,-0.11299156,0.09990674,-0.10310392,-0.017221855,0.9764639,-0.14918129,-0.0057894737,0.6313337",0.0
"0.070319295,-0.11299156,0.09990674,-0.10310392,-0.017221855,0.9764639,-0.14918129,-0.0057894737,0.6313337","-0.5794823,-0.5352379,0.93193305","0.014982925,-0.18658406,0.20002495,-0.120359406,0.00012590828,0.94191134,-0.14918129,-0.0057894737,0.6313337",0.0
"0.014982925,-0.18658406,0.20002495,-0.120359406,0.00012590828,0.94191134,-0.14918129,-0.0057894737,0.6313337","-0.052920938,-0.70155203,0.99281406","0.009929351,-0.28304392,0.30668366,-0.16795322,0.000551179,0.8755502,-0.14918129,-0.0057894737,0.6313337",0.0
"0.009929351,-0.28304392,0.30668366,-0.16795322,0.000551179,0.8755502,-0.14918129,-0.0057894737,0.6313337","0.11337483,-0.6388628,0.7956078","0.02075582,-0.3708843,0.3921564,-0.21656953,-0.008340395,0.79955024,-0.14918129,-0.0057894737,0.6313337",0.0
"0.02075582,-0.3708843,0.3921564,-0.21656953,-0.008340395,0.79955024,-0.14918129,-0.0057894737,0.6313337","-0.0016212463,-0.18541759,0.9518194","0.020600997,-0.3963783,0.49441102,-0.12954548,-0.0025946319,0.72669524,-0.14918129,-0.0057894737,0.6313337",0.0
"0.020600997,-0.3963783,0.49441102,-0.12954548,-0.0025946319,0.72669524,-0.14918129,-0.0057894737,0.6313337","0.53061783,-0.5183829,0.66679335","0.071271144,-0.46765336,0.5660451,-0.15284848,-0.028869757,0.6445002,-0.14918129,-0.0057894737,0.6313337",0.0
"0.071271144,-0.46765336,0.5660451,-0.15284848,-0.028869757,0.6445002,-0.14918129,-0.0057894737,0.6313337","-0.3926834,0.007342577,0.07159448","0.033772726,-0.46664387,0.5737366,-0.14471665,-0.009590409,0.63836956,-0.14918129,-0.0057894737,0.6313337",0.0
"0.0,0.0,0.0,2.8652207e-07,0.005789075,0.993462,0.6932164,0.12157895,0.62845707","-0.1686945,0.96394753,-0.8405802","-0.016109087,0.13253784,-0.0903041,0.15950713,-0.0022827925,0.97014,0.6932164,0.12157895,0.62845707",0.0
"-0.016109087,0.13253784,-0.0903041,0.15950713,-0.0022827925,0.97014,0.6932164,0.12157895,0.62845707","0.17193222,0.89170575,0.9760523","0.00030919773,0.2551428,0.014553772,0.542318,0.0063157696,0.81325036,0.6932164,0.12157895,0.62845707",0.0
"0.00030919773,0.2551428,0.014553772,0.542318,0.0063157696,0.81325036,0.6932164,0.12157895,0.62845707","0.48491323,0.16234148,0.9144988","0.046614897,0.27746394,0.11279894,0.6710216,0.10482846,0.6747667,0.6932164,0.12157895,0.62845707",0.0
"0.046614897,0.27746394,0.11279894,0.6710216,0.10482846,0.6747667,0.6932164,0.12157895,0.62845707","-0.0055361986,-0.079080105,0.40005744","0.046086237,0.26659086,0.15577735,0.688558,0.10624541,0.6377583,0.6932164,0.12157895,0.62845707",0.0
"0.046086237,0.26659086,0.15577735,0.688558,0.10624541,0.6377583,0.6932164,0.12157895,0.62845707","0.025420308,-0.15783364,0.18593502","0.048513696,0.24488959,0.17575248,0.67028785,0.10881466,0.64758986,0.6932164,0.12157895,0.62845707",0.0
"0.048513696,0.24488959,0.17575248,0.67028785,0.10881466,0.64758986,0.6932164,0.12157895,0.62845707","0.004046321,-0.0316599,0.07671809","0.048900094,0.24053656,0.18399434,0.6695804,0.10953897,0.64375514,0.6932164,0.12157895,0.62845707",0.0
"0.048900094,0.24053656,0.18399434,0.6695804,0.10953897,0.64375514,0.6932164,0.12157895,0.62845707","0.08854818,0.0006084442,0.070209384","0.057355806,0.24062023,0.191537,0.67171794,0.12824774,0.63340825,0.6932164,0.12157895,0.62845707",0.0
"0.057355806,0.24062023,0.191537,0.67171794,0.12824774,0.63340825,0.6932164,0.12157895,0.62845707","-0.118493676,-0.03263259,0.03603208","0.046040524,0.23613344,0.19540796,0.67194444,0.10372428,0.6355981,0.6932164,0.12157895,0.62845707",0.0
"0.046040524,0.23613344,0.19540796,0.67194444,0.10372428,0.6355981,0.6932164,0.12157895,0.62845707","0.06793332,0.03212619,0.008628964","0.052527666,0.24055065,0.19633499,0.6766787,0.11856003,0.6269673,0.6932164,0.12157895,0.62845707",0.0
"0.0,0.0,0.0,2.8652207e-07,0.005789075,0.993462,-0.05415205,-0.09345029,0.7507792","-0.70671433,-0.6850246,0.98829746","-0.06748611,-0.09418738,0.10617345,-0.052951448,0.017319351,0.97952545,-0.05415205,-0.09345029,0.7507792",0.0
"-0.06748611,-0.09418738,0.10617345,-0.052951448,0.017319351,0.97952545,-0.05415205,-0.09345029,0.7507792","0.2118311,-0.3836738,0.946985","-0.04725779,-0.14694059,0.2079087,-0.026045537,0.009749043,0.9465278,-0.05415205,-0.09345029,0.7507792",0.0
"-0.04725779,-0.14694059,0.2079087,-0.026045537,0.009749043,0.9465278,-0.05415205,-0.09345029,0.7507792","-0.39830804,-0.4770714,0.6688976","-0.08529332,-0.21253549,0.27976888,-0.0610716,0.022771291,0.90717596,-0.05415205,-0.09345029,0.7507792",0.0
"-0.08529332,-0.21253549,0.27976888,-0.0610716,0.022771291,0.90717596,-0.05415205,-0.09345029,0.7507792","-0.7810117,-0.29228222,0.61065626","-0.1598743,-0.25272286,0.34537214,-0.048214238,0.03308609,0.8645744,-0.05415205,-0.09345029,0.7507792",0.0
"-0.1598743,-0.25272286,0.34537214,-0.048214238,0.03308609,0.8645744,-0.05415205,-0.09345029,0.7507792","-0.7719796,0.12794757,0.7506628","-0.23359276,-0.23513074,0.4260164,0.05626039,-0.04294439,0.799194,-0.05415205,-0.09345029,0.7507792",0.0
"-0.23359276,-0.23513074,0.4260164,0.05626039,-0.04294439,0.799194,-0.05415205,-0.09345029,0.7507792","-0.9548656,-0.00489223,0.06047225","-0.3247755,-0.23580343,0.43251303,0.044880338,-0.06205556,0.79289925,-0.05415205,-0.09345029,0.7507792",0.0
"-0.3247755,-0.23580343,0.43251303,0.044880338,-0.06205556,0.79289925,-0.05415205,-0.09345029,0.7507792","-0.9915908,-0.072264075,0.2567693","-0.4194652,-0.24573939,0.460098,0.027603537,-0.08363673,0.76647115,-0.05415205,-0.09345029,0.7507792",0.0
"-0.4194652,-0.24573939,0.460098,0.027603537,-0.08363673,0.76647115,-0.05415205,-0.09345029,0.7507792","-0.9934869,0.11030328,-0.08589101","-0.51433605,-0.23057327,0.45087075,0.0010667385,-0.10490426,0.77275103,-0.05415205,-0.09345029,0.7507792",0.0
"-0.51433605,-0.23057327,0.45087075,0.0010667385,-0.10490426,0.77275103,-0.05415205,-0.09345029,0.7507792","-0.9271698,-0.023231745,0.08148646","-0.602874,-0.23376754,0.45962495,-0.028824786,-0.10428874,0.76411957,-0.05415205,-0.09345029,0.7507792",0.0
"-0.602874,-0.23376754,0.45962495,-0.028824786,-0.10428874,0.76411957,-0.05415205,-0.09345029,0.7507792","-0.8596027,-0.03410703,0.10924196","-0.6849598,-0.2384571,0.47136095,-0.056430753,-0.09647682,0.7524316,-0.05415205,-0.09345029,0.7507792",0.0
"0.0,0.0,0.0,2.8652207e-07,0.005789075,0.993462,-0.019766083,-0.16830409,0.49515146","-0.96021867,0.09155285,0.94037604","-0.091693915,0.012588038,0.10102521,0.16070794,-0.041581053,0.966681,-0.019766083,-0.16830409,0.49515146",0.0
"-0.091693915,0.012588038,0.10102521,0.16070794,-0.041581053,0.966681,-0.019766083,-0.16830409,0.49515146","-0.7492611,-0.2172736,0.96724856","-0.16324292,-0.017285975,0.20493735,0.20856962,-0.11080127,0.9150841,-0.019766083,-0.16830409,0.49515146",0.0
"-0.16324292,-0.017285975,0.20493735,0.20856962,-0.11080127,0.9150841,-0.019766083,-0.16830409,0.49515146","-0.5392953,-0.23463398,0.93848276","-0.2147417,-0.049546957,0.3057592,0.22691388,-0.17407744,0.84188086,-0.019766083,-0.16830409,0.49515146",0.0
"-0.2147417,-0.049546957,0.3057592,0.22691388,-0.17407744,0.84188086,-0.019766083,-0.16830409,0.49515146","-0.6000775,-0.5426633,0.811442","-0.27204478,-0.12416039,0.39293298,0.15896651,-0.17384647,0.7930745,-0.019766083,-0.16830409,0.49515146",0.0
"-0.27204478,-0.12416039,0.39293298,0.15896651,-0.17384647,0.7930745,-0.019766083,-0.16830409,0.49515146","-0.8911785,-0.5221116,0.6505816","-0.35714585,-0.19594806,0.46282545,0.08141485,-0.15572123,0.7473745,-0.019766083,-0.16830409,0.49515146",0.0
"-0.35714585,-0.19594806,0.46282545,0.08141485,-0.15572123,0.7473745,-0.019766083,-0.16830409,0.49515146","-0.77242225,-0.23601562,0.6168519","-0.43090656,-0.22839902,0.52909434,0.044164468,-0.173379,0.6790488,-0.019766083,-0.16830409,0.49515146",0.0
"-0.43090656,-0.22839902,0.52909434,0.044164468,-0.173379,0.6790488,-0.019766083,-0.16830409,0.49515146","-0.7803465,-0.45924532,0.7670255","-0.50542396,-0.2915429,0.61149645,0.003310583,-0.14546992,0.5940791,-0.019766083,-0.16830409,0.49515146",0.0
"-0.50542396,-0.2915429,0.61149645,0.003310583,-0.14546992,0.5940791,-0.019766083,-0.16830409,0.49515146","-0.47474515,0.12227464,0.69229686","-0.55075866,-0.2747308,0.68587035,-0.026844623,-0.2033684,0.47913212,-0.019766083,-0.16830409,0.49515146",0.0
"-0.55075866,-0.2747308,0.68587035,-0.026844623,-0.2033684,0.47913212,-0.019766083,-0.16830409,0.49515146","0.11813927,-0.113841,-0.017373264","-0.5394772,-0.2903834,0.684004,-0.017257912,-0.1852329,0.48940143,-0.019766083,-0.16830409,0.49515146",0.0
"-0.5394772,-0.2903834,0.684004,-0.017257912,-0.1852329,0.48940143,-0.019766083,-0.16830409,0.49515146","-0.07398552,-0.062050402,-0.04197079","-0.54654235,-0.29891503,0.6794951,-0.019598745,-0.17281286,0.4998485,-0.019766083,-0.16830409,0.49515146",0.0
"0.0,0.0,0.0,2.8652207e-07,0.005789075,0.993462,0.28251463,0.65842104,0.42487016","0.9348774,0.97218037,0.9917922","0.08927402,0.13366981,0.10654886,0.40192118,0.12180017,0.87588245,0.28251463,0.65842104,0.42487016",0.0
"0.08927402,0.13366981,0.10654886,0.40192118,0.12180017,0.87588245,0.28251463,0.65842104,0.42487016","0.94710064,0.7310083,0.7692548","0.17971525,0.2341797,0.18919039,0.5651728,0.3648143,0.6472403,0.28251463,0.65842104,0.42487016",0.0
"0.17971525,0.2341797,0.18919039,0.5651728,0.3648143,0.6472403,0.28251463,0.65842104,0.42487016","0.9465287,0.3623761,0.2782328","0.27010188,0.2840046,0.21908112,0.49706057,0.57292795,0.5178319,0.28251463,0.65842104,0.42487016",0.0
"0.27010188,0.2840046,0.21908112,0.49706057,0.57292795,0.5178319,0.28251463,0.65842104,0.42487016","0.8726077,-0.43701506,0.5076865","0.3534296,0.22391728,0.2736222,0.30890852,0.635797,0.5446991,0.28251463,0.65842104,0.42487016",0.0
"0.3534296,0.22391728,0.2736222,0.30890852,0.635797,0.5446991,0.28251463,0.65842104,0.42487016","0.10411978,0.14396775,0.63706565","0.36337227,0.24371214,0.3420626,0.3063629,0.68328637,0.40500382,0.28251463,0.65842104,0.42487016",0.0
"0.36337227,0.24371214,0.3420626,0.3063629,0.68328637,0.40500382,0.28251463,0.65842104,0.42487016","-0.11322051,-0.2007389,0.112876415","0.35256052,0.21611159,0.354189,0.31716377,0.648007,0.43566352,0.28251463,0.65842104,0.42487016",0.0
"0.35256052,0.21611159,0.354189,0.31716377,0.648007,0.43566352,0.28251463,0.65842104,0.42487016","0.2640698,-0.075660646,0.124946356","0.37777725,0.20570865,0.36761212,0.2614065,0.66246045,0.43301094,0.28251463,0.65842104,0.42487016",0.0
"0.37777725,0.20570865,0.36761212,0.2614065,0.66246045,0.43301094,0.28251463,0.65842104,0.42487016","-0.08418411,-0.04868102,-0.043890655","0.3697383,0.19901527,0.36289698,0.2748534,0.64827245,0.45188946,0.28251463,0.65842104,0.42487016",0.0
"0.3697383,0.19901527,0.36289698,0.2748534,0.64827245,0.45188946,0.28251463,0.65842104,0.42487016","-0.07355815,0.022447944,0.035448194","0.36271402,0.20210177,0.36670524,0.29076582,0.64568937,0.44066727,0.28251463,0.65842104,0.42487016",0.0
"0.36271402,0.20210177,0.36670524,0.29076582,0.64568937,0.44066727,0.28251463,0.65842104,0.42487016","-0.008377314,-0.072943866,-0.031966746","0.36191407,0.19207236,0.36327106,0.2874542,0.63430697,0.46316975,0.28251463,0.65842104,0.42487016",0.0
"0.36191407,0.19207236,0.36327106,0.2874542,0.63430697,0.46316975,0.28251463,0.65842104,0.42487016","0.1984055,0.019420505,0.08787954","0.38086036,0.1947426,0.37271205,0.25088423,0.6545387,0.44399035,0.28251463,0.65842104,0.42487016",0.0
"0.38086036,0.1947426,0.37271205,0.25088423,0.6545387,0.44399035,0.28251463,0.65842104,0.42487016","0.059429407,0.06296456,-0.073811054","0.38653544,0.20339991,0.3647825,0.24206962,0.6666801,0.44140768,0.28251463,0.65842104,0.42487016",0.0
"0.38653544,0.20339991,0.3647825,0.24206962,0.6666801,0.44140768,0.28251463,0.65842104,0.42487016","-0.026385963,0.13748908,-0.06471419","0.3840158,0.22230396,0.35783026,0.25421107,0.68276095,0.41905618,0.28251463,0.65842104,0.42487016",0.0
"0.3840158,0.22230396,0.35783026,0.25421107,0.68276095,0.41905618,0.28251463,0.65842104,0.42487016","-0.19370306,-0.012948513,-0.08619094","0.36551854,0.22052363,0.34857073,0.29212153,0.6639212,0.43659237,0.28251463,0.65842104,0.42487016",0.0
"0.0,0.0,0.0,2.8652207e-07,0.005789075,0.993462,-0.44216377,-0.0057894737,0.46932715","-0.1909231,-0.99049115,0.3243327","-0.01823178,-0.13618745,0.034843296,-0.24321292,0.019744284,0.95812607,-0.44216377,-0.0057894737,0.46932715",0.0
"-0.01823178,-0.13618745,0.034843296,-0.24321292,0.019744284,0.95812607,-0.44216377,-0.0057894737,0.46932715","-0.15035558,-0.33623326,0.8510406","-0.032589655,-0.18241782,0.12627116,-0.2125102,0.02765339,0.9497022,-0.44216377,-0.0057894737,0.46932715",0.0
"-0.032589655,-0.18241782,0.12627116,-0.2125102,0.02765339,0.9497022,-0.44216377,-0.0057894737,0.46932715","-0.26481253,-0.96283627,0.41709673","-0.057877336,-0.3148029,0.17108019,-0.40923038,0.08112636,0.8560088,-0.44216377,-0.0057894737,0.46932715",0.0
"-0.057877336,-0.3148029,0.17108019,-0.40923038,0.08112636,0.8560088,-0.44216377,-0.0057894737,0.46932715","0.42399633,-0.80261475,0.5510851","-0.017388768,-0.42515835,0.23028366,-0.5346921,0.0350362,0.7498433,-0.44216377,-0.0057894737,0.46932715",0.0
"-0.017388768,-0.42515835,0.23028366,-0.5346921,0.0350362,0.7498433,-0.44216377,-0.0057894737,0.46932715","-0.48489046,-0.8065419,0.9809916","-0.06369229,-0.5360538,0.33567226,-0.55747724,0.118968636,0.6417429,-0.44216377,-0.0057894737,0.46932715",0.0
"-0.06369229,-0.5360538,0.33567226,-0.55747724,0.118968636,0.6417429,-0.44216377,-0.0057894737,0.46932715","0.6683396,-0.472517,0.9185946","0.00012929107,-0.6010225,0.43435746,-0.5267532,0.00557525,0.58002895,-0.44216377,-0.0057894737,0.46932715",0.0
"0.00012929107,-0.6010225,0.43435746,-0.5267532,0.00557525,0.58002895,-0.44216377,-0.0057894737,0.46932715","0.08242488,-0.6566978,0.92897356","0.008000269,-0.6913151,0.5341577,-0.5015489,-0.0068172654,0.47539926,-0.44216377,-0.0057894737,0.46932715",0.0
"0.008000269,-0.6913151,0.5341577,-0.5015489,-0.0068172654,0.47539926,-0.44216377,-0.0057894737,0.46932715","0.040837884,-0.05790156,0.3442242","0.01189999,-0.6992763,0.571138,-0.45899782,-0.01137406,0.46455944,-0.44216377,-0.0057894737,0.46932715",0.0
"0.01189999,-0.6992763,0.571138,-0.45899782,-0.01137406,0.46455944,-0.44216377,-0.0057894737,0.46932715","-0.0046943426,0.088033915,0.11637795","0.011451715,-0.6871721,0.58364064,-0.42776963,-0.009603361,0.4757089,-0.44216377,-0.0057894737,0.46932715",0.0
"0.0,0.0,0.0,2.8652207e-07,0.005789075,0.993462,0.19198832,0.21713449,0.43591902","0.9752953,0.010805845,0.9810753","0.09313362,0.001485739,0.10539755,0.14023024,0.04828812,0.96889377,0.19198832,0.21713449,0.43591902",0.0
"0.09313362,0.001485739,0.10539755,0.14023024,0.04828812,0.96889377,0.19198832,0.21713449,0.43591902","0.34981644,0.45419168,0.9879539","0.12653856,0.06393474,0.2115341,0.3686156,0.16105619,0.84557545,0.19198832,0.21713449,0.43591902",0.0
"0.12653856,0.06393474,0.2115341,0.3686156,0.16105619,0.84557545,0.19198832,0.21713449,0.43591902","0.8977729,-0.73228204,0.9754642","0.21226935,-0.03675028,0.31632888,0.24801876,0.20259906,0.82088137,0.19198832,0.21713449,0.43591902",0.0
"0.21226935,-0.03675028,0.31632888,0.24801876,0.20259906,0.82088137,0.19198832,0.21713449,0.43591902","0.73629975,-0.46365798,0.9674108","0.28258064,-0.10050088,0.4202585,0.18514574,0.23670691,0.74444866,0.19198832,0.21713449,0.43591902",0.0
"0.28258064,-0.10050088,0.4202585,0.18514574,0.23670691,0.74444866,0.19198832,0.21713449,0.43591902","0.14455473,-0.3613171,0.9138744","0.29638457,-0.15018016,0.5184367,0.16907659,0.23693995,0.64859647,0.19198832,0.21713449,0.43591902",0.0
"0.29638457,-0.15018016,0.5184367,0.16907659,0.23693995,0.64859647,0.19198832,0.21713449,0.43591902","-0.06888008,-0.34122157,0.94733834","0.28980702,-0.19709639,0.6202098,0.16473043,0.22154242,0.53268695,0.19198832,0.21713449,0.43591902",0.0
"0.28980702,-0.19709639,0.6202098,0.16473043,0.22154242,0.53268695,0.19198832,0.21713449,0.43591902","0.00013327599,-0.055794,0.589465","0.28981975,-0.20476781,0.68353647,0.1693359,0.22749086,0.44095317,0.19198832,0.21713449,0.43591902",0.0
"0.28981975,-0.20476781,0.68353647,0.1693359,0.22749086,0.44095317,0.19198832,0.21713449,0.43591902","-0.2899711,0.062440515,-0.014196634","0.26212963,-0.19618258,0.68201137,0.1946579,0.21860726,0.4372882,0.19198832,0.21713449,0.43591902",0.0
"0.0,0.0,0.0,2.8652207e-07,0.005789075,0.993462,-0.382924,0.12532163,0.89480686","-0.66342837,-0.7450917,0.27568126","-0.0633526,-0.10244629,0.029616635,-0.17502539,0.04120817,0.97418493,-0.382924,0.12532163,0.89480686",0.0
"-0.0633526,-0.10244629,0.029616635,-0.17502539,0.04120817,0.97418493,-0.382924,0.12532163,0.89480686","-0.23249221,-0.46663594,0.21395779","-0.08555394,-0.16660635,0.052602287,-0.2714667,0.08077782,0.9442965,-0.382924,0.12532163,0.89480686",0.0
"-0.08555394,-0.16660635,0.052602287,-0.2714667,0.08077782,0.9442965,-0.382924,0.12532163,0.89480686","-0.12995887,-0.35196304,-0.044435084","-0.09796407,-0.21499948,0.047828645,-0.36805686,0.1230666,0.90260893,-0.382924,0.12532163,0.89480686",0.0
